time_mjd,flux,quality_flag,flux_err,sector
2162.15,0.9939557745537975,0,0.00033,sector_c
2162.15138889,0.9937736779576292,0,0.00033,sector_c
2162.15277778,0.9930064942347192,0,0.00033,sector_c
2162.15416667,0.9940031877834788,0,0.00033,sector_c
2162.15555556,0.9941974291081515,0,0.00033,sector_c
2162.15694444,0.994291031299614,0,0.00033,sector_c
2162.15833333,0.993753649246015,0,0.00033,sector_c
2162.15972222,0.9943449195544607,0,0.00033,sector_c
2162.16111111,0.9936734654383325,0,0.00033,sector_c
2162.1625,0.9941127561001412,0,0.00033,sector_c
2162.16388889,0.9939177131298272,0,0.00033,sector_c
2162.16527778,0.993779595949815,0,0.00033,sector_c
2162.16666667,0.9935973173032678,0,0.00033,sector_c
2162.16805556,0.9937387894996431,0,0.00033,sector_c
2162.16944444,0.99331178594287,0,0.00033,sector_c
2162.17083333,0.9938324861192042,0,0.00033,sector_c
2162.17222222,0.9939533433768526,0,0.00033,sector_c
2162.17361111,0.9943171358397603,0,0.00033,sector_c
2162.175,0.9936281851626705,0,0.00033,sector_c
2162.17638889,0.9937556705423208,0,0.00033,sector_c
2162.17777778,0.9938802205157986,0,0.00033,sector_c
2162.17916667,0.9937377566326795,0,0.00033,sector_c
2162.18055556,0.9943962352755608,0,0.00033,sector_c
2162.18194444,0.9942890800157314,0,0.00033,sector_c
2162.18333333,0.9936512497724632,0,0.00033,sector_c
2162.18472222,0.9944387601283333,0,0.00033,sector_c
2162.18611111,0.9941148718050408,0,0.00033,sector_c
2162.1875,0.9938900224039413,0,0.00033,sector_c
2162.18888889,0.9942827419375442,0,0.00033,sector_c
2162.19027778,0.9942564835726043,0,0.00033,sector_c
2162.19166667,0.9937210803907377,0,0.00033,sector_c
2162.19305556,0.9938766795813001,0,0.00033,sector_c
2162.19444444,0.993569362433937,0,0.00033,sector_c
2162.19583333,0.9939162327169194,0,0.00033,sector_c
2162.19722222,0.9943914490983848,0,0.00033,sector_c
2162.19861111,0.9939797480405329,0,0.00033,sector_c
2162.2,0.9929586645426202,0,0.00033,sector_c
2162.20138889,0.9941419784039692,0,0.00033,sector_c
2162.20277778,0.9935141635763002,0,0.00033,sector_c
2162.20416667,0.9946988509050069,0,0.00033,sector_c
2162.20555556,0.9942063700062639,0,0.00033,sector_c
2162.20694444,0.9928031050381039,0,0.00033,sector_c
2162.20833333,0.9927664127833102,0,0.00033,sector_c
2162.20972222,0.9934734439536991,0,0.00033,sector_c
2162.21111111,0.9934038226247109,0,0.00033,sector_c
2162.2125,0.9936235790731472,0,0.00033,sector_c
2162.21388889,0.9930092324316239,0,0.00033,sector_c
2162.21527778,0.9922536184225076,0,0.00033,sector_c
2162.21666667,0.9929861879452506,0,0.00033,sector_c
2162.21805556,0.9931029288146312,0,0.00033,sector_c
2162.21944444,0.9928316390290477,0,0.00033,sector_c
2162.22083333,0.993211600432356,0,0.00033,sector_c
2162.22222222,0.9929487345265863,0,0.00033,sector_c
2162.22361111,0.9932423017251681,0,0.00033,sector_c
2162.225,0.993172105898688,0,0.00033,sector_c
2162.22638889,0.9932616458120977,0,0.00033,sector_c
2162.22777778,0.9932222425311431,0,0.00033,sector_c
2162.22916667,0.9931795908506854,0,0.00033,sector_c
2162.23055556,0.9926279511499864,0,0.00033,sector_c
2162.23194444,0.9932056385950776,0,0.00033,sector_c
2162.23333333,0.9930863009436042,0,0.00033,sector_c
2162.23472222,0.9929177616538603,0,0.00033,sector_c
2162.23611111,0.9927744856910427,0,0.00033,sector_c
2162.2375,0.9930361132022876,0,0.00033,sector_c
2162.23888889,0.9930772869092928,0,0.00033,sector_c
2162.24027778,0.9931720521218637,0,0.00033,sector_c
2162.24166667,0.9930513229977639,0,0.00033,sector_c
2162.24305556,0.9925163189908189,0,0.00033,sector_c
2162.24444444,0.9928717700092835,0,0.00033,sector_c
2162.24583333,0.9928419932661834,0,0.00033,sector_c
2162.24722222,0.992814276970059,0,0.00033,sector_c
2162.24861111,0.9931904624306265,0,0.00033,sector_c
2162.25,0.9927507893524514,0,0.00033,sector_c
2162.25138889,0.9931041632196509,0,0.00033,sector_c
2162.25277778,0.9929822107265491,0,0.00033,sector_c
2162.25416667,0.9930542654642687,0,0.00033,sector_c
2162.25555556,0.9931969452576437,0,0.00033,sector_c
2162.25694444,0.9926672975597465,0,0.00033,sector_c
2162.25833333,0.9926067255222573,0,0.00033,sector_c
2162.25972222,0.99305707536843,0,0.00033,sector_c
2162.26111111,0.9928899314409556,0,0.00033,sector_c
2162.2625,0.9928804091539536,0,0.00033,sector_c
2162.26388889,0.9929845040035074,0,0.00033,sector_c
2162.26527778,0.9927756682609925,0,0.00033,sector_c
2162.26666667,0.9934664519925436,0,0.00033,sector_c
2162.26805556,0.9938849620906982,0,0.00033,sector_c
2162.26944444,0.9935903097687164,0,0.00033,sector_c
2162.27083333,0.9928566295984448,0,0.00033,sector_c
2162.27222222,0.9930296304374469,0,0.00033,sector_c
2162.27361111,0.9931093525292642,0,0.00033,sector_c
2162.275,0.9929926364316896,0,0.00033,sector_c
2162.27638889,0.9928599771407632,0,0.00033,sector_c
2162.27777778,0.9932956125710101,0,0.00033,sector_c
2162.27916667,0.9932055048911668,0,0.00033,sector_c
2162.28055556,0.993195152853927,0,0.00033,sector_c
2162.28194444,0.9928194506009608,0,0.00033,sector_c
2162.28333333,0.9932000466168288,0,0.00033,sector_c
2162.28472222,0.9930999475526398,0,0.00033,sector_c
2162.28611111,0.9929725492223063,0,0.00033,sector_c
2162.2875,0.9928007005072288,0,0.00033,sector_c
2162.28888889,0.9934180332635225,0,0.00033,sector_c
2162.29027778,0.9932656444798897,0,0.00033,sector_c
2162.29166667,0.9941517087565478,0,0.00033,sector_c
2162.29305556,0.9934152449426321,0,0.00033,sector_c
2162.29444444,0.9927541566099889,0,0.00033,sector_c
2162.29583333,0.9933093734444975,0,0.00033,sector_c
2162.29722222,0.9931788999827237,0,0.00033,sector_c
2162.29861111,0.9935748598881933,0,0.00033,sector_c
2162.3,0.9930977946625509,0,0.00033,sector_c
2162.30138889,0.9936314249597213,0,0.00033,sector_c
2162.30277778,0.9938515645007007,0,0.00033,sector_c
2162.30416667,0.9935262546963428,0,0.00033,sector_c
2162.30555556,0.9939650573836347,0,0.00033,sector_c
2162.30694444,0.9930360379356244,0,0.00033,sector_c
2162.30833333,0.9932883353002891,0,0.00033,sector_c
2162.30972222,0.9932789671971683,0,0.00033,sector_c
2162.31111111,0.992885094872011,0,0.00033,sector_c
2162.3125,0.9930682517825938,0,0.00033,sector_c
2162.31388889,0.9935677873738513,0,0.00033,sector_c
2162.31527778,0.9930992980109407,0,0.00033,sector_c
2162.31666667,0.9934326246783319,0,0.00033,sector_c
2162.31805556,0.9933109287165547,0,0.00033,sector_c
2162.31944444,0.993832655490303,0,0.00033,sector_c
2162.32083333,0.9932491570136451,0,0.00033,sector_c
2162.32222222,0.9928809607628403,0,0.00033,sector_c
2162.32361111,0.993545916960598,0,0.00033,sector_c
2162.325,0.9935830945463505,0,0.00033,sector_c
2162.32638889,0.9935138216976197,0,0.00033,sector_c
2162.32777778,0.9940389407973963,0,0.00033,sector_c
2162.32916667,0.9930140436523188,0,0.00033,sector_c
2162.33055556,0.9936091974929784,0,0.00033,sector_c
2162.33194444,0.9929258336333969,0,0.00033,sector_c
2162.33333333,0.9936742751923969,0,0.00033,sector_c
2162.33472222,0.993411424144415,0,0.00033,sector_c
2162.33611111,0.9936980920297268,0,0.00033,sector_c
2162.3375,0.992921756624008,0,0.00033,sector_c
2162.33888889,0.9933376487543403,0,0.00033,sector_c
2162.34027778,0.9933785952949116,0,0.00033,sector_c
2162.34166667,0.9935183554251107,0,0.00033,sector_c
2162.34305556,0.9937490817992097,0,0.00033,sector_c
2162.34444444,0.9937565572266154,0,0.00033,sector_c
2162.34583333,0.9935315722597021,0,0.00033,sector_c
2162.34722222,0.9943199343126571,0,0.00033,sector_c
2162.34861111,0.9947206709317491,0,0.00033,sector_c
2162.35,0.9946779737664935,0,0.00033,sector_c
2162.35138889,0.9952168820769303,0,0.00033,sector_c
2162.35277778,0.9943214742801267,0,0.00033,sector_c
2162.35416667,0.9948084795221185,0,0.00033,sector_c
2162.35555556,0.9941440360799441,0,0.00033,sector_c
2162.35694444,0.9946765268028179,0,0.00033,sector_c
2162.35833333,0.9946498535829901,0,0.00033,sector_c
2162.35972222,0.9941687080850435,0,0.00033,sector_c
2162.36111111,0.9951627259695285,0,0.00033,sector_c
2162.3625,0.9942671073146279,0,0.00033,sector_c
2162.36388889,0.9942665607809134,0,0.00033,sector_c
2162.36527778,0.9942329994678897,0,0.00033,sector_c
2162.36666667,0.9939790747385703,0,0.00033,sector_c
2162.36805556,0.994491240471697,0,0.00033,sector_c
2162.36944444,0.99444762538697,0,0.00033,sector_c
2162.37083333,0.9948235842750549,0,0.00033,sector_c
2162.37222222,0.9952811823991617,0,0.00033,sector_c
2162.37361111,0.9946412637593027,0,0.00033,sector_c
2162.375,0.9943239231039455,0,0.00033,sector_c
2162.37638889,0.9948477828753185,0,0.00033,sector_c
2162.37777778,0.9943551873915782,0,0.00033,sector_c
2162.37916667,0.9950958962637598,0,0.00033,sector_c
2162.38055556,0.9948554401559774,0,0.00033,sector_c
2162.38194444,0.9947350096912075,0,0.00033,sector_c
2162.38333333,0.9946611223688222,0,0.00033,sector_c
2162.38472222,0.9945839132277557,0,0.00033,sector_c
2162.38611111,0.9948870928157221,0,0.00033,sector_c
2162.3875,0.995127491632139,0,0.00033,sector_c
2162.38888889,0.995071595488901,0,0.00033,sector_c
2162.39027778,0.9950264328450839,0,0.00033,sector_c
2162.39166667,0.9945197154901814,0,0.00033,sector_c
2162.39305556,0.994732841747215,0,0.00033,sector_c
2162.39444444,0.9948439392458399,0,0.00033,sector_c
2162.39583333,0.9952655781819457,0,0.00033,sector_c
2162.39722222,0.9951104926090318,0,0.00033,sector_c
2162.39861111,0.9949006869511235,0,0.00033,sector_c
2162.4,0.9953280617814515,0,0.00033,sector_c
2162.40138889,0.995172830808584,0,0.00033,sector_c
2162.40277778,0.9947236537281896,0,0.00033,sector_c
2162.40416667,0.9948653889433087,0,0.00033,sector_c
2162.40555556,0.9951297294223396,0,0.00033,sector_c
2162.40694444,0.9948660837960955,0,0.00033,sector_c
2162.40833333,0.9950710651752906,0,0.00033,sector_c
2162.40972222,0.9954639658222497,0,0.00033,sector_c
2162.41111111,0.9950393322836287,0,0.00033,sector_c
2162.4125,0.9953924908986187,0,0.00033,sector_c
2162.41388889,0.9946670339135095,0,0.00033,sector_c
2162.41527778,0.9948191350390205,0,0.00033,sector_c
2162.41666667,0.99500809201409,0,0.00033,sector_c
2162.41805556,0.9950268518199585,0,0.00033,sector_c
2162.41944444,0.994901564849404,0,0.00033,sector_c
2162.42083333,0.9943720035565979,0,0.00033,sector_c
2162.42222222,0.9945607506231688,0,0.00033,sector_c
2162.42361111,0.9947617585952035,0,0.00033,sector_c
2162.425,0.9948512523644757,0,0.00033,sector_c
2162.42638889,0.9952767696402114,0,0.00033,sector_c
2162.42777778,0.994764043838783,0,0.00033,sector_c
2162.42916667,0.9955737146772949,0,0.00033,sector_c
2162.43055556,0.9955767388514453,0,0.00033,sector_c
2162.43194444,0.9951022607172733,0,0.00033,sector_c
2162.43333333,0.994974654003398,0,0.00033,sector_c
2162.43472222,0.9953812170061688,0,0.00033,sector_c
2162.43611111,0.9950910338115777,0,0.00033,sector_c
2162.4375,0.9952102041048625,0,0.00033,sector_c
2162.43888889,0.9946785591816999,0,0.00033,sector_c
2162.44027778,0.9948681278709925,0,0.00033,sector_c
2162.44166667,0.995042055116977,0,0.00033,sector_c
2162.44305556,0.9947131068076698,0,0.00033,sector_c
2162.44444444,0.9949609345883956,0,0.00033,sector_c
2162.44583333,0.995346432155519,0,0.00033,sector_c
2162.44722222,0.9947271252997414,0,0.00033,sector_c
2162.44861111,0.9955454363034796,0,0.00033,sector_c
2162.45,0.9951018508095596,0,0.00033,sector_c
2162.45138889,0.9947003941461763,0,0.00033,sector_c
2162.45277778,0.9953088123922434,0,0.00033,sector_c
2162.45416667,0.9948305371296411,0,0.00033,sector_c
2162.45555556,0.99517549235481,0,0.00033,sector_c
2162.45694444,0.9948737758113159,0,0.00033,sector_c
2162.45833333,0.9952927210562006,0,0.00033,sector_c
2162.45972222,0.995286333577399,0,0.00033,sector_c
2162.46111111,0.9952330319591042,0,0.00033,sector_c
2162.4625,0.9945586328248,0,0.00033,sector_c
2162.46388889,0.9952322328558417,0,0.00033,sector_c
2162.46527778,0.9951994554223272,0,0.00033,sector_c
2162.46666667,0.995131455092414,0,0.00033,sector_c
2162.46805556,0.9949386816651682,0,0.00033,sector_c
2162.46944444,0.9949474758089645,0,0.00033,sector_c
2162.47083333,0.9953102011942924,0,0.00033,sector_c
2162.47222222,0.9955795739049962,0,0.00033,sector_c
2162.47361111,0.9953140271185656,0,0.00033,sector_c
2162.475,0.9953362653789632,0,0.00033,sector_c
2162.47638889,0.9949252790513534,0,0.00033,sector_c
2162.47777778,0.9949067314190032,0,0.00033,sector_c
2162.47916667,0.9951676393256584,0,0.00033,sector_c
2162.48055556,0.9954759020687524,0,0.00033,sector_c
2162.48194444,0.9958353481784705,0,0.00033,sector_c
2162.48333333,0.9950589736260117,0,0.00033,sector_c
2162.48472222,0.9952270126791762,0,0.00033,sector_c
2162.48611111,0.9951374985565137,0,0.00033,sector_c
2162.4875,0.9954746626147727,0,0.00033,sector_c
2162.48888889,0.9952118982256293,0,0.00033,sector_c
2162.49027778,0.9952569535325452,0,0.00033,sector_c
2162.49166667,0.9957730189980091,0,0.00033,sector_c
2162.49305556,0.9955446239745908,0,0.00033,sector_c
2162.49444444,0.9949638337894692,0,0.00033,sector_c
2162.49583333,0.9952058276105856,0,0.00033,sector_c
2162.49722222,0.9953891950162933,0,0.00033,sector_c
2162.49861111,0.9954316535144139,0,0.00033,sector_c
2162.5,0.9950737104896087,0,0.00033,sector_c
2162.50138889,0.9946234826265498,0,0.00033,sector_c
2162.50277778,0.9950150626377875,0,0.00033,sector_c
2162.50416667,0.9951808084024868,0,0.00033,sector_c
2162.50555556,0.9952171542983455,0,0.00033,sector_c
2162.50694444,0.9947248407160582,0,0.00033,sector_c
2162.50833333,0.9956290844719372,0,0.00033,sector_c
2162.50972222,0.9953831789334748,0,0.00033,sector_c
2162.51111111,0.9950629782736357,0,0.00033,sector_c
2162.5125,0.9953157939434087,0,0.00033,sector_c
2162.51388889,0.9953482815243697,0,0.00033,sector_c
2162.51527778,0.9952912284230244,0,0.00033,sector_c
2162.51666667,0.9952099274903976,0,0.00033,sector_c
2162.51805556,0.9952019153495728,0,0.00033,sector_c
2162.51944444,0.9953639625129387,0,0.00033,sector_c
2162.52083333,0.9956828020165407,0,0.00033,sector_c
2162.52222222,0.9951796137506511,0,0.00033,sector_c
2162.52361111,0.9953411640064814,0,0.00033,sector_c
2162.525,0.9953155422687197,0,0.00033,sector_c
2162.52638889,0.9953768565050202,0,0.00033,sector_c
2162.52777778,0.9955114214812224,0,0.00033,sector_c
2162.52916667,0.9957231733966856,0,0.00033,sector_c
2162.53055556,0.9954274868075729,0,0.00033,sector_c
2162.53194444,0.9956261920704423,0,0.00033,sector_c
2162.53333333,0.9950907203148596,0,0.00033,sector_c
2162.53472222,0.9951192924209279,0,0.00033,sector_c
2162.53611111,0.9954634976791558,0,0.00033,sector_c
2162.5375,0.9959487584412064,0,0.00033,sector_c
2162.53888889,0.995540496390127,0,0.00033,sector_c
2162.54027778,0.9955404267338206,0,0.00033,sector_c
2162.54166667,0.9950362037440302,0,0.00033,sector_c
2162.54305556,0.9954187108029636,0,0.00033,sector_c
2162.54444444,0.9954306921222146,0,0.00033,sector_c
2162.54583333,0.9953274247813995,0,0.00033,sector_c
2162.54722222,0.9952979330369742,0,0.00033,sector_c
2162.54861111,0.994687434842783,0,0.00033,sector_c
2162.55,0.9956601749058539,0,0.00033,sector_c
2162.55138889,0.9957497474461313,0,0.00033,sector_c
2162.55277778,0.9954796793377167,0,0.00033,sector_c
2162.55416667,0.9952367468959097,0,0.00033,sector_c
2162.55555556,0.9949826651694285,0,0.00033,sector_c
2162.55694444,0.9955363465433482,0,0.00033,sector_c
2162.55833333,0.9956295408788607,0,0.00033,sector_c
2162.55972222,0.9954826026803274,0,0.00033,sector_c
2162.56111111,0.9954236890923056,0,0.00033,sector_c
2162.5625,0.9957530207499016,0,0.00033,sector_c
2162.56388889,0.995497272069691,0,0.00033,sector_c
2162.56527778,0.9953174302985641,0,0.00033,sector_c
2162.56666667,0.9956484886187896,0,0.00033,sector_c
2162.56805556,0.9956886640834691,0,0.00033,sector_c
2162.56944444,0.9956163554253908,0,0.00033,sector_c
2162.57083333,0.9957633115035227,0,0.00033,sector_c
2162.57222222,0.9954631123641662,0,0.00033,sector_c
2162.57361111,0.9951661069872264,0,0.00033,sector_c
2162.575,0.9956785273314358,0,0.00033,sector_c
2162.57638889,0.9961942241641578,0,0.00033,sector_c
2162.57777778,0.9951477264789075,0,0.00033,sector_c
2162.57916667,0.9954213054071571,0,0.00033,sector_c
2162.58055556,0.996116501303882,0,0.00033,sector_c
2162.58194444,0.9956813258268641,0,0.00033,sector_c
2162.58333333,0.9955826433971805,0,0.00033,sector_c
2162.58472222,0.9957159082063542,0,0.00033,sector_c
2162.58611111,0.995584909815736,0,0.00033,sector_c
2162.5875,0.9957954170058069,0,0.00033,sector_c
2162.58888889,0.9958776350114205,0,0.00033,sector_c
2162.59027778,0.9961343526978366,0,0.00033,sector_c
2162.59166667,0.9961467100744424,0,0.00033,sector_c
2162.59305556,0.995475052081622,0,0.00033,sector_c
2162.59444444,0.9960578528893115,0,0.00033,sector_c
2162.59583333,0.9954559081562061,0,0.00033,sector_c
2162.59722222,0.9959694895233453,0,0.00033,sector_c
2162.59861111,0.9955665865296368,0,0.00033,sector_c
2162.6,0.9960854093393795,0,0.00033,sector_c
2162.60138889,0.996029802133136,0,0.00033,sector_c
2162.60277778,0.9958943898703636,0,0.00033,sector_c
2162.60416667,0.9954932807089324,0,0.00033,sector_c
2162.60555556,0.9961329195655942,0,0.00033,sector_c
2162.60694444,0.9959652596569786,0,0.00033,sector_c
2162.60833333,0.9960208326040916,0,0.00033,sector_c
2162.60972222,0.9963748606232722,0,0.00033,sector_c
2162.61111111,0.9954579333941607,0,0.00033,sector_c
2162.6125,0.995901261337835,0,0.00033,sector_c
2162.61388889,0.995766231760744,0,0.00033,sector_c
2162.61527778,0.9956842556674449,0,0.00033,sector_c
2162.61666667,0.99586484638278,0,0.00033,sector_c
2162.61805556,0.9956805456027881,0,0.00033,sector_c
2162.61944444,0.9962530113935076,0,0.00033,sector_c
2162.62083333,0.9963694845481611,0,0.00033,sector_c
2162.62222222,0.996382263030208,0,0.00033,sector_c
2162.62361111,0.9960121329917131,0,0.00033,sector_c
2162.625,0.9955558749250765,0,0.00033,sector_c
2162.62638889,0.9960689146163708,0,0.00033,sector_c
2162.62777778,0.9955879659366617,0,0.00033,sector_c
2162.62916667,0.9954960878641238,0,0.00033,sector_c
2162.63055556,0.9957961277175456,0,0.00033,sector_c
2162.63194444,0.9960121307978917,0,0.00033,sector_c
2162.63333333,0.9963092332855406,0,0.00033,sector_c
2162.63472222,0.9964382378182998,0,0.00033,sector_c
2162.63611111,0.9964951646648155,0,0.00033,sector_c
2162.6375,0.9962492711191752,0,0.00033,sector_c
2162.63888889,0.996260783973143,0,0.00033,sector_c
2162.64027778,0.9958553149148847,0,0.00033,sector_c
2162.64166667,0.9956850132980514,0,0.00033,sector_c
2162.64305556,0.9957359599906311,0,0.00033,sector_c
2162.64444444,0.9960846499368904,0,0.00033,sector_c
2162.64583333,0.9959180106153442,0,0.00033,sector_c
2162.64722222,0.9959126141041933,0,0.00033,sector_c
2162.64861111,0.9964170218682726,0,0.00033,sector_c
2162.65,0.9961850518831229,0,0.00033,sector_c
2162.65138889,0.9958973907655523,0,0.00033,sector_c
2162.65277778,0.9956628602915419,0,0.00033,sector_c
2162.65416667,0.9962941452454064,0,0.00033,sector_c
2162.65555556,0.9961752261291977,0,0.00033,sector_c
2162.65694444,0.9960694811838071,0,0.00033,sector_c
2162.65833333,0.9962507232929121,0,0.00033,sector_c
2162.65972222,0.9960062769435247,0,0.00033,sector_c
2162.66111111,0.99619352125556,0,0.00033,sector_c
2162.6625,0.9961359864021366,0,0.00033,sector_c
2162.66388889,0.995646191721549,0,0.00033,sector_c
2162.66527778,0.9962499258375375,0,0.00033,sector_c
2162.66666667,0.9966287736325362,0,0.00033,sector_c
2162.66805556,0.9962916496274279,0,0.00033,sector_c
2162.66944444,0.9956873232958097,0,0.00033,sector_c
2162.67083333,0.9965543537802897,0,0.00033,sector_c
2162.67222222,0.9965886484482561,0,0.00033,sector_c
2162.67361111,0.9959467175000125,4096,0.00033,sector_c
2162.675,0.9968373071881941,0,0.00033,sector_c
2162.67638889,0.9965013318978756,0,0.00033,sector_c
2162.67777778,0.9964000271489762,0,0.00033,sector_c
2162.67916667,0.9962164152663752,0,0.00033,sector_c
2162.68055556,0.9968713282316818,0,0.00033,sector_c
2162.68194444,0.9962724435028121,0,0.00033,sector_c
2162.68333333,0.9973089615209021,0,0.00033,sector_c
2162.68472222,0.9960178004948715,0,0.00033,sector_c
2162.68611111,0.9960680930680076,0,0.00033,sector_c
2162.6875,0.9963612296979252,0,0.00033,sector_c
2162.68888889,0.9954646853913541,0,0.00033,sector_c
2162.69027778,0.9964771427868389,0,0.00033,sector_c
2162.69166667,0.9963884216335853,0,0.00033,sector_c
2162.69305556,0.9965272100741615,0,0.00033,sector_c
2162.69444444,0.9960665680225494,0,0.00033,sector_c
2162.69583333,0.9962421022289227,0,0.00033,sector_c
2162.69722222,0.9964620456394055,0,0.00033,sector_c
2162.69861111,0.9963952610189397,0,0.00033,sector_c
2162.7,0.9958764704031429,0,0.00033,sector_c
2162.70138889,0.9962726373974137,0,0.00033,sector_c
2162.70277778,0.9959528721117811,0,0.00033,sector_c
2162.70416667,0.9965691412598712,0,0.00033,sector_c
2162.70555556,0.9968195717028978,0,0.00033,sector_c
2162.70694444,0.9962893679835728,0,0.00033,sector_c
2162.70833333,0.9963365424148861,0,0.00033,sector_c
2162.70972222,0.9968270364443071,0,0.00033,sector_c
2162.71111111,0.9965371454484325,0,0.00033,sector_c
2162.7125,0.9965800206110541,0,0.00033,sector_c
2162.71388889,0.9964644331949745,0,0.00033,sector_c
2162.71527778,0.9962790987194327,0,0.00033,sector_c
2162.71666667,0.9961102144866821,0,0.00033,sector_c
2162.71805556,0.996093567657622,0,0.00033,sector_c
2162.71944444,0.9966098386792747,0,0.00033,sector_c
2162.72083333,0.9969346293300401,0,0.00033,sector_c
2162.72222222,0.9963750468224095,0,0.00033,sector_c
2162.72361111,0.9961218190542386,0,0.00033,sector_c
2162.725,0.9964200213924979,0,0.00033,sector_c
2162.72638889,0.996159288019294,0,0.00033,sector_c
2162.72777778,0.9965045447197739,0,0.00033,sector_c
2162.72916667,0.9966779627362292,0,0.00033,sector_c
2162.73055556,0.9965180991387484,0,0.00033,sector_c
2162.73194444,0.996338636047917,0,0.00033,sector_c
2162.73333333,0.9968949316662067,0,0.00033,sector_c
2162.73472222,0.9966049278812052,0,0.00033,sector_c
2162.73611111,0.9963207429664376,0,0.00033,sector_c
2162.7375,0.9972479130606338,0,0.00033,sector_c
2162.73888889,0.9969075338568807,0,0.00033,sector_c
2162.74027778,0.9965084189248973,0,0.00033,sector_c
2162.74166667,0.996283277328348,0,0.00033,sector_c
2162.74305556,0.9965862956902596,0,0.00033,sector_c
2162.74444444,0.9964251057120603,0,0.00033,sector_c
2162.74583333,0.9971836660959601,0,0.00033,sector_c
2162.74722222,0.997177101831218,0,0.00033,sector_c
2162.74861111,0.9969707740357704,0,0.00033,sector_c
2162.75,0.9965421339601116,0,0.00033,sector_c
2162.75138889,0.9973540386901227,0,0.00033,sector_c
2162.75277778,0.9962644257067138,0,0.00033,sector_c
2162.75416667,0.9965193242138903,0,0.00033,sector_c
2162.75555556,0.996385736844472,0,0.00033,sector_c
2162.75694444,0.9973042395987294,0,0.00033,sector_c
2162.75833333,0.9971760575065127,0,0.00033,sector_c
2162.75972222,0.9972906316139294,0,0.00033,sector_c
2162.76111111,0.9969109912825826,0,0.00033,sector_c
2162.7625,0.99685557246479,0,0.00033,sector_c
2162.76388889,0.9970215608868874,0,0.00033,sector_c
2162.76527778,0.9962664569958743,0,0.00033,sector_c
2162.76666667,0.9967168971587217,0,0.00033,sector_c
2162.76805556,0.9966090764271442,0,0.00033,sector_c
2162.76944444,0.9970698119488076,0,0.00033,sector_c
2162.77083333,0.9968078811546218,0,0.00033,sector_c
2162.77222222,0.9965261562978911,0,0.00033,sector_c
2162.77361111,0.9968879349353034,0,0.00033,sector_c
2162.775,0.9971006574314171,0,0.00033,sector_c
2162.77638889,0.9966422549945146,0,0.00033,sector_c
2162.77777778,0.9972171238925014,0,0.00033,sector_c
2162.77916667,0.9963312130524873,0,0.00033,sector_c
2162.78055556,0.9970782049451632,0,0.00033,sector_c
2162.78194444,0.9965465804330481,0,0.00033,sector_c
2162.78333333,0.996998182103167,0,0.00033,sector_c
2162.78472222,0.9966657552763712,0,0.00033,sector_c
2162.78611111,0.9963764694816382,0,0.00033,sector_c
2162.7875,0.9968328961554609,0,0.00033,sector_c
2162.78888889,0.9969349918256409,0,0.00033,sector_c
2162.79027778,0.9969720388384384,0,0.00033,sector_c
2162.79166667,0.997024335752024,0,0.00033,sector_c
2162.79305556,0.9970245204260384,0,0.00033,sector_c
2162.79444444,0.9974414228342874,0,0.00033,sector_c
2162.79583333,0.9971939123080363,0,0.00033,sector_c
2162.79722222,0.997111598425925,0,0.00033,sector_c
2162.79861111,0.9973054868705241,0,0.00033,sector_c
2162.8,0.9973223996258906,0,0.00033,sector_c
2162.80138889,0.9974741273549756,0,0.00033,sector_c
2162.80277778,0.9975564568291303,0,0.00033,sector_c
2162.80416667,0.9975558944812413,0,0.00033,sector_c
2162.80555556,0.997286915445057,0,0.00033,sector_c
2162.80694444,0.9973460373655192,0,0.00033,sector_c
2162.80833333,0.9972049543573275,0,0.00033,sector_c
2162.80972222,0.9964516726497781,0,0.00033,sector_c
2162.81111111,0.9972449294549142,0,0.00033,sector_c
2162.8125,0.99730173131996,0,0.00033,sector_c
2162.81388889,0.9965048537152031,0,0.00033,sector_c
2162.81527778,0.9978067798179824,0,0.00033,sector_c
2162.81666667,0.9968944175511045,0,0.00033,sector_c
2162.81805556,0.9971103352251136,0,0.00033,sector_c
2162.81944444,0.9964994152946681,0,0.00033,sector_c
2162.82083333,0.9977299799475547,0,0.00033,sector_c
2162.82222222,0.9974128139920264,0,0.00033,sector_c
2162.82361111,0.997493619412236,0,0.00033,sector_c
2162.825,0.9970046899267843,0,0.00033,sector_c
2162.82638889,0.9971589996868515,0,0.00033,sector_c
2162.82777778,0.9978243893663454,0,0.00033,sector_c
2162.82916667,0.9971714544507058,0,0.00033,sector_c
2162.83055556,0.9969562376661151,0,0.00033,sector_c
2162.83194444,0.9969114535247443,0,0.00033,sector_c
2162.83333333,0.997549150074247,0,0.00033,sector_c
2162.83472222,0.9971715669519385,0,0.00033,sector_c
2162.83611111,0.9973372511235528,0,0.00033,sector_c
2162.8375,0.9975471474542064,0,0.00033,sector_c
2162.83888889,0.9970485637902986,0,0.00033,sector_c
2162.84027778,0.9973780945494618,0,0.00033,sector_c
2162.84166667,0.9978351731076779,0,0.00033,sector_c
2162.84305556,0.9975437489785793,0,0.00033,sector_c
2162.84444444,0.997729195277191,0,0.00033,sector_c
2162.84583333,0.9973112340170713,0,0.00033,sector_c
2162.84722222,0.9970617638503053,0,0.00033,sector_c
2162.84861111,0.9969860796755122,0,0.00033,sector_c
2162.85,0.997317064131916,0,0.00033,sector_c
2162.85138889,0.9973078898609561,0,0.00033,sector_c
2162.85277778,0.9968718159713823,0,0.00033,sector_c
2162.85416667,0.997428367891466,0,0.00033,sector_c
2162.85555556,0.997530754419702,0,0.00033,sector_c
2162.85694444,0.9972430021565746,0,0.00033,sector_c
2162.85833333,0.9978271432831183,0,0.00033,sector_c
2162.85972222,0.9979718477208402,0,0.00033,sector_c
2162.86111111,0.9971324178518121,0,0.00033,sector_c
2162.8625,0.9968142246475645,0,0.00033,sector_c
2162.86388889,0.997963428176987,0,0.00033,sector_c
2162.86527778,0.9973239577841708,0,0.00033,sector_c
2162.86666667,0.996599042553175,0,0.00033,sector_c
2162.86805556,0.9979092300286511,0,0.00033,sector_c
2162.86944444,0.9975248926394468,0,0.00033,sector_c
2162.87083333,0.9979433552863194,0,0.00033,sector_c
2162.87222222,0.997285722469449,0,0.00033,sector_c
2162.87361111,0.9971750574308645,0,0.00033,sector_c
2162.875,0.9979357671938266,0,0.00033,sector_c
2162.87638889,0.9972858646580133,0,0.00033,sector_c
2162.87777778,0.997847794713768,0,0.00033,sector_c
2162.87916667,0.997533048692436,0,0.00033,sector_c
2162.88055556,0.9978027463092811,0,0.00033,sector_c
2162.88194444,0.9975351196754696,0,0.00033,sector_c
2162.88333333,0.9972792109903464,0,0.00033,sector_c
2162.88472222,0.9978023336859937,0,0.00033,sector_c
2162.88611111,0.9979428098194185,0,0.00033,sector_c
2162.8875,0.9974368849939308,0,0.00033,sector_c
2162.88888889,0.9975357611623382,0,0.00033,sector_c
2162.89027778,0.9978576955390465,0,0.00033,sector_c
2162.89166667,0.9978795561239399,0,0.00033,sector_c
2162.89305556,0.9975586020969777,0,0.00033,sector_c
2162.89444444,0.9980035155721804,0,0.00033,sector_c
2162.89583333,0.997685251716681,0,0.00033,sector_c
2162.89722222,0.9976731715022383,0,0.00033,sector_c
2162.89861111,0.9976586399463371,0,0.00033,sector_c
2162.9,0.9976212381529566,0,0.00033,sector_c
2162.90138889,0.9978998253210039,0,0.00033,sector_c
2162.90277778,0.9972236450858192,0,0.00033,sector_c
2162.90416667,0.9978323666983134,0,0.00033,sector_c
2162.90555556,0.9972474566481949,0,0.00033,sector_c
2162.90694444,0.998160219405798,0,0.00033,sector_c
2162.90833333,0.998097629446975,0,0.00033,sector_c
2162.90972222,0.9975319037619903,0,0.00033,sector_c
2162.91111111,0.9982379878376911,0,0.00033,sector_c
2162.9125,0.9982393253995028,0,0.00033,sector_c
2162.91388889,0.9978584720771821,0,0.00033,sector_c
2162.91527778,0.9978030297472453,0,0.00033,sector_c
2162.91666667,0.9977275135013212,0,0.00033,sector_c
2162.91805556,0.9978723823778143,0,0.00033,sector_c
2162.91944444,0.9974894966657912,0,0.00033,sector_c
2162.92083333,0.9977007738782533,0,0.00033,sector_c
2162.92222222,0.9975826258070719,0,0.00033,sector_c
2162.92361111,0.998052526093587,0,0.00033,sector_c
2162.925,0.9975783422523,0,0.00033,sector_c
2162.92638889,0.9980085061385842,0,0.00033,sector_c
2162.92777778,0.997989967750002,0,0.00033,sector_c
2162.92916667,0.9977043587401455,0,0.00033,sector_c
2162.93055556,0.9975383915768379,0,0.00033,sector_c
2162.93194444,0.9980773496629071,0,0.00033,sector_c
2162.93333333,0.9976371510264357,0,0.00033,sector_c
2162.93472222,0.9981717945762643,0,0.00033,sector_c
2162.93611111,0.9978649363138538,0,0.00033,sector_c
2162.9375,0.9983530293492469,0,0.00033,sector_c
2162.93888889,0.9977272297482251,0,0.00033,sector_c
2162.94027778,0.9977191235741324,0,0.00033,sector_c
2162.94166667,0.9982360435357556,0,0.00033,sector_c
2162.94305556,0.9975598557353436,0,0.00033,sector_c
2162.94444444,0.9976505960801025,0,0.00033,sector_c
2162.94583333,0.9979567018267966,0,0.00033,sector_c
2162.94722222,0.9978421469419151,0,0.00033,sector_c
2162.94861111,0.9974299545390881,0,0.00033,sector_c
2162.95,0.9980338205440449,0,0.00033,sector_c
2162.95138889,0.998272566773658,0,0.00033,sector_c
2162.95277778,0.9979339921698414,0,0.00033,sector_c
2162.95416667,0.9984365379619493,0,0.00033,sector_c
2162.95555556,0.9979839774602177,0,0.00033,sector_c
2162.95694444,0.9980793838045867,0,0.00033,sector_c
2162.95833333,0.99821534123661,0,0.00033,sector_c
2162.95972222,0.9981390717364335,0,0.00033,sector_c
2162.96111111,0.9985130840690855,0,0.00033,sector_c
2162.9625,0.9982108120963243,0,0.00033,sector_c
2162.96388889,0.998462746233638,0,0.00033,sector_c
2162.96527778,0.997680878620381,0,0.00033,sector_c
2162.96666667,0.9982814001545526,0,0.00033,sector_c
2162.96805556,0.9983167819776931,0,0.00033,sector_c
2162.96944444,0.99794960406328,0,0.00033,sector_c
2162.97083333,0.9984305178716372,0,0.00033,sector_c
2162.97222222,0.998383116742652,0,0.00033,sector_c
2162.97361111,0.9983373512886736,0,0.00033,sector_c
2162.975,0.998202119111737,0,0.00033,sector_c
2162.97638889,0.9983797448762357,0,0.00033,sector_c
2162.97777778,0.9980878106114945,0,0.00033,sector_c
2162.97916667,0.9987535171559387,0,0.00033,sector_c
2162.98055556,0.997965199584552,0,0.00033,sector_c
2162.98194444,0.9977851692743211,0,0.00033,sector_c
2162.98333333,0.9981124914295394,0,0.00033,sector_c
2162.98472222,0.9986190016570234,0,0.00033,sector_c
2162.98611111,0.9982211291021607,0,0.00033,sector_c
2162.9875,0.9983077132178838,0,0.00033,sector_c
2162.98888889,0.9981293058376473,0,0.00033,sector_c
2162.99027778,0.9986851782081084,0,0.00033,sector_c
2162.99166667,0.998368845084243,0,0.00033,sector_c
2162.99305556,0.9990374940097375,0,0.00033,sector_c
2162.99444444,0.9981011828966124,0,0.00033,sector_c
2162.99583333,0.997594570188431,0,0.00033,sector_c
2162.99722222,0.9984859907509003,0,0.00033,sector_c
2162.99861111,0.9985247870740713,0,0.00033,sector_c
2163.0,0.9984225207815411,0,0.00033,sector_c
2163.00138889,0.9980454852103352,0,0.00033,sector_c
2163.00277778,0.9984941473596209,0,0.00033,sector_c
2163.00416667,0.998499240863704,0,0.00033,sector_c
2163.00555556,0.9983528503038905,0,0.00033,sector_c
2163.00694444,0.9984289073327592,0,0.00033,sector_c
2163.00833333,0.997908859480558,0,0.00033,sector_c
2163.00972222,0.9986403487582788,0,0.00033,sector_c
2163.01111111,0.9981031471472219,2048,0.00033,sector_c
2163.0125,0.9981350800772854,0,0.00033,sector_c
2163.01388889,0.9988772120730449,0,0.00033,sector_c
2163.01527778,0.9980759946388841,0,0.00033,sector_c
2163.01666667,0.9986540846583838,0,0.00033,sector_c
2163.01805556,0.9985501425037057,0,0.00033,sector_c
2163.01944444,0.9982368375600658,0,0.00033,sector_c
2163.02083333,0.9984600731815656,0,0.00033,sector_c
2163.02222222,0.9987436591436978,0,0.00033,sector_c
2163.02361111,0.9986762044804423,0,0.00033,sector_c
2163.025,0.9981463698503744,0,0.00033,sector_c
2163.02638889,0.99858499771106,0,0.00033,sector_c
2163.02777778,0.9992063250906499,0,0.00033,sector_c
2163.02916667,0.9987893047267846,0,0.00033,sector_c
2163.03055556,0.9988151045933387,0,0.00033,sector_c
2163.03194444,0.9980709833053893,0,0.00033,sector_c
2163.03333333,0.9987927957159317,0,0.00033,sector_c
2163.03472222,0.9987705260938061,0,0.00033,sector_c
2163.03611111,0.9987124579500933,0,0.00033,sector_c
2163.0375,0.9988258361124195,0,0.00033,sector_c
2163.03888889,0.9987809964105051,0,0.00033,sector_c
2163.04027778,0.9982002779610242,0,0.00033,sector_c
2163.04166667,0.9986504328140208,0,0.00033,sector_c
2163.04305556,0.9990305844850745,0,0.00033,sector_c
2163.04444444,0.9983424098846969,0,0.00033,sector_c
2163.04583333,0.9988189309363533,0,0.00033,sector_c
2163.04722222,0.9986721738183127,0,0.00033,sector_c
2163.04861111,0.9986456159581543,0,0.00033,sector_c
2163.05,0.9980659818943977,0,0.00033,sector_c
2163.05138889,0.9990111419426541,0,0.00033,sector_c
2163.05277778,0.9986189476814061,0,0.00033,sector_c
2163.05416667,0.998264218401728,0,0.00033,sector_c
2163.05555556,0.9983158656766556,0,0.00033,sector_c
2163.05694444,0.9986635627687284,0,0.00033,sector_c
2163.05833333,0.9990109236358432,0,0.00033,sector_c
2163.05972222,0.9988967700302898,0,0.00033,sector_c
2163.06111111,0.9993911480788081,0,0.00033,sector_c
2163.0625,0.9990822681600727,0,0.00033,sector_c
2163.06388889,0.9985390246454499,0,0.00033,sector_c
2163.06527778,0.9988038543205632,0,0.00033,sector_c
2163.06666667,0.9988037170834383,0,0.00033,sector_c
2163.06805556,0.999630203577736,0,0.00033,sector_c
2163.06944444,0.9991216685033674,0,0.00033,sector_c
2163.07083333,0.9987639202993788,2048,0.00033,sector_c
2163.07222222,0.9985962414880215,0,0.00033,sector_c
2163.07361111,0.998422940415389,0,0.00033,sector_c
2163.075,0.9988454459207013,0,0.00033,sector_c
2163.07638889,0.9990344877776107,0,0.00033,sector_c
2163.07777778,0.9985813594525913,0,0.00033,sector_c
2163.07916667,0.99862425766402,0,0.00033,sector_c
2163.08055556,0.9987437033897167,0,0.00033,sector_c
2163.08194444,0.9992866430315741,0,0.00033,sector_c
2163.08333333,0.9985497684190504,0,0.00033,sector_c
2163.08472222,0.9989476487320837,0,0.00033,sector_c
2163.08611111,0.9985270941494505,0,0.00033,sector_c
2163.0875,0.9991191824702709,0,0.00033,sector_c
2163.08888889,0.999379712525897,0,0.00033,sector_c
2163.09027778,0.99851598592872,0,0.00033,sector_c
2163.09166667,0.9988661161237151,0,0.00033,sector_c
2163.09305556,0.9988281861245348,0,0.00033,sector_c
2163.09444444,0.9993145002711943,0,0.00033,sector_c
2163.09583333,0.9988922915300109,0,0.00033,sector_c
2163.09722222,0.9993734159226447,0,0.00033,sector_c
2163.09861111,0.999338443918304,0,0.00033,sector_c
2163.1,0.9992937398368196,0,0.00033,sector_c
2163.10138889,0.9987152646241954,0,0.00033,sector_c
2163.10277778,0.9989743772854544,0,0.00033,sector_c
2163.10416667,0.999036361135977,0,0.00033,sector_c
2163.10555556,0.9991715759263163,0,0.00033,sector_c
2163.10694444,0.9993795792227044,0,0.00033,sector_c
2163.10833333,0.9987380285539206,0,0.00033,sector_c
2163.10972222,0.9999762325658312,2048,0.00033,sector_c
2163.11111111,0.9989181442045314,0,0.00033,sector_c
2163.1125,0.9990626860762261,0,0.00033,sector_c
2163.11388889,0.9989004063268407,0,0.00033,sector_c
2163.11527778,0.9993967612399098,0,0.00033,sector_c
2163.11666667,0.9993221147232138,0,0.00033,sector_c
2163.11805556,0.9989883242434638,0,0.00033,sector_c
2163.11944444,0.9993089140492828,0,0.00033,sector_c
2163.12083333,0.9987632077598909,0,0.00033,sector_c
2163.12222222,0.9994359951254984,0,0.00033,sector_c
2163.12361111,0.9991956364611975,0,0.00033,sector_c
2163.125,0.9991692780148116,0,0.00033,sector_c
2163.12638889,0.9991020532208805,0,0.00033,sector_c
2163.12777778,0.9991512885115437,0,0.00033,sector_c
2163.12916667,0.9991008068288986,0,0.00033,sector_c
2163.13055556,0.9990850979656878,0,0.00033,sector_c
2163.13194444,0.9997132252186082,0,0.00033,sector_c
2163.13333333,0.9988567115223549,0,0.00033,sector_c
2163.13472222,0.9988912460574126,0,0.00033,sector_c
2163.13611111,0.9994256885529327,0,0.00033,sector_c
2163.1375,0.9990988885622838,0,0.00033,sector_c
2163.13888889,0.9994289788707844,0,0.00033,sector_c
2163.14027778,0.9990894645414594,0,0.00033,sector_c
2163.14166667,0.9995438945715788,0,0.00033,sector_c
2163.14305556,0.9990698409169635,0,0.00033,sector_c
2163.14444444,0.9992606229500546,0,0.00033,sector_c
2163.14583333,0.9991848057233854,0,0.00033,sector_c
2163.14722222,0.9990803555380897,0,0.00033,sector_c
2163.14861111,0.9992278266814344,0,0.00033,sector_c
2163.15,0.9995781707248735,0,0.00033,sector_c
2163.15138889,0.9989046831994713,0,0.00033,sector_c
2163.15277778,0.9998415832698637,0,0.00033,sector_c
2163.15416667,0.9993949511980218,0,0.00033,sector_c
2163.15555556,0.9990998610506879,0,0.00033,sector_c
2163.15694444,0.9990148470639818,0,0.00033,sector_c
2163.15833333,0.9997417034096368,0,0.00033,sector_c
2163.15972222,0.9994065916197584,0,0.00033,sector_c
2163.16111111,0.9994892248652817,0,0.00033,sector_c
2163.1625,0.9995012638933894,0,0.00033,sector_c
2163.16388889,0.9997133834756301,0,0.00033,sector_c
2163.16527778,0.9990997226474193,0,0.00033,sector_c
2163.16666667,0.9996995486967759,0,0.00033,sector_c
2163.16805556,1.0000933986000395,0,0.00033,sector_c
2163.16944444,0.9994173646649196,0,0.00033,sector_c
2163.17083333,0.9992824914198504,0,0.00033,sector_c
2163.17222222,0.9992445792215732,0,0.00033,sector_c
2163.17361111,0.9990877532732217,0,0.00033,sector_c
2163.175,0.9996498869020407,0,0.00033,sector_c
2163.17638889,0.9994251793009804,0,0.00033,sector_c
2163.17777778,0.9996641159171595,0,0.00033,sector_c
2163.17916667,1.0001000128785955,0,0.00033,sector_c
2163.18055556,0.9990763692504346,0,0.00033,sector_c
2163.18194444,0.9993208158743873,0,0.00033,sector_c
2163.18333333,0.999692800810799,0,0.00033,sector_c
2163.18472222,0.9994811997956191,0,0.00033,sector_c
2163.18611111,0.9989254588353359,0,0.00033,sector_c
2163.1875,0.9996876088856094,0,0.00033,sector_c
2163.18888889,0.9996113383542928,0,0.00033,sector_c
2163.19027778,1.0000675772188692,0,0.00033,sector_c
2163.19166667,1.000055559776985,0,0.00033,sector_c
2163.19305556,0.9991024847001565,0,0.00033,sector_c
2163.19444444,0.9995240181996825,0,0.00033,sector_c
2163.19583333,0.999582229189578,0,0.00033,sector_c
2163.19722222,1.0000934310645497,0,0.00033,sector_c
2163.19861111,0.999943318556232,0,0.00033,sector_c
2163.2,0.9998855219880741,0,0.00033,sector_c
2163.20138889,0.9999319031365073,0,0.00033,sector_c
2163.20277778,0.9998208277996936,0,0.00033,sector_c
2163.20416667,0.9995986916966229,0,0.00033,sector_c
2163.20555556,0.9996818747927063,0,0.00033,sector_c
2163.20694444,0.9994422377496245,0,0.00033,sector_c
2163.20833333,0.9998478996165886,0,0.00033,sector_c
2163.20972222,0.9994785814830928,0,0.00033,sector_c
2163.21111111,0.9999583228261689,0,0.00033,sector_c
2163.2125,1.0001667581920943,0,0.00033,sector_c
2163.21388889,1.0003671763757442,0,0.00033,sector_c
2163.21527778,1.000122470535897,0,0.00033,sector_c
2163.21666667,0.99913991167056,0,0.00033,sector_c
2163.21805556,0.9997580658363503,0,0.00033,sector_c
2163.21944444,1.000168944954135,0,0.00033,sector_c
2163.22083333,0.9996035861365065,0,0.00033,sector_c
2163.22222222,1.0003992663751726,0,0.00033,sector_c
2163.22361111,0.9998745679500689,0,0.00033,sector_c
2163.225,0.9997273248345182,0,0.00033,sector_c
2163.22638889,0.9997494824990343,0,0.00033,sector_c
2163.22777778,1.0000852819172246,0,0.00033,sector_c
2163.22916667,0.9995597744699402,0,0.00033,sector_c
2163.23055556,1.0002219771692062,0,0.00033,sector_c
2163.23194444,0.9998397081034064,0,0.00033,sector_c
2163.23333333,0.999919473737285,0,0.00033,sector_c
2163.23472222,1.0001620981574249,0,0.00033,sector_c
2163.23611111,0.9999225260806504,0,0.00033,sector_c
2163.2375,0.9999899359851177,0,0.00033,sector_c
2163.23888889,0.9998609166230236,0,0.00033,sector_c
2163.24027778,0.999926199083381,0,0.00033,sector_c
2163.24166667,0.9997063850328648,0,0.00033,sector_c
2163.24305556,0.9999184662678295,0,0.00033,sector_c
2163.24444444,0.999666291326261,0,0.00033,sector_c
2163.24583333,0.9999735175737354,0,0.00033,sector_c
2163.24722222,0.9998589498353594,0,0.00033,sector_c
2163.24861111,1.0000161830913397,0,0.00033,sector_c
2163.25,1.0000878291880109,0,0.00033,sector_c
2163.25138889,1.0002519113459982,0,0.00033,sector_c
2163.25277778,1.0001459344208463,0,0.00033,sector_c
2163.25416667,0.999717636753381,0,0.00033,sector_c
2163.25555556,0.9997930597561034,0,0.00033,sector_c
2163.25694444,1.0006003338980127,0,0.00033,sector_c
2163.25833333,1.0002559395045012,0,0.00033,sector_c
2163.25972222,1.0002598199179615,0,0.00033,sector_c
2163.26111111,1.000282622589669,0,0.00033,sector_c
2163.2625,0.9999150601196473,0,0.00033,sector_c
2163.26388889,1.0000133929002892,0,0.00033,sector_c
2163.26527778,0.9996565060096394,0,0.00033,sector_c
2163.26666667,0.9996642087568531,0,0.00033,sector_c
2163.26805556,1.0006129776003958,0,0.00033,sector_c
2163.26944444,1.0001171547204335,0,0.00033,sector_c
2163.27083333,1.0003277090731195,0,0.00033,sector_c
2163.27222222,1.0000375995511106,0,0.00033,sector_c
2163.27361111,0.9996036091541771,0,0.00033,sector_c
2163.275,1.0004985839995637,4096,0.00033,sector_c
2163.27638889,1.0010361804600565,0,0.00033,sector_c
2163.27777778,1.0006775036193,0,0.00033,sector_c
2163.27916667,1.0005825111478548,0,0.00033,sector_c
2163.28055556,1.0005592308071418,0,0.00033,sector_c
2163.28194444,1.0006144011331692,0,0.00033,sector_c
2163.28333333,1.0005676059353703,0,0.00033,sector_c
2163.28472222,1.000993434783183,0,0.00033,sector_c
2163.28611111,1.0003761515377383,0,0.00033,sector_c
2163.2875,1.0002845447847506,0,0.00033,sector_c
2163.28888889,1.000407362596125,0,0.00033,sector_c
2163.29027778,1.0005440180554253,0,0.00033,sector_c
2163.29166667,1.000029752767718,0,0.00033,sector_c
2163.29305556,1.000461345106244,0,0.00033,sector_c
2163.29444444,1.0004510251801269,0,0.00033,sector_c
2163.29583333,1.000258165884134,0,0.00033,sector_c
2163.29722222,1.0003834422880051,0,0.00033,sector_c
2163.29861111,1.000265142634378,0,0.00033,sector_c
2163.3,1.0006371070348499,0,0.00033,sector_c
2163.30138889,1.0007664563173158,0,0.00033,sector_c
2163.30277778,0.9997556336935544,0,0.00033,sector_c
2163.30416667,1.0004110794399124,0,0.00033,sector_c
2163.30555556,1.0003911577489022,0,0.00033,sector_c
2163.30694444,1.0013559382046093,0,0.00033,sector_c
2163.30833333,1.0008488553907915,0,0.00033,sector_c
2163.30972222,1.000925608195322,0,0.00033,sector_c
2163.31111111,1.0003932657986288,0,0.00033,sector_c
2163.3125,1.0010000402932653,0,0.00033,sector_c
2163.31388889,1.0006111938799154,0,0.00033,sector_c
2163.31527778,1.0008932995142406,0,0.00033,sector_c
2163.31666667,1.000854347468765,0,0.00033,sector_c
2163.31805556,1.0011052925935782,0,0.00033,sector_c
2163.31944444,1.0005845355945362,0,0.00033,sector_c
2163.32083333,1.0006341567816306,0,0.00033,sector_c
2163.32222222,1.0008002050461169,0,0.00033,sector_c
2163.32361111,1.0006124490610824,0,0.00033,sector_c
2163.325,1.0005178309414013,0,0.00033,sector_c
2163.32638889,1.0007321002542067,0,0.00033,sector_c
2163.32777778,1.0006849062613528,0,0.00033,sector_c
2163.32916667,1.000222454624871,0,0.00033,sector_c
2163.33055556,1.0001717494523288,0,0.00033,sector_c
2163.33194444,1.0000047738055722,0,0.00033,sector_c
2163.33333333,1.0003848117590526,0,0.00033,sector_c
2163.33472222,1.0009098437313981,0,0.00033,sector_c
2163.33611111,1.0008053310238825,0,0.00033,sector_c
2163.3375,1.0007175391569585,0,0.00033,sector_c
2163.33888889,1.0009804592248053,0,0.00033,sector_c
2163.34027778,1.0006523130319347,0,0.00033,sector_c
2163.34166667,1.000900572441469,0,0.00033,sector_c
2163.34305556,1.0005829719231671,0,0.00033,sector_c
2163.34444444,1.00078089862131,0,0.00033,sector_c
2163.34583333,1.000609844087733,0,0.00033,sector_c
2163.34722222,1.0009836014139621,0,0.00033,sector_c
2163.34861111,1.0006867542140503,0,0.00033,sector_c
2163.35,1.001270289925143,0,0.00033,sector_c
2163.35138889,1.0006528019015333,0,0.00033,sector_c
2163.35277778,1.0000927805650488,0,0.00033,sector_c
2163.35416667,1.0012602787911873,0,0.00033,sector_c
2163.35555556,1.0011285318196745,0,0.00033,sector_c
2163.35694444,1.0007160532661599,0,0.00033,sector_c
2163.35833333,1.0011578588278935,0,0.00033,sector_c
2163.35972222,1.0011960325797615,0,0.00033,sector_c
2163.36111111,1.0008038443951406,0,0.00033,sector_c
2163.3625,1.0010132904972273,0,0.00033,sector_c
2163.36388889,1.0014058411374716,0,0.00033,sector_c
2163.36527778,1.0012364846300759,0,0.00033,sector_c
2163.36666667,1.0013665157792062,0,0.00033,sector_c
2163.36805556,1.0007708765303749,0,0.00033,sector_c
2163.36944444,1.0003436585346872,0,0.00033,sector_c
2163.37083333,1.00080446021709,0,0.00033,sector_c
2163.37222222,1.0014273308879775,0,0.00033,sector_c
2163.37361111,1.001312553564427,0,0.00033,sector_c
2163.375,1.0009144394000498,0,0.00033,sector_c
2163.37638889,1.0008756226072186,0,0.00033,sector_c
2163.37777778,1.0010653286121654,0,0.00033,sector_c
2163.37916667,1.0012383537097744,0,0.00033,sector_c
2163.38055556,1.0008667792815242,0,0.00033,sector_c
2163.38194444,1.0011303868568509,0,0.00033,sector_c
2163.38333333,1.0011601063561684,0,0.00033,sector_c
2163.38472222,1.0006105395850657,0,0.00033,sector_c
2163.38611111,1.0006148935883616,0,0.00033,sector_c
2163.3875,1.0006797611555862,0,0.00033,sector_c
2163.38888889,1.0014492813073241,0,0.00033,sector_c
2163.39027778,1.0003852753768085,0,0.00033,sector_c
2163.39166667,1.000683376064437,0,0.00033,sector_c
2163.39305556,1.0016080516154162,0,0.00033,sector_c
2163.39444444,1.0013638262658715,0,0.00033,sector_c
2163.39583333,1.0008299498352269,0,0.00033,sector_c
2163.39722222,1.0007282028392888,0,0.00033,sector_c
2163.39861111,1.0009833110783177,0,0.00033,sector_c
2163.4,1.0010877035658095,0,0.00033,sector_c
2163.40138889,1.0013864962670367,0,0.00033,sector_c
2163.40277778,1.0010120830599292,0,0.00033,sector_c
2163.40416667,1.0008674540160662,0,0.00033,sector_c
2163.40555556,1.0011320593338846,0,0.00033,sector_c
2163.40694444,1.0015175985176323,0,0.00033,sector_c
2163.40833333,1.0012654980585063,0,0.00033,sector_c
2163.40972222,1.001340959584673,0,0.00033,sector_c
2163.41111111,1.0014733596516474,0,0.00033,sector_c
2163.4125,1.0013455771424689,0,0.00033,sector_c
2163.41388889,1.0006329001511962,0,0.00033,sector_c
2163.41527778,1.0021039880268061,0,0.00033,sector_c
2163.41666667,1.001347719486428,0,0.00033,sector_c
2163.41805556,1.0015721932402095,0,0.00033,sector_c
2163.41944444,1.001291510023216,0,0.00033,sector_c
2163.42083333,1.0011882624577952,0,0.00033,sector_c
2163.42222222,1.0010524827965352,0,0.00033,sector_c
2163.42361111,1.0018383568907432,0,0.00033,sector_c
2163.425,1.0010599253935284,0,0.00033,sector_c
2163.42638889,1.0010963085192812,0,0.00033,sector_c
2163.42777778,1.0014049975340131,0,0.00033,sector_c
2163.42916667,1.0013278923280537,0,0.00033,sector_c
2163.43055556,1.0018406425276611,0,0.00033,sector_c
2163.43194444,1.0018731948385404,0,0.00033,sector_c
2163.43333333,1.0009102120777602,0,0.00033,sector_c
2163.43472222,1.0010434821022882,0,0.00033,sector_c
2163.43611111,1.0014267228782814,0,0.00033,sector_c
2163.4375,1.0014273104223863,0,0.00033,sector_c
2163.43888889,1.001535866567775,0,0.00033,sector_c
2163.44027778,1.0017359781114736,0,0.00033,sector_c
2163.44166667,1.0013101217960574,0,0.00033,sector_c
2163.44305556,1.0011946695126648,0,0.00033,sector_c
2163.44444444,1.0016958979050852,0,0.00033,sector_c
2163.44583333,1.0008805166574462,0,0.00033,sector_c
2163.44722222,1.0013626602558323,0,0.00033,sector_c
2163.44861111,1.0014763826973963,0,0.00033,sector_c
2163.45,1.0016535911440714,0,0.00033,sector_c
2163.45138889,1.0014197735624653,0,0.00033,sector_c
2163.45277778,1.0009693270371287,0,0.00033,sector_c
2163.45416667,1.000977879326456,0,0.00033,sector_c
2163.45555556,1.0016283562286319,0,0.00033,sector_c
2163.45694444,1.001750979410239,0,0.00033,sector_c
2163.45833333,1.0014097403285123,0,0.00033,sector_c
2163.45972222,1.0011016394094279,0,0.00033,sector_c
2163.46111111,1.0015233066314333,0,0.00033,sector_c
2163.4625,1.0016779970469607,0,0.00033,sector_c
2163.46388889,1.00188094353281,0,0.00033,sector_c
2163.46527778,1.0018901846331916,0,0.00033,sector_c
2163.46666667,1.0023306557079856,0,0.00033,sector_c
2163.46805556,1.0017162342227466,0,0.00033,sector_c
2163.46944444,1.0016790806803977,0,0.00033,sector_c
2163.47083333,1.0018798399203015,0,0.00033,sector_c
2163.47222222,1.0016600290384843,0,0.00033,sector_c
2163.47361111,1.0009953654393136,0,0.00033,sector_c
2163.475,1.0017188769418908,0,0.00033,sector_c
2163.47638889,1.0016298168152624,0,0.00033,sector_c
2163.47777778,1.0018850292361041,0,0.00033,sector_c
2163.47916667,1.0019831711016949,0,0.00033,sector_c
2163.48055556,1.0012895032095164,0,0.00033,sector_c
2163.48194444,1.0009870684026638,0,0.00033,sector_c
2163.48333333,1.0017504388508365,0,0.00033,sector_c
2163.48472222,1.001294531646184,0,0.00033,sector_c
2163.48611111,1.0015482925254418,0,0.00033,sector_c
2163.4875,1.0021257538058141,0,0.00033,sector_c
2163.48888889,1.00122492704117,0,0.00033,sector_c
2163.49027778,1.0015421591844593,0,0.00033,sector_c
2163.49166667,1.0018544962609368,0,0.00033,sector_c
2163.49305556,1.002355936303019,0,0.00033,sector_c
2163.49444444,1.0019039772955627,0,0.00033,sector_c
2163.49583333,1.001491934512743,0,0.00033,sector_c
2163.49722222,1.0015856046824798,0,0.00033,sector_c
2163.49861111,1.001545107653933,0,0.00033,sector_c
2163.5,1.0012665661438862,0,0.00033,sector_c
2163.50138889,1.0019742593789134,0,0.00033,sector_c
2163.50277778,1.0018040808084578,0,0.00033,sector_c
2163.50416667,1.002103579564334,0,0.00033,sector_c
2163.50555556,1.0017264724700827,0,0.00033,sector_c
2163.50694444,1.0019343816793371,0,0.00033,sector_c
2163.50833333,1.0011190134760997,0,0.00033,sector_c
2163.50972222,1.0016802606325792,0,0.00033,sector_c
2163.51111111,1.0011085938463062,0,0.00033,sector_c
2163.5125,1.0012064437064658,0,0.00033,sector_c
2163.51388889,1.00288191924037,0,0.00033,sector_c
2163.51527778,1.0021055820988514,0,0.00033,sector_c
2163.51666667,1.0017289037599773,0,0.00033,sector_c
2163.51805556,1.0024431645403902,0,0.00033,sector_c
2163.51944444,1.002117420309903,0,0.00033,sector_c
2163.52083333,1.0018619946529037,0,0.00033,sector_c
2163.52222222,1.0020508305732572,0,0.00033,sector_c
2163.52361111,1.002216713517139,0,0.00033,sector_c
2163.525,1.0017481810616713,2048,0.00033,sector_c
2163.52638889,1.002651608912618,0,0.00033,sector_c
2163.52777778,1.0020840656375267,0,0.00033,sector_c
2163.52916667,1.0022384631051775,0,0.00033,sector_c
2163.53055556,1.0017847226395402,0,0.00033,sector_c
2163.53194444,1.0020303342522177,0,0.00033,sector_c
2163.53333333,1.0022664525300966,0,0.00033,sector_c
2163.53472222,1.0027458648271772,0,0.00033,sector_c
2163.53611111,1.0018116691147783,0,0.00033,sector_c
2163.5375,1.0023717897792979,0,0.00033,sector_c
2163.53888889,1.0026294460675658,0,0.00033,sector_c
2163.54027778,1.0024595930111788,0,0.00033,sector_c
2163.54166667,1.002208895565127,0,0.00033,sector_c
2163.54305556,1.001988297519335,0,0.00033,sector_c
2163.54444444,1.002246418200115,0,0.00033,sector_c
2163.54583333,1.0022691680202522,0,0.00033,sector_c
2163.54722222,1.0025576129535396,0,0.00033,sector_c
2163.54861111,1.0017796224224975,0,0.00033,sector_c
2163.55,1.0020882763611045,0,0.00033,sector_c
2163.55138889,1.0022606523789528,0,0.00033,sector_c
2163.55277778,1.0024308669099402,0,0.00033,sector_c
2163.55416667,1.002935971224985,0,0.00033,sector_c
2163.55555556,1.0022623317610644,0,0.00033,sector_c
2163.55694444,1.0023729048403334,4096,0.00033,sector_c
2163.55833333,1.0019489662306362,0,0.00033,sector_c
2163.55972222,1.001842183325078,0,0.00033,sector_c
2163.56111111,1.0018592412821625,0,0.00033,sector_c
2163.5625,1.0026128712016003,0,0.00033,sector_c
2163.56388889,1.0018317716431022,0,0.00033,sector_c
2163.56527778,1.0027921815919068,0,0.00033,sector_c
2163.56666667,1.002582536313877,0,0.00033,sector_c
2163.56805556,1.0023364907596286,2048,0.00033,sector_c
2163.56944444,1.0028230980827966,0,0.00033,sector_c
2163.57083333,1.0025047947305388,0,0.00033,sector_c
2163.57222222,1.0025193706236954,0,0.00033,sector_c
2163.57361111,1.0027746498787415,0,0.00033,sector_c
2163.575,1.002476107585267,0,0.00033,sector_c
2163.57638889,1.0025448182876044,0,0.00033,sector_c
2163.57777778,1.0023748297605863,0,0.00033,sector_c
2163.57916667,1.0024158904019589,0,0.00033,sector_c
2163.58055556,1.0019968658949605,0,0.00033,sector_c
2163.58194444,1.00268170766103,0,0.00033,sector_c
2163.58333333,1.0020507106614616,0,0.00033,sector_c
2163.58472222,1.0021914940929282,0,0.00033,sector_c
2163.58611111,1.0030252691133064,0,0.00033,sector_c
2163.5875,1.001995032495447,0,0.00033,sector_c
2163.58888889,1.0029572089889118,0,0.00033,sector_c
2163.59027778,1.002106663428142,0,0.00033,sector_c
2163.59166667,1.00282043057277,0,0.00033,sector_c
2163.59305556,1.00246770220091,0,0.00033,sector_c
2163.59444444,1.0028807018312842,0,0.00033,sector_c
2163.59583333,1.0019781212358594,0,0.00033,sector_c
2163.59722222,1.0020582395560595,0,0.00033,sector_c
2163.59861111,1.002685449861597,0,0.00033,sector_c
2163.6,1.002086252589845,0,0.00033,sector_c
2163.60138889,1.002546436911959,0,0.00033,sector_c
2163.60277778,1.002626170074317,0,0.00033,sector_c
2163.60416667,1.002625821965604,0,0.00033,sector_c
2163.60555556,1.0025236594643319,0,0.00033,sector_c
2163.60694444,1.0029086710548922,0,0.00033,sector_c
2163.60833333,1.0023829569508549,0,0.00033,sector_c
2163.60972222,1.0022908271817965,0,0.00033,sector_c
2163.61111111,1.002773251982869,0,0.00033,sector_c
2163.6125,1.0023583558609557,0,0.00033,sector_c
2163.61388889,1.0032920430718573,0,0.00033,sector_c
2163.61527778,1.0021725943665927,0,0.00033,sector_c
2163.61666667,1.00255239673167,0,0.00033,sector_c
2163.61805556,1.0033767674688676,0,0.00033,sector_c
2163.61944444,1.0023629239978835,0,0.00033,sector_c
2163.62083333,1.0027344096391264,0,0.00033,sector_c
2163.62222222,1.0027121546328355,0,0.00033,sector_c
2163.62361111,1.0024316187147555,0,0.00033,sector_c
2163.625,1.002703548513677,0,0.00033,sector_c
2163.62638889,1.0022941118482862,0,0.00033,sector_c
2163.62777778,1.0026869429588354,0,0.00033,sector_c
2163.62916667,1.0030688692135468,0,0.00033,sector_c
2163.63055556,1.0031301669446009,0,0.00033,sector_c
2163.63194444,1.0025225863820977,0,0.00033,sector_c
2163.63333333,1.0030467911321452,0,0.00033,sector_c
2163.63472222,1.0030464246421364,0,0.00033,sector_c
2163.63611111,1.0029081431285325,0,0.00033,sector_c
2163.6375,1.0031016528275305,0,0.00033,sector_c
2163.63888889,1.002468700668677,0,0.00033,sector_c
2163.64027778,1.0026740697988383,0,0.00033,sector_c
2163.64166667,1.0027610022794071,0,0.00033,sector_c
2163.64305556,1.0022780287239679,0,0.00033,sector_c
2163.64444444,1.0026794198571674,0,0.00033,sector_c
2163.64583333,1.0020698258875487,0,0.00033,sector_c
2163.64722222,1.0023756054121231,0,0.00033,sector_c
2163.64861111,1.0029676073467593,0,0.00033,sector_c
2163.65,1.0034446445908,0,0.00033,sector_c
2163.65138889,1.0027424391573168,0,0.00033,sector_c
2163.65277778,1.0027865060510643,0,0.00033,sector_c
2163.65416667,1.0025670294346434,0,0.00033,sector_c
2163.65555556,1.0028792871875163,0,0.00033,sector_c
2163.65694444,1.0031305298140931,0,0.00033,sector_c
2163.65833333,1.003088722399954,0,0.00033,sector_c
2163.65972222,1.0031564459088054,0,0.00033,sector_c
2163.66111111,1.0021794954699652,0,0.00033,sector_c
2163.6625,1.0030853354545,0,0.00033,sector_c
2163.66388889,1.002713262922217,0,0.00033,sector_c
2163.66527778,1.0031497002460066,0,0.00033,sector_c
2163.66666667,1.0026629401777596,0,0.00033,sector_c
2163.66805556,1.0032023974602289,0,0.00033,sector_c
2163.66944444,1.0030742499890517,0,0.00033,sector_c
2163.67083333,1.0028663546603633,0,0.00033,sector_c
2163.67222222,1.0034900963395799,0,0.00033,sector_c
2163.67361111,1.0030934143185635,0,0.00033,sector_c
2163.675,1.0031272570615182,0,0.00033,sector_c
2163.67638889,1.002764949816497,0,0.00033,sector_c
2163.67777778,1.0029984863088794,0,0.00033,sector_c
2163.67916667,1.0028100251482086,0,0.00033,sector_c
2163.68055556,1.0036471594625709,0,0.00033,sector_c
2163.68194444,1.0029338177976603,0,0.00033,sector_c
2163.68333333,1.0026632662689323,0,0.00033,sector_c
2163.68472222,1.0026909319037853,0,0.00033,sector_c
2163.68611111,1.0033123962913073,0,0.00033,sector_c
2163.6875,1.0036186573147639,0,0.00033,sector_c
2163.68888889,1.0033523083917844,0,0.00033,sector_c
2163.69027778,1.0036511796239485,0,0.00033,sector_c
2163.69166667,1.0031598502761316,0,0.00033,sector_c
2163.69305556,1.00293588413532,0,0.00033,sector_c
2163.69444444,1.0034973951931399,0,0.00033,sector_c
2163.69583333,1.0031610769105845,0,0.00033,sector_c
2163.69722222,1.0029721661323006,0,0.00033,sector_c
2163.69861111,1.0033336822674035,0,0.00033,sector_c
2163.7,1.0030460758929372,0,0.00033,sector_c
2163.70138889,1.0026227602531026,0,0.00033,sector_c
2163.70277778,1.0032181760881822,0,0.00033,sector_c
2163.70416667,1.002885759805476,0,0.00033,sector_c
2163.70555556,1.0035698449284813,0,0.00033,sector_c
2163.70694444,1.00285105442357,0,0.00033,sector_c
2163.70833333,1.003171873271157,0,0.00033,sector_c
2163.70972222,1.0036021750194601,0,0.00033,sector_c
2163.71111111,1.0028258423782883,0,0.00033,sector_c
2163.7125,1.0031129877499292,0,0.00033,sector_c
2163.71388889,1.0033547587270413,0,0.00033,sector_c
2163.71527778,1.0042213261525061,0,0.00033,sector_c
2163.71666667,1.003485410844276,0,0.00033,sector_c
2163.71805556,1.003555138917625,0,0.00033,sector_c
2163.71944444,1.0036973776525255,0,0.00033,sector_c
2163.72083333,1.0033906794006464,0,0.00033,sector_c
2163.72222222,1.0028650880053878,0,0.00033,sector_c
2163.72361111,1.0026707582860257,0,0.00033,sector_c
2163.725,1.0032142760959855,0,0.00033,sector_c
2163.72638889,1.0034701807381217,0,0.00033,sector_c
2163.72777778,1.0035864370117296,0,0.00033,sector_c
2163.72916667,1.0032446613206356,0,0.00033,sector_c
2163.73055556,1.0034690171146583,0,0.00033,sector_c
2163.73194444,1.0034484833576316,0,0.00033,sector_c
2163.73333333,1.0034639375077459,0,0.00033,sector_c
2163.73472222,1.0031543858678365,0,0.00033,sector_c
2163.73611111,1.003271771477019,0,0.00033,sector_c
2163.7375,1.003875518270151,0,0.00033,sector_c
2163.73888889,1.0033199975764109,0,0.00033,sector_c
2163.74027778,1.0033415001482051,0,0.00033,sector_c
2163.74166667,1.0029405074305662,0,0.00033,sector_c
2163.74305556,1.003523693604706,0,0.00033,sector_c
2163.74444444,1.003618322203863,0,0.00033,sector_c
2163.74583333,1.002984214620724,0,0.00033,sector_c
2163.74722222,1.0031169931561672,0,0.00033,sector_c
2163.74861111,1.0031217654851636,0,0.00033,sector_c
2163.75,1.0035719406698063,0,0.00033,sector_c
2163.75138889,1.003903139760683,0,0.00033,sector_c
2163.75277778,1.0031737523677844,0,0.00033,sector_c
2163.75416667,1.0042338339651744,0,0.00033,sector_c
2163.75555556,1.003827926771003,0,0.00033,sector_c
2163.75694444,1.0036089379485567,0,0.00033,sector_c
2163.75833333,1.0039290939633265,0,0.00033,sector_c
2163.75972222,1.0030683592903205,0,0.00033,sector_c
2163.76111111,1.0032987169648788,0,0.00033,sector_c
2163.7625,1.0032310834315696,0,0.00033,sector_c
2163.76388889,1.0031768873893927,0,0.00033,sector_c
2163.76527778,1.003413885843192,0,0.00033,sector_c
2163.76666667,1.0031760760719441,0,0.00033,sector_c
2163.76805556,1.0037427471622358,0,0.00033,sector_c
2163.76944444,1.0041713369394698,0,0.00033,sector_c
2163.77083333,1.0032827512289846,0,0.00033,sector_c
2163.77222222,1.004460868704768,0,0.00033,sector_c
2163.77361111,1.0033628502534109,0,0.00033,sector_c
2163.775,1.0035454816801077,0,0.00033,sector_c
2163.77638889,1.003329135462921,0,0.00033,sector_c
2163.77777778,1.0038476739820972,0,0.00033,sector_c
2163.77916667,1.0038304084675498,0,0.00033,sector_c
2163.78055556,1.0042615748267314,0,0.00033,sector_c
2163.78194444,1.0038345623452078,0,0.00033,sector_c
2163.78333333,1.0040795175779413,0,0.00033,sector_c
2163.78472222,1.0034440379235288,0,0.00033,sector_c
2163.78611111,1.0040024966351673,0,0.00033,sector_c
2163.7875,1.0042056116880491,0,0.00033,sector_c
2163.78888889,1.0042409536343673,0,0.00033,sector_c
2163.79027778,1.0033167117137793,0,0.00033,sector_c
2163.79166667,1.0035233436745201,0,0.00033,sector_c
2163.79305556,1.003355689418576,0,0.00033,sector_c
2163.79444444,1.0033316576409894,0,0.00033,sector_c
2163.79583333,1.004038968907606,0,0.00033,sector_c
2163.79722222,1.0035120225303926,0,0.00033,sector_c
2163.79861111,1.0037424069253633,0,0.00033,sector_c
2163.8,1.003756263618178,0,0.00033,sector_c
2163.80138889,1.0033655110501192,0,0.00033,sector_c
2163.80277778,1.0037107198606046,0,0.00033,sector_c
2163.80416667,1.0038393502715175,0,0.00033,sector_c
2163.80555556,1.0039715167167054,0,0.00033,sector_c
2163.80694444,1.0039260016438907,0,0.00033,sector_c
2163.80833333,1.0038943981424455,0,0.00033,sector_c
2163.80972222,1.0033487611763439,0,0.00033,sector_c
2163.81111111,1.004045534986684,0,0.00033,sector_c
2163.8125,1.0040255599242842,0,0.00033,sector_c
2163.81388889,1.0039041361565733,0,0.00033,sector_c
2163.81527778,1.0038199823462852,0,0.00033,sector_c
2163.81666667,1.0038960113879845,0,0.00033,sector_c
2163.81805556,1.0043801820558975,0,0.00033,sector_c
2163.81944444,1.0041124281782974,0,0.00033,sector_c
2163.82083333,1.0038296586549973,0,0.00033,sector_c
2163.82222222,1.0037452715318638,0,0.00033,sector_c
2163.82361111,1.0037230405314936,0,0.00033,sector_c
2163.825,1.0042577011720784,0,0.00033,sector_c
2163.82638889,1.0043508670477543,0,0.00033,sector_c
2163.82777778,1.0037404191022261,0,0.00033,sector_c
2163.82916667,1.0041537133274856,0,0.00033,sector_c
2163.83055556,1.0042824990150836,0,0.00033,sector_c
2163.83194444,1.0040952256385713,0,0.00033,sector_c
2163.83333333,1.0040743296380077,0,0.00033,sector_c
2163.83472222,1.0040979128913736,0,0.00033,sector_c
2163.83611111,1.004277927543706,0,0.00033,sector_c
2163.8375,1.0040731010279287,0,0.00033,sector_c
2163.83888889,1.0040497649910023,0,0.00033,sector_c
2163.84027778,1.0044745124266063,0,0.00033,sector_c
2163.84166667,1.004589262421881,0,0.00033,sector_c
2163.84305556,1.004478749941709,0,0.00033,sector_c
2163.84444444,1.003504882123452,0,0.00033,sector_c
2163.84583333,1.0039790993191366,0,0.00033,sector_c
2163.84722222,1.004804491903918,0,0.00033,sector_c
2163.84861111,1.0040862875465046,0,0.00033,sector_c
2163.85,1.0037535268346216,0,0.00033,sector_c
2163.85138889,1.0038651985239546,0,0.00033,sector_c
2163.85277778,1.0038337185834363,0,0.00033,sector_c
2163.85416667,1.00409157422292,0,0.00033,sector_c
2163.85555556,1.004174052832481,0,0.00033,sector_c
2163.85694444,1.0035441600035255,0,0.00033,sector_c
2163.85833333,1.0039626855603792,0,0.00033,sector_c
2163.85972222,1.0034823718381396,0,0.00033,sector_c
2163.86111111,1.004199577465587,0,0.00033,sector_c
2163.8625,1.00420076935288,0,0.00033,sector_c
2163.86388889,1.004564887076133,0,0.00033,sector_c
2163.86527778,1.004157981224265,0,0.00033,sector_c
2163.86666667,1.0043336414609472,0,0.00033,sector_c
2163.86805556,1.0039253701309616,0,0.00033,sector_c
2163.86944444,1.003730862689693,0,0.00033,sector_c
2163.87083333,1.0044884104879512,0,0.00033,sector_c
2163.87222222,1.0037694298430073,0,0.00033,sector_c
2163.87361111,1.0037874467444772,0,0.00033,sector_c
2163.875,1.0041048651690887,0,0.00033,sector_c
2163.87638889,1.004668223070043,0,0.00033,sector_c
2163.87777778,1.0042466731198862,0,0.00033,sector_c
2163.87916667,1.004346422378688,0,0.00033,sector_c
2163.88055556,1.004677351051275,0,0.00033,sector_c
2163.88194444,1.0041140251726715,0,0.00033,sector_c
2163.88333333,1.0036823184958452,0,0.00033,sector_c
2163.88472222,1.0042079533297887,0,0.00033,sector_c
2163.88611111,1.0047760296612482,0,0.00033,sector_c
2163.8875,1.0042413091902556,0,0.00033,sector_c
2163.88888889,1.0037191502149254,0,0.00033,sector_c
2163.89027778,1.0047489775889935,0,0.00033,sector_c
2163.89166667,1.0046859543361815,0,0.00033,sector_c
2163.89305556,1.0043783696276112,0,0.00033,sector_c
2163.89444444,1.0043506210393442,0,0.00033,sector_c
2163.89583333,1.0047185695709677,0,0.00033,sector_c
2163.89722222,1.0041376271178952,0,0.00033,sector_c
2163.89861111,1.004218737463372,0,0.00033,sector_c
2163.9,1.0052196070894082,0,0.00033,sector_c
2163.90138889,1.0043642359478195,0,0.00033,sector_c
2163.90277778,1.0040731110980836,0,0.00033,sector_c
2163.90416667,1.004618268922564,0,0.00033,sector_c
2163.90555556,1.0041705902877338,0,0.00033,sector_c
2163.90694444,1.0037929718031617,0,0.00033,sector_c
2163.90833333,1.0042534363457538,0,0.00033,sector_c
2163.90972222,1.0049804826870483,0,0.00033,sector_c
2163.91111111,1.0043313027560852,0,0.00033,sector_c
2163.9125,1.0043813294498793,0,0.00033,sector_c
2163.91388889,1.004185068745141,0,0.00033,sector_c
2163.91527778,1.004333711855203,0,0.00033,sector_c
2163.91666667,1.0045197879583403,0,0.00033,sector_c
2163.91805556,1.0046865657389945,0,0.00033,sector_c
2163.91944444,1.0046944780119196,0,0.00033,sector_c
2163.92083333,1.004664903089225,0,0.00033,sector_c
2163.92222222,1.0043576026643455,0,0.00033,sector_c
2163.92361111,1.00442615599897,0,0.00033,sector_c
2163.925,1.004925450333509,0,0.00033,sector_c
2163.92638889,1.004650670993025,0,0.00033,sector_c
2163.92777778,1.0043865619196133,0,0.00033,sector_c
2163.92916667,1.0049844371637227,0,0.00033,sector_c
2163.93055556,1.0045392653199223,0,0.00033,sector_c
2163.93194444,1.0047037709125952,0,0.00033,sector_c
2163.93333333,1.0043155500932046,0,0.00033,sector_c
2163.93472222,1.0047831768551305,0,0.00033,sector_c
2163.93611111,1.0043305803551967,0,0.00033,sector_c
2163.9375,1.0043197379347812,0,0.00033,sector_c
2163.93888889,1.0051305880014074,0,0.00033,sector_c
2163.94027778,1.0046517724244683,0,0.00033,sector_c
2163.94166667,1.0052040619341782,0,0.00033,sector_c
2163.94305556,1.0045769043702764,0,0.00033,sector_c
2163.94444444,1.0043905019504769,0,0.00033,sector_c
2163.94583333,1.0044819534950984,0,0.00033,sector_c
2163.94722222,1.0048662262720913,0,0.00033,sector_c
2163.94861111,1.0042480792965371,0,0.00033,sector_c
2163.95,1.005015569113214,0,0.00033,sector_c
2163.95138889,1.0044902869970616,0,0.00033,sector_c
2163.95277778,1.004876785765356,0,0.00033,sector_c
2163.95416667,1.0046278456705935,0,0.00033,sector_c
2163.95555556,1.0043421032353517,0,0.00033,sector_c
2163.95694444,1.0048838678972927,0,0.00033,sector_c
2163.95833333,1.004326997296173,0,0.00033,sector_c
2163.95972222,1.0043799876427832,0,0.00033,sector_c
2163.96111111,1.0045849103417284,0,0.00033,sector_c
2163.9625,1.0044524670619936,0,0.00033,sector_c
2163.96388889,1.0046405267602037,0,0.00033,sector_c
2163.96527778,1.0043482958720429,0,0.00033,sector_c
2163.96666667,1.0047231400098613,0,0.00033,sector_c
2163.96805556,1.0049388211230437,0,0.00033,sector_c
2163.96944444,1.0050273793044617,0,0.00033,sector_c
2163.97083333,1.0044975782122598,0,0.00033,sector_c
2163.97222222,1.004929373050424,0,0.00033,sector_c
2163.97361111,1.0043508955679676,0,0.00033,sector_c
2163.975,1.0048639259335626,0,0.00033,sector_c
2163.97638889,1.0046307435499342,0,0.00033,sector_c
2163.97777778,1.0045322658018956,0,0.00033,sector_c
2163.97916667,1.0045336824759388,0,0.00033,sector_c
2163.98055556,1.0048901329692266,0,0.00033,sector_c
2163.98194444,1.0048514496717553,0,0.00033,sector_c
2163.98333333,1.0046361653029072,0,0.00033,sector_c
2163.98472222,1.004457911242179,0,0.00033,sector_c
2163.98611111,1.0047693834302647,0,0.00033,sector_c
2163.9875,1.004887546818997,0,0.00033,sector_c
2163.98888889,1.00490764282907,0,0.00033,sector_c
2163.99027778,1.004958739094152,0,0.00033,sector_c
2163.99166667,1.0047461710733248,0,0.00033,sector_c
2163.99305556,1.0044153954829191,0,0.00033,sector_c
2163.99444444,1.0049156118474112,0,0.00033,sector_c
2163.99583333,1.004690819183953,0,0.00033,sector_c
2163.99722222,1.0048763567961356,0,0.00033,sector_c
2163.99861111,1.0051606929516583,0,0.00033,sector_c
2164.0,1.0050444420033937,0,0.00033,sector_c
2164.00138889,1.004559688740635,0,0.00033,sector_c
2164.00277778,1.0046041446506795,0,0.00033,sector_c
2164.00416667,1.0048579849764239,0,0.00033,sector_c
2164.00555556,1.0054187274099473,0,0.00033,sector_c
2164.00694444,1.0050888520968528,0,0.00033,sector_c
2164.00833333,1.0044596849093796,0,0.00033,sector_c
2164.00972222,1.0052121006694992,0,0.00033,sector_c
2164.01111111,1.0042943400060649,0,0.00033,sector_c
2164.0125,1.0047251174593939,0,0.00033,sector_c
2164.01388889,1.005460060519177,0,0.00033,sector_c
2164.01527778,1.0053213913032113,0,0.00033,sector_c
2164.01666667,1.0048896700386465,0,0.00033,sector_c
2164.01805556,1.0047647884868318,0,0.00033,sector_c
2164.01944444,1.005083311944345,0,0.00033,sector_c
2164.02083333,1.0051788277915723,0,0.00033,sector_c
2164.02222222,1.00519854934107,0,0.00033,sector_c
2164.02361111,1.0049337407300598,0,0.00033,sector_c
2164.025,1.0049510944296378,0,0.00033,sector_c
2164.02638889,1.0050260614981068,0,0.00033,sector_c
2164.02777778,1.0049958947828082,0,0.00033,sector_c
2164.02916667,1.0049005385623506,0,0.00033,sector_c
2164.03055556,1.0048275521630188,0,0.00033,sector_c
2164.03194444,1.0046627557531858,0,0.00033,sector_c
2164.03333333,1.0048288001001717,0,0.00033,sector_c
2164.03472222,1.0047804625090984,0,0.00033,sector_c
2164.03611111,1.0046576301803618,0,0.00033,sector_c
2164.0375,1.0045245203294806,0,0.00033,sector_c
2164.03888889,1.0053738861607386,0,0.00033,sector_c
2164.04027778,1.0047550096342612,0,0.00033,sector_c
2164.04166667,1.005373723012069,0,0.00033,sector_c
2164.04305556,1.0049961853140388,0,0.00033,sector_c
2164.04444444,1.0049132561379035,0,0.00033,sector_c
2164.04583333,1.00553063744856,0,0.00033,sector_c
2164.04722222,1.004901978447268,0,0.00033,sector_c
2164.04861111,1.0046199960813604,0,0.00033,sector_c
2164.05,1.0054589963006275,0,0.00033,sector_c
2164.05138889,1.0050183869412077,0,0.00033,sector_c
2164.05277778,1.0052856513814787,0,0.00033,sector_c
2164.05416667,1.0051788780122763,0,0.00033,sector_c
2164.05555556,1.0058144971625866,0,0.00033,sector_c
2164.05694444,1.0050105778665333,0,0.00033,sector_c
2164.05833333,1.0051526828286876,0,0.00033,sector_c
2164.05972222,1.0052615522869521,0,0.00033,sector_c
2164.06111111,1.0051262000340402,0,0.00033,sector_c
2164.0625,1.0054598854732706,0,0.00033,sector_c
2164.06388889,1.0057986912885108,0,0.00033,sector_c
2164.06527778,1.0052562751776661,0,0.00033,sector_c
2164.06666667,1.0057011800581677,0,0.00033,sector_c
2164.06805556,1.0052990912468274,0,0.00033,sector_c
2164.06944444,1.005169993058593,0,0.00033,sector_c
2164.07083333,1.006114780910271,0,0.00033,sector_c
2164.07222222,1.0050773047837982,0,0.00033,sector_c
2164.07361111,1.004656233442836,0,0.00033,sector_c
2164.075,1.005226396391843,0,0.00033,sector_c
2164.07638889,1.0058616135003702,0,0.00033,sector_c
2164.07777778,1.0051022534682903,0,0.00033,sector_c
2164.07916667,1.0049444625324835,0,0.00033,sector_c
2164.08055556,1.0056089678481885,0,0.00033,sector_c
2164.08194444,1.00549563871358,0,0.00033,sector_c
2164.08333333,1.0054927150212487,0,0.00033,sector_c
2164.08472222,1.0046225939212015,0,0.00033,sector_c
2164.08611111,1.0054282705405082,0,0.00033,sector_c
2164.0875,1.0051191099207553,0,0.00033,sector_c
2164.08888889,1.0055421569545169,0,0.00033,sector_c
2164.09027778,1.0051917834017836,0,0.00033,sector_c
2164.09166667,1.0055926633826149,0,0.00033,sector_c
2164.09305556,1.0048270998689464,0,0.00033,sector_c
2164.09444444,1.0045047202735182,0,0.00033,sector_c
2164.09583333,1.005443863052765,0,0.00033,sector_c
2164.09722222,1.0052612194629018,0,0.00033,sector_c
2164.09861111,1.005444656760251,0,0.00033,sector_c
2164.1,1.005543325127826,0,0.00033,sector_c
2164.10138889,1.0052189315525688,0,0.00033,sector_c
2164.10277778,1.0054546451199555,0,0.00033,sector_c
2164.10416667,1.0054758139281617,0,0.00033,sector_c
2164.10555556,1.0051778563082434,0,0.00033,sector_c
2164.10694444,1.0056255092168491,0,0.00033,sector_c
2164.10833333,1.0051997306122882,0,0.00033,sector_c
2164.10972222,1.0052956568306215,0,0.00033,sector_c
2164.11111111,1.0053020694699226,0,0.00033,sector_c
2164.1125,1.0055042748352252,0,0.00033,sector_c
2164.11388889,1.0053719925571567,0,0.00033,sector_c
2164.11527778,1.0051718357999162,0,0.00033,sector_c
2164.11666667,1.0053335400823382,0,0.00033,sector_c
2164.11805556,1.0058034554568822,0,0.00033,sector_c
2164.11944444,1.005868612830134,0,0.00033,sector_c
2164.12083333,1.0053684071064188,0,0.00033,sector_c
2164.12222222,1.0063963647471705,0,0.00033,sector_c
2164.12361111,1.0055522020447014,0,0.00033,sector_c
2164.125,1.0054280063784937,0,0.00033,sector_c
2164.12638889,1.004975432147744,0,0.00033,sector_c
2164.12777778,1.0053482673058418,0,0.00033,sector_c
2164.12916667,1.0055381786727189,0,0.00033,sector_c
2164.13055556,1.0054753161558208,0,0.00033,sector_c
2164.13194444,1.0054511815078997,0,0.00033,sector_c
2164.13333333,1.0056178263389843,0,0.00033,sector_c
2164.13472222,1.0063003960689803,0,0.00033,sector_c
2164.13611111,1.0060484372777898,0,0.00033,sector_c
2164.1375,1.0058852213957707,0,0.00033,sector_c
2164.13888889,1.0057941333552993,0,0.00033,sector_c
2164.14027778,1.0057863341797828,0,0.00033,sector_c
2164.14166667,1.0052122551221303,0,0.00033,sector_c
2164.14305556,1.0059636508140413,0,0.00033,sector_c
2164.14444444,1.0051191396230548,0,0.00033,sector_c
2164.14583333,1.0054135308849472,0,0.00033,sector_c
2164.14722222,1.00578115829594,0,0.00033,sector_c
2164.14861111,1.0052367203824513,0,0.00033,sector_c
2164.15,1.0052335004901591,0,0.00033,sector_c
2164.15138889,1.0055167249184105,0,0.00033,sector_c
2164.15277778,1.0058319747753997,0,0.00033,sector_c
2164.15416667,1.0061275632295432,0,0.00033,sector_c
2164.15555556,1.0059368096850356,0,0.00033,sector_c
2164.15694444,1.0060306672486332,0,0.00033,sector_c
2164.15833333,1.0062681267577758,0,0.00033,sector_c
2164.15972222,1.004818540957316,0,0.00033,sector_c
2164.16111111,1.0057752954225707,0,0.00033,sector_c
2164.1625,1.0060488638881726,0,0.00033,sector_c
2164.16388889,1.0058553368964025,0,0.00033,sector_c
2164.16527778,1.0055382600025895,0,0.00033,sector_c
2164.16666667,1.00546291228421,0,0.00033,sector_c
2164.16805556,1.005342102022157,0,0.00033,sector_c
2164.16944444,1.005087612616925,0,0.00033,sector_c
2164.17083333,1.0059273987407022,0,0.00033,sector_c
2164.17222222,1.005704626257605,0,0.00033,sector_c
2164.17361111,1.0054754669180688,0,0.00033,sector_c
2164.175,1.0059280279195582,0,0.00033,sector_c
2164.17638889,1.0057705093838505,0,0.00033,sector_c
2164.17777778,1.0057829706464203,0,0.00033,sector_c
2164.17916667,1.0062907663934846,0,0.00033,sector_c
2164.18055556,1.0050864894814324,0,0.00033,sector_c
2164.18194444,1.0056970439930992,0,0.00033,sector_c
2164.18333333,1.0056489427599922,0,0.00033,sector_c
2164.18472222,1.0054398342053972,0,0.00033,sector_c
2164.18611111,1.005895827598846,0,0.00033,sector_c
2164.1875,1.005705333411488,0,0.00033,sector_c
2164.18888889,1.006002902099198,0,0.00033,sector_c
2164.19027778,1.0058565851605068,0,0.00033,sector_c
2164.19166667,1.0060372274519789,0,0.00033,sector_c
2164.19305556,1.006265375503651,0,0.00033,sector_c
2164.19444444,1.005444513293546,0,0.00033,sector_c
2164.19583333,1.0060527409196736,0,0.00033,sector_c
2164.19722222,1.0062936191907097,0,0.00033,sector_c
2164.19861111,1.0056536877541382,0,0.00033,sector_c
2164.2,1.0056961267669953,0,0.00033,sector_c
2164.20138889,1.0059767340765269,0,0.00033,sector_c
2164.20277778,1.006199981660697,0,0.00033,sector_c
2164.20416667,1.0061504125384964,0,0.00033,sector_c
2164.20555556,1.0058557455479074,0,0.00033,sector_c
2164.20694444,1.0059760413264371,0,0.00033,sector_c
2164.20833333,1.00579090598819,0,0.00033,sector_c
2164.20972222,1.0056610601754485,0,0.00033,sector_c
2164.21111111,1.0058514327293364,0,0.00033,sector_c
2164.2125,1.0054650046724498,0,0.00033,sector_c
2164.21388889,1.0062586683322623,0,0.00033,sector_c
2164.21527778,1.0061704743375983,0,0.00033,sector_c
2164.21666667,1.0061000082765679,0,0.00033,sector_c
2164.21805556,1.0060586298778846,0,0.00033,sector_c
2164.21944444,1.0056280984835508,0,0.00033,sector_c
2164.22083333,1.0057374890252369,0,0.00033,sector_c
2164.22222222,1.0062361245566762,0,0.00033,sector_c
2164.22361111,1.0064669713458942,0,0.00033,sector_c
2164.225,1.0065622288373093,0,0.00033,sector_c
2164.22638889,1.005855247031194,0,0.00033,sector_c
2164.22777778,1.0056640815902609,0,0.00033,sector_c
2164.22916667,1.0056689647934778,0,0.00033,sector_c
2164.23055556,1.006049825602268,4096,0.00033,sector_c
2164.23194444,1.0058712256415727,0,0.00033,sector_c
2164.23333333,1.00563050676041,0,0.00033,sector_c
2164.23472222,1.0056801430502218,0,0.00033,sector_c
2164.23611111,1.0058839871868444,0,0.00033,sector_c
2164.2375,1.0057585407991443,0,0.00033,sector_c
2164.23888889,1.0059414517757406,0,0.00033,sector_c
2164.24027778,1.006477233626617,0,0.00033,sector_c
2164.24166667,1.0062265961001513,0,0.00033,sector_c
2164.24305556,1.0058288786473648,0,0.00033,sector_c
2164.24444444,1.0065875453626478,0,0.00033,sector_c
2164.24583333,1.0061279236709528,0,0.00033,sector_c
2164.24722222,1.0066075283761236,0,0.00033,sector_c
2164.24861111,1.0060733156506811,0,0.00033,sector_c
2164.25,1.0056706967607154,0,0.00033,sector_c
2164.25138889,1.00589781942068,0,0.00033,sector_c
2164.25277778,1.0060550908851256,0,0.00033,sector_c
2164.25416667,1.0060597253147847,0,0.00033,sector_c
2164.25555556,1.006050017590879,2048,0.00033,sector_c
2164.25694444,1.005671516229833,0,0.00033,sector_c
2164.25833333,1.0063594585219973,0,0.00033,sector_c
2164.25972222,1.0064610275840282,0,0.00033,sector_c
2164.26111111,1.0057508836634779,0,0.00033,sector_c
2164.2625,1.0059514406124654,0,0.00033,sector_c
2164.26388889,1.0058517268943532,0,0.00033,sector_c
2164.26527778,1.00581274917487,0,0.00033,sector_c
2164.26666667,1.0056836939192417,0,0.00033,sector_c
2164.26805556,1.0065410277101323,0,0.00033,sector_c
2164.26944444,1.0065765806007267,0,0.00033,sector_c
2164.27083333,1.0060163975878216,4096,0.00033,sector_c
2164.27222222,1.0057708975623432,0,0.00033,sector_c
2164.27361111,1.006015276424949,0,0.00033,sector_c
2164.275,1.0062186035500735,0,0.00033,sector_c
2164.27638889,1.0061776334570869,0,0.00033,sector_c
2164.27777778,1.0056753792906599,0,0.00033,sector_c
2164.27916667,1.0060969388939545,0,0.00033,sector_c
2164.28055556,1.0058684194783676,0,0.00033,sector_c
2164.28194444,1.005529988949505,0,0.00033,sector_c
2164.28333333,1.0056612594265877,0,0.00033,sector_c
2164.28472222,1.0060149124283155,0,0.00033,sector_c
2164.28611111,1.006146744297195,0,0.00033,sector_c
2164.2875,1.0065141373082591,0,0.00033,sector_c
2164.28888889,1.005771466669333,0,0.00033,sector_c
2164.29027778,1.0068664720910598,0,0.00033,sector_c
2164.29166667,1.0065686863980716,0,0.00033,sector_c
2164.29305556,1.0065785433885612,0,0.00033,sector_c
2164.29444444,1.006366983354784,0,0.00033,sector_c
2164.29583333,1.006346984346665,0,0.00033,sector_c
2164.29722222,1.0071563627174982,0,0.00033,sector_c
2164.29861111,1.0066880434768712,0,0.00033,sector_c
2164.3,1.0066203550825576,0,0.00033,sector_c
2164.30138889,1.005978463532143,0,0.00033,sector_c
2164.30277778,1.0062533102195381,0,0.00033,sector_c
2164.30416667,1.0058991933913206,0,0.00033,sector_c
2164.30555556,1.0063252414079125,0,0.00033,sector_c
2164.30694444,1.0058848535793596,0,0.00033,sector_c
2164.30833333,1.0061877447898262,0,0.00033,sector_c
2164.30972222,1.0059198768502433,0,0.00033,sector_c
2164.31111111,1.0061693973541341,0,0.00033,sector_c
2164.3125,1.006721012596202,0,0.00033,sector_c
2164.31388889,1.0064194803656665,0,0.00033,sector_c
2164.31527778,1.0058164441358464,0,0.00033,sector_c
2164.31666667,1.0062720911148777,0,0.00033,sector_c
2164.31805556,1.007004189646225,0,0.00033,sector_c
2164.31944444,1.006402317028521,0,0.00033,sector_c
2164.32083333,1.0056249911259312,0,0.00033,sector_c
2164.32222222,1.006102060234054,0,0.00033,sector_c
2164.32361111,1.0067732324118346,0,0.00033,sector_c
2164.325,1.0061086181141665,0,0.00033,sector_c
2164.32638889,1.0064464288333215,0,0.00033,sector_c
2164.32777778,1.0065085070591253,0,0.00033,sector_c
2164.32916667,1.0063162447442753,0,0.00033,sector_c
2164.33055556,1.0062032171914785,0,0.00033,sector_c
2164.33194444,1.005807052527402,0,0.00033,sector_c
2164.33333333,1.0061351316802176,0,0.00033,sector_c
2164.33472222,1.006645571803772,0,0.00033,sector_c
2164.33611111,1.0066940495361216,0,0.00033,sector_c
2164.3375,1.0069366041890573,0,0.00033,sector_c
2164.33888889,1.0066073435942726,0,0.00033,sector_c
2164.34027778,1.0064985678930412,0,0.00033,sector_c
2164.34166667,1.0066168186082936,0,0.00033,sector_c
2164.34305556,1.0066282643858495,0,0.00033,sector_c
2164.34444444,1.0068173983542243,0,0.00033,sector_c
2164.34583333,1.0059167711624664,0,0.00033,sector_c
2164.34722222,1.0065805516661885,0,0.00033,sector_c
2164.34861111,1.0067178453650707,0,0.00033,sector_c
2164.35,1.0058816340125518,0,0.00033,sector_c
2164.35138889,1.0062870798938643,0,0.00033,sector_c
2164.35277778,1.0060016822992648,0,0.00033,sector_c
2164.35416667,1.0063617316920435,0,0.00033,sector_c
2164.35555556,1.0060949971763749,0,0.00033,sector_c
2164.35694444,1.0066114241064288,0,0.00033,sector_c
2164.35833333,1.0060683576672156,0,0.00033,sector_c
2164.35972222,1.006544643719761,0,0.00033,sector_c
2164.36111111,1.0061955053257097,0,0.00033,sector_c
2164.3625,1.0069133236308137,0,0.00033,sector_c
2164.36388889,1.0057111276535813,0,0.00033,sector_c
2164.36527778,1.0068421277034785,0,0.00033,sector_c
2164.36666667,1.0066545231155142,0,0.00033,sector_c
2164.36805556,1.0069471112403383,0,0.00033,sector_c
2164.36944444,1.0059804215251171,0,0.00033,sector_c
2164.37083333,1.0063072949280754,0,0.00033,sector_c
2164.37222222,1.006577091705609,0,0.00033,sector_c
2164.37361111,1.006286659439048,0,0.00033,sector_c
2164.375,1.0062101346858394,0,0.00033,sector_c
2164.37638889,1.0063202429172655,0,0.00033,sector_c
2164.37777778,1.00639427857765,0,0.00033,sector_c
2164.37916667,1.0071738515859323,0,0.00033,sector_c
2164.38055556,1.0065684594059918,0,0.00033,sector_c
2164.38194444,1.0067031011123455,0,0.00033,sector_c
2164.38333333,1.0067007169537092,0,0.00033,sector_c
2164.38472222,1.006674579163901,0,0.00033,sector_c
2164.38611111,1.005973589440943,0,0.00033,sector_c
2164.3875,1.006477023485429,0,0.00033,sector_c
2164.38888889,1.0065721480952414,0,0.00033,sector_c
2164.39027778,1.0065452899266514,0,0.00033,sector_c
2164.39166667,1.0064472970589544,0,0.00033,sector_c
2164.39305556,1.0065755484244325,0,0.00033,sector_c
2164.39444444,1.0065958583114711,0,0.00033,sector_c
2164.39583333,1.0059103877093056,0,0.00033,sector_c
2164.39722222,1.0064818886885152,0,0.00033,sector_c
2164.39861111,1.0069011279764926,0,0.00033,sector_c
2164.4,1.0070397464769854,0,0.00033,sector_c
2164.40138889,1.006310711700078,0,0.00033,sector_c
2164.40277778,1.006456759157359,0,0.00033,sector_c
2164.40416667,1.006848020460227,0,0.00033,sector_c
2164.40555556,1.0068138920844183,0,0.00033,sector_c
2164.40694444,1.00655005476363,0,0.00033,sector_c
2164.40833333,1.006756238244266,0,0.00033,sector_c
2164.40972222,1.0068171045426673,0,0.00033,sector_c
2164.41111111,1.0061945652941757,0,0.00033,sector_c
2164.4125,1.006299841782461,0,0.00033,sector_c
2164.41388889,1.0060656795727534,0,0.00033,sector_c
2164.41527778,1.0064700349420026,0,0.00033,sector_c
2164.41666667,1.0066518896631147,0,0.00033,sector_c
2164.41805556,1.0060702442061118,0,0.00033,sector_c
2164.41944444,1.0065843764027869,0,0.00033,sector_c
2164.42083333,1.006878277968325,0,0.00033,sector_c
2164.42222222,1.0062038600122771,0,0.00033,sector_c
2164.42361111,1.006598597872497,0,0.00033,sector_c
2164.425,1.0067933385649588,0,0.00033,sector_c
2164.42638889,1.0067133140175926,0,0.00033,sector_c
2164.42777778,1.0068064930263674,0,0.00033,sector_c
2164.42916667,1.0070198347142971,0,0.00033,sector_c
2164.43055556,1.0061411912489795,0,0.00033,sector_c
2164.43194444,1.0067515031086096,0,0.00033,sector_c
2164.43333333,1.0068863987753336,0,0.00033,sector_c
2164.43472222,1.006760869776832,0,0.00033,sector_c
2164.43611111,1.0067128456783645,0,0.00033,sector_c
2164.4375,1.0067172564161533,0,0.00033,sector_c
2164.43888889,1.006429194299355,0,0.00033,sector_c
2164.44027778,1.006632696008087,0,0.00033,sector_c
2164.44166667,1.0068350563790531,0,0.00033,sector_c
2164.44305556,1.0062888635843996,0,0.00033,sector_c
2164.44444444,1.0064288816378895,0,0.00033,sector_c
2164.44583333,1.006552893950273,0,0.00033,sector_c
2164.44722222,1.0067450526677297,0,0.00033,sector_c
2164.44861111,1.0063057816433298,0,0.00033,sector_c
2164.45,1.0067771345877523,0,0.00033,sector_c
2164.45138889,1.00648220895198,0,0.00033,sector_c
2164.45277778,1.006242480417356,0,0.00033,sector_c
2164.45416667,1.007045667310276,0,0.00033,sector_c
2164.45555556,1.0068439063192707,0,0.00033,sector_c
2164.45694444,1.006977403164637,0,0.00033,sector_c
2164.45833333,1.0067121326166983,0,0.00033,sector_c
2164.45972222,1.006277078220998,0,0.00033,sector_c
2164.46111111,1.0063697284394189,0,0.00033,sector_c
2164.4625,1.0068994023454076,0,0.00033,sector_c
2164.46388889,1.0069942812046364,0,0.00033,sector_c
2164.46527778,1.0065897847906462,0,0.00033,sector_c
2164.46666667,1.0073991800221196,0,0.00033,sector_c
2164.46805556,1.0069075516131825,0,0.00033,sector_c
2164.46944444,1.0065514728447176,0,0.00033,sector_c
2164.47083333,1.005934482182175,0,0.00033,sector_c
2164.47222222,1.0067566055777337,0,0.00033,sector_c
2164.47361111,1.0070158391527038,0,0.00033,sector_c
2164.475,1.0066311005789392,0,0.00033,sector_c
2164.47638889,1.0069434036852003,0,0.00033,sector_c
2164.47777778,1.0068374229212151,0,0.00033,sector_c
2164.47916667,1.0066295689246796,0,0.00033,sector_c
2164.48055556,1.0066985802450965,0,0.00033,sector_c
2164.48194444,1.006692775679639,0,0.00033,sector_c
2164.48333333,1.0069957225602266,0,0.00033,sector_c
2164.48472222,1.0071592438702472,0,0.00033,sector_c
2164.48611111,1.006636263738645,0,0.00033,sector_c
2164.4875,1.0068169859766136,0,0.00033,sector_c
2164.48888889,1.0065874586606887,0,0.00033,sector_c
2164.49027778,1.0069340091025718,0,0.00033,sector_c
2164.49166667,1.0070280262004945,0,0.00033,sector_c
2164.49305556,1.0069839230252648,0,0.00033,sector_c
2164.49444444,1.0070353892906927,0,0.00033,sector_c
2164.49583333,1.0071259765982654,0,0.00033,sector_c
2164.49722222,1.006983023633715,0,0.00033,sector_c
2164.49861111,1.0071018709353041,0,0.00033,sector_c
2164.5,1.0068272850550586,0,0.00033,sector_c
2164.50138889,1.0064104566018843,0,0.00033,sector_c
2164.50277778,1.0064376499352308,0,0.00033,sector_c
2164.50416667,1.0065341874885345,0,0.00033,sector_c
2164.50555556,1.0065612604738892,0,0.00033,sector_c
2164.50694444,1.0071553892356504,0,0.00033,sector_c
2164.50833333,1.0067720609753505,0,0.00033,sector_c
2164.50972222,1.0070815201682,0,0.00033,sector_c
2164.51111111,1.0066920823176384,0,0.00033,sector_c
2164.5125,1.0073847792038697,0,0.00033,sector_c
2164.51388889,1.0072409999488872,0,0.00033,sector_c
2164.51527778,1.0059899892652773,0,0.00033,sector_c
2164.51666667,1.0066529052013065,0,0.00033,sector_c
2164.51805556,1.0064383010389597,0,0.00033,sector_c
2164.51944444,1.0073743671770528,0,0.00033,sector_c
2164.52083333,1.0069595385525205,0,0.00033,sector_c
2164.52222222,1.0070078859402603,0,0.00033,sector_c
2164.52361111,1.0068192572190255,0,0.00033,sector_c
2164.525,1.0065963186751092,0,0.00033,sector_c
2164.52638889,1.0071697295254285,0,0.00033,sector_c
2164.52777778,1.0066333080035414,0,0.00033,sector_c
2164.52916667,1.006871852418774,0,0.00033,sector_c
2164.53055556,1.0067594616702196,0,0.00033,sector_c
2164.53194444,1.0070341080561203,2048,0.00033,sector_c
2164.53333333,1.007261784020415,0,0.00033,sector_c
2164.53472222,1.0064946770197094,0,0.00033,sector_c
2164.53611111,1.0067671801213214,0,0.00033,sector_c
2164.5375,1.0066230348298966,0,0.00033,sector_c
2164.53888889,1.0063217088382572,0,0.00033,sector_c
2164.54027778,1.0062263418327866,0,0.00033,sector_c
2164.54166667,1.007497570390729,0,0.00033,sector_c
2164.54305556,1.0066297678865688,0,0.00033,sector_c
2164.54444444,1.0068846651500067,0,0.00033,sector_c
2164.54583333,1.0070537505543165,0,0.00033,sector_c
2164.54722222,1.0072517852909066,0,0.00033,sector_c
2164.54861111,1.0070046941019983,0,0.00033,sector_c
2164.55,1.0070704142646119,0,0.00033,sector_c
2164.55138889,1.0069954667235403,0,0.00033,sector_c
2164.55277778,1.0066521465217517,0,0.00033,sector_c
2164.55416667,1.0070999190416383,0,0.00033,sector_c
2164.55555556,1.0065457369188504,0,0.00033,sector_c
2164.55694444,1.006714061462931,0,0.00033,sector_c
2164.55833333,1.006691478333664,0,0.00033,sector_c
2164.55972222,1.0069483014106606,0,0.00033,sector_c
2164.56111111,1.0072485036900154,0,0.00033,sector_c
2164.5625,1.0064540595828173,0,0.00033,sector_c
2164.56388889,1.0070961812524906,0,0.00033,sector_c
2164.56527778,1.0060704994889562,0,0.00033,sector_c
2164.56666667,1.0070967450509727,0,0.00033,sector_c
2164.56805556,1.0067259001488573,0,0.00033,sector_c
2164.56944444,1.0068410435937953,0,0.00033,sector_c
2164.57083333,1.0069623985440495,0,0.00033,sector_c
2164.57222222,1.0070118097401037,0,0.00033,sector_c
2164.57361111,1.0070129671278583,0,0.00033,sector_c
2164.575,1.0069270279072973,0,0.00033,sector_c
2164.57638889,1.007291178610947,0,0.00033,sector_c
2164.57777778,1.0072067668999685,0,0.00033,sector_c
2164.57916667,1.0070549846549954,0,0.00033,sector_c
2164.58055556,1.006982657644781,0,0.00033,sector_c
2164.58194444,1.0070274728183284,0,0.00033,sector_c
2164.58333333,1.007229600069404,0,0.00033,sector_c
2164.58472222,1.0074258536206848,0,0.00033,sector_c
2164.58611111,1.0069697392998882,0,0.00033,sector_c
2164.5875,1.0067868830065603,0,0.00033,sector_c
2164.58888889,1.0066099712649468,0,0.00033,sector_c
2164.59027778,1.0073130621330804,0,0.00033,sector_c
2164.59166667,1.006823313944286,0,0.00033,sector_c
2164.59305556,1.0065308760657972,0,0.00033,sector_c
2164.59444444,1.0071679828351374,0,0.00033,sector_c
2164.59583333,1.0071379598431822,0,0.00033,sector_c
2164.59722222,1.0066156150724765,0,0.00033,sector_c
2164.59861111,1.0070313515416571,0,0.00033,sector_c
2164.6,1.0071145654060687,0,0.00033,sector_c
2164.60138889,1.0071582940870765,0,0.00033,sector_c
2164.60277778,1.0068083037482927,0,0.00033,sector_c
2164.60416667,1.0064091769052168,0,0.00033,sector_c
2164.60555556,1.0072646582157228,0,0.00033,sector_c
2164.60694444,1.0065535287931766,0,0.00033,sector_c
2164.60833333,1.007170727885402,0,0.00033,sector_c
2164.60972222,1.0074014460988627,0,0.00033,sector_c
2164.61111111,1.0067182680261437,0,0.00033,sector_c
2164.6125,1.007237608595488,0,0.00033,sector_c
2164.61388889,1.0071074251187089,0,0.00033,sector_c
2164.61527778,1.0071220200391768,0,0.00033,sector_c
2164.61666667,1.0066611355204458,0,0.00033,sector_c
2164.61805556,1.007519496617591,0,0.00033,sector_c
2164.61944444,1.0070823096085573,0,0.00033,sector_c
2164.62083333,1.0066244021459048,0,0.00033,sector_c
2164.62222222,1.0071567387258429,0,0.00033,sector_c
2164.62361111,1.0071601944153379,0,0.00033,sector_c
2164.625,1.0067242141032928,0,0.00033,sector_c
2164.62638889,1.0066882048124806,0,0.00033,sector_c
2164.62777778,1.0070823427649982,0,0.00033,sector_c
2164.62916667,1.0073447535600573,0,0.00033,sector_c
2164.63055556,1.0070628024376007,0,0.00033,sector_c
2164.63194444,1.006671292495771,0,0.00033,sector_c
2164.63333333,1.0070430711613982,0,0.00033,sector_c
2164.63472222,1.0071540383747595,0,0.00033,sector_c
2164.63611111,1.0079299270098185,0,0.00033,sector_c
2164.6375,1.0070721964018248,0,0.00033,sector_c
2164.63888889,1.0069223671382392,0,0.00033,sector_c
2164.64027778,1.0071312947671043,0,0.00033,sector_c
2164.64166667,1.0076665404980925,0,0.00033,sector_c
2164.64305556,1.0068976502015001,0,0.00033,sector_c
2164.64444444,1.0065966921178082,0,0.00033,sector_c
2164.64583333,1.0069020923760486,0,0.00033,sector_c
2164.64722222,1.007615334186152,0,0.00033,sector_c
2164.64861111,1.0070938192695342,0,0.00033,sector_c
2164.65,1.0072133451297183,0,0.00033,sector_c
2164.65138889,1.0069905757262922,0,0.00033,sector_c
2164.65277778,1.007223547861177,0,0.00033,sector_c
2164.65416667,1.0072258697259484,0,0.00033,sector_c
2164.65555556,1.0073080746342868,0,0.00033,sector_c
2164.65694444,1.006656374531711,0,0.00033,sector_c
2164.65833333,1.0066727663678627,0,0.00033,sector_c
2164.65972222,1.0075612551262452,0,0.00033,sector_c
2164.66111111,1.0070357095060352,0,0.00033,sector_c
2164.6625,1.0073558250792514,0,0.00033,sector_c
2164.66388889,1.0071330236655454,0,0.00033,sector_c
2164.66527778,1.0073145933891459,0,0.00033,sector_c
2164.66666667,1.0067280413075226,0,0.00033,sector_c
2164.66805556,1.0064213774135518,0,0.00033,sector_c
2164.66944444,1.006504621426577,0,0.00033,sector_c
2164.67083333,1.0073200717332964,0,0.00033,sector_c
2164.67222222,1.0072975903455545,0,0.00033,sector_c
2164.67361111,1.0068511631268773,0,0.00033,sector_c
2164.675,1.006917492393778,0,0.00033,sector_c
2164.67638889,1.006989042736868,0,0.00033,sector_c
2164.67777778,1.0069016423276147,0,0.00033,sector_c
2164.67916667,1.0072413118350698,0,0.00033,sector_c
2164.68055556,1.0074473991768524,0,0.00033,sector_c
2164.68194444,1.00718260710218,0,0.00033,sector_c
2164.68333333,1.0071129037935018,0,0.00033,sector_c
2164.68472222,1.0065236645280267,0,0.00033,sector_c
2164.68611111,1.0072760524634445,0,0.00033,sector_c
2164.6875,1.0069527798722888,0,0.00033,sector_c
2164.68888889,1.0070174261534408,0,0.00033,sector_c
2164.69027778,1.0072867631379518,0,0.00033,sector_c
2164.69166667,1.0072224897317417,0,0.00033,sector_c
2164.69305556,1.0070813459358814,0,0.00033,sector_c
2164.69444444,1.0065211688367333,0,0.00033,sector_c
2164.69583333,1.0066868627542978,0,0.00033,sector_c
2164.69722222,1.006678724560768,4096,0.00033,sector_c
2164.69861111,1.0074086288543327,0,0.00033,sector_c
2164.7,1.0070623535617893,0,0.00033,sector_c
2164.70138889,1.0063559783718405,0,0.00033,sector_c
2164.70277778,1.0070814554383853,0,0.00033,sector_c
2164.70416667,1.0073994773228994,0,0.00033,sector_c
2164.70555556,1.0073697249322922,0,0.00033,sector_c
2164.70694444,1.0065116839154986,0,0.00033,sector_c
2164.70833333,1.0074662987544005,0,0.00033,sector_c
2164.70972222,1.0070568133114568,0,0.00033,sector_c
2164.71111111,1.007484543118162,0,0.00033,sector_c
2164.7125,1.007622151848615,0,0.00033,sector_c
2164.71388889,1.0077139485787385,0,0.00033,sector_c
2164.71527778,1.0072381064299427,0,0.00033,sector_c
2164.71666667,1.0067932719957262,0,0.00033,sector_c
2164.71805556,1.0064183647566658,0,0.00033,sector_c
2164.71944444,1.0074002367861805,0,0.00033,sector_c
2164.72083333,1.0077185583686885,0,0.00033,sector_c
2164.72222222,1.0074700501601614,0,0.00033,sector_c
2164.72361111,1.0071139526236386,0,0.00033,sector_c
2164.725,1.007135889758805,0,0.00033,sector_c
2164.72638889,1.0072964811339964,0,0.00033,sector_c
2164.72777778,1.0072629278176592,0,0.00033,sector_c
2164.72916667,1.0069228285466505,0,0.00033,sector_c
2164.73055556,1.0066271754307003,0,0.00033,sector_c
2164.73194444,1.0073464081671517,0,0.00033,sector_c
2164.73333333,1.0069492862426905,0,0.00033,sector_c
2164.73472222,1.007046998289925,0,0.00033,sector_c
2164.73611111,1.0068840932591145,0,0.00033,sector_c
2164.7375,1.0075543342378441,0,0.00033,sector_c
2164.73888889,1.006471168103175,0,0.00033,sector_c
2164.74027778,1.0070619584083829,0,0.00033,sector_c
2164.74166667,1.0074367992223159,0,0.00033,sector_c
2164.74305556,1.0070247682513767,0,0.00033,sector_c
2164.74444444,1.0070527846577786,0,0.00033,sector_c
2164.74583333,1.0067107195825773,0,0.00033,sector_c
2164.74722222,1.0072425289715647,0,0.00033,sector_c
2164.74861111,1.0071954364852551,0,0.00033,sector_c
2164.75,1.0068378006354417,0,0.00033,sector_c
2164.75138889,1.006734771144792,0,0.00033,sector_c
2164.75277778,1.0071520138751704,0,0.00033,sector_c
2164.75416667,1.0069856789957814,0,0.00033,sector_c
2164.75555556,1.007002589869559,0,0.00033,sector_c
2164.75694444,1.0070041566783459,0,0.00033,sector_c
2164.75833333,1.0077988623661633,0,0.00033,sector_c
2164.75972222,1.007192752592237,0,0.00033,sector_c
2164.76111111,1.007455241393381,0,0.00033,sector_c
2164.7625,1.0073812139589224,0,0.00033,sector_c
2164.76388889,1.0073447014393027,0,0.00033,sector_c
2164.76527778,1.0071226824553638,0,0.00033,sector_c
2164.76666667,1.0072582386079876,0,0.00033,sector_c
2164.76805556,1.0070034054473276,0,0.00033,sector_c
2164.76944444,1.006898700954737,0,0.00033,sector_c
2164.77083333,1.0077662865876529,0,0.00033,sector_c
2164.77222222,1.007366110337542,0,0.00033,sector_c
2164.77361111,1.0073915404102007,0,0.00033,sector_c
2164.775,1.00672804281423,0,0.00033,sector_c
2164.77638889,1.0069684337126388,0,0.00033,sector_c
2164.77777778,1.0072138133163335,0,0.00033,sector_c
2164.77916667,1.0075451243016385,0,0.00033,sector_c
2164.78055556,1.0071704135690451,0,0.00033,sector_c
2164.78194444,1.0070960156997595,0,0.00033,sector_c
2164.78333333,1.0074539448240012,0,0.00033,sector_c
2164.78472222,1.006624618698081,0,0.00033,sector_c
2164.78611111,1.0071032037888803,0,0.00033,sector_c
2164.7875,1.0066041933346468,0,0.00033,sector_c
2164.78888889,1.0071851651221126,0,0.00033,sector_c
2164.79027778,1.0071923544844659,0,0.00033,sector_c
2164.79166667,1.0068414463204316,0,0.00033,sector_c
2164.79305556,1.007276607915681,0,0.00033,sector_c
2164.79444444,1.0080442412619721,0,0.00033,sector_c
2164.79583333,1.0069754611966202,0,0.00033,sector_c
2164.79722222,1.0070579380992777,0,0.00033,sector_c
2164.79861111,1.0068656199798698,0,0.00033,sector_c
2164.8,1.007700585917071,0,0.00033,sector_c
2164.80138889,1.0069349123795452,0,0.00033,sector_c
2164.80277778,1.007345341253356,0,0.00033,sector_c
2164.80416667,1.007117470561963,0,0.00033,sector_c
2164.80555556,1.0073712698340738,0,0.00033,sector_c
2164.80694444,1.007076767232652,0,0.00033,sector_c
2164.80833333,1.0067037915729,0,0.00033,sector_c
2164.80972222,1.0073467011229735,0,0.00033,sector_c
2164.81111111,1.0072358697698158,0,0.00033,sector_c
2164.8125,1.0070328547559033,0,0.00033,sector_c
2164.81388889,1.0072004475806169,0,0.00033,sector_c
2164.81527778,1.0076012576167213,0,0.00033,sector_c
2164.81666667,1.0069264483043021,0,0.00033,sector_c
2164.81805556,1.0067073006126763,0,0.00033,sector_c
2164.81944444,1.00703303068429,0,0.00033,sector_c
2164.82083333,1.0070947549978904,0,0.00033,sector_c
2164.82222222,1.0073486799679237,0,0.00033,sector_c
2164.82361111,1.007685529956234,0,0.00033,sector_c
2164.825,1.0074831711390348,0,0.00033,sector_c
2164.82638889,1.0072843299786631,0,0.00033,sector_c
2164.82777778,1.00687967743887,0,0.00033,sector_c
2164.82916667,1.0075033921720138,0,0.00033,sector_c
2164.83055556,1.0072555110245593,0,0.00033,sector_c
2164.83194444,1.0071017954220243,0,0.00033,sector_c
2164.83333333,1.0069726109636625,0,0.00033,sector_c
2164.83472222,1.0071166018575362,0,0.00033,sector_c
2164.83611111,1.0069231614791474,0,0.00033,sector_c
2164.8375,1.007511884271733,0,0.00033,sector_c
2164.83888889,1.006925184888363,0,0.00033,sector_c
2164.84027778,1.0073136761710033,0,0.00033,sector_c
2164.84166667,1.0068071462585195,0,0.00033,sector_c
2164.84305556,1.0078495145445339,0,0.00033,sector_c
2164.84444444,1.0069602795318842,0,0.00033,sector_c
2164.84583333,1.0066793142603434,0,0.00033,sector_c
2164.84722222,1.0067432295886383,0,0.00033,sector_c
2164.84861111,1.0069818260642336,0,0.00033,sector_c
2164.85,1.0073736400080946,0,0.00033,sector_c
2164.85138889,1.0073193100220883,0,0.00033,sector_c
2164.85277778,1.006907793285712,0,0.00033,sector_c
2164.85416667,1.0063179597443928,0,0.00033,sector_c
2164.85555556,1.0069511921383947,0,0.00033,sector_c
2164.85694444,1.0061774607982898,0,0.00033,sector_c
2164.85833333,1.007231807817674,0,0.00033,sector_c
2164.85972222,1.0068398481482763,0,0.00033,sector_c
2164.86111111,1.0071397052802726,0,0.00033,sector_c
2164.8625,1.0076559354750543,0,0.00033,sector_c
2164.86388889,1.007183373648329,0,0.00033,sector_c
2164.86527778,1.0073031669598211,0,0.00033,sector_c
2164.86666667,1.0069899215467608,0,0.00033,sector_c
2164.86805556,1.0075320468798823,0,0.00033,sector_c
2164.86944444,1.0072785205285562,0,0.00033,sector_c
2164.87083333,1.0065075379061177,0,0.00033,sector_c
2164.87222222,1.0072913988336705,0,0.00033,sector_c
2164.87361111,1.0066842273271117,0,0.00033,sector_c
2164.875,1.0072664008466008,0,0.00033,sector_c
2164.87638889,1.0068178364069322,0,0.00033,sector_c
2164.87777778,1.0073521882741536,0,0.00033,sector_c
2164.87916667,1.0069720721767532,0,0.00033,sector_c
2164.88055556,1.0066324533697018,0,0.00033,sector_c
2164.88194444,1.0066029841900388,0,0.00033,sector_c
2164.88333333,1.0068445082273547,0,0.00033,sector_c
2164.88472222,1.006982841774309,0,0.00033,sector_c
2164.88611111,1.0072566487246892,0,0.00033,sector_c
2164.8875,1.0069303202395399,0,0.00033,sector_c
2164.88888889,1.0073454301626428,0,0.00033,sector_c
2164.89027778,1.0075018555380826,0,0.00033,sector_c
2164.89166667,1.0073563214694878,0,0.00033,sector_c
2164.89305556,1.0069232971003375,0,0.00033,sector_c
2164.89444444,1.006815067863581,0,0.00033,sector_c
2164.89583333,1.0075037363519577,0,0.00033,sector_c
2164.89722222,1.0067715217153863,0,0.00033,sector_c
2164.89861111,1.0070686511507176,0,0.00033,sector_c
2164.9,1.0073563242689816,0,0.00033,sector_c
2164.90138889,1.0072332629262586,0,0.00033,sector_c
2164.90277778,1.0069413321249696,0,0.00033,sector_c
2164.90416667,1.0069140211624623,0,0.00033,sector_c
2164.90555556,1.007273579763114,0,0.00033,sector_c
2164.90694444,1.0070309571780018,0,0.00033,sector_c
2164.90833333,1.0071021203218804,0,0.00033,sector_c
2164.90972222,1.0071886325884918,0,0.00033,sector_c
2164.91111111,1.0073061729912514,0,0.00033,sector_c
2164.9125,1.0068325295111564,0,0.00033,sector_c
2164.91388889,1.0071353525827615,0,0.00033,sector_c
2164.91527778,1.007402801393327,0,0.00033,sector_c
2164.91666667,1.0067792130506135,0,0.00033,sector_c
2164.91805556,1.0063326413859366,0,0.00033,sector_c
2164.91944444,1.007323437197281,0,0.00033,sector_c
2164.92083333,1.0070575447645458,0,0.00033,sector_c
2164.92222222,1.0069276064242991,0,0.00033,sector_c
2164.92361111,1.0068899849391915,0,0.00033,sector_c
2164.925,1.0074080935752685,0,0.00033,sector_c
2164.92638889,1.0070656121771282,0,0.00033,sector_c
2164.92777778,1.0069859147270916,0,0.00033,sector_c
2164.92916667,1.0071653140267185,0,0.00033,sector_c
2164.93055556,1.0076620821374906,0,0.00033,sector_c
2164.93194444,1.007084552282824,0,0.00033,sector_c
2164.93333333,1.0076276677519163,0,0.00033,sector_c
2164.93472222,1.0078838636908454,0,0.00033,sector_c
2164.93611111,1.0074531354149907,0,0.00033,sector_c
2164.9375,1.0077190067064132,0,0.00033,sector_c
2164.93888889,1.0076685901237297,0,0.00033,sector_c
2164.94027778,1.0074069443177933,0,0.00033,sector_c
2164.94166667,1.0076199972393631,0,0.00033,sector_c
2164.94305556,1.0065365566100215,0,0.00033,sector_c
2164.94444444,1.0070970691502803,0,0.00033,sector_c
2164.94583333,1.0070178470167737,0,0.00033,sector_c
2164.94722222,1.0073749365600992,0,0.00033,sector_c
2164.94861111,1.006666976715978,0,0.00033,sector_c
2164.95,1.006625535582508,0,0.00033,sector_c
2164.95138889,1.0072587584011694,0,0.00033,sector_c
2164.95277778,1.0070552276580857,0,0.00033,sector_c
2164.95416667,1.0069306688316342,0,0.00033,sector_c
2164.95555556,1.0075731073042955,0,0.00033,sector_c
2164.95694444,1.0071513726691164,0,0.00033,sector_c
2164.95833333,1.007080246631092,0,0.00033,sector_c
2164.95972222,1.0070684197239201,0,0.00033,sector_c
2164.96111111,1.00707157481883,0,0.00033,sector_c
2164.9625,1.0068809603368993,0,0.00033,sector_c
2164.96388889,1.0071622206546085,0,0.00033,sector_c
2164.96527778,1.0061675025137224,0,0.00033,sector_c
2164.96666667,1.0073118003116062,0,0.00033,sector_c
2164.96805556,1.0066263797979422,0,0.00033,sector_c
2164.96944444,1.0069977012135847,0,0.00033,sector_c
2164.97083333,1.007523208677741,0,0.00033,sector_c
2164.97222222,1.0080300695716178,0,0.00033,sector_c
2164.97361111,1.0067021621545063,0,0.00033,sector_c
2164.975,1.007228370632646,0,0.00033,sector_c
2164.97638889,1.0074465305841327,0,0.00033,sector_c
2164.97777778,1.007295690664299,0,0.00033,sector_c
2164.97916667,1.0069025380207222,0,0.00033,sector_c
2164.98055556,1.0071031772816497,0,0.00033,sector_c
2164.98194444,1.006660910573034,0,0.00033,sector_c
2164.98333333,1.006629226677166,0,0.00033,sector_c
2164.98472222,1.007237059317798,0,0.00033,sector_c
2164.98611111,1.0071195456366004,0,0.00033,sector_c
2164.9875,1.0070000206630483,0,0.00033,sector_c
2164.98888889,1.0067599897478918,0,0.00033,sector_c
2164.99027778,1.0075554719725908,0,0.00033,sector_c
2164.99166667,1.006906463035179,0,0.00033,sector_c
2164.99305556,1.006366047185592,0,0.00033,sector_c
2164.99444444,1.0069150437140666,0,0.00033,sector_c
2164.99583333,1.0066291534683336,0,0.00033,sector_c
2164.99722222,1.0074962993276386,0,0.00033,sector_c
2164.99861111,1.0073197051944607,0,0.00033,sector_c
2165.0,1.0071316848582477,0,0.00033,sector_c
2165.00138889,1.006965015868169,0,0.00033,sector_c
2165.00277778,1.0075298643322088,0,0.00033,sector_c
2165.00416667,1.0070767210971714,0,0.00033,sector_c
2165.00555556,1.007463639556998,0,0.00033,sector_c
2165.00694444,1.00668215192805,0,0.00033,sector_c
2165.00833333,1.0070797264961513,0,0.00033,sector_c
2165.00972222,1.007034365222241,0,0.00033,sector_c
2165.01111111,1.007404155168861,0,0.00033,sector_c
2165.0125,1.007432791924951,0,0.00033,sector_c
2165.01388889,1.0068653913993504,0,0.00033,sector_c
2165.01527778,1.0071344356597414,0,0.00033,sector_c
2165.01666667,1.006677618321701,0,0.00033,sector_c
2165.01805556,1.0067505667401209,0,0.00033,sector_c
2165.01944444,1.007215582730332,0,0.00033,sector_c
2165.02083333,1.006787039341613,0,0.00033,sector_c
2165.02222222,1.0071566265673708,0,0.00033,sector_c
2165.02361111,1.0065512734066717,0,0.00033,sector_c
2165.025,1.0067480644406503,0,0.00033,sector_c
2165.02638889,1.0070729296880534,0,0.00033,sector_c
2165.02777778,1.0065792190940583,0,0.00033,sector_c
2165.02916667,1.006880730935286,0,0.00033,sector_c
2165.03055556,1.0073224525958655,0,0.00033,sector_c
2165.03194444,1.0072328410830698,0,0.00033,sector_c
2165.03333333,1.0071080594963184,0,0.00033,sector_c
2165.03472222,1.006891503730054,0,0.00033,sector_c
2165.03611111,1.0074218550354985,0,0.00033,sector_c
2165.0375,1.0064109748623182,0,0.00033,sector_c
2165.03888889,1.007423623154647,0,0.00033,sector_c
2165.04027778,1.0066568466751868,0,0.00033,sector_c
2165.04166667,1.0070360955017232,0,0.00033,sector_c
2165.04305556,1.0076421913383344,4096,0.00033,sector_c
2165.04444444,1.0072780785495064,0,0.00033,sector_c
2165.04583333,1.0071576456090146,0,0.00033,sector_c
2165.04722222,1.0069259935279702,0,0.00033,sector_c
2165.04861111,1.0073718813429893,0,0.00033,sector_c
2165.05,1.007330775897182,0,0.00033,sector_c
2165.05138889,1.0065062986651876,0,0.00033,sector_c
2165.05277778,1.0069638866863655,0,0.00033,sector_c
2165.05416667,1.0073190635291471,0,0.00033,sector_c
2165.05555556,1.0065534602920396,0,0.00033,sector_c
2165.05694444,1.0074169631806895,0,0.00033,sector_c
2165.05833333,1.0071090893259322,0,0.00033,sector_c
2165.05972222,1.0072143938303475,0,0.00033,sector_c
2165.06111111,1.0077729483018927,0,0.00033,sector_c
2165.0625,1.0069890617013686,0,0.00033,sector_c
2165.06388889,1.0069213822099878,0,0.00033,sector_c
2165.06527778,1.0072026962105838,0,0.00033,sector_c
2165.06666667,1.0067593942312525,0,0.00033,sector_c
2165.06805556,1.0071648594313574,0,0.00033,sector_c
2165.06944444,1.0064100012734525,0,0.00033,sector_c
2165.07083333,1.0075728916393554,0,0.00033,sector_c
2165.07222222,1.007390870127888,0,0.00033,sector_c
2165.07361111,1.0073102433145764,0,0.00033,sector_c
2165.075,1.006890830270552,0,0.00033,sector_c
2165.07638889,1.0070508117762633,0,0.00033,sector_c
2165.07777778,1.0067328820764314,0,0.00033,sector_c
2165.07916667,1.0064873975049728,0,0.00033,sector_c
2165.08055556,1.0070032274396197,0,0.00033,sector_c
2165.08194444,1.0069241494514343,0,0.00033,sector_c
2165.08333333,1.0071495518131854,0,0.00033,sector_c
2165.08472222,1.0068583707339094,0,0.00033,sector_c
2165.08611111,1.0072020818590441,0,0.00033,sector_c
2165.0875,1.0070037705784851,0,0.00033,sector_c
2165.08888889,1.0066923227237556,0,0.00033,sector_c
2165.09027778,1.007301663930226,0,0.00033,sector_c
2165.09166667,1.0070383883107423,0,0.00033,sector_c
2165.09305556,1.0074557427909878,0,0.00033,sector_c
2165.09444444,1.0072754849826535,0,0.00033,sector_c
2165.09583333,1.0070499750177901,0,0.00033,sector_c
2165.09722222,1.0068637013673583,0,0.00033,sector_c
2165.09861111,1.0072982393039658,0,0.00033,sector_c
2165.1,1.0070309715881318,0,0.00033,sector_c
2165.10138889,1.0067280301890513,0,0.00033,sector_c
2165.10277778,1.0069459768030573,0,0.00033,sector_c
2165.10416667,1.0071452368627976,0,0.00033,sector_c
2165.10555556,1.0066812204236673,0,0.00033,sector_c
2165.10694444,1.0070060110713321,0,0.00033,sector_c
2165.10833333,1.0073877648476477,0,0.00033,sector_c
2165.10972222,1.0070042360943516,0,0.00033,sector_c
2165.11111111,1.0071672380057564,0,0.00033,sector_c
2165.1125,1.007111831298858,0,0.00033,sector_c
2165.11388889,1.00696329146553,0,0.00033,sector_c
2165.11527778,1.0068809392469793,0,0.00033,sector_c
2165.11666667,1.0069469225727676,0,0.00033,sector_c
2165.11805556,1.0065496028109768,0,0.00033,sector_c
2165.11944444,1.0067209820790564,0,0.00033,sector_c
2165.12083333,1.0065541559114777,0,0.00033,sector_c
2165.12222222,1.0072473770195678,0,0.00033,sector_c
2165.12361111,1.0073897997169996,0,0.00033,sector_c
2165.125,1.0067418703593047,0,0.00033,sector_c
2165.12638889,1.007010347366247,0,0.00033,sector_c
2165.12777778,1.0071299613716673,0,0.00033,sector_c
2165.12916667,1.0069851334807531,0,0.00033,sector_c
2165.13055556,1.0072982602489686,0,0.00033,sector_c
2165.13194444,1.0067345074077592,0,0.00033,sector_c
2165.13333333,1.0071900484673664,0,0.00033,sector_c
2165.13472222,1.0064112025813816,0,0.00033,sector_c
2165.13611111,1.006732525166754,0,0.00033,sector_c
2165.1375,1.0068585171209117,0,0.00033,sector_c
2165.13888889,1.006562296812339,0,0.00033,sector_c
2165.14027778,1.0071415501065404,0,0.00033,sector_c
2165.14166667,1.0066436998043957,0,0.00033,sector_c
2165.14305556,1.0068909941769442,0,0.00033,sector_c
2165.14444444,1.0071573128598448,0,0.00033,sector_c
2165.14583333,1.0069363887562042,0,0.00033,sector_c
2165.14722222,1.0063577703387887,0,0.00033,sector_c
2165.14861111,1.0068957582832596,0,0.00033,sector_c
2165.15,1.0069357160155055,0,0.00033,sector_c
2165.15138889,1.0064154727299583,0,0.00033,sector_c
2165.15277778,1.0068381441963592,0,0.00033,sector_c
2165.15416667,1.0066691724706152,0,0.00033,sector_c
2165.15555556,1.0064223169290942,0,0.00033,sector_c
2165.15694444,1.0063944842542238,0,0.00033,sector_c
2165.15833333,1.006871123009228,0,0.00033,sector_c
2165.15972222,1.0068447425361848,0,0.00033,sector_c
2165.16111111,1.0072854077259548,0,0.00033,sector_c
2165.1625,1.0068130392686496,0,0.00033,sector_c
2165.16388889,1.0067447098333944,0,0.00033,sector_c
2165.16527778,1.0067424213908673,0,0.00033,sector_c
2165.16666667,1.0074336313043357,0,0.00033,sector_c
2165.16805556,1.0071735278426943,0,0.00033,sector_c
2165.16944444,1.006331350509731,0,0.00033,sector_c
2165.17083333,1.006671157157512,0,0.00033,sector_c
2165.17222222,1.0074302534221042,0,0.00033,sector_c
2165.17361111,1.0069294963944952,4096,0.00033,sector_c
2165.175,1.0068196874738848,0,0.00033,sector_c
2165.17638889,1.0068371725103773,0,0.00033,sector_c
2165.17777778,1.0071526895557117,0,0.00033,sector_c
2165.17916667,1.0070939116949458,0,0.00033,sector_c
2165.18055556,1.0061918086898523,0,0.00033,sector_c
2165.18194444,1.006929341618005,0,0.00033,sector_c
2165.18333333,1.0067445004610702,0,0.00033,sector_c
2165.18472222,1.0065326092215232,0,0.00033,sector_c
2165.18611111,1.006874557971032,0,0.00033,sector_c
2165.1875,1.0065453897849843,0,0.00033,sector_c
2165.18888889,1.0066943261979864,0,0.00033,sector_c
2165.19027778,1.007232187413466,0,0.00033,sector_c
2165.19166667,1.0062662913084646,0,0.00033,sector_c
2165.19305556,1.0069185942834442,0,0.00033,sector_c
2165.19444444,1.0070997637822425,0,0.00033,sector_c
2165.19583333,1.006700878086822,0,0.00033,sector_c
2165.19722222,1.0061624353943999,0,0.00033,sector_c
2165.19861111,1.0064307936276093,0,0.00033,sector_c
2165.2,1.0065257639383562,0,0.00033,sector_c
2165.20138889,1.0063536626585448,0,0.00033,sector_c
2165.20277778,1.0062823296720045,0,0.00033,sector_c
2165.20416667,1.0065967125002564,0,0.00033,sector_c
2165.20555556,1.0065820556773442,0,0.00033,sector_c
2165.20694444,1.0067475160340114,0,0.00033,sector_c
2165.20833333,1.0069168531901436,0,0.00033,sector_c
2165.20972222,1.006173633082349,0,0.00033,sector_c
2165.21111111,1.007177502507851,0,0.00033,sector_c
2165.2125,1.0065762846885107,0,0.00033,sector_c
2165.21388889,1.0061277574874024,0,0.00033,sector_c
2165.21527778,1.006338537266514,0,0.00033,sector_c
2165.21666667,1.0069232590236794,0,0.00033,sector_c
2165.21805556,1.006794071861031,0,0.00033,sector_c
2165.21944444,1.0066657989477996,0,0.00033,sector_c
2165.22083333,1.0066453739687602,0,0.00033,sector_c
2165.22222222,1.0066450546277679,0,0.00033,sector_c
2165.22361111,1.0065885050510137,0,0.00033,sector_c
2165.225,1.0075784227983486,0,0.00033,sector_c
2165.22638889,1.0060397078868182,0,0.00033,sector_c
2165.22777778,1.0066773029802796,0,0.00033,sector_c
2165.22916667,1.0066802236437442,0,0.00033,sector_c
2165.23055556,1.0064719300139802,0,0.00033,sector_c
2165.23194444,1.0068123786543643,0,0.00033,sector_c
2165.23333333,1.0068085478702358,0,0.00033,sector_c
2165.23472222,1.0068807042372079,0,0.00033,sector_c
2165.23611111,1.0067414988626742,0,0.00033,sector_c
2165.2375,1.0071654925007565,0,0.00033,sector_c
2165.23888889,1.00690707562435,0,0.00033,sector_c
2165.24027778,1.0067208544251502,0,0.00033,sector_c
2165.24166667,1.0066438671327476,0,0.00033,sector_c
2165.24305556,1.0065942860374766,0,0.00033,sector_c
2165.24444444,1.006555512449865,0,0.00033,sector_c
2165.24583333,1.006781752623499,0,0.00033,sector_c
2165.24722222,1.006776040715144,0,0.00033,sector_c
2165.24861111,1.0061235902441594,0,0.00033,sector_c
2165.25,1.007086063832438,0,0.00033,sector_c
2165.25138889,1.0066490181288217,0,0.00033,sector_c
2165.25277778,1.006657224043444,0,0.00033,sector_c
2165.25416667,1.0067048954727555,0,0.00033,sector_c
2165.25555556,1.006794374028209,0,0.00033,sector_c
2165.25694444,1.007186317942278,0,0.00033,sector_c
2165.25833333,1.0062623321701953,0,0.00033,sector_c
2165.25972222,1.0064333446310028,0,0.00033,sector_c
2165.26111111,1.0066101267703116,0,0.00033,sector_c
2165.2625,1.0067658372527062,0,0.00033,sector_c
2165.26388889,1.0066441897076812,0,0.00033,sector_c
2165.26527778,1.0061538696425039,0,0.00033,sector_c
2165.26666667,1.0064586468069088,0,0.00033,sector_c
2165.26805556,1.0064328695477827,0,0.00033,sector_c
2165.26944444,1.0069394599530117,0,0.00033,sector_c
2165.27083333,1.0066596488712185,0,0.00033,sector_c
2165.27222222,1.0070613338916736,0,0.00033,sector_c
2165.27361111,1.0061695949839737,0,0.00033,sector_c
2165.275,1.0063644430991903,0,0.00033,sector_c
2165.27638889,1.0066062894725682,0,0.00033,sector_c
2165.27777778,1.0065104936077414,0,0.00033,sector_c
2165.27916667,1.0064198009233771,0,0.00033,sector_c
2165.28055556,1.006639729239837,0,0.00033,sector_c
2165.28194444,1.0065132246597484,0,0.00033,sector_c
2165.28333333,1.0065400014342063,0,0.00033,sector_c
2165.28472222,1.0066311390079032,0,0.00033,sector_c
2165.28611111,1.0061126674953103,0,0.00033,sector_c
2165.2875,1.007218901942224,0,0.00033,sector_c
2165.28888889,1.0064733159451094,0,0.00033,sector_c
2165.29027778,1.006498247267335,0,0.00033,sector_c
2165.29166667,1.006918615542404,0,0.00033,sector_c
2165.29305556,1.0065575792502193,0,0.00033,sector_c
2165.29444444,1.0061197994476911,0,0.00033,sector_c
2165.29583333,1.0067456084124606,0,0.00033,sector_c
2165.29722222,1.006368657983552,0,0.00033,sector_c
2165.29861111,1.0058513260923077,0,0.00033,sector_c
2165.3,1.0071480803652062,0,0.00033,sector_c
2165.30138889,1.0065556992919784,0,0.00033,sector_c
2165.30277778,1.0063365528088968,0,0.00033,sector_c
2165.30416667,1.007769534448324,0,0.00033,sector_c
2165.30555556,1.0060722656727479,0,0.00033,sector_c
2165.30694444,1.0070966509023196,0,0.00033,sector_c
2165.30833333,1.0060036911325498,0,0.00033,sector_c
2165.30972222,1.0065673165030138,0,0.00033,sector_c
2165.31111111,1.0065698691226985,0,0.00033,sector_c
2165.3125,1.0066066917269803,0,0.00033,sector_c
2165.31388889,1.0064903332274293,0,0.00033,sector_c
2165.31527778,1.0066148814077773,0,0.00033,sector_c
2165.31666667,1.0061485520684248,0,0.00033,sector_c
2165.31805556,1.0062998164668788,0,0.00033,sector_c
2165.31944444,1.0064462674403658,0,0.00033,sector_c
2165.32083333,1.0061320945401708,0,0.00033,sector_c
2165.32222222,1.0065804287570241,0,0.00033,sector_c
2165.32361111,1.007179126096272,0,0.00033,sector_c
2165.325,1.0069561182345461,0,0.00033,sector_c
2165.32638889,1.0063439969746404,0,0.00033,sector_c
2165.32777778,1.0066554603972224,0,0.00033,sector_c
2165.32916667,1.0064728677257313,0,0.00033,sector_c
2165.33055556,1.006490681797312,0,0.00033,sector_c
2165.33194444,1.0065736973814396,0,0.00033,sector_c
2165.33333333,1.0061038036921115,0,0.00033,sector_c
2165.33472222,1.0069353732023874,0,0.00033,sector_c
2165.33611111,1.0066697922132963,0,0.00033,sector_c
2165.3375,1.0061206282401303,0,0.00033,sector_c
2165.33888889,1.0063805047633596,0,0.00033,sector_c
2165.34027778,1.0063414480075263,0,0.00033,sector_c
2165.34166667,1.0061629211258045,0,0.00033,sector_c
2165.34305556,1.0063982404493017,0,0.00033,sector_c
2165.34444444,1.0062984868448726,0,0.00033,sector_c
2165.34583333,1.0064970350184153,0,0.00033,sector_c
2165.34722222,1.0062831489167041,0,0.00033,sector_c
2165.34861111,1.0063918693859495,0,0.00033,sector_c
2165.35,1.006414851388692,0,0.00033,sector_c
2165.35138889,1.006373408412205,0,0.00033,sector_c
2165.35277778,1.0069880846743056,0,0.00033,sector_c
2165.35416667,1.006129413680055,0,0.00033,sector_c
2165.35555556,1.0067378055789968,0,0.00033,sector_c
2165.35694444,1.0062826080787848,0,0.00033,sector_c
2165.35833333,1.0066131757345909,0,0.00033,sector_c
2165.35972222,1.0061425270348816,0,0.00033,sector_c
2165.36111111,1.006780645773009,0,0.00033,sector_c
2165.3625,1.0058021801282486,0,0.00033,sector_c
2165.36388889,1.0059500151528822,0,0.00033,sector_c
2165.36527778,1.0063993191862164,0,0.00033,sector_c
2165.36666667,1.0063352646293584,0,0.00033,sector_c
2165.36805556,1.0061543912215891,0,0.00033,sector_c
2165.36944444,1.0063898378143306,0,0.00033,sector_c
2165.37083333,1.0059628951485553,0,0.00033,sector_c
2165.37222222,1.0063660081720305,0,0.00033,sector_c
2165.37361111,1.006282118940844,0,0.00033,sector_c
2165.375,1.006364795868407,0,0.00033,sector_c
2165.37638889,1.0060338717883721,0,0.00033,sector_c
2165.37777778,1.006694268918936,0,0.00033,sector_c
2165.37916667,1.006255925332639,0,0.00033,sector_c
2165.38055556,1.006278900537778,0,0.00033,sector_c
2165.38194444,1.006028646714454,0,0.00033,sector_c
2165.38333333,1.0063287601102,0,0.00033,sector_c
2165.38472222,1.0064336156862,0,0.00033,sector_c
2165.38611111,1.0058966352009244,0,0.00033,sector_c
2165.3875,1.0059429734615037,0,0.00033,sector_c
2165.38888889,1.0061009685232625,0,0.00033,sector_c
2165.39027778,1.006519869658528,0,0.00033,sector_c
2165.39166667,1.005667848629819,0,0.00033,sector_c
2165.39305556,1.0061454114637902,0,0.00033,sector_c
2165.39444444,1.0061308842607544,0,0.00033,sector_c
2165.39583333,1.005725848281463,0,0.00033,sector_c
2165.39722222,1.0067378764116761,0,0.00033,sector_c
2165.39861111,1.0056084902891333,0,0.00033,sector_c
2165.4,1.0059767284165937,0,0.00033,sector_c
2165.40138889,1.0060908533726949,0,0.00033,sector_c
2165.40277778,1.00613225076734,0,0.00033,sector_c
2165.40416667,1.0060873014881477,0,0.00033,sector_c
2165.40555556,1.0064218071384219,0,0.00033,sector_c
2165.40694444,1.0064860698250555,0,0.00033,sector_c
2165.40833333,1.006344517227214,0,0.00033,sector_c
2165.40972222,1.0060593077160955,0,0.00033,sector_c
2165.41111111,1.0058878379626488,0,0.00033,sector_c
2165.4125,1.005981725854464,0,0.00033,sector_c
2165.41388889,1.0056540169876427,0,0.00033,sector_c
2165.41527778,1.0059120713120604,0,0.00033,sector_c
2165.41666667,1.0057111245629757,0,0.00033,sector_c
2165.41805556,1.006211571158486,0,0.00033,sector_c
2165.41944444,1.0062541969433159,0,0.00033,sector_c
2165.42083333,1.0065807217366962,0,0.00033,sector_c
2165.42222222,1.0064067411822082,0,0.00033,sector_c
2165.42361111,1.0059796449388498,0,0.00033,sector_c
2165.425,1.0059051112765698,0,0.00033,sector_c
2165.42638889,1.005484393526036,0,0.00033,sector_c
2165.42777778,1.0060601721449678,0,0.00033,sector_c
2165.42916667,1.0056820013076693,0,0.00033,sector_c
2165.43055556,1.0061714009165712,0,0.00033,sector_c
2165.43194444,1.0060009428610361,0,0.00033,sector_c
2165.43333333,1.006111692651326,0,0.00033,sector_c
2165.43472222,1.0062819548510993,0,0.00033,sector_c
2165.43611111,1.0063669644018243,0,0.00033,sector_c
2165.4375,1.0056731877265308,0,0.00033,sector_c
2165.43888889,1.0063655103150708,0,0.00033,sector_c
2165.44027778,1.0068114666647106,0,0.00033,sector_c
2165.44166667,1.0062796770232987,0,0.00033,sector_c
2165.44305556,1.0061981634649058,0,0.00033,sector_c
2165.44444444,1.0054049725483913,0,0.00033,sector_c
2165.44583333,1.00624649880779,0,0.00033,sector_c
2165.44722222,1.006150642614278,0,0.00033,sector_c
2165.44861111,1.0062497750632815,0,0.00033,sector_c
2165.45,1.0061661979995764,0,0.00033,sector_c
2165.45138889,1.0062191526990167,0,0.00033,sector_c
2165.45277778,1.0064151815887872,0,0.00033,sector_c
2165.45416667,1.0060870065277445,0,0.00033,sector_c
2165.45555556,1.0065079661120795,0,0.00033,sector_c
2165.45694444,1.0066488604292476,0,0.00033,sector_c
2165.45833333,1.0061305658873363,0,0.00033,sector_c
2165.45972222,1.0063636115410264,0,0.00033,sector_c
2165.46111111,1.0054807285257579,0,0.00033,sector_c
2165.4625,1.0059936987830338,0,0.00033,sector_c
2165.46388889,1.0062737417301695,0,0.00033,sector_c
2165.46527778,1.005842572011817,0,0.00033,sector_c
2165.46666667,1.0059624601539163,0,0.00033,sector_c
2165.46805556,1.0059275578342517,0,0.00033,sector_c
2165.46944444,1.0058794389866885,0,0.00033,sector_c
2165.47083333,1.0051460745940826,0,0.00033,sector_c
2165.47222222,1.0059930796500853,0,0.00033,sector_c
2165.47361111,1.0059805586663015,0,0.00033,sector_c
2165.475,1.0061165411207111,0,0.00033,sector_c
2165.47638889,1.0060649158578814,0,0.00033,sector_c
2165.47777778,1.005578348032323,0,0.00033,sector_c
2165.47916667,1.0061356313303462,0,0.00033,sector_c
2165.48055556,1.0062762219965387,0,0.00033,sector_c
2165.48194444,1.0058118827577758,0,0.00033,sector_c
2165.48333333,1.005845811169826,0,0.00033,sector_c
2165.48472222,1.0055535341874082,0,0.00033,sector_c
2165.48611111,1.0060024017122997,0,0.00033,sector_c
2165.4875,1.0053036173492544,0,0.00033,sector_c
2165.48888889,1.0060731322383694,0,0.00033,sector_c
2165.49027778,1.0058835812349285,0,0.00033,sector_c
2165.49166667,1.0057493464623823,0,0.00033,sector_c
2165.49305556,1.0062903699910262,0,0.00033,sector_c
2165.49444444,1.0058903379283022,0,0.00033,sector_c
2165.49583333,1.0057239773217739,0,0.00033,sector_c
2165.49722222,1.005967955034173,0,0.00033,sector_c
2165.49861111,1.0058839597604086,0,0.00033,sector_c
2165.5,1.0055930575085548,0,0.00033,sector_c
2165.50138889,1.0058953770782397,0,0.00033,sector_c
2165.50277778,1.0053156922908069,0,0.00033,sector_c
2165.50416667,1.0058912036319674,0,0.00033,sector_c
2165.50555556,1.0058686445795182,0,0.00033,sector_c
2165.50694444,1.0058556132753014,0,0.00033,sector_c
2165.50833333,1.0055962867683694,0,0.00033,sector_c
2165.50972222,1.0057080904512457,0,0.00033,sector_c
2165.51111111,1.0059464145328825,0,0.00033,sector_c
2165.5125,1.0058713723231656,0,0.00033,sector_c
2165.51388889,1.005697530294473,0,0.00033,sector_c
2165.51527778,1.0064299802164478,4096,0.00033,sector_c
2165.51666667,1.0047364963516305,0,0.00033,sector_c
2165.51805556,1.0056074350186837,0,0.00033,sector_c
2165.51944444,1.0056004902399738,0,0.00033,sector_c
2165.52083333,1.0053179835087538,0,0.00033,sector_c
2165.52222222,1.006616094739437,0,0.00033,sector_c
2165.52361111,1.0062056916892852,0,0.00033,sector_c
2165.525,1.0057637098803338,0,0.00033,sector_c
2165.52638889,1.005965496267809,0,0.00033,sector_c
2165.52777778,1.0061016649731211,0,0.00033,sector_c
2165.52916667,1.0056498265156826,0,0.00033,sector_c
2165.53055556,1.0055911434822973,0,0.00033,sector_c
2165.53194444,1.0059445338979598,0,0.00033,sector_c
2165.53333333,1.0058656620348374,0,0.00033,sector_c
2165.53472222,1.0060629438685795,0,0.00033,sector_c
2165.53611111,1.00545908272128,0,0.00033,sector_c
2165.5375,1.0052039267247554,0,0.00033,sector_c
2165.53888889,1.005903276962893,0,0.00033,sector_c
2165.54027778,1.0055679538103028,0,0.00033,sector_c
2165.54166667,1.0051255395663057,0,0.00033,sector_c
2165.54305556,1.0056890170292443,0,0.00033,sector_c
2165.54444444,1.005453101307587,0,0.00033,sector_c
2165.54583333,1.0055687721806388,0,0.00033,sector_c
2165.54722222,1.0060820491130436,0,0.00033,sector_c
2165.54861111,1.005669533794005,0,0.00033,sector_c
2165.55,1.0054980199469912,0,0.00033,sector_c
2165.55138889,1.0057033708262664,0,0.00033,sector_c
2165.55277778,1.0057634195040226,0,0.00033,sector_c
2165.55416667,1.0058641669025206,0,0.00033,sector_c
2165.55555556,1.0051900444745785,0,0.00033,sector_c
2165.55694444,1.005060996794938,0,0.00033,sector_c
2165.55833333,1.0058319540088991,0,0.00033,sector_c
2165.55972222,1.00572568490356,0,0.00033,sector_c
2165.56111111,1.0057749633773323,0,0.00033,sector_c
2165.5625,1.0057768937346085,0,0.00033,sector_c
2165.56388889,1.005691319445455,0,0.00033,sector_c
2165.56527778,1.0052940527819223,0,0.00033,sector_c
2165.56666667,1.0054801664519795,0,0.00033,sector_c
2165.56805556,1.0054193096427058,0,0.00033,sector_c
2165.56944444,1.00508334388339,0,0.00033,sector_c
2165.57083333,1.0057146245427837,0,0.00033,sector_c
2165.57222222,1.0054972095368804,0,0.00033,sector_c
2165.57361111,1.0052431788368381,0,0.00033,sector_c
2165.575,1.0057441254709811,0,0.00033,sector_c
2165.57638889,1.00562780461132,0,0.00033,sector_c
2165.57777778,1.0054948808491744,0,0.00033,sector_c
2165.57916667,1.0054058253854963,0,0.00033,sector_c
2165.58055556,1.0051554536667577,0,0.00033,sector_c
2165.58194444,1.0053785548028253,0,0.00033,sector_c
2165.58333333,1.0059923158030508,0,0.00033,sector_c
2165.58472222,1.0049903555289574,0,0.00033,sector_c
2165.58611111,1.0058415216528125,0,0.00033,sector_c
2165.5875,1.0053089460247822,0,0.00033,sector_c
2165.58888889,1.0054522575376963,0,0.00033,sector_c
2165.59027778,1.0051995539337601,0,0.00033,sector_c
2165.59166667,1.0057389584983474,0,0.00033,sector_c
2165.59305556,1.0054174157171447,0,0.00033,sector_c
2165.59444444,1.0058416159838144,0,0.00033,sector_c
2165.59583333,1.005596317625115,0,0.00033,sector_c
2165.59722222,1.00593517757544,0,0.00033,sector_c
2165.59861111,1.0053308204009892,0,0.00033,sector_c
2165.6,1.0057712904606781,0,0.00033,sector_c
2165.60138889,1.0061352013915956,0,0.00033,sector_c
2165.60277778,1.0055545190256554,0,0.00033,sector_c
2165.60416667,1.005921321361418,0,0.00033,sector_c
2165.60555556,1.0055523751953739,0,0.00033,sector_c
2165.60694444,1.0056798100089959,0,0.00033,sector_c
2165.60833333,1.0058263615263014,0,0.00033,sector_c
2165.60972222,1.0054439055794318,0,0.00033,sector_c
2165.61111111,1.0051089703745124,0,0.00033,sector_c
2165.6125,1.0058569833714033,0,0.00033,sector_c
2165.61388889,1.0059576296326938,0,0.00033,sector_c
2165.61527778,1.0049492490090595,0,0.00033,sector_c
2165.61666667,1.0060326272713231,0,0.00033,sector_c
2165.61805556,1.0051547896043789,0,0.00033,sector_c
2165.61944444,1.0057525011955286,0,0.00033,sector_c
2165.62083333,1.0056905111553016,0,0.00033,sector_c
2165.62222222,1.0056047677341722,0,0.00033,sector_c
2165.62361111,1.0054885957092579,0,0.00033,sector_c
2165.625,1.0047609123295849,0,0.00033,sector_c
2165.62638889,1.0048223971151724,0,0.00033,sector_c
2165.62777778,1.0056650407586287,0,0.00033,sector_c
2165.62916667,1.0053546786643373,0,0.00033,sector_c
2165.63055556,1.0051125146099265,0,0.00033,sector_c
2165.63194444,1.0052675520420298,0,0.00033,sector_c
2165.63333333,1.0057524450142359,0,0.00033,sector_c
2165.63472222,1.005572859596549,0,0.00033,sector_c
2165.63611111,1.0048449311600125,0,0.00033,sector_c
2165.6375,1.0054698918808211,0,0.00033,sector_c
2165.63888889,1.0057924487329137,0,0.00033,sector_c
2165.64027778,1.0050116341223987,0,0.00033,sector_c
2165.64166667,1.0060191853872404,0,0.00033,sector_c
2165.64305556,1.0056561423925225,0,0.00033,sector_c
2165.64444444,1.005464715823014,0,0.00033,sector_c
2165.64583333,1.0050748734092787,0,0.00033,sector_c
2165.64722222,1.0048556976946754,0,0.00033,sector_c
2165.64861111,1.0052285826345733,0,0.00033,sector_c
2165.65,1.005167511961045,0,0.00033,sector_c
2165.65138889,1.0053110119023054,0,0.00033,sector_c
2165.65277778,1.005482420781528,0,0.00033,sector_c
2165.65416667,1.004837209475183,0,0.00033,sector_c
2165.65555556,1.0052052265802227,0,0.00033,sector_c
2165.65694444,1.0050261867878862,0,0.00033,sector_c
2165.65833333,1.0055482677970575,0,0.00033,sector_c
2165.65972222,1.0052395542104282,0,0.00033,sector_c
2165.66111111,1.005235244427255,0,0.00033,sector_c
2165.6625,1.0053629761464145,0,0.00033,sector_c
2165.66388889,1.005553578155742,0,0.00033,sector_c
2165.66527778,1.0052821513212464,0,0.00033,sector_c
2165.66666667,1.0052919743314328,0,0.00033,sector_c
2165.66805556,1.0051748725139638,0,0.00033,sector_c
2165.66944444,1.0057939213610587,0,0.00033,sector_c
2165.67083333,1.0050282705654332,0,0.00033,sector_c
2165.67222222,1.0053877273220333,0,0.00033,sector_c
2165.67361111,1.0056250414185013,0,0.00033,sector_c
2165.675,1.0048416765151977,0,0.00033,sector_c
2165.67638889,1.0050512484136669,0,0.00033,sector_c
2165.67777778,1.0048051125219493,0,0.00033,sector_c
2165.67916667,1.0052336970198426,0,0.00033,sector_c
2165.68055556,1.0050790018315805,0,0.00033,sector_c
2165.68194444,1.0049977085150625,0,0.00033,sector_c
2165.68333333,1.0051630589901543,0,0.00033,sector_c
2165.68472222,1.0054299156854998,0,0.00033,sector_c
2165.68611111,1.005341039355995,0,0.00033,sector_c
2165.6875,1.0053535501261883,0,0.00033,sector_c
2165.68888889,1.0052588805854343,0,0.00033,sector_c
2165.69027778,1.0052778440099823,2048,0.00033,sector_c
2165.69166667,1.0050818733970686,0,0.00033,sector_c
2165.69305556,1.0052665833349064,0,0.00033,sector_c
2165.69444444,1.0051945742008062,0,0.00033,sector_c
2165.69583333,1.0048620314118075,0,0.00033,sector_c
2165.69722222,1.0048151610763538,0,0.00033,sector_c
2165.69861111,1.0052034734644846,0,0.00033,sector_c
2165.7,1.0055074305719136,0,0.00033,sector_c
2165.70138889,1.0045875172686496,0,0.00033,sector_c
2165.70277778,1.005281828717938,0,0.00033,sector_c
2165.70416667,1.0049764253425164,0,0.00033,sector_c
2165.70555556,1.00472514511002,0,0.00033,sector_c
2165.70694444,1.0051424685080663,0,0.00033,sector_c
2165.70833333,1.0047447030910703,0,0.00033,sector_c
2165.70972222,1.0056812859401807,0,0.00033,sector_c
2165.71111111,1.0053404161601358,0,0.00033,sector_c
2165.7125,1.0053899032238625,0,0.00033,sector_c
2165.71388889,1.0052021894762497,0,0.00033,sector_c
2165.71527778,1.00549414814012,0,0.00033,sector_c
2165.71666667,1.0049344717455628,0,0.00033,sector_c
2165.71805556,1.0051131390597483,0,0.00033,sector_c
2165.71944444,1.0055148138001138,0,0.00033,sector_c
2165.72083333,1.0045657449590366,0,0.00033,sector_c
2165.72222222,1.0047210171658094,0,0.00033,sector_c
2165.72361111,1.0053198906194918,0,0.00033,sector_c
2165.725,1.0047974347806514,0,0.00033,sector_c
2165.72638889,1.0045044883111027,0,0.00033,sector_c
2165.72777778,1.0051986882281077,0,0.00033,sector_c
2165.72916667,1.0043969195640123,0,0.00033,sector_c
2165.73055556,1.0051944502399102,0,0.00033,sector_c
2165.73194444,1.0049425153036116,0,0.00033,sector_c
2165.73333333,1.004918232507554,0,0.00033,sector_c
2165.73472222,1.004439386555899,0,0.00033,sector_c
2165.73611111,1.0045353545491462,0,0.00033,sector_c
2165.7375,1.0052606698274738,0,0.00033,sector_c
2165.73888889,1.0048358506442179,0,0.00033,sector_c
2165.74027778,1.0049141565683812,0,0.00033,sector_c
2165.74166667,1.005350473612672,0,0.00033,sector_c
2165.74305556,1.0046770182038822,0,0.00033,sector_c
2165.74444444,1.0049299334586779,0,0.00033,sector_c
2165.74583333,1.0046314296859649,0,0.00033,sector_c
2165.74722222,1.0046505338146676,0,0.00033,sector_c
2165.74861111,1.0048510168296303,0,0.00033,sector_c
2165.75,1.0047139844978143,0,0.00033,sector_c
2165.75138889,1.004665720970549,0,0.00033,sector_c
2165.75277778,1.0055679146940957,0,0.00033,sector_c
2165.75416667,1.005193799160504,0,0.00033,sector_c
2165.75555556,1.0049487446552752,0,0.00033,sector_c
2165.75694444,1.0048419700354563,0,0.00033,sector_c
2165.75833333,1.0048592972223431,0,0.00033,sector_c
2165.75972222,1.0051178844290465,0,0.00033,sector_c
2165.76111111,1.0046223069199514,0,0.00033,sector_c
2165.7625,1.0048130726221787,0,0.00033,sector_c
2165.76388889,1.0050134823069488,0,0.00033,sector_c
2165.76527778,1.0047276159136123,0,0.00033,sector_c
2165.76666667,1.0048854724658063,0,0.00033,sector_c
2165.76805556,1.0046588416576776,0,0.00033,sector_c
2165.76944444,1.0045480771691735,0,0.00033,sector_c
2165.77083333,1.0046529556926966,0,0.00033,sector_c
2165.77222222,1.0045528371332932,0,0.00033,sector_c
2165.77361111,1.004925003870962,0,0.00033,sector_c
2165.775,1.0044603229635747,0,0.00033,sector_c
2165.77638889,1.004804045344089,0,0.00033,sector_c
2165.77777778,1.0052802207800464,0,0.00033,sector_c
2165.77916667,1.004835159508164,0,0.00033,sector_c
2165.78055556,1.004794519600546,0,0.00033,sector_c
2165.78194444,1.0049614701494596,0,0.00033,sector_c
2165.78333333,1.0051518013385057,0,0.00033,sector_c
2165.78472222,1.0047059066491062,0,0.00033,sector_c
2165.78611111,1.0044491950951768,0,0.00033,sector_c
2165.7875,1.0050335718496342,0,0.00033,sector_c
2165.78888889,1.0054087333727522,0,0.00033,sector_c
2165.79027778,1.0046478972602517,0,0.00033,sector_c
2165.79166667,1.0045795960435466,0,0.00033,sector_c
2165.79305556,1.0053841900496685,0,0.00033,sector_c
2165.79444444,1.0050349451222362,0,0.00033,sector_c
2165.79583333,1.0047865324875567,0,0.00033,sector_c
2165.79722222,1.0049410673364116,0,0.00033,sector_c
2165.79861111,1.0050404327354951,0,0.00033,sector_c
2165.8,1.0051839534406064,0,0.00033,sector_c
2165.80138889,1.0041298438131783,0,0.00033,sector_c
2165.80277778,1.0044742959771396,0,0.00033,sector_c
2165.80416667,1.004565884484765,0,0.00033,sector_c
2165.80555556,1.0041994820762108,0,0.00033,sector_c
2165.80694444,1.0046202662470398,0,0.00033,sector_c
2165.80833333,1.0043604141820266,0,0.00033,sector_c
2165.80972222,1.0050755420128397,0,0.00033,sector_c
2165.81111111,1.0041930652626574,0,0.00033,sector_c
2165.8125,1.0043408214866318,0,0.00033,sector_c
2165.81388889,1.0042383890727582,0,0.00033,sector_c
2165.81527778,1.0047079290443757,0,0.00033,sector_c
2165.81666667,1.0043412042335895,0,0.00033,sector_c
2165.81805556,1.0042162250728843,0,0.00033,sector_c
2165.81944444,1.0048785343237085,0,0.00033,sector_c
2165.82083333,1.0047254414306603,0,0.00033,sector_c
2165.82222222,1.0050147383489099,0,0.00033,sector_c
2165.82361111,1.0046927510218968,0,0.00033,sector_c
2165.825,1.0038712130914849,0,0.00033,sector_c
2165.82638889,1.004761975190091,0,0.00033,sector_c
2165.82777778,1.0046741294480284,0,0.00033,sector_c
2165.82916667,1.0045995951864357,0,0.00033,sector_c
2165.83055556,1.0050501409016965,0,0.00033,sector_c
2165.83194444,1.0047625618235352,0,0.00033,sector_c
2165.83333333,1.004290690591861,0,0.00033,sector_c
2165.83472222,1.0048164949223508,0,0.00033,sector_c
2165.83611111,1.0041784282976023,0,0.00033,sector_c
2165.8375,1.0046370700836373,0,0.00033,sector_c
2165.83888889,1.0041515044040608,0,0.00033,sector_c
2165.84027778,1.0042803146844406,0,0.00033,sector_c
2165.84166667,1.00436527629318,0,0.00033,sector_c
2165.84305556,1.0049456526463598,0,0.00033,sector_c
2165.84444444,1.0047847292199692,0,0.00033,sector_c
2165.84583333,1.0048776265848163,0,0.00033,sector_c
2165.84722222,1.0051232779875143,0,0.00033,sector_c
2165.84861111,1.0041159407191338,0,0.00033,sector_c
2165.85,1.0042644793817246,0,0.00033,sector_c
2165.85138889,1.0041619582621835,0,0.00033,sector_c
2165.85277778,1.0042167234441917,0,0.00033,sector_c
2165.85416667,1.0044362579184845,0,0.00033,sector_c
2165.85555556,1.004349532091463,0,0.00033,sector_c
2165.85694444,1.0047293570454745,0,0.00033,sector_c
2165.85833333,1.0045434370029598,0,0.00033,sector_c
2165.85972222,1.004232691017726,0,0.00033,sector_c
2165.86111111,1.0050265902887552,0,0.00033,sector_c
2165.8625,1.0044845856329425,0,0.00033,sector_c
2165.86388889,1.0047890177784893,0,0.00033,sector_c
2165.86527778,1.0042173832984946,0,0.00033,sector_c
2165.86666667,1.0048837758829468,0,0.00033,sector_c
2165.86805556,1.0049465518958125,0,0.00033,sector_c
2165.86944444,1.0042423202480002,0,0.00033,sector_c
2165.87083333,1.0039209216128937,0,0.00033,sector_c
2165.87222222,1.004657099618077,0,0.00033,sector_c
2165.87361111,1.0042010522333078,0,0.00033,sector_c
2165.875,1.0046513774113708,0,0.00033,sector_c
2165.87638889,1.0038186023388502,0,0.00033,sector_c
2165.87777778,1.0043035473116428,0,0.00033,sector_c
2165.87916667,1.0048546572620187,0,0.00033,sector_c
2165.88055556,1.004140822878465,0,0.00033,sector_c
2165.88194444,1.0045123600246362,0,0.00033,sector_c
2165.88333333,1.0039143564412447,0,0.00033,sector_c
2165.88472222,1.0044273366653507,0,0.00033,sector_c
2165.88611111,1.0041304883396958,0,0.00033,sector_c
2165.8875,1.004328177078995,0,0.00033,sector_c
2165.88888889,1.0040673137196587,0,0.00033,sector_c
2165.89027778,1.0041360840150335,0,0.00033,sector_c
2165.89166667,1.0042669962359494,2048,0.00033,sector_c
2165.89305556,1.004640496046047,0,0.00033,sector_c
2165.89444444,1.0040001275703614,0,0.00033,sector_c
2165.89583333,1.0043610775119731,0,0.00033,sector_c
2165.89722222,1.0045405202590594,0,0.00033,sector_c
2165.89861111,1.0048731369703616,0,0.00033,sector_c
2165.9,1.0042023308722783,0,0.00033,sector_c
2165.90138889,1.0046122528028687,0,0.00033,sector_c
2165.90277778,1.0040932643903737,0,0.00033,sector_c
2165.90416667,1.0043657006578657,0,0.00033,sector_c
2165.90555556,1.0041366148573756,0,0.00033,sector_c
2165.90694444,1.0046445274111648,0,0.00033,sector_c
2165.90833333,1.003921812342385,0,0.00033,sector_c
2165.90972222,1.0042980871875389,0,0.00033,sector_c
2165.91111111,1.0042012615653322,0,0.00033,sector_c
2165.9125,1.0044332709793513,0,0.00033,sector_c
2165.91388889,1.0041013484809125,0,0.00033,sector_c
2165.91527778,1.0043987815108788,0,0.00033,sector_c
2165.91666667,1.0036432838880314,0,0.00033,sector_c
2165.91805556,1.0037997725685885,0,0.00033,sector_c
2165.91944444,1.0038181918497682,0,0.00033,sector_c
2165.92083333,1.0042705192479549,0,0.00033,sector_c
2165.92222222,1.0046622515823487,0,0.00033,sector_c
2165.92361111,1.0043913747761788,0,0.00033,sector_c
2165.925,1.0039940710850233,0,0.00033,sector_c
2165.92638889,1.0042588527317573,0,0.00033,sector_c
2165.92777778,1.0031917295093302,0,0.00033,sector_c
2165.92916667,1.0042494799401793,0,0.00033,sector_c
2165.93055556,1.0037713663606223,0,0.00033,sector_c
2165.93194444,1.0043794174008613,0,0.00033,sector_c
2165.93333333,1.0040091748446667,0,0.00033,sector_c
2165.93472222,1.0039061061178274,0,0.00033,sector_c
2165.93611111,1.0043810594566887,0,0.00033,sector_c
2165.9375,1.0040783202598278,0,0.00033,sector_c
2165.93888889,1.0040009321016872,0,0.00033,sector_c
2165.94027778,1.0041482437666551,0,0.00033,sector_c
2165.94166667,1.0039099373064453,0,0.00033,sector_c
2165.94305556,1.004128862533678,0,0.00033,sector_c
2165.94444444,1.0043815979535997,0,0.00033,sector_c
2165.94583333,1.0040316010192263,0,0.00033,sector_c
2165.94722222,1.0041648625381985,0,0.00033,sector_c
2165.94861111,1.0034921868333921,0,0.00033,sector_c
2165.95,1.003757225413781,0,0.00033,sector_c
2165.95138889,1.004082780948684,2048,0.00033,sector_c
2165.95277778,1.0042522304080905,0,0.00033,sector_c
2165.95416667,1.0045482930987861,0,0.00033,sector_c
2165.95555556,1.0041010170007971,0,0.00033,sector_c
2165.95694444,1.003869106841779,0,0.00033,sector_c
2165.95833333,1.0042772634973822,0,0.00033,sector_c
2165.95972222,1.0035773141040074,0,0.00033,sector_c
2165.96111111,1.0041292855471817,0,0.00033,sector_c
2165.9625,1.0041977067249672,0,0.00033,sector_c
2165.96388889,1.0043549796397617,0,0.00033,sector_c
2165.96527778,1.0039864320858058,0,0.00033,sector_c
2165.96666667,1.0037919285577386,0,0.00033,sector_c
2165.96805556,1.0039867578696207,0,0.00033,sector_c
2165.96944444,1.004022303417643,0,0.00033,sector_c
2165.97083333,1.0045139855994352,0,0.00033,sector_c
2165.97222222,1.0042031073841584,0,0.00033,sector_c
2165.97361111,1.0042901386837482,0,0.00033,sector_c
2165.975,1.0037066469082796,0,0.00033,sector_c
2165.97638889,1.0038877274883269,0,0.00033,sector_c
2165.97777778,1.0041753324734959,0,0.00033,sector_c
2165.97916667,1.0038536467230335,0,0.00033,sector_c
2165.98055556,1.0035855210034506,0,0.00033,sector_c
2165.98194444,1.0042340977498212,0,0.00033,sector_c
2165.98333333,1.003716732588654,0,0.00033,sector_c
2165.98472222,1.0045246975320195,0,0.00033,sector_c
2165.98611111,1.0039501462104943,0,0.00033,sector_c
2165.9875,1.0039559635630382,0,0.00033,sector_c
2165.98888889,1.0041384965847078,0,0.00033,sector_c
2165.99027778,1.0036918775164112,0,0.00033,sector_c
2165.99166667,1.0043648607095115,0,0.00033,sector_c
2165.99305556,1.003688761416603,0,0.00033,sector_c
2165.99444444,1.003669342067684,0,0.00033,sector_c
2165.99583333,1.0033287261964665,0,0.00033,sector_c
2165.99722222,1.0042649625856366,0,0.00033,sector_c
2165.99861111,1.0035415366474134,0,0.00033,sector_c
2166.0,1.0038734978629014,0,0.00033,sector_c
2166.00138889,1.003779314659628,0,0.00033,sector_c
2166.00277778,1.0038433886267182,0,0.00033,sector_c
2166.00416667,1.0039663065240751,0,0.00033,sector_c
2166.00555556,1.0036736370900696,0,0.00033,sector_c
2166.00694444,1.0038525012612043,0,0.00033,sector_c
2166.00833333,1.0039011934462092,0,0.00033,sector_c
2166.00972222,1.0040343995643934,0,0.00033,sector_c
2166.01111111,1.0037355634930616,0,0.00033,sector_c
2166.0125,1.0033503140083158,0,0.00033,sector_c
2166.01388889,1.004193216853124,0,0.00033,sector_c
2166.01527778,1.0043283659809634,0,0.00033,sector_c
2166.01666667,1.003885617965552,0,0.00033,sector_c
2166.01805556,1.0036539838527216,0,0.00033,sector_c
2166.01944444,1.0033107847613494,0,0.00033,sector_c
2166.02083333,1.0038671705745374,0,0.00033,sector_c
2166.02222222,1.0036888125033332,0,0.00033,sector_c
2166.02361111,1.0041301053214982,0,0.00033,sector_c
2166.025,1.003731240625085,0,0.00033,sector_c
2166.02638889,1.0034727422052523,0,0.00033,sector_c
2166.02777778,1.003550439941309,0,0.00033,sector_c
2166.02916667,1.003731161545954,0,0.00033,sector_c
2166.03055556,1.0038551218315124,0,0.00033,sector_c
2166.03194444,1.0034763882383344,0,0.00033,sector_c
2166.03333333,1.0037202333564825,0,0.00033,sector_c
2166.03472222,1.0036490624738899,0,0.00033,sector_c
2166.03611111,1.0039059058234343,0,0.00033,sector_c
2166.0375,1.0039501830229587,0,0.00033,sector_c
2166.03888889,1.0036531869717786,0,0.00033,sector_c
2166.04027778,1.0041374836194557,0,0.00033,sector_c
2166.04166667,1.003646528067593,0,0.00033,sector_c
2166.04305556,1.0037987854510897,0,0.00033,sector_c
2166.04444444,1.0041581479520816,0,0.00033,sector_c
2166.04583333,1.004018896485877,0,0.00033,sector_c
2166.04722222,1.0030257801845552,0,0.00033,sector_c
2166.04861111,1.0038207393905842,0,0.00033,sector_c
2166.05,1.0038757905309474,0,0.00033,sector_c
2166.05138889,1.003648059864984,0,0.00033,sector_c
2166.05277778,1.0038335157174778,0,0.00033,sector_c
2166.05416667,1.0031285245885737,0,0.00033,sector_c
2166.05555556,1.0037015618618,0,0.00033,sector_c
2166.05694444,1.003664098830542,0,0.00033,sector_c
2166.05833333,1.0039191314256455,0,0.00033,sector_c
2166.05972222,1.0031627762739312,0,0.00033,sector_c
2166.06111111,1.003212156253135,0,0.00033,sector_c
2166.0625,1.0035173746473478,0,0.00033,sector_c
2166.06388889,1.003460546731557,0,0.00033,sector_c
2166.06527778,1.0038020090659143,0,0.00033,sector_c
2166.06666667,1.003425073253715,0,0.00033,sector_c
2166.06805556,1.0042325502627518,2048,0.00033,sector_c
2166.06944444,1.00384717263867,0,0.00033,sector_c
2166.07083333,1.0030576493002459,0,0.00033,sector_c
2166.07222222,1.0038195164282977,0,0.00033,sector_c
2166.07361111,1.0035279597495357,0,0.00033,sector_c
2166.075,1.0036742356753667,0,0.00033,sector_c
2166.07638889,1.0035491732908395,0,0.00033,sector_c
2166.07777778,1.003645434460682,0,0.00033,sector_c
2166.07916667,1.0040218645486132,0,0.00033,sector_c
2166.08055556,1.0038638090317513,0,0.00033,sector_c
2166.08194444,1.003634232270513,0,0.00033,sector_c
2166.08333333,1.0037283105719368,0,0.00033,sector_c
2166.08472222,1.0040205993566003,0,0.00033,sector_c
2166.08611111,1.003469160803357,0,0.00033,sector_c
2166.0875,1.0033290640032408,0,0.00033,sector_c
2166.08888889,1.0035014728970486,0,0.00033,sector_c
2166.09027778,1.0035399028298035,0,0.00033,sector_c
2166.09166667,1.0031846509701519,0,0.00033,sector_c
2166.09305556,1.0037746865048882,0,0.00033,sector_c
2166.09444444,1.0029587824164272,0,0.00033,sector_c
2166.09583333,1.003035146149166,0,0.00033,sector_c
2166.09722222,1.0032697038859888,0,0.00033,sector_c
2166.09861111,1.0036987714767756,0,0.00033,sector_c
2166.1,1.0038646594209009,0,0.00033,sector_c
2166.10138889,1.002435756986366,0,0.00033,sector_c
2166.10277778,1.0036705358370583,0,0.00033,sector_c
2166.10416667,1.0035090942567058,0,0.00033,sector_c
2166.10555556,1.0034702769283006,0,0.00033,sector_c
2166.10694444,1.0032999457218588,0,0.00033,sector_c
2166.10833333,1.0035466444849934,0,0.00033,sector_c
2166.10972222,1.003407704308716,0,0.00033,sector_c
2166.11111111,1.0031372937765708,0,0.00033,sector_c
2166.1125,1.0039555913908613,0,0.00033,sector_c
2166.11388889,1.003132474712886,0,0.00033,sector_c
2166.11527778,1.0034988555060915,0,0.00033,sector_c
2166.11666667,1.0035412038487763,0,0.00033,sector_c
2166.11805556,1.0029983264434146,0,0.00033,sector_c
2166.11944444,1.0032402805735754,0,0.00033,sector_c
2166.12083333,1.003511197484923,0,0.00033,sector_c
2166.12222222,1.0032433389541988,0,0.00033,sector_c
2166.12361111,1.0027354341327386,0,0.00033,sector_c
2166.125,1.0037516969188613,0,0.00033,sector_c
2166.12638889,1.0032955331529152,0,0.00033,sector_c
2166.12777778,1.0035942119931789,0,0.00033,sector_c
2166.12916667,1.0034195123065792,0,0.00033,sector_c
2166.13055556,1.0023278884047377,0,0.00033,sector_c
2166.13194444,1.002647848596436,0,0.00033,sector_c
2166.13333333,1.0033386425320967,0,0.00033,sector_c
2166.13472222,1.0034161436453066,0,0.00033,sector_c
2166.13611111,1.0025563992251263,0,0.00033,sector_c
2166.1375,1.0030427758483706,0,0.00033,sector_c
2166.13888889,1.0031330396573663,0,0.00033,sector_c
2166.14027778,1.0037013498631833,0,0.00033,sector_c
2166.14166667,1.0035391117063,0,0.00033,sector_c
2166.14305556,1.0031173321660927,0,0.00033,sector_c
2166.14444444,1.0037774689222159,0,0.00033,sector_c
2166.14583333,1.002879303225467,0,0.00033,sector_c
2166.14722222,1.003177686203218,0,0.00033,sector_c
2166.14861111,1.003113419514389,0,0.00033,sector_c
2166.15,1.002764283235315,0,0.00033,sector_c
2166.15138889,1.0030593667172671,0,0.00033,sector_c
2166.15277778,1.0031147872552346,0,0.00033,sector_c
2166.15416667,1.003027414810657,0,0.00033,sector_c
2166.15555556,1.003415289020061,0,0.00033,sector_c
2166.15694444,1.0028061494133416,0,0.00033,sector_c
2166.15833333,1.0028976089365174,0,0.00033,sector_c
2166.15972222,1.0033642180148177,0,0.00033,sector_c
2166.16111111,1.00321059176741,0,0.00033,sector_c
2166.1625,1.0027802005321549,0,0.00033,sector_c
2166.16388889,1.0030633936839144,0,0.00033,sector_c
2166.16527778,1.0028521010841647,0,0.00033,sector_c
2166.16666667,1.002986538060154,0,0.00033,sector_c
2166.16805556,1.0031971015493535,0,0.00033,sector_c
2166.16944444,1.0034416955425136,0,0.00033,sector_c
2166.17083333,1.0027628220436995,0,0.00033,sector_c
2166.17222222,1.002809836952063,0,0.00033,sector_c
2166.17361111,1.0035507191975515,0,0.00033,sector_c
2166.175,1.003371000333859,0,0.00033,sector_c
2166.17638889,1.0026334112808786,0,0.00033,sector_c
2166.17777778,1.0032710225169978,0,0.00033,sector_c
2166.17916667,1.0029989595461715,0,0.00033,sector_c
2166.18055556,1.003684901567932,0,0.00033,sector_c
2166.18194444,1.0033063378463662,0,0.00033,sector_c
2166.18333333,1.0032044869653578,0,0.00033,sector_c
2166.18472222,1.0024530643072755,0,0.00033,sector_c
2166.18611111,1.0032255200898743,0,0.00033,sector_c
2166.1875,1.00308299403316,0,0.00033,sector_c
2166.18888889,1.0028045156580156,0,0.00033,sector_c
2166.19027778,1.002743557515001,0,0.00033,sector_c
2166.19166667,1.0028609673200155,0,0.00033,sector_c
2166.19305556,1.003436464974397,0,0.00033,sector_c
2166.19444444,1.0030830992663289,0,0.00033,sector_c
2166.19583333,1.0030840842006805,0,0.00033,sector_c
2166.19722222,1.0033997758355166,0,0.00033,sector_c
2166.19861111,1.0029175975867886,0,0.00033,sector_c
2166.2,1.0031654799630583,0,0.00033,sector_c
2166.20138889,1.0031686427631612,0,0.00033,sector_c
2166.20277778,1.00325487874073,0,0.00033,sector_c
2166.20416667,1.0032990542699207,0,0.00033,sector_c
2166.20555556,1.0029691182115317,0,0.00033,sector_c
2166.20694444,1.0027331883370594,0,0.00033,sector_c
2166.20833333,1.0028323175799276,0,0.00033,sector_c
2166.20972222,1.0030059779173746,0,0.00033,sector_c
2166.21111111,1.0025425077222643,0,0.00033,sector_c
2166.2125,1.0030677955581118,0,0.00033,sector_c
2166.21388889,1.003367662825568,0,0.00033,sector_c
2166.21527778,1.0029896115831378,0,0.00033,sector_c
2166.21666667,1.0025112022620408,0,0.00033,sector_c
2166.21805556,1.002935900093407,0,0.00033,sector_c
2166.21944444,1.0031613538450892,0,0.00033,sector_c
2166.22083333,1.003022981917877,0,0.00033,sector_c
2166.22222222,1.0029404268255957,0,0.00033,sector_c
2166.22361111,1.0033225841535323,0,0.00033,sector_c
2166.225,1.0022885686665057,0,0.00033,sector_c
2166.22638889,1.0025769013328127,0,0.00033,sector_c
2166.22777778,1.0035047056409547,0,0.00033,sector_c
2166.22916667,1.0031165074663604,0,0.00033,sector_c
2166.23055556,1.0032399130524532,0,0.00033,sector_c
2166.23194444,1.0026950974648279,0,0.00033,sector_c
2166.23333333,1.0031626304488237,0,0.00033,sector_c
2166.23472222,1.0029251255689178,0,0.00033,sector_c
2166.23611111,1.0026467097501208,0,0.00033,sector_c
2166.2375,1.0034560484956134,0,0.00033,sector_c
2166.23888889,1.0026572599320835,0,0.00033,sector_c
2166.24027778,1.002823265681733,0,0.00033,sector_c
2166.24166667,1.0037069425172953,0,0.00033,sector_c
2166.24305556,1.0030584777867204,0,0.00033,sector_c
2166.24444444,1.0032061348970027,0,0.00033,sector_c
2166.24583333,1.0022565864893629,0,0.00033,sector_c
2166.24722222,1.0022493595992654,0,0.00033,sector_c
2166.24861111,1.0030931262549985,0,0.00033,sector_c
2166.25,1.0029627708492097,0,0.00033,sector_c
2166.25138889,1.003197691390425,0,0.00033,sector_c
2166.25277778,1.0028687476137859,0,0.00033,sector_c
2166.25416667,1.0027004679360767,0,0.00033,sector_c
2166.25555556,1.0032630059449663,0,0.00033,sector_c
2166.25694444,1.003080574710223,0,0.00033,sector_c
2166.25833333,1.002489409026399,0,0.00033,sector_c
2166.25972222,1.002293313110933,0,0.00033,sector_c
2166.26111111,1.0033470931524768,0,0.00033,sector_c
2166.2625,1.002827024096373,0,0.00033,sector_c
2166.26388889,1.0026472161637427,0,0.00033,sector_c
2166.26527778,1.002726427439987,0,0.00033,sector_c
2166.26666667,1.0028425490404886,0,0.00033,sector_c
2166.26805556,1.0027460381582447,0,0.00033,sector_c
2166.26944444,1.0032178487687073,0,0.00033,sector_c
2166.27083333,1.0028827403234857,0,0.00033,sector_c
2166.27222222,1.0020714012677123,0,0.00033,sector_c
2166.27361111,1.0031129487234434,0,0.00033,sector_c
2166.275,1.0024590882588005,0,0.00033,sector_c
2166.27638889,1.0026510409844256,0,0.00033,sector_c
2166.27777778,1.0027052909577814,0,0.00033,sector_c
2166.27916667,1.002128216483169,0,0.00033,sector_c
2166.28055556,1.0029654040382394,0,0.00033,sector_c
2166.28194444,1.0032687308016244,0,0.00033,sector_c
2166.28333333,1.0021764386250964,0,0.00033,sector_c
2166.28472222,1.0019600847875216,0,0.00033,sector_c
2166.28611111,1.0030597916799437,0,0.00033,sector_c
2166.2875,1.0021756590523496,0,0.00033,sector_c
2166.28888889,1.0023546526781253,0,0.00033,sector_c
2166.29027778,1.0022029252873255,0,0.00033,sector_c
2166.29166667,1.002763372078479,0,0.00033,sector_c
2166.29305556,1.0025603412887174,0,0.00033,sector_c
2166.29444444,1.002356485659053,0,0.00033,sector_c
2166.29583333,1.0022128261309557,0,0.00033,sector_c
2166.29722222,1.0019465848648403,0,0.00033,sector_c
2166.29861111,1.002691864390904,0,0.00033,sector_c
2166.3,1.002403990355556,0,0.00033,sector_c
2166.30138889,1.0028175534913049,0,0.00033,sector_c
2166.30277778,1.0021821703926093,0,0.00033,sector_c
2166.30416667,1.0019946363294443,0,0.00033,sector_c
2166.30555556,1.0023907568426975,0,0.00033,sector_c
2166.30694444,1.0024382018991707,0,0.00033,sector_c
2166.30833333,1.0018950445157842,0,0.00033,sector_c
2166.30972222,1.0024547844385538,0,0.00033,sector_c
2166.31111111,1.0017709356745048,0,0.00033,sector_c
2166.3125,1.0033398229209987,0,0.00033,sector_c
2166.31388889,1.0020595138946462,0,0.00033,sector_c
2166.31527778,1.0028967157338533,0,0.00033,sector_c
2166.31666667,1.0026040263047262,0,0.00033,sector_c
2166.31805556,1.0025986961269862,0,0.00033,sector_c
2166.31944444,1.0028967573853595,0,0.00033,sector_c
2166.32083333,1.0025402298608788,0,0.00033,sector_c
2166.32222222,1.001737634739675,0,0.00033,sector_c
2166.32361111,1.0020506150893789,0,0.00033,sector_c
2166.325,1.0021005030846326,0,0.00033,sector_c
2166.32638889,1.0020335155794535,0,0.00033,sector_c
2166.32777778,1.001825681801454,0,0.00033,sector_c
2166.32916667,1.0024255456371078,0,0.00033,sector_c
2166.33055556,1.002291096512255,0,0.00033,sector_c
2166.33194444,1.0023807841772345,0,0.00033,sector_c
2166.33333333,1.0029853695768502,0,0.00033,sector_c
2166.33472222,1.0022231030925297,0,0.00033,sector_c
2166.33611111,1.001840084150122,0,0.00033,sector_c
2166.3375,1.0018523511823134,0,0.00033,sector_c
2166.33888889,1.0022662710325145,0,0.00033,sector_c
2166.34027778,1.0021228075107325,0,0.00033,sector_c
2166.34166667,1.0018303853194224,0,0.00033,sector_c
2166.34305556,1.0023869956518479,0,0.00033,sector_c
2166.34444444,1.0019149759288288,0,0.00033,sector_c
2166.34583333,1.002962050266731,0,0.00033,sector_c
2166.34722222,1.0026280263641048,0,0.00033,sector_c
2166.34861111,1.0023628692442847,0,0.00033,sector_c
2166.35,1.0025850980695445,0,0.00033,sector_c
2166.35138889,1.0027082615984695,0,0.00033,sector_c
2166.35277778,1.0024991111871822,0,0.00033,sector_c
2166.35416667,1.002030978249617,0,0.00033,sector_c
2166.35555556,1.0021536922415728,0,0.00033,sector_c
2166.35694444,1.0019789198484148,0,0.00033,sector_c
2166.35833333,1.0020707629595478,0,0.00033,sector_c
2166.35972222,1.0019962912737392,0,0.00033,sector_c
2166.36111111,1.0021372809009643,0,0.00033,sector_c
2166.3625,1.0025629481974832,0,0.00033,sector_c
2166.36388889,1.002415060232685,0,0.00033,sector_c
2166.36527778,1.002482701212031,0,0.00033,sector_c
2166.36666667,1.0020293805524148,0,0.00033,sector_c
2166.36805556,1.0024841891347949,0,0.00033,sector_c
2166.36944444,1.002232932129402,0,0.00033,sector_c
2166.37083333,1.002005473576719,0,0.00033,sector_c
2166.37222222,1.0019764613283573,0,0.00033,sector_c
2166.37361111,1.0017145267621708,0,0.00033,sector_c
2166.375,1.0021505527829129,0,0.00033,sector_c
2166.37638889,1.0020109598373839,0,0.00033,sector_c
2166.37777778,1.0023341358066542,0,0.00033,sector_c
2166.37916667,1.002096529132044,0,0.00033,sector_c
2166.38055556,1.002991091426202,0,0.00033,sector_c
2166.38194444,1.0022259433754437,0,0.00033,sector_c
2166.38333333,1.00224999146568,0,0.00033,sector_c
2166.38472222,1.002476998550622,0,0.00033,sector_c
2166.38611111,1.0023768031911018,0,0.00033,sector_c
2166.3875,1.0023342489168579,0,0.00033,sector_c
2166.38888889,1.001678204704058,0,0.00033,sector_c
2166.39027778,1.002166908597336,0,0.00033,sector_c
2166.39166667,1.0023265298698605,0,0.00033,sector_c
2166.39305556,1.0023439223951185,0,0.00033,sector_c
2166.39444444,1.0014549382158244,0,0.00033,sector_c
2166.39583333,1.0022145031785852,0,0.00033,sector_c
2166.39722222,1.0019184779786992,0,0.00033,sector_c
2166.39861111,1.0023546223179711,0,0.00033,sector_c
2166.4,1.002197128342549,0,0.00033,sector_c
2166.40138889,1.0020515445782285,0,0.00033,sector_c
2166.40277778,1.001813006000884,0,0.00033,sector_c
2166.40416667,1.002598076903221,0,0.00033,sector_c
2166.40555556,1.002175919038293,0,0.00033,sector_c
2166.40694444,1.0025671704657442,0,0.00033,sector_c
2166.40833333,1.0024080575434071,0,0.00033,sector_c
2166.40972222,1.001141940075169,0,0.00033,sector_c
2166.41111111,1.0017885514293239,0,0.00033,sector_c
2166.4125,1.0019649132395523,0,0.00033,sector_c
2166.41388889,1.00160895507864,0,0.00033,sector_c
2166.41527778,1.002358791635396,0,0.00033,sector_c
2166.41666667,1.00204993888753,0,0.00033,sector_c
2166.41805556,1.0022911088832718,0,0.00033,sector_c
2166.41944444,1.0021572144926523,0,0.00033,sector_c
2166.42083333,1.0023123102435865,0,0.00033,sector_c
2166.42222222,1.001724938740373,0,0.00033,sector_c
2166.42361111,1.0026741480403178,0,0.00033,sector_c
2166.425,1.0019122844269972,0,0.00033,sector_c
2166.42638889,1.001729001152294,0,0.00033,sector_c
2166.42777778,1.0016367541648104,0,0.00033,sector_c
2166.42916667,1.0020425027491469,0,0.00033,sector_c
2166.43055556,1.0022424579490605,0,0.00033,sector_c
2166.43194444,1.0012799514753974,0,0.00033,sector_c
2166.43333333,1.0017175813848178,0,0.00033,sector_c
2166.43472222,1.002089453435932,0,0.00033,sector_c
2166.43611111,1.001476761444991,0,0.00033,sector_c
2166.4375,1.0019612529846325,0,0.00033,sector_c
2166.43888889,1.0017209824506912,0,0.00033,sector_c
2166.44027778,1.0024201328621194,0,0.00033,sector_c
2166.44166667,1.001646824758731,0,0.00033,sector_c
2166.44305556,1.0019365371426552,0,0.00033,sector_c
2166.44444444,1.002282506928238,0,0.00033,sector_c
2166.44583333,1.0018032830147041,0,0.00033,sector_c
2166.44722222,1.0015344029520197,0,0.00033,sector_c
2166.44861111,1.0020495767471536,0,0.00033,sector_c
2166.45,1.0021103655430184,0,0.00033,sector_c
2166.45138889,1.0012692144249995,0,0.00033,sector_c
2166.45277778,1.0017568709229714,0,0.00033,sector_c
2166.45416667,1.0011422212871242,0,0.00033,sector_c
2166.45555556,1.0019142697837045,0,0.00033,sector_c
2166.45694444,1.0026284348289953,0,0.00033,sector_c
2166.45833333,1.0019770709440012,0,0.00033,sector_c
2166.45972222,1.0013249343589286,0,0.00033,sector_c
2166.46111111,1.0024606540214145,0,0.00033,sector_c
2166.4625,1.0020067465433768,0,0.00033,sector_c
2166.46388889,1.002115455272403,0,0.00033,sector_c
2166.46527778,1.0024233334789237,0,0.00033,sector_c
2166.46666667,1.002218782162161,0,0.00033,sector_c
2166.46805556,1.0016514647970234,0,0.00033,sector_c
2166.46944444,1.001804421480506,0,0.00033,sector_c
2166.47083333,1.001405178372341,0,0.00033,sector_c
2166.47222222,1.002056604846196,0,0.00033,sector_c
2166.47361111,1.0018965689850565,0,0.00033,sector_c
2166.475,1.0014131816171365,0,0.00033,sector_c
2166.47638889,1.0016083698246774,0,0.00033,sector_c
2166.47777778,1.0014672320249334,0,0.00033,sector_c
2166.47916667,1.001822440072131,0,0.00033,sector_c
2166.48055556,1.0016793703826328,0,0.00033,sector_c
2166.48194444,1.0018533791654431,0,0.00033,sector_c
2166.48333333,1.0018301361539605,0,0.00033,sector_c
2166.48472222,1.0022586037519787,0,0.00033,sector_c
2166.48611111,1.0016262787722439,0,0.00033,sector_c
2166.4875,1.0019867471833226,0,0.00033,sector_c
2166.48888889,1.0012116302400234,0,0.00033,sector_c
2166.49027778,1.0015567067941031,0,0.00033,sector_c
2166.49166667,1.0020007115713838,0,0.00033,sector_c
2166.49305556,1.0017805745585426,0,0.00033,sector_c
2166.49444444,1.002007018968956,0,0.00033,sector_c
2166.49583333,1.0022608107696034,0,0.00033,sector_c
2166.49722222,1.0012261000593097,2048,0.00033,sector_c
2166.49861111,1.0011171070339657,0,0.00033,sector_c
2166.5,1.001633147694341,0,0.00033,sector_c
2166.50138889,1.001603526042981,0,0.00033,sector_c
2166.50277778,1.0012254248078156,0,0.00033,sector_c
2166.50416667,1.0009124680481707,0,0.00033,sector_c
2166.50555556,1.0014513318160814,2048,0.00033,sector_c
2166.50694444,1.0014266135264123,0,0.00033,sector_c
2166.50833333,1.0015165495409664,0,0.00033,sector_c
2166.50972222,1.002025637315264,0,0.00033,sector_c
2166.51111111,1.0019294040922189,0,0.00033,sector_c
2166.5125,1.0019109826365278,0,0.00033,sector_c
2166.51388889,1.0009943836512847,0,0.00033,sector_c
2166.51527778,1.001418951364494,0,0.00033,sector_c
2166.51666667,1.0014553906819759,0,0.00033,sector_c
2166.51805556,1.0020793022717485,0,0.00033,sector_c
2166.51944444,1.0010574229907772,0,0.00033,sector_c
2166.52083333,1.0016694424759163,0,0.00033,sector_c
2166.52222222,1.0018610504085546,0,0.00033,sector_c
2166.52361111,1.001793653557796,0,0.00033,sector_c
2166.525,1.0018117310554904,0,0.00033,sector_c
2166.52638889,1.0017930592187267,0,0.00033,sector_c
2166.52777778,1.0016736507235051,0,0.00033,sector_c
2166.52916667,1.0020713524256801,0,0.00033,sector_c
2166.53055556,1.0016006180194235,0,0.00033,sector_c
2166.53194444,1.0012613409171978,0,0.00033,sector_c
2166.53333333,1.001074159884082,0,0.00033,sector_c
2166.53472222,1.000779649214469,0,0.00033,sector_c
2166.53611111,1.0010333240189708,0,0.00033,sector_c
2166.5375,1.001732391697266,0,0.00033,sector_c
2166.53888889,1.0015280007136427,0,0.00033,sector_c
2166.54027778,1.0015052666940838,0,0.00033,sector_c
2166.54166667,1.0012938371712736,0,0.00033,sector_c
2166.54305556,1.0016598038802371,0,0.00033,sector_c
2166.54444444,1.001787455989576,0,0.00033,sector_c
2166.54583333,1.001323602514275,0,0.00033,sector_c
2166.54722222,1.0009941692775084,0,0.00033,sector_c
2166.54861111,1.001137325303157,0,0.00033,sector_c
2166.55,1.0014618132751458,0,0.00033,sector_c
2166.55138889,1.0014817509169818,0,0.00033,sector_c
2166.55277778,1.0014403209437304,0,0.00033,sector_c
2166.55416667,1.0017060410273688,0,0.00033,sector_c
2166.55555556,1.0014736800749275,0,0.00033,sector_c
2166.55694444,1.0021508111784068,0,0.00033,sector_c
2166.55833333,1.0006768950677072,0,0.00033,sector_c
2166.55972222,1.0012516961867364,0,0.00033,sector_c
2166.56111111,1.0007810152489685,0,0.00033,sector_c
2166.5625,1.001342354304395,0,0.00033,sector_c
2166.56388889,1.0012542964378297,0,0.00033,sector_c
2166.56527778,1.001116722283428,0,0.00033,sector_c
2166.56666667,1.0014705964637034,0,0.00033,sector_c
2166.56805556,1.0015786269047304,0,0.00033,sector_c
2166.56944444,1.001124101754092,0,0.00033,sector_c
2166.57083333,1.0018139797547059,0,0.00033,sector_c
2166.57222222,1.0011956445164218,0,0.00033,sector_c
2166.57361111,1.00108226328641,0,0.00033,sector_c
2166.575,1.0012615786270427,0,0.00033,sector_c
2166.57638889,1.0017689001708032,2048,0.00033,sector_c
2166.57777778,1.0015440318598592,0,0.00033,sector_c
2166.57916667,1.001031476972053,0,0.00033,sector_c
2166.58055556,1.001614836291395,0,0.00033,sector_c
2166.58194444,1.0017168434907333,0,0.00033,sector_c
2166.58333333,1.0016981004426515,0,0.00033,sector_c
2166.58472222,1.001342790469553,0,0.00033,sector_c
2166.58611111,1.0016035968324355,0,0.00033,sector_c
2166.5875,1.0014495968773307,0,0.00033,sector_c
2166.58888889,1.0013116718247879,0,0.00033,sector_c
2166.59027778,1.001161909495158,0,0.00033,sector_c
2166.59166667,1.0008732535807554,0,0.00033,sector_c
2166.59305556,1.001375050568777,0,0.00033,sector_c
2166.59444444,1.0014987186557385,0,0.00033,sector_c
2166.59583333,1.0013782619601157,0,0.00033,sector_c
2166.59722222,1.0019689070894087,0,0.00033,sector_c
2166.59861111,1.0010810615877865,0,0.00033,sector_c
2166.6,1.001907533508199,0,0.00033,sector_c
2166.60138889,1.0016566973365018,0,0.00033,sector_c
2166.60277778,1.0008640544130338,0,0.00033,sector_c
2166.60416667,1.00136745222573,0,0.00033,sector_c
2166.60555556,1.0012307229717194,0,0.00033,sector_c
2166.60694444,1.0010413077401001,0,0.00033,sector_c
2166.60833333,1.0010474736573922,0,0.00033,sector_c
2166.60972222,1.0014133071982856,0,0.00033,sector_c
2166.61111111,1.0011435718372108,0,0.00033,sector_c
2166.6125,1.0018181459262478,0,0.00033,sector_c
2166.61388889,1.0013760741238984,0,0.00033,sector_c
2166.61527778,1.0012937609320745,0,0.00033,sector_c
2166.61666667,1.0013798871339867,0,0.00033,sector_c
2166.61805556,1.001176293845513,0,0.00033,sector_c
2166.61944444,1.0015762808325468,0,0.00033,sector_c
2166.62083333,1.0008956769383242,0,0.00033,sector_c
2166.62222222,1.0015855286016788,0,0.00033,sector_c
2166.62361111,1.0012167723321204,0,0.00033,sector_c
2166.625,1.000798184513858,0,0.00033,sector_c
2166.62638889,1.0016190226702604,0,0.00033,sector_c
2166.62777778,1.001046622323353,0,0.00033,sector_c
2166.62916667,1.0012707030445718,0,0.00033,sector_c
2166.63055556,1.0009579400562516,0,0.00033,sector_c
2166.63194444,1.0012382208735222,0,0.00033,sector_c
2166.63333333,1.0013007503673226,0,0.00033,sector_c
2166.63472222,1.0011814472340936,0,0.00033,sector_c
2166.63611111,1.0015110565504954,0,0.00033,sector_c
2166.6375,1.0015950893075618,0,0.00033,sector_c
2166.63888889,1.000773547316321,0,0.00033,sector_c
2166.64027778,1.0004513986021997,0,0.00033,sector_c
2166.64166667,1.001009892829787,0,0.00033,sector_c
2166.64305556,1.0010387882949512,0,0.00033,sector_c
2166.64444444,1.0009812185922353,0,0.00033,sector_c
2166.64583333,1.001039361814849,0,0.00033,sector_c
2166.64722222,1.0018740170443792,0,0.00033,sector_c
2166.64861111,1.0011574383599402,0,0.00033,sector_c
2166.65,1.0008432538324274,0,0.00033,sector_c
2166.65138889,1.0010548838917896,0,0.00033,sector_c
2166.65277778,1.0008423154817336,0,0.00033,sector_c
2166.65416667,1.0015192105651165,0,0.00033,sector_c
2166.65555556,1.0011124810344547,0,0.00033,sector_c
2166.65694444,1.0018212888663538,0,0.00033,sector_c
2166.65833333,1.0010886364845415,0,0.00033,sector_c
2166.65972222,1.0010377515261208,0,0.00033,sector_c
2166.66111111,1.0006339143632963,0,0.00033,sector_c
2166.6625,1.00074373580744,0,0.00033,sector_c
2166.66388889,1.000833366744369,0,0.00033,sector_c
2166.66527778,1.0007606834151073,0,0.00033,sector_c
2166.66666667,1.0015233916016077,0,0.00033,sector_c
2166.66805556,1.0004918926531459,0,0.00033,sector_c
2166.66944444,1.0011941907121669,0,0.00033,sector_c
2166.67083333,1.0009730540036168,0,0.00033,sector_c
2166.67222222,1.0011045565184218,0,0.00033,sector_c
2166.67361111,1.0013616194571002,0,0.00033,sector_c
2166.675,1.0006900307135862,0,0.00033,sector_c
2166.67638889,1.0008747797236761,0,0.00033,sector_c
2166.67777778,1.0013242227082884,0,0.00033,sector_c
2166.67916667,1.000996154996836,0,0.00033,sector_c
2166.68055556,1.0006084287936974,0,0.00033,sector_c
2166.68194444,1.0007166528750766,0,0.00033,sector_c
2166.68333333,1.0016083202355903,0,0.00033,sector_c
2166.68472222,1.0012087726930499,0,0.00033,sector_c
2166.68611111,1.0011610679083385,0,0.00033,sector_c
2166.6875,1.0012167911710006,0,0.00033,sector_c
2166.68888889,1.0011157151562966,0,0.00033,sector_c
2166.69027778,1.0010060933684124,0,0.00033,sector_c
2166.69166667,1.0005682577209,0,0.00033,sector_c
2166.69305556,1.0014279786291256,0,0.00033,sector_c
2166.69444444,1.0006575295197302,0,0.00033,sector_c
2166.69583333,1.0009413894736483,0,0.00033,sector_c
2166.69722222,1.0004427535719758,0,0.00033,sector_c
2166.69861111,1.001259251908358,0,0.00033,sector_c
2166.7,1.0009996171888815,0,0.00033,sector_c
2166.70138889,1.0007529305375498,0,0.00033,sector_c
2166.70277778,1.0005428674067736,0,0.00033,sector_c
2166.70416667,1.0011401478171476,0,0.00033,sector_c
2166.70555556,1.000456329396891,0,0.00033,sector_c
2166.70694444,1.0014609603972289,0,0.00033,sector_c
2166.70833333,1.0004142632457023,0,0.00033,sector_c
2166.70972222,1.000765556782214,0,0.00033,sector_c
2166.71111111,1.0011243712846416,0,0.00033,sector_c
2166.7125,1.0010642790259847,0,0.00033,sector_c
2166.71388889,1.0014003409735301,0,0.00033,sector_c
2166.71527778,1.000877865976496,0,0.00033,sector_c
2166.71666667,1.001212579426278,0,0.00033,sector_c
2166.71805556,1.0011048424308235,0,0.00033,sector_c
2166.71944444,1.0009564048105455,0,0.00033,sector_c
2166.72083333,1.0010326812138546,0,0.00033,sector_c
2166.72222222,1.0004982742364745,0,0.00033,sector_c
2166.72361111,1.0010020964673918,0,0.00033,sector_c
2166.725,1.001003662295003,0,0.00033,sector_c
2166.72638889,1.000952252814625,0,0.00033,sector_c
2166.72777778,1.0006330267452646,0,0.00033,sector_c
2166.72916667,1.0006885700149732,0,0.00033,sector_c
2166.73055556,1.000855765462246,0,0.00033,sector_c
2166.73194444,1.0006845368342059,0,0.00033,sector_c
2166.73333333,1.001415158162171,0,0.00033,sector_c
2166.73472222,1.0010424491180914,0,0.00033,sector_c
2166.73611111,1.0003001372888916,0,0.00033,sector_c
2166.7375,1.0013677446594826,0,0.00033,sector_c
2166.73888889,1.0013765311600191,0,0.00033,sector_c
2166.74027778,1.0005251747281423,0,0.00033,sector_c
2166.74166667,1.0015490203529913,0,0.00033,sector_c
2166.74305556,1.0006191528150337,0,0.00033,sector_c
2166.74444444,1.0009238929735629,0,0.00033,sector_c
2166.74583333,1.0011470533567235,0,0.00033,sector_c
2166.74722222,1.0010724610299013,0,0.00033,sector_c
2166.74861111,1.0013644451752162,0,0.00033,sector_c
2166.75,1.0008781502993995,0,0.00033,sector_c
2166.75138889,1.0009747093882582,0,0.00033,sector_c
2166.75277778,1.0003768466382306,0,0.00033,sector_c
2166.75416667,1.000709560605398,0,0.00033,sector_c
2166.75555556,1.0002821960176589,0,0.00033,sector_c
2166.75694444,1.0004540529072035,0,0.00033,sector_c
2166.75833333,1.0007066838043384,0,0.00033,sector_c
2166.75972222,1.000725696744584,0,0.00033,sector_c
2166.76111111,1.0004211593854095,0,0.00033,sector_c
2166.7625,1.00052488170161,0,0.00033,sector_c
2166.76388889,1.0011495264843058,0,0.00033,sector_c
2166.76527778,1.0010193243630177,0,0.00033,sector_c
2166.76666667,1.0012657359123254,0,0.00033,sector_c
2166.76805556,1.0003244071938777,0,0.00033,sector_c
2166.76944444,1.0005507363898598,0,0.00033,sector_c
2166.77083333,1.0006288598011905,0,0.00033,sector_c
2166.77222222,1.0010149499778116,0,0.00033,sector_c
2166.77361111,1.0001621830915168,0,0.00033,sector_c
2166.775,1.0008772917398,0,0.00033,sector_c
2166.77638889,1.0013147489964203,0,0.00033,sector_c
2166.77777778,1.0004104612636564,0,0.00033,sector_c
2166.77916667,1.0007621592922076,0,0.00033,sector_c
2166.78055556,1.0012434876681184,0,0.00033,sector_c
2166.78194444,1.000871731890528,0,0.00033,sector_c
2166.78333333,1.001055897227676,0,0.00033,sector_c
2166.78472222,1.0002290540991339,0,0.00033,sector_c
2166.78611111,1.000361617621386,0,0.00033,sector_c
2166.7875,1.0004972298078383,0,0.00033,sector_c
2166.78888889,1.0008301667097574,0,0.00033,sector_c
2166.79027778,1.0004227224314757,0,0.00033,sector_c
2166.79166667,1.0007711768183039,0,0.00033,sector_c
2166.79305556,1.0006826287171338,0,0.00033,sector_c
2166.79444444,1.0001716691976705,0,0.00033,sector_c
2166.79583333,1.000618242564373,0,0.00033,sector_c
2166.79722222,1.000556369175848,0,0.00033,sector_c
2166.79861111,1.0010973664911538,0,0.00033,sector_c
2166.8,1.0004392678927783,0,0.00033,sector_c
2166.80138889,1.0006454373160136,0,0.00033,sector_c
2166.80277778,1.0008569128433074,0,0.00033,sector_c
2166.80416667,1.0005851551109097,0,0.00033,sector_c
2166.80555556,1.0005448894253939,0,0.00033,sector_c
2166.80694444,1.000588764366951,0,0.00033,sector_c
2166.80833333,1.001000644372685,0,0.00033,sector_c
2166.80972222,1.0007532731099924,0,0.00033,sector_c
2166.81111111,1.0002954285266743,0,0.00033,sector_c
2166.8125,1.0009906923707084,0,0.00033,sector_c
2166.81388889,1.0008171664267338,0,0.00033,sector_c
2166.81527778,1.0009170774638596,0,0.00033,sector_c
2166.81666667,1.0002819381409103,0,0.00033,sector_c
2166.81805556,1.0009200416891015,0,0.00033,sector_c
2166.81944444,1.0004925550660868,0,0.00033,sector_c
2166.82083333,1.000240860276346,0,0.00033,sector_c
2166.82222222,1.00037357711432,0,0.00033,sector_c
2166.82361111,1.0004006549802749,0,0.00033,sector_c
2166.825,1.0007940850037884,0,0.00033,sector_c
2166.82638889,1.0009893495317426,0,0.00033,sector_c
2166.82777778,1.0008323245016346,0,0.00033,sector_c
2166.82916667,1.0006925612061623,0,0.00033,sector_c
2166.83055556,1.0001692041883203,0,0.00033,sector_c
2166.83194444,1.0006077584919593,0,0.00033,sector_c
2166.83333333,1.000188209924725,0,0.00033,sector_c
2166.83472222,1.0012610619232991,0,0.00033,sector_c
2166.83611111,1.0006272491214663,0,0.00033,sector_c
2166.8375,1.0008870809416257,0,0.00033,sector_c
2166.83888889,1.0002991533712775,0,0.00033,sector_c
2166.84027778,1.0002016993992637,0,0.00033,sector_c
2166.84166667,1.0010387538714303,0,0.00033,sector_c
2166.84305556,1.0004953827958054,0,0.00033,sector_c
2166.84444444,1.001075329907548,0,0.00033,sector_c
2166.84583333,1.0008571004871705,0,0.00033,sector_c
2166.84722222,1.0003894019356079,0,0.00033,sector_c
2166.84861111,1.0010142919032965,0,0.00033,sector_c
2166.85,1.000366185964709,0,0.00033,sector_c
2166.85138889,1.0001341965973432,0,0.00033,sector_c
2166.85277778,1.000544202216064,0,0.00033,sector_c
2166.85416667,1.0000728463520911,0,0.00033,sector_c
2166.85555556,1.000952512601373,0,0.00033,sector_c
2166.85694444,1.0007304939903194,0,0.00033,sector_c
2166.85833333,0.999924504590977,0,0.00033,sector_c
2166.85972222,1.0002381880345175,0,0.00033,sector_c
2166.86111111,1.0005626342710854,0,0.00033,sector_c
2166.8625,1.0006797533944276,0,0.00033,sector_c
2166.86388889,1.0002659278160924,0,0.00033,sector_c
2166.86527778,1.0002466178309255,0,0.00033,sector_c
2166.86666667,1.000507958220113,0,0.00033,sector_c
2166.86805556,1.0004845778549545,0,0.00033,sector_c
2166.86944444,0.9998729760667809,0,0.00033,sector_c
2166.87083333,1.000487507074314,0,0.00033,sector_c
2166.87222222,1.0011065377157709,0,0.00033,sector_c
2166.87361111,1.0002262971808475,0,0.00033,sector_c
2166.875,0.999972394877413,0,0.00033,sector_c
2166.87638889,1.0002279872217525,0,0.00033,sector_c
2166.87777778,0.9998490643633975,0,0.00033,sector_c
2166.87916667,1.0001234856356496,0,0.00033,sector_c
2166.88055556,1.0008241779913682,0,0.00033,sector_c
2166.88194444,1.0000039525315276,0,0.00033,sector_c
2166.88333333,0.9997872572459064,0,0.00033,sector_c
2166.88472222,1.0002762543804324,0,0.00033,sector_c
2166.88611111,0.9999890542619949,0,0.00033,sector_c
2166.8875,1.0004655630681352,0,0.00033,sector_c
2166.88888889,1.000924678345603,0,0.00033,sector_c
2166.89027778,1.0001699535672244,0,0.00033,sector_c
2166.89166667,1.000372874359348,0,0.00033,sector_c
2166.89305556,1.000442085966217,0,0.00033,sector_c
2166.89444444,1.000393147704009,0,0.00033,sector_c
2166.89583333,0.9998048327618092,0,0.00033,sector_c
2166.89722222,1.0002229824061155,0,0.00033,sector_c
2166.89861111,1.0003782604097373,0,0.00033,sector_c
2166.9,1.0010570333368336,0,0.00033,sector_c
2166.90138889,0.9999304686555127,0,0.00033,sector_c
2166.90277778,1.0006939297945177,0,0.00033,sector_c
2166.90416667,1.000329100383553,0,0.00033,sector_c
2166.90555556,0.9996730973799709,0,0.00033,sector_c
2166.90694444,1.0001750239874845,0,0.00033,sector_c
2166.90833333,0.9996352894678276,0,0.00033,sector_c
2166.90972222,1.000311991853154,0,0.00033,sector_c
2166.91111111,1.0002737722865103,0,0.00033,sector_c
2166.9125,1.0004407423514226,0,0.00033,sector_c
2166.91388889,1.0004753573098981,0,0.00033,sector_c
2166.91527778,1.00084717480892,0,0.00033,sector_c
2166.91666667,1.0002983888024202,0,0.00033,sector_c
2166.91805556,1.0007553193753604,0,0.00033,sector_c
2166.91944444,1.0001487361656065,0,0.00033,sector_c
2166.92083333,0.9998168000154957,0,0.00033,sector_c
2166.92222222,1.0007167827464136,0,0.00033,sector_c
2166.92361111,1.0000326546764968,0,0.00033,sector_c
2166.925,1.0006526998710288,0,0.00033,sector_c
2166.92638889,1.0004715349715623,0,0.00033,sector_c
2166.92777778,1.000336175697911,0,0.00033,sector_c
2166.92916667,1.0004396462624943,0,0.00033,sector_c
2166.93055556,1.0007283112100933,0,0.00033,sector_c
2166.93194444,1.000321562930109,0,0.00033,sector_c
2166.93333333,1.0006630663225355,0,0.00033,sector_c
2166.93472222,0.9996082077331514,0,0.00033,sector_c
2166.93611111,1.0000481324470523,0,0.00033,sector_c
2166.9375,1.000736390207531,0,0.00033,sector_c
2166.93888889,1.0004495036813499,0,0.00033,sector_c
2166.94027778,1.000385454146097,0,0.00033,sector_c
2166.94166667,1.0002919922939109,0,0.00033,sector_c
2166.94305556,1.00059238042843,0,0.00033,sector_c
2166.94444444,1.00042037240508,0,0.00033,sector_c
2166.94583333,1.000480005064007,0,0.00033,sector_c
2166.94722222,1.0003207731987063,0,0.00033,sector_c
2166.94861111,1.0007290946846077,0,0.00033,sector_c
2166.95,1.000213365022226,0,0.00033,sector_c
2166.95138889,1.0000722105264428,0,0.00033,sector_c
2166.95277778,1.0005624127062014,0,0.00033,sector_c
2166.95416667,0.999906806975949,0,0.00033,sector_c
2166.95555556,1.000085563927374,0,0.00033,sector_c
2166.95694444,1.000332347180885,0,0.00033,sector_c
2166.95833333,1.0000517869753465,0,0.00033,sector_c
2166.95972222,0.9998284972793084,0,0.00033,sector_c
2166.96111111,0.9998425810257997,0,0.00033,sector_c
2166.9625,1.0002827713203457,0,0.00033,sector_c
2166.96388889,1.0002003780722655,0,0.00033,sector_c
2166.96527778,0.999913165526824,0,0.00033,sector_c
2166.96666667,1.000388505891297,0,0.00033,sector_c
2166.96805556,1.0003740685827123,0,0.00033,sector_c
2166.96944444,0.9999121722347727,0,0.00033,sector_c
2166.97083333,1.0003526221193142,0,0.00033,sector_c
2166.97222222,1.0003421055675092,0,0.00033,sector_c
2166.97361111,1.0000248523137532,0,0.00033,sector_c
2166.975,0.9997334096125716,0,0.00033,sector_c
2166.97638889,1.0001030387018939,0,0.00033,sector_c
2166.97777778,1.0003966516032232,0,0.00033,sector_c
2166.97916667,1.0001366739412947,0,0.00033,sector_c
2166.98055556,1.0006519840341952,0,0.00033,sector_c
2166.98194444,1.000117543930435,0,0.00033,sector_c
2166.98333333,0.999643168558197,0,0.00033,sector_c
2166.98472222,0.9998307768582374,0,0.00033,sector_c
2166.98611111,1.0004394257273967,4096,0.00033,sector_c
2166.9875,1.0002702986849175,0,0.00033,sector_c
2166.98888889,1.0000349186098174,0,0.00033,sector_c
2166.99027778,1.0002004337661672,0,0.00033,sector_c
2166.99166667,0.9999747080317877,0,0.00033,sector_c
2166.99305556,1.0005679657686717,0,0.00033,sector_c
2166.99444444,0.9998631702013768,0,0.00033,sector_c
2166.99583333,0.9994411929366194,0,0.00033,sector_c
2166.99722222,1.0000016726631955,4096,0.00033,sector_c
2166.99861111,0.999981618467019,0,0.00033,sector_c
2167.0,0.9996627376887235,0,0.00033,sector_c
2167.00138889,1.0008321574078183,0,0.00033,sector_c
2167.00277778,1.0001723689516782,0,0.00033,sector_c
2167.00416667,0.9999401285009906,0,0.00033,sector_c
2167.00555556,0.9995178754845719,0,0.00033,sector_c
2167.00694444,1.0003510515225074,0,0.00033,sector_c
2167.00833333,0.9997833514179625,0,0.00033,sector_c
2167.00972222,0.9998484167796858,0,0.00033,sector_c
2167.01111111,0.9997406109979977,0,0.00033,sector_c
2167.0125,0.9999629860378492,0,0.00033,sector_c
2167.01388889,1.0002663886145322,0,0.00033,sector_c
2167.01527778,0.9998835689531996,0,0.00033,sector_c
2167.01666667,1.0007429547227085,0,0.00033,sector_c
2167.01805556,1.0004123147685666,0,0.00033,sector_c
2167.01944444,1.0004245429967171,0,0.00033,sector_c
2167.02083333,1.0003020744704625,0,0.00033,sector_c
2167.02222222,1.0001281086833955,0,0.00033,sector_c
2167.02361111,1.0000910227112083,0,0.00033,sector_c
2167.025,1.0000540878822908,0,0.00033,sector_c
2167.02638889,1.0002238339365637,0,0.00033,sector_c
2167.02777778,1.0004169221829375,0,0.00033,sector_c
2167.02916667,1.0007569547776238,0,0.00033,sector_c
2167.03055556,0.9992678124542866,0,0.00033,sector_c
2167.03194444,1.0002364043512557,0,0.00033,sector_c
2167.03333333,1.0001160005472287,0,0.00033,sector_c
2167.03472222,0.999706546110407,2048,0.00033,sector_c
2167.03611111,0.9998632359581747,0,0.00033,sector_c
2167.0375,0.9999504080870656,0,0.00033,sector_c
2167.03888889,1.0000021002838375,0,0.00033,sector_c
2167.04027778,0.9996745859746312,0,0.00033,sector_c
2167.04166667,0.9996350610894351,0,0.00033,sector_c
2167.04305556,1.0001861265180614,0,0.00033,sector_c
2167.04444444,0.9999991708732802,0,0.00033,sector_c
2167.04583333,1.0002590687225685,0,0.00033,sector_c
2167.04722222,1.0004538542521755,0,0.00033,sector_c
2167.04861111,1.0000954373366056,0,0.00033,sector_c
2167.05,1.000118047328405,0,0.00033,sector_c
2167.05138889,1.0000586151023743,0,0.00033,sector_c
2167.05277778,0.9997740474095214,0,0.00033,sector_c
2167.05416667,0.9997441260310342,0,0.00033,sector_c
2167.05555556,1.0003279188934338,0,0.00033,sector_c
2167.05694444,1.0000092139369863,0,0.00033,sector_c
2167.05833333,1.0001162234232635,0,0.00033,sector_c
2167.05972222,1.0002749260774741,0,0.00033,sector_c
2167.06111111,0.9998416413626194,0,0.00033,sector_c
2167.0625,0.9992216059832283,0,0.00033,sector_c
2167.06388889,1.0001432172080076,0,0.00033,sector_c
2167.06527778,0.9998752725670415,0,0.00033,sector_c
2167.06666667,0.9998154379350255,0,0.00033,sector_c
2167.06805556,0.9999991948245537,0,0.00033,sector_c
2167.06944444,1.0001180376916685,0,0.00033,sector_c
2167.07083333,1.0001939557676305,0,0.00033,sector_c
2167.07222222,1.0005338851634176,0,0.00033,sector_c
2167.07361111,0.9991437205615051,0,0.00033,sector_c
2167.075,1.0003149613378832,0,0.00033,sector_c
2167.07638889,1.000919413042804,0,0.00033,sector_c
2167.07777778,1.0003056708693605,0,0.00033,sector_c
2167.07916667,0.9996618112410292,0,0.00033,sector_c
2167.08055556,0.9997123624903343,0,0.00033,sector_c
2167.08194444,0.9995426601897236,0,0.00033,sector_c
2167.08333333,0.9995932103994087,0,0.00033,sector_c
2167.08472222,1.0006524781563393,0,0.00033,sector_c
2167.08611111,0.999752289869886,0,0.00033,sector_c
2167.0875,0.9996283233711156,0,0.00033,sector_c
2167.08888889,0.9998022613157296,0,0.00033,sector_c
2167.09027778,0.9999602286642701,0,0.00033,sector_c
2167.09166667,0.9997758057447151,0,0.00033,sector_c
2167.09305556,1.000146887452739,0,0.00033,sector_c
2167.09444444,0.99986369326142,0,0.00033,sector_c
2167.09583333,1.0001564303374582,0,0.00033,sector_c
2167.09722222,0.9999427099866139,0,0.00033,sector_c
2167.09861111,0.9997891099072659,0,0.00033,sector_c
2167.1,0.9995837751845487,0,0.00033,sector_c
2167.10138889,1.000286708485386,0,0.00033,sector_c
2167.10277778,1.0000542338251415,0,0.00033,sector_c
2167.10416667,1.00013224180999,0,0.00033,sector_c
2167.10555556,0.9994623114469262,0,0.00033,sector_c
2167.10694444,0.9993100973490049,0,0.00033,sector_c
2167.10833333,1.0003668772824066,0,0.00033,sector_c
2167.10972222,0.9995468731220511,0,0.00033,sector_c
2167.11111111,0.9997629287361417,0,0.00033,sector_c
2167.1125,0.9998489443793157,0,0.00033,sector_c
2167.11388889,0.9996690504397923,0,0.00033,sector_c
2167.11527778,1.0008763624320198,0,0.00033,sector_c
2167.11666667,0.9997260248305347,0,0.00033,sector_c
2167.11805556,0.9994991139875952,0,0.00033,sector_c
2167.11944444,0.9998918871520326,0,0.00033,sector_c
2167.12083333,0.9998170984498498,0,0.00033,sector_c
2167.12222222,0.9998810392872393,0,0.00033,sector_c
2167.12361111,0.9999921585096627,0,0.00033,sector_c
2167.125,0.9993389053446045,0,0.00033,sector_c
2167.12638889,0.9999120109009321,0,0.00033,sector_c
2167.12777778,1.0003460937969693,0,0.00033,sector_c
2167.12916667,1.000521404979368,0,0.00033,sector_c
2167.13055556,0.9994930935577275,0,0.00033,sector_c
2167.13194444,0.9996730363531827,0,0.00033,sector_c
2167.13333333,0.9995777619908576,0,0.00033,sector_c
2167.13472222,0.9999181925593542,0,0.00033,sector_c
2167.13611111,1.0006924498485303,0,0.00033,sector_c
2167.1375,0.9992097934683358,0,0.00033,sector_c
2167.13888889,0.9998627703310633,0,0.00033,sector_c
2167.14027778,1.0002976698294561,0,0.00033,sector_c
2167.14166667,0.9997278706715232,0,0.00033,sector_c
2167.14305556,0.9998985797844332,0,0.00033,sector_c
2167.14444444,1.0000184404166474,0,0.00033,sector_c
2167.14583333,0.9991382629041936,0,0.00033,sector_c
2167.14722222,0.9999582411397174,0,0.00033,sector_c
2167.14861111,0.9994862847187861,0,0.00033,sector_c
2167.15,0.9995291483039846,0,0.00033,sector_c
2167.15138889,0.9993242899264287,0,0.00033,sector_c
2167.15277778,0.9998516071598954,0,0.00033,sector_c
2167.15416667,1.0002371442662277,0,0.00033,sector_c
2167.15555556,0.9998175275638677,0,0.00033,sector_c
2167.15694444,0.9999718487110386,0,0.00033,sector_c
2167.15833333,0.9998836420474371,0,0.00033,sector_c
2167.15972222,0.9994007428255725,0,0.00033,sector_c
2167.16111111,0.9992885432846654,0,0.00033,sector_c
2167.1625,0.9999596632130996,0,0.00033,sector_c
2167.16388889,0.9993162233805801,0,0.00033,sector_c
2167.16527778,0.999774375001247,0,0.00033,sector_c
2167.16666667,0.9992956016152647,0,0.00033,sector_c
2167.16805556,0.9996370928150936,0,0.00033,sector_c
2167.16944444,0.9995067723939883,0,0.00033,sector_c
2167.17083333,0.9997953649008544,0,0.00033,sector_c
2167.17222222,0.9993574696415398,0,0.00033,sector_c
2167.17361111,0.9999265967225827,0,0.00033,sector_c
2167.175,0.9995808372319981,0,0.00033,sector_c
2167.17638889,0.9998971892991831,0,0.00033,sector_c
2167.17777778,0.9998441715048033,0,0.00033,sector_c
2167.17916667,1.0000228956364074,0,0.00033,sector_c
2167.18055556,1.0001143749183088,0,0.00033,sector_c
2167.18194444,0.9989838353024278,0,0.00033,sector_c
2167.18333333,0.9998559109291497,0,0.00033,sector_c
2167.18472222,0.9937663506563307,0,0.00033,sector_c
2167.18611111,0.9944275270719307,0,0.00033,sector_c
2167.1875,0.9937841571927347,0,0.00033,sector_c
2167.18888889,0.9939894294879293,0,0.00033,sector_c
2167.19027778,0.9944582006833691,0,0.00033,sector_c
2167.19166667,0.9943473678264558,0,0.00033,sector_c
2167.19305556,0.9943929035855108,0,0.00033,sector_c
2167.19444444,0.9934703945634062,0,0.00033,sector_c
2167.19583333,0.9943395670277185,0,0.00033,sector_c
2167.19722222,0.9939860643865716,0,0.00033,sector_c
2167.19861111,0.9942858263455299,0,0.00033,sector_c
2167.2,0.993786984343152,0,0.00033,sector_c
2167.20138889,0.9941723425736148,0,0.00033,sector_c
2167.20277778,0.9942357820236222,0,0.00033,sector_c
2167.20416667,0.9940995649247214,0,0.00033,sector_c
2167.20555556,0.9939991119885904,0,0.00033,sector_c
2167.20694444,0.9940874470546696,0,0.00033,sector_c
2167.20833333,0.9943623607845183,0,0.00033,sector_c
2167.20972222,0.9935104417331153,0,0.00033,sector_c
2167.21111111,0.9941685942993711,0,0.00033,sector_c
2167.2125,0.9937797669614896,0,0.00033,sector_c
2167.21388889,0.9940587119742426,0,0.00033,sector_c
2167.21527778,0.9941404559181249,0,0.00033,sector_c
2167.21666667,0.9933325978523581,0,0.00033,sector_c
2167.21805556,0.994033754400989,0,0.00033,sector_c
2167.21944444,0.9942546012783353,0,0.00033,sector_c
2167.22083333,0.994361544601447,0,0.00033,sector_c
2167.22222222,0.9934667211990094,0,0.00033,sector_c
2167.22361111,0.9941047951129159,0,0.00033,sector_c
2167.225,0.9943029250976888,0,0.00033,sector_c
2167.22638889,0.9943033099357177,0,0.00033,sector_c
2167.22777778,0.9937544220912334,0,0.00033,sector_c
2167.22916667,0.9940896823167445,0,0.00033,sector_c
2167.23055556,0.9943764271021625,0,0.00033,sector_c
2167.23194444,0.9940930061538513,0,0.00033,sector_c
2167.23333333,0.9939109408330125,0,0.00033,sector_c
2167.23472222,0.9945289597519057,0,0.00033,sector_c
2167.23611111,0.9941509973926681,0,0.00033,sector_c
2167.2375,0.9938994994709258,0,0.00033,sector_c
2167.23888889,0.9940379292376788,0,0.00033,sector_c
2167.24027778,0.9939070666067606,0,0.00033,sector_c
2167.24166667,0.9941587891776504,0,0.00033,sector_c
2167.24305556,0.993571341952631,0,0.00033,sector_c
2167.24444444,0.9933899551336316,0,0.00033,sector_c
2167.24583333,0.9937398363218629,0,0.00033,sector_c
2167.24722222,0.9936489786249043,0,0.00033,sector_c
2167.24861111,0.9937120702331029,0,0.00033,sector_c
2167.25,0.9938808224060305,0,0.00033,sector_c
2167.25138889,0.994090123792502,0,0.00033,sector_c
2167.25277778,0.9996024193988842,0,0.00033,sector_c
2167.25416667,0.9997805580045257,0,0.00033,sector_c
2167.25555556,0.9997422049109228,0,0.00033,sector_c
2167.25694444,0.9992940533545411,0,0.00033,sector_c
2167.25833333,0.9994797039910807,0,0.00033,sector_c
2167.25972222,0.9992908955871646,0,0.00033,sector_c
2167.26111111,0.9993198167776999,0,0.00033,sector_c
2167.2625,0.9996172650873872,0,0.00033,sector_c
2167.26388889,0.9990976014789169,0,0.00033,sector_c
2167.26527778,1.000464457551289,0,0.00033,sector_c
2167.26666667,1.0000491660990136,0,0.00033,sector_c
2167.26805556,0.9993827961974885,0,0.00033,sector_c
2167.26944444,0.9992944928418696,0,0.00033,sector_c
2167.27083333,0.9998188233025606,0,0.00033,sector_c
2167.27222222,0.999202371764536,0,0.00033,sector_c
2167.27361111,0.9993832700177968,0,0.00033,sector_c
2167.275,0.999129411357254,0,0.00033,sector_c
2167.27638889,0.9999299179070266,0,0.00033,sector_c
2167.27777778,0.9996929989603914,0,0.00033,sector_c
2167.27916667,0.9991018557466831,0,0.00033,sector_c
2167.28055556,0.9995144622550366,0,0.00033,sector_c
2167.28194444,0.9996788041528425,0,0.00033,sector_c
2167.28333333,0.9994404404335836,0,0.00033,sector_c
2167.28472222,0.9994540775284471,0,0.00033,sector_c
2167.28611111,0.99980070007968,0,0.00033,sector_c
2167.2875,0.9995769426843348,0,0.00033,sector_c
2167.28888889,0.9995251472616924,0,0.00033,sector_c
2167.29027778,0.999923759263577,0,0.00033,sector_c
2167.29166667,0.9990777893603175,0,0.00033,sector_c
2167.29305556,0.9990341221487915,0,0.00033,sector_c
2167.29444444,1.0002247132683744,0,0.00033,sector_c
2167.29583333,0.9991137719630906,0,0.00033,sector_c
2167.29722222,0.9991227583867394,0,0.00033,sector_c
2167.29861111,1.0000194876772504,0,0.00033,sector_c
2167.3,0.9993596099278403,0,0.00033,sector_c
2167.30138889,0.9995653134334701,0,0.00033,sector_c
2167.30277778,0.999400092401731,0,0.00033,sector_c
2167.30416667,0.9995003863303045,0,0.00033,sector_c
2167.30555556,0.9995179656841187,0,0.00033,sector_c
2167.30694444,0.9995306327123531,0,0.00033,sector_c
2167.30833333,0.9991623649963876,0,0.00033,sector_c
2167.30972222,0.9998423657745151,0,0.00033,sector_c
2167.31111111,0.9989633423868886,0,0.00033,sector_c
2167.3125,0.9995293491563672,0,0.00033,sector_c
2167.31388889,0.9993260044050745,0,0.00033,sector_c
2167.31527778,1.0002905575331205,0,0.00033,sector_c
2167.31666667,0.9996699747874871,0,0.00033,sector_c
2167.31805556,0.99954273745227,0,0.00033,sector_c
2167.31944444,0.9996983728566592,0,0.00033,sector_c
2167.32083333,0.9996169595749339,0,0.00033,sector_c
2167.32222222,0.9993525149048718,0,0.00033,sector_c
2167.32361111,0.9998437465303912,0,0.00033,sector_c
2167.325,0.9991828153166356,0,0.00033,sector_c
2167.32638889,0.9987938645258604,0,0.00033,sector_c
2167.32777778,0.9997479967446596,0,0.00033,sector_c
2167.32916667,0.9996424948264292,0,0.00033,sector_c
2167.33055556,0.9995115001285656,0,0.00033,sector_c
2167.33194444,0.9989785011349887,0,0.00033,sector_c
2167.33333333,0.999159199090287,0,0.00033,sector_c
2167.33472222,0.9995865598632024,0,0.00033,sector_c
2167.33611111,0.9996778896072134,0,0.00033,sector_c
2167.3375,0.999277970978498,0,0.00033,sector_c
2167.33888889,0.9996277129539755,0,0.00033,sector_c
2167.34027778,0.9996200638066481,0,0.00033,sector_c
2167.34166667,0.9996592696436141,0,0.00033,sector_c
2167.34305556,0.9993209035912175,0,0.00033,sector_c
2167.34444444,0.9997393024316594,0,0.00033,sector_c
2167.34583333,0.9995903773680699,0,0.00033,sector_c
2167.34722222,0.9992399741179803,0,0.00033,sector_c
2167.34861111,0.9995955765433348,0,0.00033,sector_c
2167.35,0.9998210452913374,0,0.00033,sector_c
2167.35138889,0.999198636759448,0,0.00033,sector_c
2167.35277778,0.9995537042100635,0,0.00033,sector_c
2167.35416667,0.9998995802074847,4096,0.00033,sector_c
2167.35555556,0.9994948943888403,0,0.00033,sector_c
2167.35694444,0.9999430196906655,0,0.00033,sector_c
2167.35833333,0.9993832806055568,0,0.00033,sector_c
2167.35972222,0.9998994537614138,0,0.00033,sector_c
2167.36111111,0.9995758441625083,0,0.00033,sector_c
2167.3625,0.9993633440114241,0,0.00033,sector_c
2167.36388889,0.9995806678111949,0,0.00033,sector_c
2167.36527778,0.9991074361224457,0,0.00033,sector_c
2167.36666667,0.9993677252493008,0,0.00033,sector_c
2167.36805556,0.999099945376888,0,0.00033,sector_c
2167.36944444,1.0000739559377627,0,0.00033,sector_c
2167.37083333,0.9990172142308924,0,0.00033,sector_c
2167.37222222,0.9996714257316601,0,0.00033,sector_c
2167.37361111,0.99949729726656,0,0.00033,sector_c
2167.375,0.9990385128543284,0,0.00033,sector_c
2167.37638889,0.999564130383482,0,0.00033,sector_c
2167.37777778,0.9991925075632205,0,0.00033,sector_c
2167.37916667,0.9990337382300409,0,0.00033,sector_c
2167.38055556,0.9990512048799971,0,0.00033,sector_c
2167.38194444,0.9990111146821595,0,0.00033,sector_c
2167.38333333,0.9996017948969368,0,0.00033,sector_c
2167.38472222,0.9990280462292145,0,0.00033,sector_c
2167.38611111,0.9999703686334738,0,0.00033,sector_c
2167.3875,0.9998951527055663,0,0.00033,sector_c
2167.38888889,0.9991082844359165,0,0.00033,sector_c
2167.39027778,0.9988932208940828,0,0.00033,sector_c
2167.39166667,0.9993063107746119,0,0.00033,sector_c
2167.39305556,0.998814207264427,0,0.00033,sector_c
2167.39444444,1.0000580434153297,0,0.00033,sector_c
2167.39583333,0.9990612055764327,0,0.00033,sector_c
2167.39722222,0.9998331130657652,0,0.00033,sector_c
2167.39861111,0.9989073966877335,0,0.00033,sector_c
2167.4,0.9994888777810395,0,0.00033,sector_c
2167.40138889,0.9993607878422696,0,0.00033,sector_c
2167.40277778,0.9988548491690673,0,0.00033,sector_c
2167.40416667,0.9994207065447354,0,0.00033,sector_c
2167.40555556,1.0000588456380155,0,0.00033,sector_c
2167.40694444,0.9992942732358874,0,0.00033,sector_c
2167.40833333,0.9990785093061147,0,0.00033,sector_c
2167.40972222,0.9989029943807167,0,0.00033,sector_c
2167.41111111,0.9992847384039808,0,0.00033,sector_c
2167.4125,0.9996515822717721,0,0.00033,sector_c
2167.41388889,0.9992227317072461,0,0.00033,sector_c
2167.41527778,0.999105243800245,0,0.00033,sector_c
2167.41666667,1.0002205278377838,0,0.00033,sector_c
2167.41805556,0.9994912603913853,0,0.00033,sector_c
2167.41944444,0.9998007921511883,0,0.00033,sector_c
2167.42083333,0.9986031419069032,0,0.00033,sector_c
2167.42222222,0.9995333459278664,0,0.00033,sector_c
2167.42361111,0.9990371539098916,0,0.00033,sector_c
2167.425,0.9994621134024402,0,0.00033,sector_c
2167.42638889,0.99930187643449,0,0.00033,sector_c
2167.42777778,0.9992912596918713,0,0.00033,sector_c
2167.42916667,0.999058871686923,0,0.00033,sector_c
2167.43055556,0.9995369755165145,0,0.00033,sector_c
2167.43194444,0.9997996072491783,0,0.00033,sector_c
2167.43333333,0.9992144384643604,0,0.00033,sector_c
2167.43472222,0.9992118691848656,0,0.00033,sector_c
2167.43611111,0.9998264966477377,0,0.00033,sector_c
2167.4375,0.9995133875109076,0,0.00033,sector_c
2167.43888889,0.9999169545544561,0,0.00033,sector_c
2167.44027778,0.999302501781984,0,0.00033,sector_c
2167.44166667,0.9988391806198805,0,0.00033,sector_c
2167.44305556,0.999616869998791,0,0.00033,sector_c
2167.44444444,0.9993709960087898,0,0.00033,sector_c
2167.44583333,0.999216460661014,0,0.00033,sector_c
2167.44722222,0.9990331625193221,0,0.00033,sector_c
2167.44861111,0.9984795640941867,0,0.00033,sector_c
2167.45,0.999640119154767,0,0.00033,sector_c
2167.45138889,0.9999917437263897,0,0.00033,sector_c
2167.45277778,0.9993516595301976,0,0.00033,sector_c
2167.45416667,0.999513793110237,0,0.00033,sector_c
2167.45555556,0.9992616626442805,0,0.00033,sector_c
2167.45694444,0.9993438655687619,0,0.00033,sector_c
2167.45833333,0.9994010260509052,0,0.00033,sector_c
2167.45972222,0.99948675989457,0,0.00033,sector_c
2167.46111111,0.9994537681239175,0,0.00033,sector_c
2167.4625,0.9993428399560753,0,0.00033,sector_c
2167.46388889,0.9982914734026401,0,0.00033,sector_c
2167.46527778,0.999031019725786,0,0.00033,sector_c
2167.46666667,0.9989900397046158,0,0.00033,sector_c
2167.46805556,0.9996683760118379,0,0.00033,sector_c
2167.46944444,0.999436433967382,0,0.00033,sector_c
2167.47083333,0.9995794831272551,0,0.00033,sector_c
2167.47222222,0.9996918956470888,0,0.00033,sector_c
2167.47361111,0.9990943582014756,0,0.00033,sector_c
2167.475,0.99895175943561,0,0.00033,sector_c
2167.47638889,0.9994991782484689,0,0.00033,sector_c
2167.47777778,0.999121945917872,0,0.00033,sector_c
2167.47916667,0.9991463858920377,0,0.00033,sector_c
2167.48055556,0.9991176063464726,0,0.00033,sector_c
2167.48194444,0.9993643233577035,0,0.00033,sector_c
2167.48333333,0.99903657357281,0,0.00033,sector_c
2167.48472222,0.9990412150378447,0,0.00033,sector_c
2167.48611111,0.9992062180395548,0,0.00033,sector_c
2167.4875,0.9992979115389182,0,0.00033,sector_c
2167.48888889,0.9986246468837559,0,0.00033,sector_c
2167.49027778,0.9997439420625561,0,0.00033,sector_c
2167.49166667,0.998695324387689,0,0.00033,sector_c
2167.49305556,0.999597135265359,0,0.00033,sector_c
2167.49444444,0.9996212297706408,0,0.00033,sector_c
2167.49583333,0.9991084755678418,0,0.00033,sector_c
2167.49722222,0.9993350792139738,0,0.00033,sector_c
2167.49861111,0.999785318764184,0,0.00033,sector_c
2167.5,0.9992565063574023,0,0.00033,sector_c
2167.50138889,0.9992657328854554,0,0.00033,sector_c
2167.50277778,0.9989945803872075,0,0.00033,sector_c
2167.50416667,0.9989988859817863,0,0.00033,sector_c
2167.50555556,0.9996839692504762,0,0.00033,sector_c
2167.50694444,0.9989824098794062,0,0.00033,sector_c
2167.50833333,0.9993437917948826,0,0.00033,sector_c
2167.50972222,0.9989028998748479,0,0.00033,sector_c
2167.51111111,0.9989332310486329,0,0.00033,sector_c
2167.5125,0.9991385941705943,0,0.00033,sector_c
2167.51388889,0.9990015589808797,0,0.00033,sector_c
2167.51527778,0.9992026779598583,0,0.00033,sector_c
2167.51666667,0.9991054398979903,0,0.00033,sector_c
2167.51805556,0.998717234771493,0,0.00033,sector_c
2167.51944444,0.9989695363724251,0,0.00033,sector_c
2167.52083333,0.9988140328949522,0,0.00033,sector_c
2167.52222222,0.9998188984597606,0,0.00033,sector_c
2167.52361111,0.9992899650087709,0,0.00033,sector_c
2167.525,0.998615675840125,0,0.00033,sector_c
2167.52638889,0.9990543852610645,0,0.00033,sector_c
2167.52777778,0.9989222829566533,0,0.00033,sector_c
2167.52916667,0.999378659342359,0,0.00033,sector_c
2167.53055556,0.9992473872626774,0,0.00033,sector_c
2167.53194444,0.9985704080231131,0,0.00033,sector_c
2167.53333333,0.9987211204909638,0,0.00033,sector_c
2167.53472222,0.999137241323138,0,0.00033,sector_c
2167.53611111,0.9985831934309419,0,0.00033,sector_c
2167.5375,0.9986991532334313,0,0.00033,sector_c
2167.53888889,0.9987101670277961,0,0.00033,sector_c
2167.54027778,0.9992946274149413,0,0.00033,sector_c
2167.54166667,0.9990622866783504,0,0.00033,sector_c
2167.54305556,0.9992963745676574,0,0.00033,sector_c
2167.54444444,0.9989580227183508,0,0.00033,sector_c
2167.54583333,0.9991011446344247,0,0.00033,sector_c
2167.54722222,0.9998697631668412,0,0.00033,sector_c
2167.54861111,0.9993687722249058,0,0.00033,sector_c
2167.55,0.9995446604013796,0,0.00033,sector_c
2167.55138889,0.9988438345631572,0,0.00033,sector_c
2167.55277778,0.9990796905697162,0,0.00033,sector_c
2167.55416667,0.9988612991837531,0,0.00033,sector_c
2167.55555556,0.9989620536015406,0,0.00033,sector_c
2167.55694444,0.9988743924446004,0,0.00033,sector_c
2167.55833333,0.9995725605602556,0,0.00033,sector_c
2167.55972222,0.9993561178173365,0,0.00033,sector_c
2167.56111111,0.9993728602672582,0,0.00033,sector_c
2167.5625,0.9994289962389051,0,0.00033,sector_c
2167.56388889,0.9994146716832012,0,0.00033,sector_c
2167.56527778,0.9985339780688248,0,0.00033,sector_c
2167.56666667,0.9992212106846317,0,0.00033,sector_c
2167.56805556,0.9988671862493969,0,0.00033,sector_c
2167.56944444,0.99929101465563,0,0.00033,sector_c
2167.57083333,0.999457897363112,0,0.00033,sector_c
2167.57222222,0.9994461184612685,0,0.00033,sector_c
2167.57361111,0.999655612208084,0,0.00033,sector_c
2167.575,0.9989042141020267,0,0.00033,sector_c
2167.57638889,0.9994992282768724,0,0.00033,sector_c
2167.57777778,0.9983916569844388,0,0.00033,sector_c
2167.57916667,0.9985777786058112,0,0.00033,sector_c
2167.58055556,0.9991425283022424,0,0.00033,sector_c
2167.58194444,0.999241209865912,0,0.00033,sector_c
2167.58333333,0.9987815768417717,0,0.00033,sector_c
2167.58472222,0.999096966234763,0,0.00033,sector_c
2167.58611111,0.999712538676356,0,0.00033,sector_c
2167.5875,0.999267107956365,0,0.00033,sector_c
2167.58888889,0.9988367442157248,0,0.00033,sector_c
2167.59027778,0.9990359652329834,0,0.00033,sector_c
2167.59166667,0.9993048458911798,0,0.00033,sector_c
2167.59305556,0.9986872515400284,0,0.00033,sector_c
2167.59444444,0.9993293845828097,0,0.00033,sector_c
2167.59583333,0.998559638565313,0,0.00033,sector_c
2167.59722222,0.9987247251176116,0,0.00033,sector_c
2167.59861111,0.999255615607376,0,0.00033,sector_c
2167.6,0.9994650087157188,0,0.00033,sector_c
2167.60138889,0.9992196883011564,0,0.00033,sector_c
2167.60277778,0.9993648153217072,0,0.00033,sector_c
2167.60416667,0.9994076116918378,0,0.00033,sector_c
2167.60555556,0.9990508038105873,0,0.00033,sector_c
2167.60694444,0.9989487683680787,0,0.00033,sector_c
2167.60833333,0.999745066603512,0,0.00033,sector_c
2167.60972222,0.9987937250788339,0,0.00033,sector_c
2167.61111111,0.9991222084234495,0,0.00033,sector_c
2167.6125,0.9989513140006968,0,0.00033,sector_c
2167.61388889,0.9990211093502657,0,0.00033,sector_c
2167.61527778,0.9991989302963524,0,0.00033,sector_c
2167.61666667,0.9991143745808859,0,0.00033,sector_c
2167.61805556,0.9991682313774592,0,0.00033,sector_c
2167.61944444,0.999327336144768,0,0.00033,sector_c
2167.62083333,0.9985290284748735,0,0.00033,sector_c
2167.62222222,0.9989745655972659,0,0.00033,sector_c
2167.62361111,0.9998705371044314,0,0.00033,sector_c
2167.625,0.9991562401208932,0,0.00033,sector_c
2167.62638889,0.9985687178866929,0,0.00033,sector_c
2167.62777778,0.9994002502621695,0,0.00033,sector_c
2167.62916667,0.9994161133314649,0,0.00033,sector_c
2167.63055556,0.9990614749616422,0,0.00033,sector_c
2167.63194444,0.9988544157217597,0,0.00033,sector_c
2167.63333333,0.9992921530181254,0,0.00033,sector_c
2167.63472222,0.9993502307425826,0,0.00033,sector_c
2167.63611111,0.9992849561563135,0,0.00033,sector_c
2167.6375,0.9989928476973572,0,0.00033,sector_c
2167.63888889,0.9984723192275194,0,0.00033,sector_c
2167.64027778,0.9987858752345938,0,0.00033,sector_c
2167.64166667,0.9992342976541307,0,0.00033,sector_c
2167.64305556,0.9988785412414025,0,0.00033,sector_c
2167.64444444,0.9992965547519335,0,0.00033,sector_c
2167.64583333,0.9991073635070314,0,0.00033,sector_c
2167.64722222,0.9990661116887356,0,0.00033,sector_c
2167.64861111,0.9985844815415489,0,0.00033,sector_c
2167.65,0.999433076577317,0,0.00033,sector_c
2167.65138889,0.9986887207058167,0,0.00033,sector_c
2167.65277778,0.99864490956996,0,0.00033,sector_c
2167.65416667,0.9995630897309034,0,0.00033,sector_c
2167.65555556,0.9988449892873816,0,0.00033,sector_c
2167.65694444,0.9995846196753271,0,0.00033,sector_c
2167.65833333,0.9992864373452988,0,0.00033,sector_c
2167.65972222,0.9990855259334651,0,0.00033,sector_c
2167.66111111,0.9989316947638125,0,0.00033,sector_c
2167.6625,0.9988972649326834,0,0.00033,sector_c
2167.66388889,0.9991052310386136,0,0.00033,sector_c
2167.66527778,0.9990673976718111,0,0.00033,sector_c
2167.66666667,0.9989832828853293,0,0.00033,sector_c
2167.66805556,0.9990563522443884,0,0.00033,sector_c
2167.66944444,0.9995533410265995,0,0.00033,sector_c
2167.67083333,0.9991734068375856,0,0.00033,sector_c
2167.67222222,0.9988792156669911,0,0.00033,sector_c
2167.67361111,0.9991442201738459,0,0.00033,sector_c
2167.675,0.999625941249368,0,0.00033,sector_c
2167.67638889,0.9993510386634666,0,0.00033,sector_c
2167.67777778,0.9984816254451181,0,0.00033,sector_c
2167.67916667,0.9994237922170733,0,0.00033,sector_c
2167.68055556,0.9995465006553851,0,0.00033,sector_c
2167.68194444,0.9991246978518007,0,0.00033,sector_c
2167.68333333,0.9988099194855695,0,0.00033,sector_c
2167.68472222,0.9993492697122627,0,0.00033,sector_c
2167.68611111,0.9995208987219655,0,0.00033,sector_c
2167.6875,0.9989713921280179,0,0.00033,sector_c
2167.68888889,0.999206668646795,0,0.00033,sector_c
2167.69027778,0.9984653782923382,0,0.00033,sector_c
2167.69166667,0.998667813318154,0,0.00033,sector_c
2167.69305556,0.9987664867611175,0,0.00033,sector_c
2167.69444444,0.999326428732674,0,0.00033,sector_c
2167.69583333,0.9995822760522829,0,0.00033,sector_c
2167.69722222,0.9991015612491305,0,0.00033,sector_c
2167.69861111,0.9988735265245599,0,0.00033,sector_c
2167.7,0.999484705343243,0,0.00033,sector_c
2167.70138889,0.9988760484287175,0,0.00033,sector_c
2167.70277778,0.9990139723910788,0,0.00033,sector_c
2167.70416667,0.9987942579623827,0,0.00033,sector_c
2167.70555556,0.9986250338620652,0,0.00033,sector_c
2167.70694444,0.9997683816026917,0,0.00033,sector_c
2167.70833333,0.9987070209248355,0,0.00033,sector_c
2167.70972222,0.9992681406725089,0,0.00033,sector_c
2167.71111111,0.9989375075002173,0,0.00033,sector_c
2167.7125,0.9985771230814341,0,0.00033,sector_c
2167.71388889,0.999178711726939,0,0.00033,sector_c
2167.71527778,0.9991643824215715,0,0.00033,sector_c
2167.71666667,0.9987144688487771,0,0.00033,sector_c
2167.71805556,0.9990553957041358,0,0.00033,sector_c
2167.71944444,0.9990542830023125,0,0.00033,sector_c
2167.72083333,0.9989319045327134,0,0.00033,sector_c
2167.72222222,0.9988999348960729,0,0.00033,sector_c
2167.72361111,0.9997530446545332,0,0.00033,sector_c
2167.725,0.9992133867090067,0,0.00033,sector_c
2167.72638889,0.9993493500681027,2048,0.00033,sector_c
2167.72777778,0.9991411135843199,0,0.00033,sector_c
2167.72916667,0.9989726614382924,0,0.00033,sector_c
2167.73055556,0.9991801429197384,0,0.00033,sector_c
2167.73194444,0.9989547866954456,0,0.00033,sector_c
2167.73333333,0.9987162455481688,0,0.00033,sector_c
2167.73472222,0.9985978431710519,0,0.00033,sector_c
2167.73611111,0.9995883064686817,0,0.00033,sector_c
2167.7375,0.9988525424881384,0,0.00033,sector_c
2167.73888889,0.9996301470165717,0,0.00033,sector_c
2167.74027778,0.9990861308486246,0,0.00033,sector_c
2167.74166667,0.9990717171074373,0,0.00033,sector_c
2167.74305556,0.999344637997686,0,0.00033,sector_c
2167.74444444,0.9987910382791272,0,0.00033,sector_c
2167.74583333,0.999041728558277,0,0.00033,sector_c
2167.74722222,0.9991338436122111,0,0.00033,sector_c
2167.74861111,0.9992232153550574,0,0.00033,sector_c
2167.75,0.9994235773081549,0,0.00033,sector_c
2167.75138889,0.9994879031960057,0,0.00033,sector_c
2167.75277778,0.9991109894105226,0,0.00033,sector_c
2167.75416667,0.9984418513130786,0,0.00033,sector_c
2167.75555556,0.9993685016161196,0,0.00033,sector_c
2167.75694444,0.999117102322163,0,0.00033,sector_c
2167.75833333,0.9991142666989123,0,0.00033,sector_c
2167.75972222,0.9992907419523654,0,0.00033,sector_c
2167.76111111,0.9992957064215164,0,0.00033,sector_c
2167.7625,0.9991362260179338,0,0.00033,sector_c
2167.76388889,0.9991042121314597,0,0.00033,sector_c
2167.76527778,0.9988636851580522,0,0.00033,sector_c
2167.76666667,0.9988281856554849,0,0.00033,sector_c
2167.76805556,0.9987467356520033,0,0.00033,sector_c
2167.76944444,0.999268606499299,0,0.00033,sector_c
2167.77083333,0.9989086075767244,0,0.00033,sector_c
2167.77222222,0.9988314911378869,0,0.00033,sector_c
2167.77361111,0.998708921961574,0,0.00033,sector_c
2167.775,0.9996824437976791,0,0.00033,sector_c
2167.77638889,0.9988257275252732,0,0.00033,sector_c
2167.77777778,0.9989869177040457,0,0.00033,sector_c
2167.77916667,0.9986186166468678,0,0.00033,sector_c
2167.78055556,0.999006205397143,0,0.00033,sector_c
2167.78194444,0.9990362207778178,0,0.00033,sector_c
2167.78333333,0.9987433849997939,0,0.00033,sector_c
2167.78472222,0.9990279908010338,0,0.00033,sector_c
2167.78611111,0.9997418919658521,0,0.00033,sector_c
2167.7875,0.998467260044101,0,0.00033,sector_c
2167.78888889,0.9993309227243126,0,0.00033,sector_c
2167.79027778,0.998387445689183,0,0.00033,sector_c
2167.79166667,0.9993965818733218,0,0.00033,sector_c
2167.79305556,0.9994736288945477,0,0.00033,sector_c
2167.79444444,0.9987822731474459,0,0.00033,sector_c
2167.79583333,0.9988626477804388,0,0.00033,sector_c
2167.79722222,0.9986877413821462,0,0.00033,sector_c
2167.79861111,0.9991566716302172,0,0.00033,sector_c
2167.8,0.9986138882057813,0,0.00033,sector_c
2167.80138889,0.9992072598548274,0,0.00033,sector_c
2167.80277778,0.999415508617415,0,0.00033,sector_c
2167.80416667,0.998872867841064,0,0.00033,sector_c
2167.80555556,0.9985093342235055,0,0.00033,sector_c
2167.80694444,0.9983080001306714,0,0.00033,sector_c
2167.80833333,0.9989864065685037,0,0.00033,sector_c
2167.80972222,0.9989023296070476,0,0.00033,sector_c
2167.81111111,0.9988580996882266,0,0.00033,sector_c
2167.8125,0.9990271685566069,0,0.00033,sector_c
2167.81388889,0.9992120492546815,0,0.00033,sector_c
2167.81527778,0.9987060052202644,0,0.00033,sector_c
2167.81666667,0.998923391588933,0,0.00033,sector_c
2167.81805556,0.9987008142575508,2048,0.00033,sector_c
2167.81944444,0.9989516175713151,0,0.00033,sector_c
2167.82083333,0.998242409319245,0,0.00033,sector_c
2167.82222222,0.9983681472288191,0,0.00033,sector_c
2167.82361111,0.9989106513044895,0,0.00033,sector_c
2167.825,0.9988164212555569,0,0.00033,sector_c
2167.82638889,0.9985667635583633,0,0.00033,sector_c
2167.82777778,0.9988943671366405,0,0.00033,sector_c
2167.82916667,0.9992647656600201,0,0.00033,sector_c
2167.83055556,0.9986079454271898,0,0.00033,sector_c
2167.83194444,0.9991020317828675,0,0.00033,sector_c
2167.83333333,0.99897571200689,0,0.00033,sector_c
2167.83472222,0.9992838925371492,0,0.00033,sector_c
2167.83611111,0.9994780762618724,0,0.00033,sector_c
2167.8375,0.9984143030754485,0,0.00033,sector_c
2167.83888889,0.998449148985641,0,0.00033,sector_c
2167.84027778,0.9988835079264826,0,0.00033,sector_c
2167.84166667,0.9985804570833832,0,0.00033,sector_c
2167.84305556,0.9988605217139096,0,0.00033,sector_c
2167.84444444,0.9992133540964627,0,0.00033,sector_c
2167.84583333,0.9987928240953187,0,0.00033,sector_c
2167.84722222,0.998483737396087,0,0.00033,sector_c
2167.84861111,0.9986502771338609,0,0.00033,sector_c
2167.85,0.9993755315105877,0,0.00033,sector_c
2167.85138889,0.9998004961855032,0,0.00033,sector_c
2167.85277778,0.9988124748699012,0,0.00033,sector_c
2167.85416667,0.9991495516188093,0,0.00033,sector_c
2167.85555556,0.9983237107841211,0,0.00033,sector_c
2167.85694444,0.9990537778336444,0,0.00033,sector_c
2167.85833333,0.9989487340290483,0,0.00033,sector_c
2167.85972222,0.9994129794069163,0,0.00033,sector_c
2167.86111111,0.9988368623431041,0,0.00033,sector_c
2167.8625,0.9985579507008518,0,0.00033,sector_c
2167.86388889,0.9987985033322028,0,0.00033,sector_c
2167.86527778,0.9993929709871684,0,0.00033,sector_c
2167.86666667,0.9985766313887807,0,0.00033,sector_c
2167.86805556,0.9993427319491787,0,0.00033,sector_c
2167.86944444,0.9981978822511924,0,0.00033,sector_c
2167.87083333,0.9990793085249147,0,0.00033,sector_c
2167.87222222,0.9989952326022838,0,0.00033,sector_c
2167.87361111,0.9983863829188995,0,0.00033,sector_c
2167.875,0.9984905197083856,0,0.00033,sector_c
2167.87638889,0.9994535917061778,0,0.00033,sector_c
2167.87777778,0.9990936572763048,0,0.00033,sector_c
2167.87916667,0.9988651274419259,0,0.00033,sector_c
2167.88055556,0.9993175281061084,0,0.00033,sector_c
2167.88194444,0.9988688475171608,0,0.00033,sector_c
2167.88333333,0.9989124997620491,0,0.00033,sector_c
2167.88472222,0.9990237210811079,0,0.00033,sector_c
2167.88611111,0.9991525671529132,0,0.00033,sector_c
2167.8875,0.9987322043810488,0,0.00033,sector_c
2167.88888889,0.9988254628468918,0,0.00033,sector_c
2167.89027778,0.9988080265044726,0,0.00033,sector_c
2167.89166667,0.9987391298040538,0,0.00033,sector_c
2167.89305556,0.9986353690812841,0,0.00033,sector_c
2167.89444444,0.998974560653704,0,0.00033,sector_c
2167.89583333,0.9994488281863306,0,0.00033,sector_c
2167.89722222,0.9987452101016414,0,0.00033,sector_c
2167.89861111,0.9985267556287337,0,0.00033,sector_c
2167.9,0.9994665795012997,0,0.00033,sector_c
2167.90138889,0.9993397432300994,0,0.00033,sector_c
2167.90277778,0.9994104385293875,0,0.00033,sector_c
2167.90416667,0.9994333832173983,0,0.00033,sector_c
2167.90555556,0.9997957398791398,0,0.00033,sector_c
2167.90694444,0.9987208155895918,0,0.00033,sector_c
2167.90833333,0.999064473693273,0,0.00033,sector_c
2167.90972222,0.9988740214215578,0,0.00033,sector_c
2167.91111111,0.99892473247779,0,0.00033,sector_c
2167.9125,0.9988709597257285,0,0.00033,sector_c
2167.91388889,0.998678173523305,0,0.00033,sector_c
2167.91527778,0.9989593153833374,0,0.00033,sector_c
2167.91666667,0.9984783183462385,0,0.00033,sector_c
2167.91805556,0.9991438478381336,0,0.00033,sector_c
2167.91944444,0.9990857568347904,0,0.00033,sector_c
2167.92083333,0.9992157059614767,0,0.00033,sector_c
2167.92222222,0.9991333849919692,0,0.00033,sector_c
2167.92361111,0.9988249535446753,0,0.00033,sector_c
2167.925,0.9990362744337612,0,0.00033,sector_c
2167.92638889,0.9986908843655936,0,0.00033,sector_c
2167.92777778,0.9989900291813266,0,0.00033,sector_c
2167.92916667,0.9986030749648456,0,0.00033,sector_c
2167.93055556,0.9984521501028272,0,0.00033,sector_c
2167.93194444,0.9988842483271028,0,0.00033,sector_c
2167.93333333,0.9986455987519887,0,0.00033,sector_c
2167.93472222,0.99861002962842,0,0.00033,sector_c
2167.93611111,0.9992677059519235,0,0.00033,sector_c
2167.9375,0.999503846197407,0,0.00033,sector_c
2167.93888889,0.9990337245114259,0,0.00033,sector_c
2167.94027778,0.9984876724863426,0,0.00033,sector_c
2167.94166667,0.9984885928909377,0,0.00033,sector_c
2167.94305556,0.9992524241281157,2048,0.00033,sector_c
2167.94444444,0.9994179947799823,0,0.00033,sector_c
2167.94583333,0.9986824147477004,0,0.00033,sector_c
2167.94722222,0.9993211822994412,0,0.00033,sector_c
2167.94861111,0.9992130321015509,0,0.00033,sector_c
2167.95,0.9989345487824287,0,0.00033,sector_c
2167.95138889,0.9985654344135415,0,0.00033,sector_c
2167.95277778,0.9987019792586153,0,0.00033,sector_c
2167.95416667,0.9989869356706271,0,0.00033,sector_c
2167.95555556,0.9992440325141695,0,0.00033,sector_c
2167.95694444,0.9991372219022571,0,0.00033,sector_c
2167.95833333,0.9988571589172739,0,0.00033,sector_c
2167.95972222,0.9990595877345438,0,0.00033,sector_c
2167.96111111,0.9991246959927353,0,0.00033,sector_c
2167.9625,0.998946932409047,0,0.00033,sector_c
2167.96388889,0.9986322451103038,0,0.00033,sector_c
2167.96527778,0.9988479364179541,0,0.00033,sector_c
2167.96666667,0.9991249728827768,0,0.00033,sector_c
2167.96805556,0.998616793351398,0,0.00033,sector_c
2167.96944444,0.9992113476109437,0,0.00033,sector_c
2167.97083333,0.9990549569509576,0,0.00033,sector_c
2167.97222222,0.9986078181324107,0,0.00033,sector_c
2167.97361111,0.9989816540980997,0,0.00033,sector_c
2167.975,0.9980587902872141,0,0.00033,sector_c
2167.97638889,0.9992566013810995,0,0.00033,sector_c
2167.97777778,0.9994914285760115,0,0.00033,sector_c
2167.97916667,0.9989808368122827,0,0.00033,sector_c
2167.98055556,0.9987128345301132,0,0.00033,sector_c
2167.98194444,0.9989451047232387,0,0.00033,sector_c
2167.98333333,0.9992094978918271,0,0.00033,sector_c
2167.98472222,0.9988078832636742,0,0.00033,sector_c
2167.98611111,0.998683902240278,0,0.00033,sector_c
2167.9875,0.998771206123733,0,0.00033,sector_c
2167.98888889,0.997236732972777,0,0.00033,sector_c
2167.99027778,0.9975574092317807,0,0.00033,sector_c
2167.99166667,0.9975076857002335,0,0.00033,sector_c
2167.99305556,0.9980403557773554,0,0.00033,sector_c
2167.99444444,0.9977631335038075,0,0.00033,sector_c
2167.99583333,0.9975918033861858,0,0.00033,sector_c
2167.99722222,0.9978709626759288,0,0.00033,sector_c
2167.99861111,0.9979755718847882,0,0.00033,sector_c
2168.0,0.9981310303181689,0,0.00033,sector_c
2168.00138889,0.9977587072752032,0,0.00033,sector_c
2168.00277778,0.9981314979629576,0,0.00033,sector_c
2168.00416667,0.9974766202079369,0,0.00033,sector_c
2168.00555556,0.9973926788264437,0,0.00033,sector_c
2168.00694444,0.9972323114923395,0,0.00033,sector_c
2168.00833333,0.9977736907427556,0,0.00033,sector_c
2168.00972222,0.9977674203870981,0,0.00033,sector_c
2168.01111111,0.9978752429980196,0,0.00033,sector_c
2168.0125,0.9978143662368785,0,0.00033,sector_c
2168.01388889,0.9977030484170916,0,0.00033,sector_c
2168.01527778,0.9977115679264537,0,0.00033,sector_c
2168.01666667,0.9973436260850845,0,0.00033,sector_c
2168.01805556,0.9971985641064056,0,0.00033,sector_c
2168.01944444,0.9981451497806186,0,0.00033,sector_c
2168.02083333,0.9980075300409668,0,0.00033,sector_c
2168.02222222,0.9978609436359746,0,0.00033,sector_c
2168.02361111,0.997924579822816,0,0.00033,sector_c
2168.025,0.997496313587906,0,0.00033,sector_c
2168.02638889,0.9982347369668675,0,0.00033,sector_c
2168.02777778,0.9978482847992826,0,0.00033,sector_c
2168.02916667,0.9978204125087484,0,0.00033,sector_c
2168.03055556,0.9982868580850589,0,0.00033,sector_c
2168.03194444,0.9981586041339833,0,0.00033,sector_c
2168.03333333,0.9974792639539642,0,0.00033,sector_c
2168.03472222,0.9976473788420819,0,0.00033,sector_c
2168.03611111,0.9982684889872094,0,0.00033,sector_c
2168.0375,0.997893518302329,0,0.00033,sector_c
2168.03888889,0.9976270775478512,0,0.00033,sector_c
2168.04027778,0.9972529271990955,0,0.00033,sector_c
2168.04166667,0.9978842090794153,0,0.00033,sector_c
2168.04305556,0.9976910241650045,0,0.00033,sector_c
2168.04444444,0.9975594642884159,0,0.00033,sector_c
2168.04583333,0.9974714185333937,0,0.00033,sector_c
2168.04722222,0.9978136807850676,0,0.00033,sector_c
2168.04861111,0.9980068246734488,0,0.00033,sector_c
2168.05,0.9975174551373033,0,0.00033,sector_c
2168.05138889,0.9984979505257991,0,0.00033,sector_c
2168.05277778,0.9975964836633031,0,0.00033,sector_c
2168.05416667,0.9977436060702182,0,0.00033,sector_c
2168.05555556,0.9976699483660361,0,0.00033,sector_c
2168.05694444,0.9971749287119258,0,0.00033,sector_c
2168.05833333,0.9976927717343884,0,0.00033,sector_c
2168.05972222,0.9978448597107153,0,0.00033,sector_c
2168.06111111,0.9979406987742264,0,0.00033,sector_c
2168.0625,0.9975457653210894,0,0.00033,sector_c
2168.06388889,0.997965607959031,0,0.00033,sector_c
2168.06527778,0.9976310471517871,0,0.00033,sector_c
2168.06666667,0.9974093827954975,0,0.00033,sector_c
2168.06805556,0.9983731424227968,0,0.00033,sector_c
2168.06944444,0.9975048540574898,0,0.00033,sector_c
2168.07083333,0.9978128402905908,0,0.00033,sector_c
2168.07222222,0.9975937489621914,0,0.00033,sector_c
2168.07361111,0.998029236883923,0,0.00033,sector_c
2168.075,0.9980360313270528,0,0.00033,sector_c
2168.07638889,0.9974944485004755,0,0.00033,sector_c
2168.07777778,0.9976107665821721,0,0.00033,sector_c
2168.07916667,0.997570682532044,0,0.00033,sector_c
2168.08055556,0.9979070453239091,0,0.00033,sector_c
2168.08194444,0.997804018405046,0,0.00033,sector_c
2168.08333333,0.9980752023496656,0,0.00033,sector_c
2168.08472222,0.9982009830124234,0,0.00033,sector_c
2168.08611111,0.9976304433915618,0,0.00033,sector_c
2168.0875,0.997854776071992,0,0.00033,sector_c
2168.08888889,0.9981379581714538,0,0.00033,sector_c
2168.09027778,0.9978254768633809,0,0.00033,sector_c
2168.09166667,0.9975080036511591,0,0.00033,sector_c
2168.09305556,0.9980010796044788,0,0.00033,sector_c
2168.09444444,0.9980609046830909,0,0.00033,sector_c
2168.09583333,0.9980834886542455,0,0.00033,sector_c
2168.09722222,0.9978207080858714,0,0.00033,sector_c
2168.09861111,0.9976088151509247,0,0.00033,sector_c
2168.1,0.9974183786456969,0,0.00033,sector_c
2168.10138889,0.9971875803025531,0,0.00033,sector_c
2168.10277778,0.9979449176319342,0,0.00033,sector_c
2168.10416667,0.9977530725085033,0,0.00033,sector_c
2168.10555556,0.9974701686279952,0,0.00033,sector_c
2168.10694444,0.9980239814505831,0,0.00033,sector_c
2168.10833333,0.9973260198378958,0,0.00033,sector_c
2168.10972222,0.9983970982005851,0,0.00033,sector_c
2168.11111111,0.9979052018530206,0,0.00033,sector_c
2168.1125,0.9970673765994548,0,0.00033,sector_c
2168.11388889,0.9973421671684272,0,0.00033,sector_c
2168.11527778,0.9973713249264671,0,0.00033,sector_c
2168.11666667,0.9973476373301201,0,0.00033,sector_c
2168.11805556,0.99760246838583,0,0.00033,sector_c
2168.11944444,0.9974873292969659,0,0.00033,sector_c
2168.12083333,0.9980586908826429,0,0.00033,sector_c
2168.12222222,0.9977383132451817,0,0.00033,sector_c
2168.12361111,0.9978944905167604,0,0.00033,sector_c
2168.125,0.9973092667764306,0,0.00033,sector_c
2168.12638889,0.9975251437073148,0,0.00033,sector_c
2168.12777778,0.9992872875231571,0,0.00033,sector_c
2168.12916667,0.9986079774302051,0,0.00033,sector_c
2168.13055556,0.9991827090488377,0,0.00033,sector_c
2168.13194444,0.9987294340296506,0,0.00033,sector_c
2168.13333333,0.9990092568215548,0,0.00033,sector_c
2168.13472222,0.9987193648657197,0,0.00033,sector_c
2168.13611111,0.9987876434846588,0,0.00033,sector_c
2168.1375,0.9988026132250312,0,0.00033,sector_c
2168.13888889,0.9983942229718117,0,0.00033,sector_c
2168.14027778,0.9986813820344232,0,0.00033,sector_c
2168.14166667,0.9990978564943731,0,0.00033,sector_c
2168.14305556,0.9996417820269436,0,0.00033,sector_c
2168.14444444,0.9987005312411438,0,0.00033,sector_c
2168.14583333,0.9990227870437141,0,0.00033,sector_c
2168.14722222,0.9991707973181141,0,0.00033,sector_c
2168.14861111,0.998860790197707,0,0.00033,sector_c
2168.15,0.9987861387964917,0,0.00033,sector_c
2168.15138889,0.9985443317690399,0,0.00033,sector_c
2168.15277778,0.9988638795419171,0,0.00033,sector_c
2168.15416667,0.9986324584241072,0,0.00033,sector_c
2168.15555556,0.9989554423546412,0,0.00033,sector_c
2168.15694444,0.999017036198299,0,0.00033,sector_c
2168.15833333,0.999054651910049,0,0.00033,sector_c
2168.15972222,0.9990569615852192,0,0.00033,sector_c
2168.16111111,0.9989140204008515,0,0.00033,sector_c
2168.1625,0.9989774541738407,0,0.00033,sector_c
2168.16388889,0.9983434923088347,0,0.00033,sector_c
2168.16527778,0.9991390784226174,0,0.00033,sector_c
2168.16666667,0.9983525646163947,0,0.00033,sector_c
2168.16805556,0.9987711921861224,0,0.00033,sector_c
2168.16944444,0.9987957830916017,0,0.00033,sector_c
2168.17083333,0.9988657225010703,0,0.00033,sector_c
2168.17222222,0.9992592284010201,0,0.00033,sector_c
2168.17361111,0.9994302005486912,0,0.00033,sector_c
2168.175,0.999032004462194,0,0.00033,sector_c
2168.17638889,0.9988715181501074,0,0.00033,sector_c
2168.17777778,0.9987554785869542,0,0.00033,sector_c
2168.17916667,0.9989789991158454,0,0.00033,sector_c
2168.18055556,0.9990829372032536,0,0.00033,sector_c
2168.18194444,0.9983471372370419,0,0.00033,sector_c
2168.18333333,0.998399710082018,0,0.00033,sector_c
2168.18472222,0.998747028430913,0,0.00033,sector_c
2168.18611111,0.999168787902294,0,0.00033,sector_c
2168.1875,0.9990228580732409,4096,0.00033,sector_c
2168.18888889,0.9990086218867181,0,0.00033,sector_c
2168.19027778,0.9987212767504379,0,0.00033,sector_c
2168.19166667,0.9986945131277337,0,0.00033,sector_c
2168.19305556,0.9988490269208492,0,0.00033,sector_c
2168.19444444,0.9990777223439937,0,0.00033,sector_c
2168.19583333,0.9989271576456132,0,0.00033,sector_c
2168.19722222,0.999356606302849,0,0.00033,sector_c
2168.19861111,0.9989138193901175,0,0.00033,sector_c
2168.2,0.998987815575758,0,0.00033,sector_c
2168.20138889,0.998823581090428,0,0.00033,sector_c
2168.20277778,0.9991509655381303,0,0.00033,sector_c
2168.20416667,0.9992071001753658,0,0.00033,sector_c
2168.20555556,0.9989289437080335,0,0.00033,sector_c
2168.20694444,0.9988700460334463,0,0.00033,sector_c
2168.20833333,0.9979951431481066,0,0.00033,sector_c
2168.20972222,0.9987360739725417,0,0.00033,sector_c
2168.21111111,0.9988062542166435,0,0.00033,sector_c
2168.2125,0.9985535197381952,0,0.00033,sector_c
2168.21388889,0.998680478986876,0,0.00033,sector_c
2168.21527778,0.9991615842363395,0,0.00033,sector_c
2168.21666667,0.9991073766524561,0,0.00033,sector_c
2168.21805556,0.9990164290406377,0,0.00033,sector_c
2168.21944444,0.9985842583805998,0,0.00033,sector_c
2168.22083333,0.9987134938837164,0,0.00033,sector_c
2168.22222222,0.9988678948187073,0,0.00033,sector_c
2168.22361111,0.9987723373477776,0,0.00033,sector_c
2168.225,0.9990810274849761,0,0.00033,sector_c
2168.22638889,0.9988666565802645,0,0.00033,sector_c
2168.22777778,0.998478352825542,0,0.00033,sector_c
2168.22916667,0.9986563958729965,0,0.00033,sector_c
2168.23055556,0.9986779538328572,0,0.00033,sector_c
2168.23194444,0.998893600860419,0,0.00033,sector_c
2168.23333333,0.9988499072849699,0,0.00033,sector_c
2168.23472222,0.9987424146766875,0,0.00033,sector_c
2168.23611111,0.997844433296125,0,0.00033,sector_c
2168.2375,0.9984305861891188,0,0.00033,sector_c
2168.23888889,0.9989566549244816,0,0.00033,sector_c
2168.24027778,0.9992096093466636,0,0.00033,sector_c
2168.24166667,0.9978375340317523,0,0.00033,sector_c
2168.24305556,0.998647001811526,0,0.00033,sector_c
2168.24444444,0.9990709204085462,0,0.00033,sector_c
2168.24583333,0.9989838784016138,0,0.00033,sector_c
2168.24722222,0.998596300764622,0,0.00033,sector_c
2168.24861111,0.9990069159157176,0,0.00033,sector_c
2168.25,0.9985870097034633,0,0.00033,sector_c
2168.25138889,0.9987575854438843,0,0.00033,sector_c
2168.25277778,0.998301191702252,0,0.00033,sector_c
2168.25416667,0.9984721737877389,0,0.00033,sector_c
2168.25555556,0.9986317265070714,0,0.00033,sector_c
2168.25694444,0.999001046405474,0,0.00033,sector_c
2168.25833333,0.9983271735330641,0,0.00033,sector_c
2168.25972222,0.9983995268783872,0,0.00033,sector_c
2168.26111111,0.9987872721293869,0,0.00033,sector_c
2168.2625,0.998972823226287,0,0.00033,sector_c
2168.26388889,0.9984811495048973,0,0.00033,sector_c
2168.26527778,0.9988936523703279,0,0.00033,sector_c
2168.26666667,0.9990935577342898,0,0.00033,sector_c
2168.26805556,0.9985955288110532,0,0.00033,sector_c
2168.26944444,0.9988522736631777,0,0.00033,sector_c
2168.27083333,0.9992806928605351,0,0.00033,sector_c
2168.27222222,0.9980339362021209,0,0.00033,sector_c
2168.27361111,0.998528737006942,0,0.00033,sector_c
2168.275,0.9983370338586571,0,0.00033,sector_c
2168.27638889,0.998853677402434,0,0.00033,sector_c
2168.27777778,0.9984826313527689,0,0.00033,sector_c
2168.27916667,0.9985486749889737,0,0.00033,sector_c
2168.28055556,0.9988745372491943,0,0.00033,sector_c
2168.28194444,0.9989022966851265,0,0.00033,sector_c
2168.28333333,0.9979906508674328,0,0.00033,sector_c
2168.28472222,0.9990055106074964,0,0.00033,sector_c
2168.28611111,0.9992257669230087,0,0.00033,sector_c
2168.2875,0.9990610778729182,0,0.00033,sector_c
2168.28888889,0.9984374107584717,0,0.00033,sector_c
2168.29027778,0.9985928597284588,0,0.00033,sector_c
2168.29166667,0.998507775239247,0,0.00033,sector_c
2168.29305556,0.9982183386276272,0,0.00033,sector_c
2168.29444444,0.9986877470058002,0,0.00033,sector_c
2168.29583333,0.9979190549158635,0,0.00033,sector_c
2168.29722222,0.9991508005489282,0,0.00033,sector_c
2168.29861111,0.9982992259037954,0,0.00033,sector_c
2168.3,0.9985088023234505,0,0.00033,sector_c
2168.30138889,0.9989791564714698,0,0.00033,sector_c
2168.30277778,0.9991617581726111,0,0.00033,sector_c
2168.30416667,0.9993043781746638,0,0.00033,sector_c
2168.30555556,0.9986789918135832,0,0.00033,sector_c
2168.30694444,0.998322744926018,0,0.00033,sector_c
2168.30833333,0.9991204142557629,0,0.00033,sector_c
2168.30972222,0.9986299873676747,0,0.00033,sector_c
2168.31111111,0.9988080505171071,0,0.00033,sector_c
2168.3125,0.9993102784193669,0,0.00033,sector_c
2168.31388889,0.9989200267410558,0,0.00033,sector_c
2168.31527778,0.9993404008497251,0,0.00033,sector_c
2168.31666667,0.9982346099003865,0,0.00033,sector_c
2168.31805556,0.9993353000639885,0,0.00033,sector_c
2168.31944444,0.9991142368321951,0,0.00033,sector_c
2168.32083333,0.9991639300570911,0,0.00033,sector_c
2168.32222222,0.9987160744448238,0,0.00033,sector_c
2168.32361111,0.9982081709626182,0,0.00033,sector_c
2168.325,0.9989834165841821,0,0.00033,sector_c
2168.32638889,0.9987197977646741,0,0.00033,sector_c
2168.32777778,0.9990221758688046,0,0.00033,sector_c
2168.32916667,0.9981223436166214,0,0.00033,sector_c
2168.33055556,0.9993261357806196,0,0.00033,sector_c
2168.33194444,0.9985603336515908,0,0.00033,sector_c
2168.33333333,0.9981981694683106,0,0.00033,sector_c
2168.33472222,0.9985407255358092,0,0.00033,sector_c
2168.33611111,0.9984957509377437,0,0.00033,sector_c
2168.3375,0.9988536987947986,0,0.00033,sector_c
2168.33888889,0.9986279016772143,0,0.00033,sector_c
2168.34027778,0.9988706412728282,0,0.00033,sector_c
2168.34166667,0.9988754098410865,0,0.00033,sector_c
2168.34305556,0.998947184389127,0,0.00033,sector_c
2168.34444444,0.9991259190239253,0,0.00033,sector_c
2168.34583333,0.9988400756279027,0,0.00033,sector_c
2168.34722222,0.9994097132973071,0,0.00033,sector_c
2168.34861111,0.9983565733493538,0,0.00033,sector_c
2168.35,0.9987038094057279,0,0.00033,sector_c
2168.35138889,0.9989670761280576,0,0.00033,sector_c
2168.35277778,0.9991722119367834,0,0.00033,sector_c
2168.35416667,0.9986370693418788,0,0.00033,sector_c
2168.35555556,0.9984512840847332,0,0.00033,sector_c
2168.35694444,0.998360784855452,0,0.00033,sector_c
2168.35833333,0.9985522646394118,0,0.00033,sector_c
2168.35972222,0.998513206453391,0,0.00033,sector_c
2168.36111111,0.9987824047301794,0,0.00033,sector_c
2168.3625,0.9987021356100018,0,0.00033,sector_c
2168.36388889,0.999541732276666,0,0.00033,sector_c
2168.36527778,0.998654559314976,0,0.00033,sector_c
2168.36666667,0.9987127186855638,0,0.00033,sector_c
2168.36805556,0.9984513454398924,0,0.00033,sector_c
2168.36944444,0.9983980948517602,0,0.00033,sector_c
2168.37083333,0.998647569818843,0,0.00033,sector_c
2168.37222222,0.9986540727349,0,0.00033,sector_c
2168.37361111,0.9985091805415598,0,0.00033,sector_c
2168.375,0.9983216665318075,0,0.00033,sector_c
2168.37638889,0.9993914256292116,0,0.00033,sector_c
2168.37777778,0.9986480004877444,0,0.00033,sector_c
2168.37916667,0.9985921715220524,0,0.00033,sector_c
2168.38055556,0.9985824865130536,0,0.00033,sector_c
2168.38194444,0.9985531398760098,0,0.00033,sector_c
2168.38333333,0.9993208607526468,0,0.00033,sector_c
2168.38472222,0.9990876663040275,0,0.00033,sector_c
2168.38611111,0.9985057239481197,0,0.00033,sector_c
2168.3875,0.9991190381530398,0,0.00033,sector_c
2168.38888889,0.9986298693977004,0,0.00033,sector_c
2168.39027778,0.9985469049619713,0,0.00033,sector_c
2168.39166667,0.9987279421277713,0,0.00033,sector_c
2168.39305556,0.9983758722558853,0,0.00033,sector_c
2168.39444444,0.9986361583358314,0,0.00033,sector_c
2168.39583333,0.9984749965890743,0,0.00033,sector_c
2168.39722222,0.9990978667850493,0,0.00033,sector_c
2168.39861111,0.9983196007988027,0,0.00033,sector_c
2168.4,0.9987134628020776,0,0.00033,sector_c
2168.40138889,0.9992142857699496,0,0.00033,sector_c
2168.40277778,0.9990204185858913,0,0.00033,sector_c
2168.40416667,0.9983769835768362,0,0.00033,sector_c
2168.40555556,0.9982384535598311,0,0.00033,sector_c
2168.40694444,0.9989821854693385,0,0.00033,sector_c
2168.40833333,0.9987178994744388,0,0.00033,sector_c
2168.40972222,0.9985130660879146,0,0.00033,sector_c
2168.41111111,0.9988790694073582,0,0.00033,sector_c
2168.4125,0.9988742630484151,0,0.00033,sector_c
2168.41388889,0.9988674437335869,0,0.00033,sector_c
2168.41527778,0.9985902774104056,0,0.00033,sector_c
2168.41666667,0.9990433828423019,0,0.00033,sector_c
2168.41805556,0.9990986707969998,0,0.00033,sector_c
2168.41944444,0.9989980459195584,0,0.00033,sector_c
2168.42083333,0.9991722173591353,0,0.00033,sector_c
2168.42222222,0.9984242563085282,0,0.00033,sector_c
2168.42361111,0.9985182129939113,0,0.00033,sector_c
2168.425,0.9988402805732066,0,0.00033,sector_c
2168.42638889,0.998892009493753,0,0.00033,sector_c
2168.42777778,0.9996179157721221,0,0.00033,sector_c
2168.42916667,0.9992530067102018,0,0.00033,sector_c
2168.43055556,0.9984296501062366,0,0.00033,sector_c
2168.43194444,0.9989274923395455,0,0.00033,sector_c
2168.43333333,0.9984757139982983,0,0.00033,sector_c
2168.43472222,0.9982640019204827,0,0.00033,sector_c
2168.43611111,0.998818384754311,0,0.00033,sector_c
2168.4375,0.9985193772182732,0,0.00033,sector_c
2168.43888889,0.9985146302070637,0,0.00033,sector_c
2168.44027778,0.9983486241287941,0,0.00033,sector_c
2168.44166667,0.9988356089256089,0,0.00033,sector_c
2168.44305556,0.998211161398405,0,0.00033,sector_c
2168.44444444,0.9988441698854198,0,0.00033,sector_c
2168.44583333,0.9985564132096411,0,0.00033,sector_c
2168.44722222,0.9991951195855897,0,0.00033,sector_c
2168.44861111,0.9988434134002753,0,0.00033,sector_c
2168.45,0.998883823929203,0,0.00033,sector_c
2168.45138889,0.998546920097244,0,0.00033,sector_c
2168.45277778,0.998997363682173,0,0.00033,sector_c
2168.45416667,0.9983785837712905,0,0.00033,sector_c
2168.45555556,0.9982874329884789,0,0.00033,sector_c
2168.45694444,0.9984887891470007,0,0.00033,sector_c
2168.45833333,0.9985551405811328,0,0.00033,sector_c
2168.45972222,0.9983286215926301,0,0.00033,sector_c
2168.46111111,0.9989403572719779,0,0.00033,sector_c
2168.4625,0.9988088260617217,0,0.00033,sector_c
2168.46388889,0.9990432369699478,0,0.00033,sector_c
2168.46527778,0.9990044971752491,0,0.00033,sector_c
2168.46666667,0.9982113232169623,0,0.00033,sector_c
2168.46805556,0.9980981593173053,0,0.00033,sector_c
2168.46944444,0.998546288256643,0,0.00033,sector_c
2168.47083333,0.9986992683213203,0,0.00033,sector_c
2168.47222222,0.9989031775093942,0,0.00033,sector_c
2168.47361111,0.9990776841965294,0,0.00033,sector_c
2168.475,0.9986933812897023,0,0.00033,sector_c
2168.47638889,0.9986712397591606,0,0.00033,sector_c
2168.47777778,0.998962365719728,0,0.00033,sector_c
2168.47916667,0.9992535782053255,0,0.00033,sector_c
2168.48055556,0.9982891659941757,0,0.00033,sector_c
2168.48194444,0.9988209772013896,0,0.00033,sector_c
2168.48333333,0.9984955701430752,0,0.00033,sector_c
2168.48472222,0.9983436502835075,0,0.00033,sector_c
2168.48611111,0.9982771766136441,0,0.00033,sector_c
2168.4875,0.9986379353347007,0,0.00033,sector_c
2168.48888889,0.9982983226084312,0,0.00033,sector_c
2168.49027778,0.9994372970582777,0,0.00033,sector_c
2168.49166667,0.9988835448705907,0,0.00033,sector_c
2168.49305556,0.9986213828349974,0,0.00033,sector_c
2168.49444444,0.9987991992670866,0,0.00033,sector_c
2168.49583333,0.9983896284282092,0,0.00033,sector_c
2168.49722222,0.9983336090484293,0,0.00033,sector_c
2168.49861111,0.9982941944529156,0,0.00033,sector_c
2168.5,0.9980110861537466,0,0.00033,sector_c
2168.50138889,0.9988525303646786,0,0.00033,sector_c
2168.50277778,0.9989368664793269,0,0.00033,sector_c
2168.50416667,0.9982311815027249,0,0.00033,sector_c
2168.50555556,0.9985873560127574,0,0.00033,sector_c
2168.50694444,0.9990385201361122,0,0.00033,sector_c
2168.50833333,0.9986507500762821,0,0.00033,sector_c
2168.50972222,0.9985799033276991,0,0.00033,sector_c
2168.51111111,0.9987770407314128,0,0.00033,sector_c
2168.5125,0.9988598117772348,0,0.00033,sector_c
2168.51388889,0.9984223208021903,0,0.00033,sector_c
2168.51527778,0.9987429348501184,0,0.00033,sector_c
2168.51666667,0.998852007987724,0,0.00033,sector_c
2168.51805556,0.9981876898068657,0,0.00033,sector_c
2168.51944444,0.9990404421010325,0,0.00033,sector_c
2168.52083333,0.998903407044211,0,0.00033,sector_c
2168.52222222,0.9988448869238066,0,0.00033,sector_c
2168.52361111,0.9982726120536306,0,0.00033,sector_c
2168.525,0.9986709038201639,0,0.00033,sector_c
2168.52638889,0.9978988538038075,0,0.00033,sector_c
2168.52777778,0.998921025129274,0,0.00033,sector_c
2168.52916667,0.9987581590586494,0,0.00033,sector_c
2168.53055556,0.9988423609214646,0,0.00033,sector_c
2168.53194444,0.9984174300950797,0,0.00033,sector_c
2168.53333333,0.9989596778189609,0,0.00033,sector_c
2168.53472222,0.9992181821994909,0,0.00033,sector_c
2168.53611111,0.998742741394694,0,0.00033,sector_c
2168.5375,0.9987881856625759,0,0.00033,sector_c
2168.53888889,0.9984445621775648,0,0.00033,sector_c
2168.54027778,0.9991340708013923,0,0.00033,sector_c
2168.54166667,0.9987087797153437,0,0.00033,sector_c
2168.54305556,0.9986182671690935,0,0.00033,sector_c
2168.54444444,0.9984107294486747,0,0.00033,sector_c
2168.54583333,0.997574894960761,0,0.00033,sector_c
2168.54722222,0.9986264726289059,0,0.00033,sector_c
2168.54861111,0.998694527313405,0,0.00033,sector_c
2168.55,0.9982355658931134,0,0.00033,sector_c
2168.55138889,0.9987399555619471,0,0.00033,sector_c
2168.55277778,0.9986997271460584,0,0.00033,sector_c
2168.55416667,0.9987661499756589,0,0.00033,sector_c
2168.55555556,0.9989578098774682,0,0.00033,sector_c
2168.55694444,0.9989454567454479,0,0.00033,sector_c
2168.55833333,0.9987473682898401,0,0.00033,sector_c
2168.55972222,0.9983003996112223,0,0.00033,sector_c
2168.56111111,0.9983123020836878,0,0.00033,sector_c
2168.5625,0.9987417716649025,0,0.00033,sector_c
2168.56388889,0.9979907180109692,0,0.00033,sector_c
2168.56527778,0.9989977081919675,0,0.00033,sector_c
2168.56666667,0.9990630440416941,0,0.00033,sector_c
2168.56805556,0.9984627653620358,0,0.00033,sector_c
2168.56944444,0.9984619794698001,0,0.00033,sector_c
2168.57083333,0.9986647331491523,0,0.00033,sector_c
2168.57222222,0.9996262065885401,0,0.00033,sector_c
2168.57361111,0.998942217146274,0,0.00033,sector_c
2168.575,0.9988030590250381,0,0.00033,sector_c
2168.57638889,0.9985844481844794,0,0.00033,sector_c
2168.57777778,0.9983917690276469,0,0.00033,sector_c
2168.57916667,0.9989397528212465,0,0.00033,sector_c
2168.58055556,0.9986743126525082,0,0.00033,sector_c
2168.58194444,0.9986339916294237,0,0.00033,sector_c
2168.58333333,0.998412768162154,0,0.00033,sector_c
2168.58472222,0.9987165955095244,0,0.00033,sector_c
2168.58611111,0.9991006999476661,0,0.00033,sector_c
2168.5875,0.9981452981588783,0,0.00033,sector_c
2168.58888889,0.9984426053303602,0,0.00033,sector_c
2168.59027778,0.9981982799465995,0,0.00033,sector_c
2168.59166667,0.9987540464072698,0,0.00033,sector_c
2168.59305556,0.9984222571599445,0,0.00033,sector_c
2168.59444444,0.9985588185011832,0,0.00033,sector_c
2168.59583333,0.998714060407889,0,0.00033,sector_c
2168.59722222,0.9983972138485302,0,0.00033,sector_c
2168.59861111,0.9988377205731481,0,0.00033,sector_c
2168.6,0.9989799123983603,0,0.00033,sector_c
2168.60138889,0.9987480908539424,0,0.00033,sector_c
2168.60277778,0.9984082682449007,0,0.00033,sector_c
2168.60416667,0.9991876935645503,0,0.00033,sector_c
2168.60555556,0.9987304415983784,0,0.00033,sector_c
2168.60694444,0.9985795489378401,0,0.00033,sector_c
2168.60833333,0.9986244517758627,0,0.00033,sector_c
2168.60972222,0.9982275129842753,0,0.00033,sector_c
2168.61111111,0.9985841327655548,0,0.00033,sector_c
2168.6125,0.9982383502988011,0,0.00033,sector_c
2168.61388889,0.9990952471732013,0,0.00033,sector_c
2168.61527778,0.9982392856830841,0,0.00033,sector_c
2168.61666667,0.9985898085557264,0,0.00033,sector_c
2168.61805556,0.9988714287680928,0,0.00033,sector_c
2168.61944444,0.9983667767464284,0,0.00033,sector_c
2168.62083333,0.9982792647391423,0,0.00033,sector_c
2168.62222222,0.9982023006141181,0,0.00033,sector_c
2168.62361111,0.9983555569276438,0,0.00033,sector_c
2168.625,0.9984764854758249,0,0.00033,sector_c
2168.62638889,0.998287835727462,0,0.00033,sector_c
2168.62777778,0.9989243232450523,0,0.00033,sector_c
2168.62916667,0.9985073246895627,0,0.00033,sector_c
2168.63055556,0.9982374264739134,0,0.00033,sector_c
2168.63194444,0.9984498545697779,0,0.00033,sector_c
2168.63333333,0.9983253297809089,0,0.00033,sector_c
2168.63472222,0.9985951576775381,0,0.00033,sector_c
2168.63611111,0.9982810146969291,0,0.00033,sector_c
2168.6375,0.9986580186221088,0,0.00033,sector_c
2168.63888889,0.9982044035002515,0,0.00033,sector_c
2168.64027778,0.9983286893060517,0,0.00033,sector_c
2168.64166667,0.9983095150901264,0,0.00033,sector_c
2168.64305556,0.9983914157023359,0,0.00033,sector_c
2168.64444444,0.9984815345640391,0,0.00033,sector_c
2168.64583333,0.9984026441098792,0,0.00033,sector_c
2168.64722222,0.9986737939050666,0,0.00033,sector_c
2168.64861111,0.9986277790341025,0,0.00033,sector_c
2168.65,0.9991773428658143,0,0.00033,sector_c
2168.65138889,0.9982728510030714,0,0.00033,sector_c
2168.65277778,0.9986338904253022,0,0.00033,sector_c
2168.65416667,0.9984310872434083,0,0.00033,sector_c
2168.65555556,0.9984783913053209,0,0.00033,sector_c
2168.65694444,0.9985359443379533,0,0.00033,sector_c
2168.65833333,0.9984729958382478,0,0.00033,sector_c
2168.65972222,0.9979666584785014,0,0.00033,sector_c
2168.66111111,0.998653021078742,0,0.00033,sector_c
2168.6625,0.9977992274425391,0,0.00033,sector_c
2168.66388889,0.998084333782731,4096,0.00033,sector_c
2168.66527778,0.998407248229966,0,0.00033,sector_c
2168.66666667,0.9981873042847914,0,0.00033,sector_c
2168.66805556,0.9988802835388072,0,0.00033,sector_c
2168.66944444,0.9985772714283929,0,0.00033,sector_c
2168.67083333,0.9982261001298737,0,0.00033,sector_c
2168.67222222,0.9984770771839782,0,0.00033,sector_c
2168.67361111,0.9984971934648085,0,0.00033,sector_c
2168.675,0.9984808737129751,0,0.00033,sector_c
2168.67638889,0.9985136278576805,0,0.00033,sector_c
2168.67777778,0.9985511663005588,0,0.00033,sector_c
2168.67916667,0.998484236770279,0,0.00033,sector_c
2168.68055556,0.9984971452756479,0,0.00033,sector_c
2168.68194444,0.9983158123459495,0,0.00033,sector_c
2168.68333333,0.9984533149128573,0,0.00033,sector_c
2168.68472222,0.9984897229539753,0,0.00033,sector_c
2168.68611111,0.9983676209219381,0,0.00033,sector_c
2168.6875,0.9985032581379557,0,0.00033,sector_c
2168.68888889,0.9983221778618777,0,0.00033,sector_c
2168.69027778,0.9988550580137922,0,0.00033,sector_c
2168.69166667,0.9981237827117314,0,0.00033,sector_c
2168.69305556,0.9981737788420563,0,0.00033,sector_c
2168.69444444,0.9981059883199946,0,0.00033,sector_c
2168.69583333,0.9982535445201951,0,0.00033,sector_c
2168.69722222,0.9984803623775321,0,0.00033,sector_c
2168.69861111,0.9984186671010796,0,0.00033,sector_c
2168.7,0.9980689722792675,0,0.00033,sector_c
2168.70138889,0.9990540869824238,0,0.00033,sector_c
2168.70277778,0.9984400647811167,0,0.00033,sector_c
2168.70416667,0.9985230141092529,0,0.00033,sector_c
2168.70555556,0.9986599530924682,0,0.00033,sector_c
2168.70694444,0.9980893753154336,0,0.00033,sector_c
2168.70833333,0.9985711925485136,0,0.00033,sector_c
2168.70972222,0.9989622787456015,0,0.00033,sector_c
2168.71111111,0.9986098424042422,0,0.00033,sector_c
2168.7125,0.9986537696509861,0,0.00033,sector_c
2168.71388889,0.9989453187878329,0,0.00033,sector_c
2168.71527778,0.9984052452114756,0,0.00033,sector_c
2168.71666667,0.9981361413918188,0,0.00033,sector_c
2168.71805556,0.9981004254336602,0,0.00033,sector_c
2168.71944444,0.9988114543496077,0,0.00033,sector_c
2168.72083333,0.9986362904783064,0,0.00033,sector_c
2168.72222222,0.9981444016983708,0,0.00033,sector_c
2168.72361111,0.9982026997207649,0,0.00033,sector_c
2168.725,0.9985276579692423,0,0.00033,sector_c
2168.72638889,0.9987208267864847,0,0.00033,sector_c
2168.72777778,0.9985815315236242,0,0.00033,sector_c
2168.72916667,0.9982887701975756,0,0.00033,sector_c
2168.73055556,0.9985157789745337,0,0.00033,sector_c
2168.73194444,0.9985397568861183,0,0.00033,sector_c
2168.73333333,0.9978857296657958,0,0.00033,sector_c
2168.73472222,0.9984584322741671,0,0.00033,sector_c
2168.73611111,0.9988860187724993,0,0.00033,sector_c
2168.7375,0.9981191183024514,0,0.00033,sector_c
2168.73888889,0.9982359312396742,0,0.00033,sector_c
2168.74027778,0.9988157102294473,0,0.00033,sector_c
2168.74166667,0.998581743159997,0,0.00033,sector_c
2168.74305556,0.9989576393869214,0,0.00033,sector_c
2168.74444444,0.9979215358254293,0,0.00033,sector_c
2168.74583333,0.998365629998617,0,0.00033,sector_c
2168.74722222,0.9983303503992949,0,0.00033,sector_c
2168.74861111,0.9989050184234537,0,0.00033,sector_c
2168.75,0.9983758873398094,0,0.00033,sector_c
2168.75138889,0.9989111875959407,0,0.00033,sector_c
2168.75277778,0.9985311583418437,0,0.00033,sector_c
2168.75416667,0.9982133989808043,0,0.00033,sector_c
2168.75555556,0.9982178548895413,0,0.00033,sector_c
2168.75694444,0.9980023454357806,0,0.00033,sector_c
2168.75833333,0.9979646478921529,0,0.00033,sector_c
2168.75972222,0.9983229598724972,0,0.00033,sector_c
2168.76111111,0.9983313275969382,0,0.00033,sector_c
2168.7625,0.9982569748902882,0,0.00033,sector_c
2168.76388889,0.9981402838947258,0,0.00033,sector_c
2168.76527778,0.9981020783604796,0,0.00033,sector_c
2168.76666667,0.999367724746614,0,0.00033,sector_c
2168.76805556,0.9982742833245689,0,0.00033,sector_c
2168.76944444,0.9984335780412986,0,0.00033,sector_c
2168.77083333,0.998589809036296,0,0.00033,sector_c
2168.77222222,0.9983381512856381,0,0.00033,sector_c
2168.77361111,0.9982838846607369,0,0.00033,sector_c
2168.775,0.9984811640941305,0,0.00033,sector_c
2168.77638889,0.9980775072322442,0,0.00033,sector_c
2168.77777778,0.9987332204721434,0,0.00033,sector_c
2168.77916667,0.9979443643288778,0,0.00033,sector_c
2168.78055556,0.998405031441645,0,0.00033,sector_c
2168.78194444,0.9987276514303536,0,0.00033,sector_c
2168.78333333,0.9983378198207787,0,0.00033,sector_c
2168.78472222,0.9984418535753437,0,0.00033,sector_c
2168.78611111,0.9979983422272675,0,0.00033,sector_c
2168.7875,0.9981251260241292,0,0.00033,sector_c
2168.78888889,0.9984679887981617,0,0.00033,sector_c
2168.79027778,0.9985680200665231,0,0.00033,sector_c
2168.79166667,0.9983899093408366,0,0.00033,sector_c
2168.79305556,0.9985348704982864,0,0.00033,sector_c
2168.79444444,0.9985173966047878,0,0.00033,sector_c
2168.79583333,0.9984320336391169,0,0.00033,sector_c
2168.79722222,0.9986423622264866,0,0.00033,sector_c
2168.79861111,0.9981397761516508,0,0.00033,sector_c
2168.8,0.9990780766683977,0,0.00033,sector_c
2168.80138889,0.9976218250554951,0,0.00033,sector_c
2168.80277778,0.9986390164417506,0,0.00033,sector_c
2168.80416667,0.9980250820233304,0,0.00033,sector_c
2168.80555556,0.9985442610115982,0,0.00033,sector_c
2168.80694444,0.9982151417792025,0,0.00033,sector_c
2168.80833333,0.9978819622829517,0,0.00033,sector_c
2168.80972222,0.9987651233486325,0,0.00033,sector_c
2168.81111111,0.9990435412349626,0,0.00033,sector_c
2168.8125,0.9981140282363486,0,0.00033,sector_c
2168.81388889,0.998264353052399,0,0.00033,sector_c
2168.81527778,0.9982077350614648,0,0.00033,sector_c
2168.81666667,0.9983125518457121,0,0.00033,sector_c
2168.81805556,0.9986381477796675,0,0.00033,sector_c
2168.81944444,0.9981631931082542,0,0.00033,sector_c
2168.82083333,0.9984865954965644,0,0.00033,sector_c
2168.82222222,0.9978465430365262,0,0.00033,sector_c
2168.82361111,0.9984143242488513,0,0.00033,sector_c
2168.825,0.9983240666101083,0,0.00033,sector_c
2168.82638889,0.9984742879588114,0,0.00033,sector_c
2168.82777778,0.9982124552609393,0,0.00033,sector_c
2168.82916667,0.998103452235005,0,0.00033,sector_c
2168.83055556,0.998451800316923,0,0.00033,sector_c
2168.83194444,0.9985593450036767,0,0.00033,sector_c
2168.83333333,0.9982225161135588,0,0.00033,sector_c
2168.83472222,0.9987192016844477,0,0.00033,sector_c
2168.83611111,0.9986785006469642,0,0.00033,sector_c
2168.8375,0.9984624788726398,0,0.00033,sector_c
2168.83888889,0.9980741645449519,0,0.00033,sector_c
2168.84027778,0.9983639260075007,0,0.00033,sector_c
2168.84166667,0.9983736822568161,0,0.00033,sector_c
2168.84305556,0.9984435644238647,0,0.00033,sector_c
2168.84444444,0.9985391309500528,0,0.00033,sector_c
2168.84583333,0.9987210933737839,0,0.00033,sector_c
2168.84722222,0.9987447374347806,0,0.00033,sector_c
2168.84861111,0.9985826192398977,0,0.00033,sector_c
2168.85,0.9983807422145977,0,0.00033,sector_c
2168.85138889,0.9983326070913813,0,0.00033,sector_c
2168.85277778,0.9979895556155606,0,0.00033,sector_c
2168.85416667,0.9978257058325073,0,0.00033,sector_c
2168.85555556,0.9986075976810651,0,0.00033,sector_c
2168.85694444,0.9981369004706298,0,0.00033,sector_c
2168.85833333,0.9978420788553994,0,0.00033,sector_c
2168.85972222,0.9980589298356326,0,0.00033,sector_c
2168.86111111,0.9980563712171852,0,0.00033,sector_c
2168.8625,0.9981033908886374,0,0.00033,sector_c
2168.86388889,0.9981249065555776,0,0.00033,sector_c
2168.86527778,0.9986641835657101,0,0.00033,sector_c
2168.86666667,0.9983258318864768,0,0.00033,sector_c
2168.86805556,0.9978912859851249,0,0.00033,sector_c
2168.86944444,0.9980341409757846,0,0.00033,sector_c
2168.87083333,0.9985855377169245,0,0.00033,sector_c
2168.87222222,0.9986044709934342,0,0.00033,sector_c
2168.87361111,0.9981107559036521,0,0.00033,sector_c
2168.875,0.9982075454478756,0,0.00033,sector_c
2168.87638889,0.9981072045888444,0,0.00033,sector_c
2168.87777778,0.9983870577497584,0,0.00033,sector_c
2168.87916667,0.9981254285710152,0,0.00033,sector_c
2168.88055556,0.9980809452395965,0,0.00033,sector_c
2168.88194444,0.9977124713931709,0,0.00033,sector_c
2168.88333333,0.9983382170603606,0,0.00033,sector_c
2168.88472222,0.9980977112792129,0,0.00033,sector_c
2168.88611111,0.998446181878168,0,0.00033,sector_c
2168.8875,0.9979512283192783,0,0.00033,sector_c
2168.88888889,0.9986031360652565,0,0.00033,sector_c
2168.89027778,0.9981770711068552,0,0.00033,sector_c
2168.89166667,0.99837991314118,0,0.00033,sector_c
2168.89305556,0.9982702145976592,0,0.00033,sector_c
2168.89444444,0.9985341193695042,0,0.00033,sector_c
2168.89583333,0.9984509214630415,0,0.00033,sector_c
2168.89722222,0.998497914765311,0,0.00033,sector_c
2168.89861111,0.9982763798856941,0,0.00033,sector_c
2168.9,0.9983250845383861,0,0.00033,sector_c
2168.90138889,0.9983711328254999,0,0.00033,sector_c
2168.90277778,0.9984129347320477,0,0.00033,sector_c
2168.90416667,0.998509890143487,0,0.00033,sector_c
2168.90555556,0.998590188218287,0,0.00033,sector_c
2168.90694444,0.9979674584604004,0,0.00033,sector_c
2168.90833333,0.9977064613536526,0,0.00033,sector_c
2168.90972222,0.9981695410228372,0,0.00033,sector_c
2168.91111111,0.998180397147099,0,0.00033,sector_c
2168.9125,0.9980784889349292,0,0.00033,sector_c
2168.91388889,0.9978736130831541,0,0.00033,sector_c
2168.91527778,0.9984994933494985,0,0.00033,sector_c
2168.91666667,0.998070579790023,0,0.00033,sector_c
2168.91805556,0.9982334448224487,0,0.00033,sector_c
2168.91944444,0.9979639732229267,0,0.00033,sector_c
2168.92083333,0.9982276879054792,0,0.00033,sector_c
2168.92222222,0.9986123738795224,0,0.00033,sector_c
2168.92361111,0.9982558158268384,0,0.00033,sector_c
2168.925,0.9983709195300696,0,0.00033,sector_c
2168.92638889,0.9986721320681682,0,0.00033,sector_c
2168.92777778,0.9980062140985023,0,0.00033,sector_c
2168.92916667,0.9986229058149912,0,0.00033,sector_c
2168.93055556,0.997885605232768,0,0.00033,sector_c
2168.93194444,0.9984476375829946,0,0.00033,sector_c
2168.93333333,0.9979127891872654,0,0.00033,sector_c
2168.93472222,0.9979530772943455,0,0.00033,sector_c
2168.93611111,0.9984152970580539,0,0.00033,sector_c
2168.9375,0.9987504138009324,0,0.00033,sector_c
2168.93888889,0.9981444195443613,0,0.00033,sector_c
2168.94027778,0.9979125878054687,0,0.00033,sector_c
2168.94166667,0.9975877880174032,0,0.00033,sector_c
2168.94305556,0.9983901935827071,0,0.00033,sector_c
2168.94444444,0.9975509148458614,0,0.00033,sector_c
2168.94583333,0.998691260549966,0,0.00033,sector_c
2168.94722222,0.998315186038006,0,0.00033,sector_c
2168.94861111,0.9981846887428321,0,0.00033,sector_c
2168.95,0.9978650631138479,0,0.00033,sector_c
2168.95138889,0.9978267179675251,0,0.00033,sector_c
2168.95277778,0.9977844124120603,0,0.00033,sector_c
2168.95416667,0.9983171968905131,0,0.00033,sector_c
2168.95555556,0.998138410380924,0,0.00033,sector_c
2168.95694444,0.9986897917219641,0,0.00033,sector_c
2168.95833333,0.9973937755140737,0,0.00033,sector_c
2168.95972222,0.9981810357481138,0,0.00033,sector_c
2168.96111111,0.998615438232781,0,0.00033,sector_c
2168.9625,0.9980565932691153,0,0.00033,sector_c
2168.96388889,0.9978743925343282,0,0.00033,sector_c
2168.96527778,0.997804138660546,0,0.00033,sector_c
2168.96666667,0.9982791975344989,0,0.00033,sector_c
2168.96805556,0.9981106101247638,0,0.00033,sector_c
2168.96944444,0.9977437136663475,0,0.00033,sector_c
2168.97083333,0.9982547197007469,0,0.00033,sector_c
2168.97222222,0.9984215405425336,0,0.00033,sector_c
2168.97361111,0.9979784415225025,0,0.00033,sector_c
2168.975,0.9981395224310537,0,0.00033,sector_c
2168.97638889,0.9984365585394,0,0.00033,sector_c
2168.97777778,0.99807545452367,0,0.00033,sector_c
2168.97916667,0.9980543161578352,0,0.00033,sector_c
2168.98055556,0.9981608515535315,0,0.00033,sector_c
2168.98194444,0.9975159137632023,0,0.00033,sector_c
2168.98333333,0.9982478988464232,0,0.00033,sector_c
2168.98472222,0.9976671679725352,0,0.00033,sector_c
2168.98611111,0.9977989034470537,0,0.00033,sector_c
2168.9875,0.997961766881136,0,0.00033,sector_c
2168.98888889,0.9985152881092989,0,0.00033,sector_c
2168.99027778,0.9981101199553495,0,0.00033,sector_c
2168.99166667,0.997980465079256,0,0.00033,sector_c
2168.99305556,0.997371689024582,0,0.00033,sector_c
2168.99444444,0.9977774701694544,0,0.00033,sector_c
2168.99583333,0.9978538935917495,0,0.00033,sector_c
2168.99722222,0.9982276350658731,0,0.00033,sector_c
2168.99861111,0.99839788204001,0,0.00033,sector_c
2169.0,0.9983098050477506,0,0.00033,sector_c
2169.00138889,0.9975015651068334,0,0.00033,sector_c
2169.00277778,0.9980960074089869,0,0.00033,sector_c
2169.00416667,0.9980218605190897,0,0.00033,sector_c
2169.00555556,0.9979854943808187,0,0.00033,sector_c
2169.00694444,0.9983574967588903,0,0.00033,sector_c
2169.00833333,0.998296215698244,0,0.00033,sector_c
2169.00972222,0.9971817671366733,0,0.00033,sector_c
2169.01111111,0.9974484972385341,0,0.00033,sector_c
2169.0125,0.9980929927925267,0,0.00033,sector_c
2169.01388889,0.9977074981528876,0,0.00033,sector_c
2169.01527778,0.9984205436392805,0,0.00033,sector_c
2169.01666667,0.9978812188090868,0,0.00033,sector_c
2169.01805556,0.997520622198435,0,0.00033,sector_c
2169.01944444,0.998280880585646,0,0.00033,sector_c
2169.02083333,0.998312338842265,0,0.00033,sector_c
2169.02222222,0.9978555734909645,0,0.00033,sector_c
2169.02361111,0.9983514851710145,0,0.00033,sector_c
2169.025,0.9987145837169473,0,0.00033,sector_c
2169.02638889,0.9982579350891295,0,0.00033,sector_c
2169.02777778,0.9984851364937836,0,0.00033,sector_c
2169.02916667,0.9982039128517307,0,0.00033,sector_c
2169.03055556,0.9982494700018617,0,0.00033,sector_c
2169.03194444,0.9981860367791382,0,0.00033,sector_c
2169.03333333,0.9987452269564776,0,0.00033,sector_c
2169.03472222,0.9982062319627735,0,0.00033,sector_c
2169.03611111,0.9982429773432134,0,0.00033,sector_c
2169.0375,0.9981991835985595,0,0.00033,sector_c
2169.03888889,0.9975704931618387,0,0.00033,sector_c
2169.04027778,0.9979824428659565,0,0.00033,sector_c
2169.04166667,0.9980470765120194,0,0.00033,sector_c
2169.04305556,0.9977816707956673,0,0.00033,sector_c
2169.04444444,0.9977429366939378,0,0.00033,sector_c
2169.04583333,0.9977022239372242,0,0.00033,sector_c
2169.04722222,0.9980024681566915,0,0.00033,sector_c
2169.04861111,0.9980529601407527,0,0.00033,sector_c
2169.05,0.9986230667010967,0,0.00033,sector_c
2169.05138889,0.9980869985247697,0,0.00033,sector_c
2169.05277778,0.9977535092579655,0,0.00033,sector_c
2169.05416667,0.9977550615182257,0,0.00033,sector_c
2169.05555556,0.9985640463687013,0,0.00033,sector_c
2169.05694444,0.9974780281250636,0,0.00033,sector_c
2169.05833333,0.9976178803411145,0,0.00033,sector_c
2169.05972222,0.9981956163020332,0,0.00033,sector_c
2169.06111111,0.9975199662543554,0,0.00033,sector_c
2169.0625,0.9980581734973948,0,0.00033,sector_c
2169.06388889,0.9978356289755658,0,0.00033,sector_c
2169.06527778,0.9979044521444114,0,0.00033,sector_c
2169.06666667,0.9978013582078843,0,0.00033,sector_c
2169.06805556,0.9980672860055244,0,0.00033,sector_c
2169.06944444,0.9979140373840009,0,0.00033,sector_c
2169.07083333,0.998581722350669,0,0.00033,sector_c
2169.07222222,0.9985484928600392,0,0.00033,sector_c
2169.07361111,0.99771848807157,0,0.00033,sector_c
2169.075,0.99737779011215,0,0.00033,sector_c
2169.07638889,0.9974967106612667,0,0.00033,sector_c
2169.07777778,0.9983446483001645,0,0.00033,sector_c
2169.07916667,0.997959476818308,0,0.00033,sector_c
2169.08055556,0.9979921989973677,0,0.00033,sector_c
2169.08194444,0.9972042590841792,0,0.00033,sector_c
2169.08333333,0.9978421916593294,0,0.00033,sector_c
2169.08472222,0.9983689445481907,0,0.00033,sector_c
2169.08611111,0.9976005279265194,0,0.00033,sector_c
2169.0875,0.9981978179199592,0,0.00033,sector_c
2169.08888889,0.9981570412209163,0,0.00033,sector_c
2169.09027778,0.9981029914234028,0,0.00033,sector_c
2169.09166667,0.9977236855490628,0,0.00033,sector_c
2169.09305556,0.9983197030189321,0,0.00033,sector_c
2169.09444444,0.9982463074706978,0,0.00033,sector_c
2169.09583333,0.9980499215145866,0,0.00033,sector_c
2169.09722222,0.9978579423073988,0,0.00033,sector_c
2169.09861111,0.9981849774416445,0,0.00033,sector_c
2169.1,0.9976635772210881,0,0.00033,sector_c
2169.10138889,0.9977238540129147,0,0.00033,sector_c
2169.10277778,0.9976118456394695,0,0.00033,sector_c
2169.10416667,0.9981400134828825,0,0.00033,sector_c
2169.10555556,0.9982757683885398,0,0.00033,sector_c
2169.10694444,0.9983746416065877,0,0.00033,sector_c
2169.10833333,0.9979883506401935,0,0.00033,sector_c
2169.10972222,0.998174708957541,0,0.00033,sector_c
2169.11111111,0.9974634294284412,0,0.00033,sector_c
2169.1125,0.9977099901027713,0,0.00033,sector_c
2169.11388889,0.9981893423649649,0,0.00033,sector_c
2169.11527778,0.9980001707281947,0,0.00033,sector_c
2169.11666667,0.997862908109673,0,0.00033,sector_c
2169.11805556,0.9983509969261637,0,0.00033,sector_c
2169.11944444,0.9975443671068566,0,0.00033,sector_c
2169.12083333,0.9976501330320465,0,0.00033,sector_c
2169.12222222,0.9978586258421698,0,0.00033,sector_c
2169.12361111,0.998314377988374,0,0.00033,sector_c
2169.125,0.9980010277968872,0,0.00033,sector_c
2169.12638889,0.9981431913706569,0,0.00033,sector_c
2169.12777778,0.9980157996708187,0,0.00033,sector_c
2169.12916667,0.9974635035516535,0,0.00033,sector_c
2169.13055556,0.9978082049668734,0,0.00033,sector_c
2169.13194444,0.997409285645597,0,0.00033,sector_c
2169.13333333,0.9982682946595502,0,0.00033,sector_c
2169.13472222,0.9979688594659576,0,0.00033,sector_c
2169.13611111,0.9974743612751414,0,0.00033,sector_c
2169.1375,0.998093318408061,0,0.00033,sector_c
2169.13888889,0.997662712990976,0,0.00033,sector_c
2169.14027778,0.9975724034077492,0,0.00033,sector_c
2169.14166667,0.9972498721541339,0,0.00033,sector_c
2169.14305556,0.998090515153825,0,0.00033,sector_c
2169.14444444,0.9975052259090839,0,0.00033,sector_c
2169.14583333,0.9976780261464901,0,0.00033,sector_c
2169.14722222,0.9975070955450963,0,0.00033,sector_c
2169.14861111,0.9976727078011592,0,0.00033,sector_c
2169.15,0.998205743278388,0,0.00033,sector_c
2169.15138889,0.9981704598366862,0,0.00033,sector_c
2169.15277778,0.9982159357958466,0,0.00033,sector_c
2169.15416667,0.9980293903788544,0,0.00033,sector_c
2169.15555556,0.9975359789413938,0,0.00033,sector_c
2169.15694444,0.9977077774596647,0,0.00033,sector_c
2169.15833333,0.9979609674829947,0,0.00033,sector_c
2169.15972222,0.9977015610825425,0,0.00033,sector_c
2169.16111111,0.9983453450567953,0,0.00033,sector_c
2169.1625,0.9970471076793144,0,0.00033,sector_c
2169.16388889,0.9979084670263746,0,0.00033,sector_c
2169.16527778,0.9978915520306605,0,0.00033,sector_c
2169.16666667,0.9983444489380036,0,0.00033,sector_c
2169.16805556,0.9978115932592765,0,0.00033,sector_c
2169.16944444,0.9979859894610822,0,0.00033,sector_c
2169.17083333,0.9978963685311327,0,0.00033,sector_c
2169.17222222,0.9974264514353609,0,0.00033,sector_c
2169.17361111,0.9981072891255934,0,0.00033,sector_c
2169.175,0.9975496845940388,0,0.00033,sector_c
2169.17638889,0.9976910474276649,0,0.00033,sector_c
2169.17777778,0.9977779437316389,0,0.00033,sector_c
2169.17916667,0.9977763414961552,0,0.00033,sector_c
2169.18055556,0.9977810624458108,0,0.00033,sector_c
2169.18194444,0.9975857563251331,0,0.00033,sector_c
2169.18333333,0.9983581358482788,0,0.00033,sector_c
2169.18472222,0.9977946287922698,0,0.00033,sector_c
2169.18611111,0.9978640786479248,0,0.00033,sector_c
2169.1875,0.9974923696202338,0,0.00033,sector_c
2169.18888889,0.9978286760453998,0,0.00033,sector_c
2169.19027778,0.9978333246448197,0,0.00033,sector_c
2169.19166667,0.9980013499392215,0,0.00033,sector_c
2169.19305556,0.9973884689665716,0,0.00033,sector_c
2169.19444444,0.9973323833241248,0,0.00033,sector_c
2169.19583333,0.9977558399376575,0,0.00033,sector_c
2169.19722222,0.9974155262591184,0,0.00033,sector_c
2169.19861111,0.9972913961430574,0,0.00033,sector_c
2169.2,0.9974596971020343,0,0.00033,sector_c
2169.20138889,0.9974486157467296,0,0.00033,sector_c
2169.20277778,0.9980086326122687,0,0.00033,sector_c
2169.20416667,0.997713650475867,0,0.00033,sector_c
2169.20555556,0.9971495222238301,0,0.00033,sector_c
2169.20694444,0.9975860930858266,0,0.00033,sector_c
2169.20833333,0.9978877596729916,0,0.00033,sector_c
2169.20972222,0.9980124537044741,0,0.00033,sector_c
2169.21111111,0.9976726736898468,0,0.00033,sector_c
2169.2125,0.9976691279387438,0,0.00033,sector_c
2169.21388889,0.9976165106363722,0,0.00033,sector_c
2169.21527778,0.9974356690648899,4096,0.00033,sector_c
2169.21666667,0.9975349653523837,0,0.00033,sector_c
2169.21805556,0.997804250611185,0,0.00033,sector_c
2169.21944444,0.9976899996070334,0,0.00033,sector_c
2169.22083333,0.9972853438121627,0,0.00033,sector_c
2169.22222222,0.9973940931847991,0,0.00033,sector_c
2169.22361111,0.997755876389693,0,0.00033,sector_c
2169.225,0.9978485220726888,0,0.00033,sector_c
2169.22638889,0.9970464381185375,0,0.00033,sector_c
2169.22777778,0.9978661373812228,0,0.00033,sector_c
2169.22916667,0.9978578288466847,0,0.00033,sector_c
2169.23055556,0.9972357306582726,0,0.00033,sector_c
2169.23194444,0.9975997528222394,0,0.00033,sector_c
2169.23333333,0.9977682211630672,0,0.00033,sector_c
2169.23472222,0.9976865767799287,0,0.00033,sector_c
2169.23611111,0.9970046423273591,0,0.00033,sector_c
2169.2375,0.9975403468850749,0,0.00033,sector_c
2169.23888889,0.9977045248985748,0,0.00033,sector_c
2169.24027778,0.9973849719339455,0,0.00033,sector_c
2169.24166667,0.9970553020970438,0,0.00033,sector_c
2169.24305556,0.9974078884151699,0,0.00033,sector_c
2169.24444444,0.9971823945481058,0,0.00033,sector_c
2169.24583333,0.9971351276765803,0,0.00033,sector_c
2169.24722222,0.9971021826056878,0,0.00033,sector_c
2169.24861111,0.9978497419975053,0,0.00033,sector_c
2169.25,0.9969138312164274,0,0.00033,sector_c
2169.25138889,0.9971588081288697,0,0.00033,sector_c
2169.25277778,0.9982199197161602,0,0.00033,sector_c
2169.25416667,0.9978497395692857,0,0.00033,sector_c
2169.25555556,0.9975232777913614,0,0.00033,sector_c
2169.25694444,0.9972153673924714,0,0.00033,sector_c
2169.25833333,0.9975016986620596,0,0.00033,sector_c
2169.25972222,0.9977944164595626,0,0.00033,sector_c
2169.26111111,0.9980471200297875,0,0.00033,sector_c
2169.2625,0.9975743360235045,0,0.00033,sector_c
2169.26388889,0.9972952561180374,0,0.00033,sector_c
2169.26527778,0.9975979705409777,0,0.00033,sector_c
2169.26666667,0.997062792287473,0,0.00033,sector_c
2169.26805556,0.9974701453185528,0,0.00033,sector_c
2169.26944444,0.9979195841589862,0,0.00033,sector_c
2169.27083333,0.9971982971770643,0,0.00033,sector_c
2169.27222222,0.9971759039984791,0,0.00033,sector_c
2169.27361111,0.9976406426436949,0,0.00033,sector_c
2169.275,0.9972443240615628,0,0.00033,sector_c
2169.27638889,0.9972549631634248,0,0.00033,sector_c
2169.27777778,0.9976061882344173,0,0.00033,sector_c
2169.27916667,0.9967017058349853,0,0.00033,sector_c
2169.28055556,0.9971235334926608,0,0.00033,sector_c
2169.28194444,0.998498213092754,0,0.00033,sector_c
2169.28333333,0.9974381128294687,0,0.00033,sector_c
2169.28472222,0.9979127213785783,0,0.00033,sector_c
2169.28611111,0.9976919494497388,0,0.00033,sector_c
2169.2875,0.9974723225632168,0,0.00033,sector_c
2169.28888889,0.9976317752895282,0,0.00033,sector_c
2169.29027778,0.9974631741070313,0,0.00033,sector_c
2169.29166667,0.9977998963632632,0,0.00033,sector_c
2169.29305556,0.9980218316853274,0,0.00033,sector_c
2169.29444444,0.9972092361073142,0,0.00033,sector_c
2169.29583333,0.9972584431626736,0,0.00033,sector_c
2169.29722222,0.9970824443863344,0,0.00033,sector_c
2169.29861111,0.9974597943150406,0,0.00033,sector_c
2169.3,0.9981318042720322,0,0.00033,sector_c
2169.30138889,0.9975838329360945,0,0.00033,sector_c
2169.30277778,0.9969267831095987,0,0.00033,sector_c
2169.30416667,0.9973434848214594,0,0.00033,sector_c
2169.30555556,0.9978934863538409,0,0.00033,sector_c
2169.30694444,0.9977091875304136,0,0.00033,sector_c
2169.30833333,0.997599396180548,0,0.00033,sector_c
2169.30972222,0.9975169805715818,0,0.00033,sector_c
2169.31111111,0.9973548894146185,0,0.00033,sector_c
2169.3125,0.9970067352790901,0,0.00033,sector_c
2169.31388889,0.997589749166478,0,0.00033,sector_c
2169.31527778,0.9978077454106471,0,0.00033,sector_c
2169.31666667,0.9976890444165295,0,0.00033,sector_c
2169.31805556,0.9975887144932357,0,0.00033,sector_c
2169.31944444,0.9977803877356449,0,0.00033,sector_c
2169.32083333,0.9967409418945483,0,0.00033,sector_c
2169.32222222,0.997473255276801,0,0.00033,sector_c
2169.32361111,0.9974466435784566,0,0.00033,sector_c
2169.325,0.9976450494558502,0,0.00033,sector_c
2169.32638889,0.9972215532155226,0,0.00033,sector_c
2169.32777778,0.9977006570399161,0,0.00033,sector_c
2169.32916667,0.9970310001039951,0,0.00033,sector_c
2169.33055556,0.9974624948440689,0,0.00033,sector_c
2169.33194444,0.997065402059462,0,0.00033,sector_c
2169.33333333,0.9974666481118613,4096,0.00033,sector_c
2169.33472222,0.9971072780935626,0,0.00033,sector_c
2169.33611111,0.997143720806188,0,0.00033,sector_c
2169.3375,0.9974677642865427,0,0.00033,sector_c
2169.33888889,0.9973734285429818,0,0.00033,sector_c
2169.34027778,0.9974650399602842,0,0.00033,sector_c
2169.34166667,0.9973153554950154,0,0.00033,sector_c
2169.34305556,0.9976605810785453,0,0.00033,sector_c
2169.34444444,0.9977699104364695,0,0.00033,sector_c
2169.34583333,0.9971919589521914,0,0.00033,sector_c
2169.34722222,0.9970955901660621,0,0.00033,sector_c
2169.34861111,0.9977756906334974,0,0.00033,sector_c
2169.35,0.9969163905295314,0,0.00033,sector_c
2169.35138889,0.9977383952289879,0,0.00033,sector_c
2169.35277778,0.9975651013635988,0,0.00033,sector_c
2169.35416667,0.997325651571939,0,0.00033,sector_c
2169.35555556,0.9969565827567874,0,0.00033,sector_c
2169.35694444,0.9978785552904174,0,0.00033,sector_c
2169.35833333,0.9970721154517134,0,0.00033,sector_c
2169.35972222,0.9970306434123098,0,0.00033,sector_c
2169.36111111,0.9970142800391303,0,0.00033,sector_c
2169.3625,0.9977819334255257,0,0.00033,sector_c
2169.36388889,0.9976834488659129,0,0.00033,sector_c
2169.36527778,0.9970885091772932,0,0.00033,sector_c
2169.36666667,0.9977787156532617,0,0.00033,sector_c
2169.36805556,0.9973916768140993,0,0.00033,sector_c
2169.36944444,0.997510407155396,0,0.00033,sector_c
2169.37083333,0.9971893568977809,0,0.00033,sector_c
2169.37222222,0.9974817632175311,0,0.00033,sector_c
2169.37361111,0.9973688721675636,0,0.00033,sector_c
2169.375,0.9967757246865616,0,0.00033,sector_c
2169.37638889,0.9976969671848804,0,0.00033,sector_c
2169.37777778,0.9968840175216168,0,0.00033,sector_c
2169.37916667,0.9970220939227978,0,0.00033,sector_c
2169.38055556,0.9969050270618988,0,0.00033,sector_c
2169.38194444,0.9969717987709313,0,0.00033,sector_c
2169.38333333,0.9978468981434023,0,0.00033,sector_c
2169.38472222,0.996854496300559,0,0.00033,sector_c
2169.38611111,0.9972219251121582,0,0.00033,sector_c
2169.3875,0.9965794770581231,0,0.00033,sector_c
2169.38888889,0.9976141980740595,0,0.00033,sector_c
2169.39027778,0.9974796054244423,0,0.00033,sector_c
2169.39166667,0.9971457905309397,0,0.00033,sector_c
2169.39305556,0.9974273190097841,0,0.00033,sector_c
2169.39444444,0.9970643308624412,0,0.00033,sector_c
2169.39583333,0.9973634486331754,0,0.00033,sector_c
2169.39722222,0.9968797167235849,0,0.00033,sector_c
2169.39861111,0.9973496110639634,0,0.00033,sector_c
2169.4,0.9975588630528015,0,0.00033,sector_c
2169.40138889,0.9972189129945952,0,0.00033,sector_c
2169.40277778,0.9971638032536562,0,0.00033,sector_c
2169.40416667,0.9971209505927763,0,0.00033,sector_c
2169.40555556,0.9967816625812782,0,0.00033,sector_c
2169.40694444,0.9966816284192708,0,0.00033,sector_c
2169.40833333,0.9968195245159154,0,0.00033,sector_c
2169.40972222,0.9978175949423395,0,0.00033,sector_c
2169.41111111,0.9971058004902043,0,0.00033,sector_c
2169.4125,0.9977481901792941,0,0.00033,sector_c
2169.41388889,0.9968141401790399,0,0.00033,sector_c
2169.41527778,0.9970612567645364,0,0.00033,sector_c
2169.41666667,0.996862348618045,0,0.00033,sector_c
2169.41805556,0.9972969132681984,0,0.00033,sector_c
2169.41944444,0.9974814795920482,0,0.00033,sector_c
2169.42083333,0.9967752635028488,0,0.00033,sector_c
2169.42222222,0.9972172990577245,0,0.00033,sector_c
2169.42361111,0.996625185613943,0,0.00033,sector_c
2169.425,0.9977457652666041,0,0.00033,sector_c
2169.42638889,0.9971016249017124,0,0.00033,sector_c
2169.42777778,0.9969349293458905,0,0.00033,sector_c
2169.42916667,0.9972665896098424,0,0.00033,sector_c
2169.43055556,0.9971677186275751,0,0.00033,sector_c
2169.43194444,0.9971106700937294,0,0.00033,sector_c
2169.43333333,0.9967199021150853,0,0.00033,sector_c
2169.43472222,0.9968951922836733,0,0.00033,sector_c
2169.43611111,0.9974845371197026,0,0.00033,sector_c
2169.4375,0.9971993725379736,0,0.00033,sector_c
2169.43888889,0.9970302535670054,0,0.00033,sector_c
2169.44027778,0.9973003180747949,0,0.00033,sector_c
2169.44166667,0.99753249076096,0,0.00033,sector_c
2169.44305556,0.9967525290852914,0,0.00033,sector_c
2169.44444444,0.9969751442637316,0,0.00033,sector_c
2169.44583333,0.9968869523417688,2048,0.00033,sector_c
2169.44722222,0.9970149049353567,0,0.00033,sector_c
2169.44861111,0.9971584543464075,0,0.00033,sector_c
2169.45,0.9971555326318379,0,0.00033,sector_c
2169.45138889,0.9967478736742066,0,0.00033,sector_c
2169.45277778,0.9970585368805678,0,0.00033,sector_c
2169.45416667,0.9976637324909242,0,0.00033,sector_c
2169.45555556,0.9972171308214742,0,0.00033,sector_c
2169.45694444,0.9967652120565964,0,0.00033,sector_c
2169.45833333,0.9970892881391862,0,0.00033,sector_c
2169.45972222,0.9971392195331144,0,0.00033,sector_c
2169.46111111,0.9962991111703671,0,0.00033,sector_c
2169.4625,0.9967717961071452,0,0.00033,sector_c
2169.46388889,0.9970437935180861,0,0.00033,sector_c
2169.46527778,0.9970247225469283,0,0.00033,sector_c
2169.46666667,0.9970838970724848,0,0.00033,sector_c
2169.46805556,0.996868667969608,0,0.00033,sector_c
2169.46944444,0.9965246799708549,0,0.00033,sector_c
2169.47083333,0.9965415713819208,0,0.00033,sector_c
2169.47222222,0.9963320146942344,0,0.00033,sector_c
2169.47361111,0.9968234612330891,0,0.00033,sector_c
2169.475,0.9964738993100071,0,0.00033,sector_c
2169.47638889,0.9968372279177307,0,0.00033,sector_c
2169.47777778,0.9973817394485444,0,0.00033,sector_c
2169.47916667,0.9971920058962863,0,0.00033,sector_c
2169.48055556,0.997006233853212,0,0.00033,sector_c
2169.48194444,0.9964936133269937,0,0.00033,sector_c
2169.48333333,0.99718034790683,0,0.00033,sector_c
2169.48472222,0.9976480791174465,0,0.00033,sector_c
2169.48611111,0.9971023590559757,0,0.00033,sector_c
2169.4875,0.9977851120897168,0,0.00033,sector_c
2169.48888889,0.9968529188138548,0,0.00033,sector_c
2169.49027778,0.9962895956695615,0,0.00033,sector_c
2169.49166667,0.996676179509856,0,0.00033,sector_c
2169.49305556,0.9969966121924082,0,0.00033,sector_c
2169.49444444,0.9968409861637737,0,0.00033,sector_c
2169.49583333,0.9969638976525851,0,0.00033,sector_c
2169.49722222,0.9966838368775179,0,0.00033,sector_c
2169.49861111,0.9969659352387182,0,0.00033,sector_c
2169.5,0.9966253630954072,0,0.00033,sector_c
2169.50138889,0.997086847637199,0,0.00033,sector_c
2169.50277778,0.9969325029692319,0,0.00033,sector_c
2169.50416667,0.9966042607491754,0,0.00033,sector_c
2169.50555556,0.996225784967026,0,0.00033,sector_c
2169.50694444,0.9962826577601969,0,0.00033,sector_c
2169.50833333,0.996594566048412,0,0.00033,sector_c
2169.50972222,0.9971047542385253,0,0.00033,sector_c
2169.51111111,0.9970852080259006,0,0.00033,sector_c
2169.5125,0.9970926128357653,0,0.00033,sector_c
2169.51388889,0.9969125777262846,0,0.00033,sector_c
2169.51527778,0.9963457841103602,0,0.00033,sector_c
2169.51666667,0.9964738265149683,0,0.00033,sector_c
2169.51805556,0.9965915311804222,0,0.00033,sector_c
2169.51944444,0.9974685083975897,0,0.00033,sector_c
2169.52083333,0.9962340117011119,0,0.00033,sector_c
2169.52222222,0.9969282713331291,0,0.00033,sector_c
2169.52361111,0.9971985697060305,0,0.00033,sector_c
2169.525,0.9968386824601982,0,0.00033,sector_c
2169.52638889,0.9969890033321253,0,0.00033,sector_c
2169.52777778,0.9968113020662308,0,0.00033,sector_c
2169.52916667,0.9964730158090466,0,0.00033,sector_c
2169.53055556,0.9967953037337238,0,0.00033,sector_c
2169.53194444,0.9967136443557623,0,0.00033,sector_c
2169.53333333,0.996966517188117,0,0.00033,sector_c
2169.53472222,0.9969127825625143,0,0.00033,sector_c
2169.53611111,0.9963903472077383,0,0.00033,sector_c
2169.5375,0.9970341877493933,0,0.00033,sector_c
2169.53888889,0.9967295455431798,0,0.00033,sector_c
2169.54027778,0.9970762176920437,0,0.00033,sector_c
2169.54166667,0.9967186972888686,0,0.00033,sector_c
2169.54305556,0.997089636451161,0,0.00033,sector_c
2169.54444444,0.9971280812226213,0,0.00033,sector_c
2169.54583333,0.9970061735155807,0,0.00033,sector_c
2169.54722222,0.9964198284899493,0,0.00033,sector_c
2169.54861111,0.9966414821267854,0,0.00033,sector_c
2169.55,0.9965690809371176,0,0.00033,sector_c
2169.55138889,0.9965814767727349,0,0.00033,sector_c
2169.55277778,0.9971183411402182,0,0.00033,sector_c
2169.55416667,0.9970212317441987,0,0.00033,sector_c
2169.55555556,0.9965199565212579,0,0.00033,sector_c
2169.55694444,0.9969470250095525,0,0.00033,sector_c
2169.55833333,0.9966371105279765,0,0.00033,sector_c
2169.55972222,0.9969969870756429,0,0.00033,sector_c
2169.56111111,0.9963199308264811,0,0.00033,sector_c
2169.5625,0.9965606799436602,0,0.00033,sector_c
2169.56388889,0.9970712761573016,0,0.00033,sector_c
2169.56527778,0.9967401987023449,0,0.00033,sector_c
2169.56666667,0.9967120721772068,0,0.00033,sector_c
2169.56805556,0.9966218492908213,0,0.00033,sector_c
2169.56944444,0.9970664067821945,0,0.00033,sector_c
2169.57083333,0.9962468688751387,0,0.00033,sector_c
2169.57222222,0.9967541151040876,0,0.00033,sector_c
2169.57361111,0.996914225762167,0,0.00033,sector_c
2169.575,0.996660525507687,0,0.00033,sector_c
2169.57638889,0.9966476889727026,0,0.00033,sector_c
2169.57777778,0.9962782064640132,0,0.00033,sector_c
2169.57916667,0.9964118368726608,0,0.00033,sector_c
2169.58055556,0.9966584759610568,0,0.00033,sector_c
2169.58194444,0.9964871099314486,0,0.00033,sector_c
2169.58333333,0.9964433710446307,0,0.00033,sector_c
2169.58472222,0.9965664345781073,0,0.00033,sector_c
2169.58611111,0.9964061393169158,0,0.00033,sector_c
2169.5875,0.9963505667252663,0,0.00033,sector_c
2169.58888889,0.996558272524227,0,0.00033,sector_c
2169.59027778,0.9966371495023804,0,0.00033,sector_c
2169.59166667,0.9964504953767918,0,0.00033,sector_c
2169.59305556,0.9966320636901278,0,0.00033,sector_c
2169.59444444,0.996475433722314,0,0.00033,sector_c
2169.59583333,0.996384629704343,0,0.00033,sector_c
2169.59722222,0.9969238806096126,0,0.00033,sector_c
2169.59861111,0.9967237506111027,0,0.00033,sector_c
2169.6,0.9963292855539206,0,0.00033,sector_c
2169.60138889,0.9968931244603425,0,0.00033,sector_c
2169.60277778,0.9972304135333221,0,0.00033,sector_c
2169.60416667,0.9969737812530035,0,0.00033,sector_c
2169.60555556,0.9969519601376223,0,0.00033,sector_c
2169.60694444,0.9962991505582879,0,0.00033,sector_c
2169.60833333,0.996597790615955,0,0.00033,sector_c
2169.60972222,0.9968189847910689,0,0.00033,sector_c
2169.61111111,0.9960602070478506,0,0.00033,sector_c
2169.6125,0.9965313749158345,0,0.00033,sector_c
2169.61388889,0.9963205055956059,0,0.00033,sector_c
2169.61527778,0.9960443590925357,0,0.00033,sector_c
2169.61666667,0.9958873999693988,0,0.00033,sector_c
2169.61805556,0.9963810448055287,0,0.00033,sector_c
2169.61944444,0.9962143459604904,0,0.00033,sector_c
2169.62083333,0.9966264023308156,0,0.00033,sector_c
2169.62222222,0.9965576821963299,0,0.00033,sector_c
2169.62361111,0.9969803315701528,0,0.00033,sector_c
2169.625,0.9965324696549756,0,0.00033,sector_c
2169.62638889,0.9966901807303605,0,0.00033,sector_c
2169.62777778,0.9968145671650462,0,0.00033,sector_c
2169.62916667,0.9960783846456898,0,0.00033,sector_c
2169.63055556,0.9972499094824926,0,0.00033,sector_c
2169.63194444,0.9966371139765694,0,0.00033,sector_c
2169.63333333,0.9965514640740114,0,0.00033,sector_c
2169.63472222,0.996574446263063,0,0.00033,sector_c
2169.63611111,0.9968887114477933,0,0.00033,sector_c
2169.6375,0.9959820381878015,0,0.00033,sector_c
2169.63888889,0.9963148331425247,0,0.00033,sector_c
2169.64027778,0.9961587581241594,0,0.00033,sector_c
2169.64166667,0.9964291453253782,0,0.00033,sector_c
2169.64305556,0.99683319970277,0,0.00033,sector_c
2169.64444444,0.9962882832711413,0,0.00033,sector_c
2169.64583333,0.9962612701531475,0,0.00033,sector_c
2169.64722222,0.9966930168396477,0,0.00033,sector_c
2169.64861111,0.9970643400962778,0,0.00033,sector_c
2169.65,0.9968571984189837,0,0.00033,sector_c
2169.65138889,0.9966889437856156,0,0.00033,sector_c
2169.65277778,0.9961050500698279,0,0.00033,sector_c
2169.65416667,0.996466419225971,0,0.00033,sector_c
2169.65555556,0.9965080881954892,0,0.00033,sector_c
2169.65694444,0.9962142306324983,0,0.00033,sector_c
2169.65833333,0.9968689780407299,0,0.00033,sector_c
2169.65972222,0.996604201486629,0,0.00033,sector_c
2169.66111111,0.9958065020244744,0,0.00033,sector_c
2169.6625,0.99656955773568,0,0.00033,sector_c
2169.66388889,0.9968045278626068,0,0.00033,sector_c
2169.66527778,0.9955719378372652,0,0.00033,sector_c
2169.66666667,0.9959916425249109,0,0.00033,sector_c
2169.66805556,0.9963610647614439,0,0.00033,sector_c
2169.66944444,0.9966627648822582,0,0.00033,sector_c
2169.67083333,0.9964197085596588,0,0.00033,sector_c
2169.67222222,0.9965021090194003,0,0.00033,sector_c
2169.67361111,0.9964288952263048,0,0.00033,sector_c
2169.675,0.9961304718486506,0,0.00033,sector_c
2169.67638889,0.9963432313403024,0,0.00033,sector_c
2169.67777778,0.9964629168947676,0,0.00033,sector_c
2169.67916667,0.9964476297205431,0,0.00033,sector_c
2169.68055556,0.9963666307997855,0,0.00033,sector_c
2169.68194444,0.9962117608410688,0,0.00033,sector_c
2169.68333333,0.9965381441002783,0,0.00033,sector_c
2169.68472222,0.9960324404493281,0,0.00033,sector_c
2169.68611111,0.9969048167659915,0,0.00033,sector_c
2169.6875,0.9961104712594493,0,0.00033,sector_c
2169.68888889,0.9965989037744707,0,0.00033,sector_c
2169.69027778,0.9961974855733369,0,0.00033,sector_c
2169.69166667,0.9962322247669206,0,0.00033,sector_c
2169.69305556,0.9964183721357275,0,0.00033,sector_c
2169.69444444,0.9962109809648062,0,0.00033,sector_c
2169.69583333,0.9965102414612246,0,0.00033,sector_c
2169.69722222,0.99558907140536,0,0.00033,sector_c
2169.69861111,0.9963600506607766,0,0.00033,sector_c
2169.7,0.9955490121990159,0,0.00033,sector_c
2169.70138889,0.996127108010424,0,0.00033,sector_c
2169.70277778,0.996542242481484,0,0.00033,sector_c
2169.70416667,0.9963407738381438,0,0.00033,sector_c
2169.70555556,0.9958233517130222,0,0.00033,sector_c
2169.70694444,0.9965928346860825,0,0.00033,sector_c
2169.70833333,0.9956529370869434,0,0.00033,sector_c
2169.70972222,0.996098726807452,0,0.00033,sector_c
2169.71111111,0.9958312887249818,0,0.00033,sector_c
2169.7125,0.996312714251066,0,0.00033,sector_c
2169.71388889,0.9963655735612233,0,0.00033,sector_c
2169.71527778,0.996164934922834,0,0.00033,sector_c
2169.71666667,0.9961890234748346,0,0.00033,sector_c
2169.71805556,0.996180236157014,0,0.00033,sector_c
2169.71944444,0.9957811736872486,0,0.00033,sector_c
2169.72083333,0.9959084126763662,0,0.00033,sector_c
2169.72222222,0.9965733149449312,0,0.00033,sector_c
2169.72361111,0.9966853959903021,0,0.00033,sector_c
2169.725,0.9969902387456863,0,0.00033,sector_c
2169.72638889,0.9967321166016057,0,0.00033,sector_c
2169.72777778,0.996174929396568,0,0.00033,sector_c
2169.72916667,0.9957373906892896,0,0.00033,sector_c
2169.73055556,0.9959882787207218,0,0.00033,sector_c
2169.73194444,0.9959965921661749,0,0.00033,sector_c
2169.73333333,0.9963108545736272,0,0.00033,sector_c
2169.73472222,0.9960100118036928,0,0.00033,sector_c
2169.73611111,0.9960990462246044,0,0.00033,sector_c
2169.7375,0.9958463446013409,0,0.00033,sector_c
2169.73888889,0.9970198753003574,0,0.00033,sector_c
2169.74027778,0.9959516083369209,0,0.00033,sector_c
2169.74166667,0.9960495943391445,4096,0.00033,sector_c
2169.74305556,0.9962604048254697,0,0.00033,sector_c
2169.74444444,0.9955146664333377,0,0.00033,sector_c
2169.74583333,0.9958734338421652,0,0.00033,sector_c
2169.74722222,0.9960524327655631,0,0.00033,sector_c
2169.74861111,0.9959182031325183,0,0.00033,sector_c
2169.75,0.9957437410970611,0,0.00033,sector_c
2169.75138889,0.9962025818262661,0,0.00033,sector_c
2169.75277778,0.9965098251311485,0,0.00033,sector_c
2169.75416667,0.9962779282543109,0,0.00033,sector_c
2169.75555556,0.9960439561273441,0,0.00033,sector_c
2169.75694444,0.9963276011715082,0,0.00033,sector_c
2169.75833333,0.9957801638333236,0,0.00033,sector_c
2169.75972222,0.9964303025401825,0,0.00033,sector_c
2169.76111111,0.9960542254184284,0,0.00033,sector_c
2169.7625,0.9960374285240597,0,0.00033,sector_c
2169.76388889,0.9958092650568234,0,0.00033,sector_c
2169.76527778,0.996021069557087,0,0.00033,sector_c
2169.76666667,0.9961070266867434,0,0.00033,sector_c
2169.76805556,0.9963101953138541,0,0.00033,sector_c
2169.76944444,0.9953740922236642,0,0.00033,sector_c
2169.77083333,0.9960823310394787,0,0.00033,sector_c
2169.77222222,0.9963880550647117,0,0.00033,sector_c
2169.77361111,0.9960098377096257,0,0.00033,sector_c
2169.775,0.9958646837240168,0,0.00033,sector_c
2169.77638889,0.9960442147187278,0,0.00033,sector_c
2169.77777778,0.9963282251817981,0,0.00033,sector_c
2169.77916667,0.9959038457513169,0,0.00033,sector_c
2169.78055556,0.9960097346656289,0,0.00033,sector_c
2169.78194444,0.9960364475471537,0,0.00033,sector_c
2169.78333333,0.995824115668233,0,0.00033,sector_c
2169.78472222,0.9960400110933757,0,0.00033,sector_c
2169.78611111,0.9963863192764771,0,0.00033,sector_c
2169.7875,0.9961053736378269,0,0.00033,sector_c
2169.78888889,0.995882975777525,0,0.00033,sector_c
2169.79027778,0.9959511621330411,0,0.00033,sector_c
2169.79166667,0.9962827732149419,0,0.00033,sector_c
2169.79305556,0.9965844061657024,0,0.00033,sector_c
2169.79444444,0.9961204155263533,0,0.00033,sector_c
2169.79583333,0.9958630348534272,0,0.00033,sector_c
2169.79722222,0.997129525049339,0,0.00033,sector_c
2169.79861111,0.9960597005030974,0,0.00033,sector_c
2169.8,0.9952086021658205,0,0.00033,sector_c
2169.80138889,0.9956981020861948,0,0.00033,sector_c
2169.80277778,0.9956072958278029,0,0.00033,sector_c
2169.80416667,0.9958504443216625,0,0.00033,sector_c
2169.80555556,0.9961689791863908,0,0.00033,sector_c
2169.80694444,0.9961667584462449,0,0.00033,sector_c
2169.80833333,0.9955091480857323,0,0.00033,sector_c
2169.80972222,0.9957163033313503,0,0.00033,sector_c
2169.81111111,0.9954855792599729,0,0.00033,sector_c
2169.8125,0.9957781442771776,0,0.00033,sector_c
2169.81388889,0.9955526572784841,0,0.00033,sector_c
2169.81527778,0.9963083422063844,0,0.00033,sector_c
2169.81666667,0.9957584627397863,0,0.00033,sector_c
2169.81805556,0.9953935245973125,0,0.00033,sector_c
2169.81944444,0.9961680000152563,0,0.00033,sector_c
2169.82083333,0.9959700934660479,0,0.00033,sector_c
2169.82222222,0.9958279350387529,0,0.00033,sector_c
2169.82361111,0.9953484578097372,0,0.00033,sector_c
2169.825,0.9958013009648718,0,0.00033,sector_c
2169.82638889,0.9958705286409627,0,0.00033,sector_c
2169.82777778,0.9957022572761107,0,0.00033,sector_c
2169.82916667,0.9962629410555878,0,0.00033,sector_c
2169.83055556,0.9956967700272807,0,0.00033,sector_c
2169.83194444,0.9956446525372423,0,0.00033,sector_c
2169.83333333,0.9961211100622464,0,0.00033,sector_c
2169.83472222,0.9960336893833174,0,0.00033,sector_c
2169.83611111,0.9962834158692374,0,0.00033,sector_c
2169.8375,0.9962079416041673,0,0.00033,sector_c
2169.83888889,0.9957444486699232,0,0.00033,sector_c
2169.84027778,0.9954489158359632,0,0.00033,sector_c
2169.84166667,0.9959862502617246,0,0.00033,sector_c
2169.84305556,0.9954180953106332,0,0.00033,sector_c
2169.84444444,0.9952657528218714,0,0.00033,sector_c
2169.84583333,0.9964732586182115,0,0.00033,sector_c
2169.84722222,0.9955069461180717,0,0.00033,sector_c
2169.84861111,0.9952615795006471,0,0.00033,sector_c
2169.85,0.9954799779753826,0,0.00033,sector_c
2169.85138889,0.9959994311592034,0,0.00033,sector_c
2169.85277778,0.9955260577072303,0,0.00033,sector_c
2169.85416667,0.9952768279345526,0,0.00033,sector_c
2169.85555556,0.9954408785414677,0,0.00033,sector_c
2169.85694444,0.9959333836425066,0,0.00033,sector_c
2169.85833333,0.9953337902599932,0,0.00033,sector_c
2169.85972222,0.9960181830840567,0,0.00033,sector_c
2169.86111111,0.9959990584064334,0,0.00033,sector_c
2169.8625,0.995544104265491,0,0.00033,sector_c
2169.86388889,0.9954837624235874,0,0.00033,sector_c
2169.86527778,0.9954363603371023,0,0.00033,sector_c
2169.86666667,0.9957980494984928,0,0.00033,sector_c
2169.86805556,0.9955219074335573,0,0.00033,sector_c
2169.86944444,0.9949702625814862,0,0.00033,sector_c
2169.87083333,0.995488803936041,0,0.00033,sector_c
2169.87222222,0.9955288065077776,0,0.00033,sector_c
2169.87361111,0.9956752530718309,0,0.00033,sector_c
2169.875,0.9952141008932308,0,0.00033,sector_c
2169.87638889,0.9953217702786324,0,0.00033,sector_c
2169.87777778,0.9962027907282803,0,0.00033,sector_c
2169.87916667,0.9952633676782948,0,0.00033,sector_c
2169.88055556,0.9952399247745509,0,0.00033,sector_c
2169.88194444,0.9957306160714826,0,0.00033,sector_c
2169.88333333,0.9961114356659411,0,0.00033,sector_c
2169.88472222,0.9957671995720162,0,0.00033,sector_c
2169.88611111,0.9953409118544968,0,0.00033,sector_c
2169.8875,0.9960707680768893,0,0.00033,sector_c
2169.88888889,0.9955849365426812,0,0.00033,sector_c
2169.89027778,0.9951837973108347,0,0.00033,sector_c
2169.89166667,0.9959493098502665,0,0.00033,sector_c
2169.89305556,0.9959066638369327,0,0.00033,sector_c
2169.89444444,0.9957033632354683,0,0.00033,sector_c
2169.89583333,0.995127322141998,0,0.00033,sector_c
2169.89722222,0.9958743682207479,0,0.00033,sector_c
2169.89861111,0.9959808392220705,0,0.00033,sector_c
