Date,symbol,open,high,low,close,volume,adj_close
2020-01-02,ARKK,50.6399993896,50.6399993896,49.9000015259,50.5000000000,248400,48.8900527954
2020-01-03,ARKK,49.7400016785,50.4500007629,49.7400016785,50.1300010681,264100,48.5318489075
2020-01-06,ARKK,49.5200004578,50.5600013733,49.4300003052,50.5200004578,297000,48.9094161987
2020-01-07,ARKK,50.6599998474,51.3019981384,50.5299987793,51.1399993896,230000,49.5096473694
2020-01-08,ARKK,51.1100006104,52.5099983215,51.1059989929,52.2900009155,378800,50.6229858398
2020-01-09,ARKK,52.7299995422,52.8450012207,52.0209999084,52.3499984741,290200,50.6810722351
2020-01-10,ARKK,52.5299987793,52.5299987793,51.8600006104,51.9700012207,227700,50.3131904602
2020-01-13,ARKK,52.5299987793,53.1100006104,52.2999992371,53.0400009155,345500,51.3490753174
2020-01-14,ARKK,53.1800003052,53.7000007629,52.5550003052,53.2599983215,351700,51.5620613098
2020-01-15,ARKK,53.2000007629,54.0349998474,53.1500015259,53.4300003052,335300,51.7266426086
2020-01-16,ARKK,53.6500015259,54.0099983215,53.3199996948,54.0099983215,264900,52.2881507874
2020-01-17,ARKK,54.1699981689,54.1699981689,53.5040016174,53.6699981689,337400,51.9589881897
2020-01-21,ARKK,53.7999992371,54.0299987793,53.4300003052,53.5900001526,360200,51.8815460205
2020-01-22,ARKK,54.0900001526,54.4039993286,53.7519989014,53.8400001526,357700,52.1235694885
2020-01-23,ARKK,53.7700004578,53.9889984131,53.0699996948,53.7999992371,266200,52.0848464966
2020-01-24,ARKK,53.9599990845,54.1599998474,52.4099998474,52.7999992371,358700,51.1167259216
2020-01-27,ARKK,51.2000007629,52.1899986267,51.0000000000,51.8499984741,476800,50.1970100403
2020-01-28,ARKK,52.2999992371,52.8899993896,52.1399993896,52.8199996948,278300,51.1360893250
2020-01-29,ARKK,53.0400009155,53.2599983215,52.6800003052,52.8499984741,210000,51.1651306152
2020-01-30,ARKK,52.6800003052,53.3300018311,52.4000015259,52.9500007629,282200,51.2619476318
2020-01-31,ARKK,52.6500015259,52.7169990540,51.4199981689,51.7999992371,358900,50.1486091614
2020-02-03,ARKK,52.3100013733,53.9900016785,52.1500015259,53.9599990845,526400,52.2397422791
2020-02-04,ARKK,55.7200012207,57.0390014648,55.1800003052,56.3199996948,664200,54.5245056152
2020-02-05,ARKK,56.7700004578,56.7700004578,55.1520004272,55.5200004578,459600,53.7500152588
2020-02-06,ARKK,55.7299995422,56.6240005493,55.2299995422,56.1699981689,406800,54.3792915344
2020-02-07,ARKK,56.1399993896,56.4500007629,55.7599983215,55.8400001526,308900,54.0598144531
2020-02-10,ARKK,56.2900009155,57.0200004578,56.2200012207,56.8899993896,531600,55.0763397217
2020-02-11,ARKK,57.6399993896,58.1399993896,57.0699996948,57.7900009155,557100,55.9476432800
2020-02-12,ARKK,58.4000015259,58.4700012207,57.8009986877,58.3300018311,514800,56.4704322815
2020-02-13,ARKK,58.0600013733,59.2400016785,57.8030014038,58.7599983215,485400,56.8867187500
2020-02-14,ARKK,58.9000015259,59.1399993896,58.5699996948,58.6899986267,338800,56.8189544678
2020-02-18,ARKK,58.9900016785,59.1599998474,58.5000000000,59.1599998474,554700,57.2739715576
2020-02-19,ARKK,60.0000000000,60.7299995422,59.6800003052,60.3699989319,650500,58.4453926086
2020-02-20,ARKK,60.1599998474,60.6100006104,58.8209991455,59.8899993896,569200,57.9806938171
2020-02-21,ARKK,59.5400009155,59.5999984741,58.2050018311,58.6100006104,540700,56.7415008545
2020-02-24,ARKK,55.4399986267,56.5800018311,55.0000000000,56.0200004578,1184200,54.2340736389
2020-02-25,ARKK,56.6500015259,56.8680000305,53.7599983215,54.0999984741,819000,52.3752822876
2020-02-26,ARKK,54.4000015259,55.1599998474,53.0699996948,53.5400009155,665000,51.8331375122
2020-02-27,ARKK,52.2500000000,54.1199989319,50.7299995422,51.7099990845,995000,50.0614738464
2020-02-28,ARKK,49.6800003052,52.8400001526,49.5999984741,52.8400001526,1031900,51.1554527283
2020-03-02,ARKK,53.5499992371,54.1100006104,52.1399993896,54.0800018311,851700,52.3559226990
2020-03-03,ARKK,54.6899986267,55.5480003357,51.8800010681,52.9900016785,903800,51.3006706238
2020-03-04,ARKK,54.1699981689,54.8300018311,52.8829994202,54.7900009155,559400,53.0432853699
2020-03-05,ARKK,53.2000007629,54.4519996643,52.9609985352,53.5099983215,505700,51.8040885925
2020-03-06,ARKK,51.5800018311,52.9000015259,51.0900001526,52.1100006104,703800,50.4487228394
2020-03-09,ARKK,48.0000000000,49.8069992065,46.9039993286,47.7799987793,870600,46.2567634583
2020-03-10,ARKK,49.9000015259,50.0499992371,47.5000000000,50.0499992371,747200,48.4543952942
2020-03-11,ARKK,48.6599998474,49.2900009155,46.3899993896,46.9399986267,682400,45.4435424805
2020-03-12,ARKK,43.4399986267,43.8600006104,41.0299987793,41.0299987793,1298300,39.7219543457
2020-03-13,ARKK,43.6399993896,44.1800003052,39.0960006714,42.9000015259,1176300,41.5323410034
2020-03-16,ARKK,37.5499992371,39.4799995422,36.2200012207,36.2200012207,1298000,35.0652999878
2020-03-17,ARKK,37.3600006104,39.6599998474,34.7330017090,38.2299995422,905700,37.0112190247
2020-03-18,ARKK,35.5000000000,37.4300003052,33.0000000000,34.6899986267,1072800,33.5840759277
2020-03-19,ARKK,34.7999992371,38.6800003052,34.0690002441,37.8100013733,901200,36.6046142578
2020-03-20,ARKK,39.0999984741,40.5699996948,37.8100013733,37.8499984741,956000,36.6433334351
2020-03-23,ARKK,37.5499992371,39.2500000000,36.6300010681,38.3499984741,966300,37.1273918152
2020-03-24,ARKK,41.1300010681,42.2400016785,40.4099998474,42.1500015259,1024900,40.8062515259
2020-03-25,ARKK,43.2599983215,45.4700012207,42.0400009155,43.7900009155,1292800,42.3939666748
2020-03-26,ARKK,44.2599983215,46.5400009155,44.2599983215,45.9700012207,1417900,44.5044670105
2020-03-27,ARKK,44.4599990845,44.9500007629,43.2000007629,43.7599983215,796200,42.3649215698
2020-03-30,ARKK,44.1899986267,44.7200012207,42.8549995422,44.5999984741,979800,43.1781425476
2020-03-31,ARKK,44.3699989319,45.3800010681,43.2299995422,44.0000000000,605800,42.5972747803
2020-04-01,ARKK,42.4199981689,42.6399993896,39.8289985657,40.2400016785,776100,38.9571418762
2020-04-02,ARKK,39.6300010681,41.7000007629,39.4099998474,40.4900016785,516800,39.1991729736
2020-04-03,ARKK,40.9500007629,41.5000000000,39.7999992371,40.2000007629,493700,38.9184150696
2020-04-06,ARKK,42.3800010681,44.3100013733,42.0200004578,44.1800003052,578600,42.7715377808
2020-04-07,ARKK,46.1699981689,46.5000000000,44.0509986877,44.2200012207,608100,42.8102607727
2020-04-08,ARKK,45.1699981689,46.2099990845,44.4830017090,46.0099983215,546500,44.5431938171
2020-04-09,ARKK,47.0400009155,47.9500007629,46.5099983215,47.2900009155,2232800,45.7823905945
2020-04-13,ARKK,47.1699981689,47.9300003052,46.1110000610,47.8499984741,573100,46.3245353699
2020-04-14,ARKK,49.7200012207,50.8269996643,49.3699989319,50.3800010681,900600,48.7738761902
2020-04-15,ARKK,49.4799995422,50.0299987793,48.5999984741,49.5600013733,810000,47.9800186157
2020-04-16,ARKK,49.9199981689,50.8870010376,49.2999992371,50.5999984741,684600,48.9868621826
2020-04-17,ARKK,52.1100006104,52.3499984741,51.2999992371,52.2599983215,981500,50.5939407349
2020-04-20,ARKK,51.6399993896,53.8680000305,51.0099983215,52.7999992371,840100,51.1167259216
2020-04-21,ARKK,51.9900016785,52.2599983215,49.7500000000,50.6100006104,710900,48.9965476990
2020-04-22,ARKK,52.1599998474,52.6800003052,51.2999992371,52.4199981689,518500,50.7488403320
2020-04-23,ARKK,52.4300003052,53.4690017700,51.9269981384,52.0099983215,654000,50.3519096375
2020-04-24,ARKK,52.3800010681,53.3590011597,51.7309989929,53.0600013733,496500,51.3684425354
2020-04-27,ARKK,54.0699996948,56.4290008545,53.7550010681,55.6399993896,1905900,53.8661880493
2020-04-28,ARKK,56.7299995422,56.7299995422,53.3800010681,54.0499992371,893000,52.3268775940
2020-04-29,ARKK,55.6899986267,56.8699989319,54.6020011902,56.6300010681,1011600,54.8246231079
2020-04-30,ARKK,56.7200012207,57.0000000000,55.0999984741,55.3300018311,781300,53.5660705566
2020-05-01,ARKK,53.8199996948,54.2299995422,51.6699981689,52.3800010681,870900,50.7101173401
2020-05-04,ARKK,51.7099990845,54.3100013733,51.5299987793,54.3100013733,459800,52.5785865784
2020-05-05,ARKK,55.5299987793,56.0200004578,54.7599983215,55.0600013733,637400,53.3046798706
2020-05-06,ARKK,55.3300018311,55.8499984741,54.7500000000,55.3300018311,614200,53.5660705566
2020-05-07,ARKK,56.0900001526,56.8989982605,55.6399993896,56.5999984741,638800,54.7955780029
2020-05-08,ARKK,57.1599998474,58.4490013123,56.5000000000,58.2999992371,620600,56.4413833618
2020-05-11,ARKK,57.5499992371,60.1899986267,57.3889999390,59.6800003052,767500,57.7773895264
2020-05-12,ARKK,60.5000000000,60.5000000000,58.1599998474,58.1599998474,952200,56.3058509827
2020-05-13,ARKK,58.0299987793,58.7159996033,54.7700004578,56.3300018311,926900,54.5341911316
2020-05-14,ARKK,55.4300003052,56.4500007629,54.3100013733,56.2500000000,1023600,54.4567413330
2020-05-15,ARKK,55.8300018311,58.2200012207,55.5169982910,58.0900001526,493700,56.2380828857
2020-05-18,ARKK,60.0699996948,60.6399993896,59.6199989319,59.8800010681,825900,57.9710159302
2020-05-19,ARKK,60.0099983215,61.1500015259,59.6800003052,59.8199996948,867400,57.9129295349
2020-05-20,ARKK,61.0099983215,61.8899993896,59.9599990845,61.8199996948,1101300,59.8491706848
2020-05-21,ARKK,61.8199996948,62.3400001526,60.5099983215,61.9799995422,839000,60.0040702820
2020-05-22,ARKK,61.9599990845,62.7999992371,61.5000000000,62.7599983215,683900,60.7592010498
2020-05-26,ARKK,64.9000015259,64.9000015259,62.7799987793,62.9000015259,1448800,60.8947372437
2020-05-27,ARKK,63.5200004578,63.5200004578,59.6500015259,62.5099983215,1074500,60.5171699524
2020-05-28,ARKK,62.7299995422,63.2599983215,61.4900016785,61.7500000000,832500,59.7813949585
2020-05-29,ARKK,61.9399986267,63.0000000000,61.2799987793,62.8199996948,599600,60.8172874451
2020-06-01,ARKK,63.3600006104,65.1699981689,62.9300003052,64.8000030518,1557600,62.7341690063
2020-06-02,ARKK,65.1999969482,65.6399993896,64.0100021362,65.5999984741,1370400,63.5086517334
2020-06-03,ARKK,66.4199981689,66.7200012207,65.6600036621,65.8700027466,1529700,63.7700614929
2020-06-04,ARKK,65.8000030518,66.2839965820,63.4599990845,63.9500007629,1243000,61.9112625122
2020-06-05,ARKK,65.3499984741,65.6529998779,64.0100021362,64.2500000000,846200,62.2017021179
2020-06-08,ARKK,64.9899978638,65.3700027466,64.5199966431,65.3700027466,968100,63.2859954834
2020-06-09,ARKK,64.5999984741,66.5999984741,64.4199981689,65.6100006104,1750400,63.5183448792
2020-06-10,ARKK,66.6399993896,67.0400009155,65.6399993896,66.5100021362,1272000,64.3896560669
2020-06-11,ARKK,63.9300003052,64.4700012207,61.5000000000,61.5699996948,1822100,59.6071395874
2020-06-12,ARKK,63.7200012207,63.8400001526,60.6110000610,62.4199981689,1185900,60.4300422668
2020-06-15,ARKK,60.7400016785,64.7699966431,60.7400016785,64.6399993896,1619300,62.5792655945
2020-06-16,ARKK,66.7500000000,67.0299987793,64.4400024414,66.6900024414,2166800,64.5639114380
2020-06-17,ARKK,67.2099990845,67.5899963379,66.2200012207,66.5000000000,862700,64.3799667358
2020-06-18,ARKK,66.4300003052,67.8899993896,66.2050018311,67.6299972534,769500,65.4739456177
2020-06-19,ARKK,68.7500000000,69.2500000000,67.5950012207,68.0299987793,996800,65.8611907959
2020-06-22,ARKK,68.6600036621,71.4300003052,68.5899963379,71.2900009155,1644100,69.0172653198
2020-06-23,ARKK,72.5299987793,73.4489974976,71.5500030518,72.4000015259,1904500,70.0918807983
2020-06-24,ARKK,71.6299972534,72.4599990845,68.6200027466,69.3000030518,1804100,67.0907058716
2020-06-25,ARKK,69.1399993896,70.7600021362,68.4100036621,70.5800018311,1132400,68.3299026489
2020-06-26,ARKK,70.3399963379,71.0599975586,68.9300003052,68.9700012207,1179300,66.7712249756
2020-06-29,ARKK,69.3499984741,69.5699996948,67.7300033569,69.3600006104,1473700,67.1487884521
2020-06-30,ARKK,69.2500000000,71.4300003052,69.1780014038,71.3099975586,1330800,69.0366210938
2020-07-01,ARKK,71.4700012207,74.0000000000,71.3300018311,73.5000000000,1650700,71.1567993164
2020-07-02,ARKK,75.9100036621,75.9199981689,74.5849990845,74.9400024414,2168700,72.5509033203
2020-07-06,ARKK,77.2699966431,79.0419998169,76.5000000000,77.7500000000,1972800,75.2713165283
2020-07-07,ARKK,78.0999984741,80.5899963379,77.5500030518,78.8399963379,2251700,76.3265609741
2020-07-08,ARKK,80.0199966431,81.2399978638,79.6399993896,80.7200012207,2230100,78.1466293335
2020-07-09,ARKK,81.7399978638,81.9300003052,79.0199966431,81.0800018311,2033500,78.4951553345
2020-07-10,ARKK,80.9499969482,81.3600006104,80.1699981689,80.8899993896,1575900,78.3112106323
2020-07-13,ARKK,83.0000000000,84.5439987183,78.0000000000,78.1399993896,3642600,75.6488876343
2020-07-14,ARKK,78.0999984741,79.5000000000,75.0100021362,78.8199996948,2042200,76.3072052002
2020-07-15,ARKK,80.3600006104,81.1200027466,78.5400009155,80.9300003052,2728700,78.3499450684
2020-07-16,ARKK,79.5999984741,80.4700012207,78.9130020142,79.7600021362,1431900,77.2172393799
2020-07-17,ARKK,80.3000030518,80.8600006104,79.6389999390,80.6699981689,1265100,78.0982208252
2020-07-20,ARKK,81.2399978638,84.2500000000,81.1200027466,84.0299987793,1750400,81.3511123657
2020-07-21,ARKK,84.9499969482,84.9499969482,82.2699966431,82.5199966431,1796000,79.8892440796
2020-07-22,ARKK,83.0100021362,83.5800018311,81.8499984741,82.5299987793,1181600,79.8989257812
2020-07-23,ARKK,82.9000015259,83.5899963379,79.5800018311,80.4700012207,1794500,77.9046020508
2020-07-24,ARKK,78.9000015259,79.8170013428,77.4000015259,78.8300018311,1953000,76.3168869019
2020-07-27,ARKK,79.8000030518,82.1299972534,79.3209991455,81.9700012207,2314000,79.3567886353
2020-07-28,ARKK,81.6200027466,81.6399993896,79.2799987793,79.3499984741,1182700,76.8203048706
2020-07-29,ARKK,80.0000000000,80.5999984741,79.8700027466,80.0699996948,1098900,77.5173568726
2020-07-30,ARKK,79.4199981689,80.8099975586,78.8000030518,80.4000015259,1015700,77.8368301392
2020-07-31,ARKK,81.6900024414,81.8300018311,79.3600006104,80.3700027466,1035600,77.8078002930
2020-08-03,ARKK,81.3099975586,83.9899978638,81.1999969482,83.6800003052,2924800,81.0122604370
2020-08-04,ARKK,83.9000015259,84.2600021362,83.1299972534,84.1999969482,2081000,81.5156936646
2020-08-05,ARKK,84.9300003052,85.8300018311,84.4700012207,85.6100006104,2024600,82.8807373047
2020-08-06,ARKK,85.6200027466,86.1100006104,84.3830032349,84.8700027466,1552200,82.1643371582
2020-08-07,ARKK,84.5899963379,84.8199996948,81.2399978638,82.4899978638,1983100,79.8601989746
2020-08-10,ARKK,84.6600036621,84.8899993896,82.7699966431,83.4700012207,1680900,80.8089599609
2020-08-11,ARKK,83.3199996948,83.6989974976,81.3850021362,81.5800018311,1588600,78.9792175293
2020-08-12,ARKK,82.9300003052,84.2890014648,82.4599990845,83.9499969482,1467300,81.2736587524
2020-08-13,ARKK,84.5100021362,86.3899993896,84.5100021362,85.7600021362,1619000,83.0259552002
2020-08-14,ARKK,86.0800018311,86.3000030518,84.3570022583,84.7200012207,1060400,82.0191192627
2020-08-17,ARKK,85.3899993896,87.7500000000,85.3199996948,87.6299972534,1712200,84.8363342285
2020-08-18,ARKK,88.8199996948,88.9599990845,87.3040008545,88.5800018311,1900500,85.7560501099
2020-08-19,ARKK,88.6299972534,90.3799972534,88.1849975586,88.8600006104,1990600,86.0271301270
2020-08-20,ARKK,88.3099975586,89.9899978638,88.0500030518,89.4800033569,1458900,86.6273651123
2020-08-21,ARKK,90.0000000000,90.4199981689,89.6620025635,89.8300018311,1887800,86.9662094116
2020-08-24,ARKK,91.9000015259,91.9000015259,87.8799972534,88.4599990845,2622800,85.6398773193
2020-08-25,ARKK,88.4599990845,89.5820007324,87.4000015259,89.5000000000,1377400,86.6467208862
2020-08-26,ARKK,89.7099990845,92.1200027466,89.7089996338,91.4000015259,1881000,88.4861526489
2020-08-27,ARKK,92.0100021362,92.0100021362,89.5000000000,90.7699966431,1596900,87.8762283325
2020-08-28,ARKK,91.5199966431,92.9800033569,91.3000030518,92.3600006104,1503800,89.4155502319
2020-08-31,ARKK,92.8600006104,95.6800003052,92.5000000000,95.3300018311,3546200,92.2908630371
2020-09-01,ARKK,96.4499969482,97.2900009155,95.4240036011,97.2099990845,3755400,94.1109313965
2020-09-02,ARKK,98.9000015259,98.9000015259,93.9199981689,96.9700012207,4156100,93.8785781860
2020-09-03,ARKK,94.1500015259,94.1999969482,88.8600006104,89.8099975586,4679700,86.9468460083
2020-09-04,ARKK,89.1900024414,90.1800003052,81.3300018311,87.0500030518,5475800,84.2748336792
2020-09-08,ARKK,82.7900009155,86.0899963379,82.1100006104,83.0999984741,3332700,80.4507598877
2020-09-09,ARKK,85.4499969482,86.9000015259,84.1620025635,86.5800018311,3779300,83.8198165894
2020-09-10,ARKK,88.0000000000,89.4000015259,85.0000000000,85.8399963379,3581600,83.1034088135
2020-09-11,ARKK,86.7900009155,87.3099975586,83.9000015259,85.3499984741,2958300,82.6290283203
2020-09-14,ARKK,86.6600036621,89.2799987793,86.5899963379,89.0899963379,2642200,86.2497863770
2020-09-15,ARKK,91.0000000000,92.6999969482,90.4000015259,91.8300018311,2553800,88.9024505615
2020-09-16,ARKK,92.0999984741,93.3099975586,91.3700027466,91.6399993896,1948300,88.7185058594
2020-09-17,ARKK,88.3690032959,90.3600006104,88.0500030518,89.3000030518,1758100,86.4531021118
2020-09-18,ARKK,90.4899978638,90.8639984131,87.7099990845,89.8799972534,1601200,87.0146026611
2020-09-21,ARKK,88.3899993896,90.6999969482,86.8499984741,90.5800018311,2325600,87.6922912598
2020-09-22,ARKK,90.8099975586,91.7900009155,88.9339981079,91.7099990845,1592000,88.7862625122
2020-09-23,ARKK,91.1100006104,91.4800033569,87.3499984741,87.9499969482,1764300,85.1461334229
2020-09-24,ARKK,86.2099990845,89.2549972534,85.2699966431,87.9000015259,3232600,85.0977401733
2020-09-25,ARKK,88.0899963379,90.8099975586,88.0199966431,90.7500000000,1590900,87.8568725586
2020-09-28,ARKK,92.9199981689,93.0500030518,90.9599990845,91.7200012207,1892800,88.7959518433
2020-09-29,ARKK,91.7600021362,93.3799972534,91.7399978638,92.7699966431,1525700,89.8124771118
2020-09-30,ARKK,92.8499984741,93.5479965210,91.3199996948,92.0000000000,2843500,89.0670318604
2020-10-01,ARKK,93.3899993896,94.5400009155,92.9199981689,94.5400009155,2391400,91.5260467529
2020-10-02,ARKK,91.5599975586,94.0599975586,91.5500030518,92.3199996948,2792100,89.3768234253
2020-10-05,ARKK,93.5599975586,95.9599990845,93.5599975586,95.8899993896,1830400,92.8330154419
2020-10-06,ARKK,95.9400024414,97.9100036621,94.8799972534,95.6699981689,2497300,92.6200180054
2020-10-07,ARKK,97.0999984741,100.0199966431,97.0999984741,99.2099990845,3147300,96.0471725464
2020-10-08,ARKK,101.8600006104,101.8600006104,100.1900024414,100.5699996948,2437400,97.3638076782
2020-10-09,ARKK,101.6600036621,103.0299987793,101.3199996948,102.7600021362,2728200,99.4839935303
2020-10-12,ARKK,104.7699966431,105.0000000000,102.2600021362,102.3300018311,3083200,99.0677032471
2020-10-13,ARKK,102.7900009155,105.1999969482,102.1600036621,104.8300018311,3364100,101.4879989624
2020-10-14,ARKK,105.6500015259,106.1500015259,103.5000000000,103.7699966431,3538300,100.4617919922
2020-10-15,ARKK,101.4000015259,103.0770034790,101.1200027466,102.8300018311,2407700,99.5517654419
2020-10-16,ARKK,104.0800018311,104.5000000000,102.6999969482,102.7600021362,2082400,99.4839935303
2020-10-19,ARKK,104.1100006104,104.5500030518,101.8600006104,102.2500000000,2480800,98.9902496338
2020-10-20,ARKK,102.8399963379,103.2799987793,100.7500000000,100.8300018311,2197900,97.6155242920
2020-10-21,ARKK,100.1500015259,100.7699966431,97.6999969482,97.9499969482,2869800,94.8273391724
2020-10-22,ARKK,99.1600036621,99.8399963379,96.8550033569,98.5800018311,2444800,95.4372634888
2020-10-23,ARKK,99.1200027466,99.1800003052,97.4100036621,99.1800003052,1875300,96.0181274414
2020-10-26,ARKK,98.1600036621,99.8399963379,95.8600006104,97.1999969482,2342200,94.1012420654
2020-10-27,ARKK,97.8399963379,98.9950027466,97.6350021362,98.6299972534,1410200,95.4856491089
2020-10-28,ARKK,96.3099975586,96.3700027466,94.3499984741,94.7500000000,2518900,91.7293624878
2020-10-29,ARKK,95.5999984741,96.4599990845,94.9300003052,95.9899978638,2078500,92.9298171997
2020-10-30,ARKK,95.0000000000,95.1500015259,89.9499969482,90.7900009155,4213700,87.8955993652
2020-11-02,ARKK,91.9700012207,92.5199966431,89.3899993896,90.8000030518,3886200,87.9052886963
2020-11-03,ARKK,92.2200012207,93.7799987793,90.9499969482,93.1600036621,2810300,90.1900405884
2020-11-04,ARKK,95.9300003052,98.3199996948,95.2200012207,97.5100021362,4374700,94.4013748169
2020-11-05,ARKK,100.7300033569,100.9800033569,99.2099990845,100.8199996948,4254400,97.6058425903
2020-11-06,ARKK,101.1500015259,102.6299972534,99.6100006104,102.0800018311,3238600,98.8256683350
2020-11-09,ARKK,105.0000000000,105.5000000000,97.3799972534,97.4300003052,4654000,94.3239135742
2020-11-10,ARKK,97.2600021362,97.6200027466,91.8000030518,94.7600021362,4419800,91.7390365601
2020-11-11,ARKK,96.7900009155,98.7799987793,96.0100021362,98.7300033569,4150700,95.5824813843
2020-11-12,ARKK,99.5999984741,100.4000015259,98.3199996948,98.8899993896,2490600,95.7373733521
2020-11-13,ARKK,99.9499969482,100.6800003052,98.6999969482,99.4000015259,1828100,96.2311172485
2020-11-16,ARKK,99.6500015259,99.9899978638,98.2020034790,99.5400009155,2056900,96.3666534424
2020-11-17,ARKK,100.6500015259,101.2500000000,99.6399993896,101.2300033569,2460800,98.0027770996
2020-11-18,ARKK,101.5000000000,102.4199981689,100.5630035400,101.0199966431,2449500,97.7994613647
2020-11-19,ARKK,101.2399978638,103.8740005493,101.2399978638,103.2600021362,2270200,99.9680557251
2020-11-20,ARKK,103.7900009155,105.5000000000,103.1740036011,104.9000015259,2010900,101.5557708740
2020-11-23,ARKK,106.2699966431,108.2799987793,105.5999984741,107.4199981689,3730200,103.9954299927
2020-11-24,ARKK,109.0800018311,109.3899993896,105.9100036621,106.1399993896,3089400,102.7562408447
2020-11-25,ARKK,106.4100036621,108.5400009155,105.9199981689,108.4800033569,2135900,105.0216445923
2020-11-27,ARKK,109.8499984741,111.8259963989,109.0940017700,111.7799987793,1909500,108.2164382935
2020-11-30,ARKK,113.6600036621,113.7600021362,108.8000030518,112.3700027466,3235700,108.7876281738
2020-12-01,ARKK,114.0000000000,114.1999969482,112.1380004883,112.7600021362,3065300,109.1651916504
2020-12-02,ARKK,111.4599990845,112.4700012207,109.5999984741,112.3399963379,2473300,108.7585830688
2020-12-03,ARKK,113.5199966431,115.5500030518,112.9499969482,114.2799987793,2962400,110.6367340088
2020-12-04,ARKK,115.8399963379,117.3600006104,114.7600021362,117.1900024414,3384400,113.4539718628
2020-12-07,ARKK,119.0100021362,122.0199966431,118.2799987793,120.6800003052,4445100,116.8327026367
2020-12-08,ARKK,121.2699966431,122.9100036621,120.1500015259,122.1699981689,4349600,118.2751998901
2020-12-09,ARKK,123.8799972534,125.5299987793,118.7600021362,119.9800033569,7841700,116.1550216675
2020-12-10,ARKK,117.7500000000,125.3199996948,117.7200012207,125.1999969482,5094500,121.2086029053
2020-12-11,ARKK,124.9400024414,125.8399963379,121.6800003052,123.8700027466,5271100,119.9210052490
2020-12-14,ARKK,126.0899963379,127.6500015259,124.1999969482,124.2500000000,4670500,120.2888870239
2020-12-15,ARKK,126.4499969482,126.4499969482,123.2399978638,124.3000030518,4390600,120.3372955322
2020-12-16,ARKK,124.6999969482,125.1299972534,122.5220031738,123.9499969482,3231600,119.9984512329
2020-12-17,ARKK,125.3399963379,126.5400009155,124.7900009155,126.0699996948,3860700,122.0508651733
2020-12-18,ARKK,127.5699996948,128.1990051270,125.9400024414,127.3000030518,4205100,123.2416610718
2020-12-21,ARKK,126.9700012207,133.0099945068,126.2500000000,131.3399963379,6958900,127.1528625488
2020-12-22,ARKK,134.3999938965,135.7290039062,132.6699981689,135.0500030518,7425100,130.7445983887
2020-12-23,ARKK,137.0180053711,137.0800018311,132.8099975586,134.9600067139,7202900,130.6574554443
2020-12-24,ARKK,135.6399993896,136.0800018311,132.4199981689,133.0299987793,4038300,128.7889862061
2020-12-28,ARKK,135.5500030518,135.8500061035,129.7200012207,129.8000030518,9479800,125.6619567871
2020-12-29,ARKK,128.5299987793,128.6900024414,120.8099975586,124.3199996948,10938400,122.2822723389
2020-12-30,ARKK,125.7819976807,127.5500030518,125.5599975586,127.0999984741,5106300,125.0167083740
2020-12-31,ARKK,127.7200012207,127.7399978638,123.9649963379,124.4899978638,5444800,122.4494857788
2021-01-04,ARKK,126.2200012207,127.1900024414,122.4400024414,124.6900024414,8314400,122.6462097168
2021-01-05,ARKK,124.3799972534,127.8399963379,124.0800018311,127.7600021362,5362200,125.6658935547
2021-01-06,ARKK,126.6900024414,131.1499938965,125.8499984741,128.2299957275,6847500,126.1281814575
2021-01-07,ARKK,131.1600036621,138.6199951172,131.1300048828,138.3800048828,8145100,136.1118316650
2021-01-08,ARKK,142.0299987793,145.6399993896,139.2899932861,142.4799957275,12830300,140.1446075439
2021-01-11,ARKK,140.2500000000,140.6300048828,136.8000030518,138.2200012207,8217800,135.9544372559
2021-01-12,ARKK,140.1799926758,141.6600036621,139.0399932861,140.9900054932,6032000,138.6790466309
2021-01-13,ARKK,141.9299926758,143.5000000000,140.5000000000,141.7200012207,5182100,139.3970642090
2021-01-14,ARKK,143.3619995117,147.4499969482,142.7799987793,145.2799987793,7691100,142.8987274170
2021-01-15,ARKK,146.8699951172,148.0099945068,141.6799926758,141.9100036621,9489400,139.5839538574
2021-01-19,ARKK,145.3600006104,146.2200012207,144.1100006104,146.1300048828,7212000,143.7348022461
2021-01-20,ARKK,148.9530029297,149.8000030518,146.7100067139,147.1100006104,7964400,144.6987304688
2021-01-21,ARKK,148.4199981689,148.4199981689,144.5399932861,144.8099975586,7291700,142.4364166260
2021-01-22,ARKK,144.1000061035,146.1699981689,143.8899993896,146.0800018311,5714800,143.6856079102
2021-01-25,ARKK,148.5619964600,149.8500061035,142.9299926758,146.6699981689,8570800,144.2659301758
2021-01-26,ARKK,147.2500000000,147.3399963379,141.7200012207,141.8300018311,8106400,139.5052795410
2021-01-27,ARKK,139.0639953613,142.5000000000,135.1699981689,138.3500061035,10003900,136.0823211670
2021-01-28,ARKK,138.5700073242,141.8399963379,138.1399993896,140.3699951172,5865400,138.0691986084
2021-01-29,ARKK,139.8600006104,141.1799926758,135.0500030518,137.4400024414,7195500,135.1872253418
2021-02-01,ARKK,139.9799957275,142.8000030518,138.4100036621,142.6199951172,7828500,140.2823028564
2021-02-02,ARKK,145.3000030518,147.9499969482,144.9299926758,146.8899993896,7960800,144.4823303223
2021-02-03,ARKK,148.6300048828,148.6999969482,145.4199981689,146.1100006104,6504200,143.7151184082
2021-02-04,ARKK,147.9299926758,148.5000000000,146.9160003662,148.3500061035,5259900,145.9184112549
2021-02-05,ARKK,148.8000030518,149.7500000000,147.4199981689,149.4600067139,5591900,147.0102081299
2021-02-08,ARKK,152.0500030518,153.8899993896,151.4499969482,153.3099975586,8583400,150.7971038818
2021-02-09,ARKK,153.9100036621,156.6499938965,152.8300018311,154.9299926758,8122900,152.3905487061
2021-02-10,ARKK,157.1999969482,157.9100036621,150.4600067139,153.1000061035,14325800,150.5905456543
2021-02-11,ARKK,155.0000000000,156.3800048828,152.3800048828,154.5700073242,8839300,152.0364532471
2021-02-12,ARKK,153.8800048828,156.6000061035,152.0099945068,156.5800018311,6685600,154.0135040283
2021-02-16,ARKK,159.0500030518,159.6999969482,154.7299957275,155.1199951172,11148800,152.5774230957
2021-02-17,ARKK,153.4900054932,153.5099945068,147.4600067139,152.1699981689,13602000,149.6757812500
2021-02-18,ARKK,149.0489959717,150.2200012207,146.0899963379,149.1900024414,10989900,146.7446289062
2021-02-19,ARKK,151.5000000000,154.0000000000,151.0000000000,152.6100006104,7901900,150.1085662842
2021-02-22,ARKK,149.7200012207,150.9299926758,143.2500000000,143.7799987793,16368700,141.4233093262
2021-02-23,ARKK,136.1799926758,139.9900054932,126.8150024414,139.0399932861,37539000,136.7610015869
2021-02-24,ARKK,138.4400024414,140.2200012207,134.5000000000,138.3200073242,15840200,136.0528106689
2021-02-25,ARKK,136.1799926758,138.6900024414,128.4109954834,129.5099945068,16444800,127.3872070312
2021-02-26,ARKK,130.6999969482,132.9700012207,126.0699996948,130.3600006104,16969200,128.2232818604
2021-03-01,ARKK,134.5399932861,137.0000000000,133.5099945068,136.6999969482,11580300,134.4593505859
2021-03-02,ARKK,138.2500000000,138.3699951172,133.1600036621,133.5099945068,9279100,131.3216247559
2021-03-03,ARKK,132.9100036621,133.4400024414,124.4400024414,125.1100006104,16503000,123.0593261719
2021-03-04,ARKK,124.1999969482,125.9300003052,114.6299972534,118.4300003052,27279300,116.4888229370
2021-03-05,ARKK,119.2200012207,119.4400024414,106.2500000000,117.0699996948,38985500,115.1511077881
2021-03-08,ARKK,117.0000000000,118.8799972534,109.2399978638,110.2600021362,23537500,108.4527359009
2021-03-09,ARKK,117.0000000000,122.8600006104,116.3000030518,121.7500000000,25294500,119.7543945312
2021-03-10,ARKK,126.1699981689,126.7500000000,120.5000000000,121.1900024414,19524800,119.2035827637
2021-03-11,ARKK,125.9599990845,129.1199951172,124.5199966431,128.6799926758,18698900,126.5708007812
2021-03-12,ARKK,125.0000000000,126.6900024414,122.5699996948,126.6800003052,15390000,124.6035919189
2021-03-15,ARKK,127.0500030518,128.9199981689,125.5199966431,128.8800048828,10047500,126.7675399780
2021-03-16,ARKK,130.5099945068,130.8000030518,123.9800033569,126.0199966431,13908000,123.9544067383
2021-03-17,ARKK,122.7500000000,129.0000000000,120.9400024414,127.4599990845,14592400,125.3708038330
2021-03-18,ARKK,124.3600006104,125.1500015259,119.5100021362,120.0699996948,14738800,118.1019363403
2021-03-19,ARKK,119.9899978638,122.7300033569,118.1999969482,122.3600006104,12515300,120.3544006348
2021-03-22,ARKK,124.0000000000,126.3799972534,122.5299987793,124.7200012207,8948100,122.6757202148
2021-03-23,ARKK,124.7910003662,124.7910003662,121.1500015259,121.6999969482,7454400,119.7052154541
2021-03-24,ARKK,122.5000000000,122.6800003052,114.5500030518,114.7799987793,18523900,112.8986434937
2021-03-25,ARKK,111.3600006104,114.8799972534,110.3899993896,114.4199981689,21016000,112.5445480347
2021-03-26,ARKK,114.4300003052,115.9400024414,109.5500030518,113.9700012207,17712300,112.1019287109
2021-03-29,ARKK,113.5999984741,113.6500015259,109.7300033569,111.1699981689,14228200,109.3478164673
2021-03-30,ARKK,110.0000000000,114.8000030518,108.8099975586,114.4199981689,14589400,112.5445480347
2021-03-31,ARKK,115.9400024414,120.5100021362,115.8600006104,119.9499969482,17368500,117.9839019775
2021-04-01,ARKK,122.9599990845,124.6250000000,120.5699996948,120.8499984741,12606100,118.8691482544
2021-04-05,ARKK,124.3600006104,124.3600006104,120.6699981689,121.6399993896,9480800,119.6462020874
2021-04-06,ARKK,121.6699981689,125.0250015259,121.4800033569,123.8300018311,8739800,121.8003082275
2021-04-07,ARKK,123.3099975586,123.8499984741,120.6100006104,120.8199996948,6131200,118.8396453857
2021-04-08,ARKK,122.8000030518,124.4100036621,122.6299972534,124.1399993896,6610900,122.1052246094
2021-04-09,ARKK,123.0100021362,123.4199981689,121.9400024414,123.2600021362,5564100,121.2396545410
2021-04-12,ARKK,122.6900024414,122.9000015259,120.2300033569,122.4700012207,5261300,120.4626007080
2021-04-13,ARKK,123.2799987793,127.7099990845,123.2799987793,127.5599975586,12014900,125.4691619873
2021-04-14,ARKK,128.3000030518,130.2799987793,124.5100021362,124.8700027466,9959200,122.8232574463
2021-04-15,ARKK,126.8399963379,127.4199981689,125.3199996948,126.6200027466,7953900,124.5445785522
2021-04-16,ARKK,126.5100021362,126.6200027466,123.4049987793,124.3799972534,6911000,122.3412857056
2021-04-19,ARKK,122.5699996948,123.6999969482,118.9400024414,120.4400024414,11418300,118.4658737183
2021-04-20,ARKK,120.1299972534,121.8850021362,117.2300033569,119.0000000000,9825700,117.0494766235
2021-04-21,ARKK,117.7799987793,121.8199996948,116.5400009155,121.8199996948,6537500,119.8232574463
2021-04-22,ARKK,122.5400009155,124.4199981689,120.3700027466,121.4100036621,7751500,119.4199752808
2021-04-23,ARKK,121.9240036011,123.9250030518,121.5299987793,123.6999969482,4761400,121.6724395752
2021-04-26,ARKK,124.6299972534,127.8199996948,123.5199966431,127.7300033569,6403900,125.6363906860
2021-04-27,ARKK,127.6200027466,128.1399993896,125.1999969482,126.2399978638,4985300,124.1707992554
2021-04-28,ARKK,125.3000030518,126.4599990845,123.8799972534,125.3799972534,5190200,123.3248977661
2021-04-29,ARKK,126.1500015259,126.3000030518,120.5800018311,121.7600021362,9313500,119.7642440796
2021-04-30,ARKK,120.0899963379,122.6100006104,119.8499984741,120.7699966431,6921900,118.7904586792
2021-05-03,ARKK,121.2099990845,121.4100036621,116.7099990845,116.9100036621,10956200,114.9937286377
2021-05-04,ARKK,115.4800033569,115.5000000000,111.1600036621,113.2900009155,14621000,111.4330673218
2021-05-05,ARKK,114.6600036621,114.8389968872,110.7099990845,111.5500030518,9106800,109.7215881348
2021-05-06,ARKK,110.6200027466,110.6200027466,105.6800003052,108.3399963379,17515400,106.5642013550
2021-05-07,ARKK,111.0199966431,113.1299972534,109.1299972534,109.7200012207,14769400,107.9215850830
2021-05-10,ARKK,108.3799972534,108.3899993896,103.9000015259,103.9800033569,17802500,102.2756729126
2021-05-11,ARKK,99.8600006104,107.1299972534,98.8899993896,106.1200027466,30440500,104.3805923462
2021-05-12,ARKK,103.3399963379,105.8399963379,101.5299987793,102.1600036621,17478900,100.4855041504
2021-05-13,ARKK,103.2900009155,104.6800003052,97.2200012207,99.4800033569,29699500,97.8494338989
2021-05-14,ARKK,101.8499984741,104.6399993896,100.5699996948,104.3099975586,20572500,102.6002578735
2021-05-17,ARKK,102.7500000000,104.8799972534,100.9400024414,103.3099975586,16239700,101.6166458130
2021-05-18,ARKK,103.3099975586,107.1900024414,102.2799987793,104.7900009155,17658600,103.0723876953
2021-05-19,ARKK,100.0400009155,103.2399978638,100.0299987793,102.9700012207,18364800,101.2822189331
2021-05-20,ARKK,104.5000000000,107.1100006104,104.0500030518,106.5899963379,11797600,104.8428802490
2021-05-21,ARKK,107.6500015259,108.1399993896,105.7099990845,105.8399963379,11478700,104.1051712036
2021-05-24,ARKK,106.8300018311,109.4899978638,105.9000015259,108.7300033569,9325300,106.9478149414
2021-05-25,ARKK,109.5000000000,110.7699966431,108.3209991455,109.3799972534,8821300,107.5871582031
2021-05-26,ARKK,109.9700012207,111.7500000000,109.7600021362,111.4300003052,8340000,109.6035537720
2021-05-27,ARKK,111.2900009155,112.3050003052,109.2699966431,112.2799987793,7496500,110.4396209717
2021-05-28,ARKK,112.4580001831,115.1399993896,111.8499984741,112.0999984741,9217700,110.2625732422
2021-06-01,ARKK,112.8499984741,113.7399978638,110.0510025024,111.2500000000,7496100,109.4265060425
2021-06-02,ARKK,111.3300018311,112.2300033569,110.2639999390,111.3000030518,7250400,109.4756851196
2021-06-03,ARKK,109.8099975586,110.6800003052,107.3899993896,107.4300003052,10095800,105.6691131592
2021-06-04,ARKK,108.8000030518,110.2949981689,108.4400024414,109.5100021362,6581600,107.7150268555
2021-06-07,ARKK,109.2699966431,113.0500030518,108.9300003052,112.6900024414,7392200,110.8429031372
2021-06-08,ARKK,113.7500000000,114.7699966431,110.7200012207,113.1299972534,6810700,111.2756881714
2021-06-09,ARKK,113.7500000000,114.7200012207,112.6500015259,112.8499984741,7349200,111.0002822876
2021-06-10,ARKK,112.4499969482,115.1299972534,112.1380004883,114.9700012207,7184400,113.0855331421
2021-06-11,ARKK,115.4700012207,116.1600036621,114.8199996948,116.1200027466,6661200,114.2166824341
2021-06-14,ARKK,116.5899963379,118.9079971313,116.4100036621,118.3300018311,8467000,116.3904571533
2021-06-15,ARKK,117.8499984741,118.0500030518,114.6399993896,115.0899963379,8590500,113.2035598755
2021-06-16,ARKK,114.9000015259,115.7699966431,111.8799972534,114.5299987793,12257800,112.6527481079
2021-06-17,ARKK,113.8000030518,119.1600036621,113.6200027466,118.5000000000,12696600,116.5576705933
2021-06-18,ARKK,117.7699966431,119.8499984741,117.3799972534,118.9000015259,8495700,116.9511108398
2021-06-21,ARKK,118.4700012207,120.1800003052,116.5199966431,119.5100021362,5448600,117.5511169434
2021-06-22,ARKK,119.0400009155,121.0500030518,118.8499984741,121.0199966431,6356700,119.0363616943
2021-06-23,ARKK,121.5000000000,123.8799972534,121.2200012207,123.5299987793,7841300,121.5052261353
2021-06-24,ARKK,124.9100036621,127.2200012207,124.5199966431,125.2799987793,9897600,123.2265396118
2021-06-25,ARKK,125.9400024414,126.3300018311,124.0299987793,125.4899978638,7330200,123.4330978394
2021-06-28,ARKK,128.6999969482,130.8300018311,128.5339965820,130.2299957275,10325600,128.0953979492
2021-06-29,ARKK,130.0700073242,131.4989929199,129.0099945068,130.8800048828,7071300,128.7347564697
2021-06-30,ARKK,130.5500030518,132.5000000000,129.0599975586,130.7799987793,9309800,128.6363830566
2021-07-01,ARKK,130.7500000000,131.5500030518,127.2799987793,129.1600036621,7357100,127.0429458618
2021-07-02,ARKK,129.8800048828,131.4299926758,127.8899993896,128.1499938965,5891700,126.0494918823
2021-07-06,ARKK,128.1000061035,128.9759979248,126.4100036621,127.2399978638,7372600,125.1544113159
2021-07-07,ARKK,128.0099945068,128.2799987793,123.1200027466,124.2600021362,9314200,122.2232589722
2021-07-08,ARKK,120.3799972534,124.3399963379,119.3899993896,123.3099975586,9659900,121.2888259888
2021-07-09,ARKK,123.6100006104,125.9000015259,122.0299987793,125.6200027466,6307400,123.5609664917
2021-07-12,ARKK,126.2399978638,127.4000015259,124.0100021362,124.7399978638,4063600,122.6953887939
2021-07-13,ARKK,124.4899978638,124.9499969482,122.1999969482,122.2699966431,6477400,120.2658767700
2021-07-14,ARKK,123.3099975586,123.3099975586,118.0699996948,118.1699981689,10497000,116.2330703735
2021-07-15,ARKK,118.0500030518,119.4100036621,114.4589996338,116.4000015259,12755600,114.4920883179
2021-07-16,ARKK,117.8099975586,117.9400024414,115.4499969482,116.5299987793,7648200,114.6199569702
2021-07-19,ARKK,113.9199981689,117.5800018311,113.2699966431,117.2799987793,11861800,115.3576660156
2021-07-20,ARKK,117.5100021362,121.1750030518,116.4499969482,120.7600021362,6707700,118.7806320190
2021-07-21,ARKK,120.8750000000,122.9100036621,119.9800033569,122.6600036621,5738200,120.6494903564
2021-07-22,ARKK,122.5000000000,123.4199981689,121.2500000000,121.7099990845,4781500,119.7150573730
2021-07-23,ARKK,122.0000000000,122.5599975586,120.3799972534,122.4300003052,4388500,120.4232482910
2021-07-26,ARKK,122.5000000000,123.1100006104,120.9499969482,121.5999984741,5802400,119.6068572998
2021-07-27,ARKK,121.0000000000,121.5199966431,115.5830001831,118.6200027466,10982300,116.6757049561
2021-07-28,ARKK,118.5599975586,121.7799987793,117.9599990845,121.3499984741,5810700,119.3609542847
2021-07-29,ARKK,121.1600036621,123.2300033569,120.6699981689,121.5999984741,3759700,119.6068572998
2021-07-30,ARKK,120.0000000000,122.4100036621,119.6200027466,120.0000000000,5263200,118.0330886841
2021-08-02,ARKK,120.5400009155,122.4400024414,119.0899963379,121.1200027466,5211800,119.1347274780
2021-08-03,ARKK,121.3099975586,121.4899978638,118.5199966431,120.2200012207,6748900,118.2494812012
2021-08-04,ARKK,120.0800018311,123.3899993896,119.9899978638,123.2799987793,5300900,121.2593231201
2021-08-05,ARKK,122.5199966431,126.2500000000,121.7399978638,125.5699996948,5260000,123.5117797852
2021-08-06,ARKK,125.2699966431,125.7300033569,122.2900009155,123.0100021362,6044700,120.9937515259
2021-08-09,ARKK,123.6299972534,125.4800033569,122.9800033569,124.6999969482,4528100,122.6560363770
2021-08-10,ARKK,124.8700027466,125.5699996948,121.4199981689,121.4400024414,5387100,119.4494857788
2021-08-11,ARKK,122.5599975586,122.8799972534,119.3600006104,121.3000030518,6007900,119.3117752075
2021-08-12,ARKK,120.9000015259,122.2900009155,120.5899963379,121.8499984741,3320300,119.8527603149
2021-08-13,ARKK,121.9599990845,122.0999984741,119.9100036621,120.0999984741,3973500,118.1314392090
2021-08-16,ARKK,119.2500000000,119.3000030518,115.2300033569,116.9800033569,7762900,115.0625915527
2021-08-17,ARKK,115.3799972534,116.8099975586,114.2300033569,115.8899993896,8425700,113.9904479980
2021-08-18,ARKK,116.0599975586,117.9899978638,114.9400024414,115.8399963379,6016200,113.9412612915
2021-08-19,ARKK,114.2600021362,116.1399993896,113.5400009155,113.8499984741,5713700,111.9838867188
2021-08-20,ARKK,114.3499984741,116.1600036621,114.1500015259,115.8000030518,4591100,113.9019317627
2021-08-23,ARKK,116.9899978638,119.6100006104,116.8600006104,119.4800033569,6587100,117.5216064453
2021-08-24,ARKK,120.3000030518,121.1200027466,119.8300018311,121.0599975586,5165900,119.0757141113
2021-08-25,ARKK,120.9400024414,121.5000000000,120.1900024414,121.0299987793,3508700,119.0461959839
2021-08-26,ARKK,120.7200012207,122.3600006104,118.8700027466,119.1600036621,4715800,117.2068557739
2021-08-27,ARKK,119.8199996948,122.3899993896,119.3509979248,122.0299987793,3793500,120.0298080444
2021-08-30,ARKK,122.2399978638,123.2600021362,121.4899978638,122.7900009155,2992400,120.7773513794
2021-08-31,ARKK,121.6500015259,122.4100036621,120.7200012207,122.0299987793,3926200,120.0298080444
2021-09-01,ARKK,122.5000000000,124.7300033569,122.3000030518,123.7200012207,4673700,121.6921081543
2021-09-02,ARKK,124.5100021362,125.3499984741,124.0500030518,124.8300018311,3212200,122.7839202881
2021-09-03,ARKK,124.5199966431,125.6100006104,123.8499984741,125.0699996948,3916000,123.0199813843
2021-09-07,ARKK,125.2099990845,126.3199996948,124.1800003052,124.7099990845,4128800,122.6658859253
2021-09-08,ARKK,124.0599975586,124.0599975586,120.3700027466,121.1699981689,6390800,119.1838989258
2021-09-09,ARKK,121.1800003052,123.4700012207,120.9199981689,121.7099990845,3648700,119.7150573730
2021-09-10,ARKK,122.6500015259,122.9700012207,120.4400024414,120.4599990845,3342900,118.4855422974
2021-09-13,ARKK,120.7200012207,120.8099975586,116.1399993896,118.1699981689,6980000,116.2330703735
2021-09-14,ARKK,118.7399978638,119.5500030518,116.4700012207,116.8600006104,5234000,114.9445571899
2021-09-15,ARKK,116.9599990845,117.9700012207,115.5999984741,117.8199996948,4675000,115.8888168335
2021-09-16,ARKK,117.4700012207,118.9499969482,116.4000015259,118.5699996948,4739800,116.6265258789
2021-09-17,ARKK,118.8300018311,121.5000000000,117.8600006104,121.5000000000,7752100,119.5084991455
2021-09-20,ARKK,116.9700012207,118.6190032959,114.4400024414,116.1399993896,9990100,114.2363510132
2021-09-21,ARKK,117.2600021362,118.1399993896,116.2200012207,117.1399993896,5092300,115.2199630737
2021-09-22,ARKK,117.1800003052,118.9800033569,116.8700027466,118.1100006104,3659500,116.1740646362
2021-09-23,ARKK,119.3099975586,119.5199966431,118.1299972534,119.3399963379,4163000,117.3838958740
2021-09-24,ARKK,118.0899963379,118.4000015259,116.2699966431,117.1299972534,5075800,115.2101211548
2021-09-27,ARKK,116.5100021362,117.2699966431,114.5999984741,117.0299987793,8196800,115.1117630005
2021-09-28,ARKK,115.2900009155,115.5800018311,111.8099975586,112.1399993896,12146100,110.3019104004
2021-09-29,ARKK,112.9199981689,113.3399963379,109.5999984741,109.7200012207,8954900,107.9215850830
2021-09-30,ARKK,110.3499984741,111.7099990845,110.0000000000,110.5299987793,8549600,108.7183074951
2021-10-01,ARKK,111.0199966431,111.4499969482,109.1399993896,111.1699981689,5252200,109.3478164673
2021-10-04,ARKK,110.7200012207,110.8199996948,106.3499984741,107.1900024414,7650500,105.4330596924
2021-10-05,ARKK,107.5699996948,110.2300033569,107.5699996948,109.0400009155,5582400,107.2527313232
2021-10-06,ARKK,108.0000000000,110.3300018311,107.7300033569,109.9400024414,4677200,108.1379776001
2021-10-07,ARKK,111.1999969482,113.3799972534,110.9400024414,112.5999984741,5129800,110.7543792725
2021-10-08,ARKK,112.9700012207,113.1200027466,110.4499969482,110.5999984741,4477500,108.7871551514
2021-10-11,ARKK,110.1900024414,112.0599975586,109.7600021362,110.2399978638,4014100,108.4330520630
2021-10-12,ARKK,110.7699966431,112.3300018311,110.6579971313,111.7399978638,3844600,109.9084701538
2021-10-13,ARKK,112.0100021362,113.5199966431,111.9400024414,113.4300003052,4484800,111.5707702637
2021-10-14,ARKK,115.0000000000,116.5800018311,114.6500015259,115.5800018311,4861200,113.6855316162
2021-10-15,ARKK,116.4300003052,116.4899978638,115.3099975586,115.8000030518,3538200,113.9019317627
2021-10-18,ARKK,115.0299987793,117.1900024414,114.9400024414,117.0500030518,3927300,115.1314392090
2021-10-19,ARKK,117.6999969482,120.1699981689,117.5299987793,119.5999984741,5706700,117.6396331787
2021-10-20,ARKK,120.1409988403,120.4000015259,118.1600036621,118.6999969482,3666500,116.7543869019
2021-10-21,ARKK,118.4400024414,120.7600021362,118.3700027466,119.6600036621,4406800,117.6986618042
2021-10-22,ARKK,119.0999984741,119.1299972534,116.6900024414,117.7500000000,4944700,115.8199615479
2021-10-25,ARKK,118.5899963379,122.2799987793,117.8010025024,121.8099975586,7614600,119.8134078979
2021-10-26,ARKK,122.6500015259,124.4499969482,120.5800018311,121.1999969482,7907300,119.2134170532
2021-10-27,ARKK,121.2699966431,121.8700027466,118.6800003052,118.6800003052,4869300,116.7347259521
2021-10-28,ARKK,118.6999969482,122.2149963379,118.5400009155,121.7699966431,4681700,119.7740707397
2021-10-29,ARKK,120.9199981689,122.0589981079,120.7099990845,121.2799987793,3166400,119.2920989990
2021-11-01,ARKK,121.9300003052,125.1500015259,121.8899993896,125.1200027466,6516500,123.0691604614
2021-11-02,ARKK,124.5599975586,124.5599975586,121.8700027466,123.0899963379,5595900,121.0724334717
2021-11-03,ARKK,122.2799987793,124.6699981689,121.3600006104,124.6399993896,3928400,122.5970306396
2021-11-04,ARKK,124.7320022583,125.8600006104,123.2880020142,124.3899993896,7436100,122.3511276245
2021-11-05,ARKK,123.9599990845,124.5009994507,121.0199966431,122.2900009155,5807100,120.2855453491
2021-11-08,ARKK,121.6900024414,124.3000030518,121.6100006104,123.4000015259,3428800,121.3773574829
2021-11-09,ARKK,123.9100036621,124.2200012207,119.6500015259,120.5699996948,5724100,118.5937423706
2021-11-10,ARKK,118.4199981689,120.7850036621,115.1999969482,116.5400009155,7951900,114.6297988892
2021-11-11,ARKK,118.2799987793,118.7799987793,117.0999984741,117.3399963379,3978100,115.4166793823
2021-11-12,ARKK,117.7699966431,118.5199966431,116.7099990845,118.4899978638,3740700,116.5478363037
2021-11-15,ARKK,118.8499984741,119.0500030518,116.6399993896,117.5299987793,3690200,115.6035690308
2021-11-16,ARKK,116.7399978638,118.9199981689,116.1200027466,118.9199981689,3324500,116.9707794189
2021-11-17,ARKK,118.3700027466,118.7099990845,116.1699981689,116.7200012207,3902600,114.8068466187
2021-11-18,ARKK,117.1299972534,117.7300033569,113.2200012207,113.8199996948,6025900,111.9543762207
2021-11-19,ARKK,114.2900009155,115.3000030518,113.0100021362,113.2399978638,5796300,111.3838882446
2021-11-22,ARKK,113.4000015259,113.5100021362,107.5899963379,108.4899978638,9031900,106.7117385864
2021-11-23,ARKK,107.9599990845,108.5899963379,103.5800018311,105.9599990845,10296000,104.2232131958
2021-11-24,ARKK,105.0299987793,108.0199966431,103.6399993896,107.7699966431,7798000,106.0035400391
2021-11-26,ARKK,107.5719985962,108.8099975586,106.3300018311,107.1200027466,6119000,105.3642044067
2021-11-29,ARKK,108.5500030518,108.7699966431,104.9049987793,106.9199981689,5724200,105.1674728394
2021-11-30,ARKK,107.0000000000,108.8799972534,103.7300033569,105.6900024414,9609200,103.9576416016
2021-12-01,ARKK,106.7500000000,106.9800033569,98.5299987793,98.5999984741,11327800,96.9838485718
2021-12-02,ARKK,98.6399993896,101.1200027466,96.4700012207,99.0199966431,14404700,97.3969650269
2021-12-03,ARKK,98.6600036621,99.0000000000,91.6600036621,93.5299987793,20003900,91.9969482422
2021-12-06,ARKK,92.0299987793,95.0800018311,89.0299987793,94.9499969482,19380300,93.3936767578
2021-12-07,ARKK,97.8799972534,101.3300018311,97.8499984741,100.1100006104,13509000,98.4691009521
2021-12-08,ARKK,100.5199966431,103.9199981689,98.2799987793,103.2200012207,11292900,101.5281219482
2021-12-09,ARKK,102.6800003052,103.5400009155,97.4400024414,97.7300033569,14074200,96.1281127930
2021-12-10,ARKK,98.9499969482,100.5699996948,95.6100006104,96.1699981689,13081300,94.5936737061
2021-12-13,ARKK,95.7900009155,96.8899993896,92.4599990845,94.5000000000,17118500,92.9510574341
2021-12-14,ARKK,92.3700027466,94.7200012207,91.5299987793,93.4199981689,12551300,91.8887481689
2021-12-15,ARKK,93.0500030518,95.7900009155,90.0550003052,95.4300003052,24028000,93.8658065796
2021-12-16,ARKK,96.8399963379,97.0699996948,90.8700027466,91.8700027466,20432300,90.3641662598
2021-12-17,ARKK,90.8199996948,97.5100021362,89.5999984741,97.1999969482,26902800,95.6067962646
2021-12-20,ARKK,95.0000000000,96.4599990845,93.2799987793,94.7300033569,13357600,93.1772842407
2021-12-21,ARKK,96.1399993896,98.4899978638,94.6999969482,98.3700027466,11462800,96.7576217651
2021-12-22,ARKK,98.2399978638,99.8799972534,96.9300003052,98.2600021362,12428100,96.6494216919
2021-12-23,ARKK,98.1100006104,99.7099990845,96.0299987793,99.0699996948,8100700,97.4461441040
2021-12-27,ARKK,98.6999969482,99.1399993896,97.0699996948,97.4100036621,7408700,95.8133621216
2021-12-28,ARKK,97.2399978638,99.0299987793,95.4800033569,95.6299972534,9604400,94.0625305176
2021-12-29,ARKK,94.7900009155,95.1500015259,92.7799987793,93.8300018311,9883300,93.0539474487
2021-12-30,ARKK,93.3300018311,98.4300003052,93.3300018311,96.6999969482,9528400,95.9002075195
2021-12-31,ARKK,96.7099990845,98.0749969482,94.4800033569,94.5899963379,7090700,93.8076553345
2022-01-03,ARKK,96.0000000000,97.1699981689,93.4400024414,96.9899978638,10381100,96.1878051758
2022-01-04,ARKK,96.7300033569,97.0000000000,90.5149993896,92.6900024414,19120900,91.9233779907
2022-01-05,ARKK,91.4499969482,92.9499969482,85.6299972534,86.1200027466,20246500,85.4077148438
2022-01-06,ARKK,85.9700012207,87.5899963379,82.6500015259,85.5800018311,20026500,84.8721847534
2022-01-07,ARKK,85.8499984741,88.5899963379,83.9000015259,84.4199981689,15288600,83.7217712402
2022-01-10,ARKK,83.2229995728,84.6900024414,80.0999984741,84.6399993896,23683000,83.9399566650
2022-01-11,ARKK,84.4199981689,87.5500030518,83.3000030518,86.9800033569,13833900,86.2606048584
2022-01-12,ARKK,87.9700012207,89.3399963379,84.3300018311,84.5599975586,19750900,83.8606109619
2022-01-13,ARKK,85.0100021362,85.1699981689,79.8450012207,79.9800033569,25331700,79.3184967041
2022-01-14,ARKK,79.4499969482,81.2900009155,77.5299987793,80.2399978638,25199200,79.5763473511
2022-01-18,ARKK,78.7399978638,80.6600036621,76.9100036621,76.9100036621,23411700,76.2738952637
2022-01-19,ARKK,77.6999969482,79.4800033569,75.6600036621,75.7500000000,31652000,75.1234817505
2022-01-20,ARKK,77.0500030518,80.8399963379,75.6100006104,75.8700027466,24563200,75.2424926758
2022-01-21,ARKK,74.8000030518,76.3600006104,71.4899978638,71.5199966431,38022900,70.9284667969
2022-01-24,ARKK,68.5899963379,73.5699996948,64.9800033569,73.5400009155,66389100,72.9317626953
2022-01-25,ARKK,71.3600006104,73.4599990845,69.1900024414,70.8000030518,37188000,70.2144241333
2022-01-26,ARKK,73.4400024414,74.9100036621,68.5400009155,69.0299987793,34295800,68.4590606689
2022-01-27,ARKK,70.5899963379,70.6500015259,66.0410003662,66.3300018311,21663700,65.7813949585
2022-01-28,ARKK,66.2200012207,69.5100021362,64.3499984741,68.9100036621,38032800,68.3400573730
2022-01-31,ARKK,70.0599975586,75.4400024414,69.7699966431,75.4300003052,28613200,74.8061294556
2022-02-01,ARKK,76.6900024414,77.3799972534,73.2900009155,77.0800018311,23869900,76.4424819946
2022-02-02,ARKK,77.4100036621,77.5599975586,71.9100036621,73.1399993896,30933500,72.5350723267
2022-02-03,ARKK,70.1399993896,72.0199966431,68.8600006104,69.0400009155,31392300,68.4689788818
2022-02-04,ARKK,69.7500000000,73.6449966431,68.1999969482,72.7500000000,29067100,72.1482925415
2022-02-07,ARKK,72.6699981689,75.7099990845,71.8099975586,72.4800033569,20577100,71.8805313110
2022-02-08,ARKK,72.0299987793,72.7799987793,70.4599990845,72.3899993896,17707200,71.7912750244
2022-02-09,ARKK,73.6299972534,76.4800033569,73.5199966431,76.1100006104,22089100,75.4805068970
2022-02-10,ARKK,74.3099975586,78.2500000000,73.0999984741,73.7600021362,32600400,73.1499404907
2022-02-11,ARKK,74.2500000000,76.2399978638,70.9199981689,71.9000015259,30130300,71.3053283691
2022-02-14,ARKK,71.5400009155,74.1299972534,70.5599975586,71.3899993896,22902500,70.7995452881
2022-02-15,ARKK,72.9899978638,75.3899993896,72.2799987793,75.2799987793,19152400,74.6573715210
2022-02-16,ARKK,73.8199996948,73.8300018311,71.6699981689,72.8700027466,15095700,72.2673034668
2022-02-17,ARKK,71.6600036621,71.9100036621,67.7300033569,68.1800003052,19486100,67.6160964966
2022-02-18,ARKK,67.1149978638,67.6600036621,63.9900016785,64.8000030518,26833200,64.2640533447
2022-02-22,ARKK,63.4500007629,66.2900009155,62.7500000000,63.3899993896,26141600,62.8657112122
2022-02-23,ARKK,64.0800018311,64.8700027466,60.8699989319,60.8800010681,22715600,60.3764724731
2022-02-24,ARKK,57.5499992371,65.9499969482,57.5000000000,65.6200027466,37847500,65.0772705078
2022-02-25,ARKK,66.5299987793,67.8199996948,63.9500007629,67.8199996948,23424100,67.2590713501
2022-02-28,ARKK,68.0699996948,71.3799972534,67.4499969482,70.4700012207,24211300,69.8871536255
2022-03-01,ARKK,70.1999969482,71.2300033569,67.6800003052,68.3099975586,20733000,67.7450180054
2022-03-02,ARKK,68.4700012207,68.6299972534,65.1500015259,67.5599975586,18851100,67.0012207031
2022-03-03,ARKK,68.0210037231,68.0400009155,62.7299995422,63.2599983215,24278200,62.7367820740
2022-03-04,ARKK,63.2599983215,64.4100036621,59.7000007629,60.2299995422,22924800,59.7318458557
2022-03-07,ARKK,60.8300018311,62.1800003052,58.0200004578,58.0499992371,24605600,57.5698776245
2022-03-08,ARKK,57.6899986267,61.2099990845,56.2200012207,58.6199989319,31957200,58.1351623535
2022-03-09,ARKK,60.3699989319,62.5600013733,60.2999992371,61.7099990845,20602100,61.1996040344
2022-03-10,ARKK,60.5200004578,60.5600013733,58.1500015259,59.5400009155,18053700,59.0475540161
2022-03-11,ARKK,60.3800010681,60.4000015259,55.3300018311,55.5800018311,26358400,55.1203079224
2022-03-14,ARKK,55.0900001526,55.9799995422,52.0600013733,52.2900009155,28904200,51.8575172424
2022-03-15,ARKK,52.6699981689,54.7200012207,51.8499984741,54.3899993896,28910500,53.9401473999
2022-03-16,ARKK,55.7999992371,60.0400009155,55.7099990845,60.0400009155,42136400,59.5434188843
2022-03-17,ARKK,59.2900009155,62.9399986267,58.5499992371,62.9300003052,24872500,62.4095153809
2022-03-18,ARKK,62.2799987793,65.9700012207,62.2400016785,65.7699966431,31000300,65.2260208130
2022-03-21,ARKK,65.1399993896,66.0000000000,62.6100006104,63.9799995422,26482800,63.4508285522
2022-03-22,ARKK,63.9099998474,67.5800018311,63.8300018311,66.9700012207,23130000,66.4160995483
2022-03-23,ARKK,65.9400024414,68.2300033569,64.7200012207,65.6699981689,20568100,65.1268539429
2022-03-24,ARKK,66.2699966431,66.4499969482,63.3650016785,66.4000015259,20788100,65.8508148193
2022-03-25,ARKK,66.2399978638,66.5000000000,63.4599990845,64.5100021362,22178100,63.9764480591
2022-03-28,ARKK,65.4199981689,67.3700027466,64.5199966431,67.0599975586,19877600,66.5053558350
2022-03-29,ARKK,68.5279998779,72.0049972534,67.9349975586,71.3899993896,30754500,70.7995452881
2022-03-30,ARKK,70.4800033569,71.9000015259,68.1500015259,68.6800003052,27168200,68.1119613647
2022-03-31,ARKK,68.3899993896,68.6500015259,66.2699966431,66.2900009155,17418300,65.7417221069
2022-04-01,ARKK,66.7649993896,68.6149978638,66.3099975586,67.5400009155,15783300,66.9813842773
2022-04-04,ARKK,68.2200012207,70.8399963379,67.9899978638,70.5000000000,15964800,69.9169006348
2022-04-05,ARKK,70.1699981689,70.6800003052,66.2099990845,66.4800033569,20621400,65.9301528931
2022-04-06,ARKK,64.8499984741,65.1699981689,61.9199981689,63.4000015259,35520000,62.8756294250
2022-04-07,ARKK,63.1599998474,64.7699966431,60.6100006104,62.6599998474,24830500,62.1417465210
2022-04-08,ARKK,62.2000007629,62.5800018311,60.4199981689,60.6500015259,20603600,60.1483726501
2022-04-11,ARKK,59.3100013733,60.8199996948,58.1599998474,59.8400001526,20493100,59.3450737000
2022-04-12,ARKK,61.4379997253,63.2500000000,59.3600006104,59.8400001526,25354300,59.3450737000
2022-04-13,ARKK,59.5800018311,62.1199989319,59.0200004578,61.7299995422,20889900,61.2194404602
2022-04-14,ARKK,61.5299987793,61.5800018311,58.9000015259,58.9900016785,21319300,58.5021018982
2022-04-18,ARKK,58.5699996948,58.8950004578,56.3199996948,57.3499984741,16187400,56.8756637573
2022-04-19,ARKK,57.2099990845,60.4199981689,56.8600006104,59.6699981689,18305900,59.1764755249
2022-04-20,ARKK,59.2700004578,59.4300003052,56.1300010681,56.1300010681,22753100,55.6657562256
2022-04-21,ARKK,57.7599983215,58.7299995422,52.9099998474,53.3400001526,26814000,52.8988342285
2022-04-22,ARKK,53.5299987793,54.9700012207,52.1199989319,52.4599990845,21931000,52.0261116028
2022-04-25,ARKK,52.0400009155,54.6199989319,51.9500007629,54.3499984741,26061300,53.9004783630
2022-04-26,ARKK,53.8199996948,54.1899986267,50.5099983215,50.6800003052,23989500,50.2608337402
2022-04-27,ARKK,50.6100006104,51.8400001526,49.4599990845,49.5600013733,25873700,49.1500968933
2022-04-28,ARKK,48.6800003052,49.6100006104,45.8899993896,48.8699989319,38939100,48.4658012390
2022-04-29,ARKK,48.6300010681,51.2680015564,47.0900001526,47.1300010681,24789600,46.7401962280
2022-05-02,ARKK,47.0000000000,50.1300010681,46.3499984741,50.1300010681,33584000,49.7153816223
2022-05-03,ARKK,49.6800003052,51.4199981689,49.1399993896,49.8699989319,21910700,49.4575309753
2022-05-04,ARKK,49.7400016785,52.7099990845,47.4599990845,52.4300003052,51205400,51.9963607788
2022-05-05,ARKK,51.2299995422,51.2299995422,46.9500007629,47.7500000000,37096800,47.3550682068
2022-05-06,ARKK,47.6399993896,47.6399993896,43.9900016785,45.6300010681,44973100,45.2526016235
2022-05-09,ARKK,44.1199989319,44.9749984741,40.7550010681,41.1300010681,43539600,40.7898216248
2022-05-10,ARKK,42.6500015259,44.1100006104,38.7200012207,41.0800018311,59822500,40.7402343750
2022-05-11,ARKK,39.2599983215,41.0000000000,36.6300010681,36.9300003052,71471900,36.6245574951
2022-05-12,ARKK,35.9199981689,40.5400009155,35.0999984741,38.9900016785,79683500,38.6675224304
2022-05-13,ARKK,41.0099983215,44.1100006104,40.8610000610,43.5999984741,61854200,43.2393875122
2022-05-16,ARKK,43.2099990845,43.9199981689,40.9249992371,41.0200004578,45703200,40.6807289124
2022-05-17,ARKK,42.5200004578,43.3800010681,40.6699981689,43.0800018311,35939700,42.7236938477
2022-05-18,ARKK,42.0600013733,43.7400016785,40.9599990845,41.1699981689,35805600,40.8294868469
2022-05-19,ARKK,41.2099990845,44.1500015259,40.7200012207,43.0299987793,47657000,42.6741027832
2022-05-20,ARKK,43.8499984741,44.4500007629,39.9799995422,42.4099998474,39631200,42.0592308044
2022-05-23,ARKK,42.5400009155,42.8600006104,40.7569999695,42.1399993896,33045400,41.7914657593
2022-05-24,ARKK,41.0999984741,41.2830009460,38.6199989319,39.2099990845,37754000,38.8857002258
2022-05-25,ARKK,39.0900001526,41.4399986267,39.0600013733,41.0299987793,31671500,40.6906471252
2022-05-26,ARKK,40.7000007629,43.0000000000,40.4399986267,42.6300010681,26800300,42.2774124146
2022-05-27,ARKK,43.2500000000,45.4399986267,43.1599998474,45.4099998474,30032500,45.0344200134
2022-05-31,ARKK,45.5900001526,46.0499992371,43.2200012207,44.0900001526,31455200,43.7253379822
2022-06-01,ARKK,44.1800003052,44.9900016785,41.7799987793,42.5000000000,33850700,42.1484870911
2022-06-02,ARKK,42.6800003052,46.0800018311,42.2099990845,45.6300010681,32364000,45.2526016235
2022-06-03,ARKK,44.0900001526,44.8199996948,42.8199996948,43.1599998474,29389400,42.8030281067
2022-06-06,ARKK,44.4399986267,44.8499984741,42.6899986267,43.4900016785,26421700,43.1303024292
2022-06-07,ARKK,42.5250015259,44.8400001526,42.0999984741,44.7799987793,22570600,44.4096298218
2022-06-08,ARKK,44.8699989319,46.9399986267,44.7599983215,45.9900016785,29138500,45.6096229553
2022-06-09,ARKK,45.6500015259,46.0200004578,43.1899986267,43.2000007629,26094600,42.8427009583
2022-06-10,ARKK,41.6100006104,42.3400001526,39.8199996948,40.1100006104,35927300,39.7782554626
2022-06-13,ARKK,37.7599983215,38.3899993896,36.2700004578,36.5800018311,37771400,36.2774543762
2022-06-14,ARKK,37.0999984741,37.5200004578,35.6500015259,36.9900016785,29587200,36.6840629578
2022-06-15,ARKK,37.4300003052,40.0800018311,37.1920013428,39.4199981689,43043700,39.0939598083
2022-06-16,ARKK,37.6189994812,38.0299987793,36.4599990845,36.9799995422,32536000,36.6741447449
2022-06-17,ARKK,37.1599998474,39.2500000000,37.1599998474,38.7999992371,33022300,38.4790916443
2022-06-21,ARKK,39.9300003052,41.9300003052,39.8100013733,40.5000000000,31473100,40.1650314331
2022-06-22,ARKK,39.6199989319,42.0750007629,39.3499984741,41.1100006104,29914600,40.7699851990
2022-06-23,ARKK,41.6300010681,44.2400016785,40.7900009155,44.0299987793,33227400,43.6658325195
2022-06-24,ARKK,44.7700004578,45.9900016785,43.9599990845,45.8300018311,35391300,45.4509468079
2022-06-27,ARKK,45.8250007629,46.2700004578,43.5800018311,44.7999992371,27260900,44.4294662476
2022-06-28,ARKK,44.7299995422,45.3699989319,42.0400009155,42.1699981689,32045400,41.8212165833
2022-06-29,ARKK,41.8899993896,42.2400016785,40.7000007629,41.5099983215,19880400,41.1666755676
2022-06-30,ARKK,40.7500000000,41.0299987793,39.1100006104,39.8800010681,28027400,39.5501594543
2022-07-01,ARKK,40.3699989319,41.8100013733,40.0200004578,41.2200012207,24141800,40.8790779114
2022-07-05,ARKK,40.5699996948,44.9749984741,39.8400001526,44.9700012207,35158800,44.5980606079
2022-07-06,ARKK,44.7799987793,45.9599990845,43.5600013733,43.9599990845,32722600,43.5964126587
2022-07-07,ARKK,44.0900001526,46.9000015259,43.8100013733,46.8300018311,24738300,46.4426765442
2022-07-08,ARKK,45.7000007629,48.1199989319,45.3499984741,46.8600006104,31978100,46.4724273682
2022-07-11,ARKK,46.1800003052,46.4900016785,43.5099983215,43.6199989319,27702200,43.2592239380
2022-07-12,ARKK,44.3600006104,45.2849998474,42.6399993896,44.3199996948,27942100,43.9534339905
2022-07-13,ARKK,42.4399986267,45.1549987793,42.3149986267,44.0099983215,27190300,43.6459960938
2022-07-14,ARKK,43.6100006104,43.9099998474,42.2700004578,43.0999984741,20181500,42.7435226440
2022-07-15,ARKK,43.6399993896,44.1879997253,42.2000007629,44.1100006104,24023400,43.7451744080
2022-07-18,ARKK,45.2500000000,46.1749992371,43.6800003052,43.9700012207,20960600,43.6063308716
2022-07-19,ARKK,44.8600006104,45.8450012207,43.4399986267,45.7999992371,22726100,45.4211921692
2022-07-20,ARKK,46.1399993896,49.0200004578,46.0099983215,48.1199989319,33357600,47.7220039368
2022-07-21,ARKK,47.6899986267,49.2500000000,47.3899993896,48.9599990845,24568000,48.5550575256
2022-07-22,ARKK,49.0000000000,49.3400001526,45.7420005798,46.2500000000,26650900,45.8674736023
2022-07-25,ARKK,45.9399986267,46.2000007629,44.6800003052,45.6500015259,15385600,45.2724380493
2022-07-26,ARKK,44.7700004578,44.7799987793,43.4109992981,43.4700012207,19099300,43.1104660034
2022-07-27,ARKK,44.5099983215,46.6500015259,43.9399986267,46.3800010681,24411200,45.9963989258
2022-07-28,ARKK,45.9449996948,46.9000015259,44.1300010681,46.1800003052,23455200,45.7980537415
2022-07-29,ARKK,44.8100013733,45.3100013733,44.0200004578,45.1300010681,18632600,44.7567367554
2022-08-01,ARKK,44.4900016785,46.6300010681,44.0149993896,45.6899986267,17273800,45.3121032715
2022-08-02,ARKK,45.0000000000,47.7000007629,44.8800010681,46.9099998474,22796000,46.5220146179
2022-08-03,ARKK,47.9799995422,50.0400009155,47.3199996948,49.7599983215,25539000,49.3484420776
2022-08-04,ARKK,50.0699996948,51.1500015259,49.0000000000,50.1699981689,21185200,49.7550506592
2022-08-05,ARKK,48.6800003052,50.7799987793,47.9599990845,50.0699996948,24414800,49.6558761597
2022-08-08,ARKK,50.4700012207,52.4249992371,50.2700004578,50.7999992371,23057700,50.3798408508
2022-08-09,ARKK,49.8600006104,50.0139999390,47.3800010681,48.0299987793,23306800,47.6327476501
2022-08-10,ARKK,50.3499984741,51.6500015259,49.0499992371,51.5699996948,29012000,51.1434707642
2022-08-11,ARKK,52.2400016785,53.8600006104,49.6899986267,49.9199981689,35137300,49.5071182251
2022-08-12,ARKK,50.7299995422,52.0699996948,49.9099998474,52.0099983215,20859700,51.5798301697
2022-08-15,ARKK,51.5499992371,52.6699981689,51.1500015259,52.1899986267,14842400,51.7583427429
2022-08-16,ARKK,51.9799995422,52.1199989319,49.3250007629,50.7400016785,23830300,50.3203392029
2022-08-17,ARKK,49.5000000000,50.0400009155,47.8800010681,48.0299987793,26056300,47.6327476501
2022-08-18,ARKK,48.1069984436,48.1500015259,46.7999992371,47.5000000000,20655100,47.1071357727
2022-08-19,ARKK,46.2400016785,46.4099998474,44.4900016785,44.6899986267,26784400,44.3203735352
2022-08-22,ARKK,43.9599990845,44.7900009155,43.2799987793,43.6100006104,23561100,43.2493095398
2022-08-23,ARKK,43.5000000000,44.5999984741,42.7299995422,43.3699989319,20718800,43.0112915039
2022-08-24,ARKK,43.5800018311,45.1500015259,43.1399993896,44.5000000000,17333100,44.1319465637
2022-08-25,ARKK,45.0400009155,45.7799987793,44.3800010681,45.7799987793,14679700,45.4013595581
2022-08-26,ARKK,45.6500015259,45.7299995422,42.7900009155,42.8400001526,30049900,42.4856758118
2022-08-29,ARKK,41.9000015259,43.4000015259,41.8600006104,42.1300010681,21172000,41.7815513611
2022-08-30,ARKK,42.7999992371,43.2449989319,41.1800003052,41.9099998474,20542100,41.5633697510
2022-08-31,ARKK,42.7900009155,43.2700004578,41.4900016785,41.8800010681,21133800,41.5336189270
2022-09-01,ARKK,41.1599998474,41.7700004578,39.7900009155,41.7200012207,31291600,41.3749427795
2022-09-02,ARKK,42.4500007629,42.5900001526,40.3800010681,40.5900001526,25414800,40.2542877197
2022-09-06,ARKK,40.7400016785,40.8499984741,39.4900016785,40.0900001526,18361900,39.7584228516
2022-09-07,ARKK,39.7599983215,41.5499992371,39.7099990845,41.4700012207,19716700,41.1270103455
2022-09-08,ARKK,40.7500000000,42.7299995422,40.5099983215,42.7000007629,21837300,42.3468360901
2022-09-09,ARKK,43.4300003052,44.8100013733,43.4099998474,44.5999984741,18687200,44.2311172485
2022-09-12,ARKK,44.9199981689,45.6800003052,44.4099998474,45.6800003052,17823000,45.3021888733
2022-09-13,ARKK,43.0320014954,43.5769996643,42.4099998474,42.5800018311,30460100,42.2278289795
2022-09-14,ARKK,42.7099990845,43.7900009155,41.8600006104,43.7500000000,24922000,43.3881492615
2022-09-15,ARKK,43.2200012207,45.5200004578,43.1300010681,44.7099990845,23100600,44.3402099609
2022-09-16,ARKK,43.5299987793,43.5600013733,42.0999984741,42.5800018311,29729300,42.2278289795
2022-09-19,ARKK,42.0099983215,42.5400009155,41.1899986267,42.4900016785,18806700,42.1385726929
2022-09-20,ARKK,41.9000015259,42.5750007629,41.3450012207,41.4399986267,16091300,41.0972557068
2022-09-21,ARKK,41.6199989319,42.7799987793,40.3400001526,40.3400001526,26726800,40.0063552856
2022-09-22,ARKK,40.0600013733,40.2900009155,38.4500007629,38.6100006104,25651700,38.2906608582
2022-09-23,ARKK,37.9710006714,38.6599998474,37.0900001526,37.8300018311,29165900,37.5171165466
2022-09-26,ARKK,37.7799987793,39.1500015259,37.3300018311,37.4300003052,22723300,37.1204223633
2022-09-27,ARKK,38.6199989319,39.2500000000,37.4749984741,38.2099990845,24813600,37.8939704895
2022-09-28,ARKK,38.4399986267,40.2599983215,38.2099990845,39.9900016785,26898100,39.6592483521
2022-09-29,ARKK,39.0999984741,39.2900009155,37.3600006104,37.7999992371,21488600,37.4873619080
2022-09-30,ARKK,37.7099990845,39.4500007629,37.5099983215,37.7299995422,23654100,37.4179382324
2022-10-03,ARKK,38.0000000000,38.3899993896,36.8199996948,37.9000015259,26619800,37.5865364075
2022-10-04,ARKK,39.3059997559,40.9000015259,39.2500000000,40.7900009155,31321400,40.4526329041
2022-10-05,ARKK,39.7400016785,40.2900009155,38.6599998474,40.0400009155,20932500,39.7088356018
2022-10-06,ARKK,39.9000015259,40.9690017700,39.3600006104,40.1699981689,19942300,39.8377571106
2022-10-07,ARKK,39.0699996948,39.1899986267,37.3199996948,37.5299987793,25352600,37.2195930481
2022-10-10,ARKK,37.5999984741,37.5999984741,35.8429985046,36.2999992371,21146200,35.9997673035
2022-10-11,ARKK,36.0400009155,36.8510017395,34.6250000000,35.6500015259,29745400,35.3551445007
2022-10-12,ARKK,35.6899986267,36.2599983215,34.8100013733,36.1199989319,20427300,35.8212547302
2022-10-13,ARKK,34.1699981689,36.4799995422,33.7400016785,36.0400009155,31092800,35.7419204712
2022-10-14,ARKK,36.7900009155,37.2599983215,33.9300003052,33.9900016785,26041200,33.7088737488
2022-10-17,ARKK,35.4199981689,36.6899986267,35.2799987793,36.3800010681,24159200,36.0791053772
2022-10-18,ARKK,37.9799995422,38.3600006104,36.2150001526,36.9700012207,24733200,36.6642265320
2022-10-19,ARKK,36.5200004578,36.5999984741,35.0999984741,35.3800010681,23992200,35.0873794556
2022-10-20,ARKK,35.0900001526,36.7080001831,34.9199981689,35.2500000000,22763500,34.9584503174
2022-10-21,ARKK,35.1100006104,35.9199981689,34.2900009155,35.8800010681,28271200,35.5832443237
2022-10-24,ARKK,35.6349983215,35.6800003052,34.0550003052,35.4300003052,25299700,35.1369628906
2022-10-25,ARKK,35.8300018311,37.9000015259,35.7900009155,37.8100013733,26198100,37.4972801208
2022-10-26,ARKK,37.2729988098,39.4980010986,37.0600013733,37.8899993896,31251200,37.5766181946
2022-10-27,ARKK,38.6699981689,38.9799995422,37.5800018311,37.8699989319,20092000,37.5567817688
2022-10-28,ARKK,37.8300018311,38.9350013733,37.1450004578,38.8899993896,24616300,38.5683441162
2022-10-31,ARKK,38.5499992371,39.1500015259,37.7900009155,38.2799987793,19914500,37.9633903503
2022-11-01,ARKK,39.4700012207,39.7500000000,38.2700004578,38.2900009155,19113600,37.9733085632
2022-11-02,ARKK,38.1699981689,39.1850013733,36.4300003052,36.4399986267,28772700,36.1386070251
2022-11-03,ARKK,35.5800018311,37.3380012512,35.2999992371,36.2000007629,21939500,35.9005966187
2022-11-04,ARKK,37.0600013733,37.2400016785,34.3199996948,35.2200012207,29093100,34.9287033081
2022-11-07,ARKK,35.5400009155,35.7599983215,34.2000007629,34.9900016785,20041200,34.7006034851
2022-11-08,ARKK,35.0099983215,36.1250000000,34.0999984741,34.8499984741,30769300,34.5617599487
2022-11-09,ARKK,34.2000007629,34.2599983215,32.5099983215,32.5699996948,30134400,32.3006172180
2022-11-10,ARKK,35.5550003052,37.3300018311,34.8499984741,37.2999992371,48307100,36.9914970398
2022-11-11,ARKK,36.6399993896,40.9300003052,36.3899993896,40.4000015259,44346200,40.0658569336
2022-11-14,ARKK,39.7999992371,40.2599983215,38.7500000000,38.9099998474,31587800,38.5881805420
2022-11-15,ARKK,40.6800003052,41.2900009155,39.3899993896,39.9700012207,31873000,39.6394157410
2022-11-16,ARKK,39.2400016785,39.3199996948,37.7000007629,37.9099998474,23821200,37.5964508057
2022-11-17,ARKK,36.8199996948,37.6500015259,36.4199981689,37.1199989319,21338100,36.8129844666
2022-11-18,ARKK,37.9900016785,38.0200004578,36.2099990845,36.5600013733,20206000,36.2576179504
2022-11-21,ARKK,36.1599998474,36.3100013733,34.7700004578,35.2000007629,24082200,34.9088668823
2022-11-22,ARKK,35.1679992676,35.3300018311,34.2700004578,35.3100013733,19686400,35.0179557800
2022-11-23,ARKK,35.4599990845,36.5299987793,35.3199996948,36.3199996948,25525900,36.0196037292
2022-11-25,ARKK,36.0299987793,36.1549987793,35.5999984741,36.0000000000,8847400,35.7022476196
2022-11-28,ARKK,35.5979995728,36.3100013733,34.7849998474,34.9900016785,16952600,34.7006034851
2022-11-29,ARKK,35.1199989319,35.8199996948,34.6819992065,34.7999992371,17363000,34.5121726990
2022-11-30,ARKK,34.8800010681,37.5000000000,34.7200012207,37.4799995422,35243800,37.1700096130
2022-12-01,ARKK,37.7000007629,38.2949981689,36.8600006104,37.9000015259,24429200,37.5865364075
2022-12-02,ARKK,36.9399986267,38.3100013733,36.7299995422,38.1599998474,21188000,37.8443832397
2022-12-05,ARKK,37.6300010681,38.1800003052,35.8300018311,36.0699996948,25455800,35.7716712952
2022-12-06,ARKK,35.9900016785,36.0699996948,34.3300018311,34.6199989319,22781700,34.3336601257
2022-12-07,ARKK,34.3019981384,34.9949989319,33.9599990845,34.3499984741,22170100,34.0658950806
2022-12-08,ARKK,34.5999984741,35.5250015259,33.8499984741,35.1599998474,22192200,34.8691978455
2022-12-09,ARKK,34.9099998474,35.7099990845,34.6399993896,34.6500015259,19110900,34.3634147644
2022-12-12,ARKK,34.3800010681,35.3100013733,34.0800018311,35.3100013733,16596300,35.0179557800
2022-12-13,ARKK,37.5509986877,38.3750000000,34.6699981689,35.2900009155,40489300,34.9981231689
2022-12-14,ARKK,35.0999984741,35.7700004578,34.4199981689,34.9300003052,30821600,34.6410980225
2022-12-15,ARKK,33.9099998474,34.3400001526,33.1650009155,33.2200012207,24502900,32.9452438354
2022-12-16,ARKK,33.4599990845,33.8699989319,32.6749992371,33.2599983215,25057100,32.9849090576
2022-12-19,ARKK,33.1100006104,33.2599983215,32.0200004578,32.2200012207,19565600,31.9535140991
2022-12-20,ARKK,31.8999996185,32.8199996948,31.7010002136,32.1699981689,18487900,31.9039249420
2022-12-21,ARKK,32.4500007629,33.1899986267,31.9920005798,32.7099990845,19605000,32.4394607544
2022-12-22,ARKK,32.0999984741,32.1250000000,30.5900001526,31.6000003815,24439700,31.3386421204
2022-12-23,ARKK,31.4099998474,31.6499996185,30.6849994659,30.9699993134,21826000,30.7138500214
2022-12-27,ARKK,30.5100002289,30.5900001526,29.6599998474,29.7800006866,19944700,29.5336952209
2022-12-28,ARKK,29.7579994202,30.2800006866,29.4300003052,29.6399993896,20305300,29.3948516846
2022-12-29,ARKK,30.1800003052,31.3899993896,29.9599990845,31.1700000763,25286900,30.9121971130
2022-12-30,ARKK,30.4799995422,31.2800006866,30.2399997711,31.2399997711,19036500,30.9816188812
2023-01-03,ARKK,31.8400001526,32.1500015259,30.0200004578,30.4599990845,24764600,30.2080688477
2023-01-04,ARKK,30.8899993896,31.9400005341,30.5699996948,31.7800006866,24025500,31.5171527863
2023-01-05,ARKK,31.3899993896,31.4300003052,30.5499992371,31.0200004578,15689500,30.7634391785
2023-01-06,ARKK,30.9300003052,31.6800003052,30.0499992371,31.3700008392,24596200,31.1105442047
2023-01-09,ARKK,32.4300003052,33.4500007629,32.0200004578,32.8100013733,25848500,32.5386352539
2023-01-10,ARKK,32.6399993896,33.6399993896,32.5900001526,33.6199989319,18974600,33.3419342041
2023-01-11,ARKK,33.9300003052,34.7599983215,33.4599990845,34.7599983215,22832100,34.4725036621
2023-01-12,ARKK,34.9000015259,35.5000000000,33.3800010681,35.4900016785,26598200,35.1964683533
2023-01-13,ARKK,34.6619987488,36.0200004578,34.6100006104,35.9900016785,26437400,35.6923332214
2023-01-17,ARKK,36.2200012207,37.1199989319,35.4700012207,37.0400009155,19280800,36.7336463928
2023-01-18,ARKK,37.5900001526,38.0099983215,35.9300003052,35.9500007629,29263000,35.6526641846
2023-01-19,ARKK,35.3040008545,35.6100006104,34.4350013733,34.7900009155,24398300,34.5022583008
2023-01-20,ARKK,35.3300018311,36.6199989319,34.8100013733,36.5000000000,25075100,36.1981124878
2023-01-23,ARKK,36.6800003052,38.0999984741,36.3199996948,38.0800018311,24992400,37.7650489807
2023-01-24,ARKK,37.5999984741,38.6100006104,37.2719993591,37.4799995422,22097700,37.1700096130
2023-01-25,ARKK,36.4199981689,37.5789985657,35.6800003052,37.5099983215,24706600,37.1997566223
2023-01-26,ARKK,38.8019981384,39.1699981689,37.3199996948,38.2700004578,23479300,37.9534759521
2023-01-27,ARKK,38.0200004578,40.6899986267,37.9199981689,40.3899993896,37709700,40.0559387207
2023-01-30,ARKK,39.7000007629,40.0800018311,38.4630012512,38.5099983215,26755000,38.1914863586
2023-01-31,ARKK,38.6899986267,40.0950012207,38.6899986267,39.9300003052,21537900,39.5997467041
2023-02-01,ARKK,40.0999984741,42.0550003052,39.2379989624,41.6899986267,37584200,41.3451881409
2023-02-02,ARKK,43.3400001526,45.4599990845,43.0950012207,44.4099998474,56094200,44.0426902771
2023-02-03,ARKK,42.4199981689,44.6300010681,42.0999984741,42.8499984741,45729600,42.4955940247
2023-02-06,ARKK,42.2019996643,42.8650016785,41.8400001526,42.2400016785,27496300,41.8906402588
2023-02-07,ARKK,42.2799987793,43.1800003052,41.2999992371,42.9799995422,39347900,42.6245193481
2023-02-08,ARKK,42.7299995422,43.5499992371,41.7200012207,41.7400016785,24619800,41.3947753906
2023-02-09,ARKK,42.5400009155,42.6800003052,40.2340011597,40.5000000000,25579600,40.1650314331
2023-02-10,ARKK,39.7200012207,40.2400016785,38.7299995422,39.1500015259,32604500,38.8261985779
2023-02-13,ARKK,39.2799987793,40.1399993896,38.5699996948,39.8199996948,20508000,39.4906539917
2023-02-14,ARKK,39.3600006104,40.9900016785,38.8450012207,40.8199996948,33658600,40.4823837280
2023-02-15,ARKK,41.0299987793,43.2350006104,40.9700012207,43.2200012207,35079100,42.8625335693
2023-02-16,ARKK,42.2500000000,43.7599983215,41.7150001526,42.0200004578,41612400,41.6724586487
2023-02-17,ARKK,41.6699981689,41.9949989319,40.7299995422,41.8600006104,46103700,41.5137825012
2023-02-21,ARKK,40.5699996948,41.2550010681,39.2949981689,39.3100013733,37059600,38.9848747253
2023-02-22,ARKK,39.6100006104,40.4500007629,39.1749992371,40.2700004578,26524100,39.9369316101
2023-02-23,ARKK,40.8300018311,40.8400001526,38.4599990845,39.6599998474,35070500,39.3319778442
2023-02-24,ARKK,38.5400009155,38.9500007629,38.0499992371,38.4399986267,34295900,38.1220664978
2023-02-27,ARKK,39.1399993896,39.1399993896,38.3549995422,38.8199996948,19750200,38.4989242554
2023-02-28,ARKK,38.9900016785,40.0699996948,38.9900016785,39.6199989319,22610700,39.2923088074
2023-03-01,ARKK,39.4599990845,39.6800003052,38.4799995422,38.7000007629,23423300,38.3799171448
2023-03-02,ARKK,37.8880004883,39.3100013733,37.6199989319,39.1800003052,21909600,38.8559494019
2023-03-03,ARKK,39.3400001526,40.7050018311,39.2299995422,40.4599990845,19546300,40.1253585815
2023-03-06,ARKK,40.6699981689,40.9799995422,39.6100006104,39.6199989319,19469500,39.2923088074
2023-03-07,ARKK,39.6100006104,40.1300010681,38.9500007629,38.9599990845,26274200,38.6377677917
2023-03-08,ARKK,38.9099998474,39.2700004578,38.2400016785,38.9099998474,17547700,38.5881805420
2023-03-09,ARKK,39.0600013733,39.5999984741,37.1899986267,37.2900009155,26786400,36.9815788269
2023-03-10,ARKK,36.9399986267,37.2700004578,35.2700004578,36.0200004578,60854100,35.7220840454
2023-03-13,ARKK,35.5999984741,37.6349983215,34.8100013733,36.9799995422,58533200,36.6741447449
2023-03-14,ARKK,38.1899986267,38.4799995422,37.2649993896,37.7700004578,31615500,37.4576110840
2023-03-15,ARKK,37.0600013733,38.0900001526,37.0099983215,38.0699996948,38618400,37.7551269531
2023-03-16,ARKK,38.5299987793,39.4850006104,37.9199981689,39.2400016785,27952200,38.9154548645
2023-03-17,ARKK,39.0499992371,39.3699989319,38.0900001526,38.6800003052,28008200,38.3600845337
2023-03-20,ARKK,38.6100006104,38.8400001526,37.6450004578,38.2200012207,21337400,37.9038887024
2023-03-21,ARKK,38.8300018311,40.5099983215,38.6549987793,40.3400001526,28736400,40.0063552856
2023-03-22,ARKK,40.4099998474,40.4500007629,38.3699989319,38.3899993896,33984500,38.0724792480
2023-03-23,ARKK,37.9300003052,39.3199996948,37.1899986267,37.7999992371,33756800,37.4873619080
2023-03-24,ARKK,37.3800010681,37.9700012207,37.0209999084,37.7299995422,21510300,37.4179382324
2023-03-27,ARKK,38.3300018311,38.7490005493,37.3600006104,37.7599983215,18408700,37.4476890564
2023-03-28,ARKK,37.6100006104,37.8400001526,36.9599990845,37.1899986267,14259300,36.8824043274
2023-03-29,ARKK,37.8600006104,38.6899986267,37.6199989319,38.5900001526,19295200,38.2708282471
2023-03-30,ARKK,39.2400016785,39.3899993896,38.3050003052,38.4799995422,14707000,38.1617355347
2023-03-31,ARKK,38.8699989319,40.4449996948,38.5909996033,40.3400001526,26759800,40.0063552856
2023-04-03,ARKK,39.7799987793,40.0200004578,38.7500000000,39.5800018311,18304600,39.2526397705
2023-04-04,ARKK,39.8600006104,39.9900016785,38.9399986267,39.3699989319,15160000,39.0443763733
2023-04-05,ARKK,39.0600013733,39.0979995728,37.5950012207,37.9700012207,18952500,37.6559562683
2023-04-06,ARKK,37.6879997253,38.6699981689,37.1800003052,38.5699996948,17005200,38.2509918213
2023-04-10,ARKK,37.9099998474,38.5299987793,37.5499992371,38.5299987793,15013200,38.2113227844
2023-04-11,ARKK,38.7200012207,39.0579986572,38.3520011902,38.7700004578,14171000,38.4493408203
2023-04-12,ARKK,39.6199989319,39.8400001526,37.6100006104,37.6500015259,21343900,37.3386039734
2023-04-13,ARKK,38.1500015259,39.5200004578,38.0699996948,39.1599998474,19604700,38.8361129761
2023-04-14,ARKK,39.0000000000,39.4199981689,38.3199996948,38.7900009155,14184200,38.4691734314
2023-04-17,ARKK,38.4199981689,39.0800018311,38.2120018005,38.9700012207,11363800,38.6476860046
2023-04-18,ARKK,39.4319992065,39.4850006104,38.6800003052,38.8899993896,12372300,38.5683441162
2023-04-19,ARKK,38.2599983215,39.1699981689,37.9350013733,38.8600006104,13336400,38.5385932922
2023-04-20,ARKK,38.0099983215,38.4259986877,37.3400001526,37.3899993896,18316100,37.0807533264
2023-04-21,ARKK,37.4799995422,37.7550010681,37.1699981689,37.6300010681,14707800,37.3187675476
2023-04-24,ARKK,37.5800018311,37.9000015259,36.5750007629,37.1199989319,13721600,36.8129844666
2023-04-25,ARKK,36.9099998474,36.9900016785,35.9099998474,35.9099998474,15152500,35.6129951477
2023-04-26,ARKK,36.4500007629,36.4900016785,35.0900001526,35.2200012207,16821100,34.9287033081
2023-04-27,ARKK,35.5099983215,36.0349998474,35.2400016785,35.7000007629,13178100,35.4047317505
2023-04-28,ARKK,35.5200004578,36.1450004578,34.9700012207,35.9199981689,13054400,35.6229095459
2023-05-01,ARKK,35.7599983215,36.0750007629,35.4049987793,35.7400016785,13656900,35.4444007874
2023-05-02,ARKK,35.5600013733,35.7099990845,34.8349990845,34.9000015259,15783200,34.6113471985
2023-05-03,ARKK,34.9700012207,35.7900009155,34.7200012207,34.7599983215,22461400,34.4725036621
2023-05-04,ARKK,35.0999984741,35.8950004578,34.9700012207,35.7400016785,15979600,35.4444007874
2023-05-05,ARKK,36.5299987793,37.5000000000,36.4000015259,37.3899993896,18041400,37.0807533264
2023-05-08,ARKK,37.4399986267,37.8800010681,36.9700012207,37.8199996948,14507500,37.5071945190
2023-05-09,ARKK,37.3499984741,38.2799987793,37.2500000000,38.2500000000,8955100,37.9336395264
2023-05-10,ARKK,38.9300003052,39.4300003052,38.4350013733,38.7900009155,19015400,38.4691734314
2023-05-11,ARKK,38.8400001526,39.0699996948,38.4099998474,38.8600006104,11655600,38.5385932922
2023-05-12,ARKK,38.8899993896,38.9599990845,37.5000000000,37.6800003052,16636800,37.3683547974
2023-05-15,ARKK,37.6100006104,38.8800010681,37.4700012207,38.5699996948,11591400,38.2509918213
2023-05-16,ARKK,38.1199989319,38.1699981689,37.4700012207,37.6199989319,12230700,37.3088493347
2023-05-17,ARKK,37.7999992371,38.7000007629,37.4199981689,38.5800018311,13639000,38.2609138489
2023-05-18,ARKK,38.5499992371,39.2299995422,38.3300018311,39.1199989319,16548300,38.7964439392
2023-05-19,ARKK,39.1199989319,39.2999992371,38.4300003052,38.7000007629,15071900,38.3799171448
2023-05-22,ARKK,38.8600006104,40.7599983215,38.7299995422,40.5800018311,22861800,40.2443695068
2023-05-23,ARKK,40.2500000000,41.2799987793,39.7000007629,39.7000007629,23436000,39.3716468811
2023-05-24,ARKK,39.1300010681,39.6599998474,38.7500000000,39.4599990845,16276400,39.1336326599
2023-05-25,ARKK,39.6500015259,39.6699981689,38.1599998474,38.3800010681,17870500,38.0625648499
2023-05-26,ARKK,38.4099998474,39.6599998474,38.3800010681,39.0999984741,19082000,38.7766075134
2023-05-30,ARKK,40.0699996948,40.8349990845,39.4199981689,39.8100013733,20511900,39.4807395935
2023-05-31,ARKK,39.5200004578,40.4900016785,39.3549995422,40.4900016785,15147000,40.1551132202
2023-06-01,ARKK,40.1500015259,41.5999984741,39.8100013733,41.1100006104,14767400,40.7699851990
2023-06-02,ARKK,41.7080001831,42.0299987793,40.8499984741,41.6199989319,18025400,41.2757644653
2023-06-05,ARKK,41.5800018311,42.2299995422,41.2999992371,42.0600013733,14419900,41.7121276855
2023-06-06,ARKK,41.3899993896,42.7799987793,41.0299987793,42.6800003052,15320300,42.3269996643
2023-06-07,ARKK,43.2999992371,43.8300018311,42.0900001526,42.2500000000,21574800,41.9005546570
2023-06-08,ARKK,42.0900001526,42.7350006104,41.9099998474,42.6800003052,11506300,42.3269996643
2023-06-09,ARKK,43.5000000000,43.8400001526,42.4399986267,42.5099983215,16319700,42.1584053040
2023-06-12,ARKK,42.7599983215,43.5400009155,42.5299987793,43.2799987793,14792100,42.9220352173
2023-06-13,ARKK,43.8899993896,44.4099998474,43.5800018311,44.2900009155,18559100,43.9236831665
2023-06-14,ARKK,44.3499984741,44.6450004578,43.1500015259,44.0699996948,20211700,43.7055015564
2023-06-15,ARKK,43.5299987793,44.7000007629,43.3250007629,44.5400009155,16791500,44.1716156006
2023-06-16,ARKK,44.9500007629,45.0000000000,44.0839996338,44.3100013733,12975700,43.9435195923
2023-06-20,ARKK,44.0099983215,44.7099990845,43.4099998474,44.2599983215,10835300,43.8939285278
2023-06-21,ARKK,44.2999992371,44.3300018311,42.4799995422,42.6599998474,16387400,42.3071632385
2023-06-22,ARKK,42.2900009155,42.7999992371,41.9500007629,42.6699981689,10918900,42.3170814514
2023-06-23,ARKK,41.9300003052,42.4300003052,41.5050010681,42.1399993896,13766700,41.7914657593
2023-06-26,ARKK,41.8600006104,42.8950004578,41.7599983215,41.9000015259,9556700,41.5534515381
2023-06-27,ARKK,42.2999992371,43.4700012207,42.0600013733,43.3199996948,16946900,42.9617042542
2023-06-28,ARKK,43.2599983215,44.4949989319,43.0600013733,44.1800003052,12814200,43.8145942688
2023-06-29,ARKK,44.2000007629,44.5099983215,43.6139984131,43.7900009155,11056800,43.4278182983
2023-06-30,ARKK,44.5400009155,44.6899986267,43.9900016785,44.1399993896,12080200,43.7749252319
2023-07-03,ARKK,44.5200004578,45.4300003052,44.5200004578,45.1199989319,7755900,44.7468185425
2023-07-05,ARKK,44.7400016785,45.1699981689,44.3499984741,44.9599990845,8985500,44.5881423950
2023-07-06,ARKK,44.0200004578,44.2000007629,42.7490005493,43.2400016785,16128100,42.8823699951
2023-07-07,ARKK,43.4599990845,44.3149986267,43.4000015259,43.7299995422,9855900,43.3683166504
2023-07-10,ARKK,43.6899986267,45.3790016174,43.5299987793,45.3699989319,15846600,44.9947509766
2023-07-11,ARKK,45.6399993896,47.2999992371,45.5050010681,47.0499992371,24449000,46.6608543396
2023-07-12,ARKK,48.2299995422,48.2299995422,46.8499984741,47.4799995422,22574400,47.0872993469
2023-07-13,ARKK,48.0200004578,49.7900009155,47.6899986267,49.6300010681,25614600,49.2195167542
2023-07-14,ARKK,49.7400016785,50.4300003052,48.2350006104,48.5699996948,23522500,48.1682853699
2023-07-17,ARKK,48.5699996948,49.8899993896,48.2000007629,49.6800003052,13387300,49.2691040039
2023-07-18,ARKK,49.8499984741,50.1549987793,49.4350013733,49.8600006104,12629200,49.4476165771
2023-07-19,ARKK,50.4599990845,51.3300018311,49.9599990845,50.6500015259,18358500,50.2310829163
2023-07-20,ARKK,49.7400016785,50.0800018311,47.5900001526,47.7599983215,26694600,47.3649826050
2023-07-21,ARKK,48.3880004883,48.6199989319,47.3899993896,47.9300003052,15793700,47.5335769653
2023-07-24,ARKK,47.8300018311,48.0499992371,46.9049987793,47.4099998474,11815000,47.0178794861
2023-07-25,ARKK,47.5999984741,48.1250000000,47.2410011292,47.2700004578,9332300,46.8790359497
2023-07-26,ARKK,47.1800003052,48.5200004578,47.0299987793,48.2799987793,13412700,47.8806800842
2023-07-27,ARKK,49.3699989319,49.4199981689,46.6650009155,46.8699989319,19613700,46.4823455811
2023-07-28,ARKK,48.1100006104,49.4399986267,47.9799995422,49.4399986267,17747200,49.0310859680
2023-07-31,ARKK,49.7799987793,50.4889984131,49.6899986267,50.4500007629,13604800,50.0327377319
2023-08-01,ARKK,49.8100013733,49.8300018311,48.6699981689,49.4500007629,14679300,49.0410079956
2023-08-02,ARKK,48.1699981689,48.1800003052,46.3300018311,46.6899986267,24820400,46.3038330078
2023-08-03,ARKK,46.1300010681,46.5900001526,45.8600006104,46.1899986267,16316100,45.8079681396
2023-08-04,ARKK,46.4500007629,46.6500015259,45.2900009155,45.3800010681,18265300,45.0046691895
2023-08-07,ARKK,45.5400009155,45.5999984741,44.2400016785,45.1500015259,17416200,44.7765731812
2023-08-08,ARKK,44.4799995422,45.0099983215,44.1409988403,44.9099998474,14785200,44.5385551453
2023-08-09,ARKK,44.7799987793,44.8199996948,43.2400016785,43.2900009155,18186300,42.9319572449
2023-08-10,ARKK,43.7799987793,44.2799987793,42.6329994202,42.9799995422,19520400,42.6245193481
2023-08-11,ARKK,42.4599990845,43.1100006104,42.3499984741,42.7500000000,12415000,42.3964195251
2023-08-14,ARKK,42.2400016785,42.9399986267,41.8800010681,42.9199981689,9937500,42.5650138855
2023-08-15,ARKK,42.6300010681,42.8100013733,42.1199989319,42.1699981689,11844800,41.8212165833
2023-08-16,ARKK,42.0000000000,42.1250000000,41.2299995422,41.2400016785,13777100,40.8989105225
2023-08-17,ARKK,41.2900009155,41.2900009155,40.2200012207,40.2400016785,16288100,39.9071807861
2023-08-18,ARKK,39.3499984741,40.7700004578,39.3199996948,40.3800010681,21619700,40.0460243225
2023-08-21,ARKK,40.5999984741,41.1899986267,40.3400001526,41.0999984741,16309900,40.7600669861
2023-08-22,ARKK,41.5900001526,41.7299995422,40.5699996948,41.0099983215,11937500,40.6708106995
2023-08-23,ARKK,41.0000000000,42.1100006104,40.9199981689,41.9599990845,11937800,41.6129531860
2023-08-24,ARKK,42.2490005493,42.2999992371,40.4199981689,40.4700012207,16708100,40.1352806091
2023-08-25,ARKK,40.4900016785,41.3400001526,40.1399993896,40.9700012207,17067500,40.6311454773
2023-08-28,ARKK,41.3600006104,41.5950012207,40.8800010681,41.0800018311,9120800,40.7402343750
2023-08-29,ARKK,41.0800018311,43.4150009155,40.8699989319,43.3100013733,20413800,42.9517898560
2023-08-30,ARKK,43.0600013733,43.7599983215,42.7099990845,43.6100006104,9477500,43.2493095398
2023-08-31,ARKK,43.8300018311,44.0999984741,43.4000015259,43.7500000000,11163700,43.3881492615
2023-09-01,ARKK,44.1100006104,44.3300018311,43.4900016785,43.6199989319,13674300,43.2592239380
2023-09-05,ARKK,43.2799987793,44.1170005798,43.1650009155,44.0099983215,9165800,43.6459960938
2023-09-06,ARKK,44.2500000000,44.6899986267,43.6899986267,44.1699981689,12236500,43.8046760559
2023-09-07,ARKK,43.2900009155,44.1300010681,42.9700012207,44.0099983215,11734100,43.6459960938
2023-09-08,ARKK,44.0000000000,44.3950004578,43.4249992371,43.6800003052,11197900,43.6800003052
2023-09-11,ARKK,44.2200012207,44.8100013733,43.8699989319,44.5999984741,11086400,44.5999984741
2023-09-12,ARKK,44.2400016785,45.1599998474,44.0099983215,44.0099983215,11424700,44.0099983215
2023-09-13,ARKK,43.8699989319,44.2200012207,43.2849998474,43.4300003052,10480200,43.4300003052
2023-09-14,ARKK,43.6699981689,44.0000000000,43.2200012207,43.6100006104,9560600,43.6100006104
2023-09-15,ARKK,43.5099983215,43.7150001526,42.7200012207,43.0600013733,12787000,43.0600013733
2023-09-18,ARKK,42.9300003052,42.9300003052,42.0099983215,42.0099983215,10385300,42.0099983215
2023-09-19,ARKK,41.8699989319,41.9650001526,41.0820007324,41.5099983215,11379400,41.5099983215
2023-09-20,ARKK,41.7299995422,42.0699996948,40.7550010681,40.7799987793,13609900,40.7799987793
2023-09-21,ARKK,39.9900016785,40.1699981689,39.5250015259,39.5400009155,16408400,39.5400009155
2023-09-22,ARKK,39.9900016785,40.0900001526,38.7949981689,38.8199996948,13292800,38.8199996948
2023-09-25,ARKK,38.5499992371,39.0810012817,38.3650016785,38.7999992371,11853800,38.7999992371
2023-09-26,ARKK,38.5600013733,39.2500000000,38.3600006104,38.4300003052,16883100,38.4300003052
2023-09-27,ARKK,39.0099983215,39.2099990845,38.1349983215,38.6800003052,16236400,38.6800003052
2023-09-28,ARKK,38.7000007629,39.5499992371,38.2000007629,39.1199989319,15932100,39.1199989319
2023-09-29,ARKK,39.8400001526,40.2449989319,39.4799995422,39.6699981689,17449500,39.6699981689
2023-10-02,ARKK,39.6899986267,39.9099998474,38.7799987793,39.0400009155,17508400,39.0400009155
2023-10-03,ARKK,38.5299987793,39.0900001526,37.7599983215,37.9700012207,17963200,37.9700012207
2023-10-04,ARKK,38.1199989319,38.6699981689,37.5499992371,38.5299987793,15404500,38.5299987793
2023-10-05,ARKK,38.3919982910,38.7500000000,37.7449989319,38.5400009155,12411200,38.5400009155
2023-10-06,ARKK,37.8400001526,39.3400001526,37.7799987793,39.2099990845,16356700,39.2099990845
2023-10-09,ARKK,38.4099998474,39.4700012207,38.3349990845,39.3600006104,11205800,39.3600006104
2023-10-10,ARKK,39.4399986267,40.8100013733,39.4399986267,40.1899986267,14549800,40.1899986267
2023-10-11,ARKK,40.3699989319,40.7700004578,39.4900016785,39.9000015259,12459800,39.9000015259
2023-10-12,ARKK,39.9700012207,39.9700012207,38.2799987793,38.4799995422,14137700,38.4799995422
2023-10-13,ARKK,38.4300003052,38.5499992371,37.5649986267,37.7700004578,13079900,37.7700004578
2023-10-16,ARKK,38.0299987793,38.6800003052,37.5900001526,38.5299987793,13624400,38.5299987793
2023-10-17,ARKK,38.0000000000,39.4360008240,38.0000000000,39.1800003052,13700800,39.1800003052
2023-10-18,ARKK,38.7799987793,38.8699989319,37.3750000000,37.4300003052,16694700,37.4300003052
2023-10-19,ARKK,37.4300003052,37.6300010681,36.5200004578,36.6100006104,21633800,36.6100006104
2023-10-20,ARKK,36.5200004578,36.7599983215,35.8800010681,36.0299987793,18021800,36.0299987793
2023-10-23,ARKK,35.6699981689,36.8149986267,35.0999984741,36.1100006104,19262800,36.1100006104
2023-10-24,ARKK,36.7700004578,37.9599990845,36.7700004578,37.1699981689,17580700,37.1699981689
2023-10-25,ARKK,36.6800003052,36.7900009155,35.1749992371,35.2200012207,17377400,35.2200012207
2023-10-26,ARKK,35.2700004578,35.7099990845,34.4300003052,34.7599983215,20928900,34.7599983215
2023-10-27,ARKK,35.2799987793,35.4300003052,34.0699996948,34.0999984741,14793000,34.0999984741
2023-10-30,ARKK,34.5299987793,34.7999992371,33.7599983215,34.2900009155,13990300,34.2900009155
2023-10-31,ARKK,34.3400001526,35.2200012207,34.0800018311,35.0800018311,10991900,35.0800018311
2023-11-01,ARKK,35.2500000000,35.3600006104,34.5400009155,35.3100013733,17265800,35.3100013733
2023-11-02,ARKK,37.0900001526,38.2999992371,37.0499992371,38.2799987793,28629700,38.2799987793
2023-11-03,ARKK,39.1889991760,40.7400016785,39.0999984741,40.4399986267,28343100,40.4399986267
2023-11-06,ARKK,40.6800003052,40.8199996948,39.1399993896,39.7700004578,21315700,39.7700004578
2023-11-07,ARKK,39.9900016785,41.0099983215,39.6920013428,40.9099998474,18153800,40.9099998474
2023-11-08,ARKK,41.0499992371,41.0499992371,39.9399986267,40.3400001526,18400900,40.3400001526
2023-11-09,ARKK,40.6800003052,40.8899993896,38.9399986267,39.0900001526,25529800,39.0900001526
2023-11-10,ARKK,39.0099983215,39.8600006104,38.7400016785,39.7299995422,19122000,39.7299995422
2023-11-13,ARKK,39.3699989319,39.9300003052,38.7099990845,39.9099998474,13480200,39.9099998474
2023-11-14,ARKK,41.5649986267,42.0499992371,41.2099990845,41.9500007629,25966900,41.9500007629
2023-11-15,ARKK,42.1199989319,43.7500000000,42.1199989319,43.0099983215,25809100,43.0099983215
2023-11-16,ARKK,42.6650009155,42.7299995422,41.6189994812,42.2099990845,17763900,42.2099990845
2023-11-17,ARKK,42.5400009155,43.7299995422,42.3400001526,43.7000007629,16884700,43.7000007629
2023-11-20,ARKK,43.8499984741,45.0260009766,43.7200012207,44.8800010681,15765600,44.8800010681
2023-11-21,ARKK,44.2500000000,44.4099998474,43.6100006104,43.8699989319,13742800,43.8699989319
2023-11-22,ARKK,44.3320007324,44.5900001526,43.6300010681,44.3199996948,11580800,44.3199996948
2023-11-24,ARKK,44.1899986267,45.1199989319,44.1650009155,44.8800010681,7296100,44.8800010681
2023-11-27,ARKK,44.6500015259,45.6699981689,44.2799987793,45.4500007629,13262100,45.4500007629
2023-11-28,ARKK,45.3899993896,46.7700004578,44.9850006104,46.7000007629,17917700,46.7000007629
2023-11-29,ARKK,47.2099990845,48.0149993896,46.7000007629,46.9000015259,23347300,46.9000015259
2023-11-30,ARKK,47.1730003357,47.2799987793,45.8499984741,46.1100006104,21365300,46.1100006104
2023-12-01,ARKK,46.5499992371,48.4500007629,46.0699996948,48.4300003052,24737400,48.4300003052
2023-12-04,ARKK,48.3499984741,48.9879989624,47.7099990845,48.6899986267,24898400,48.6899986267
2023-12-05,ARKK,48.2299995422,48.9399986267,47.8800010681,48.2599983215,17314000,48.2599983215
2023-12-06,ARKK,48.7599983215,49.3450012207,47.9900016785,48.0400009155,20196000,48.0400009155
2023-12-07,ARKK,47.8300018311,48.3849983215,47.5000000000,48.2900009155,13434300,48.2900009155
2023-12-08,ARKK,48.0600013733,49.6949996948,47.7799987793,49.1800003052,19869100,49.1800003052
2023-12-11,ARKK,48.6100006104,48.7400016785,48.0099983215,48.5299987793,13698200,48.5299987793
2023-12-12,ARKK,48.5499992371,48.6399993896,47.8199996948,48.3800010681,11432500,48.3800010681
2023-12-13,ARKK,48.3800010681,50.1699981689,47.4049987793,50.1699981689,28900400,50.1699981689
2023-12-14,ARKK,51.2799987793,52.5000000000,51.1399993896,52.0200004578,41229700,52.0200004578
2023-12-15,ARKK,51.9620018005,52.1699981689,50.7999992371,51.1100006104,18894800,51.1100006104
2023-12-18,ARKK,50.6870002747,51.6399993896,50.5600013733,51.0699996948,12645000,51.0699996948
2023-12-19,ARKK,51.5200004578,53.3950004578,51.4650001526,53.1800003052,21980300,53.1800003052
2023-12-20,ARKK,53.0800018311,53.5750007629,50.9900016785,51.0099983215,24224300,51.0099983215
2023-12-21,ARKK,52.0369987488,52.4599990845,51.2849998474,52.3100013733,15321700,52.3100013733
2023-12-22,ARKK,52.5699996948,53.3400001526,52.3400001526,53.0099983215,15303400,53.0099983215
2023-12-26,ARKK,53.2500000000,54.0159988403,53.0699996948,53.7900009155,13212000,53.7900009155
2023-12-27,ARKK,54.2999992371,54.5200004578,53.7999992371,54.2599983215,13797900,54.2599983215
2023-12-28,ARKK,54.0000000000,54.3899993896,53.7900009155,54.1399993896,11828200,54.1399993896
2023-12-29,ARKK,54.0000000000,54.2099990845,52.2400016785,52.3699989319,18769100,52.3699989319
2024-01-02,ARKK,51.7999992371,51.8400001526,50.2150001526,50.5000000000,24389200,50.5000000000
2024-01-03,ARKK,49.2350006104,49.4599990845,48.3699989319,48.5200004578,27345600,48.5200004578
2024-01-04,ARKK,48.4099998474,49.3899993896,48.0699996948,48.9099998474,16950600,48.9099998474
2024-01-05,ARKK,48.3520011902,49.3499984741,48.1699981689,48.9000015259,17077900,48.9000015259
2024-01-08,ARKK,48.9700012207,50.3750000000,48.7000007629,50.2799987793,16536500,50.2799987793
2024-01-09,ARKK,49.7000007629,50.1590003967,49.3699989319,49.5000000000,13039100,49.5000000000
2024-01-10,ARKK,49.5000000000,49.7999992371,48.5200004578,49.3499984741,15628700,49.3499984741
2024-01-11,ARKK,49.4099998474,49.5400009155,47.3800010681,48.1800003052,21393200,48.1800003052
2024-01-12,ARKK,48.0299987793,48.9000015259,47.3240013123,47.3800010681,14080300,47.3800010681
2024-01-16,ARKK,46.7120018005,47.1800003052,46.0400009155,46.7599983215,17273000,46.7599983215
2024-01-17,ARKK,45.9399986267,45.9900016785,45.2000007629,45.9199981689,15512800,45.9199981689
2024-01-18,ARKK,46.4500007629,46.5649986267,45.0800018311,45.6599998474,18101400,45.6599998474
2024-01-19,ARKK,45.9199981689,46.2999992371,45.0200004578,46.2799987793,16684600,46.2799987793
2024-01-22,ARKK,46.8899993896,48.5250015259,46.7999992371,47.3300018311,23104100,47.3300018311
2024-01-23,ARKK,47.6800003052,47.9199981689,46.8899993896,47.3800010681,12640300,47.3800010681
2024-01-24,ARKK,48.2200012207,48.2299995422,46.2500000000,46.2799987793,16696200,46.2799987793
2024-01-25,ARKK,46.2799987793,46.7000007629,45.5349998474,45.8199996948,16519900,45.8199996948
2024-01-26,ARKK,46.2099990845,46.8800010681,45.7799987793,45.9199981689,13739400,45.9199981689
2024-01-29,ARKK,46.1899986267,48.1850013733,45.9199981689,48.1100006104,18104200,48.1100006104
2024-01-30,ARKK,48.0999984741,48.0999984741,46.8499984741,46.8600006104,15485300,46.8600006104
2024-01-31,ARKK,46.2599983215,47.4300003052,45.3300018311,45.4099998474,27028900,45.4099998474
2024-02-01,ARKK,45.7999992371,46.3899993896,44.9900016785,46.0299987793,17395500,46.0299987793
2024-02-02,ARKK,45.7500000000,46.8100013733,45.2249984741,46.6599998474,21927600,46.6599998474
2024-02-05,ARKK,46.2000007629,46.2999992371,44.6250000000,45.2000007629,19679300,45.2000007629
2024-02-06,ARKK,45.4500007629,46.7400016785,45.2900009155,46.7000007629,14335800,46.7000007629
2024-02-07,ARKK,47.0499992371,47.5900001526,46.3250007629,47.1699981689,11384500,47.1699981689
2024-02-08,ARKK,47.4700012207,48.6049995422,47.1199989319,48.4399986267,14530300,48.4399986267
2024-02-09,ARKK,49.1699981689,49.9099998474,48.8499984741,49.5900001526,17091700,49.5900001526
2024-02-12,ARKK,49.5999984741,51.0950012207,49.5600013733,50.7200012207,13661700,50.7200012207
2024-02-13,ARKK,48.0699996948,48.8800010681,47.3899993896,47.8800010681,25947600,47.8800010681
2024-02-14,ARKK,49.1199989319,50.5600013733,48.7700004578,50.5000000000,17210500,50.5000000000
2024-02-15,ARKK,51.0000000000,52.0600013733,50.8100013733,51.6399993896,15272600,51.6399993896
2024-02-16,ARKK,50.9599990845,51.7400016785,50.2900009155,50.3300018311,16510800,50.3300018311
2024-02-20,ARKK,49.5200004578,49.8800010681,47.8650016785,48.6899986267,15225400,48.6899986267
2024-02-21,ARKK,47.6399993896,47.9099998474,46.9099998474,47.3100013733,12634700,47.3100013733
2024-02-22,ARKK,48.1180000305,48.7500000000,47.6199989319,48.4799995422,10923300,48.4799995422
2024-02-23,ARKK,48.8899993896,49.2900009155,48.0999984741,48.4099998474,10598600,48.4099998474
2024-02-26,ARKK,48.4399986267,50.1399993896,48.3800010681,50.0800018311,12132700,50.0800018311
2024-02-27,ARKK,50.8199996948,51.5449981689,50.5999984741,51.5400009155,14213500,51.5400009155
2024-02-28,ARKK,51.2999992371,52.0849990845,50.9099998474,51.1599998474,12116300,51.1599998474
2024-02-29,ARKK,52.0600013733,52.3300018311,50.7099990845,51.2500000000,12412400,51.2500000000
2024-03-01,ARKK,51.0699996948,51.5900001526,50.3600006104,51.1399993896,10880600,51.1399993896
2024-03-04,ARKK,51.3699989319,51.4799995422,50.1899986267,50.6800003052,9194800,50.6800003052
2024-03-05,ARKK,50.0000000000,50.4700012207,48.5800018311,48.9000015259,14098000,48.9000015259
2024-03-06,ARKK,49.9080009460,50.1699981689,48.9700012207,49.6800003052,12097400,49.6800003052
2024-03-07,ARKK,50.0699996948,50.5900001526,49.4900016785,50.2500000000,8873600,50.2500000000
2024-03-08,ARKK,50.8100013733,52.4280014038,50.2400016785,50.7500000000,16412400,50.7500000000
2024-03-11,ARKK,50.9399986267,51.7999992371,50.4900016785,50.6500015259,11376900,50.6500015259
2024-03-12,ARKK,50.8300018311,50.8899993896,49.5250015259,50.2500000000,10073700,50.2500000000
2024-03-13,ARKK,49.9350013733,51.3100013733,49.7799987793,50.3600006104,9033700,50.3600006104
2024-03-14,ARKK,50.3849983215,50.6100006104,48.1850013733,48.7400016785,17854600,48.7400016785
2024-03-15,ARKK,48.2200012207,49.1450004578,48.1500015259,48.6599998474,11891700,48.6599998474
2024-03-18,ARKK,48.9000015259,49.1220016479,48.0299987793,48.7900009155,8728900,48.7900009155
2024-03-19,ARKK,48.0499992371,48.7799987793,47.4500007629,48.5099983215,11645300,48.5099983215
2024-03-20,ARKK,48.4399986267,50.4749984741,48.2900009155,50.2099990845,15661800,50.2099990845
2024-03-21,ARKK,50.7599983215,51.3600006104,50.5000000000,50.5299987793,13537000,50.5299987793
2024-03-22,ARKK,50.0699996948,50.3300018311,49.2500000000,49.4099998474,8941700,49.4099998474
2024-03-25,ARKK,49.4199981689,50.4500007629,49.3849983215,50.2500000000,8755900,50.2500000000
2024-03-26,ARKK,50.8100013733,50.9599990845,50.0000000000,50.0299987793,6904800,50.0299987793
2024-03-27,ARKK,50.7900009155,50.8849983215,49.4500007629,50.1100006104,11450100,50.1100006104
2024-03-28,ARKK,50.2200012207,50.6100006104,49.9700012207,50.0800018311,8248900,50.0800018311
2024-04-01,ARKK,50.0699996948,50.1100006104,48.8149986267,49.2400016785,10411200,49.2400016785
2024-04-02,ARKK,47.6850013733,47.9099998474,47.0449981689,47.7799987793,12988100,47.7799987793
2024-04-03,ARKK,47.4599990845,48.2099990845,47.1500015259,47.9199981689,9935200,47.9199981689
2024-04-04,ARKK,48.4599990845,48.8300018311,47.2050018311,47.2700004578,13315200,47.2700004578
2024-04-05,ARKK,46.7299995422,47.5950012207,46.5999984741,47.1199989319,14138200,47.1199989319
2024-04-08,ARKK,47.6899986267,48.2449989319,47.5439987183,48.0999984741,8719600,48.0999984741
2024-04-09,ARKK,48.1100006104,48.8499984741,48.0099983215,48.6199989319,10160400,48.6199989319
2024-04-10,ARKK,47.1319999695,47.8849983215,46.9700012207,47.4900016785,14640400,47.4900016785
2024-04-11,ARKK,47.7750015259,48.2400016785,47.0000000000,48.2000007629,9271000,48.2000007629
2024-04-12,ARKK,47.7000007629,47.7299995422,46.3149986267,46.5099983215,12187200,46.5099983215
2024-04-15,ARKK,46.7299995422,46.7299995422,44.2449989319,44.3800010681,16070000,44.3800010681
2024-04-16,ARKK,43.8400001526,44.0950012207,43.1500015259,43.6500015259,16870200,43.6500015259
2024-04-17,ARKK,43.9900016785,44.1399993896,42.7999992371,43.0200004578,11875200,43.0200004578
2024-04-18,ARKK,42.9749984741,43.6619987488,42.5200004578,42.9099998474,11458300,42.9099998474
2024-04-19,ARKK,42.7500000000,43.3050003052,41.7099990845,42.0000000000,14695000,42.0000000000
2024-04-22,ARKK,42.1899986267,42.8899993896,41.5750007629,42.5999984741,13511700,42.5999984741
2024-04-23,ARKK,42.7900009155,44.3600006104,42.7900009155,43.8699989319,16446200,43.8699989319
2024-04-24,ARKK,44.7799987793,44.8300018311,43.4599990845,43.9000015259,10415100,43.9000015259
2024-04-25,ARKK,42.6300010681,43.7649993896,42.4700012207,43.6100006104,11227300,43.6100006104
2024-04-26,ARKK,43.6300010681,44.2700004578,43.1199989319,44.0699996948,9101200,44.0699996948
2024-04-29,ARKK,44.7000007629,45.6049995422,44.6599998474,45.1300010681,10564600,45.1300010681
2024-04-30,ARKK,44.5800018311,44.9099998474,43.4449996948,43.4599990845,13900100,43.4599990845
2024-05-01,ARKK,43.0999984741,45.1599998474,42.9869995117,43.8199996948,16056300,43.8199996948
2024-05-02,ARKK,44.4900016785,45.0299987793,43.5800018311,44.9300003052,11188300,44.9300003052
2024-05-03,ARKK,46.2500000000,46.6599998474,45.1150016785,45.4700012207,12656500,45.4700012207
2024-05-06,ARKK,45.9199981689,46.6100006104,45.8699989319,46.5000000000,8257800,46.5000000000
2024-05-07,ARKK,46.2000007629,46.3050003052,45.4799995422,45.5499992371,7904200,45.5499992371
2024-05-08,ARKK,44.5699996948,44.7999992371,44.2799987793,44.4300003052,9753000,44.4300003052
2024-05-09,ARKK,44.0400009155,44.3100013733,43.6349983215,44.1599998474,9359800,44.1599998474
2024-05-10,ARKK,44.3300018311,44.4700012207,42.8499984741,42.9199981689,15483600,42.9199981689
2024-05-13,ARKK,43.4000015259,44.8499984741,43.3600006104,44.1699981689,18083300,44.1699981689
2024-05-14,ARKK,44.6500015259,45.9700012207,44.6349983215,45.1199989319,17216000,45.1199989319
2024-05-15,ARKK,46.0719985962,46.3600006104,44.9920005798,45.7700004578,11198100,45.7700004578
2024-05-16,ARKK,45.5800018311,45.7700004578,44.9199981689,44.9599990845,8377700,44.9599990845
2024-05-17,ARKK,45.2379989624,45.6100006104,44.7200012207,45.4500007629,12442500,45.4500007629
2024-05-20,ARKK,45.3899993896,45.6290016174,44.9399986267,45.5999984741,7354100,45.5999984741
2024-05-21,ARKK,45.5000000000,45.6349983215,45.0499992371,45.2000007629,5510300,45.2000007629
2024-05-22,ARKK,45.1300010681,45.6100006104,44.7200012207,44.9900016785,6739600,44.9900016785
2024-05-23,ARKK,45.2700004578,45.2700004578,43.3499984741,43.6100006104,13952500,43.6100006104
2024-05-24,ARKK,43.7700004578,44.5299987793,43.6250000000,44.3800010681,7302900,44.3800010681
2024-05-28,ARKK,44.2599983215,44.4900016785,43.5400009155,44.0299987793,6819900,44.0299987793
2024-05-29,ARKK,43.3699989319,43.5999984741,42.9700012207,43.4799995422,9531900,43.4799995422
2024-05-30,ARKK,43.0299987793,43.1250000000,42.4900016785,42.7900009155,8973700,42.7900009155
2024-05-31,ARKK,43.2000007629,43.6100006104,41.7799987793,42.4500007629,12984400,42.4500007629
2024-06-03,ARKK,43.0000000000,43.5200004578,42.3400001526,42.9799995422,9725400,42.9799995422
2024-06-04,ARKK,42.7299995422,43.5149993896,42.6349983215,43.2299995422,6093100,43.2299995422
2024-06-05,ARKK,43.5499992371,44.1599998474,43.0250015259,44.1500015259,5980100,44.1500015259
2024-06-06,ARKK,44.0900001526,45.0800018311,43.9500007629,44.7599983215,6468800,44.7599983215
2024-06-07,ARKK,44.1800003052,44.7400016785,43.6199989319,43.7999992371,8128800,43.7999992371
2024-06-10,ARKK,43.4000015259,44.2700004578,43.3400001526,44.1500015259,5333100,44.1500015259
2024-06-11,ARKK,43.8800010681,44.2249984741,43.2500000000,44.1599998474,7323100,44.1599998474
2024-06-12,ARKK,45.2999992371,45.9000015259,44.9150009155,45.0800018311,14274000,45.0800018311
2024-06-13,ARKK,45.4799995422,45.7200012207,44.3199996948,44.3800010681,7833600,44.3800010681
2024-06-14,ARKK,44.2000007629,44.2900009155,43.5499992371,43.8699989319,7431800,43.8699989319
2024-06-17,ARKK,43.5299987793,44.4399986267,43.2799987793,44.1300010681,6124600,44.1300010681
2024-06-18,ARKK,43.9700012207,44.0400009155,43.6100006104,43.6800003052,5110200,43.6800003052
2024-06-20,ARKK,43.5999984741,43.5999984741,42.8300018311,43.3699989319,7628700,43.3699989319
2024-06-21,ARKK,43.2000007629,43.3899993896,42.8899993896,43.3199996948,5168200,43.3199996948
2024-06-24,ARKK,43.3199996948,43.9199981689,42.9000015259,43.2400016785,7288300,43.2400016785
2024-06-25,ARKK,43.2400016785,43.5400009155,42.9700012207,43.3300018311,5606900,43.3300018311
2024-06-26,ARKK,43.1500015259,43.7299995422,43.1300010681,43.5800018311,4631200,43.5800018311
2024-06-27,ARKK,43.3499984741,44.0649986267,43.1399993896,44.0099983215,5397400,44.0099983215
2024-06-28,ARKK,44.1599998474,44.3400001526,43.5099983215,43.9500007629,9033300,43.9500007629
2024-07-01,ARKK,44.0499992371,44.7050018311,44.0499992371,44.4500007629,9780000,44.4500007629
2024-07-02,ARKK,44.5499992371,44.9749984741,44.4500007629,44.8199996948,6426300,44.8199996948
2024-07-03,ARKK,44.9599990845,45.9399986267,44.9599990845,45.6100006104,7347500,45.6100006104
2024-07-05,ARKK,45.4700012207,45.9599990845,44.9399986267,45.9500007629,6361500,45.9500007629
2024-07-08,ARKK,46.0200004578,46.2350006104,45.4799995422,45.8899993896,4505500,45.8899993896
2024-07-09,ARKK,45.8400001526,46.2299995422,45.4599990845,46.0499992371,4825300,46.0499992371
2024-07-10,ARKK,46.1399993896,46.2700004578,45.2999992371,45.9500007629,4884100,45.9500007629
2024-07-11,ARKK,46.5600013733,47.5099983215,45.6049995422,45.7099990845,11690400,45.7099990845
2024-07-12,ARKK,45.8600006104,46.9700012207,45.8400001526,46.7900009155,12112000,46.7900009155
2024-07-15,ARKK,47.3699989319,48.1699981689,46.9949989319,47.7000007629,12771100,47.7000007629
2024-07-16,ARKK,48.0299987793,49.4550018311,47.6800003052,49.4000015259,10343100,49.4000015259
2024-07-17,ARKK,48.4399986267,49.5550003052,47.9500007629,48.4300003052,12734000,48.4300003052
2024-07-18,ARKK,48.4700012207,48.9599990845,46.3050003052,46.5699996948,11949700,46.5699996948
2024-07-19,ARKK,46.5699996948,47.0349998474,46.2799987793,46.6300010681,11128500,46.6300010681
2024-07-22,ARKK,47.0900001526,47.7000007629,46.5600013733,47.6599998474,5318200,47.6599998474
2024-07-23,ARKK,47.5099983215,48.2200012207,47.4620018005,47.7599983215,5351800,47.7599983215
2024-07-24,ARKK,46.7000007629,46.7500000000,44.7000007629,44.7099990845,12303400,44.7099990845
2024-07-25,ARKK,44.5999984741,46.4399986267,44.3199996948,45.1899986267,11275900,45.1899986267
2024-07-26,ARKK,45.8699989319,46.3699989319,45.2400016785,45.7799987793,7211700,45.7799987793
2024-07-29,ARKK,46.2400016785,46.6800003052,45.3800010681,45.9300003052,5145500,45.9300003052
2024-07-30,ARKK,45.9900016785,46.3300018311,44.5849990845,44.9599990845,6237600,44.9599990845
2024-07-31,ARKK,45.4599990845,46.5600013733,45.3600006104,45.5299987793,8636700,45.5299987793
2024-08-01,ARKK,45.3699989319,45.6199989319,42.8650016785,43.2099990845,12734100,43.2099990845
2024-08-02,ARKK,42.1100006104,42.2299995422,40.8199996948,41.2099990845,14706100,41.2099990845
2024-08-05,ARKK,36.9920005798,40.4850006104,36.8499984741,39.5900001526,15053600,39.5900001526
2024-08-06,ARKK,40.2400016785,40.8699989319,39.2750015259,40.2000007629,7607900,40.2000007629
2024-08-07,ARKK,41.1100006104,41.4850006104,39.4300003052,39.4700012207,10883400,39.4700012207
2024-08-08,ARKK,40.1800003052,41.4199981689,39.7700004578,41.2900009155,7710800,41.2900009155
2024-08-09,ARKK,41.4799995422,41.7949981689,41.0200004578,41.4599990845,5427800,41.4599990845
2024-08-12,ARKK,41.4799995422,41.5579986572,40.6800003052,40.9199981689,5402200,40.9199981689
2024-08-13,ARKK,41.3499984741,42.6699981689,41.0299987793,42.5900001526,7470700,42.5900001526
2024-08-14,ARKK,42.8300018311,42.8800010681,41.6300010681,41.9099998474,5358800,41.9099998474
2024-08-15,ARKK,42.7500000000,44.0000000000,42.7500000000,43.9199981689,8355700,43.9199981689
2024-08-16,ARKK,43.5999984741,44.2999992371,43.5999984741,44.0900001526,4383500,44.0900001526
2024-08-19,ARKK,44.1699981689,45.0900001526,44.0800018311,45.0900001526,5995500,45.0900001526
2024-08-20,ARKK,45.1199989319,45.3800010681,44.2299995422,44.5400009155,4753800,44.5400009155
2024-08-21,ARKK,44.7400016785,45.6199989319,44.5400009155,45.6100006104,5335200,45.6100006104
2024-08-22,ARKK,45.6800003052,45.7700004578,44.1699981689,44.2500000000,5996500,44.2500000000
2024-08-23,ARKK,44.8400001526,46.3100013733,44.7500000000,46.2400016785,11504500,46.2400016785
2024-08-26,ARKK,46.1899986267,46.4049987793,45.4900016785,45.7299995422,4373400,45.7299995422
2024-08-27,ARKK,45.3600006104,45.6479988098,44.9300003052,45.4199981689,4287700,45.4199981689
2024-08-28,ARKK,45.2099990845,45.2999992371,43.7649993896,44.2700004578,9604400,44.2700004578
2024-08-29,ARKK,44.7700004578,45.6349983215,44.6300010681,44.6800003052,6658000,44.6800003052
2024-08-30,ARKK,44.8899993896,45.0379981995,44.0900001526,44.8199996948,6622000,44.8199996948
2024-09-03,ARKK,44.5400009155,44.7799987793,42.8199996948,42.9799995422,9582700,42.9799995422
2024-09-04,ARKK,42.6300010681,43.7099990845,42.4249992371,42.8699989319,7890400,42.8699989319
2024-09-05,ARKK,43.0400009155,44.0550003052,42.9799995422,43.5999984741,6052800,43.5999984741
2024-09-06,ARKK,44.0400009155,44.1699981689,41.3549995422,41.5900001526,10392500,41.5900001526
2024-09-09,ARKK,42.1699981689,43.0629997253,42.0800018311,42.6399993896,5809500,42.6399993896
2024-09-10,ARKK,42.9399986267,43.2949981689,42.1699981689,43.2900009155,5733600,43.2900009155
2024-09-11,ARKK,43.1300010681,44.2700004578,42.4900016785,44.2299995422,7164500,44.2299995422
2024-09-12,ARKK,44.4300003052,45.1949996948,43.9700012207,44.9799995422,4902000,44.9799995422
2024-09-13,ARKK,45.1399993896,45.8499984741,45.0699996948,45.7599983215,5711500,45.7599983215
2024-09-16,ARKK,45.5299987793,45.9350013733,44.9700012207,45.6899986267,4271900,45.6899986267
2024-09-17,ARKK,46.1800003052,46.7400016785,45.8750000000,46.0600013733,4820700,46.0600013733
2024-09-18,ARKK,46.1300010681,47.6500015259,45.9099998474,46.1800003052,9655700,46.1800003052
2024-09-19,ARKK,47.6899986267,48.1100006104,47.1599998474,47.4199981689,7075400,47.4199981689
2024-09-20,ARKK,47.0999984741,47.2200012207,46.3100013733,46.9000015259,5751600,46.9000015259
2024-09-23,ARKK,47.0950012207,47.3600006104,46.8600006104,46.9399986267,3530600,46.9399986267
2024-09-24,ARKK,47.2400016785,47.5400009155,46.5299987793,47.4500007629,3826000,47.4500007629
2024-09-25,ARKK,47.3499984741,47.5699996948,46.7900009155,46.8600006104,4347600,46.8600006104
2024-09-26,ARKK,47.5499992371,47.6500015259,46.4700012207,47.2700004578,6838400,47.2700004578
2024-09-27,ARKK,47.6199989319,48.0699996948,47.4099998474,47.8800010681,4036200,47.8800010681
2024-09-30,ARKK,47.5999984741,48.0600013733,47.0200004578,47.5299987793,5108500,47.5299987793
2024-10-01,ARKK,47.6599998474,47.7599983215,45.6650009155,46.1800003052,7446200,46.1800003052
2024-10-02,ARKK,45.7500000000,46.1500015259,45.4599990845,45.8699989319,4557300,45.8699989319
2024-10-03,ARKK,45.4000015259,46.0099983215,45.1150016785,45.3899993896,4789900,45.3899993896
2024-10-04,ARKK,46.2599983215,46.5499992371,45.6450004578,46.5499992371,6955400,46.5499992371
2024-10-07,ARKK,46.3199996948,46.5099983215,45.6800003052,45.9099998474,4028300,45.9099998474
2024-10-08,ARKK,45.6399993896,46.6699981689,45.6100006104,46.6399993896,3855600,46.6399993896
2024-10-09,ARKK,46.6199989319,46.9500007629,46.3600006104,46.6500015259,3133500,46.6500015259
2024-10-10,ARKK,45.9700012207,46.4799995422,45.4500007629,46.1699981689,3867700,46.1699981689
2024-10-11,ARKK,45.5400009155,46.7900009155,45.5099983215,46.6399993896,4359700,46.6399993896
2024-10-14,ARKK,46.9099998474,47.4449996948,46.3499984741,47.3699989319,4885400,47.3699989319
2024-10-15,ARKK,47.2900009155,47.7799987793,46.4799995422,47.2900009155,4208000,47.2900009155
2024-10-16,ARKK,47.5600013733,47.8499984741,47.0900001526,47.6899986267,3493200,47.6899986267
2024-10-17,ARKK,47.7000007629,47.7700004578,46.9099998474,47.0400009155,3629200,47.0400009155
2024-10-18,ARKK,47.3800010681,48.0400009155,47.3050003052,48.0299987793,4640200,48.0299987793
2024-10-21,ARKK,47.7400016785,47.7750015259,46.9599990845,47.3800010681,6911700,47.3800010681
2024-10-22,ARKK,47.0600013733,47.2799987793,46.8199996948,47.1500015259,5187100,47.1500015259
2024-10-23,ARKK,46.8600006104,47.0800018311,45.3450012207,45.7599983215,8290000,45.7599983215
2024-10-24,ARKK,46.9300003052,47.4199981689,46.6899986267,47.3800010681,7985700,47.3800010681
2024-10-25,ARKK,47.5000000000,48.2050018311,47.4199981689,47.6699981689,6306100,47.6699981689
2024-10-28,ARKK,48.1500015259,48.8759994507,48.0900001526,48.4000015259,5083800,48.4000015259
2024-10-29,ARKK,48.4000015259,48.5200004578,47.8899993896,48.4099998474,3293900,48.4099998474
2024-10-30,ARKK,48.0299987793,48.9150009155,47.9599990845,48.2299995422,4180200,48.2299995422
2024-10-31,ARKK,47.5699996948,47.7050018311,45.7099990845,45.8899993896,9058900,45.8899993896
2024-11-01,ARKK,46.0600013733,46.7589988708,46.0200004578,46.6399993896,5466400,46.6399993896
2024-11-04,ARKK,46.2700004578,47.1500015259,45.9700012207,46.6800003052,3726600,46.6800003052
2024-11-05,ARKK,46.8899993896,48.3849983215,46.8100013733,48.1899986267,6987900,48.1899986267
2024-11-06,ARKK,50.7799987793,52.1800003052,50.1199989319,52.1399993896,16002300,52.1399993896
2024-11-07,ARKK,52.2200012207,53.0200004578,52.2099990845,52.6899986267,7232800,52.6899986267
2024-11-08,ARKK,52.2500000000,54.1500015259,52.1300010681,54.0699996948,8869400,54.0699996948
2024-11-11,ARKK,55.9799995422,58.3800010681,55.7799987793,57.8499984741,23746900,57.8499984741
2024-11-12,ARKK,57.1899986267,58.2200012207,56.3699989319,56.8100013733,14567900,56.8100013733
2024-11-13,ARKK,57.3499984741,58.3499984741,55.4850006104,55.8400001526,13525000,55.8400001526
2024-11-14,ARKK,55.9500007629,56.0000000000,53.7999992371,53.8499984741,12937800,53.8499984741
2024-11-15,ARKK,53.8499984741,53.8499984741,52.7700004578,53.4599990845,10842800,53.4599990845
2024-11-18,ARKK,54.5200004578,55.2799987793,53.6899986267,55.1100006104,10452000,55.1100006104
2024-11-19,ARKK,54.5099983215,55.9300003052,54.3300018311,55.9199981689,6920500,55.9199981689
2024-11-20,ARKK,55.8600006104,56.1850013733,54.4900016785,55.2799987793,8058100,55.2799987793
2024-11-21,ARKK,55.7700004578,55.7700004578,54.0400009155,54.7700004578,8010900,54.7700004578
2024-11-22,ARKK,54.7999992371,56.5200004578,54.5200004578,56.2099990845,9841100,56.2099990845
2024-11-25,ARKK,57.4500007629,58.0859985352,56.6199989319,57.0299987793,9602400,57.0299987793
2024-11-26,ARKK,56.5299987793,56.9599990845,55.9799995422,56.2000007629,7239800,56.2000007629
2024-11-27,ARKK,56.8499984741,57.4199981689,56.2500000000,57.1500015259,5295200,57.1500015259
2024-11-29,ARKK,57.5999984741,58.3499984741,57.5499992371,57.9799995422,3234000,57.9799995422
2024-12-02,ARKK,58.6399993896,59.6300010681,58.5600013733,59.4700012207,8301300,59.4700012207
2024-12-03,ARKK,58.7599983215,59.2700004578,58.4599990845,58.9900016785,6683500,58.9900016785
2024-12-04,ARKK,59.7200012207,60.8600006104,59.2799987793,60.8300018311,10463000,60.8300018311
2024-12-05,ARKK,61.2299995422,61.4900016785,60.2949981689,60.3800010681,7874400,60.3800010681
2024-12-06,ARKK,61.2999992371,62.9199981689,61.0900001526,62.9000015259,9466900,62.9000015259
2024-12-09,ARKK,63.4300003052,63.4399986267,60.7799987793,61.3100013733,12024600,61.3100013733
2024-12-10,ARKK,61.4900016785,62.3699989319,60.3899993896,60.5900001526,7730700,60.5900001526
2024-12-11,ARKK,61.5699996948,61.9749984741,60.8400001526,61.8100013733,6383600,61.8100013733
2024-12-12,ARKK,61.4010009766,61.9749984741,60.7200012207,60.9199981689,5840400,60.9199981689
2024-12-13,ARKK,61.1100006104,61.3600006104,60.2000007629,61.3300018311,7101800,61.3300018311
2024-12-16,ARKK,61.7099990845,63.1399993896,61.4799995422,62.9399986267,6722700,62.9399986267
2024-12-17,ARKK,62.7900009155,63.3199996948,61.8199996948,62.9799995422,6749800,62.9799995422
2024-12-18,ARKK,62.6300010681,63.0299987793,57.9000015259,58.5600013733,18189600,58.5600013733
2024-12-19,ARKK,59.7500000000,60.0299987793,57.4650001526,58.1699981689,19168000,58.1699981689
2024-12-20,ARKK,57.0699996948,60.0200004578,56.8600006104,59.4000015259,17548100,59.4000015259
2024-12-23,ARKK,59.5200004578,59.6800003052,58.1650009155,59.2400016785,7760600,59.2400016785
2024-12-24,ARKK,59.6300010681,60.9900016785,59.4399986267,60.9599990845,4801700,60.9599990845
2024-12-26,ARKK,60.7200012207,61.1349983215,60.0400009155,60.9599990845,6885500,60.9599990845
2024-12-27,ARKK,60.5400009155,60.5999984741,58.4399986267,59.2700004578,9592600,59.2700004578
2024-12-30,ARKK,58.0099983215,58.2299995422,56.9000015259,57.6100006104,8456900,57.6100006104
2024-12-31,ARKK,58.0400009155,58.1699981689,56.4749984741,56.7700004578,8702100,56.7700004578
2020-01-02,QQQ,214.3999938965,216.1600036621,213.9799957275,216.1600036621,30969400,208.3175659180
2020-01-03,QQQ,213.3000030518,215.4700012207,213.2799987793,214.1799926758,27518900,206.4093780518
2020-01-06,QQQ,212.5000000000,215.5899963379,212.2400054932,215.5599975586,21655300,207.7393188477
2020-01-07,QQQ,215.6399993896,216.1399993896,214.8500061035,215.5299987793,22139300,207.7104187012
2020-01-08,QQQ,215.5000000000,218.1399993896,215.1600036621,217.1499938965,26397300,209.2716369629
2020-01-09,QQQ,218.9400024414,219.4100036621,217.7100067139,218.9900054932,23547000,211.0448913574
2020-01-10,QQQ,219.8500061035,219.8699951172,218.0399932861,218.4299926758,21898500,210.5051879883
2020-01-13,QQQ,219.3300018311,220.9799957275,218.9799957275,220.9499969482,22756900,212.9337768555
2020-01-14,QQQ,220.8399963379,221.2100067139,219.7400054932,220.0800018311,24418100,212.0953369141
2020-01-15,QQQ,220.1999969482,221.1999969482,219.4499969482,220.1699981689,25742100,212.1820526123
2020-01-16,QQQ,221.2700042725,222.3200073242,220.8000030518,222.2799987793,18805000,214.2154541016
2020-01-17,QQQ,223.2799987793,223.5599975586,222.1199951172,223.3800048828,24325200,215.2755889893
2020-01-21,QQQ,222.7599945068,223.8399963379,222.6600036621,223.2799987793,21146300,215.1792602539
2020-01-22,QQQ,224.4100036621,225.1499938965,223.5899963379,223.8699951172,20736400,215.7478179932
2020-01-23,QQQ,223.7400054932,224.6900024414,222.6999969482,224.5899963379,26496100,216.4416809082
2020-01-24,QQQ,225.6399993896,225.8800048828,221.6699981689,222.6999969482,37436500,214.6202545166
2020-01-27,QQQ,217.6699981689,219.2799987793,217.1799926758,218.1000061035,42264400,210.1871948242
2020-01-28,QQQ,219.6399993896,221.9600067139,219.0599975586,221.4499969482,26731900,213.4156494141
2020-01-29,QQQ,222.6799926758,222.9299926758,220.8300018311,221.8099975586,28924500,213.7625885010
2020-01-30,QQQ,220.3800048828,222.6999969482,219.6900024414,222.6000061035,39568100,214.5238952637
2020-01-31,QQQ,223.5299987793,223.5599975586,218.2899932861,219.0700073242,52015800,211.1219329834
2020-02-03,QQQ,220.1399993896,222.8899993896,219.9900054932,222.3800048828,25408600,214.3118438721
2020-02-04,QQQ,225.4199981689,227.8600006104,224.6499938965,227.4700012207,30691200,219.2171936035
2020-02-05,QQQ,230.2100067139,230.2500000000,226.8500061035,228.2200012207,38534800,219.9400329590
2020-02-06,QQQ,228.7899932861,230.2500000000,227.9799957275,230.1900024414,22467100,221.8385314941
2020-02-07,QQQ,229.1600036621,230.4400024414,228.5399932861,229.1999969482,25884900,220.8844299316
2020-02-10,QQQ,228.4400024414,231.9799957275,228.3800048828,231.9700012207,21478900,223.5539855957
2020-02-11,QQQ,233.2500000000,234.0200042725,231.3999938965,232.0099945068,30198000,223.5924987793
2020-02-12,QQQ,233.3800048828,234.3800048828,232.8000030518,234.2700042725,24471300,225.7705230713
2020-02-13,QQQ,232.6399993896,234.9299926758,232.3600006104,233.9700012207,22773200,225.4814147949
2020-02-14,QQQ,234.3399963379,234.8600006104,233.5500030518,234.6399993896,23438500,226.1271057129
2020-02-18,QQQ,233.5000000000,235.1699981689,233.2500000000,234.7299957275,24394500,226.2138366699
2020-02-19,QQQ,236.1300048828,237.4700012207,235.8500061035,236.9799957275,22230500,228.3821716309
2020-02-20,QQQ,236.4600067139,236.9499969482,231.8800048828,234.7799987793,42604000,226.2619781494
2020-02-21,QQQ,233.6100006104,234.0099945068,229.3200073242,230.2700042725,66017200,221.9156188965
2020-02-24,QQQ,221.6799926758,224.2500000000,220.2599945068,221.3899993896,84522600,213.3578033447
2020-02-25,QQQ,223.2500000000,223.9900054932,214.7400054932,215.3699951172,97743000,207.5561981201
2020-02-26,QQQ,216.7100067139,220.2799987793,214.8999938965,216.4799957275,79537700,208.6259307861
2020-02-27,QQQ,210.8999938965,216.4199981689,205.5000000000,205.6399993896,121822600,198.1792297363
2020-02-28,QQQ,198.6399993896,207.1699981689,198.1699981689,205.8000030518,148173700,198.3334503174
2020-03-02,QQQ,208.8800048828,216.5700073242,205.9400024414,216.4199981689,112933900,208.5681610107
2020-03-03,QQQ,217.1100006104,219.6100006104,207.6199951172,209.4799957275,131953500,201.8799133301
2020-03-04,QQQ,213.3200073242,218.3300018311,211.3699951172,218.2200012207,73086200,210.3028106689
2020-03-05,QQQ,212.6900024414,216.3600006104,210.1000061035,211.5899963379,78705500,203.9133605957
2020-03-06,QQQ,204.6699981689,209.1499938965,202.9100036621,208.0200042725,89828400,200.4728851318
2020-03-09,QQQ,193.4799957275,201.1600036621,192.1100006104,193.5700073242,116424000,186.5471496582
2020-03-10,QQQ,201.1100006104,204.3000030518,193.6799926758,204.1100006104,100599200,196.7047271729
2020-03-11,QQQ,199.3500061035,200.7500000000,192.7299957275,195.2200012207,89168800,188.1372680664
2020-03-12,QQQ,182.0899963379,190.7799987793,176.9400024414,177.3200073242,137820700,170.8866729736
2020-03-13,QQQ,187.0700073242,194.4799957275,178.1300048828,192.3399963379,134882000,185.3617553711
2020-03-16,QQQ,174.1499938965,184.6799926758,169.1600036621,169.3000030518,92054400,163.1576538086
2020-03-17,QQQ,175.4700012207,184.3899993896,169.7799987793,182.1399993896,121257100,175.5318145752
2020-03-18,QQQ,171.6100006104,179.2200012207,166.8000030518,176.6000061035,114156300,170.1928253174
2020-03-19,QQQ,175.6900024414,183.4900054932,171.6300048828,177.6600036621,120896500,171.2144012451
2020-03-20,QQQ,181.7400054932,182.8699951172,170.1000061035,170.6999969482,118983900,164.5068664551
2020-03-23,QQQ,170.9199981689,174.2100067139,164.9299926758,170.4600067139,124639800,164.6256561279
2020-03-24,QQQ,179.9100036621,183.8300018311,177.9499969482,183.6600036621,94881800,177.3738555908
2020-03-25,QQQ,184.4199981689,189.5099945068,179.9799957275,182.3000030518,88754900,176.0604248047
2020-03-26,QQQ,183.8699951172,192.7200012207,183.6100006104,191.8999938965,79887600,185.3317871094
2020-03-27,QQQ,186.9299926758,190.5099945068,184.6600036621,185.3000030518,58845000,178.9577331543
2020-03-30,QQQ,187.0599975586,192.4900054932,186.3399963379,192.0399932861,49356900,185.4670410156
2020-03-31,QQQ,191.7200012207,195.2500000000,189.1999969482,190.3999938965,62659300,183.8831787109
2020-04-01,QQQ,184.7700042725,187.6600036621,180.8600006104,182.3099975586,53715400,176.0700988770
2020-04-02,QQQ,181.2400054932,190.1000061035,180.9700012207,186.0099945068,56465300,179.6434478760
2020-04-03,QQQ,185.5500030518,187.0700073242,181.2899932861,183.3699951172,47487600,177.0937957764
2020-04-06,QQQ,190.4799957275,197.6499938965,189.1900024414,196.4799957275,64763500,189.7550659180
2020-04-07,QQQ,202.3699951172,202.6600036621,196.0000000000,196.3999938965,69904500,189.6778259277
2020-04-08,QQQ,198.1499938965,201.1699981689,196.1699981689,200.5700073242,45940400,193.7050476074
2020-04-09,QQQ,202.3500061035,203.2200012207,199.0299987793,200.8600006104,68252600,193.9851379395
2020-04-13,QQQ,200.0000000000,203.4199981689,198.7500000000,203.0299987793,42853900,196.0809020996
2020-04-14,QQQ,207.2299957275,212.5000000000,206.4199981689,211.8600006104,63959600,204.6086883545
2020-04-15,QQQ,208.4799957275,211.8300018311,207.1199951172,209.4299926758,47036000,202.2618103027
2020-04-16,QQQ,211.6900024414,214.3699951172,209.6900024414,213.2500000000,64657400,205.9510650635
2020-04-17,QQQ,216.1699981689,216.5099945068,212.0800018311,215.2899932861,62863200,207.9212646484
2020-04-20,QQQ,213.3600006104,215.8800048828,212.5700073242,212.7400054932,38249100,205.4585571289
2020-04-21,QQQ,210.6000061035,211.1600036621,203.6300048828,204.8899993896,72932800,197.8771972656
2020-04-22,QQQ,209.1000061035,212.3500061035,208.3300018311,210.9700012207,40089100,203.7491302490
2020-04-23,QQQ,211.7899932861,214.4400024414,210.1000061035,210.5200042725,43278500,203.3145294189
2020-04-24,QQQ,210.9700012207,214.3000030518,209.5000000000,213.8399963379,34231900,206.5208435059
2020-04-27,QQQ,216.1900024414,216.6300048828,214.5000000000,215.5599975586,36451700,208.1820220947
2020-04-28,QQQ,217.3200073242,217.3200073242,211.2100067139,211.5000000000,46862800,204.2609252930
2020-04-29,QQQ,216.1900024414,219.9700012207,215.1399993896,219.0000000000,48716400,211.5042724609
2020-04-30,QQQ,219.9499969482,220.0399932861,217.3500061035,218.9100036621,43359500,211.4173431396
2020-05-01,QQQ,214.5000000000,216.6699981689,211.6799926758,212.7400054932,48795000,205.4585571289
2020-05-04,QQQ,211.4600067139,215.4499969482,211.1199951172,215.2200012207,32841000,207.8536224365
2020-05-05,QQQ,217.4400024414,220.1399993896,216.8500061035,217.6600036621,37783100,210.2101898193
2020-05-06,QQQ,219.3999938965,221.0399932861,218.1100006104,219.0000000000,36455200,211.5042724609
2020-05-07,QQQ,221.8200073242,222.7299957275,220.4199981689,221.8200073242,38624800,214.2277374268
2020-05-08,QQQ,223.5500030518,225.0000000000,222.4799957275,224.8600006104,31852300,217.1637268066
2020-05-11,QQQ,223.4900054932,227.9299926758,223.2500000000,226.8699951172,35714100,219.1048736572
2020-05-12,QQQ,227.4900054932,228.1000061035,222.0899963379,222.1199951172,41054100,214.5174560547
2020-05-13,QQQ,222.6600036621,224.6100006104,216.7100067139,219.3399963379,65521200,211.8326721191
2020-05-14,QQQ,217.9700012207,221.8699951172,215.9900054932,221.8300018311,51549300,214.2374114990
2020-05-15,QQQ,218.7799987793,223.3300018311,218.3300018311,223.2700042725,55747200,215.6281585693
2020-05-18,QQQ,226.2799987793,228.6799926758,225.4700012207,227.4299926758,42398100,219.6457061768
2020-05-19,QQQ,227.6999969482,229.8500061035,226.7100067139,226.8600006104,36237300,219.0952453613
2020-05-20,QQQ,229.5000000000,231.7599945068,229.4799957275,231.3899993896,37417000,223.4702301025
2020-05-21,QQQ,231.4400024414,232.1399993896,228.3399963379,228.8699951172,43642900,221.0364685059
2020-05-22,QQQ,228.4499969482,229.8699951172,227.5000000000,229.6600036621,28762400,221.7994384766
2020-05-26,QQQ,233.3600006104,233.5700073242,228.7899932861,229.0399932861,33055300,221.2006530762
2020-05-27,QQQ,228.6900024414,230.4100036621,223.9400024414,230.2899932861,55665600,222.4078826904
2020-05-28,QQQ,229.1100006104,233.4700012207,229.0500030518,229.9900054932,42784300,222.1181182861
2020-05-29,QQQ,230.3800048828,233.6000061035,228.7599945068,233.3600006104,50691800,225.3728179932
2020-06-01,QQQ,232.4600067139,234.4499969482,232.0000000000,234.0599975586,25776000,226.0488281250
2020-06-02,QQQ,234.5000000000,235.6900024414,232.0099945068,235.6300048828,33383400,227.5650939941
2020-06-03,QQQ,236.2599945068,237.4700012207,235.3500061035,236.6900024414,37228700,228.5887756348
2020-06-04,QQQ,236.3300018311,237.7899932861,233.6799926758,235.0299987793,38716100,226.9855651855
2020-06-05,QQQ,236.2200012207,240.3000030518,235.6300048828,239.6900024414,47365600,231.4861145020
2020-06-08,QQQ,239.5399932861,241.6799926758,237.9100036621,241.5500030518,32937300,233.2824859619
2020-06-09,QQQ,240.6600036621,244.1799926758,240.4700012207,243.3000030518,35046300,234.9726257324
2020-06-10,QQQ,245.0500030518,247.8200073242,244.5099945068,246.2200012207,58084400,237.7926330566
2020-06-11,QQQ,242.1600036621,243.5899963379,233.9600067139,234.0200042725,72919400,226.0101776123
2020-06-12,QQQ,239.0899963379,240.3999938965,231.7400054932,235.8800048828,72034800,227.8064575195
2020-06-15,QQQ,232.4400024414,239.4499969482,231.4700012207,238.7500000000,45307400,230.5782775879
2020-06-16,QQQ,243.7799987793,244.3899993896,239.1000061035,242.8500061035,48890100,234.5379333496
2020-06-17,QQQ,244.3999938965,245.5000000000,242.7299957275,243.6199951172,34749300,235.2816162109
2020-06-18,QQQ,243.2899932861,244.5299987793,242.4900054932,244.2799987793,30578600,235.9190216064
2020-06-19,QQQ,246.7299957275,247.0000000000,242.4499969482,244.2400054932,49422100,235.8804016113
2020-06-22,QQQ,243.6799926758,246.8699951172,243.3800048828,246.7400054932,24068700,238.7092285156
2020-06-23,QQQ,248.3899993896,251.1499938965,247.8200073242,248.8399963379,32767400,240.7408752441
2020-06-24,QQQ,248.0599975586,249.3300018311,242.1600036621,243.7100067139,46032400,235.7778320312
2020-06-25,QQQ,243.8000030518,246.3399963379,241.1399993896,246.0299987793,36940800,238.0223388672
2020-06-26,QQQ,245.7799987793,245.9600067139,239.6799926758,240.2200012207,52824600,232.4013977051
2020-06-29,QQQ,239.9700012207,242.8500061035,237.3500061035,242.8399963379,34377800,234.9361572266
2020-06-30,QQQ,242.7700042725,248.1600036621,242.5800018311,247.6000061035,38909200,239.5412292480
2020-07-01,QQQ,247.6399993896,251.5200042725,247.0800018311,250.4900054932,34689200,242.3371582031
2020-07-02,QQQ,253.0200042725,254.2700042725,251.7100067139,252.1900024414,31956500,243.9818420410
2020-07-06,QQQ,255.4499969482,258.9299926758,255.4299926758,258.3900146484,34589000,249.9800567627
2020-07-07,QQQ,258.1300048828,260.8800048828,256.2999877930,256.6099853516,36578200,248.2579498291
2020-07-08,QQQ,257.9800109863,260.0199890137,256.5000000000,259.9899902344,30426300,251.5279083252
2020-07-09,QQQ,261.9700012207,262.8699951172,257.6300048828,262.1799926758,40312900,253.6467285156
2020-07-10,QQQ,262.0299987793,264.2300109863,259.2600097656,263.9700012207,32885300,255.3783874512
2020-07-13,QQQ,266.9100036621,269.7900085449,257.6900024414,258.5400085449,64108100,250.1251525879
2020-07-14,QQQ,255.9299926758,260.7900085449,252.7599945068,260.3699951172,72230500,251.8956146240
2020-07-15,QQQ,261.8299865723,262.6900024414,257.4899902344,260.8999938965,54523900,252.4082946777
2020-07-16,QQQ,258.0199890137,259.7799987793,255.6199951172,259.1199951172,47594100,250.6862335205
2020-07-17,QQQ,259.5899963379,260.3099975586,257.1700134277,259.4200134277,35137900,250.9765472412
2020-07-20,QQQ,260.0799865723,267.4299926758,258.7900085449,266.7799987793,40610100,258.0970153809
2020-07-21,QQQ,268.3999938965,268.4100036621,263.1300048828,264.0000000000,43243800,255.4075012207
2020-07-22,QQQ,264.5100097656,265.8900146484,262.5499877930,264.9299926758,29865500,256.3072509766
2020-07-23,QQQ,264.5100097656,265.2399902344,256.5499877930,258.0100097656,51363500,249.6124114990
2020-07-24,QQQ,254.0399932861,256.9299926758,251.3200073242,255.5599975586,54054500,247.2421722412
2020-07-27,QQQ,257.2600097656,260.5199890137,256.4500122070,260.1199951172,36445700,251.6537017822
2020-07-28,QQQ,259.3099975586,259.8500061035,256.5100097656,256.8099975586,31302400,248.4514312744
2020-07-29,QQQ,258.3999938965,260.6600036621,257.9100036621,259.7699890137,27556900,251.3150939941
2020-07-30,QQQ,257.7399902344,261.7099914551,256.5499877930,261.1300048828,41774500,252.6308288574
2020-07-31,QQQ,265.9100036621,265.9500122070,260.8500061035,265.7900085449,53686300,257.1392211914
2020-08-03,QQQ,268.0000000000,270.1499938965,267.8699951172,269.3800048828,32081600,260.6123352051
2020-08-04,QQQ,268.8599853516,270.4800109863,268.0899963379,270.3800048828,24911300,261.5797424316
2020-08-05,QQQ,270.8800048828,271.5199890137,269.9599914551,271.0499877930,21612100,262.2279663086
2020-08-06,QQQ,270.8500061035,274.9800109863,270.1900024414,274.6400146484,28048200,265.7011718750
2020-08-07,QQQ,274.0799865723,274.8800048828,269.2500000000,271.4700012207,44969400,262.6343383789
2020-08-10,QQQ,271.7699890137,271.9800109863,266.6700134277,270.3099975586,35088400,261.5120544434
2020-08-11,QQQ,269.1099853516,270.4400024414,264.6300048828,265.1900024414,43104300,256.5587463379
2020-08-12,QQQ,267.4200134277,272.8399963379,267.3699951172,271.8599853516,38773400,263.0116577148
2020-08-13,QQQ,272.6600036621,274.8299865723,271.5100097656,272.4800109863,31895700,263.6115112305
2020-08-14,QQQ,273.1199951172,273.3999938965,270.7200012207,272.1600036621,30799500,263.3018798828
2020-08-17,QQQ,273.9299926758,275.8399963379,272.2000122070,275.3200073242,24803000,266.3590087891
2020-08-18,QQQ,276.4200134277,278.4599914551,274.9100036621,277.9700012207,23529500,268.9227600098
2020-08-19,QQQ,277.9299926758,279.0199890137,275.5700073242,276.1000061035,31999400,267.1136474609
2020-08-20,QQQ,275.2799987793,280.4299926758,274.8599853516,279.9299926758,27723400,270.8189086914
2020-08-21,QQQ,280.1300048828,282.3399963379,279.4599914551,281.8699951172,34748900,272.6958312988
2020-08-24,QQQ,285.2500000000,286.0000000000,281.2699890137,283.6300048828,36418500,274.3984985352
2020-08-25,QQQ,282.8299865723,286.0599975586,282.3699951172,285.8599853516,34866600,276.5559997559
2020-08-26,QQQ,287.1499938965,292.2200012207,285.8299865723,291.9599914551,42216700,282.4573669434
2020-08-27,QQQ,292.9700012207,293.8500061035,288.7099914551,291.0499877930,49482700,281.5770874023
2020-08-28,QQQ,292.3299865723,293.1799926758,290.9299926758,292.5299987793,28021000,283.0087890625
2020-08-31,QQQ,293.0700073242,296.7500000000,292.6199951172,294.8800048828,36321000,285.2823791504
2020-09-01,QQQ,297.6199951172,300.0400085449,295.7900085449,299.9200134277,36216200,290.1584167480
2020-09-02,QQQ,303.2799987793,303.5000000000,296.8900146484,302.7600097656,50836800,292.9059753418
2020-09-03,QQQ,298.1000061035,298.6199951172,284.4100036621,287.4100036621,110083300,278.0554809570
2020-09-04,QQQ,285.5599975586,288.9299926758,271.7999877930,283.5799865723,123959000,274.3500671387
2020-09-08,QQQ,272.2200012207,278.2200012207,269.6600036621,269.9500122070,99568600,261.1637878418
2020-09-09,QQQ,275.6400146484,280.0499877930,273.0000000000,277.8800048828,64837900,268.8356323242
2020-09-10,QQQ,280.9400024414,282.2000122070,270.5599975586,272.3399963379,69667500,263.4760131836
2020-09-11,QQQ,274.1499938965,275.2200012207,266.8999938965,270.4500122070,71809000,261.6475219727
2020-09-14,QQQ,274.3599853516,277.2200012207,272.9599914551,275.1600036621,38525200,266.2042846680
2020-09-15,QQQ,279.0299987793,280.4500122070,275.1300048828,279.0599975586,41849900,269.9772033691
2020-09-16,QQQ,279.8800048828,280.3599853516,274.2500000000,274.6099853516,42321000,265.6721191406
2020-09-17,QQQ,267.5499877930,274.3999938965,266.6799926758,270.3200073242,81570800,261.5217285156
2020-09-18,QQQ,271.7900085449,272.0899963379,262.6300048828,266.8699951172,86251100,258.1839294434
2020-09-21,QQQ,262.4700012207,267.6499938965,260.1099853516,267.5100097656,57168600,258.8032226562
2020-09-22,QQQ,269.9899902344,273.0799865723,266.5400085449,272.4800109863,41128900,263.6115112305
2020-09-23,QQQ,272.1499938965,272.3399963379,263.2500000000,264.1600036621,48837300,255.5622711182
2020-09-24,QQQ,261.3900146484,268.7000122070,261.2200012207,265.3900146484,70631700,256.7522583008
2020-09-25,QQQ,265.9100036621,272.3999938965,264.2999877930,271.5599975586,55242400,262.7213745117
2020-09-28,QQQ,276.5799865723,277.2000122070,271.6700134277,277.2000122070,58438300,268.1778259277
2020-09-29,QQQ,276.6199951172,277.7099914551,275.3699951172,275.9500122070,27050000,266.9684753418
2020-09-30,QQQ,276.1499938965,281.0899963379,275.8699951172,277.8399963379,49380800,268.7970275879
2020-10-01,QQQ,281.7900085449,282.8800048828,279.8399963379,282.2500000000,50020200,273.0634460449
2020-10-02,QQQ,276.0199890137,282.2399902344,273.4400024414,274.3099975586,75497400,265.3818969727
2020-10-05,QQQ,276.3399963379,280.4899902344,276.2300109863,280.1600036621,28184600,271.0414733887
2020-10-06,QQQ,279.4500122070,281.1900024414,274.2500000000,275.1600036621,49704200,266.2042846680
2020-10-07,QQQ,277.8900146484,280.7399902344,277.2799987793,279.9200134277,27539700,270.8093261719
2020-10-08,QQQ,282.3999938965,282.4700012207,280.3099975586,281.4100036621,25443300,272.2507019043
2020-10-09,QQQ,283.1099853516,285.7900085449,282.7099914551,285.7099914551,30201100,276.4108276367
2020-10-12,QQQ,290.5499877930,297.4599914551,289.4700012207,294.5299987793,79370700,284.9437561035
2020-10-13,QQQ,296.3900146484,297.0499877930,293.1099853516,294.5199890137,64240000,284.9341125488
2020-10-14,QQQ,295.3500061035,296.3500061035,290.2600097656,292.0599975586,36949100,282.5541687012
2020-10-15,QQQ,287.2000122070,290.7099914551,286.5400085449,290.1000061035,42514200,280.6579895020
2020-10-16,QQQ,291.7999877930,293.2699890137,288.1499938965,288.5100097656,40570700,279.1197509766
2020-10-19,QQQ,290.4899902344,291.4800109863,282.7900085449,283.7999877930,36756800,274.5629882812
2020-10-20,QQQ,284.5599975586,287.6199951172,282.9500122070,284.4100036621,32195400,275.1531677246
2020-10-21,QQQ,284.6700134277,287.3200073242,283.6900024414,284.1900024414,29306100,274.9403076172
2020-10-22,QQQ,285.0499877930,285.9800109863,280.8200073242,284.1799926758,32196200,274.9306945801
2020-10-23,QQQ,284.7699890137,284.9100036621,281.7799987793,284.7399902344,24658500,275.4723815918
2020-10-26,QQQ,282.3800048828,285.2999877930,276.7600097656,280.4700012207,38421100,271.3413391113
2020-10-27,QQQ,281.5000000000,283.5100097656,280.2000122070,282.6600036621,30559100,273.4601135254
2020-10-28,QQQ,278.0100097656,278.6400146484,271.3800048828,271.6400146484,53413500,262.7987060547
2020-10-29,QQQ,273.0000000000,279.4899902344,272.5199890137,276.3900146484,43246300,267.3941955566
2020-10-30,QQQ,274.3399963379,275.2399902344,267.0700073242,269.3800048828,65838300,260.6123352051
2020-11-02,QQQ,271.8500061035,273.5199890137,266.9700012207,269.9800109863,39987400,261.1928405762
2020-11-03,QQQ,271.9599914551,276.8200073242,270.8399963379,274.6499938965,43604100,265.7107543945
2020-11-04,QQQ,283.5899963379,288.7699890137,281.8699951172,286.9100036621,75728200,277.5718383789
2020-11-05,QQQ,293.5299987793,295.3900146484,292.0000000000,294.3900146484,52054200,284.8082580566
2020-11-06,QQQ,293.7099914551,295.3599853516,289.8299865723,294.6099853516,40959800,285.0211791992
2020-11-09,QQQ,297.6499938965,299.1400146484,288.1199951172,288.5899963379,86537100,279.1971130371
2020-11-10,QQQ,285.1700134277,286.6600036621,280.6199951172,283.4200134277,69024900,274.1954345703
2020-11-11,QQQ,286.0299987793,290.2500000000,283.3800048828,289.7600097656,36102900,280.3290100098
2020-11-12,QQQ,290.7600097656,292.0700073242,287.2500000000,288.3999938965,34414600,279.0133056641
2020-11-13,QQQ,290.1700134277,291.5700073242,287.8699951172,290.9299926758,24806900,281.4609680176
2020-11-16,QQQ,290.6199951172,293.5100097656,289.9899902344,293.2000122070,30168400,283.6570739746
2020-11-17,QQQ,293.3999938965,293.7399902344,291.6099853516,292.2699890137,21843500,282.7573242188
2020-11-18,QQQ,291.7000122070,293.3699951172,290.0199890137,290.1099853516,28069600,280.6676025391
2020-11-19,QQQ,289.5400085449,292.7000122070,288.8500061035,292.3800048828,22718400,282.8637084961
2020-11-20,QQQ,292.2999877930,293.0700073242,290.2900085449,290.3800048828,25907300,280.9289550781
2020-11-23,QQQ,291.4100036621,292.7500000000,288.0700073242,290.3900146484,26875600,280.9384765625
2020-11-24,QQQ,291.4899902344,294.9800109863,289.6300048828,294.4700012207,24516800,284.8857421875
2020-11-25,QQQ,295.5700073242,296.9400024414,294.5899963379,296.2799987793,23326800,286.6368103027
2020-11-27,QQQ,298.3099975586,300.1700134277,297.8999938965,299.0100097656,17163100,289.2780151367
2020-11-30,QQQ,299.3399963379,299.9700012207,294.7799987793,299.6199951172,27836200,289.8680114746
2020-12-01,QQQ,301.9700012207,305.1400146484,300.8299865723,303.4599914551,27521300,293.5831298828
2020-12-02,QQQ,302.2500000000,304.2000122070,300.3500061035,303.8500061035,23620000,293.9604492188
2020-12-03,QQQ,304.1700134277,305.8800048828,303.5299987793,304.2799987793,22828700,294.3764343262
2020-12-04,QQQ,304.3299865723,305.6700134277,303.6300048828,305.5199890137,19332100,295.5760803223
2020-12-07,QQQ,305.7099914551,307.6300048828,305.5199890137,307.2500000000,20851000,297.2498168945
2020-12-08,QQQ,306.7600097656,308.6000061035,304.9500122070,308.2900085449,18341500,298.2558898926
2020-12-09,QQQ,308.0700073242,308.3599853516,300.2099914551,301.3099975586,48839300,291.5030822754
2020-12-10,QQQ,299.2099914551,303.6799926758,298.0899963379,302.5199890137,27519500,292.6736755371
2020-12-11,QQQ,300.8099975586,301.9800109863,298.4700012207,301.8500061035,26760400,292.0255126953
2020-12-14,QQQ,303.0799865723,306.0499877930,303.0100097656,304.0400085449,28804800,294.1442871094
2020-12-15,QQQ,306.3699951172,307.2900085449,304.1099853516,307.2900085449,25709000,297.2884826660
2020-12-16,QQQ,307.7000122070,309.7900085449,306.6199951172,308.9800109863,25461900,298.9234619141
2020-12-17,QQQ,310.6300048828,311.2399902344,309.3900146484,311.0000000000,23730500,300.8777160645
2020-12-18,QQQ,311.6600036621,311.9800109863,307.6099853516,310.0599975586,41173400,299.9682617188
2020-12-21,QQQ,306.4599914551,309.4700012207,303.6000061035,308.9200134277,37095500,299.4070739746
2020-12-22,QQQ,309.8500061035,310.7099914551,306.8500061035,309.7600097656,26176300,300.2212524414
2020-12-23,QQQ,309.8099975586,310.1799926758,308.0400085449,308.2000122070,21201300,298.7093200684
2020-12-24,QQQ,308.4700012207,310.0199890137,308.3900146484,309.5599975586,16785000,300.0274047852
2020-12-28,QQQ,312.2500000000,313.1700134277,310.3599853516,312.6799926758,22497700,303.0513916016
2020-12-29,QQQ,314.0499877930,314.6900024414,312.0299987793,312.9599914551,25871900,303.3226623535
2020-12-30,QQQ,314.1600036621,314.4899902344,312.3299865723,312.9700012207,18138100,303.3323669434
2020-12-31,QQQ,312.8699951172,314.2399902344,311.7600097656,313.7399902344,21611400,304.0786743164
2021-01-04,QQQ,315.1099853516,315.2900085449,305.1799926758,309.3099975586,45305900,299.7851257324
2021-01-05,QQQ,308.2900085449,312.1400146484,308.2900085449,311.8599853516,29323400,302.2566223145
2021-01-06,QQQ,307.0000000000,311.8800048828,305.9800109863,307.5400085449,52809600,298.0696105957
2021-01-07,QQQ,310.2799987793,315.8399963379,310.2500000000,314.9800109863,30394800,305.2805480957
2021-01-08,QQQ,317.3399963379,319.3900146484,315.0799865723,319.0299987793,33955800,309.2058410645
2021-01-11,QQQ,315.9800109863,317.1900024414,313.7500000000,314.4200134277,32746400,304.7377319336
2021-01-12,QQQ,314.4599914551,315.5799865723,311.2000122070,313.9200134277,29266800,304.2532043457
2021-01-13,QQQ,314.1900024414,316.8599853516,313.5700073242,316.0400085449,22898400,306.3078918457
2021-01-14,QQQ,316.5000000000,317.5299987793,313.8599853516,314.3500061035,23500100,304.6699523926
2021-01-15,QQQ,314.1300048828,315.1199951172,310.5799865723,311.8599853516,35118700,302.2566223145
2021-01-19,QQQ,314.2500000000,316.9299926758,313.1199951172,316.4100036621,24537000,306.6664733887
2021-01-20,QQQ,320.1400146484,324.7399902344,316.5100097656,323.7699890137,30728100,313.7998352051
2021-01-21,QQQ,325.1499938965,327.1300048828,323.7300109863,326.3599853516,25130600,316.3100585938
2021-01-22,QQQ,325.2900085449,326.4599914551,324.7099914551,325.4200134277,21609400,315.3990478516
2021-01-25,QQQ,328.9100036621,330.3200073242,321.4100036621,328.1099853516,39080600,318.0061950684
2021-01-26,QQQ,328.8500061035,329.7600097656,327.2200012207,328.5899963379,25498100,318.4713439941
2021-01-27,QQQ,326.2600097656,326.2699890137,317.3599853516,319.4299926758,55264000,309.5934753418
2021-01-28,QQQ,320.6700134277,326.4200134277,320.0299987793,321.3200073242,42836300,311.4252929688
2021-01-29,QQQ,319.5799865723,320.7200012207,312.7600097656,314.5599975586,55259000,304.8734436035
2021-02-01,QQQ,318.1099853516,323.5400085449,316.0199890137,322.4200134277,35646000,312.4914855957
2021-02-02,QQQ,325.4800109863,328.8699951172,325.3099975586,327.6799926758,33930800,317.5894470215
2021-02-03,QQQ,329.8200073242,330.2000122070,326.3200073242,326.3800048828,24824500,316.3294372559
2021-02-04,QQQ,327.8200073242,330.3299865723,326.4599914551,330.2399902344,22350900,320.0705871582
2021-02-05,QQQ,331.2200012207,332.3999938965,329.5299987793,331.3599853516,22732000,321.1560668945
2021-02-08,QQQ,333.1000061035,333.7399902344,331.4100036621,333.5799865723,20462800,323.3077392578
2021-02-09,QQQ,332.6199951172,334.8099975586,332.6099853516,333.5100097656,17597500,323.2398986816
2021-02-10,QQQ,334.9899902344,335.4599914551,329.5000000000,332.7500000000,28068700,322.5032958984
2021-02-11,QQQ,334.3299865723,335.0000000000,332.1199951172,334.5799865723,22046100,324.2770080566
2021-02-12,QQQ,333.7099914551,336.6199951172,332.6300048828,336.4500122070,20346800,326.0893859863
2021-02-16,QQQ,337.2699890137,338.1900024414,334.3399963379,335.5400085449,27080800,325.2073059082
2021-02-17,QQQ,332.4700012207,335.6600036621,330.1700134277,333.9299926758,31360300,323.6469421387
2021-02-18,QQQ,330.2300109863,333.8699951172,328.3599853516,332.4700012207,32236200,322.2319335938
2021-02-19,QQQ,333.8599853516,333.9899902344,329.9700012207,331.0199890137,39157700,320.8265686035
2021-02-22,QQQ,326.5000000000,327.7999877930,322.2300109863,322.4400024414,47256900,312.5108032227
2021-02-23,QQQ,317.0000000000,323.2000122070,311.0000000000,321.4800109863,97241900,311.5803833008
2021-02-24,QQQ,318.7399902344,324.4500122070,315.9599914551,324.1300048828,58206300,314.1486816406
2021-02-25,QQQ,321.3900146484,324.0299987793,311.2399902344,312.8299865723,110182600,303.1967773438
2021-02-26,QQQ,315.8500061035,319.1099853516,310.8800048828,314.1400146484,104739800,304.4663085938
2021-03-01,QQQ,319.2699890137,323.9400024414,317.9400024414,323.5899963379,49164500,313.6254882812
2021-03-02,QQQ,324.2500000000,324.3299865723,318.1400146484,318.3999938965,48370000,308.5951843262
2021-03-03,QQQ,317.2699890137,318.2399902344,309.1000061035,309.1600036621,86301100,299.6397399902
2021-03-04,QQQ,308.7799987793,312.0400085449,300.1099853516,304.1000061035,139131600,294.7355957031
2021-03-05,QQQ,306.7999877930,309.6099853516,297.4500122070,308.6799926758,121523700,299.1745300293
2021-03-08,QQQ,308.1199951172,310.0599975586,299.5100097656,299.9400024414,88409800,290.7036743164
2021-03-09,QQQ,307.4700012207,313.7300109863,306.9200134277,311.7699890137,80391100,302.1693115234
2021-03-10,QQQ,316.1600036621,316.4700012207,310.1700134277,310.8800048828,76798100,301.3067932129
2021-03-11,QQQ,315.7699890137,319.8599853516,314.8500061035,318.0400085449,53484800,308.2462768555
2021-03-12,QQQ,313.8599853516,318.2300109863,311.3900146484,315.4599914551,69315600,305.7456970215
2021-03-15,QQQ,315.7900085449,319.0000000000,314.1000061035,318.8299865723,42955700,309.0119323730
2021-03-16,QQQ,321.0899963379,324.2000122070,319.1000061035,320.5799865723,54925900,310.7080078125
2021-03-17,QQQ,317.4500122070,323.8500061035,315.6799926758,321.8999938965,78258700,311.9873657227
2021-03-18,QQQ,316.8699951172,317.8800048828,311.5700073242,312.0400085449,82718100,302.4310607910
2021-03-19,QQQ,311.8699951172,314.7300109863,309.6600036621,313.1400146484,78446200,303.4971618652
2021-03-22,QQQ,315.2099914551,320.7399902344,315.2099914551,318.6099853516,56194800,309.1886901855
2021-03-23,QQQ,319.7300109863,321.0899963379,316.3800048828,317.2200012207,53455400,307.8398742676
2021-03-24,QQQ,318.6300048828,318.6700134277,311.7200012207,311.8699951172,64803700,302.6480407715
2021-03-25,QQQ,309.9700012207,312.8900146484,307.3900146484,311.3299865723,78729000,302.1239624023
2021-03-26,QQQ,311.1099853516,316.3299865723,309.6700134277,316.0000000000,63519600,306.6559448242
2021-03-29,QQQ,315.4500122070,316.9899902344,312.4700012207,315.9100036621,54608000,306.5685729980
2021-03-30,QQQ,313.8900146484,314.9100036621,311.5400085449,314.3200073242,44635700,305.0256347656
2021-03-31,QQQ,316.1600036621,320.7399902344,315.8099975586,319.1300048828,55032500,309.6933288574
2021-04-01,QQQ,323.0700073242,324.7099914551,322.8099975586,324.5700073242,55685600,314.9725341797
2021-04-05,QQQ,327.1300048828,331.8399963379,326.8800048828,331.0499877930,42172500,321.2608642578
2021-04-06,QQQ,330.7300109863,332.8299865723,330.0199890137,330.8200073242,33537200,321.0376892090
2021-04-07,QQQ,330.3299865723,332.4800109863,329.3699951172,331.6199951172,32046400,321.8139953613
2021-04-08,QQQ,334.5599975586,335.2699890137,333.7399902344,335.0799865723,29940800,325.1716918945
2021-04-09,QQQ,333.6799926758,337.3200073242,332.9200134277,337.1099853516,36664900,327.1416625977
2021-04-12,QQQ,336.0400085449,337.1000061035,334.7300109863,336.6700134277,25833000,326.7147216797
2021-04-13,QQQ,338.2399902344,341.0799865723,338.0199890137,340.6000061035,30374000,330.5284118652
2021-04-14,QQQ,340.8500061035,340.9800109863,335.6700134277,336.5100097656,42564300,326.5593872070
2021-04-15,QQQ,339.4700012207,342.0100097656,336.2200012207,341.6099853516,36342800,331.5086059570
2021-04-16,QQQ,342.1499938965,342.2300109863,340.0799865723,342.0100097656,40860100,331.8968505859
2021-04-19,QQQ,340.3900146484,341.5799865723,336.8999938965,338.8800048828,34533100,328.8593444824
2021-04-20,QQQ,338.2000122070,339.5199890137,334.3800048828,336.4100036621,38081800,326.4623718262
2021-04-21,QQQ,335.0899963379,339.4800109863,333.9700012207,339.2900085449,36598100,329.2572326660
2021-04-22,QQQ,338.8900146484,339.8999938965,334.0100097656,335.2000122070,45936100,325.2881774902
2021-04-23,QQQ,335.8500061035,340.7699890137,335.8500061035,339.4200134277,36381900,329.3834228516
2021-04-26,QQQ,339.6700134277,341.9200134277,338.8999938965,341.6300048828,30812000,331.5280456543
2021-04-27,QQQ,341.9299926758,342.1499938965,339.1700134277,340.1499938965,33187200,330.0918884277
2021-04-28,QQQ,339.8099975586,340.8500061035,338.3299865723,339.0000000000,33615700,328.9758605957
2021-04-29,QQQ,342.3699951172,342.7999877930,336.8999938965,340.2200012207,37708900,330.1597900391
2021-04-30,QQQ,337.7000122070,340.2600097656,337.0499877930,337.9899902344,38263400,327.9956665039
2021-05-03,QQQ,339.2300109863,340.0000000000,335.7300109863,336.1900024414,29729700,326.2489318848
2021-05-04,QQQ,333.5599975586,333.8900146484,326.2099914551,330.1400146484,65147000,320.3778076172
2021-05-05,QQQ,332.2500000000,333.1400146484,328.2300109863,329.0299987793,46219300,319.3006591797
2021-05-06,QQQ,328.7600097656,331.6700134277,326.4500122070,331.5100097656,46814300,321.7072753906
2021-05-07,QQQ,334.3699951172,336.6499938965,331.6900024414,334.2000122070,53324500,324.3177795410
2021-05-10,QQQ,332.7799987793,332.9599914551,325.5499877930,325.7600097656,60700500,316.1273498535
2021-05-11,QQQ,319.7000122070,326.1300048828,319.0199890137,325.3099975586,71963600,315.6905822754
2021-05-12,QQQ,320.2300109863,322.6199951172,316.0000000000,316.8900146484,91164900,307.5195617676
2021-05-13,QQQ,319.9200134277,322.3999938965,316.8999938965,319.3399963379,69877800,309.8971557617
2021-05-14,QQQ,322.6000061035,327.3299865723,322.0799865723,326.3900146484,44370000,316.7387695312
2021-05-17,QQQ,324.6300048828,326.3699951172,321.4500122070,324.4100036621,39395000,314.8172912598
2021-05-18,QQQ,325.3900146484,326.6499938965,321.9400024414,322.2200012207,36528500,312.6919860840
2021-05-19,QQQ,316.6600036621,322.8999938965,316.2999877930,322.5899963379,66319100,313.0511169434
2021-05-20,QQQ,324.1199951172,329.7099914551,323.8900146484,328.8299865723,46466100,319.1065063477
2021-05-21,QQQ,330.4299926758,330.8599853516,326.6400146484,327.0100097656,50330400,317.3403015137
2021-05-24,QQQ,329.3699951172,333.6700134277,326.8999938965,332.5100097656,32475800,322.6776733398
2021-05-25,QQQ,334.0700073242,334.8099975586,331.7600097656,332.9700012207,31280300,323.1241149902
2021-05-26,QQQ,333.6600036621,334.6099853516,332.9500122070,334.1300048828,25444900,324.2498474121
2021-05-27,QQQ,333.6700134277,334.5400085449,332.6700134277,332.8800048828,27931700,323.0367431641
2021-05-28,QQQ,334.1199951172,335.5700073242,333.6000061035,333.9299926758,29927400,324.0556945801
2021-06-01,QQQ,335.2999877930,335.7900085449,331.4299926758,332.8200073242,31145400,322.9785461426
2021-06-02,QQQ,333.2500000000,334.3399963379,331.7000122070,333.4700012207,22047900,323.6093444824
2021-06-03,QQQ,330.5499877930,331.8599853516,328.2799987793,330.0000000000,37057800,320.2420043945
2021-06-04,QQQ,331.8500061035,336.0599975586,331.7799987793,335.6000061035,38736500,325.6763610840
2021-06-07,QQQ,335.0499877930,336.6600036621,334.3399963379,336.6000061035,32611900,326.6467895508
2021-06-08,QQQ,338.3999938965,339.2900085449,335.0299987793,336.7600097656,27282800,326.8020629883
2021-06-09,QQQ,338.1700134277,338.9700012207,336.6499938965,336.8399963379,21485300,326.8796386719
2021-06-10,QQQ,337.1900024414,340.4599914551,336.7300109863,340.3500061035,33702100,330.2858581543
2021-06-11,QQQ,340.3599853516,341.2500000000,339.6900024414,341.2399902344,21222800,331.1495361328
2021-06-14,QQQ,341.6799926758,344.5199890137,340.4599914551,344.5100097656,27827700,334.3229370117
2021-06-15,QQQ,344.1499938965,344.4700012207,341.5199890137,342.2600097656,35963800,332.1394958496
2021-06-16,QQQ,342.7399902344,343.8399963379,337.4500122070,341.0100097656,55399500,330.9263610840
2021-06-17,QQQ,339.9700012207,346.3800048828,339.9200134277,345.3399963379,59722700,335.1283264160
2021-06-18,QQQ,343.6300048828,344.8099975586,341.8599853516,342.6300048828,55414900,332.4985046387
2021-06-21,QQQ,342.4299926758,344.6900024414,340.1499938965,344.3599853516,32992600,334.5649719238
2021-06-22,QQQ,344.1499938965,348.0299987793,343.8399963379,347.5700073242,28941600,337.6836547852
2021-06-23,QQQ,347.5100097656,348.9200134277,346.8800048828,347.7399902344,27188500,337.8487243652
2021-06-24,QQQ,349.7300109863,351.4599914551,349.1700134277,349.8900146484,32581600,339.9377136230
2021-06-25,QQQ,350.4700012207,350.7200012207,348.8399963379,349.4599914551,28682800,339.5199584961
2021-06-28,QQQ,350.7799987793,353.8500061035,350.7200012207,353.7099914551,39130300,343.6489257812
2021-06-29,QQQ,353.5299987793,355.0199890137,352.6700134277,354.9899902344,29426000,344.8925476074
2021-06-30,QQQ,354.8299865723,355.2300109863,353.8299865723,354.4299926758,32724000,344.3485107422
2021-07-01,QQQ,354.0700073242,355.0899963379,352.6799926758,354.5700073242,29290000,344.4845275879
2021-07-02,QQQ,356.5199890137,358.9700012207,356.2799987793,358.6400146484,32727200,348.4387512207
2021-07-06,QQQ,359.2600097656,360.4800109863,356.4899902344,360.1900024414,38842400,349.9446716309
2021-07-07,QQQ,362.4500122070,362.7600097656,358.9400024414,360.9500122070,35265200,350.6830749512
2021-07-08,QQQ,355.7399902344,359.6499938965,354.4200134277,358.7699890137,50890000,348.5650634766
2021-07-09,QQQ,358.1700134277,361.5000000000,357.5700073242,361.0100097656,35184500,350.7413330078
2021-07-12,QQQ,362.4500122070,362.8900146484,360.8299865723,362.4200134277,25717700,352.1113281250
2021-07-13,QQQ,362.0299987793,365.4700012207,361.5400085449,362.4200134277,39723000,352.1113281250
2021-07-14,QQQ,364.8299865723,365.4899902344,362.2200012207,363.0700073242,35336400,352.7427978516
2021-07-15,QQQ,362.9800109863,363.1900024414,358.4599914551,360.5199890137,53391600,350.2653198242
2021-07-16,QQQ,361.3999938965,362.4100036621,357.2399902344,357.6000061035,47262000,347.4283752441
2021-07-19,QQQ,354.0499877930,355.1799926758,352.0400085449,354.6700134277,64404600,344.5816650391
2021-07-20,QQQ,355.6300048828,360.2799987793,353.7999877930,358.7900085449,42183700,348.5845031738
2021-07-21,QQQ,358.3500061035,361.5599975586,358.1199951172,361.5599975586,30259900,351.2757263184
2021-07-22,QQQ,361.7699890137,363.9599914551,361.7699890137,363.9500122070,30252200,353.5977478027
2021-07-23,QQQ,365.3099975586,368.4899902344,363.9200134277,368.2000122070,31960800,357.7268371582
2021-07-26,QQQ,367.4899902344,368.8900146484,366.6000061035,368.4899902344,28438100,358.0086364746
2021-07-27,QQQ,368.2200012207,368.2200012207,360.1600036621,364.4299926758,57933100,354.0640869141
2021-07-28,QQQ,365.6000061035,367.4500122070,363.2399902344,365.8299865723,42066200,355.4241333008
2021-07-29,QQQ,365.2500000000,367.6799926758,365.2500000000,366.4800109863,25672500,356.0559082031
2021-07-30,QQQ,362.4400024414,365.1700134277,362.4100036621,364.5700073242,36484600,354.2001037598
2021-08-02,QQQ,366.2799987793,366.8800048828,363.8699951172,364.6000061035,27334100,354.2292785645
2021-08-03,QQQ,365.2799987793,366.9299926758,362.0000000000,366.8099975586,35558500,356.3764038086
2021-08-04,QQQ,366.7699890137,368.3200073242,365.6300048828,367.3399963379,29602200,356.8912963867
2021-08-05,QQQ,368.1799926758,369.9100036621,367.4500122070,369.6700134277,21443900,359.1551513672
2021-08-06,QQQ,368.3699951172,369.3699951172,366.9100036621,368.0499877930,33332100,357.5811462402
2021-08-09,QQQ,368.5199890137,369.2699890137,367.3900146484,368.7300109863,25960200,358.2417907715
2021-08-10,QQQ,369.2600097656,369.5599975586,365.6199951172,366.8399963379,35130800,356.4055480957
2021-08-11,QQQ,368.1400146484,368.6499938965,364.8399963379,366.2099914551,34249800,355.7933959961
2021-08-12,QQQ,365.6900024414,367.8999938965,364.2999877930,367.5299987793,25969200,357.0759582520
2021-08-13,QQQ,367.8900146484,369.1600036621,367.3800048828,368.8200073242,19336200,358.3292541504
2021-08-16,QQQ,367.6700134277,369.0199890137,363.7000122070,368.9800109863,34856900,358.4846801758
2021-08-17,QQQ,366.1499938965,367.1499938965,363.2300109863,365.7300109863,44793900,355.3271179199
2021-08-18,QQQ,365.1799926758,366.6199951172,361.8699951172,362.2099914551,38541900,351.9072265625
2021-08-19,QQQ,360.2200012207,365.6799926758,359.9599914551,363.9599914551,48499400,353.6074218750
2021-08-20,QQQ,365.0599975586,368.1400146484,364.7399902344,367.7300109863,39486000,357.2702331543
2021-08-23,QQQ,368.7999877930,373.9400024414,368.7900085449,373.2300109863,34034700,362.6138305664
2021-08-24,QQQ,373.8399963379,374.9899902344,373.3599853516,374.3699951172,21732900,363.7213439941
2021-08-25,QQQ,374.6300048828,375.3900146484,373.8599853516,374.7999877930,20441900,364.1391601562
2021-08-26,QQQ,373.9200134277,374.6199951172,371.9700012207,372.4200134277,29133300,361.8267822266
2021-08-27,QQQ,373.0700073242,376.5599975586,372.5700073242,376.0400085449,27104700,365.3438720703
2021-08-30,QQQ,376.8500061035,380.7600097656,376.8299865723,380.2600097656,27295700,369.4438476562
2021-08-31,QQQ,380.5100097656,380.5799865723,378.3599853516,379.9500122070,29628200,369.1426696777
2021-09-01,QQQ,381.0400085449,382.7099914551,380.3699951172,380.5799865723,28138300,369.7546997070
2021-09-02,QQQ,381.9700012207,382.3099975586,379.1499938965,380.3999938965,25453400,369.5798950195
2021-09-03,QQQ,379.2200012207,381.9800109863,379.2000122070,381.5700073242,24605400,370.7165832520
2021-09-07,QQQ,381.6799926758,382.7799987793,380.4899902344,382.1099853516,23970200,371.2411499023
2021-09-08,QQQ,381.9299926758,381.9299926758,378.4500122070,380.7799987793,32949200,369.9490966797
2021-09-09,QQQ,381.0100097656,382.1499938965,379.2200012207,379.4700012207,29399000,368.6763000488
2021-09-10,QQQ,381.2300109863,381.9700012207,376.2500000000,376.5899963379,40249400,365.8782348633
2021-09-13,QQQ,378.9899902344,379.4299926758,374.2200012207,376.3299865723,48741800,365.6256103516
2021-09-14,QQQ,377.8599853516,378.6099853516,374.2799987793,375.2600097656,41826600,364.5859985352
2021-09-15,QQQ,375.7300109863,378.4100036621,373.3699951172,378.0499877930,34097900,367.2966918945
2021-09-16,QQQ,376.6799926758,378.8999938965,374.7000122070,378.3099975586,35193100,367.5492858887
2021-09-17,QQQ,377.8200073242,377.8699951172,372.7600097656,373.8299865723,60912300,363.1967163086
2021-09-20,QQQ,367.4599914551,369.2500000000,360.9299926758,365.7000122070,76203200,355.6919250488
2021-09-21,QQQ,367.5799865723,368.8099975586,364.9899902344,366.1499938965,41927500,356.1295471191
2021-09-22,QQQ,367.0899963379,371.0700073242,365.9599914551,369.5700073242,46972900,359.4559936523
2021-09-23,QQQ,370.7600097656,374.0400085449,370.1000061035,372.9800109863,44652000,362.7726745605
2021-09-24,QQQ,370.6499938965,373.7600097656,370.2699890137,373.3299865723,36056800,363.1130371094
2021-09-27,QQQ,370.2000122070,371.2500000000,367.7300109863,370.3500061035,43338100,360.2146301270
2021-09-28,QQQ,365.6700134277,370.2999877930,359.3500061035,359.8699951172,97701600,350.0213623047
2021-09-29,QQQ,361.1700134277,363.3699951172,358.6400146484,359.2799987793,58076600,349.4476318359
2021-09-30,QQQ,360.9700012207,362.6799926758,357.1000061035,357.9599914551,61384600,348.1637878418
2021-10-01,QQQ,358.6000061035,361.2500000000,354.3800048828,360.1799926758,56375500,350.3229370117
2021-10-04,QQQ,358.5199890137,358.8599853516,350.3200073242,352.6199951172,76766000,342.9698181152
2021-10-05,QQQ,353.7099914551,359.6900024414,353.4800109863,357.3800048828,47232900,347.5996093750
2021-10-06,QQQ,354.0799865723,359.9500122070,353.1499938965,359.6700134277,56806500,349.8269042969
2021-10-07,QQQ,362.7999877930,365.6900024414,362.2500000000,362.9700012207,39411200,353.0366516113
2021-10-08,QQQ,364.0799865723,364.3200073242,360.6099853516,361.1600036621,41822300,351.2760925293
2021-10-11,QQQ,359.5799865723,363.2000122070,358.2999877930,358.3900146484,34847200,348.5819396973
2021-10-12,QQQ,359.8800048828,360.3299865723,356.4800109863,357.1400146484,43905100,347.3662414551
2021-10-13,QQQ,359.5100097656,360.6900024414,357.4299926758,360.0000000000,40120800,350.1478881836
2021-10-14,QQQ,363.6900024414,366.8500061035,363.0100097656,366.6300048828,43433900,356.5964355469
2021-10-15,QQQ,367.8800048828,369.0599975586,366.8200073242,368.9400024414,40419900,358.8431701660
2021-10-18,QQQ,367.6099853516,372.8699951172,366.9899902344,372.6499938965,34513500,362.4516601562
2021-10-19,QQQ,373.7500000000,375.5199890137,372.7000122070,375.4700012207,29091000,365.1945190430
2021-10-20,QQQ,375.9400024414,376.5700073242,373.4599914551,374.9800109863,31390300,364.7179565430
2021-10-21,QQQ,374.1600036621,377.4700012207,373.8500061035,377.2699890137,25469300,366.9452209473
2021-10-22,QQQ,375.9800109863,376.9700012207,372.3900146484,374.1000061035,36275800,363.8619384766
2021-10-25,QQQ,375.5599975586,378.8699951172,373.5599975586,377.9299926758,32597800,367.5871887207
2021-10-26,QQQ,380.2300109863,382.7099914551,377.9100036621,379.1199951172,47191300,368.7446289062
2021-10-27,QQQ,379.5799865723,383.1499938965,379.3099975586,380.0000000000,45760500,369.6004943848
2021-10-28,QQQ,381.9500122070,384.4800109863,381.1600036621,384.2200012207,38007000,373.7050476074
2021-10-29,QQQ,381.0599975586,386.2799987793,380.7000122070,386.1099853516,37310100,375.5432739258
2021-11-01,QQQ,386.5599975586,387.5599975586,384.4200134277,387.4299926758,30765300,376.8271484375
2021-11-02,QQQ,386.7999877930,389.5400085449,386.7500000000,389.0499877930,25135300,378.4028320312
2021-11-03,QQQ,389.5499877930,393.6099853516,388.4800109863,393.1799926758,33748900,382.4197692871
2021-11-04,QQQ,394.4800109863,399.2000122070,393.9200134277,398.2200012207,40265300,387.3218688965
2021-11-05,QQQ,400.0400085449,400.9899902344,397.1600036621,398.6000061035,43383800,387.6915283203
2021-11-08,QQQ,398.5700073242,399.6199951172,397.3999938965,398.0599975586,29256300,387.1662902832
2021-11-09,QQQ,399.1600036621,399.5700073242,393.9200134277,395.3200073242,50490700,384.5012512207
2021-11-10,QQQ,392.4700012207,395.3599853516,387.5299987793,389.5100097656,54937400,378.8503417969
2021-11-11,QQQ,392.5700073242,392.7500000000,390.2399902344,390.5899963379,32243000,379.9006958008
2021-11-12,QQQ,391.7699890137,395.2500000000,390.1300048828,394.7000122070,34730600,383.8982238770
2021-11-15,QQQ,395.9100036621,396.2399902344,392.1000061035,394.6099853516,33716900,383.8105773926
2021-11-16,QQQ,393.8599853516,397.9299926758,393.6600036621,397.4200134277,27872900,386.5437622070
2021-11-17,QQQ,397.7500000000,399.7200012207,396.6400146484,397.6300048828,28703300,386.7480468750
2021-11-18,QQQ,399.7300109863,402.2699890137,397.4500122070,401.7500000000,45721500,390.7552795410
2021-11-19,QQQ,403.4299926758,405.2999877930,402.5799865723,403.9899902344,45191700,392.9339904785
2021-11-22,QQQ,405.5700073242,408.7099914551,399.1900024414,399.2999877930,61715400,388.3723449707
2021-11-23,QQQ,398.1099853516,400.2300109863,392.9200134277,397.4800109863,70098700,386.6021728516
2021-11-24,QQQ,394.9299926758,399.0499877930,392.5400085449,398.7600097656,46954400,387.8471679688
2021-11-26,QQQ,396.1099853516,397.5400085449,389.7699890137,391.2000122070,51533300,380.4940490723
2021-11-29,QQQ,395.8900146484,400.7300109863,395.1400146484,399.6900024414,54447100,388.7516784668
2021-11-30,QQQ,398.7799987793,401.1900024414,391.7500000000,393.8200073242,81332700,383.0423583984
2021-12-01,QQQ,398.2799987793,400.4800109863,386.6400146484,387.1199951172,77766500,376.5256347656
2021-12-02,QQQ,385.7999877930,391.7399902344,384.3399963379,389.9100036621,84416600,379.2393493652
2021-12-03,QQQ,391.3099975586,392.3399963379,378.8999938965,383.1300048828,105349100,372.6448974609
2021-12-06,QQQ,383.6300048828,387.6000061035,379.2999877930,386.2000122070,67588800,375.6308898926
2021-12-07,QQQ,393.0299987793,398.4599914551,392.9899902344,397.8299865723,56005300,386.9425048828
2021-12-08,QQQ,398.1700134277,399.8200073242,396.2200012207,399.6099853516,39204000,388.6738586426
2021-12-09,QQQ,398.3500061035,400.2000122070,393.5299987793,393.7300109863,49973700,382.9547424316
2021-12-10,QQQ,396.6199951172,398.2799987793,393.3599853516,398.0100097656,52545800,387.1176757812
2021-12-13,QQQ,398.0000000000,398.3299865723,391.8800048828,392.2600097656,50166400,381.5250549316
2021-12-14,QQQ,387.2999877930,390.0899963379,383.6300048828,388.2000122070,75199200,377.5761413574
2021-12-15,QQQ,387.9400024414,397.4200134277,383.8800048828,397.0499877930,73858000,386.1839904785
2021-12-16,QQQ,398.0400085449,398.4800109863,385.2099914551,386.8399963379,82591400,376.2533264160
2021-12-17,QQQ,383.3299865723,389.1900024414,381.7699890137,384.9100036621,80492500,374.3761291504
2021-12-20,QQQ,379.5700073242,381.5000000000,377.4700012207,380.6900024414,65336800,370.7445068359
2021-12-21,QQQ,384.0499877930,389.5299987793,380.2000122070,389.2099914551,48899500,379.0419616699
2021-12-22,QQQ,388.9100036621,394.1600036621,388.2300109863,393.9500122070,37042200,383.6581420898
2021-12-23,QQQ,394.3099975586,398.4299926758,394.1400146484,396.9200134277,29595500,386.5506591797
2021-12-27,QQQ,398.2500000000,403.4800109863,398.2200012207,403.4800109863,32820700,392.9392700195
2021-12-28,QQQ,404.3999938965,404.5799865723,400.7099914551,401.6099853516,33113700,391.1180419922
2021-12-29,QQQ,401.7500000000,403.0499877930,399.1099853516,401.5499877930,32248500,391.0596313477
2021-12-30,QQQ,401.3299865723,403.5700073242,399.7500000000,400.3500061035,23850100,389.8909301758
2021-12-31,QQQ,399.6600036621,401.0599975586,397.3399963379,397.8500061035,34752900,387.4562377930
2022-01-03,QQQ,399.0499877930,401.9400024414,396.8800048828,401.6799926758,40575900,391.1861877441
2022-01-04,QQQ,402.2399902344,402.2799987793,393.2900085449,396.4700012207,58027200,386.1123657227
2022-01-05,QQQ,394.7399902344,395.8900146484,384.0299987793,384.2900085449,75739800,374.2504882812
2022-01-06,QQQ,382.4200134277,387.3500061035,380.1300048828,384.0199890137,70814300,373.9875183105
2022-01-07,QQQ,384.0299987793,385.7600097656,378.0400085449,379.8599853516,72652300,369.9361877441
2022-01-10,QQQ,374.8200073242,380.6400146484,369.3099975586,380.1099853516,91770500,370.1797485352
2022-01-11,QQQ,379.3599853516,385.9899902344,377.2200012207,385.8200073242,68295700,375.7406005859
2022-01-12,QQQ,388.4599914551,390.2000122070,385.0100097656,387.3500061035,54576400,377.2306213379
2022-01-13,QQQ,388.7699890137,389.4700012207,376.7000122070,377.6600036621,77994000,367.7937011719
2022-01-14,QQQ,375.0700073242,380.3500061035,374.8599853516,380.0100097656,80121200,370.0822753906
2022-01-18,QQQ,374.0400085449,376.2200012207,369.7699890137,370.5499877930,75450900,360.8694763184
2022-01-19,QQQ,372.1499938965,374.6900024414,366.2099914551,366.4800109863,81791500,356.9058227539
2022-01-20,QQQ,369.7900085449,373.8699951172,361.1700134277,361.7200012207,88610700,352.2701110840
2022-01-21,QQQ,359.4700012207,362.1799926758,351.3999938965,351.6900024414,143388900,342.5021972656
2022-01-24,QQQ,345.9100036621,353.9800109863,334.1499938965,353.2999877930,198685800,344.0701904297
2022-01-25,QQQ,346.6700134277,351.0299987793,341.6799926758,345.1099853516,124398400,336.0940551758
2022-01-26,QQQ,352.9100036621,356.8800048828,340.7799987793,344.5700073242,146559500,335.5681762695
2022-01-27,QQQ,349.3999938965,351.2699890137,340.0499877930,341.1000061035,95255700,332.1889343262
2022-01-28,QQQ,343.0299987793,352.0199890137,337.9500122070,351.7999877930,108167900,342.6093444824
2022-01-31,QQQ,353.2000122070,363.6499938965,351.5199890137,363.0499877930,94326400,353.5653991699
2022-02-01,QQQ,364.4299926758,366.1900024414,359.1400146484,365.5199890137,74433000,355.9709167480
2022-02-02,QQQ,369.7600097656,370.1000061035,364.2900085449,368.4899902344,78777100,358.8633422852
2022-02-03,QQQ,358.5299987793,361.9299926758,352.4599914551,353.5499877930,95384800,344.3135986328
2022-02-04,QQQ,354.0799865723,361.3999938965,351.9700012207,358.0100097656,86318300,348.6570739746
2022-02-07,QQQ,358.6199951172,361.0499877930,353.8399963379,355.1300048828,58198100,345.8522644043
2022-02-08,QQQ,353.9599914551,360.2399902344,352.7999877930,359.1199951172,64720900,349.7381286621
2022-02-09,QQQ,363.7600097656,366.8099975586,362.1199951172,366.7300109863,55766400,357.1492919922
2022-02-10,QQQ,359.5199890137,366.4899902344,356.5400085449,358.4299926758,112468500,349.0661010742
2022-02-11,QQQ,358.4299926758,360.0700073242,345.7999877930,347.0599975586,101569100,337.9931030273
2022-02-14,QQQ,346.4899902344,350.9800109863,343.8900146484,347.4899902344,80254400,338.4119567871
2022-02-15,QQQ,352.9100036621,356.3699951172,351.8200073242,356.1300048828,55128800,346.8262023926
2022-02-16,QQQ,353.8200073242,357.0899963379,350.7099914551,356.0400085449,58947100,346.7385864258
2022-02-17,QQQ,352.7399902344,353.4599914551,345.0199890137,345.4500122070,61801400,336.4252929688
2022-02-18,QQQ,346.4100036621,346.8099975586,339.1400146484,341.5100097656,80001500,332.5881347656
2022-02-22,QQQ,338.4899902344,344.0400085449,334.3500061035,338.0799865723,85967100,329.2476806641
2022-02-23,QQQ,341.3200073242,342.1799926758,329.1000061035,329.4200134277,86215400,320.8139953613
2022-02-24,QQQ,318.8399963379,341.0400085449,318.2600097656,340.4899902344,130614100,331.5947570801
2022-02-25,QQQ,341.3099975586,345.9800109863,337.3900146484,345.7699890137,78842100,336.7368774414
2022-02-28,QQQ,342.5100097656,348.5400085449,341.3200073242,346.7999877930,77515500,337.7398986816
2022-03-01,QQQ,345.7500000000,348.0799865723,338.8999938965,341.4899902344,67407000,332.5686035156
2022-03-02,QQQ,343.0799865723,348.5899963379,340.2399902344,347.2200012207,70609000,338.1489868164
2022-03-03,QQQ,349.9299926758,350.0400085449,340.3500061035,342.2600097656,71089400,333.3186035156
2022-03-04,QQQ,339.8399963379,341.3099975586,334.9200134277,337.2999877930,76936300,328.4880981445
2022-03-07,QQQ,337.2900085449,338.4800109863,324.6499938965,324.8599853516,89933800,316.3730773926
2022-03-08,QQQ,324.0499877930,333.2099914551,319.9400024414,323.3500061035,116153900,314.9025878906
2022-03-09,QQQ,331.7500000000,336.3800048828,329.0899963379,334.9899902344,64723400,326.2384643555
2022-03-10,QQQ,330.8200073242,332.5100097656,326.7099914551,331.2699890137,69362700,322.6156311035
2022-03-11,QQQ,334.3200073242,334.6400146484,323.8999938965,324.3999938965,66228400,315.9251098633
2022-03-14,QQQ,323.1300048828,326.5899963379,317.4500122070,318.1700134277,79802600,309.8579101562
2022-03-15,QQQ,320.8800048828,328.9500122070,319.2300109863,328.1499938965,76471000,319.5771179199
2022-03-16,QQQ,332.1700134277,340.4400024414,328.3999938965,340.3200073242,105243000,331.4292297363
2022-03-17,QQQ,338.3699951172,344.5000000000,337.0400085449,344.4400024414,67810000,335.4416198730
2022-03-18,QQQ,342.7399902344,351.7900085449,341.5499877930,351.4899902344,85446300,342.3074645996
2022-03-21,QQQ,350.2000122070,352.4800109863,345.5799865723,350.0799865723,73799100,341.3557434082
2022-03-22,QQQ,350.5899963379,357.8500061035,350.2000122070,356.9599914551,63345900,348.0643310547
2022-03-23,QQQ,354.0100097656,357.6600036621,351.7699890137,351.8299865723,70615500,343.0620422363
2022-03-24,QQQ,353.7999877930,359.7000122070,351.5899963379,359.6499938965,53555300,350.6872253418
2022-03-25,QQQ,359.5899963379,360.6700134277,354.9400024414,359.3500061035,57584200,350.3947143555
2022-03-28,QQQ,359.3399963379,365.0100097656,358.0700073242,364.9100036621,56833900,355.8161621094
2022-03-29,QQQ,368.8999938965,371.8299865723,366.0599975586,371.1900024414,68073000,361.9396667480
2022-03-30,QQQ,369.2799987793,370.9800109863,365.5700073242,367.0899963379,68757700,357.9418640137
2022-03-31,QQQ,367.2399902344,367.6000061035,361.6799926758,362.5400085449,67011400,353.5052490234
2022-04-01,QQQ,362.8099975586,363.6099853516,358.5899963379,361.8500061035,54527800,352.8324279785
2022-04-04,QQQ,362.7099914551,369.3099975586,362.4400024414,369.2999877930,45950200,360.0967407227
2022-04-05,QQQ,367.8099975586,368.5400085449,359.9299926758,361.1000061035,62738700,352.1011657715
2022-04-06,QQQ,355.6499938965,356.7799987793,350.5599975586,353.2600097656,90077100,344.4565124512
2022-04-07,QQQ,352.2399902344,356.3500061035,348.6900024414,354.1000061035,63777400,345.2756347656
2022-04-08,QQQ,352.3200073242,353.0899963379,348.5000000000,349.1499938965,61956100,340.4489135742
2022-04-11,QQQ,344.8099975586,345.7500000000,340.5400085449,340.8900146484,66107400,332.3947448730
2022-04-12,QQQ,345.7600097656,347.6900024414,338.0400085449,339.4500122070,72790200,330.9906921387
2022-04-13,QQQ,339.7999877930,347.4299926758,339.0599975586,346.3500061035,61367800,337.7187194824
2022-04-14,QQQ,346.4400024414,346.9700012207,338.2099914551,338.4299926758,73519400,329.9960937500
2022-04-18,QQQ,337.3500061035,341.0400085449,335.7900085449,338.6900024414,58560600,330.2495727539
2022-04-19,QQQ,338.0299987793,346.8500061035,336.9800109863,346.2600097656,56515700,337.6309204102
2022-04-20,QQQ,347.0899963379,347.5599975586,339.9599914551,341.2099914551,65500000,332.7067260742
2022-04-21,QQQ,345.1900024414,347.8699951172,333.2000122070,334.1499938965,75801000,325.8226623535
2022-04-22,QQQ,334.3099975586,335.5599975586,324.9599914551,325.3999938965,82562100,317.2907714844
2022-04-25,QQQ,323.7300109863,329.8999938965,322.4299926758,329.5799865723,101755900,321.3665466309
2022-04-26,QQQ,327.4700012207,327.6600036621,316.8599853516,317.1400146484,105819600,309.2366943359
2022-04-27,QQQ,317.2399902344,322.8800048828,315.0000000000,316.7600097656,111204200,308.8661804199
2022-04-28,QQQ,321.8500061035,329.8900146484,317.5199890137,328.0100097656,99450000,319.8357238770
2022-04-29,QQQ,323.7000122070,327.2300109863,312.6000061035,313.2500000000,91977900,305.4435424805
2022-05-02,QQQ,312.8299865723,318.7200012207,309.6499938965,318.4800109863,115511800,310.5432434082
2022-05-03,QQQ,318.5000000000,321.1700134277,315.9800109863,318.8200073242,78185500,310.8748168945
2022-05-04,QQQ,319.3099975586,330.2900085449,313.8900146484,329.6000061035,116083400,321.3861083984
2022-05-05,QQQ,325.1700134277,325.2500000000,309.6199951172,313.0000000000,154607400,305.1998596191
2022-05-06,QQQ,310.9500122070,315.0899963379,305.1099853516,309.2500000000,139572800,301.5432434082
2022-05-09,QQQ,303.4800109863,309.3500061035,295.7200012207,297.1499938965,113387300,289.7447814941
2022-05-10,QQQ,304.5100097656,305.7600097656,296.5700073242,300.7600097656,124124600,293.2648010254
2022-05-11,QQQ,298.4400024414,304.0899963379,290.9500122070,291.8399963379,140326100,284.5671386719
2022-05-12,QQQ,287.4500122070,295.7500000000,284.9400024414,291.1499938965,120910900,283.8942565918
2022-05-13,QQQ,295.7200012207,303.0000000000,294.0799865723,301.9400024414,83684900,294.4154052734
2022-05-16,QQQ,300.1499938965,302.2600097656,297.1300048828,298.4400024414,59190400,291.0026245117
2022-05-17,QQQ,304.4500122070,306.5599975586,300.5499877930,306.1700134277,62715300,298.5400390625
2022-05-18,QQQ,301.5400085449,302.2500000000,289.8500061035,291.1400146484,79477100,283.8846130371
2022-05-19,QQQ,289.2900085449,294.3900146484,287.5799865723,289.5799865723,79920700,282.3634033203
2022-05-20,QQQ,293.1300048828,293.7999877930,280.2099914551,288.6799926758,91764200,281.4858703613
2022-05-23,QQQ,289.7500000000,293.8699951172,287.2900085449,293.4800109863,63648400,286.1662292480
2022-05-24,QQQ,288.1300048828,288.8599853516,282.2500000000,287.2399902344,73491100,280.0817871094
2022-05-25,QQQ,285.7099914551,293.3900146484,285.5000000000,291.2600097656,67144500,284.0015869141
2022-05-26,QQQ,290.4400024414,300.9200134277,290.1499938965,299.3299865723,59462200,291.8703918457
2022-05-27,QQQ,302.5400085449,309.2500000000,302.4200134277,309.1000061035,66985600,301.3970336914
2022-05-31,QQQ,309.0700073242,311.3299865723,304.3299865723,308.2799987793,60968300,300.5973815918
2022-06-01,QQQ,310.4700012207,312.6499938965,303.7300109863,306.0000000000,65341700,298.3742370605
2022-06-02,QQQ,304.8500061035,314.5599975586,303.3999938965,314.3800048828,59291300,306.5453796387
2022-06-03,QQQ,309.0299987793,310.4700012207,304.9200134277,306.2000122070,60914700,298.5693054199
2022-06-06,QQQ,310.7500000000,312.3500061035,305.6199951172,307.2200012207,51785000,299.5638732910
2022-06-07,QQQ,303.8099975586,310.6700134277,302.6900024414,309.8699951172,44900300,302.1477661133
2022-06-08,QQQ,309.0499877930,311.7200012207,306.7699890137,307.6400146484,38342100,299.9733886719
2022-06-09,QQQ,305.9100036621,309.0499877930,299.2300109863,299.3999938965,55900500,291.9387207031
2022-06-10,QQQ,293.6499938965,294.8699951172,288.3800048828,288.8399963379,85963500,281.6419067383
2022-06-13,QQQ,279.7500000000,282.3399963379,274.5299987793,275.4100036621,94442000,268.5465698242
2022-06-14,QQQ,277.6600036621,278.6600036621,273.3399963379,275.9100036621,64697500,269.0341796875
2022-06-15,QQQ,279.4200134277,286.8299865723,276.6099853516,282.7999877930,86051400,275.7524108887
2022-06-16,QQQ,275.5899963379,276.0599975586,269.2799987793,271.3900146484,81910300,264.6267700195
2022-06-17,QQQ,272.1799926758,277.1900024414,270.5100097656,274.6900024414,82703400,267.8445129395
2022-06-21,QQQ,278.7500000000,283.4500122070,278.6400146484,281.0799865723,51633700,274.6021118164
2022-06-22,QQQ,278.5199890137,285.1799926758,277.9100036621,280.6700134277,67472900,274.2016296387
2022-06-23,QQQ,283.2099914551,285.7200012207,280.3099975586,284.8500061035,57457800,278.2852478027
2022-06-24,QQQ,287.7399902344,295.0400085449,287.5000000000,294.6099853516,58422300,287.8203125000
2022-06-27,QQQ,296.0000000000,296.5799865723,291.2900085449,292.4500122070,54151500,285.7100830078
2022-06-28,QQQ,293.0000000000,295.6499938965,283.3500061035,283.5400085449,61609800,277.0054321289
2022-06-29,QQQ,283.3999938965,285.3399963379,280.8399963379,283.7999877930,57302700,277.2594604492
2022-06-30,QQQ,280.7500000000,283.9400024414,275.7799987793,280.2799987793,79313600,273.8205261230
2022-07-01,QQQ,278.9500122070,282.5299987793,277.0299987793,282.1300048828,56675100,275.6278991699
2022-07-05,QQQ,278.3099975586,287.0799865723,276.7500000000,286.9599914551,61829300,280.3466186523
2022-07-06,QQQ,287.3500061035,290.9500122070,285.5899963379,288.7999877930,63194700,282.1441955566
2022-07-07,QQQ,289.6300048828,295.7000122070,289.6300048828,294.9800109863,56620100,288.1817932129
2022-07-08,QQQ,292.0799865723,296.7500000000,291.1199951172,295.3500061035,59895500,288.5432128906
2022-07-11,QQQ,292.8800048828,293.1099853516,288.1400146484,289.0400085449,55273900,282.3786621094
2022-07-12,QQQ,290.3200073242,292.2799987793,284.6099853516,286.2399902344,55797100,279.6431274414
2022-07-13,QQQ,280.6000061035,288.0499877930,280.0199890137,285.6499938965,73939400,279.0668334961
2022-07-14,QQQ,282.9899902344,287.5599975586,279.7999877930,286.6700134277,63741800,280.0633239746
2022-07-15,QQQ,289.7300109863,291.9800109863,288.0799865723,291.8699951172,63818100,285.1434326172
2022-07-18,QQQ,294.7200012207,296.1600036621,288.2000122070,289.3999938965,59519600,282.7303161621
2022-07-19,QQQ,293.1099853516,298.6000061035,291.4700012207,298.2999877930,55172600,291.4252929688
2022-07-20,QQQ,298.7300109863,304.2399902344,297.9299926758,303.0299987793,67769400,296.0462341309
2022-07-21,QQQ,303.5000000000,307.4400024414,300.7799987793,307.3800048828,55049400,300.2960510254
2022-07-22,QQQ,306.4299926758,308.5499877930,300.1199951172,301.9899902344,57127700,295.0302124023
2022-07-25,QQQ,302.0199890137,302.5000000000,298.2200012207,300.2699890137,40582400,293.3498840332
2022-07-26,QQQ,298.5299987793,298.7900085449,293.5400085449,294.3699951172,50074100,287.5858764648
2022-07-27,QQQ,299.0400085449,308.5400085449,298.4599914551,306.8099975586,69304400,299.7391052246
2022-07-28,QQQ,306.5899963379,310.3999938965,302.7500000000,309.8099975586,55139900,302.6700439453
2022-07-29,QQQ,311.3900146484,316.3900146484,309.9299926758,315.4599914551,57501000,308.1897583008
2022-08-01,QQQ,313.6499938965,318.8099975586,312.5299987793,315.2699890137,46358800,308.0040893555
2022-08-02,QQQ,312.9200134277,318.5499877930,311.8399963379,314.3299865723,48676500,307.0858154297
2022-08-03,QQQ,316.0499877930,323.7300109863,315.9899902344,322.8900146484,53735700,315.4485473633
2022-08-04,QQQ,322.9700012207,324.7200012207,320.7699890137,324.3999938965,38973700,316.9236755371
2022-08-05,QQQ,319.1900024414,323.8299865723,318.3900146484,321.7500000000,53894000,314.3347473145
2022-08-08,QQQ,322.6900024414,326.4700012207,319.2099914551,320.7099914551,43878500,313.3187561035
2022-08-09,QQQ,318.7699890137,319.0299987793,315.4200134277,317.0799865723,39764200,309.7723999023
2022-08-10,QQQ,324.5899963379,326.2300109863,322.0599975586,325.9299926758,51459600,318.4185180664
2022-08-11,QQQ,328.3099975586,330.3599853516,323.3599853516,324.0799865723,45897700,316.6110534668
2022-08-12,QQQ,326.1799926758,330.5899963379,325.1000061035,330.3900146484,40928400,322.7756958008
2022-08-15,QQQ,329.4200134277,333.5700073242,329.3999938965,333.0599975586,38266600,325.3841857910
2022-08-16,QQQ,332.0599975586,334.4200134277,329.1600036621,332.2799987793,41186900,324.6221618652
2022-08-17,QQQ,329.0700073242,331.4299926758,326.3599853516,328.4899902344,47842200,320.9194030762
2022-08-18,QQQ,328.4400024414,330.4899902344,326.7900085449,329.2799987793,41937200,321.6912841797
2022-08-19,QQQ,326.1700134277,326.8399963379,322.0799865723,322.8599853516,51770600,315.4192504883
2022-08-22,QQQ,318.5000000000,318.7399902344,313.5299987793,314.3599853516,51098900,307.1151428223
2022-08-23,QQQ,314.1199951172,317.0000000000,313.3299865723,314.1000061035,39497100,306.8611145020
2022-08-24,QQQ,313.6099853516,316.8699951172,312.9899902344,315.0100097656,38057100,307.7501220703
2022-08-25,QQQ,316.8299865723,320.6000061035,315.7600097656,320.5799865723,38098300,313.1918029785
2022-08-26,QQQ,320.2799987793,321.5100097656,307.3500061035,307.4400024414,69047700,300.3546142578
2022-08-29,QQQ,304.6199951172,307.2200012207,303.2799987793,304.4100036621,48321900,297.3945312500
2022-08-30,QQQ,306.1000061035,306.7300109863,298.4400024414,301.0199890137,51184500,294.0825805664
2022-08-31,QQQ,303.9899902344,304.9100036621,299.1600036621,299.2699890137,50044000,292.3728637695
2022-09-01,QQQ,296.7200012207,299.7799987793,292.9500122070,299.3999938965,57990700,292.4999389648
2022-09-02,QQQ,302.3399963379,303.7500000000,293.5199890137,295.1700134277,64666800,288.3674316406
2022-09-06,QQQ,295.6600036621,296.6000061035,290.8699951172,293.0499877930,57005400,286.2962951660
2022-09-07,QQQ,293.5400085449,299.9899902344,293.2699890137,298.9700012207,49260400,292.0798034668
2022-09-08,QQQ,296.8500061035,301.8699951172,295.4500122070,300.5199890137,55649800,293.5940246582
2022-09-09,QQQ,302.8299865723,307.6000061035,300.5199890137,307.0899963379,56125200,300.0126953125
2022-09-12,QQQ,308.5000000000,311.0799865723,308.1799926758,310.7399902344,45905700,303.5784912109
2022-09-13,QQQ,301.7999877930,303.0199890137,292.7900085449,293.7000122070,79562200,286.9313049316
2022-09-14,QQQ,294.8699951172,296.9299926758,293.0599975586,296.0299987793,54907200,289.2075805664
2022-09-15,QQQ,294.0700073242,296.5299987793,289.4599914551,291.1000061035,65299400,284.3912658691
2022-09-16,QQQ,287.7200012207,289.7200012207,285.6199951172,289.3200073242,79920400,282.6522216797
2022-09-19,QQQ,286.1000061035,291.2099914551,286.0400085449,291.0499877930,52613800,284.8533325195
2022-09-20,QQQ,288.4899902344,291.0700073242,286.3800048828,288.7300109863,51271100,282.5827636719
2022-09-21,QQQ,289.5899963379,293.9500122070,283.4200134277,283.5599975586,82931000,277.5227661133
2022-09-22,QQQ,282.0000000000,283.0299987793,278.8200073242,280.0700073242,62757100,274.1071166992
2022-09-23,QQQ,277.5499877930,277.8500061035,272.0199890137,275.5100097656,74815200,269.6441955566
2022-09-26,QQQ,275.0299987793,279.4899902344,273.5599975586,274.3699951172,71176700,268.5284729004
2022-09-27,QQQ,277.8099975586,280.2099914551,272.1099853516,274.4800109863,69780100,268.6361389160
2022-09-28,QQQ,274.4599914551,281.2500000000,272.9500122070,279.9400024414,79652100,273.9798278809
2022-09-29,QQQ,275.8599853516,276.2500000000,268.8399963379,271.8699951172,81216000,266.0816955566
2022-09-30,QQQ,271.0299987793,275.1900024414,267.1000061035,267.2600097656,78482400,261.5698242188
2022-10-03,QQQ,269.0700073242,275.1600036621,267.5299987793,273.5299987793,61267400,267.7063293457
2022-10-04,QQQ,278.9899902344,282.8500061035,278.9899902344,282.1300048828,66696900,276.1231994629
2022-10-05,QQQ,278.2799987793,283.8099975586,275.4200134277,281.9800109863,55766300,275.9764709473
2022-10-06,QQQ,280.9599914551,284.1799926758,279.4299926758,279.7600097656,53489400,273.8037414551
2022-10-07,QQQ,275.0199890137,275.1499938965,267.7399902344,269.1000061035,71354700,263.3706970215
2022-10-10,QQQ,269.2999877930,269.7000122070,263.6400146484,266.4100036621,60393000,260.7379455566
2022-10-11,QQQ,264.7000122070,267.6300048828,261.0299987793,262.7500000000,66522500,257.1558532715
2022-10-12,QQQ,263.3999938965,265.3599853516,261.9500122070,262.6600036621,50580200,257.0677490234
2022-10-13,QQQ,255.1600036621,270.1700134277,254.2599945068,268.8200073242,112894100,263.0965881348
2022-10-14,QQQ,271.2000122070,271.8099975586,260.1400146484,260.7399902344,77244300,255.1886749268
2022-10-17,QQQ,266.8399963379,270.2399902344,266.7399902344,269.3500061035,64576500,263.6153564453
2022-10-18,QQQ,276.5299987793,277.2099914551,268.7399902344,271.4800109863,69781000,265.7000122070
2022-10-19,QQQ,269.9299926758,273.6799926758,268.0700073242,270.4899902344,53115400,264.7310180664
2022-10-20,QQQ,269.5799865723,274.8399963379,267.9200134277,269.1099853516,60605500,263.3804016113
2022-10-21,QQQ,267.9800109863,275.9700012207,266.8200073242,275.4200134277,77897700,269.5561828613
2022-10-24,QQQ,275.6900024414,279.3999938965,271.9700012207,278.4500122070,63963600,272.5216369629
2022-10-25,QQQ,279.4100036621,284.6000061035,277.8999938965,284.2099914551,59014500,278.1589050293
2022-10-26,QQQ,278.4599914551,283.9800109863,277.4299926758,277.9299926758,63492400,272.0126647949
2022-10-27,QQQ,276.7900085449,278.2799987793,272.3399963379,272.8699951172,57760300,267.0603637695
2022-10-28,QQQ,272.2300109863,281.7000122070,272.0599975586,281.2200012207,62651300,275.2325439453
2022-10-31,QQQ,278.9200134277,279.7600097656,275.9899902344,277.9500122070,47742000,272.0322570801
2022-11-01,QQQ,281.5000000000,282.0700073242,274.7399902344,275.1099853516,45895900,269.2526855469
2022-11-02,QQQ,275.0799865723,278.2099914551,265.6099853516,265.6799926758,79803100,260.0234985352
2022-11-03,QQQ,263.0100097656,264.5000000000,260.1000061035,260.4899902344,70038900,254.9439239502
2022-11-04,QQQ,265.5299987793,266.6099853516,259.0799865723,264.6799926758,78313200,259.0447998047
2022-11-07,QQQ,265.7500000000,268.1400146484,263.5700073242,267.5899963379,47333800,261.8927917480
2022-11-08,QQQ,269.1400146484,272.8500061035,265.5199890137,269.5400085449,63213800,263.8013305664
2022-11-09,QQQ,267.7600097656,268.5599975586,263.0299987793,263.3200073242,64862100,257.7137145996
2022-11-10,QQQ,276.0100097656,283.0499877930,273.8500061035,282.7500000000,99256700,276.7300720215
2022-11-11,QQQ,282.5599975586,288.6400146484,281.1900024414,287.9599914551,66961800,281.8291320801
2022-11-14,QQQ,285.8599853516,289.2099914551,284.4400024414,285.4400024414,55290700,279.3627624512
2022-11-15,QQQ,292.2099914551,293.2600097656,285.9700012207,289.3900146484,73985400,283.2286682129
2022-11-16,QQQ,287.3900146484,289.4800109863,284.6000061035,285.4400024414,48859800,279.3627624512
2022-11-17,QQQ,280.8800048828,286.3200073242,280.7200012207,284.8099975586,55462100,278.7462158203
2022-11-18,QQQ,287.8900146484,287.9899902344,282.3200073242,284.8200073242,53588600,278.7559509277
2022-11-21,QQQ,283.3999938965,284.5799865723,281.0400085449,281.8900146484,40083500,275.8883666992
2022-11-22,QQQ,282.6400146484,286.1099853516,280.4599914551,285.9500122070,41873400,279.8619384766
2022-11-23,QQQ,285.9700012207,289.4599914551,285.7900085449,288.8200073242,46390000,282.6708374023
2022-11-25,QQQ,287.1900024414,287.9100036621,286.4200134277,286.9200134277,15498800,280.8112792969
2022-11-28,QQQ,284.8999938965,286.9599914551,281.7600097656,282.7099914551,38714200,276.6909179688
2022-11-29,QQQ,282.9400024414,283.3500061035,279.1700134277,280.5700073242,35618900,274.5964965820
2022-11-30,QQQ,280.8399963379,293.4700012207,279.9700012207,293.3599853516,74718100,287.1141357422
2022-12-01,QQQ,293.6900024414,295.7500000000,290.8800048828,293.7200012207,51547300,287.4664916992
2022-12-02,QQQ,288.5400085449,293.4500122070,288.3599853516,292.5499877930,53583200,286.3213806152
2022-12-05,QQQ,290.3800048828,291.6799926758,286.1499938965,287.6400146484,41482100,281.5159301758
2022-12-06,QQQ,287.4800109863,287.6199951172,280.2600097656,281.6799926758,53937600,275.6828002930
2022-12-07,QQQ,280.4700012207,282.5700073242,278.7799987793,280.5299987793,45614300,274.5573425293
2022-12-08,QQQ,281.9100036621,284.8399963379,279.7900085449,283.8500061035,42594900,277.8067016602
2022-12-09,QQQ,282.8099975586,285.6400146484,281.5899963379,282.0400085449,47860500,276.0351562500
2022-12-12,QQQ,282.2200012207,285.6400146484,281.1600036621,285.5799865723,35732500,279.4997863770
2022-12-13,QQQ,296.6499938965,296.8800048828,285.9100036621,288.6499938965,80667700,282.5044555664
2022-12-14,QQQ,288.0499877930,291.4100036621,283.1900024414,286.5100097656,64984400,280.4100646973
2022-12-15,QQQ,282.3299865723,283.0100097656,275.6700134277,276.8900146484,60554100,270.9948425293
2022-12-16,QQQ,276.2000122070,277.7699890137,272.6099853516,274.2500000000,68300400,268.4110412598
2022-12-19,QQQ,273.8699951172,273.9599914551,268.4899902344,269.7500000000,44167900,264.6388854980
2022-12-20,QQQ,268.5599975586,271.3200073242,266.9500122070,269.5400085449,51064200,264.4328918457
2022-12-21,QQQ,270.6000061035,274.7799987793,269.7399902344,273.4500122070,46394700,268.2687377930
2022-12-22,QQQ,270.3800048828,270.5100097656,262.4599914551,266.7600097656,60278400,261.7055664062
2022-12-23,QQQ,265.4700012207,268.0400085449,263.5299987793,267.3599853516,39373600,262.2941589355
2022-12-27,QQQ,266.7399902344,266.8500061035,263.0299987793,263.5799865723,38009000,258.5858154297
2022-12-28,QQQ,263.1700134277,265.4700012207,259.7300109863,260.1000061035,47139000,255.1717681885
2022-12-29,QQQ,262.9599914551,267.3999938965,262.2500000000,266.4400024414,45893600,261.3916320801
2022-12-30,QQQ,263.6199951172,266.4100036621,262.2900085449,266.2799987793,37858300,261.2345581055
2023-01-03,QQQ,268.6499938965,270.1499938965,262.1300048828,264.4800109863,42335300,259.4687194824
2023-01-04,QQQ,266.6400146484,267.4500122070,262.5299987793,265.7399902344,47754900,260.7048645020
2023-01-05,QQQ,264.0400085449,264.2099914551,261.2600097656,261.5799865723,45396700,256.6237182617
2023-01-06,QQQ,263.3500061035,269.9400024414,260.3399963379,268.7999877930,54659700,263.7069091797
2023-01-09,QQQ,270.8299865723,275.2900085449,269.9200134277,270.5400085449,45568700,265.4139099121
2023-01-10,QQQ,269.4899902344,272.9400024414,268.9700012207,272.8299865723,35247800,267.6604919434
2023-01-11,QQQ,273.9200134277,277.6600036621,273.1199951172,277.5499877930,44077000,272.2911071777
2023-01-12,QQQ,278.1199951172,280.1000061035,273.7399902344,279.0499877930,60600000,273.7626647949
2023-01-13,QQQ,276.5000000000,281.2200012207,276.1600036621,280.9700012207,44802900,275.6463317871
2023-01-17,QQQ,280.7699890137,282.8500061035,279.5799865723,281.5400085449,36269700,276.2054443359
2023-01-18,QQQ,283.1099853516,284.6900024414,277.6700134277,277.8800048828,47754500,272.6147766113
2023-01-19,QQQ,276.2200012207,277.3800048828,273.8900146484,275.1499938965,44150400,269.9365539551
2023-01-20,QQQ,276.7900085449,283.0199890137,275.7099914551,282.6799926758,60613600,277.3238525391
2023-01-23,QQQ,283.5400085449,290.2099914551,282.7300109863,288.9599914551,52799900,283.4848937988
2023-01-24,QQQ,287.3099975586,289.5499877930,286.7799987793,288.3699951172,44875100,282.9060363770
2023-01-25,QQQ,283.7699890137,288.3599853516,281.1799926758,287.7300109863,50872000,282.2782287598
2023-01-26,QQQ,291.2200012207,293.5199890137,288.5199890137,293.3399963379,51596300,287.7819519043
2023-01-27,QQQ,292.0000000000,298.2600097656,291.8800048828,296.2600097656,56441900,290.6465759277
2023-01-30,QQQ,292.9299926758,294.3800048828,289.8900146484,290.2699890137,49405800,284.7700500488
2023-01-31,QQQ,290.3099975586,294.7200012207,290.2000122070,294.6199951172,46705100,289.0376892090
2023-02-01,QQQ,294.4100036621,303.4299926758,292.2999877930,300.9200134277,67562200,295.2182922363
2023-02-02,QQQ,307.5700073242,313.6799926758,306.7300109863,311.7200012207,83070600,305.8136596680
2023-02-03,QQQ,304.9400024414,312.3900146484,304.5400085449,306.1799926758,76170800,300.3786315918
2023-02-06,QQQ,303.5100097656,305.9100036621,302.2200012207,303.5899963379,40802300,297.8377075195
2023-02-07,QQQ,303.4599914551,311.0299987793,302.3200073242,309.8800048828,67584000,304.0084838867
2023-02-08,QQQ,308.5400085449,309.5000000000,303.6700134277,304.3699951172,56720900,298.6029052734
2023-02-09,QQQ,308.8399963379,308.9899902344,300.2000122070,301.6799926758,49137800,295.9638366699
2023-02-10,QQQ,299.4800109863,301.5700073242,297.2500000000,299.7000122070,50050100,294.0214233398
2023-02-13,QQQ,301.1300048828,305.1000061035,299.9299926758,304.5000000000,39636700,298.7304077148
2023-02-14,QQQ,302.8900146484,307.7200012207,300.9100036621,306.7500000000,64079100,300.9377746582
2023-02-15,QQQ,304.8999938965,309.2699890137,304.2000122070,309.1000061035,43100600,303.2433166504
2023-02-16,QQQ,304.3800048828,308.4299926758,303.1499938965,303.2999877930,59498600,297.5531311035
2023-02-17,QQQ,301.0700073242,301.9299926758,298.1000061035,301.1600036621,58230700,295.4537658691
2023-02-21,QQQ,297.2600097656,298.7300109863,293.8900146484,294.0299987793,46526700,288.4588623047
2023-02-22,QQQ,294.6199951172,296.3599853516,292.5599975586,294.2500000000,51389200,288.6746215820
2023-02-23,QQQ,297.9700012207,298.1300048828,292.5499877930,296.8200073242,69294400,291.1959838867
2023-02-24,QQQ,291.7600097656,292.9700012207,290.0499877930,291.8500061035,74332000,286.3201293945
2023-02-27,QQQ,295.0700073242,296.4899902344,293.3399963379,293.9400024414,48995000,288.3705139160
2023-02-28,QQQ,293.2999877930,296.1199951172,292.9599914551,293.5599975586,48243100,287.9977111816
2023-03-01,QQQ,293.2600097656,293.9299926758,290.2000122070,291.2000122070,58287000,285.6824340820
2023-03-02,QQQ,288.6600036621,294.4299926758,288.3699951172,293.6099853516,53565900,288.0468139648
2023-03-03,QQQ,295.3900146484,299.9200134277,294.8699951172,299.6799926758,60511500,294.0017700195
2023-03-06,QQQ,300.9400024414,304.0000000000,299.8200073242,300.0199890137,56736300,294.3352966309
2023-03-07,QQQ,300.0700073242,301.0100097656,295.7200012207,296.3399963379,65955800,290.7250976562
2023-03-08,QQQ,296.7699890137,298.4299926758,294.8800048828,297.8200073242,50876300,292.1770629883
2023-03-09,QQQ,298.3299865723,300.9800109863,291.8299865723,292.6600036621,71456700,287.1147766113
2023-03-10,QQQ,292.8299865723,294.3500061035,287.3800048828,288.5499877930,98593600,283.0826110840
2023-03-13,QQQ,286.7300109863,294.4700012207,285.1900024414,290.6900024414,97123600,285.1820678711
2023-03-14,QQQ,294.3099975586,297.9299926758,293.4500122070,297.3699951172,73602500,291.7355651855
2023-03-15,QQQ,294.7099914551,299.2699890137,293.2399902344,298.9299926758,83631500,293.2660217285
2023-03-16,QQQ,298.0000000000,307.1799926758,297.1900024414,306.8099975586,98198100,300.9966735840
2023-03-17,QQQ,306.7200012207,309.1499938965,303.3699951172,305.3599853516,89923700,299.5741577148
2023-03-20,QQQ,304.2600097656,306.2999877930,302.0100097656,305.9700012207,56359500,300.6372985840
2023-03-21,QQQ,307.9400024414,310.7999877930,306.3999938965,310.3399963379,49757000,304.9311828613
2023-03-22,QQQ,310.2699890137,315.2500000000,305.9500122070,306.1199951172,75791900,300.7846679688
2023-03-23,QQQ,309.9200134277,314.1499938965,307.0100097656,309.7500000000,74576000,304.3514404297
2023-03-24,QQQ,309.3200073242,310.9899902344,306.9500122070,310.8900146484,57195200,305.4715881348
2023-03-27,QQQ,311.6000061035,312.7000122070,307.8900146484,308.7600097656,50287400,303.3787231445
2023-03-28,QQQ,308.1700134277,308.2000122070,304.7699890137,307.1199951172,48585900,301.7672729492
2023-03-29,QQQ,310.8800048828,313.3500061035,310.0499877930,312.7200012207,53274300,307.2696533203
2023-03-30,QQQ,315.2399902344,316.3200073242,312.8099975586,315.6799926758,58354800,310.1780395508
2023-03-31,QQQ,315.9100036621,321.1700134277,315.6000061035,320.9299926758,62138100,315.3365478516
2023-04-03,QQQ,318.7699890137,320.4200134277,317.4200134277,320.1499938965,47126800,314.5701599121
2023-04-04,QQQ,320.6000061035,321.6300048828,317.8299865723,319.0700073242,45875400,313.5089111328
2023-04-05,QQQ,318.1000061035,319.0599975586,314.0700073242,315.9200134277,62795700,310.4138183594
2023-04-06,QQQ,314.2399902344,318.5499877930,312.8200073242,318.0499877930,46916500,312.5067749023
2023-04-10,QQQ,315.0700073242,317.9200134277,313.2500000000,317.8699951172,45134700,312.3298645020
2023-04-11,QQQ,317.8299865723,317.8900146484,315.3099975586,315.8299865723,40113600,310.3254394531
2023-04-12,QQQ,317.8200073242,318.4200134277,312.5700073242,313.0400085449,62813300,307.5840454102
2023-04-13,QQQ,314.8299865723,319.6499938965,313.6300048828,319.1700134277,54613800,313.6072387695
2023-04-14,QQQ,317.5899963379,320.3599853516,315.6099853516,318.5700073242,56278300,313.0176696777
2023-04-17,QQQ,318.1499938965,319.2000122070,316.0400085449,318.8399963379,43007000,313.2829589844
2023-04-18,QQQ,320.9899902344,321.4200134277,317.6400146484,318.8599853516,46746900,313.3025817871
2023-04-19,QQQ,316.4100036621,319.7900085449,316.2799987793,318.7099914551,38960100,313.1552124023
2023-04-20,QQQ,315.6900024414,319.2699890137,314.9700012207,316.2799987793,62462100,310.7675476074
2023-04-21,QQQ,315.9100036621,317.3999938965,314.1000061035,316.6099853516,59002300,311.0918273926
2023-04-24,QQQ,316.3800048828,317.7399902344,313.7399902344,315.9500122070,44043100,310.4433593750
2023-04-25,QQQ,314.2900085449,314.9700012207,309.8900146484,309.9899902344,57121600,304.5871887207
2023-04-26,QQQ,313.4400024414,314.9400024414,311.3399963379,311.8699951172,55400500,306.4345092773
2023-04-27,QQQ,315.7000122070,320.8599853516,315.0499877930,320.3500061035,65430400,314.7666931152
2023-04-28,QQQ,320.1099853516,322.6499938965,318.9599914551,322.5599975586,59712600,316.9381408691
2023-05-01,QQQ,322.0899963379,323.6300048828,321.0899963379,322.1900024414,41013400,316.5746154785
2023-05-02,QQQ,322.1199951172,322.4500122070,317.6099853516,319.3800048828,56519400,313.8135986328
2023-05-03,QQQ,319.7500000000,322.4700012207,317.1799926758,317.2900085449,59882100,311.7600708008
2023-05-04,QQQ,317.0599975586,318.2300109863,315.1199951172,316.1700134277,50224500,310.6595458984
2023-05-05,QQQ,318.4700012207,323.7600097656,316.2099914551,322.8900146484,51806100,317.2623901367
2023-05-08,QQQ,322.4200134277,324.0400085449,321.3200073242,323.6900024414,36465800,318.0484924316
2023-05-09,QQQ,322.0000000000,322.8800048828,321.3200073242,321.6400146484,31768800,316.0342102051
2023-05-10,QQQ,324.1199951172,326.0100097656,321.6000061035,325.1400146484,60446600,319.4731750488
2023-05-11,QQQ,325.7000122070,326.7500000000,324.1199951172,326.2000122070,44278500,320.5147705078
2023-05-12,QQQ,326.7399902344,327.1700134277,322.9400024414,325.0299987793,48432800,319.3650512695
2023-05-15,QQQ,325.5100097656,327.0299987793,323.9599914551,326.7900085449,33375600,321.0944824219
2023-05-16,QQQ,326.0599975586,328.8999938965,326.0199890137,327.1600036621,40019200,321.4579772949
2023-05-17,QQQ,328.2399902344,331.7099914551,327.0400085449,331.1199951172,47486100,325.3489379883
2023-05-18,QQQ,331.5199890137,337.4899902344,331.5000000000,337.2699890137,64213500,331.3917846680
2023-05-19,QQQ,337.4899902344,338.2099914551,335.4299926758,336.5100097656,61554900,330.6450805664
2023-05-22,QQQ,336.2500000000,338.6700134277,336.2399902344,337.6400146484,43015900,331.7553405762
2023-05-23,QQQ,335.8900146484,337.0599975586,333.0000000000,333.3599853516,48216700,327.5498657227
2023-05-24,QQQ,331.3699951172,332.9100036621,329.5599975586,331.6499938965,62891200,325.8697204590
2023-05-25,QQQ,339.1400146484,341.0100097656,336.6700134277,339.7200012207,66862800,333.7990722656
2023-05-26,QQQ,340.7600097656,349.2500000000,340.6600036621,348.3999938965,63007000,342.3277587891
2023-05-30,QQQ,352.7099914551,353.9299926758,348.5299987793,349.9800109863,72652200,343.8803100586
2023-05-31,QQQ,348.3699951172,350.6000061035,346.5100097656,347.9899902344,65105400,341.9248962402
2023-06-01,QQQ,347.7300109863,353.3599853516,346.6600036621,352.0100097656,50488600,345.8748779297
2023-06-02,QQQ,353.7999877930,355.8299865723,352.0100097656,354.6499938965,53372100,348.4688415527
2023-06-05,QQQ,354.4299926758,357.5000000000,353.8500061035,354.8999938965,47266200,348.7144775391
2023-06-06,QQQ,354.2799987793,355.8200073242,352.9299926758,354.8399963379,41390400,348.6555480957
2023-06-07,QQQ,355.1300048828,357.1199951172,348.1799926758,348.8200073242,69225900,342.7405090332
2023-06-08,QQQ,349.1199951172,353.6199951172,348.8900146484,353.1499938965,47153900,346.9949951172
2023-06-09,QQQ,354.6300048828,357.6600036621,353.0299987793,354.5000000000,53196900,348.3214416504
2023-06-12,QQQ,356.1900024414,360.5899963379,355.2000122070,360.4899902344,44606500,354.2070922852
2023-06-13,QQQ,363.2900085449,364.1099853516,360.0299987793,363.2600097656,57097800,356.9288330078
2023-06-14,QQQ,363.2699890137,366.1900024414,360.4200134277,365.8999938965,69525600,359.5227966309
2023-06-15,QQQ,364.6099853516,371.7699890137,363.9800109863,370.2600097656,71138800,363.8067626953
2023-06-16,QQQ,372.7200012207,372.8500061035,367.4800109863,367.9299926758,80932000,361.5174255371
2023-06-20,QQQ,365.9500122070,368.3200073242,363.8900146484,366.8999938965,49204700,360.9998474121
2023-06-21,QQQ,365.7399902344,366.1799926758,360.9599914551,361.8999938965,53378300,356.0802612305
2023-06-22,QQQ,360.6300048828,366.3299865723,360.2200012207,366.1700134277,47603000,360.2815551758
2023-06-23,QQQ,362.2099914551,364.8800048828,360.8200073242,362.5400085449,48922900,356.7099609375
2023-06-26,QQQ,362.0000000000,364.8399963379,357.5899963379,357.6799926758,52685500,351.9281005859
2023-06-27,QQQ,359.2500000000,364.5700073242,358.5100097656,363.8299865723,49428100,357.9792480469
2023-06-28,QQQ,361.9800109863,366.5199890137,361.8999938965,364.5400085449,46498000,358.6777648926
2023-06-29,QQQ,364.2399902344,364.8900146484,362.1400146484,363.8099975586,46151000,357.9595642090
2023-06-30,QQQ,367.5499877930,370.4899902344,367.2300109863,369.4200134277,58712500,363.4793395996
2023-07-03,QQQ,370.0700073242,370.9299926758,368.9700012207,370.2900085449,19432900,364.3353576660
2023-07-05,QQQ,368.7000122070,372.0100097656,368.6600036621,370.2799987793,34460900,364.3255004883
2023-07-06,QQQ,366.5100097656,367.9100036621,364.5199890137,367.4599914551,49374700,361.5508422852
2023-07-07,QQQ,367.2300109863,370.4800109863,366.0100097656,366.2399902344,47133700,360.3504638672
2023-07-10,QQQ,365.9599914551,367.0499877930,363.4100036621,366.3599853516,48498800,360.4684753418
2023-07-11,QQQ,366.7900085449,368.6300048828,364.6199951172,368.1700134277,38214100,362.2494201660
2023-07-12,QQQ,372.3399963379,374.1900024414,370.2999877930,372.8200073242,61975400,366.8246765137
2023-07-13,QQQ,376.0499877930,379.9899902344,375.4599914551,379.1499938965,46960000,373.0528869629
2023-07-14,QQQ,379.5899963379,382.8599853516,378.1799926758,379.0700073242,55148500,372.9741516113
2023-07-17,QQQ,379.7999877930,383.5000000000,379.3099975586,382.6099853516,40868900,376.4571838379
2023-07-18,QQQ,381.9599914551,387.1300048828,380.0000000000,385.7399902344,55262000,379.5368652344
2023-07-19,QQQ,386.8200073242,387.9800109863,384.2999877930,385.6499938965,54093000,379.4483337402
2023-07-20,QQQ,382.6099853516,384.1000061035,375.7200012207,376.7600097656,71941700,370.7012939453
2023-07-21,QQQ,379.1799926758,379.9200134277,375.1900024414,375.6300048828,60499600,369.5894470215
2023-07-24,QQQ,376.6199951172,377.5799865723,374.3399963379,376.2300109863,40380100,370.1798706055
2023-07-25,QQQ,376.9500122070,380.4700012207,376.9299926758,378.7799987793,38894400,372.6888122559
2023-07-26,QQQ,377.7200012207,379.2399902344,375.1799926758,377.5199890137,47075700,371.4490356445
2023-07-27,QQQ,383.0700073242,384.7099914551,375.3099975586,376.6199951172,63940200,370.5635681152
2023-07-28,QQQ,380.7399902344,384.5199890137,380.2200012207,383.4800109863,56902900,377.3132019043
2023-07-31,QQQ,383.7900085449,384.8800048828,382.3399963379,383.6799926758,44019900,377.5100402832
2023-08-01,QQQ,382.3099975586,383.5599975586,380.6900024414,382.7900085449,41060600,376.6343994141
2023-08-02,QQQ,379.2600097656,379.2600097656,373.1300048828,374.3900146484,72687100,368.3694152832
2023-08-03,QQQ,371.9400024414,375.9500122070,371.7699890137,373.7900085449,47666400,367.7790832520
2023-08-04,QQQ,375.7500000000,378.1000061035,371.5299987793,372.0400085449,61702800,366.0571899414
2023-08-07,QQQ,373.8800048828,375.2900085449,371.5100097656,375.1900024414,37230400,369.1565551758
2023-08-08,QQQ,372.6400146484,372.6600036621,368.8200073242,372.0000000000,44726500,366.0179138184
2023-08-09,QQQ,372.2900085449,372.4500122070,367.1400146484,367.9100036621,51150900,361.9936523438
2023-08-10,QQQ,370.9700012207,374.3599853516,367.0400085449,368.5899963379,72035300,362.6626892090
2023-08-11,QQQ,365.9899902344,368.0000000000,364.6900024414,366.2399902344,48707200,360.3504638672
2023-08-14,QQQ,365.4299926758,370.4700012207,364.7000122070,370.3500061035,42130800,364.3943481445
2023-08-15,QQQ,369.3599853516,370.1700134277,365.7399902344,366.4200134277,45539900,360.5275878906
2023-08-16,QQQ,365.8699951172,367.4299926758,362.4400024414,362.5400085449,53190500,356.7099609375
2023-08-17,QQQ,363.9599914551,364.3099975586,358.1600036621,358.5799865723,62604300,352.8135681152
2023-08-18,QQQ,355.2600097656,359.4100036621,354.7099914551,358.1300048828,61191400,352.3709106445
2023-08-21,QQQ,359.6199951172,364.5899963379,359.1499938965,363.8999938965,50696500,358.0481262207
2023-08-22,QQQ,366.5499877930,366.5599975586,362.6799926758,363.3800048828,44530200,357.5364685059
2023-08-23,QQQ,364.5799865723,370.2200012207,364.3599853516,369.1099853516,51770600,363.1742553711
2023-08-24,QQQ,372.6400146484,372.7399902344,361.0100097656,361.2200012207,66842500,355.4111633301
2023-08-25,QQQ,362.0700073242,365.7399902344,358.5799865723,364.0199890137,69960500,358.1661682129
2023-08-28,QQQ,366.9899902344,367.7099914551,364.2500000000,366.7600097656,40910000,360.8621215820
2023-08-29,QQQ,366.5599975586,375.1300048828,366.2300109863,374.7699890137,58492400,368.7432556152
2023-08-30,QQQ,374.8800048828,377.4500122070,373.8599853516,376.8599853516,41731500,370.7996520996
2023-08-31,QQQ,376.9400024414,379.7200012207,376.8699951172,377.9899902344,35730700,371.9115295410
2023-09-01,QQQ,380.3999938965,380.8299865723,376.0799865723,377.5899963379,39801200,371.5179748535
2023-09-05,QQQ,376.7699890137,379.3099975586,375.8299865723,378.0700073242,32344200,371.9902343750
2023-09-06,QQQ,377.2799987793,377.6300048828,372.7000122070,374.7399902344,42998700,368.7137756348
2023-09-07,QQQ,370.2099914551,372.8500061035,369.1499938965,372.0599975586,52060700,366.0769042969
2023-09-08,QQQ,372.0100097656,374.8500061035,371.6000061035,372.5799865723,35800100,366.5885009766
2023-09-11,QQQ,375.6600036621,377.4899902344,373.6600036621,376.9700012207,39936600,370.9078979492
2023-09-12,QQQ,375.2699890137,376.9500122070,372.5000000000,372.7900085449,41391000,366.7951965332
2023-09-13,QQQ,373.0299987793,375.8399963379,371.8800048828,374.2099914551,46300700,368.1923217773
2023-09-14,QQQ,375.9899902344,378.2699890137,373.8900146484,377.2699890137,48039400,371.2030944824
2023-09-15,QQQ,375.9100036621,376.3200073242,369.8599853516,370.8099975586,69811200,364.8469543457
2023-09-18,QQQ,369.3200073242,371.7900085449,369.0299987793,370.6600036621,36903500,365.2273254395
2023-09-19,QQQ,369.3200073242,370.6799926758,366.7999877930,369.8699951172,37621700,364.4489135742
2023-09-20,QQQ,370.9500122070,371.3099975586,364.4599914551,364.5400085449,45514200,359.1969909668
2023-09-21,QQQ,360.7999877930,361.6000061035,357.6900024414,357.8599853516,69734800,352.6148986816
2023-09-22,QQQ,359.6300048828,361.7999877930,357.5899963379,357.9100036621,51589700,352.6642150879
2023-09-25,QQQ,356.9299926758,359.7000122070,355.9299926758,359.6099853516,39168000,354.3392944336
2023-09-26,QQQ,356.9899902344,357.5400085449,353.2099914551,354.2099914551,53657700,349.0183715820
2023-09-27,QQQ,355.3800048828,356.9800109863,351.3599853516,355.0400085449,56066000,349.8363037109
2023-09-28,QQQ,354.1099853516,360.1700134277,353.2399902344,358.0100097656,56453300,352.7627563477
2023-09-29,QQQ,361.5400085449,362.9500122070,357.0199890137,358.2699890137,64829600,353.0189208984
2023-10-02,QQQ,358.5400085449,362.6799926758,357.9200134277,361.2600097656,51625100,355.9650878906
2023-10-03,QQQ,358.7799987793,361.0100097656,353.2799987793,354.9200134277,60478500,349.7179870605
2023-10-04,QQQ,355.7699890137,360.6099853516,355.2999877930,359.7500000000,54786700,354.4772644043
2023-10-05,QQQ,359.7399902344,360.1499938965,355.1400146484,358.6900024414,45897400,353.4328002930
2023-10-06,QQQ,355.6499938965,365.9100036621,354.8500061035,364.7000122070,75049100,359.3547058105
2023-10-09,QQQ,362.2999877930,367.1099853516,360.7799987793,366.5599975586,45304800,361.1874694824
2023-10-10,QQQ,366.8999938965,371.2799987793,366.3900146484,368.5899963379,46968800,363.1876220703
2023-10-11,QQQ,369.9400024414,371.4100036621,368.1900024414,371.2200012207,38215100,365.7791442871
2023-10-12,QQQ,371.7300109863,373.7399902344,367.5000000000,369.9299926758,49587900,364.5080261230
2023-10-13,QQQ,370.5700073242,371.1600036621,363.8599853516,365.2799987793,52469900,359.9261779785
2023-10-16,QQQ,366.6199951172,370.4800109863,366.4700012207,369.4100036621,44201100,363.9956359863
2023-10-17,QQQ,365.8099975586,369.9200134277,363.6600036621,368.2000122070,50999100,362.8034667969
2023-10-18,QQQ,365.6700134277,367.9100036621,362.0199890137,363.3699951172,54280500,358.0441589355
2023-10-19,QQQ,364.8099975586,366.0199890137,359.1600036621,359.9700012207,72274200,354.6940612793
2023-10-20,QQQ,359.4599914551,360.0400085449,354.3699951172,354.6000061035,72559700,349.4027099609
2023-10-23,QQQ,353.2600097656,359.2600097656,351.1199951172,355.6700134277,60665200,350.4570922852
2023-10-24,QQQ,357.5100097656,359.9100036621,355.7900085449,359.1300048828,47082100,353.8663024902
2023-10-25,QQQ,356.7000122070,356.8800048828,349.7500000000,350.3399963379,71190500,345.2052001953
2023-10-26,QQQ,349.1199951172,350.0700073242,342.3500061035,343.6600036621,78621400,338.6230468750
2023-10-27,QQQ,346.4299926758,348.8399963379,344.0799865723,345.3099975586,63476700,340.2489318848
2023-10-30,QQQ,347.8299865723,350.5400085449,346.4500122070,349.2000122070,55298500,344.0818481445
2023-10-31,QQQ,349.2300109863,351.2500000000,346.6199951172,350.8699951172,47671900,345.7273559570
2023-11-01,QQQ,351.7200012207,357.5299987793,351.6199951172,356.9599914551,58992700,351.7280883789
2023-11-02,QQQ,361.5400085449,363.6799926758,360.2999877930,363.4400024414,58162400,358.1131591797
2023-11-03,QQQ,364.7500000000,369.0199890137,364.5199890137,367.7099914551,53280500,362.3205566406
2023-11-06,QQQ,368.4899902344,369.7799987793,366.9100036621,369.2099914551,38848700,363.7985534668
2023-11-07,QQQ,370.2699890137,373.5799865723,369.0499877930,372.7000122070,50777400,367.2374877930
2023-11-08,QQQ,373.0799865723,373.7900085449,370.6199951172,372.9400024414,35663400,367.4738769531
2023-11-09,QQQ,373.6400146484,374.7999877930,369.5700073242,370.0700073242,53859400,364.6459960938
2023-11-10,QQQ,371.8200073242,378.5400085449,371.2799987793,378.3900146484,58309800,372.8440551758
2023-11-13,QQQ,376.7900085449,378.2799987793,375.2399902344,377.2099914551,40733500,371.6812438965
2023-11-14,QQQ,383.7099914551,386.2600097656,383.1799926758,385.3299865723,67792600,379.6822509766
2023-11-15,QQQ,387.2500000000,387.7500000000,384.2399902344,385.6199951172,54141400,379.9680480957
2023-11-16,QQQ,384.8399963379,386.1900024414,383.5599975586,385.9500122070,45343500,380.2931823730
2023-11-17,QQQ,385.2099914551,387.0700073242,384.2900085449,386.0400085449,46571900,380.3818969727
2023-11-20,QQQ,386.0499877930,391.4100036621,386.0499877930,390.7399902344,44429600,385.0130310059
2023-11-21,QQQ,389.0100097656,389.2300109863,386.7000122070,388.4700012207,43337000,382.7762451172
2023-11-22,QQQ,390.5700073242,393.0700073242,389.0400085449,390.0599975586,44121000,384.3429870605
2023-11-24,QQQ,389.6499938965,390.2500000000,388.5000000000,389.5100097656,15718800,383.8011169434
2023-11-27,QQQ,389.0100097656,391.1499938965,388.2799987793,389.1700134277,34139700,383.4660339355
2023-11-28,QQQ,388.4100036621,390.7799987793,388.0499877930,390.1900024414,35491100,384.4711303711
2023-11-29,QQQ,392.6900024414,394.1400146484,389.4599914551,389.8099975586,38811700,384.0966491699
2023-11-30,QQQ,390.0799865723,390.5499877930,385.8200073242,388.8299865723,52834400,383.1309509277
2023-12-01,QQQ,387.7500000000,390.5400085449,386.0700073242,389.9400024414,40490100,384.2247314453
2023-12-04,QQQ,386.0899963379,386.6000061035,382.6600036621,386.3200073242,51186900,380.6577758789
2023-12-05,QQQ,384.3900146484,388.5000000000,384.2099914551,387.2900085449,42933000,381.6136474609
2023-12-06,QQQ,390.2699890137,390.3699951172,384.7000122070,385.0499877930,41994100,379.4064025879
2023-12-07,QQQ,388.0700073242,391.2699890137,386.9599914551,390.4299926758,49593500,384.7075500488
2023-12-08,QQQ,388.6700134277,392.6199951172,388.4800109863,392.1700134277,46687500,386.4220886230
2023-12-11,QQQ,391.7399902344,395.7900085449,391.5299987793,395.5199890137,41198000,389.7229614258
2023-12-12,QQQ,395.5599975586,398.7900085449,394.4100036621,398.6700134277,39221200,392.8268737793
2023-12-13,QQQ,399.6199951172,404.3599853516,398.8399963379,403.7399902344,55408100,397.8225097656
2023-12-14,QQQ,404.9800109863,406.2999877930,400.3399963379,403.3900146484,55447800,397.4776000977
2023-12-15,QQQ,404.1799926758,406.5400085449,403.5700073242,405.3399963379,62896600,399.3990478516
2023-12-18,QQQ,404.9299926758,407.9899902344,404.6000061035,407.0799865723,46610000,401.9147033691
2023-12-19,QQQ,407.5400085449,409.2799987793,407.3500061035,409.1600036621,35711900,403.9683532715
2023-12-20,QQQ,408.3500061035,410.4700012207,402.8999938965,403.0799865723,54042400,397.9654846191
2023-12-21,QQQ,407.0599975586,408.1400146484,404.4700012207,407.7699890137,45568900,402.5959777832
2023-12-22,QQQ,409.0000000000,409.9700012207,406.4800109863,408.3800048828,34314000,403.1981811523
2023-12-26,QQQ,409.2500000000,411.5599975586,409.1499938965,410.8800048828,22722500,405.6665344238
2023-12-27,QQQ,410.9500122070,411.7900085449,410.0799865723,411.5000000000,31980500,406.4923400879
2023-12-28,QQQ,412.6700134277,412.9200134277,410.9400024414,411.2999877930,27029200,406.2947692871
2023-12-29,QQQ,411.2799987793,411.6400146484,407.5799865723,409.5199890137,42662100,404.5364074707
2024-01-02,QQQ,405.8399963379,406.0899963379,400.2399902344,402.5899963379,58026900,397.6907043457
2024-01-03,QQQ,399.9299926758,401.0000000000,397.8900146484,398.3299865723,47002800,393.4825439453
2024-01-04,QQQ,396.4400024414,399.5899963379,396.0599975586,396.2799987793,39432800,391.4574890137
2024-01-05,QQQ,396.4500122070,399.5599975586,395.3399963379,396.7500000000,44922800,391.9218444824
2024-01-08,QQQ,397.9899902344,405.2399902344,397.8399963379,404.9500122070,42473800,400.0220336914
2024-01-09,QQQ,401.9100036621,406.6900024414,401.7099914551,405.7500000000,39132900,400.8122863770
2024-01-10,QQQ,406.0700073242,409.5199890137,405.1700134277,408.5000000000,33962800,403.5288391113
2024-01-11,QQQ,409.7900085449,411.2000122070,404.2399902344,409.3500061035,54536200,404.3684997559
2024-01-12,QQQ,410.3999938965,411.2500000000,408.1499938965,409.5599975586,39595000,404.5759277344
2024-01-16,QQQ,408.3099975586,411.1199951172,406.8299865723,409.5199890137,43903000,404.5364074707
2024-01-17,QQQ,406.1700134277,407.5899963379,402.9200134277,407.2099914551,54386000,402.2545166016
2024-01-18,QQQ,410.5199890137,413.5799865723,409.1600036621,412.9899902344,59562500,407.9641723633
2024-01-19,QQQ,415.2200012207,421.3399963379,414.6300048828,421.1799926758,70325100,416.0545043945
2024-01-22,QQQ,423.4100036621,424.7300109863,421.1199951172,421.7300109863,44880600,416.5978393555
2024-01-23,QQQ,422.4299926758,423.7000122070,420.5700073242,423.4800109863,33003800,418.3265686035
2024-01-24,QQQ,427.4400024414,429.8500061035,425.3299865723,425.8299865723,46948000,420.6479492188
2024-01-25,QQQ,428.3599853516,429.0400085449,423.9800109863,426.3500061035,44367200,421.1616516113
2024-01-26,QQQ,424.4400024414,426.2099914551,423.1499938965,423.8099975586,37137000,418.6524963379
2024-01-29,QQQ,424.2699890137,428.3500061035,423.6099853516,428.1499938965,38694700,422.9397277832
2024-01-30,QQQ,427.1000061035,427.6799926758,424.3800048828,425.2999877930,36739000,420.1244201660
2024-01-31,QQQ,420.8500061035,422.8699951172,416.7900085449,416.9700012207,64010600,411.8957824707
2024-02-01,QQQ,418.7900085449,422.3800048828,417.8099975586,421.8800048828,51008600,416.7459716797
2024-02-02,QQQ,423.7999877930,430.2399902344,422.7900085449,429.0100097656,59602400,423.7892761230
2024-02-05,QQQ,429.0700073242,429.6099853516,425.0000000000,428.4500122070,39889200,423.2360839844
2024-02-06,QQQ,429.6099853516,430.2200012207,425.2200012207,427.5899963379,35846100,422.3865051270
2024-02-07,QQQ,430.4100036621,432.8299865723,429.0899963379,431.9899902344,37712700,426.7329406738
2024-02-08,QQQ,432.1099853516,433.5599975586,431.4200134277,432.7900085449,29889900,427.5232543945
2024-02-09,QQQ,433.9400024414,437.8500061035,433.1400146484,437.0499877930,36943900,431.7314147949
2024-02-12,QQQ,436.9400024414,439.1400146484,434.6499938965,435.3399963379,33203300,430.0422363281
2024-02-13,QQQ,427.2799987793,431.2699890137,425.3299865723,428.5499877930,64491700,423.3348083496
2024-02-14,QQQ,431.2600097656,433.6499938965,428.8800048828,433.2200012207,45092700,427.9479675293
2024-02-15,QQQ,433.9200134277,434.9800109863,431.3299865723,434.5100097656,38796100,429.2223205566
2024-02-16,QQQ,434.8900146484,434.9899902344,429.8500061035,430.5700073242,53716500,425.3302612305
2024-02-20,QQQ,428.5499877930,430.0799865723,423.5000000000,427.3200073242,53999500,422.1197814941
2024-02-21,QQQ,424.5499877930,425.7000122070,421.6300048828,425.6099853516,49779000,420.4306335449
2024-02-22,QQQ,434.4899902344,439.1199951172,433.7099914551,438.0700073242,53887800,432.7389526367
2024-02-23,QQQ,439.6499938965,440.5899963379,435.7900085449,436.7799987793,39853900,431.4646911621
2024-02-26,QQQ,437.6000061035,438.6000061035,436.3599853516,436.5499877930,33043200,431.2374572754
2024-02-27,QQQ,437.6700134277,437.9899902344,435.0299987793,437.6000061035,33713200,432.2747192383
2024-02-28,QQQ,435.4299926758,436.6700134277,434.2999877930,435.2699890137,32938800,429.9730224609
2024-02-29,QQQ,438.2300109863,440.0899963379,435.0199890137,439.0000000000,42495200,433.6576538086
2024-03-01,QQQ,439.8999938965,446.5799865723,439.8399963379,445.6099853516,43853000,440.1872253418
2024-03-04,QQQ,445.6099853516,446.0400085449,443.7699890137,444.0199890137,34325700,438.6165466309
2024-03-05,QQQ,440.9400024414,440.9500122070,433.6499938965,436.0499877930,57917100,430.7435913086
2024-03-06,QQQ,440.3200073242,441.9899902344,436.8900146484,438.7900085449,46234500,433.4502258301
2024-03-07,QQQ,442.4200134277,446.7200012207,440.8599853516,445.4500122070,44526700,440.0291748047
2024-03-08,QQQ,445.8099975586,448.6400146484,438.3399963379,439.0199890137,72096000,433.6773986816
2024-03-11,QQQ,437.5100097656,438.6600036621,435.4400024414,437.3900146484,45860000,432.0672912598
2024-03-12,QQQ,439.7300109863,444.0199890137,436.4599914551,443.6600036621,55300900,438.2609252930
2024-03-13,QQQ,442.6499938965,442.6700134277,439.1199951172,440.2500000000,37928700,434.8923950195
2024-03-14,QQQ,441.5000000000,442.0299987793,436.3900146484,439.1400146484,52195200,433.7959899902
2024-03-15,QQQ,436.0700073242,438.8699951172,432.7399902344,433.9200134277,73069800,428.6395263672
2024-03-18,QQQ,438.7300109863,441.0400085449,437.2399902344,437.4800109863,47323800,432.7276611328
2024-03-19,QQQ,435.4500122070,438.9800109863,433.3299865723,438.5700073242,43004100,433.8057556152
2024-03-20,QQQ,439.7799987793,444.1099853516,438.0599975586,443.7699890137,43653500,438.9493103027
2024-03-21,QQQ,448.8800048828,449.3399963379,445.6700134277,445.8699951172,39345700,441.0264587402
2024-03-22,QQQ,445.3500061035,447.4899902344,444.4899902344,446.3800048828,28253900,441.5309448242
2024-03-25,QQQ,443.5499877930,446.2600097656,442.5400085449,444.7600097656,27789200,439.9285278320
2024-03-26,QQQ,446.2999877930,447.2300109863,443.0899963379,443.3200073242,34142000,438.5041503906
2024-03-27,QQQ,446.4400024414,446.5400085449,441.9299926758,444.8299865723,41359200,439.9977722168
2024-03-28,QQQ,444.7799987793,445.6400146484,443.6499938965,444.0100097656,36839600,439.1866760254
2024-04-01,QQQ,444.9700012207,447.5299987793,443.0199890137,444.9500122070,38729000,440.1164550781
2024-04-02,QQQ,440.0799865723,441.4299926758,438.0299987793,441.1099853516,44259700,436.3181762695
2024-04-03,QQQ,438.9599914551,444.0000000000,438.9500122070,442.1000061035,39949800,437.2974548340
2024-04-04,QQQ,446.3299865723,446.9500122070,435.1099853516,435.3399963379,57267700,430.6108703613
2024-04-05,QQQ,436.7799987793,443.1700134277,435.9599914551,440.4700012207,54744600,435.6851196289
2024-04-08,QQQ,441.4100036621,442.5000000000,439.2000122070,440.6000061035,28144900,435.8136901855
2024-04-09,QQQ,442.9599914551,443.2399902344,437.4400024414,442.2300109863,39443600,437.4260253906
2024-04-10,QQQ,437.0000000000,439.2399902344,436.2799987793,438.3699951172,61502200,433.6079406738
2024-04-11,QQQ,440.2600097656,446.3299865723,437.9599914551,445.3699951172,45474600,440.5318908691
2024-04-12,QQQ,441.1000061035,442.2399902344,436.8800048828,438.2699890137,53665000,433.5090026855
2024-04-15,QQQ,442.0599975586,442.1499938965,430.2099914551,431.0599975586,63453600,426.3773193359
2024-04-16,QQQ,430.8999938965,433.7600097656,429.7000122070,431.1000061035,47619000,426.4169006348
2024-04-17,QQQ,433.1000061035,433.1199951172,424.8999938965,425.8399963379,56880500,421.2140197754
2024-04-18,QQQ,426.4899902344,428.2399902344,422.8299865723,423.4100036621,46549400,418.8104248047
2024-04-19,QQQ,422.2200012207,422.7500000000,413.0700073242,414.6499938965,75231000,410.1455993652
2024-04-22,QQQ,417.3099975586,421.1799926758,413.9400024414,418.8200073242,47807700,414.2703247070
2024-04-23,QQQ,420.7699890137,426.2799987793,418.8699951172,425.0700073242,44384700,420.4523925781
2024-04-24,QQQ,428.2000122070,429.7300109863,424.2000122070,426.5100097656,48440300,421.8768005371
2024-04-25,QQQ,419.2399902344,425.3200073242,418.1400146484,424.4500122070,57392200,419.8392028809
2024-04-26,QQQ,427.6199951172,432.5499877930,426.9200134277,431.0000000000,41874900,426.3179931641
2024-04-29,QQQ,433.1300048828,433.7600097656,429.9800109863,432.7500000000,30022200,428.0489807129
2024-04-30,QQQ,431.1499938965,432.5599975586,424.5100097656,424.5899963379,43665900,419.9776306152
2024-05-01,QQQ,423.1499938965,430.1400146484,420.6600036621,421.5199890137,52251700,416.9409790039
2024-05-02,QQQ,425.2999877930,427.8099975586,420.6300048828,426.8999938965,36559000,422.2625122070
2024-05-03,QQQ,434.4400024414,436.4800109863,432.6199951172,435.4800109863,48515300,430.7493591309
2024-05-06,QQQ,437.2999877930,440.3399963379,436.5199890137,440.2500000000,30227200,435.4674682617
2024-05-07,QQQ,440.7000122070,441.9700012207,439.5799865723,440.3200073242,30996100,435.5367736816
2024-05-08,QQQ,437.6700134277,441.4800109863,437.5499877930,440.0599975586,24896700,435.2795715332
2024-05-09,QQQ,440.3299865723,441.6000061035,438.4599914551,441.0199890137,24580100,436.2290954590
2024-05-10,QQQ,442.5400085449,444.3099975586,440.5000000000,442.0599975586,27116600,437.2578430176
2024-05-13,QQQ,443.9899902344,444.0899963379,441.6499938965,443.0799865723,22994200,438.2667846680
2024-05-14,QQQ,442.6499938965,446.4700012207,442.4599914551,445.9299926758,34478300,441.0858154297
2024-05-15,QQQ,448.4299926758,453.1499938965,446.8999938965,452.8999938965,41464700,447.9800720215
2024-05-16,QQQ,452.7099914551,454.6900024414,451.8099975586,451.9800109863,34780400,447.0700683594
2024-05-17,QQQ,452.1099853516,452.7200012207,449.5400085449,451.7600097656,35803700,446.8524475098
2024-05-20,QQQ,451.9800109863,455.5799865723,451.7900085449,454.9100036621,24474200,449.9682312012
2024-05-21,QQQ,453.0400085449,455.9899902344,452.8399963379,455.7999877930,23167700,450.8485717773
2024-05-22,QQQ,456.0599975586,456.8200073242,453.0799865723,455.7099914551,25120000,450.7595520020
2024-05-23,QQQ,460.5499877930,460.5799865723,451.8500061035,453.6600036621,40899200,448.7318115234
2024-05-24,QQQ,455.2900085449,459.2300109863,453.5700073242,457.9500122070,29669500,452.9752502441
2024-05-28,QQQ,459.1799926758,459.7399902344,456.6900024414,459.6799926758,26216800,454.6864318848
2024-05-29,QQQ,455.4800109863,458.2399902344,455.3399963379,456.4400024414,29739200,451.4816589355
2024-05-30,QQQ,455.5000000000,455.6400146484,450.2099914551,451.5499877930,30536800,446.6447753906
2024-05-31,QQQ,451.7799987793,452.4800109863,443.0599975586,450.7099914551,55941300,445.8139038086
2024-06-03,QQQ,454.5700073242,455.5799865723,447.8999938965,453.1300048828,32997500,448.2075805664
2024-06-04,QQQ,452.8699951172,455.5799865723,451.1300048828,454.3699951172,23767400,449.4341125488
2024-06-05,QQQ,457.9800109863,463.6099853516,454.4100036621,463.5299987793,33817400,458.4945983887
2024-06-06,QQQ,464.2200012207,464.5400085449,462.1900024414,463.3699951172,21966800,458.3363647461
2024-06-07,QQQ,463.0000000000,465.7399902344,461.8399963379,462.9599914551,25829700,457.9308471680
2024-06-10,QQQ,461.8200073242,465.1900024414,461.5299987793,464.8299865723,20660800,459.7804870605
2024-06-11,QQQ,463.5400085449,468.1400146484,462.0299987793,468.0199890137,22053300,462.9358520508
2024-06-12,QQQ,471.9899902344,476.5000000000,471.2900085449,474.1499938965,34532600,468.9992370605
2024-06-13,QQQ,477.7200012207,478.3900146484,474.4200134277,476.7200012207,25859000,471.5413513184
2024-06-14,QQQ,476.5199890137,479.2600097656,476.0499877930,479.1900024414,23372600,473.9844665527
2024-06-17,QQQ,479.4599914551,486.8599853516,478.1400146484,485.0599975586,37054500,479.7907104492
2024-06-18,QQQ,485.0100097656,485.8999938965,483.4299926758,485.2099914551,24438600,479.9391174316
2024-06-20,QQQ,486.4200134277,486.8399963379,479.6199951172,481.4700012207,33918700,476.2397460938
2024-06-21,QQQ,481.1900024414,482.5400085449,478.6700134277,480.1799926758,37456800,474.9637451172
2024-06-24,QQQ,478.1799926758,479.9299926758,473.8200073242,473.9599914551,37751000,469.5564270020
2024-06-25,QQQ,476.0700073242,479.6799926758,475.1199951172,479.3800048828,29014700,474.9261169434
2024-06-26,QQQ,478.5499877930,480.9200134277,478.1300048828,480.3699951172,22737100,475.9069213867
2024-06-27,QQQ,480.1199951172,483.1000061035,479.2999877930,481.6099853516,26222100,477.1354064941
2024-06-28,QQQ,482.4100036621,487.2000122070,478.4599914551,479.1099853516,34881600,474.6585693359
2024-07-01,QQQ,480.0400085449,482.4899902344,476.2600097656,481.9200134277,24898300,477.4425048828
2024-07-02,QQQ,480.4100036621,487.0400085449,480.2799987793,486.9800109863,26723600,482.4555053711
2024-07-03,QQQ,486.2200012207,491.1700134277,486.2200012207,491.0400085449,18064900,486.4777832031
2024-07-05,QQQ,491.8900146484,496.6000061035,491.5899963379,496.1600036621,28495900,491.5501708984
2024-07-08,QQQ,496.5299987793,497.8999938965,495.5000000000,497.3399963379,22109400,492.7192077637
2024-07-09,QQQ,498.8699951172,500.0000000000,496.2399902344,497.7699890137,25614500,493.1452026367
2024-07-10,QQQ,499.7099914551,503.5199890137,498.3900146484,502.9599914551,28046900,498.2870483398
2024-07-11,QQQ,503.0700073242,503.2799987793,490.7300109863,491.9299926758,49966600,487.3594970703
2024-07-12,QQQ,492.5100097656,499.6199951172,492.0400085449,494.8200073242,37109400,490.2226562500
2024-07-15,QQQ,496.6099853516,501.0100097656,494.0899963379,496.1499938965,31151400,491.5402832031
2024-07-16,QQQ,497.6199951172,498.4400024414,493.1499938965,496.3399963379,25950600,491.7285156250
2024-07-17,QQQ,488.2799987793,488.7999877930,481.7000122070,481.7699890137,56268800,477.2938537598
2024-07-18,QQQ,485.5299987793,485.7099914551,476.2699890137,479.4899902344,49347400,475.0350952148
2024-07-19,QQQ,479.1499938965,481.6900024414,473.9400024414,475.2399902344,42042900,470.8245544434
2024-07-22,QQQ,481.1600036621,483.3500061035,477.7099914551,482.3200073242,40300000,477.8387756348
2024-07-23,QQQ,481.4100036621,484.4299926758,480.1400146484,480.6199951172,23282500,476.1545715332
2024-07-24,QQQ,473.8200073242,474.1900024414,462.5100097656,463.3800048828,58818600,459.0747375488
2024-07-25,QQQ,463.7200012207,467.9400024414,455.6300048828,458.2699890137,59256800,454.0122070312
2024-07-26,QQQ,462.6499938965,465.9299926758,459.7699890137,462.9700012207,39992100,458.6685180664
2024-07-29,QQQ,465.7099914551,467.9100036621,461.6199951172,463.8999938965,28218500,459.5899047852
2024-07-30,QQQ,465.8500061035,466.5599975586,454.1499938965,457.5299987793,41317200,453.2791137695
2024-07-31,QQQ,467.8699951172,472.7900085449,466.4100036621,471.0700073242,44552100,466.6932983398
2024-08-01,QQQ,471.7600097656,475.5499877930,455.9800109863,459.6600036621,56653900,455.3892822266
2024-08-02,QQQ,450.8900146484,453.5700073242,444.4700012207,448.7500000000,66323200,444.5806579590
2024-08-05,QQQ,424.7099914551,442.2900085449,423.4500122070,435.3699951172,87483500,431.3249816895
2024-08-06,QQQ,437.2300109863,447.0700073242,434.5599975586,439.5299987793,63164400,435.4463195801
2024-08-07,QQQ,446.4899902344,449.0000000000,434.3699951172,434.7699890137,54929200,430.7305603027
2024-08-08,QQQ,441.0599975586,448.9899902344,437.1499938965,448.0700073242,47890100,443.9070129395
2024-08-09,QQQ,446.7399902344,452.0599975586,445.6099853516,450.4100036621,33574000,446.2252807617
2024-08-12,QQQ,451.3900146484,454.3699951172,448.5499877930,451.3800048828,27795000,447.1862792969
2024-08-13,QQQ,455.8200073242,462.8500061035,455.6799926758,462.5799865723,40084500,458.2821655273
2024-08-14,QQQ,463.5100097656,465.1099853516,458.3999938965,462.7300109863,34733700,458.4307556152
2024-08-15,QQQ,468.7600097656,474.8200073242,468.3800048828,474.4200134277,38280600,470.0121765137
2024-08-16,QQQ,472.6199951172,476.4100036621,471.6499938965,475.0299987793,38383600,470.6164855957
2024-08-19,QQQ,475.1700134277,481.3099975586,473.3699951172,481.2699890137,23737700,476.7985534668
2024-08-20,QQQ,480.3500061035,482.9400024414,478.5499877930,480.2600097656,29209300,475.7979125977
2024-08-21,QQQ,481.0499877930,484.3699951172,479.3200073242,482.5000000000,25658800,478.0170898438
2024-08-22,QQQ,484.8399963379,485.5400085449,473.8099975586,474.8500061035,37739600,470.4382324219
2024-08-23,QQQ,479.2399902344,482.7399902344,475.2799987793,480.0000000000,36061500,475.5403137207
2024-08-26,QQQ,479.4500122070,480.3800048828,473.2399902344,475.3399963379,27452600,470.9236145020
2024-08-27,QQQ,473.6900024414,477.8399963379,471.7099914551,476.7600097656,27510000,472.3304138184
2024-08-28,QQQ,476.2900085449,477.0199890137,467.8900146484,471.3500061035,37372400,466.9706726074
2024-08-29,QQQ,473.2799987793,477.9299926758,469.3699951172,470.6600036621,41081500,466.2871398926
2024-08-30,QQQ,475.0400085449,476.8999938965,470.5100097656,476.2699890137,33466500,471.8449707031
2024-09-03,QQQ,473.2000122070,473.3299865723,459.4100036621,461.8099975586,44985200,457.5193481445
2024-09-04,QQQ,458.6700134277,464.4500122070,457.7300109863,460.6099853516,32505100,456.3304748535
2024-09-05,QQQ,458.9700012207,465.3599853516,457.9400024414,461.0400085449,34452400,456.7565307617
2024-09-06,QQQ,460.3299865723,461.2200012207,448.1900024414,448.6900024414,50624400,444.5211791992
2024-09-09,QQQ,453.0599975586,455.4599914551,449.8200073242,454.4599914551,32981200,450.2376403809
2024-09-10,QQQ,456.2399902344,459.1700134277,452.2300109863,458.6600036621,29680300,454.3986206055
2024-09-11,QQQ,459.9100036621,469.3699951172,451.2799987793,468.6199951172,57843000,464.2660827637
2024-09-12,QQQ,468.6499938965,474.0400085449,466.8500061035,473.2200012207,40067800,468.8233032227
2024-09-13,QQQ,472.4800109863,476.5299987793,472.2500000000,475.3399963379,29111800,470.9236145020
2024-09-16,QQQ,473.1900024414,473.8599853516,469.8900146484,473.2399902344,22585600,468.8431396484
2024-09-17,QQQ,476.2900085449,477.6000061035,470.9700012207,473.4899902344,30084400,469.0907897949
2024-09-18,QQQ,474.7000122070,478.8299865723,470.8299865723,471.4400024414,39909200,467.0598754883
2024-09-19,QQQ,482.6099853516,486.2300109863,480.4899902344,483.3599853516,52782500,478.8690795898
2024-09-20,QQQ,482.4899902344,483.6900024414,478.2999877930,482.4400024414,34577700,477.9577026367
2024-09-23,QQQ,482.9500122070,484.1400146484,481.6000061035,483.0400085449,24843000,479.2245788574
2024-09-24,QQQ,484.4599914551,486.3299865723,480.1700134277,485.3699951172,25952600,481.5361633301
2024-09-25,QQQ,484.7399902344,487.7900085449,484.5599975586,485.8200073242,26549900,481.9826354980
2024-09-26,QQQ,493.3699951172,493.7000122070,485.7999877930,489.4700012207,32020200,485.6037902832
2024-09-27,QQQ,490.5000000000,490.6400146484,485.5599975586,486.7500000000,22851100,482.9052734375
2024-09-30,QQQ,485.7799987793,488.4100036621,482.9200134277,488.0700073242,30281100,484.2148132324
2024-10-01,QQQ,487.7000122070,488.0000000000,477.3999938965,481.2699890137,42735400,477.4685668945
2024-10-02,QQQ,480.3599853516,483.8800048828,477.7200012207,481.9500122070,23744000,478.1431884766
2024-10-03,QQQ,479.7399902344,484.5499877930,478.9899902344,481.5899963379,25337200,477.7860412598
2024-10-04,QQQ,487.4500122070,487.8800048828,482.3900146484,487.3200073242,30686600,483.4707641602
2024-10-07,QQQ,485.3900146484,486.5700073242,480.8699951172,482.1000061035,24975100,478.2920227051
2024-10-08,QQQ,484.6600036621,489.9899902344,483.8500061035,489.2999877930,28272000,485.4351196289
2024-10-09,QQQ,489.0000000000,493.7300109863,487.9500122070,493.1499938965,24995000,489.2546997070
2024-10-10,QQQ,490.8500061035,494.4700012207,489.5299987793,492.5899963379,25750400,488.6991271973
2024-10-11,QQQ,490.7399902344,494.3900146484,490.1700134277,493.3599853516,20644500,489.4630432129
2024-10-14,QQQ,495.7699890137,498.8299865723,495.2600097656,497.5000000000,26060100,493.5703735352
2024-10-15,QQQ,497.8299865723,498.5000000000,488.6799926758,490.8500061035,34784500,486.9729003906
2024-10-16,QQQ,491.1799926758,491.6900024414,487.5700073242,490.9100036621,22996800,487.0324096680
2024-10-17,QQQ,496.4400024414,496.4899902344,491.1900024414,491.2500000000,27210700,487.3697509766
2024-10-18,QQQ,494.0599975586,495.5700073242,493.2999877930,494.4700012207,25335000,490.5643005371
2024-10-21,QQQ,493.2500000000,496.2300109863,491.3099975586,495.4200134277,30336500,491.5068054199
2024-10-22,QQQ,492.7300109863,497.4500122070,491.9700012207,495.9599914551,26685800,492.0425415039
2024-10-23,QQQ,493.5899963379,494.2500000000,485.0499877930,488.3599853516,39346600,484.5025024414
2024-10-24,QQQ,492.1099853516,493.0000000000,489.4400024414,492.3200073242,22024900,488.4312744141
2024-10-25,QQQ,495.1400146484,500.2799987793,494.4299926758,495.3200073242,38762100,491.4075927734
2024-10-28,QQQ,498.4599914551,498.5199890137,495.1000061035,495.3999938965,20477800,491.4869689941
2024-10-29,QQQ,495.7200012207,501.3500061035,493.8500061035,500.1600036621,28014100,496.2093200684
2024-10-30,QQQ,499.3900146484,500.3500061035,495.8900146484,496.3800048828,29756000,492.4592285156
2024-10-31,QQQ,492.3800048828,492.4299926758,483.7500000000,483.8500061035,41245200,480.0281677246
2024-11-01,QQQ,485.5000000000,490.7500000000,485.2000122070,487.4299926758,33655800,483.5798950195
2024-11-04,QQQ,486.8200073242,489.3800048828,484.2500000000,486.0100097656,23291600,482.1711425781
2024-11-05,QQQ,487.6099853516,492.8800048828,487.5199890137,492.2099914551,24353600,488.3221435547
2024-11-06,QQQ,500.5599975586,506.4100036621,499.6000061035,505.5799865723,43082200,501.5865478516
2024-11-07,QQQ,508.3999938965,514.3300170898,508.3399963379,513.5399780273,32853100,509.4836120605
2024-11-08,QQQ,513.0399780273,514.9199829102,512.4099731445,514.1400146484,22924500,510.0789489746
2024-11-11,QQQ,515.3699951172,515.5800170898,510.9200134277,513.8400268555,24167500,509.7813720703
2024-11-12,QQQ,513.7700195312,514.6599731445,509.8299865723,512.9099731445,25835300,508.8586120605
2024-11-13,QQQ,512.4000244141,514.9799804688,509.9500122070,512.2500000000,24567400,508.2038574219
2024-11-14,QQQ,511.9100036621,512.7899780273,507.7699890137,508.6900024414,28679500,504.6719970703
2024-11-15,QQQ,502.9400024414,503.3299865723,494.4899902344,496.5700073242,51461100,492.6477050781
2024-11-18,QQQ,498.1300048828,502.1400146484,496.7300109863,500.0199890137,27080800,496.0704956055
2024-11-19,QQQ,497.4200134277,503.9500122070,497.0799865723,503.4599914551,24523000,499.4833068848
2024-11-20,QQQ,503.1600036621,503.4800109863,496.5599975586,503.1700134277,29565500,499.1955871582
2024-11-21,QQQ,506.2399902344,506.9599914551,497.5599975586,504.9800109863,34526700,500.9912719727
2024-11-22,QQQ,504.4200134277,506.5299987793,502.7799987793,505.7900085449,23826600,501.7948608398
2024-11-25,QQQ,509.8999938965,511.4500122070,504.2600097656,506.5899963379,26375200,502.5885314941
2024-11-26,QQQ,508.0799865723,510.1400146484,507.2300109863,509.3099975586,26557100,505.2870788574
2024-11-27,QQQ,508.1700134277,508.2399902344,501.9299926758,505.2999877930,24957400,501.3087158203
2024-11-29,QQQ,505.9299926758,510.3399963379,505.3099975586,509.7399902344,15334000,505.7136840820
2024-12-02,QQQ,511.0100097656,516.2600097656,510.6199951172,515.2899780273,25147200,511.2198486328
2024-12-03,QQQ,513.9500122070,517.1500244141,513.3699951172,516.8699951172,18597900,512.7872924805
2024-12-04,QQQ,520.3200073242,523.5200195312,519.5999755859,523.2600097656,26086200,519.1268920898
2024-12-05,QQQ,523.3099975586,524.0399780273,521.4199829102,521.8099975586,18169600,517.6882934570
2024-12-06,QQQ,522.4799804688,526.7199707031,522.3499755859,526.4799804688,23762600,522.3213500977
2024-12-09,QQQ,525.5499877930,526.3499755859,521.2199707031,522.3800048828,20674400,518.2538452148
2024-12-10,QQQ,523.6199951172,525.3800048828,519.1599731445,520.5999755859,24350000,516.4878540039
2024-12-11,QQQ,525.0000000000,530.6099853516,524.5900268555,529.9199829102,32168600,525.7343750000
2024-12-12,QQQ,527.6799926758,528.9600219727,526.0200195312,526.5000000000,23577500,522.3413085938
2024-12-13,QQQ,530.4600219727,533.1699829102,527.2999877930,530.5300292969,28780400,526.3394165039
2024-12-16,QQQ,533.0800170898,539.1500244141,533.0000000000,538.1699829102,31979900,533.9191284180
2024-12-17,QQQ,536.3599853516,537.4799804688,534.1300048828,535.7999877930,28579100,531.5678710938
2024-12-18,QQQ,535.1500244141,536.8800048828,515.0100097656,516.4699707031,54703200,512.3905639648
2024-12-19,QQQ,521.1900024414,521.7600097656,513.8300170898,514.1699829102,46441800,510.1086730957
2024-12-20,QQQ,510.4400024414,524.8200073242,509.2900085449,518.6599731445,60530000,514.5632324219
2024-12-23,QQQ,519.5499877930,523.2500000000,516.1300048828,522.8699951172,29672800,519.5764160156
2024-12-24,QQQ,524.8300170898,530.0499877930,524.1900024414,529.9600219727,17558200,526.6218261719
2024-12-26,QQQ,528.3200073242,531.2399902344,526.3099975586,529.5999755859,19090500,526.2640991211
2024-12-27,QQQ,526.0100097656,526.4500122070,517.8599853516,522.5599975586,33839600,519.2684326172
2024-12-30,QQQ,515.5100097656,519.3599853516,511.8299865723,515.6099853516,34584000,512.3621215820
2024-12-31,QQQ,516.9000244141,517.6599731445,510.2600097656,511.2300109863,29117000,508.0097656250
2020-01-02,SPY,323.5400085449,324.8900146484,322.5299987793,324.8699951172,59151200,296.8881530762
2020-01-03,SPY,321.1600036621,323.6400146484,321.1000061035,322.4100036621,77709700,294.6400146484
2020-01-06,SPY,320.4899902344,323.7300109863,320.3599853516,323.6400146484,55653900,295.7640991211
2020-01-07,SPY,323.0199890137,323.5400085449,322.2399902344,322.7300109863,40496400,294.9325561523
2020-01-08,SPY,322.9400024414,325.7799987793,322.6700134277,324.4500122070,68296000,296.5043640137
2020-01-09,SPY,326.1600036621,326.7300109863,325.5199890137,326.6499938965,48473300,298.5148925781
2020-01-10,SPY,327.2900085449,327.4599914551,325.2000122070,325.7099914551,53029300,297.6558227539
2020-01-13,SPY,326.3900146484,327.9599914551,325.9200134277,327.9500122070,47086800,299.7029113770
2020-01-14,SPY,327.4700012207,328.6199951172,326.8399963379,327.4500122070,62832800,299.2459716797
2020-01-15,SPY,327.3500061035,329.0199890137,327.2600097656,328.1900024414,72056600,299.9223022461
2020-01-16,SPY,329.7000122070,330.9200134277,329.4500122070,330.9200134277,54050300,302.4170837402
2020-01-17,SPY,331.7000122070,332.1799926758,330.8500061035,331.9500122070,95846000,303.3584289551
2020-01-21,SPY,330.8999938965,332.1799926758,330.8200073242,331.2999877930,77742400,302.7643432617
2020-01-22,SPY,332.2399902344,332.9500122070,331.1700134277,331.3399963379,48914900,302.8009948730
2020-01-23,SPY,330.6300048828,332.1700134277,329.4100036621,331.7200012207,51963000,303.1481018066
2020-01-24,SPY,332.4400024414,332.5299987793,327.3599853516,328.7699890137,87578400,300.4522705078
2020-01-27,SPY,323.0299987793,325.1199951172,322.6600036621,323.5000000000,84062500,295.6361999512
2020-01-28,SPY,325.0599975586,327.8500061035,323.6000061035,326.8900146484,63834000,298.7341918945
2020-01-29,SPY,328.3800048828,328.6300048828,326.3999938965,326.6199951172,53888900,298.4874267578
2020-01-30,SPY,324.3599853516,327.9100036621,323.5400085449,327.6799926758,75491800,299.4562072754
2020-01-31,SPY,327.0000000000,327.1700134277,320.7300109863,321.7300109863,113845600,294.0186462402
2020-02-03,SPY,323.3500061035,326.1600036621,323.2200012207,324.1199951172,69083000,296.2028198242
2020-02-04,SPY,328.0700073242,330.0100097656,327.7200012207,329.0599975586,62573200,300.7173156738
2020-02-05,SPY,332.2699890137,333.0899963379,330.6700134277,332.8599853516,65951100,304.1900024414
2020-02-06,SPY,333.9100036621,334.1900024414,332.7999877930,333.9800109863,50359700,305.2135620117
2020-02-07,SPY,332.8200073242,333.9899902344,331.6000061035,332.2000122070,64139400,303.5868225098
2020-02-10,SPY,331.2300109863,334.7500000000,331.1900024414,334.6799926758,42070000,305.8531494141
2020-02-11,SPY,336.1600036621,337.0199890137,334.6799926758,335.2600097656,54864500,306.3832092285
2020-02-12,SPY,336.8299865723,337.6499938965,336.4299926758,337.4200134277,43992700,308.3572082520
2020-02-13,SPY,335.8599853516,338.1199951172,335.5599975586,337.0599975586,54501900,308.0281982422
2020-02-14,SPY,337.5100097656,337.7300109863,336.2000122070,337.6000061035,64582200,308.5217590332
2020-02-18,SPY,336.5100097656,337.6700134277,335.2099914551,336.7300109863,57226200,307.7267456055
2020-02-19,SPY,337.7900085449,339.0799865723,337.4800109863,338.3399963379,48814700,309.1979980469
2020-02-20,SPY,337.7399902344,338.6400146484,333.6799926758,336.9500122070,74163400,307.9277343750
2020-02-21,SPY,335.4700012207,335.8099975586,332.5799865723,333.4800109863,113788200,304.7565917969
2020-02-24,SPY,323.1400146484,333.5599975586,321.2399902344,322.4200134277,161088400,294.6492614746
2020-02-25,SPY,323.9400024414,324.6099853516,311.6900024414,312.6499938965,218913200,285.7207031250
2020-02-26,SPY,314.1799926758,318.1099853516,310.7000122070,311.5000000000,194773800,284.6697387695
2020-02-27,SPY,305.4599914551,311.5599975586,297.5100097656,297.5100097656,284353500,271.8848266602
2020-02-28,SPY,288.7000122070,297.8900146484,285.5400085449,296.2600097656,384975800,270.7424316406
2020-03-02,SPY,298.2099914551,309.1600036621,294.4599914551,309.0899963379,238703600,282.4673156738
2020-03-03,SPY,309.5000000000,313.8399963379,297.5700073242,300.2399902344,300139100,274.3796691895
2020-03-04,SPY,306.1199951172,313.1000061035,303.3299865723,312.8599853516,176613400,285.9125671387
2020-03-05,SPY,304.9800109863,308.4700012207,300.0100097656,302.4599914551,186366800,276.4084167480
2020-03-06,SPY,293.1499938965,298.7799987793,290.2300109863,297.4599914551,228667200,271.8390808105
2020-03-09,SPY,275.2999877930,284.1900024414,273.4500122070,274.2300109863,309417300,250.6098937988
2020-03-10,SPY,284.6400146484,288.5199890137,273.5000000000,288.4200134277,276444100,263.5776977539
2020-03-11,SPY,280.7000122070,281.9400024414,270.8800048828,274.3599853516,255316300,250.7286682129
2020-03-12,SPY,256.0000000000,266.6600036621,247.6799926758,248.1100006104,392220700,226.7397003174
2020-03-13,SPY,263.0899963379,271.4800109863,248.5200042725,269.3200073242,329566100,246.1228179932
2020-03-16,SPY,241.1799926758,256.8999938965,237.3600006104,239.8500061035,297240000,219.1911315918
2020-03-17,SPY,245.0399932861,256.1700134277,237.0700073242,252.8000030518,262070500,231.0257263184
2020-03-18,SPY,236.2500000000,248.3699951172,228.0200042725,240.0000000000,327597100,219.3282470703
2020-03-19,SPY,239.2500000000,247.3800048828,232.2200012207,240.5099945068,289322000,219.7943115234
2020-03-20,SPY,242.5299987793,244.4700012207,228.5000000000,228.8000030518,347158800,210.3224029541
2020-03-23,SPY,228.1900024414,229.6799926758,218.2599945068,222.9499969482,326025200,204.9448699951
2020-03-24,SPY,234.4199981689,244.1000061035,233.8000030518,243.1499938965,235494500,223.5135345459
2020-03-25,SPY,244.8699951172,256.3500061035,239.7500000000,246.7899932861,299430300,226.8595733643
2020-03-26,SPY,249.5200042725,262.7999877930,249.0500030518,261.2000122070,257632800,240.1058349609
2020-03-27,SPY,253.2700042725,260.8099975586,251.0500030518,253.4199981689,224341200,232.9541625977
2020-03-30,SPY,255.6999969482,262.4299926758,253.5299987793,261.6499938965,171369500,240.5195312500
2020-03-31,SPY,260.5599975586,263.3299865723,256.2200012207,257.7500000000,194881100,236.9344787598
2020-04-01,SPY,247.9799957275,257.6600036621,243.8999938965,246.1499938965,189554600,226.2712707520
2020-04-02,SPY,245.1900024414,252.6799926758,244.5899963379,251.8300018311,177660400,231.4925842285
2020-04-03,SPY,250.7599945068,253.3200073242,245.2200012207,248.1900024414,135561200,228.1465301514
2020-04-06,SPY,257.8399963379,267.0000000000,248.1699981689,264.8599853516,188061200,243.4702301025
2020-04-07,SPY,274.2099914551,275.0299987793,264.8900146484,265.1300048828,201427200,243.7184448242
2020-04-08,SPY,267.9599914551,276.0000000000,265.2500000000,274.0299987793,153774500,251.8997497559
2020-04-09,SPY,277.5799865723,281.2000122070,275.4700012207,278.2000122070,189999200,255.7329864502
2020-04-13,SPY,277.1400146484,277.5100097656,271.4100036621,275.6600036621,114839100,253.3981170654
2020-04-14,SPY,280.9800109863,284.8999938965,275.5100097656,283.7900085449,134143400,260.8715820312
2020-04-15,SPY,277.5700073242,283.9400024414,275.4599914551,277.7600097656,121775000,255.3285369873
2020-04-16,SPY,279.1499938965,280.0299987793,275.7600097656,279.1000061035,131798300,256.5603332520
2020-04-17,SPY,285.3800048828,287.2999877930,282.3999938965,286.6400146484,146684800,263.4913330078
2020-04-20,SPY,282.6099853516,286.7900085449,281.3500061035,281.5899963379,100109300,258.8492736816
2020-04-21,SPY,276.7300109863,278.0400085449,272.0199890137,273.0400085449,126385700,250.9897003174
2020-04-22,SPY,278.3500061035,281.0000000000,276.9100036621,279.1000061035,92951600,256.5603332520
2020-04-23,SPY,280.4899902344,283.9400024414,278.7500000000,279.0799865723,104709700,256.5419311523
2020-04-24,SPY,280.7300109863,283.7000122070,278.5000000000,282.9700012207,85063200,260.1177368164
2020-04-27,SPY,285.1199951172,288.2699890137,284.6199951172,287.0499877930,77896600,263.8682250977
2020-04-28,SPY,291.0199890137,291.3999938965,285.3999938965,285.7300109863,105270000,262.6548156738
2020-04-29,SPY,291.5299987793,294.8800048828,290.4100036621,293.2099914551,118745600,269.5307922363
2020-04-30,SPY,291.7099914551,293.3200073242,288.5899963379,290.4800109863,122901700,267.0212097168
2020-05-01,SPY,285.3099975586,290.6600036621,281.5199890137,282.7900085449,125180000,259.9523315430
2020-05-04,SPY,280.7399902344,283.8999938965,279.1300048828,283.5700073242,80873200,260.6693115234
2020-05-05,SPY,286.6400146484,289.2500000000,283.7099914551,286.1900024414,79569900,263.0776672363
2020-05-06,SPY,288.0400085449,288.4599914551,283.7799987793,284.2500000000,73632600,261.2943725586
2020-05-07,SPY,287.7500000000,289.7799987793,287.1300048828,287.6799926758,75250400,264.4474182129
2020-05-08,SPY,291.0899963379,292.9500122070,289.8599853516,292.4400024414,76452400,268.8229980469
2020-05-11,SPY,290.3399963379,294.0000000000,289.8800048828,292.5000000000,79514200,268.8780822754
2020-05-12,SPY,293.7900085449,294.2399902344,286.5199890137,286.6700134277,95870800,263.5189819336
2020-05-13,SPY,286.0599975586,287.1900024414,278.9599914551,281.6000061035,144721100,258.8583984375
2020-05-14,SPY,278.9500122070,285.1099853516,272.9899902344,284.9700012207,121977900,261.9562683105
2020-05-15,SPY,282.3699951172,286.3299865723,281.3399963379,286.2799987793,111146300,263.1604309082
2020-05-18,SPY,293.0499877930,296.7500000000,292.7000122070,295.0000000000,119703800,271.1761779785
2020-05-19,SPY,294.3500061035,296.2099914551,291.9500122070,291.9700012207,95189300,268.3909606934
2020-05-20,SPY,295.8200073242,297.8699951172,295.5700073242,296.9299926758,85861700,272.9504089355
2020-05-21,SPY,296.7900085449,297.6700134277,293.6900024414,294.8800048828,78293900,271.0659179688
2020-05-22,SPY,294.5700073242,295.6300048828,293.2200012207,295.4400024414,63958200,271.5806884766
2020-05-26,SPY,301.9299926758,302.1900024414,295.4599914551,299.0799865723,88951400,274.9267272949
2020-05-27,SPY,302.1199951172,303.5700073242,296.8699951172,303.5299987793,104817400,279.0173645020
2020-05-28,SPY,304.6499938965,306.8399963379,302.2399902344,302.9700012207,90405200,278.5025329590
2020-05-29,SPY,302.4599914551,304.9599914551,299.4700012207,304.3200073242,119090800,279.7435913086
2020-06-01,SPY,303.6199951172,306.2099914551,303.0599975586,305.5499877930,55758300,280.8741760254
2020-06-02,SPY,306.5499877930,308.1300048828,305.1000061035,308.0799865723,74267200,283.1998596191
2020-06-03,SPY,310.2399902344,313.2200012207,309.9400024414,312.1799926758,92567600,286.9687500000
2020-06-04,SPY,311.1099853516,313.0000000000,309.0799865723,311.3599853516,75794400,286.2150268555
2020-06-05,SPY,317.2300109863,321.2699890137,317.1600036621,319.3399963379,150524700,293.5505371094
2020-06-08,SPY,320.2200012207,323.4100036621,319.6300048828,323.2000122070,73641200,297.0988464355
2020-06-09,SPY,320.2999877930,323.2799987793,319.3599853516,320.7900085449,77479200,294.8834838867
2020-06-10,SPY,321.4200134277,322.3900146484,318.2200012207,319.0000000000,95000800,293.2379760742
2020-06-11,SPY,311.4599914551,312.1499938965,300.0100097656,300.6099853516,209243600,276.3331604004
2020-06-12,SPY,308.2399902344,309.0799865723,298.6000061035,304.2099914551,194678900,279.6424255371
2020-06-15,SPY,298.0199890137,308.2799987793,296.7399902344,307.0499877930,135782700,282.2530517578
2020-06-16,SPY,315.4800109863,315.6400146484,307.6700134277,312.9599914551,137627500,287.6857910156
2020-06-17,SPY,314.0700073242,314.3900146484,310.8599853516,311.6600036621,83398900,286.4908142090
2020-06-18,SPY,310.0100097656,312.2999877930,309.5100097656,311.7799987793,80828700,286.6011047363
2020-06-19,SPY,314.1700134277,314.3800048828,306.5299987793,308.6400146484,135549600,284.9631958008
2020-06-22,SPY,307.9899902344,311.0499877930,306.7500000000,310.6199951172,74649400,286.7913208008
2020-06-23,SPY,313.4899902344,314.5000000000,311.6099853516,312.0499877930,68471200,288.1116027832
2020-06-24,SPY,309.8399963379,310.5100097656,302.1000061035,304.0899963379,132813500,280.7622680664
2020-06-25,SPY,303.4700012207,307.6400146484,301.2799987793,307.3500061035,89468000,283.7721862793
2020-06-26,SPY,306.1600036621,306.3900146484,299.4200134277,300.0499877930,127961000,277.0320739746
2020-06-29,SPY,301.4100036621,304.6099853516,298.9299926758,304.4599914551,79773300,281.1038513184
2020-06-30,SPY,303.9899902344,310.2000122070,303.8200073242,308.3599853516,113394800,284.7046813965
2020-07-01,SPY,309.5700073242,311.8900146484,309.0700073242,310.5199890137,72396500,286.6988830566
2020-07-02,SPY,314.2399902344,315.7000122070,311.5100097656,312.2300109863,69344200,288.2778015137
2020-07-06,SPY,316.3699951172,317.6799926758,315.5599975586,317.0499877930,61713800,292.7279968262
2020-07-07,SPY,315.3800048828,317.5199890137,313.3699951172,313.7799987793,82910000,289.7087707520
2020-07-08,SPY,314.6099853516,316.2999877930,312.7000122070,316.1799926758,54638600,291.9247741699
2020-07-09,SPY,316.8399963379,317.1000061035,310.6799926758,314.3800048828,83354200,290.2629089355
2020-07-10,SPY,314.3099975586,317.8800048828,312.7600097656,317.5899963379,57550400,293.2265930176
2020-07-13,SPY,320.1300048828,322.7099914551,314.1300048828,314.8399963379,102997500,290.6875000000
2020-07-14,SPY,313.2999877930,319.7600097656,312.0000000000,318.9200134277,93657000,294.4546203613
2020-07-15,SPY,322.4100036621,323.0400085449,319.2699890137,321.8500061035,87196500,297.1597900391
2020-07-16,SPY,319.7900085449,321.2799987793,319.0899963379,320.7900085449,54622500,296.1811523438
2020-07-17,SPY,321.8800048828,322.5700073242,319.7399902344,321.7200012207,62774900,297.0397644043
2020-07-20,SPY,321.4299926758,325.1300048828,320.6199951172,324.3200073242,56308800,299.4403076172
2020-07-21,SPY,326.4500122070,326.9299926758,323.9400024414,325.0100097656,57292200,300.0774230957
2020-07-22,SPY,324.6199951172,327.2000122070,324.5000000000,326.8599853516,57792900,301.7854614258
2020-07-23,SPY,326.4700012207,327.2300109863,321.4800109863,322.9599914551,75738000,298.1845703125
2020-07-24,SPY,320.9500122070,321.9899902344,319.2500000000,320.8800048828,73766600,296.2642517090
2020-07-27,SPY,321.6300048828,323.4100036621,320.7699890137,323.2200012207,48293000,298.4247131348
2020-07-28,SPY,322.4299926758,323.6400146484,320.8500061035,321.1700134277,57495000,296.5319824219
2020-07-29,SPY,322.1199951172,325.7300109863,322.0799865723,325.1199951172,48454200,300.1789245605
2020-07-30,SPY,321.8999938965,324.4100036621,319.6400146484,323.9599914551,61861700,299.1079101562
2020-07-31,SPY,325.8999938965,326.6300048828,321.3299865723,326.5199890137,84986800,301.4715881348
2020-08-03,SPY,328.3200073242,329.6199951172,327.7300109863,328.7900085449,53077900,303.5674133301
2020-08-04,SPY,327.8599853516,330.0599975586,327.8599853516,330.0599975586,41917900,304.7399902344
2020-08-05,SPY,331.4700012207,332.3900146484,331.1799926758,332.1099853516,42697700,306.6327209473
2020-08-06,SPY,331.4800109863,334.4599914551,331.1300048828,334.3299865723,43679400,308.6823730469
2020-08-07,SPY,333.2799987793,334.8800048828,332.2999877930,334.5700073242,57308300,308.9040527344
2020-08-10,SPY,335.0599975586,335.7699890137,332.9599914551,335.5700073242,44282100,309.8273315430
2020-08-11,SPY,336.8500061035,337.5400085449,332.0100097656,332.7999877930,69601100,307.2697753906
2020-08-12,SPY,335.4400024414,338.2799987793,335.4100036621,337.4400024414,53774400,311.5538330078
2020-08-13,SPY,336.6099853516,338.2500000000,335.8299865723,336.8299865723,41816100,310.9906005859
2020-08-14,SPY,336.4100036621,337.4200134277,335.6199951172,336.8399963379,47260400,310.9998474121
2020-08-17,SPY,337.9400024414,338.3399963379,336.8500061035,337.9100036621,35481000,311.9877929688
2020-08-18,SPY,338.3399963379,339.1000061035,336.6099853516,338.6400146484,38733900,312.6618347168
2020-08-19,SPY,339.0499877930,339.6099853516,336.6199951172,337.2300109863,68054200,311.3599853516
2020-08-20,SPY,335.3599853516,338.7999877930,335.2200012207,338.2799987793,42207800,312.3293762207
2020-08-21,SPY,337.9200134277,339.7200012207,337.5499877930,339.4800109863,55106600,313.4374084473
2020-08-24,SPY,342.1199951172,343.0000000000,339.4500122070,342.9200134277,48588700,316.6134948730
2020-08-25,SPY,343.5299987793,344.2099914551,342.2699890137,344.1199951172,38463400,317.7213439941
2020-08-26,SPY,344.7600097656,347.8599853516,344.1700134277,347.5700073242,50790200,320.9067382812
2020-08-27,SPY,348.5100097656,349.8999938965,346.5299987793,348.3299865723,58034100,321.6084289551
2020-08-28,SPY,349.4400024414,350.7200012207,348.1499938965,350.5799865723,48588900,323.6858825684
2020-08-31,SPY,350.3500061035,351.2999877930,349.0599975586,349.3099975586,66099200,322.5132446289
2020-09-01,SPY,350.2099914551,352.7099914551,349.2399902344,352.6000061035,54908700,325.5508422852
2020-09-02,SPY,354.6700134277,358.7500000000,353.4299926758,357.7000122070,69540000,330.2596435547
2020-09-03,SPY,355.8699951172,356.3800048828,342.5899963379,345.3900146484,148011100,318.8938598633
2020-09-04,SPY,346.1300048828,347.8299865723,334.8699951172,342.5700073242,139156300,316.2903137207
2020-09-08,SPY,336.7099914551,342.6400146484,332.8800048828,333.2099914551,114465300,307.6483459473
2020-09-09,SPY,337.5499877930,342.4599914551,336.6099853516,339.7900085449,91462300,313.7236328125
2020-09-10,SPY,341.8200073242,342.5299987793,332.8500061035,333.8900146484,90569500,308.2761535645
2020-09-11,SPY,335.8200073242,336.9700012207,331.0000000000,334.0599975586,84680200,308.4330444336
2020-09-14,SPY,337.4899902344,340.3800048828,334.2200012207,338.4599914551,65605700,312.4956054688
2020-09-15,SPY,341.1199951172,342.0199890137,338.4700012207,340.1700134277,52920900,314.0744018555
2020-09-16,SPY,341.5100097656,343.0599975586,338.5199890137,338.8200073242,82096000,312.8280334473
2020-09-17,SPY,333.5599975586,337.7000122070,332.9899902344,335.8399963379,91523300,310.0765075684
2020-09-18,SPY,335.3699951172,335.4899902344,327.9700012207,330.6499938965,105877900,306.5067443848
2020-09-21,SPY,325.7000122070,327.1300048828,321.7300109863,326.9700012207,99450800,303.0954589844
2020-09-22,SPY,328.5700073242,330.8999938965,325.8599853516,330.2999877930,63612100,306.1823425293
2020-09-23,SPY,330.8999938965,331.2000122070,322.1000061035,322.6400146484,93112200,299.0816650391
2020-09-24,SPY,321.2200012207,326.7999877930,319.7999877930,323.5000000000,76681300,299.8788452148
2020-09-25,SPY,322.5799865723,329.5799865723,321.6400146484,328.7300109863,71069400,304.7269592285
2020-09-28,SPY,333.2200012207,334.9599914551,332.1499938965,334.1900024414,64584600,309.7882995605
2020-09-29,SPY,333.9700012207,334.7699890137,331.6199951172,332.3699951172,51304000,308.1012268066
2020-09-30,SPY,333.0899963379,338.2900085449,332.8800048828,334.8900146484,104081100,310.4372253418
2020-10-01,SPY,337.6900024414,338.7399902344,335.0100097656,337.0400085449,88698700,312.4302368164
2020-10-02,SPY,331.7000122070,337.0100097656,331.1900024414,333.8399963379,89431100,309.4638366699
2020-10-05,SPY,336.0599975586,339.9599914551,336.0100097656,339.7600097656,45713100,314.9515686035
2020-10-06,SPY,339.9100036621,342.1700134277,334.3800048828,334.9299926758,90128900,310.4743041992
2020-10-07,SPY,338.1199951172,341.6300048828,338.0899963379,340.7600097656,56999600,315.8786010742
2020-10-08,SPY,342.8500061035,343.8500061035,341.8599853516,343.7799987793,45242500,318.6780395508
2020-10-09,SPY,345.5599975586,347.3500061035,344.8900146484,346.8500061035,59528600,321.5238952637
2020-10-12,SPY,349.5899963379,354.0199890137,349.0599975586,352.4299926758,80388500,326.6964416504
2020-10-13,SPY,352.2799987793,352.4700012207,349.0899963379,350.1300048828,73255500,324.5644226074
2020-10-14,SPY,350.7500000000,351.9299926758,347.1400146484,347.9299926758,57727900,322.5249938965
2020-10-15,SPY,343.7099914551,348.0199890137,343.1300048828,347.5000000000,60357700,322.1263732910
2020-10-16,SPY,348.9599914551,350.7500000000,347.1000061035,347.2900085449,89501900,321.9317321777
2020-10-19,SPY,348.6499938965,349.3299865723,341.0400085449,342.0100097656,68425600,317.0373229980
2020-10-20,SPY,343.4599914551,346.8800048828,342.6400146484,343.3800048828,60051900,318.3072814941
2020-10-21,SPY,343.3299865723,345.6700134277,342.3999938965,342.7300109863,63575000,317.7047729492
2020-10-22,SPY,342.9599914551,345.2399902344,340.6499938965,344.6099853516,55399300,319.4473571777
2020-10-23,SPY,345.9299926758,345.9899902344,343.1300048828,345.7799987793,49143900,320.5320434570
2020-10-26,SPY,342.1300048828,342.9800109863,335.6199951172,339.3900146484,91473000,314.6085815430
2020-10-27,SPY,339.7600097656,340.1199951172,337.9899902344,338.2200012207,65994100,313.5240478516
2020-10-28,SPY,332.1000061035,338.2500000000,326.1300048828,326.6600036621,127094300,302.8081054688
2020-10-29,SPY,326.9100036621,333.3999938965,325.0899963379,329.9800109863,90597700,305.8856506348
2020-10-30,SPY,328.2799987793,329.6900024414,322.6000061035,326.5400085449,120287300,302.6969604492
2020-11-02,SPY,330.2000122070,332.3599853516,327.2399902344,330.2000122070,86068300,306.0896301270
2020-11-03,SPY,333.6900024414,338.2500000000,330.2900085449,336.0299987793,93294200,311.4938659668
2020-11-04,SPY,340.8599853516,347.9400024414,339.5899963379,343.5400085449,126959700,318.4555969238
2020-11-05,SPY,349.2399902344,352.1900024414,348.8599853516,350.2399902344,82039700,324.6664123535
2020-11-06,SPY,349.9299926758,351.5100097656,347.6499938965,350.1600036621,74973000,324.5921936035
2020-11-09,SPY,363.9700012207,364.3800048828,354.0599975586,354.5599975586,172304200,328.6708984375
2020-11-10,SPY,353.4899902344,355.1799926758,350.5100097656,354.0400085449,85552000,328.1888427734
2020-11-11,SPY,356.3999938965,357.5599975586,355.0599975586,356.6700134277,58649000,330.6268310547
2020-11-12,SPY,355.5799865723,356.7200012207,351.2600097656,353.2099914551,67546200,327.4194335938
2020-11-13,SPY,355.2699890137,358.8999938965,354.7099914551,358.1000061035,62892200,331.9524536133
2020-11-16,SPY,360.9800109863,362.7799987793,359.5899963379,362.5700073242,74541100,336.0960388184
2020-11-17,SPY,359.9700012207,361.9200134277,358.3399963379,360.6199951172,66111000,334.2884216309
2020-11-18,SPY,360.9100036621,361.5000000000,356.2399902344,356.2799987793,70591300,330.2652893066
2020-11-19,SPY,355.6000061035,358.1799926758,354.1499938965,357.7799987793,59940900,331.6557922363
2020-11-20,SPY,357.5000000000,357.7200012207,355.2500000000,355.3299865723,70417300,329.3847045898
2020-11-23,SPY,357.2799987793,358.8200073242,354.8699951172,357.4599914551,63230600,331.3591918945
2020-11-24,SPY,360.2099914551,363.8099975586,359.2900085449,363.2200012207,62415900,336.6985473633
2020-11-25,SPY,363.1300048828,363.1600036621,361.4800109863,362.6600036621,45330900,336.1794128418
2020-11-27,SPY,363.8399963379,364.1799926758,362.5799865723,363.6700134277,28514100,337.1157836914
2020-11-30,SPY,362.8299865723,363.1199951172,359.1700134277,362.0599975586,83872700,335.6232604980
2020-12-01,SPY,365.5700073242,367.6799926758,364.9299926758,366.0199890137,74231400,339.2941284180
2020-12-02,SPY,364.8200073242,366.9599914551,364.2000122070,366.7900085449,45927000,340.0079345703
2020-12-03,SPY,366.6799926758,368.1900024414,365.5000000000,366.6900024414,62882000,339.9152221680
2020-12-04,SPY,367.3200073242,369.8500061035,367.2200012207,369.8500061035,50749900,342.8444824219
2020-12-07,SPY,369.0199890137,369.6199951172,367.7200012207,369.0899963379,48944300,342.1399230957
2020-12-08,SPY,367.7200012207,370.7799987793,367.6700134277,370.1700134277,42458900,343.1410827637
2020-12-09,SPY,370.8800048828,371.0499877930,365.9500122070,366.8500061035,74098300,340.0635681152
2020-12-10,SPY,365.3699951172,367.8599853516,364.4299926758,366.7300109863,57735400,339.9523620605
2020-12-11,SPY,364.8999938965,366.7399902344,363.2600097656,366.2999877930,57698600,339.5536499023
2020-12-14,SPY,368.6400146484,369.7999877930,364.4700012207,364.6600036621,69216200,338.0334167480
2020-12-15,SPY,367.3999938965,369.5899963379,365.9200134277,369.5899963379,63865300,342.6034545898
2020-12-16,SPY,369.8200073242,371.1600036621,368.8699951172,370.1700134277,58420500,343.1410827637
2020-12-17,SPY,371.9400024414,372.4599914551,371.0499877930,372.2399902344,64119500,345.0599670410
2020-12-18,SPY,370.9700012207,371.1499938965,367.0199890137,369.1799926758,136542300,343.6822204590
2020-12-21,SPY,364.9700012207,378.4599914551,362.0299987793,367.8599853516,96386700,342.4533996582
2020-12-22,SPY,368.2099914551,368.3299865723,366.0299987793,367.2399902344,47949000,341.8761901855
2020-12-23,SPY,368.2799987793,369.6199951172,367.2200012207,367.5700073242,46201400,342.1833801270
2020-12-24,SPY,368.0799865723,369.0299987793,367.4500122070,369.0000000000,26457900,343.5145874023
2020-12-28,SPY,371.7399902344,372.5899963379,371.0700073242,372.1700134277,39000400,346.4657592773
2020-12-29,SPY,373.8099975586,374.0000000000,370.8299865723,371.4599914551,53680500,345.8047180176
2020-12-30,SPY,372.3399963379,373.1000061035,371.5700073242,371.9899902344,49455300,346.2981567383
2020-12-31,SPY,371.7799987793,374.6600036621,371.2300109863,373.8800048828,78520700,348.0575866699
2021-01-04,SPY,375.3099975586,375.4500122070,364.8200073242,368.7900085449,110210800,343.3191223145
2021-01-05,SPY,368.1000061035,372.5000000000,368.0499877930,371.3299865723,66426200,345.6837158203
2021-01-06,SPY,369.7099914551,376.9800109863,369.1199951172,373.5499877930,107997700,347.7503051758
2021-01-07,SPY,376.1000061035,379.8999938965,375.9100036621,379.1000061035,68766800,352.9170837402
2021-01-08,SPY,380.5899963379,381.4899902344,377.1000061035,381.2600097656,71677200,354.9278259277
2021-01-11,SPY,377.8500061035,380.5799865723,377.7200012207,378.6900024414,51034700,352.5354309082
2021-01-12,SPY,378.8900146484,379.8599853516,376.3599853516,378.7699890137,52547700,352.6098327637
2021-01-13,SPY,378.6900024414,380.8599853516,377.8500061035,379.7900085449,45303600,353.5594482422
2021-01-14,SPY,380.5899963379,381.1300048828,378.1000061035,378.4599914551,49989100,352.3212585449
2021-01-15,SPY,376.7200012207,377.5799865723,373.7000122070,375.7000122070,107160000,349.7518310547
2021-01-19,SPY,378.3399963379,379.2300109863,376.7500000000,378.6499938965,51233300,352.4980773926
2021-01-20,SPY,381.1099853516,384.7900085449,380.6900024414,383.8900146484,61836100,357.3762512207
2021-01-21,SPY,384.4899902344,384.9500122070,383.2500000000,384.2399902344,47840100,357.7020874023
2021-01-22,SPY,382.2500000000,384.1300048828,381.8399963379,382.8800048828,52860500,356.4359130859
2021-01-25,SPY,383.6700134277,384.7699890137,378.4599914551,384.3900146484,70402000,357.8417663574
2021-01-26,SPY,385.4100036621,385.8500061035,383.5400085449,383.7900085449,42665300,357.2831115723
2021-01-27,SPY,380.2200012207,380.3200073242,372.0100097656,374.4100036621,123351100,348.5508728027
2021-01-28,SPY,376.3599853516,381.9299926758,375.8900146484,377.6300048828,94198100,351.5486145020
2021-01-29,SPY,375.6300048828,376.6700134277,368.2699890137,370.0700073242,126765100,344.5107727051
2021-02-01,SPY,373.7200012207,377.3399963379,370.3800048828,376.2300109863,75817600,350.2453308105
2021-02-02,SPY,379.6499938965,383.2200012207,376.3200073242,381.5499877930,64450700,355.1978454590
2021-02-03,SPY,382.4400024414,383.7000122070,380.4800109863,381.8500061035,52427100,355.4770202637
2021-02-04,SPY,382.9599914551,386.2399902344,381.9700012207,386.1900024414,47142600,359.5173950195
2021-02-05,SPY,388.2000122070,388.4700012207,386.1400146484,387.7099914551,48669800,360.9324035645
2021-02-08,SPY,389.2699890137,390.5599975586,388.3500061035,390.5100097656,38365200,363.5390319824
2021-02-09,SPY,389.6099853516,390.8900146484,389.1700134277,390.2500000000,35551100,363.2970275879
2021-02-10,SPY,392.1199951172,392.2799987793,387.5000000000,390.0799865723,59154400,363.1387023926
2021-02-11,SPY,391.2399902344,391.6900024414,388.1000061035,390.7099914551,42913300,363.7252197266
2021-02-12,SPY,389.8500061035,392.8999938965,389.7699890137,392.6400146484,50593300,365.5219726562
2021-02-16,SPY,393.9599914551,394.1700134277,391.5299987793,392.2999877930,50972400,365.2053833008
2021-02-17,SPY,390.4200134277,392.6600036621,389.3299865723,392.3900146484,52290600,365.2892456055
2021-02-18,SPY,389.5899963379,391.5199890137,387.7399902344,390.7200012207,59712800,363.7345275879
2021-02-19,SPY,392.0700073242,392.3800048828,389.5499877930,390.0299987793,83241000,363.0921936035
2021-02-22,SPY,387.0599975586,389.6199951172,386.7399902344,387.0299987793,67414200,360.2993469238
2021-02-23,SPY,384.6600036621,388.9500122070,380.2000122070,387.5000000000,107284100,360.7369079590
2021-02-24,SPY,386.3299865723,392.2300109863,385.2699890137,391.7699890137,72433900,364.7119445801
2021-02-25,SPY,390.4100036621,391.8800048828,380.7799987793,382.3299865723,146670500,355.9239196777
2021-02-26,SPY,384.3500061035,385.5799865723,378.2300109863,380.3599853516,152701600,354.0899658203
2021-03-01,SPY,385.5899963379,390.9200134277,380.5700073242,389.5799865723,105348800,362.6732177734
2021-03-02,SPY,389.8200073242,390.0700073242,386.0000000000,386.5400085449,79595300,359.8432617188
2021-03-03,SPY,385.7900085449,386.8299865723,381.3099975586,381.4200134277,119940200,355.0767822266
2021-03-04,SPY,381.2200012207,384.0000000000,371.8800048828,376.7000122070,183433000,350.6827697754
2021-03-05,SPY,380.4599914551,384.7600097656,372.6400146484,383.6300048828,152039600,357.1341857910
2021-03-08,SPY,384.6600036621,387.6799926758,381.4200134277,381.7200012207,123149200,355.3560791016
2021-03-09,SPY,385.8500061035,389.9100036621,385.3099975586,387.1700134277,113633600,360.4297485352
2021-03-10,SPY,389.6900024414,391.3999938965,388.1700134277,389.5799865723,109899400,362.6732177734
2021-03-11,SPY,392.2300109863,395.6499938965,391.7399902344,393.5299987793,86245000,366.3504028320
2021-03-12,SPY,392.0700073242,394.2099914551,391.2000122070,394.0599975586,64653600,366.8438110352
2021-03-15,SPY,394.3299865723,396.6900024414,392.0299987793,396.4100036621,73427200,369.0314941406
2021-03-16,SPY,397.0700073242,397.8299865723,395.0799865723,395.9100036621,73722500,368.5660705566
2021-03-17,SPY,394.5299987793,398.1199951172,393.2999877930,397.2600097656,97959300,369.8228149414
2021-03-18,SPY,394.4800109863,396.7200012207,390.7500000000,391.4800109863,115349100,364.4419860840
2021-03-19,SPY,389.8800048828,391.5700073242,387.1499938965,389.4800109863,113624500,363.7676391602
2021-03-22,SPY,390.0299987793,394.0700073242,389.9700012207,392.5899963379,73778600,366.6723632812
2021-03-23,SPY,391.9100036621,393.4599914551,388.6600036621,389.5000000000,90686600,363.7863769531
2021-03-24,SPY,391.0000000000,392.7500000000,387.4700012207,387.5199890137,97588600,361.9370727539
2021-03-25,SPY,385.9800109863,390.5499877930,383.8999938965,389.7000122070,116128600,363.9731445312
2021-03-26,SPY,390.9299926758,396.4100036621,390.2900085449,395.9800109863,114409100,369.8385925293
2021-03-29,SPY,394.3999938965,396.7500000000,392.8099975586,395.7799987793,108107600,369.6517944336
2021-03-30,SPY,394.4200134277,395.4500122070,393.0199890137,394.7300109863,76262200,368.6711425781
2021-03-31,SPY,395.3399963379,398.0000000000,395.3099975586,396.3299865723,112734200,370.1654968262
2021-04-01,SPY,398.3999938965,400.6700134277,398.1799926758,400.6099853516,99682900,374.1628723145
2021-04-05,SPY,403.4599914551,406.9400024414,403.3800048828,406.3599853516,91684800,379.5333557129
2021-04-06,SPY,405.7600097656,407.2399902344,405.3999938965,406.1199951172,62021000,379.3091735840
2021-04-07,SPY,405.9400024414,406.9599914551,405.4500122070,406.5899963379,55836300,379.7481384277
2021-04-08,SPY,407.9299926758,408.5799865723,406.9299926758,408.5199890137,57863100,381.5506591797
2021-04-09,SPY,408.3900146484,411.6700134277,408.2600097656,411.4899902344,61104600,384.3246459961
2021-04-12,SPY,410.8500061035,411.9299926758,410.2000122070,411.6400146484,56704900,384.4647827148
2021-04-13,SPY,411.5299987793,413.5299987793,411.1199951172,412.8599853516,56551000,385.6042480469
2021-04-14,SPY,412.8299865723,413.9599914551,410.8699951172,411.4500122070,61659900,384.2872619629
2021-04-15,SPY,413.7399902344,416.1600036621,413.6900024414,415.8699951172,60229800,388.4155273438
2021-04-16,SPY,417.2500000000,417.9100036621,415.7300109863,417.2600097656,82037300,389.7137145996
2021-04-19,SPY,416.2600097656,416.7399902344,413.7900085449,415.2099914551,78498500,387.7990417480
2021-04-20,SPY,413.9100036621,415.0899963379,410.5899963379,412.1700134277,81851800,384.9596862793
2021-04-21,SPY,411.5100097656,416.2900085449,411.3599853516,416.0700073242,66793000,388.6022949219
2021-04-22,SPY,415.8900146484,416.7799987793,411.1300048828,412.2699890137,97582800,385.0532226562
2021-04-23,SPY,412.8699951172,418.2500000000,412.7900085449,416.7399902344,73209200,389.2280883789
2021-04-26,SPY,417.4400024414,418.2200012207,416.8099975586,417.6099853516,52182400,390.0406188965
2021-04-27,SPY,417.9299926758,418.1400146484,416.2999877930,417.5199890137,51303100,389.9565734863
2021-04-28,SPY,417.8099975586,419.0100097656,416.8999938965,417.3999938965,51238900,389.8444519043
2021-04-29,SPY,420.3200073242,420.7200012207,416.4400024414,420.0599975586,78544300,392.3288879395
2021-04-30,SPY,417.6300048828,418.5400085449,416.3399963379,417.2999877930,85527000,389.7510681152
2021-05-03,SPY,419.4299926758,419.8399963379,417.6700134277,418.2000122070,68128300,390.5917358398
2021-05-04,SPY,416.0700073242,416.6000061035,411.6700134277,415.6199951172,101591200,388.1820373535
2021-05-05,SPY,417.3800048828,417.6300048828,415.1499938965,415.7500000000,60162200,388.3034057617
2021-05-06,SPY,415.8299865723,419.2099914551,413.6799926758,419.0700073242,74321400,391.4042663574
2021-05-07,SPY,419.8900146484,422.8200073242,419.1600036621,422.1199951172,67733800,394.2529602051
2021-05-10,SPY,422.5000000000,422.7399902344,417.8099975586,417.9400024414,81852400,390.3488769531
2021-05-11,SPY,413.1000061035,415.2699890137,410.0599975586,414.2099914551,116888000,386.8651123047
2021-05-12,SPY,411.2300109863,412.5899963379,404.0000000000,405.4100036621,134811000,378.6460571289
2021-05-13,SPY,407.0700073242,412.3500061035,407.0199890137,410.2799987793,106394000,383.1944885254
2021-05-14,SPY,413.2099914551,417.4899902344,413.1799926758,416.5799865723,82201600,389.0785827637
2021-05-17,SPY,415.3900146484,416.3900146484,413.3599853516,415.5199890137,65129200,388.0886230469
2021-05-18,SPY,415.7999877930,416.0599975586,411.7699890137,411.9400024414,59810200,384.7448730469
2021-05-19,SPY,406.9200134277,411.0499877930,405.3299865723,410.8599853516,106467100,383.7362670898
2021-05-20,SPY,411.7999877930,416.6300048828,411.6700134277,415.2799987793,78022200,387.8644714355
2021-05-21,SPY,416.8699951172,418.2000122070,414.4500122070,414.9400024414,76578700,387.5469055176
2021-05-24,SPY,417.3399963379,420.3200073242,417.0799865723,419.1700134277,51376700,391.4976806641
2021-05-25,SPY,420.3299865723,420.7099914551,417.6199951172,418.2399902344,57451400,390.6290283203
2021-05-26,SPY,418.8699951172,419.6099853516,417.7600097656,419.0700073242,43088600,391.4042663574
2021-05-27,SPY,420.1700134277,420.7200012207,418.9899902344,419.2900085449,56707700,391.6097412109
2021-05-28,SPY,420.9700012207,421.2500000000,419.7900085449,420.0400085449,58520200,392.3102111816
2021-06-01,SPY,422.5700073242,422.7200012207,419.2000122070,419.6700134277,54216600,391.9646301270
2021-06-02,SPY,420.3699951172,421.2300109863,419.2900085449,420.3299865723,49097100,392.5810241699
2021-06-03,SPY,417.8500061035,419.9899902344,416.2799987793,418.7699890137,58138800,391.1240844727
2021-06-04,SPY,420.7500000000,422.9200134277,418.8399963379,422.6000061035,55938800,394.7011718750
2021-06-07,SPY,422.5899963379,422.7799987793,421.1900024414,422.1900024414,51555000,394.3182983398
2021-06-08,SPY,423.1099853516,423.2099914551,420.3200073242,422.2799987793,47134300,394.4023132324
2021-06-09,SPY,423.1799926758,423.2600097656,421.4100036621,421.6499938965,48436300,393.8139038086
2021-06-10,SPY,422.9599914551,424.6300048828,421.5499877930,423.6099853516,51020100,395.6445007324
2021-06-11,SPY,424.2000122070,424.4299926758,422.8200073242,424.3099975586,45570800,396.2983093262
2021-06-14,SPY,424.4299926758,425.3699951172,423.1000061035,425.2600097656,42358500,397.1856689453
2021-06-15,SPY,425.4200134277,425.4599914551,423.5400085449,424.4800109863,51508500,396.4570617676
2021-06-16,SPY,424.6300048828,424.8699951172,419.9200134277,422.1099853516,80386100,394.2435607910
2021-06-17,SPY,421.6700134277,423.0199890137,419.3200073242,421.9700012207,90949700,394.1127929688
2021-06-18,SPY,417.0899963379,417.8299865723,414.7000122070,414.9200134277,118676300,388.7960510254
2021-06-21,SPY,416.7999877930,421.0599975586,415.9299926758,420.8599853516,72822000,394.3619995117
2021-06-22,SPY,420.8500061035,424.0000000000,420.0799865723,423.1099853516,57700300,396.4703369141
2021-06-23,SPY,423.1900024414,424.0499877930,422.5100097656,422.6000061035,49445400,395.9924926758
2021-06-24,SPY,424.8900146484,425.5499877930,424.6199951172,425.1000061035,45110300,398.3351440430
2021-06-25,SPY,425.8999938965,427.0899963379,425.5499877930,426.6099853516,58129500,399.7500000000
2021-06-28,SPY,427.1700134277,427.6499938965,425.8900146484,427.4700012207,53159600,400.5558471680
2021-06-29,SPY,427.8800048828,428.5599975586,427.1300048828,427.7000122070,35970500,400.7714538574
2021-06-30,SPY,427.2099914551,428.7799987793,427.1799926758,428.0599975586,64827900,401.1087341309
2021-07-01,SPY,428.8699951172,430.6000061035,428.7999877930,430.4299926758,53441000,403.3295288086
2021-07-02,SPY,431.6700134277,434.1000061035,430.5199890137,433.7200012207,57697700,406.4123535156
2021-07-06,SPY,433.7799987793,434.0100097656,430.0100097656,432.9299926758,68710400,405.6720886230
2021-07-07,SPY,433.6600036621,434.7600097656,431.5100097656,434.4599914551,63549500,407.1058349609
2021-07-08,SPY,428.7799987793,431.7300109863,427.5199890137,430.9200134277,97595200,403.7886962891
2021-07-09,SPY,432.5299987793,435.8399963379,430.7099914551,435.5199890137,76238600,408.0990600586
2021-07-12,SPY,435.4299926758,437.3500061035,434.9700012207,437.0799865723,52889600,409.5608520508
2021-07-13,SPY,436.2399902344,437.8399963379,435.3099975586,435.5899963379,52911300,408.1646728516
2021-07-14,SPY,437.3999938965,437.9200134277,434.9100036621,436.2399902344,64130400,408.7736816406
2021-07-15,SPY,434.8099975586,435.5299987793,432.7200012207,434.7500000000,55126400,407.3775024414
2021-07-16,SPY,436.0100097656,436.0599975586,430.9200134277,431.3399963379,75874700,404.1821594238
2021-07-19,SPY,426.1900024414,431.4100036621,421.9700012207,424.9700012207,147987000,398.2133178711
2021-07-20,SPY,425.6799926758,432.4200134277,424.8299865723,431.0599975586,99608200,403.9198608398
2021-07-21,SPY,432.3399963379,434.7000122070,431.0100097656,434.5499877930,64724400,407.1901550293
2021-07-22,SPY,434.7399902344,435.7200012207,433.6900024414,435.4599914551,47878500,408.0427856445
2021-07-23,SPY,437.5199890137,440.2999877930,436.7900085449,439.9400024414,63766600,412.2407226562
2021-07-26,SPY,439.3099975586,441.0299987793,439.2600097656,441.0199890137,43719200,413.2527160645
2021-07-27,SPY,439.9100036621,439.9400024414,435.9899902344,439.0100097656,67397100,411.3693237305
2021-07-28,SPY,439.6799926758,440.2999877930,437.3099975586,438.8299865723,52472400,411.2006225586
2021-07-29,SPY,439.8200073242,441.7999877930,439.8099975586,440.6499938965,47435300,412.9060363770
2021-07-30,SPY,437.9100036621,440.0599975586,437.7699890137,438.5100097656,68951200,410.9007873535
2021-08-02,SPY,440.3399963379,440.9299926758,437.2099914551,437.5899963379,58783300,410.0387573242
2021-08-03,SPY,438.4400024414,441.2799987793,436.1000061035,441.1499938965,58053900,413.3745422363
2021-08-04,SPY,439.7799987793,441.1199951172,438.7300109863,438.9800109863,46732200,411.3411254883
2021-08-05,SPY,440.2200012207,441.8500061035,439.8800048828,441.7600097656,38969700,413.9461975098
2021-08-06,SPY,442.1000061035,442.9400024414,441.7999877930,442.4899902344,46930000,414.6302185059
2021-08-09,SPY,442.4599914551,442.7999877930,441.3099975586,442.1300048828,41222600,414.2928161621
2021-08-10,SPY,442.6099853516,443.4400024414,441.8800048828,442.6799926758,43339300,414.8081970215
2021-08-11,SPY,443.8200073242,443.8800048828,442.6199951172,443.7799987793,44034300,415.8389892578
2021-08-12,SPY,443.6199951172,445.2600097656,442.6600036621,445.1099853516,38909400,417.0852050781
2021-08-13,SPY,445.5899963379,445.9400024414,445.0700073242,445.9200134277,39470300,417.8442687988
2021-08-16,SPY,444.5299987793,447.1099853516,442.8699951172,446.9700012207,73740000,418.8281860352
2021-08-17,SPY,444.2399902344,444.9599914551,440.8500061035,444.0400085449,92673900,416.0825805664
2021-08-18,SPY,442.9599914551,444.6300048828,438.9200134277,439.1799926758,89351900,411.5285949707
2021-08-19,SPY,436.2699890137,441.1400146484,436.1199951172,439.8599853516,92812200,412.1657714844
2021-08-20,SPY,440.2300109863,443.7099914551,439.7099914551,443.3599853516,72008700,415.4454040527
2021-08-23,SPY,445.1600036621,448.2300109863,443.4400024414,447.2600097656,54973000,419.0998840332
2021-08-24,SPY,447.9700012207,448.5400085449,447.4200134277,447.9700012207,38744700,419.7651672363
2021-08-25,SPY,448.1700134277,449.4599914551,447.7699890137,448.9100036621,40529700,420.6459960938
2021-08-26,SPY,448.6099853516,448.8599853516,446.1600036621,446.2600097656,57829600,418.1628723145
2021-08-27,SPY,447.1199951172,450.6499938965,447.0599975586,450.2500000000,77235100,421.9016113281
2021-08-30,SPY,450.9700012207,453.0700073242,450.7099914551,452.2300109863,48357400,423.7569580078
2021-08-31,SPY,452.1300048828,452.4899902344,450.9200134277,451.5599975586,59300200,423.1290893555
2021-09-01,SPY,452.5599975586,453.1099853516,451.5499877930,451.7999877930,48721400,423.3539733887
2021-09-02,SPY,453.3200073242,454.0499877930,451.9100036621,453.1900024414,42501000,424.6564636230
2021-09-03,SPY,451.9800109863,453.6300048828,451.5499877930,453.0799865723,47170500,424.5534667969
2021-09-07,SPY,452.7099914551,452.8099975586,450.7399902344,451.4599914551,51671500,423.0354309082
2021-09-08,SPY,450.8900146484,451.6700134277,448.8599853516,450.9100036621,56181900,422.5201110840
2021-09-09,SPY,450.7000122070,452.5700073242,448.7200012207,448.9800109863,57970400,420.7116394043
2021-09-10,SPY,451.0400085449,451.4899902344,445.3099975586,445.4400024414,89948200,417.3944396973
2021-09-13,SPY,448.6400146484,448.9200134277,444.1099853516,446.5799865723,83738600,418.4626770020
2021-09-14,SPY,448.1199951172,448.3399963379,443.2200012207,444.1700134277,78197100,416.2044372559
2021-09-15,SPY,444.6199951172,448.4100036621,443.4400024414,447.8800048828,78792200,419.6808471680
2021-09-16,SPY,447.3200073242,448.3599853516,444.0199890137,447.1700134277,77786700,419.0155639648
2021-09-17,SPY,444.9200134277,445.3699951172,441.0199890137,441.3999938965,118425000,414.9338684082
2021-09-20,SPY,434.8800048828,436.5599975586,428.8599853516,434.0400085449,166445500,408.0152282715
2021-09-21,SPY,436.5299987793,437.9100036621,433.0700073242,433.6300048828,92526100,407.6297607422
2021-09-22,SPY,436.0499877930,440.0299987793,433.7500000000,437.8599853516,102350100,411.6062011719
2021-09-23,SPY,439.8500061035,444.8900146484,439.6000061035,443.1799926758,76396000,416.6071777344
2021-09-24,SPY,441.4400024414,444.6700134277,441.2099914551,443.9100036621,62094800,417.2934570312
2021-09-27,SPY,442.8099975586,444.0499877930,441.8999938965,442.6400146484,61371100,416.0995178223
2021-09-28,SPY,439.6900024414,440.0400085449,432.9400024414,433.7200012207,130436300,407.7143859863
2021-09-29,SPY,435.1900024414,437.0400085449,433.8500061035,434.4500122070,82329200,408.4006347656
2021-09-30,SPY,436.0199890137,436.7699890137,428.7799987793,429.1400146484,140506000,403.4089660645
2021-10-01,SPY,430.9800109863,436.0299987793,427.2300109863,434.2399902344,129240100,408.2032165527
2021-10-04,SPY,433.0000000000,433.9599914551,426.3599853516,428.6400146484,128570000,402.9389648438
2021-10-05,SPY,430.2399902344,435.4899902344,429.3900146484,433.1000061035,90682500,407.1315612793
2021-10-06,SPY,429.2699890137,435.1199951172,427.5400085449,434.8999938965,113032200,408.8236389160
2021-10-07,SPY,438.3900146484,441.6799926758,438.2000122070,438.6600036621,72437500,412.3582153320
2021-10-08,SPY,439.4800109863,439.8900146484,437.1900024414,437.8599853516,74557400,411.6062011719
2021-10-11,SPY,437.1600036621,440.2600097656,434.6199951172,434.6900024414,65233300,408.6261901855
2021-10-12,SPY,435.6700134277,436.1000061035,432.7799987793,433.6199951172,71181200,407.6203002930
2021-10-13,SPY,434.7099914551,436.0499877930,431.5400085449,435.1799926758,72974000,409.0867614746
2021-10-14,SPY,439.0799865723,442.6600036621,438.5799865723,442.5000000000,70236800,415.9679260254
2021-10-15,SPY,444.7500000000,446.2600097656,444.0899963379,445.8699951172,66260200,419.1358337402
2021-10-18,SPY,443.9700012207,447.5499877930,443.2699890137,447.1900024414,62213200,420.3767700195
2021-10-19,SPY,448.9200134277,450.7099914551,448.2699890137,450.6400146484,46996800,423.6199645996
2021-10-20,SPY,451.1300048828,452.7300109863,451.0100097656,452.4100036621,49571600,425.2836608887
2021-10-21,SPY,451.7699890137,453.8299865723,451.3099975586,453.5899963379,41305400,426.3930053711
2021-10-22,SPY,453.1300048828,454.6700134277,451.0499877930,453.1199951172,58845100,425.9511413574
2021-10-25,SPY,454.2799987793,455.8999938965,452.3900146484,455.5499877930,45214500,428.2353820801
2021-10-26,SPY,457.2000122070,458.4899902344,455.5599975586,455.9599914551,56075100,428.6208801270
2021-10-27,SPY,456.4500122070,457.1600036621,453.8599853516,453.9400024414,72438000,426.7219238281
2021-10-28,SPY,455.4599914551,458.3999938965,455.4500122070,458.3200073242,51437900,430.8393249512
2021-10-29,SPY,455.8699951172,459.5599975586,455.5599975586,459.2500000000,70162400,431.7136230469
2021-11-01,SPY,460.2999877930,460.7000122070,458.2000122070,460.0400085449,48433600,432.4562683105
2021-11-02,SPY,460.2200012207,462.2300109863,460.0799865723,461.8999938965,48908400,434.2046813965
2021-11-03,SPY,461.2999877930,465.1499938965,460.8299865723,464.7200012207,52509800,436.8556823730
2021-11-04,SPY,465.3599853516,467.0000000000,464.9899902344,466.9100036621,52847100,438.9144287109
2021-11-05,SPY,469.2799987793,470.6499938965,466.9200134277,468.5299987793,66390600,440.4371948242
2021-11-08,SPY,469.7000122070,470.2300109863,468.2000122070,468.9299926758,50405200,440.8131713867
2021-11-09,SPY,469.3200073242,469.5700073242,465.8800048828,467.3800048828,51149100,439.3561706543
2021-11-10,SPY,465.5799865723,467.3800048828,462.0400085449,463.6199951172,69429700,435.8215026855
2021-11-11,SPY,465.2099914551,465.2900085449,463.7500000000,463.7699890137,34848500,435.9625549316
2021-11-12,SPY,465.1199951172,467.8599853516,464.1099853516,467.2699890137,53466700,439.2527160645
2021-11-15,SPY,468.6400146484,468.8099975586,466.2300109863,467.4299926758,46980500,439.4031066895
2021-11-16,SPY,467.1499938965,470.4899902344,467.0700073242,469.2799987793,48857500,441.1422119141
2021-11-17,SPY,469.0000000000,469.1900024414,467.4800109863,468.1400146484,47858300,440.0706481934
2021-11-18,SPY,469.2399902344,470.0100097656,466.3399963379,469.7300109863,50625600,441.5652465820
2021-11-19,SPY,469.6099853516,470.9400024414,468.5000000000,468.8900146484,57315600,440.7756652832
2021-11-22,SPY,470.8900146484,473.5400085449,467.3500061035,467.5700073242,72762000,439.5347290039
2021-11-23,SPY,467.2200012207,469.1000061035,464.4500122070,468.1900024414,73206500,440.1176147461
2021-11-24,SPY,466.0599975586,469.5700073242,465.1900024414,469.4400024414,61858800,441.2926330566
2021-11-26,SPY,462.3399963379,463.8999938965,457.7699890137,458.9700012207,112669600,431.4504089355
2021-11-29,SPY,464.0700073242,466.5599975586,461.7300109863,464.6000061035,86268800,436.7428588867
2021-11-30,SPY,462.0000000000,464.0299987793,455.2999877930,455.5599975586,148559600,428.2448425293
2021-12-01,SPY,461.6400146484,464.6700134277,450.2900085449,450.5000000000,131939200,423.4881896973
2021-12-02,SPY,450.7300109863,459.0700073242,450.3099975586,457.3999938965,127637800,429.9745483398
2021-12-03,SPY,459.1700134277,460.2999877930,448.9200134277,453.4200134277,137331600,426.2331542969
2021-12-06,SPY,456.1300048828,460.7900085449,453.5599975586,458.7900085449,98977500,431.2811889648
2021-12-07,SPY,464.4100036621,468.8800048828,458.6499938965,468.2799987793,95484700,440.2021484375
2021-12-08,SPY,468.7000122070,470.0000000000,466.8299865723,469.5199890137,72238800,441.3678283691
2021-12-09,SPY,468.1499938965,469.6300048828,466.1400146484,466.3500061035,61272600,438.3878784180
2021-12-10,SPY,469.2300109863,470.8999938965,466.5100097656,470.7399902344,77159800,442.5146789551
2021-12-13,SPY,470.1900024414,470.5599975586,466.2699890137,466.5700073242,87724700,438.5946655273
2021-12-14,SPY,463.0899963379,465.7399902344,460.2500000000,463.3599853516,97264100,435.5771179199
2021-12-15,SPY,463.4200134277,470.8599853516,460.7399902344,470.6000061035,116899300,442.3830566406
2021-12-16,SPY,472.5700073242,472.8699951172,464.7999877930,466.4500122070,116568600,438.4819030762
2021-12-17,SPY,461.5499877930,464.7399902344,458.0599975586,459.8699951172,135511600,433.8152465820
2021-12-20,SPY,454.4800109863,455.3999938965,451.1400146484,454.9800109863,107134800,429.2023010254
2021-12-21,SPY,458.6099853516,463.2099914551,456.3099975586,463.0599975586,69806300,436.8244628906
2021-12-22,SPY,462.7900085449,467.8099975586,462.5799865723,467.6900024414,58890200,441.1921081543
2021-12-23,SPY,468.7500000000,472.1900024414,468.6400146484,470.6000061035,56439700,443.9372558594
2021-12-27,SPY,472.0599975586,477.3099975586,472.0100097656,477.2600097656,56808600,450.2199707031
2021-12-28,SPY,477.7200012207,478.8099975586,476.0599975586,476.8699951172,47274600,449.8520202637
2021-12-29,SPY,476.9800109863,478.5599975586,475.9200134277,477.4800109863,54503000,450.4273986816
2021-12-30,SPY,477.9299926758,479.0000000000,475.6700134277,476.1600036621,55329000,449.1822509766
2021-12-31,SPY,475.6400146484,476.8599853516,474.6700134277,474.9599914551,65237400,448.0502624512
2022-01-03,SPY,476.2999877930,477.8500061035,473.8500061035,477.7099914551,72668200,450.6444396973
2022-01-04,SPY,479.2200012207,479.9800109863,475.5799865723,477.5499877930,71178700,450.4934997559
2022-01-05,SPY,477.1600036621,477.9800109863,468.2799987793,468.3800048828,104538900,441.8430480957
2022-01-06,SPY,467.8900146484,470.8200073242,465.4299926758,467.9400024414,86858900,441.4280090332
2022-01-07,SPY,467.9500122070,469.2000122070,464.6499938965,466.0899963379,85111600,439.6828002930
2022-01-10,SPY,462.7000122070,465.7399902344,456.6000061035,465.5100097656,119362000,439.1357116699
2022-01-11,SPY,465.2300109863,469.8500061035,462.0499877930,469.7500000000,74303100,443.1354370117
2022-01-12,SPY,471.5899963379,473.2000122070,468.9400024414,471.0199890137,67605400,444.3334045410
2022-01-13,SPY,472.1900024414,472.8800048828,463.4400024414,464.5299987793,91173100,438.2111816406
2022-01-14,SPY,461.1900024414,465.0899963379,459.8999938965,464.7200012207,95890900,438.3904724121
2022-01-18,SPY,459.7399902344,459.9599914551,455.3099975586,456.4899902344,109709100,430.6266784668
2022-01-19,SPY,458.1300048828,459.6099853516,451.4599914551,451.7500000000,109357600,426.1552734375
2022-01-20,SPY,453.7500000000,458.7399902344,444.5000000000,446.7500000000,122379700,421.4385986328
2022-01-21,SPY,445.5599975586,448.0599975586,437.9500122070,437.9800109863,202271200,413.1654357910
2022-01-24,SPY,432.0299987793,440.3800048828,420.7600097656,439.8399963379,251783900,414.9201049805
2022-01-25,SPY,433.0599975586,439.7200012207,427.1499938965,434.4700012207,167997300,409.8542785645
2022-01-26,SPY,440.7200012207,444.0400085449,428.8599853516,433.3800048828,186391100,408.8261108398
2022-01-27,SPY,438.2600097656,441.5899963379,429.4500122070,431.2399902344,149878300,406.8072509766
2022-01-28,SPY,432.6799926758,442.0000000000,427.8200073242,441.9500122070,164457400,416.9104614258
2022-01-31,SPY,441.2399902344,450.2799987793,439.8099975586,449.9100036621,152251400,424.4194946289
2022-02-01,SPY,450.6799926758,453.6300048828,446.9400024414,452.9500122070,123155400,427.2872314453
2022-02-02,SPY,455.5000000000,458.1199951172,453.0499877930,457.3500061035,117361000,431.4379882812
2022-02-03,SPY,450.9500122070,452.9700012207,445.7099914551,446.6000061035,118024400,421.2969665527
2022-02-04,SPY,446.3500061035,452.7799987793,443.8299865723,448.7000122070,118454400,423.2780456543
2022-02-07,SPY,449.5100097656,450.9899902344,445.8500061035,447.2600097656,84472900,421.9196166992
2022-02-08,SPY,446.7300109863,451.9200134277,445.2200012207,450.9400024414,81012000,425.3911132812
2022-02-09,SPY,455.2200012207,457.8800048828,455.0100097656,457.5400085449,92589900,431.6171875000
2022-02-10,SPY,451.3399963379,457.7099914551,447.2000122070,449.3200073242,140103700,423.8629150391
2022-02-11,SPY,449.4100036621,451.6099853516,438.9400024414,440.4599914551,153214600,415.5049438477
2022-02-14,SPY,439.9200134277,441.6000061035,435.3399963379,439.0199890137,123006300,414.1464843750
2022-02-15,SPY,443.7300109863,446.2799987793,443.1799926758,446.1000061035,88482700,420.8253479004
2022-02-16,SPY,443.9299926758,448.0599975586,441.9400024414,446.6000061035,84863600,421.2969665527
2022-02-17,SPY,443.2200012207,446.5700073242,436.4200134277,437.0599975586,102259100,412.2976074219
2022-02-18,SPY,437.3299865723,438.6600036621,431.8200073242,434.2300109863,132642900,409.6278991699
2022-02-22,SPY,431.8900146484,435.5000000000,425.8599853516,429.5700073242,124391800,405.2318725586
2022-02-23,SPY,432.6600036621,433.2600097656,421.3500061035,421.9500122070,132578000,398.0436401367
2022-02-24,SPY,411.0199890137,428.7600097656,410.6400146484,428.2999877930,213942900,404.0338745117
2022-02-25,SPY,429.6099853516,437.8399963379,427.8599853516,437.7500000000,121804500,412.9483642578
2022-02-28,SPY,432.0299987793,438.2000122070,430.7000122070,436.6300048828,145615000,411.8919372559
2022-03-01,SPY,435.0400085449,437.1700134277,427.1099853516,429.9800109863,137785900,405.6187438965
2022-03-02,SPY,432.3699951172,439.7200012207,431.5700073242,437.8900146484,117726500,413.0805358887
2022-03-03,SPY,440.4700012207,441.1099853516,433.7999877930,435.7099914551,105501700,411.0240173340
2022-03-04,SPY,431.7500000000,433.3699951172,427.8800048828,432.1700134277,113978200,407.6846618652
2022-03-07,SPY,431.5499877930,432.2999877930,419.3599853516,419.4299926758,137896600,395.6663208008
2022-03-08,SPY,419.6199951172,427.2099914551,415.1199951172,416.2500000000,164772700,392.6665954590
2022-03-09,SPY,425.1400146484,429.5100097656,422.8200073242,427.4100036621,116990800,403.1942138672
2022-03-10,SPY,422.5199890137,426.4299926758,420.4400024414,425.4800109863,93972700,401.3736267090
2022-03-11,SPY,428.1199951172,428.7699890137,419.5299987793,420.0700073242,95636300,396.2701721191
2022-03-14,SPY,420.8900146484,424.5499877930,415.7900085449,417.0000000000,95729200,393.3740234375
2022-03-15,SPY,419.7699890137,426.8399963379,418.4200134277,426.1700134277,106219100,402.0245361328
2022-03-16,SPY,429.8900146484,435.6799926758,424.7999877930,435.6199951172,144954800,410.9391174316
2022-03-17,SPY,433.5899963379,441.0700073242,433.1900024414,441.0700073242,102676900,416.0803833008
2022-03-18,SPY,438.0000000000,444.8599853516,437.2200012207,444.5199890137,106345500,420.6376037598
2022-03-21,SPY,444.3399963379,446.4599914551,440.6799926758,444.3900146484,88349800,420.5145263672
2022-03-22,SPY,445.8599853516,450.5799865723,445.8599853516,449.5899963379,74650400,425.4352111816
2022-03-23,SPY,446.9100036621,448.4899902344,443.7099914551,443.7999877930,79426100,419.9562683105
2022-03-24,SPY,445.9400024414,450.5000000000,444.7600097656,450.4899902344,64736900,426.2868347168
2022-03-25,SPY,451.1600036621,452.9800109863,448.4299926758,452.6900024414,77101300,428.3686523438
2022-03-28,SPY,452.0599975586,455.9100036621,450.0599975586,455.9100036621,68529800,431.4156799316
2022-03-29,SPY,460.0199890137,462.0700073242,457.1799926758,461.5499877930,86581500,436.7525939941
2022-03-30,SPY,460.3399963379,461.2000122070,456.4700012207,458.7000122070,79666900,434.0557250977
2022-03-31,SPY,457.8900146484,458.7600097656,451.1600036621,451.6400146484,121699900,427.3751220703
2022-04-01,SPY,453.3099975586,453.4599914551,449.1400146484,452.9200134277,89048800,428.5863342285
2022-04-04,SPY,453.1300048828,456.9100036621,452.2600097656,456.7999877930,59601000,432.2578735352
2022-04-05,SPY,455.2200012207,457.8299865723,449.8200073242,451.0299987793,74214500,426.7978820801
2022-04-06,SPY,446.8900146484,448.9299926758,443.4700012207,446.5199890137,106898000,422.5301513672
2022-04-07,SPY,445.5899963379,450.6900024414,443.5299987793,448.7699890137,78097200,424.6592407227
2022-04-08,SPY,447.9700012207,450.6300048828,445.9400024414,447.5700073242,79272700,423.5236816406
2022-04-11,SPY,444.1099853516,445.0000000000,439.3900146484,439.9200134277,89770500,416.2847595215
2022-04-12,SPY,443.0799865723,445.7500000000,436.6499938965,438.2900085449,84363600,414.7423706055
2022-04-13,SPY,438.0299987793,444.1099853516,437.8399963379,443.3099975586,74070400,419.4926147461
2022-04-14,SPY,443.5499877930,444.7300109863,437.6799926758,437.7900085449,97869500,414.2691955566
2022-04-18,SPY,436.8099975586,439.7500000000,435.6099853516,437.9700012207,66002500,414.4394836426
2022-04-19,SPY,437.8599853516,445.7999877930,437.6799926758,445.0400085449,77821000,421.1296691895
2022-04-20,SPY,446.9200134277,447.5700073242,443.4800109863,444.7099914551,65224400,420.8173828125
2022-04-21,SPY,448.5400085449,450.0100097656,437.1000061035,438.0599975586,85417300,414.5246582031
2022-04-22,SPY,436.9100036621,438.0799865723,425.4400024414,426.0400085449,132471800,403.1504516602
2022-04-25,SPY,423.6700134277,428.6900024414,418.8399963379,428.5100097656,119647700,405.4877624512
2022-04-26,SPY,425.8299865723,426.0400085449,416.0700073242,416.1000061035,103996300,393.7445373535
2022-04-27,SPY,417.2399902344,422.9200134277,415.0100097656,417.2699890137,122030000,394.8516845703
2022-04-28,SPY,422.2900085449,429.6400146484,417.6000061035,427.8099975586,105449100,404.8253479004
2022-04-29,SPY,423.5899963379,425.8699951172,411.2099914551,412.0000000000,145491100,389.8647766113
2022-05-02,SPY,412.0700073242,415.9200134277,405.0199890137,414.4800109863,158312500,392.2115478516
2022-05-03,SPY,415.0100097656,418.9299926758,413.3599853516,416.3800048828,100028200,394.0094604492
2022-05-04,SPY,417.0799865723,429.6600036621,413.7099914551,429.0599975586,144247900,406.0081787109
2022-05-05,SPY,424.5499877930,425.0000000000,409.4400024414,413.8099975586,172929100,391.5775451660
2022-05-06,SPY,411.1000061035,414.7999877930,405.7300109863,411.3399963379,151770800,389.2402038574
2022-05-09,SPY,405.1000061035,406.4100036621,396.5000000000,398.1700134277,155586100,376.7778015137
2022-05-10,SPY,404.4899902344,406.0799865723,394.8200073242,399.0899963379,132497200,377.6484069824
2022-05-11,SPY,398.0700073242,404.0400085449,391.9599914551,392.7500000000,142361000,371.6490478516
2022-05-12,SPY,389.3699951172,395.7999877930,385.1499938965,392.3399963379,125090800,371.2610168457
2022-05-13,SPY,396.7099914551,403.1799926758,395.6099853516,401.7200012207,104174400,380.1370544434
2022-05-16,SPY,399.9800109863,403.9700012207,397.6000061035,400.0899963379,78622400,378.5946655273
2022-05-17,SPY,406.5299987793,408.5700073242,402.5799865723,408.3200073242,83029700,386.3825073242
2022-05-18,SPY,403.5000000000,403.7999877930,390.5499877930,391.8599853516,117674500,370.8068237305
2022-05-19,SPY,388.6199951172,394.1400146484,387.1099853516,389.4599914551,98510700,368.5357360840
2022-05-20,SPY,393.2500000000,397.0299987793,380.5400085449,389.6300048828,131432200,368.6965942383
2022-05-23,SPY,392.8299865723,397.7300109863,390.3800048828,396.9200134277,76414900,375.5950012207
2022-05-24,SPY,392.5599975586,395.1499938965,386.9599914551,393.8900146484,91448800,372.7278137207
2022-05-25,SPY,392.3099975586,399.4500122070,391.8900146484,397.3699951172,91472900,376.0208129883
2022-05-26,SPY,398.6700134277,407.0400085449,398.4500122070,405.3099975586,82168300,383.5342102051
2022-05-27,SPY,407.9100036621,415.3800048828,407.7000122070,415.2600097656,84768700,392.9496765137
2022-05-31,SPY,413.5499877930,416.4599914551,410.0299987793,412.9299926758,95937000,390.7448120117
2022-06-01,SPY,415.1700134277,416.2399902344,406.9299926758,409.5899963379,86585800,387.5842590332
2022-06-02,SPY,409.4200134277,417.4400024414,407.0400085449,417.3900146484,79609600,394.9652099609
2022-06-03,SPY,412.3999938965,414.0400085449,409.5100097656,410.5400085449,71874300,388.4832458496
2022-06-06,SPY,414.7799987793,416.6099853516,410.5499877930,411.7900085449,57508900,389.6660461426
2022-06-07,SPY,408.1000061035,416.2200012207,407.6099853516,415.7399902344,59272400,393.4038391113
2022-06-08,SPY,413.9299926758,415.8200073242,410.3800048828,411.2200012207,64350000,389.1266174316
2022-06-09,SPY,409.3399963379,411.7399902344,401.4400024414,401.4400024414,86289800,379.8721313477
2022-06-10,SPY,394.8800048828,395.7799987793,389.7500000000,389.7999877930,132893900,368.8574829102
2022-06-13,SPY,379.8500061035,381.8099975586,373.2999877930,375.0000000000,170004900,354.8526916504
2022-06-14,SPY,376.8500061035,377.9400024414,370.5899963379,373.8699951172,104011800,353.7833251953
2022-06-15,SPY,377.3599853516,383.8999938965,372.1199951172,379.2000122070,125666800,358.8269653320
2022-06-16,SPY,370.5100097656,370.9400024414,364.0799865723,366.6499938965,134473300,346.9512634277
2022-06-17,SPY,365.5100097656,369.3800048828,362.1700134277,365.8599853516,111113900,347.6991882324
2022-06-21,SPY,371.8900146484,376.5299987793,371.8099975586,375.0700073242,76811900,356.4520568848
2022-06-22,SPY,370.6199951172,378.7200012207,370.1799926758,374.3900146484,90059400,355.8057250977
2022-06-23,SPY,376.6400146484,378.8299865723,372.8900146484,378.0599975586,79292100,359.2936401367
2022-06-24,SPY,381.3999938965,390.0899963379,381.3699951172,390.0799865723,98050300,370.7169494629
2022-06-27,SPY,391.0499877930,391.3599853516,387.4400024414,388.5899963379,66009600,369.3009338379
2022-06-28,SPY,390.2300109863,393.1600036621,380.5299987793,380.6499938965,86548900,361.7550659180
2022-06-29,SPY,381.2300109863,382.2699890137,378.4200134277,380.3399963379,65676000,361.4604187012
2022-06-30,SPY,376.2399902344,380.6600036621,372.5599975586,377.2500000000,112508300,358.5238037109
2022-07-01,SPY,376.5599975586,381.7000122070,373.7999877930,381.2399902344,74839700,362.3157348633
2022-07-05,SPY,375.8800048828,381.9800109863,372.8999938965,381.9599914551,81438000,363.0000305176
2022-07-06,SPY,382.1099853516,385.8699951172,379.6000061035,383.2500000000,70426200,364.2259216309
2022-07-07,SPY,385.1199951172,389.8299865723,383.2699890137,388.9899902344,64525900,369.6810302734
2022-07-08,SPY,387.2699890137,390.6400146484,385.6600036621,388.6700134277,72397800,369.3769531250
2022-07-11,SPY,385.8500061035,386.8699951172,383.5000000000,384.2300109863,58366900,365.1573486328
2022-07-12,SPY,383.6499938965,386.1600036621,378.9899902344,380.8299865723,62219200,361.9260559082
2022-07-13,SPY,375.1000061035,381.9200134277,374.6600036621,378.8299865723,84224600,360.0252990723
2022-07-14,SPY,373.6099853516,379.0499877930,371.0400085449,377.9100036621,89704800,359.1510009766
2022-07-15,SPY,382.5499877930,385.2500000000,380.5400085449,385.1300048828,79060400,366.0126953125
2022-07-18,SPY,388.3800048828,389.0899963379,380.6600036621,381.9500122070,63203600,362.9905090332
2022-07-19,SPY,386.0799865723,392.8699951172,385.3900146484,392.2699890137,78506000,372.7982177734
2022-07-20,SPY,392.4700012207,396.2600097656,391.0299987793,394.7699890137,71843800,375.1741943359
2022-07-21,SPY,394.1600036621,398.8399963379,391.6300048828,398.7900085449,64903900,378.9945983887
2022-07-22,SPY,398.9200134277,400.1799926758,392.7500000000,395.0899963379,72197300,375.4782714844
2022-07-25,SPY,395.7500000000,396.4700012207,393.2099914551,395.5700073242,53631500,375.9344177246
2022-07-26,SPY,393.8399963379,394.0599975586,389.9500122070,390.8900146484,52946400,371.4867858887
2022-07-27,SPY,394.3599853516,402.8800048828,394.0499877930,401.0400085449,82342100,381.1329040527
2022-07-28,SPY,401.8900146484,406.7999877930,398.1499938965,406.0700073242,73966600,385.9132385254
2022-07-29,SPY,407.5799865723,413.0299987793,406.7699890137,411.9899902344,87003700,391.5393676758
2022-08-01,SPY,409.1499938965,413.4100036621,408.3999938965,410.7699890137,69997500,390.3799133301
2022-08-02,SPY,409.1199951172,413.0000000000,406.8200073242,408.0599975586,63435400,387.8044738770
2022-08-03,SPY,410.2999877930,415.6799926758,410.0000000000,414.4500122070,67820600,393.8772888184
2022-08-04,SPY,414.3699951172,415.0899963379,412.4400024414,414.1700134277,45656600,393.6111450195
2022-08-05,SPY,409.6600036621,414.1499938965,409.6000061035,413.4700012207,56814900,392.9458923340
2022-08-08,SPY,415.2500000000,417.6199951172,411.8299865723,412.9899902344,53886100,392.4897766113
2022-08-09,SPY,412.2200012207,412.7500000000,410.2200012207,411.3500061035,44931800,390.9311828613
2022-08-10,SPY,418.7799987793,420.1400146484,416.7200012207,419.9899902344,68665700,399.1422424316
2022-08-11,SPY,422.9899902344,424.9500122070,419.2099914551,419.9899902344,59489700,399.1422424316
2022-08-12,SPY,422.0299987793,427.2099914551,421.0299987793,427.1000061035,61694500,405.8992614746
2022-08-15,SPY,424.7699890137,429.4100036621,424.7099914551,428.8599853516,54048300,407.5719604492
2022-08-16,SPY,427.7300109863,431.7300109863,426.8800048828,429.7000122070,59289000,408.3703002930
2022-08-17,SPY,425.9100036621,429.5000000000,424.5400085449,426.6499938965,63563400,405.4716491699
2022-08-18,SPY,426.8599853516,428.6099853516,425.5000000000,427.8900146484,49023200,406.6501159668
2022-08-19,SPY,424.9800109863,425.2600097656,421.2200012207,422.1400146484,68016900,401.1855773926
2022-08-22,SPY,417.0499877930,417.2300109863,412.3999938965,413.3500061035,77695600,392.8319091797
2022-08-23,SPY,412.8999938965,415.4200134277,411.7699890137,412.3500061035,49105200,391.8815307617
2022-08-24,SPY,412.1099853516,415.1099853516,411.3900146484,413.6700134277,49177800,393.1359558105
2022-08-25,SPY,415.2399902344,419.5599975586,414.0899963379,419.5100097656,50942300,398.6860656738
2022-08-26,SPY,419.3900146484,419.9599914551,405.2500000000,405.3099975586,103087000,385.1909484863
2022-08-29,SPY,402.2000122070,405.8399963379,401.2000122070,402.6300048828,65370800,382.6440429688
2022-08-30,SPY,403.8500061035,404.1000061035,396.0000000000,398.2099914551,85652400,378.4433898926
2022-08-31,SPY,399.9299926758,401.2399902344,395.0400085449,395.1799926758,76029700,375.5638427734
2022-09-01,SPY,392.8900146484,396.7799987793,390.0400085449,396.4200134277,78740100,376.7422485352
2022-09-02,SPY,400.2799987793,401.5599975586,390.3299865723,392.2399902344,99632100,372.7696838379
2022-09-06,SPY,393.1300048828,394.1199951172,388.4200134277,390.7600097656,76637400,371.3632202148
2022-09-07,SPY,390.4299926758,398.5899963379,390.2000122070,397.7799987793,70964200,378.0347900391
2022-09-08,SPY,395.3900146484,400.8599853516,394.1199951172,400.3800048828,80821700,380.5056762695
2022-09-09,SPY,402.7399902344,407.5100097656,402.4599914551,406.6000061035,76706900,386.4169311523
2022-09-12,SPY,408.7799987793,411.7300109863,408.4599914551,410.9700012207,69256300,390.5699768066
2022-09-13,SPY,401.8299865723,403.1000061035,391.9200134277,393.1000061035,122947100,373.5870666504
2022-09-14,SPY,394.4700012207,396.2000122070,391.1199951172,394.6000061035,85023700,375.0125732422
2022-09-15,SPY,392.9599914551,395.9599914551,388.7799987793,390.1199951172,87633800,370.7549133301
2022-09-16,SPY,384.1400146484,386.2500000000,382.1099853516,385.5599975586,103084800,367.9265441895
2022-09-19,SPY,382.2600097656,388.5499877930,382.1799926758,388.5499877930,73278500,370.7797241211
2022-09-20,SPY,385.0599975586,386.1199951172,381.2000122070,384.0899963379,77274900,366.5237731934
2022-09-21,SPY,386.1099853516,389.3099975586,377.3800048828,377.3900146484,106746600,360.1301269531
2022-09-22,SPY,376.5799865723,378.2999877930,373.4400024414,374.2200012207,89472600,357.1051940918
2022-09-23,SPY,370.5799865723,370.6199951172,363.2900085449,367.9500122070,122346900,351.1219177246
2022-09-26,SPY,366.4100036621,370.2099914551,363.0299987793,364.3099975586,92581200,347.6483764648
2022-09-27,SPY,368.0199890137,370.3999938965,360.8699951172,363.3800048828,108294100,346.7609252930
2022-09-28,SPY,364.3800048828,372.2999877930,362.6000061035,370.5299987793,110802200,353.5839843750
2022-09-29,SPY,366.8099975586,367.1099853516,359.7000122070,362.7900085449,112952300,346.1979370117
2022-09-30,SPY,361.7999877930,365.9100036621,357.0400085449,357.1799926758,153711200,340.8444519043
2022-10-03,SPY,361.0799865723,368.5499877930,359.2099914551,366.6099853516,89756500,349.8432006836
2022-10-04,SPY,372.3999938965,378.0000000000,366.5700073242,377.9700012207,103602800,360.6836547852
2022-10-05,SPY,373.3900146484,379.4599914551,370.9500122070,377.0899963379,88065700,359.8439331055
2022-10-06,SPY,375.6199951172,378.7200012207,372.6799926758,373.2000122070,82333500,356.1318054199
2022-10-07,SPY,368.9700012207,373.2900085449,360.9400024414,362.7900085449,107789500,346.1979370117
2022-10-10,SPY,363.9599914551,364.2099914551,357.6700134277,360.0199890137,76042800,343.5545654297
2022-10-11,SPY,358.2399902344,363.0299987793,355.7099914551,357.7399902344,92482800,341.3788757324
2022-10-12,SPY,358.1700134277,359.8200073242,356.2999877930,356.5599975586,76991800,340.2528991699
2022-10-13,SPY,349.2099914551,367.5100097656,348.1099853516,365.9700012207,147254500,349.2324523926
2022-10-14,SPY,368.5499877930,370.2600097656,356.9599914551,357.6300048828,123737000,341.2738647461
2022-10-17,SPY,364.0100097656,367.9800109863,357.2799987793,366.8200073242,93168200,350.0435791016
2022-10-18,SPY,375.1300048828,375.4500122070,367.5199890137,371.1300048828,97162900,354.1564941406
2022-10-19,SPY,368.9899902344,371.8500061035,365.5499877930,368.5000000000,79746900,351.6467285156
2022-10-20,SPY,368.0299987793,372.6700134277,364.6099853516,365.4100036621,88283100,348.6981201172
2022-10-21,SPY,365.1199951172,374.7999877930,363.5400085449,374.2900085449,131038400,357.1719665527
2022-10-24,SPY,375.8900146484,380.0599975586,373.1099853516,378.8699951172,85436900,361.5424499512
2022-10-25,SPY,378.7900085449,385.2500000000,378.6700134277,384.9200134277,78846300,367.3158264160
2022-10-26,SPY,381.6199951172,387.5799865723,381.3500061035,382.0199890137,104087300,364.5484008789
2022-10-27,SPY,383.0700073242,385.0000000000,379.3299865723,379.9800109863,81971800,362.6017456055
2022-10-28,SPY,379.8699951172,389.5199890137,379.6799926758,389.0199890137,100302000,371.2283020020
2022-10-31,SPY,386.4400024414,388.3999938965,385.2600097656,386.2099914551,96631300,368.5467529297
2022-11-01,SPY,390.1400146484,390.3900146484,383.2900085449,384.5199890137,85407600,366.9340515137
2022-11-02,SPY,383.8999938965,388.6300048828,374.7600097656,374.8699951172,126990400,357.7254333496
2022-11-03,SPY,371.4700012207,374.2000122070,368.7900085449,371.0100097656,87100100,354.0420227051
2022-11-04,SPY,377.0000000000,378.8699951172,370.0000000000,376.3500061035,103505200,359.1377258301
2022-11-07,SPY,377.7099914551,380.5700073242,375.5299987793,379.9500122070,68286900,362.5731201172
2022-11-08,SPY,381.1099853516,385.1199951172,377.7200012207,382.0000000000,84641100,364.5292968750
2022-11-09,SPY,379.9299926758,381.1400146484,373.6099853516,374.1300048828,78495500,357.0192871094
2022-11-10,SPY,388.0499877930,395.0400085449,385.6400146484,394.6900024414,141455800,376.6389770508
2022-11-11,SPY,395.5899963379,399.3500061035,393.6099853516,398.5100097656,93839900,380.2842102051
2022-11-14,SPY,396.6600036621,400.1799926758,394.8299865723,395.1199951172,71903500,377.0492858887
2022-11-15,SPY,401.1499938965,402.3099975586,394.4899902344,398.4899902344,93194500,380.2651367188
2022-11-16,SPY,396.7799987793,397.7799987793,394.7900085449,395.4500122070,68508500,377.3642272949
2022-11-17,SPY,390.4599914551,394.9500122070,390.1400146484,394.2399902344,74496300,376.2095947266
2022-11-18,SPY,397.7399902344,397.8099975586,393.0400085449,396.0299987793,92922500,377.9176635742
2022-11-21,SPY,394.6400146484,395.8200073242,392.6600036621,394.5899963379,51243200,376.5435485840
2022-11-22,SPY,396.6300048828,400.0700073242,395.1499938965,399.8999938965,60429000,381.6107177734
2022-11-23,SPY,399.5499877930,402.9299926758,399.3099975586,402.4200134277,68261600,384.0154418945
2022-11-25,SPY,401.8299865723,402.9100036621,401.5400085449,402.3299865723,30545400,383.9295043945
2022-11-28,SPY,399.0899963379,400.8099975586,395.1099853516,395.9100036621,67881600,377.8031311035
2022-11-29,SPY,396.0499877930,397.2999877930,393.2999877930,395.2300109863,52310000,377.1543273926
2022-11-30,SPY,395.4899902344,407.6799926758,393.4800109863,407.6799926758,144566700,389.0349121094
2022-12-01,SPY,408.7699890137,410.0000000000,404.7500000000,407.3800048828,76398200,388.7485961914
2022-12-02,SPY,402.2500000000,407.8599853516,402.1400146484,406.9100036621,85342700,388.3001403809
2022-12-05,SPY,403.9500122070,404.9299926758,398.1700134277,399.5899963379,77289800,381.3148498535
2022-12-06,SPY,399.4200134277,399.9899902344,391.6400146484,393.8299865723,77972200,375.8182373047
2022-12-07,SPY,392.9400024414,395.6400146484,391.9700012207,393.1600036621,65927900,375.1789550781
2022-12-08,SPY,395.1400146484,397.3599853516,393.2699890137,396.2399902344,60737900,378.1180725098
2022-12-09,SPY,394.9400024414,397.6199951172,393.1499938965,393.2799987793,81447700,375.2934265137
2022-12-12,SPY,394.1099853516,398.9500122070,393.4100036621,398.9500122070,75405800,380.7041015625
2022-12-13,SPY,410.2200012207,410.4899902344,399.0700073242,401.9700012207,123782500,383.5859985352
2022-12-14,SPY,401.6099853516,405.5000000000,396.3099975586,399.3999938965,108111300,381.1335144043
2022-12-15,SPY,394.2999877930,395.2500000000,387.8900146484,389.6300048828,117705900,371.8103637695
2022-12-16,SPY,385.1799926758,386.5799865723,381.0400085449,383.2699890137,119858000,367.4207458496
2022-12-19,SPY,383.4700012207,383.8200073242,378.2799987793,380.0199890137,79878100,364.3050842285
2022-12-20,SPY,379.2300109863,382.2300109863,377.8500061035,380.5400085449,74427200,364.8036193848
2022-12-21,SPY,383.2500000000,387.4100036621,382.6900024414,386.2300109863,78167400,370.2583312988
2022-12-22,SPY,383.0499877930,386.2099914551,374.7699890137,380.7200012207,100120900,364.9761657715
2022-12-23,SPY,379.6499938965,383.0599975586,378.0299987793,382.9100036621,59857300,367.0755920410
2022-12-27,SPY,382.7900085449,383.1499938965,379.6499938965,381.3999938965,51638200,365.6281127930
2022-12-28,SPY,381.3299865723,383.3900146484,376.4200134277,376.6600036621,70911500,361.0841369629
2022-12-29,SPY,379.6300048828,384.3500061035,379.0799865723,383.4400024414,66970900,367.5837707520
2022-12-30,SPY,380.6400146484,382.5799865723,378.4299926758,382.4299926758,84022200,366.6154479980
2023-01-03,SPY,384.3699951172,386.4299926758,377.8299865723,380.8200073242,74850700,365.0720214844
2023-01-04,SPY,383.1799926758,385.8800048828,380.0000000000,383.7600097656,85934100,367.8904724121
2023-01-05,SPY,381.7200012207,381.8399963379,378.7600097656,379.3800048828,76970500,363.6915893555
2023-01-06,SPY,382.6099853516,389.2500000000,379.4100036621,388.0799865723,104189600,372.0317687988
2023-01-09,SPY,390.3699951172,393.7000122070,387.6700134277,387.8599853516,73978100,371.8209228516
2023-01-10,SPY,387.2500000000,390.6499938965,386.2699890137,390.5799865723,65358100,374.4283752441
2023-01-11,SPY,392.2300109863,395.6000061035,391.3800048828,395.5199890137,68881100,379.1641540527
2023-01-12,SPY,396.6700134277,398.4899902344,392.4200134277,396.9599914551,90157700,380.5446166992
2023-01-13,SPY,393.6199951172,399.1000061035,393.3399963379,398.5000000000,63903900,382.0209045410
2023-01-17,SPY,398.4800109863,400.2300109863,397.0599975586,397.7699890137,62677300,381.3211364746
2023-01-18,SPY,399.0100097656,400.1199951172,391.2799987793,391.4899902344,99632300,375.3008422852
2023-01-19,SPY,389.3599853516,391.0799865723,387.2600097656,388.6400146484,86958900,372.5686950684
2023-01-20,SPY,390.1000061035,396.0400085449,388.3800048828,395.8800048828,91806400,379.5092773438
2023-01-23,SPY,396.7200012207,402.6499938965,395.7200012207,400.6300048828,84178800,384.0628662109
2023-01-24,SPY,398.8800048828,401.1499938965,397.6400146484,400.2000122070,59524900,383.6506652832
2023-01-25,SPY,395.9500122070,400.7000122070,393.5599975586,400.3500061035,84800300,383.7944335938
2023-01-26,SPY,403.1300048828,404.9200134277,400.0299987793,404.7500000000,72287400,388.0124206543
2023-01-27,SPY,403.6600036621,408.1600036621,403.4400024414,405.6799926758,68346200,388.9039611816
2023-01-30,SPY,402.7999877930,405.1300048828,400.2799987793,400.5899963379,74202000,384.0245666504
2023-01-31,SPY,401.1300048828,406.5299987793,400.7699890137,406.4800109863,86811800,389.6709899902
2023-02-01,SPY,405.2099914551,413.6700134277,402.3500061035,410.7999877930,101459200,393.8122558594
2023-02-02,SPY,414.8599853516,418.3099975586,412.8800048828,416.7799987793,101654500,399.5450134277
2023-02-03,SPY,411.5899963379,416.9700012207,411.0899963379,412.3500061035,94736800,395.2981872559
2023-02-06,SPY,409.7900085449,411.2900085449,408.1000061035,409.8299865723,60295300,392.8824157715
2023-02-07,SPY,408.8699951172,416.4899902344,407.5700073242,415.1900024414,90990700,398.0206909180
2023-02-08,SPY,413.1300048828,414.5299987793,409.9299926758,410.6499938965,76227500,393.6685485840
2023-02-09,SPY,414.4100036621,414.5700073242,405.8099975586,407.0899963379,78694900,390.2557373047
2023-02-10,SPY,405.8599853516,408.4400024414,405.0100097656,408.0400085449,70769700,391.1664733887
2023-02-13,SPY,408.7200012207,412.9700012207,408.2399902344,412.8299865723,64913500,395.7583618164
2023-02-14,SPY,411.2399902344,415.0499877930,408.5100097656,412.6400146484,88389300,395.5762023926
2023-02-15,SPY,410.3500061035,414.0599975586,409.4700012207,413.9800109863,61555700,396.8608398438
2023-02-16,SPY,408.7900085449,412.9100036621,408.1400146484,408.2799987793,76431500,391.3964843750
2023-02-17,SPY,406.0599975586,407.5100097656,404.0499877930,407.2600097656,89257800,390.4186706543
2023-02-21,SPY,403.0599975586,404.1600036621,398.8200073242,399.0899963379,82655900,382.5865478516
2023-02-22,SPY,399.5199890137,401.1300048828,397.0199890137,398.5400085449,83742300,382.0593261719
2023-02-23,SPY,401.5599975586,402.2000122070,396.2500000000,400.6600036621,96242400,384.0915832520
2023-02-24,SPY,395.4200134277,397.2500000000,393.6400146484,396.3800048828,108194400,379.9886169434
2023-02-27,SPY,399.8699951172,401.2900085449,396.7500000000,397.7300109863,80444700,381.2828063965
2023-02-28,SPY,397.2300109863,399.2799987793,396.1499938965,396.2600097656,96438600,379.8735656738
2023-03-01,SPY,395.4100036621,396.6900024414,393.3800048828,394.7399902344,99706800,378.4164733887
2023-03-02,SPY,392.6799926758,398.6900024414,392.3299865723,397.8099975586,85127800,381.3594970703
2023-03-03,SPY,399.7099914551,404.4500122070,399.0299987793,404.1900024414,90120000,387.4756164551
2023-03-06,SPY,405.0499877930,407.4500122070,404.0100097656,404.4700012207,72795900,387.7440795898
2023-03-07,SPY,404.4200134277,404.6700134277,397.6300048828,398.2699890137,108310600,381.8004760742
2023-03-08,SPY,398.3900146484,399.7099914551,396.5899963379,398.9200134277,74746600,382.4236145020
2023-03-09,SPY,399.7399902344,401.4800109863,390.5299987793,391.5599975586,111945300,375.3678894043
2023-03-10,SPY,390.9899902344,393.1600036621,384.3200073242,385.9100036621,189253000,369.9515380859
2023-03-13,SPY,381.8099975586,390.3900146484,380.6499938965,385.3599853516,157790000,369.4243164062
2023-03-14,SPY,390.5000000000,393.4500122070,387.0499877930,391.7300109863,149752400,375.5308837891
2023-03-15,SPY,385.8900146484,389.4899902344,383.7099914551,389.2799987793,172996900,373.1822204590
2023-03-16,SPY,386.8200073242,396.4700012207,386.2900085449,396.1099853516,143254200,379.7297973633
2023-03-17,SPY,393.2200012207,394.3999938965,388.5499877930,389.9899902344,140553400,375.2896728516
2023-03-20,SPY,390.7999877930,394.1700134277,390.0700073242,393.7399902344,93055800,378.8983764648
2023-03-21,SPY,397.2399902344,399.4100036621,395.5799865723,398.9100036621,91524200,383.8735046387
2023-03-22,SPY,398.7300109863,402.4899902344,392.0700073242,392.1099853516,111746600,377.3298034668
2023-03-23,SPY,395.0899963379,399.2900085449,390.3500061035,393.1700134277,119351300,378.3498840332
2023-03-24,SPY,391.8399963379,395.8399963379,389.3999938965,395.7500000000,107682400,380.8325805664
2023-03-27,SPY,398.1199951172,398.9200134277,395.5599975586,396.4899902344,74010400,381.5446472168
2023-03-28,SPY,395.7699890137,396.4899902344,393.6900024414,395.6000061035,62871700,380.6882324219
2023-03-29,SPY,399.9299926758,401.6000061035,398.6799926758,401.3500061035,77497900,386.2215270996
2023-03-30,SPY,404.0899963379,404.3500061035,401.7600097656,403.7000122070,69840000,388.4829101562
2023-03-31,SPY,404.6600036621,409.7000122070,404.5499877930,409.3900146484,112062600,393.9584655762
2023-04-03,SPY,408.8500061035,411.3699951172,408.4400024414,410.9500122070,67391100,395.4596862793
2023-04-04,SPY,411.6199951172,411.9200134277,407.2399902344,408.6700134277,66601500,393.2656250000
2023-04-05,SPY,407.9100036621,408.7000122070,405.8800048828,407.6000061035,65200200,392.2359313965
2023-04-06,SPY,406.7699890137,409.4800109863,405.6799926758,409.1900024414,63743300,393.7659912109
2023-04-10,SPY,406.6099853516,409.6900024414,405.9700012207,409.6099853516,63681000,394.1701049805
2023-04-11,SPY,410.2600097656,411.1799926758,408.9200134277,409.7200012207,59297900,394.2760009766
2023-04-12,SPY,411.8699951172,412.1700134277,407.4400024414,408.0499877930,86420400,392.6689453125
2023-04-13,SPY,409.1799926758,413.8399963379,407.9899902344,413.4700012207,85814800,397.8845825195
2023-04-14,SPY,412.8099975586,415.0899963379,410.0599975586,412.4599914551,78161500,396.9126892090
2023-04-17,SPY,412.3699951172,413.9599914551,411.0899963379,413.9400024414,66436400,398.3369445801
2023-04-18,SPY,415.5799865723,415.7200012207,412.7799987793,414.2099914551,63560000,398.5967407227
2023-04-19,SPY,412.2200012207,415.0799865723,412.1600036621,414.1400146484,55227300,398.5294189453
2023-04-20,SPY,411.2099914551,413.7000122070,410.2699890137,411.8800048828,75840400,396.3545532227
2023-04-21,SPY,412.1900024414,412.6799926758,410.1700134277,412.2000122070,73457400,396.6625366211
2023-04-24,SPY,411.9899902344,413.0700073242,410.6000061035,412.6300048828,64332100,397.0763244629
2023-04-25,SPY,410.5799865723,411.1600036621,406.0199890137,406.0799865723,97766700,390.7731933594
2023-04-26,SPY,406.7200012207,407.8399963379,403.7799987793,404.3599853516,80447000,389.1180114746
2023-04-27,SPY,407.0000000000,412.6900024414,406.7399902344,412.4100036621,92968400,396.8646545410
2023-04-28,SPY,411.4899902344,415.9400024414,411.4299926758,415.9299926758,89433100,400.2519531250
2023-05-01,SPY,415.4700012207,417.6199951172,415.2699890137,415.5100097656,62122300,399.8477478027
2023-05-02,SPY,414.7699890137,414.8200073242,407.8200073242,410.8399963379,103998500,395.3538513184
2023-05-03,SPY,411.3599853516,413.8699951172,407.7699890137,408.0199890137,91531800,392.6401367188
2023-05-04,SPY,406.9299926758,407.2699890137,403.7399902344,405.1300048828,94901900,389.8590393066
2023-05-05,SPY,408.9100036621,413.7200012207,408.6400146484,412.6300048828,87891800,397.0763244629
2023-05-08,SPY,412.9700012207,413.2399902344,411.2799987793,412.7399902344,50046800,397.1821289062
2023-05-09,SPY,411.1300048828,412.0899963379,410.6900024414,410.9299926758,49220100,395.4404296875
2023-05-10,SPY,413.8800048828,414.5400085449,408.8699951172,412.8500061035,96142900,397.2880554199
2023-05-11,SPY,411.9500122070,412.4299926758,409.9700012207,412.1300048828,70157100,396.5951843262
2023-05-12,SPY,413.4200134277,413.6400146484,409.0700073242,411.5899963379,70481500,396.0755310059
2023-05-15,SPY,412.2200012207,413.4299926758,410.2300109863,413.0100097656,54289400,397.4419555664
2023-05-16,SPY,411.8599853516,412.8200073242,410.2399902344,410.2500000000,57705500,394.7860107422
2023-05-17,SPY,412.3500061035,415.8599853516,410.6400146484,415.2300109863,87287000,399.5783081055
2023-05-18,SPY,414.8999938965,419.6700134277,414.6700134277,419.2300109863,97177200,403.4274902344
2023-05-19,SPY,420.1700134277,420.7200012207,417.3500061035,418.6199951172,103793300,402.8405151367
2023-05-22,SPY,418.6400146484,420.3900146484,417.3500061035,418.7900085449,60745400,403.0041198730
2023-05-23,SPY,417.0799865723,418.7200012207,413.6799926758,414.0899963379,86383500,398.4812316895
2023-05-24,SPY,412.4200134277,412.8200073242,409.8800048828,411.0899963379,89213700,395.5942687988
2023-05-25,SPY,414.7399902344,416.1600036621,412.4100036621,414.6499938965,90961600,399.0201416016
2023-05-26,SPY,415.3299865723,420.7699890137,415.2500000000,420.0199890137,93830000,404.1877136230
2023-05-30,SPY,422.0299987793,422.5799865723,418.7399902344,420.1799926758,72216000,404.3417358398
2023-05-31,SPY,418.2799987793,419.2200012207,416.2200012207,417.8500061035,110811800,402.0995483398
2023-06-01,SPY,418.0899963379,422.9200134277,416.7900085449,421.8200073242,88865000,405.9199218750
2023-06-02,SPY,424.5000000000,428.7399902344,423.9500122070,427.9200134277,91426200,411.7899780273
2023-06-05,SPY,428.2799987793,429.6199951172,426.3699951172,427.1000061035,65460200,411.0008850098
2023-06-06,SPY,426.6700134277,428.5799865723,425.9899902344,428.0299987793,64022200,411.8958435059
2023-06-07,SPY,428.4400024414,429.6199951172,426.1099853516,426.5499877930,85373300,410.4715881348
2023-06-08,SPY,426.6199951172,429.6000061035,425.8200073242,429.1300048828,61952800,412.9543762207
2023-06-09,SPY,429.9599914551,431.9899902344,428.8699951172,429.8999938965,85742800,413.6953125000
2023-06-12,SPY,430.9200134277,433.8800048828,430.1700134277,433.7999877930,76104300,417.4483032227
2023-06-13,SPY,435.3200073242,437.3299865723,434.6300048828,436.6600036621,95899700,420.2005310059
2023-06-14,SPY,437.0100097656,439.0599975586,433.5899963379,437.1799926758,100612100,420.7009277344
2023-06-15,SPY,436.3299865723,443.8999938965,436.2300109863,442.6000061035,110303100,425.9166259766
2023-06-16,SPY,443.0199890137,443.6099853516,438.9700012207,439.4599914551,114165800,424.4658508301
2023-06-20,SPY,437.4500122070,438.3699951172,435.0299987793,437.1799926758,76160400,422.2636413574
2023-06-21,SPY,436.1600036621,436.9899902344,434.3299865723,434.9400024414,76982300,420.1000976562
2023-06-22,SPY,433.9500122070,436.6199951172,433.6000061035,436.5100097656,70637200,421.6165466309
2023-06-23,SPY,432.9299926758,435.0599975586,432.4700012207,433.2099914551,92074500,418.4290466309
2023-06-26,SPY,432.6199951172,434.6099853516,431.1900024414,431.4400024414,72823600,416.7195129395
2023-06-27,SPY,432.3500061035,436.8099975586,431.8800048828,436.1700134277,72813700,421.2880859375
2023-06-28,SPY,435.0499877930,437.4400024414,434.4100036621,436.3900146484,75636000,421.5006103516
2023-06-29,SPY,435.9599914551,438.2799987793,435.5400085449,438.1099853516,67882300,423.1618957520
2023-06-30,SPY,441.4400024414,444.2999877930,441.1099853516,443.2799987793,104964000,428.1554565430
2023-07-03,SPY,442.9200134277,444.0799865723,442.6300048828,443.7900085449,32793400,428.6481323242
2023-07-05,SPY,441.9100036621,443.8900146484,441.8999938965,443.1300048828,58418400,428.0106506348
2023-07-06,SPY,439.4200134277,440.1000061035,437.0599975586,439.6600036621,80658300,424.6590270996
2023-07-07,SPY,438.6300048828,442.6400146484,438.2999877930,438.5499877930,86134200,423.5869140625
2023-07-10,SPY,438.1799926758,439.8399963379,437.5899963379,439.6600036621,62443500,424.6590270996
2023-07-11,SPY,440.4500122070,442.9700012207,439.4400024414,442.4599914551,64463800,427.3635253906
2023-07-12,SPY,446.3900146484,447.4800109863,444.9100036621,446.0199890137,91924500,430.8020629883
2023-07-13,SPY,447.8999938965,450.3800048828,447.4500122070,449.5599975586,72425200,434.2212524414
2023-07-14,SPY,450.4800109863,451.3599853516,448.4899902344,449.2799987793,69815800,433.9508361816
2023-07-17,SPY,449.1300048828,451.9299926758,449.0799865723,450.8399963379,52680200,435.4575805664
2023-07-18,SPY,450.5000000000,454.8599853516,450.0499877930,454.1900024414,80668200,438.6932678223
2023-07-19,SPY,455.0100097656,456.4299926758,454.1099853516,455.2000122070,65891700,439.6688232422
2023-07-20,SPY,454.1700134277,455.1000061035,451.4400024414,452.1799926758,70591600,436.7518310547
2023-07-21,SPY,453.9599914551,454.1700134277,452.1700134277,452.1799926758,71275600,436.7518310547
2023-07-24,SPY,453.3699951172,455.0400085449,452.2999877930,454.2000122070,54023400,438.7029724121
2023-07-25,SPY,453.9200134277,456.7399902344,453.8699951172,455.4400024414,55191200,439.9006652832
2023-07-26,SPY,454.4700012207,456.9899902344,453.3800048828,455.5100097656,71052900,439.9682617188
2023-07-27,SPY,459.0199890137,459.4400024414,451.5499877930,452.4899902344,92194400,437.0512695312
2023-07-28,SPY,455.8800048828,457.7799987793,452.4899902344,456.9200134277,80011800,441.3301391602
2023-07-31,SPY,457.4100036621,458.1600036621,456.0499877930,457.7900085449,62040400,442.1704406738
2023-08-01,SPY,456.2699890137,457.2500000000,455.4899902344,456.4800109863,55291500,440.9051208496
2023-08-02,SPY,453.2500000000,453.5199890137,449.3500061035,450.1300048828,93933400,434.7717590332
2023-08-03,SPY,448.0400085449,450.7900085449,447.3699951172,448.8399963379,64276100,433.5258178711
2023-08-04,SPY,450.7200012207,452.8999938965,446.2699890137,446.8099975586,100128900,431.5650939941
2023-08-07,SPY,448.7099914551,450.8699951172,447.9899902344,450.7099914551,58357500,435.3319702148
2023-08-08,SPY,448.0799865723,450.7000122070,445.2699890137,448.7500000000,71361300,433.4389038086
2023-08-09,SPY,449.0299987793,449.2000122070,444.9599914551,445.7500000000,78789600,430.5412292480
2023-08-10,SPY,448.1900024414,451.7000122070,444.7000122070,445.9100036621,93005500,430.6958312988
2023-08-11,SPY,443.9700012207,446.7000122070,443.3500061035,445.6499938965,68690900,430.4446716309
2023-08-14,SPY,444.7000122070,448.1099853516,444.3800048828,448.1099853516,47867400,432.8207092285
2023-08-15,SPY,446.2699890137,446.6400146484,442.2999877930,442.8900146484,75707500,427.7788391113
2023-08-16,SPY,442.4599914551,444.1799926758,439.5299987793,439.6400146484,80107200,424.6397399902
2023-08-17,SPY,441.1600036621,441.4299926758,435.7500000000,436.2900085449,95711300,421.4039916992
2023-08-18,SPY,433.3699951172,437.5700073242,433.0100097656,436.5000000000,98852000,421.6068420410
2023-08-21,SPY,437.5499877930,440.1099853516,435.3200073242,439.3399963379,68719000,424.3499450684
2023-08-22,SPY,441.1799926758,441.1799926758,437.5700073242,438.1499938965,64994200,423.2005615234
2023-08-23,SPY,439.2500000000,443.6700134277,439.1000061035,443.0299987793,68441000,427.9140625000
2023-08-24,SPY,444.6900024414,445.2200012207,436.8599853516,436.8900146484,88517300,421.9836120605
2023-08-25,SPY,438.6799926758,441.2999877930,435.0000000000,439.9700012207,102325100,424.9584350586
2023-08-28,SPY,442.2399902344,443.3999938965,439.9700012207,442.7600097656,61595400,427.6532897949
2023-08-29,SPY,442.6499938965,449.4500122070,442.4599914551,449.1600036621,83081900,433.8348999023
2023-08-30,SPY,449.5100097656,451.6700134277,448.7799987793,451.0100097656,69053900,435.6217956543
2023-08-31,SPY,451.6499938965,452.8299865723,450.1600036621,450.3500061035,66084600,434.9843444824
2023-09-01,SPY,453.1700134277,453.6700134277,449.6799926758,451.1900024414,58944100,435.7956542969
2023-09-05,SPY,450.7300109863,451.0599975586,449.1700134277,449.2399902344,55166200,433.9121704102
2023-09-06,SPY,448.3999938965,448.5100097656,443.8099975586,446.2200012207,70758500,430.9951782227
2023-09-07,SPY,443.1099853516,445.5499877930,442.7500000000,444.8500061035,70355400,429.6719665527
2023-09-08,SPY,444.8999938965,447.1099853516,444.5299987793,445.5199890137,61659700,430.3190612793
2023-09-11,SPY,448.2399902344,448.7699890137,446.4700012207,448.4500122070,60180100,433.1491394043
2023-09-12,SPY,446.9500122070,448.5299987793,445.3900146484,445.9899902344,67565400,430.7730712891
2023-09-13,SPY,446.2200012207,447.7099914551,445.0799865723,446.5100097656,60199300,431.2752990723
2023-09-14,SPY,449.0700073242,451.0799865723,447.7200012207,450.3599853516,83430800,434.9939880371
2023-09-15,SPY,447.1400146484,447.4800109863,442.9200134277,443.3699951172,111848900,429.7529907227
2023-09-18,SPY,443.0499877930,444.9700012207,442.5599975586,443.6300048828,55752200,430.0050048828
2023-09-19,SPY,442.6799926758,443.2900085449,439.9400024414,442.7099914551,66514600,429.1132812500
2023-09-20,SPY,444.0100097656,444.4400024414,438.4299926758,438.6400146484,82562600,425.1682739258
2023-09-21,SPY,435.7000122070,435.9700012207,431.2300109863,431.3900146484,104095800,418.1409301758
2023-09-22,SPY,432.4500122070,434.1000061035,429.9899902344,430.4200134277,100829700,417.2007751465
2023-09-25,SPY,429.1700134277,432.2699890137,428.7200012207,432.2300109863,70874500,418.9552001953
2023-09-26,SPY,429.0899963379,429.8200073242,425.0199890137,425.8800048828,96168400,412.8001708984
2023-09-27,SPY,427.0899963379,427.6700134277,422.2900085449,426.0499877930,104705800,412.9649353027
2023-09-28,SPY,425.4800109863,430.2500000000,424.8699951172,428.5199890137,92258300,415.3591003418
2023-09-29,SPY,431.6700134277,431.8500061035,425.9100036621,427.4800109863,115111300,414.3510742188
2023-10-02,SPY,426.6199951172,428.6000061035,424.4599914551,427.3099975586,83798600,414.1862487793
2023-10-03,SPY,425.0599975586,427.3699951172,420.1799926758,421.5899963379,103760600,408.6419372559
2023-10-04,SPY,422.0700073242,425.4299926758,420.5599975586,424.6600036621,87453000,411.6175842285
2023-10-05,SPY,424.3599853516,425.3699951172,421.1700134277,424.5000000000,70142700,411.4625549316
2023-10-06,SPY,421.9700012207,431.1300048828,420.6000061035,429.5400085449,113273300,416.3477478027
2023-10-09,SPY,427.5799865723,432.8800048828,427.0100097656,432.2900085449,80374400,419.0133056641
2023-10-10,SPY,432.9400024414,437.2200012207,432.5299987793,434.5400085449,78607300,421.1941833496
2023-10-11,SPY,435.6400146484,436.5799865723,433.1799926758,436.3200073242,62451700,422.9195861816
2023-10-12,SPY,436.9500122070,437.3399963379,431.2300109863,433.6600036621,81154200,420.3412475586
2023-10-13,SPY,435.2099914551,436.4500122070,429.8800048828,431.5000000000,95143100,418.2475585938
2023-10-16,SPY,433.8200073242,437.1400146484,433.5700073242,436.0400085449,75433200,422.6481018066
2023-10-17,SPY,432.8099975586,438.1400146484,432.4500122070,436.0199890137,75324700,422.6287231445
2023-10-18,SPY,434.1900024414,435.1799926758,429.0899963379,430.2099914551,93559800,416.9971618652
2023-10-19,SPY,430.9500122070,432.8200073242,425.7300109863,426.4299926758,121323000,413.3332824707
2023-10-20,SPY,425.9800109863,426.5400085449,421.0799865723,421.1900024414,123919900,408.2542419434
2023-10-23,SPY,419.6099853516,424.4500122070,417.7999877930,420.4599914551,92035100,407.5466308594
2023-10-24,SPY,422.6499938965,424.8200073242,420.7399902344,423.6300048828,78564200,410.6193237305
2023-10-25,SPY,421.8900146484,421.9200134277,417.0199890137,417.5499877930,94223200,404.7259521484
2023-10-26,SPY,416.4500122070,417.3299865723,411.6000061035,412.5499877930,115156800,399.8795471191
2023-10-27,SPY,414.1900024414,414.6000061035,409.2099914551,410.6799926758,107367700,398.0670166016
2023-10-30,SPY,413.5599975586,416.6799926758,412.2200012207,415.5899963379,86562700,402.8261718750
2023-10-31,SPY,416.1799926758,418.5299987793,414.2099914551,418.2000122070,79665200,405.3561096191
2023-11-01,SPY,419.2000122070,423.5000000000,418.6499938965,422.6600036621,98068100,409.6790771484
2023-11-02,SPY,426.5799865723,430.9200134277,426.5599975586,430.7600097656,94938900,417.5303039551
2023-11-03,SPY,433.1400146484,436.2900085449,433.0100097656,434.6900024414,100167800,421.3395996094
2023-11-06,SPY,435.4700012207,436.1499938965,433.6799926758,435.6900024414,67831700,422.3089294434
2023-11-07,SPY,435.6900024414,437.5899963379,434.5100097656,436.9299926758,64256100,423.5108032227
2023-11-08,SPY,437.5499877930,438.0899963379,434.8699951172,437.2500000000,61746000,423.8209533691
2023-11-09,SPY,438.4299926758,438.4700012207,433.3999938965,433.8399963379,83174400,420.5157165527
2023-11-10,SPY,435.9800109863,440.9299926758,433.8299865723,440.6099853516,89462200,427.0777893066
2023-11-13,SPY,439.2300109863,441.3299865723,438.4200134277,440.1900024414,52236100,426.6706237793
2023-11-14,SPY,446.3200073242,450.0599975586,446.0899963379,448.7300109863,97176900,434.9484252930
2023-11-15,SPY,450.1099853516,451.3800048828,448.7999877930,449.6799926758,77327600,435.8692321777
2023-11-16,SPY,449.2200012207,450.5599975586,448.1199951172,450.2300109863,66665800,436.4023437500
2023-11-17,SPY,450.2399902344,451.4200134277,449.2900085449,450.7900085449,83133200,436.9451293945
2023-11-20,SPY,450.5299987793,455.1300048828,450.5199890137,454.2600097656,69936200,440.3085632324
2023-11-21,SPY,453.1799926758,454.1300048828,451.9599914551,453.2699890137,49244600,439.3489685059
2023-11-22,SPY,454.9800109863,456.3800048828,453.8900146484,455.0199890137,59394900,441.0452270508
2023-11-24,SPY,455.0700073242,455.5000000000,454.7300109863,455.2999877930,29737400,441.3165893555
2023-11-27,SPY,454.6499938965,455.4899902344,454.0799865723,454.4800109863,50506000,440.5218200684
2023-11-28,SPY,454.0799865723,456.2699890137,453.5000000000,454.9299926758,62115000,440.9579467773
2023-11-29,SPY,457.1499938965,458.3200073242,454.2000122070,454.6099853516,63146000,440.6477966309
2023-11-30,SPY,455.4800109863,456.7600097656,453.3399963379,456.3999938965,79752700,442.3828125000
2023-12-01,SPY,455.7699890137,459.6499938965,455.1600036621,459.1000061035,89183400,444.9999084473
2023-12-04,SPY,455.6000061035,459.1199951172,454.3399963379,456.6900024414,72430900,442.6639404297
2023-12-05,SPY,455.2600097656,457.5899963379,454.8699951172,456.6000061035,69793500,442.5767822266
2023-12-06,SPY,458.8099975586,458.8399963379,454.3099975586,454.7600097656,69124700,440.7932128906
2023-12-07,SPY,456.9100036621,458.8999938965,456.2900085449,458.2300109863,66995400,444.1566467285
2023-12-08,SPY,457.4599914551,460.7500000000,457.2099914551,460.2000122070,83194400,446.0661315918
2023-12-11,SPY,459.6900024414,462.1700134277,459.4700012207,461.9899902344,65002200,447.8011474609
2023-12-12,SPY,461.6300048828,464.2000122070,460.6000061035,464.1000061035,68327600,449.8462829590
2023-12-13,SPY,464.4899902344,470.7600097656,464.1199951172,470.5000000000,93278000,456.0497741699
2023-12-14,SPY,472.5000000000,473.7300109863,469.2500000000,472.0100097656,119026000,457.5133972168
2023-12-15,SPY,469.4899902344,470.7000122070,467.4299926758,469.3299865723,141553700,456.7601318359
2023-12-18,SPY,470.9800109863,472.9800109863,469.8900146484,471.9700012207,70375300,459.3294067383
2023-12-19,SPY,472.5299987793,474.9200134277,472.4500122070,474.8399963379,55761800,462.1225585938
2023-12-20,SPY,473.9599914551,475.8999938965,467.8200073242,468.2600097656,102921000,455.7188415527
2023-12-21,SPY,471.3299865723,472.9800109863,468.8399963379,472.7000122070,86667500,460.0398864746
2023-12-22,SPY,473.8599853516,475.3800048828,471.7000122070,473.6499938965,67160400,460.9644165039
2023-12-26,SPY,474.0700073242,476.5799865723,473.9899902344,475.6499938965,55387000,462.9108581543
2023-12-27,SPY,475.4400024414,476.6600036621,474.8900146484,476.5100097656,68000300,463.7478332520
2023-12-28,SPY,476.8800048828,477.5499877930,476.2600097656,476.6900024414,77158100,463.9230041504
2023-12-29,SPY,476.4899902344,477.0299987793,473.2999877930,475.3099975586,122283100,462.5799865723
2024-01-02,SPY,472.1600036621,473.6700134277,470.4899902344,472.6499938965,123623700,459.9912109375
2024-01-03,SPY,470.4299926758,471.1900024414,468.1700134277,468.7900085449,103585900,456.2346191406
2024-01-04,SPY,468.2999877930,470.9599914551,467.0499877930,467.2799987793,84232200,454.7650451660
2024-01-05,SPY,467.4899902344,470.4400024414,466.4299926758,467.9200134277,86118900,455.3878784180
2024-01-08,SPY,468.4299926758,474.7500000000,468.2999877930,474.6000061035,74879100,461.8890380859
2024-01-09,SPY,471.8699951172,474.9299926758,471.3500061035,473.8800048828,65931400,461.1882934570
2024-01-10,SPY,474.1600036621,477.4500122070,473.8699951172,476.5599975586,67310600,463.7964782715
2024-01-11,SPY,477.5899963379,478.1199951172,472.2600097656,476.3500061035,77940700,463.5921020508
2024-01-12,SPY,477.8399963379,478.6000061035,475.2300109863,476.6799926758,58026400,463.9132385254
2024-01-16,SPY,475.2600097656,476.6099853516,473.0599975586,474.9299926758,85014900,462.2101135254
2024-01-17,SPY,471.8200073242,472.7900085449,469.8699951172,472.2900085449,68843900,459.6408691406
2024-01-18,SPY,474.0100097656,477.0599975586,472.4200134277,476.4899902344,91856200,463.7283325195
2024-01-19,SPY,477.6499938965,482.7200012207,476.5400085449,482.4299926758,110834500,469.5093383789
2024-01-22,SPY,484.0100097656,485.2200012207,482.7799987793,483.4500122070,75844900,470.5019836426
2024-01-23,SPY,484.0100097656,485.1099853516,482.8900146484,484.8599853516,49945300,471.8742065430
2024-01-24,SPY,487.8099975586,488.7699890137,484.8800048828,485.3900146484,81765000,472.3900146484
2024-01-25,SPY,487.5799865723,488.3099975586,485.3900146484,488.0299987793,72525000,474.9593200684
2024-01-26,SPY,487.5899963379,489.1199951172,486.5400085449,487.4100036621,76641600,474.3558959961
2024-01-29,SPY,487.7300109863,491.4200134277,487.1700134277,491.2699890137,61322800,478.1125793457
2024-01-30,SPY,490.5599975586,491.6199951172,490.1099853516,490.8900146484,58618400,477.7427062988
2024-01-31,SPY,488.6199951172,489.0799865723,482.8599853516,482.8800048828,126011100,469.9472045898
2024-02-01,SPY,484.6300048828,489.2300109863,483.7999877930,489.2000122070,91891600,476.0979614258
2024-02-02,SPY,489.6499938965,496.0499877930,489.2999877930,494.3500061035,99228200,481.1100769043
2024-02-05,SPY,493.7000122070,494.3800048828,490.2300109863,492.5499877930,75757100,479.3582458496
2024-02-06,SPY,493.5199890137,494.3200073242,492.0499877930,493.9800109863,55918600,480.7499389648
2024-02-07,SPY,496.2900085449,498.5299987793,495.3599853516,498.1000061035,70556500,484.7595825195
2024-02-08,SPY,498.1000061035,498.7099914551,497.2600097656,498.3200073242,52343600,484.9737548828
2024-02-09,SPY,498.8399963379,501.6499938965,498.4899902344,501.2000122070,63979400,487.7766113281
2024-02-12,SPY,501.1700134277,503.5000000000,500.2399902344,500.9800109863,56502300,487.5624084473
2024-02-13,SPY,494.5299987793,497.0899963379,490.7200012207,494.0799865723,113099200,480.8472595215
2024-02-14,SPY,496.7900085449,499.0700073242,494.3999938965,498.5700073242,68387800,485.2169799805
2024-02-15,SPY,499.2900085449,502.2000122070,498.7999877930,502.0100097656,61683000,488.5648803711
2024-02-16,SPY,501.7000122070,502.8699951172,498.7500000000,499.5100097656,75532900,486.1318359375
2024-02-20,SPY,497.7200012207,498.4100036621,494.4500122070,496.7600097656,71736700,483.4555053711
2024-02-21,SPY,495.4200134277,497.3699951172,493.5599975586,497.2099914551,59293400,483.8934326172
2024-02-22,SPY,504.0100097656,508.4899902344,503.0199890137,507.5000000000,76402500,493.9078063965
2024-02-23,SPY,509.2699890137,510.1300048828,507.1000061035,507.8500061035,61321800,494.2484741211
2024-02-26,SPY,508.2999877930,508.7500000000,505.8599853516,505.9899902344,50386700,492.4382629395
2024-02-27,SPY,506.7000122070,507.1600036621,504.7500000000,506.9299926758,48854500,493.3530883789
2024-02-28,SPY,505.3299865723,506.8599853516,504.9599914551,506.2600097656,56506600,492.7010192871
2024-02-29,SPY,508.0700073242,509.7399902344,505.3500061035,508.0799865723,83924800,494.4723510742
2024-03-01,SPY,508.9800109863,513.2899780273,508.5599975586,512.8499755859,76844800,499.1145324707
2024-03-04,SPY,512.0300292969,514.2000122070,512.0000000000,512.2999877930,49799300,498.5792236328
2024-03-05,SPY,510.2399902344,510.7000122070,504.9100036621,507.1799926758,72855600,493.5964050293
2024-03-06,SPY,510.5499877930,512.0700073242,508.4200134277,509.7500000000,68382400,496.0976257324
2024-03-07,SPY,513.1400146484,515.8900146484,509.8099975586,514.8099975586,58652100,501.0220642090
2024-03-08,SPY,515.4600219727,518.2199707031,511.1300048828,511.7200012207,86532500,498.0148315430
2024-03-11,SPY,510.4800109863,511.8800048828,508.5000000000,511.2799987793,62557200,497.5866394043
2024-03-12,SPY,513.4500122070,517.3800048828,510.8599853516,516.7800292969,73114400,502.9393920898
2024-03-13,SPY,517.1099853516,517.2899780273,514.4899902344,515.9699707031,55104100,502.1509704590
2024-03-14,SPY,516.9699707031,517.1300048828,511.8200073242,514.9500122070,110171800,501.1582946777
2024-03-15,SPY,510.2099914551,511.7000122070,508.1199951172,509.8299865723,107646300,497.7170410156
2024-03-18,SPY,514.0000000000,515.4799804688,512.4400024414,512.8599853516,88893300,500.6750793457
2024-03-19,SPY,512.1500244141,516.0000000000,511.1199951172,515.7100219727,60755300,503.4573974609
2024-03-20,SPY,515.7700195312,520.6199951172,515.0800170898,520.4799804688,69594600,508.1140747070
2024-03-21,SPY,523.3900146484,524.1099853516,521.9099731445,522.2000122070,60256100,509.7932128906
2024-03-22,SPY,522.1099853516,522.6099853516,520.9699707031,521.2100219727,79070800,508.8266906738
2024-03-25,SPY,519.7999877930,520.9500122070,519.6099853516,519.7700195312,48512100,507.4208679199
2024-03-26,SPY,521.2299804688,521.5800170898,518.4000244141,518.8099975586,65463700,506.4837036133
2024-03-27,SPY,521.7100219727,523.2100219727,519.4899902344,523.1699829102,82999800,510.7400512695
2024-03-28,SPY,523.2100219727,524.6099853516,522.7800292969,523.0700073242,96294900,510.6425476074
2024-04-01,SPY,523.8300170898,524.3800048828,520.9699707031,522.1599731445,62477500,509.7540283203
2024-04-02,SPY,518.2399902344,518.9799804688,516.4799804688,518.8400268555,74230300,506.5130615234
2024-04-03,SPY,517.7199707031,520.9500122070,517.6699829102,519.4099731445,59155800,507.0693969727
2024-04-04,SPY,523.5200195312,523.8699951172,512.7600097656,513.0700073242,96858100,500.8800659180
2024-04-05,SPY,514.4600219727,520.4400024414,514.0100097656,518.4299926758,74546500,506.1127319336
2024-04-08,SPY,519.1500244141,520.1799926758,517.8900146484,518.7199707031,48401800,506.3957824707
2024-04-09,SPY,520.5000000000,520.7500000000,514.3499755859,519.3200073242,68049200,506.9816284180
2024-04-10,SPY,513.4799804688,516.1599731445,512.0900268555,514.1199951172,82652800,501.9051513672
2024-04-11,SPY,515.6799926758,519.4799804688,512.0800170898,518.0000000000,70099000,505.6929321289
2024-04-12,SPY,514.3699951172,515.8200073242,509.0799865723,510.8500061035,92561100,498.7128295898
2024-04-15,SPY,515.1300048828,515.2999877930,503.5799865723,504.4500122070,92101400,492.4649047852
2024-04-16,SPY,504.9400024414,506.5000000000,502.2099914551,503.5299987793,73484000,491.5667724609
2024-04-17,SPY,506.0499877930,506.2200012207,499.1199951172,500.5499877930,75910300,488.6575317383
2024-04-18,SPY,501.9800109863,504.1300048828,498.5599975586,499.5199890137,74548100,487.6520080566
2024-04-19,SPY,499.4400024414,500.4599914551,493.8599853516,495.1600036621,102212600,483.3955688477
2024-04-22,SPY,497.8299865723,502.3800048828,495.4299926758,499.7200012207,67961000,487.8472900391
2024-04-23,SPY,501.7799987793,506.0899963379,499.5299987793,505.6499938965,64633600,493.6363525391
2024-04-24,SPY,506.5599975586,507.3699951172,503.1300048828,505.4100036621,55928100,493.4020690918
2024-04-25,SPY,499.1799926758,504.2699890137,497.4899902344,503.4899902344,69122400,491.5276794434
2024-04-26,SPY,506.3500061035,509.8800048828,505.7000122070,508.2600097656,64306100,496.1844177246
2024-04-29,SPY,510.0899963379,510.7500000000,507.2500000000,510.0599975586,46415400,497.9415893555
2024-04-30,SPY,508.5599975586,509.5599975586,501.9800109863,501.9800109863,77483600,490.0535888672
2024-05-01,SPY,501.3800048828,508.1900024414,499.8699951172,500.3500061035,80242800,488.4623413086
2024-05-02,SPY,504.1499938965,505.8900146484,499.5499877930,505.0299987793,62550200,493.0311279297
2024-05-03,SPY,511.1600036621,512.5499877930,508.5599975586,511.2900085449,72756700,499.1424255371
2024-05-06,SPY,513.7500000000,516.6099853516,513.2999877930,516.5700073242,47264700,504.2969360352
2024-05-07,SPY,517.5599975586,518.5700073242,516.4500122070,517.1400146484,52561300,504.8534240723
2024-05-08,SPY,515.2600097656,517.7399902344,515.1400146484,517.1900024414,42047200,504.9022216797
2024-05-09,SPY,517.3800048828,520.2100219727,516.7100219727,520.1699829102,43643700,507.8114013672
2024-05-10,SPY,521.8099975586,522.6400146484,519.5900268555,520.8400268555,52233200,508.4655456543
2024-05-13,SPY,522.5599975586,522.6699829102,519.7399902344,520.9099731445,36716400,508.5336914062
2024-05-14,SPY,521.1099853516,523.8300170898,520.5599975586,523.2999877930,57535900,510.8669738770
2024-05-15,SPY,525.8300170898,530.0800170898,525.1799926758,529.7800292969,59504900,517.1931152344
2024-05-16,SPY,529.8800048828,531.5200195312,528.5399780273,528.6900024414,50244800,516.1289062500
2024-05-17,SPY,528.8099975586,529.5200195312,527.3200073242,529.4500122070,59187600,516.8709106445
2024-05-20,SPY,529.5700073242,531.5599975586,529.1699829102,530.0599975586,37764200,517.4664306641
2024-05-21,SPY,529.2800292969,531.5200195312,529.0700073242,531.3599853516,33437000,518.7354736328
2024-05-22,SPY,530.6500244141,531.3800048828,527.5999755859,529.8300170898,48390000,517.2420043945
2024-05-23,SPY,532.9600219727,533.0700073242,524.7199707031,525.9600219727,57211200,513.4638671875
2024-05-24,SPY,527.8499755859,530.2700195312,526.8800048828,529.4400024414,41291100,516.8612060547
2024-05-28,SPY,530.2700195312,530.5100097656,527.1099853516,529.8099975586,36269600,517.2224121094
2024-05-29,SPY,525.6799926758,527.3099975586,525.3699951172,526.0999755859,45190300,513.6004638672
2024-05-30,SPY,524.5200195312,525.2000122070,521.3300170898,522.6099853516,46377600,510.1933593750
2024-05-31,SPY,523.5900268555,527.5000000000,518.3599853516,527.3699951172,90785800,514.8403930664
2024-06-03,SPY,529.0200195312,529.3099975586,522.5999755859,527.7999877930,46835700,515.2601318359
2024-06-04,SPY,526.4600219727,529.1500244141,524.9600219727,528.3900146484,34632700,515.8362426758
2024-06-05,SPY,530.7700195312,534.6900024414,528.7299804688,534.6699829102,47610400,521.9669799805
2024-06-06,SPY,534.9799804688,535.4199829102,532.6799926758,534.6599731445,30808500,521.9571533203
2024-06-07,SPY,533.6599731445,536.8900146484,532.5399780273,534.0100097656,43224500,521.3225708008
2024-06-10,SPY,533.1799926758,535.9899902344,532.5700073242,535.6599731445,35686100,522.9333496094
2024-06-11,SPY,534.0700073242,537.0100097656,532.0499877930,536.9500122070,36383400,524.1927490234
2024-06-12,SPY,541.6300048828,544.1199951172,540.2999877930,541.3599853516,63251300,528.4979248047
2024-06-13,SPY,543.1500244141,543.3300170898,539.5900268555,542.4500122070,44760900,529.5620727539
2024-06-14,SPY,540.8800048828,542.8099975586,539.8499755859,542.7800292969,40089900,529.8842163086
2024-06-17,SPY,542.0800170898,548.5300292969,541.6099853516,547.0999755859,55839500,534.1015625000
2024-06-18,SPY,547.1599731445,548.6199951172,546.7299804688,548.4899902344,41376400,535.4586181641
2024-06-20,SPY,549.4400024414,550.1199951172,545.1799926758,547.0000000000,70328200,534.0039672852
2024-06-21,SPY,544.4000244141,545.6500244141,543.0200195312,544.5100097656,64338600,533.2880859375
2024-06-24,SPY,544.3300170898,546.9500122070,542.6199951172,542.7399902344,45528700,531.5544433594
2024-06-25,SPY,543.9899902344,545.2000122070,542.4400024414,544.8300170898,37936200,533.6015014648
2024-06-26,SPY,543.6900024414,546.2399902344,543.0300292969,545.5100097656,38550600,534.2673950195
2024-06-27,SPY,545.3699951172,546.9600219727,544.6099853516,546.3699951172,35041500,535.1097412109
2024-06-28,SPY,547.1599731445,550.2800292969,542.9500122070,544.2199707031,76144500,533.0040283203
2024-07-01,SPY,545.6300048828,545.8800048828,542.5200195312,545.3400268555,40297800,534.1009521484
2024-07-02,SPY,543.7000122070,549.0100097656,543.6500244141,549.0100097656,40434800,537.6953125000
2024-07-03,SPY,548.6900024414,551.8300170898,548.6500244141,551.4600219727,32789900,540.0948486328
2024-07-05,SPY,551.7700195312,555.0499877930,551.1199951172,554.6400146484,41488400,543.2093505859
2024-07-08,SPY,555.4400024414,556.2500000000,554.1900024414,555.2800292969,36110500,543.8360595703
2024-07-09,SPY,556.2600097656,557.1799926758,555.5200195312,555.8200073242,27289700,544.3649291992
2024-07-10,SPY,557.0700073242,561.6699829102,556.7700195312,561.3200073242,38701200,549.7515258789
2024-07-11,SPY,561.4400024414,562.3300170898,555.8300170898,556.4799804688,53054200,545.0112915039
2024-07-12,SPY,557.6300048828,563.6699829102,557.1500244141,559.9899902344,53084400,548.4490356445
2024-07-15,SPY,562.0300292969,564.8400268555,559.6300048828,561.5300292969,40584300,549.9572753906
2024-07-16,SPY,562.8699951172,565.1599731445,562.0999755859,564.8599853516,36475300,553.2186889648
2024-07-17,SPY,558.7999877930,560.5100097656,556.6099853516,556.9400024414,57119000,545.4618530273
2024-07-18,SPY,558.5100097656,559.5200195312,550.4299926758,552.6599731445,56270400,541.2700805664
2024-07-19,SPY,552.4199829102,554.0800170898,547.9099731445,548.9899902344,65509100,537.6756591797
2024-07-22,SPY,553.0000000000,555.2700195312,551.0200195312,554.6500244141,43346700,543.2189941406
2024-07-23,SPY,554.5399780273,556.7399902344,553.2800292969,553.7800292969,34439600,542.3670043945
2024-07-24,SPY,548.8599853516,549.1699829102,540.2899780273,541.2299804688,74515300,530.0756835938
2024-07-25,SPY,541.3499755859,547.4600219727,537.4500122070,538.4099731445,61158300,527.3136596680
2024-07-26,SPY,542.2800292969,547.1900024414,541.4899902344,544.4400024414,53763800,533.2194213867
2024-07-29,SPY,546.0200195312,547.0499877930,542.7199707031,544.7600097656,39515800,533.5328369141
2024-07-30,SPY,546.2600097656,547.3400268555,538.5200195312,542.0000000000,46853600,530.8298339844
2024-07-31,SPY,548.9799804688,553.5000000000,547.5800170898,550.8099975586,65663400,539.4581909180
2024-08-01,SPY,552.5700073242,554.8699951172,539.4299926758,543.0100097656,76428700,531.8189697266
2024-08-02,SPY,535.7500000000,536.9899902344,528.5999755859,532.9000244141,82789100,521.9172973633
2024-08-05,SPY,511.6400146484,523.5800170898,510.2699890137,517.3800048828,146267400,506.7172546387
2024-08-06,SPY,519.2199707031,529.7500000000,517.8699951172,522.1500244141,84826300,511.3888549805
2024-08-07,SPY,528.4699707031,531.5900268555,518.0499877930,518.6599731445,70698300,507.9707641602
2024-08-08,SPY,523.9099731445,531.2899780273,521.8400268555,530.6500244141,63276600,519.7136840820
2024-08-09,SPY,529.8099975586,534.5100097656,528.5599975586,532.9899902344,45619600,522.0054321289
2024-08-12,SPY,534.2100219727,535.7299804688,530.9500122070,533.2700195312,42542100,522.2797241211
2024-08-13,SPY,536.5300292969,542.2800292969,536.2800292969,542.0399780273,52333100,530.8688964844
2024-08-14,SPY,542.8499755859,544.9600219727,540.1199951172,543.7500000000,42446900,532.5437622070
2024-08-15,SPY,549.5000000000,553.3599853516,548.8800048828,553.0700073242,60846800,541.6715698242
2024-08-16,SPY,551.4199829102,555.0200195312,551.2600097656,554.3099975586,44430700,542.8861083984
2024-08-19,SPY,554.7299804688,559.6099853516,553.8599853516,559.6099853516,39121800,548.0768432617
2024-08-20,SPY,559.1500244141,560.8400268555,557.3300170898,558.7000122070,33732300,547.1855468750
2024-08-21,SPY,559.7700195312,562.1099853516,554.7299804688,560.6199951172,41514600,549.0660400391
2024-08-22,SPY,562.5599975586,563.1799926758,554.9799804688,556.2199707031,56121500,544.7566528320
2024-08-23,SPY,559.5300292969,563.0900268555,557.2899780273,562.1300048828,50639400,550.5448608398
2024-08-26,SPY,563.1799926758,563.9099731445,559.0499877930,560.7899780273,35788600,549.2326049805
2024-08-27,SPY,559.4899902344,562.0599975586,558.3200073242,561.5599975586,32693900,549.9866943359
2024-08-28,SPY,561.2100219727,561.6500244141,555.0399780273,558.2999877930,41066000,546.7938232422
2024-08-29,SPY,560.3099975586,563.6799926758,557.1799926758,558.3499755859,38715200,546.8427734375
2024-08-30,SPY,560.7700195312,564.2000122070,557.1400146484,563.6799926758,62700100,552.0629272461
2024-09-03,SPY,560.4699707031,560.8099975586,549.5100097656,552.0800170898,60600100,540.7021484375
2024-09-04,SPY,550.2000122070,554.4299926758,549.4600219727,550.9500122070,47224900,539.5952758789
2024-09-05,SPY,550.8900146484,553.7999877930,547.0999755859,549.6099853516,44264300,538.2829589844
2024-09-06,SPY,549.9400024414,551.5999755859,539.4400024414,540.3599853516,68493800,529.2235107422
2024-09-09,SPY,544.6500244141,547.7100219727,542.6799926758,546.4099731445,40445800,535.1488647461
2024-09-10,SPY,548.3599853516,549.1500244141,543.3800048828,548.7899780273,36394600,537.4797973633
2024-09-11,SPY,548.7000122070,555.3599853516,539.9600219727,554.4199829102,75248600,542.9938354492
2024-09-12,SPY,555.0100097656,559.4000244141,552.7399902344,559.0900268555,51819600,547.5675048828
2024-09-13,SPY,559.7100219727,563.0300292969,559.4500122070,562.0100097656,39310500,550.4274291992
2024-09-16,SPY,561.7399902344,563.1099853516,559.9000244141,562.8400268555,36656100,551.2403564453
2024-09-17,SPY,565.0999755859,566.5800170898,560.7899780273,563.0700073242,49321000,551.4655151367
2024-09-18,SPY,563.7399902344,568.6900024414,560.8300170898,561.4000244141,59044900,549.8299560547
2024-09-19,SPY,571.0100097656,572.8800048828,568.0800170898,570.9799804688,75315500,559.2124633789
2024-09-20,SPY,567.8400268555,569.3099975586,565.1699829102,568.2500000000,77503100,558.2458496094
2024-09-23,SPY,569.3400268555,570.3300170898,568.0999755859,569.6699829102,44116900,559.6407470703
2024-09-24,SPY,570.4799804688,571.3599853516,567.5999755859,571.2999877930,46805700,561.2421264648
2024-09-25,SPY,571.1400146484,571.8900146484,568.9099731445,570.0399780273,38428600,560.0042724609
2024-09-26,SPY,574.3800048828,574.7100219727,569.9000244141,572.2999877930,48336000,562.2245483398
2024-09-27,SPY,573.3900146484,574.2199707031,570.4199829102,571.4699707031,42100900,561.4091796875
2024-09-30,SPY,570.4199829102,574.3800048828,568.0800170898,573.7600097656,63557400,563.6587524414
2024-10-01,SPY,573.4000244141,574.0599975586,566.0000000000,568.6199951172,72668800,558.6093139648
2024-10-02,SPY,567.7100219727,569.9000244141,565.2700195312,568.8599853516,38097800,558.8450317383
2024-10-03,SPY,567.3599853516,569.7999877930,565.4899902344,567.8200073242,40846500,557.8233642578
2024-10-04,SPY,572.3499755859,573.3599853516,568.0999755859,572.9799804688,42939100,562.8925170898
2024-10-07,SPY,571.2999877930,571.9600219727,566.6300048828,567.7999877930,49964700,557.8037109375
2024-10-08,SPY,570.4199829102,573.7800292969,569.5300292969,573.1699829102,37398700,563.0791625977
2024-10-09,SPY,573.1599731445,577.7100219727,572.5499877930,577.1400146484,37912200,566.9794311523
2024-10-10,SPY,575.7700195312,577.5800170898,574.4899902344,576.1300048828,44138100,565.9871215820
2024-10-11,SPY,576.0499877930,580.3300170898,575.9099731445,579.5800170898,42268000,569.3763427734
2024-10-14,SPY,581.2199707031,585.2700195312,580.7299804688,584.3200073242,36217200,574.0328979492
2024-10-15,SPY,584.5900268555,584.9000244141,578.5399780273,579.7800292969,54203600,569.5728759766
2024-10-16,SPY,579.7800292969,582.8300170898,578.9600219727,582.2999877930,30725400,572.0484619141
2024-10-17,SPY,585.9099731445,586.1199951172,582.1599731445,582.3499755859,34393700,572.0976562500
2024-10-18,SPY,584.0700073242,585.3900146484,582.5800170898,584.5900268555,37416800,574.2981567383
2024-10-21,SPY,583.8499755859,584.8499755859,580.5999755859,583.6300048828,36439000,573.3549804688
2024-10-22,SPY,581.0499877930,584.5000000000,580.3800048828,583.3200073242,34183800,573.0504760742
2024-10-23,SPY,581.2600097656,581.7100219727,574.4199829102,577.9899902344,49314600,567.8143310547
2024-10-24,SPY,579.9799804688,580.0599975586,576.5700073242,579.2399902344,34979900,569.0423583984
2024-10-25,SPY,581.5100097656,584.4600219727,578.0800170898,579.0399780273,47268200,568.8457641602
2024-10-28,SPY,582.5800170898,582.7100219727,580.5200195312,580.8300170898,30174700,570.6043701172
2024-10-29,SPY,579.8499755859,582.9099731445,578.4299926758,581.7700195312,42899700,571.5278320312
2024-10-30,SPY,581.2899780273,583.3200073242,579.2899780273,580.0100097656,41435800,569.7988281250
2024-10-31,SPY,575.5599975586,575.6300048828,568.4400024414,568.6400146484,60182500,558.6289672852
2024-11-01,SPY,571.3200073242,575.5499877930,570.6199951172,571.0399780273,45667500,560.9866333008
2024-11-04,SPY,571.1799926758,572.5000000000,567.8900146484,569.8099975586,38217000,559.7783813477
2024-11-05,SPY,570.7399902344,576.7399902344,570.5200195312,576.7000122070,39478300,566.5471191406
2024-11-06,SPY,589.2000122070,591.9299926758,585.3900146484,591.0399780273,68182000,580.6346435547
2024-11-07,SPY,593.0800170898,596.6500244141,593.0000000000,595.6099853516,47233200,585.1241455078
2024-11-08,SPY,596.1699829102,599.6400146484,596.1699829102,598.1900024414,46444900,587.6587524414
2024-11-11,SPY,599.8099975586,600.1699829102,597.0000000000,598.7600097656,37586800,588.2186889648
2024-11-12,SPY,598.6799926758,599.2899780273,594.3699951172,596.9000244141,43006100,586.3914184570
2024-11-13,SPY,597.3699951172,599.2299804688,594.9600219727,597.1900024414,47388600,586.6763305664
2024-11-14,SPY,597.3200073242,597.8099975586,592.6500244141,593.3499755859,38904100,582.9039306641
2024-11-15,SPY,589.7199707031,590.2000122070,583.8599853516,585.7500000000,75988800,575.4376831055
2024-11-18,SPY,586.2199707031,589.4899902344,585.3400268555,588.1500244141,37001700,577.7955322266
2024-11-19,SPY,584.7100219727,591.0399780273,584.0300292969,590.2999877930,49412000,579.9075927734
2024-11-20,SPY,590.3800048828,590.7899780273,584.6300048828,590.5000000000,50032600,580.1041259766
2024-11-21,SPY,593.4000244141,595.1199951172,587.4500122070,593.6699829102,46750300,583.2182617188
2024-11-22,SPY,593.6599731445,596.1500244141,593.1500244141,595.5100097656,38226400,585.0259399414
2024-11-25,SPY,599.5200195312,600.8599853516,595.2000122070,597.5300292969,42441400,587.0103149414
2024-11-26,SPY,598.7999877930,601.3300170898,598.0700073242,600.6500244141,45621300,590.0754394531
2024-11-27,SPY,600.4600219727,600.8499755859,597.2800292969,598.8300170898,34000200,588.2874145508
2024-11-29,SPY,599.6599731445,603.3499755859,599.3800048828,602.5499877930,30177400,591.9419555664
2024-12-02,SPY,602.9699707031,604.3200073242,602.4699707031,603.6300048828,31746000,593.0029296875
2024-12-03,SPY,603.3900146484,604.1599731445,602.3400268555,603.9099731445,26906600,593.2780761719
2024-12-04,SPY,605.6300048828,607.9099731445,604.9500122070,607.6599731445,42787600,596.9619750977
2024-12-05,SPY,607.6599731445,608.4799804688,606.2999877930,606.6599731445,28762200,595.9796142578
2024-12-06,SPY,607.4400024414,609.0700073242,607.0200195312,607.8099975586,31241500,597.1093750000
2024-12-09,SPY,607.6900024414,607.8599853516,604.0800170898,604.6799926758,34742700,594.0344848633
2024-12-10,SPY,605.3699951172,605.7999877930,602.1300048828,602.7999877930,37234500,592.1876220703
2024-12-11,SPY,605.7800292969,608.4299926758,605.5000000000,607.4600219727,28677700,596.7655639648
2024-12-12,SPY,606.5800170898,607.1599731445,604.3300170898,604.3300170898,31543800,593.6906127930
2024-12-13,SPY,606.4000244141,607.1300048828,602.8099975586,604.2100219727,35904700,593.5727539062
2024-12-16,SPY,606.0000000000,607.7800292969,605.2100219727,606.7899780273,43695200,596.1072387695
2024-12-17,SPY,604.1900024414,605.1699829102,602.8900146484,604.2899780273,55773500,593.6513061523
2024-12-18,SPY,603.9799804688,606.4099731445,585.8900146484,586.2800292969,108248700,575.9584350586
2024-12-19,SPY,591.3599853516,593.0000000000,585.8499755859,586.0999755859,85919500,575.7816162109
2024-12-20,SPY,581.7700195312,595.7500000000,580.9099731445,591.1500244141,125716700,582.6972656250
2024-12-23,SPY,590.8900146484,595.2999877930,587.6599731445,594.6900024414,57635800,586.1866455078
2024-12-24,SPY,596.0599975586,601.3400268555,595.4699707031,601.2999877930,33160100,592.7021484375
2024-12-26,SPY,599.5000000000,602.4799804688,598.0800170898,601.3400268555,41219100,592.7415771484
2024-12-27,SPY,597.5399780273,597.7800292969,590.7600097656,595.0100097656,64969300,586.5020751953
2024-12-30,SPY,587.8900146484,591.7399902344,584.4099731445,588.2199707031,56578800,579.8090820312
2024-12-31,SPY,589.9099731445,590.6400146484,584.4199829102,586.0800170898,57052700,577.6997070312
2020-01-02,IWM,166.7400054932,166.7500000000,164.2299957275,165.7799987793,18297500,153.4330902100
2020-01-03,IWM,163.7400054932,165.4100036621,163.6999969482,165.1300048828,19295600,152.8314971924
2020-01-06,IWM,163.8500061035,165.5399932861,163.5399932861,165.3500061035,17150900,153.0351104736
2020-01-07,IWM,164.8500061035,165.3399963379,164.2100067139,164.8000030518,11817900,152.5260925293
2020-01-08,IWM,164.8200073242,166.0299987793,164.7200012207,165.3099975586,13832400,152.9981231689
2020-01-09,IWM,166.1199951172,166.4499969482,165.2599945068,165.5099945068,11895400,153.1832275391
2020-01-10,IWM,165.5500030518,165.6900024414,164.1999969482,164.8899993896,15353000,152.6093597412
2020-01-13,IWM,164.9400024414,166.0399932861,164.0700073242,165.9600067139,17271100,153.5996704102
2020-01-14,IWM,165.1399993896,167.5899963379,164.9799957275,166.5700073242,18323000,154.1642456055
2020-01-15,IWM,166.1499938965,167.9499969482,166.1399993896,167.3699951172,15437200,154.9046478271
2020-01-16,IWM,168.5899963379,169.8699951172,168.4299926758,169.5299987793,19976200,156.9038238525
2020-01-17,IWM,170.2799987793,170.5599975586,168.6699981689,169.0700073242,18306400,156.4780426025
2020-01-21,IWM,168.3600006104,168.9900054932,167.2700042725,167.6699981689,17935100,155.1823272705
2020-01-22,IWM,168.1900024414,168.6199951172,167.1799926758,167.5599975586,14916300,155.0805206299
2020-01-23,IWM,167.1000061035,167.9700012207,165.4499969482,167.4499969482,15954300,154.9786987305
2020-01-24,IWM,168.0099945068,168.0099945068,164.2299957275,165.3899993896,20491400,153.0721130371
2020-01-27,IWM,162.8500061035,164.4900054932,162.4199981689,163.5099945068,18539000,151.3321228027
2020-01-28,IWM,164.5000000000,165.3999938965,163.4900054932,164.8699951172,16690400,152.5908203125
2020-01-29,IWM,165.1000061035,165.5599975586,163.8999938965,163.9299926758,14944400,151.7208404541
2020-01-30,IWM,162.8399963379,164.1399993896,161.9299926758,163.9299926758,21889700,151.7208404541
2020-01-31,IWM,163.3200073242,163.9199981689,160.0299987793,160.5299987793,30439000,148.5740966797
2020-02-03,IWM,161.6000061035,162.9299926758,161.4900054932,162.3200073242,17373200,150.2307739258
2020-02-04,IWM,164.3099975586,165.3099975586,164.1600036621,164.7700042725,15994200,152.4983215332
2020-02-05,IWM,166.4799957275,167.5299987793,165.6900024414,167.3099975586,17807000,154.8491210938
2020-02-06,IWM,167.8899993896,168.1499938965,166.7599945068,166.9299926758,14768900,154.4974517822
2020-02-07,IWM,166.2899932861,166.3600006104,164.3999938965,164.8800048828,18029600,152.6001129150
2020-02-10,IWM,164.5599975586,165.8899993896,164.4600067139,165.8099975586,11428800,153.4608154297
2020-02-11,IWM,166.7899932861,167.9600067139,166.2700042725,166.9600067139,15005600,154.5252075195
2020-02-12,IWM,168.0200042725,168.2899932861,167.2799987793,168.1100006104,12123000,155.5895843506
2020-02-13,IWM,167.2200012207,168.9499969482,167.1100006104,168.5500030518,12649300,155.9968109131
2020-02-14,IWM,168.6999969482,168.7799987793,167.3399963379,167.8999938965,16006200,155.3951721191
2020-02-18,IWM,167.5000000000,168.0599975586,166.4299926758,167.5399932861,13412100,155.0620269775
2020-02-19,IWM,168.1699981689,169.1399993896,167.5299987793,168.3999938965,11084600,155.8579406738
2020-02-20,IWM,167.8999938965,169.1100006104,166.5899963379,168.8099975586,20383800,156.2373962402
2020-02-21,IWM,168.1499938965,168.6300048828,166.3300018311,167.1000061035,18729900,154.6547698975
2020-02-24,IWM,161.8600006104,167.0599975586,161.1000061035,162.0700073242,28239500,149.9994049072
2020-02-25,IWM,162.5200042725,162.7599945068,155.9600067139,156.3099975586,45047000,144.6683807373
2020-02-26,IWM,157.0500030518,158.4900054932,154.2200012207,154.5000000000,39465000,142.9931793213
2020-02-27,IWM,151.3500061035,155.0099945068,148.8200073242,149.0599975586,50530300,137.9583435059
2020-02-28,IWM,144.8500061035,149.1300048828,143.9100036621,146.3300018311,72036400,135.4316864014
2020-03-02,IWM,147.9700012207,151.2299957275,145.3899993896,151.0299987793,33569300,139.7815704346
2020-03-03,IWM,151.0899963379,154.1999969482,146.3099975586,147.9499969482,42941300,136.9310302734
2020-03-04,IWM,150.2799987793,152.4499969482,148.5200042725,152.1600036621,36195800,140.8274841309
2020-03-05,IWM,148.8399963379,152.4799957275,145.4900054932,147.3200073242,32729400,136.3479919434
2020-03-06,IWM,142.7100067139,145.9799957275,140.9900054932,144.3999938965,39688300,133.6454315186
2020-03-09,IWM,134.1300048828,136.1699981689,130.2599945068,130.3600006104,56320000,120.6510925293
2020-03-10,IWM,134.7100067139,134.8000030518,128.0200042725,134.4299926758,54432700,124.4179534912
2020-03-11,IWM,130.9199981689,132.2700042725,124.1699981689,125.8799972534,51354800,116.5047302246
2020-03-12,IWM,116.7699966431,119.9000015259,111.5999984741,111.9700012207,70114300,103.6307220459
2020-03-13,IWM,118.3099975586,119.9599990845,109.5500030518,119.4700012207,57915100,110.5721588135
2020-03-16,IWM,108.6200027466,111.3000030518,101.4300003052,103.6200027466,59095700,95.9026336670
2020-03-17,IWM,104.9599990845,110.5000000000,100.6100006104,108.3700027466,59344800,100.2988739014
2020-03-18,IWM,103.0500030518,106.7799987793,96.2500000000,99.9700012207,62296700,92.5244750977
2020-03-19,IWM,99.6600036621,106.8000030518,95.6900024414,103.8700027466,62654700,96.1340103149
2020-03-20,IWM,106.1200027466,108.7600021362,100.4499969482,101.4000015259,76203700,93.8479690552
2020-03-23,IWM,101.9000015259,102.1800003052,95.9100036621,99.9000015259,63534700,92.4596939087
2020-03-24,IWM,105.3700027466,109.3300018311,99.9300003052,109.0400009155,73386700,100.9189453125
2020-03-25,IWM,109.4800033569,114.0000000000,106.0199966431,109.9700012207,56043700,102.1732330322
2020-03-26,IWM,111.5400009155,117.5999984741,111.1999969482,116.8099975586,51657600,108.5282669067
2020-03-27,IWM,112.2500000000,116.0199966431,110.8700027466,112.5599975586,39931500,104.5796127319
2020-03-30,IWM,113.2399978638,115.2600021362,110.8000030518,115.0400009155,41552100,106.8838043213
2020-03-31,IWM,114.5999984741,116.1699981689,111.9599990845,114.4599990845,52948000,106.3449020386
2020-04-01,IWM,108.6999969482,110.3799972534,105.5299987793,106.6600036621,54224200,99.0979156494
2020-04-02,IWM,105.7200012207,110.3899993896,104.5699996948,107.6699981689,43774200,100.0363006592
2020-04-03,IWM,106.5899963379,108.0000000000,102.5999984741,104.6200027466,42189200,97.2025375366
2020-04-06,IWM,109.0899963379,113.3399963379,109.0199966431,112.6299972534,48708100,104.6446228027
2020-04-07,IWM,116.8799972534,118.6399993896,112.3899993896,112.9199981689,57546100,104.9140548706
2020-04-08,IWM,114.8799972534,119.2399978638,113.2900009155,118.0699996948,52822300,109.6989593506
2020-04-09,IWM,121.9199981689,124.6100006104,121.3300018311,123.7200012207,69528600,114.9483795166
2020-04-13,IWM,122.8499984741,123.5100021362,119.1200027466,120.3700027466,40198200,111.8358917236
2020-04-14,IWM,123.9000015259,124.8799972534,121.3000030518,122.8099975586,35089700,114.1028976440
2020-04-15,IWM,117.8600006104,119.1100006104,116.6600036621,117.8000030518,34809900,109.4480972290
2020-04-16,IWM,118.0899963379,118.4199981689,114.5599975586,116.9100036621,49501300,108.6212005615
2020-04-17,IWM,121.9000015259,122.7200012207,120.0599975586,122.0599975586,46250200,113.4060516357
2020-04-20,IWM,119.5899963379,122.9000015259,119.0400009155,120.6200027466,36700500,112.0681610107
2020-04-21,IWM,117.4199981689,119.2399978638,116.4800033569,117.7399978638,31608900,109.3923568726
2020-04-22,IWM,120.3199996948,120.9899978638,118.7699966431,119.1699981689,24333800,110.7209625244
2020-04-23,IWM,120.1100006104,122.9000015259,119.6800003052,120.3399963379,38571200,111.8079986572
2020-04-24,IWM,121.5299987793,123.3199996948,120.0899963379,122.4100036621,27147500,113.7312545776
2020-04-27,IWM,123.9499969482,128.4400024414,123.8600006104,127.2600021362,39021300,118.2373886108
2020-04-28,IWM,131.1199951172,131.4600067139,127.2799987793,129.1100006104,47292700,119.9562377930
2020-04-29,IWM,133.4900054932,136.8500061035,131.8800048828,135.4600067139,50390500,125.8559951782
2020-04-30,IWM,131.8999938965,132.9400024414,130.1399993896,130.3099975586,43727500,121.0711517334
2020-05-01,IWM,127.1500015259,127.4599990845,123.2900009155,125.1399993896,43352000,116.2677078247
2020-05-04,IWM,123.5999984741,125.9000015259,122.2500000000,125.6800003052,28498200,116.7694091797
2020-05-05,IWM,128.0700073242,129.9199981689,126.0999984741,126.6500015259,31209400,117.6706466675
2020-05-06,IWM,127.4899978638,128.1999969482,125.0000000000,125.7200012207,29836800,116.8065490723
2020-05-07,IWM,127.3899993896,128.5000000000,126.5500030518,127.4400024414,27493000,118.4046325684
2020-05-08,IWM,130.1600036621,132.7500000000,129.1900024414,132.3600006104,32122900,122.9758071899
2020-05-11,IWM,130.4100036621,132.9499969482,129.3300018311,131.6999969482,33983200,122.3626022339
2020-05-12,IWM,132.2599945068,132.2899932861,126.8399963379,126.9700012207,44275300,117.9679641724
2020-05-13,IWM,125.6500015259,126.0800018311,120.4100036621,122.7200012207,58719300,114.0192642212
2020-05-14,IWM,119.9700012207,123.2699966431,117.1800003052,123.1200027466,55904300,114.3909149170
2020-05-15,IWM,122.0100021362,125.5299987793,121.4599990845,125.0800018311,40236600,116.2119598389
2020-05-18,IWM,131.4499969482,133.3899993896,130.8300018311,132.6799926758,46981100,123.2731018066
2020-05-19,IWM,132.2200012207,133.4499969482,130.0599975586,130.0599975586,30270000,120.8388824463
2020-05-20,IWM,132.7299957275,134.9799957275,132.3800048828,134.0000000000,35901300,124.4995574951
2020-05-21,IWM,134.0500030518,135.0599975586,132.5800018311,134.2400054932,32716500,124.7225418091
2020-05-22,IWM,134.6699981689,135.0500030518,133.0200042725,134.8899993896,24035200,125.3264160156
2020-05-26,IWM,140.0899963379,140.3800048828,134.9900054932,138.7799987793,36971000,128.9406585693
2020-05-27,IWM,141.5700073242,143.5000000000,137.3300018311,143.0899963379,42682000,132.9450531006
2020-05-28,IWM,144.7400054932,144.7400054932,137.5800018311,139.6999969482,42105000,129.7954101562
2020-05-29,IWM,138.3000030518,139.2799987793,136.4100036621,138.8999938965,41536400,129.0521392822
2020-06-01,IWM,139.2599945068,141.6699981689,138.6100006104,140.2299957275,25567500,130.2878265381
2020-06-02,IWM,141.0700073242,141.8500061035,139.5599975586,141.3899993896,24666200,131.3655853271
2020-06-03,IWM,143.6699981689,146.0700073242,143.1100006104,144.8000030518,36111700,134.5338134766
2020-06-04,IWM,143.8399963379,145.6000061035,143.1799926758,144.5899963379,28904700,134.3386993408
2020-06-05,IWM,150.8600006104,152.3200073242,149.5500030518,150.1799926758,53513400,139.5323486328
2020-06-08,IWM,152.3500061035,153.3899993896,151.6300048828,153.0899963379,33834300,142.2360687256
2020-06-09,IWM,150.8600006104,151.7700042725,149.0599975586,150.2599945068,39646000,139.6066894531
2020-06-10,IWM,150.0899963379,150.2599945068,145.8999938965,146.1799926758,51774500,135.8159790039
2020-06-11,IWM,140.1499938965,141.0299987793,134.7700042725,135.0299987793,72041500,125.4564819336
2020-06-12,IWM,140.3300018311,141.0200042725,134.1499938965,138.2700042725,63864900,128.4667968750
2020-06-15,IWM,133.2799987793,142.0599975586,133.2799987793,140.9900054932,57354800,131.4369659424
2020-06-16,IWM,146.6900024414,146.6900024414,141.0299987793,144.3800048828,48957000,134.5972595215
2020-06-17,IWM,144.5899963379,144.9900054932,141.3200073242,141.7700042725,34811400,132.1640777588
2020-06-18,IWM,140.3699951172,143.3099975586,139.8099975586,141.7200012207,26974100,132.1174468994
2020-06-19,IWM,144.4199981689,144.5099945068,139.8399963379,140.9900054932,50293800,131.4369659424
2020-06-22,IWM,140.2400054932,142.5599975586,138.8300018311,142.3999938965,28983200,132.7513580322
2020-06-23,IWM,144.3200073242,144.6600036621,142.6499938965,143.0000000000,20344200,133.3107452393
2020-06-24,IWM,141.1000061035,141.6000061035,136.3099975586,138.3600006104,42998700,128.9851074219
2020-06-25,IWM,137.7100067139,140.5800018311,136.2899932861,140.4499969482,37191200,130.9335174561
2020-06-26,IWM,139.4799957275,139.8300018311,136.4900054932,136.6699981689,39100100,127.4096374512
2020-06-29,IWM,138.7100067139,141.9900054932,137.1000061035,141.1399993896,33935200,131.5767669678
2020-06-30,IWM,140.6699981689,143.6199951172,140.5899963379,143.1799926758,32865900,133.4785308838
2020-07-01,IWM,143.6499938965,144.5099945068,141.2400054932,141.8200073242,26457500,132.2106475830
2020-07-02,IWM,144.5599975586,145.2799987793,141.8899993896,142.3999938965,24022400,132.7513580322
2020-07-06,IWM,145.3200073242,145.6999969482,142.9299926758,143.4299926758,19858200,133.7115783691
2020-07-07,IWM,142.1799926758,143.4400024414,140.4799957275,140.8899993896,22661000,131.3436584473
2020-07-08,IWM,140.7599945068,142.5000000000,139.1000061035,141.9400024414,27358900,132.3225250244
2020-07-09,IWM,142.0200042725,142.3500061035,137.2400054932,139.0700073242,34647800,129.6470336914
2020-07-10,IWM,139.1399993896,141.5000000000,138.4600067139,141.3099975586,24008200,131.7352447510
2020-07-13,IWM,142.8000030518,144.6399993896,139.3899993896,139.5200042725,34235500,130.0665283203
2020-07-14,IWM,139.4299926758,141.9799957275,138.6399993896,141.8300018311,28114000,132.2200164795
2020-07-15,IWM,145.4199981689,147.7799987793,144.7899932861,147.0299987793,40770100,137.0677032471
2020-07-16,IWM,146.1100006104,146.6699981689,144.8800048828,146.1600036621,30530800,136.2566375732
2020-07-17,IWM,146.6799926758,147.5899963379,145.5099945068,146.5899963379,20644100,136.6574554443
2020-07-20,IWM,146.1199951172,146.8500061035,145.1499938965,145.9600067139,19663300,136.0701293945
2020-07-21,IWM,147.4700012207,149.1600036621,147.1999969482,148.0299987793,24503800,137.9999237061
2020-07-22,IWM,147.0899963379,148.6699981689,147.0299987793,148.1100006104,24424800,138.0744628906
2020-07-23,IWM,147.9799957275,150.1999969482,146.6999969482,148.2599945068,21704900,138.2143249512
2020-07-24,IWM,147.2899932861,147.6699981689,145.5599975586,146.0800018311,20015500,136.1820373535
2020-07-27,IWM,146.1900024414,147.6900024414,145.3899993896,147.6000061035,13370700,137.5990753174
2020-07-28,IWM,147.0700073242,148.0399932861,146.0599975586,146.1300048828,13268000,136.2286529541
2020-07-29,IWM,147.0000000000,149.4499969482,146.9799957275,149.3500061035,19864400,139.2304992676
2020-07-30,IWM,147.1399993896,149.1199951172,146.3300018311,148.7599945068,23618900,138.6804809570
2020-07-31,IWM,148.1399993896,148.4199981689,144.6699981689,147.3600006104,29881500,137.3752899170
2020-08-03,IWM,148.2899932861,149.9700012207,147.2200012207,149.7599945068,20777100,139.6126708984
2020-08-04,IWM,149.3899993896,150.9299926758,149.0399932861,150.7899932861,20285000,140.5728912354
2020-08-05,IWM,152.2899932861,153.8899993896,151.7799987793,153.7899932861,18190200,143.3696289062
2020-08-06,IWM,153.8000030518,154.4400024414,152.9100036621,153.7299957275,18237700,143.3136749268
2020-08-07,IWM,153.4499969482,156.2500000000,153.1499938965,156.1699981689,20475200,145.5883636475
2020-08-10,IWM,156.6499938965,158.8300018311,156.6499938965,157.7899932861,24000500,147.0985870361
2020-08-11,IWM,159.2700042725,159.8200073242,156.1600036621,156.8800048828,30359400,146.2502746582
2020-08-12,IWM,158.6699981689,158.8899993896,156.4900054932,157.5200042725,23378300,146.8468933105
2020-08-13,IWM,156.9900054932,158.5299987793,156.6499938965,157.1900024414,15799900,146.5392456055
2020-08-14,IWM,156.2799987793,157.7599945068,155.8699951172,157.0899963379,13360900,146.4460144043
2020-08-17,IWM,157.5000000000,158.0299987793,156.7400054932,157.8999938965,9744200,147.2011108398
2020-08-18,IWM,157.8500061035,157.8500061035,155.7100067139,156.3899993896,14670400,145.7934722900
2020-08-19,IWM,156.9299926758,158.0399932861,156.1900024414,156.3999938965,14337300,145.8027954102
2020-08-20,IWM,154.8000030518,156.4900054932,154.5399932861,155.7599945068,15413000,145.2061767578
2020-08-21,IWM,155.1499938965,155.7200012207,153.6000061035,154.6100006104,20685100,144.1340789795
2020-08-24,IWM,155.8600006104,156.2700042725,154.3300018311,156.2299957275,13707100,145.6442718506
2020-08-25,IWM,156.8099975586,156.8200073242,154.7899932861,156.3999938965,16269700,145.8027954102
2020-08-26,IWM,156.5000000000,156.7700042725,155.1799926758,155.4199981689,13772700,144.8891906738
2020-08-27,IWM,156.1199951172,157.0000000000,154.6300048828,155.8000030518,17508400,145.2434082031
2020-08-28,IWM,156.6000061035,157.1999969482,155.7299957275,157.1199951172,12371400,146.4739990234
2020-08-31,IWM,157.1900024414,157.3699951172,155.3000030518,155.4299926758,17051500,144.8984832764
2020-09-01,IWM,155.2200012207,157.3099975586,154.4499969482,157.2100067139,15638800,146.5578918457
2020-09-02,IWM,157.9600067139,158.9799957275,156.1799926758,158.4600067139,16763400,147.7231903076
2020-09-03,IWM,158.1199951172,158.2899932861,152.9600067139,153.7799987793,32117600,143.3602905273
2020-09-04,IWM,155.7100067139,155.8899993896,149.2899932861,152.8000030518,30618800,142.4467163086
2020-09-08,IWM,151.1799926758,152.4799957275,149.0000000000,149.8600006104,26447800,139.7058868408
2020-09-09,IWM,151.4299926758,152.7799987793,150.5700073242,152.1300048828,20160800,141.8221282959
2020-09-10,IWM,152.8300018311,153.8800048828,150.0599975586,150.1499938965,23005500,139.9762420654
2020-09-11,IWM,150.9199981689,151.0500030518,147.6799926758,149.1499938965,20851000,139.0440368652
2020-09-14,IWM,150.5899963379,153.4299926758,150.3699951172,153.0800018311,21991300,142.7077484131
2020-09-15,IWM,154.3800048828,154.6999969482,152.8600006104,153.3699951172,16175500,142.9780426025
2020-09-16,IWM,154.1100006104,156.8500061035,153.8399963379,154.8200073242,22178400,144.3298339844
2020-09-17,IWM,152.6199951172,154.3999938965,151.7500000000,153.6900024414,20002900,143.2764129639
2020-09-18,IWM,153.9799957275,155.2899932861,151.1399993896,153.2899932861,38352800,142.9034576416
2020-09-21,IWM,149.8200073242,150.2599945068,146.3300018311,147.9199981689,40652500,137.8973388672
2020-09-22,IWM,148.6499938965,149.3000030518,146.5599975586,149.0599975586,19385800,138.9600830078
2020-09-23,IWM,148.4100036621,149.4299926758,143.9799957275,144.0700073242,33403400,134.8201904297
2020-09-24,IWM,144.0399932861,146.5299987793,142.0899963379,144.0700073242,31723700,134.8201904297
2020-09-25,IWM,143.4400024414,146.8500061035,143.3500061035,146.4100036621,20689300,137.0099029541
2020-09-28,IWM,148.3699951172,150.4400024414,146.3999938965,150.0200042725,17600900,140.3881530762
2020-09-29,IWM,149.8500061035,150.2799987793,148.0000000000,149.3399963379,18683800,139.7518310547
2020-09-30,IWM,149.8999938965,151.9700012207,148.4900054932,149.7899932861,29073700,140.1728515625
2020-10-01,IWM,150.8099975586,152.1999969482,149.4900054932,152.1799926758,25872000,142.4094543457
2020-10-02,IWM,149.4100036621,153.5800018311,148.9900054932,152.8500061035,29452000,143.0364532471
2020-10-05,IWM,154.4900054932,157.3099975586,154.4799957275,157.0700073242,18553600,146.9854888916
2020-10-06,IWM,158.5000000000,161.0099945068,156.3399963379,156.6199951172,36348000,146.5643920898
2020-10-07,IWM,158.5899963379,160.5599975586,158.4600067139,160.0399932861,27049700,149.7648162842
2020-10-08,IWM,161.7200012207,162.2799987793,160.5800018311,161.8600006104,37278600,151.4679718018
2020-10-09,IWM,163.3500061035,163.7100067139,161.8099975586,162.6999969482,25038100,152.2540435791
2020-10-12,IWM,163.3999938965,164.2400054932,162.6000061035,163.7899932861,20336200,153.2740631104
2020-10-13,IWM,162.5200042725,163.2200012207,161.4799957275,162.6999969482,20106500,152.2540435791
2020-10-14,IWM,163.0099945068,163.9100036621,160.9400024414,161.0899963379,19024900,150.7473907471
2020-10-15,IWM,159.2899932861,163.1799926758,158.8099975586,162.7500000000,22865100,152.3008270264
2020-10-16,IWM,163.2100067139,163.6999969482,162.3099975586,162.3500061035,17637900,151.9265441895
2020-10-19,IWM,162.8800048828,164.0299987793,160.0299987793,160.4100036621,18360600,150.1110687256
2020-10-20,IWM,161.5599975586,162.4499969482,160.3399963379,160.7599945068,18927700,150.4385528564
2020-10-21,IWM,160.8699951172,161.3699951172,159.2899932861,159.3800048828,17504100,149.1472015381
2020-10-22,IWM,160.1399993896,162.1900024414,159.1799926758,162.1300048828,20673900,151.7206573486
2020-10-23,IWM,163.0700073242,163.3300018311,161.2500000000,163.0700073242,20889800,152.6002807617
2020-10-26,IWM,160.9199981689,161.3699951172,157.3800048828,159.5500030518,26509900,149.3062896729
2020-10-27,IWM,159.4499969482,160.0599975586,157.9400024414,158.1799926758,20523000,148.0242156982
2020-10-28,IWM,154.6600036621,155.4400024414,153.0399932861,153.3099975586,32338700,143.4669342041
2020-10-29,IWM,152.7700042725,155.7899932861,151.6699981689,155.1399993896,27203200,145.1794128418
2020-10-30,IWM,154.3200073242,155.2799987793,151.3899993896,153.0899963379,31764500,143.2610473633
2020-11-02,IWM,154.7700042725,155.8899993896,153.6699981689,155.8200073242,25252100,145.8157348633
2020-11-03,IWM,158.4299926758,161.2299957275,158.0599975586,160.2400054932,30257400,149.9519500732
2020-11-04,IWM,157.7500000000,162.3500061035,157.7100067139,160.4199981689,45226300,150.1204376221
2020-11-05,IWM,162.0099945068,165.5800018311,161.9100036621,164.9100036621,31911000,154.3221282959
2020-11-06,IWM,165.6199951172,165.7100067139,163.3000030518,163.6199951172,24930400,153.1149597168
2020-11-09,IWM,176.9499969482,178.1000061035,169.3300018311,169.5500030518,55052700,158.6642456055
2020-11-10,IWM,171.1999969482,173.3300018311,169.7500000000,172.6999969482,35492200,161.6119842529
2020-11-11,IWM,173.3399963379,173.4799957275,170.8600006104,172.6300048828,23972600,161.5464782715
2020-11-12,IWM,171.3999938965,172.6399993896,168.3399963379,169.9799957275,33986800,159.0666046143
2020-11-13,IWM,171.3500061035,174.1300048828,171.3099975586,173.5000000000,25440400,162.3606109619
2020-11-16,IWM,176.4900054932,177.7799987793,175.3999938965,177.6300048828,31812300,166.2255249023
2020-11-17,IWM,176.0399932861,178.8000030518,174.2799987793,178.4600067139,26154500,167.0021972656
2020-11-18,IWM,178.9400024414,179.7200012207,175.8600006104,175.9600067139,24377800,164.6627197266
2020-11-19,IWM,175.6499938965,177.5899963379,175.0700073242,177.3099975586,20187600,165.9260101318
2020-11-20,IWM,176.6699981689,177.9400024414,175.8300018311,177.5000000000,24898800,166.1038360596
2020-11-23,IWM,179.2500000000,181.9900054932,178.7299957275,180.8200073242,24816000,169.2106933594
2020-11-24,IWM,183.3899993896,185.4400024414,182.3600006104,184.2200012207,34945400,172.3923797607
2020-11-25,IWM,183.5000000000,184.3099975586,181.8899993896,183.5899963379,21082700,171.8028106689
2020-11-27,IWM,183.7200012207,184.4900054932,183.2200012207,184.3699951172,10384400,172.5327301025
2020-11-30,IWM,183.8200073242,184.3200073242,180.3200073242,181.0200042725,25481600,169.3978576660
2020-12-01,IWM,183.6000061035,184.2200012207,181.0200042725,182.6999969482,30265000,170.9699554443
2020-12-02,IWM,181.9499969482,183.4799957275,180.7599945068,182.8899993896,20142800,171.1477661133
2020-12-03,IWM,183.3399963379,185.1799926758,182.9400024414,183.9199981689,19603600,172.1116333008
2020-12-04,IWM,185.0200042725,188.4499969482,183.9199981689,188.1999969482,24415700,176.1168365479
2020-12-07,IWM,188.2299957275,188.9499969482,187.4400024414,188.3800048828,14671500,176.2852935791
2020-12-08,IWM,187.1199951172,190.9799957275,187.0800018311,190.8000030518,20165600,178.5499114990
2020-12-09,IWM,192.0200042725,192.8099975586,187.8999938965,189.4100036621,29507600,177.2491607666
2020-12-10,IWM,187.7599945068,191.6499938965,187.3099975586,191.2400054932,21245300,178.9616394043
2020-12-11,IWM,189.9900054932,191.7200012207,188.3000030518,190.3000030518,30865000,178.0820159912
2020-12-14,IWM,191.9600067139,193.1199951172,189.8800048828,189.9299926758,32237700,178.2904205322
2020-12-15,IWM,191.7599945068,194.8999938965,190.7299957275,194.6799926758,26807000,182.7493286133
2020-12-16,IWM,195.1300048828,195.2100067139,192.9600067139,193.9799957275,25494600,182.0921936035
2020-12-17,IWM,194.7299957275,196.3800048828,194.0599975586,196.2899932861,23834200,184.2606506348
2020-12-18,IWM,196.6100006104,197.8300018311,194.8000030518,195.3399963379,37033400,183.3688659668
2020-12-21,IWM,191.8999938965,195.7799987793,191.4799957275,195.2400054932,30873000,183.2750091553
2020-12-22,IWM,195.9900054932,197.7200012207,195.3899993896,197.4600067139,21919700,185.3589172363
2020-12-23,IWM,198.5700073242,199.6499938965,197.8999938965,199.1399993896,18392000,186.9359893799
2020-12-24,IWM,199.9299926758,199.9400024414,198.0599975586,199.0099945068,8904900,186.8139801025
2020-12-28,IWM,201.1600036621,201.1799926758,198.1300048828,198.2700042725,27168400,186.1192932129
2020-12-29,IWM,198.6399993896,199.0000000000,193.4400024414,194.4299926758,33901300,182.5146484375
2020-12-30,IWM,195.0500030518,197.4799957275,195.0299987793,196.4100036621,20595700,184.3733062744
2020-12-31,IWM,196.6199951172,196.8399963379,194.6199951172,196.0599975586,24747700,184.0446929932
2021-01-04,IWM,197.5399932861,197.8899993896,190.9400024414,193.5000000000,33664200,181.6416320801
2021-01-05,IWM,193.0899963379,197.6199951172,193.0700073242,196.4900054932,27442900,184.4483947754
2021-01-06,IWM,199.4799957275,206.7799987793,199.1600036621,204.5299987793,52952200,191.9956665039
2021-01-07,IWM,205.7100067139,208.5200042725,205.6999969482,208.1699981689,24031400,195.4126129150
2021-01-08,IWM,209.3200073242,209.7700042725,204.6600036621,207.7200012207,29017000,194.9902038574
2021-01-11,IWM,205.0899963379,208.1199951172,204.8300018311,207.5399932861,20945100,194.8211975098
2021-01-12,IWM,208.5200042725,211.3899993896,208.4900054932,211.2599945068,24892200,198.3132171631
2021-01-13,IWM,211.4299926758,211.7299957275,209.1900024414,209.7500000000,22782200,196.8957977295
2021-01-14,IWM,211.2400054932,215.0000000000,211.1300048828,213.9400024414,33913700,200.8289947510
2021-01-15,IWM,210.8099975586,213.9600067139,208.2599945068,210.7500000000,41043500,197.8344573975
2021-01-19,IWM,213.3399963379,213.6100006104,211.7200012207,213.4499969482,19744300,200.3690490723
2021-01-20,IWM,214.3600006104,215.9799957275,213.0700073242,214.3899993896,25474200,201.2513732910
2021-01-21,IWM,214.9700012207,215.1600036621,211.9499969482,212.5299987793,21180500,199.5054168701
2021-01-22,IWM,210.4900054932,215.3300018311,209.5500030518,215.0000000000,24800200,201.8240203857
2021-01-25,IWM,214.9299926758,217.9100036621,211.6000061035,214.7899932861,33985000,201.6268920898
2021-01-26,IWM,216.3000030518,216.6900024414,212.7700042725,213.3000030518,23969800,200.2281951904
2021-01-27,IWM,209.5000000000,212.9900054932,207.2899932861,209.3899993896,45830300,196.5578155518
2021-01-28,IWM,210.8399963379,212.3699951172,207.6300048828,208.7200012207,32202500,195.9289093018
2021-01-29,IWM,209.7299957275,210.9900054932,204.8399963379,205.5599975586,40591900,192.9625244141
2021-02-01,IWM,208.1699981689,211.5700073242,205.7599945068,210.6100006104,26375100,197.7030334473
2021-02-02,IWM,213.1499938965,214.0500030518,210.8899993896,213.6100006104,22773100,200.5191955566
2021-02-03,IWM,213.6999969482,214.7400054932,211.5899963379,214.2500000000,23923200,201.1200103760
2021-02-04,IWM,215.0899963379,218.8300018311,215.0800018311,218.6199951172,25400800,205.2222137451
2021-02-05,IWM,220.9400024414,221.8399963379,218.7700042725,221.6499938965,23338800,208.0664825439
2021-02-08,IWM,223.7899932861,227.3300018311,223.3999938965,227.3099975586,20831500,213.3796539307
2021-02-09,IWM,227.1300048828,229.6199951172,226.3099975586,228.3800048828,19510900,214.3840789795
2021-02-10,IWM,229.9199981689,230.3200073242,224.9499969482,226.8800048828,27955400,212.9759826660
2021-02-11,IWM,228.1399993896,229.0000000000,223.4199981689,226.6199951172,25847600,212.7319183350
2021-02-12,IWM,225.9299926758,227.7400054932,224.6399993896,227.2599945068,17440200,213.3326721191
2021-02-16,IWM,229.4700012207,229.6300048828,224.7899932861,225.8300018311,22999500,211.9903411865
2021-02-17,IWM,223.6100006104,224.7400054932,220.9600067139,224.0599975586,25042300,210.3287963867
2021-02-18,IWM,222.3399963379,222.8999938965,219.3899993896,220.5899963379,24501500,207.0714721680
2021-02-19,IWM,222.4600067139,226.3000030518,222.1699981689,225.1900024414,31238200,211.3895568848
2021-02-22,IWM,223.5099945068,226.3899993896,222.9799957275,223.7299957275,23272100,210.0190277100
2021-02-23,IWM,220.9600067139,222.9799957275,215.5599975586,221.7599945068,38646800,208.1697387695
2021-02-24,IWM,222.6199951172,227.4499969482,221.7100067139,227.0000000000,27584900,213.0886230469
2021-02-25,IWM,226.7899932861,227.5899963379,218.0099945068,218.6100006104,49961400,205.2127838135
2021-02-26,IWM,219.5200042725,222.2299957275,214.8099975586,218.3099975586,47734200,204.9311676025
2021-03-01,IWM,223.4799957275,226.7100067139,222.9400024414,226.0700073242,26161000,212.2155914307
2021-03-02,IWM,225.7899932861,225.9600067139,221.5500030518,221.7200012207,26895400,208.1322479248
2021-03-03,IWM,222.4199981689,224.2599945068,219.2100067139,219.3200073242,33407600,205.8792877197
2021-03-04,IWM,218.5099945068,220.6900024414,209.4299926758,213.1900024414,59126500,200.1249542236
2021-03-05,IWM,216.8899993896,218.1499938965,207.2100067139,217.7100067139,53204300,204.3679656982
2021-03-08,IWM,219.3600006104,222.2700042725,217.6699981689,218.7400054932,40619700,205.3348541260
2021-03-09,IWM,222.4100036621,224.9900054932,220.9199981689,223.3399963379,32247300,209.6529541016
2021-03-10,IWM,225.6000061035,228.9700012207,225.1999969482,227.2200012207,36812000,213.2951507568
2021-03-11,IWM,229.5500030518,232.2799987793,228.7899932861,232.2200012207,25256700,217.9887237549
2021-03-12,IWM,231.9900054932,234.1499938965,231.3699951172,233.5899963379,23732200,219.2747650146
2021-03-15,IWM,233.3399963379,234.5299987793,231.9100036621,234.4199981689,21497400,220.0539093018
2021-03-16,IWM,234.0200042725,234.0899963379,229.1199951172,230.5000000000,24675000,216.3741455078
2021-03-17,IWM,228.9700012207,232.8200073242,227.3600006104,232.3099975586,29422600,218.0732269287
2021-03-18,IWM,230.8000030518,232.9299926758,224.6100006104,225.2400054932,35637200,211.4365386963
2021-03-19,IWM,224.5700073242,228.6000061035,222.9499969482,226.9400024414,40855600,213.0323333740
2021-03-22,IWM,227.6799926758,228.1000061035,224.1000061035,225.2299957275,26128400,211.4270782471
2021-03-23,IWM,223.1600036621,223.8600006104,216.0299987793,217.0599975586,43660700,203.7577972412
2021-03-24,IWM,219.8600006104,221.3300018311,212.0399932861,212.0399932861,47270200,199.0454559326
2021-03-25,IWM,209.3399963379,217.5200042725,208.0299987793,216.6600036621,59244600,203.7647857666
2021-03-26,IWM,218.9600067139,220.6799926758,215.9600067139,220.6100006104,34452600,207.4796905518
2021-03-29,IWM,219.0099945068,220.9299926758,214.0800018311,214.3999938965,38078800,201.6392974854
2021-03-30,IWM,214.3899993896,218.6799926758,213.1399993896,218.0099945068,36205400,205.0343933105
2021-03-31,IWM,219.1699981689,222.3999938965,219.1199951172,220.9400024414,34800100,207.7900390625
2021-04-01,IWM,222.3999938965,223.8999938965,222.0200042725,223.7400054932,29799200,210.4233703613
2021-04-05,IWM,226.3999938965,226.5399932861,223.5700073242,224.9700012207,27826600,211.5801849365
2021-04-06,IWM,225.0000000000,226.6900024414,223.8399963379,224.3099975586,24907800,210.9594421387
2021-04-07,IWM,224.2299957275,224.3699951172,219.9400024414,220.6900024414,26233700,207.5549011230
2021-04-08,IWM,221.8399963379,222.8200073242,219.3899993896,222.5599975586,23989400,209.3135833740
2021-04-09,IWM,222.4900054932,223.0899963379,221.2400054932,222.5899963379,23267400,209.3418121338
2021-04-12,IWM,222.7200012207,222.9299926758,220.3999938965,221.7200012207,20533900,208.5236053467
2021-04-13,IWM,221.4799957275,222.5700073242,218.8300018311,221.1399993896,24608400,207.9781036377
2021-04-14,IWM,221.8699951172,226.0000000000,221.8000030518,223.3200073242,27362000,210.0283660889
2021-04-15,IWM,225.0899963379,225.1199951172,222.2599945068,224.2899932861,20587300,210.9406585693
2021-04-16,IWM,225.3999938965,225.6799926758,223.0099945068,224.6499938965,23943000,211.2791900635
2021-04-19,IWM,223.7100067139,224.6600036621,219.9400024414,221.7299957275,25285900,208.5330047607
2021-04-20,IWM,220.7700042725,221.6199951172,215.2400054932,217.1900024414,35570800,204.2631988525
2021-04-21,IWM,217.0200042725,222.6199951172,215.5000000000,222.5000000000,31147800,209.2571868896
2021-04-22,IWM,223.2599945068,225.3300018311,220.7799987793,221.5800018311,31943700,208.3919372559
2021-04-23,IWM,222.8200073242,226.6499938965,222.0200042725,225.7599945068,27999500,212.3231506348
2021-04-26,IWM,227.0000000000,228.6900024414,226.7500000000,228.1100006104,19069200,214.5332946777
2021-04-27,IWM,228.7100067139,229.3899993896,227.5099945068,228.4499969482,19648100,214.8530426025
2021-04-28,IWM,228.0800018311,229.4900054932,227.1000061035,228.8399963379,16222700,215.2198638916
2021-04-29,IWM,230.8500061035,230.9499969482,225.7899932861,227.9900054932,25500300,214.4204559326
2021-04-30,IWM,225.7200012207,227.8000030518,224.1399993896,224.8899993896,27006000,211.5049285889
2021-05-03,IWM,227.2100067139,227.4100036621,224.9199981689,225.9900054932,18693400,212.5394134521
2021-05-04,IWM,224.6000061035,226.1399993896,220.9600067139,223.2899932861,26892700,210.0001678467
2021-05-05,IWM,224.2799987793,224.5399932861,221.3600006104,222.3999938965,25139500,209.1631469727
2021-05-06,IWM,222.6499938965,222.8099975586,218.6399993896,222.5899963379,27647300,209.3418121338
2021-05-07,IWM,222.6600036621,225.9299926758,222.1600036621,225.3899993896,26172700,211.9751892090
2021-05-10,IWM,225.2299957275,225.6699981689,219.5899963379,219.6600036621,28109100,206.5861968994
2021-05-11,IWM,214.9199981689,220.3899993896,214.4199981689,218.9600067139,39519500,205.9278869629
2021-05-12,IWM,217.1000061035,218.7700042725,211.5399932861,211.8500061035,42113400,199.2410583496
2021-05-13,IWM,213.3099975586,217.4400024414,211.8000030518,215.7500000000,37739900,202.9089050293
2021-05-14,IWM,217.9400024414,221.4100036621,215.6799926758,221.0200042725,25070400,207.8652648926
2021-05-17,IWM,219.7799987793,221.3899993896,217.8999938965,221.3200073242,20048500,208.1473999023
2021-05-18,IWM,221.3899993896,223.2400054932,219.4700012207,219.6399993896,24564500,206.5673828125
2021-05-19,IWM,216.0299987793,218.1600036621,214.0500030518,217.9499969482,31202800,204.9779663086
2021-05-20,IWM,218.2700042725,219.8699951172,216.3300018311,219.3999938965,24932800,206.3417205811
2021-05-21,IWM,221.3300018311,222.3699951172,219.3500061035,219.9700012207,24213700,206.8777923584
2021-05-24,IWM,221.1799926758,222.4499969482,220.0000000000,221.3999938965,18324200,208.2226409912
2021-05-25,IWM,222.2299957275,223.7100067139,219.1900024414,219.2599945068,20514900,206.2099914551
2021-05-26,IWM,220.1300048828,223.6900024414,220.1199951172,223.3500061035,20388200,210.0565795898
2021-05-27,IWM,225.0399932861,226.3600006104,224.1799926758,225.6499938965,21225700,212.2196960449
2021-05-28,IWM,227.0800018311,227.1799926758,225.0500030518,225.5000000000,20668400,212.0786285400
2021-06-01,IWM,227.4600067139,228.5599975586,225.9600067139,228.0599975586,23081500,214.4862518311
2021-06-02,IWM,228.9100036621,228.9199981689,226.8300018311,228.3300018311,18927500,214.7401885986
2021-06-03,IWM,226.8200073242,227.6199951172,224.0399932861,226.4199981689,24811500,212.9438629150
2021-06-04,IWM,227.5599975586,228.0599975586,226.2100067139,227.3999938965,19395800,213.8655090332
2021-06-07,IWM,227.8899993896,230.7799987793,227.2500000000,230.4499969482,24049900,216.7339935303
2021-06-08,IWM,231.2100067139,233.4799957275,229.9799957275,232.8899993896,27770300,219.0287933350
2021-06-09,IWM,233.5399932861,233.6399993896,230.9799957275,231.3399963379,18700600,217.5710449219
2021-06-10,IWM,231.6799926758,232.1799926758,228.7100067139,229.2799987793,29069000,215.9575958252
2021-06-11,IWM,230.3000030518,231.8000030518,230.0700073242,231.6999969482,16707200,218.2369689941
2021-06-14,IWM,232.3099975586,233.3500061035,230.1399993896,231.0200042725,19182800,217.5964660645
2021-06-15,IWM,231.1199951172,231.4700012207,228.4799957275,230.3600006104,17039900,216.9748229980
2021-06-16,IWM,229.6999969482,230.6799926758,227.6399993896,229.8699951172,24527000,216.5132751465
2021-06-17,IWM,229.2400054932,230.1999969482,224.5200042725,227.2899932861,48292500,214.0831909180
2021-06-18,IWM,223.6999969482,225.7400054932,221.1300048828,222.1300048828,54023700,209.2230224609
2021-06-21,IWM,224.0500030518,227.5000000000,223.2799987793,226.8800048828,26736400,213.6970214844
2021-06-22,IWM,226.2700042725,228.4100036621,224.7200012207,227.9100036621,21188500,214.6671752930
2021-06-23,IWM,227.9900054932,229.9600067139,227.9900054932,228.6600036621,22387500,215.3735961914
2021-06-24,IWM,230.1199951172,231.9100036621,228.7200012207,231.8899993896,21732500,218.4158935547
2021-06-25,IWM,232.2899932861,233.4100036621,231.7500000000,232.2799987793,27619000,218.7832489014
2021-06-28,IWM,232.2400054932,232.5899963379,228.7700042725,230.4400024414,25006000,217.0501708984
2021-06-29,IWM,231.2299957275,231.7299957275,228.7700042725,229.3399963379,18844300,216.0140533447
2021-06-30,IWM,228.6499938965,230.3200073242,227.7599945068,229.3699951172,26039000,216.0423278809
2021-07-01,IWM,230.8099975586,231.8500061035,229.7100067139,231.3899993896,18089100,217.9449920654
2021-07-02,IWM,232.0000000000,232.0800018311,228.5599975586,229.1900024414,21029700,215.8728179932
2021-07-06,IWM,229.3600006104,229.4600067139,223.8699951172,225.8600006104,27771300,212.7362976074
2021-07-07,IWM,225.5399932861,226.6699981689,221.8000030518,223.7599945068,28521500,210.7582702637
2021-07-08,IWM,219.3099975586,224.0800018311,217.8500061035,221.6999969482,42297900,208.8179626465
2021-07-09,IWM,224.1600036621,226.4499969482,223.3399963379,226.3800048828,23976400,213.2260894775
2021-07-12,IWM,225.5599975586,226.8899993896,224.5500030518,226.5700073242,16831000,213.4050445557
2021-07-13,IWM,225.2299957275,225.7400054932,222.2200012207,222.3000030518,25357500,209.3831329346
2021-07-14,IWM,223.7100067139,224.3600006104,218.5500030518,218.8699951172,30594100,206.1524658203
2021-07-15,IWM,217.8300018311,219.0599975586,214.9400024414,217.6300048828,45477000,204.9844970703
2021-07-16,IWM,219.8300018311,219.8800048828,214.4700012207,214.9499969482,36620200,202.4602355957
2021-07-19,IWM,210.6300048828,214.4499969482,209.0500030518,211.7299957275,58571000,199.4273223877
2021-07-20,IWM,212.1999969482,219.2700042725,211.2599945068,218.3000030518,40794600,205.6156005859
2021-07-21,IWM,219.4499969482,222.2200012207,219.3600006104,222.0599975586,28278700,209.1570892334
2021-07-22,IWM,221.4700012207,221.9299926758,217.5800018311,218.5299987793,32879000,205.8321838379
2021-07-23,IWM,219.8699951172,219.9499969482,216.9100036621,219.5500030518,23660300,206.7929534912
2021-07-26,IWM,220.3899993896,222.0500030518,219.1499938965,220.1900024414,22194200,207.3957519531
2021-07-27,IWM,219.0099945068,219.0800018311,215.3800048828,217.6199951172,35063600,204.9750518799
2021-07-28,IWM,219.0000000000,222.5899963379,217.3999938965,220.8200073242,33043700,207.9891357422
2021-07-29,IWM,222.7899932861,224.4400024414,222.1399993896,222.5200042725,22634800,209.5903778076
2021-07-30,IWM,221.6499938965,224.0500030518,220.2799987793,221.0500030518,28473000,208.2057800293
2021-08-02,IWM,222.4700012207,224.5500030518,219.6399993896,219.9499969482,24192600,207.1696929932
2021-08-03,IWM,220.6199951172,221.1199951172,217.1000061035,220.8600006104,27798600,208.0268096924
2021-08-04,IWM,219.1000061035,221.1999969482,217.8899993896,218.1100006104,25588500,205.4366302490
2021-08-05,IWM,219.0899963379,222.4400024414,218.6799926758,222.0299987793,23915200,209.1288299561
2021-08-06,IWM,223.7500000000,225.2100067139,222.1399993896,223.3899993896,24429200,210.4098052979
2021-08-09,IWM,222.9199981689,223.1900024414,221.2100067139,222.1600036621,17225600,209.2512817383
2021-08-10,IWM,222.6399993896,223.2200012207,221.1900024414,222.6000061035,22681600,209.6657409668
2021-08-11,IWM,223.0200042725,223.7299957275,220.4700012207,223.6900024414,25691300,210.6924133301
2021-08-12,IWM,223.7599945068,223.8399963379,221.7100067139,223.1600036621,23269500,210.1931762695
2021-08-13,IWM,222.9799957275,223.3000030518,220.6999969482,221.1300048828,20813700,208.2811279297
2021-08-16,IWM,219.7700042725,220.2599945068,217.6499938965,219.0700073242,24074400,206.3408355713
2021-08-17,IWM,216.6600036621,217.4400024414,213.7500000000,216.3999938965,35161500,203.8259429932
2021-08-18,IWM,216.1000061035,218.0399932861,214.3699951172,214.5099945068,29102300,202.0457916260
2021-08-19,IWM,212.4299926758,214.0700073242,210.6799926758,211.9400024414,38119900,199.6251831055
2021-08-20,IWM,212.1000061035,216.0200042725,211.4199981689,215.5200042725,31759500,202.9971008301
2021-08-23,IWM,217.4799957275,219.9400024414,217.4400024414,219.6199951172,25778800,206.8588562012
2021-08-24,IWM,220.3200073242,221.9199981689,219.6900024414,221.7799987793,18677900,208.8934173584
2021-08-25,IWM,221.7700042725,223.9700012207,220.8500061035,222.5599975586,21548000,209.6280822754
2021-08-26,IWM,222.1399993896,223.1600036621,219.7400054932,220.1999969482,22380300,207.4051513672
2021-08-27,IWM,220.6499938965,227.0299987793,220.5700073242,226.4100036621,33998500,213.2543334961
2021-08-30,IWM,227.2500000000,227.3500061035,224.9799957275,225.4799957275,20733300,212.3783721924
2021-08-31,IWM,225.2400054932,226.6100006104,224.3300018311,225.9199981689,20839800,212.7928161621
2021-09-01,IWM,226.8300018311,228.2400054932,224.8699951172,227.4400024414,20451500,214.2245025635
2021-09-02,IWM,228.3300018311,229.8399963379,227.6000061035,229.0200042725,22810100,215.7126770020
2021-09-03,IWM,228.2500000000,228.9700012207,227.1900024414,227.9600067139,18213100,214.7142639160
2021-09-07,IWM,227.7200012207,229.0000000000,226.2500000000,226.3899993896,19153400,213.2354888916
2021-09-08,IWM,225.6100006104,225.9700012207,222.6300048828,223.9199981689,25241500,210.9090118408
2021-09-09,IWM,223.5399932861,226.2899932861,222.9600067139,223.8099975586,27180500,210.8054046631
2021-09-10,IWM,225.1600036621,225.2899932861,221.5200042725,221.6199951172,24366100,208.7426147461
2021-09-13,IWM,223.2100067139,223.3800048828,220.2500000000,222.8800048828,34693100,209.9294281006
2021-09-14,IWM,223.7500000000,223.7700042725,219.0700073242,220.0399932861,30312600,207.2544708252
2021-09-15,IWM,220.0200042725,222.7400054932,219.4600067139,222.0299987793,27572000,209.1288299561
2021-09-16,IWM,222.2599945068,223.3399963379,220.2599945068,222.1900024414,22369000,209.2795257568
2021-09-17,IWM,221.6199951172,223.0299987793,220.6399993896,222.4799957275,39957600,209.5526580811
2021-09-20,IWM,217.4499969482,218.9900054932,214.2200012207,217.1900024414,44958500,204.5700378418
2021-09-21,IWM,218.7700042725,219.2899932861,215.8200073242,217.5200042725,26711200,204.8809051514
2021-09-22,IWM,218.8800048828,222.5500030518,218.8699951172,220.8999938965,32100300,208.0644836426
2021-09-23,IWM,222.1799926758,225.6499938965,221.5599975586,224.8099975586,31057800,211.7473144531
2021-09-24,IWM,223.0200042725,224.3600006104,221.8399963379,223.0500030518,28866000,210.7260284424
2021-09-27,IWM,223.6199951172,227.6799926758,223.5299987793,226.4400024414,29743200,213.9287414551
2021-09-28,IWM,225.4100036621,225.6000061035,220.8500061035,221.2899932861,39938200,209.0632629395
2021-09-29,IWM,222.2700042725,222.6600036621,220.1699981689,220.8200073242,23628900,208.6192474365
2021-09-30,IWM,222.1199951172,222.6100006104,218.6000061035,218.7500000000,33153600,206.6636199951
2021-10-01,IWM,219.9499969482,223.5000000000,217.7400054932,222.2799987793,32647000,209.9985504150
2021-10-04,IWM,222.1399993896,222.3200073242,218.9299926758,220.2599945068,32580200,208.0901794434
2021-10-05,IWM,220.9600067139,223.0599975586,219.8800048828,221.0200042725,20407600,208.8082122803
2021-10-06,IWM,218.7599945068,220.1999969482,216.7599945068,219.8699951172,32893300,207.7217559814
2021-10-07,IWM,221.5299987793,224.9499969482,221.3699951172,223.2599945068,24289300,210.9244384766
2021-10-08,IWM,223.3899993896,224.1100006104,221.5000000000,221.5800018311,17989600,209.3372497559
2021-10-11,IWM,221.8300018311,223.5500030518,220.2500000000,220.3099975586,15929800,208.1374359131
2021-10-12,IWM,220.8500061035,222.4700012207,220.3600006104,221.5200042725,18800600,209.2805786133
2021-10-13,IWM,221.8899993896,222.6999969482,219.8300018311,222.5700073242,19676200,210.2725677490
2021-10-14,IWM,224.7500000000,226.0000000000,224.3200073242,225.8699951172,18160000,213.3902587891
2021-10-15,IWM,227.9799957275,228.4100036621,225.0599975586,225.1600036621,27555300,212.7194519043
2021-10-18,IWM,223.8800048828,225.6799926758,223.7299957275,225.0299987793,19082600,212.5966644287
2021-10-19,IWM,225.9799957275,226.8800048828,224.6100006104,225.8699951172,15498400,213.3902587891
2021-10-20,IWM,225.9700012207,227.9799957275,225.1199951172,227.3699951172,18130500,214.8073577881
2021-10-21,IWM,227.1900024414,229.0099945068,226.6199951172,227.9499969482,17851600,215.3552856445
2021-10-22,IWM,227.8000030518,228.3899993896,225.6900024414,227.4100036621,16887000,214.8451385498
2021-10-25,IWM,227.7899932861,229.9799957275,227.2799987793,229.5700073242,16387100,216.8858184814
2021-10-26,IWM,230.0299987793,230.7200012207,227.8000030518,227.8399963379,25290200,215.2513885498
2021-10-27,IWM,227.1799926758,227.4600067139,223.5000000000,223.6499938965,27088500,211.2928466797
2021-10-28,IWM,224.8000030518,228.2599945068,224.7700042725,228.1100006104,22890600,215.5064392090
2021-10-29,IWM,227.8000030518,228.8300018311,226.9600067139,228.0500030518,20777700,215.4497833252
2021-11-01,IWM,229.2500000000,234.1799926758,228.8899993896,233.9600067139,35500800,221.0332489014
2021-11-02,IWM,234.3800048828,234.8500061035,232.6499938965,234.4499969482,24949700,221.4961700439
2021-11-03,IWM,234.1499938965,239.8099975586,233.9199981689,238.6399993896,47648500,225.4546661377
2021-11-04,IWM,239.4799957275,240.9400024414,237.5599975586,238.5500030518,26514000,225.3696289062
2021-11-05,IWM,241.1699981689,243.3999938965,240.1999969482,241.8099975586,42041700,228.4494934082
2021-11-08,IWM,243.7400054932,244.4600067139,241.9299926758,242.5599975586,31324500,229.1580505371
2021-11-09,IWM,242.0000000000,242.5299987793,239.5399932861,241.1499938965,29895900,227.8259735107
2021-11-10,IWM,240.0800018311,241.5599975586,236.3099975586,237.3500061035,32471600,224.2359161377
2021-11-11,IWM,238.3099975586,240.3800048828,237.6600036621,239.2599945068,17987500,226.0404052734
2021-11-12,IWM,239.9199981689,240.2100067139,238.7400054932,239.5000000000,20526700,226.2671508789
2021-11-15,IWM,240.5700073242,240.7599945068,237.5500030518,238.5500030518,27390000,225.3696289062
2021-11-16,IWM,237.7599945068,239.3699951172,236.9499969482,238.9900054932,21925200,225.7853088379
2021-11-17,IWM,238.0599975586,238.1300048828,235.1300048828,235.8600006104,26527800,222.8282470703
2021-11-18,IWM,236.9199981689,237.0700073242,233.0500030518,234.8600006104,30637300,221.8835144043
2021-11-19,IWM,233.2700042725,234.4199981689,232.3899993896,232.7200012207,33994000,219.8617553711
2021-11-22,IWM,234.2200012207,235.7400054932,231.6199951172,231.7299957275,31042100,218.9264678955
2021-11-23,IWM,231.3899993896,233.0000000000,228.6199951172,231.3300018311,33843800,218.5485687256
2021-11-24,IWM,229.3899993896,231.9900054932,228.5399932861,231.5800018311,24099300,218.7847442627
2021-11-26,IWM,224.9600067139,226.1699981689,219.6399993896,222.8500061035,62595400,210.5370941162
2021-11-29,IWM,226.2200012207,226.7500000000,221.2400054932,222.7100067139,45982400,210.4048309326
2021-11-30,IWM,220.6600036621,221.8600006104,215.8800048828,218.1699981689,64908400,206.1156463623
2021-12-01,IWM,223.1699981689,224.2100067139,213.1499938965,213.2599945068,69120100,201.4769744873
2021-12-02,IWM,214.3699951172,219.9400024414,213.8200073242,219.2100067139,64315700,207.0982055664
2021-12-03,IWM,220.2899932861,220.3800048828,212.7100067139,214.7100067139,64425200,202.8468322754
2021-12-06,IWM,216.5399932861,220.6900024414,213.7100067139,219.0200042725,43878300,206.9187164307
2021-12-07,IWM,222.1399993896,226.0399932861,221.9799957275,224.1000061035,44679200,211.7180480957
2021-12-08,IWM,224.6000061035,226.5399932861,223.0599975586,225.6300048828,36546400,213.1634826660
2021-12-09,IWM,223.9499969482,225.8099975586,220.4799957275,220.5200042725,34830300,208.3358459473
2021-12-10,IWM,222.1999969482,222.8500061035,218.3200073242,219.9100036621,32924600,207.7595520020
2021-12-13,IWM,218.3899993896,219.0500030518,214.7500000000,216.0399932861,33478400,204.7233276367
2021-12-14,IWM,214.5800018311,217.5200042725,213.3099975586,214.1799926758,36543500,202.9607696533
2021-12-15,IWM,214.2100067139,218.1600036621,211.0800018311,217.5800018311,51261000,206.1826934814
2021-12-16,IWM,219.4499969482,219.8999938965,212.2500000000,213.1799926758,52743800,202.0131683350
2021-12-17,IWM,212.1999969482,217.3500061035,210.3000030518,215.1399993896,62620900,203.8704986572
2021-12-20,IWM,212.0899963379,212.9400024414,208.7599945068,212.1199951172,49993000,201.0086975098
2021-12-21,IWM,214.1999969482,218.3899993896,212.0599975586,218.1799926758,38545300,206.7512664795
2021-12-22,IWM,217.8699951172,220.3500061035,217.1300048828,220.2799987793,32442000,208.7412567139
2021-12-23,IWM,221.0500030518,222.8000030518,220.3399963379,222.0399932861,22125400,210.4090728760
2021-12-27,IWM,222.3399963379,224.2400054932,220.6000061035,224.1199951172,24196700,212.3800659180
2021-12-28,IWM,223.7899932861,225.7299957275,222.3500061035,222.7500000000,23120300,211.0818939209
2021-12-29,IWM,222.7200012207,223.4900054932,221.2599945068,222.9900054932,19444400,211.3093414307
2021-12-30,IWM,222.9400024414,225.4299926758,222.6999969482,222.9299926758,23607700,211.2524108887
2021-12-31,IWM,222.4900054932,224.1199951172,222.3899993896,222.4499969482,23997400,210.7975921631
2022-01-03,IWM,223.7100067139,226.6900024414,222.7299957275,225.3200073242,30618800,213.5172424316
2022-01-04,IWM,226.0000000000,227.1300048828,223.3800048828,224.9799957275,22013100,213.1950836182
2022-01-05,IWM,224.8699951172,225.9100036621,217.3200073242,217.3600006104,40582100,205.9742126465
2022-01-06,IWM,217.8200073242,220.4199981689,215.8200073242,218.6000061035,39105900,207.1492614746
2022-01-07,IWM,218.6000061035,220.3800048828,215.9299926758,216.0700073242,31583900,204.7517852783
2022-01-10,IWM,214.7700042725,215.3899993896,211.1100006104,215.3200073242,45778100,204.0410766602
2022-01-11,IWM,215.4799957275,217.8300018311,212.9600067139,217.6100006104,35209900,206.2111206055
2022-01-12,IWM,218.5200042725,219.3800048828,214.6399993896,215.9900054932,35284500,204.6759643555
2022-01-13,IWM,216.8099975586,218.1900024414,213.3800048828,214.0099945068,34489600,202.7996978760
2022-01-14,IWM,211.9900054932,214.3999938965,210.5800018311,214.3099975586,42020900,203.0839538574
2022-01-18,IWM,212.1999969482,212.4400024414,207.5299987793,207.8300018311,49434400,196.9434051514
2022-01-19,IWM,208.8099975586,209.4600067139,204.3800048828,204.4499969482,46209100,193.7404632568
2022-01-20,IWM,205.3800048828,208.9900054932,200.3300018311,200.7500000000,50466000,190.2342681885
2022-01-21,IWM,199.7599945068,203.0200042725,196.9900054932,196.9900054932,85821000,186.6712341309
2022-01-24,IWM,194.0700073242,202.3899993896,191.2299957275,201.5299987793,85782000,190.9734191895
2022-01-25,IWM,198.4799957275,201.6999969482,194.5599975586,198.8399963379,61088500,188.4243011475
2022-01-26,IWM,201.7799987793,203.5500030518,193.7200012207,195.9700012207,71471700,185.7046661377
2022-01-27,IWM,197.6300048828,199.6100006104,190.6000061035,191.5200042725,59829000,181.4877471924
2022-01-28,IWM,191.6999969482,195.3099975586,188.0899963379,195.2500000000,65870000,185.0223999023
2022-01-31,IWM,194.3899993896,201.2400054932,193.8500061035,201.2400054932,53393800,190.6986541748
2022-02-01,IWM,201.6600036621,203.5700073242,197.9700012207,203.3600006104,43429400,192.7075653076
2022-02-02,IWM,203.6199951172,203.8999938965,199.2899932861,201.3399963379,42777800,190.7933654785
2022-02-03,IWM,198.8399963379,201.2400054932,197.0500030518,197.5299987793,39629400,187.1829681396
2022-02-04,IWM,197.0399932861,200.1000061035,194.9199981689,198.3800048828,34291100,187.9884185791
2022-02-07,IWM,198.4299926758,201.1600036621,197.9900054932,199.3600006104,33242600,188.9171142578
2022-02-08,IWM,199.4700012207,203.1199951172,199.3600006104,202.7599945068,28341900,192.1389770508
2022-02-09,IWM,204.5700073242,206.6499938965,204.3000030518,206.6100006104,27329300,195.7873382568
2022-02-10,IWM,202.8999938965,209.0500030518,202.1199951172,203.4400024414,44788100,192.7833862305
2022-02-11,IWM,203.6499938965,206.0599975586,199.6900024414,201.3800048828,41516600,190.8312988281
2022-02-14,IWM,201.6300048828,203.5299987793,199.2400054932,200.6799926758,32262700,190.1679382324
2022-02-15,IWM,202.7799987793,206.3099975586,202.6300048828,206.0599975586,25847500,195.2660980225
2022-02-16,IWM,205.3000030518,207.2700042725,204.0800018311,206.4900054932,30104800,195.6735992432
2022-02-17,IWM,204.5500030518,205.0299987793,200.7799987793,201.1999969482,27140200,190.6607055664
2022-02-18,IWM,201.0299987793,202.7200012207,198.7599945068,199.4700012207,36255400,189.0213165283
2022-02-22,IWM,198.4799957275,200.4499969482,195.3500061035,196.6600036621,31847100,186.3585052490
2022-02-23,IWM,198.2400054932,198.8999938965,192.5500030518,192.9799957275,31491500,182.8712768555
2022-02-24,IWM,188.3200073242,198.4799957275,187.9199981689,198.0399932861,52221100,187.6662139893
2022-02-25,IWM,198.6900024414,202.6199951172,197.0000000000,202.5000000000,33656200,191.8926239014
2022-02-28,IWM,200.4700012207,204.6000061035,200.4600067139,203.3200073242,34975900,192.6696624756
2022-03-01,IWM,202.6600036621,203.7899932861,197.8000030518,199.4900054932,40638900,189.0403137207
2022-03-02,IWM,200.8399963379,205.3000030518,200.6900024414,204.2400054932,29978600,193.5414733887
2022-03-03,IWM,205.0899963379,205.1100006104,200.2899932861,201.8200073242,30142700,191.2482299805
2022-03-04,IWM,199.6999969482,200.8600006104,196.9799957275,198.6600036621,31610400,188.2537689209
2022-03-07,IWM,199.2200012207,199.5899963379,193.6799926758,193.7200012207,39279800,183.5725555420
2022-03-08,IWM,194.3399963379,199.5700073242,193.4600067139,194.7899932861,45715800,184.5864715576
2022-03-09,IWM,198.2200012207,201.0000000000,197.6199951172,200.2799987793,29048000,189.7889251709
2022-03-10,IWM,197.4100036621,200.0399932861,196.5599975586,199.9199981689,25661000,189.4477539062
2022-03-11,IWM,200.7799987793,201.7599945068,196.4400024414,196.7299957275,24990000,186.4248504639
2022-03-14,IWM,197.2400054932,197.4400024414,191.8800048828,192.7100067139,34969500,182.6154327393
2022-03-15,IWM,193.4600067139,195.7899932861,192.8800048828,195.7799987793,25464300,185.5246124268
2022-03-16,IWM,197.5399932861,201.9400024414,196.1499938965,201.9400024414,31869700,191.3619537354
2022-03-17,IWM,200.7700042725,205.2100067139,200.3000030518,205.1100006104,25783100,194.3658905029
2022-03-18,IWM,204.2100067139,207.4499969482,204.0000000000,207.2700042725,37092200,196.4127502441
2022-03-21,IWM,207.1999969482,208.1799926758,203.9400024414,205.4400024414,26747500,194.6786041260
2022-03-22,IWM,206.3099975586,208.7899932861,205.8000030518,207.5000000000,24699900,196.6307067871
2022-03-23,IWM,206.1499938965,207.1999969482,203.7500000000,203.8999938965,19775000,193.2192535400
2022-03-24,IWM,204.3800048828,205.8999938965,202.7299957275,205.8399963379,19781200,195.4410705566
2022-03-25,IWM,206.0899963379,206.6199951172,204.4400024414,206.1199951172,19430400,195.7069244385
2022-03-28,IWM,205.6000061035,206.2100067139,203.0299987793,206.1900024414,18999100,195.7733764648
2022-03-29,IWM,208.0000000000,212.2500000000,207.8800048828,211.7100067139,29550600,201.0145263672
2022-03-30,IWM,211.3699951172,211.7400054932,206.6100006104,207.4600067139,26251500,196.9792327881
2022-03-31,IWM,207.1300048828,208.9100036621,205.1499938965,205.2700042725,26771600,194.8998565674
2022-04-01,IWM,206.1799926758,207.7200012207,205.0099945068,207.5700073242,25948500,197.0836944580
2022-04-04,IWM,207.8699951172,208.4299926758,205.8800048828,207.9100036621,20333900,197.4065093994
2022-04-05,IWM,207.9600067139,209.4400024414,202.5099945068,202.9900054932,26509800,192.7350158691
2022-04-06,IWM,201.2700042725,201.8000030518,198.6799926758,200.1100006104,34903900,190.0005340576
2022-04-07,IWM,200.1100006104,201.2299957275,196.6799926758,199.4600067139,29291200,189.3833923340
2022-04-08,IWM,199.2200012207,200.3099975586,197.5000000000,197.8699951172,25249600,187.8736877441
2022-04-11,IWM,197.1199951172,199.2500000000,195.8800048828,196.5399932861,33702300,186.6109008789
2022-04-12,IWM,198.6999969482,201.6799926758,196.4199981689,197.1600036621,33699800,187.1995697021
2022-04-13,IWM,197.6799926758,201.4499969482,197.6100006104,200.9100036621,22303600,190.7601318359
2022-04-14,IWM,201.1100006104,202.3699951172,198.8699951172,198.9600067139,27107000,188.9086303711
2022-04-18,IWM,198.4600067139,199.1799926758,196.5299987793,197.6199951172,22246400,187.6363677979
2022-04-19,IWM,197.8600006104,202.2400054932,197.6900024414,201.5599975586,22786700,191.3773040771
2022-04-20,IWM,203.0500030518,203.8699951172,201.8600006104,202.3300018311,20516200,192.1083831787
2022-04-21,IWM,204.2299957275,204.8000030518,197.0200042725,197.8000030518,31547700,187.8072509766
2022-04-22,IWM,196.8699951172,197.3699951172,192.2899932861,192.6799926758,35686900,182.9459075928
2022-04-25,IWM,190.9900054932,194.1100006104,189.2100067139,193.8500061035,35556500,184.0568084717
2022-04-26,IWM,192.3200073242,192.7100067139,187.4799957275,187.7400054932,40513600,178.2554931641
2022-04-27,IWM,187.6699981689,189.7799987793,186.2599945068,186.9600067139,37808000,177.5148620605
2022-04-28,IWM,189.1699981689,191.3999938965,184.7100067139,190.4499969482,37405200,180.8285369873
2022-04-29,IWM,189.5899963379,191.7299957275,184.5099945068,184.9499969482,41193400,175.6064453125
2022-05-02,IWM,184.8999938965,187.8200073242,182.3800048828,186.8899993896,38002100,177.4483947754
2022-05-03,IWM,186.9199981689,189.5099945068,185.6799926758,188.4900054932,30246300,178.9675750732
2022-05-04,IWM,189.0500030518,193.9299926758,185.6900024414,193.5200042725,38834700,183.7434692383
2022-05-05,IWM,191.5299987793,191.5599975586,183.3800048828,185.6699981689,41468700,176.2900238037
2022-05-06,IWM,184.9600067139,185.4199981689,180.5500030518,182.5800018311,45457900,173.3561553955
2022-05-09,IWM,179.8600006104,182.6499938965,174.1000061035,174.8999938965,53682200,166.0641174316
2022-05-10,IWM,177.5700073242,178.9100036621,171.1999969482,174.9499969482,53650800,166.1116180420
2022-05-11,IWM,175.1300048828,178.1900024414,170.3000030518,170.6000061035,64377800,161.9813690186
2022-05-12,IWM,169.8300018311,174.3399963379,168.8999938965,172.6000061035,52967400,163.8803253174
2022-05-13,IWM,175.0399932861,179.4100036621,175.0099945068,178.0700073242,36517000,169.0740203857
2022-05-16,IWM,177.5000000000,179.4400024414,176.1399993896,177.2200012207,28225500,168.2669525146
2022-05-17,IWM,180.4100036621,182.8399963379,178.9900054932,182.6399993896,31833700,173.4131317139
2022-05-18,IWM,180.4700012207,181.4100036621,175.1000061035,176.2400054932,36093800,167.3364410400
2022-05-19,IWM,174.8899993896,178.8099975586,174.8899993896,176.5299987793,33627700,167.6117858887
2022-05-20,IWM,178.5000000000,178.9700012207,171.7899932861,176.0800018311,42243700,167.1845397949
2022-05-23,IWM,177.8800048828,178.9600067139,175.5000000000,178.2100067139,24644100,169.2069244385
2022-05-24,IWM,176.5700073242,176.9299926758,172.3300018311,175.5700073242,26861800,166.7002868652
2022-05-25,IWM,174.8800048828,179.7799987793,174.8099975586,178.7299957275,27950100,169.7006225586
2022-05-26,IWM,179.8500061035,183.8000030518,179.6999969482,182.7200012207,25702700,173.4890899658
2022-05-27,IWM,183.7599945068,187.6499938965,183.3999938965,187.6399993896,24952100,178.1605224609
2022-05-31,IWM,186.9100036621,187.6799926758,184.0899963379,185.3099975586,29794500,175.9482116699
2022-06-01,IWM,186.2700042725,186.9400024414,181.7700042725,184.2599945068,28352100,174.9512634277
2022-06-02,IWM,184.5899963379,188.7599945068,184.1699981689,188.7599945068,24876000,179.2239227295
2022-06-03,IWM,187.2899932861,187.9600067139,185.7899932861,187.0599975586,18972100,177.6098022461
2022-06-06,IWM,189.2899932861,189.3099975586,186.8300018311,187.8699951172,24678700,178.3788757324
2022-06-07,IWM,186.4100036621,190.9400024414,185.8999938965,190.8999938965,21661600,181.2558135986
2022-06-08,IWM,189.9600067139,190.6999969482,187.0599975586,187.9499969482,21521700,178.4548492432
2022-06-09,IWM,186.5500030518,187.0700073242,183.5299987793,183.5700073242,21697200,174.7554626465
2022-06-10,IWM,180.5099945068,181.5500030518,177.6499938965,178.5899963379,37153600,170.0145874023
2022-06-13,IWM,173.6300048828,174.9600067139,169.2899932861,170.1999969482,39712700,162.0274200439
2022-06-14,IWM,170.6699981689,171.2400054932,167.7400054932,169.3800048828,30282400,161.2468566895
2022-06-15,IWM,171.2100067139,174.0599975586,168.6600036621,171.8600006104,32150500,163.6077575684
2022-06-16,IWM,167.8399963379,168.4199981689,162.7799987793,163.8999938965,43810600,156.0299530029
2022-06-17,IWM,164.4799957275,167.5200042725,163.6999969482,165.1799926758,40327300,157.2485198975
2022-06-21,IWM,167.9799957275,170.0800018311,166.8099975586,168.1399993896,34665400,160.0663604736
2022-06-22,IWM,165.9600067139,169.2599945068,165.3699951172,167.8200073242,29303500,159.7617340088
2022-06-23,IWM,168.1900024414,170.2299957275,166.5500030518,169.8300018311,27089800,161.6752166748
2022-06-24,IWM,171.2200012207,175.1000061035,170.8999938965,175.0899963379,37138500,166.6826477051
2022-06-27,IWM,175.6699981689,176.9900054932,174.1799926758,175.7400054932,24745400,167.3014221191
2022-06-28,IWM,176.9299926758,178.1499938965,172.3500061035,172.4400024414,25909200,164.1598815918
2022-06-29,IWM,172.5500030518,172.6999969482,168.9700012207,170.6900024414,21292500,162.4939270020
2022-06-30,IWM,168.1999969482,171.3099975586,166.7599945068,169.3600006104,31466300,161.2277679443
2022-07-01,IWM,169.0500030518,171.8399963379,167.6600036621,171.4100036621,24598600,163.1793823242
2022-07-05,IWM,168.6799926758,172.8999938965,166.7299957275,172.8300018311,25151100,164.5311889648
2022-07-06,IWM,172.4499969482,173.7100067139,169.7500000000,171.5500030518,25697600,163.3126220703
2022-07-07,IWM,172.8600006104,175.9799957275,172.8500061035,175.6100006104,24822500,167.1776733398
2022-07-08,IWM,175.0700073242,176.9900054932,173.6499938965,175.5899963379,20547000,167.1586303711
2022-07-11,IWM,174.2599945068,174.9700012207,171.6000061035,172.0599975586,22031500,163.7981262207
2022-07-12,IWM,171.5399932861,173.3600006104,170.5599975586,171.4700012207,23864200,163.2364501953
2022-07-13,IWM,169.1499938965,172.2799987793,168.7899932861,171.3200073242,25535600,163.0937042236
2022-07-14,IWM,168.6799926758,170.0000000000,167.0200042725,169.5599975586,25102200,161.4181671143
2022-07-15,IWM,171.5399932861,173.3500061035,169.3099975586,173.0899963379,34935900,164.7786712646
2022-07-18,IWM,175.1300048828,176.2899932861,172.0599975586,172.6000061035,23031500,164.3122558594
2022-07-19,IWM,174.7500000000,178.8899993896,174.6600036621,178.6900024414,24234600,170.1097717285
2022-07-20,IWM,178.6499938965,181.8099975586,178.3999938965,181.4900054932,26049300,172.7753295898
2022-07-21,IWM,180.4499969482,182.5000000000,178.8500061035,182.4199981689,21709900,173.6606750488
2022-07-22,IWM,182.8800048828,183.2500000000,178.0500030518,179.5099945068,25116100,170.8904266357
2022-07-25,IWM,180.0500030518,180.9199981689,178.4299926758,180.4400024414,19267200,171.7757568359
2022-07-26,IWM,179.7799987793,180.2100067139,178.5399932861,179.3300018311,19391200,170.7190856934
2022-07-27,IWM,180.4799957275,184.2500000000,180.0000000000,183.4100036621,21670700,174.6031646729
2022-07-28,IWM,184.3200073242,186.1399993896,181.7599945068,185.9299926758,22838500,177.0021514893
2022-07-29,IWM,186.0399932861,187.7299957275,185.0399932861,187.2500000000,21760600,178.2587280273
2022-08-01,IWM,185.7899932861,188.3200073242,184.2200012207,187.1799926758,23905600,178.1920928955
2022-08-02,IWM,186.4700012207,189.0200042725,185.4799957275,187.0000000000,17492600,178.0207519531
2022-08-03,IWM,188.3000030518,190.1499938965,187.6399993896,189.7500000000,19157700,180.6387176514
2022-08-04,IWM,189.8399963379,190.0399932861,188.4400024414,189.3500061035,14838900,180.2579345703
2022-08-05,IWM,187.4700012207,191.0200042725,187.1699981689,190.8000030518,18540300,181.6383056641
2022-08-08,IWM,192.1499938965,194.6300048828,191.8899993896,192.8200073242,22188700,183.5612945557
2022-08-09,IWM,192.0399932861,192.1699981689,189.1600036621,190.1900024414,18247300,181.0576019287
2022-08-10,IWM,193.6300048828,195.9499969482,193.1100006104,195.6199951172,20796400,186.2268524170
2022-08-11,IWM,197.4199981689,199.5299987793,196.0399932861,196.3500061035,23727600,186.9217834473
2022-08-12,IWM,197.3500061035,200.4299926758,196.5800018311,200.3600006104,21726600,190.7392425537
2022-08-15,IWM,198.8000030518,201.1600036621,198.2200012207,201.0700073242,17414800,191.4151611328
2022-08-16,IWM,200.5000000000,201.9900054932,199.0299987793,200.9900054932,18833100,191.3390197754
2022-08-17,IWM,198.7200012207,199.3300018311,196.3800048828,197.6100006104,22428000,188.1213226318
2022-08-18,IWM,197.8800048828,199.2500000000,196.8999938965,198.9199981689,18368100,189.3684082031
2022-08-19,IWM,196.8300018311,197.1100006104,194.0700073242,194.6499938965,27416400,185.3034362793
2022-08-22,IWM,191.9900054932,192.3500061035,190.0099945068,190.6399993896,22937000,181.4859924316
2022-08-23,IWM,190.9400024414,192.9299926758,190.3899993896,190.9499969482,20069800,181.7811126709
2022-08-24,IWM,190.7899932861,193.3000030518,190.1600036621,192.4100036621,16038300,183.1710052490
2022-08-25,IWM,193.3800048828,195.4499969482,192.9799957275,195.3999938965,14795000,186.0174102783
2022-08-26,IWM,195.3399963379,195.4400024414,188.6600036621,188.9799957275,24177200,179.9056854248
2022-08-29,IWM,186.9499969482,188.9900054932,186.5200042725,187.2400054932,19753300,178.2492523193
2022-08-30,IWM,187.8200073242,188.0099945068,183.5399932861,184.6199951172,22548900,175.7550659180
2022-08-31,IWM,184.9400024414,185.7400054932,183.1900024414,183.5000000000,22412500,174.6888275146
2022-09-01,IWM,181.7799987793,181.8899993896,178.8999938965,181.5000000000,30706600,172.7848815918
2022-09-02,IWM,183.6000061035,183.9499969482,179.1399993896,180.0899963379,27468200,171.4425811768
2022-09-06,IWM,180.7100067139,181.0800018311,177.5000000000,178.3099975586,23837100,169.7480163574
2022-09-07,IWM,177.9700012207,182.4700012207,177.9299926758,182.1900024414,24781200,173.4417114258
2022-09-08,IWM,180.6900024414,183.7899932861,179.6199951172,183.7100067139,25273200,174.8887481689
2022-09-09,IWM,185.3399963379,187.6300048828,185.1000061035,187.3999938965,23208800,178.4015655518
2022-09-12,IWM,188.6000061035,189.8600006104,187.9700012207,189.6699981689,23134600,180.5625610352
2022-09-13,IWM,184.8600006104,185.9100036621,181.5399932861,182.2500000000,34144700,173.4988250732
2022-09-14,IWM,182.5700073242,183.3200073242,180.5700073242,182.9600067139,25278300,174.1747436523
2022-09-15,IWM,181.9199981689,184.6900024414,180.8600006104,181.6300048828,25378700,172.9085998535
2022-09-16,IWM,179.0899963379,179.6799926758,176.9100036621,178.9900054932,41155900,170.3954162598
2022-09-19,IWM,177.0099945068,180.7500000000,176.9600067139,180.5200042725,25412200,171.8519134521
2022-09-20,IWM,178.7700042725,178.9400024414,176.7100067139,178.0599975586,22247500,169.5100402832
2022-09-21,IWM,179.3699951172,181.1000061035,175.3300018311,175.3399963379,29357100,166.9206695557
2022-09-22,IWM,175.0000000000,175.5800018311,170.7400054932,171.3899993896,33468600,163.1603088379
2022-09-23,IWM,169.0000000000,169.1900024414,165.0000000000,167.3099975586,40336900,159.2762298584
2022-09-26,IWM,165.4700012207,168.9700012207,163.5800018311,164.1699981689,30597800,157.0954284668
2022-09-27,IWM,166.3099975586,167.6300048828,163.2799987793,164.7299957275,42406600,157.6313323975
2022-09-28,IWM,165.7599945068,170.9900054932,165.0700073242,169.9400024414,35186500,162.6167907715
2022-09-29,IWM,167.7799987793,167.9299926758,163.8000030518,166.1300048828,31464000,158.9709625244
2022-09-30,IWM,165.7799987793,169.5200042725,164.8699951172,164.9199981689,40643800,157.8131103516
2022-10-03,IWM,167.3399963379,170.3000030518,165.2500000000,169.2899932861,33611600,161.9947814941
2022-10-04,IWM,172.6100006104,176.0800018311,172.5299987793,176.0000000000,37537300,168.4156036377
2022-10-05,IWM,173.4100036621,175.3300018311,171.4199981689,174.6999969482,25281400,167.1716461182
2022-10-06,IWM,173.8500061035,176.1699981689,172.9100036621,173.7200012207,22635900,166.2339019775
2022-10-07,IWM,171.9299926758,172.4700012207,167.9199981689,168.6100006104,26536100,161.3441009521
2022-10-10,IWM,169.2899932861,169.5700073242,166.5899963379,167.6699981689,23386400,160.4446258545
2022-10-11,IWM,166.9600067139,170.1100006104,164.8000030518,167.7200012207,28009100,160.4924621582
2022-10-12,IWM,167.8999938965,168.4600067139,165.4799957275,167.2599945068,26796700,160.0522613525
2022-10-13,IWM,164.0000000000,172.1999969482,162.5000000000,171.3999938965,45376500,164.0138702393
2022-10-14,IWM,172.7400054932,173.9199981689,166.7100067139,166.8099975586,29608600,159.6217041016
2022-10-17,IWM,170.2200012207,172.6199951172,170.1100006104,172.1300048828,28199200,164.7124023438
2022-10-18,IWM,175.8600006104,177.2899932861,172.6900024414,174.1699981689,34523100,166.6645202637
2022-10-19,IWM,172.4900054932,173.3999938965,169.3300018311,171.2100067139,27146900,163.8320770264
2022-10-20,IWM,171.4199981689,173.5500030518,168.4700012207,169.0299987793,26710700,161.7460021973
2022-10-21,IWM,169.3999938965,173.1999969482,168.1900024414,172.6999969482,45402700,165.2578430176
2022-10-24,IWM,173.3200073242,174.0000000000,171.0500030518,173.4400024414,27284500,165.9659576416
2022-10-25,IWM,173.5700073242,178.8999938965,173.5599975586,178.1699981689,33105700,170.4921264648
2022-10-26,IWM,179.1499938965,182.3699951172,178.3300018311,179.0500030518,37084700,171.3341979980
2022-10-27,IWM,180.5899963379,182.0000000000,178.8699951172,179.0899963379,28651800,171.3724975586
2022-10-28,IWM,179.8300018311,183.4100036621,178.7400054932,183.1600036621,33221600,175.2671203613
2022-10-31,IWM,182.2700042725,184.2400054932,181.5500030518,183.3300018311,25699400,175.4297790527
2022-11-01,IWM,185.2400054932,185.6000061035,182.8800048828,183.5800018311,27446700,175.6690063477
2022-11-02,IWM,182.8399963379,185.0000000000,177.4299926758,177.4900054932,38139600,169.8414154053
2022-11-03,IWM,175.2899932861,177.9400024414,174.1100006104,176.3000030518,29093200,168.7027130127
2022-11-04,IWM,178.9199981689,179.9400024414,175.4700012207,178.6799926758,25842400,170.9801788330
2022-11-07,IWM,179.7400054932,180.5899963379,177.6799926758,179.4900054932,20689900,171.7552490234
2022-11-08,IWM,180.2299957275,181.9499969482,177.3600006104,179.5599975586,20265200,171.8222045898
2022-11-09,IWM,178.0000000000,178.6699981689,174.2799987793,174.6300048828,27277000,167.1046752930
2022-11-10,IWM,181.8500061035,185.4499969482,181.1499938965,185.3800048828,38572800,177.3914337158
2022-11-11,IWM,185.7599945068,188.8399963379,185.6900024414,186.8999938965,28765400,178.8459014893
2022-11-14,IWM,185.7899932861,187.7899932861,184.6300048828,184.8099975586,26499600,176.8459777832
2022-11-15,IWM,187.8399963379,189.5599975586,186.1100006104,187.5500030518,26128800,179.4679107666
2022-11-16,IWM,186.6000061035,186.6399993896,183.7100067139,184.2500000000,24802000,176.3101348877
2022-11-17,IWM,181.6199951172,182.9499969482,180.5099945068,182.5399932861,20835700,174.6738128662
2022-11-18,IWM,184.5899963379,185.3099975586,182.5700073242,183.7200012207,27269100,175.8029479980
2022-11-21,IWM,182.7799987793,183.1900024414,181.4299926758,182.7599945068,19038900,174.8843078613
2022-11-22,IWM,183.7400054932,184.9400024414,182.3300018311,184.7100067139,16869700,176.7503204346
2022-11-23,IWM,184.2899932861,185.7799987793,183.5500030518,185.1900024414,19758800,177.2096405029
2022-11-25,IWM,185.0899963379,186.3699951172,184.6600036621,185.5800018311,13393400,177.5828399658
2022-11-28,IWM,184.1300048828,184.9199981689,181.2899932861,181.8399963379,17465600,174.0039672852
2022-11-29,IWM,181.9600067139,183.6100006104,181.9600067139,182.3699951172,14020600,174.5111236572
2022-11-30,IWM,182.6699981689,187.4299926758,180.8000030518,187.3699951172,28030100,179.2956542969
2022-12-01,IWM,188.1499938965,189.2400054932,186.1300048828,186.9600067139,21996400,178.9033660889
2022-12-02,IWM,184.3699951172,188.8600006104,184.3300018311,188.0500030518,22574800,179.9463500977
2022-12-05,IWM,186.8600006104,187.0599975586,182.1799926758,182.8699951172,25449300,174.9895782471
2022-12-06,IWM,182.8800048828,182.9799957275,179.0800018311,180.0700073242,18502100,172.3102264404
2022-12-07,IWM,179.7500000000,181.5000000000,179.1100006104,179.5399932861,17177800,171.8031005859
2022-12-08,IWM,180.7700042725,182.6300048828,179.5099945068,180.8399963379,20971400,173.0470886230
2022-12-09,IWM,179.7700042725,180.8099975586,178.5599975586,178.6199951172,22046500,170.9227294922
2022-12-12,IWM,178.8500061035,181.0899963379,178.0000000000,180.7200012207,22765400,172.9322204590
2022-12-13,IWM,185.7299957275,186.6399993896,180.1399993896,181.3800048828,38445300,174.3646087646
2022-12-14,IWM,181.3099975586,182.9100036621,178.8300018311,180.1900024414,32406900,173.2206420898
2022-12-15,IWM,178.0299987793,178.6000061035,175.0399932861,175.6799926758,33546700,168.8850860596
2022-12-16,IWM,173.8000030518,175.1100006104,172.6699981689,174.3699951172,38502400,167.6257324219
2022-12-19,IWM,174.6100006104,175.0500030518,171.4700012207,172.0099945068,25614000,165.3569946289
2022-12-20,IWM,171.6699981689,174.0200042725,171.1799926758,172.9199981689,18050800,166.2318267822
2022-12-21,IWM,174.4499969482,176.8000030518,174.1999969482,175.8999938965,22997200,169.0965728760
2022-12-22,IWM,174.3300018311,174.4900054932,170.6699981689,173.6000061035,21297600,166.8855285645
2022-12-23,IWM,173.4799957275,174.4499969482,172.3399963379,174.3899993896,11647700,167.6449890137
2022-12-27,IWM,174.3600006104,174.5700073242,172.5800018311,173.2200012207,13553800,166.5202331543
2022-12-28,IWM,173.1799926758,174.1000061035,170.3399963379,170.5299987793,19648000,163.9342498779
2022-12-29,IWM,171.7200012207,175.2500000000,171.3999938965,174.8500061035,22311300,168.0871734619
2022-12-30,IWM,173.3399963379,174.7200012207,172.6100006104,174.3600006104,21275600,167.6161193848
2023-01-03,IWM,175.9299926758,177.3200073242,171.8999938965,173.3999938965,22503800,166.6932525635
2023-01-04,IWM,174.6199951172,176.6699981689,174.2799987793,175.5599975586,22973500,168.7697143555
2023-01-05,IWM,174.5899963379,174.7599945068,172.3899993896,173.6799926758,17032600,166.9624328613
2023-01-06,IWM,175.3000030518,178.0399932861,173.8699951172,177.5800018311,21986900,170.7115783691
2023-01-09,IWM,179.0099945068,180.1199951172,177.6499938965,177.8800048828,18366500,170.9999847412
2023-01-10,IWM,177.6600036621,180.6199951172,177.3000030518,180.5099945068,18751100,173.5282135010
2023-01-11,IWM,181.2599945068,182.7899932861,180.6799926758,182.7599945068,18222700,175.6912078857
2023-01-12,IWM,183.5700073242,185.9499969482,181.9199981689,185.8300018311,29650800,178.6424865723
2023-01-13,IWM,184.5000000000,187.3399963379,184.3300018311,187.0500030518,22120000,179.8153076172
2023-01-17,IWM,187.0000000000,187.8399963379,186.2400054932,186.8200073242,22422600,179.5942230225
2023-01-18,IWM,187.4499969482,188.9600067139,183.6999969482,183.8000030518,23507800,176.6909942627
2023-01-19,IWM,182.7299957275,183.1000061035,180.7799987793,182.0399932861,24624500,174.9990692139
2023-01-20,IWM,182.7100067139,185.1499938965,181.2700042725,185.0399932861,36070300,177.8830566406
2023-01-23,IWM,185.4299926758,188.1199951172,184.5800018311,187.3300018311,20329900,180.0844726562
2023-01-24,IWM,186.5899963379,187.8300018311,185.8800048828,186.9299926758,19263500,179.6999664307
2023-01-25,IWM,185.4100036621,187.5099945068,183.8699951172,187.4499969482,18174600,180.1998443604
2023-01-26,IWM,188.9799957275,189.8500061035,186.2899932861,188.5599975586,18369100,181.2669067383
2023-01-27,IWM,187.9799957275,190.3000030518,187.7899932861,189.5800018311,20019900,182.2474212646
2023-01-30,IWM,187.8399963379,189.6100006104,186.8300018311,186.9400024414,18395100,179.7095489502
2023-01-31,IWM,187.4199981689,191.5800018311,187.3800048828,191.4799957275,21567900,184.0739440918
2023-02-01,IWM,191.1900024414,196.1900024414,190.1300048828,194.4900054932,27007300,186.9675598145
2023-02-02,IWM,196.0099945068,199.2599945068,194.3500061035,198.3200073242,31020400,190.6493988037
2023-02-03,IWM,196.1100006104,199.1300048828,195.6999969482,196.9900054932,24981500,189.3708648682
2023-02-06,IWM,195.6499938965,196.3800048828,193.3699951172,194.1399993896,18160100,186.6311035156
2023-02-07,IWM,193.4100036621,196.1000061035,191.6499938965,195.5800018311,27074100,188.0153961182
2023-02-08,IWM,194.3600006104,195.3699951172,192.1999969482,192.7200012207,17933500,185.2660217285
2023-02-09,IWM,194.2299957275,195.1199951172,189.4299926758,189.9299926758,20516600,182.5839080811
2023-02-10,IWM,189.2799987793,190.6300048828,188.5299987793,190.3099975586,15248700,182.9492187500
2023-02-13,IWM,190.5099945068,192.8600006104,189.3099975586,192.6000061035,15754400,185.1506500244
2023-02-14,IWM,191.2799987793,193.9499969482,190.0800018311,192.5099945068,21889600,185.0641174316
2023-02-15,IWM,190.9799957275,194.5500030518,190.5299987793,194.4600067139,18721200,186.9387207031
2023-02-16,IWM,191.8000030518,194.8699951172,191.2500000000,192.6000061035,21366300,185.1506500244
2023-02-17,IWM,191.8800048828,193.3699951172,190.9700012207,193.1300048828,23892200,185.6601562500
2023-02-21,IWM,190.7500000000,191.3399963379,187.2400054932,187.4299926758,26004000,180.1806030273
2023-02-22,IWM,187.8300018311,189.1499938965,186.7500000000,187.9400024414,24651700,180.6708984375
2023-02-23,IWM,189.3500061035,190.3000030518,186.6999969482,189.2799987793,21311700,181.9590606689
2023-02-24,IWM,186.6499938965,187.7799987793,185.7799987793,187.5099945068,24280700,180.2575225830
2023-02-27,IWM,189.1300048828,190.1999969482,187.6000061035,188.1699981689,17562900,180.8919677734
2023-02-28,IWM,188.1199951172,190.0200042725,188.0700073242,188.1799926758,19542600,180.9015960693
2023-03-01,IWM,188.1900024414,189.4900054932,187.1900024414,188.4199981689,22532800,181.1323394775
2023-03-02,IWM,186.8600006104,189.3000030518,186.1199951172,188.8699951172,18104400,181.5648803711
2023-03-03,IWM,189.6699981689,191.9299926758,188.4199981689,191.5000000000,22774300,184.0931854248
2023-03-06,IWM,191.5599975586,191.7400054932,187.8999938965,188.6999969482,23266700,181.4014892578
2023-03-07,IWM,188.6499938965,189.0700073242,186.2200012207,186.5099945068,25865700,179.2961883545
2023-03-08,IWM,186.7899932861,187.6100006104,185.1199951172,186.6000061035,22505900,179.3827056885
2023-03-09,IWM,186.7299957275,187.2700042725,181.2799987793,181.4100036621,33546900,174.3934631348
2023-03-10,IWM,180.3899993896,180.3899993896,174.2599945068,176.1799926758,69274200,169.3657226562
2023-03-13,IWM,172.5200042725,176.3999938965,171.0700073242,173.3099975586,74171500,166.6067657471
2023-03-14,IWM,178.6000061035,179.2599945068,174.6100006104,176.5200042725,48946200,169.6925659180
2023-03-15,IWM,171.9299926758,173.9100036621,170.3800048828,173.6100006104,54405800,166.8951416016
2023-03-16,IWM,171.4700012207,177.3800048828,170.5000000000,175.9799957275,52392300,169.1734924316
2023-03-17,IWM,174.0399932861,174.7599945068,170.8600006104,171.2299957275,70239900,164.6071777344
2023-03-20,IWM,173.0500030518,175.3699951172,172.5299987793,173.4499969482,46103200,166.7413330078
2023-03-21,IWM,176.5500030518,178.1799926758,175.9600067139,176.6499938965,34465900,169.8175506592
2023-03-22,IWM,176.5200042725,177.3500061035,171.5299987793,171.6399993896,56098200,165.0013275146
2023-03-23,IWM,172.2799987793,174.3899993896,168.7100067139,170.2500000000,47720900,164.2689971924
2023-03-24,IWM,168.7500000000,172.1100006104,167.4600067139,171.7899932861,47519700,165.7549133301
2023-03-27,IWM,173.8399963379,174.7299957275,172.3600006104,173.6999969482,33880600,167.5978088379
2023-03-28,IWM,173.1000061035,174.5099945068,172.6900024414,173.4499969482,28555100,167.3565673828
2023-03-29,IWM,175.3399963379,175.5500030518,173.5700073242,175.4199981689,25564800,169.2573699951
2023-03-30,IWM,176.8800048828,177.3099975586,174.4499969482,175.1799926758,26728600,169.0257873535
2023-03-31,IWM,176.3999938965,178.6399993896,176.3699951172,178.3999938965,39602900,172.1326599121
2023-04-03,IWM,178.9499969482,179.7799987793,176.4900054932,178.4799957275,27609000,172.2098846436
2023-04-04,IWM,178.9199981689,179.1000061035,174.3200073242,175.3500061035,33487200,169.1898193359
2023-04-05,IWM,174.2500000000,174.8300018311,172.5299987793,173.6300048828,28247300,167.5302581787
2023-04-06,IWM,173.7200012207,174.4600067139,172.6799926758,173.8899993896,26366300,167.7811126709
2023-04-10,IWM,173.0700073242,175.8800048828,173.0299987793,175.7500000000,22237800,169.5757598877
2023-04-11,IWM,176.5700073242,177.9700012207,176.1199951172,177.1399993896,21876200,170.9169158936
2023-04-12,IWM,178.8200073242,178.9799957275,175.5800018311,175.8399963379,27018100,169.6625823975
2023-04-13,IWM,176.5399932861,178.6900024414,175.9299926758,178.1699981689,23259900,171.9107666016
2023-04-14,IWM,178.3300018311,179.2200012207,175.3399963379,176.5099945068,29600400,170.3090820312
2023-04-17,IWM,176.9700012207,178.8600006104,176.7500000000,178.7799987793,22177300,172.4993133545
2023-04-18,IWM,179.5899963379,179.6300048828,176.9400024414,178.0200042725,22873100,171.7660522461
2023-04-19,IWM,177.0800018311,178.7899932861,176.5800018311,178.2500000000,19306800,171.9879455566
2023-04-20,IWM,177.1499938965,178.4299926758,176.5200042725,177.3300018311,20336300,171.1002807617
2023-04-21,IWM,177.8099975586,177.9600067139,175.8600006104,177.5599975586,25972800,171.3221893311
2023-04-24,IWM,177.3800048828,178.4499969482,176.5000000000,177.4400024414,17781000,171.2064056396
2023-04-25,IWM,175.6300048828,175.9400024414,173.0099945068,173.0599975586,28857900,166.9802703857
2023-04-26,IWM,172.2299957275,173.3999938965,171.0000000000,171.3899993896,30309800,165.3689575195
2023-04-27,IWM,172.0299987793,173.8600006104,170.9400024414,173.6799926758,33424100,167.5784759521
2023-04-28,IWM,173.2899932861,175.8300018311,173.1799926758,175.1999969482,31911900,169.0451049805
2023-05-01,IWM,175.0000000000,177.3399963379,174.7599945068,175.3000030518,27420100,169.1416015625
2023-05-02,IWM,174.3999938965,174.4499969482,169.9199981689,171.6999969482,40851100,165.6680450439
2023-05-03,IWM,172.2200012207,175.6999969482,172.1900024414,172.3300018311,43261400,166.2759246826
2023-05-04,IWM,171.3200073242,171.5599975586,168.7799987793,170.3999938965,42382100,164.4136962891
2023-05-05,IWM,173.2899932861,175.1000061035,173.1000061035,174.4499969482,35456800,168.3214416504
2023-05-08,IWM,175.2599945068,175.5500030518,173.1300048828,174.0500030518,22109900,167.9354858398
2023-05-09,IWM,172.9799957275,174.2700042725,172.1600036621,173.5299987793,21465500,167.4337615967
2023-05-10,IWM,175.9600067139,176.0200042725,172.7200012207,174.4100036621,27281900,168.2828674316
2023-05-11,IWM,173.2200012207,173.7799987793,172.1100006104,173.0700073242,25884600,166.9899291992
2023-05-12,IWM,173.6499938965,174.2100067139,171.6499938965,172.7200012207,20406400,166.6522064209
2023-05-15,IWM,173.3099975586,175.7100067139,172.8200073242,174.8300018311,24310000,168.6881103516
2023-05-16,IWM,173.6100006104,174.8099975586,172.2299957275,172.2799987793,24212900,166.2276763916
2023-05-17,IWM,173.4299926758,176.5000000000,172.1600036621,176.1199951172,38231600,169.9328002930
2023-05-18,IWM,175.5599975586,177.5700073242,175.0200042725,177.1900024414,30446600,170.9651641846
2023-05-19,IWM,178.5099945068,178.8899993896,175.2500000000,176.1100006104,34316300,169.9231567383
2023-05-22,IWM,176.6199951172,179.0200042725,176.0399932861,178.2599945068,28207200,171.9975738525
2023-05-23,IWM,177.9100036621,180.5299987793,177.3800048828,177.4199981689,32708900,171.1870880127
2023-05-24,IWM,176.5500030518,176.7400054932,174.6699981689,175.5399932861,28744200,169.3731536865
2023-05-25,IWM,175.2500000000,175.5299987793,172.6999969482,174.1699981689,36202600,168.0512847900
2023-05-26,IWM,174.3000030518,176.3800048828,174.0200042725,176.1499938965,29841300,169.9617309570
2023-05-30,IWM,176.7100067139,177.5500030518,174.7599945068,175.5000000000,25572600,169.3345642090
2023-05-31,IWM,174.6900024414,176.0099945068,172.3600006104,173.7700042725,34598800,167.6653289795
2023-06-01,IWM,173.8600006104,176.2400054932,172.9299926758,175.6499938965,27800900,169.4792633057
2023-06-02,IWM,178.0099945068,182.0899963379,177.4499969482,182.0200042725,50212400,175.6255035400
2023-06-05,IWM,181.2599945068,181.2599945068,178.4400024414,179.5800018311,34465800,173.2712249756
2023-06-06,IWM,178.9299926758,184.9600067139,178.9299926758,184.3099975586,58584500,177.8350372314
2023-06-07,IWM,184.9600067139,187.7700042725,184.9600067139,187.2400054932,60685600,181.1624450684
2023-06-08,IWM,186.7500000000,187.3800048828,184.9100036621,186.5399932861,34185000,180.4851684570
2023-06-09,IWM,186.3200073242,186.6100006104,184.4499969482,185.0299987793,30242200,179.0241851807
2023-06-12,IWM,185.2299957275,186.6799926758,184.2200012207,185.8000030518,26580500,179.7691650391
2023-06-13,IWM,186.4400024414,188.9799957275,186.2700042725,187.9299926758,35758200,181.8300323486
2023-06-14,IWM,188.3200073242,189.2400054932,184.5500030518,185.9100036621,37114100,179.8756103516
2023-06-15,IWM,185.0800018311,187.5700073242,184.9100036621,187.4400024414,36488400,181.3559265137
2023-06-16,IWM,187.9499969482,188.5500030518,185.0899963379,185.9400024414,50684500,179.9046173096
2023-06-20,IWM,185.1600036621,185.5700073242,183.7599945068,185.1300048828,33269300,179.1209259033
2023-06-21,IWM,184.4400024414,185.9100036621,183.5899963379,184.6999969482,30730200,178.7048645020
2023-06-22,IWM,184.1999969482,184.2500000000,182.4900054932,183.3300018311,27063700,177.3793487549
2023-06-23,IWM,180.7700042725,182.4100036621,180.0500030518,180.5700073242,50610100,174.7089691162
2023-06-26,IWM,180.4400024414,182.7400054932,180.3699951172,180.7500000000,31507900,174.8830871582
2023-06-27,IWM,181.1999969482,183.9900054932,180.3999938965,183.3600006104,28818800,177.4083709717
2023-06-28,IWM,182.9900054932,184.4199981689,182.1199951172,184.2599945068,23187600,178.2791748047
2023-06-29,IWM,184.7200012207,187.0800018311,184.4299926758,186.3800048828,32084100,180.3303375244
2023-06-30,IWM,188.2599945068,188.4299926758,186.9100036621,187.2700042725,30287300,181.1914520264
2023-07-03,IWM,186.9100036621,188.8399963379,186.7400054932,187.6499938965,14011900,181.5590972900
2023-07-05,IWM,187.1300048828,187.2100067139,185.4400024414,185.7799987793,24092100,179.7498321533
2023-07-06,IWM,183.6300048828,183.7100067139,180.7200012207,182.7799987793,39080800,176.8471984863
2023-07-07,IWM,182.9799957275,186.4900054932,182.9299926758,184.7100067139,31706700,178.7145690918
2023-07-10,IWM,184.5800018311,188.0500030518,184.1600036621,187.8699951172,29725100,181.7719573975
2023-07-11,IWM,188.4799957275,190.0800018311,187.6900024414,189.8000030518,26738800,183.6393432617
2023-07-12,IWM,192.7599945068,193.0500030518,191.3699951172,191.8699951172,40127300,185.6421508789
2023-07-13,IWM,192.5099945068,193.6900024414,191.8000030518,193.4199981689,23523000,187.1417999268
2023-07-14,IWM,193.3399963379,193.4900054932,190.2899932861,191.5299987793,32198600,185.3132171631
2023-07-17,IWM,191.3399963379,194.3600006104,191.1399993896,193.5800018311,23283700,187.2966613770
2023-07-18,IWM,193.6999969482,196.3899993896,193.4900054932,195.9700012207,28489800,189.6091003418
2023-07-19,IWM,196.6999969482,197.6600036621,195.9299926758,196.8000030518,23679000,190.4121398926
2023-07-20,IWM,196.9400024414,196.9400024414,194.2700042725,195.0800018311,27278100,188.7479705811
2023-07-21,IWM,196.3899993896,196.6199951172,194.0899963379,194.4600067139,28982400,188.1480865479
2023-07-24,IWM,194.5599975586,196.2599945068,193.9900054932,194.9400024414,16929800,188.6125488281
2023-07-25,IWM,194.5800018311,196.2100067139,194.4199981689,194.9199981689,18961100,188.5931396484
2023-07-26,IWM,194.7700042725,197.1600036621,194.7100067139,196.4600067139,20377900,190.0831756592
2023-07-27,IWM,197.6300048828,197.8999938965,193.1799926758,193.9199981689,31159300,187.6256256104
2023-07-28,IWM,196.0200042725,196.9499969482,195.5000000000,196.4299926758,21612200,190.0541229248
2023-07-31,IWM,196.9299926758,198.7500000000,196.9199981689,198.7100067139,24203900,192.2601165771
2023-08-01,IWM,197.4299926758,197.9400024414,195.7799987793,197.8000030518,27444300,191.3796539307
2023-08-02,IWM,195.5899963379,196.0899963379,194.0899963379,195.1100006104,28079700,188.7769775391
2023-08-03,IWM,194.3000030518,195.6399993896,193.0599975586,194.5599975586,24279300,188.2448425293
2023-08-04,IWM,194.8200073242,196.3099975586,193.7100067139,194.1699981689,24950400,187.8675079346
2023-08-07,IWM,194.6600036621,195.0599975586,192.6799926758,194.3000030518,20185000,187.9932556152
2023-08-08,IWM,192.1399993896,193.2899932861,190.5200042725,193.0800018311,25578200,186.8128814697
2023-08-09,IWM,192.8699951172,192.8800048828,190.7500000000,191.5700073242,22293200,185.3518829346
2023-08-10,IWM,192.2400054932,194.1199951172,189.8899993896,190.7200012207,29378800,184.5294647217
2023-08-11,IWM,189.9199981689,191.6900024414,189.7400054932,190.9900054932,21789000,184.7907257080
2023-08-14,IWM,189.9400024414,190.6999969482,188.6399993896,190.6600036621,20354900,184.4714355469
2023-08-15,IWM,189.5200042725,189.6399993896,188.0399932861,188.1399993896,25491300,182.0332183838
2023-08-16,IWM,187.9900054932,189.0599975586,185.8099975586,185.8399963379,27018400,179.8078765869
2023-08-17,IWM,186.3399963379,186.7400054932,183.6300048828,183.6499938965,26715100,177.6889495850
2023-08-18,IWM,182.2100067139,185.2500000000,181.9400024414,184.6499938965,33375200,178.6565093994
2023-08-21,IWM,184.6999969482,185.2799987793,183.0700073242,184.3800048828,22678100,178.3952636719
2023-08-22,IWM,185.0399932861,185.5500030518,183.2200012207,183.8300018311,21299200,177.8631286621
2023-08-23,IWM,184.0000000000,186.1100006104,183.4299926758,185.7899932861,21231100,179.7595062256
2023-08-24,IWM,185.2500000000,186.3399963379,183.1999969482,183.2200012207,26582300,177.2729187012
2023-08-25,IWM,184.0599975586,185.0000000000,181.6100006104,184.0000000000,29340400,178.0276031494
2023-08-28,IWM,184.8399963379,186.7500000000,184.8200073242,185.6399993896,23002000,179.6143646240
2023-08-29,IWM,185.5399932861,188.3699951172,184.5700073242,188.2299957275,22986000,182.1202850342
2023-08-30,IWM,187.7299957275,189.6100006104,187.3300018311,188.9400024414,19869900,182.8072509766
2023-08-31,IWM,189.1999969482,190.2599945068,188.5299987793,188.6100006104,17953400,182.4879608154
2023-09-01,IWM,190.0700073242,191.8600006104,189.8500061035,190.8500061035,25094600,184.6552429199
2023-09-05,IWM,189.6499938965,189.8999938965,186.7700042725,186.8300018311,27160100,180.7657470703
2023-09-06,IWM,187.0599975586,188.0899963379,185.0899963379,186.1300048828,26406200,180.0884857178
2023-09-07,IWM,185.1399993896,185.3800048828,183.5899963379,184.3300018311,23894800,178.3469085693
2023-09-08,IWM,184.5599975586,184.8300018311,183.4499969482,183.9199981689,19399100,177.9502105713
2023-09-11,IWM,185.2599945068,185.7200012207,184.1999969482,184.3600006104,17424700,178.3759307861
2023-09-12,IWM,184.0399932861,185.3399963379,183.7400054932,184.1799926758,16826300,178.2017822266
2023-09-13,IWM,184.5000000000,184.8800048828,182.3899993896,182.9700012207,24415700,177.0310363770
2023-09-14,IWM,184.5299987793,186.0700073242,184.2400054932,185.5500030518,27952500,179.5273132324
2023-09-15,IWM,184.7899932861,185.0700073242,182.7899932861,183.6100006104,39695500,177.6502532959
2023-09-18,IWM,183.6999969482,183.7599945068,182.3699951172,182.3899993896,19287800,176.4698638916
2023-09-19,IWM,182.4900054932,183.3000030518,181.0700073242,181.6799926758,24085900,175.7828979492
2023-09-20,IWM,182.3999938965,183.5099945068,179.8200073242,179.8600006104,27642900,174.0219879150
2023-09-21,IWM,178.5000000000,178.7599945068,177.0700073242,177.0700073242,31625600,171.3225555420
2023-09-22,IWM,177.5599975586,178.3699951172,176.5599975586,176.6699981689,23164700,170.9355163574
2023-09-25,IWM,175.6900024414,177.8600006104,175.5399932861,177.4600067139,22416200,171.6998748779
2023-09-26,IWM,175.5000000000,177.0200042725,174.2899932861,174.3600006104,30476000,169.4922943115
2023-09-27,IWM,175.4499969482,176.9299926758,174.4600067139,175.9900054932,37293000,171.0767974854
2023-09-28,IWM,176.0899963379,178.5700073242,175.9700012207,177.5800018311,31372400,172.6223907471
2023-09-29,IWM,178.9700012207,179.1600036621,176.1499938965,176.7400054932,36689000,171.8058624268
2023-10-02,IWM,176.3300018311,176.7299957275,173.1499938965,174.0700073242,42139300,169.2103881836
2023-10-03,IWM,172.9499969482,173.5000000000,170.3699951172,171.1399993896,42733600,166.3621978760
2023-10-04,IWM,171.0099945068,171.6100006104,169.0899963379,171.2200012207,42491900,166.4399566650
2023-10-05,IWM,170.8000030518,171.8999938965,169.9400024414,171.3500061035,33365100,166.5662994385
2023-10-06,IWM,170.3699951172,173.8899993896,169.5099945068,173.0000000000,42160900,168.1702575684
2023-10-09,IWM,171.8399963379,174.5500030518,171.7700042725,174.0000000000,26658400,169.1423492432
2023-10-10,IWM,174.3099975586,177.0399932861,174.2799987793,175.9700012207,31585000,171.0573272705
2023-10-11,IWM,176.1199951172,177.2299957275,174.3800048828,175.6699981689,27427200,170.7657012939
2023-10-12,IWM,175.8800048828,175.8800048828,170.7899932861,171.6999969482,38693800,166.9065399170
2023-10-13,IWM,172.3500061035,172.6999969482,169.6900024414,170.2700042725,33955600,165.5164794922
2023-10-16,IWM,171.7400054932,173.3899993896,171.0200042725,173.0200042725,31140300,168.1896820068
2023-10-17,IWM,171.9400024414,176.4199981689,171.8999938965,174.9499969482,39823200,170.0658111572
2023-10-18,IWM,173.6399993896,173.6600036621,171.0000000000,171.3500061035,38501400,166.5662994385
2023-10-19,IWM,170.8600006104,172.1499938965,168.3600006104,168.6199951172,51397300,163.9125061035
2023-10-20,IWM,168.6600036621,169.0299987793,166.4299926758,166.4400024414,54421900,161.7933654785
2023-10-23,IWM,165.6600036621,167.4600067139,164.6499938965,165.0299987793,45590900,160.4227447510
2023-10-24,IWM,166.4499969482,167.6199951172,165.4100036621,166.4700012207,32666300,161.8225555420
2023-10-25,IWM,165.0099945068,165.6600036621,163.3999938965,163.7200012207,36832900,159.1493377686
2023-10-26,IWM,164.1499938965,165.7700042725,163.1999969482,164.1399993896,50525600,159.5576019287
2023-10-27,IWM,164.5200042725,164.8300018311,161.6699981689,162.2100067139,46017100,157.6815032959
2023-10-30,IWM,163.7899932861,164.8099975586,161.9400024414,163.1100006104,35156300,158.5563659668
2023-10-31,IWM,163.3999938965,164.9900054932,162.8300018311,164.5200042725,31533200,159.9269866943
2023-11-01,IWM,164.4600067139,165.6000061035,163.1000061035,165.4600067139,44367100,160.8407440186
2023-11-02,IWM,167.7500000000,170.0000000000,167.3300018311,169.8699951172,50458100,165.1276245117
2023-11-03,IWM,172.8000030518,175.6499938965,172.7799987793,174.4900054932,57060700,169.6186676025
2023-11-06,IWM,174.4900054932,174.7799987793,171.3899993896,172.3099975586,35294400,167.4994964600
2023-11-07,IWM,171.5599975586,172.5099945068,170.5700073242,171.6999969482,31168900,166.9065399170
2023-11-08,IWM,171.6999969482,172.1300048828,169.3000030518,169.8699951172,44938600,165.1276245117
2023-11-09,IWM,171.0299987793,171.0299987793,166.9799957275,167.2400054932,38577400,162.5710601807
2023-11-10,IWM,168.2200012207,169.7100067139,166.7899932861,169.1100006104,36121300,164.3888549805
2023-11-13,IWM,168.2400054932,169.7700042725,167.5200042725,169.1699981689,27610300,164.4471588135
2023-11-14,IWM,174.2299957275,178.4700012207,174.2200012207,178.4600067139,77611000,173.4778442383
2023-11-15,IWM,178.3500061035,181.7599945068,178.1100006104,178.7700042725,59641400,173.7791748047
2023-11-16,IWM,178.1399993896,178.6300048828,175.1600036621,175.8800048828,46616700,170.9698791504
2023-11-17,IWM,177.4499969482,178.6399993896,177.1100006104,178.2899932861,43418700,173.3125457764
2023-11-20,IWM,178.5200042725,179.6499938965,177.7400054932,179.3300018311,26665100,174.3235168457
2023-11-21,IWM,178.2400054932,178.5099945068,176.9100036621,177.0200042725,30457000,172.0780181885
2023-11-22,IWM,178.1799926758,179.3899993896,177.4199981689,178.1300048828,28940900,173.1570434570
2023-11-24,IWM,178.0500030518,179.7299957275,177.8000030518,179.3300018311,13846900,174.3235168457
2023-11-27,IWM,178.5000000000,179.1100006104,177.2299957275,178.7299957275,30665800,173.7402648926
2023-11-28,IWM,178.5500030518,179.2200012207,177.1999969482,178.0399932861,28350200,173.0695190430
2023-11-29,IWM,179.5500030518,181.7500000000,178.6999969482,178.9799957275,31590200,173.9832916260
2023-11-30,IWM,180.0500030518,180.6399993896,178.7599945068,179.6600036621,32216800,174.6443023682
2023-12-01,IWM,179.1999969482,185.1799926758,178.2100067139,184.9100036621,64221300,179.7477416992
2023-12-04,IWM,184.2299957275,186.9900054932,184.0200042725,186.8899993896,44862600,181.6724700928
2023-12-05,IWM,186.0500030518,186.0500030518,183.9799957275,184.3899993896,36873500,179.2422637939
2023-12-06,IWM,185.6999969482,187.9199981689,183.7899932861,184.0599975586,43637900,178.9214782715
2023-12-07,IWM,184.3300018311,185.5599975586,183.3899993896,185.3899993896,32662300,180.2143554688
2023-12-08,IWM,185.1499938965,187.7500000000,184.8600006104,186.8000030518,36087100,181.5849761963
2023-12-11,IWM,186.6799926758,187.6199951172,185.8899993896,187.1900024414,29302100,181.9640808105
2023-12-12,IWM,186.9700012207,187.6600036621,185.3399963379,187.0000000000,32024000,181.7794036865
2023-12-13,IWM,187.1000061035,193.6399993896,185.6699981689,193.3300018311,69484800,187.9326782227
2023-12-14,IWM,196.8699951172,200.0399932861,196.4799957275,198.7100067139,83649300,193.1625061035
2023-12-15,IWM,198.9499969482,199.5500030518,195.9499969482,197.0399932861,74160700,191.5390930176
2023-12-18,IWM,197.9600067139,198.7700042725,196.6799926758,197.1100006104,44451100,191.6071472168
2023-12-19,IWM,198.4799957275,201.3000030518,198.0200042725,200.9299926758,52156200,195.3204803467
2023-12-20,IWM,199.8600006104,202.1699981689,196.1600036621,196.2799987793,62360300,191.4998626709
2023-12-21,IWM,198.5000000000,199.8200073242,197.5200042725,199.6199951172,38613400,194.7585144043
2023-12-22,IWM,200.8800048828,202.8099975586,200.1900024414,201.4799957275,39173800,196.5732421875
2023-12-26,IWM,202.2100067139,204.5599975586,201.6900024414,204.1000061035,26879000,199.1294403076
2023-12-27,IWM,204.4400024414,205.4900054932,203.3999938965,204.8200073242,35806400,199.8318939209
2023-12-28,IWM,203.7899932861,205.1699981689,203.2799987793,204.0399932861,28930100,199.0708923340
2023-12-29,IWM,203.4799957275,204.0299987793,200.7100067139,200.7100067139,41496800,195.8219909668
2024-01-02,IWM,199.3999938965,201.6199951172,198.4400024414,199.5200042725,44341500,194.6609954834
2024-01-03,IWM,197.3999938965,197.6699981689,193.7799987793,194.1999969482,57532500,189.4705200195
2024-01-04,IWM,194.0599975586,195.4900054932,193.6900024414,193.8200073242,43114200,189.0997924805
2024-01-05,IWM,192.6900024414,195.4600067139,192.2899932861,193.2500000000,40964900,188.5436553955
2024-01-08,IWM,193.2899932861,196.9700012207,192.2599945068,196.7299957275,31545400,191.9389038086
2024-01-09,IWM,194.3500061035,195.7700042725,193.3200073242,194.9700012207,28998700,190.2217712402
2024-01-10,IWM,194.7400054932,195.3800048828,193.0800018311,195.0800018311,35075200,190.3291015625
2024-01-11,IWM,194.5000000000,194.7400054932,191.3000030518,193.5500030518,48939200,188.8363494873
2024-01-12,IWM,195.8899993896,197.1000061035,192.6399993896,193.2299957275,42992100,188.5241241455
2024-01-16,IWM,191.7200012207,193.2599945068,190.1100006104,190.8399963379,42213000,186.1923522949
2024-01-17,IWM,188.1300048828,189.9299926758,187.5299987793,189.4799957275,37787700,184.8654785156
2024-01-18,IWM,190.7100067139,191.1699981689,188.2100067139,190.6000061035,41760000,185.9582061768
2024-01-19,IWM,191.2899932861,192.8500061035,189.2299957275,192.4299926758,63338300,187.7436523438
2024-01-22,IWM,194.1499938965,196.8200073242,194.0899963379,196.5399932861,42379500,191.7535247803
2024-01-23,IWM,198.2200012207,198.5899963379,194.9799957275,195.9700012207,42471200,191.1974334717
2024-01-24,IWM,198.3800048828,198.4600067139,194.1199951172,194.3600006104,41120100,189.6266479492
2024-01-25,IWM,197.1000061035,197.6600036621,194.4100036621,195.9700012207,37659500,191.1974334717
2024-01-26,IWM,196.8899993896,197.8899993896,195.3800048828,195.9799957275,33478600,191.2071838379
2024-01-29,IWM,196.1600036621,199.4100036621,195.0899963379,199.4100036621,29234400,194.5536346436
2024-01-30,IWM,198.3899993896,198.9299926758,197.1000061035,197.7100067139,33121200,192.8950653076
2024-01-31,IWM,197.2100067139,198.9400024414,192.7100067139,192.8800048828,68126700,188.1826629639
2024-02-01,IWM,194.3099975586,195.7400054932,191.5299987793,195.4400024414,59479000,190.6803283691
2024-02-02,IWM,193.2400054932,195.5000000000,192.3899993896,194.4100036621,52839300,189.6754302979
2024-02-05,IWM,192.4700012207,193.1100006104,190.0599975586,191.9400024414,39751900,187.2655639648
2024-02-06,IWM,191.6999969482,193.8000030518,191.0200042725,193.6699981689,34689100,188.9534301758
2024-02-07,IWM,194.0700073242,194.1499938965,192.0399932861,193.2200012207,31713900,188.5143890381
2024-02-08,IWM,193.3600006104,196.3699951172,192.7100067139,196.1499938965,35370800,191.3730010986
2024-02-09,IWM,196.9199981689,199.5500030518,196.4499969482,199.3399963379,46107100,194.4853668213
2024-02-12,IWM,199.8699951172,203.5500030518,199.8399963379,202.9600067139,43291000,198.0171966553
2024-02-13,IWM,196.2200012207,197.6300048828,193.0599975586,194.6100006104,86247400,189.8705444336
2024-02-14,IWM,197.6799926758,199.7899932861,196.2299957275,199.1300048828,43808000,194.2804718018
2024-02-15,IWM,200.9900054932,204.7700042725,200.7200012207,204.4400024414,44931900,199.4611511230
2024-02-16,IWM,202.1199951172,203.6999969482,201.0899963379,201.6600036621,48346200,196.7488555908
2024-02-20,IWM,199.1499938965,199.7200012207,198.0099945068,198.8800048828,30547500,194.0365600586
2024-02-21,IWM,197.6600036621,198.3500061035,196.3899993896,197.9400024414,28669100,193.1194305420
2024-02-22,IWM,198.6499938965,200.0899963379,197.8099975586,199.4400024414,38184700,194.5829010010
2024-02-23,IWM,199.6000061035,201.1399993896,198.5700073242,199.8899993896,37667700,195.0219421387
2024-02-26,IWM,199.6900024414,201.6399993896,199.1499938965,201.1499938965,29118200,196.2512512207
2024-02-27,IWM,203.0800018311,204.2200012207,202.5399932861,204.0000000000,32268600,199.0318603516
2024-02-28,IWM,202.4400024414,203.8600006104,201.8699951172,202.3200073242,30143900,197.3927917480
2024-02-29,IWM,205.1799926758,206.0399932861,202.5200042725,203.7299957275,40404100,198.7684326172
2024-03-01,IWM,204.5299987793,206.3300018311,203.1399993896,205.8899993896,35156900,200.8758392334
2024-03-04,IWM,207.0299987793,207.7700042725,205.4499969482,205.6999969482,24785400,200.6904449463
2024-03-05,IWM,204.3000030518,205.9100036621,203.0099945068,203.7299957275,34163500,198.7684326172
2024-03-06,IWM,206.0299987793,206.0800018311,204.0800018311,205.2500000000,34255200,200.2514343262
2024-03-07,IWM,206.6999969482,208.1000061035,206.3999938965,206.9600067139,28020200,201.9197845459
2024-03-08,IWM,208.7400054932,210.4100036621,205.8000030518,206.8300018311,41447800,201.7929382324
2024-03-11,IWM,205.9600067139,206.8399963379,204.7500000000,205.1900024414,24435800,200.1928863525
2024-03-12,IWM,205.1499938965,205.9199981689,203.3899993896,204.9100036621,34958900,199.9196929932
2024-03-13,IWM,204.8699951172,206.5800018311,204.7700042725,205.7100067139,25140700,200.7002258301
2024-03-14,IWM,205.0500030518,205.2799987793,200.1699981689,202.0299987793,47509100,197.1098175049
2024-03-15,IWM,201.2500000000,203.0800018311,201.1300048828,202.4100036621,53217000,197.4805755615
2024-03-18,IWM,202.9100036621,203.1799926758,200.9100036621,201.2500000000,32405100,196.3488311768
2024-03-19,IWM,199.7799987793,202.7500000000,199.6600036621,202.1000061035,29864100,197.1781311035
2024-03-20,IWM,201.5200042725,206.9900054932,201.1100006104,206.1000061035,49609600,201.0807189941
2024-03-21,IWM,207.0000000000,208.9499969482,206.8399963379,207.9400024414,43067300,203.3910522461
2024-03-22,IWM,207.8500061035,208.2400054932,205.0700073242,205.0700073242,28437300,200.5838317871
2024-03-25,IWM,205.7200012207,207.0099945068,205.5099945068,205.5399932861,20107800,201.0435638428
2024-03-26,IWM,207.0500030518,207.6399993896,204.9900054932,205.1699981689,23434800,200.6816558838
2024-03-27,IWM,206.8000030518,209.7100067139,206.1600036621,209.6399993896,35028400,205.0538635254
2024-03-28,IWM,210.0800018311,211.8800048828,209.8399963379,210.3000030518,37675100,205.6994323730
2024-04-01,IWM,210.7700042725,210.8000030518,207.9600067139,208.3200073242,25684200,203.7627258301
2024-04-02,IWM,205.7500000000,205.8800048828,203.3999938965,204.4900054932,36632100,200.0165100098
2024-04-03,IWM,203.3800048828,206.3999938965,203.2799987793,205.8300018311,27362800,201.3272247314
2024-04-04,IWM,208.0500030518,208.5500030518,203.2100067139,203.7700042725,32265200,199.3122863770
2024-04-05,IWM,203.1399993896,205.6999969482,202.8800048828,204.4499969482,27569400,199.9774017334
2024-04-08,IWM,205.9799957275,206.4199981689,204.5800018311,205.5700073242,21331000,201.0728912354
2024-04-09,IWM,206.2200012207,206.9700012207,204.4700012207,206.3800048828,23289100,201.8651733398
2024-04-10,IWM,201.1799926758,202.9299926758,199.5399932861,200.9299926758,57130500,196.5343780518
2024-04-11,IWM,201.9700012207,202.9100036621,200.1000061035,202.2899932861,37184000,197.8646545410
2024-04-12,IWM,201.2299957275,201.9100036621,197.6799926758,198.6900024414,35388700,194.3433990479
2024-04-15,IWM,199.3699951172,200.2299957275,194.9799957275,195.7799987793,41119300,191.4970855713
2024-04-16,IWM,194.4100036621,196.2400054932,193.3600006104,195.0599975586,43267500,190.7928161621
2024-04-17,IWM,196.4700012207,196.6199951172,192.9900054932,193.0000000000,38589500,188.7778930664
2024-04-18,IWM,193.6999969482,195.6600036621,192.1499938965,192.8399963379,40238200,188.6213989258
2024-04-19,IWM,191.9400024414,194.3899993896,191.3399963379,193.1399993896,42666500,188.9148254395
2024-04-22,IWM,194.2100067139,196.3000030518,192.8999938965,195.3000030518,31553000,191.0275726318
2024-04-23,IWM,195.2599945068,199.3200073242,195.1300048828,198.5700073242,31838300,194.2260284424
2024-04-24,IWM,198.1699981689,198.9100036621,196.4600067139,197.6799926758,28791700,193.3554840088
2024-04-25,IWM,195.4400024414,196.8300018311,193.7700042725,196.4799957275,31915600,192.1817626953
2024-04-26,IWM,197.0000000000,198.8899993896,196.4199981689,198.3600006104,24613600,194.0206146240
2024-04-29,IWM,199.2500000000,200.4100036621,198.8800048828,199.9600067139,20494600,195.5856323242
2024-04-30,IWM,198.1100006104,198.6499938965,195.7500000000,195.8999938965,30606800,191.6144409180
2024-05-01,IWM,195.8800048828,200.3200073242,195.0299987793,196.3099975586,38782100,192.0154724121
2024-05-02,IWM,198.7799987793,200.1199951172,196.5399932861,199.9199981689,27201000,195.5465087891
2024-05-03,IWM,203.4100036621,204.1600036621,201.1199951172,201.8999938965,30880600,197.4831848145
2024-05-06,IWM,203.4700012207,204.7799987793,203.3800048828,204.5099945068,23129800,200.0361022949
2024-05-07,IWM,204.7700042725,206.1499938965,204.5000000000,204.9700012207,20116900,200.4860229492
2024-05-08,IWM,202.7200012207,203.9600067139,202.5599975586,203.7799987793,18349400,199.3220520020
2024-05-09,IWM,203.9700012207,205.9900054932,203.4100036621,205.8600006104,22914300,201.3565521240
2024-05-10,IWM,206.3500061035,206.6199951172,203.6799926758,204.3099975586,21520200,199.8404693604
2024-05-13,IWM,206.0800018311,206.5500030518,204.6000061035,204.7400054932,18585300,200.2610626221
2024-05-14,IWM,207.1300048828,207.7400054932,205.9100036621,206.8600006104,33169000,202.3346710205
2024-05-15,IWM,209.2100067139,209.7700042725,207.7200012207,209.4400024414,33412300,204.8582458496
2024-05-16,IWM,208.8999938965,209.3500061035,207.9299926758,207.9299926758,26731100,203.3812713623
2024-05-17,IWM,208.0099945068,208.5200042725,207.3500061035,208.0800018311,35219800,203.5279846191
2024-05-20,IWM,208.0200042725,209.4799957275,207.7799987793,208.5399932861,15695900,203.9779357910
2024-05-21,IWM,207.8300018311,208.6900024414,207.5899963379,208.3399963379,13466800,203.7823028564
2024-05-22,IWM,207.5299987793,208.2200012207,205.8000030518,206.5800018311,20853100,202.0608062744
2024-05-23,IWM,207.5099945068,207.6199951172,202.3500061035,203.1900024414,34039800,198.7449493408
2024-05-24,IWM,204.7899932861,205.6799926758,203.9600067139,205.4400024414,19946100,200.9457244873
2024-05-28,IWM,206.9700012207,207.0899963379,203.9700012207,205.1600036621,18475900,200.6718750000
2024-05-29,IWM,202.5299987793,203.0099945068,201.7799987793,202.1300048828,25654800,197.7081604004
2024-05-30,IWM,203.5200042725,204.9400024414,203.0800018311,204.0500030518,20428200,199.5861663818
2024-05-31,IWM,204.9499969482,206.2799987793,203.0800018311,205.7700042725,25784900,201.2685394287
2024-06-03,IWM,207.5299987793,207.5599975586,203.1499938965,204.6100006104,23902900,200.1338958740
2024-06-04,IWM,203.1499938965,204.5000000000,201.6499938965,201.9700012207,27098900,197.5516510010
2024-06-05,IWM,203.3000030518,205.0599975586,201.7899932861,205.0599975586,20707600,200.5740509033
2024-06-06,IWM,204.1799926758,204.8099975586,202.9900054932,203.5899963379,17335500,199.1361999512
2024-06-07,IWM,201.5299987793,203.1699981689,200.6799926758,201.1999969482,26036000,196.7984924316
2024-06-10,IWM,199.5200042725,202.1300048828,199.0099945068,201.8899993896,25075300,197.4734039307
2024-06-11,IWM,199.6399993896,201.0200042725,198.4199981689,200.6399993896,23768400,196.7985839844
2024-06-12,IWM,205.8699951172,207.2700042725,203.1000061035,203.7200012207,43668700,199.8195953369
2024-06-13,IWM,203.2700042725,203.5399932861,200.5099945068,201.9400024414,28021100,198.0736999512
2024-06-14,IWM,199.5599975586,200.0399932861,197.9400024414,198.7299957275,33453700,194.9251556396
2024-06-17,IWM,198.1199951172,200.9499969482,197.4100036621,200.3999938965,25538100,196.5631561279
2024-06-18,IWM,200.4600067139,201.6900024414,200.0299987793,200.7500000000,25446900,196.9064788818
2024-06-20,IWM,200.3200073242,201.8600006104,199.2200012207,199.8999938965,27999700,196.0727233887
2024-06-21,IWM,199.9299926758,200.4100036621,198.4600067139,200.3500061035,37511300,196.5141448975
2024-06-24,IWM,200.6900024414,202.6900024414,200.5299987793,201.2200012207,22289600,197.3674621582
2024-06-25,IWM,201.1300048828,201.1600036621,199.8200073242,200.5599975586,15925400,196.7201080322
2024-06-26,IWM,199.3300018311,200.5800018311,198.8099975586,200.0299987793,19313500,196.2002410889
2024-06-27,IWM,200.6300048828,202.1499938965,199.9600067139,202.0599975586,17432600,198.1913909912
2024-06-28,IWM,203.8800048828,204.6399993896,201.3200073242,202.8899993896,35026000,199.0055084229
2024-07-01,IWM,203.5200042725,203.8200073242,200.4799957275,201.1900024414,21886200,197.3380584717
2024-07-02,IWM,201.5200042725,202.2700042725,200.8999938965,201.8800048828,17219100,198.0148468018
2024-07-03,IWM,202.2500000000,203.2799987793,201.6300048828,201.8300018311,15167200,197.9657897949
2024-07-05,IWM,201.2100067139,201.6300048828,199.8800048828,200.8699951172,17282500,197.0241699219
2024-07-08,IWM,202.5099945068,203.6999969482,201.8399963379,202.2799987793,20823800,198.4071655273
2024-07-09,IWM,201.9199981689,202.5200042725,200.5299987793,201.3999938965,17864200,197.5440368652
2024-07-10,IWM,202.2899932861,203.5899963379,201.4900054932,203.3699951172,19286100,199.4763031006
2024-07-11,IWM,207.8999938965,211.2299957275,206.9400024414,210.6799926758,65443600,206.6463470459
2024-07-12,IWM,212.9199981689,214.9400024414,212.6600036621,213.1399993896,50810700,209.0592803955
2024-07-15,IWM,214.7899932861,218.2400054932,214.3000030518,217.1900024414,48925300,213.0317382812
2024-07-16,IWM,219.1399993896,224.8600006104,219.0200042725,224.6000061035,67945700,220.2998657227
2024-07-17,IWM,222.3600006104,226.6399993896,221.6600036621,222.2500000000,66092100,217.9948425293
2024-07-18,IWM,221.4100036621,224.7799987793,216.9799957275,217.9499969482,53180000,213.7771606445
2024-07-19,IWM,217.6300048828,218.6499938965,215.8500061035,216.8399963379,37933500,212.6884002686
2024-07-22,IWM,217.6799926758,220.6499938965,215.3800048828,220.2899932861,36185900,216.0723571777
2024-07-23,IWM,219.2100067139,223.7500000000,219.0399932861,222.6300048828,44884600,218.3675689697
2024-07-24,IWM,221.0700073242,223.8600006104,217.7200012207,217.8500061035,42443000,213.6791076660
2024-07-25,IWM,218.4499969482,224.0200042725,218.1999969482,220.5700073242,45053100,216.3470001221
2024-07-26,IWM,223.8999938965,225.3899993896,221.6999969482,224.2200012207,40822600,219.9271087646
2024-07-29,IWM,224.7100067139,225.4199981689,220.7700042725,221.7299957275,33869700,217.4848022461
2024-07-30,IWM,222.7200012207,224.4600067139,221.1100006104,222.5700073242,26876800,218.3087158203
2024-07-31,IWM,223.7100067139,228.6300048828,221.9799957275,223.8600006104,52387700,219.5740051270
2024-08-01,IWM,223.7700042725,224.8899993896,215.0599975586,216.5800018311,71508100,212.4333953857
2024-08-02,IWM,208.8500061035,211.1900024414,206.9900054932,208.9199981689,66850200,204.9200592041
2024-08-05,IWM,197.8999938965,204.7400054932,196.6999969482,202.1999969482,65683100,198.3287200928
2024-08-06,IWM,203.0099945068,207.2500000000,201.1999969482,204.3999938965,37072500,200.4866027832
2024-08-07,IWM,207.8500061035,207.9600067139,201.5599975586,201.9799957275,30594500,198.1129302979
2024-08-08,IWM,204.4199981689,207.0000000000,203.1699981689,206.8899993896,26550300,202.9289093018
2024-08-09,IWM,207.0500030518,207.1199951172,204.9400024414,206.4600067139,20954500,202.5071563721
2024-08-12,IWM,206.6100006104,206.9799957275,203.8200073242,204.6000061035,20357900,200.6827850342
2024-08-13,IWM,206.0899963379,208.3800048828,204.8600006104,207.9700012207,25458300,203.9882202148
2024-08-14,IWM,208.6300048828,208.7500000000,205.7400054932,206.6799926758,25345600,202.7229309082
2024-08-15,IWM,211.2599945068,213.1000061035,209.9100036621,212.0399932861,42561600,207.9803161621
2024-08-16,IWM,211.3699951172,213.9799957275,211.2799987793,212.6000061035,30427400,208.5296020508
2024-08-19,IWM,212.9600067139,215.2100067139,212.8200073242,215.1999969482,17246200,211.0798187256
2024-08-20,IWM,214.8899993896,214.9499969482,212.0500030518,212.6900024414,21703900,208.6178741455
2024-08-21,IWM,214.2799987793,215.6600036621,212.8200073242,215.4600067139,19623100,211.3348388672
2024-08-22,IWM,215.5700073242,216.3699951172,213.1300048828,213.5599975586,18084300,209.4712066650
2024-08-23,IWM,215.1799926758,221.0800018311,214.7899932861,220.3800048828,40003100,216.1606597900
2024-08-26,IWM,221.9299926758,222.4499969482,220.0800018311,220.4499969482,24865500,216.2292938232
2024-08-27,IWM,218.9100036621,219.3699951172,217.7100067139,218.7400054932,19577900,214.5520477295
2024-08-28,IWM,217.8699951172,219.1199951172,216.2700042725,217.2599945068,19685000,213.1003570557
2024-08-29,IWM,218.7799987793,220.9799957275,217.1499938965,218.8099975586,24599500,214.6207275391
2024-08-30,IWM,219.7100067139,220.5000000000,217.3999938965,220.0800018311,23010500,215.8663940430
2024-09-03,IWM,218.1300048828,219.3699951172,212.9100036621,213.3500061035,31338500,209.2652435303
2024-09-04,IWM,212.7599945068,215.3699951172,211.6999969482,212.9900054932,23706300,208.9121246338
2024-09-05,IWM,213.5399932861,214.0299987793,210.9199981689,211.9299926758,23910500,207.8724212646
2024-09-06,IWM,211.9299926758,213.1900024414,207.1399993896,207.8999938965,34561300,203.9195709229
2024-09-09,IWM,208.1499938965,210.2599945068,207.5200042725,208.4799957275,23584100,204.4884796143
2024-09-10,IWM,208.7200012207,208.8600006104,205.7899932861,208.3099975586,23025700,204.3217315674
2024-09-11,IWM,207.4700012207,209.2500000000,204.2100067139,208.9199981689,27175600,204.9200592041
2024-09-12,IWM,209.9100036621,212.7799987793,208.4100036621,211.6100006104,27611700,207.5585479736
2024-09-13,IWM,214.0299987793,217.2500000000,213.9400024414,216.8300018311,37388100,212.6786041260
2024-09-16,IWM,217.6300048828,218.2899932861,216.1399993896,217.6100006104,23289000,213.4436798096
2024-09-17,IWM,219.5800018311,221.8000030518,218.4700012207,219.4100036621,35563500,215.2092132568
2024-09-18,IWM,219.2299957275,224.9400024414,218.2500000000,219.4499969482,54085200,215.2484283447
2024-09-19,IWM,224.6600036621,224.6799926758,221.5000000000,223.9700012207,35369500,219.6819000244
2024-09-20,IWM,223.4499969482,223.4600067139,221.2899932861,221.5700073242,34587500,217.3278503418
2024-09-23,IWM,222.6900024414,223.1100006104,220.0200042725,220.7599945068,20157700,216.5333404541
2024-09-24,IWM,221.6300048828,221.9299926758,219.5000000000,221.1300048828,20939800,216.8962860107
2024-09-25,IWM,220.3200073242,220.6100006104,217.5399932861,217.6900024414,23242300,214.2507476807
2024-09-26,IWM,220.4900054932,221.1300048828,218.3800048828,218.8500061035,24974700,215.3924255371
2024-09-27,IWM,220.8600006104,222.6000061035,219.5299987793,220.3300018311,23959600,216.8490295410
2024-09-30,IWM,219.4199981689,221.5899963379,218.5800018311,220.8899993896,21938200,217.4002075195
2024-10-01,IWM,220.1699981689,220.3399963379,216.3000030518,217.8899993896,30016000,214.4475860596
2024-10-02,IWM,216.9900054932,218.7500000000,216.2100067139,217.5899963379,14455400,214.1523284912
2024-10-03,IWM,216.2299957275,217.2299957275,215.0800018311,216.1300048828,21353000,212.7154083252
2024-10-04,IWM,219.2899932861,219.9799957275,217.2899932861,219.1499938965,27901500,215.6876983643
2024-10-07,IWM,218.6399993896,218.6600036621,215.8699951172,217.4299926758,14891800,213.9948730469
2024-10-08,IWM,217.6300048828,218.3699951172,216.6999969482,217.5800018311,18118600,214.1425018311
2024-10-09,IWM,217.5299987793,219.6100006104,216.9199981689,218.0599975586,18230700,214.6149291992
2024-10-10,IWM,215.8999938965,216.8800048828,214.6000061035,216.8500061035,24571400,213.4240264893
2024-10-11,IWM,216.7700042725,221.6100006104,216.7100067139,221.2599945068,19950900,217.7643432617
2024-10-14,IWM,221.4499969482,223.1100006104,220.4299926758,222.8899993896,19263300,219.3685913086
2024-10-15,IWM,222.5700073242,225.5000000000,221.9799957275,223.0700073242,25998800,219.5457763672
2024-10-16,IWM,224.8899993896,227.1699981689,224.3899993896,226.7400054932,27656700,223.1578063965
2024-10-17,IWM,226.9100036621,226.9600067139,224.9100036621,226.1199951172,18003600,222.5475616455
2024-10-18,IWM,226.6600036621,227.0299987793,225.3899993896,225.6499938965,20047400,222.0849914551
2024-10-21,IWM,225.6300048828,225.6900024414,221.5299987793,222.1000061035,24243800,218.5910797119
2024-10-22,IWM,221.4700012207,221.8300018311,220.3000030518,221.2599945068,15813900,217.7643432617
2024-10-23,IWM,220.0299987793,220.8000030518,217.3699951172,219.2400054932,23263500,215.7762756348
2024-10-24,IWM,220.4299926758,221.0399932861,218.5299987793,219.7200012207,18381900,216.2486877441
2024-10-25,IWM,221.3099975586,221.9700012207,218.5200042725,218.8899993896,23807800,215.4317932129
2024-10-28,IWM,220.7899932861,222.9700012207,220.4799957275,222.4600067139,19877700,218.9454193115
2024-10-29,IWM,220.7400054932,221.8999938965,219.9700012207,221.7400054932,20282200,218.2367706299
2024-10-30,IWM,221.0700073242,224.4799957275,220.8999938965,221.4400024414,19754800,217.9415130615
2024-10-31,IWM,221.2200012207,221.7700042725,217.6300048828,217.7599945068,24078400,214.3196563721
2024-11-01,IWM,219.5000000000,220.9700012207,218.3399963379,218.9799957275,21222200,215.5203552246
2024-11-04,IWM,218.5000000000,221.7400054932,217.8399963379,220.0899963379,20463700,216.6128692627
2024-11-05,IWM,219.3399963379,224.2899932861,219.0599975586,224.2299957275,26404600,220.6874237061
2024-11-06,IWM,236.5899963379,237.5800018311,232.7500000000,237.2200012207,75554600,233.4721984863
2024-11-07,IWM,236.8899993896,238.4900054932,235.3999938965,236.3800048828,34970300,232.6454925537
2024-11-08,IWM,235.9299926758,238.4700012207,235.6499938965,238.1199951172,26597800,234.3579711914
2024-11-11,IWM,240.5200042725,242.3899993896,239.8500061035,241.6999969482,29207700,237.8814239502
2024-11-12,IWM,239.9600067139,241.7899932861,236.5599975586,237.4600067139,35314300,233.7084350586
2024-11-13,IWM,238.9499969482,239.8800048828,234.8300018311,235.1100006104,25947700,231.3955383301
2024-11-14,IWM,235.9499969482,236.4299926758,231.2100067139,231.9400024414,29272100,228.2756195068
2024-11-15,IWM,232.2200012207,232.2899932861,227.8099975586,228.4799957275,37930000,224.8702697754
2024-11-18,IWM,229.2200012207,230.6000061035,228.1300048828,228.9299926758,29368500,225.3131713867
2024-11-19,IWM,226.5899963379,230.8200073242,226.3999938965,230.6300048828,26009400,226.9863128662
2024-11-20,IWM,230.2299957275,230.9299926758,228.0399932861,230.9299926758,24222700,227.2815704346
2024-11-21,IWM,232.1600036621,235.5700073242,231.1100006104,234.4400024414,28679400,230.7361450195
2024-11-22,IWM,235.6399993896,239.2400054932,235.3300018311,238.7700042725,22693100,234.9977111816
2024-11-25,IWM,241.4900054932,244.9799957275,241.3899993896,242.3999938965,33534000,238.5703430176
2024-11-26,IWM,241.1799926758,241.6100006104,239.4299926758,240.6199951172,22581400,236.8184814453
2024-11-27,IWM,242.0099945068,243.6900024414,240.4400024414,240.9499969482,19472800,237.1432647705
2024-11-29,IWM,242.3699951172,243.4799957275,241.5399932861,241.8699951172,16782700,238.0487365723
2024-12-02,IWM,242.2400054932,242.6600036621,240.0099945068,241.7500000000,25274800,237.9306182861
2024-12-03,IWM,241.5399932861,242.1399993896,239.3699951172,240.0299987793,21376700,236.2377929688
2024-12-04,IWM,240.2799987793,241.6699981689,239.2100067139,240.8899993896,19903000,237.0842132568
2024-12-05,IWM,240.5200042725,240.8600006104,237.7400054932,238.0800018311,20227000,234.3186187744
2024-12-06,IWM,239.7899932861,239.8899993896,238.3800048828,238.9299926758,20760900,235.1551666260
2024-12-09,IWM,240.5500030518,241.3800048828,237.6499938965,237.7299957275,16684300,233.9741516113
2024-12-10,IWM,237.5800018311,238.8200073242,235.9199981689,236.6999969482,19946500,232.9604187012
2024-12-11,IWM,238.7100067139,239.2899932861,236.8300018311,237.7700042725,23156900,234.0135192871
2024-12-12,IWM,237.1600036621,237.6499938965,234.3500061035,234.6799926758,21454500,230.9723205566
2024-12-13,IWM,234.3699951172,234.8600006104,231.8800048828,233.0700073242,23972900,229.3877563477
2024-12-16,IWM,232.9100036621,235.6300048828,232.3500061035,234.4400024414,32293500,230.7361450195
2024-12-17,IWM,232.6699981689,233.4400024414,230.5500030518,231.0700073242,33064300,228.0945892334
2024-12-18,IWM,232.2400054932,233.0800018311,218.9199981689,220.8399963379,52267500,217.9963226318
2024-12-19,IWM,223.2500000000,224.4299926758,219.3300018311,219.8600006104,51871700,217.0289306641
2024-12-20,IWM,218.6000061035,224.6600036621,218.0700073242,221.9199981689,53882200,219.0624084473
2024-12-23,IWM,221.7400054932,222.3999938965,219.3800048828,221.4100036621,29606800,218.5589752197
2024-12-24,IWM,222.0200042725,223.6300048828,220.4799957275,223.3899993896,13399600,220.5134887695
2024-12-26,IWM,222.4199981689,226.1399993896,221.4700012207,225.6799926758,20024800,222.7739868164
2024-12-27,IWM,224.2899932861,225.4400024414,220.1999969482,222.3899993896,26956000,219.5263519287
2024-12-30,IWM,220.6699981689,221.8099975586,217.8500061035,220.6799926758,25706100,217.8383789062
2024-12-31,IWM,222.1199951172,223.2799987793,220.1499938965,220.9600067139,26208300,218.1147766113
2020-01-02,AGG,112.6800003052,112.8000030518,112.5599975586,112.6800003052,6791400,94.1334991455
2020-01-03,AGG,112.8899993896,113.0500030518,112.7799987793,113.0100021362,3664300,94.4091491699
2020-01-06,AGG,113.1299972534,113.1299972534,112.8399963379,112.9199981689,8131600,94.3339462280
2020-01-07,AGG,112.9199981689,112.9199981689,112.7799987793,112.8000030518,2883000,94.2337493896
2020-01-08,AGG,112.8499984741,112.9400024414,112.5500030518,112.6699981689,7323100,94.1251068115
2020-01-09,AGG,112.4899978638,112.7900009155,112.4599990845,112.7900009155,9110900,94.2253952026
2020-01-10,AGG,112.9000015259,112.9899978638,112.8199996948,112.9800033569,4198100,94.3841018677
2020-01-13,AGG,112.8899993896,112.9400024414,112.8300018311,112.9100036621,4465300,94.3256225586
2020-01-14,AGG,112.9700012207,113.0199966431,112.9300003052,113.0100021362,3625400,94.4091491699
2020-01-15,AGG,113.1800003052,113.1900024414,113.0699996948,113.1800003052,3896300,94.5511856079
2020-01-16,AGG,113.1600036621,113.2099990845,113.0500030518,113.1800003052,2801400,94.5511856079
2020-01-17,AGG,113.0199966431,113.0999984741,112.9700012207,113.0500030518,3003300,94.4425582886
2020-01-21,AGG,113.2500000000,113.4100036621,113.2200012207,113.3700027466,4672100,94.7098922729
2020-01-22,AGG,113.4400024414,113.4899978638,113.3899993896,113.4300003052,3627200,94.7600479126
2020-01-23,AGG,113.6399993896,113.6999969482,113.5800018311,113.5800018311,3429500,94.8853683472
2020-01-24,AGG,113.6800003052,113.8899993896,113.6699981689,113.7900009155,4199800,95.0607910156
2020-01-27,AGG,114.1399993896,114.1600036621,114.0500030518,114.1399993896,4790000,95.3531646729
2020-01-28,AGG,114.0999984741,114.1600036621,113.9499969482,114.0400009155,4463800,95.2696380615
2020-01-29,AGG,114.1299972534,114.3499984741,114.1100006104,114.3000030518,2890200,95.4868392944
2020-01-30,AGG,114.2799987793,114.5400009155,114.2399978638,114.3099975586,6885600,95.4951782227
2020-01-31,AGG,114.4800033569,114.6699981689,114.3799972534,114.6500015259,5281900,95.7792358398
2020-02-03,AGG,114.1999969482,114.4100036621,114.0800018311,114.3700027466,7214200,95.7482604980
2020-02-04,AGG,114.0999984741,114.0999984741,113.8899993896,113.9899978638,5290800,95.4301223755
2020-02-05,AGG,113.8199996948,113.8700027466,113.7600021362,113.8199996948,6066900,95.2878341675
2020-02-06,AGG,113.8199996948,113.9300003052,113.7699966431,113.8899993896,6838700,95.3464279175
2020-02-07,AGG,114.1999969482,114.2799987793,114.0999984741,114.2200012207,5224200,95.6226730347
2020-02-10,AGG,114.4400024414,114.4400024414,114.2900009155,114.3499984741,8187800,95.7315444946
2020-02-11,AGG,114.3499984741,114.3499984741,114.1900024414,114.2099990845,5633400,95.6143188477
2020-02-12,AGG,114.1200027466,114.1399993896,114.0299987793,114.0899963379,6373700,95.5138778687
2020-02-13,AGG,114.1100006104,114.2399978638,114.0999984741,114.1699981689,5214400,95.5808258057
2020-02-14,AGG,114.3499984741,114.3799972534,114.2699966431,114.2900009155,4004900,95.6812744141
2020-02-18,AGG,114.4800033569,114.5599975586,114.3399963379,114.4400024414,4874800,95.8068542480
2020-02-19,AGG,114.4000015259,114.4700012207,114.3300018311,114.4100036621,3692200,95.7817687988
2020-02-20,AGG,114.5299987793,114.6800003052,114.4899978638,114.6699981689,4056000,95.9994277954
2020-02-21,AGG,114.8600006104,115.0999984741,114.8399963379,114.9000015259,4492700,96.1919860840
2020-02-24,AGG,115.4300003052,115.4300003052,115.2300033569,115.2699966431,7490100,96.5017166138
2020-02-25,AGG,115.2799987793,115.5800018311,115.2699966431,115.4700012207,7474600,96.6691665649
2020-02-26,AGG,115.3199996948,115.6100006104,115.2600021362,115.3499984741,4763000,96.5686569214
2020-02-27,AGG,115.7500000000,115.7500000000,115.3499984741,115.3700027466,11606400,96.5854568481
2020-02-28,AGG,115.8799972534,116.3399963379,115.7600021362,116.2200012207,17243000,97.2970123291
2020-03-02,AGG,116.2900009155,116.4400024414,115.8899993896,115.9400024414,13198200,97.2626342773
2020-03-03,AGG,116.0500030518,117.2600021362,116.0100021362,116.7300033569,12541000,97.9253616333
2020-03-04,AGG,116.8300018311,117.1200027466,116.5299987793,116.6399993896,6285300,97.8498458862
2020-03-05,AGG,116.9899978638,117.2300033569,116.9300003052,117.0000000000,6802800,98.1519088745
2020-03-06,AGG,118.1800003052,118.2699966431,117.5000000000,117.8600006104,17456400,98.8733291626
2020-03-09,AGG,119.2699966431,119.2699966431,117.0000000000,117.7099990845,13666700,98.7475051880
2020-03-10,AGG,117.4100036621,117.6800003052,116.1699981689,116.3799972534,18694100,97.6317672729
2020-03-11,AGG,116.6999969482,116.7900009155,114.5500030518,114.7200012207,13053300,96.2391662598
2020-03-12,AGG,113.9800033569,114.7500000000,109.0599975586,110.1299972534,18684800,92.3885955811
2020-03-13,AGG,111.5299987793,112.4599990845,110.2500000000,111.8600006104,24960500,93.8399200439
2020-03-16,AGG,111.3700027466,113.9499969482,110.4599990845,113.7300033569,12310300,95.4086761475
2020-03-17,AGG,112.8899993896,113.9199981689,110.5899963379,110.7900009155,15737200,92.9422607422
2020-03-18,AGG,109.3600006104,110.5699996948,105.7699966431,106.5699996948,17061700,89.4020996094
2020-03-19,AGG,106.4700012207,109.2200012207,105.5599975586,108.9499969482,11720200,91.3987045288
2020-03-20,AGG,108.4599990845,110.2399978638,108.4599990845,110.0299987793,16503700,92.3047103882
2020-03-23,AGG,109.9000015259,112.9400024414,109.0000000000,112.6399993896,12572200,94.4942550659
2020-03-24,AGG,111.5199966431,113.5699996948,111.0800018311,113.5699996948,10253600,95.2744369507
2020-03-25,AGG,114.0000000000,114.7500000000,113.6999969482,114.7300033569,10999700,96.2475280762
2020-03-26,AGG,114.1999969482,115.3899993896,114.1999969482,115.0800018311,16611400,96.5412139893
2020-03-27,AGG,114.7799987793,115.5800018311,114.5299987793,115.5699996948,10841600,96.9522476196
2020-03-30,AGG,115.7699966431,116.2600021362,115.6200027466,115.6800003052,13340200,97.0445251465
2020-03-31,AGG,115.7099990845,115.9800033569,115.2300033569,115.3700027466,14018600,96.7844848633
2020-04-01,AGG,115.3799972534,115.4000015259,114.6500015259,114.7300033569,14192100,96.4556961060
2020-04-02,AGG,115.0199966431,115.2200012207,114.6999969482,114.9000015259,11565400,96.5986633301
2020-04-03,AGG,114.9499969482,115.1299972534,114.2799987793,114.9800033569,9786700,96.6659393311
2020-04-06,AGG,115.0199966431,115.6100006104,115.0199966431,115.5400009155,8457700,97.1367340088
2020-04-07,AGG,115.6100006104,115.7399978638,115.3600006104,115.6999969482,7743900,97.2712478638
2020-04-08,AGG,115.6999969482,115.9700012207,115.5500030518,115.8099975586,4674200,97.3637390137
2020-04-09,AGG,116.5000000000,117.2500000000,116.1699981689,117.2500000000,5584100,98.5743560791
2020-04-13,AGG,117.0899963379,117.1699981689,116.5299987793,116.6999969482,5738300,98.1119155884
2020-04-14,AGG,116.9899978638,117.0000000000,116.5899963379,116.7600021362,5506700,98.1623764038
2020-04-15,AGG,117.0299987793,117.3099975586,116.7099990845,117.2399978638,4367400,98.5659561157
2020-04-16,AGG,117.1900024414,117.5299987793,117.1900024414,117.3899993896,4744700,98.6920700073
2020-04-17,AGG,117.5199966431,117.6200027466,117.0400009155,117.2500000000,4949800,98.5743560791
2020-04-20,AGG,117.1500015259,117.2799987793,116.9400024414,117.0800018311,3847900,98.4314727783
2020-04-21,AGG,117.4300003052,117.4400024414,117.0699996948,117.1399993896,4660500,98.4818878174
2020-04-22,AGG,117.1600036621,117.2399978638,116.9400024414,117.1399993896,4647200,98.4818878174
2020-04-23,AGG,117.3300018311,117.4499969482,117.1900024414,117.4199981689,4331100,98.7172775269
2020-04-24,AGG,117.2200012207,117.3899993896,117.1999969482,117.3600006104,3161600,98.6668472290
2020-04-27,AGG,117.2099990845,117.3600006104,116.8199996948,116.8199996948,5576300,98.2128372192
2020-04-28,AGG,117.2699966431,117.4499969482,117.1200027466,117.2799987793,5889800,98.5995712280
2020-04-29,AGG,117.2900009155,117.4800033569,117.1999969482,117.3600006104,4653100,98.6668472290
2020-04-30,AGG,117.3799972534,117.4899978638,117.0699996948,117.0999984741,10487500,98.4482421875
2020-05-01,AGG,116.9700012207,117.0999984741,116.6800003052,116.8700027466,6099500,98.4533309937
2020-05-04,AGG,116.8899993896,117.0899963379,116.8700027466,116.9700012207,3684100,98.5375442505
2020-05-05,AGG,116.9599990845,116.9700012207,116.8099975586,116.8799972534,4611500,98.4617004395
2020-05-06,AGG,116.4400024414,116.7099990845,116.3000030518,116.4100036621,6394900,98.0657958984
2020-05-07,AGG,116.6100006104,116.7699966431,116.4199981689,116.7699966431,3786700,98.3690643311
2020-05-08,AGG,116.6800003052,116.7600021362,116.3499984741,116.4599990845,3241500,98.1078948975
2020-05-11,AGG,116.4000015259,116.4300003052,116.0699996948,116.1100006104,5249500,97.8130645752
2020-05-12,AGG,116.4599990845,116.5999984741,116.2300033569,116.4100036621,6161500,98.0657958984
2020-05-13,AGG,116.6299972534,116.7600021362,116.4499969482,116.5999984741,4425900,98.2258453369
2020-05-14,AGG,116.9100036621,116.9700012207,116.7200012207,116.9599990845,5698900,98.5290985107
2020-05-15,AGG,117.0400009155,117.0899963379,116.9000015259,117.0299987793,5897900,98.5880889893
2020-05-18,AGG,116.9700012207,117.0899963379,116.6600036621,116.8600006104,5037100,98.4448928833
2020-05-19,AGG,116.9100036621,117.0299987793,116.8099975586,116.9899978638,4929500,98.5543975830
2020-05-20,AGG,117.0299987793,117.3399963379,117.0000000000,117.2900009155,4579200,98.8071441650
2020-05-21,AGG,117.3499984741,117.4800033569,117.3199996948,117.3799972534,5143700,98.8829345703
2020-05-22,AGG,117.5999984741,117.5999984741,117.3899993896,117.4400024414,2794000,98.9334487915
2020-05-26,AGG,117.3799972534,117.4400024414,117.2399978638,117.2500000000,6164700,98.7734298706
2020-05-27,AGG,117.5000000000,117.5400009155,117.3000030518,117.4199981689,4772900,98.9166564941
2020-05-28,AGG,117.1399993896,117.3499984741,117.1399993896,117.3399963379,11140200,98.8492507935
2020-05-29,AGG,117.4300003052,117.7099990845,117.3199996948,117.6500015259,9228700,99.1104049683
2020-06-01,AGG,117.3499984741,117.4000015259,117.2399978638,117.3700027466,5580000,99.0546875000
2020-06-02,AGG,117.3799972534,117.4700012207,117.3099975586,117.4700012207,4286800,99.1390762329
2020-06-03,AGG,117.2600021362,117.4100036621,117.0599975586,117.1800003052,6077600,98.8943328857
2020-06-04,AGG,117.2699966431,117.3000030518,116.8199996948,116.8300018311,5002700,98.5989379883
2020-06-05,AGG,116.7500000000,116.9100036621,116.4800033569,116.9000015259,5166300,98.6580276489
2020-06-08,AGG,116.8099975586,117.1100006104,116.7500000000,117.0299987793,8551800,98.7677459717
2020-06-09,AGG,117.3099975586,117.3300018311,117.1800003052,117.1800003052,5512300,98.8943328857
2020-06-10,AGG,117.2500000000,117.6800003052,117.1900024414,117.6600036621,4680800,99.2994384766
2020-06-11,AGG,117.7300033569,117.8000030518,117.4400024414,117.4599990845,7438800,99.1306381226
2020-06-12,AGG,117.5999984741,117.6999969482,117.4400024414,117.5800018311,4571800,99.2318954468
2020-06-15,AGG,117.7200012207,117.9800033569,117.6100006104,117.9700012207,5870000,99.5610733032
2020-06-16,AGG,117.9800033569,118.0000000000,117.5899963379,117.7399978638,5327400,99.3669204712
2020-06-17,AGG,117.7399978638,117.7600021362,117.4700012207,117.6399993896,3696000,99.2825775146
2020-06-18,AGG,117.8799972534,117.8799972534,117.6399993896,117.7600021362,3356800,99.3838348389
2020-06-19,AGG,117.8000030518,117.9700012207,117.7399978638,117.8000030518,2917400,99.4176177979
2020-06-22,AGG,118.0000000000,118.0000000000,117.7300033569,117.7699966431,3445700,99.3922882080
2020-06-23,AGG,117.7900009155,117.8300018311,117.6900024414,117.7500000000,3991400,99.3753890991
2020-06-24,AGG,117.6999969482,117.8399963379,117.6100006104,117.7300033569,5040100,99.3585357666
2020-06-25,AGG,117.9400024414,117.9499969482,117.8000030518,117.8700027466,4723300,99.4766845703
2020-06-26,AGG,117.9899978638,118.0800018311,117.8499984741,118.0100021362,5683400,99.5948257446
2020-06-29,AGG,118.0100021362,118.1100006104,117.9499969482,118.1100006104,3517200,99.6792221069
2020-06-30,AGG,118.2799987793,118.3199996948,117.9800033569,118.2099990845,7451100,99.7636032104
2020-07-01,AGG,117.9000015259,118.0699996948,117.7600021362,118.0500030518,6746500,99.8168792725
2020-07-02,AGG,118.0500030518,118.2099990845,117.9899978638,118.1900024414,3614300,99.9352645874
2020-07-06,AGG,118.1800003052,118.2099990845,118.0000000000,118.1800003052,5945100,99.9268035889
2020-07-07,AGG,118.2300033569,118.3799972534,118.0599975586,118.3600006104,5454700,100.0789947510
2020-07-08,AGG,118.3499984741,118.4499969482,118.2200012207,118.3199996948,5026800,100.0451965332
2020-07-09,AGG,118.4000015259,118.6999969482,118.3600006104,118.6299972534,3804000,100.3072814941
2020-07-10,AGG,118.8300018311,118.8300018311,118.4499969482,118.4899978638,3133900,100.1889266968
2020-07-13,AGG,118.4599990845,118.5299987793,118.3700027466,118.4800033569,4803200,100.1804275513
2020-07-14,AGG,118.5800018311,118.7399978638,118.5800018311,118.6699981689,3986700,100.3411178589
2020-07-15,AGG,118.5000000000,118.6999969482,118.5000000000,118.6800003052,3403600,100.3495941162
2020-07-16,AGG,118.8300018311,118.8899993896,118.7399978638,118.7600021362,3526900,100.4172363281
2020-07-17,AGG,118.9400024414,118.9899978638,118.7699966431,118.8799972534,2549100,100.5186996460
2020-07-20,AGG,119.0299987793,119.0599975586,118.9100036621,119.0100021362,3989200,100.6286163330
2020-07-21,AGG,119.0999984741,119.0999984741,119.0100021362,119.0800018311,6098200,100.6877822876
2020-07-22,AGG,119.2200012207,119.2699966431,119.1100006104,119.1800003052,6296600,100.7723541260
2020-07-23,AGG,119.3499984741,119.3899993896,119.2500000000,119.3199996948,12117200,100.8907089233
2020-07-24,AGG,119.2600021362,119.4100036621,119.1900024414,119.2799987793,11071700,100.8568878174
2020-07-27,AGG,119.4000015259,119.4199981689,119.1500015259,119.1999969482,5606100,100.7892303467
2020-07-28,AGG,119.3000030518,119.3499984741,119.2200012207,119.2799987793,6080700,100.8568878174
2020-07-29,AGG,119.3000030518,119.4300003052,119.2399978638,119.4199981689,9727900,100.9752731323
2020-07-30,AGG,119.5100021362,119.5400009155,119.4499969482,119.5100021362,3052800,101.0513610840
2020-07-31,AGG,119.4499969482,119.6299972534,119.4000015259,119.5599975586,5277900,101.0936660767
2020-08-03,AGG,119.3700027466,119.4000015259,119.1900024414,119.4000015259,13013600,101.1334533691
2020-08-04,AGG,119.4199981689,119.6299972534,119.4199981689,119.6299972534,10935200,101.3283081055
2020-08-05,AGG,119.3899993896,119.4899978638,119.3099975586,119.4000015259,17345700,101.1334533691
2020-08-06,AGG,119.6200027466,119.7300033569,119.5299987793,119.5699996948,4608600,101.2774581909
2020-08-07,AGG,119.6600036621,119.7300033569,119.4000015259,119.4300003052,5559100,101.1588745117
2020-08-10,AGG,119.6200027466,119.6399993896,119.2799987793,119.3199996948,5152700,101.0656967163
2020-08-11,AGG,119.1100006104,119.2099990845,118.8399963379,118.9899978638,7809900,100.7861709595
2020-08-12,AGG,118.7300033569,118.8899993896,118.6500015259,118.7500000000,5524500,100.5828857422
2020-08-13,AGG,118.7799987793,118.7799987793,118.2399978638,118.3099975586,8023700,100.2102279663
2020-08-14,AGG,118.4300003052,118.4899978638,118.1999969482,118.1999969482,4556500,100.1170654297
2020-08-17,AGG,118.3799972534,118.4700012207,118.3099975586,118.3600006104,4523900,100.2525939941
2020-08-18,AGG,118.4300003052,118.5999984741,118.4199981689,118.5299987793,4765800,100.3965682983
2020-08-19,AGG,118.6500015259,118.6999969482,118.3399963379,118.3499984741,4541000,100.2441101074
2020-08-20,AGG,118.5800018311,118.7099990845,118.5599975586,118.5599975586,4487500,100.4219741821
2020-08-21,AGG,118.7399978638,118.7600021362,118.5500030518,118.6800003052,6373300,100.5236358643
2020-08-24,AGG,118.7200012207,118.8199996948,118.5999984741,118.6299972534,4620900,100.4812622070
2020-08-25,AGG,118.3499984741,118.4599990845,118.1800003052,118.3799972534,4002300,100.2695083618
2020-08-26,AGG,118.3499984741,118.4199981689,118.2099990845,118.3600006104,5139800,100.2525939941
2020-08-27,AGG,118.5500030518,118.5599975586,117.9499969482,117.9499969482,5609400,99.9053192139
2020-08-28,AGG,118.0800018311,118.1600036621,117.9899978638,118.1100006104,6467400,100.0408401489
2020-08-31,AGG,118.1399993896,118.5100021362,118.1399993896,118.3700027466,10894500,100.2610549927
2020-09-01,AGG,118.1200027466,118.4400024414,118.0000000000,118.4199981689,9843200,100.4689025879
2020-09-02,AGG,118.4199981689,118.7099990845,118.3399963379,118.6600036621,4838500,100.6725006104
2020-09-03,AGG,118.7300033569,118.8700027466,118.6200027466,118.6900024414,6856700,100.6979827881
2020-09-04,AGG,118.4100036621,118.5199966431,118.0800018311,118.0999984741,5366800,100.1974029541
2020-09-08,AGG,118.3399963379,118.4599990845,118.1999969482,118.2300033569,8894000,100.3077468872
2020-09-09,AGG,118.3899993896,118.3899993896,118.0400009155,118.2200012207,7824800,100.2992401123
2020-09-10,AGG,118.1500015259,118.2900009155,118.0199966431,118.2300033569,4932600,100.3077468872
2020-09-11,AGG,118.4199981689,118.4899978638,118.2399978638,118.3700027466,8200400,100.4264984131
2020-09-14,AGG,118.4700012207,118.4899978638,118.3099975586,118.3799972534,6394200,100.4349517822
2020-09-15,AGG,118.2900009155,118.4300003052,118.2900009155,118.3899993896,4163000,100.4434204102
2020-09-16,AGG,118.5299987793,118.5299987793,118.1999969482,118.3300018311,6452500,100.3925552368
2020-09-17,AGG,118.5000000000,118.5199966431,118.3300018311,118.3600006104,4882200,100.4179992676
2020-09-18,AGG,118.4400024414,118.4400024414,118.1800003052,118.2200012207,5149400,100.2992401123
2020-09-21,AGG,118.4100036621,118.4199981689,118.2399978638,118.2399978638,6191900,100.3162002563
2020-09-22,AGG,118.2500000000,118.3799972534,118.2399978638,118.3300018311,4390200,100.3925552368
2020-09-23,AGG,118.3499984741,118.3499984741,118.0699996948,118.0800018311,5392900,100.1804504395
2020-09-24,AGG,118.0100021362,118.1600036621,118.0100021362,118.0899963379,4145000,100.1889343262
2020-09-25,AGG,118.1200027466,118.1699981689,118.0500030518,118.1299972534,5138200,100.2228317261
2020-09-28,AGG,118.1800003052,118.2300033569,118.1100006104,118.2300033569,5830400,100.3077468872
2020-09-29,AGG,118.2799987793,118.3300018311,118.2099990845,118.2500000000,5301700,100.3246688843
2020-09-30,AGG,118.2600021362,118.2600021362,117.9499969482,118.0599975586,6090800,100.1634674072
2020-10-01,AGG,117.8099975586,118.0400009155,117.7500000000,118.0199966431,9741800,100.3011322021
2020-10-02,AGG,118.0299987793,118.0400009155,117.8099975586,117.9000015259,5599500,100.1991424561
2020-10-05,AGG,117.7399978638,117.7399978638,117.5199966431,117.5199966431,4890800,99.8762283325
2020-10-06,AGG,117.5999984741,117.8399963379,117.4899978638,117.6200027466,4338600,99.9611968994
2020-10-07,AGG,117.5299987793,117.6600036621,117.4499969482,117.5400009155,4801700,99.8932113647
2020-10-08,AGG,117.6699981689,117.7099990845,117.5899963379,117.6900024414,4236000,100.0206909180
2020-10-09,AGG,117.6500015259,117.7399978638,117.5000000000,117.7200012207,2909300,100.0461959839
2020-10-12,AGG,117.8499984741,117.9499969482,117.7699966431,117.9499969482,2999300,100.2416534424
2020-10-13,AGG,118.0100021362,118.0699996948,117.9300003052,117.9800033569,3421700,100.2671585083
2020-10-14,AGG,118.0999984741,118.1100006104,117.9899978638,118.0500030518,4919700,100.3266525269
2020-10-15,AGG,118.1500015259,118.1500015259,117.9499969482,117.9499969482,5459200,100.2416534424
2020-10-16,AGG,117.9899978638,118.0800018311,117.8799972534,117.8899993896,3931500,100.1906509399
2020-10-19,AGG,117.8099975586,117.8700027466,117.7200012207,117.7500000000,4685000,100.0716781616
2020-10-20,AGG,117.6999969482,117.7099990845,117.5800018311,117.6500015259,4013600,99.9867019653
2020-10-21,AGG,117.5899963379,117.6399993896,117.4800033569,117.5100021362,3688300,99.8677215576
2020-10-22,AGG,117.5100021362,117.5400009155,117.3000030518,117.3000030518,4801000,99.6892242432
2020-10-23,AGG,117.3000030518,117.5199966431,117.3000030518,117.4700012207,3878700,99.8337249756
2020-10-26,AGG,117.6500015259,117.7200012207,117.5899963379,117.6299972534,4962500,99.9696960449
2020-10-27,AGG,117.8000030518,117.9100036621,117.7300033569,117.9000015259,5694100,100.1991424561
2020-10-28,AGG,117.8099975586,117.9599990845,117.7200012207,117.7300033569,7329200,100.0547027588
2020-10-29,AGG,117.7600021362,117.7699966431,117.4000015259,117.5199966431,11775800,99.8762283325
2020-10-30,AGG,117.4499969482,117.5199966431,117.1999969482,117.1999969482,10610000,99.6042556763
2020-11-02,AGG,117.2699966431,117.3499984741,117.1800003052,117.2200012207,6667900,99.7847213745
2020-11-03,AGG,117.2200012207,117.2200012207,117.0500030518,117.1699981689,7519700,99.7421646118
2020-11-04,AGG,117.9000015259,118.0400009155,117.8300018311,117.9499969482,5308700,100.4061355591
2020-11-05,AGG,118.0899963379,118.1200027466,117.9100036621,118.0599975586,5293900,100.4997711182
2020-11-06,AGG,117.8099975586,117.8600006104,117.6699981689,117.8000030518,5929700,100.2784423828
2020-11-09,AGG,117.4000015259,117.4700012207,117.0599975586,117.2500000000,6625300,99.8102645874
2020-11-10,AGG,117.0500030518,117.2300033569,117.0299987793,117.0599975586,5146300,99.6485519409
2020-11-11,AGG,117.0599975586,117.1800003052,117.0199966431,117.1299972534,3044300,99.7080993652
2020-11-12,AGG,117.3700027466,117.6299972534,117.3300018311,117.6200027466,7740800,100.1252288818
2020-11-13,AGG,117.5199966431,117.6900024414,117.5199966431,117.6399993896,5125300,100.1422271729
2020-11-16,AGG,117.6100006104,117.6699981689,117.5800018311,117.6299972534,7951400,100.1337356567
2020-11-17,AGG,117.7500000000,117.9000015259,117.7500000000,117.8700027466,4650100,100.3380432129
2020-11-18,AGG,117.9499969482,117.9899978638,117.8899993896,117.9499969482,6191100,100.4061355591
2020-11-19,AGG,118.0800018311,118.2600021362,118.0299987793,118.1699981689,6680800,100.5934219360
2020-11-20,AGG,118.1900024414,118.3399963379,118.1299972534,118.2900009155,7217400,100.6956024170
2020-11-23,AGG,118.2799987793,118.3000030518,118.1699981689,118.2600021362,4739000,100.6700515747
2020-11-24,AGG,118.2399978638,118.2799987793,118.0699996948,118.0999984741,4696800,100.5338363647
2020-11-25,AGG,118.1500015259,118.2099990845,118.0199966431,118.0599975586,4125000,100.4997711182
2020-11-27,AGG,118.2500000000,118.2900009155,118.2200012207,118.2600021362,3436200,100.6700515747
2020-11-30,AGG,118.3199996948,118.4499969482,118.2500000000,118.4199981689,8688500,100.8061904907
2020-12-01,AGG,118.0299987793,118.0999984741,117.7300033569,117.8399963379,5190800,100.4872894287
2020-12-02,AGG,117.8099975586,117.8099975586,117.5400009155,117.7099990845,6121000,100.3764343262
2020-12-03,AGG,117.9199981689,117.9800033569,117.7699966431,117.9100036621,5198400,100.5469970703
2020-12-04,AGG,117.9000015259,117.9000015259,117.5100021362,117.5899963379,5896100,100.2740936279
2020-12-07,AGG,117.7600021362,117.8300018311,117.6900024414,117.7699966431,6127800,100.4276199341
2020-12-08,AGG,117.8799972534,117.9599990845,117.7500000000,117.7799987793,6807000,100.4361419678
2020-12-09,AGG,117.7300033569,117.7799987793,117.5199966431,117.6100006104,6975700,100.2911834717
2020-12-10,AGG,117.7399978638,117.9300003052,117.6900024414,117.9000015259,6192200,100.5384750366
2020-12-11,AGG,118.0100021362,118.0899963379,117.9499969482,118.0299987793,5636100,100.6493072510
2020-12-14,AGG,117.8600006104,118.0299987793,117.8000030518,117.9599990845,4705600,100.5896682739
2020-12-15,AGG,117.9499969482,118.0299987793,117.9000015259,118.0299987793,4217800,100.6493072510
2020-12-16,AGG,117.8300018311,118.0299987793,117.7600021362,117.9800033569,4467900,100.6066818237
2020-12-17,AGG,118.0100021362,118.0599975586,117.7300033569,117.8499984741,6610400,100.6024475098
2020-12-18,AGG,117.9700012207,117.9700012207,117.7600021362,117.7900009155,3874700,100.5512313843
2020-12-21,AGG,117.9199981689,117.9599990845,117.7500000000,117.7900009155,4818300,100.5512313843
2020-12-22,AGG,117.8799972534,117.9800033569,117.8300018311,117.9599990845,4516500,100.6963272095
2020-12-23,AGG,117.8099975586,117.8799972534,117.6299972534,117.8799972534,4157700,100.6280364990
2020-12-24,AGG,117.9400024414,118.0500030518,117.9300003052,117.9899978638,2214500,100.7219390869
2020-12-28,AGG,117.9700012207,118.0500030518,117.8300018311,118.0100021362,4567200,100.7390213013
2020-12-29,AGG,118.0599975586,118.0599975586,117.9199981689,118.0299987793,4300100,100.7560882568
2020-12-30,AGG,118.0899963379,118.1200027466,117.9800033569,118.0999984741,2762200,100.8158187866
2020-12-31,AGG,118.1800003052,118.2399978638,118.1200027466,118.1900024414,4834700,100.8926544189
2021-01-04,AGG,118.0800018311,118.1399993896,117.9899978638,118.0400009155,6414100,100.7646255493
2021-01-05,AGG,118.0599975586,118.0599975586,117.7500000000,117.9199981689,7477900,100.6621932983
2021-01-06,AGG,117.9000015259,117.9000015259,117.1500015259,117.3399963379,10687200,100.1670532227
2021-01-07,AGG,117.1299972534,117.2600021362,117.0699996948,117.2200012207,6639400,100.0646286011
2021-01-08,AGG,117.1800003052,117.3399963379,116.9800033569,117.0800018311,7335700,99.9451217651
2021-01-11,AGG,117.0199966431,117.0500030518,116.8899993896,116.8899993896,8610100,99.7828750610
2021-01-12,AGG,116.8199996948,116.9899978638,116.6800003052,116.9899978638,7269600,99.8682861328
2021-01-13,AGG,117.6299972534,117.6299972534,117.0800018311,117.3600006104,6788500,100.1841583252
2021-01-14,AGG,117.3700027466,117.4499969482,117.0800018311,117.1299972534,6610500,99.9878082275
2021-01-15,AGG,117.3399963379,117.3600006104,117.1800003052,117.2500000000,6447700,100.0902328491
2021-01-19,AGG,117.2699966431,117.4199981689,117.2200012207,117.4100036621,7601100,100.2268371582
2021-01-20,AGG,117.3499984741,117.4300003052,117.3099975586,117.4199981689,6229100,100.2353439331
2021-01-21,AGG,117.2200012207,117.3000030518,117.1399993896,117.2500000000,8301000,100.0902328491
2021-01-22,AGG,117.2900009155,117.3199996948,117.1900024414,117.2500000000,3513700,100.0902328491
2021-01-25,AGG,117.3899993896,117.5599975586,117.3600006104,117.5500030518,4049000,100.3463439941
2021-01-26,AGG,117.4599990845,117.5899963379,117.4300003052,117.5100021362,3639500,100.3121871948
2021-01-27,AGG,117.6100006104,117.6699981689,117.0400009155,117.5199966431,3619100,100.3207321167
2021-01-28,AGG,117.4800033569,117.4899978638,117.2900009155,117.4400024414,6176500,100.2524414062
2021-01-29,AGG,117.1600036621,117.4000015259,116.5599975586,117.3099975586,12164800,100.1414794922
2021-02-01,AGG,117.1999969482,117.2600021362,117.0899963379,117.2300033569,6621900,100.2372131348
2021-02-02,AGG,116.9899978638,117.0899963379,116.9700012207,117.0500030518,7323400,100.0833282471
2021-02-03,AGG,116.9700012207,116.9899978638,116.8700027466,116.9100036621,5492400,99.9636077881
2021-02-04,AGG,116.7500000000,116.8899993896,116.6900024414,116.8600006104,5287400,99.9208602905
2021-02-05,AGG,116.9100036621,116.9599990845,116.6999969482,116.7099990845,3446600,99.7926025391
2021-02-08,AGG,116.7500000000,116.9300003052,116.7200012207,116.8300018311,4704200,99.8952178955
2021-02-09,AGG,116.9400024414,116.9700012207,116.8199996948,116.8799972534,4533400,99.9379272461
2021-02-10,AGG,116.9700012207,117.0100021362,116.9199981689,116.9899978638,4378300,100.0320205688
2021-02-11,AGG,117.0299987793,117.0299987793,116.8000030518,116.8499984741,3470800,99.9122924805
2021-02-12,AGG,116.6699981689,116.7399978638,116.5400009155,116.5800018311,3284900,99.6814346313
2021-02-16,AGG,116.2200012207,116.2300033569,116.0199966431,116.0299987793,5682700,99.2111511230
2021-02-17,AGG,116.2200012207,116.2900009155,116.1500015259,116.2600021362,6304100,99.4078140259
2021-02-18,AGG,116.1399993896,116.2799987793,116.0299987793,116.1999969482,5333500,99.3565216064
2021-02-19,AGG,116.0199966431,116.0599975586,115.7500000000,115.8399963379,4673100,99.0486907959
2021-02-22,AGG,115.7600021362,115.8700027466,115.4800033569,115.4800033569,4894200,98.7409133911
2021-02-23,AGG,115.7500000000,115.7500000000,115.2699966431,115.5100021362,6035200,98.7665481567
2021-02-24,AGG,115.0599975586,115.5000000000,115.0100021362,115.4700012207,6232300,98.7323379517
2021-02-25,AGG,115.0100021362,115.2900009155,114.1999969482,114.4100036621,14926900,97.8259811401
2021-02-26,AGG,114.9599990845,115.3899993896,114.5899963379,115.3399963379,11333400,98.6211776733
2021-03-01,AGG,114.9700012207,115.5899963379,114.8899993896,115.0899963379,13018100,98.5697860718
2021-03-02,AGG,115.0400009155,115.1200027466,114.9499969482,115.1100006104,10111300,98.5869598389
2021-03-03,AGG,114.8000030518,114.8300018311,114.5999984741,114.6900024414,10317500,98.2272109985
2021-03-04,AGG,114.7900009155,114.8000030518,114.2600021362,114.3600006104,5953600,97.9445648193
2021-03-05,AGG,114.1699981689,114.3199996948,114.0500030518,114.2799987793,8675700,97.8760528564
2021-03-08,AGG,114.1999969482,114.2300033569,113.8300018311,113.8300018311,5639400,97.4906768799
2021-03-09,AGG,114.1999969482,114.3099975586,114.0000000000,114.2600021362,5676800,97.8589248657
2021-03-10,AGG,114.3000030518,114.5000000000,114.2799987793,114.4499969482,6936900,98.0216522217
2021-03-11,AGG,114.4700012207,114.5400009155,114.3000030518,114.4400024414,8827800,98.0130996704
2021-03-12,AGG,113.8799972534,113.9100036621,113.7099990845,113.7900009155,5066800,97.4563751221
2021-03-15,AGG,113.5999984741,114.0100021362,113.5999984741,113.9100036621,5000500,97.5591964722
2021-03-16,AGG,113.9700012207,114.0299987793,113.7799987793,113.8700027466,3990900,97.5249023438
2021-03-17,AGG,113.5500030518,113.9800033569,113.4800033569,113.8600006104,6229800,97.5163574219
2021-03-18,AGG,113.3199996948,113.5500030518,113.1999969482,113.4199981689,6222200,97.1395111084
2021-03-19,AGG,113.4000015259,113.5400009155,113.3300018311,113.5100021362,4701400,97.2165908813
2021-03-22,AGG,113.6999969482,113.8000030518,113.5999984741,113.7300033569,5468600,97.4050216675
2021-03-23,AGG,113.8899993896,114.0400009155,113.7699966431,114.0199966431,5524900,97.6533813477
2021-03-24,AGG,113.9000015259,114.1999969482,113.8600006104,114.1600036621,6352600,97.7732772827
2021-03-25,AGG,114.2399978638,114.2900009155,113.9899978638,114.0999984741,5178000,97.7218933105
2021-03-26,AGG,113.9100036621,114.0800018311,113.8600006104,113.9100036621,4333900,97.5591964722
2021-03-29,AGG,113.5199966431,114.0000000000,113.5199966431,113.7200012207,7630800,97.3964538574
2021-03-30,AGG,113.6399993896,113.8499984741,113.5299987793,113.8099975586,4996900,97.4735260010
2021-03-31,AGG,113.8399963379,113.9800033569,113.7099990845,113.8300018311,6309200,97.4906768799
2021-04-01,AGG,113.9300003052,114.0500030518,113.8300018311,114.0400009155,10767200,97.8183593750
2021-04-05,AGG,113.7799987793,113.8899993896,113.6900024414,113.8099975586,9230100,97.6210479736
2021-04-06,AGG,113.9800033569,114.2200012207,113.9499969482,114.2099990845,4864100,97.9641342163
2021-04-07,AGG,114.1200027466,114.3000030518,114.0299987793,114.0299987793,4505600,97.8097381592
2021-04-08,AGG,114.1800003052,114.3099975586,114.1299972534,114.3099975586,4932100,98.0498962402
2021-04-09,AGG,114.1100006104,114.3300018311,114.0400009155,114.1800003052,7467100,97.9383926392
2021-04-12,AGG,114.1699981689,114.1699981689,114.0000000000,114.1500015259,3844900,97.9126663208
2021-04-13,AGG,114.1200027466,114.4800033569,114.1100006104,114.4800033569,4040500,98.1957397461
2021-04-14,AGG,114.4100036621,114.4400024414,114.2799987793,114.3899993896,3620500,98.1185760498
2021-04-15,AGG,113.7799987793,114.9800033569,113.7799987793,114.8399963379,6753200,98.5045318604
2021-04-16,AGG,114.5599975586,114.6699981689,114.5000000000,114.5400009155,3663600,98.2472152710
2021-04-19,AGG,114.0000000000,114.5000000000,114.0000000000,114.4499969482,5072800,98.1699981689
2021-04-20,AGG,114.4199981689,114.6699981689,114.3899993896,114.6299972534,4322200,98.3243865967
2021-04-21,AGG,114.5999984741,114.7399978638,114.5299987793,114.7399978638,5511300,98.4187545776
2021-04-22,AGG,114.7399978638,114.8000030518,114.5899963379,114.7699966431,4570700,98.4444732666
2021-04-23,AGG,114.8099975586,115.0899963379,114.6399993896,114.7500000000,3620700,98.4272994995
2021-04-26,AGG,114.7399978638,114.8000030518,114.6500015259,114.6500015259,3480300,98.3415527344
2021-04-27,AGG,115.1299972534,115.1299972534,114.3700027466,114.3700027466,3823300,98.1013870239
2021-04-28,AGG,114.4499969482,114.4700012207,114.1999969482,114.4300003052,7078600,98.1528396606
2021-04-29,AGG,114.1399993896,114.3700027466,114.0899963379,114.3700027466,6254100,98.1013870239
2021-04-30,AGG,114.4100036621,114.5199966431,114.3300018311,114.4899978638,6469500,98.2043075562
2021-05-03,AGG,114.4000015259,114.5899963379,114.3300018311,114.3899993896,5939500,98.2670364380
2021-05-04,AGG,114.5500030518,114.6999969482,114.4100036621,114.5299987793,6291300,98.3872985840
2021-05-05,AGG,114.4499969482,114.6200027466,114.4499969482,114.6200027466,3329000,98.4645996094
2021-05-06,AGG,114.5500030518,114.7099990845,114.5299987793,114.6399993896,4739400,98.4817733765
2021-05-07,AGG,114.8499984741,114.9700012207,114.5699996948,114.6100006104,7005200,98.4560165405
2021-05-10,AGG,114.6100006104,114.7200012207,114.4000015259,114.4300003052,5576500,98.3013687134
2021-05-11,AGG,114.2300033569,114.3799972534,114.1299972534,114.1800003052,6161400,98.0866012573
2021-05-12,AGG,113.9800033569,114.0100021362,113.7799987793,113.7799987793,7000800,97.7429962158
2021-05-13,AGG,113.9000015259,114.0599975586,113.7799987793,114.0400009155,6772300,97.9663772583
2021-05-14,AGG,114.2200012207,114.3000030518,114.1200027466,114.3000030518,3985500,98.1897125244
2021-05-17,AGG,114.2099990845,114.2500000000,114.1500015259,114.1999969482,4926600,98.1038055420
2021-05-18,AGG,114.1100006104,114.1100006104,114.0299987793,114.0599975586,3674600,97.9835205078
2021-05-19,AGG,114.6200027466,114.6200027466,113.7900009155,113.9000015259,6892400,97.8460769653
2021-05-20,AGG,114.0800018311,114.3000030518,114.0800018311,114.2900009155,6243300,98.1811294556
2021-05-21,AGG,114.3600006104,114.4000015259,114.2300033569,114.3399963379,3873200,98.2240524292
2021-05-24,AGG,114.5000000000,114.5100021362,114.3799972534,114.4499969482,3867700,98.3185577393
2021-05-25,AGG,114.5800018311,114.7500000000,114.0299987793,114.7300033569,6351700,98.5591125488
2021-05-26,AGG,114.1299972534,114.8000030518,114.1299972534,114.6900024414,3969400,98.5247192383
2021-05-27,AGG,114.6100006104,114.6200027466,114.4499969482,114.5500030518,5072300,98.4044570923
2021-05-28,AGG,114.5500030518,114.6800003052,114.5000000000,114.5500030518,6768200,98.4044570923
2021-06-01,AGG,114.3600006104,114.4000015259,114.1600036621,114.3300018311,6209800,98.3588790894
2021-06-02,AGG,114.4499969482,114.5100021362,114.3000030518,114.4800033569,6103900,98.4879074097
2021-06-03,AGG,114.3099975586,114.4599990845,114.2099990845,114.2099990845,3464300,98.2556152344
2021-06-04,AGG,114.3899993896,114.6800003052,114.2200012207,114.6800003052,4535800,98.6599807739
2021-06-07,AGG,113.9700012207,114.6399993896,113.9700012207,114.5999984741,3728400,98.5911636353
2021-06-08,AGG,114.8399963379,114.8700027466,114.7799987793,114.8099975586,4395100,98.7718200684
2021-06-09,AGG,115.4300003052,115.4300003052,114.9700012207,115.0400009155,3643100,98.9696960449
2021-06-10,AGG,115.3000030518,115.3099975586,114.8600006104,115.2799987793,4021900,99.1761474609
2021-06-11,AGG,115.3099975586,115.3199996948,115.1600036621,115.2300033569,3781900,99.1331558228
2021-06-14,AGG,115.1800003052,115.1800003052,114.9400024414,114.9400024414,3270800,98.8836517334
2021-06-15,AGG,114.9000015259,115.0199966431,114.8700027466,114.9899978638,8230400,98.9266738892
2021-06-16,AGG,115.0699996948,115.1299972534,114.5100021362,114.6200027466,8654200,98.6083450317
2021-06-17,AGG,114.7900009155,115.2500000000,114.7900009155,114.9800033569,7641700,98.9180679321
2021-06-18,AGG,115.0500030518,115.3899993896,114.9100036621,115.2900009155,5690400,99.1847763062
2021-06-21,AGG,115.0599975586,115.1200027466,114.9199981689,114.9899978638,6875500,98.9266738892
2021-06-22,AGG,114.8300018311,115.1399993896,114.8300018311,115.1100006104,6485100,99.0298995972
2021-06-23,AGG,115.0599975586,115.1399993896,114.9899978638,115.0500030518,5070500,98.9782791138
2021-06-24,AGG,115.0999984741,115.1699981689,115.0500030518,115.0899963379,8357900,99.0127105713
2021-06-25,AGG,115.1100006104,115.1299972534,114.7500000000,114.8600006104,6496600,98.8148269653
2021-06-28,AGG,115.0400009155,115.2300033569,115.0400009155,115.1900024414,5739000,99.0987472534
2021-06-29,AGG,115.0599975586,115.2500000000,115.0500030518,115.2500000000,5097100,99.1503448486
2021-06-30,AGG,115.3600006104,115.4499969482,115.3000030518,115.3300018311,6653100,99.2191925049
2021-07-01,AGG,115.1500015259,115.1900024414,115.0100021362,115.1100006104,4744900,99.1640548706
2021-07-02,AGG,115.2300033569,115.3700027466,115.1699981689,115.3600006104,4312800,99.3794250488
2021-07-06,AGG,115.5100021362,115.8300018311,115.5100021362,115.7300033569,7372900,99.6981658936
2021-07-07,AGG,115.8300018311,116.0199966431,115.7500000000,115.9300003052,7786400,99.8704681396
2021-07-08,AGG,116.0400009155,116.1800003052,115.9599990845,116.0599975586,6538400,99.9824295044
2021-07-09,AGG,115.7399978638,115.7600021362,115.6800003052,115.6800003052,4750800,99.6550979614
2021-07-12,AGG,115.8000030518,115.8099975586,115.5999984741,115.6100006104,4266600,99.5947799683
2021-07-13,AGG,115.6500015259,115.7600021362,115.3000030518,115.3600006104,5145200,99.3794250488
2021-07-14,AGG,115.5899963379,115.7600021362,115.5699996948,115.7500000000,4977400,99.7153930664
2021-07-15,AGG,115.9400024414,116.0199966431,115.7200012207,116.0000000000,4480900,99.9307785034
2021-07-16,AGG,115.7699966431,115.9599990845,115.7600021362,115.9000015259,3869500,99.8446273804
2021-07-19,AGG,116.3899993896,116.6100006104,116.3499984741,116.5100021362,6688100,100.3701019287
2021-07-20,AGG,116.7799987793,116.8199996948,116.3199996948,116.4000015259,8474800,100.2753677368
2021-07-21,AGG,116.0800018311,116.1500015259,115.9199981689,116.0199966431,9686100,99.9479751587
2021-07-22,AGG,116.0299987793,116.3499984741,116.0299987793,116.2900009155,8176300,100.1805496216
2021-07-23,AGG,116.0299987793,116.2200012207,116.0299987793,116.2099990845,4441000,100.1116714478
2021-07-26,AGG,116.3000030518,116.3300018311,116.0899963379,116.1100006104,7127400,100.0255050659
2021-07-27,AGG,116.3499984741,116.4000015259,116.2699966431,116.3799972534,5423800,100.2581253052
2021-07-28,AGG,116.2399978638,116.4899978638,116.1399993896,116.4899978638,5463600,100.3528823853
2021-07-29,AGG,116.2900009155,116.3600006104,116.2300033569,116.3000030518,6629500,100.1892013550
2021-07-30,AGG,116.3600006104,116.4899978638,116.3499984741,116.4599990845,5552100,100.3270416260
2021-08-02,AGG,116.3600006104,116.6800003052,116.3099975586,116.5400009155,5753800,100.5401535034
2021-08-03,AGG,116.5599975586,116.6900024414,116.5299987793,116.5800018311,3715300,100.5746307373
2021-08-04,AGG,116.7699966431,116.8300018311,116.3000030518,116.5699996948,4654300,100.5659790039
2021-08-05,AGG,116.4599990845,116.4800033569,116.2799987793,116.3099975586,3283100,100.3417053223
2021-08-06,AGG,115.9300003052,116.0199966431,115.7799987793,115.7900009155,3812000,99.8930816650
2021-08-09,AGG,115.8899993896,115.9599990845,115.5800018311,115.5800018311,5298600,99.7119216919
2021-08-10,AGG,115.6500015259,115.6500015259,115.4300003052,115.4300003052,7332100,99.5825042725
2021-08-11,AGG,115.4599990845,115.6999969482,115.3399963379,115.5400009155,6674600,99.6773910522
2021-08-12,AGG,115.4899978638,115.5800018311,115.4000015259,115.5500030518,5017300,99.6860198975
2021-08-13,AGG,115.6500015259,115.9700012207,115.6399993896,115.9700012207,4599800,100.0483627319
2021-08-16,AGG,116.1399993896,116.2699966431,116.0299987793,116.0299987793,3693600,100.1001205444
2021-08-17,AGG,115.9800033569,116.0899963379,115.9300003052,115.9400024414,5469200,100.0225143433
2021-08-18,AGG,115.9400024414,116.0299987793,115.8000030518,115.9499969482,3981900,100.0311355591
2021-08-19,AGG,116.1200027466,116.1600036621,116.0199966431,116.1500015259,4581300,100.2036743164
2021-08-20,AGG,116.1800003052,116.2099990845,116.0800018311,116.1600036621,2897800,100.2122879028
2021-08-23,AGG,116.0899963379,116.1800003052,116.0400009155,116.1600036621,6585300,100.2122879028
2021-08-24,AGG,116.0800018311,116.1399993896,115.9599990845,115.9899978638,5875400,100.0656661987
2021-08-25,AGG,115.9899978638,116.0100021362,115.6800003052,115.7699966431,5452000,99.8758316040
2021-08-26,AGG,115.7600021362,115.7900009155,115.6399993896,115.7799987793,4879200,99.8844604492
2021-08-27,AGG,115.8099975586,116.0999984741,115.7099990845,116.0999984741,5545600,100.1605072021
2021-08-30,AGG,116.0199966431,116.2300033569,116.0000000000,116.2300033569,3706000,100.2726974487
2021-08-31,AGG,116.1800003052,116.2900009155,116.0199966431,116.0599975586,6763900,100.1260147095
2021-09-01,AGG,116.0199966431,116.0199966431,115.8099975586,115.9300003052,4154000,100.1579895020
2021-09-02,AGG,116.0199966431,116.0599975586,115.9199981689,116.0500030518,5427300,100.2616577148
2021-09-03,AGG,115.8399963379,115.8899993896,115.7699966431,115.8499984741,5274300,100.0888824463
2021-09-07,AGG,115.6399993896,115.6500015259,115.4700012207,115.5400009155,3579900,99.8210449219
2021-09-08,AGG,115.6999969482,115.8199996948,115.6200027466,115.7300033569,3417500,99.9851913452
2021-09-09,AGG,115.8399963379,116.1500015259,115.7600021362,116.0999984741,3332600,100.3048324585
2021-09-10,AGG,115.9899978638,116.0100021362,115.7799987793,115.8700027466,3957300,100.1061782837
2021-09-13,AGG,116.0000000000,116.0800018311,115.9599990845,116.0199966431,3954100,100.2357559204
2021-09-14,AGG,116.0699996948,116.3799972534,116.0699996948,116.2799987793,4183600,100.4603500366
2021-09-15,AGG,116.2900009155,116.2900009155,116.0899963379,116.1699981689,3448500,100.3653411865
2021-09-16,AGG,115.9499969482,116.1100006104,115.9100036621,115.9700012207,4265500,100.1925201416
2021-09-17,AGG,115.8000030518,115.8799972534,115.7399978638,115.8700027466,5742500,100.1061782837
2021-09-20,AGG,116.0199966431,116.1699981689,115.9800033569,116.0899963379,5464700,100.2962265015
2021-09-21,AGG,116.1299972534,116.1699981689,116.0500030518,116.1399993896,5225200,100.3394317627
2021-09-22,AGG,116.1100006104,116.2500000000,116.0100021362,116.1800003052,7139900,100.3739700317
2021-09-23,AGG,115.9300003052,115.9400024414,115.5699996948,115.6100006104,8265000,99.8815002441
2021-09-24,AGG,115.5000000000,115.5100021362,115.3199996948,115.4100036621,4461900,99.7087631226
2021-09-27,AGG,115.2099990845,115.3799972534,115.1900024414,115.2500000000,5630600,99.5705032349
2021-09-28,AGG,114.9000015259,115.0000000000,114.6999969482,114.7699966431,7017100,99.1557922363
2021-09-29,AGG,114.9700012207,115.0599975586,114.7200012207,114.8499984741,6161300,99.2249069214
2021-09-30,AGG,114.7699966431,114.8600006104,114.6900024414,114.8300018311,5348800,99.2076263428
2021-10-01,AGG,114.8199996948,115.0599975586,114.7900009155,115.0000000000,7064500,99.5104827881
2021-10-04,AGG,114.9199981689,115.0299987793,114.8000030518,114.9199981689,4180600,99.4412765503
2021-10-05,AGG,114.8199996948,114.8700027466,114.6100006104,114.6500015259,7421900,99.2076263428
2021-10-06,AGG,114.6800003052,114.7300033569,114.5899963379,114.6999969482,4893400,99.2509078979
2021-10-07,AGG,114.4599990845,114.5000000000,114.3399963379,114.3799972534,4456100,98.9739990234
2021-10-08,AGG,114.3099975586,114.3499984741,114.0699996948,114.1299972534,4581900,98.7576828003
2021-10-11,AGG,114.0100021362,114.0699996948,113.9400024414,113.9499969482,2178400,98.6019287109
2021-10-12,AGG,114.1699981689,114.3799972534,114.1100006104,114.3700027466,3688400,98.9653472900
2021-10-13,AGG,114.4300003052,114.6399993896,114.4199981689,114.6299972534,5522700,99.1903457642
2021-10-14,AGG,114.6999969482,114.8499984741,114.6299972534,114.8499984741,4094500,99.3806915283
2021-10-15,AGG,114.6100006104,114.6299972534,114.5100021362,114.5699996948,4644800,99.1383972168
2021-10-18,AGG,114.3300018311,114.5599975586,114.2500000000,114.4899978638,5575100,99.0691909790
2021-10-19,AGG,114.3700027466,114.3700027466,114.1600036621,114.1600036621,5041000,98.7836227417
2021-10-20,AGG,114.1699981689,114.2900009155,114.0599975586,114.0800018311,6183700,98.7144165039
2021-10-21,AGG,114.0100021362,114.0400009155,113.8399963379,113.8399963379,5228300,98.5067214966
2021-10-22,AGG,113.9700012207,114.1399993896,113.9000015259,114.0599975586,3528600,98.6970901489
2021-10-25,AGG,114.0599975586,114.2699966431,114.0599975586,114.1699981689,8569600,98.7922897339
2021-10-26,AGG,114.2500000000,114.3799972534,114.1100006104,114.3799972534,5429800,98.9739990234
2021-10-27,AGG,114.6600036621,114.9199981689,114.4300003052,114.7600021362,8048500,99.3028335571
2021-10-28,AGG,114.7099990845,114.8300018311,114.5699996948,114.6699981689,5916000,99.2249679565
2021-10-29,AGG,114.3499984741,114.7799987793,114.3499984741,114.6399993896,10047900,99.1989669800
2021-11-01,AGG,114.1600036621,114.4199981689,114.1399993896,114.3899993896,6197900,99.1383132935
2021-11-02,AGG,114.4300003052,114.6900024414,114.4300003052,114.6200027466,5317000,99.3376617432
2021-11-03,AGG,114.6500015259,114.6900024414,114.2500000000,114.3899993896,6421700,99.1383132935
2021-11-04,AGG,114.5100021362,114.8399963379,114.4800033569,114.7699966431,6618100,99.4676589966
2021-11-05,AGG,114.9899978638,115.3199996948,114.9000015259,115.2200012207,7283100,99.8576583862
2021-11-08,AGG,115.1399993896,115.1500015259,114.9499969482,115.0100021362,4922800,99.6756439209
2021-11-09,AGG,115.3799972534,115.5000000000,115.2900009155,115.3300018311,8960500,99.9530029297
2021-11-10,AGG,115.1100006104,115.1399993896,114.4000015259,114.5500030518,11620300,99.2770080566
2021-11-11,AGG,114.5100021362,114.5699996948,114.3000030518,114.3399963379,3937100,99.0949783325
2021-11-12,AGG,114.5000000000,114.5899963379,114.2600021362,114.3199996948,4554700,99.0776596069
2021-11-15,AGG,114.3000030518,114.3099975586,113.9000015259,113.9000015259,6405000,98.7136611938
2021-11-16,AGG,113.9199981689,114.1100006104,113.8399963379,113.8600006104,7484000,98.6789779663
2021-11-17,AGG,113.7900009155,114.1299972534,113.7699966431,114.1299972534,7173100,98.9129943848
2021-11-18,AGG,114.0500030518,114.2799987793,114.0299987793,114.2300033569,4226900,98.9996719360
2021-11-19,AGG,114.4899978638,114.5899963379,114.4199981689,114.4499969482,5685900,99.1903228760
2021-11-22,AGG,114.1399993896,114.2300033569,113.8199996948,113.9000015259,6995300,98.7136611938
2021-11-23,AGG,113.7099990845,113.7699966431,113.4499969482,113.4499969482,6268600,98.3236389160
2021-11-24,AGG,113.4700012207,113.7300033569,113.3899993896,113.7099990845,8472400,98.5489807129
2021-11-26,AGG,114.3300018311,114.5800018311,114.1999969482,114.5199966431,3258900,99.2509613037
2021-11-29,AGG,114.1500015259,114.5999984741,114.1299972534,114.5800018311,8982800,99.3029937744
2021-11-30,AGG,114.8700027466,115.1100006104,114.5000000000,114.7699966431,13109000,99.4676589966
2021-12-01,AGG,114.2699966431,114.6399993896,114.2099990845,114.6299972534,12772700,99.4867477417
2021-12-02,AGG,114.6699981689,114.7900009155,114.4000015259,114.6100006104,7759700,99.4693908691
2021-12-03,AGG,114.5000000000,115.2399978638,114.4599990845,115.0699996948,7600800,99.8686294556
2021-12-06,AGG,114.9800033569,115.0400009155,114.6200027466,114.6699981689,9416700,99.5214614868
2021-12-07,AGG,114.5199966431,114.7099990845,114.4499969482,114.4899978638,6786900,99.3652420044
2021-12-08,AGG,114.3700027466,114.3700027466,114.0500030518,114.1900024414,8050100,99.1048660278
2021-12-09,AGG,114.2799987793,114.3899993896,114.1200027466,114.1999969482,8646500,99.1135559082
2021-12-10,AGG,114.3700027466,114.5100021362,114.2200012207,114.2300033569,6501300,99.1395874023
2021-12-13,AGG,114.5100021362,114.7099990845,114.4599990845,114.6299972534,8659300,99.4867477417
2021-12-14,AGG,114.4599990845,114.5400009155,114.2600021362,114.4100036621,7503600,99.2957992554
2021-12-15,AGG,114.2300033569,114.4499969482,114.1100006104,114.3199996948,7459100,99.2176895142
2021-12-16,AGG,114.2600021362,114.4800033569,114.2600021362,114.3600006104,7566600,99.3541259766
2021-12-17,AGG,114.5500030518,114.6800003052,114.4700012207,114.5000000000,7428000,99.4757385254
2021-12-20,AGG,114.5699996948,114.6100006104,114.3199996948,114.3300018311,7382600,99.3280410767
2021-12-21,AGG,114.0699996948,114.3199996948,113.9700012207,114.2399978638,12970200,99.2498474121
2021-12-22,AGG,114.3300018311,114.3499984741,114.1699981689,114.3399963379,6171700,99.3367233276
2021-12-23,AGG,114.2900009155,114.3099975586,114.0699996948,114.1999969482,5506700,99.2150955200
2021-12-27,AGG,114.1500015259,114.3000030518,114.1299972534,114.2600021362,5436800,99.2672195435
2021-12-28,AGG,114.4300003052,114.4499969482,114.1699981689,114.2099990845,5253800,99.2237930298
2021-12-29,AGG,113.9899978638,114.0500030518,113.8099975586,113.8700027466,5933800,98.9283981323
2021-12-30,AGG,113.9899978638,114.1299972534,113.8300018311,114.1200027466,5455400,99.1456146240
2021-12-31,AGG,114.1500015259,114.3099975586,114.0599975586,114.0800018311,7989500,99.1108703613
2022-01-03,AGG,113.6699981689,113.6800003052,113.3000030518,113.3000030518,9399200,98.4332199097
2022-01-04,AGG,113.2200012207,113.3000030518,113.0800018311,113.2900009155,7772100,98.4245147705
2022-01-05,AGG,113.3399963379,113.3600006104,112.9000015259,112.9400024414,8530900,98.1204681396
2022-01-06,AGG,112.7500000000,112.8399963379,112.6600036621,112.8199996948,8866500,98.0161743164
2022-01-07,AGG,112.6900024414,112.7099990845,112.3399963379,112.4899978638,9018900,97.7294616699
2022-01-10,AGG,112.2300033569,112.4199981689,112.1399993896,112.3899993896,8074900,97.6425933838
2022-01-11,AGG,112.3300018311,112.6299972534,112.2699966431,112.5999984741,6728600,97.8250427246
2022-01-12,AGG,112.7200012207,112.7900009155,112.5800018311,112.5999984741,6713200,97.8250427246
2022-01-13,AGG,112.5999984741,112.8000030518,112.5100021362,112.8000030518,8454300,97.9988098145
2022-01-14,AGG,112.5299987793,112.5500030518,112.1500015259,112.1699981689,9113400,97.4514617920
2022-01-18,AGG,111.8099975586,111.8600006104,111.4700012207,111.4899978638,7943800,96.8606643677
2022-01-19,AGG,111.6999969482,111.8899993896,111.6500015259,111.7300033569,8321000,97.0692138672
2022-01-20,AGG,111.8399963379,111.9000015259,111.7500000000,111.7900009155,7186400,97.1213455200
2022-01-21,AGG,112.1900024414,112.3499984741,112.1100006104,112.2300033569,8679600,97.5035934448
2022-01-24,AGG,112.3799972534,112.4199981689,112.0999984741,112.0999984741,12131400,97.3906402588
2022-01-25,AGG,112.1800003052,112.3000030518,111.9599990845,111.9899978638,9541000,97.2950744629
2022-01-26,AGG,112.0599975586,112.1299972534,111.3600006104,111.3600006104,10729400,96.7477416992
2022-01-27,AGG,111.6200027466,111.8799972534,111.6200027466,111.7300033569,6146800,97.0692138672
2022-01-28,AGG,111.4599990845,111.8600006104,111.4400024414,111.8099975586,10855600,97.1387023926
2022-01-31,AGG,111.6399993896,111.8899993896,111.5999984741,111.8000030518,12837400,97.1300048828
2022-02-01,AGG,111.6600036621,111.6800003052,111.3799972534,111.5999984741,10356000,97.0960845947
2022-02-02,AGG,111.6999969482,111.9700012207,111.6699981689,111.7200012207,7967900,97.2004928589
2022-02-03,AGG,111.2600021362,111.3700027466,111.1299972534,111.2699966431,10290400,96.8089447021
2022-02-04,AGG,110.7500000000,110.7500000000,110.4700012207,110.5699996948,6967200,96.1999664307
2022-02-07,AGG,110.5699996948,110.7099990845,110.4700012207,110.6699981689,6723400,96.2869110107
2022-02-08,AGG,110.4400024414,110.4800033569,110.3199996948,110.3300018311,7987000,95.9911117554
2022-02-09,AGG,110.5100021362,110.6800003052,110.3899993896,110.4000015259,9194400,96.0520324707
2022-02-10,AGG,109.9700012207,110.0599975586,109.3799972534,109.3799972534,10761200,95.1645889282
2022-02-11,AGG,109.7399978638,110.1600036621,109.3399963379,110.0999984741,13868300,95.7910232544
2022-02-14,AGG,109.6600036621,109.7600021362,109.4000015259,109.4599990845,8843700,95.2341918945
2022-02-15,AGG,109.3600006104,109.5100021362,109.2399978638,109.2799987793,5820200,95.0775833130
2022-02-16,AGG,109.4400024414,109.4800033569,109.0999984741,109.4100036621,8116000,95.1907119751
2022-02-17,AGG,109.5800018311,109.8099975586,109.5100021362,109.6399993896,10217000,95.3907928467
2022-02-18,AGG,109.8300018311,109.8799972534,109.7099990845,109.8700027466,7110900,95.5909118652
2022-02-22,AGG,109.6800003052,109.7799987793,109.5599975586,109.7500000000,7604400,95.4864883423
2022-02-23,AGG,109.5199966431,109.5500030518,109.2300033569,109.2600021362,11732100,95.0602035522
2022-02-24,AGG,109.6699981689,109.7699966431,109.1699981689,109.4599990845,12372100,95.2341918945
2022-02-25,AGG,109.4499969482,109.5800018311,109.3300018311,109.5699996948,10089100,95.3299026489
2022-02-28,AGG,110.0299987793,110.4300003052,110.0199966431,110.3600006104,16594600,96.0172271729
2022-03-01,AGG,110.5999984741,111.1699981689,110.5699996948,110.8199996948,14355100,96.5583114624
2022-03-02,AGG,110.3000030518,110.3799972534,109.4599990845,109.4899978638,9028800,95.3994750977
2022-03-03,AGG,109.7900009155,110.0000000000,109.6500015259,109.8600006104,15802600,95.7218627930
2022-03-04,AGG,110.4000015259,110.5500030518,110.2300033569,110.3000030518,7838500,96.1052551270
2022-03-07,AGG,109.8700027466,110.1399993896,109.6399993896,109.6600036621,12740600,95.5476303101
2022-03-08,AGG,109.2500000000,109.3300018311,109.1200027466,109.2699966431,9933700,95.2078170776
2022-03-09,AGG,109.0999984741,109.2099990845,108.9300003052,109.0400009155,11192300,95.0073776245
2022-03-10,AGG,108.6600036621,108.6800003052,108.2500000000,108.4300003052,16234900,94.4758682251
2022-03-11,AGG,108.4400024414,108.5500030518,108.3399963379,108.4100036621,11997800,94.4585037231
2022-03-14,AGG,107.7900009155,107.8199996948,107.3600006104,107.3600006104,10961600,93.5435638428
2022-03-15,AGG,107.8399963379,107.9199981689,107.4300003052,107.5999984741,14001200,93.7527236938
2022-03-16,AGG,107.6299972534,107.7300033569,107.0000000000,107.6800003052,16805400,93.8224182129
2022-03-17,AGG,107.8499984741,108.0599975586,107.7300033569,107.8600006104,8035400,93.9792556763
2022-03-18,AGG,107.9300003052,108.1399993896,107.9199981689,108.0999984741,7864100,94.1883697510
2022-03-21,AGG,107.5800018311,107.6500015259,106.9800033569,107.0400009155,8024800,93.2647705078
2022-03-22,AGG,106.7399978638,106.8799972534,106.6100006104,106.7500000000,16120500,93.0120773315
2022-03-23,AGG,106.9599990845,107.2099990845,106.7099990845,107.1900024414,9060700,93.3954849243
2022-03-24,AGG,106.7200012207,107.0400009155,106.6500015259,106.9499969482,7480500,93.1863632202
2022-03-25,AGG,106.5699996948,106.6500015259,105.9800033569,106.0999984741,10538700,92.4457626343
2022-03-28,AGG,106.2500000000,106.5299987793,106.1600036621,106.3600006104,8540500,92.6722869873
2022-03-29,AGG,106.6100006104,106.8899993896,106.4599990845,106.8600006104,11396500,93.1079483032
2022-03-30,AGG,106.5999984741,107.1500015259,106.5899963379,107.1500015259,11544400,93.3606338501
2022-03-31,AGG,107.1699981689,107.3799972534,107.0599975586,107.0999984741,13799100,93.3170471191
2022-04-01,AGG,106.3499984741,106.9499969482,106.2500000000,106.7500000000,11581600,93.1512451172
2022-04-04,AGG,106.8399963379,106.8700027466,106.5599975586,106.8399963379,9956400,93.2297973633
2022-04-05,AGG,106.5800018311,106.6299972534,105.7399978638,105.7600021362,11028300,92.2873840332
2022-04-06,AGG,105.2099990845,105.8099975586,105.1200027466,105.4899978638,13116000,92.0517578125
2022-04-07,AGG,105.3799972534,105.5100021362,105.1299972534,105.2600021362,7922500,91.8510665894
2022-04-08,AGG,104.8199996948,105.0100021362,104.6200027466,104.7300033569,6503200,91.3885879517
2022-04-11,AGG,104.4400024414,104.5100021362,104.1699981689,104.2799987793,8381800,90.9959259033
2022-04-12,AGG,104.8000030518,104.9199981689,104.5800018311,104.6100006104,8498700,91.2838668823
2022-04-13,AGG,104.7699966431,105.0899963379,104.7399978638,104.8199996948,6801000,91.4671249390
2022-04-14,AGG,104.7300033569,104.7399978638,103.9300003052,103.9700012207,8510100,90.7253952026
2022-04-18,AGG,103.9700012207,104.0199966431,103.6100006104,103.6500015259,8633000,90.4461212158
2022-04-19,AGG,103.2600021362,103.4300003052,102.9700012207,103.0199966431,7847500,89.8964309692
2022-04-20,AGG,103.3600006104,103.7399978638,103.3000030518,103.6100006104,8460900,90.4112396240
2022-04-21,AGG,103.4400024414,103.4700012207,102.7900009155,103.0400009155,11395800,89.9138793945
2022-04-22,AGG,102.7300033569,103.1800003052,102.6699981689,102.9400024414,9159000,89.8266067505
2022-04-25,AGG,103.4700012207,103.9300003052,103.4700012207,103.6299972534,8777500,90.4287261963
2022-04-26,AGG,104.1299972534,104.1299972534,103.8000030518,103.9499969482,8535100,90.7079467773
2022-04-27,AGG,103.9100036621,104.0100021362,103.5299987793,103.5299987793,11185400,90.3414306641
2022-04-28,AGG,103.3300018311,103.5100021362,103.1699981689,103.4899978638,10372200,90.3065185547
2022-04-29,AGG,102.9199981689,103.2699966431,102.8199996948,102.8700027466,9924100,89.7655258179
2022-05-02,AGG,102.3199996948,102.3600006104,102.0000000000,102.1299972534,12729000,89.2768630981
2022-05-03,AGG,102.7099990845,102.7900009155,102.2900009155,102.3600006104,12165300,89.4779357910
2022-05-04,AGG,102.3199996948,103.0500030518,102.1200027466,103.0199966431,14656400,90.0548706055
2022-05-05,AGG,102.4800033569,102.5199966431,101.5899963379,102.0000000000,17474400,89.1632537842
2022-05-06,AGG,101.6600036621,101.9499969482,101.4899978638,101.5699996948,8314100,88.7873458862
2022-05-09,AGG,101.5400009155,102.0999984741,101.4800033569,102.0699996948,8640900,89.2244262695
2022-05-10,AGG,102.5199966431,102.7200012207,102.3199996948,102.3799972534,18465000,89.4954223633
2022-05-11,AGG,102.0699996948,102.7900009155,101.9599990845,102.7600021362,16462000,89.8275985718
2022-05-12,AGG,102.9400024414,103.1399993896,102.8700027466,102.9499969482,9015300,89.9936904907
2022-05-13,AGG,102.7500000000,102.7799987793,102.4800033569,102.5100021362,6715600,89.6090393066
2022-05-16,AGG,102.7099990845,102.9700012207,102.6900024414,102.7399978638,7239200,89.8101119995
2022-05-17,AGG,102.2699966431,102.4300003052,102.1399993896,102.1800003052,6559000,89.3205795288
2022-05-18,AGG,102.1100006104,102.6399993896,102.0800018311,102.5899963379,6093800,89.6789779663
2022-05-19,AGG,103.1999969482,103.2200012207,102.7500000000,102.8499984741,10504300,89.9062652588
2022-05-20,AGG,102.9499969482,103.2099990845,102.8799972534,103.1600036621,6731400,90.1772537231
2022-05-23,AGG,103.0100021362,103.1999969482,102.7300033569,102.8199996948,8007200,89.8800354004
2022-05-24,AGG,103.1399993896,103.7399978638,103.1299972534,103.6100006104,10332300,90.5706176758
2022-05-25,AGG,103.9300003052,104.0699996948,103.7699966431,104.0400009155,7718100,90.9464950562
2022-05-26,AGG,104.0699996948,104.1900024414,103.8000030518,103.9599990845,5720000,90.8765945435
2022-05-27,AGG,104.0899963379,104.3099975586,104.0199966431,104.1299972534,5496300,91.0251770020
2022-05-31,AGG,103.5299987793,103.6399993896,103.2900009155,103.4700012207,10491700,90.4482421875
2022-06-01,AGG,103.3899993896,103.5299987793,102.7500000000,102.8600006104,8056700,90.0769119263
2022-06-02,AGG,103.0599975586,103.0899963379,102.7300033569,102.9899978638,7456800,90.1907806396
2022-06-03,AGG,102.6699981689,102.9100036621,102.6399993896,102.8199996948,6561100,90.0418930054
2022-06-06,AGG,102.6699981689,102.7699966431,102.1600036621,102.1900024414,5144500,89.4902038574
2022-06-07,AGG,102.4199981689,102.7600021362,102.4000015259,102.5800018311,5620200,89.8317184448
2022-06-08,AGG,102.4199981689,102.5599975586,102.1600036621,102.1600036621,4150800,89.4639434814
2022-06-09,AGG,102.0699996948,102.2200012207,101.9700012207,102.0500030518,5423500,89.3675994873
2022-06-10,AGG,101.6699981689,101.7200012207,101.0299987793,101.2600021362,7830000,88.6757659912
2022-06-13,AGG,100.0999984741,100.3499984741,99.1299972534,99.5999984741,9479000,87.2220764160
2022-06-14,AGG,99.8399963379,99.9400024414,98.8600006104,99.0100021362,10943400,86.7054061890
2022-06-15,AGG,99.6900024414,100.1600036621,99.1800003052,100.1100006104,10979000,87.6686859131
2022-06-16,AGG,99.2399978638,100.3600006104,99.1399993896,100.3499984741,9329900,87.8788757324
2022-06-17,AGG,100.4199981689,100.5699996948,99.9800033569,100.3399963379,9892200,87.8701095581
2022-06-21,AGG,100.0199966431,100.2600021362,99.7900009155,99.9400024414,9022500,87.5198135376
2022-06-22,AGG,100.6699981689,100.9300003052,100.6699981689,100.7900009155,9437000,88.2641906738
2022-06-23,AGG,101.2500000000,101.7600021362,101.1299972534,101.2099990845,7773900,88.6319961548
2022-06-24,AGG,101.1100006104,101.4700012207,101.0000000000,101.0500030518,7389600,88.4918670654
2022-06-27,AGG,100.6699981689,100.9499969482,100.4800033569,100.5999984741,8319700,88.0978088379
2022-06-28,AGG,100.5299987793,100.6600036621,100.4000015259,100.6399993896,6540000,88.1328353882
2022-06-29,AGG,100.8000030518,101.2399978638,100.6800003052,101.2200012207,7326500,88.6407394409
2022-06-30,AGG,101.5999984741,101.9599990845,101.5800018311,101.6800003052,7521300,89.0435562134
2022-07-01,AGG,102.2099990845,102.7900009155,102.0899963379,102.3399963379,7393100,89.7858123779
2022-07-05,AGG,102.5400009155,102.6999969482,102.3499984741,102.5299987793,6813100,89.9524765015
2022-07-06,AGG,102.7799987793,102.8000030518,101.8399963379,101.8399963379,6647700,89.3471221924
2022-07-07,AGG,101.9400024414,101.9800033569,101.5199966431,101.6100006104,8226500,89.1453399658
2022-07-08,AGG,101.3499984741,101.4499969482,101.1600036621,101.2300033569,5270100,88.8119735718
2022-07-11,AGG,101.6699981689,101.9199981689,101.5999984741,101.6999969482,5758400,89.2242889404
2022-07-12,AGG,102.0199966431,102.1900024414,101.8199996948,101.8399963379,6690500,89.3471221924
2022-07-13,AGG,101.2300033569,102.2399978638,101.1900024414,102.2099990845,6534700,89.6717605591
2022-07-14,AGG,101.5100021362,101.9800033569,101.3300018311,101.8499984741,6233300,89.3559036255
2022-07-15,AGG,101.9400024414,102.3499984741,101.9000015259,102.2500000000,8640400,89.7068481445
2022-07-18,AGG,102.0000000000,102.0299987793,101.7200012207,101.9199981689,6006400,89.4173355103
2022-07-19,AGG,101.9499969482,101.9899978638,101.6600036621,101.7799987793,5936200,89.2945175171
2022-07-20,AGG,102.1600036621,102.1699981689,101.6699981689,101.7099990845,6124000,89.2330856323
2022-07-21,AGG,101.9599990845,102.5800018311,101.9599990845,102.5599975586,5920000,89.9788055420
2022-07-22,AGG,103.2600021362,103.5999984741,103.1200027466,103.3600006104,7323100,90.6806564331
2022-07-25,AGG,102.9000015259,103.0899963379,102.8700027466,102.9800033569,3729500,90.3473052979
2022-07-26,AGG,103.4400024414,103.5100021362,102.9599990845,102.9599990845,6312200,90.3297119141
2022-07-27,AGG,103.1900024414,103.6399993896,103.1800003052,103.3199996948,5431400,90.6455764771
2022-07-28,AGG,104.0899963379,104.2099990845,103.8399963379,104.0599975586,6473800,91.2947998047
2022-07-29,AGG,103.9400024414,104.4000015259,103.8300018311,104.0699996948,7674600,91.3035736084
2022-08-01,AGG,103.9899978638,104.3099975586,103.9100036621,104.2300033569,7733700,91.6200256348
2022-08-02,AGG,104.2699966431,104.3499984741,103.1399993896,103.1600036621,6869400,90.6794738770
2022-08-03,AGG,103.0299987793,103.6399993896,102.7200012207,103.6200027466,6261700,91.0838394165
2022-08-04,AGG,103.6699981689,103.8899993896,103.5699996948,103.8700027466,5199700,91.3035812378
2022-08-05,AGG,102.8099975586,102.8300018311,102.5199966431,102.7099990845,4847100,90.2839279175
2022-08-08,AGG,103.0999984741,103.2900009155,103.0400009155,103.1800003052,3425000,90.6970672607
2022-08-09,AGG,102.9199981689,103.0500030518,102.8399963379,102.9499969482,3854000,90.4948806763
2022-08-10,AGG,103.4300003052,103.6800003052,103.1100006104,103.2099990845,7156200,90.7234268188
2022-08-11,AGG,103.3799972534,103.6299972534,102.6200027466,102.6600036621,8518200,90.2399749756
2022-08-12,AGG,102.9700012207,103.1200027466,102.7200012207,103.1200027466,3643400,90.6443176270
2022-08-15,AGG,103.3700027466,103.4499969482,103.2399978638,103.2500000000,3782900,90.7585983276
2022-08-16,AGG,103.1299972534,103.1299972534,102.7900009155,103.0999984741,4976100,90.6267395020
2022-08-17,AGG,102.6399993896,102.7399978638,102.3399963379,102.4899978638,7222300,90.0905456543
2022-08-18,AGG,102.6999969482,102.9300003052,102.6399993896,102.7099990845,4260600,90.2839279175
2022-08-19,AGG,102.1299972534,102.1299972534,101.8499984741,101.9899978638,4575500,89.6510238647
2022-08-22,AGG,101.8199996948,101.8899993896,101.5199966431,101.5500030518,7133200,89.2642517090
2022-08-23,AGG,101.5400009155,101.9700012207,101.4000015259,101.5100021362,7369600,89.2290802002
2022-08-24,AGG,101.3499984741,101.4000015259,101.1500015259,101.2399978638,6318900,88.9917602539
2022-08-25,AGG,101.3300018311,101.8700027466,101.2399978638,101.8000030518,8217300,89.4840240479
2022-08-26,AGG,101.6699981689,101.8499984741,101.4199981689,101.6100006104,5584800,89.3169860840
2022-08-29,AGG,101.2699966431,101.2799987793,101.0599975586,101.1200027466,7509000,88.8862686157
2022-08-30,AGG,101.2600021362,101.4499969482,100.9300003052,101.2500000000,6573600,89.0005111694
2022-08-31,AGG,101.0400009155,101.2300033569,100.6399993896,100.7099990845,6116500,88.5258789062
2022-09-01,AGG,100.0699996948,100.1500015259,99.6600036621,100.0699996948,8961600,88.1418609619
2022-09-02,AGG,100.3700027466,100.6699981689,100.1299972534,100.3600006104,5966800,88.3972854614
2022-09-06,AGG,99.9599990845,99.9700012207,99.4100036621,99.4199981689,5341300,87.5693359375
2022-09-07,AGG,99.7300033569,100.1299972534,99.7200012207,100.1100006104,3607100,88.1770553589
2022-09-08,AGG,100.0000000000,100.1800003052,99.7900009155,99.7900009155,5546200,87.8952331543
2022-09-09,AGG,99.9899978638,100.1299972534,99.7300033569,99.7799987793,7496100,87.8864135742
2022-09-12,AGG,100.0000000000,100.0899963379,99.5100021362,99.6299972534,8535500,87.7543029785
2022-09-13,AGG,98.9100036621,99.1900024414,98.9000015259,99.0699996948,4957400,87.2610244751
2022-09-14,AGG,99.0000000000,99.3499984741,98.9700012207,99.1999969482,7557300,87.3755569458
2022-09-15,AGG,99.0400009155,99.1100006104,98.8399963379,98.9000015259,6016600,87.1113128662
2022-09-16,AGG,98.6600036621,99.0100021362,98.6100006104,98.8300018311,6965400,87.0496597290
2022-09-19,AGG,98.5299987793,98.8399963379,98.4800033569,98.6800003052,5982200,86.9175415039
2022-09-20,AGG,98.2099990845,98.4000015259,98.0800018311,98.2399978638,11271700,86.5299987793
2022-09-21,AGG,98.4000015259,98.5999984741,97.8600006104,98.5500030518,7094400,86.8030319214
2022-09-22,AGG,97.9000015259,97.9199981689,97.4000015259,97.5000000000,7092400,85.8781814575
2022-09-23,AGG,97.4000015259,97.4499969482,96.8899993896,97.1999969482,11059300,85.6139526367
2022-09-26,AGG,96.8700027466,96.9100036621,95.8700027466,95.9499969482,9009900,84.5129470825
2022-09-27,AGG,95.9700012207,96.0800018311,95.3799972534,95.5400009155,11440200,84.1518249512
2022-09-28,AGG,96.4700012207,97.1299972534,96.2699966431,97.0800018311,10539800,85.5082397461
2022-09-29,AGG,96.4800033569,96.8000030518,96.2900009155,96.5699996948,8666100,85.0590286255
2022-09-30,AGG,96.8600006104,97.0899963379,96.1900024414,96.3399963379,14376300,84.8564758301
2022-10-03,AGG,96.8899993896,97.4800033569,96.6399993896,96.9100036621,9617900,85.5458984375
2022-10-04,AGG,97.2099990845,97.5500030518,97.0800018311,97.1699981689,6964200,85.7753982544
2022-10-05,AGG,96.6900024414,96.9899978638,96.2699966431,96.6600036621,9512800,85.3251876831
2022-10-06,AGG,96.5899963379,96.7099990845,96.2099990845,96.2799987793,5625100,84.9897613525
2022-10-07,AGG,95.8099975586,96.0100021362,95.6800003052,95.7699966431,6149600,84.5395584106
2022-10-10,AGG,95.7300033569,95.7500000000,95.1500015259,95.3399963379,4074700,84.1600036621
2022-10-11,AGG,95.6299972534,95.8300018311,95.2699966431,95.4000015259,8892800,84.2129440308
2022-10-12,AGG,95.2500000000,95.6100006104,95.2300033569,95.4800033569,5651200,84.2835769653
2022-10-13,AGG,94.2300033569,95.4400024414,94.1800003052,95.1800003052,6254400,84.0187606812
2022-10-14,AGG,95.6299972534,95.6299972534,94.6100006104,94.6600036621,8580700,83.5597229004
2022-10-17,AGG,95.2500000000,95.4000015259,94.8300018311,94.8600006104,5460600,83.7362823486
2022-10-18,AGG,95.1100006104,95.1800003052,94.6399993896,95.0199966431,6389100,83.8774948120
2022-10-19,AGG,94.4100036621,94.5599975586,94.1500015259,94.1999969482,6316100,83.1536788940
2022-10-20,AGG,94.0599975586,94.2600021362,93.5599975586,93.6299972534,9012900,82.6504974365
2022-10-21,AGG,93.2699966431,93.8700027466,93.1999969482,93.7699966431,8371100,82.7740936279
2022-10-24,AGG,93.7699966431,94.0299987793,93.4499969482,93.6399993896,6090400,82.6593322754
2022-10-25,AGG,94.3899993896,94.7099990845,94.3600006104,94.5599975586,11710400,83.4714355469
2022-10-26,AGG,94.7799987793,95.1699981689,94.7600021362,94.9800033569,7884100,83.8421936035
2022-10-27,AGG,95.2099990845,95.6200027466,94.9899978638,95.4599990845,6913500,84.2659149170
2022-10-28,AGG,95.0100021362,95.4599990845,94.9800033569,95.2200012207,6229200,84.0540618896
2022-10-31,AGG,95.0100021362,95.0599975586,94.5999984741,94.9000015259,10946400,83.7715835571
2022-11-01,AGG,95.2500000000,95.3499984741,94.6500015259,94.8600006104,8096800,83.9272918701
2022-11-02,AGG,94.9800033569,95.5100021362,94.5299987793,94.6999969482,8584100,83.7857437134
2022-11-03,AGG,93.9700012207,94.5100021362,93.9300003052,94.3499984741,9314800,83.4760742188
2022-11-04,AGG,94.4300003052,94.6399993896,94.1699981689,94.3399963379,6918300,83.4672164917
2022-11-07,AGG,94.4100036621,94.4599990845,94.0299987793,94.0400009155,7597200,83.2017974854
2022-11-08,AGG,94.2399978638,94.6100006104,94.2200012207,94.4400024414,5834900,83.5557022095
2022-11-09,AGG,94.3899993896,94.6999969482,94.2500000000,94.5500030518,6694200,83.6530075073
2022-11-10,AGG,95.9800033569,96.5800018311,95.7900009155,96.5800018311,8494800,85.4490509033
2022-11-11,AGG,96.2300033569,96.6100006104,96.2300033569,96.5100021362,4953100,85.3871078491
2022-11-14,AGG,96.4300003052,96.4499969482,96.1800003052,96.2399978638,7457600,85.1482543945
2022-11-15,AGG,96.8000030518,96.9499969482,96.6100006104,96.9499969482,7962000,85.7764053345
2022-11-16,AGG,97.2500000000,97.6299972534,97.1399993896,97.5500030518,11075000,86.3072891235
2022-11-17,AGG,97.0299987793,97.1699981689,96.8499984741,97.1399993896,6889000,85.9445190430
2022-11-18,AGG,97.2200012207,97.3300018311,96.9100036621,97.0000000000,4714900,85.8206558228
2022-11-21,AGG,97.2699966431,97.3399963379,96.9100036621,96.9400024414,6829100,85.7675781250
2022-11-22,AGG,97.1800003052,97.5000000000,97.1800003052,97.4400024414,8039000,86.2099380493
2022-11-23,AGG,97.5800018311,98.0199966431,97.5800018311,98.0199966431,5885600,86.7230911255
2022-11-25,AGG,97.8099975586,98.0400009155,97.8099975586,98.0400009155,2718600,86.7408142090
2022-11-28,AGG,98.1399993896,98.1900024414,97.8399963379,97.8799972534,7920700,86.5992507935
2022-11-29,AGG,97.5400009155,97.7900009155,97.4899978638,97.5299987793,6643300,86.2895736694
2022-11-30,AGG,97.4800033569,98.3199996948,97.2900009155,98.2900009155,8963500,86.9619827271
2022-12-01,AGG,98.3000030518,98.8899993896,98.1699981689,98.8799972534,12471300,87.6855926514
2022-12-02,AGG,98.4899978638,99.3000030518,98.3000030518,99.2900009155,6368000,88.0491638184
2022-12-05,AGG,98.8199996948,99.2900009155,98.3000030518,98.5100021362,8072500,87.3574981689
2022-12-06,AGG,98.7099990845,98.9199981689,98.5899963379,98.8000030518,7660100,87.6146469116
2022-12-07,AGG,99.2900009155,99.7300033569,99.1699981689,99.6800003052,6752900,88.3950271606
2022-12-08,AGG,99.3899993896,99.5999984741,99.2399978638,99.3799972534,6307200,88.1289901733
2022-12-09,AGG,99.1200027466,99.2099990845,98.7699966431,98.7900009155,8994400,87.6057739258
2022-12-12,AGG,99.1900024414,99.2399978638,98.6299972534,98.8099975586,10384200,87.6235122681
2022-12-13,AGG,100.1800003052,100.1800003052,99.4000015259,99.4700012207,9120600,88.2088012695
2022-12-14,AGG,99.5199966431,99.7900009155,99.1699981689,99.6900024414,10624000,88.4039077759
2022-12-15,AGG,99.5699996948,99.6999969482,99.3700027466,99.6100006104,9423900,88.5336685181
2022-12-16,AGG,98.9599990845,99.5199966431,98.9400024414,99.3499984741,7546100,88.3025817871
2022-12-19,AGG,98.9000015259,98.9300003052,98.6100006104,98.7399978638,10351000,87.7603988647
2022-12-20,AGG,98.0999984741,98.2600021362,97.9800033569,98.0699996948,10282200,87.1649169922
2022-12-21,AGG,98.4899978638,98.5400009155,98.1900024414,98.3399963379,8489300,87.4048767090
2022-12-22,AGG,98.3199996948,98.4700012207,98.2200012207,98.3099975586,8267800,87.3782043457
2022-12-23,AGG,98.0500030518,98.1100006104,97.9000015259,97.9700012207,4823400,87.0760040283
2022-12-27,AGG,97.4599990845,97.6200027466,97.2099990845,97.2600021362,7925700,86.4449768066
2022-12-28,AGG,97.4700012207,97.5000000000,97.0800018311,97.0899963379,12131200,86.2938690186
2022-12-29,AGG,97.2099990845,97.4700012207,97.1800003052,97.4499969482,7763300,86.6138458252
2022-12-30,AGG,97.2500000000,97.3600006104,96.9700012207,96.9899978638,8469000,86.2050018311
2023-01-03,AGG,97.9700012207,97.9700012207,97.3700027466,97.5599975586,19930800,86.7116088867
2023-01-04,AGG,98.1699981689,98.2500000000,97.8899993896,98.0999984741,10080100,87.1915512085
2023-01-05,AGG,97.6399993896,98.0599975586,97.5699996948,98.0199966431,9682000,87.1204528809
2023-01-06,AGG,98.1299972534,99.1500015259,98.0400009155,99.0899963379,8503000,88.0714874268
2023-01-09,AGG,99.0599975586,99.5000000000,99.0000000000,99.3399963379,7849600,88.2936706543
2023-01-10,AGG,99.0199966431,99.1500015259,98.7399978638,98.9599990845,7291300,87.9559555054
2023-01-11,AGG,99.2799987793,99.5699996948,99.2600021362,99.5699996948,6102900,88.4981231689
2023-01-12,AGG,99.8399963379,100.5299987793,99.4899978638,100.2900009155,8342700,89.1380538940
2023-01-13,AGG,100.0199966431,100.2600021362,99.8300018311,99.9199981689,6719000,88.8091964722
2023-01-17,AGG,99.7399978638,99.9599990845,99.6500015259,99.7399978638,8174700,88.6491775513
2023-01-18,AGG,100.7600021362,100.8799972534,100.3700027466,100.7300033569,7779300,89.5291366577
2023-01-19,AGG,100.7300033569,100.7300033569,100.3300018311,100.5000000000,8633700,89.3246917725
2023-01-20,AGG,100.1699981689,100.2600021362,99.8899993896,100.0899963379,6095800,88.9602966309
2023-01-23,AGG,99.8000030518,100.0599975586,99.7799987793,99.8399963379,6573200,88.7380676270
2023-01-24,AGG,99.8399963379,100.3199996948,99.6800003052,100.2799987793,6538600,89.1291732788
2023-01-25,AGG,100.2600021362,100.4700012207,100.0999984741,100.4000015259,5431000,89.2358245850
2023-01-26,AGG,100.3300018311,100.4599990845,100.0699996948,100.2300033569,5399100,89.0847244263
2023-01-27,AGG,99.9599990845,100.1399993896,99.9100036621,100.0800018311,5123100,88.9513931274
2023-01-30,AGG,99.9000015259,100.0899963379,99.8000030518,99.8099975586,6822000,88.7114334106
2023-01-31,AGG,100.1600036621,100.3399963379,99.8300018311,100.2200012207,12083600,89.0758132935
2023-02-01,AGG,100.1900024414,100.7799987793,99.8600006104,100.6800003052,11593300,89.7039642334
2023-02-02,AGG,101.0400009155,101.1500015259,100.7399978638,100.7900009155,9197800,89.8019790649
2023-02-03,AGG,99.9499969482,100.1299972534,99.5199966431,99.8199996948,9083000,88.9377288818
2023-02-06,AGG,99.3099975586,99.4199981689,99.2300033569,99.2699966431,9198900,88.4476699829
2023-02-07,AGG,99.1500015259,99.5699996948,99.0599975586,99.0999984741,6224800,88.2961959839
2023-02-08,AGG,99.1399993896,99.4300003052,98.9499969482,99.2399978638,4900600,88.4209671021
2023-02-09,AGG,99.5400009155,99.5599975586,98.8300018311,98.8499984741,5594800,88.0734710693
2023-02-10,AGG,98.8199996948,98.8300018311,98.4000015259,98.4199981689,5068200,87.6903533936
2023-02-13,AGG,98.4899978638,98.7200012207,98.4599990845,98.7200012207,6832700,87.9576492310
2023-02-14,AGG,98.6699981689,98.7600021362,98.1100006104,98.3700027466,9559500,87.6457977295
2023-02-15,AGG,98.2399978638,98.3600006104,98.0299987793,98.1800003052,6486500,87.4765243530
2023-02-16,AGG,97.8799972534,98.0299987793,97.6900024414,97.7699966431,5235600,87.1112289429
2023-02-17,AGG,97.5299987793,98.0100021362,97.5299987793,98.0000000000,5956300,87.3161392212
2023-02-21,AGG,97.3600006104,97.4599990845,97.0800018311,97.0800018311,8369600,86.4964294434
2023-02-22,AGG,97.4000015259,97.5899963379,97.3000030518,97.3399963379,5862300,86.7281112671
2023-02-23,AGG,97.4000015259,97.7200012207,97.3700027466,97.6900024414,8527200,87.0399322510
2023-02-24,AGG,97.2200012207,97.2600021362,96.9700012207,97.1299972534,4866800,86.5409774780
2023-02-27,AGG,97.4100036621,97.4899978638,97.2200012207,97.3199996948,5040000,86.7102737427
2023-02-28,AGG,96.9899978638,97.3700027466,96.9300003052,97.3099975586,8575000,86.7013778687
2023-03-01,AGG,96.8300018311,97.0400009155,96.5000000000,96.5199966431,9125300,86.2047729492
2023-03-02,AGG,96.1500015259,96.3499984741,96.1100006104,96.3199996948,9247400,86.0261611938
2023-03-03,AGG,96.8499984741,97.0800018311,96.5899963379,97.0800018311,7267000,86.7049255371
2023-03-06,AGG,97.2699966431,97.2900009155,96.8099975586,96.8399963379,4188500,86.4905929565
2023-03-07,AGG,96.9800033569,97.0299987793,96.5699996948,96.7099990845,6013200,86.3744888306
2023-03-08,AGG,96.9000015259,97.0800018311,96.4800033569,96.6100006104,8044000,86.2851638794
2023-03-09,AGG,96.7600021362,97.1500015259,96.6999969482,96.9599990845,7054400,86.5977630615
2023-03-10,AGG,97.7900009155,98.3199996948,97.7600021362,98.0899963379,7515700,87.6070022583
2023-03-13,AGG,99.0500030518,99.6500015259,98.6200027466,98.8700027466,10343900,88.3036575317
2023-03-14,AGG,98.7699966431,98.8199996948,98.0899963379,98.2900009155,8159800,87.7856445312
2023-03-15,AGG,99.4300003052,99.6999969482,98.8099975586,99.2699966431,11133700,88.6608734131
2023-03-16,AGG,99.5299987793,99.7200012207,98.6800003052,98.8799972534,15217800,88.3125839233
2023-03-17,AGG,99.2900009155,99.8000030518,99.2099990845,99.5000000000,8277500,88.8663253784
2023-03-20,AGG,99.7300033569,99.7300033569,99.0199966431,99.0999984741,6346400,88.5090560913
2023-03-21,AGG,98.8799972534,99.0299987793,98.6999969482,98.8000030518,5499100,88.2411117554
2023-03-22,AGG,98.8000030518,99.8199996948,98.6399993896,99.7500000000,7585400,89.0895843506
2023-03-23,AGG,99.6800003052,100.0500030518,99.5100021362,99.9899978638,9949700,89.3039550781
2023-03-24,AGG,100.2799987793,100.4899978638,99.9499969482,100.1600036621,6217700,89.4557723999
2023-03-27,AGG,99.3899993896,99.5199966431,99.0699996948,99.0800018311,6823400,88.4911956787
2023-03-28,AGG,98.9800033569,99.0500030518,98.8199996948,98.9300003052,6356200,88.3572235107
2023-03-29,AGG,98.7399978638,99.1100006104,98.7200012207,99.0500030518,5111300,88.4644088745
2023-03-30,AGG,99.0299987793,99.2300033569,98.9499969482,99.1600036621,4251900,88.5626296997
2023-03-31,AGG,99.3899993896,99.6900024414,99.1600036621,99.6399993896,8521600,88.9913330078
2023-04-03,AGG,99.2799987793,99.8600006104,99.2099990845,99.8199996948,7567100,89.3781661987
2023-04-04,AGG,99.5500030518,100.3000030518,99.5000000000,100.1900024414,8925200,89.7094726562
2023-04-05,AGG,100.5000000000,100.9800033569,100.4100036621,100.5299987793,9883500,90.0138931274
2023-04-06,AGG,100.5599975586,100.6900024414,100.4400024414,100.4400024414,6105200,89.9332962036
2023-04-10,AGG,99.8899993896,99.9100036621,99.5999984741,99.7500000000,4478000,89.3154754639
2023-04-11,AGG,99.8099975586,99.8799972534,99.5899963379,99.8099975586,4543800,89.3692092896
2023-04-12,AGG,100.1699981689,100.1999969482,99.6100006104,99.9300003052,7226000,89.4766387939
2023-04-13,AGG,100.1600036621,100.2699966431,99.8099975586,99.8899993896,3964800,89.4408187866
2023-04-14,AGG,99.5599975586,99.5899963379,99.3199996948,99.4000015259,4794100,89.0020980835
2023-04-17,AGG,99.1299972534,99.1800003052,98.8799972534,98.9000015259,4441300,88.5543899536
2023-04-18,AGG,98.9100036621,99.1600036621,98.9100036621,99.0400009155,4753000,88.6797561646
2023-04-19,AGG,98.8899993896,98.9300003052,98.7099990845,98.8899993896,3592900,88.5454330444
2023-04-20,AGG,99.2099990845,99.3600006104,99.1900024414,99.3399963379,5092400,88.9483642578
2023-04-21,AGG,99.5100021362,99.5599975586,99.1100006104,99.1699981689,5367300,88.7961349487
2023-04-24,AGG,99.4199981689,99.5899963379,99.3600006104,99.5599975586,3256900,89.1453552246
2023-04-25,AGG,99.9700012207,100.2500000000,99.9599990845,100.1800003052,5065400,89.7004928589
2023-04-26,AGG,100.1600036621,100.2200012207,99.7200012207,99.8099975586,3723600,89.3692092896
2023-04-27,AGG,99.6100006104,99.6299972534,99.3899993896,99.4499969482,4018300,89.0468597412
2023-04-28,AGG,99.9899978638,99.9899978638,99.7200012207,99.9599990845,5469900,89.5035095215
2023-05-01,AGG,99.3499984741,99.4100036621,98.5999984741,98.6900024414,10631600,88.5869979858
2023-05-02,AGG,98.9599990845,99.6699981689,98.9300003052,99.6500015259,6085800,89.4487457275
2023-05-03,AGG,99.8899993896,100.1299972534,99.6900024414,100.0899963379,5637200,89.8437042236
2023-05-04,AGG,99.7699966431,100.4199981689,99.7500000000,99.9700012207,5262200,89.7359924316
2023-05-05,AGG,99.6399993896,99.7200012207,99.4499969482,99.6500015259,4003000,89.4487457275
2023-05-08,AGG,99.2099990845,99.3499984741,99.0800018311,99.0999984741,5481300,88.9550552368
2023-05-09,AGG,99.1100006104,99.1900024414,99.0100021362,99.0100021362,5712200,88.8742828369
2023-05-10,AGG,99.4300003052,99.6800003052,99.3899993896,99.6500015259,4803000,89.4487457275
2023-05-11,AGG,100.1100006104,100.1900024414,99.8799972534,99.9499969482,7703800,89.7180099487
2023-05-12,AGG,99.8899993896,99.9499969482,99.3899993896,99.3899993896,4285900,89.2153854370
2023-05-15,AGG,99.2099990845,99.2200012207,99.0999984741,99.1399993896,8532600,88.9909667969
2023-05-16,AGG,98.8899993896,98.9499969482,98.7399978638,98.9100036621,6728500,88.7845153809
2023-05-17,AGG,98.9899978638,99.0299987793,98.6800003052,98.7600021362,6318700,88.6498565674
2023-05-18,AGG,98.4899978638,98.5100021362,98.2699966431,98.3000030518,4811300,88.2369689941
2023-05-19,AGG,98.1299972534,98.4400024414,98.0000000000,98.0800018311,10285900,88.0394668579
2023-05-22,AGG,98.1399993896,98.3300018311,97.9700012207,97.9899978638,8551100,87.9586715698
2023-05-23,AGG,97.9199981689,98.2099990845,97.8099975586,98.0999984741,7641200,88.0574264526
2023-05-24,AGG,98.1699981689,98.1900024414,97.8199996948,97.8499984741,7719200,87.8330230713
2023-05-25,AGG,97.7399978638,97.8000030518,97.4400024414,97.4899978638,5941300,87.5098953247
2023-05-26,AGG,97.3600006104,97.5899963379,97.2399978638,97.5699996948,3889800,87.5816879272
2023-05-30,AGG,97.9000015259,98.2399978638,97.8499984741,98.2200012207,7349900,88.1651382446
2023-05-31,AGG,98.2200012207,98.7200012207,98.2099990845,98.5699996948,10559900,88.4793090820
2023-06-01,AGG,98.5999984741,98.8000030518,98.4800033569,98.6100006104,9029800,88.7475051880
2023-06-02,AGG,98.5400009155,98.5800018311,98.0800018311,98.0899963379,6877200,88.2795104980
2023-06-05,AGG,97.8499984741,98.3199996948,97.7699966431,98.0800018311,7246200,88.2705307007
2023-06-06,AGG,98.1200027466,98.2099990845,97.8899993896,98.1999969482,3816000,88.3785324097
2023-06-07,AGG,98.1500015259,98.2200012207,97.5899963379,97.6800003052,5131500,87.9105300903
2023-06-08,AGG,97.8000030518,98.2099990845,97.7699966431,98.1999969482,5041900,88.3785324097
2023-06-09,AGG,97.9100036621,98.0500030518,97.7900009155,97.9700012207,7140700,88.1715011597
2023-06-12,AGG,98.0899963379,98.1600036621,97.7300033569,98.1399993896,5436300,88.3245239258
2023-06-13,AGG,98.4800033569,98.4800033569,97.5999984741,97.6800003052,9568100,87.9105300903
2023-06-14,AGG,97.8799972534,97.9899978638,97.4499969482,97.7699966431,8360100,87.9915008545
2023-06-15,AGG,98.2900009155,98.4599990845,98.1299972534,98.4499969482,7472000,88.6035156250
2023-06-16,AGG,98.0899963379,98.2799987793,97.9100036621,98.1399993896,5653700,88.3245239258
2023-06-20,AGG,98.2799987793,98.5100021362,98.1699981689,98.3199996948,6694200,88.4865264893
2023-06-21,AGG,98.0899963379,98.5299987793,97.9800033569,98.4800033569,5579900,88.6305084229
2023-06-22,AGG,98.1699981689,98.3300018311,97.9199981689,97.9700012207,7147600,88.1715011597
2023-06-23,AGG,98.4899978638,98.5000000000,98.0999984741,98.2600021362,4792900,88.4325103760
2023-06-26,AGG,98.5000000000,98.5100021362,98.3099975586,98.3799972534,10632300,88.5405349731
2023-06-27,AGG,98.4499969482,98.5899963379,98.0999984741,98.1900024414,7803300,88.3695220947
2023-06-28,AGG,98.3399963379,98.5400009155,98.1999969482,98.4800033569,8622900,88.6305084229
2023-06-29,AGG,97.8000030518,97.8700027466,97.6100006104,97.7200012207,8877500,87.9465103149
2023-06-30,AGG,97.8600006104,98.0999984741,97.7399978638,97.9499969482,13417300,88.1535186768
2023-07-03,AGG,97.8199996948,98.0400009155,97.5400009155,97.5800018311,3691600,88.0497589111
2023-07-05,AGG,97.5100021362,97.5299987793,97.0500030518,97.1399993896,6046200,87.6527252197
2023-07-06,AGG,96.5599975586,96.6399993896,96.2799987793,96.5100021362,9534200,87.0842590332
2023-07-07,AGG,96.4199981689,96.7500000000,96.4199981689,96.5299987793,8311000,87.1023254395
2023-07-10,AGG,96.5699996948,96.9400024414,96.5500030518,96.8000030518,8827400,87.3459243774
2023-07-11,AGG,96.9400024414,97.0999984741,96.8600006104,97.0100021362,5978500,87.5354232788
2023-07-12,AGG,97.5100021362,97.8499984741,97.4499969482,97.8000030518,7189100,88.2482681274
2023-07-13,AGG,98.1800003052,98.4400024414,98.1200027466,98.4100036621,7458500,88.7986831665
2023-07-14,AGG,98.2300033569,98.3099975586,97.9199981689,97.9400024414,7208400,88.3745880127
2023-07-17,AGG,97.9499969482,98.0999984741,97.8499984741,98.0500030518,4689500,88.4738464355
2023-07-18,AGG,98.3300018311,98.4100036621,98.1299972534,98.1299972534,5593200,88.5460205078
2023-07-19,AGG,98.3499984741,98.4800033569,98.1900024414,98.4300003052,7467900,88.8167419434
2023-07-20,AGG,98.0599975586,98.0800018311,97.7300033569,97.9199981689,12562400,88.3565368652
2023-07-21,AGG,98.1100006104,98.1500015259,97.9400024414,97.9899978638,7605200,88.4196853638
2023-07-24,AGG,98.0999984741,98.1600036621,97.7900009155,97.8099975586,6656600,88.2572784424
2023-07-25,AGG,97.5800018311,97.7900009155,97.5699996948,97.6999969482,5794800,88.1580429077
2023-07-26,AGG,97.9300003052,98.0699996948,97.6800003052,98.0199966431,5907400,88.4467773438
2023-07-27,AGG,97.8399963379,97.9300003052,97.1100006104,97.1800003052,6937900,87.6888427734
2023-07-28,AGG,97.3899993896,97.5899963379,97.3099975586,97.5599975586,9233600,88.0317077637
2023-07-31,AGG,97.5299987793,97.8000030518,97.5199966431,97.6800003052,11079100,88.1399917603
2023-08-01,AGG,97.0100021362,97.0899963379,96.7099990845,96.7699966431,8810400,87.5564041138
2023-08-02,AGG,96.4800033569,96.5599975586,96.2300033569,96.5400009155,8551900,87.3483123779
2023-08-03,AGG,95.9300003052,96.0199966431,95.8000030518,95.8899993896,7532700,86.7601928711
2023-08-04,AGG,96.2500000000,96.7500000000,96.2500000000,96.6800003052,6400400,87.4749679565
2023-08-07,AGG,96.6399993896,96.6999969482,96.4800033569,96.6999969482,9732600,87.4930648804
2023-08-08,AGG,96.9400024414,97.1100006104,96.8399963379,96.9300003052,6867300,87.7011489868
2023-08-09,AGG,97.0100021362,97.1200027466,96.9100036621,97.0000000000,5634700,87.7644882202
2023-08-10,AGG,97.0599975586,97.2200012207,96.3700027466,96.3700027466,15516100,87.1944656372
2023-08-11,AGG,96.1200027466,96.4199981689,96.0699996948,96.0699996948,9016700,86.9230499268
2023-08-14,AGG,95.9800033569,96.2200012207,95.8300018311,96.0000000000,7901300,86.8597030640
2023-08-15,AGG,95.8099975586,96.0699996948,95.7399978638,95.7399978638,6522500,86.6244430542
2023-08-16,AGG,95.7600021362,95.9300003052,95.4499969482,95.5100021362,8964600,86.4163894653
2023-08-17,AGG,95.5000000000,95.5500030518,95.2099990845,95.4100036621,8162300,86.3258972168
2023-08-18,AGG,95.4700012207,95.7500000000,95.4300003052,95.6200027466,6154600,86.5159149170
2023-08-21,AGG,95.2600021362,95.3000030518,95.0400009155,95.1399993896,13362300,86.0815887451
2023-08-22,AGG,95.1699981689,95.3199996948,95.0599975586,95.2399978638,6156200,86.1720581055
2023-08-23,AGG,95.7500000000,96.1500015259,95.7300033569,96.1500015259,7831600,86.9954376221
2023-08-24,AGG,95.9899978638,96.1200027466,95.8499984741,95.9300003052,8247700,86.7963790894
2023-08-25,AGG,95.8199996948,96.0800018311,95.5999984741,95.8700027466,7917900,86.7420883179
2023-08-28,AGG,96.0999984741,96.1100006104,95.9300003052,96.0800018311,6544500,86.9320983887
2023-08-29,AGG,95.9100036621,96.7099990845,95.9100036621,96.6999969482,7386300,87.4930648804
2023-08-30,AGG,96.7799987793,96.8300018311,96.6200027466,96.6600036621,8752300,87.4568939209
2023-08-31,AGG,96.7799987793,96.9599990845,96.7200012207,96.8000030518,7230100,87.5835418701
2023-09-01,AGG,96.5400009155,96.5699996948,95.9800033569,96.0400009155,8132400,87.1299285889
2023-09-05,AGG,95.8499984741,95.8700027466,95.5199966431,95.5199966431,6111400,86.6581802368
2023-09-06,AGG,95.6299972534,95.6399993896,95.3099975586,95.4300003052,8379200,86.5765304565
2023-09-07,AGG,95.5899963379,95.7399978638,95.4899978638,95.7300033569,5077800,86.8486785889
2023-09-08,AGG,95.9300003052,96.0199966431,95.7600021362,95.7799987793,4774200,86.8940353394
2023-09-11,AGG,95.6600036621,95.7300033569,95.5699996948,95.6699981689,4077200,86.7942733765
2023-09-12,AGG,95.7099990845,95.7300033569,95.5699996948,95.6999969482,4583400,86.8214874268
2023-09-13,AGG,95.6100006104,95.9499969482,95.5899963379,95.8399963379,5953600,86.9484634399
2023-09-14,AGG,95.9599990845,95.9800033569,95.6800003052,95.7099990845,5952800,86.8305435181
2023-09-15,AGG,95.6399993896,95.6999969482,95.4800033569,95.4899978638,5667700,86.6309432983
2023-09-18,AGG,95.3700027466,95.6399993896,95.3600006104,95.6299972534,6066200,86.7579650879
2023-09-19,AGG,95.5400009155,95.5899963379,95.3499984741,95.3499984741,5327900,86.5039367676
2023-09-20,AGG,95.5699996948,95.6999969482,95.3000030518,95.3000030518,6282700,86.4585876465
2023-09-21,AGG,94.8000030518,94.8099975586,94.6399993896,94.6500015259,8028900,85.8688888550
2023-09-22,AGG,94.7799987793,95.0899963379,94.7300033569,95.0500030518,7294200,86.2317657471
2023-09-25,AGG,94.4899978638,94.6200027466,94.2900009155,94.3000030518,7485000,85.5513534546
2023-09-26,AGG,94.4700012207,94.5100021362,94.1500015259,94.1800003052,15549200,85.4424972534
2023-09-27,AGG,94.4700012207,94.5100021362,93.6600036621,93.8499984741,14560500,85.1431045532
2023-09-28,AGG,93.6999969482,94.1600036621,93.5299987793,94.1299972534,13334200,85.3971328735
2023-09-29,AGG,94.5000000000,94.5699996948,93.9700012207,94.0400009155,13483500,85.3154602051
2023-10-02,AGG,93.4300003052,93.5100021362,93.0999984741,93.1299972534,8880000,84.7214355469
2023-10-03,AGG,92.9899978638,93.0899963379,92.3700027466,92.4000015259,12058400,84.0573577881
2023-10-04,AGG,92.7699966431,93.0500030518,92.5500030518,93.0500030518,14097800,84.6486511230
2023-10-05,AGG,93.1699981689,93.2200012207,92.9899978638,93.1100006104,7129400,84.7032165527
2023-10-06,AGG,92.4599990845,92.9800033569,92.3700027466,92.7500000000,9569500,84.3757400513
2023-10-09,AGG,93.2200012207,93.7200012207,93.1500015259,93.7099990845,4353100,85.2490463257
2023-10-10,AGG,93.3899993896,93.8099975586,93.2600021362,93.6200027466,14553600,85.1671981812
2023-10-11,AGG,93.9400024414,94.0500030518,93.7600021362,94.0500030518,15347000,85.5583648682
2023-10-12,AGG,93.8700027466,93.9100036621,93.1699981689,93.2399978638,11189800,84.8214874268
2023-10-13,AGG,93.6800003052,93.7900009155,93.5199966431,93.6399993896,7515500,85.1853942871
2023-10-16,AGG,93.3199996948,93.4100036621,93.0999984741,93.1200027466,6332700,84.7123413086
2023-10-17,AGG,92.5100021362,92.6900024414,92.3499984741,92.4499969482,8198300,84.1028594971
2023-10-18,AGG,92.2900009155,92.3799972534,91.9400024414,92.0199966431,9352700,83.7116622925
2023-10-19,AGG,91.8899993896,92.1699981689,91.6100006104,91.6699981689,11552700,83.3932647705
2023-10-20,AGG,91.9400024414,92.1399993896,91.9000015259,92.0000000000,6629800,83.6934585571
2023-10-23,AGG,91.6999969482,92.5000000000,91.5800018311,92.3600006104,12885800,84.0209655762
2023-10-24,AGG,92.4300003052,92.6900024414,92.2799987793,92.6900024414,9165100,84.3211669922
2023-10-25,AGG,92.3300018311,92.3499984741,91.9199981689,92.0000000000,8904400,83.6934585571
2023-10-26,AGG,92.1200027466,92.6399993896,92.1100006104,92.6200027466,11574400,84.2574920654
2023-10-27,AGG,92.5599975586,92.6399993896,92.3700027466,92.5899963379,7650000,84.2301864624
2023-10-30,AGG,92.2900009155,92.5100021362,92.1500015259,92.3700027466,8166700,84.0300598145
2023-10-31,AGG,92.4499969482,92.6299972534,92.3099975586,92.3099975586,12343600,83.9754791260
2023-11-01,AGG,92.2300033569,93.0500030518,92.2300033569,93.0500030518,14404600,84.9034271240
2023-11-02,AGG,93.6800003052,93.7600021362,93.3700027466,93.6100006104,11166700,85.4144210815
2023-11-03,AGG,94.5400009155,94.6900024414,94.1399993896,94.1800003052,11890300,85.9345092773
2023-11-06,AGG,93.9300003052,93.9899978638,93.6299972534,93.7099990845,8521600,85.5056304932
2023-11-07,AGG,93.9400024414,94.3600006104,93.9100036621,94.2099990845,7306900,85.9618911743
2023-11-08,AGG,94.2699966431,94.6200027466,94.2500000000,94.5299987793,6932200,86.2538452148
2023-11-09,AGG,94.4199981689,94.4400024414,93.7300033569,93.7399978638,9163200,85.5330200195
2023-11-10,AGG,94.1900024414,94.2200012207,93.8799972534,93.9599990845,6102000,85.7337493896
2023-11-13,AGG,93.6399993896,93.9700012207,93.5299987793,93.9499969482,9679500,85.7246246338
2023-11-14,AGG,95.0299987793,95.1999969482,94.9300003052,95.1299972534,12149600,86.8013229370
2023-11-15,AGG,94.6999969482,94.7200012207,94.4599990845,94.5400009155,10956800,86.2629776001
2023-11-16,AGG,94.8499984741,95.1999969482,94.8499984741,95.0599975586,10145400,86.7374496460
2023-11-17,AGG,95.2099990845,95.3600006104,95.0299987793,95.2500000000,9244000,86.9108123779
2023-11-20,AGG,95.0699996948,95.4199981689,95.0699996948,95.4000015259,10051600,87.0476913452
2023-11-21,AGG,95.4499969482,95.5699996948,95.2799987793,95.5000000000,7393800,87.1389465332
2023-11-22,AGG,95.6800003052,95.7500000000,95.3700027466,95.5899963379,6329900,87.2210540771
2023-11-24,AGG,95.2399978638,95.3199996948,95.1200027466,95.1500015259,2944300,86.8195800781
2023-11-27,AGG,95.3600006104,95.7200012207,95.3300018311,95.6900024414,8854500,87.3122787476
2023-11-28,AGG,95.6100006104,96.1299972534,95.5699996948,96.1100006104,9749400,87.6955184937
2023-11-29,AGG,96.4199981689,96.6699981689,96.3399963379,96.5800018311,8006800,88.1243972778
2023-11-30,AGG,96.3799972534,96.4100036621,96.1299972534,96.2600021362,8889100,87.8323974609
2023-12-01,AGG,96.0000000000,96.8700027466,95.9700012207,96.8300018311,11774300,88.6046981812
2023-12-04,AGG,96.5800018311,96.6699981689,96.3099975586,96.4599990845,9440200,88.2661285400
2023-12-05,AGG,96.8499984741,97.1500015259,96.7900009155,97.0999984741,8850600,88.8517684937
2023-12-06,AGG,97.2399978638,97.4899978638,97.1500015259,97.3499984741,11111200,89.0805358887
2023-12-07,AGG,97.2200012207,97.5599975586,97.2200012207,97.3799972534,7157900,89.1079940796
2023-12-08,AGG,96.9899978638,97.0699996948,96.7200012207,96.8899993896,6696600,88.6595916748
2023-12-11,AGG,96.8000030518,96.9499969482,96.5999984741,96.9000015259,15008700,88.6687545776
2023-12-12,AGG,96.9400024414,97.1900024414,96.8199996948,97.1900024414,11711400,88.9341506958
2023-12-13,AGG,97.3899993896,98.4499969482,97.3300018311,98.4100036621,11194400,90.0504837036
2023-12-14,AGG,98.6800003052,99.0400009155,98.6100006104,98.9199981689,12651200,90.7773132324
2023-12-15,AGG,98.8000030518,98.8799972534,98.5899963379,98.6900024414,10079100,90.5662460327
2023-12-18,AGG,98.5800018311,98.5800018311,98.4199981689,98.4899978638,11521000,90.3826828003
2023-12-19,AGG,98.6299972534,98.7799987793,98.5899963379,98.6100006104,13787100,90.4928207397
2023-12-20,AGG,98.8700027466,99.0400009155,98.6900024414,98.9700012207,9994100,90.8231964111
2023-12-21,AGG,99.2200012207,99.2600021362,98.8300018311,98.9599990845,9099100,90.8140182495
2023-12-22,AGG,99.1299972534,99.1399993896,98.8099975586,98.8300018311,13234700,90.6947021484
2023-12-26,AGG,98.9300003052,99.0800018311,98.8899993896,99.0299987793,5418500,90.8782272339
2023-12-27,AGG,99.4000015259,99.6999969482,99.3099975586,99.6600036621,6919900,91.4563903809
2023-12-28,AGG,99.5400009155,99.6500015259,99.3099975586,99.4400024414,7172200,91.2545166016
2023-12-29,AGG,99.1999969482,99.4300003052,99.1299972534,99.2500000000,7327600,91.0801544189
2024-01-02,AGG,98.8399963379,98.9700012207,98.7300033569,98.7799987793,9754400,90.6488418579
2024-01-03,AGG,98.4499969482,98.9400024414,98.3099975586,98.8300018311,10002100,90.6947021484
2024-01-04,AGG,98.4199981689,98.5500030518,98.3300018311,98.4300003052,9896600,90.3276443481
2024-01-05,AGG,98.1299972534,98.6900024414,98.0699996948,98.1999969482,9038700,90.1165618896
2024-01-08,AGG,98.2399978638,98.7099990845,98.2099990845,98.5699996948,7946500,90.4560928345
2024-01-09,AGG,98.3899993896,98.6600036621,98.3899993896,98.5500030518,7157400,90.4377593994
2024-01-10,AGG,98.7399978638,98.8000030518,98.3600006104,98.3600006104,7679400,90.2633972168
2024-01-11,AGG,98.5299987793,98.9599990845,98.4100036621,98.9199981689,7275900,90.7773132324
2024-01-12,AGG,99.1399993896,99.3600006104,98.9599990845,99.0999984741,6359400,90.9424591064
2024-01-16,AGG,98.7200012207,98.8499984741,98.2699966431,98.3600006104,14489800,90.2633972168
2024-01-17,AGG,98.1600036621,98.2099990845,97.9400024414,98.0899963379,8977500,90.0156250000
2024-01-18,AGG,98.1600036621,98.1999969482,97.8899993896,98.0000000000,10575100,89.9330291748
2024-01-19,AGG,97.8899993896,98.0199966431,97.6699981689,98.0199966431,9126000,89.9513549805
2024-01-22,AGG,98.2600021362,98.3600006104,98.0999984741,98.1999969482,8712600,90.1165618896
2024-01-23,AGG,97.9899978638,98.0000000000,97.8199996948,97.9599990845,5642800,89.8963241577
2024-01-24,AGG,98.2900009155,98.3300018311,97.6999969482,97.7399978638,11278500,89.6944198608
2024-01-25,AGG,98.0100021362,98.1999969482,97.9599990845,98.1800003052,16521600,90.0982131958
2024-01-26,AGG,98.1999969482,98.1999969482,97.9800033569,98.0699996948,5022800,89.9972610474
2024-01-29,AGG,98.3000030518,98.5299987793,98.1900024414,98.4599990845,6423600,90.3551635742
2024-01-30,AGG,98.6399993896,98.6900024414,98.2900009155,98.6500015259,6740000,90.5295257568
2024-01-31,AGG,99.0000000000,99.2600021362,98.8099975586,99.0999984741,10829000,90.9424591064
2024-02-01,AGG,99.1999969482,99.5699996948,99.0199966431,99.3700027466,11937400,91.4606628418
2024-02-02,AGG,98.4899978638,98.6200027466,98.2600021362,98.4599990845,8422500,90.6231155396
2024-02-05,AGG,97.8899993896,97.9100036621,97.5599975586,97.6500015259,7656800,89.8775711060
2024-02-06,AGG,97.7900009155,98.1999969482,97.7799987793,98.1600036621,6608400,90.3470001221
2024-02-07,AGG,97.9899978638,98.2799987793,97.9400024414,97.9599990845,8785200,90.1628952026
2024-02-08,AGG,97.7799987793,97.8399963379,97.6200027466,97.6600036621,12446900,89.8867721558
2024-02-09,AGG,97.5400009155,97.6299972534,97.5000000000,97.6299972534,7120500,89.8591613770
2024-02-12,AGG,97.6999969482,97.7500000000,97.5199966431,97.6500015259,5696300,89.8775711060
2024-02-13,AGG,97.0400009155,97.0999984741,96.7500000000,96.7500000000,15872600,89.0491943359
2024-02-14,AGG,96.8399963379,97.2200012207,96.8399963379,97.1800003052,8776900,89.4449691772
2024-02-15,AGG,97.4899978638,97.5500030518,97.2300033569,97.4100036621,7194500,89.6566925049
2024-02-16,AGG,96.9499969482,97.0999984741,96.9000015259,97.0999984741,7723700,89.3713302612
2024-02-20,AGG,97.2300033569,97.3600006104,97.1600036621,97.1900024414,8735700,89.4541625977
2024-02-21,AGG,97.2799987793,97.2799987793,96.8700027466,96.9000015259,7785100,89.1872711182
2024-02-22,AGG,96.9300003052,97.0899963379,96.8399963379,96.9800033569,7538200,89.2608795166
2024-02-23,AGG,96.9899978638,97.3899993896,96.9899978638,97.3399963379,7737900,89.5922546387
2024-02-26,AGG,97.3399963379,97.3499984741,96.9700012207,97.1299972534,9374600,89.3989562988
2024-02-27,AGG,97.0999984741,97.2200012207,96.9400024414,97.0000000000,9065300,89.2793121338
2024-02-28,AGG,97.0699996948,97.2300033569,97.0100021362,97.1900024414,7942500,89.4541625977
2024-02-29,AGG,97.3799972534,97.5599975586,97.2900009155,97.3499984741,16774100,89.6014480591
2024-03-01,AGG,96.9899978638,97.5500030518,96.8099975586,97.5299987793,8994800,90.0316314697
2024-03-04,AGG,97.2600021362,97.3799972534,97.2300033569,97.2900009155,7428200,89.8100738525
2024-03-05,AGG,97.6900024414,97.9199981689,97.5999984741,97.8199996948,6815500,90.2993392944
2024-03-06,AGG,97.9499969482,98.1600036621,97.9100036621,97.9700012207,16536100,90.4378051758
2024-03-07,AGG,98.2200012207,98.2399978638,97.9700012207,98.1800003052,7726600,90.6316528320
2024-03-08,AGG,98.3399963379,98.4100036621,98.1900024414,98.2699966431,7168700,90.7147293091
2024-03-11,AGG,98.2799987793,98.3099975586,98.0899963379,98.1600036621,11354600,90.6131896973
2024-03-12,AGG,98.0199966431,98.0400009155,97.8000030518,97.9100036621,7471900,90.3824005127
2024-03-13,AGG,97.8199996948,97.9300003052,97.7300033569,97.7300033569,5846600,90.2162399292
2024-03-14,AGG,97.4800033569,97.4800033569,97.0999984741,97.1100006104,10541000,89.6439132690
2024-03-15,AGG,97.1500015259,97.1999969482,97.0199966431,97.0999984741,5756800,89.6346740723
2024-03-18,AGG,97.0699996948,97.1200027466,96.9199981689,97.0000000000,5227200,89.5423812866
2024-03-19,AGG,97.1500015259,97.3399963379,97.1100006104,97.2399978638,5076600,89.7639160156
2024-03-20,AGG,97.2900009155,97.6299972534,97.1299972534,97.4400024414,8681200,89.9485321045
2024-03-21,AGG,97.6200027466,97.6800003052,97.4100036621,97.5100021362,10100300,90.0131759644
2024-03-22,AGG,97.9100036621,97.9100036621,97.7399978638,97.8199996948,8359200,90.2993392944
2024-03-25,AGG,97.7600021362,97.7600021362,97.5699996948,97.6399993896,11037700,90.1331710815
2024-03-26,AGG,97.6600036621,97.7600021362,97.5199966431,97.7399978638,8830500,90.2254638672
2024-03-27,AGG,97.8000030518,98.0800018311,97.7900009155,98.0599975586,9366800,90.5208740234
2024-03-28,AGG,97.9300003052,98.0800018311,97.8499984741,97.9400024414,8863300,90.4100952148
2024-04-01,AGG,97.3199996948,97.3399963379,96.8899993896,96.9400024414,8667400,89.7527389526
2024-04-02,AGG,96.6600036621,96.8899993896,96.5400009155,96.8700027466,10624600,89.6879425049
2024-04-03,AGG,96.5800018311,96.9499969482,96.4899978638,96.9300003052,6919300,89.7434844971
2024-04-04,AGG,97.1100006104,97.1699981689,96.9199981689,97.1600036621,9327500,89.9564285278
2024-04-05,AGG,96.7600021362,97.0000000000,96.6800003052,96.6800003052,12343600,89.5120162964
2024-04-08,AGG,96.5599975586,96.6999969482,96.5000000000,96.5899963379,11457100,89.4286727905
2024-04-09,AGG,96.8300018311,96.9800033569,96.8300018311,96.9199981689,5736500,89.7342071533
2024-04-10,AGG,96.2200012207,96.2699966431,95.7399978638,95.7600021362,11248700,88.6602325439
2024-04-11,AGG,95.9800033569,96.0299987793,95.5899963379,95.7799987793,16217600,88.6787338257
2024-04-12,AGG,96.0800018311,96.1999969482,95.9599990845,95.9599990845,17284600,88.8453979492
2024-04-15,AGG,95.4700012207,95.5299987793,95.2099990845,95.3799972534,11705300,88.3084182739
2024-04-16,AGG,95.0100021362,95.1800003052,94.9000015259,95.1100006104,17565900,88.0583953857
2024-04-17,AGG,95.4000015259,95.6100006104,95.2500000000,95.5500030518,7567800,88.4658050537
2024-04-18,AGG,95.5500030518,95.5699996948,95.2200012207,95.2799987793,7717500,88.2158126831
2024-04-19,AGG,95.5299987793,95.5500030518,95.3300018311,95.3799972534,9121700,88.3084182739
2024-04-22,AGG,95.3300018311,95.5299987793,95.3199996948,95.4400024414,9029000,88.3639526367
2024-04-23,AGG,95.3799972534,95.8399963379,95.3000030518,95.6399993896,10837100,88.5491180420
2024-04-24,AGG,95.3799972534,95.4700012207,95.1999969482,95.3899993896,7961000,88.3176727295
2024-04-25,AGG,94.9400024414,95.1399993896,94.8499984741,95.1200027466,6758100,88.0676651001
2024-04-26,AGG,95.3199996948,95.4700012207,95.3000030518,95.3300018311,8442500,88.2621002197
2024-04-29,AGG,95.5999984741,95.6699981689,95.4499969482,95.6200027466,7384600,88.5305938721
2024-04-30,AGG,95.3199996948,95.5000000000,95.1500015259,95.2300033569,11228300,88.1695404053
2024-05-01,AGG,95.1999969482,95.5800018311,94.9899978638,95.2699966431,11017700,88.4806518555
2024-05-02,AGG,95.2699966431,95.7300033569,95.2200012207,95.6999969482,7607300,88.8800125122
2024-05-03,AGG,96.3199996948,96.4599990845,95.9300003052,96.1900024414,9146700,89.3350753784
2024-05-06,AGG,96.2099990845,96.3300018311,96.1500015259,96.2600021362,10155500,89.4001159668
2024-05-07,AGG,96.5299987793,96.6699981689,96.3799972534,96.4599990845,7687000,89.5858306885
2024-05-08,AGG,96.2500000000,96.3499984741,96.2300033569,96.2600021362,4587200,89.4001159668
2024-05-09,AGG,96.1999969482,96.5299987793,96.1900024414,96.4400024414,6732500,89.5672607422
2024-05-10,AGG,96.2600021362,96.3300018311,96.1600036621,96.2399978638,5326400,89.3815307617
2024-05-13,AGG,96.4400024414,96.4700012207,96.2799987793,96.2900009155,5263200,89.4279556274
2024-05-14,AGG,96.5000000000,96.6399993896,96.4199981689,96.5500030518,5243300,89.6694412231
2024-05-15,AGG,97.1100006104,97.2799987793,96.9800033569,97.1900024414,5846300,90.2638320923
2024-05-16,AGG,97.2300033569,97.2699966431,97.0100021362,97.0800018311,7894400,90.1616516113
2024-05-17,AGG,96.9199981689,97.0000000000,96.7699966431,96.7699966431,5267100,89.8737640381
2024-05-20,AGG,96.7099990845,96.7600021362,96.6699981689,96.6800003052,5263000,89.7901535034
2024-05-21,AGG,96.9199981689,96.9499969482,96.8300018311,96.8600006104,5227900,89.9573440552
2024-05-22,AGG,96.6600036621,96.8899993896,96.6500015259,96.7399978638,3823600,89.8458709717
2024-05-23,AGG,96.8300018311,96.8300018311,96.3700027466,96.4700012207,5094900,89.5951232910
2024-05-24,AGG,96.4300003052,96.6200027466,96.3899993896,96.5800018311,3072100,89.6972885132
2024-05-28,AGG,96.6699981689,96.6900024414,96.1200027466,96.1299972534,6046100,89.2793655396
2024-05-29,AGG,95.9100036621,95.9300003052,95.6299972534,95.7600021362,8249100,88.9357299805
2024-05-30,AGG,96.0800018311,96.2300033569,96.0199966431,96.2099990845,5568800,89.3536605835
2024-05-31,AGG,96.4599990845,96.5899963379,96.4100036621,96.5199966431,8762900,89.6415634155
2024-06-03,AGG,96.4000015259,96.8000030518,96.3799972534,96.8000030518,6095500,90.1837997437
2024-06-04,AGG,97.0000000000,97.2399978638,96.9400024414,97.1500015259,3979100,90.5098648071
2024-06-05,AGG,97.2900009155,97.4499969482,97.0400009155,97.4499969482,4602500,90.7893676758
2024-06-06,AGG,97.3099975586,97.5000000000,97.3099975586,97.4800033569,6568700,90.8173370361
2024-06-07,AGG,96.8199996948,96.8199996948,96.6200027466,96.6200027466,5365000,90.0160751343
2024-06-10,AGG,96.5199966431,96.5899963379,96.4300003052,96.5400009155,8235900,89.9415512085
2024-06-11,AGG,96.6399993896,96.9300003052,96.5599975586,96.8700027466,4650200,90.2489929199
2024-06-12,AGG,97.5999984741,97.8099975586,97.3099975586,97.3300018311,7627000,90.6775512695
2024-06-13,AGG,97.6999969482,97.9300003052,97.5800018311,97.8199996948,7094800,91.1340866089
2024-06-14,AGG,97.8499984741,98.0500030518,97.8499984741,97.9199981689,6239500,91.2272262573
2024-06-17,AGG,97.5699996948,97.5999984741,97.4499969482,97.5699996948,5265000,90.9011611938
2024-06-18,AGG,97.6999969482,98.0400009155,97.6800003052,97.9199981689,7030700,91.2272262573
2024-06-20,AGG,97.5500030518,97.7699966431,97.5199966431,97.7500000000,5621600,91.0688629150
2024-06-21,AGG,97.8899993896,97.9800033569,97.6500015259,97.7600021362,4715000,91.0781784058
2024-06-24,AGG,97.8199996948,97.8600006104,97.7200012207,97.8399963379,5017300,91.1526947021
2024-06-25,AGG,97.7799987793,97.8799972534,97.7099990845,97.8300018311,5701300,91.1433944702
2024-06-26,AGG,97.4300003052,97.4899978638,97.3700027466,97.3899993896,4964100,90.7334594727
2024-06-27,AGG,97.5599975586,97.6699981689,97.5400009155,97.5500030518,5276500,90.8825531006
2024-06-28,AGG,97.7699966431,97.8000030518,97.0699996948,97.0699996948,12781500,90.4353332520
2024-07-01,AGG,96.4300003052,96.6600036621,96.2200012207,96.2500000000,12238900,89.9503097534
2024-07-02,AGG,96.6399993896,96.6699981689,96.4400024414,96.5699996948,5441900,90.2493591309
2024-07-03,AGG,96.8000030518,97.1699981689,96.7699966431,97.0899963379,4061100,90.7353210449
2024-07-05,AGG,97.4499969482,97.6299972534,97.3099975586,97.5800018311,3489900,91.1932525635
2024-07-08,AGG,97.5899963379,97.6500015259,97.4499969482,97.6100006104,4602900,91.2212905884
2024-07-09,AGG,97.5100021362,97.6100006104,97.3399963379,97.5199966431,5004600,91.1371688843
2024-07-10,AGG,97.6100006104,97.6699981689,97.4899978638,97.6200027466,4586000,91.2306442261
2024-07-11,AGG,98.1800003052,98.3099975586,98.0899963379,98.1200027466,3789000,91.6979217529
2024-07-12,AGG,98.1699981689,98.3899993896,98.1299972534,98.3899993896,6329000,91.9502334595
2024-07-15,AGG,98.1500015259,98.2799987793,98.0299987793,98.0500030518,6984700,91.6325149536
2024-07-16,AGG,98.1800003052,98.4499969482,98.1399993896,98.4499969482,8936100,92.0063018799
2024-07-17,AGG,98.2600021362,98.5699996948,98.2300033569,98.5199966431,5680400,92.0717163086
2024-07-18,AGG,98.3700027466,98.5599975586,98.2099990845,98.2500000000,10584200,91.8193969727
2024-07-19,AGG,98.0400009155,98.0999984741,97.9700012207,98.0500030518,7735700,91.6325149536
2024-07-22,AGG,98.1200027466,98.1999969482,97.8600006104,98.0100021362,11657500,91.5951080322
2024-07-23,AGG,98.0999984741,98.1800003052,97.9800033569,98.0000000000,7225900,91.5857620239
2024-07-24,AGG,97.8199996948,98.1900024414,97.6999969482,97.6999969482,6578500,91.3053970337
2024-07-25,AGG,97.8399963379,98.1399993896,97.8199996948,97.9700012207,12766200,91.5577239990
2024-07-26,AGG,98.2900009155,98.3600006104,98.1800003052,98.3199996948,4243800,91.8848114014
2024-07-29,AGG,98.5400009155,98.5400009155,98.3700027466,98.4800033569,6822600,92.0343399048
2024-07-30,AGG,98.5199966431,98.6399993896,98.3799972534,98.5800018311,5845800,92.1277847290
2024-07-31,AGG,98.8099975586,99.1200027466,98.6500015259,99.1100006104,11725100,92.6231231689
2024-08-01,AGG,99.0100021362,99.3199996948,99.0100021362,99.2200012207,9642700,93.0112075806
2024-08-02,AGG,99.8799972534,100.3700027466,99.8000030518,100.3300018311,9397500,94.0517501831
2024-08-05,AGG,100.8199996948,100.8899993896,100.0199966431,100.2500000000,12066100,93.9767608643
2024-08-06,AGG,100.1399993896,100.1600036621,99.6299972534,99.6500015259,10945200,93.4143066406
2024-08-07,AGG,99.5100021362,99.6100006104,99.2399978638,99.3499984741,8085200,93.1330718994
2024-08-08,AGG,99.1100006104,99.2799987793,99.0699996948,99.1999969482,5558000,92.9924545288
2024-08-09,AGG,99.6399993896,99.6999969482,99.4800033569,99.5500030518,3879200,93.3205566406
2024-08-12,AGG,99.4700012207,99.7799987793,99.4100036621,99.7200012207,7300600,93.4799346924
2024-08-13,AGG,100.0400009155,100.1200027466,99.9300003052,100.1200027466,3925500,93.8548889160
2024-08-14,AGG,100.1500015259,100.4000015259,100.1399993896,100.3000030518,9871500,94.0236434937
2024-08-15,AGG,99.6999969482,99.9000015259,99.6500015259,99.8799972534,8628400,93.6299057007
2024-08-16,AGG,100.0299987793,100.1200027466,99.8499984741,100.1200027466,6507900,93.8548889160
2024-08-19,AGG,100.0699996948,100.3399963379,100.0400009155,100.2300033569,4690300,93.9580154419
2024-08-20,AGG,100.4100036621,100.5599975586,100.3300018311,100.5299987793,5516700,94.2392425537
2024-08-21,AGG,100.6100006104,100.9000015259,100.4300003052,100.7200012207,6366700,94.4173355103
2024-08-22,AGG,100.5400009155,100.5699996948,100.2300033569,100.3099975586,7893700,94.0329895020
2024-08-23,AGG,100.5199966431,100.8099975586,100.4300003052,100.7699966431,6179500,94.4642181396
2024-08-26,AGG,100.9199981689,100.9199981689,100.6600036621,100.6800003052,6653200,94.3798446655
2024-08-27,AGG,100.4800033569,100.7399978638,100.4300003052,100.7099990845,7965400,94.4079666138
2024-08-28,AGG,100.7099990845,100.7699966431,100.5999984741,100.6200027466,6960300,94.3235855103
2024-08-29,AGG,100.4499969482,100.5500030518,100.3499984741,100.4899978638,6912700,94.2017364502
2024-08-30,AGG,100.5100021362,100.6399993896,100.2200012207,100.2500000000,7213200,93.9767608643
2024-09-03,AGG,100.3199996948,100.5299987793,100.2300033569,100.3600006104,6837200,94.3735733032
2024-09-04,AGG,100.4300003052,100.8499984741,100.4000015259,100.8000030518,10867700,94.7873382568
2024-09-05,AGG,101.0199966431,101.1200027466,100.7500000000,101.0599975586,11921900,95.0318145752
2024-09-06,AGG,101.1299972534,101.5999984741,100.9700012207,101.1900024414,8830200,95.1540756226
2024-09-09,AGG,101.1500015259,101.4300003052,101.0500030518,101.3399963379,7569300,95.2951354980
2024-09-10,AGG,101.3399963379,101.6999969482,101.3099975586,101.6500015259,5979300,95.5866165161
2024-09-11,AGG,101.5100021362,101.8499984741,101.4599990845,101.6200027466,4184400,95.5584259033
2024-09-12,AGG,101.5599975586,101.6500015259,101.3799972534,101.5299987793,6419400,95.4738006592
2024-09-13,AGG,101.7600021362,101.8199996948,101.6200027466,101.7399978638,5330600,95.6712646484
2024-09-16,AGG,101.8300018311,102.0400009155,101.7500000000,101.9800033569,8425900,95.8969497681
2024-09-17,AGG,101.9899978638,102.0299987793,101.8300018311,101.8799972534,9256000,95.8029022217
2024-09-18,AGG,101.6800003052,102.0299987793,101.5299987793,101.5599975586,6280000,95.5019912720
2024-09-19,AGG,101.4100036621,101.6100006104,101.3700027466,101.5699996948,5079800,95.5114212036
2024-09-20,AGG,101.4300003052,101.6500015259,101.3199996948,101.4800033569,8464900,95.4267730713
2024-09-23,AGG,101.3399963379,101.5899963379,101.1900024414,101.4400024414,8428100,95.3891601562
2024-09-24,AGG,101.2699966431,101.6200027466,101.2200012207,101.5800018311,5803600,95.5207977295
2024-09-25,AGG,101.4199981689,101.4300003052,101.1900024414,101.1900024414,9259100,95.1540756226
2024-09-26,AGG,101.3199996948,101.3499984741,101.0000000000,101.2099990845,8124400,95.1728591919
2024-09-27,AGG,101.4100036621,101.5599975586,101.3300018311,101.5000000000,5033300,95.4455795288
2024-09-30,AGG,101.4400024414,101.4800033569,101.1399993896,101.2699966431,9105400,95.2293014526
2024-10-01,AGG,101.2699966431,101.4499969482,101.1500015259,101.2300033569,8811400,95.4811325073
2024-10-02,AGG,100.8799972534,101.1100006104,100.8099975586,101.0199966431,11700900,95.2830657959
2024-10-03,AGG,100.8499984741,100.8899993896,100.5899963379,100.6100006104,8751200,94.8963394165
2024-10-04,AGG,100.0999984741,100.1399993896,99.8899993896,99.9599990845,9639700,94.2832412720
2024-10-07,AGG,99.6399993896,99.7699966431,99.5800018311,99.6200027466,6382100,93.9625701904
2024-10-08,AGG,99.5199966431,99.7900009155,99.4899978638,99.7900009155,7340100,94.1229095459
2024-10-09,AGG,99.6399993896,99.6699981689,99.4700012207,99.5299987793,8218300,93.8776779175
2024-10-10,AGG,99.4499969482,99.5500030518,99.2300033569,99.4700012207,5757700,93.8210983276
2024-10-11,AGG,99.4100036621,99.6200027466,99.3600006104,99.5000000000,4878600,93.8493804932
2024-10-14,AGG,99.1999969482,99.4199981689,99.1699981689,99.4100036621,3512600,93.7644958496
2024-10-15,AGG,99.7399978638,99.8399963379,99.6800003052,99.8099975586,7158700,94.1417770386
2024-10-16,AGG,99.9599990845,100.0400009155,99.8700027466,99.9400024414,4741300,94.2643890381
2024-10-17,AGG,99.5999984741,99.6600036621,99.4199981689,99.4499969482,5306300,93.8022308350
2024-10-18,AGG,99.6299972534,99.6800003052,99.5000000000,99.5199966431,4973000,93.8682403564
2024-10-21,AGG,99.1800003052,99.2099990845,98.8300018311,98.8300018311,6873900,93.2174530029
2024-10-22,AGG,98.9300003052,99.0100021362,98.7699966431,98.8499984741,11401800,93.2362976074
2024-10-23,AGG,98.5699996948,98.7600021362,98.4800033569,98.5999984741,19659700,93.0004806519
2024-10-24,AGG,98.6800003052,98.9499969482,98.5999984741,98.7900009155,7559300,93.1797103882
2024-10-25,AGG,98.9700012207,98.9899978638,98.5400009155,98.5899963379,9028500,92.9910583496
2024-10-28,AGG,98.6399993896,98.6500015259,98.2900009155,98.4300003052,7362900,92.8401489258
2024-10-29,AGG,98.1200027466,98.5599975586,98.0899963379,98.5400009155,5421700,92.9438934326
2024-10-30,AGG,98.7500000000,98.9400024414,98.4000015259,98.4400024414,11188400,92.8495864868
2024-10-31,AGG,98.3199996948,98.5800018311,98.1500015259,98.4199981689,12754500,92.8307189941
2024-11-01,AGG,98.2900009155,98.3799972534,97.6800003052,97.7200012207,10387300,92.4617004395
2024-11-04,AGG,98.2500000000,98.3799972534,97.9499969482,98.1299972534,6629800,92.8496246338
2024-11-05,AGG,98.0899963379,98.3899993896,97.8600006104,98.3600006104,6663000,93.0672836304
2024-11-06,AGG,97.4300003052,97.8199996948,97.3600006104,97.5899963379,9158100,92.3387145996
2024-11-07,AGG,97.9599990845,98.5400009155,97.9000015259,98.3300018311,17402300,93.0388717651
2024-11-08,AGG,98.4800033569,98.7200012207,98.3700027466,98.5000000000,6199800,93.1997222900
2024-11-11,AGG,98.3000030518,98.3300018311,98.1600036621,98.2799987793,4501200,92.9915695190
2024-11-12,AGG,97.9800033569,98.1399993896,97.6500015259,97.7099990845,16775400,92.4522247314
2024-11-13,AGG,98.1699981689,98.1999969482,97.5699996948,97.6900024414,15834900,92.4333114624
2024-11-14,AGG,97.8499984741,97.9899978638,97.5699996948,97.6500015259,7312000,92.3954620361
2024-11-15,AGG,97.4400024414,97.8799972534,97.2600021362,97.6600036621,11844300,92.4049301147
2024-11-18,AGG,97.5500030518,97.8199996948,97.4700012207,97.7500000000,5260600,92.4900817871
2024-11-19,AGG,97.9499969482,98.0500030518,97.8700027466,97.8899993896,4735900,92.6225357056
2024-11-20,AGG,97.6900024414,97.9300003052,97.6699981689,97.7900009155,5551100,92.5279464722
2024-11-21,AGG,97.8499984741,98.0100021362,97.6699981689,97.7399978638,6348500,92.4806289673
2024-11-22,AGG,97.8700027466,97.9199981689,97.7200012207,97.8099975586,4989600,92.5468673706
2024-11-25,AGG,98.5299987793,98.6999969482,98.4300003052,98.6900024414,9246200,93.3795089722
2024-11-26,AGG,98.4899978638,98.5400009155,98.3000030518,98.5400009155,11303100,93.2375717163
2024-11-27,AGG,98.8000030518,98.9300003052,98.6500015259,98.8099975586,8749800,93.4930419922
2024-11-29,AGG,99.1500015259,99.2200012207,99.0800018311,99.1999969482,9623200,93.8620529175
2024-12-02,AGG,99.3899993896,99.5999984741,98.5800018311,98.9000015259,18397600,93.8734588623
2024-12-03,AGG,98.9700012207,99.0599975586,98.6699981689,98.7099990845,6889800,93.6931076050
2024-12-04,AGG,98.5199966431,99.0899963379,98.4800033569,99.0299987793,7448900,93.9968490601
2024-12-05,AGG,98.9599990845,99.1100006104,98.8499984741,99.0500030518,8786700,94.0158309937
2024-12-06,AGG,99.4000015259,99.4400024414,99.1399993896,99.3300018311,12890600,94.2816009521
2024-12-09,AGG,99.1999969482,99.2200012207,99.0299987793,99.0400009155,10689000,94.0063323975
2024-12-10,AGG,98.8700027466,98.9899978638,98.8000030518,98.9199981689,5984500,93.8924407959
2024-12-11,AGG,99.0800018311,99.1500015259,98.6600036621,98.6900024414,8095800,93.6741256714
2024-12-12,AGG,98.5299987793,98.5800018311,98.2500000000,98.2900009155,12353100,93.2944564819
2024-12-13,AGG,98.1999969482,98.2300033569,97.8700027466,97.9199981689,6566300,92.9432525635
2024-12-16,AGG,98.0699996948,98.0999984741,97.8799972534,98.0100021362,7124100,93.0286865234
2024-12-17,AGG,98.0000000000,98.1299972534,97.9499969482,98.0100021362,7239200,93.0286865234
2024-12-18,AGG,97.6600036621,97.8000030518,96.9000015259,96.9499969482,14261400,92.3201980591
2024-12-19,AGG,96.7600021362,96.8199996948,96.5000000000,96.6999969482,15490100,92.0821609497
2024-12-20,AGG,97.0500030518,97.2200012207,96.9400024414,96.9599990845,8657700,92.3297348022
2024-12-23,AGG,96.9499969482,96.9700012207,96.5999984741,96.6600036621,10540800,92.0440444946
2024-12-24,AGG,96.5000000000,96.7799987793,96.4700012207,96.7699966431,4739300,92.1488113403
2024-12-26,AGG,96.5199966431,96.8799972534,96.5100021362,96.8399963379,10620200,92.2154541016
2024-12-27,AGG,96.7900009155,96.8899993896,96.6100006104,96.6399993896,8601300,92.0250320435
2024-12-30,AGG,97.0000000000,97.0800018311,96.9599990845,97.0199966431,10154500,92.3868713379
2024-12-31,AGG,97.1500015259,97.2099990845,96.8300018311,96.9000015259,12276700,92.2726058960
