time_mjd,flux,quality_flag,flux_err,sector
2144.51963339,0.9958110510439828,0,0.00033,sector_a
2144.52102228,0.995865977731819,0,0.00033,sector_a
2144.52241117,0.9958333454326564,0,0.00033,sector_a
2144.52380006,0.9960340676399672,0,0.00033,sector_a
2144.52518895,0.9966519059721104,0,0.00033,sector_a
2144.52657783,0.9957341780637204,0,0.00033,sector_a
2144.52796672,0.9964946149369751,0,0.00033,sector_a
2144.52935561,0.9965870191462012,0,0.00033,sector_a
2144.5307445,0.9960984944767075,0,0.00033,sector_a
2144.53213339,0.9959917085623484,0,0.00033,sector_a
2144.53352228,0.9963404821413423,0,0.00033,sector_a
2144.53491117,0.9965600750761955,0,0.00033,sector_a
2144.53630006,0.9968392288482405,0,0.00033,sector_a
2144.53768895,0.9964569762790954,0,0.00033,sector_a
2144.53907783,0.9966644507104423,0,0.00033,sector_a
2144.54046672,0.9960480771997227,0,0.00033,sector_a
2144.54185561,0.9959177680479367,0,0.00033,sector_a
2144.5432445,0.9956609713661272,0,0.00033,sector_a
2144.54463339,0.9958276645034535,0,0.00033,sector_a
2144.54602228,0.9960616188515347,0,0.00033,sector_a
2144.54741117,0.9962254228318806,0,0.00033,sector_a
2144.54880006,0.9957704714648606,0,0.00033,sector_a
2144.55018895,0.9964061064049194,0,0.00033,sector_a
2144.55157783,0.9961272467919015,0,0.00033,sector_a
2144.55296672,0.9959623837662721,0,0.00033,sector_a
2144.55435561,0.9959223419027944,0,0.00033,sector_a
2144.5557445,0.996755021276962,0,0.00033,sector_a
2144.55713339,0.9961964714150325,0,0.00033,sector_a
2144.55852228,0.9958732149208994,0,0.00033,sector_a
2144.55991117,0.9958532900346476,0,0.00033,sector_a
2144.56130006,0.9966877257764,0,0.00033,sector_a
2144.56268895,0.9959597687943943,0,0.00033,sector_a
2144.56407783,0.9964867828345211,0,0.00033,sector_a
2144.56546672,0.9965540532097348,0,0.00033,sector_a
2144.56685561,0.995426652006055,0,0.00033,sector_a
2144.5682445,0.9965261681897343,0,0.00033,sector_a
2144.56963339,0.9960552513438521,0,0.00033,sector_a
2144.57102228,0.9957894496341226,0,0.00033,sector_a
2144.57241117,0.995948444680411,0,0.00033,sector_a
2144.57380006,0.9962767773389225,0,0.00033,sector_a
2144.57518895,0.9962176147694086,0,0.00033,sector_a
2144.57657783,0.9962299912740032,0,0.00033,sector_a
2144.57796672,0.9958817854609527,0,0.00033,sector_a
2144.57935561,0.9964798986826972,0,0.00033,sector_a
2144.5807445,0.9965437339996687,0,0.00033,sector_a
2144.58213339,0.9966402373801511,0,0.00033,sector_a
2144.58352228,0.9963870824849539,4096,0.00033,sector_a
2144.58491117,0.996652165595481,0,0.00033,sector_a
2144.58630006,0.9967089789554888,0,0.00033,sector_a
2144.58768895,0.9962890094146231,0,0.00033,sector_a
2144.58907783,0.9963390151410406,0,0.00033,sector_a
2144.59046672,0.996246265244735,0,0.00033,sector_a
2144.59185561,0.9962339679787101,0,0.00033,sector_a
2144.5932445,0.9963244543259385,0,0.00033,sector_a
2144.59463339,0.9955497288700773,0,0.00033,sector_a
2144.59602228,0.9959622285881974,0,0.00033,sector_a
2144.59741117,0.9962026719767227,0,0.00033,sector_a
2144.59880006,0.9954210646964714,0,0.00033,sector_a
2144.60018895,0.9956176631221544,0,0.00033,sector_a
2144.60157783,0.9965225183020741,0,0.00033,sector_a
2144.60296672,0.9957263757784394,0,0.00033,sector_a
2144.60435561,0.9959017783786074,0,0.00033,sector_a
2144.6057445,0.9961505785874282,0,0.00033,sector_a
2144.60713339,0.9958922109299789,0,0.00033,sector_a
2144.60852228,0.9957737305868725,0,0.00033,sector_a
2144.60991117,0.9958741165112228,0,0.00033,sector_a
2144.61130006,0.9958974475826261,0,0.00033,sector_a
2144.61268895,0.9958489361876903,0,0.00033,sector_a
2144.61407783,0.9960745620122832,0,0.00033,sector_a
2144.61546672,0.9964997736071978,0,0.00033,sector_a
2144.61685561,0.9961206995256283,0,0.00033,sector_a
2144.6182445,0.9964982313619267,0,0.00033,sector_a
2144.61963339,0.9962296723217898,0,0.00033,sector_a
2144.62102228,0.9962555852598385,0,0.00033,sector_a
2144.62241117,0.9961777462164191,0,0.00033,sector_a
2144.62380006,0.9959090654812803,0,0.00033,sector_a
2144.62518895,0.9961222234831819,0,0.00033,sector_a
2144.62657783,0.9960836063037154,0,0.00033,sector_a
2144.62796672,0.9956560268054345,0,0.00033,sector_a
2144.62935561,0.9962112025912042,0,0.00033,sector_a
2144.6307445,0.9961570445590366,0,0.00033,sector_a
2144.63213339,0.9960912833862882,0,0.00033,sector_a
2144.63352228,0.9958102034518905,0,0.00033,sector_a
2144.63491117,0.995184738419309,0,0.00033,sector_a
2144.63630006,0.9964120050807137,0,0.00033,sector_a
2144.63768895,0.9959476922900075,0,0.00033,sector_a
2144.63907783,0.9953125764082635,0,0.00033,sector_a
2144.64046672,0.9961577295597286,0,0.00033,sector_a
2144.64185561,0.9957500261111085,0,0.00033,sector_a
2144.6432445,0.996162942468998,0,0.00033,sector_a
2144.64463339,0.9959233421623076,0,0.00033,sector_a
2144.64602228,0.9962912148716468,0,0.00033,sector_a
2144.64741117,0.9960179951219458,0,0.00033,sector_a
2144.64880006,0.9960288562449301,0,0.00033,sector_a
2144.65018895,0.995987023936627,0,0.00033,sector_a
2144.65157783,0.9963082678578794,0,0.00033,sector_a
2144.65296672,0.9955473510173446,0,0.00033,sector_a
2144.65435561,0.9962862399541028,0,0.00033,sector_a
2144.6557445,0.9961368668622987,0,0.00033,sector_a
2144.65713339,0.9957609557080537,0,0.00033,sector_a
2144.65852228,0.995923632175714,0,0.00033,sector_a
2144.65991117,0.9957874392759646,0,0.00033,sector_a
2144.66130006,0.9959362571696803,0,0.00033,sector_a
2144.66268895,0.9961976166386675,0,0.00033,sector_a
2144.66407783,0.9957087914589706,0,0.00033,sector_a
2144.66546672,0.996132599380131,0,0.00033,sector_a
2144.66685561,0.9961889312319759,0,0.00033,sector_a
2144.6682445,0.9960949746318682,0,0.00033,sector_a
2144.66963339,0.9963697409731188,0,0.00033,sector_a
2144.67102228,0.9958763648998781,0,0.00033,sector_a
2144.67241117,0.9961028970352052,0,0.00033,sector_a
2144.67380006,0.9966356840826598,0,0.00033,sector_a
2144.67518895,0.9958977749657463,0,0.00033,sector_a
2144.67657783,0.9958445562151069,2048,0.00033,sector_a
2144.67796672,0.9958847106878097,0,0.00033,sector_a
2144.67935561,0.9960564935730262,0,0.00033,sector_a
2144.6807445,0.9956921387316726,0,0.00033,sector_a
2144.68213339,0.995801167818574,0,0.00033,sector_a
2144.68352228,0.995345363332133,0,0.00033,sector_a
2144.68491117,0.9955540771402179,0,0.00033,sector_a
2144.68630006,0.9955596972087702,0,0.00033,sector_a
2144.68768895,0.9955151282899322,0,0.00033,sector_a
2144.68907783,0.9957270209949026,0,0.00033,sector_a
2144.69046672,0.9960654292808508,0,0.00033,sector_a
2144.69185561,0.9957395581731299,0,0.00033,sector_a
2144.6932445,0.9954546813595299,0,0.00033,sector_a
2144.69463339,0.9959214585948144,0,0.00033,sector_a
2144.69602228,0.9958967583268172,0,0.00033,sector_a
2144.69741117,0.9954225232527858,0,0.00033,sector_a
2144.69880006,0.9958847083657749,0,0.00033,sector_a
2144.70018895,0.9955153138084526,0,0.00033,sector_a
2144.70157783,0.995644734029753,0,0.00033,sector_a
2144.70296672,0.995610282298503,0,0.00033,sector_a
2144.70435561,0.9960748401709056,0,0.00033,sector_a
2144.7057445,0.9955781066492086,0,0.00033,sector_a
2144.70713339,0.995726635199861,0,0.00033,sector_a
2144.70852228,0.9958745275040993,0,0.00033,sector_a
2144.70991117,0.9961268010308618,0,0.00033,sector_a
2144.71130006,0.9961686830424462,0,0.00033,sector_a
2144.71268895,0.995505582824397,0,0.00033,sector_a
2144.71407783,0.9961639686144422,0,0.00033,sector_a
2144.71546672,0.9958953338060392,0,0.00033,sector_a
2144.71685561,0.9961615365136446,0,0.00033,sector_a
2144.7182445,0.9961162128048716,0,0.00033,sector_a
2144.71963339,0.9956377488354622,0,0.00033,sector_a
2144.72102228,0.9958062532947459,0,0.00033,sector_a
2144.72241117,0.9957036155537125,2048,0.00033,sector_a
2144.72380006,0.9959011613617155,0,0.00033,sector_a
2144.72518895,0.9962824193800457,0,0.00033,sector_a
2144.72657783,0.9957999800758334,0,0.00033,sector_a
2144.72796672,0.9955816615269206,0,0.00033,sector_a
2144.72935561,0.9965381710277814,0,0.00033,sector_a
2144.7307445,0.9954770348238065,0,0.00033,sector_a
2144.73213339,0.9957727237292202,0,0.00033,sector_a
2144.73352228,0.9957652930219693,0,0.00033,sector_a
2144.73491117,0.9953858418358938,0,0.00033,sector_a
2144.73630006,0.996001742710373,0,0.00033,sector_a
2144.73768895,0.9960802857682838,0,0.00033,sector_a
2144.73907783,0.995734109002552,0,0.00033,sector_a
2144.74046672,0.995773117958,0,0.00033,sector_a
2144.74185561,0.9957042526384356,0,0.00033,sector_a
2144.7432445,0.995221948200866,0,0.00033,sector_a
2144.74463339,0.9958206628832245,0,0.00033,sector_a
2144.74602228,0.9953718776865242,0,0.00033,sector_a
2144.74741117,0.9954550906193997,0,0.00033,sector_a
2144.74880006,0.9958584442302996,0,0.00033,sector_a
2144.75018895,0.9960141147523596,0,0.00033,sector_a
2144.75157783,0.9954738307819168,0,0.00033,sector_a
2144.75296672,0.9960732231563039,0,0.00033,sector_a
2144.75435561,0.9962584713233574,0,0.00033,sector_a
2144.7557445,0.9957772294759871,0,0.00033,sector_a
2144.75713339,0.9957003337113726,0,0.00033,sector_a
2144.75852228,0.9957813921645476,0,0.00033,sector_a
2144.75991117,0.9955976301914516,0,0.00033,sector_a
2144.76130006,0.9954593445389602,4096,0.00033,sector_a
2144.76268895,0.9959060659083432,0,0.00033,sector_a
2144.76407783,0.995925719050363,0,0.00033,sector_a
2144.76546672,0.9955575121528438,0,0.00033,sector_a
2144.76685561,0.9955837152318113,0,0.00033,sector_a
2144.7682445,0.9955157096014754,0,0.00033,sector_a
2144.76963339,0.9954895916807418,0,0.00033,sector_a
2144.77102228,0.995406845082892,0,0.00033,sector_a
2144.77241117,0.995242904132588,0,0.00033,sector_a
2144.77380006,0.9959622564547188,0,0.00033,sector_a
2144.77518895,0.9955838743699397,0,0.00033,sector_a
2144.77657783,0.9957065724283,0,0.00033,sector_a
2144.77796672,0.9962200181884282,0,0.00033,sector_a
2144.77935561,0.9955353399757436,0,0.00033,sector_a
2144.7807445,0.9958506280426204,0,0.00033,sector_a
2144.78213339,0.9952713073519975,0,0.00033,sector_a
2144.78352228,0.9954850805912646,0,0.00033,sector_a
2144.78491117,0.9958770354720947,0,0.00033,sector_a
2144.78630006,0.9955884611880064,0,0.00033,sector_a
2144.78768895,0.9952358156876274,0,0.00033,sector_a
2144.78907783,0.9952022561781161,0,0.00033,sector_a
2144.79046672,0.9957580871542356,0,0.00033,sector_a
2144.79185561,0.9953766408162794,0,0.00033,sector_a
2144.7932445,0.9958546279305113,0,0.00033,sector_a
2144.79463339,0.9957306814337171,0,0.00033,sector_a
2144.79602228,0.9955507690822671,0,0.00033,sector_a
2144.79741117,0.9956236189242522,0,0.00033,sector_a
2144.79880006,0.995864440124791,0,0.00033,sector_a
2144.80018895,0.99564777805396,0,0.00033,sector_a
2144.80157783,0.9953529918579518,0,0.00033,sector_a
2144.80296672,0.9957318255692832,0,0.00033,sector_a
2144.80435561,0.9955249494461902,0,0.00033,sector_a
2144.8057445,0.9955587379536679,0,0.00033,sector_a
2144.80713339,0.9957943117890095,0,0.00033,sector_a
2144.80852228,0.9957196585037531,0,0.00033,sector_a
2144.80991117,0.9959216624827857,0,0.00033,sector_a
2144.81130006,0.9955621208988155,0,0.00033,sector_a
2144.81268895,0.9954795813379219,0,0.00033,sector_a
2144.81407783,0.9955115423228669,0,0.00033,sector_a
2144.81546672,0.9957213870759485,0,0.00033,sector_a
2144.81685561,0.9953690294954043,0,0.00033,sector_a
2144.8182445,0.9954981595350058,0,0.00033,sector_a
2144.81963339,0.9953526803309449,0,0.00033,sector_a
2144.82102228,0.9953703528282906,0,0.00033,sector_a
2144.82241117,0.9955447489616934,0,0.00033,sector_a
2144.82380006,0.9963075754774834,0,0.00033,sector_a
2144.82518895,0.9954798749840142,0,0.00033,sector_a
2144.82657783,0.9956663318176606,0,0.00033,sector_a
2144.82796672,0.9956157865797435,0,0.00033,sector_a
2144.82935561,0.9955340737547063,0,0.00033,sector_a
2144.8307445,0.9955922007770429,0,0.00033,sector_a
2144.83213339,0.9961567062883551,0,0.00033,sector_a
2144.83352228,0.9955016237324227,0,0.00033,sector_a
2144.83491117,0.996046923489685,0,0.00033,sector_a
2144.83630006,0.9957639279731652,0,0.00033,sector_a
2144.83768895,0.995315934375437,0,0.00033,sector_a
2144.83907783,0.9953782467501264,0,0.00033,sector_a
2144.84046672,0.9954310368644823,0,0.00033,sector_a
2144.84185561,0.9952451079803194,0,0.00033,sector_a
2144.8432445,0.9958979806437402,0,0.00033,sector_a
2144.84463339,0.9956798511881395,0,0.00033,sector_a
2144.84602228,0.9957115013934085,0,0.00033,sector_a
2144.84741117,0.9952531534776838,0,0.00033,sector_a
2144.84880006,0.9956881869785248,0,0.00033,sector_a
2144.85018895,0.9953920503849719,0,0.00033,sector_a
2144.85157783,0.9962582882680034,0,0.00033,sector_a
2144.85296672,0.9955177807443277,0,0.00033,sector_a
2144.85435561,0.9956248792861797,0,0.00033,sector_a
2144.8557445,0.9956610066295387,0,0.00033,sector_a
2144.85713339,0.9953983508463158,0,0.00033,sector_a
2144.85852228,0.9954204270875459,0,0.00033,sector_a
2144.85991117,0.995417184913874,0,0.00033,sector_a
2144.86130006,0.9957790648133863,0,0.00033,sector_a
2144.86268895,0.9953144537440686,0,0.00033,sector_a
2144.86407783,0.995478335926914,0,0.00033,sector_a
2144.86546672,0.9956188795897232,0,0.00033,sector_a
2144.86685561,0.9954006688953703,0,0.00033,sector_a
2144.8682445,0.9951186210763884,0,0.00033,sector_a
2144.86963339,0.9951668919886046,0,0.00033,sector_a
2144.87102228,0.9953912996578049,0,0.00033,sector_a
2144.87241117,0.9952277634893008,0,0.00033,sector_a
2144.87380006,0.9957892070006867,0,0.00033,sector_a
2144.87518895,0.9955096743056128,0,0.00033,sector_a
2144.87657783,0.9954949820239485,0,0.00033,sector_a
2144.87796672,0.995205489161516,0,0.00033,sector_a
2144.87935561,0.995650715720766,0,0.00033,sector_a
2144.8807445,0.9953907664769407,0,0.00033,sector_a
2144.88213339,0.9952148170768716,0,0.00033,sector_a
2144.88352228,0.9953035986126265,0,0.00033,sector_a
2144.88491117,0.996182440694056,0,0.00033,sector_a
2144.88630006,0.9953077177373425,0,0.00033,sector_a
2144.88768895,0.9952295886692814,0,0.00033,sector_a
2144.88907783,0.9958160491099171,0,0.00033,sector_a
2144.89046672,0.9956929903455688,0,0.00033,sector_a
2144.89185561,0.9953919955621467,0,0.00033,sector_a
2144.8932445,0.995874685428654,0,0.00033,sector_a
2144.89463339,0.9950435209906766,0,0.00033,sector_a
2144.89602228,0.9953284104892888,0,0.00033,sector_a
2144.89741117,0.9949876952942358,0,0.00033,sector_a
2144.89880006,0.9958609353400503,0,0.00033,sector_a
2144.90018895,0.9954726871682739,0,0.00033,sector_a
2144.90157783,0.9962118682473808,0,0.00033,sector_a
2144.90296672,0.9955892562831851,0,0.00033,sector_a
2144.90435561,0.9955913096156822,0,0.00033,sector_a
2144.9057445,0.995120845681681,0,0.00033,sector_a
2144.90713339,0.9951026281208626,0,0.00033,sector_a
2144.90852228,0.9953010841956886,0,0.00033,sector_a
2144.90991117,0.9957021980100924,0,0.00033,sector_a
2144.91130006,0.9951323961883421,0,0.00033,sector_a
2144.91268895,0.9947390609023234,0,0.00033,sector_a
2144.91407783,0.995675802755647,0,0.00033,sector_a
2144.91546672,0.9956903609434818,0,0.00033,sector_a
2144.91685561,0.9951539637939761,0,0.00033,sector_a
2144.9182445,0.9955457549365793,0,0.00033,sector_a
2144.91963339,0.9957404367015319,0,0.00033,sector_a
2144.92102228,0.9957519570242016,0,0.00033,sector_a
2144.92241117,0.9949511300311632,0,0.00033,sector_a
2144.92380006,0.9954230334317142,0,0.00033,sector_a
2144.92518895,0.9951761807351499,0,0.00033,sector_a
2144.92657783,0.9956784448877978,0,0.00033,sector_a
2144.92796672,0.9954217753974152,0,0.00033,sector_a
2144.92935561,0.9950393681160842,0,0.00033,sector_a
2144.9307445,0.9954187813804141,0,0.00033,sector_a
2144.93213339,0.9955585879155842,0,0.00033,sector_a
2144.93352228,0.994929931431274,0,0.00033,sector_a
2144.93491117,0.9949838473140005,0,0.00033,sector_a
2144.93630006,0.9951776966013685,0,0.00033,sector_a
2144.93768895,0.9952836258307991,0,0.00033,sector_a
2144.93907783,0.9952038469179411,0,0.00033,sector_a
2144.94046672,0.9948315382689324,0,0.00033,sector_a
2144.94185561,0.9949061050035501,0,0.00033,sector_a
2144.9432445,0.995350267031467,0,0.00033,sector_a
2144.94463339,0.9954798719516432,0,0.00033,sector_a
2144.94602228,0.9950973590968784,0,0.00033,sector_a
2144.94741117,0.9954042291062378,0,0.00033,sector_a
2144.94880006,0.9959047638287687,2048,0.00033,sector_a
2144.95018895,0.9952912262266806,0,0.00033,sector_a
2144.95157783,0.9952222835271727,0,0.00033,sector_a
2144.95296672,0.9951437336331131,0,0.00033,sector_a
2144.95435561,0.995487361211,0,0.00033,sector_a
2144.9557445,0.9954157898117167,0,0.00033,sector_a
2144.95713339,0.9954215367736541,0,0.00033,sector_a
2144.95852228,0.9952371867094051,0,0.00033,sector_a
2144.95991117,0.9954667444076939,0,0.00033,sector_a
2144.96130006,0.995466710167009,0,0.00033,sector_a
2144.96268895,0.9953021835027925,0,0.00033,sector_a
2144.96407783,0.9956826345989678,0,0.00033,sector_a
2144.96546672,0.9948860064822371,0,0.00033,sector_a
2144.96685561,0.9955503558015093,0,0.00033,sector_a
2144.9682445,0.9953033469810861,0,0.00033,sector_a
2144.96963339,0.9955859942129656,0,0.00033,sector_a
2144.97102228,0.9958963982555374,0,0.00033,sector_a
2144.97241117,0.9953520869306753,0,0.00033,sector_a
2144.97380006,0.9952805482478169,0,0.00033,sector_a
2144.97518895,0.9953294063690254,0,0.00033,sector_a
2144.97657783,0.9957412170726501,0,0.00033,sector_a
2144.97796672,0.9957866841981751,0,0.00033,sector_a
2144.97935561,0.9953819304508194,0,0.00033,sector_a
2144.9807445,0.9955219299413074,0,0.00033,sector_a
2144.98213339,0.995859507161147,0,0.00033,sector_a
2144.98352228,0.9954886273850535,0,0.00033,sector_a
2144.98491117,0.994888149536077,0,0.00033,sector_a
2144.98630006,0.995087891619137,0,0.00033,sector_a
2144.98768895,0.9951844541403342,0,0.00033,sector_a
2144.98907783,0.9954414320944523,0,0.00033,sector_a
2144.99046672,0.9951588571371953,0,0.00033,sector_a
2144.99185561,0.9957324808347665,0,0.00033,sector_a
2144.9932445,0.995182294429628,0,0.00033,sector_a
2144.99463339,0.9957834147132548,0,0.00033,sector_a
2144.99602228,0.9951266142887856,0,0.00033,sector_a
2144.99741117,0.9957156388609176,0,0.00033,sector_a
2144.99880006,0.9953737040322332,0,0.00033,sector_a
2145.00018895,0.9957364699468205,0,0.00033,sector_a
2145.00157783,0.9958943584945938,0,0.00033,sector_a
2145.00296672,0.9958318951318625,0,0.00033,sector_a
2145.00435561,0.9956222387685769,0,0.00033,sector_a
2145.0057445,0.9950928536069065,0,0.00033,sector_a
2145.00713339,0.9950728831915657,0,0.00033,sector_a
2145.00852228,0.9943718955150348,0,0.00033,sector_a
2145.00991117,0.9957457728819502,0,0.00033,sector_a
2145.01130006,0.9956837844658218,0,0.00033,sector_a
2145.01268895,0.9956109943204956,0,0.00033,sector_a
2145.01407783,0.9949723328334635,0,0.00033,sector_a
2145.01546672,0.9961229209395466,0,0.00033,sector_a
2145.01685561,0.9951066830058617,0,0.00033,sector_a
2145.0182445,0.9955614124431413,0,0.00033,sector_a
2145.01963339,0.9948235240031927,0,0.00033,sector_a
2145.02102228,0.9951205069975906,0,0.00033,sector_a
2145.02241117,0.9956647456187957,0,0.00033,sector_a
2145.02380006,0.9956051490706435,0,0.00033,sector_a
2145.02518895,0.9949770419061393,0,0.00033,sector_a
2145.02657783,0.9952711162788433,0,0.00033,sector_a
2145.02796672,0.9956273600285016,0,0.00033,sector_a
2145.02935561,0.9947463108969421,0,0.00033,sector_a
2145.0307445,0.9955187253209902,0,0.00033,sector_a
2145.03213339,0.9948283426946987,0,0.00033,sector_a
2145.03352228,0.9954737133954981,0,0.00033,sector_a
2145.03491117,0.9952068782631406,0,0.00033,sector_a
2145.03630006,0.9955737672525524,0,0.00033,sector_a
2145.03768895,0.9951251143101374,0,0.00033,sector_a
2145.03907783,0.9951704302019894,0,0.00033,sector_a
2145.04046672,0.9951662615019146,0,0.00033,sector_a
2145.04185561,0.9949834766343542,0,0.00033,sector_a
2145.0432445,0.9951811703606426,0,0.00033,sector_a
2145.04463339,0.9949585153345902,0,0.00033,sector_a
2145.04602228,0.9950903548572322,0,0.00033,sector_a
2145.04741117,0.9954579955938196,0,0.00033,sector_a
2145.04880006,0.9951564065528614,0,0.00033,sector_a
2145.05018895,0.9955701591614208,0,0.00033,sector_a
2145.05157783,0.9954594515479663,0,0.00033,sector_a
2145.05296672,0.9954937103553261,0,0.00033,sector_a
2145.05435561,0.9949057564123356,0,0.00033,sector_a
2145.0557445,0.9953667719648556,0,0.00033,sector_a
2145.05713339,0.9956708421275363,0,0.00033,sector_a
2145.05852228,0.9955102184507302,0,0.00033,sector_a
2145.05991117,0.9956041964863916,0,0.00033,sector_a
2145.06130006,0.9956899518790495,0,0.00033,sector_a
2145.06268895,0.9947845075938326,0,0.00033,sector_a
2145.06407783,0.9954037281821446,0,0.00033,sector_a
2145.06546672,0.9953957512012352,0,0.00033,sector_a
2145.06685561,0.9951723417105057,0,0.00033,sector_a
2145.0682445,0.9948378527727999,0,0.00033,sector_a
2145.06963339,0.9952707153589938,0,0.00033,sector_a
2145.07102228,0.9951779161135701,0,0.00033,sector_a
2145.07241117,0.9958060653598128,0,0.00033,sector_a
2145.07380006,0.9956133072532327,0,0.00033,sector_a
2145.07518895,0.9950985892991734,0,0.00033,sector_a
2145.07657783,0.9949046685789894,0,0.00033,sector_a
2145.07796672,0.9949648495397481,0,0.00033,sector_a
2145.07935561,0.9952008566131504,0,0.00033,sector_a
2145.0807445,0.9949985748054407,0,0.00033,sector_a
2145.08213339,0.9958029924534756,0,0.00033,sector_a
2145.08352228,0.994856371635892,0,0.00033,sector_a
2145.08491117,0.9951840890895589,0,0.00033,sector_a
2145.08630006,0.9952530686574661,0,0.00033,sector_a
2145.08768895,0.9953324519517024,0,0.00033,sector_a
2145.08907783,0.9949309340397104,0,0.00033,sector_a
2145.09046672,0.9951391434805296,0,0.00033,sector_a
2145.09185561,0.9952593632369554,0,0.00033,sector_a
2145.0932445,0.9953020924552274,0,0.00033,sector_a
2145.09463339,0.9950293658483536,0,0.00033,sector_a
2145.09602228,0.9951109440734978,0,0.00033,sector_a
2145.09741117,0.995266390037083,0,0.00033,sector_a
2145.09880006,0.9957704672012571,0,0.00033,sector_a
2145.10018895,0.9948402727214538,0,0.00033,sector_a
2145.10157783,0.995406122382888,0,0.00033,sector_a
2145.10296672,0.9956687189748376,0,0.00033,sector_a
2145.10435561,0.9947814248800215,0,0.00033,sector_a
2145.1057445,0.9956280846118012,0,0.00033,sector_a
2145.10713339,0.9956161724431611,0,0.00033,sector_a
2145.10852228,0.9952158021082531,0,0.00033,sector_a
2145.10991117,0.9954832611672095,0,0.00033,sector_a
2145.11130006,0.9956374580650128,0,0.00033,sector_a
2145.11268895,0.9951512544922787,0,0.00033,sector_a
2145.11407783,0.9952641013895906,0,0.00033,sector_a
2145.11546672,0.9948766321936511,0,0.00033,sector_a
2145.11685561,0.9949893166480076,0,0.00033,sector_a
2145.1182445,0.9952157624871573,0,0.00033,sector_a
2145.11963339,0.995167530423823,0,0.00033,sector_a
2145.12102228,0.9956743524509951,4096,0.00033,sector_a
2145.12241117,0.9951273424928067,0,0.00033,sector_a
2145.12380006,0.9948321559956604,0,0.00033,sector_a
2145.12518895,0.9954559409260718,0,0.00033,sector_a
2145.12657783,0.9954652260030528,0,0.00033,sector_a
2145.12796672,0.9953081125683373,0,0.00033,sector_a
2145.12935561,0.9951481322453073,0,0.00033,sector_a
2145.1307445,0.9949529340172939,0,0.00033,sector_a
2145.13213339,0.994993988046047,0,0.00033,sector_a
2145.13352228,0.9956388383345405,0,0.00033,sector_a
2145.13491117,0.995417032393946,0,0.00033,sector_a
2145.13630006,0.9952139686435485,0,0.00033,sector_a
2145.13768895,0.9953067767830569,0,0.00033,sector_a
2145.13907783,0.9950779902098634,0,0.00033,sector_a
2145.14046672,0.9949041281740991,0,0.00033,sector_a
2145.14185561,0.9950371410254082,0,0.00033,sector_a
2145.1432445,0.9951597427163253,0,0.00033,sector_a
2145.14463339,0.9946849715815473,0,0.00033,sector_a
2145.14602228,0.9947416091570752,0,0.00033,sector_a
2145.14741117,0.9946533183712764,0,0.00033,sector_a
2145.14880006,0.9950307456762231,0,0.00033,sector_a
2145.15018895,0.9953436050209533,0,0.00033,sector_a
2145.15157783,0.9947605017985607,0,0.00033,sector_a
2145.15296672,0.9948155065852007,0,0.00033,sector_a
2145.15435561,0.9946737272164685,0,0.00033,sector_a
2145.1557445,0.9950095092689888,0,0.00033,sector_a
2145.15713339,0.9947907995475523,0,0.00033,sector_a
2145.15852228,0.9948422902545191,0,0.00033,sector_a
2145.15991117,0.9948114266884048,0,0.00033,sector_a
2145.16130006,0.9958074350382898,0,0.00033,sector_a
2145.16268895,0.9951078468189524,0,0.00033,sector_a
2145.16407783,0.9949384287172677,0,0.00033,sector_a
2145.16546672,0.9949972630463927,0,0.00033,sector_a
2145.16685561,0.9953892168367223,0,0.00033,sector_a
2145.1682445,0.9954189914506493,0,0.00033,sector_a
2145.16963339,0.9952078437643322,0,0.00033,sector_a
2145.17102228,0.994541752125037,0,0.00033,sector_a
2145.17241117,0.9954189989904547,0,0.00033,sector_a
2145.17380006,0.9954429571181497,0,0.00033,sector_a
2145.17518895,0.9953551720292797,0,0.00033,sector_a
2145.17657783,0.9952643382312049,0,0.00033,sector_a
2145.17796672,0.9951452924254014,0,0.00033,sector_a
2145.17935561,0.9954787069251307,0,0.00033,sector_a
2145.1807445,0.9950305767800376,0,0.00033,sector_a
2145.18213339,0.9954305169749214,0,0.00033,sector_a
2145.18352228,0.9949765691274872,0,0.00033,sector_a
2145.18491117,0.9950042752563564,0,0.00033,sector_a
2145.18630006,0.9949855480245788,0,0.00033,sector_a
2145.18768895,0.9949507391516734,0,0.00033,sector_a
2145.18907783,0.9949696103820279,0,0.00033,sector_a
2145.19046672,0.9953393416161577,0,0.00033,sector_a
2145.19185561,0.9955773434129002,0,0.00033,sector_a
2145.1932445,0.9949023341608547,0,0.00033,sector_a
2145.19463339,0.9948012576633427,0,0.00033,sector_a
2145.19602228,0.9954818215153106,0,0.00033,sector_a
2145.19741117,0.9950093151551072,0,0.00033,sector_a
2145.19880006,0.995190027497743,0,0.00033,sector_a
2145.20018895,0.9951517794461572,0,0.00033,sector_a
2145.20157783,0.9953760052238315,0,0.00033,sector_a
2145.20296672,0.9948415234240167,0,0.00033,sector_a
2145.20435561,0.9954439875398791,0,0.00033,sector_a
2145.2057445,0.9953398427378195,0,0.00033,sector_a
2145.20713339,0.9944469863140688,0,0.00033,sector_a
2145.20852228,0.9950522452833857,0,0.00033,sector_a
2145.20991117,0.9949856374674486,0,0.00033,sector_a
2145.21130006,0.9952110255880747,0,0.00033,sector_a
2145.21268895,0.9950780370284152,0,0.00033,sector_a
2145.21407783,0.994871797139859,0,0.00033,sector_a
2145.21546672,0.9949912909663277,0,0.00033,sector_a
2145.21685561,0.9951972024792046,0,0.00033,sector_a
2145.2182445,0.9951045387041104,0,0.00033,sector_a
2145.21963339,0.9950450998005056,0,0.00033,sector_a
2145.22102228,0.9957502182236591,0,0.00033,sector_a
2145.22241117,0.9952472097839182,0,0.00033,sector_a
2145.22380006,0.9947566038911702,0,0.00033,sector_a
2145.22518895,0.9951232349135992,0,0.00033,sector_a
2145.22657783,0.9951839438329517,0,0.00033,sector_a
2145.22796672,0.9947914727104803,0,0.00033,sector_a
2145.22935561,0.9951195162472424,0,0.00033,sector_a
2145.2307445,0.9948342682646976,0,0.00033,sector_a
2145.23213339,0.9944228158050059,0,0.00033,sector_a
2145.23352228,0.9951851654491931,0,0.00033,sector_a
2145.23491117,0.9952691610505712,0,0.00033,sector_a
2145.23630006,0.9952652650667368,0,0.00033,sector_a
2145.23768895,0.9950372917699079,0,0.00033,sector_a
2145.23907783,0.9949042394000044,0,0.00033,sector_a
2145.24046672,0.9951496521896781,0,0.00033,sector_a
2145.24185561,0.9952059885202938,0,0.00033,sector_a
2145.2432445,0.9953510014581267,0,0.00033,sector_a
2145.24463339,0.995475747820929,0,0.00033,sector_a
2145.24602228,0.9953176173667374,0,0.00033,sector_a
2145.24741117,0.9949053225795442,0,0.00033,sector_a
2145.24880006,0.9950604566806137,0,0.00033,sector_a
2145.25018895,0.9946591084956619,0,0.00033,sector_a
2145.25157783,0.9952888523567476,0,0.00033,sector_a
2145.25296672,0.995247858872558,0,0.00033,sector_a
2145.25435561,0.9954286708472814,0,0.00033,sector_a
2145.2557445,0.995219773927077,0,0.00033,sector_a
2145.25713339,0.9955409325612877,0,0.00033,sector_a
2145.25852228,0.994867741910526,0,0.00033,sector_a
2145.25991117,0.9951721884141363,0,0.00033,sector_a
2145.26130006,0.9949994554700032,0,0.00033,sector_a
2145.26268895,0.9950069814362635,0,0.00033,sector_a
2145.26407783,0.9945460534870617,0,0.00033,sector_a
2145.26546672,0.99484832079285,0,0.00033,sector_a
2145.26685561,0.9944776121890025,0,0.00033,sector_a
2145.2682445,0.9949681814088256,0,0.00033,sector_a
2145.26963339,0.9948580907990979,0,0.00033,sector_a
2145.27102228,0.9951025972101428,0,0.00033,sector_a
2145.27241117,0.99452093518837,0,0.00033,sector_a
2145.27380006,0.9949051250009784,0,0.00033,sector_a
2145.27518895,0.9949824246916942,0,0.00033,sector_a
2145.27657783,0.9943721440559926,0,0.00033,sector_a
2145.27796672,0.9955391991191015,0,0.00033,sector_a
2145.27935561,0.9951948440641584,0,0.00033,sector_a
2145.2807445,0.9948236815505211,0,0.00033,sector_a
2145.28213339,0.9956086996120398,0,0.00033,sector_a
2145.28352228,0.9954495978238906,0,0.00033,sector_a
2145.28491117,0.9943139557704357,0,0.00033,sector_a
2145.28630006,0.994958052075178,0,0.00033,sector_a
2145.28768895,0.9948605905375397,0,0.00033,sector_a
2145.28907783,0.995058079880696,0,0.00033,sector_a
2145.29046672,0.9947620511960571,0,0.00033,sector_a
2145.29185561,0.9949661417291633,0,0.00033,sector_a
2145.2932445,0.9950657733442165,0,0.00033,sector_a
2145.29463339,0.9943005714461086,0,0.00033,sector_a
2145.29602228,0.9950776598649194,0,0.00033,sector_a
2145.29741117,0.9954583362322316,0,0.00033,sector_a
2145.29880006,0.995078048936837,0,0.00033,sector_a
2145.30018895,0.9953827331677827,0,0.00033,sector_a
2145.30157783,0.9955126521219957,0,0.00033,sector_a
2145.30296672,0.9951283218687771,0,0.00033,sector_a
2145.30435561,0.9951595035674512,0,0.00033,sector_a
2145.3057445,0.9951642034153102,0,0.00033,sector_a
2145.30713339,0.9949182617562711,0,0.00033,sector_a
2145.30852228,0.9957213176083625,0,0.00033,sector_a
2145.30991117,0.9951780565031935,0,0.00033,sector_a
2145.31130006,0.9952132842462295,0,0.00033,sector_a
2145.31268895,0.995330820165871,0,0.00033,sector_a
2145.31407783,0.9954874189672691,0,0.00033,sector_a
2145.31546672,0.9946429043050549,0,0.00033,sector_a
2145.31685561,0.9947423151718771,0,0.00033,sector_a
2145.3182445,0.99508948800534,0,0.00033,sector_a
2145.31963339,0.9952020987266614,0,0.00033,sector_a
2145.32102228,0.9946862005829766,0,0.00033,sector_a
2145.32241117,0.9946374138930906,0,0.00033,sector_a
2145.32380006,0.9952743595595708,0,0.00033,sector_a
2145.32518895,0.9952594615810889,0,0.00033,sector_a
2145.32657783,0.9949578541187036,0,0.00033,sector_a
2145.32796672,0.9949559034132083,0,0.00033,sector_a
2145.32935561,0.9948513862810379,0,0.00033,sector_a
2145.3307445,0.9946888590800405,0,0.00033,sector_a
2145.33213339,0.9947758878263918,0,0.00033,sector_a
2145.33352228,0.9950853228536585,0,0.00033,sector_a
2145.33491117,0.9949787435858471,0,0.00033,sector_a
2145.33630006,0.9953204137069127,0,0.00033,sector_a
2145.33768895,0.9946375865280566,0,0.00033,sector_a
2145.33907783,0.9945234085164245,0,0.00033,sector_a
2145.34046672,0.9951977274230559,0,0.00033,sector_a
2145.34185561,0.9947464337720472,0,0.00033,sector_a
2145.3432445,0.994931794377832,0,0.00033,sector_a
2145.34463339,0.9950329163066045,0,0.00033,sector_a
2145.34602228,0.9946478803147054,0,0.00033,sector_a
2145.34741117,0.994564543576553,0,0.00033,sector_a
2145.34880006,0.9951004214099883,0,0.00033,sector_a
2145.35018895,0.9942096915012356,0,0.00033,sector_a
2145.35157783,0.9952031210741178,0,0.00033,sector_a
2145.35296672,0.9944873123414818,0,0.00033,sector_a
2145.35435561,0.9952560964984037,0,0.00033,sector_a
2145.3557445,0.9951080627693886,0,0.00033,sector_a
2145.35713339,0.9950852535507425,0,0.00033,sector_a
2145.35852228,0.9951617067898506,0,0.00033,sector_a
2145.35991117,0.9950571633433496,0,0.00033,sector_a
2145.36130006,0.9946065756449405,0,0.00033,sector_a
2145.36268895,0.9952617603614746,0,0.00033,sector_a
2145.36407783,0.9950545027768685,0,0.00033,sector_a
2145.36546672,0.9951547466240795,0,0.00033,sector_a
2145.36685561,0.9949777189560302,0,0.00033,sector_a
2145.3682445,0.9949397118699371,0,0.00033,sector_a
2145.36963339,0.9952918886474359,0,0.00033,sector_a
2145.37102228,0.9952974025020418,0,0.00033,sector_a
2145.37241117,0.9950872041812271,0,0.00033,sector_a
2145.37380006,0.994659567365273,0,0.00033,sector_a
2145.37518895,0.9947401798797048,0,0.00033,sector_a
2145.37657783,0.994718887512616,0,0.00033,sector_a
2145.37796672,0.9953537825834295,0,0.00033,sector_a
2145.37935561,0.9951738000972618,0,0.00033,sector_a
2145.3807445,0.9950457419569729,0,0.00033,sector_a
2145.38213339,0.994983876634115,0,0.00033,sector_a
2145.38352228,0.9948096042421718,0,0.00033,sector_a
2145.38491117,0.9952736003141975,0,0.00033,sector_a
2145.38630006,0.9947221935238248,0,0.00033,sector_a
2145.38768895,0.9947805623514825,0,0.00033,sector_a
2145.38907783,0.9952863913052564,0,0.00033,sector_a
2145.39046672,0.995224217248366,0,0.00033,sector_a
2145.39185561,0.995017727201036,0,0.00033,sector_a
2145.3932445,0.994662055154147,0,0.00033,sector_a
2145.39463339,0.9946634913291402,0,0.00033,sector_a
2145.39602228,0.9952938225251866,0,0.00033,sector_a
2145.39741117,0.9951545613930238,0,0.00033,sector_a
2145.39880006,0.9954870457182797,0,0.00033,sector_a
2145.40018895,0.9949055122030326,0,0.00033,sector_a
2145.40157783,0.9950225904104114,0,0.00033,sector_a
2145.40296672,0.9947668138430533,0,0.00033,sector_a
2145.40435561,0.9955403490362756,0,0.00033,sector_a
2145.4057445,0.9945465989643791,0,0.00033,sector_a
2145.40713339,0.9952332026050973,0,0.00033,sector_a
2145.40852228,0.9955305316004117,0,0.00033,sector_a
2145.40991117,0.9947652755071644,0,0.00033,sector_a
2145.41130006,0.9946209967795979,0,0.00033,sector_a
2145.41268895,0.9947490180276468,0,0.00033,sector_a
2145.41407783,0.9946256301388381,0,0.00033,sector_a
2145.41546672,0.9951540363398895,0,0.00033,sector_a
2145.41685561,0.9950226336714684,0,0.00033,sector_a
2145.4182445,0.9947793948573118,0,0.00033,sector_a
2145.41963339,0.994966564691424,0,0.00033,sector_a
2145.42102228,0.9955018528221238,0,0.00033,sector_a
2145.42241117,0.9949762903973477,0,0.00033,sector_a
2145.42380006,0.994933079877409,0,0.00033,sector_a
2145.42518895,0.9956318940155411,0,0.00033,sector_a
2145.42657783,0.9947861400628072,0,0.00033,sector_a
2145.42796672,0.9949125572041359,0,0.00033,sector_a
2145.42935561,0.9954909847575782,0,0.00033,sector_a
2145.4307445,0.9950620315689309,0,0.00033,sector_a
2145.43213339,0.9944804141072041,0,0.00033,sector_a
2145.43352228,0.9947903095372199,0,0.00033,sector_a
2145.43491117,0.9943756354463711,0,0.00033,sector_a
2145.43630006,0.9948540769301945,0,0.00033,sector_a
2145.43768895,0.9951427336390599,0,0.00033,sector_a
2145.43907783,0.9945543177715861,0,0.00033,sector_a
2145.44046672,0.9955046078588929,0,0.00033,sector_a
2145.44185561,0.9954235303834844,0,0.00033,sector_a
2145.4432445,0.9952859490009729,0,0.00033,sector_a
2145.44463339,0.9948270647770628,0,0.00033,sector_a
2145.44602228,0.9950552279385299,0,0.00033,sector_a
2145.44741117,0.9952127840090624,0,0.00033,sector_a
2145.44880006,0.9953343925075255,0,0.00033,sector_a
2145.45018895,0.9954309058105265,0,0.00033,sector_a
2145.45157783,0.9944006370112806,0,0.00033,sector_a
2145.45296672,0.9948352869374456,0,0.00033,sector_a
2145.45435561,0.9947010923404515,0,0.00033,sector_a
2145.4557445,0.9949474318206778,0,0.00033,sector_a
2145.45713339,0.9951122582110029,0,0.00033,sector_a
2145.45852228,0.9957384956232418,0,0.00033,sector_a
2145.45991117,0.9950217373854396,0,0.00033,sector_a
2145.46130006,0.9953228327158808,0,0.00033,sector_a
2145.46268895,0.9950847313348267,0,0.00033,sector_a
2145.46407783,0.9950413694542306,0,0.00033,sector_a
2145.46546672,0.9955766148789635,0,0.00033,sector_a
2145.46685561,0.9947192319856115,0,0.00033,sector_a
2145.4682445,0.9952564148071179,0,0.00033,sector_a
2145.46963339,0.9956769790687091,0,0.00033,sector_a
2145.47102228,0.99608390391665,0,0.00033,sector_a
2145.47241117,0.9949015098621403,0,0.00033,sector_a
2145.47380006,0.9947770189407417,0,0.00033,sector_a
2145.47518895,0.9946789856341586,0,0.00033,sector_a
2145.47657783,0.9949342469282416,0,0.00033,sector_a
2145.47796672,0.9950577682732461,0,0.00033,sector_a
2145.47935561,0.9950626823157623,0,0.00033,sector_a
2145.4807445,0.9953979806787295,0,0.00033,sector_a
2145.48213339,0.9949645944205353,0,0.00033,sector_a
2145.48352228,0.9951554052075483,0,0.00033,sector_a
2145.48491117,0.9945621204753483,0,0.00033,sector_a
2145.48630006,0.9948605917275268,0,0.00033,sector_a
2145.48768895,0.9950137824667866,0,0.00033,sector_a
2145.48907783,0.9943485240889159,0,0.00033,sector_a
2145.49046672,0.9950969031883744,0,0.00033,sector_a
2145.49185561,0.9953269675355461,0,0.00033,sector_a
2145.4932445,0.9950856284531209,0,0.00033,sector_a
2145.49463339,0.9951282453194866,0,0.00033,sector_a
2145.49602228,0.995062390980799,0,0.00033,sector_a
2145.49741117,0.9947051062260787,0,0.00033,sector_a
2145.49880006,0.9950789838314508,0,0.00033,sector_a
2145.50018895,0.9948968996601973,0,0.00033,sector_a
2145.50157783,0.9950947993549077,0,0.00033,sector_a
2145.50296672,0.9950889674927188,0,0.00033,sector_a
2145.50435561,0.9951041278364464,0,0.00033,sector_a
2145.5057445,0.9946720765416365,0,0.00033,sector_a
2145.50713339,0.9950519854477629,0,0.00033,sector_a
2145.50852228,0.9955969062249004,0,0.00033,sector_a
2145.50991117,0.9953532857508083,0,0.00033,sector_a
2145.51130006,0.9950019577946263,0,0.00033,sector_a
2145.51268895,0.9948525892011255,0,0.00033,sector_a
2145.51407783,0.9953706428480885,0,0.00033,sector_a
2145.51546672,0.995072374251062,0,0.00033,sector_a
2145.51685561,0.9945388961362857,0,0.00033,sector_a
2145.5182445,0.9949389439347838,0,0.00033,sector_a
2145.51963339,0.9955806370219691,0,0.00033,sector_a
2145.52102228,0.9945649669805293,0,0.00033,sector_a
2145.52241117,0.9950926495483857,0,0.00033,sector_a
2145.52380006,0.994846324159697,0,0.00033,sector_a
2145.52518895,0.9950535651222535,0,0.00033,sector_a
2145.52657783,0.9949485503994899,0,0.00033,sector_a
2145.52796672,0.9948082456100519,0,0.00033,sector_a
2145.52935561,0.9942972474935653,0,0.00033,sector_a
2145.5307445,0.9950080604155728,0,0.00033,sector_a
2145.53213339,0.9950829454380223,0,0.00033,sector_a
2145.53352228,0.9950331251947164,0,0.00033,sector_a
2145.53491117,0.994752688493321,0,0.00033,sector_a
2145.53630006,0.9948889048595579,0,0.00033,sector_a
2145.53768895,0.9957440202832651,0,0.00033,sector_a
2145.53907783,0.9947364167960328,0,0.00033,sector_a
2145.54046672,0.9949777816940167,0,0.00033,sector_a
2145.54185561,0.9947004406267695,0,0.00033,sector_a
2145.5432445,0.9950107933962352,0,0.00033,sector_a
2145.54463339,0.9951543694083756,0,0.00033,sector_a
2145.54602228,0.9954469943068601,0,0.00033,sector_a
2145.54741117,0.9951496194860678,0,0.00033,sector_a
2145.54880006,0.9950850147513037,0,0.00033,sector_a
2145.55018895,0.9951946643679149,0,0.00033,sector_a
2145.55157783,0.9952576416277833,0,0.00033,sector_a
2145.55296672,0.9950778423576303,0,0.00033,sector_a
2145.55435561,0.9950837987355353,0,0.00033,sector_a
2145.5557445,0.9954613076567361,0,0.00033,sector_a
2145.55713339,0.9948770115902078,0,0.00033,sector_a
2145.55852228,0.9950686933940315,0,0.00033,sector_a
2145.55991117,0.9948173009029273,0,0.00033,sector_a
2145.56130006,0.9949397026898166,0,0.00033,sector_a
2145.56268895,0.9955454260107142,0,0.00033,sector_a
2145.56407783,0.9948848216162167,4096,0.00033,sector_a
2145.56546672,0.9952527332907266,0,0.00033,sector_a
2145.56685561,0.9957366769537868,0,0.00033,sector_a
2145.5682445,0.9952590604399786,0,0.00033,sector_a
2145.56963339,0.9950534058535168,0,0.00033,sector_a
2145.57102228,0.9948682431668592,0,0.00033,sector_a
2145.57241117,0.9943362639411678,0,0.00033,sector_a
2145.57380006,0.9948164498869088,0,0.00033,sector_a
2145.57518895,0.994826178355978,0,0.00033,sector_a
2145.57657783,0.9953944235722941,0,0.00033,sector_a
2145.57796672,0.9953163972709429,0,0.00033,sector_a
2145.57935561,0.9947161929519095,0,0.00033,sector_a
2145.5807445,0.9952953693657577,0,0.00033,sector_a
2145.58213339,0.9949168778595797,0,0.00033,sector_a
2145.58352228,0.9956615519696527,0,0.00033,sector_a
2145.58491117,0.9955592455814608,0,0.00033,sector_a
2145.58630006,0.9953187490918356,0,0.00033,sector_a
2145.58768895,0.9950007342449605,0,0.00033,sector_a
2145.58907783,0.9956565558433017,0,0.00033,sector_a
2145.59046672,0.9953923881047405,0,0.00033,sector_a
2145.59185561,0.9954811884954489,0,0.00033,sector_a
2145.5932445,0.9952994096533949,0,0.00033,sector_a
2145.59463339,0.9950635829456038,0,0.00033,sector_a
2145.59602228,0.9953833867126902,0,0.00033,sector_a
2145.59741117,0.9948986011457119,0,0.00033,sector_a
2145.59880006,0.9953905588356583,0,0.00033,sector_a
2145.60018895,0.9952083293636695,0,0.00033,sector_a
2145.60157783,0.9946561254449334,0,0.00033,sector_a
2145.60296672,0.9953021060189736,0,0.00033,sector_a
2145.60435561,0.9951407044151714,0,0.00033,sector_a
2145.6057445,0.9950404052821109,0,0.00033,sector_a
2145.60713339,0.9951327269766367,0,0.00033,sector_a
2145.60852228,0.9953939273252215,0,0.00033,sector_a
2145.60991117,0.9948174028056804,0,0.00033,sector_a
2145.61130006,0.9948378380816539,0,0.00033,sector_a
2145.61268895,0.9953820731077518,0,0.00033,sector_a
2145.61407783,0.9952182277580831,0,0.00033,sector_a
2145.61546672,0.9946422008432076,0,0.00033,sector_a
2145.61685561,0.9951998863135031,0,0.00033,sector_a
2145.6182445,0.9946521916026055,0,0.00033,sector_a
2145.61963339,0.9953747637180467,0,0.00033,sector_a
2145.62102228,0.9952499358062821,0,0.00033,sector_a
2145.62241117,0.9953121798211108,0,0.00033,sector_a
2145.62380006,0.9947042775198682,0,0.00033,sector_a
2145.62518895,0.9949277562711323,0,0.00033,sector_a
2145.62657783,0.9954243299848106,0,0.00033,sector_a
2145.62796672,0.9947430043436842,0,0.00033,sector_a
2145.62935561,0.995320955883766,0,0.00033,sector_a
2145.6307445,0.995099948731404,0,0.00033,sector_a
2145.63213339,0.9952103948304135,0,0.00033,sector_a
2145.63352228,0.9949182502570907,0,0.00033,sector_a
2145.63491117,0.9953487557748791,0,0.00033,sector_a
2145.63630006,0.9952894270682343,0,0.00033,sector_a
2145.63768895,0.9954292782763112,0,0.00033,sector_a
2145.63907783,0.9959216677731613,0,0.00033,sector_a
2145.64046672,0.9951137071616759,0,0.00033,sector_a
2145.64185561,0.9952029872669648,0,0.00033,sector_a
2145.6432445,0.994867432164036,0,0.00033,sector_a
2145.64463339,0.9957132165206007,0,0.00033,sector_a
2145.64602228,0.995083440916258,0,0.00033,sector_a
2145.64741117,0.9954255792817007,0,0.00033,sector_a
2145.64880006,0.9948537193329468,0,0.00033,sector_a
2145.65018895,0.995122888596774,0,0.00033,sector_a
2145.65157783,0.9953832149458474,0,0.00033,sector_a
2145.65296672,0.9953489183982099,0,0.00033,sector_a
2145.65435561,0.9951250698244116,0,0.00033,sector_a
2145.6557445,0.9954823298329658,0,0.00033,sector_a
2145.65713339,0.9952504175195397,0,0.00033,sector_a
2145.65852228,0.9955369875662686,0,0.00033,sector_a
2145.65991117,0.995151187535392,0,0.00033,sector_a
2145.66130006,0.9954215057761965,0,0.00033,sector_a
2145.66268895,0.9950871650331619,0,0.00033,sector_a
2145.66407783,0.9956158789415563,0,0.00033,sector_a
2145.66546672,0.9952353631731361,0,0.00033,sector_a
2145.66685561,0.9952547866361393,0,0.00033,sector_a
2145.6682445,0.9950678764813046,0,0.00033,sector_a
2145.66963339,0.9955469559617955,0,0.00033,sector_a
2145.67102228,0.9952923605207457,0,0.00033,sector_a
2145.67241117,0.9951796279816012,0,0.00033,sector_a
2145.67380006,0.9956461345688109,0,0.00033,sector_a
2145.67518895,0.9950209147634081,0,0.00033,sector_a
2145.67657783,0.9955478860799304,0,0.00033,sector_a
2145.67796672,0.9957046653291283,0,0.00033,sector_a
2145.67935561,0.9947360864693908,0,0.00033,sector_a
2145.6807445,0.995525974922314,0,0.00033,sector_a
2145.68213339,0.9954211994694616,0,0.00033,sector_a
2145.68352228,0.9953177562711935,0,0.00033,sector_a
2145.68491117,0.9953657642360534,2048,0.00033,sector_a
2145.68630006,0.9948932647184465,0,0.00033,sector_a
2145.68768895,0.9954110853724691,0,0.00033,sector_a
2145.68907783,0.9953309623878808,0,0.00033,sector_a
2145.69046672,0.9948167130820227,0,0.00033,sector_a
2145.69185561,0.9952075008633654,0,0.00033,sector_a
2145.6932445,0.9949040229211785,0,0.00033,sector_a
2145.69463339,0.995296770014509,0,0.00033,sector_a
2145.69602228,0.995002423609191,0,0.00033,sector_a
2145.69741117,0.9953035112736545,0,0.00033,sector_a
2145.69880006,0.9948430872089257,0,0.00033,sector_a
2145.70018895,0.9951111973392626,0,0.00033,sector_a
2145.70157783,0.9951506874787975,0,0.00033,sector_a
2145.70296672,0.9952116480844648,0,0.00033,sector_a
2145.70435561,0.9956188047449116,0,0.00033,sector_a
2145.7057445,0.9959325466632583,0,0.00033,sector_a
2145.70713339,0.9948250916332984,0,0.00033,sector_a
2145.70852228,0.9955349647052121,0,0.00033,sector_a
2145.70991117,0.9952038160344394,0,0.00033,sector_a
2145.71130006,0.9952022129922057,0,0.00033,sector_a
2145.71268895,0.9951992630709812,0,0.00033,sector_a
2145.71407783,0.9952478808383806,0,0.00033,sector_a
2145.71546672,0.9952700512523839,0,0.00033,sector_a
2145.71685561,0.9955489709156564,0,0.00033,sector_a
2145.7182445,0.995684587862219,0,0.00033,sector_a
2145.71963339,0.9954127056495213,0,0.00033,sector_a
2145.72102228,0.9953233774292376,0,0.00033,sector_a
2145.72241117,0.9954835219085532,0,0.00033,sector_a
2145.72380006,0.9954356057274619,0,0.00033,sector_a
2145.72518895,0.9958604201328013,0,0.00033,sector_a
2145.72657783,0.9950352969618599,0,0.00033,sector_a
2145.72796672,0.9949065134357272,0,0.00033,sector_a
2145.72935561,0.9952417040170636,0,0.00033,sector_a
2145.7307445,0.995412425799183,0,0.00033,sector_a
2145.73213339,0.9952565459861771,0,0.00033,sector_a
2145.73352228,0.9953888175956304,0,0.00033,sector_a
2145.73491117,0.9945530569425461,0,0.00033,sector_a
2145.73630006,0.995092232704759,0,0.00033,sector_a
2145.73768895,0.9951235076499411,0,0.00033,sector_a
2145.73907783,0.9949210267309447,0,0.00033,sector_a
2145.74046672,0.9951410881022376,0,0.00033,sector_a
2145.74185561,0.9952511920259578,0,0.00033,sector_a
2145.7432445,0.9954360149548843,0,0.00033,sector_a
2145.74463339,0.9950465307003176,0,0.00033,sector_a
2145.74602228,0.9948285916171196,0,0.00033,sector_a
2145.74741117,0.9954422442415158,0,0.00033,sector_a
2145.74880006,0.9958947733572935,0,0.00033,sector_a
2145.75018895,0.9953708513519129,0,0.00033,sector_a
2145.75157783,0.9953639902123785,0,0.00033,sector_a
2145.75296672,0.9950369011846704,0,0.00033,sector_a
2145.75435561,0.9953950371640413,0,0.00033,sector_a
2145.7557445,0.9958016062816331,0,0.00033,sector_a
2145.75713339,0.9947570334329591,0,0.00033,sector_a
2145.75852228,0.9956400965048847,0,0.00033,sector_a
2145.75991117,0.9947655856719455,0,0.00033,sector_a
2145.76130006,0.9957872260461914,0,0.00033,sector_a
2145.76268895,0.9955942318126494,0,0.00033,sector_a
2145.76407783,0.995263982375452,0,0.00033,sector_a
2145.76546672,0.9954426600325548,0,0.00033,sector_a
2145.76685561,0.995853166001424,0,0.00033,sector_a
2145.7682445,0.9950503308742974,0,0.00033,sector_a
2145.76963339,0.995719611485078,0,0.00033,sector_a
2145.77102228,0.9955482364481588,0,0.00033,sector_a
2145.77241117,0.9953796820344263,0,0.00033,sector_a
2145.77380006,0.9958099960714653,0,0.00033,sector_a
2145.77518895,0.9949010726275219,0,0.00033,sector_a
2145.77657783,0.995353838706905,0,0.00033,sector_a
2145.77796672,0.9950391378404457,0,0.00033,sector_a
2145.77935561,0.9953799539123968,0,0.00033,sector_a
2145.7807445,0.995555801089878,0,0.00033,sector_a
2145.78213339,0.9949263733393765,0,0.00033,sector_a
2145.78352228,0.9954857032399331,0,0.00033,sector_a
2145.78491117,0.9954900316255795,0,0.00033,sector_a
2145.78630006,0.9952351682800085,0,0.00033,sector_a
2145.78768895,0.995387647589451,0,0.00033,sector_a
2145.78907783,0.9957354045019217,0,0.00033,sector_a
2145.79046672,0.9955100654216271,0,0.00033,sector_a
2145.79185561,0.995901333125814,0,0.00033,sector_a
2145.7932445,0.9951126812709383,0,0.00033,sector_a
2145.79463339,0.9950549760515593,0,0.00033,sector_a
2145.79602228,0.9957803117506839,0,0.00033,sector_a
2145.79741117,0.9950352619471914,0,0.00033,sector_a
2145.79880006,0.995792429364649,0,0.00033,sector_a
2145.80018895,0.9954321182794643,0,0.00033,sector_a
2145.80157783,0.9956376808512974,0,0.00033,sector_a
2145.80296672,0.995341165241241,0,0.00033,sector_a
2145.80435561,0.995753238972744,0,0.00033,sector_a
2145.8057445,0.9958427422891749,0,0.00033,sector_a
2145.80713339,0.9958104947761803,0,0.00033,sector_a
2145.80852228,0.9956029363327097,0,0.00033,sector_a
2145.80991117,0.9950719880606625,0,0.00033,sector_a
2145.81130006,0.9957499604002742,0,0.00033,sector_a
2145.81268895,0.9954997885306268,0,0.00033,sector_a
2145.81407783,0.995861447442365,0,0.00033,sector_a
2145.81546672,0.9950309703983147,0,0.00033,sector_a
2145.81685561,0.9956104995527076,0,0.00033,sector_a
2145.8182445,0.9953534168455466,0,0.00033,sector_a
2145.81963339,0.9954773312266875,0,0.00033,sector_a
2145.82102228,0.9957472032328474,0,0.00033,sector_a
2145.82241117,0.995735597372374,0,0.00033,sector_a
2145.82380006,0.9959163913067018,0,0.00033,sector_a
2145.82518895,0.995638075919472,0,0.00033,sector_a
2145.82657783,0.9956659646034802,0,0.00033,sector_a
2145.82796672,0.9956025146241255,0,0.00033,sector_a
2145.82935561,0.995174942802526,0,0.00033,sector_a
2145.8307445,0.9958312421037991,0,0.00033,sector_a
2145.83213339,0.9952774359258266,0,0.00033,sector_a
2145.83352228,0.9953700983568011,0,0.00033,sector_a
2145.83491117,0.9956520649554959,0,0.00033,sector_a
2145.83630006,0.9953291694725793,0,0.00033,sector_a
2145.83768895,0.9953940809834044,0,0.00033,sector_a
2145.83907783,0.9948004078374617,0,0.00033,sector_a
2145.84046672,0.9952758522591219,0,0.00033,sector_a
2145.84185561,0.9952070673012122,0,0.00033,sector_a
2145.8432445,0.9953508754965615,0,0.00033,sector_a
2145.84463339,0.9956957849255396,0,0.00033,sector_a
2145.84602228,0.9954595306587448,0,0.00033,sector_a
2145.84741117,0.9955017418816018,0,0.00033,sector_a
2145.84880006,0.9955772826852234,0,0.00033,sector_a
2145.85018895,0.9958469912223348,0,0.00033,sector_a
2145.85157783,0.9958714676802926,0,0.00033,sector_a
2145.85296672,0.995681502589801,0,0.00033,sector_a
2145.85435561,0.9954907345782441,0,0.00033,sector_a
2145.8557445,0.9958268390437535,0,0.00033,sector_a
2145.85713339,0.9954838822894988,0,0.00033,sector_a
2145.85852228,0.9955211407292639,0,0.00033,sector_a
2145.85991117,0.9956674457040303,0,0.00033,sector_a
2145.86130006,0.9954385062592415,0,0.00033,sector_a
2145.86268895,0.9952644491040646,0,0.00033,sector_a
2145.86407783,0.9952275423026095,0,0.00033,sector_a
2145.86546672,0.9955036432397364,0,0.00033,sector_a
2145.86685561,0.9956590715425216,0,0.00033,sector_a
2145.8682445,0.9957877684971609,0,0.00033,sector_a
2145.86963339,0.9953771680372294,0,0.00033,sector_a
2145.87102228,0.9956718931679313,0,0.00033,sector_a
2145.87241117,0.9956226659706179,0,0.00033,sector_a
2145.87380006,0.9954881376154647,0,0.00033,sector_a
2145.87518895,0.996358413661491,0,0.00033,sector_a
2145.87657783,0.9954128931748775,0,0.00033,sector_a
2145.87796672,0.9953888997283732,0,0.00033,sector_a
2145.87935561,0.9956772460614256,0,0.00033,sector_a
2145.8807445,0.9960924542089108,0,0.00033,sector_a
2145.88213339,0.9955402111735163,0,0.00033,sector_a
2145.88352228,0.99604045843407,0,0.00033,sector_a
2145.88491117,0.9953603407179196,0,0.00033,sector_a
2145.88630006,0.995545133426543,0,0.00033,sector_a
2145.88768895,0.9956087091112797,0,0.00033,sector_a
2145.88907783,0.9955941974968382,0,0.00033,sector_a
2145.89046672,0.9956883164858255,0,0.00033,sector_a
2145.89185561,0.995648756551654,0,0.00033,sector_a
2145.8932445,0.995624183400872,0,0.00033,sector_a
2145.89463339,0.995400134984129,0,0.00033,sector_a
2145.89602228,0.9958372853477221,0,0.00033,sector_a
2145.89741117,0.9957127675795504,0,0.00033,sector_a
2145.89880006,0.9957755536385616,0,0.00033,sector_a
2145.90018895,0.9960532847770563,0,0.00033,sector_a
2145.90157783,0.9958627140244241,0,0.00033,sector_a
2145.90296672,0.9957908144140338,0,0.00033,sector_a
2145.90435561,0.9961356022997352,0,0.00033,sector_a
2145.9057445,0.9956037540555686,0,0.00033,sector_a
2145.90713339,0.9952839880903427,0,0.00033,sector_a
2145.90852228,0.9955734136877912,0,0.00033,sector_a
2145.90991117,0.9953889754965232,0,0.00033,sector_a
2145.91130006,0.9956743086694294,0,0.00033,sector_a
2145.91268895,0.9956826509766475,0,0.00033,sector_a
2145.91407783,0.9957340950228024,0,0.00033,sector_a
2145.91546672,0.9958386797947337,0,0.00033,sector_a
2145.91685561,0.9959411353912218,0,0.00033,sector_a
2145.9182445,0.9958880064010862,0,0.00033,sector_a
2145.91963339,0.9958101836482314,0,0.00033,sector_a
2145.92102228,0.9956834677547514,0,0.00033,sector_a
2145.92241117,0.9956307516773172,0,0.00033,sector_a
2145.92380006,0.9957694668481797,0,0.00033,sector_a
2145.92518895,0.9957025787186917,0,0.00033,sector_a
2145.92657783,0.995468938228419,0,0.00033,sector_a
2145.92796672,0.9956628052405339,0,0.00033,sector_a
2145.92935561,0.9959824630193693,0,0.00033,sector_a
2145.9307445,0.991301609134536,0,0.00033,sector_a
2145.93213339,0.9910526988237436,0,0.00033,sector_a
2145.93352228,0.9913600416591664,0,0.00033,sector_a
2145.93491117,0.9914753361619384,0,0.00033,sector_a
2145.93630006,0.990993996109758,0,0.00033,sector_a
2145.93768895,0.9917772704364181,0,0.00033,sector_a
2145.93907783,0.9916346685901444,0,0.00033,sector_a
2145.94046672,0.9912699712023613,0,0.00033,sector_a
2145.94185561,0.9916356467800075,0,0.00033,sector_a
2145.9432445,0.9913974984486958,0,0.00033,sector_a
2145.94463339,0.9915068963088454,0,0.00033,sector_a
2145.94602228,0.9910832663838872,0,0.00033,sector_a
2145.94741117,0.9911990914159247,0,0.00033,sector_a
2145.94880006,0.9912749393986745,0,0.00033,sector_a
2145.95018895,0.9913155789963171,0,0.00033,sector_a
2145.95157783,0.9912094468080515,0,0.00033,sector_a
2145.95296672,0.9909029324110987,0,0.00033,sector_a
2145.95435561,0.9910391712093012,0,0.00033,sector_a
2145.9557445,0.9914779775235717,0,0.00033,sector_a
2145.95713339,0.9912455291550943,0,0.00033,sector_a
2145.95852228,0.9918323324872237,0,0.00033,sector_a
2145.95991117,0.9917448617071272,0,0.00033,sector_a
2145.96130006,0.9913020344815903,0,0.00033,sector_a
2145.96268895,0.9914258796981081,0,0.00033,sector_a
2145.96407783,0.9908555100989359,0,0.00033,sector_a
2145.96546672,0.9915729832432281,0,0.00033,sector_a
2145.96685561,0.9916898162600976,0,0.00033,sector_a
2145.9682445,0.9911662257773017,0,0.00033,sector_a
2145.96963339,0.9911667233964992,0,0.00033,sector_a
2145.97102228,0.9912285465339071,0,0.00033,sector_a
2145.97241117,0.9915974875680101,0,0.00033,sector_a
2145.97380006,0.9916885348481738,0,0.00033,sector_a
2145.97518895,0.9911239649532839,0,0.00033,sector_a
2145.97657783,0.9912961635128532,0,0.00033,sector_a
2145.97796672,0.9915567117606808,0,0.00033,sector_a
2145.97935561,0.991472480435696,0,0.00033,sector_a
2145.9807445,0.9913314185907633,0,0.00033,sector_a
2145.98213339,0.9915646171223095,0,0.00033,sector_a
2145.98352228,0.9911697587536844,0,0.00033,sector_a
2145.98491117,0.991010929548353,0,0.00033,sector_a
2145.98630006,0.9916042384315485,0,0.00033,sector_a
2145.98768895,0.9916423327691531,0,0.00033,sector_a
2145.98907783,0.9918088851791733,0,0.00033,sector_a
2145.99046672,0.9913597492618594,0,0.00033,sector_a
2145.99185561,0.9912148441181037,0,0.00033,sector_a
2145.9932445,0.991474491099462,0,0.00033,sector_a
2145.99463339,0.9914366898666177,0,0.00033,sector_a
2145.99602228,0.9914813691307168,0,0.00033,sector_a
2145.99741117,0.9914444484010101,0,0.00033,sector_a
2145.99880006,0.9918440797593446,0,0.00033,sector_a
2146.00018895,0.9915607906223073,0,0.00033,sector_a
2146.00157783,0.9918553276956447,0,0.00033,sector_a
2146.00296672,0.9912858035267899,0,0.00033,sector_a
2146.00435561,0.9912051295467464,0,0.00033,sector_a
2146.0057445,0.9917479522324091,0,0.00033,sector_a
2146.00713339,0.9911554423517993,0,0.00033,sector_a
2146.00852228,0.9911759935042933,0,0.00033,sector_a
2146.00991117,0.9911842346613484,0,0.00033,sector_a
2146.01130006,0.990988249319678,0,0.00033,sector_a
2146.01268895,0.9916389115238929,0,0.00033,sector_a
2146.01407783,0.9919824041332557,0,0.00033,sector_a
2146.01546672,0.9916742510485883,0,0.00033,sector_a
2146.01685561,0.9917531066783555,0,0.00033,sector_a
2146.0182445,0.9914266687881033,0,0.00033,sector_a
2146.01963339,0.9912575916521473,0,0.00033,sector_a
2146.02102228,0.991680818257357,0,0.00033,sector_a
2146.02241117,0.9912092219369114,0,0.00033,sector_a
2146.02380006,0.991107334825397,0,0.00033,sector_a
2146.02518895,0.9912986087733949,0,0.00033,sector_a
2146.02657783,0.9918403926820535,0,0.00033,sector_a
2146.02796672,0.9916522240110685,0,0.00033,sector_a
2146.02935561,0.9914803188304926,0,0.00033,sector_a
2146.0307445,0.9912498343231638,0,0.00033,sector_a
2146.03213339,0.9912896018694978,0,0.00033,sector_a
2146.03352228,0.9916519573682084,0,0.00033,sector_a
2146.03491117,0.9915395797536499,0,0.00033,sector_a
2146.03630006,0.9913478703373133,0,0.00033,sector_a
2146.03768895,0.9918902332211362,0,0.00033,sector_a
2146.03907783,0.9913875239858587,0,0.00033,sector_a
2146.04046672,0.9911202563839233,0,0.00033,sector_a
2146.04185561,0.9915057839058624,0,0.00033,sector_a
2146.0432445,0.9918827221171694,0,0.00033,sector_a
2146.04463339,0.9917828716817421,0,0.00033,sector_a
2146.04602228,0.9918491291018857,0,0.00033,sector_a
2146.04741117,0.9913623014769584,0,0.00033,sector_a
2146.04880006,0.9917194575906603,0,0.00033,sector_a
2146.05018895,0.9916361875680174,0,0.00033,sector_a
2146.05157783,0.9915321607917115,0,0.00033,sector_a
2146.05296672,0.9912817562457209,0,0.00033,sector_a
2146.05435561,0.991956870707836,0,0.00033,sector_a
2146.0557445,0.9916421879139824,0,0.00033,sector_a
2146.05713339,0.9914614834392862,0,0.00033,sector_a
2146.05852228,0.9918299861359807,0,0.00033,sector_a
2146.05991117,0.992340339532038,0,0.00033,sector_a
2146.06130006,0.9912025688301696,0,0.00033,sector_a
2146.06268895,0.9917042637834403,0,0.00033,sector_a
2146.06407783,0.9921485573368881,0,0.00033,sector_a
2146.06546672,0.9921577347786509,0,0.00033,sector_a
2146.06685561,0.991349371302055,0,0.00033,sector_a
2146.0682445,0.9914936511814985,0,0.00033,sector_a
2146.06963339,0.9910663637233464,0,0.00033,sector_a
2146.07102228,0.9916392578963596,0,0.00033,sector_a
2146.07241117,0.9912075961102265,0,0.00033,sector_a
2146.07380006,0.9913478185017743,0,0.00033,sector_a
2146.07518895,0.9920527504417626,0,0.00033,sector_a
2146.07657783,0.9913139189702266,0,0.00033,sector_a
2146.07796672,0.9911542735375175,0,0.00033,sector_a
2146.07935561,0.9916733285040429,0,0.00033,sector_a
2146.0807445,0.9917342907709672,0,0.00033,sector_a
2146.08213339,0.991748155318503,0,0.00033,sector_a
2146.08352228,0.9920235739286763,0,0.00033,sector_a
2146.08491117,0.9914996909385249,0,0.00033,sector_a
2146.08630006,0.9916659919684846,0,0.00033,sector_a
2146.08768895,0.9918949373719623,0,0.00033,sector_a
2146.08907783,0.9915991535219641,0,0.00033,sector_a
2146.09046672,0.9921227525396978,0,0.00033,sector_a
2146.09185561,0.9920103209065125,0,0.00033,sector_a
2146.0932445,0.9917471243619634,0,0.00033,sector_a
2146.09463339,0.9916925168587047,0,0.00033,sector_a
2146.09602228,0.9917610654551205,0,0.00033,sector_a
2146.09741117,0.991847737544898,0,0.00033,sector_a
2146.09880006,0.9911959638040186,0,0.00033,sector_a
2146.10018895,0.9913924649403743,0,0.00033,sector_a
2146.10157783,0.9915390352924298,0,0.00033,sector_a
2146.10296672,0.9915245682451429,0,0.00033,sector_a
2146.10435561,0.9915881942543621,0,0.00033,sector_a
2146.1057445,0.9960995541411711,0,0.00033,sector_a
2146.10713339,0.996298542262112,0,0.00033,sector_a
2146.10852228,0.996184521678373,0,0.00033,sector_a
2146.10991117,0.9963788042764905,0,0.00033,sector_a
2146.11130006,0.9963755919269573,0,0.00033,sector_a
2146.11268895,0.9962721373011062,0,0.00033,sector_a
2146.11407783,0.9961709904558513,0,0.00033,sector_a
2146.11546672,0.9960820523672989,0,0.00033,sector_a
2146.11685561,0.9965191263597525,0,0.00033,sector_a
2146.1182445,0.9961686583374035,0,0.00033,sector_a
2146.11963339,0.9963648197286452,0,0.00033,sector_a
2146.12102228,0.996534017553833,0,0.00033,sector_a
2146.12241117,0.9963673315111313,0,0.00033,sector_a
2146.12380006,0.995855220312468,0,0.00033,sector_a
2146.12518895,0.9960936608763166,0,0.00033,sector_a
2146.12657783,0.9968777536152127,0,0.00033,sector_a
2146.12796672,0.9958479184536482,0,0.00033,sector_a
2146.12935561,0.9966742045459471,0,0.00033,sector_a
2146.1307445,0.9960038796959132,0,0.00033,sector_a
2146.13213339,0.9963457274687946,0,0.00033,sector_a
2146.13352228,0.9966291873548919,0,0.00033,sector_a
2146.13491117,0.9960380924814337,0,0.00033,sector_a
2146.13630006,0.9966166828125144,0,0.00033,sector_a
2146.13768895,0.9956963025491465,0,0.00033,sector_a
2146.13907783,0.9962905635448953,0,0.00033,sector_a
2146.14046672,0.9961552251110046,0,0.00033,sector_a
2146.14185561,0.9964592539395368,0,0.00033,sector_a
2146.1432445,0.9965679275222754,0,0.00033,sector_a
2146.14463339,0.9966891158069194,0,0.00033,sector_a
2146.14602228,0.9966806422367069,0,0.00033,sector_a
2146.14741117,0.9962398985066739,0,0.00033,sector_a
2146.14880006,0.9961015238411102,0,0.00033,sector_a
2146.15018895,0.9964895205642404,0,0.00033,sector_a
2146.15157783,0.9962158001922004,0,0.00033,sector_a
2146.15296672,0.995766604980412,0,0.00033,sector_a
2146.15435561,0.9957489625014793,0,0.00033,sector_a
2146.1557445,0.996255716416097,0,0.00033,sector_a
2146.15713339,0.9962612337930338,0,0.00033,sector_a
2146.15852228,0.996404873674374,0,0.00033,sector_a
2146.15991117,0.9964431966893629,0,0.00033,sector_a
2146.16130006,0.9959291900067303,0,0.00033,sector_a
2146.16268895,0.9964790871424366,0,0.00033,sector_a
2146.16407783,0.996068007488138,0,0.00033,sector_a
2146.16546672,0.9965281211297069,0,0.00033,sector_a
2146.16685561,0.9964019273688803,0,0.00033,sector_a
2146.1682445,0.9968661135902551,0,0.00033,sector_a
2146.16963339,0.9965252005715506,0,0.00033,sector_a
2146.17102228,0.9962684694256968,0,0.00033,sector_a
2146.17241117,0.9963573774206312,0,0.00033,sector_a
2146.17380006,0.9964471285981069,0,0.00033,sector_a
2146.17518895,0.9966053125718164,0,0.00033,sector_a
2146.17657783,0.9966684649629242,0,0.00033,sector_a
2146.17796672,0.9962037522567753,0,0.00033,sector_a
2146.17935561,0.9961688301538352,0,0.00033,sector_a
2146.1807445,0.9966849818665705,0,0.00033,sector_a
2146.18213339,0.9964812404157118,0,0.00033,sector_a
2146.18352228,0.996793265491953,0,0.00033,sector_a
2146.18491117,0.9966340081016282,2048,0.00033,sector_a
2146.18630006,0.9969896883966083,0,0.00033,sector_a
2146.18768895,0.9966945611299037,0,0.00033,sector_a
2146.18907783,0.9961636659132518,4096,0.00033,sector_a
2146.19046672,0.9963994364295986,0,0.00033,sector_a
2146.19185561,0.99668776633921,0,0.00033,sector_a
2146.1932445,0.9962306130829689,0,0.00033,sector_a
2146.19463339,0.9965435412672349,0,0.00033,sector_a
2146.19602228,0.9967406170591898,0,0.00033,sector_a
2146.19741117,0.9968740450288502,0,0.00033,sector_a
2146.19880006,0.9968107479857957,0,0.00033,sector_a
2146.20018895,0.9961331975352558,0,0.00033,sector_a
2146.20157783,0.9969111428297007,0,0.00033,sector_a
2146.20296672,0.9963242075965705,0,0.00033,sector_a
2146.20435561,0.9966105864530592,0,0.00033,sector_a
2146.2057445,0.9963575473099517,0,0.00033,sector_a
2146.20713339,0.9968708750675704,0,0.00033,sector_a
2146.20852228,0.9965905730663068,0,0.00033,sector_a
2146.20991117,0.996685676129414,0,0.00033,sector_a
2146.21130006,0.9967485291097419,0,0.00033,sector_a
2146.21268895,0.9966094415183737,0,0.00033,sector_a
2146.21407783,0.9964543163314011,0,0.00033,sector_a
2146.21546672,0.997052686881925,0,0.00033,sector_a
2146.21685561,0.9968190162932936,0,0.00033,sector_a
2146.2182445,0.9968789631536528,0,0.00033,sector_a
2146.21963339,0.996159770917906,0,0.00033,sector_a
2146.22102228,0.9960966194715891,0,0.00033,sector_a
2146.22241117,0.9971503010561845,0,0.00033,sector_a
2146.22380006,0.9968822256101733,0,0.00033,sector_a
2146.22518895,0.9961767522174722,0,0.00033,sector_a
2146.22657783,0.99680571232159,0,0.00033,sector_a
2146.22796672,0.9967148897623189,0,0.00033,sector_a
2146.22935561,0.9964135018055679,0,0.00033,sector_a
2146.2307445,0.9965777619586108,0,0.00033,sector_a
2146.23213339,0.9972267040967094,0,0.00033,sector_a
2146.23352228,0.9965048475681407,0,0.00033,sector_a
2146.23491117,0.9968523193209017,0,0.00033,sector_a
2146.23630006,0.9964892356643659,0,0.00033,sector_a
2146.23768895,0.9962876416784194,0,0.00033,sector_a
2146.23907783,0.9974223396230998,0,0.00033,sector_a
2146.24046672,0.996928549175941,0,0.00033,sector_a
2146.24185561,0.9966034830259721,0,0.00033,sector_a
2146.2432445,0.996640149621086,0,0.00033,sector_a
2146.24463339,0.9966714295298725,0,0.00033,sector_a
2146.24602228,0.9964523883199308,0,0.00033,sector_a
2146.24741117,0.9968843815181957,0,0.00033,sector_a
2146.24880006,0.9969426735073875,0,0.00033,sector_a
2146.25018895,0.996646393395108,0,0.00033,sector_a
2146.25157783,0.9967569554963297,0,0.00033,sector_a
2146.25296672,0.996404760688456,0,0.00033,sector_a
2146.25435561,0.9968537913161001,0,0.00033,sector_a
2146.2557445,0.9962220748563825,0,0.00033,sector_a
2146.25713339,0.9967618422106026,0,0.00033,sector_a
2146.25852228,0.997212016227246,0,0.00033,sector_a
2146.25991117,0.9967209832292214,0,0.00033,sector_a
2146.26130006,0.9975832703870157,0,0.00033,sector_a
2146.26268895,0.9965012143932213,0,0.00033,sector_a
2146.26407783,0.996749055065242,0,0.00033,sector_a
2146.26546672,0.9968195663578516,0,0.00033,sector_a
2146.26685561,0.9970952491561079,0,0.00033,sector_a
2146.2682445,0.9971822211789503,0,0.00033,sector_a
2146.26963339,0.9968948534359661,0,0.00033,sector_a
2146.27102228,0.9964187405417707,0,0.00033,sector_a
2146.27241117,0.9972649249505399,0,0.00033,sector_a
2146.27380006,0.9970495455408468,0,0.00033,sector_a
2146.27518895,0.9970985888024145,0,0.00033,sector_a
2146.27657783,0.9964205695249165,0,0.00033,sector_a
2146.27796672,0.9970144517535736,0,0.00033,sector_a
2146.27935561,0.9968354784142237,0,0.00033,sector_a
2146.2807445,0.997163475853202,0,0.00033,sector_a
2146.28213339,0.9973871979221383,0,0.00033,sector_a
2146.28352228,0.9966577556728198,0,0.00033,sector_a
2146.28491117,0.9968734846515253,0,0.00033,sector_a
2146.28630006,0.9969189920794331,0,0.00033,sector_a
2146.28768895,0.9966948983640075,0,0.00033,sector_a
2146.28907783,0.9970743608752782,0,0.00033,sector_a
2146.29046672,0.9970710383738643,0,0.00033,sector_a
2146.29185561,0.9966796572972899,0,0.00033,sector_a
2146.2932445,0.9966927758763693,0,0.00033,sector_a
2146.29463339,0.9970158893083904,0,0.00033,sector_a
2146.29602228,0.9964442559837523,0,0.00033,sector_a
2146.29741117,0.9970435639613443,0,0.00033,sector_a
2146.29880006,0.9972040098402769,0,0.00033,sector_a
2146.30018895,0.997209118050007,0,0.00033,sector_a
2146.30157783,0.99670870898724,0,0.00033,sector_a
2146.30296672,0.9974861195799382,0,0.00033,sector_a
2146.30435561,0.9975746969283932,0,0.00033,sector_a
2146.3057445,0.9966790408765269,0,0.00033,sector_a
2146.30713339,0.9974926464623382,0,0.00033,sector_a
2146.30852228,0.9973838650147366,0,0.00033,sector_a
2146.30991117,0.9972750465920147,0,0.00033,sector_a
2146.31130006,0.9968160566742674,0,0.00033,sector_a
2146.31268895,0.9973262472916877,0,0.00033,sector_a
2146.31407783,0.9967364295095013,0,0.00033,sector_a
2146.31546672,0.9970707729377235,0,0.00033,sector_a
2146.31685561,0.9972983114725648,2048,0.00033,sector_a
2146.3182445,0.9972214638997826,0,0.00033,sector_a
2146.31963339,0.9970070953360796,0,0.00033,sector_a
2146.32102228,0.9972005513600467,0,0.00033,sector_a
2146.32241117,0.9970681934447863,0,0.00033,sector_a
2146.32380006,0.9971908481903496,0,0.00033,sector_a
2146.32518895,0.996903878649515,0,0.00033,sector_a
2146.32657783,0.9967965113803173,0,0.00033,sector_a
2146.32796672,0.9969762603915199,0,0.00033,sector_a
2146.32935561,0.9967925279264495,0,0.00033,sector_a
2146.3307445,0.9974631237770836,0,0.00033,sector_a
2146.33213339,0.9978801814939282,0,0.00033,sector_a
2146.33352228,0.9973514070043077,0,0.00033,sector_a
2146.33491117,0.9974942881788835,0,0.00033,sector_a
2146.33630006,0.9968760689239712,0,0.00033,sector_a
2146.33768895,0.9971403794646336,0,0.00033,sector_a
2146.33907783,0.9968703885743818,0,0.00033,sector_a
2146.34046672,0.9973716615945583,0,0.00033,sector_a
2146.34185561,0.9972295186982089,0,0.00033,sector_a
2146.3432445,0.9969217947997006,0,0.00033,sector_a
2146.34463339,0.99760462454682,0,0.00033,sector_a
2146.34602228,0.9972052021919983,0,0.00033,sector_a
2146.34741117,0.9974400161981358,0,0.00033,sector_a
2146.34880006,0.9974781923965717,0,0.00033,sector_a
2146.35018895,0.997632989682239,0,0.00033,sector_a
2146.35157783,0.9975985677890808,0,0.00033,sector_a
2146.35296672,0.9972542336136375,0,0.00033,sector_a
2146.35435561,0.9971842364519976,0,0.00033,sector_a
2146.3557445,0.9970718833809882,0,0.00033,sector_a
2146.35713339,0.9969605040879813,0,0.00033,sector_a
2146.35852228,0.9977480590631052,0,0.00033,sector_a
2146.35991117,0.9971016929813368,0,0.00033,sector_a
2146.36130006,0.997656204390599,0,0.00033,sector_a
2146.36268895,0.9970229009035764,0,0.00033,sector_a
2146.36407783,0.9970673878448195,0,0.00033,sector_a
2146.36546672,0.9975397157844503,0,0.00033,sector_a
2146.36685561,0.9972237669598509,0,0.00033,sector_a
2146.3682445,0.9970485628613094,0,0.00033,sector_a
2146.36963339,0.99772584284144,0,0.00033,sector_a
2146.37102228,0.9969227353700262,0,0.00033,sector_a
2146.37241117,0.9970571300774077,0,0.00033,sector_a
2146.37380006,0.9974757650307866,0,0.00033,sector_a
2146.37518895,0.9977116495785441,2048,0.00033,sector_a
2146.37657783,0.9972927186910261,0,0.00033,sector_a
2146.37796672,0.9970655068915599,0,0.00033,sector_a
2146.37935561,0.9979251219218251,0,0.00033,sector_a
2146.3807445,0.9973113991396044,0,0.00033,sector_a
2146.38213339,0.9971378463641669,0,0.00033,sector_a
2146.38352228,0.9973519469585655,0,0.00033,sector_a
2146.38491117,0.9976532229473724,0,0.00033,sector_a
2146.38630006,0.996545164660506,0,0.00033,sector_a
2146.38768895,0.9970434423200208,0,0.00033,sector_a
2146.38907783,0.9975417782844817,0,0.00033,sector_a
2146.39046672,0.9974986585779403,0,0.00033,sector_a
2146.39185561,0.997371193889831,0,0.00033,sector_a
2146.3932445,0.9973210585683719,0,0.00033,sector_a
2146.39463339,0.9975324915904252,0,0.00033,sector_a
2146.39602228,0.9976762779551397,0,0.00033,sector_a
2146.39741117,0.9972260206591558,0,0.00033,sector_a
2146.39880006,0.9972720215730739,0,0.00033,sector_a
2146.40018895,0.9976102683301534,0,0.00033,sector_a
2146.40157783,0.9973099236030245,0,0.00033,sector_a
2146.40296672,0.9970431937550452,0,0.00033,sector_a
2146.40435561,0.9973650952857405,0,0.00033,sector_a
2146.4057445,0.99711462544718,0,0.00033,sector_a
2146.40713339,0.9976007945825862,0,0.00033,sector_a
2146.40852228,0.9976813692573576,0,0.00033,sector_a
2146.40991117,0.9972702408692515,0,0.00033,sector_a
2146.41130006,0.9974206593631869,0,0.00033,sector_a
2146.41268895,0.9975649474441151,0,0.00033,sector_a
2146.41407783,0.9978238653638845,0,0.00033,sector_a
2146.41546672,0.9977669450107233,0,0.00033,sector_a
2146.41685561,0.9975725161298185,0,0.00033,sector_a
2146.4182445,0.997608679199415,0,0.00033,sector_a
2146.41963339,0.9978986315332242,0,0.00033,sector_a
2146.42102228,0.9977142658315904,0,0.00033,sector_a
2146.42241117,0.997688383122075,0,0.00033,sector_a
2146.42380006,0.9972540622726462,0,0.00033,sector_a
2146.42518895,0.9976153486928981,0,0.00033,sector_a
2146.42657783,0.9976936849598119,0,0.00033,sector_a
2146.42796672,0.9976008652494022,0,0.00033,sector_a
2146.42935561,0.9972997753282058,0,0.00033,sector_a
2146.4307445,0.9970916818112421,0,0.00033,sector_a
2146.43213339,0.997769451119497,0,0.00033,sector_a
2146.43352228,0.9977830539720286,0,0.00033,sector_a
2146.43491117,0.9976521801939386,0,0.00033,sector_a
2146.43630006,0.99737450008612,0,0.00033,sector_a
2146.43768895,0.9975006273049057,0,0.00033,sector_a
2146.43907783,0.9976154223920506,0,0.00033,sector_a
2146.44046672,0.9978494208278813,0,0.00033,sector_a
2146.44185561,0.9976776360648569,0,0.00033,sector_a
2146.4432445,0.9974324663473216,0,0.00033,sector_a
2146.44463339,0.9975238922706171,0,0.00033,sector_a
2146.44602228,0.9973456204497998,0,0.00033,sector_a
2146.44741117,0.9981823235638155,0,0.00033,sector_a
2146.44880006,0.9974886171605072,0,0.00033,sector_a
2146.45018895,0.9980963304690926,0,0.00033,sector_a
2146.45157783,0.9977816676407378,0,0.00033,sector_a
2146.45296672,0.9982199285675267,0,0.00033,sector_a
2146.45435561,0.9974232485083957,0,0.00033,sector_a
2146.4557445,0.9979352561616068,0,0.00033,sector_a
2146.45713339,0.997485885212802,0,0.00033,sector_a
2146.45852228,0.9974986378097181,0,0.00033,sector_a
2146.45991117,0.997546058803823,0,0.00033,sector_a
2146.46130006,0.9973889878899904,0,0.00033,sector_a
2146.46268895,0.9975102218334131,0,0.00033,sector_a
2146.46407783,0.9976912839448187,0,0.00033,sector_a
2146.46546672,0.9982269814576761,0,0.00033,sector_a
2146.46685561,0.9976544622818446,0,0.00033,sector_a
2146.4682445,0.9973577122645934,0,0.00033,sector_a
2146.46963339,0.9979596063394902,0,0.00033,sector_a
2146.47102228,0.9981767249485192,0,0.00033,sector_a
2146.47241117,0.9970894285870373,0,0.00033,sector_a
2146.47380006,0.9979345774410315,0,0.00033,sector_a
2146.47518895,0.9974201714864118,0,0.00033,sector_a
2146.47657783,0.9972997204665613,0,0.00033,sector_a
2146.47796672,0.9980014658199212,0,0.00033,sector_a
2146.47935561,0.9982352654804758,0,0.00033,sector_a
2146.4807445,0.9983498017085011,0,0.00033,sector_a
2146.48213339,0.9978533881308207,0,0.00033,sector_a
2146.48352228,0.99775024604921,0,0.00033,sector_a
2146.48491117,0.9979128824302673,0,0.00033,sector_a
2146.48630006,0.9980376393288884,0,0.00033,sector_a
2146.48768895,0.9981312711002058,0,0.00033,sector_a
2146.48907783,0.9982739521221586,0,0.00033,sector_a
2146.49046672,0.9980171463443563,0,0.00033,sector_a
2146.49185561,0.9980771141489403,0,0.00033,sector_a
2146.4932445,0.9979842816098133,0,0.00033,sector_a
2146.49463339,0.9977184771532194,0,0.00033,sector_a
2146.49602228,0.998060408044434,0,0.00033,sector_a
2146.49741117,0.9983580929524866,0,0.00033,sector_a
2146.49880006,0.9981640460549747,0,0.00033,sector_a
2146.50018895,0.9973589970325739,0,0.00033,sector_a
2146.50157783,0.9983986097117693,0,0.00033,sector_a
2146.50296672,0.9977353397268636,0,0.00033,sector_a
2146.50435561,0.9986217709593841,0,0.00033,sector_a
2146.5057445,0.9985883819198715,0,0.00033,sector_a
2146.50713339,0.9981876740458624,0,0.00033,sector_a
2146.50852228,0.9985213531190891,0,0.00033,sector_a
2146.50991117,0.9977754723391943,0,0.00033,sector_a
2146.51130006,0.997954040049213,0,0.00033,sector_a
2146.51268895,0.997818224501201,0,0.00033,sector_a
2146.51407783,0.9981196779398656,0,0.00033,sector_a
2146.51546672,0.9980401101814698,0,0.00033,sector_a
2146.51685561,0.9980942803990116,0,0.00033,sector_a
2146.5182445,0.9980667668465071,0,0.00033,sector_a
2146.51963339,0.9984569517851785,0,0.00033,sector_a
2146.52102228,0.9980468221861001,0,0.00033,sector_a
2146.52241117,0.9979261687798511,0,0.00033,sector_a
2146.52380006,0.9980823501701428,0,0.00033,sector_a
2146.52518895,0.9981894492929502,0,0.00033,sector_a
2146.52657783,0.9981846168688969,0,0.00033,sector_a
2146.52796672,0.997774978148701,0,0.00033,sector_a
2146.52935561,0.9979282263897876,0,0.00033,sector_a
2146.5307445,0.9979837909883925,0,0.00033,sector_a
2146.53213339,0.9978116696947654,0,0.00033,sector_a
2146.53352228,0.997623199675845,0,0.00033,sector_a
2146.53491117,0.9979054825559953,0,0.00033,sector_a
2146.53630006,0.9973382399171788,0,0.00033,sector_a
2146.53768895,0.9980032259651984,0,0.00033,sector_a
2146.53907783,0.997726826195805,2048,0.00033,sector_a
2146.54046672,0.9980040241203757,0,0.00033,sector_a
2146.54185561,0.9980621850018296,0,0.00033,sector_a
2146.5432445,0.9986505883069159,0,0.00033,sector_a
2146.54463339,0.9986826269276924,0,0.00033,sector_a
2146.54602228,0.998761034872612,0,0.00033,sector_a
2146.54741117,0.9981633318876872,0,0.00033,sector_a
2146.54880006,0.9980051394812824,0,0.00033,sector_a
2146.55018895,0.998392494539196,0,0.00033,sector_a
2146.55157783,0.9978633439729725,0,0.00033,sector_a
2146.55296672,0.998138680647582,0,0.00033,sector_a
2146.55435561,0.9979535279669889,0,0.00033,sector_a
2146.5557445,0.9981634547319309,0,0.00033,sector_a
2146.55713339,0.998399433535693,0,0.00033,sector_a
2146.55852228,0.99788314032786,0,0.00033,sector_a
2146.55991117,0.9982709713291406,0,0.00033,sector_a
2146.56130006,0.9982561561770023,0,0.00033,sector_a
2146.56268895,0.9982718888701148,0,0.00033,sector_a
2146.56407783,0.9983547747264199,0,0.00033,sector_a
2146.56546672,0.9981099256420876,0,0.00033,sector_a
2146.56685561,0.99820498336774,0,0.00033,sector_a
2146.5682445,0.9981332680261934,0,0.00033,sector_a
2146.56963339,0.9977993955666015,0,0.00033,sector_a
2146.57102228,0.9986728675373684,0,0.00033,sector_a
2146.57241117,0.9984547139623401,0,0.00033,sector_a
2146.57380006,0.9984541676323966,0,0.00033,sector_a
2146.57518895,0.9980820586376408,0,0.00033,sector_a
2146.57657783,0.9977763373664364,0,0.00033,sector_a
2146.57796672,0.998359941783367,0,0.00033,sector_a
2146.57935561,0.998031415764908,0,0.00033,sector_a
2146.5807445,0.9988091736466455,0,0.00033,sector_a
2146.58213339,0.9988002620723788,0,0.00033,sector_a
2146.58352228,0.9981634217816043,0,0.00033,sector_a
2146.58491117,0.9987024425624089,0,0.00033,sector_a
2146.58630006,0.9985337582023768,0,0.00033,sector_a
2146.58768895,0.9983131686457629,0,0.00033,sector_a
2146.58907783,0.9978981166018915,0,0.00033,sector_a
2146.59046672,0.9985248966111265,0,0.00033,sector_a
2146.59185561,0.9986129711931053,0,0.00033,sector_a
2146.5932445,0.9986303051927888,0,0.00033,sector_a
2146.59463339,0.9982294253697312,0,0.00033,sector_a
2146.59602228,0.998405019550178,0,0.00033,sector_a
2146.59741117,0.9984185529025171,2048,0.00033,sector_a
2146.59880006,0.9984218936778928,0,0.00033,sector_a
2146.60018895,0.9982463485727386,2048,0.00033,sector_a
2146.60157783,0.998737504182682,0,0.00033,sector_a
2146.60296672,0.9986015694806677,0,0.00033,sector_a
2146.60435561,0.9983350603434482,0,0.00033,sector_a
2146.6057445,0.998576906274465,0,0.00033,sector_a
2146.60713339,0.9987408693004665,0,0.00033,sector_a
2146.60852228,0.9985683109973637,0,0.00033,sector_a
2146.60991117,0.9985678377968535,0,0.00033,sector_a
2146.61130006,0.9987072605960474,0,0.00033,sector_a
2146.61268895,0.9982751341645945,0,0.00033,sector_a
2146.61407783,0.9986977579696186,0,0.00033,sector_a
2146.61546672,0.9983180300075011,0,0.00033,sector_a
2146.61685561,0.9985732243024917,0,0.00033,sector_a
2146.6182445,0.9988750423449924,0,0.00033,sector_a
2146.61963339,0.9984025686944962,0,0.00033,sector_a
2146.62102228,0.9988696058276992,0,0.00033,sector_a
2146.62241117,0.9987367791422658,0,0.00033,sector_a
2146.62380006,0.9989474157482556,0,0.00033,sector_a
2146.62518895,0.9981391152343719,0,0.00033,sector_a
2146.62657783,0.99745840585725,4096,0.00033,sector_a
2146.62796672,0.9983124349384811,0,0.00033,sector_a
2146.62935561,0.9991838402416717,2048,0.00033,sector_a
2146.6307445,0.9986877315400575,0,0.00033,sector_a
2146.63213339,0.998538188152024,0,0.00033,sector_a
2146.63352228,0.998629261619968,0,0.00033,sector_a
2146.63491117,0.9987597134374582,0,0.00033,sector_a
2146.63630006,0.9985904486424194,0,0.00033,sector_a
2146.63768895,0.9993075814218478,0,0.00033,sector_a
2146.63907783,0.9986890786593723,0,0.00033,sector_a
2146.64046672,0.9982836452280767,0,0.00033,sector_a
2146.64185561,0.9983007449344447,0,0.00033,sector_a
2146.6432445,0.9986410474001255,0,0.00033,sector_a
2146.64463339,0.9986791430737305,0,0.00033,sector_a
2146.64602228,0.998923248857844,0,0.00033,sector_a
2146.64741117,0.9989664762941685,0,0.00033,sector_a
2146.64880006,0.9989950861389891,0,0.00033,sector_a
2146.65018895,0.9984175058376371,0,0.00033,sector_a
2146.65157783,0.9988384525147981,0,0.00033,sector_a
2146.65296672,0.9985358432683084,0,0.00033,sector_a
2146.65435561,0.9987797599996084,0,0.00033,sector_a
2146.6557445,0.9984379944018447,0,0.00033,sector_a
2146.65713339,0.9991207750107142,0,0.00033,sector_a
2146.65852228,0.9991495990103526,0,0.00033,sector_a
2146.65991117,0.9988584926025443,0,0.00033,sector_a
2146.66130006,0.9984944602798539,0,0.00033,sector_a
2146.66268895,0.9990745956268642,0,0.00033,sector_a
2146.66407783,0.9988650458209059,0,0.00033,sector_a
2146.66546672,0.9983995750481748,0,0.00033,sector_a
2146.66685561,0.9989784424890893,0,0.00033,sector_a
2146.6682445,0.9990503952874651,0,0.00033,sector_a
2146.66963339,0.9989457697373988,0,0.00033,sector_a
2146.67102228,0.9983028819494779,0,0.00033,sector_a
2146.67241117,0.9990182131459581,0,0.00033,sector_a
2146.67380006,0.9991003027611455,0,0.00033,sector_a
2146.67518895,0.9986612078771379,0,0.00033,sector_a
2146.67657783,0.9991494257977085,0,0.00033,sector_a
2146.67796672,0.9989914636682914,0,0.00033,sector_a
2146.67935561,0.9991297911674408,0,0.00033,sector_a
2146.6807445,0.9983639151110552,0,0.00033,sector_a
2146.68213339,0.9987821872850889,0,0.00033,sector_a
2146.68352228,0.9990100483623999,0,0.00033,sector_a
2146.68491117,0.9984497504467819,0,0.00033,sector_a
2146.68630006,0.9989183319932425,0,0.00033,sector_a
2146.68768895,0.9993845263061238,0,0.00033,sector_a
2146.68907783,0.9984563137497459,0,0.00033,sector_a
2146.69046672,0.9993099588591038,0,0.00033,sector_a
2146.69185561,0.9991699975147343,0,0.00033,sector_a
2146.6932445,0.9986642327215368,0,0.00033,sector_a
2146.69463339,0.9986946107601241,0,0.00033,sector_a
2146.69602228,0.9986808975133833,0,0.00033,sector_a
2146.69741117,0.9990302308090186,0,0.00033,sector_a
2146.69880006,0.9982751178534511,0,0.00033,sector_a
2146.70018895,0.9991450609083653,0,0.00033,sector_a
2146.70157783,0.9985214700230229,0,0.00033,sector_a
2146.70296672,0.9988588357511005,0,0.00033,sector_a
2146.70435561,0.9988460236670083,0,0.00033,sector_a
2146.7057445,0.9991966866368432,0,0.00033,sector_a
2146.70713339,0.9986973983135168,0,0.00033,sector_a
2146.70852228,0.9987525616490298,0,0.00033,sector_a
2146.70991117,0.9993392658841811,0,0.00033,sector_a
2146.71130006,0.9994777646654215,0,0.00033,sector_a
2146.71268895,0.9989951079841961,0,0.00033,sector_a
2146.71407783,0.9989133566735613,0,0.00033,sector_a
2146.71546672,0.9990963585022602,0,0.00033,sector_a
2146.71685561,0.999048984066422,0,0.00033,sector_a
2146.7182445,0.9990371682368606,0,0.00033,sector_a
2146.71963339,0.9987531336159128,0,0.00033,sector_a
2146.72102228,0.9984063458415706,0,0.00033,sector_a
2146.72241117,0.9991203850290546,0,0.00033,sector_a
2146.72380006,0.9990426331552391,0,0.00033,sector_a
2146.72518895,0.9993942558423671,0,0.00033,sector_a
2146.72657783,0.9993947519910505,0,0.00033,sector_a
2146.72796672,0.9995546248195241,0,0.00033,sector_a
2146.72935561,0.9989412631471625,0,0.00033,sector_a
2146.7307445,0.9993031320114794,0,0.00033,sector_a
2146.73213339,0.9987393041613934,0,0.00033,sector_a
2146.73352228,0.9991806742213475,0,0.00033,sector_a
2146.73491117,0.9992586341072083,0,0.00033,sector_a
2146.73630006,0.9989087031837568,0,0.00033,sector_a
2146.73768895,0.9990951375045296,0,0.00033,sector_a
2146.73907783,0.9998413260819569,0,0.00033,sector_a
2146.74046672,0.9988952350482994,0,0.00033,sector_a
2146.74185561,0.999450025948792,0,0.00033,sector_a
2146.7432445,0.9990502826661869,0,0.00033,sector_a
2146.74463339,0.9994242130637155,0,0.00033,sector_a
2146.74602228,0.9984239036330766,0,0.00033,sector_a
2146.74741117,0.9987969904299253,0,0.00033,sector_a
2146.74880006,0.9991122470200631,0,0.00033,sector_a
2146.75018895,0.999673650963273,0,0.00033,sector_a
2146.75157783,0.9991514683431911,0,0.00033,sector_a
2146.75296672,0.9988470709280128,0,0.00033,sector_a
2146.75435561,0.9990850225756788,0,0.00033,sector_a
2146.7557445,0.9994452559934258,0,0.00033,sector_a
2146.75713339,0.9987781838618514,0,0.00033,sector_a
2146.75852228,0.9992516943228907,0,0.00033,sector_a
2146.75991117,0.9991851469288092,0,0.00033,sector_a
2146.76130006,0.9991322066242383,0,0.00033,sector_a
2146.76268895,0.9993762343605306,0,0.00033,sector_a
2146.76407783,0.9990486470093023,0,0.00033,sector_a
2146.76546672,0.9994429868936868,0,0.00033,sector_a
2146.76685561,0.9994687162910504,0,0.00033,sector_a
2146.7682445,0.9997970004625234,0,0.00033,sector_a
2146.76963339,0.999403748840935,0,0.00033,sector_a
2146.77102228,0.9992954860748154,0,0.00033,sector_a
2146.77241117,0.9990018462935825,0,0.00033,sector_a
2146.77380006,0.9991760914927064,0,0.00033,sector_a
2146.77518895,0.998962803023373,0,0.00033,sector_a
2146.77657783,0.9997475923665542,0,0.00033,sector_a
2146.77796672,0.99868484347728,0,0.00033,sector_a
2146.77935561,0.9994891098307869,0,0.00033,sector_a
2146.7807445,0.9995097002187376,4096,0.00033,sector_a
2146.78213339,0.9995753665508406,0,0.00033,sector_a
2146.78352228,0.9992642558778596,0,0.00033,sector_a
2146.78491117,1.0000418526382657,0,0.00033,sector_a
2146.78630006,0.9993127594149536,0,0.00033,sector_a
2146.78768895,0.998953675351655,0,0.00033,sector_a
2146.78907783,0.9992294477896697,0,0.00033,sector_a
2146.79046672,0.9992134631566671,0,0.00033,sector_a
2146.79185561,0.9998143465047511,0,0.00033,sector_a
2146.7932445,0.9994316940964063,0,0.00033,sector_a
2146.79463339,0.9991841290047835,0,0.00033,sector_a
2146.79602228,0.9991909959584685,0,0.00033,sector_a
2146.79741117,0.9994239214451507,0,0.00033,sector_a
2146.79880006,0.9993408497082993,0,0.00033,sector_a
2146.80018895,0.9994548626574811,0,0.00033,sector_a
2146.80157783,0.9997856101704617,0,0.00033,sector_a
2146.80296672,0.9991011666104572,0,0.00033,sector_a
2146.80435561,0.9993165385183438,0,0.00033,sector_a
2146.8057445,0.9995895370139526,0,0.00033,sector_a
2146.80713339,0.9990978063088511,0,0.00033,sector_a
2146.80852228,0.9997255797671205,0,0.00033,sector_a
2146.80991117,0.9999517994046793,0,0.00033,sector_a
2146.81130006,0.9996015639995488,0,0.00033,sector_a
2146.81268895,0.9998166965361501,0,0.00033,sector_a
2146.81407783,0.9994906943197445,0,0.00033,sector_a
2146.81546672,0.9996072478118663,0,0.00033,sector_a
2146.81685561,0.9996932033558934,0,0.00033,sector_a
2146.8182445,0.9996120290618535,0,0.00033,sector_a
2146.81963339,0.9999883656874502,0,0.00033,sector_a
2146.82102228,0.9995089361441221,0,0.00033,sector_a
2146.82241117,0.999914732034835,0,0.00033,sector_a
2146.82380006,0.9995346557273848,0,0.00033,sector_a
2146.82518895,1.0001279370350264,0,0.00033,sector_a
2146.82657783,1.00007872202922,0,0.00033,sector_a
2146.82796672,0.9997887099187224,0,0.00033,sector_a
2146.82935561,0.9992898173676545,0,0.00033,sector_a
2146.8307445,0.9994397680705488,0,0.00033,sector_a
2146.83213339,0.9989226178529101,0,0.00033,sector_a
2146.83352228,0.9999431072538914,0,0.00033,sector_a
2146.83491117,0.9995662233139279,0,0.00033,sector_a
2146.83630006,0.9994896442668355,0,0.00033,sector_a
2146.83768895,0.99972020521263,0,0.00033,sector_a
2146.83907783,0.999296528995122,0,0.00033,sector_a
2146.84046672,0.9995858847352712,0,0.00033,sector_a
2146.84185561,0.9997839366747076,0,0.00033,sector_a
2146.8432445,1.000023009556068,0,0.00033,sector_a
2146.84463339,1.000403019248686,0,0.00033,sector_a
2146.84602228,0.9995221856423908,0,0.00033,sector_a
2146.84741117,1.000037446478478,0,0.00033,sector_a
2146.84880006,0.9995953542940766,0,0.00033,sector_a
2146.85018895,0.9994782398596684,0,0.00033,sector_a
2146.85157783,0.9998959738308638,0,0.00033,sector_a
2146.85296672,0.9997800607072256,0,0.00033,sector_a
2146.85435561,0.9993589818721309,0,0.00033,sector_a
2146.8557445,0.9998007129018988,0,0.00033,sector_a
2146.85713339,1.0003986941010716,0,0.00033,sector_a
2146.85852228,0.9996102385603259,0,0.00033,sector_a
2146.85991117,0.9996186224448467,0,0.00033,sector_a
2146.86130006,1.0002170678375695,0,0.00033,sector_a
2146.86268895,0.9999390073682551,0,0.00033,sector_a
2146.86407783,0.9996572983935442,0,0.00033,sector_a
2146.86546672,1.00002679597633,0,0.00033,sector_a
2146.86685561,0.9997402577581516,0,0.00033,sector_a
2146.8682445,0.9996733458598462,0,0.00033,sector_a
2146.86963339,1.0000255299247176,0,0.00033,sector_a
2146.87102228,0.9996566128617265,0,0.00033,sector_a
2146.87241117,1.0001536478483812,0,0.00033,sector_a
2146.87380006,1.0003991925103848,0,0.00033,sector_a
2146.87518895,0.9997466784599782,0,0.00033,sector_a
2146.87657783,0.9997435103006531,0,0.00033,sector_a
2146.87796672,0.9997404735273514,0,0.00033,sector_a
2146.87935561,0.9999485290679945,0,0.00033,sector_a
2146.8807445,0.9997343717580347,0,0.00033,sector_a
2146.88213339,1.000000351115446,0,0.00033,sector_a
2146.88352228,1.0002129318931836,0,0.00033,sector_a
2146.88491117,0.9996663738842128,0,0.00033,sector_a
2146.88630006,1.0000612909992757,0,0.00033,sector_a
2146.88768895,1.0003422518580818,0,0.00033,sector_a
2146.88907783,1.0002585802492436,0,0.00033,sector_a
2146.89046672,0.9997504969131861,0,0.00033,sector_a
2146.89185561,1.0003988233196572,0,0.00033,sector_a
2146.8932445,0.9997511904360064,0,0.00033,sector_a
2146.89463339,1.0003380946876452,0,0.00033,sector_a
2146.89602228,0.9995819994906684,0,0.00033,sector_a
2146.89741117,1.0002361177860555,0,0.00033,sector_a
2146.89880006,0.9999749368832465,0,0.00033,sector_a
2146.90018895,0.9999727295914466,0,0.00033,sector_a
2146.90157783,0.999961437862101,0,0.00033,sector_a
2146.90296672,0.9997977547560397,0,0.00033,sector_a
2146.90435561,1.0002244295387892,0,0.00033,sector_a
2146.9057445,1.0001444374631923,0,0.00033,sector_a
2146.90713339,1.0003465137023064,0,0.00033,sector_a
2146.90852228,0.9998678765753763,0,0.00033,sector_a
2146.90991117,1.0003338022458086,0,0.00033,sector_a
2146.91130006,1.0004241688375848,0,0.00033,sector_a
2146.91268895,0.9998713654275644,0,0.00033,sector_a
2146.91407783,1.0005096686270023,0,0.00033,sector_a
2146.91546672,1.000603261654163,0,0.00033,sector_a
2146.91685561,0.9998106142856253,0,0.00033,sector_a
2146.9182445,0.9998961465592334,0,0.00033,sector_a
2146.91963339,1.0009007333429973,0,0.00033,sector_a
2146.92102228,1.0002904571238056,0,0.00033,sector_a
2146.92241117,1.0001582526791641,0,0.00033,sector_a
2146.92380006,0.9999332907896428,0,0.00033,sector_a
2146.92518895,1.0004093821846511,0,0.00033,sector_a
2146.92657783,1.000091200150847,0,0.00033,sector_a
2146.92796672,1.0003469203531066,0,0.00033,sector_a
2146.92935561,1.000299107647845,0,0.00033,sector_a
2146.9307445,1.000385006865904,0,0.00033,sector_a
2146.93213339,1.00044834065464,0,0.00033,sector_a
2146.93352228,1.0001787976807863,0,0.00033,sector_a
2146.93491117,1.0004047462023924,0,0.00033,sector_a
2146.93630006,1.000451592406497,0,0.00033,sector_a
2146.93768895,1.0002077844850354,0,0.00033,sector_a
2146.93907783,1.0000785494657949,0,0.00033,sector_a
2146.94046672,1.0003762520713866,0,0.00033,sector_a
2146.94185561,1.0007658162039474,0,0.00033,sector_a
2146.9432445,1.0002571514107665,0,0.00033,sector_a
2146.94463339,1.0001811602966502,0,0.00033,sector_a
2146.94602228,1.0004170035423205,0,0.00033,sector_a
2146.94741117,1.0001987397422902,0,0.00033,sector_a
2146.94880006,1.0003657905278494,0,0.00033,sector_a
2146.95018895,1.000339566817493,0,0.00033,sector_a
2146.95157783,1.0001901471170578,0,0.00033,sector_a
2146.95296672,1.0004657059956332,4096,0.00033,sector_a
2146.95435561,1.0001183608312159,0,0.00033,sector_a
2146.9557445,1.000157781708068,0,0.00033,sector_a
2146.95713339,0.9998879960530516,0,0.00033,sector_a
2146.95852228,1.000154008654385,0,0.00033,sector_a
2146.95991117,1.0004522204200696,0,0.00033,sector_a
2146.96130006,1.0007357561052337,0,0.00033,sector_a
2146.96268895,1.0012851965591132,0,0.00033,sector_a
2146.96407783,1.0003709092260267,0,0.00033,sector_a
2146.96546672,1.0002811437305064,0,0.00033,sector_a
2146.96685561,1.0009889912807064,0,0.00033,sector_a
2146.9682445,1.000001614081621,0,0.00033,sector_a
2146.96963339,1.0006885127819398,0,0.00033,sector_a
2146.97102228,1.0005238792752458,0,0.00033,sector_a
2146.97241117,1.0009181215473348,0,0.00033,sector_a
2146.97380006,1.0003911831840184,0,0.00033,sector_a
2146.97518895,1.0005064796793128,0,0.00033,sector_a
2146.97657783,0.9999646276939349,0,0.00033,sector_a
2146.97796672,1.000283154643588,0,0.00033,sector_a
2146.97935561,1.0004555573789051,0,0.00033,sector_a
2146.9807445,1.0003081092718566,0,0.00033,sector_a
2146.98213339,1.000269364548255,0,0.00033,sector_a
2146.98352228,1.0007901931925294,0,0.00033,sector_a
2146.98491117,1.000058747916978,0,0.00033,sector_a
2146.98630006,1.00000390166099,0,0.00033,sector_a
2146.98768895,1.0000618197540239,0,0.00033,sector_a
2146.98907783,1.000280779105894,0,0.00033,sector_a
2146.99046672,1.0002195398624658,0,0.00033,sector_a
2146.99185561,1.0004097950129072,0,0.00033,sector_a
2146.9932445,1.0002980431104866,0,0.00033,sector_a
2146.99463339,1.0010198572110223,2048,0.00033,sector_a
2146.99602228,1.0003115061292858,0,0.00033,sector_a
2146.99741117,1.0004789863078813,0,0.00033,sector_a
2146.99880006,1.0007027008152862,0,0.00033,sector_a
2147.00018895,1.0012235653524761,0,0.00033,sector_a
2147.00157783,1.0005112359059691,0,0.00033,sector_a
2147.00296672,1.000409935637851,0,0.00033,sector_a
2147.00435561,1.0008683389099475,0,0.00033,sector_a
2147.0057445,1.0004673404333997,0,0.00033,sector_a
2147.00713339,1.0001394896849614,0,0.00033,sector_a
2147.00852228,1.0001528444480579,0,0.00033,sector_a
2147.00991117,1.0004822068213732,0,0.00033,sector_a
2147.01130006,1.0002183260393451,0,0.00033,sector_a
2147.01268895,1.000945620204473,0,0.00033,sector_a
2147.01407783,1.0007654876513197,0,0.00033,sector_a
2147.01546672,1.0011411943469795,0,0.00033,sector_a
2147.01685561,1.0007277418808576,0,0.00033,sector_a
2147.0182445,1.000574185751629,0,0.00033,sector_a
2147.01963339,1.0008834101515665,0,0.00033,sector_a
2147.02102228,1.0008833000964727,0,0.00033,sector_a
2147.02241117,1.0004347422155122,0,0.00033,sector_a
2147.02380006,1.001205995743462,0,0.00033,sector_a
2147.02518895,1.0007775324871215,0,0.00033,sector_a
2147.02657783,1.0009693456486908,0,0.00033,sector_a
2147.02796672,1.0005809983791454,0,0.00033,sector_a
2147.02935561,1.001047362523206,0,0.00033,sector_a
2147.0307445,1.0014134322358879,0,0.00033,sector_a
2147.03213339,1.000718123115042,0,0.00033,sector_a
2147.03352228,1.0004883874449828,0,0.00033,sector_a
2147.03491117,1.000828544219171,0,0.00033,sector_a
2147.03630006,1.0008365464848705,0,0.00033,sector_a
2147.03768895,1.0009959973182159,0,0.00033,sector_a
2147.03907783,1.0003517568413223,0,0.00033,sector_a
2147.04046672,1.0011191448330625,0,0.00033,sector_a
2147.04185561,1.0009107349567767,0,0.00033,sector_a
2147.0432445,1.000750313129121,0,0.00033,sector_a
2147.04463339,1.0004867568767442,0,0.00033,sector_a
2147.04602228,1.0009119782252918,0,0.00033,sector_a
2147.04741117,1.0011743495322019,0,0.00033,sector_a
2147.04880006,1.0010037420345321,0,0.00033,sector_a
2147.05018895,1.001009933918854,0,0.00033,sector_a
2147.05157783,1.000896767269831,0,0.00033,sector_a
2147.05296672,1.0009723362345402,0,0.00033,sector_a
2147.05435561,1.0004964483789405,0,0.00033,sector_a
2147.0557445,1.001335811740742,0,0.00033,sector_a
2147.05713339,1.0012116219159815,0,0.00033,sector_a
2147.05852228,1.0008423088113725,0,0.00033,sector_a
2147.05991117,1.0009405026066878,0,0.00033,sector_a
2147.06130006,1.000527938628253,0,0.00033,sector_a
2147.06268895,1.000687688676452,0,0.00033,sector_a
2147.06407783,1.0010691166315302,0,0.00033,sector_a
2147.06546672,1.0007505198275952,0,0.00033,sector_a
2147.06685561,1.0006334542047595,0,0.00033,sector_a
2147.0682445,1.0008752926061844,0,0.00033,sector_a
2147.06963339,1.0011514255193885,0,0.00033,sector_a
2147.07102228,1.0006723687819565,0,0.00033,sector_a
2147.07241117,1.0011250459809637,0,0.00033,sector_a
2147.07380006,1.0011670377732524,0,0.00033,sector_a
2147.07518895,1.0011880781582891,0,0.00033,sector_a
2147.07657783,1.0011679042483133,0,0.00033,sector_a
2147.07796672,1.0010443517376428,0,0.00033,sector_a
2147.07935561,1.0009481805056863,0,0.00033,sector_a
2147.0807445,1.0013230701110234,0,0.00033,sector_a
2147.08213339,1.0007784185734359,0,0.00033,sector_a
2147.08352228,1.0014149215796035,0,0.00033,sector_a
2147.08491117,1.0006883780062987,0,0.00033,sector_a
2147.08630006,1.0010004040878342,0,0.00033,sector_a
2147.08768895,1.001145772423466,0,0.00033,sector_a
2147.08907783,1.0005582331855922,0,0.00033,sector_a
2147.09046672,1.0012422477390313,0,0.00033,sector_a
2147.09185561,1.0014190390284747,0,0.00033,sector_a
2147.0932445,1.0007922625907701,0,0.00033,sector_a
2147.09463339,1.0010572301727187,0,0.00033,sector_a
2147.09602228,1.0013561932177883,0,0.00033,sector_a
2147.09741117,1.0013535941719982,0,0.00033,sector_a
2147.09880006,1.0014333075564368,0,0.00033,sector_a
2147.10018895,1.0006897495643423,0,0.00033,sector_a
2147.10157783,1.001097486325465,0,0.00033,sector_a
2147.10296672,1.001515422043475,0,0.00033,sector_a
2147.10435561,1.000746320005105,0,0.00033,sector_a
2147.1057445,1.0008154805537306,0,0.00033,sector_a
2147.10713339,1.0011520156446059,0,0.00033,sector_a
2147.10852228,1.0011645411746983,0,0.00033,sector_a
2147.10991117,1.0007827333937254,0,0.00033,sector_a
2147.11130006,1.0009164500837413,0,0.00033,sector_a
2147.11268895,1.001174163261891,0,0.00033,sector_a
2147.11407783,1.001253575818355,0,0.00033,sector_a
2147.11546672,1.0017674857406422,0,0.00033,sector_a
2147.11685561,1.0015161438593836,0,0.00033,sector_a
2147.1182445,1.0013259078462895,0,0.00033,sector_a
2147.11963339,1.0012574373572205,0,0.00033,sector_a
2147.12102228,1.0014897668863172,0,0.00033,sector_a
2147.12241117,1.0020527000965502,0,0.00033,sector_a
2147.12380006,1.001196112881517,0,0.00033,sector_a
2147.12518895,1.0010474280481005,0,0.00033,sector_a
2147.12657783,1.0009584716829742,0,0.00033,sector_a
2147.12796672,1.0013203431298394,0,0.00033,sector_a
2147.12935561,1.0009874505392236,0,0.00033,sector_a
2147.1307445,1.000776313477306,0,0.00033,sector_a
2147.13213339,1.0011101511761824,0,0.00033,sector_a
2147.13352228,1.0011148704438317,0,0.00033,sector_a
2147.13491117,1.001628991874861,0,0.00033,sector_a
2147.13630006,1.0018187053179077,2048,0.00033,sector_a
2147.13768895,1.001237884992464,0,0.00033,sector_a
2147.13907783,1.001241742754985,0,0.00033,sector_a
2147.14046672,1.0016981931185946,0,0.00033,sector_a
2147.14185561,1.0014028477742982,0,0.00033,sector_a
2147.1432445,1.0012987222136793,0,0.00033,sector_a
2147.14463339,1.0016625692940737,0,0.00033,sector_a
2147.14602228,1.0011557850624881,0,0.00033,sector_a
2147.14741117,1.0016283577134215,0,0.00033,sector_a
2147.14880006,1.0020561654397366,0,0.00033,sector_a
2147.15018895,1.001030706594747,0,0.00033,sector_a
2147.15157783,1.0015936880351934,0,0.00033,sector_a
2147.15296672,1.0014004496561335,0,0.00033,sector_a
2147.15435561,1.0018518280292732,0,0.00033,sector_a
2147.1557445,1.0017692335978996,0,0.00033,sector_a
2147.15713339,1.0012420244396363,0,0.00033,sector_a
2147.15852228,1.0014487685018736,0,0.00033,sector_a
2147.15991117,1.0012454017432482,0,0.00033,sector_a
2147.16130006,1.001806342643116,0,0.00033,sector_a
2147.16268895,1.0012523429008648,0,0.00033,sector_a
2147.16407783,1.0014836485200362,0,0.00033,sector_a
2147.16546672,1.0017817408399103,0,0.00033,sector_a
2147.16685561,1.001388133081134,0,0.00033,sector_a
2147.1682445,1.001210211774528,0,0.00033,sector_a
2147.16963339,1.0011938450948579,0,0.00033,sector_a
2147.17102228,1.0012364405994756,0,0.00033,sector_a
2147.17241117,1.0014877581373594,0,0.00033,sector_a
2147.17380006,1.0014568919867564,0,0.00033,sector_a
2147.17518895,1.0016841432287171,0,0.00033,sector_a
2147.17657783,1.001543962854171,0,0.00033,sector_a
2147.17796672,1.0019223318541675,0,0.00033,sector_a
2147.17935561,1.0018082616951716,0,0.00033,sector_a
2147.1807445,1.0020110701493263,0,0.00033,sector_a
2147.18213339,1.0014359259043033,0,0.00033,sector_a
2147.18352228,1.0012702450676096,0,0.00033,sector_a
2147.18491117,1.0020089210401424,0,0.00033,sector_a
2147.18630006,1.001753988203728,0,0.00033,sector_a
2147.18768895,1.001040001374767,0,0.00033,sector_a
2147.18907783,1.0014843948401426,0,0.00033,sector_a
2147.19046672,1.0017874953932182,0,0.00033,sector_a
2147.19185561,1.0020211262587968,0,0.00033,sector_a
2147.1932445,1.0023623337103897,0,0.00033,sector_a
2147.19463339,1.0020174299544449,0,0.00033,sector_a
2147.19602228,1.001776550249082,0,0.00033,sector_a
2147.19741117,1.0015716359165863,0,0.00033,sector_a
2147.19880006,1.0014649043864055,0,0.00033,sector_a
2147.20018895,1.0015204832518592,0,0.00033,sector_a
2147.20157783,1.001402311650574,0,0.00033,sector_a
2147.20296672,1.001720757165624,0,0.00033,sector_a
2147.20435561,1.0020415475813105,0,0.00033,sector_a
2147.2057445,1.0018913630824153,0,0.00033,sector_a
2147.20713339,1.0014676964020273,0,0.00033,sector_a
2147.20852228,1.0019605473272288,0,0.00033,sector_a
2147.20991117,1.0020953147389526,0,0.00033,sector_a
2147.21130006,1.0017404978282125,0,0.00033,sector_a
2147.21268895,1.0017150544674909,0,0.00033,sector_a
2147.21407783,1.001798022351059,0,0.00033,sector_a
2147.21546672,1.0019380999334568,0,0.00033,sector_a
2147.21685561,1.0012385251626785,0,0.00033,sector_a
2147.2182445,1.0015598234816827,0,0.00033,sector_a
2147.21963339,1.001436024191506,0,0.00033,sector_a
2147.22102228,1.0018339753117484,0,0.00033,sector_a
2147.22241117,1.001973894599378,0,0.00033,sector_a
2147.22380006,1.0016810836015688,0,0.00033,sector_a
2147.22518895,1.0021487240634377,0,0.00033,sector_a
2147.22657783,1.0019114085425582,0,0.00033,sector_a
2147.22796672,1.0019451827462558,0,0.00033,sector_a
2147.22935561,1.0019009013483133,0,0.00033,sector_a
2147.2307445,1.0015475183957632,0,0.00033,sector_a
2147.23213339,1.002386743151888,0,0.00033,sector_a
2147.23352228,1.0019608126612298,0,0.00033,sector_a
2147.23491117,1.0014311926086086,0,0.00033,sector_a
2147.23630006,1.0020876178485547,0,0.00033,sector_a
2147.23768895,1.0021801994845336,0,0.00033,sector_a
2147.23907783,1.00156180408506,4096,0.00033,sector_a
2147.24046672,1.001969951882042,0,0.00033,sector_a
2147.24185561,1.0024048711278724,0,0.00033,sector_a
2147.2432445,1.0021204803018062,0,0.00033,sector_a
2147.24463339,1.0020033121862304,0,0.00033,sector_a
2147.24602228,1.0019918677952648,0,0.00033,sector_a
2147.24741117,1.002114492272138,0,0.00033,sector_a
2147.24880006,1.0017093231768976,0,0.00033,sector_a
2147.25018895,1.0018814819438546,0,0.00033,sector_a
2147.25157783,1.0020977352005518,0,0.00033,sector_a
2147.25296672,1.0020165013029385,0,0.00033,sector_a
2147.25435561,1.0024111484190836,0,0.00033,sector_a
2147.2557445,1.0015137322087126,0,0.00033,sector_a
2147.25713339,1.0026374512345682,0,0.00033,sector_a
2147.25852228,1.0019106598107015,0,0.00033,sector_a
2147.25991117,1.0018629107287045,0,0.00033,sector_a
2147.26130006,1.0020438270948766,0,0.00033,sector_a
2147.26268895,1.0023745187364406,0,0.00033,sector_a
2147.26407783,1.0020129270571672,0,0.00033,sector_a
2147.26546672,1.0024784506262066,0,0.00033,sector_a
2147.26685561,1.0024336341971416,0,0.00033,sector_a
2147.2682445,1.002131767257418,0,0.00033,sector_a
2147.26963339,1.0020782175486584,0,0.00033,sector_a
2147.27102228,1.0020898390233122,0,0.00033,sector_a
2147.27241117,1.0022166259164789,0,0.00033,sector_a
2147.27380006,1.0017494945488787,0,0.00033,sector_a
2147.27518895,1.0025656645222256,0,0.00033,sector_a
2147.27657783,1.0021958220273626,0,0.00033,sector_a
2147.27796672,1.002259022839257,0,0.00033,sector_a
2147.27935561,1.0020092420966562,0,0.00033,sector_a
2147.2807445,1.002025934859521,0,0.00033,sector_a
2147.28213339,1.0026475070532679,0,0.00033,sector_a
2147.28352228,1.0016768767493298,0,0.00033,sector_a
2147.28491117,1.002301248686601,0,0.00033,sector_a
2147.28630006,1.002016990727487,0,0.00033,sector_a
2147.28768895,1.001765538109636,0,0.00033,sector_a
2147.28907783,1.0024469438038865,0,0.00033,sector_a
2147.29046672,1.0019999273088465,0,0.00033,sector_a
2147.29185561,1.0024511843114023,0,0.00033,sector_a
2147.2932445,1.002152975873742,0,0.00033,sector_a
2147.29463339,1.001649332683569,0,0.00033,sector_a
2147.29602228,1.002231580034491,0,0.00033,sector_a
2147.29741117,1.0019250676332128,0,0.00033,sector_a
2147.29880006,1.0021977564429727,0,0.00033,sector_a
2147.30018895,1.0021775215628268,0,0.00033,sector_a
2147.30157783,1.0023993102219722,0,0.00033,sector_a
2147.30296672,1.0023045191904394,0,0.00033,sector_a
2147.30435561,1.0021998594605395,0,0.00033,sector_a
2147.3057445,1.002111041532438,0,0.00033,sector_a
2147.30713339,1.0018770755292286,0,0.00033,sector_a
2147.30852228,1.0016975801720955,0,0.00033,sector_a
2147.30991117,1.002364253097991,0,0.00033,sector_a
2147.31130006,1.0019591131594943,0,0.00033,sector_a
2147.31268895,1.0021747713510374,0,0.00033,sector_a
2147.31407783,1.0025137838493712,0,0.00033,sector_a
2147.31546672,1.0025760535350194,0,0.00033,sector_a
2147.31685561,1.0025878229117493,0,0.00033,sector_a
2147.3182445,1.0024017043311018,0,0.00033,sector_a
2147.31963339,1.0024850052255936,0,0.00033,sector_a
2147.32102228,1.0024849457035425,0,0.00033,sector_a
2147.32241117,1.0024507661574746,0,0.00033,sector_a
2147.32380006,1.00204058572026,0,0.00033,sector_a
2147.32518895,1.0024693613800058,0,0.00033,sector_a
2147.32657783,1.002660352362714,0,0.00033,sector_a
2147.32796672,1.0023873381388992,0,0.00033,sector_a
2147.32935561,1.0024433675250046,0,0.00033,sector_a
2147.3307445,1.001712731528857,0,0.00033,sector_a
2147.33213339,1.0021321115305142,0,0.00033,sector_a
2147.33352228,1.0031161662172976,0,0.00033,sector_a
2147.33491117,1.0021492316910077,0,0.00033,sector_a
2147.33630006,1.0026094176545195,0,0.00033,sector_a
2147.33768895,1.00280782170653,0,0.00033,sector_a
2147.33907783,1.0027454098949276,0,0.00033,sector_a
2147.34046672,1.002523179635054,0,0.00033,sector_a
2147.34185561,1.0024635304673806,0,0.00033,sector_a
2147.3432445,1.002117187696985,0,0.00033,sector_a
2147.34463339,1.0029816981368258,0,0.00033,sector_a
2147.34602228,1.0025245252632982,0,0.00033,sector_a
2147.34741117,1.0028376558838066,0,0.00033,sector_a
2147.34880006,1.0020641845241018,0,0.00033,sector_a
2147.35018895,1.0019632595498742,0,0.00033,sector_a
2147.35157783,1.001959584530109,0,0.00033,sector_a
2147.35296672,1.0027639000978612,0,0.00033,sector_a
2147.35435561,1.002454032686218,0,0.00033,sector_a
2147.3557445,1.0024672110379802,0,0.00033,sector_a
2147.35713339,1.002628579265972,0,0.00033,sector_a
2147.35852228,1.0025838324721759,0,0.00033,sector_a
2147.35991117,1.0026058401725428,0,0.00033,sector_a
2147.36130006,1.0023704157688307,0,0.00033,sector_a
2147.36268895,1.0022903420422127,0,0.00033,sector_a
2147.36407783,1.0026219994904282,0,0.00033,sector_a
2147.36546672,1.0028787928599578,0,0.00033,sector_a
2147.36685561,1.0024329336910376,0,0.00033,sector_a
2147.3682445,1.0026342293886512,0,0.00033,sector_a
2147.36963339,1.0025109502207434,0,0.00033,sector_a
2147.37102228,1.002753630983259,0,0.00033,sector_a
2147.37241117,1.0022869381552886,0,0.00033,sector_a
2147.37380006,1.0031812770293422,0,0.00033,sector_a
2147.37518895,1.0031535286066846,0,0.00033,sector_a
2147.37657783,1.0026824836505204,0,0.00033,sector_a
2147.37796672,1.0026230571051176,0,0.00033,sector_a
2147.37935561,1.002177964220913,0,0.00033,sector_a
2147.3807445,1.0029368181351375,0,0.00033,sector_a
2147.38213339,1.002728891815233,0,0.00033,sector_a
2147.38352228,1.0027489689664169,0,0.00033,sector_a
2147.38491117,1.0022365098820003,0,0.00033,sector_a
2147.38630006,1.002912218135761,0,0.00033,sector_a
2147.38768895,1.0032440757728565,0,0.00033,sector_a
2147.38907783,1.0024105160665149,0,0.00033,sector_a
2147.39046672,1.0026631013830214,0,0.00033,sector_a
2147.39185561,1.003089856191331,0,0.00033,sector_a
2147.3932445,1.0029450577729535,0,0.00033,sector_a
2147.39463339,1.0029588042574837,4096,0.00033,sector_a
2147.39602228,1.0036584337005734,0,0.00033,sector_a
2147.39741117,1.0031818390467657,0,0.00033,sector_a
2147.39880006,1.0028347022086983,0,0.00033,sector_a
2147.40018895,1.0019821326750549,0,0.00033,sector_a
2147.40157783,1.0027423615350637,0,0.00033,sector_a
2147.40296672,1.002408921378867,0,0.00033,sector_a
2147.40435561,1.0024379288323468,0,0.00033,sector_a
2147.4057445,1.003177929035991,0,0.00033,sector_a
2147.40713339,1.002504705496269,0,0.00033,sector_a
2147.40852228,1.002780048675983,0,0.00033,sector_a
2147.40991117,1.003237097715375,0,0.00033,sector_a
2147.41130006,1.002628721165615,0,0.00033,sector_a
2147.41268895,1.0026896064206685,0,0.00033,sector_a
2147.41407783,1.0025101084652597,0,0.00033,sector_a
2147.41546672,1.0027186000124026,0,0.00033,sector_a
2147.41685561,1.0023964466693387,0,0.00033,sector_a
2147.4182445,1.0029295900647224,0,0.00033,sector_a
2147.41963339,1.0026703801891141,0,0.00033,sector_a
2147.42102228,1.0030083008769013,0,0.00033,sector_a
2147.42241117,1.0030629979502939,0,0.00033,sector_a
2147.42380006,1.0028690893264012,0,0.00033,sector_a
2147.42518895,1.002934492526191,0,0.00033,sector_a
2147.42657783,1.0027910850866888,0,0.00033,sector_a
2147.42796672,1.0030615481203091,0,0.00033,sector_a
2147.42935561,1.0031827597859335,0,0.00033,sector_a
2147.4307445,1.0030565437590548,0,0.00033,sector_a
2147.43213339,1.0033368992820784,0,0.00033,sector_a
2147.43352228,1.0030100174336638,0,0.00033,sector_a
2147.43491117,1.002948806884254,0,0.00033,sector_a
2147.43630006,1.0031109094993178,0,0.00033,sector_a
2147.43768895,1.0025179369142065,0,0.00033,sector_a
2147.43907783,1.002838586230409,0,0.00033,sector_a
2147.44046672,1.0023978394533835,0,0.00033,sector_a
2147.44185561,1.0030667280803043,0,0.00033,sector_a
2147.4432445,1.003271283787411,0,0.00033,sector_a
2147.44463339,1.0026368779497215,0,0.00033,sector_a
2147.44602228,1.002808077839389,0,0.00033,sector_a
2147.44741117,1.002853073242517,0,0.00033,sector_a
2147.44880006,1.003369959126415,0,0.00033,sector_a
2147.45018895,1.0031501635343107,0,0.00033,sector_a
2147.45157783,1.0034259878801841,0,0.00033,sector_a
2147.45296672,1.0032468114608386,0,0.00033,sector_a
2147.45435561,1.0032634974019627,0,0.00033,sector_a
2147.4557445,1.0025228767560628,0,0.00033,sector_a
2147.45713339,1.002480741716357,0,0.00033,sector_a
2147.45852228,1.0034664118424228,0,0.00033,sector_a
2147.45991117,1.0037752308716854,0,0.00033,sector_a
2147.46130006,1.0027525604891916,0,0.00033,sector_a
2147.46268895,1.0027952752687195,0,0.00033,sector_a
2147.46407783,1.0034657198292702,0,0.00033,sector_a
2147.46546672,1.0037370202219889,0,0.00033,sector_a
2147.46685561,1.0028133096885015,0,0.00033,sector_a
2147.4682445,1.002954709379388,0,0.00033,sector_a
2147.46963339,1.0034356602784054,0,0.00033,sector_a
2147.47102228,1.0032614239266353,0,0.00033,sector_a
2147.47241117,1.0032674243252597,0,0.00033,sector_a
2147.47380006,1.0034194781743342,0,0.00033,sector_a
2147.47518895,1.0028428871750446,0,0.00033,sector_a
2147.47657783,1.002919736766257,0,0.00033,sector_a
2147.47796672,1.003633887853236,0,0.00033,sector_a
2147.47935561,1.0027109964479957,0,0.00033,sector_a
2147.4807445,1.0034443352718558,0,0.00033,sector_a
2147.48213339,1.003053430503815,0,0.00033,sector_a
2147.48352228,1.003601835668462,0,0.00033,sector_a
2147.48491117,1.0031818026318207,0,0.00033,sector_a
2147.48630006,1.0031572700179616,0,0.00033,sector_a
2147.48768895,1.0035559229372737,0,0.00033,sector_a
2147.48907783,1.0032294195119948,0,0.00033,sector_a
2147.49046672,1.0032353335802247,0,0.00033,sector_a
2147.49185561,1.0025505894967566,0,0.00033,sector_a
2147.4932445,1.003417442327235,0,0.00033,sector_a
2147.49463339,1.0032134438395062,0,0.00033,sector_a
2147.49602228,1.0035759790966434,0,0.00033,sector_a
2147.49741117,1.0031589954779467,0,0.00033,sector_a
2147.49880006,1.0029543487899781,0,0.00033,sector_a
2147.50018895,1.0036885140103313,0,0.00033,sector_a
2147.50157783,1.0033055113774045,0,0.00033,sector_a
2147.50296672,1.003241998837133,0,0.00033,sector_a
2147.50435561,1.002924264057183,0,0.00033,sector_a
2147.5057445,1.003751903051679,0,0.00033,sector_a
2147.50713339,1.003621213889423,0,0.00033,sector_a
2147.50852228,1.0030601132643464,0,0.00033,sector_a
2147.50991117,1.0035840103625886,0,0.00033,sector_a
2147.51130006,1.0035259904716296,0,0.00033,sector_a
2147.51268895,1.0037377922524318,0,0.00033,sector_a
2147.51407783,1.0033923099328819,0,0.00033,sector_a
2147.51546672,1.004031845888865,0,0.00033,sector_a
2147.51685561,1.002818023489428,0,0.00033,sector_a
2147.5182445,1.0029365697649701,0,0.00033,sector_a
2147.51963339,1.0036217398391034,0,0.00033,sector_a
2147.52102228,1.0036965296754325,0,0.00033,sector_a
2147.52241117,1.003567562001319,0,0.00033,sector_a
2147.52380006,1.00415817954829,0,0.00033,sector_a
2147.52518895,1.0035736854860087,0,0.00033,sector_a
2147.52657783,1.0029962026777814,0,0.00033,sector_a
2147.52796672,1.003955454277915,0,0.00033,sector_a
2147.52935561,1.0035321133532935,0,0.00033,sector_a
2147.5307445,1.0034056992598024,0,0.00033,sector_a
2147.53213339,1.0037057293373246,0,0.00033,sector_a
2147.53352228,1.003708910376918,0,0.00033,sector_a
2147.53491117,1.003425888190386,0,0.00033,sector_a
2147.53630006,1.0037970686897553,0,0.00033,sector_a
2147.53768895,1.0036820396634938,0,0.00033,sector_a
2147.53907783,1.0035238569027287,0,0.00033,sector_a
2147.54046672,1.0035412547237705,0,0.00033,sector_a
2147.54185561,1.0029666474823045,0,0.00033,sector_a
2147.5432445,1.0033193896565362,0,0.00033,sector_a
2147.54463339,1.003342796978645,0,0.00033,sector_a
2147.54602228,1.0034636969534187,0,0.00033,sector_a
2147.54741117,1.0040203133547336,0,0.00033,sector_a
2147.54880006,1.0035830367683298,0,0.00033,sector_a
2147.55018895,1.0034632446579874,0,0.00033,sector_a
2147.55157783,1.0031866399962397,0,0.00033,sector_a
2147.55296672,1.0034354673282295,0,0.00033,sector_a
2147.55435561,1.0032934216932512,0,0.00033,sector_a
2147.5557445,1.0032740930006727,0,0.00033,sector_a
2147.55713339,1.0035761509135928,0,0.00033,sector_a
2147.55852228,1.0030881925580493,0,0.00033,sector_a
2147.55991117,1.0033630732318017,0,0.00033,sector_a
2147.56130006,1.0038667291744063,0,0.00033,sector_a
2147.56268895,1.0036161740180243,0,0.00033,sector_a
2147.56407783,1.0033274497735476,0,0.00033,sector_a
2147.56546672,1.0034379234050712,0,0.00033,sector_a
2147.56685561,1.0033842893410365,0,0.00033,sector_a
2147.5682445,1.003971671904032,0,0.00033,sector_a
2147.56963339,1.0039544452138458,0,0.00033,sector_a
2147.57102228,1.0040798675884184,0,0.00033,sector_a
2147.57241117,1.0034798363051043,0,0.00033,sector_a
2147.57380006,1.0035611040474488,0,0.00033,sector_a
2147.57518895,1.0038456138903984,0,0.00033,sector_a
2147.57657783,1.0032706468208323,0,0.00033,sector_a
2147.57796672,1.0034434294053065,0,0.00033,sector_a
2147.57935561,1.0039112413632352,0,0.00033,sector_a
2147.5807445,1.0034566788107941,0,0.00033,sector_a
2147.58213339,1.00338540935302,0,0.00033,sector_a
2147.58352228,1.0037860033102213,0,0.00033,sector_a
2147.58491117,1.00357224007915,0,0.00033,sector_a
2147.58630006,1.0034715128954022,0,0.00033,sector_a
2147.58768895,1.0036996002973064,0,0.00033,sector_a
2147.58907783,1.003158133255672,0,0.00033,sector_a
2147.59046672,1.0038907208948908,0,0.00033,sector_a
2147.59185561,1.0037400080686658,0,0.00033,sector_a
2147.5932445,1.0037965528172792,0,0.00033,sector_a
2147.59463339,1.0037627379611023,0,0.00033,sector_a
2147.59602228,1.0039100710743083,0,0.00033,sector_a
2147.59741117,1.0031993611678387,0,0.00033,sector_a
2147.59880006,1.0037365636113682,0,0.00033,sector_a
2147.60018895,1.0041507897613284,0,0.00033,sector_a
2147.60157783,1.0035210417823697,0,0.00033,sector_a
2147.60296672,1.0034770199451393,0,0.00033,sector_a
2147.60435561,1.0035258971184378,0,0.00033,sector_a
2147.6057445,1.0033093290178525,0,0.00033,sector_a
2147.60713339,1.0044990932241182,0,0.00033,sector_a
2147.60852228,1.0036574787956694,0,0.00033,sector_a
2147.60991117,1.003955279209871,0,0.00033,sector_a
2147.61130006,1.0034450946568638,0,0.00033,sector_a
2147.61268895,1.0035237383297961,0,0.00033,sector_a
2147.61407783,1.0034589516133574,0,0.00033,sector_a
2147.61546672,1.0032908645029275,0,0.00033,sector_a
2147.61685561,1.0035939001295124,0,0.00033,sector_a
2147.6182445,1.004090780904625,0,0.00033,sector_a
2147.61963339,1.0035466358622114,0,0.00033,sector_a
2147.62102228,1.0040643393596123,0,0.00033,sector_a
2147.62241117,1.004367376599363,0,0.00033,sector_a
2147.62380006,1.0039334333965357,0,0.00033,sector_a
2147.62518895,1.0041664113014062,0,0.00033,sector_a
2147.62657783,1.0042220790350311,0,0.00033,sector_a
2147.62796672,1.0036785385016476,0,0.00033,sector_a
2147.62935561,1.0037261506625355,0,0.00033,sector_a
2147.6307445,1.003354044249965,0,0.00033,sector_a
2147.63213339,1.003750677932395,0,0.00033,sector_a
2147.63352228,1.0042474580701248,0,0.00033,sector_a
2147.63491117,1.0039927416631376,0,0.00033,sector_a
2147.63630006,1.0038729946931917,0,0.00033,sector_a
2147.63768895,1.003795294271013,0,0.00033,sector_a
2147.63907783,1.0036944035190796,0,0.00033,sector_a
2147.64046672,1.0038303542396088,0,0.00033,sector_a
2147.64185561,1.0046495360594698,0,0.00033,sector_a
2147.6432445,1.0043592179283793,0,0.00033,sector_a
2147.64463339,1.004082371838665,0,0.00033,sector_a
2147.64602228,1.003939773723493,0,0.00033,sector_a
2147.64741117,1.0038178406696505,0,0.00033,sector_a
2147.64880006,1.0043353896671348,0,0.00033,sector_a
2147.65018895,1.0039026638988358,0,0.00033,sector_a
2147.65157783,1.003946560792858,0,0.00033,sector_a
2147.65296672,1.0039756116403131,0,0.00033,sector_a
2147.65435561,1.0044728292613814,0,0.00033,sector_a
2147.6557445,1.0041377887177305,0,0.00033,sector_a
2147.65713339,1.0045819007102366,0,0.00033,sector_a
2147.65852228,1.0038881113870097,0,0.00033,sector_a
2147.65991117,1.0038851309296297,0,0.00033,sector_a
2147.66130006,1.0037632592213068,0,0.00033,sector_a
2147.66268895,1.004159509263244,0,0.00033,sector_a
2147.66407783,1.0037786747282864,0,0.00033,sector_a
2147.66546672,1.0039700870632353,0,0.00033,sector_a
2147.66685561,1.0045366444494233,0,0.00033,sector_a
2147.6682445,1.0043025443631208,0,0.00033,sector_a
2147.66963339,1.0040558122369123,0,0.00033,sector_a
2147.67102228,1.0040791932131798,0,0.00033,sector_a
2147.67241117,1.0031728681352539,0,0.00033,sector_a
2147.67380006,1.003469953504105,0,0.00033,sector_a
2147.67518895,1.0043141887217857,0,0.00033,sector_a
2147.67657783,1.0037994968806254,0,0.00033,sector_a
2147.67796672,1.0038705312786707,0,0.00033,sector_a
2147.67935561,1.0043681113415586,0,0.00033,sector_a
2147.6807445,1.003733907488943,0,0.00033,sector_a
2147.68213339,1.0041708271954934,0,0.00033,sector_a
2147.68352228,1.0040488052823557,0,0.00033,sector_a
2147.68491117,1.0041984200219132,0,0.00033,sector_a
2147.68630006,1.0041381104981602,0,0.00033,sector_a
2147.68768895,1.0046812866439114,0,0.00033,sector_a
2147.68907783,1.0043892139381276,0,0.00033,sector_a
2147.69046672,1.004650382290491,0,0.00033,sector_a
2147.69185561,1.0039884872935454,0,0.00033,sector_a
2147.6932445,1.0041688767724553,0,0.00033,sector_a
2147.69463339,1.0043087868710645,0,0.00033,sector_a
2147.69602228,1.0047146983758766,0,0.00033,sector_a
2147.69741117,1.0044921575024985,0,0.00033,sector_a
2147.69880006,1.0041840955059054,0,0.00033,sector_a
2147.70018895,1.0038417965348088,0,0.00033,sector_a
2147.70157783,1.0042266229637347,0,0.00033,sector_a
2147.70296672,1.0038759301470224,0,0.00033,sector_a
2147.70435561,1.0039077536465921,0,0.00033,sector_a
2147.7057445,1.0040316247041918,0,0.00033,sector_a
2147.70713339,1.0040895620662937,0,0.00033,sector_a
2147.70852228,1.0040301528017694,0,0.00033,sector_a
2147.70991117,1.0045687520095794,0,0.00033,sector_a
2147.71130006,1.004203813683393,0,0.00033,sector_a
2147.71268895,1.0039339202803719,0,0.00033,sector_a
2147.71407783,1.0042523880729461,0,0.00033,sector_a
2147.71546672,1.0037834294189791,0,0.00033,sector_a
2147.71685561,1.0043608572489056,0,0.00033,sector_a
2147.7182445,1.004435563973798,0,0.00033,sector_a
2147.71963339,1.0044625328950703,0,0.00033,sector_a
2147.72102228,1.0039503562860062,0,0.00033,sector_a
2147.72241117,1.004566113925429,0,0.00033,sector_a
2147.72380006,1.0045401121921527,0,0.00033,sector_a
2147.72518895,1.0048369465215357,0,0.00033,sector_a
2147.72657783,1.0044783894828901,0,0.00033,sector_a
2147.72796672,1.0043200061369837,0,0.00033,sector_a
2147.72935561,1.0042563627527437,0,0.00033,sector_a
2147.7307445,1.004130859473246,0,0.00033,sector_a
2147.73213339,1.0040562621589535,0,0.00033,sector_a
2147.73352228,1.0041313561300333,0,0.00033,sector_a
2147.73491117,1.0046391489703035,0,0.00033,sector_a
2147.73630006,1.004289641829318,0,0.00033,sector_a
2147.73768895,1.0043567303911012,0,0.00033,sector_a
2147.73907783,1.0042256349321517,0,0.00033,sector_a
2147.74046672,1.0044850268201544,0,0.00033,sector_a
2147.74185561,1.0046262078440469,0,0.00033,sector_a
2147.7432445,1.0045983489042294,0,0.00033,sector_a
2147.74463339,1.0040671797441982,0,0.00033,sector_a
2147.74602228,1.0043492367283589,0,0.00033,sector_a
2147.74741117,1.005048073647254,0,0.00033,sector_a
2147.74880006,1.0045406174296685,0,0.00033,sector_a
2147.75018895,1.0044196434685853,0,0.00033,sector_a
2147.75157783,1.0042727673358172,0,0.00033,sector_a
2147.75296672,1.004000229238901,0,0.00033,sector_a
2147.75435561,1.0038890572576666,0,0.00033,sector_a
2147.7557445,1.0043303791286782,0,0.00033,sector_a
2147.75713339,1.0044439559712275,0,0.00033,sector_a
2147.75852228,1.004183367136104,0,0.00033,sector_a
2147.75991117,1.0043975235659541,0,0.00033,sector_a
2147.76130006,1.0046025659364857,0,0.00033,sector_a
2147.76268895,1.0045970683028034,0,0.00033,sector_a
2147.76407783,1.0047781697067348,0,0.00033,sector_a
2147.76546672,1.0040139789142257,0,0.00033,sector_a
2147.76685561,1.0045193971515687,0,0.00033,sector_a
2147.7682445,1.004629727370227,0,0.00033,sector_a
2147.76963339,1.0045047109811414,0,0.00033,sector_a
2147.77102228,1.0041001655147959,0,0.00033,sector_a
2147.77241117,1.0040089628788615,0,0.00033,sector_a
2147.77380006,1.00496996497129,0,0.00033,sector_a
2147.77518895,1.0043086227580598,0,0.00033,sector_a
2147.77657783,1.0045682912584468,0,0.00033,sector_a
2147.77796672,1.0043068319963173,0,0.00033,sector_a
2147.77935561,1.0042604769837837,0,0.00033,sector_a
2147.7807445,1.0046180905214295,0,0.00033,sector_a
2147.78213339,1.0047664817661843,0,0.00033,sector_a
2147.78352228,1.004489672847992,0,0.00033,sector_a
2147.78491117,1.0044331711365062,0,0.00033,sector_a
2147.78630006,1.0047695111219288,0,0.00033,sector_a
2147.78768895,1.0044624965939735,0,0.00033,sector_a
2147.78907783,1.0044563886605682,0,0.00033,sector_a
2147.79046672,1.004371213645484,0,0.00033,sector_a
2147.79185561,1.0045996263154302,0,0.00033,sector_a
2147.7932445,1.004490085353387,0,0.00033,sector_a
2147.79463339,1.0044746259305157,0,0.00033,sector_a
2147.79602228,1.0044432319359027,0,0.00033,sector_a
2147.79741117,1.0045947456350528,0,0.00033,sector_a
2147.79880006,1.0048822462662503,0,0.00033,sector_a
2147.80018895,1.004508360167506,0,0.00033,sector_a
2147.80157783,1.0042996302945284,0,0.00033,sector_a
2147.80296672,1.0051774134516775,0,0.00033,sector_a
2147.80435561,1.0048461020431987,0,0.00033,sector_a
2147.8057445,1.0044179988205575,0,0.00033,sector_a
2147.80713339,1.004062687868313,0,0.00033,sector_a
2147.80852228,1.0049099643794908,0,0.00033,sector_a
2147.80991117,1.0043413921250803,0,0.00033,sector_a
2147.81130006,1.0045521877255716,0,0.00033,sector_a
2147.81268895,1.0038058251364614,0,0.00033,sector_a
2147.81407783,1.0047807420115562,0,0.00033,sector_a
2147.81546672,1.0049020162353066,0,0.00033,sector_a
2147.81685561,1.0045230907184937,0,0.00033,sector_a
2147.8182445,1.004505113513602,0,0.00033,sector_a
2147.81963339,1.0045557857499456,0,0.00033,sector_a
2147.82102228,1.004223905887181,0,0.00033,sector_a
2147.82241117,1.0042488689731466,0,0.00033,sector_a
2147.82380006,1.0048899518921595,0,0.00033,sector_a
2147.82518895,1.0044998050707448,0,0.00033,sector_a
2147.82657783,1.004593771474341,0,0.00033,sector_a
2147.82796672,1.0045703486295785,0,0.00033,sector_a
2147.82935561,1.0048439106435418,0,0.00033,sector_a
2147.8307445,1.0045981320385753,0,0.00033,sector_a
2147.83213339,1.0047806436530018,0,0.00033,sector_a
2147.83352228,1.0048355835737892,0,0.00033,sector_a
2147.83491117,1.0044758386050188,0,0.00033,sector_a
2147.83630006,1.0046017359746298,0,0.00033,sector_a
2147.83768895,1.0047738666719888,0,0.00033,sector_a
2147.83907783,1.0049222063377126,0,0.00033,sector_a
2147.84046672,1.0047769701073643,0,0.00033,sector_a
2147.84185561,1.0048047564174951,0,0.00033,sector_a
2147.8432445,1.0043865818682276,0,0.00033,sector_a
2147.84463339,1.0045430028740545,0,0.00033,sector_a
2147.84602228,1.0047959341865411,0,0.00033,sector_a
2147.84741117,1.004610708347716,0,0.00033,sector_a
2147.84880006,1.004671897648101,0,0.00033,sector_a
2147.85018895,1.004720483401321,0,0.00033,sector_a
2147.85157783,1.0051466048413416,0,0.00033,sector_a
2147.85296672,1.004447476083593,0,0.00033,sector_a
2147.85435561,1.0049679838756087,0,0.00033,sector_a
2147.8557445,1.0049241410644285,0,0.00033,sector_a
2147.85713339,1.0048032830554323,0,0.00033,sector_a
2147.85852228,1.0045293938365378,0,0.00033,sector_a
2147.85991117,1.0047440829549334,0,0.00033,sector_a
2147.86130006,1.0045999541760746,0,0.00033,sector_a
2147.86268895,1.0049841363697574,0,0.00033,sector_a
2147.86407783,1.0047545803957494,0,0.00033,sector_a
2147.86546672,1.0047963541417886,0,0.00033,sector_a
2147.86685561,1.0045117315692078,0,0.00033,sector_a
2147.8682445,1.0051124035859396,0,0.00033,sector_a
2147.86963339,1.0042049755131284,0,0.00033,sector_a
2147.87102228,1.005443570466741,0,0.00033,sector_a
2147.87241117,1.0044784600965004,0,0.00033,sector_a
2147.87380006,1.00458765042766,0,0.00033,sector_a
2147.87518895,1.0046291857313334,0,0.00033,sector_a
2147.87657783,1.0043408979926913,0,0.00033,sector_a
2147.87796672,1.005045113058947,0,0.00033,sector_a
2147.87935561,1.00454582267941,0,0.00033,sector_a
2147.8807445,1.0044939840271985,0,0.00033,sector_a
2147.88213339,1.0050519604128532,0,0.00033,sector_a
2147.88352228,1.0049135368932154,0,0.00033,sector_a
2147.88491117,1.0042644975317123,0,0.00033,sector_a
2147.88630006,1.0043568785716084,0,0.00033,sector_a
2147.88768895,1.0047496555424273,0,0.00033,sector_a
2147.88907783,1.0048096442874612,0,0.00033,sector_a
2147.89046672,1.004960405301946,0,0.00033,sector_a
2147.89185561,1.0047527819427011,0,0.00033,sector_a
2147.8932445,1.0051580558914694,0,0.00033,sector_a
2147.89463339,1.0051253108247216,0,0.00033,sector_a
2147.89602228,1.0049439834794434,0,0.00033,sector_a
2147.89741117,1.0048450500253874,0,0.00033,sector_a
2147.89880006,1.0051657204621987,0,0.00033,sector_a
2147.90018895,1.0052495329435602,0,0.00033,sector_a
2147.90157783,1.004937326092951,0,0.00033,sector_a
2147.90296672,1.0048462588103386,0,0.00033,sector_a
2147.90435561,1.005086129248272,0,0.00033,sector_a
2147.9057445,1.0047290658929304,0,0.00033,sector_a
2147.90713339,1.0049810455919646,0,0.00033,sector_a
2147.90852228,1.0051044190669753,0,0.00033,sector_a
2147.90991117,1.0045759150796847,0,0.00033,sector_a
2147.91130006,1.0046744023652197,0,0.00033,sector_a
2147.91268895,1.0043475073791843,0,0.00033,sector_a
2147.91407783,1.0047383633243692,0,0.00033,sector_a
2147.91546672,1.0050438490729383,0,0.00033,sector_a
2147.91685561,1.004776673378523,0,0.00033,sector_a
2147.9182445,1.005051159459019,0,0.00033,sector_a
2147.91963339,1.0049330188992145,0,0.00033,sector_a
2147.92102228,1.0047071955932976,0,0.00033,sector_a
2147.92241117,1.0053203792410572,0,0.00033,sector_a
2147.92380006,1.0048975935110303,0,0.00033,sector_a
2147.92518895,1.005232993704634,0,0.00033,sector_a
2147.92657783,1.005076847688679,0,0.00033,sector_a
2147.92796672,1.0049495665855948,0,0.00033,sector_a
2147.92935561,1.0054608534232086,0,0.00033,sector_a
2147.9307445,1.0048731063493368,0,0.00033,sector_a
2147.93213339,1.0048102918507718,0,0.00033,sector_a
2147.93352228,1.0053611323848854,0,0.00033,sector_a
2147.93491117,1.0051061739929523,0,0.00033,sector_a
2147.93630006,1.004792621531202,0,0.00033,sector_a
2147.93768895,1.0049061789932026,0,0.00033,sector_a
2147.93907783,1.0046510700317908,0,0.00033,sector_a
2147.94046672,1.0051820376721319,0,0.00033,sector_a
2147.94185561,1.0053510629717277,0,0.00033,sector_a
2147.9432445,1.0051811266335846,0,0.00033,sector_a
2147.94463339,1.0052463230278759,0,0.00033,sector_a
2147.94602228,1.0054189707940295,0,0.00033,sector_a
2147.94741117,1.0051034027945516,0,0.00033,sector_a
2147.94880006,1.0048492378103129,0,0.00033,sector_a
2147.95018895,1.004871963293114,0,0.00033,sector_a
2147.95157783,1.0051770553331254,0,0.00033,sector_a
2147.95296672,1.0051431158514779,0,0.00033,sector_a
2147.95435561,1.0051443079654994,0,0.00033,sector_a
2147.9557445,1.0047641370277158,0,0.00033,sector_a
2147.95713339,1.0050847747374536,0,0.00033,sector_a
2147.95852228,1.0055038885241014,0,0.00033,sector_a
2147.95991117,1.005118864207552,0,0.00033,sector_a
2147.96130006,1.005448516495202,0,0.00033,sector_a
2147.96268895,1.0051999365457458,0,0.00033,sector_a
2147.96407783,1.0050440729999737,0,0.00033,sector_a
2147.96546672,1.0054557670651223,0,0.00033,sector_a
2147.96685561,1.0056104542905455,0,0.00033,sector_a
2147.9682445,1.0053300986544171,0,0.00033,sector_a
2147.96963339,1.00550344323825,0,0.00033,sector_a
2147.97102228,1.005035932881716,0,0.00033,sector_a
2147.97241117,1.0048492856604418,0,0.00033,sector_a
2147.97380006,1.004656386111781,0,0.00033,sector_a
2147.97518895,1.0051783353275487,0,0.00033,sector_a
2147.97657783,1.0055939544993022,0,0.00033,sector_a
2147.97796672,1.005020559257028,0,0.00033,sector_a
2147.97935561,1.0047783520758062,0,0.00033,sector_a
2147.9807445,1.005200188881211,0,0.00033,sector_a
2147.98213339,1.0051819386403256,0,0.00033,sector_a
2147.98352228,1.0051689782396416,0,0.00033,sector_a
2147.98491117,1.0048928402344819,0,0.00033,sector_a
2147.98630006,1.0056113137016383,0,0.00033,sector_a
2147.98768895,1.0050014090449826,0,0.00033,sector_a
2147.98907783,1.0051097245365705,0,0.00033,sector_a
2147.99046672,1.0047275849323105,0,0.00033,sector_a
2147.99185561,1.0053281395108724,0,0.00033,sector_a
2147.9932445,1.0056618735482192,0,0.00033,sector_a
2147.99463339,1.0054735094323002,0,0.00033,sector_a
2147.99602228,1.0048351104280353,0,0.00033,sector_a
2147.99741117,1.0053867403537093,0,0.00033,sector_a
2147.99880006,1.0048633385532104,0,0.00033,sector_a
2148.00018895,1.0051069480936097,0,0.00033,sector_a
2148.00157783,1.0050675376087213,0,0.00033,sector_a
2148.00296672,1.005395595796558,0,0.00033,sector_a
2148.00435561,1.005333474306795,0,0.00033,sector_a
2148.0057445,1.0051021944328211,0,0.00033,sector_a
2148.00713339,1.005157889776116,0,0.00033,sector_a
2148.00852228,1.0056062254609455,0,0.00033,sector_a
2148.00991117,1.0047813023418461,0,0.00033,sector_a
2148.01130006,1.0050515434122538,0,0.00033,sector_a
2148.01268895,1.0058159426566036,0,0.00033,sector_a
2148.01407783,1.005263666259936,0,0.00033,sector_a
2148.01546672,1.0049655053412498,0,0.00033,sector_a
2148.01685561,1.0054043285531722,0,0.00033,sector_a
2148.0182445,1.005523525357063,0,0.00033,sector_a
2148.01963339,1.004992998677661,0,0.00033,sector_a
2148.02102228,1.0052387013161015,0,0.00033,sector_a
2148.02241117,1.0051267831995072,0,0.00033,sector_a
2148.02380006,1.00550842771405,0,0.00033,sector_a
2148.02518895,1.0053842643437843,0,0.00033,sector_a
2148.02657783,1.0051425537134677,0,0.00033,sector_a
2148.02796672,1.0055736323688191,0,0.00033,sector_a
2148.02935561,1.0051850108801883,0,0.00033,sector_a
2148.0307445,1.0059195531964233,0,0.00033,sector_a
2148.03213339,1.0056888442696805,0,0.00033,sector_a
2148.03352228,1.0052502835676973,0,0.00033,sector_a
2148.03491117,1.005404893435112,0,0.00033,sector_a
2148.03630006,1.0056724306374678,0,0.00033,sector_a
2148.03768895,1.0054912047061448,0,0.00033,sector_a
2148.03907783,1.0050413112548593,0,0.00033,sector_a
2148.04046672,1.0051860573057503,0,0.00033,sector_a
2148.04185561,1.0051914185578796,0,0.00033,sector_a
2148.0432445,1.005249369827678,0,0.00033,sector_a
2148.04463339,1.0048214629673142,0,0.00033,sector_a
2148.04602228,1.0055279127383647,0,0.00033,sector_a
2148.04741117,1.0063011845840226,0,0.00033,sector_a
2148.04880006,1.0053794238630567,0,0.00033,sector_a
2148.05018895,1.0053777152862615,0,0.00033,sector_a
2148.05157783,1.0052780799245302,0,0.00033,sector_a
2148.05296672,1.0054987615276278,0,0.00033,sector_a
2148.05435561,1.0051614500104933,0,0.00033,sector_a
2148.0557445,1.00524858953151,0,0.00033,sector_a
2148.05713339,1.0054894626662874,0,0.00033,sector_a
2148.05852228,1.0046951698494226,0,0.00033,sector_a
2148.05991117,1.0051689850475511,0,0.00033,sector_a
2148.06130006,1.0058292722949298,0,0.00033,sector_a
2148.06268895,1.0055891653457119,0,0.00033,sector_a
2148.06407783,1.0054032380395097,0,0.00033,sector_a
2148.06546672,1.0054403323258658,0,0.00033,sector_a
2148.06685561,1.0046554472237716,0,0.00033,sector_a
2148.0682445,1.0055746275737387,0,0.00033,sector_a
2148.06963339,1.0052861603531489,0,0.00033,sector_a
2148.07102228,1.0057505988668105,0,0.00033,sector_a
2148.07241117,1.0055103513689485,0,0.00033,sector_a
2148.07380006,1.005600780852204,0,0.00033,sector_a
2148.07518895,1.0049821512737853,0,0.00033,sector_a
2148.07657783,1.004957860831603,0,0.00033,sector_a
2148.07796672,1.0059944247147294,0,0.00033,sector_a
2148.07935561,1.0053558438084822,0,0.00033,sector_a
2148.0807445,1.00530408821615,0,0.00033,sector_a
2148.08213339,1.0058375748993555,0,0.00033,sector_a
2148.08352228,1.005618203969595,0,0.00033,sector_a
2148.08491117,1.0056359544484017,0,0.00033,sector_a
2148.08630006,1.0059549918204649,0,0.00033,sector_a
2148.08768895,1.0055429700473653,0,0.00033,sector_a
2148.08907783,1.0053940073637617,0,0.00033,sector_a
2148.09046672,1.0053290736787202,0,0.00033,sector_a
2148.09185561,1.0048451302840202,0,0.00033,sector_a
2148.0932445,1.0054220759411154,0,0.00033,sector_a
2148.09463339,1.005414666482851,0,0.00033,sector_a
2148.09602228,1.0052762784562816,0,0.00033,sector_a
2148.09741117,1.006160496709903,0,0.00033,sector_a
2148.09880006,1.0051932595806359,0,0.00033,sector_a
2148.10018895,1.0053431659371672,0,0.00033,sector_a
2148.10157783,1.0052987619235385,0,0.00033,sector_a
2148.10296672,1.0053329518326755,0,0.00033,sector_a
2148.10435561,1.0056698995830844,0,0.00033,sector_a
2148.1057445,1.0053562256019415,0,0.00033,sector_a
2148.10713339,1.0056483400329836,0,0.00033,sector_a
2148.10852228,1.0062136406693312,0,0.00033,sector_a
2148.10991117,1.0053883807495076,0,0.00033,sector_a
2148.11130006,1.005309981578056,0,0.00033,sector_a
2148.11268895,1.0053468307043572,0,0.00033,sector_a
2148.11407783,1.005874859010383,0,0.00033,sector_a
2148.11546672,1.0056269256414685,0,0.00033,sector_a
2148.11685561,1.0056217078649672,0,0.00033,sector_a
2148.1182445,1.0054150035858478,0,0.00033,sector_a
2148.11963339,1.0053694405972187,0,0.00033,sector_a
2148.12102228,1.0060754942678969,0,0.00033,sector_a
2148.12241117,1.0060169228503675,0,0.00033,sector_a
2148.12380006,1.0052758779691269,0,0.00033,sector_a
2148.12518895,1.0052614702286915,0,0.00033,sector_a
2148.12657783,1.0053780819087927,0,0.00033,sector_a
2148.12796672,1.0053825791862299,0,0.00033,sector_a
2148.12935561,1.0057936411741413,0,0.00033,sector_a
2148.1307445,1.0059498173742496,0,0.00033,sector_a
2148.13213339,1.0055202922890525,0,0.00033,sector_a
2148.13352228,1.0052778125157789,0,0.00033,sector_a
2148.13491117,1.0058234296121351,0,0.00033,sector_a
2148.13630006,1.0059789970997401,0,0.00033,sector_a
2148.13768895,1.0051113406273453,0,0.00033,sector_a
2148.13907783,1.0056332437008237,0,0.00033,sector_a
2148.14046672,1.0052730285185618,0,0.00033,sector_a
2148.14185561,1.0052738604616445,0,0.00033,sector_a
2148.1432445,1.0052886981855376,0,0.00033,sector_a
2148.14463339,1.0059616984029565,0,0.00033,sector_a
2148.14602228,1.005658984416466,4096,0.00033,sector_a
2148.14741117,1.0053563264782817,0,0.00033,sector_a
2148.14880006,1.005543595360421,0,0.00033,sector_a
2148.15018895,1.005674379883535,0,0.00033,sector_a
2148.15157783,1.0051421183630345,0,0.00033,sector_a
2148.15296672,1.0057550141696072,0,0.00033,sector_a
2148.15435561,1.005271349741088,0,0.00033,sector_a
2148.1557445,1.0053409158207893,0,0.00033,sector_a
2148.15713339,1.0060415410218262,0,0.00033,sector_a
2148.15852228,1.0046154967744927,0,0.00033,sector_a
2148.15991117,1.0058915628549256,0,0.00033,sector_a
2148.16130006,1.0059072948873162,0,0.00033,sector_a
2148.16268895,1.0055066908018793,0,0.00033,sector_a
2148.16407783,1.005926666143972,0,0.00033,sector_a
2148.16546672,1.0056475715985294,0,0.00033,sector_a
2148.16685561,1.005425002955586,0,0.00033,sector_a
2148.1682445,1.005723516885414,0,0.00033,sector_a
2148.16963339,1.0054600138136316,0,0.00033,sector_a
2148.17102228,1.0055175272863834,0,0.00033,sector_a
2148.17241117,1.0053548386384907,0,0.00033,sector_a
2148.17380006,1.006422515863283,0,0.00033,sector_a
2148.17518895,1.0059559153995512,0,0.00033,sector_a
2148.17657783,1.0055770421019097,0,0.00033,sector_a
2148.17796672,1.0051991120166894,0,0.00033,sector_a
2148.17935561,1.0053568395766765,0,0.00033,sector_a
2148.1807445,1.00538635217579,0,0.00033,sector_a
2148.18213339,1.0052973654522837,0,0.00033,sector_a
2148.18352228,1.0055721045997907,0,0.00033,sector_a
2148.18491117,1.0055903679734766,0,0.00033,sector_a
2148.18630006,1.006124515319377,0,0.00033,sector_a
2148.18768895,1.0060580469967786,0,0.00033,sector_a
2148.18907783,1.005215738424078,0,0.00033,sector_a
2148.19046672,1.0060523847223832,0,0.00033,sector_a
2148.19185561,1.0053296523330073,0,0.00033,sector_a
2148.1932445,1.0059423108845655,0,0.00033,sector_a
2148.19463339,1.0056853116360445,0,0.00033,sector_a
2148.19602228,1.0056466856780768,0,0.00033,sector_a
2148.19741117,1.005729991682995,0,0.00033,sector_a
2148.19880006,1.0054383868471242,0,0.00033,sector_a
2148.20018895,1.0052819630157264,0,0.00033,sector_a
2148.20157783,1.0061958295686813,0,0.00033,sector_a
2148.20296672,1.005206986216445,0,0.00033,sector_a
2148.20435561,1.005876334620291,0,0.00033,sector_a
2148.2057445,1.0053808363276806,0,0.00033,sector_a
2148.20713339,1.0057894636394207,0,0.00033,sector_a
2148.20852228,1.0056493699106683,0,0.00033,sector_a
2148.20991117,1.0057118871596291,0,0.00033,sector_a
2148.21130006,1.0054291647152682,0,0.00033,sector_a
2148.21268895,1.0057781781933326,0,0.00033,sector_a
2148.21407783,1.006224080210581,0,0.00033,sector_a
2148.21546672,1.0059113971029463,0,0.00033,sector_a
2148.21685561,1.0060749857697344,0,0.00033,sector_a
2148.2182445,1.0055252004706448,0,0.00033,sector_a
2148.21963339,1.0055904050508666,0,0.00033,sector_a
2148.22102228,1.0059366632072462,0,0.00033,sector_a
2148.22241117,1.005217018106663,0,0.00033,sector_a
2148.22380006,1.0060043726292744,0,0.00033,sector_a
2148.22518895,1.0056848377700984,0,0.00033,sector_a
2148.22657783,1.00563388443737,0,0.00033,sector_a
2148.22796672,1.0061524052103312,0,0.00033,sector_a
2148.22935561,1.0054556990753045,0,0.00033,sector_a
2148.2307445,1.0061400340799949,0,0.00033,sector_a
2148.23213339,1.0053581130360578,0,0.00033,sector_a
2148.23352228,1.005333874122712,0,0.00033,sector_a
2148.23491117,1.0059980628520029,0,0.00033,sector_a
2148.23630006,1.0060447241232517,0,0.00033,sector_a
2148.23768895,1.0052791766035487,0,0.00033,sector_a
2148.23907783,1.005745259974183,0,0.00033,sector_a
2148.24046672,1.0063083103398796,0,0.00033,sector_a
2148.24185561,1.0057285070753363,0,0.00033,sector_a
2148.2432445,1.0053407155283371,0,0.00033,sector_a
2148.24463339,1.0056216272676903,0,0.00033,sector_a
2148.24602228,1.0057234574290868,0,0.00033,sector_a
2148.24741117,1.0056711584764577,0,0.00033,sector_a
2148.24880006,1.0053923215838487,0,0.00033,sector_a
2148.25018895,1.005544225231475,0,0.00033,sector_a
2148.25157783,1.005846292375611,0,0.00033,sector_a
2148.25296672,1.0059280219639568,0,0.00033,sector_a
2148.25435561,1.0057118591648588,0,0.00033,sector_a
2148.2557445,1.005874467686893,0,0.00033,sector_a
2148.25713339,1.0058013310841885,0,0.00033,sector_a
2148.25852228,1.005291484795385,0,0.00033,sector_a
2148.25991117,1.0062173413101527,0,0.00033,sector_a
2148.26130006,1.0061724287919855,0,0.00033,sector_a
2148.26268895,1.0057764711062662,0,0.00033,sector_a
2148.26407783,1.0057154934693413,0,0.00033,sector_a
2148.26546672,1.0057864821725238,0,0.00033,sector_a
2148.26685561,1.0058133465690167,0,0.00033,sector_a
2148.2682445,1.0060058816846824,0,0.00033,sector_a
2148.26963339,1.0060569376426696,0,0.00033,sector_a
2148.27102228,1.00568623592951,0,0.00033,sector_a
2148.27241117,1.005467480886701,0,0.00033,sector_a
2148.27380006,1.0054518227428322,0,0.00033,sector_a
2148.27518895,1.0062561493816846,0,0.00033,sector_a
2148.27657783,1.0057110868022068,0,0.00033,sector_a
2148.27796672,1.0054156617888999,0,0.00033,sector_a
2148.27935561,1.0050799404772042,0,0.00033,sector_a
2148.2807445,1.0059467365304304,0,0.00033,sector_a
2148.28213339,1.0057302361030271,0,0.00033,sector_a
2148.28352228,1.0057544627337422,0,0.00033,sector_a
2148.28491117,1.0053910460832354,0,0.00033,sector_a
2148.28630006,1.0055556569189912,0,0.00033,sector_a
2148.28768895,1.0055195559693184,0,0.00033,sector_a
2148.28907783,1.005736521519991,0,0.00033,sector_a
2148.29046672,1.0062942780900082,0,0.00033,sector_a
2148.29185561,1.005551336324241,0,0.00033,sector_a
2148.2932445,1.0053664205683863,0,0.00033,sector_a
2148.29463339,1.0060007494200724,0,0.00033,sector_a
2148.29602228,1.0059718513005564,0,0.00033,sector_a
2148.29741117,1.0055821396024847,0,0.00033,sector_a
2148.29880006,1.0057563748815688,0,0.00033,sector_a
2148.30018895,1.0054921181622378,0,0.00033,sector_a
2148.30157783,1.0062947294106521,0,0.00033,sector_a
2148.30296672,1.0058773458546817,0,0.00033,sector_a
2148.30435561,1.0052805244206997,0,0.00033,sector_a
2148.3057445,1.006019186359544,0,0.00033,sector_a
2148.30713339,1.0060513488036942,0,0.00033,sector_a
2148.30852228,1.0053131473325365,0,0.00033,sector_a
2148.30991117,1.0057568153387875,0,0.00033,sector_a
2148.31130006,1.005755805137428,0,0.00033,sector_a
2148.31268895,1.005276425058232,0,0.00033,sector_a
2148.31407783,1.0052164875222038,0,0.00033,sector_a
2148.31546672,1.006633176219318,0,0.00033,sector_a
2148.31685561,1.00544550129908,0,0.00033,sector_a
2148.3182445,1.005950261937264,0,0.00033,sector_a
2148.31963339,1.0059993498873976,0,0.00033,sector_a
2148.32102228,1.0061028267938663,0,0.00033,sector_a
2148.32241117,1.0060669700034168,0,0.00033,sector_a
2148.32380006,1.0058262919317642,0,0.00033,sector_a
2148.32518895,1.0055483601250716,0,0.00033,sector_a
2148.32657783,1.0054204892479603,0,0.00033,sector_a
2148.32796672,1.0059459128756316,0,0.00033,sector_a
2148.32935561,1.0055226911167683,0,0.00033,sector_a
2148.3307445,1.0061010329730538,0,0.00033,sector_a
2148.33213339,1.0057443266780293,0,0.00033,sector_a
2148.33352228,1.0061850363455807,0,0.00033,sector_a
2148.33491117,1.0053134899171334,0,0.00033,sector_a
2148.33630006,1.0063301665752897,0,0.00033,sector_a
2148.33768895,1.0057028045755936,0,0.00033,sector_a
2148.33907783,1.0059564495423876,0,0.00033,sector_a
2148.34046672,1.005400598180858,0,0.00033,sector_a
2148.34185561,1.006018642174675,0,0.00033,sector_a
2148.3432445,1.0058846451244272,0,0.00033,sector_a
2148.34463339,1.0061597868755963,0,0.00033,sector_a
2148.34602228,1.0060262896551664,0,0.00033,sector_a
2148.34741117,1.0064571316803028,0,0.00033,sector_a
2148.34880006,1.0053462562341209,0,0.00033,sector_a
2148.35018895,1.0056912237109534,0,0.00033,sector_a
2148.35157783,1.0054191029094244,0,0.00033,sector_a
2148.35296672,1.005796787201977,0,0.00033,sector_a
2148.35435561,1.0061218475639764,0,0.00033,sector_a
2148.3557445,1.0061184685177906,0,0.00033,sector_a
2148.35713339,1.005642092700145,0,0.00033,sector_a
2148.35852228,1.0053759293521571,0,0.00033,sector_a
2148.35991117,1.0058290900472246,0,0.00033,sector_a
2148.36130006,1.0060204690619374,0,0.00033,sector_a
2148.36268895,1.0053877060045227,0,0.00033,sector_a
2148.36407783,1.0058594329757828,0,0.00033,sector_a
2148.36546672,1.0055983454823225,0,0.00033,sector_a
2148.36685561,1.0059681994920795,0,0.00033,sector_a
2148.3682445,1.0056305983386011,0,0.00033,sector_a
2148.36963339,1.0061671589973291,0,0.00033,sector_a
2148.37102228,1.0056747453544004,0,0.00033,sector_a
2148.37241117,1.0058818132813572,0,0.00033,sector_a
2148.37380006,1.0068272296002108,0,0.00033,sector_a
2148.37518895,1.004588660645863,0,0.00033,sector_a
2148.37657783,1.0057653560982664,0,0.00033,sector_a
2148.37796672,1.0058103357635861,0,0.00033,sector_a
2148.37935561,1.0059807935610932,0,0.00033,sector_a
2148.3807445,1.006003939138343,0,0.00033,sector_a
2148.38213339,1.0059248335221487,0,0.00033,sector_a
2148.38352228,1.0056661675960772,0,0.00033,sector_a
2148.38491117,1.0058128255720389,0,0.00033,sector_a
2148.38630006,1.0060353285020815,0,0.00033,sector_a
2148.38768895,1.005403117824651,0,0.00033,sector_a
2148.38907783,1.006175442329695,0,0.00033,sector_a
2148.39046672,1.0058389457718142,0,0.00033,sector_a
2148.39185561,1.0062578310611807,0,0.00033,sector_a
2148.3932445,1.0057588404356095,0,0.00033,sector_a
2148.39463339,1.0060215079204533,0,0.00033,sector_a
2148.39602228,1.0058054620201105,0,0.00033,sector_a
2148.39741117,1.006165881487503,0,0.00033,sector_a
2148.39880006,1.0062391982172374,0,0.00033,sector_a
2148.40018895,1.0057225934619392,0,0.00033,sector_a
2148.40157783,1.0061066900352755,0,0.00033,sector_a
2148.40296672,1.0058502459344356,0,0.00033,sector_a
2148.40435561,1.006095259651025,0,0.00033,sector_a
2148.4057445,1.0057466572224656,0,0.00033,sector_a
2148.40713339,1.0057555780194702,0,0.00033,sector_a
2148.40852228,1.0060319553636525,0,0.00033,sector_a
2148.40991117,1.0061734712542896,0,0.00033,sector_a
2148.41130006,1.0059556667826584,0,0.00033,sector_a
2148.41268895,1.0060292123359758,0,0.00033,sector_a
2148.41407783,1.0057631892118188,0,0.00033,sector_a
2148.41546672,1.00619667841355,0,0.00033,sector_a
2148.41685561,1.0058863370900022,0,0.00033,sector_a
2148.4182445,1.005609102345732,0,0.00033,sector_a
2148.41963339,1.006386132410435,0,0.00033,sector_a
2148.42102228,1.0055267414531803,0,0.00033,sector_a
2148.42241117,1.0062982859121083,0,0.00033,sector_a
2148.42380006,1.0059783072889408,0,0.00033,sector_a
2148.42518895,1.0060712515555232,0,0.00033,sector_a
2148.42657783,1.0066134180429522,0,0.00033,sector_a
2148.42796672,1.0057539912512652,0,0.00033,sector_a
2148.42935561,1.005630473779729,0,0.00033,sector_a
2148.4307445,1.0055245783634672,0,0.00033,sector_a
2148.43213339,1.005923151689458,0,0.00033,sector_a
2148.43352228,1.0062808205707174,0,0.00033,sector_a
2148.43491117,1.0058665545383554,0,0.00033,sector_a
2148.43630006,1.0059213527444455,0,0.00033,sector_a
2148.43768895,1.0059902103806,0,0.00033,sector_a
2148.43907783,1.005844700090359,0,0.00033,sector_a
2148.44046672,1.005991953472008,0,0.00033,sector_a
2148.44185561,1.0055399864023493,0,0.00033,sector_a
2148.4432445,1.0052747827894266,0,0.00033,sector_a
2148.44463339,1.0056806097053759,0,0.00033,sector_a
2148.44602228,1.0057359677987008,0,0.00033,sector_a
2148.44741117,1.0062543465804783,0,0.00033,sector_a
2148.44880006,1.0060112811236106,0,0.00033,sector_a
2148.45018895,1.0055898021348395,0,0.00033,sector_a
2148.45157783,1.0063047823795654,0,0.00033,sector_a
2148.45296672,1.0061827840220123,0,0.00033,sector_a
2148.45435561,1.0057265976197822,0,0.00033,sector_a
2148.4557445,1.0065381899925883,0,0.00033,sector_a
2148.45713339,1.005984050158099,0,0.00033,sector_a
2148.45852228,1.005715187890424,0,0.00033,sector_a
2148.45991117,1.0058536517717729,0,0.00033,sector_a
2148.46130006,1.0061614334580256,0,0.00033,sector_a
2148.46268895,1.0060228693678668,0,0.00033,sector_a
2148.46407783,1.0055798399629121,0,0.00033,sector_a
2148.46546672,1.0064278703353762,0,0.00033,sector_a
2148.46685561,1.0058973296001519,0,0.00033,sector_a
2148.4682445,1.005705889147438,0,0.00033,sector_a
2148.46963339,1.005873446789256,0,0.00033,sector_a
2148.47102228,1.0060011666299526,0,0.00033,sector_a
2148.47241117,1.0064393106508296,0,0.00033,sector_a
2148.47380006,1.0063736543323922,0,0.00033,sector_a
2148.47518895,1.0054025155889892,0,0.00033,sector_a
2148.47657783,1.0058450257443876,0,0.00033,sector_a
2148.47796672,1.0059550027138429,0,0.00033,sector_a
2148.47935561,1.0060187347262617,0,0.00033,sector_a
2148.4807445,1.0062312510406675,0,0.00033,sector_a
2148.48213339,1.0061471739110066,0,0.00033,sector_a
2148.48352228,1.0056118032161714,0,0.00033,sector_a
2148.48491117,1.0064635987592407,0,0.00033,sector_a
2148.48630006,1.006174056363939,0,0.00033,sector_a
2148.48768895,1.0053951923684983,0,0.00033,sector_a
2148.48907783,1.0062646626974825,0,0.00033,sector_a
2148.49046672,1.0060304680520102,0,0.00033,sector_a
2148.49185561,1.0055279745571657,0,0.00033,sector_a
2148.4932445,1.0059769763435213,0,0.00033,sector_a
2148.49463339,1.0061288285652181,0,0.00033,sector_a
2148.49602228,1.0060038629788923,0,0.00033,sector_a
2148.49741117,1.0057144315851203,0,0.00033,sector_a
2148.49880006,1.005890180690601,0,0.00033,sector_a
2148.50018895,1.0058550931238892,0,0.00033,sector_a
2148.50157783,1.0057979123840046,0,0.00033,sector_a
2148.50296672,1.0061021650447828,0,0.00033,sector_a
2148.50435561,1.0056536603135473,0,0.00033,sector_a
2148.5057445,1.0060102189963123,0,0.00033,sector_a
2148.50713339,1.0060949081461052,0,0.00033,sector_a
2148.50852228,1.0062386522682643,0,0.00033,sector_a
2148.50991117,1.0061029860207058,0,0.00033,sector_a
2148.51130006,1.0058500658659022,0,0.00033,sector_a
2148.51268895,1.005820578445159,0,0.00033,sector_a
2148.51407783,1.005761641000851,0,0.00033,sector_a
2148.51546672,1.0064451919968938,0,0.00033,sector_a
2148.51685561,1.0058073695256742,0,0.00033,sector_a
2148.5182445,1.0056866411382464,0,0.00033,sector_a
2148.51963339,1.00582530161352,0,0.00033,sector_a
2148.52102228,1.0061936132277092,0,0.00033,sector_a
2148.52241117,1.006236743852447,0,0.00033,sector_a
2148.52380006,1.0054836227092856,0,0.00033,sector_a
2148.52518895,1.006287605277699,0,0.00033,sector_a
2148.52657783,1.005939808566722,0,0.00033,sector_a
2148.52796672,1.0065002733869977,0,0.00033,sector_a
2148.52935561,1.0064187296938178,0,0.00033,sector_a
2148.5307445,1.0057718382404677,0,0.00033,sector_a
2148.53213339,1.0056770265202033,0,0.00033,sector_a
2148.53352228,1.005667963095178,0,0.00033,sector_a
2148.53491117,1.0058455154740915,0,0.00033,sector_a
2148.53630006,1.0060689206024398,0,0.00033,sector_a
2148.53768895,1.0060744444225458,0,0.00033,sector_a
2148.53907783,1.0061019380118512,0,0.00033,sector_a
2148.54046672,1.006169451768742,0,0.00033,sector_a
2148.54185561,1.0058829415583395,0,0.00033,sector_a
2148.5432445,1.0059544564096101,0,0.00033,sector_a
2148.54463339,1.0060921918707717,0,0.00033,sector_a
2148.54602228,1.0063210182280273,0,0.00033,sector_a
2148.54741117,1.0058966469905641,0,0.00033,sector_a
2148.54880006,1.005762381453873,4096,0.00033,sector_a
2148.55018895,1.0061932123246857,0,0.00033,sector_a
2148.55157783,1.006043033409714,0,0.00033,sector_a
2148.55296672,1.006112541664085,0,0.00033,sector_a
2148.55435561,1.005924871610691,0,0.00033,sector_a
2148.5557445,1.0060916087551688,0,0.00033,sector_a
2148.55713339,1.0058301894530286,0,0.00033,sector_a
2148.55852228,1.0057131532374697,0,0.00033,sector_a
2148.55991117,1.0060029328926796,0,0.00033,sector_a
2148.56130006,1.0055014244217988,0,0.00033,sector_a
2148.56268895,1.006117057809534,0,0.00033,sector_a
2148.56407783,1.0065446043218758,0,0.00033,sector_a
2148.56546672,1.0056146421813983,0,0.00033,sector_a
2148.56685561,1.0056921261426843,0,0.00033,sector_a
2148.5682445,1.0060772706505536,0,0.00033,sector_a
2148.56963339,1.005700509604395,0,0.00033,sector_a
2148.57102228,1.0060732721626238,0,0.00033,sector_a
2148.57241117,1.00587104784752,0,0.00033,sector_a
2148.57380006,1.0057828344275115,0,0.00033,sector_a
2148.57518895,1.0061615556253714,0,0.00033,sector_a
2148.57657783,1.0057464507253357,0,0.00033,sector_a
2148.57796672,1.0057552285098919,0,0.00033,sector_a
2148.57935561,1.0055012163263295,0,0.00033,sector_a
2148.5807445,1.0060770130437708,0,0.00033,sector_a
2148.58213339,1.0058719437618062,0,0.00033,sector_a
2148.58352228,1.0057396099091438,0,0.00033,sector_a
2148.58491117,1.00614089491292,0,0.00033,sector_a
2148.58630006,1.0058640594707413,0,0.00033,sector_a
2148.58768895,1.0062437134445352,0,0.00033,sector_a
2148.58907783,1.0061617543805093,0,0.00033,sector_a
2148.59046672,1.0057813426862903,0,0.00033,sector_a
2148.59185561,1.0057246581063826,0,0.00033,sector_a
2148.5932445,1.0063408711206068,0,0.00033,sector_a
2148.59463339,1.0058945326067081,0,0.00033,sector_a
2148.59602228,1.0057312357611186,0,0.00033,sector_a
2148.59741117,1.0058882204527881,0,0.00033,sector_a
2148.59880006,1.005419666477261,0,0.00033,sector_a
2148.60018895,1.0059790322280093,0,0.00033,sector_a
2148.60157783,1.0055228316750238,0,0.00033,sector_a
2148.60296672,1.0060891187768852,0,0.00033,sector_a
2148.60435561,1.005725680050441,0,0.00033,sector_a
2148.6057445,1.0059691433059261,0,0.00033,sector_a
2148.60713339,1.0064086440261701,0,0.00033,sector_a
2148.60852228,1.0062814823932864,0,0.00033,sector_a
2148.60991117,1.0058219999437412,0,0.00033,sector_a
2148.61130006,1.0060343924141735,0,0.00033,sector_a
2148.61268895,1.0055812924143133,0,0.00033,sector_a
2148.61407783,1.0060238158794463,0,0.00033,sector_a
2148.61546672,1.0063046280089625,0,0.00033,sector_a
2148.61685561,1.0061989522293027,0,0.00033,sector_a
2148.6182445,1.0062506630642518,0,0.00033,sector_a
2148.61963339,1.0060507671927827,0,0.00033,sector_a
2148.62102228,1.0055834546348954,0,0.00033,sector_a
2148.62241117,1.0059322679077978,0,0.00033,sector_a
2148.62380006,1.005599838794488,0,0.00033,sector_a
2148.62518895,1.0062087514053073,0,0.00033,sector_a
2148.62657783,1.0058551816313654,0,0.00033,sector_a
2148.62796672,1.0057776786670996,0,0.00033,sector_a
2148.62935561,1.005614456750837,0,0.00033,sector_a
2148.6307445,1.006003029824766,0,0.00033,sector_a
2148.63213339,1.006086217670557,0,0.00033,sector_a
2148.63352228,1.006042496342133,0,0.00033,sector_a
2148.63491117,1.005436276258317,0,0.00033,sector_a
2148.63630006,1.0060706729025075,2048,0.00033,sector_a
2148.63768895,1.0057621715826977,0,0.00033,sector_a
2148.63907783,1.0052231844371469,0,0.00033,sector_a
2148.64046672,1.0061174547248937,0,0.00033,sector_a
2148.64185561,1.005978501484123,0,0.00033,sector_a
2148.6432445,1.0054156441558744,0,0.00033,sector_a
2148.64463339,1.0061871512778797,0,0.00033,sector_a
2148.64602228,1.0060643471397794,0,0.00033,sector_a
2148.64741117,1.006440356731843,0,0.00033,sector_a
2148.64880006,1.0060667029653498,0,0.00033,sector_a
2148.65018895,1.0059541298130494,0,0.00033,sector_a
2148.65157783,1.0053998229350969,0,0.00033,sector_a
2148.65296672,1.0065571508205677,0,0.00033,sector_a
2148.65435561,1.0054590889617097,0,0.00033,sector_a
2148.6557445,1.0057828987330866,0,0.00033,sector_a
2148.65713339,1.0061131194872839,0,0.00033,sector_a
2148.65852228,1.0058154208169012,0,0.00033,sector_a
2148.65991117,1.0050266864764197,0,0.00033,sector_a
2148.66130006,1.0057837353851298,0,0.00033,sector_a
2148.66268895,1.0057446427684906,0,0.00033,sector_a
2148.66407783,1.0061995243435113,0,0.00033,sector_a
2148.66546672,1.0058431613084668,0,0.00033,sector_a
2148.66685561,1.0063248993816762,0,0.00033,sector_a
2148.6682445,1.0061768470767636,0,0.00033,sector_a
2148.66963339,1.0062084568367433,0,0.00033,sector_a
2148.67102228,1.0060856169025352,0,0.00033,sector_a
2148.67241117,1.00658670509958,0,0.00033,sector_a
2148.67380006,1.0062094629200071,0,0.00033,sector_a
2148.67518895,1.006193158487355,0,0.00033,sector_a
2148.67657783,1.0058793749719872,0,0.00033,sector_a
2148.67796672,1.0057638274432497,0,0.00033,sector_a
2148.67935561,1.0054639722411347,0,0.00033,sector_a
2148.6807445,1.005266551573793,0,0.00033,sector_a
2148.68213339,1.0055026971059156,0,0.00033,sector_a
2148.68352228,1.0061201378888525,0,0.00033,sector_a
2148.68491117,1.0056421924577499,0,0.00033,sector_a
2148.68630006,1.0058091214581935,0,0.00033,sector_a
2148.68768895,1.0057324655190416,0,0.00033,sector_a
2148.68907783,1.0058754207190477,0,0.00033,sector_a
2148.69046672,1.0060266001813605,0,0.00033,sector_a
2148.69185561,1.0063613382628105,0,0.00033,sector_a
2148.6932445,1.0054906980518477,0,0.00033,sector_a
2148.69463339,1.0065292960703105,0,0.00033,sector_a
2148.69602228,1.0058248723221632,0,0.00033,sector_a
2148.69741117,1.0056638430262417,0,0.00033,sector_a
2148.69880006,1.005751814651219,0,0.00033,sector_a
2148.70018895,1.0062786206121976,0,0.00033,sector_a
2148.70157783,1.0060853916467642,0,0.00033,sector_a
2148.70296672,1.0062922880600087,0,0.00033,sector_a
2148.70435561,1.0057410562405456,0,0.00033,sector_a
2148.7057445,1.006309398114063,0,0.00033,sector_a
2148.70713339,1.0058394806081277,0,0.00033,sector_a
2148.70852228,1.0060364618705284,0,0.00033,sector_a
2148.70991117,1.0056718415953807,0,0.00033,sector_a
2148.71130006,1.0057797786362226,0,0.00033,sector_a
2148.71268895,1.0056982723055299,0,0.00033,sector_a
2148.71407783,1.0061708771232412,0,0.00033,sector_a
2148.71546672,1.0061261368997463,0,0.00033,sector_a
2148.71685561,1.0048762293086761,0,0.00033,sector_a
2148.7182445,1.0059163698575229,0,0.00033,sector_a
2148.71963339,1.0059068314017166,0,0.00033,sector_a
2148.72102228,1.005480037814656,0,0.00033,sector_a
2148.72241117,1.0055078942308304,0,0.00033,sector_a
2148.72380006,1.0062198844374206,0,0.00033,sector_a
2148.72518895,1.0057685275035475,0,0.00033,sector_a
2148.72657783,1.0061342685774484,0,0.00033,sector_a
2148.72796672,1.0061111278757655,0,0.00033,sector_a
2148.72935561,1.0050775536310317,0,0.00033,sector_a
2148.7307445,1.006284264440273,0,0.00033,sector_a
2148.73213339,1.0054338984396443,0,0.00033,sector_a
2148.73352228,1.0056767079695599,0,0.00033,sector_a
2148.73491117,1.0058004312039865,0,0.00033,sector_a
2148.73630006,1.0059824855750585,0,0.00033,sector_a
2148.73768895,1.0059821937097615,0,0.00033,sector_a
2148.73907783,1.0057526232063354,0,0.00033,sector_a
2148.74046672,1.0057834774652397,0,0.00033,sector_a
2148.74185561,1.0059760830694504,0,0.00033,sector_a
2148.7432445,1.0061230599243363,0,0.00033,sector_a
2148.74463339,1.0057243147504322,0,0.00033,sector_a
2148.74602228,1.0060073974227706,0,0.00033,sector_a
2148.74741117,1.0059833004077152,0,0.00033,sector_a
2148.74880006,1.005636050146829,0,0.00033,sector_a
2148.75018895,1.0057342853743279,0,0.00033,sector_a
2148.75157783,1.0057901807246055,0,0.00033,sector_a
2148.75296672,1.00654959437683,0,0.00033,sector_a
2148.75435561,1.005935581878584,0,0.00033,sector_a
2148.7557445,1.0060946203355163,0,0.00033,sector_a
2148.75713339,1.006090743166653,0,0.00033,sector_a
2148.75852228,1.0056468922487438,0,0.00033,sector_a
2148.75991117,1.0059879401067047,0,0.00033,sector_a
2148.76130006,1.005353777782434,0,0.00033,sector_a
2148.76268895,1.0054204694537594,0,0.00033,sector_a
2148.76407783,1.0059797206164363,0,0.00033,sector_a
2148.76546672,1.0057094059287286,0,0.00033,sector_a
2148.76685561,1.0059278882456644,0,0.00033,sector_a
2148.7682445,1.0060335784052583,0,0.00033,sector_a
2148.76963339,1.0064771077084285,0,0.00033,sector_a
2148.77102228,1.0058067324505096,0,0.00033,sector_a
2148.77241117,1.0058651824863405,0,0.00033,sector_a
2148.77380006,1.005154332194542,0,0.00033,sector_a
2148.77518895,1.0062537326132244,0,0.00033,sector_a
2148.77657783,1.0058292659666832,0,0.00033,sector_a
2148.77796672,1.005654853037708,0,0.00033,sector_a
2148.77935561,1.006119592911523,0,0.00033,sector_a
2148.7807445,1.0058447706489155,0,0.00033,sector_a
2148.78213339,1.0056152255454043,0,0.00033,sector_a
2148.78352228,1.005572709978335,0,0.00033,sector_a
2148.78491117,1.0060380379480793,0,0.00033,sector_a
2148.78630006,1.0061349726757784,0,0.00033,sector_a
2148.78768895,1.0058363369692673,0,0.00033,sector_a
2148.78907783,1.005792116639443,0,0.00033,sector_a
2148.79046672,1.0065017017749136,0,0.00033,sector_a
2148.79185561,1.0057134852894187,0,0.00033,sector_a
2148.7932445,1.0055258110981322,0,0.00033,sector_a
2148.79463339,1.0060371125279386,0,0.00033,sector_a
2148.79602228,1.0056391075624413,0,0.00033,sector_a
2148.79741117,1.005400803240647,0,0.00033,sector_a
2148.79880006,1.0059213704116519,0,0.00033,sector_a
2148.80018895,1.0057047769445486,0,0.00033,sector_a
2148.80157783,1.0063841947548606,0,0.00033,sector_a
2148.80296672,1.0059656725915411,0,0.00033,sector_a
2148.80435561,1.006161995016494,0,0.00033,sector_a
2148.8057445,1.0062492916733317,0,0.00033,sector_a
2148.80713339,1.0060382044679483,0,0.00033,sector_a
2148.80852228,1.0061700574992634,0,0.00033,sector_a
2148.80991117,1.0054941756874725,0,0.00033,sector_a
2148.81130006,1.0055537371800412,0,0.00033,sector_a
2148.81268895,1.0057957781072357,0,0.00033,sector_a
2148.81407783,1.006153572085819,0,0.00033,sector_a
2148.81546672,1.0060028262642888,0,0.00033,sector_a
2148.81685561,1.0060543787083602,0,0.00033,sector_a
2148.8182445,1.0061337051780785,0,0.00033,sector_a
2148.81963339,1.0057834694845054,0,0.00033,sector_a
2148.82102228,1.005601878651929,0,0.00033,sector_a
2148.82241117,1.0055795375980292,0,0.00033,sector_a
2148.82380006,1.0062755243096546,0,0.00033,sector_a
2148.82518895,1.0053126145551314,0,0.00033,sector_a
2148.82657783,1.0053861405602043,0,0.00033,sector_a
2148.82796672,1.0059245763144793,0,0.00033,sector_a
2148.82935561,1.0054859706962265,0,0.00033,sector_a
2148.8307445,1.0059738288200128,0,0.00033,sector_a
2148.83213339,1.0055394532777653,0,0.00033,sector_a
2148.83352228,1.0057632348315495,0,0.00033,sector_a
2148.83491117,1.0055053450549638,0,0.00033,sector_a
2148.83630006,1.0059417740999894,0,0.00033,sector_a
2148.83768895,1.005893171572499,0,0.00033,sector_a
2148.83907783,1.0062520161035633,0,0.00033,sector_a
2148.84046672,1.0059735363573838,0,0.00033,sector_a
2148.84185561,1.0059551692718671,0,0.00033,sector_a
2148.8432445,1.0055177015028074,0,0.00033,sector_a
2148.84463339,1.0056752484946505,0,0.00033,sector_a
2148.84602228,1.005587632869303,0,0.00033,sector_a
2148.84741117,1.0052248872142828,0,0.00033,sector_a
2148.84880006,1.0053191625382882,0,0.00033,sector_a
2148.85018895,1.0056905795171898,0,0.00033,sector_a
2148.85157783,1.005839723304917,0,0.00033,sector_a
2148.85296672,1.0062687342405823,0,0.00033,sector_a
2148.85435561,1.0055074820920271,0,0.00033,sector_a
2148.8557445,1.0052906412792306,0,0.00033,sector_a
2148.85713339,1.0059498267415024,0,0.00033,sector_a
2148.85852228,1.005610818894865,0,0.00033,sector_a
2148.85991117,1.00548084789077,0,0.00033,sector_a
2148.86130006,1.0055775054822798,0,0.00033,sector_a
2148.86268895,1.0050077928867664,0,0.00033,sector_a
2148.86407783,1.0056907838343334,0,0.00033,sector_a
2148.86546672,1.0057759178355268,0,0.00033,sector_a
2148.86685561,1.0057054525975866,0,0.00033,sector_a
2148.8682445,1.0055324504471306,0,0.00033,sector_a
2148.86963339,1.0056531133742805,0,0.00033,sector_a
2148.87102228,1.006042414614965,0,0.00033,sector_a
2148.87241117,1.005438139098619,0,0.00033,sector_a
2148.87380006,1.0063447142414106,0,0.00033,sector_a
2148.87518895,1.0057025608942374,0,0.00033,sector_a
2148.87657783,1.005797451498579,0,0.00033,sector_a
2148.87796672,1.0065984363884843,0,0.00033,sector_a
2148.87935561,1.005807127097011,0,0.00033,sector_a
2148.8807445,1.0055998163378166,0,0.00033,sector_a
2148.88213339,1.0058007395778752,0,0.00033,sector_a
2148.88352228,1.0053229512199493,0,0.00033,sector_a
2148.88491117,1.0061318781099706,0,0.00033,sector_a
2148.88630006,1.0057470417183156,0,0.00033,sector_a
2148.88768895,1.0057102139338534,0,0.00033,sector_a
2148.88907783,1.0054874285940791,0,0.00033,sector_a
2148.89046672,1.0058014407688363,0,0.00033,sector_a
2148.89185561,1.005961423582758,0,0.00033,sector_a
2148.8932445,1.0048592220920618,0,0.00033,sector_a
2148.89463339,1.0052362638057786,0,0.00033,sector_a
2148.89602228,1.005854431872506,0,0.00033,sector_a
2148.89741117,1.0055096493084543,0,0.00033,sector_a
2148.89880006,1.0056303493657155,0,0.00033,sector_a
2148.90018895,1.0052900216135237,0,0.00033,sector_a
2148.90157783,1.0053153708333291,0,0.00033,sector_a
2148.90296672,1.006023171534956,0,0.00033,sector_a
2148.90435561,1.0057859202904762,0,0.00033,sector_a
2148.9057445,1.0058372565448213,0,0.00033,sector_a
2148.90713339,1.0047033789967719,0,0.00033,sector_a
2148.90852228,1.0057067922036613,0,0.00033,sector_a
2148.90991117,1.0057550378050182,0,0.00033,sector_a
2148.91130006,1.0057791304905657,0,0.00033,sector_a
2148.91268895,1.0054304961709315,0,0.00033,sector_a
2148.91407783,1.0059334087999432,0,0.00033,sector_a
2148.91546672,1.0059863616731186,0,0.00033,sector_a
2148.91685561,1.0056228074093108,0,0.00033,sector_a
2148.9182445,1.0048396574572915,0,0.00033,sector_a
2148.91963339,1.005600373357725,0,0.00033,sector_a
2148.92102228,1.0056874568238232,0,0.00033,sector_a
2148.92241117,1.005837239739365,0,0.00033,sector_a
2148.92380006,1.005479445689689,0,0.00033,sector_a
2148.92518895,1.0058077630417124,0,0.00033,sector_a
2148.92657783,1.0055582150001556,0,0.00033,sector_a
2148.92796672,1.0056013918843032,0,0.00033,sector_a
2148.92935561,1.0055627240136606,0,0.00033,sector_a
2148.9307445,1.0057886030819176,0,0.00033,sector_a
2148.93213339,1.0060012568075452,0,0.00033,sector_a
2148.93352228,1.0059006531360688,0,0.00033,sector_a
2148.93491117,1.0053023165216564,0,0.00033,sector_a
2148.93630006,1.0058477859183659,0,0.00033,sector_a
2148.93768895,1.0055084845853204,0,0.00033,sector_a
2148.93907783,1.0057013374228387,0,0.00033,sector_a
2148.94046672,1.0047700139288465,0,0.00033,sector_a
2148.94185561,1.0058417311671832,0,0.00033,sector_a
2148.9432445,1.0054947353165522,0,0.00033,sector_a
2148.94463339,1.0054931542487837,0,0.00033,sector_a
2148.94602228,1.0056310147889005,0,0.00033,sector_a
2148.94741117,1.0052270864707054,0,0.00033,sector_a
2148.94880006,1.0053056031691514,0,0.00033,sector_a
2148.95018895,1.0047695313140326,0,0.00033,sector_a
2148.95157783,1.005690001840084,0,0.00033,sector_a
2148.95296672,1.0054031909024117,0,0.00033,sector_a
2148.95435561,1.0056246826812059,0,0.00033,sector_a
2148.9557445,1.0056972635045416,0,0.00033,sector_a
2148.95713339,1.0054099342146812,2048,0.00033,sector_a
2148.95852228,1.0057611133503386,0,0.00033,sector_a
2148.95991117,1.0048927865290023,0,0.00033,sector_a
2148.96130006,1.0054395621116443,0,0.00033,sector_a
2148.96268895,1.0056600735586558,0,0.00033,sector_a
2148.96407783,1.005298888007267,0,0.00033,sector_a
2148.96546672,1.0055437441619306,0,0.00033,sector_a
2148.96685561,1.0053528010919117,0,0.00033,sector_a
2148.9682445,1.0057631291531108,0,0.00033,sector_a
2148.96963339,1.0058038321933738,0,0.00033,sector_a
2148.97102228,1.0052707665924374,0,0.00033,sector_a
2148.97241117,1.0053371195317569,0,0.00033,sector_a
2148.97380006,1.0055418774136706,0,0.00033,sector_a
2148.97518895,1.0053775999655647,0,0.00033,sector_a
2148.97657783,1.005541739867231,0,0.00033,sector_a
2148.97796672,1.0054246238515454,0,0.00033,sector_a
2148.97935561,1.0055400137076271,0,0.00033,sector_a
2148.9807445,1.0051384684703535,0,0.00033,sector_a
2148.98213339,1.0055555409306958,0,0.00033,sector_a
2148.98352228,1.0057686160887516,0,0.00033,sector_a
2148.98491117,1.0051019524965223,0,0.00033,sector_a
2148.98630006,1.0055851795859614,0,0.00033,sector_a
2148.98768895,1.0055337254108332,0,0.00033,sector_a
2148.98907783,1.005646126295255,0,0.00033,sector_a
2148.99046672,1.004829046962396,0,0.00033,sector_a
2148.99185561,1.0054127138502496,0,0.00033,sector_a
2148.9932445,1.0053337139930942,0,0.00033,sector_a
2148.99463339,1.0056456678147014,0,0.00033,sector_a
2148.99602228,1.0056923592026374,0,0.00033,sector_a
2148.99741117,1.0045972183038243,0,0.00033,sector_a
2148.99880006,1.005219326403394,0,0.00033,sector_a
2149.00018895,1.0055421216550768,0,0.00033,sector_a
2149.00157783,1.0055705061176785,0,0.00033,sector_a
2149.00296672,1.0055677747297174,0,0.00033,sector_a
2149.00435561,1.005149195700976,0,0.00033,sector_a
2149.0057445,1.0052789956957875,0,0.00033,sector_a
2149.00713339,1.0055385979098952,0,0.00033,sector_a
2149.00852228,1.0056798803778564,0,0.00033,sector_a
2149.00991117,1.00550423643266,0,0.00033,sector_a
2149.01130006,1.0051429107638812,0,0.00033,sector_a
2149.01268895,1.0044919386397666,0,0.00033,sector_a
2149.01407783,1.0052503330706315,0,0.00033,sector_a
2149.01546672,1.0053323517359154,0,0.00033,sector_a
2149.01685561,1.005372479723678,0,0.00033,sector_a
2149.0182445,1.0055655083878914,0,0.00033,sector_a
2149.01963339,1.0056037979054966,0,0.00033,sector_a
2149.02102228,1.006073946274236,0,0.00033,sector_a
2149.02241117,1.005454112282435,0,0.00033,sector_a
2149.02380006,1.005579040581177,0,0.00033,sector_a
2149.02518895,1.0059534531968748,0,0.00033,sector_a
2149.02657783,1.0057340360857783,0,0.00033,sector_a
2149.02796672,1.0052567908397454,0,0.00033,sector_a
2149.02935561,1.0056723253821707,0,0.00033,sector_a
2149.0307445,1.00506165069437,0,0.00033,sector_a
2149.03213339,1.0056759002833566,0,0.00033,sector_a
2149.03352228,1.0056984688861386,0,0.00033,sector_a
2149.03491117,1.0052846347462348,0,0.00033,sector_a
2149.03630006,1.0057630612266222,0,0.00033,sector_a
2149.03768895,1.0055970784205555,0,0.00033,sector_a
2149.03907783,1.0052763556347746,0,0.00033,sector_a
2149.04046672,1.00568882998141,0,0.00033,sector_a
2149.04185561,1.0052318204999158,0,0.00033,sector_a
2149.0432445,1.005442208627967,0,0.00033,sector_a
2149.04463339,1.0050077925398153,0,0.00033,sector_a
2149.04602228,1.0057719668430622,0,0.00033,sector_a
2149.04741117,1.0052845292393258,0,0.00033,sector_a
2149.04880006,1.0051406992010363,0,0.00033,sector_a
2149.05018895,1.005291995754092,0,0.00033,sector_a
2149.05157783,1.0056953756626146,0,0.00033,sector_a
2149.05296672,1.0059160631157822,0,0.00033,sector_a
2149.05435561,1.005368833430452,0,0.00033,sector_a
2149.0557445,1.0051564390967136,0,0.00033,sector_a
2149.05713339,1.0053852906793457,0,0.00033,sector_a
2149.05852228,1.0053430837644828,0,0.00033,sector_a
2149.05991117,1.005508308845912,0,0.00033,sector_a
2149.06130006,1.005303385042791,0,0.00033,sector_a
2149.06268895,1.0054331617436774,0,0.00033,sector_a
2149.06407783,1.0047274772302506,0,0.00033,sector_a
2149.06546672,1.0049250488526453,0,0.00033,sector_a
2149.06685561,1.0052345526054922,0,0.00033,sector_a
2149.0682445,1.0049079497498656,0,0.00033,sector_a
2149.06963339,1.004996530012725,0,0.00033,sector_a
2149.07102228,1.0055701657987315,0,0.00033,sector_a
2149.07241117,1.0052531772407765,0,0.00033,sector_a
2149.07380006,1.0052480123520935,0,0.00033,sector_a
2149.07518895,1.005242405280653,0,0.00033,sector_a
2149.07657783,1.0051010448260225,2048,0.00033,sector_a
2149.07796672,1.00508129628006,0,0.00033,sector_a
2149.07935561,1.0051938789072807,0,0.00033,sector_a
2149.0807445,1.0054074048120385,0,0.00033,sector_a
2149.08213339,1.0052678234634833,0,0.00033,sector_a
2149.08352228,1.0053139828176803,0,0.00033,sector_a
2149.08491117,1.0056782704204281,0,0.00033,sector_a
2149.08630006,1.00536245083953,0,0.00033,sector_a
2149.08768895,1.0055491209405212,0,0.00033,sector_a
2149.08907783,1.0054133818827886,0,0.00033,sector_a
2149.09046672,1.005575528286168,0,0.00033,sector_a
2149.09185561,1.0049987339720787,0,0.00033,sector_a
2149.0932445,1.0049102047830396,0,0.00033,sector_a
2149.09463339,1.0054883658275562,0,0.00033,sector_a
2149.09602228,1.0053309102082422,0,0.00033,sector_a
2149.09741117,1.0054610895210492,0,0.00033,sector_a
2149.09880006,1.0047969583123633,0,0.00033,sector_a
2149.10018895,1.0059589965999833,0,0.00033,sector_a
2149.10157783,1.0052062698570998,0,0.00033,sector_a
2149.10296672,1.005856946112184,0,0.00033,sector_a
2149.10435561,1.0051028858548996,0,0.00033,sector_a
2149.1057445,1.005106926059145,0,0.00033,sector_a
2149.10713339,1.004558325867742,0,0.00033,sector_a
2149.10852228,1.0053539042197381,0,0.00033,sector_a
2149.10991117,1.005230913279766,0,0.00033,sector_a
2149.11130006,1.005095138981935,0,0.00033,sector_a
2149.11268895,1.00537613647222,0,0.00033,sector_a
2149.11407783,1.005026278246138,0,0.00033,sector_a
2149.11546672,1.0054634426229256,0,0.00033,sector_a
2149.11685561,1.0053559666548018,0,0.00033,sector_a
2149.1182445,1.0053210110756332,0,0.00033,sector_a
2149.11963339,1.0050387944976853,0,0.00033,sector_a
2149.12102228,1.0050158132369602,0,0.00033,sector_a
2149.12241117,1.0056101465653573,0,0.00033,sector_a
2149.12380006,1.0052297473384342,0,0.00033,sector_a
2149.12518895,1.005246190595195,0,0.00033,sector_a
2149.12657783,1.0052111039084903,0,0.00033,sector_a
2149.12796672,1.0051404211699495,2048,0.00033,sector_a
2149.12935561,1.0047831280805812,0,0.00033,sector_a
2149.1307445,1.0053026108845662,0,0.00033,sector_a
2149.13213339,1.00505792793663,0,0.00033,sector_a
2149.13352228,1.0049439837607568,0,0.00033,sector_a
2149.13491117,1.0055432211826687,0,0.00033,sector_a
2149.13630006,1.0059077081969716,0,0.00033,sector_a
2149.13768895,1.004316171291052,0,0.00033,sector_a
2149.13907783,1.0045070023754579,0,0.00033,sector_a
2149.14046672,1.003980881914328,0,0.00033,sector_a
2149.14185561,1.0046764258051848,0,0.00033,sector_a
2149.1432445,1.0043937759920691,0,0.00033,sector_a
2149.14463339,1.0046137414466674,0,0.00033,sector_a
2149.14602228,1.0046503903248394,0,0.00033,sector_a
2149.14741117,1.0042685519027599,0,0.00033,sector_a
2149.14880006,1.0045458625842179,0,0.00033,sector_a
2149.15018895,1.0042979737230697,0,0.00033,sector_a
2149.15157783,1.004434239132809,0,0.00033,sector_a
2149.15296672,1.0043538301791963,0,0.00033,sector_a
2149.15435561,1.0038861402492028,0,0.00033,sector_a
2149.1557445,1.0040230260226017,0,0.00033,sector_a
2149.15713339,1.0037746439489514,0,0.00033,sector_a
2149.15852228,1.003736806767919,0,0.00033,sector_a
2149.15991117,1.00440745069008,0,0.00033,sector_a
2149.16130006,1.004682097537703,0,0.00033,sector_a
2149.16268895,1.0044891512938108,0,0.00033,sector_a
2149.16407783,1.0041649841141786,0,0.00033,sector_a
2149.16546672,1.0050767868878772,0,0.00033,sector_a
2149.16685561,1.0044778686155886,0,0.00033,sector_a
2149.1682445,1.0047026134583572,0,0.00033,sector_a
2149.16963339,1.0042239772773869,0,0.00033,sector_a
2149.17102228,1.0044436785517263,0,0.00033,sector_a
2149.17241117,1.0039815882505574,0,0.00033,sector_a
2149.17380006,1.0041565926967724,0,0.00033,sector_a
2149.17518895,1.0038454142854025,0,0.00033,sector_a
2149.17657783,1.0042922898110622,0,0.00033,sector_a
2149.17796672,1.004079364360289,0,0.00033,sector_a
2149.17935561,1.0039465433772787,0,0.00033,sector_a
2149.1807445,1.0044493542858215,0,0.00033,sector_a
2149.18213339,1.0041595244982788,0,0.00033,sector_a
2149.18352228,1.0041568805194552,4096,0.00033,sector_a
2149.18491117,1.0042924111875198,0,0.00033,sector_a
2149.18630006,1.0039778352635214,0,0.00033,sector_a
2149.18768895,1.0042155676581361,0,0.00033,sector_a
2149.18907783,1.004146887733554,0,0.00033,sector_a
2149.19046672,1.0040624997460565,0,0.00033,sector_a
2149.19185561,1.0041548989045475,0,0.00033,sector_a
2149.1932445,1.004415475012517,0,0.00033,sector_a
2149.19463339,1.0042480507941245,0,0.00033,sector_a
2149.19602228,1.004118012362523,0,0.00033,sector_a
2149.19741117,1.0039246659171503,0,0.00033,sector_a
2149.19880006,1.0043320589203666,0,0.00033,sector_a
2149.20018895,1.004520084506383,0,0.00033,sector_a
2149.20157783,1.0041328785751356,0,0.00033,sector_a
2149.20296672,1.003802069161205,0,0.00033,sector_a
2149.20435561,1.0048424846069905,0,0.00033,sector_a
2149.2057445,1.0041942350827595,0,0.00033,sector_a
2149.20713339,1.0047331297440738,0,0.00033,sector_a
2149.20852228,1.0036761825355798,0,0.00033,sector_a
2149.20991117,1.0036875568401438,0,0.00033,sector_a
2149.21130006,1.0038546256312075,0,0.00033,sector_a
2149.21268895,1.0039420480762602,0,0.00033,sector_a
2149.21407783,1.0032627687929934,0,0.00033,sector_a
2149.21546672,1.0035413728591613,0,0.00033,sector_a
2149.21685561,1.0041080358912957,0,0.00033,sector_a
2149.2182445,1.0038468219095003,0,0.00033,sector_a
2149.21963339,1.0042015737717078,0,0.00033,sector_a
2149.22102228,1.0039633968481778,0,0.00033,sector_a
2149.22241117,1.003798578314596,0,0.00033,sector_a
2149.22380006,1.0040315689584218,0,0.00033,sector_a
2149.22518895,1.0040682443603497,0,0.00033,sector_a
2149.22657783,1.0037400356305473,0,0.00033,sector_a
2149.22796672,1.0042143572180107,0,0.00033,sector_a
2149.22935561,1.0041678284155053,0,0.00033,sector_a
2149.2307445,1.004129014142186,0,0.00033,sector_a
2149.23213339,1.0039727071483195,0,0.00033,sector_a
2149.23352228,1.0040296534002628,0,0.00033,sector_a
2149.23491117,1.0041372297122964,0,0.00033,sector_a
2149.23630006,1.0041603730814,0,0.00033,sector_a
2149.23768895,1.0040524202443788,0,0.00033,sector_a
2149.23907783,1.0045398021233967,0,0.00033,sector_a
2149.24046672,1.0042368754199331,0,0.00033,sector_a
2149.24185561,1.0045279012890103,0,0.00033,sector_a
2149.2432445,1.00446232002035,0,0.00033,sector_a
2149.24463339,1.0036917117741662,0,0.00033,sector_a
2149.24602228,1.0047022219523036,0,0.00033,sector_a
2149.24741117,1.0035727803006582,0,0.00033,sector_a
2149.24880006,1.0041789885769672,0,0.00033,sector_a
2149.25018895,1.00388209472657,0,0.00033,sector_a
2149.25157783,1.003973777586095,0,0.00033,sector_a
2149.25296672,1.0043297019328599,0,0.00033,sector_a
2149.25435561,1.004325071760892,0,0.00033,sector_a
2149.2557445,1.00419381350681,0,0.00033,sector_a
2149.25713339,1.0038535859172137,0,0.00033,sector_a
2149.25852228,1.0041229403949727,0,0.00033,sector_a
2149.25991117,1.00396890365993,0,0.00033,sector_a
2149.26130006,1.003949742252597,0,0.00033,sector_a
2149.26268895,1.0037231900618222,0,0.00033,sector_a
2149.26407783,1.0038186310524966,0,0.00033,sector_a
2149.26546672,1.0042344696010126,0,0.00033,sector_a
2149.26685561,1.0037223181613797,0,0.00033,sector_a
2149.2682445,1.003596794121992,0,0.00033,sector_a
2149.26963339,1.0041150555544773,0,0.00033,sector_a
2149.27102228,1.0040800442828481,0,0.00033,sector_a
2149.27241117,1.0038514277894313,0,0.00033,sector_a
2149.27380006,1.0043970508594797,0,0.00033,sector_a
2149.27518895,1.0040308987045388,0,0.00033,sector_a
2149.27657783,1.0040487142341974,0,0.00033,sector_a
2149.27796672,1.003139053503134,2048,0.00033,sector_a
2149.27935561,1.004013659525733,4096,0.00033,sector_a
2149.2807445,1.0042942968946231,0,0.00033,sector_a
2149.28213339,1.0035941411237748,0,0.00033,sector_a
2149.28352228,1.004165328239185,0,0.00033,sector_a
2149.28491117,1.0038404979194626,0,0.00033,sector_a
2149.28630006,1.0038102533883024,0,0.00033,sector_a
2149.28768895,1.0037751304658766,0,0.00033,sector_a
2149.28907783,1.0034747955658825,0,0.00033,sector_a
2149.29046672,1.0032304070109932,0,0.00033,sector_a
2149.29185561,1.0032860781779822,0,0.00033,sector_a
2149.2932445,1.0041810474219908,0,0.00033,sector_a
2149.29463339,1.0039413688491903,0,0.00033,sector_a
2149.29602228,1.0033580522128016,0,0.00033,sector_a
2149.29741117,1.004053283743886,0,0.00033,sector_a
2149.29880006,1.003987731262143,0,0.00033,sector_a
2149.30018895,1.0037420781122581,0,0.00033,sector_a
2149.30157783,1.0040288665856754,0,0.00033,sector_a
2149.30296672,1.004028060271214,0,0.00033,sector_a
2149.30435561,1.003939951122129,0,0.00033,sector_a
2149.3057445,1.0041805654704679,0,0.00033,sector_a
2149.30713339,1.0035920913805045,0,0.00033,sector_a
2149.30852228,1.0038888161789263,0,0.00033,sector_a
2149.30991117,1.0043269649535014,0,0.00033,sector_a
2149.31130006,1.0044669465432696,0,0.00033,sector_a
2149.31268895,1.0046975521098582,0,0.00033,sector_a
2149.31407783,1.0051675879626023,0,0.00033,sector_a
2149.31546672,1.0045325784187857,0,0.00033,sector_a
2149.31685561,1.0042122379742944,0,0.00033,sector_a
2149.3182445,1.004865935936635,0,0.00033,sector_a
2149.31963339,1.005026071229151,0,0.00033,sector_a
2149.32102228,1.004504104885099,0,0.00033,sector_a
2149.32241117,1.0049771814032258,0,0.00033,sector_a
2149.32380006,1.0041614069138238,0,0.00033,sector_a
2149.32518895,1.0042723347665405,0,0.00033,sector_a
2149.32657783,1.0044168908050095,0,0.00033,sector_a
2149.32796672,1.0045489937879577,0,0.00033,sector_a
2149.32935561,1.0046269814254574,0,0.00033,sector_a
2149.3307445,1.0046642617268537,0,0.00033,sector_a
2149.33213339,1.0048358570024336,0,0.00033,sector_a
2149.33352228,1.004365928275255,0,0.00033,sector_a
2149.33491117,1.004453068155726,0,0.00033,sector_a
2149.33630006,1.0050896319395481,0,0.00033,sector_a
2149.33768895,1.0045312151764374,0,0.00033,sector_a
2149.33907783,1.0048068738155216,0,0.00033,sector_a
2149.34046672,1.004637985816743,0,0.00033,sector_a
2149.34185561,1.0045512337123492,0,0.00033,sector_a
2149.3432445,1.0047428123769624,0,0.00033,sector_a
2149.34463339,1.004319420004718,0,0.00033,sector_a
2149.34602228,1.004618287928473,0,0.00033,sector_a
2149.34741117,1.0047598749992168,0,0.00033,sector_a
2149.34880006,1.0046131742419147,0,0.00033,sector_a
2149.35018895,1.0044350404330138,0,0.00033,sector_a
2149.35157783,1.004358297844816,0,0.00033,sector_a
2149.35296672,1.0044575325245444,0,0.00033,sector_a
2149.35435561,1.0048419465024776,0,0.00033,sector_a
2149.3557445,1.0046487830602224,0,0.00033,sector_a
2149.35713339,1.0043120661755665,0,0.00033,sector_a
2149.35852228,1.0049134315086496,0,0.00033,sector_a
2149.35991117,1.004330816564502,2048,0.00033,sector_a
2149.36130006,1.0047419318988973,0,0.00033,sector_a
2149.36268895,1.004428915039401,0,0.00033,sector_a
2149.36407783,1.0039906131180747,0,0.00033,sector_a
2149.36546672,1.0043892847976992,0,0.00033,sector_a
2149.36685561,1.0042493770415282,4096,0.00033,sector_a
2149.3682445,1.0043644233858913,0,0.00033,sector_a
2149.36963339,1.0043719645998543,0,0.00033,sector_a
2149.37102228,1.0042547592114857,0,0.00033,sector_a
2149.37241117,1.0044677966450721,0,0.00033,sector_a
2149.37380006,1.004375703095871,0,0.00033,sector_a
2149.37518895,1.0040603450420538,0,0.00033,sector_a
2149.37657783,1.0045115290589048,0,0.00033,sector_a
2149.37796672,1.0045364996672614,0,0.00033,sector_a
2149.37935561,1.0042608759573997,0,0.00033,sector_a
2149.3807445,1.0043780429975029,0,0.00033,sector_a
2149.38213339,1.0042591740415532,0,0.00033,sector_a
2149.38352228,1.0041805589303137,0,0.00033,sector_a
2149.38491117,1.0043445591221445,0,0.00033,sector_a
2149.38630006,1.0045734773181285,0,0.00033,sector_a
2149.38768895,1.0045154150561886,0,0.00033,sector_a
2149.38907783,1.0039796660632787,0,0.00033,sector_a
2149.39046672,1.004340080248748,0,0.00033,sector_a
2149.39185561,1.0046181970478065,0,0.00033,sector_a
2149.3932445,1.0047471614448509,0,0.00033,sector_a
2149.39463339,1.0042637935579009,0,0.00033,sector_a
2149.39602228,1.0045105987501644,0,0.00033,sector_a
2149.39741117,1.00438926599632,0,0.00033,sector_a
2149.39880006,1.0040203243350672,0,0.00033,sector_a
2149.40018895,1.0044617973858794,0,0.00033,sector_a
2149.40157783,1.0041426306521342,0,0.00033,sector_a
2149.40296672,1.0039804205548546,0,0.00033,sector_a
2149.40435561,1.0048119685876369,0,0.00033,sector_a
2149.4057445,1.004700407025839,0,0.00033,sector_a
2149.40713339,1.0044352185692818,0,0.00033,sector_a
2149.40852228,1.004001540585196,0,0.00033,sector_a
2149.40991117,1.0045447868277302,0,0.00033,sector_a
2149.41130006,1.0042665137524356,0,0.00033,sector_a
2149.41268895,1.0044679744756007,0,0.00033,sector_a
2149.41407783,1.0042988114826188,0,0.00033,sector_a
2149.41546672,1.0044154477318452,0,0.00033,sector_a
2149.41685561,1.0039277332968861,0,0.00033,sector_a
2149.4182445,1.0043431974563817,0,0.00033,sector_a
2149.41963339,1.0044044770498104,0,0.00033,sector_a
2149.42102228,1.0046875782375442,0,0.00033,sector_a
2149.42241117,1.0037888115381053,0,0.00033,sector_a
2149.42380006,1.0049016740290355,0,0.00033,sector_a
2149.42518895,1.0049550923420523,0,0.00033,sector_a
2149.42657783,1.0043157413627781,0,0.00033,sector_a
2149.42796672,1.0041519903706098,2048,0.00033,sector_a
2149.42935561,1.004668693856288,0,0.00033,sector_a
2149.4307445,1.0038112325419153,0,0.00033,sector_a
2149.43213339,1.004237211952971,0,0.00033,sector_a
2149.43352228,1.0045911587625176,0,0.00033,sector_a
2149.43491117,1.0048082861192567,0,0.00033,sector_a
2149.43630006,1.0045585038299945,0,0.00033,sector_a
2149.43768895,1.0043471118191618,0,0.00033,sector_a
2149.43907783,1.0043030328941565,0,0.00033,sector_a
2149.44046672,1.004370007496506,0,0.00033,sector_a
2149.44185561,1.0046098191373345,0,0.00033,sector_a
2149.4432445,1.003659734795133,0,0.00033,sector_a
2149.44463339,1.0042355314382883,0,0.00033,sector_a
2149.44602228,1.004326868508895,0,0.00033,sector_a
2149.44741117,1.0041269082213211,0,0.00033,sector_a
2149.44880006,1.0042474349226362,0,0.00033,sector_a
2149.45018895,1.0046238041102096,0,0.00033,sector_a
2149.45157783,1.0041810844993437,0,0.00033,sector_a
2149.45296672,1.0041452538448266,0,0.00033,sector_a
2149.45435561,1.0046436791212146,0,0.00033,sector_a
2149.4557445,1.0042269662269636,0,0.00033,sector_a
2149.45713339,1.0040913888274927,0,0.00033,sector_a
2149.45852228,1.0037998153333745,0,0.00033,sector_a
2149.45991117,1.004151808515641,0,0.00033,sector_a
2149.46130006,1.0037466316218293,0,0.00033,sector_a
2149.46268895,1.004066828304271,0,0.00033,sector_a
2149.46407783,1.0043510598010224,0,0.00033,sector_a
2149.46546672,1.0040214120665263,0,0.00033,sector_a
2149.46685561,1.0041460363860004,0,0.00033,sector_a
2149.4682445,1.0043443760485131,0,0.00033,sector_a
2149.46963339,1.0044873524261084,0,0.00033,sector_a
2149.47102228,1.0047157363266288,0,0.00033,sector_a
2149.47241117,1.0045988770341678,0,0.00033,sector_a
2149.47380006,1.0043908744763708,0,0.00033,sector_a
2149.47518895,1.00432736530246,0,0.00033,sector_a
2149.47657783,1.004177740707812,0,0.00033,sector_a
2149.47796672,1.0039741689989647,0,0.00033,sector_a
2149.47935561,1.0033568534466064,0,0.00033,sector_a
2149.4807445,1.0042552654291206,0,0.00033,sector_a
2149.48213339,1.0039150115946696,0,0.00033,sector_a
2149.48352228,1.004500137613101,0,0.00033,sector_a
2149.48491117,1.0037198238428338,0,0.00033,sector_a
2149.48630006,1.0035835281942886,0,0.00033,sector_a
2149.48768895,1.003952482491224,0,0.00033,sector_a
2149.48907783,1.004447139078224,0,0.00033,sector_a
2149.49046672,1.004026231612557,0,0.00033,sector_a
2149.49185561,1.0039842915836428,0,0.00033,sector_a
2149.4932445,1.00441921997954,0,0.00033,sector_a
2149.49463339,1.0040492417659335,0,0.00033,sector_a
2149.49602228,1.0042225989657914,0,0.00033,sector_a
2149.49741117,1.0039942762638299,0,0.00033,sector_a
2149.49880006,1.00406241672668,0,0.00033,sector_a
2149.50018895,1.0051193210764844,0,0.00033,sector_a
2149.50157783,1.0035609520631286,0,0.00033,sector_a
2149.50296672,1.0045305286596409,0,0.00033,sector_a
2149.50435561,1.0034397576073644,0,0.00033,sector_a
2149.5057445,1.0034785685923513,0,0.00033,sector_a
2149.50713339,1.0043618755671633,0,0.00033,sector_a
2149.50852228,1.0040049334039824,0,0.00033,sector_a
2149.50991117,1.0040543711193515,0,0.00033,sector_a
2149.51130006,1.0043019306668972,0,0.00033,sector_a
2149.51268895,1.0038893465224097,0,0.00033,sector_a
2149.51407783,1.0035178028925893,0,0.00033,sector_a
2149.51546672,1.0040728846241667,0,0.00033,sector_a
2149.51685561,1.0037914420953609,0,0.00033,sector_a
2149.5182445,1.0045002255738982,0,0.00033,sector_a
2149.51963339,1.0040886322286233,0,0.00033,sector_a
2149.52102228,1.0041887149297246,0,0.00033,sector_a
2149.52241117,1.003581855498158,0,0.00033,sector_a
2149.52380006,1.0040402115613432,0,0.00033,sector_a
2149.52518895,1.00407708772655,0,0.00033,sector_a
2149.52657783,1.0041910184779959,0,0.00033,sector_a
2149.52796672,1.003637521382457,0,0.00033,sector_a
2149.52935561,1.004153301193833,0,0.00033,sector_a
2149.5307445,1.0043251031306253,0,0.00033,sector_a
2149.53213339,1.0038932534135527,0,0.00033,sector_a
2149.53352228,1.0038316511132717,0,0.00033,sector_a
2149.53491117,1.0041283494162627,0,0.00033,sector_a
2149.53630006,1.0042661476640524,0,0.00033,sector_a
2149.53768895,1.0038835319780726,0,0.00033,sector_a
2149.53907783,1.0042494785000669,0,0.00033,sector_a
2149.54046672,1.0044924158614736,0,0.00033,sector_a
2149.54185561,1.0040975587103302,0,0.00033,sector_a
2149.5432445,1.0039227638804182,0,0.00033,sector_a
2149.54463339,1.0041984351784803,0,0.00033,sector_a
2149.54602228,1.0043906554339952,0,0.00033,sector_a
2149.54741117,1.004340640484703,0,0.00033,sector_a
2149.54880006,1.0040053577771944,0,0.00033,sector_a
2149.55018895,1.0041562438333893,0,0.00033,sector_a
2149.55157783,1.0037508512714146,0,0.00033,sector_a
2149.55296672,1.0039487198869244,0,0.00033,sector_a
2149.55435561,1.0037784818202184,0,0.00033,sector_a
2149.5557445,1.0037283266623833,0,0.00033,sector_a
2149.55713339,1.003891990892337,0,0.00033,sector_a
2149.55852228,1.0037374711449973,0,0.00033,sector_a
2149.55991117,1.0038928217548808,0,0.00033,sector_a
2149.56130006,1.0038806941918368,0,0.00033,sector_a
2149.56268895,1.0035268224865532,0,0.00033,sector_a
2149.56407783,1.003701526893104,0,0.00033,sector_a
2149.56546672,1.0040323753491118,0,0.00033,sector_a
2149.56685561,1.0037387730168967,0,0.00033,sector_a
2149.5682445,1.0043791559060875,0,0.00033,sector_a
2149.56963339,1.004530875751461,0,0.00033,sector_a
2149.57102228,1.0040943754496217,0,0.00033,sector_a
2149.57241117,1.0039401929015146,0,0.00033,sector_a
2149.57380006,1.003949877392787,0,0.00033,sector_a
2149.57518895,1.003399840813731,0,0.00033,sector_a
2149.57657783,1.0037017818585716,0,0.00033,sector_a
2149.57796672,1.003231679311575,0,0.00033,sector_a
2149.57935561,1.0039488939605186,0,0.00033,sector_a
2149.5807445,1.0040762770603664,4096,0.00033,sector_a
2149.58213339,1.00386007080765,0,0.00033,sector_a
2149.58352228,1.003749182032095,0,0.00033,sector_a
2149.58491117,1.0035926154180437,0,0.00033,sector_a
2149.58630006,1.0039088903963145,0,0.00033,sector_a
2149.58768895,1.0034290096129317,0,0.00033,sector_a
2149.58907783,1.0040820701900741,0,0.00033,sector_a
2149.59046672,1.003388252709078,0,0.00033,sector_a
2149.59185561,1.0032893702565622,0,0.00033,sector_a
2149.5932445,1.0036502042101179,0,0.00033,sector_a
2149.59463339,1.003818787174032,0,0.00033,sector_a
2149.59602228,1.003537160138601,0,0.00033,sector_a
2149.59741117,1.0036742845726276,0,0.00033,sector_a
2149.59880006,1.0038159778757674,0,0.00033,sector_a
2149.60018895,1.0035038351361916,0,0.00033,sector_a
2149.60157783,1.003986551548188,0,0.00033,sector_a
2149.60296672,1.0036574056944734,0,0.00033,sector_a
2149.60435561,1.0038688588008535,0,0.00033,sector_a
2149.6057445,1.003507512072085,0,0.00033,sector_a
2149.60713339,1.003174517509802,0,0.00033,sector_a
2149.60852228,1.0038492229198173,0,0.00033,sector_a
2149.60991117,1.003944552791931,0,0.00033,sector_a
2149.61130006,1.0034514500602445,0,0.00033,sector_a
2149.61268895,1.0036383054062734,0,0.00033,sector_a
2149.61407783,1.003271728023658,0,0.00033,sector_a
2149.61546672,1.0031968420198873,0,0.00033,sector_a
2149.61685561,1.0040467749012434,0,0.00033,sector_a
2149.6182445,1.0040985800847235,0,0.00033,sector_a
2149.61963339,1.003474000190028,0,0.00033,sector_a
2149.62102228,1.0041802131642006,0,0.00033,sector_a
2149.62241117,1.0034696259175826,0,0.00033,sector_a
2149.62380006,1.0037890732980737,0,0.00033,sector_a
2149.62518895,1.0036383985422896,0,0.00033,sector_a
2149.62657783,1.0036561149329633,0,0.00033,sector_a
2149.62796672,1.0028702429583582,0,0.00033,sector_a
2149.62935561,1.0040515657658458,0,0.00033,sector_a
2149.6307445,1.0033393056318891,0,0.00033,sector_a
2149.63213339,1.0035590859721661,0,0.00033,sector_a
2149.63352228,1.0039142299988093,0,0.00033,sector_a
2149.63491117,1.0032182846280935,0,0.00033,sector_a
2149.63630006,1.0035669304382162,0,0.00033,sector_a
2149.63768895,1.0035448880071376,0,0.00033,sector_a
2149.63907783,1.0035214733594102,0,0.00033,sector_a
2149.64046672,1.0032183175539473,0,0.00033,sector_a
2149.64185561,1.0036827933682198,0,0.00033,sector_a
2149.6432445,1.0031811694267607,0,0.00033,sector_a
2149.64463339,1.003532902448451,0,0.00033,sector_a
2149.64602228,1.004031300111016,0,0.00033,sector_a
2149.64741117,1.003564295877777,0,0.00033,sector_a
2149.64880006,1.0031423474509862,0,0.00033,sector_a
2149.65018895,1.0035856014889428,0,0.00033,sector_a
2149.65157783,1.0031327071985816,0,0.00033,sector_a
2149.65296672,1.0032802453429805,0,0.00033,sector_a
2149.65435561,1.0035686792715075,0,0.00033,sector_a
2149.6557445,1.003284446761382,0,0.00033,sector_a
2149.65713339,1.0034457327042712,0,0.00033,sector_a
2149.65852228,1.0025780969033247,0,0.00033,sector_a
2149.65991117,1.0034741623202528,0,0.00033,sector_a
2149.66130006,1.0038023131417484,0,0.00033,sector_a
2149.66268895,1.0029139432803116,0,0.00033,sector_a
2149.66407783,1.0034330664732938,0,0.00033,sector_a
2149.66546672,1.0038347485254882,0,0.00033,sector_a
2149.66685561,1.0036056603143997,0,0.00033,sector_a
2149.6682445,1.003513684562881,0,0.00033,sector_a
2149.66963339,1.0035548517404247,0,0.00033,sector_a
2149.67102228,1.0036010058678955,0,0.00033,sector_a
2149.67241117,1.0037803794805247,0,0.00033,sector_a
2149.67380006,1.0040331190554013,0,0.00033,sector_a
2149.67518895,1.0035909343191989,0,0.00033,sector_a
2149.67657783,1.0033822306304112,0,0.00033,sector_a
2149.67796672,1.0038479032523815,0,0.00033,sector_a
2149.67935561,1.0037402043274928,0,0.00033,sector_a
2149.6807445,1.0036240419863895,0,0.00033,sector_a
2149.68213339,1.0035737495916897,0,0.00033,sector_a
2149.68352228,1.0033435059998588,0,0.00033,sector_a
2149.68491117,1.0030527651757923,0,0.00033,sector_a
2149.68630006,1.0037546230694079,0,0.00033,sector_a
2149.68768895,1.00314841491479,0,0.00033,sector_a
2149.68907783,1.003069338415293,0,0.00033,sector_a
2149.69046672,1.003164011238463,0,0.00033,sector_a
2149.69185561,1.0034952325713304,0,0.00033,sector_a
2149.6932445,1.0036792690978793,0,0.00033,sector_a
2149.69463339,1.003550095813795,0,0.00033,sector_a
2149.69602228,1.0039194135624787,0,0.00033,sector_a
2149.69741117,1.002620880087853,0,0.00033,sector_a
2149.69880006,1.003880926058366,0,0.00033,sector_a
2149.70018895,1.0033572211373172,0,0.00033,sector_a
2149.70157783,1.0037030623968108,0,0.00033,sector_a
2149.70296672,1.0026336028516392,0,0.00033,sector_a
2149.70435561,1.003350313510512,0,0.00033,sector_a
2149.7057445,1.0042591485740517,0,0.00033,sector_a
2149.70713339,1.0032273476579494,0,0.00033,sector_a
2149.70852228,1.0038588384241485,0,0.00033,sector_a
2149.70991117,1.003407501051313,0,0.00033,sector_a
2149.71130006,1.0035450105723018,0,0.00033,sector_a
2149.71268895,1.0029999517223465,0,0.00033,sector_a
2149.71407783,1.003352339731216,0,0.00033,sector_a
2149.71546672,1.0039801423688344,0,0.00033,sector_a
2149.71685561,1.0037613275851205,0,0.00033,sector_a
2149.7182445,1.003242588194113,0,0.00033,sector_a
2149.71963339,1.0034500051379123,0,0.00033,sector_a
2149.72102228,1.0033409861982758,0,0.00033,sector_a
2149.72241117,1.0036278615096736,0,0.00033,sector_a
2149.72380006,1.0036814970639485,0,0.00033,sector_a
2149.72518895,1.0034946410594763,0,0.00033,sector_a
2149.72657783,1.0033163587842122,0,0.00033,sector_a
2149.72796672,1.0034758848298362,0,0.00033,sector_a
2149.72935561,1.0034162175907364,0,0.00033,sector_a
2149.7307445,1.0033685577405316,0,0.00033,sector_a
2149.73213339,1.0033313908909827,0,0.00033,sector_a
2149.73352228,1.0029010355235557,0,0.00033,sector_a
2149.73491117,1.003138743547836,0,0.00033,sector_a
2149.73630006,1.0030929788452976,0,0.00033,sector_a
2149.73768895,1.0034792842739515,0,0.00033,sector_a
2149.73907783,1.0032886558634155,0,0.00033,sector_a
2149.74046672,1.00345072319411,0,0.00033,sector_a
2149.74185561,1.0033272974735152,4096,0.00033,sector_a
2149.7432445,1.0029072479503123,0,0.00033,sector_a
2149.74463339,1.0032986823244767,0,0.00033,sector_a
2149.74602228,1.00320659645346,0,0.00033,sector_a
2149.74741117,1.0034837961721823,0,0.00033,sector_a
2149.74880006,1.0031159702819628,0,0.00033,sector_a
2149.75018895,1.0034963222175866,0,0.00033,sector_a
2149.75157783,1.0029399128275613,0,0.00033,sector_a
2149.75296672,1.0034144742559028,0,0.00033,sector_a
2149.75435561,1.0032597882085232,0,0.00033,sector_a
2149.7557445,1.0030803368056778,0,0.00033,sector_a
2149.75713339,1.0027867891495346,0,0.00033,sector_a
2149.75852228,1.0026558820579932,0,0.00033,sector_a
2149.75991117,1.0038540808151817,0,0.00033,sector_a
2149.76130006,1.0028345192208257,0,0.00033,sector_a
2149.76268895,1.003486533038632,0,0.00033,sector_a
2149.76407783,1.0030068000609746,0,0.00033,sector_a
2149.76546672,1.003287890395842,0,0.00033,sector_a
2149.76685561,1.003332523164954,0,0.00033,sector_a
2149.7682445,1.0030507459843452,0,0.00033,sector_a
2149.76963339,1.0033349339621598,0,0.00033,sector_a
2149.77102228,1.0028351166639282,0,0.00033,sector_a
2149.77241117,1.0034219426820499,0,0.00033,sector_a
2149.77380006,1.0035244465692719,0,0.00033,sector_a
2149.77518895,1.002960585646499,0,0.00033,sector_a
2149.77657783,1.003197777317331,0,0.00033,sector_a
2149.77796672,1.003234878308354,0,0.00033,sector_a
2149.77935561,1.0031957952562292,0,0.00033,sector_a
2149.7807445,1.003183248186972,0,0.00033,sector_a
2149.78213339,1.0029940962638952,0,0.00033,sector_a
2149.78352228,1.0031567042098202,0,0.00033,sector_a
2149.78491117,1.002896381203933,0,0.00033,sector_a
2149.78630006,1.0028912361866136,0,0.00033,sector_a
2149.78768895,1.0032812772076811,0,0.00033,sector_a
2149.78907783,1.0029053144455344,0,0.00033,sector_a
2149.79046672,1.0029178195691746,0,0.00033,sector_a
2149.79185561,1.0028929855603959,0,0.00033,sector_a
2149.7932445,1.0033329108406257,0,0.00033,sector_a
2149.79463339,1.0027044459179093,0,0.00033,sector_a
2149.79602228,1.0034805001215477,0,0.00033,sector_a
2149.79741117,1.0037201788275623,0,0.00033,sector_a
2149.79880006,1.0030614184600537,0,0.00033,sector_a
2149.80018895,1.003204389166044,0,0.00033,sector_a
2149.80157783,1.0035936135408285,0,0.00033,sector_a
2149.80296672,1.0029307833088486,0,0.00033,sector_a
2149.80435561,1.0028858363682391,0,0.00033,sector_a
2149.8057445,1.0032806532945773,0,0.00033,sector_a
2149.80713339,1.0030692003867108,0,0.00033,sector_a
2149.80852228,1.0037872667854542,0,0.00033,sector_a
2149.80991117,1.0026814118554233,0,0.00033,sector_a
2149.81130006,1.0024927008563702,0,0.00033,sector_a
2149.81268895,1.0030865106578688,0,0.00033,sector_a
2149.81407783,1.0029529246915414,0,0.00033,sector_a
2149.81546672,1.0026019161472268,0,0.00033,sector_a
2149.81685561,1.0032878931057319,0,0.00033,sector_a
2149.8182445,1.003061605961196,0,0.00033,sector_a
2149.81963339,1.0037119874021725,0,0.00033,sector_a
2149.82102228,1.0025030276742812,0,0.00033,sector_a
2149.82241117,1.0025863401304875,0,0.00033,sector_a
2149.82380006,1.0029616485761406,0,0.00033,sector_a
2149.82518895,1.0028569163712695,0,0.00033,sector_a
2149.82657783,1.0034552976885824,0,0.00033,sector_a
2149.82796672,1.0030590154868564,0,0.00033,sector_a
2149.82935561,1.0033159279683779,0,0.00033,sector_a
2149.8307445,1.0026758261619182,0,0.00033,sector_a
2149.83213339,1.0030842427646816,0,0.00033,sector_a
2149.83352228,1.0031499939648898,0,0.00033,sector_a
2149.83491117,1.003117142574842,0,0.00033,sector_a
2149.83630006,1.0030452702055233,0,0.00033,sector_a
2149.83768895,1.0029479716515506,0,0.00033,sector_a
2149.83907783,1.0037955061728607,0,0.00033,sector_a
2149.84046672,1.0030485171140593,0,0.00033,sector_a
2149.84185561,1.003040640339093,0,0.00033,sector_a
2149.8432445,1.002808051522799,2048,0.00033,sector_a
2149.84463339,1.0029539251175201,0,0.00033,sector_a
2149.84602228,1.0030919345330331,0,0.00033,sector_a
2149.84741117,1.002602377201887,0,0.00033,sector_a
2149.84880006,1.003422833581162,0,0.00033,sector_a
2149.85018895,1.0029498066899707,0,0.00033,sector_a
2149.85157783,1.0033305316069299,0,0.00033,sector_a
2149.85296672,1.0025659538123421,0,0.00033,sector_a
2149.85435561,1.0031930984287045,0,0.00033,sector_a
2149.8557445,1.0024990214313283,0,0.00033,sector_a
2149.85713339,1.0030839873796982,0,0.00033,sector_a
2149.85852228,1.0032431435664317,0,0.00033,sector_a
2149.85991117,1.0035699831580904,4096,0.00033,sector_a
2149.86130006,1.002445932378228,0,0.00033,sector_a
2149.86268895,1.0031848126842888,0,0.00033,sector_a
2149.86407783,1.003360447034611,0,0.00033,sector_a
2149.86546672,1.0025937499131117,0,0.00033,sector_a
2149.86685561,1.0024689957232087,0,0.00033,sector_a
2149.8682445,1.002590550548373,0,0.00033,sector_a
2149.86963339,1.0029515631455264,0,0.00033,sector_a
2149.87102228,1.002590212538705,0,0.00033,sector_a
2149.87241117,1.0024595977788389,0,0.00033,sector_a
2149.87380006,1.003115254122184,0,0.00033,sector_a
2149.87518895,1.0029504405202303,0,0.00033,sector_a
2149.87657783,1.0027232919720166,0,0.00033,sector_a
2149.87796672,1.002925169063212,0,0.00033,sector_a
2149.87935561,1.0022888112178072,0,0.00033,sector_a
2149.8807445,1.0026509255098364,0,0.00033,sector_a
2149.88213339,1.002876711563732,0,0.00033,sector_a
2149.88352228,1.0029144693408627,0,0.00033,sector_a
2149.88491117,1.0025061729127318,0,0.00033,sector_a
2149.88630006,1.002970366937555,0,0.00033,sector_a
2149.88768895,1.0022150031842985,0,0.00033,sector_a
2149.88907783,1.0026266108450557,0,0.00033,sector_a
2149.89046672,1.0025104400663174,0,0.00033,sector_a
2149.89185561,1.0031983409278369,0,0.00033,sector_a
2149.8932445,1.003512888934181,0,0.00033,sector_a
2149.89463339,1.0028831427452187,0,0.00033,sector_a
2149.89602228,1.002187604318986,0,0.00033,sector_a
2149.89741117,1.0022510525030421,0,0.00033,sector_a
2149.89880006,1.0030058241045332,0,0.00033,sector_a
2149.90018895,1.003309117979445,0,0.00033,sector_a
2149.90157783,1.002614713075856,0,0.00033,sector_a
2149.90296672,1.002857182554921,0,0.00033,sector_a
2149.90435561,1.002338017615793,0,0.00033,sector_a
2149.9057445,1.0022988915360564,0,0.00033,sector_a
2149.90713339,1.0030507797807535,0,0.00033,sector_a
2149.90852228,1.0032257990389626,0,0.00033,sector_a
2149.90991117,1.002830752267333,0,0.00033,sector_a
2149.91130006,1.0027765666101152,0,0.00033,sector_a
2149.91268895,1.0027417757826071,0,0.00033,sector_a
2149.91407783,1.002585414976541,0,0.00033,sector_a
2149.91546672,1.0025928080112967,0,0.00033,sector_a
2149.91685561,1.0031020173949108,0,0.00033,sector_a
2149.9182445,1.0028253034830557,0,0.00033,sector_a
2149.91963339,1.0027773731938434,0,0.00033,sector_a
2149.92102228,1.0027501832023769,0,0.00033,sector_a
2149.92241117,1.0023783655411191,0,0.00033,sector_a
2149.92380006,1.002522351039322,0,0.00033,sector_a
2149.92518895,1.0027555302035607,0,0.00033,sector_a
2149.92657783,1.0024896866231596,0,0.00033,sector_a
2149.92796672,1.0022019874645445,0,0.00033,sector_a
2149.92935561,1.0028565667418032,0,0.00033,sector_a
2149.9307445,1.002727404258847,0,0.00033,sector_a
2149.93213339,1.002398515293881,0,0.00033,sector_a
2149.93352228,1.0025693061247358,2048,0.00033,sector_a
2149.93491117,1.0028488460111045,0,0.00033,sector_a
2149.93630006,1.0026396575905692,0,0.00033,sector_a
2149.93768895,1.0028121014439202,0,0.00033,sector_a
2149.93907783,1.0026858495439417,0,0.00033,sector_a
2149.94046672,1.002803610137444,0,0.00033,sector_a
2149.94185561,1.002715173426114,0,0.00033,sector_a
2149.9432445,1.0027583391186294,0,0.00033,sector_a
2149.94463339,1.0028743092094898,0,0.00033,sector_a
2149.94602228,1.002899931903404,0,0.00033,sector_a
2149.94741117,1.0030978364431264,0,0.00033,sector_a
2149.94880006,1.0030970501542185,0,0.00033,sector_a
2149.95018895,1.002517975792976,0,0.00033,sector_a
2149.95157783,1.0019953023184516,0,0.00033,sector_a
2149.95296672,1.0025511287135445,0,0.00033,sector_a
2149.95435561,1.0029442955334056,0,0.00033,sector_a
2149.9557445,1.002604583472866,0,0.00033,sector_a
2149.95713339,1.0023771841580906,0,0.00033,sector_a
2149.95852228,1.0020740488033204,4096,0.00033,sector_a
2149.95991117,1.0023943828026427,0,0.00033,sector_a
2149.96130006,1.002659881330785,0,0.00033,sector_a
2149.96268895,1.002747351222835,0,0.00033,sector_a
2149.96407783,1.0023921003315284,0,0.00033,sector_a
2149.96546672,1.002127493066564,0,0.00033,sector_a
2149.96685561,1.0028922954545605,0,0.00033,sector_a
2149.9682445,1.001962570960255,0,0.00033,sector_a
2149.96963339,1.0030853584636676,0,0.00033,sector_a
2149.97102228,1.002564373204163,0,0.00033,sector_a
2149.97241117,1.0023967136332341,0,0.00033,sector_a
2149.97380006,1.0022458824232054,0,0.00033,sector_a
2149.97518895,1.0025416215593064,0,0.00033,sector_a
2149.97657783,1.002213506747529,0,0.00033,sector_a
2149.97796672,1.0026230844094592,0,0.00033,sector_a
2149.97935561,1.0023186634542012,0,0.00033,sector_a
2149.9807445,1.0026645063504978,0,0.00033,sector_a
2149.98213339,1.002220884953614,0,0.00033,sector_a
2149.98352228,1.0020989345325118,0,0.00033,sector_a
2149.98491117,1.002054234394599,0,0.00033,sector_a
2149.98630006,1.0028858993208618,0,0.00033,sector_a
2149.98768895,1.0024903843214419,0,0.00033,sector_a
2149.98907783,1.0024447663243004,0,0.00033,sector_a
2149.99046672,1.0029695787664237,0,0.00033,sector_a
2149.99185561,1.0021915351350952,0,0.00033,sector_a
2149.9932445,1.0026635106711868,0,0.00033,sector_a
2149.99463339,1.0025651542509058,0,0.00033,sector_a
2149.99602228,1.0025554265486842,0,0.00033,sector_a
2149.99741117,1.002700496367182,0,0.00033,sector_a
2149.99880006,1.0026331656350922,0,0.00033,sector_a
2150.00018895,1.002981504462371,0,0.00033,sector_a
2150.00157783,1.002249015371617,4096,0.00033,sector_a
2150.00296672,1.0019996478056963,0,0.00033,sector_a
2150.00435561,1.0025357416409901,0,0.00033,sector_a
2150.0057445,1.0021584544042015,0,0.00033,sector_a
2150.00713339,1.0027178912650214,0,0.00033,sector_a
2150.00852228,1.0023229380099152,0,0.00033,sector_a
2150.00991117,1.0027292634397018,0,0.00033,sector_a
2150.01130006,1.0030087834031198,0,0.00033,sector_a
2150.01268895,1.0024444467611502,0,0.00033,sector_a
2150.01407783,1.0023668436035473,0,0.00033,sector_a
2150.01546672,1.002283030168091,0,0.00033,sector_a
2150.01685561,1.0024548476606607,0,0.00033,sector_a
2150.0182445,1.0021568300319763,0,0.00033,sector_a
2150.01963339,1.0026095872288816,0,0.00033,sector_a
2150.02102228,1.0027045957478913,0,0.00033,sector_a
2150.02241117,1.0020550361804355,0,0.00033,sector_a
2150.02380006,1.0030798848799458,0,0.00033,sector_a
2150.02518895,1.0022425604432064,0,0.00033,sector_a
2150.02657783,1.0024291679715143,0,0.00033,sector_a
2150.02796672,1.0024385078128863,0,0.00033,sector_a
2150.02935561,1.0021037607453402,0,0.00033,sector_a
2150.0307445,1.0029004075227033,0,0.00033,sector_a
2150.03213339,1.0016635706311738,0,0.00033,sector_a
2150.03352228,1.0021651485137053,0,0.00033,sector_a
2150.03491117,1.0018593475744817,0,0.00033,sector_a
2150.03630006,1.0023492398976637,0,0.00033,sector_a
2150.03768895,1.00265644148917,2048,0.00033,sector_a
2150.03907783,1.002566124805719,0,0.00033,sector_a
2150.04046672,1.0018958516510033,0,0.00033,sector_a
2150.04185561,1.0022077696775382,0,0.00033,sector_a
2150.0432445,1.0021742852351152,0,0.00033,sector_a
2150.04463339,1.0021764729351066,0,0.00033,sector_a
2150.04602228,1.001841353820551,0,0.00033,sector_a
2150.04741117,1.0023958202144252,0,0.00033,sector_a
2150.04880006,1.0015143870949061,0,0.00033,sector_a
2150.05018895,1.0029409350269933,0,0.00033,sector_a
2150.05157783,1.0022843523884364,0,0.00033,sector_a
2150.05296672,1.0021119146034387,0,0.00033,sector_a
2150.05435561,1.0020238321309618,0,0.00033,sector_a
2150.0557445,1.0026563774589468,0,0.00033,sector_a
2150.05713339,1.0021292686446808,0,0.00033,sector_a
2150.05852228,1.0026013061457737,0,0.00033,sector_a
2150.05991117,1.0019268306182392,0,0.00033,sector_a
2150.06130006,1.0021562488800015,0,0.00033,sector_a
2150.06268895,1.002050969860558,0,0.00033,sector_a
2150.06407783,1.002287922731193,0,0.00033,sector_a
2150.06546672,1.0024909823874892,0,0.00033,sector_a
2150.06685561,1.00181941721655,0,0.00033,sector_a
2150.0682445,1.0025628243625164,0,0.00033,sector_a
2150.06963339,1.0019833151945927,0,0.00033,sector_a
2150.07102228,1.0022833567883767,0,0.00033,sector_a
2150.07241117,1.0017130566521424,0,0.00033,sector_a
2150.07380006,1.0020718447100045,0,0.00033,sector_a
2150.07518895,1.0020433802244764,0,0.00033,sector_a
2150.07657783,1.002198218906298,0,0.00033,sector_a
2150.07796672,1.0026734667529966,0,0.00033,sector_a
2150.07935561,1.00239609338364,0,0.00033,sector_a
2150.0807445,1.0022233369748175,0,0.00033,sector_a
2150.08213339,1.002325017792716,0,0.00033,sector_a
2150.08352228,1.002250871884195,0,0.00033,sector_a
2150.08491117,1.0020332462617352,0,0.00033,sector_a
2150.08630006,1.0022000629952321,0,0.00033,sector_a
2150.08768895,1.002669730971966,0,0.00033,sector_a
2150.08907783,1.0023399560089072,0,0.00033,sector_a
2150.09046672,1.0022452126627168,0,0.00033,sector_a
2150.09185561,1.002609183087832,0,0.00033,sector_a
2150.0932445,1.0018778567412507,0,0.00033,sector_a
2150.09463339,1.001988684707706,0,0.00033,sector_a
2150.09602228,1.001707338130754,0,0.00033,sector_a
2150.09741117,1.002225588563894,0,0.00033,sector_a
2150.09880006,1.0021035743783302,0,0.00033,sector_a
2150.10018895,1.0016494575665094,0,0.00033,sector_a
2150.10157783,1.0019188945487139,0,0.00033,sector_a
2150.10296672,1.0019858069985332,0,0.00033,sector_a
2150.10435561,1.0018956156573477,0,0.00033,sector_a
2150.1057445,1.002677141120815,0,0.00033,sector_a
2150.10713339,1.002210614215234,0,0.00033,sector_a
2150.10852228,1.0021071415419676,0,0.00033,sector_a
2150.10991117,1.0023269852849297,0,0.00033,sector_a
2150.11130006,1.0023514127160735,0,0.00033,sector_a
2150.11268895,1.0015561819232515,0,0.00033,sector_a
2150.11407783,1.0017444209199307,0,0.00033,sector_a
2150.11546672,1.002011265695042,0,0.00033,sector_a
2150.11685561,1.001244643424317,0,0.00033,sector_a
2150.1182445,1.0020844606271,0,0.00033,sector_a
2150.11963339,1.0019044583543177,0,0.00033,sector_a
2150.12102228,1.001784364833521,0,0.00033,sector_a
2150.12241117,1.002014809179318,0,0.00033,sector_a
2150.12380006,1.0022749509216673,0,0.00033,sector_a
2150.12518895,1.002186334503458,0,0.00033,sector_a
2150.12657783,1.0019648035366016,0,0.00033,sector_a
2150.12796672,1.002008035729757,0,0.00033,sector_a
2150.12935561,1.0022147869368867,0,0.00033,sector_a
2150.1307445,1.0017734588309406,0,0.00033,sector_a
2150.13213339,1.0021489745712986,0,0.00033,sector_a
2150.13352228,1.001773619438998,0,0.00033,sector_a
2150.13491117,1.001924666122771,0,0.00033,sector_a
2150.13630006,1.002150196077934,0,0.00033,sector_a
2150.13768895,1.0019377024248275,0,0.00033,sector_a
2150.13907783,1.0015079807052967,0,0.00033,sector_a
2150.14046672,1.0019273560392457,0,0.00033,sector_a
2150.14185561,1.0015353713144572,0,0.00033,sector_a
2150.1432445,1.0017226177299994,0,0.00033,sector_a
2150.14463339,1.001778380215078,0,0.00033,sector_a
2150.14602228,1.0019498277433723,0,0.00033,sector_a
2150.14741117,1.0017050585663565,0,0.00033,sector_a
2150.14880006,1.0023940845080264,0,0.00033,sector_a
2150.15018895,1.002013745336178,0,0.00033,sector_a
2150.15157783,1.0020710134129165,0,0.00033,sector_a
2150.15296672,1.001946679329878,0,0.00033,sector_a
2150.15435561,1.0020415698121847,0,0.00033,sector_a
2150.1557445,1.001619549223358,0,0.00033,sector_a
2150.15713339,1.001755799882449,0,0.00033,sector_a
2150.15852228,1.0022433432352504,0,0.00033,sector_a
2150.15991117,1.0021945213737544,0,0.00033,sector_a
2150.16130006,1.0019814428880522,0,0.00033,sector_a
2150.16268895,1.002417552922602,0,0.00033,sector_a
2150.16407783,1.0015029703185707,0,0.00033,sector_a
2150.16546672,1.0014404479737224,0,0.00033,sector_a
2150.16685561,1.001530479779803,0,0.00033,sector_a
2150.1682445,1.0020603812397024,0,0.00033,sector_a
2150.16963339,1.0012389621326214,0,0.00033,sector_a
2150.17102228,1.0020358842011752,0,0.00033,sector_a
2150.17241117,1.001620274873964,0,0.00033,sector_a
2150.17380006,1.0020994092517084,0,0.00033,sector_a
2150.17518895,1.002159445514217,0,0.00033,sector_a
2150.17657783,1.0018703273101242,0,0.00033,sector_a
2150.17796672,1.0014683148048618,0,0.00033,sector_a
2150.17935561,1.0015107569375201,0,0.00033,sector_a
2150.1807445,1.0022231040652696,0,0.00033,sector_a
2150.18213339,1.0020708379652365,0,0.00033,sector_a
2150.18352228,1.0017580642156563,0,0.00033,sector_a
2150.18491117,1.0018545488968256,0,0.00033,sector_a
2150.18630006,1.0023621458322478,0,0.00033,sector_a
2150.18768895,1.0019406726095437,0,0.00033,sector_a
2150.18907783,1.002270253759543,2048,0.00033,sector_a
2150.19046672,1.0016884547050455,0,0.00033,sector_a
2150.19185561,1.001655557473673,0,0.00033,sector_a
2150.1932445,1.0016550012246919,0,0.00033,sector_a
2150.19463339,1.001738835432897,0,0.00033,sector_a
2150.19602228,1.0021857619230161,0,0.00033,sector_a
2150.19741117,1.0014515801302257,0,0.00033,sector_a
2150.19880006,1.0021652193355703,0,0.00033,sector_a
2150.20018895,1.0015474264685353,0,0.00033,sector_a
2150.20157783,1.0019744795566652,0,0.00033,sector_a
2150.20296672,1.0014926174535563,0,0.00033,sector_a
2150.20435561,1.0017088372375966,0,0.00033,sector_a
2150.2057445,1.0026399461147724,0,0.00033,sector_a
2150.20713339,1.001546605534369,0,0.00033,sector_a
2150.20852228,1.0018204864027949,0,0.00033,sector_a
2150.20991117,1.0016720653110645,0,0.00033,sector_a
2150.21130006,1.0011435760829763,0,0.00033,sector_a
2150.21268895,1.001958045476783,0,0.00033,sector_a
2150.21407783,1.0015817795215287,0,0.00033,sector_a
2150.21546672,1.0013150934964488,0,0.00033,sector_a
2150.21685561,1.0015610529407017,0,0.00033,sector_a
2150.2182445,1.0020266533419377,0,0.00033,sector_a
2150.21963339,1.0010965672200665,0,0.00033,sector_a
2150.22102228,1.0020733405790399,0,0.00033,sector_a
2150.22241117,1.0011157847877308,0,0.00033,sector_a
2150.22380006,1.0018878625159775,0,0.00033,sector_a
2150.22518895,1.001397820428328,0,0.00033,sector_a
2150.22657783,1.0012635933307104,0,0.00033,sector_a
2150.22796672,1.002295258354894,0,0.00033,sector_a
2150.22935561,1.0017385340117515,0,0.00033,sector_a
2150.2307445,1.0017954747629563,0,0.00033,sector_a
2150.23213339,1.0013381395072487,0,0.00033,sector_a
2150.23352228,1.0020568290534644,0,0.00033,sector_a
2150.23491117,1.0019741308423207,0,0.00033,sector_a
2150.23630006,1.0017143692640098,0,0.00033,sector_a
2150.23768895,1.001498537352243,0,0.00033,sector_a
2150.23907783,1.0018957959113937,0,0.00033,sector_a
2150.24046672,1.001445422266928,0,0.00033,sector_a
2150.24185561,1.001915425914021,0,0.00033,sector_a
2150.2432445,1.00189930636087,0,0.00033,sector_a
2150.24463339,1.0019527137302162,0,0.00033,sector_a
2150.24602228,1.0009753903048422,0,0.00033,sector_a
2150.24741117,1.0017376326291767,0,0.00033,sector_a
2150.24880006,1.0015464855651137,0,0.00033,sector_a
2150.25018895,1.0014225618366746,0,0.00033,sector_a
2150.25157783,1.0018857700972172,0,0.00033,sector_a
2150.25296672,1.0014252674795716,0,0.00033,sector_a
2150.25435561,1.0016004269831318,0,0.00033,sector_a
2150.2557445,1.0017586699797143,0,0.00033,sector_a
2150.25713339,1.0015560825881715,0,0.00033,sector_a
2150.25852228,1.0020569413918199,0,0.00033,sector_a
2150.25991117,1.0017453889768257,0,0.00033,sector_a
2150.26130006,1.001930732613983,0,0.00033,sector_a
2150.26268895,1.001194236756568,0,0.00033,sector_a
2150.26407783,1.0018283715192706,0,0.00033,sector_a
2150.26546672,1.0016150082965547,0,0.00033,sector_a
2150.26685561,1.0020006582675844,0,0.00033,sector_a
2150.2682445,1.0015323485060963,0,0.00033,sector_a
2150.26963339,1.0017386500093455,0,0.00033,sector_a
2150.27102228,1.0013393066893888,0,0.00033,sector_a
2150.27241117,1.0014260831097748,0,0.00033,sector_a
2150.27380006,1.0012788244677067,0,0.00033,sector_a
2150.27518895,1.0021379112094475,0,0.00033,sector_a
2150.27657783,1.0013887856461516,0,0.00033,sector_a
2150.27796672,1.0015673900984228,4096,0.00033,sector_a
2150.27935561,1.0015077650118256,0,0.00033,sector_a
2150.2807445,1.0014983627046248,0,0.00033,sector_a
2150.28213339,1.0017741695337048,0,0.00033,sector_a
2150.28352228,1.0016634048651507,0,0.00033,sector_a
2150.28491117,1.0015074125111731,0,0.00033,sector_a
2150.28630006,1.001579405007882,0,0.00033,sector_a
2150.28768895,1.0019501163971882,0,0.00033,sector_a
2150.28907783,1.0013257020855733,0,0.00033,sector_a
2150.29046672,1.0011314610513145,0,0.00033,sector_a
2150.29185561,1.001344119367831,0,0.00033,sector_a
2150.2932445,1.0017096391862859,0,0.00033,sector_a
2150.29463339,1.001806515438794,0,0.00033,sector_a
2150.29602228,1.0012823690169754,0,0.00033,sector_a
2150.29741117,1.001605466097139,0,0.00033,sector_a
2150.29880006,1.0013070185265007,0,0.00033,sector_a
2150.30018895,1.0016510320234477,0,0.00033,sector_a
2150.30157783,1.0012897886866228,0,0.00033,sector_a
2150.30296672,1.0016252819518656,0,0.00033,sector_a
2150.30435561,1.001459225766308,0,0.00033,sector_a
2150.3057445,1.0009423843242922,0,0.00033,sector_a
2150.30713339,1.0013650298322008,0,0.00033,sector_a
2150.30852228,1.00128518447371,0,0.00033,sector_a
2150.30991117,1.0021477229504132,0,0.00033,sector_a
2150.31130006,1.0012960399061341,0,0.00033,sector_a
2150.31268895,1.0016820653008502,0,0.00033,sector_a
2150.31407783,1.0010670556253516,0,0.00033,sector_a
2150.31546672,1.0021730090385168,0,0.00033,sector_a
2150.31685561,1.0017763645876956,0,0.00033,sector_a
2150.3182445,1.0013633758378615,0,0.00033,sector_a
2150.31963339,1.001114490464369,0,0.00033,sector_a
2150.32102228,1.0013150940837854,2048,0.00033,sector_a
2150.32241117,1.0010771613571785,0,0.00033,sector_a
2150.32380006,1.0016487068541007,0,0.00033,sector_a
2150.32518895,1.0007700358396512,0,0.00033,sector_a
2150.32657783,1.0015256863553683,0,0.00033,sector_a
2150.32796672,1.0020108983487155,0,0.00033,sector_a
2150.32935561,1.0016343239603276,0,0.00033,sector_a
2150.3307445,1.001915716720212,0,0.00033,sector_a
2150.33213339,1.0014986152410041,0,0.00033,sector_a
2150.33352228,1.0013790377590144,0,0.00033,sector_a
2150.33491117,1.0013237735541791,0,0.00033,sector_a
2150.33630006,1.0012389055581745,0,0.00033,sector_a
2150.33768895,1.0019841496286597,0,0.00033,sector_a
2150.33907783,1.0011939767800762,0,0.00033,sector_a
2150.34046672,1.001122317603564,0,0.00033,sector_a
2150.34185561,1.0015081359681401,0,0.00033,sector_a
2150.3432445,1.0013697078427624,0,0.00033,sector_a
2150.34463339,1.0016939042522424,0,0.00033,sector_a
2150.34602228,1.0016874455861147,0,0.00033,sector_a
2150.34741117,1.002096637714971,0,0.00033,sector_a
2150.34880006,1.0004614672977905,0,0.00033,sector_a
2150.35018895,1.0014707454798804,0,0.00033,sector_a
2150.35157783,1.0013068157437686,0,0.00033,sector_a
2150.35296672,1.001220450902253,0,0.00033,sector_a
2150.35435561,1.0014154093965495,0,0.00033,sector_a
2150.3557445,1.0013848470211635,0,0.00033,sector_a
2150.35713339,1.0014541082220931,0,0.00033,sector_a
2150.35852228,1.0014142898299654,2048,0.00033,sector_a
2150.35991117,1.00177802248651,0,0.00033,sector_a
2150.36130006,1.0019900842423173,0,0.00033,sector_a
2150.36268895,1.0011150902676882,0,0.00033,sector_a
2150.36407783,1.0013469615494848,0,0.00033,sector_a
2150.36546672,1.0014864555640435,0,0.00033,sector_a
2150.36685561,1.001302855295134,0,0.00033,sector_a
2150.3682445,1.0010849663369772,0,0.00033,sector_a
2150.36963339,1.001387886367402,0,0.00033,sector_a
2150.37102228,1.0008523563088954,0,0.00033,sector_a
2150.37241117,1.0014983520552052,0,0.00033,sector_a
2150.37380006,1.0009315104991807,0,0.00033,sector_a
2150.37518895,1.0010618078557525,0,0.00033,sector_a
2150.37657783,1.0012544640588437,0,0.00033,sector_a
2150.37796672,1.0018611303025027,0,0.00033,sector_a
2150.37935561,1.0017718659609565,0,0.00033,sector_a
2150.3807445,1.0014770444817558,0,0.00033,sector_a
2150.38213339,1.0017254789736303,0,0.00033,sector_a
2150.38352228,1.0014888816983711,0,0.00033,sector_a
2150.38491117,1.0010640642861015,0,0.00033,sector_a
2150.38630006,1.0012589722799363,0,0.00033,sector_a
2150.38768895,1.0012516100284763,0,0.00033,sector_a
2150.38907783,1.0011005310480998,0,0.00033,sector_a
2150.39046672,1.0014647171847257,0,0.00033,sector_a
2150.39185561,1.0011384185264556,0,0.00033,sector_a
2150.3932445,1.0010661527484814,0,0.00033,sector_a
2150.39463339,1.0012026961381204,0,0.00033,sector_a
2150.39602228,1.00125272419247,0,0.00033,sector_a
2150.39741117,1.0008805125122662,0,0.00033,sector_a
2150.39880006,1.00156379042848,0,0.00033,sector_a
2150.40018895,1.001413405327726,0,0.00033,sector_a
2150.40157783,1.000712142977732,0,0.00033,sector_a
2150.40296672,1.0010689910431547,0,0.00033,sector_a
2150.40435561,1.0018685844736874,0,0.00033,sector_a
2150.4057445,1.0008470285871647,0,0.00033,sector_a
2150.40713339,1.0013025985206467,0,0.00033,sector_a
2150.40852228,1.0015239830367657,0,0.00033,sector_a
2150.40991117,1.0007779648010113,0,0.00033,sector_a
2150.41130006,1.0015882273573455,0,0.00033,sector_a
2150.41268895,1.001217740114855,0,0.00033,sector_a
2150.41407783,1.001307791611735,0,0.00033,sector_a
2150.41546672,1.001151970765195,0,0.00033,sector_a
2150.41685561,1.00152636726159,0,0.00033,sector_a
2150.4182445,1.0015562088560466,0,0.00033,sector_a
2150.41963339,1.0017018762955698,0,0.00033,sector_a
2150.42102228,1.0011179753434554,0,0.00033,sector_a
2150.42241117,1.0010891902334014,0,0.00033,sector_a
2150.42380006,1.001356883149453,0,0.00033,sector_a
2150.42518895,1.001029362036506,0,0.00033,sector_a
2150.42657783,1.0012850400131714,0,0.00033,sector_a
2150.42796672,1.000865859106891,0,0.00033,sector_a
2150.42935561,1.0009625670303932,0,0.00033,sector_a
2150.4307445,1.0012194792604852,0,0.00033,sector_a
2150.43213339,1.0011800551265506,0,0.00033,sector_a
2150.43352228,1.0006952175168977,0,0.00033,sector_a
2150.43491117,1.0006954452524819,0,0.00033,sector_a
2150.43630006,1.0013972107917304,0,0.00033,sector_a
2150.43768895,1.001100854678391,0,0.00033,sector_a
2150.43907783,1.0012684717551648,0,0.00033,sector_a
2150.44046672,1.0011388877297238,0,0.00033,sector_a
2150.44185561,1.0004679791364046,0,0.00033,sector_a
2150.4432445,1.0011691221547807,0,0.00033,sector_a
2150.44463339,1.0021595837558963,0,0.00033,sector_a
2150.44602228,1.0011185688026978,0,0.00033,sector_a
2150.44741117,1.000827001719321,0,0.00033,sector_a
2150.44880006,1.000746077145989,0,0.00033,sector_a
2150.45018895,1.001198929420437,0,0.00033,sector_a
2150.45157783,1.001509657357858,0,0.00033,sector_a
2150.45296672,1.0007295814926431,0,0.00033,sector_a
2150.45435561,1.0015217584621887,0,0.00033,sector_a
2150.4557445,1.0015337685228614,0,0.00033,sector_a
2150.45713339,1.0010862152300422,0,0.00033,sector_a
2150.45852228,1.001748214578911,0,0.00033,sector_a
2150.45991117,1.0009377249179303,0,0.00033,sector_a
2150.46130006,1.0008833392212635,0,0.00033,sector_a
2150.46268895,1.0010989698012738,0,0.00033,sector_a
2150.46407783,1.0013710914924665,0,0.00033,sector_a
2150.46546672,1.0010143607129864,0,0.00033,sector_a
2150.46685561,1.0010011004394574,0,0.00033,sector_a
2150.4682445,1.0013415536971453,0,0.00033,sector_a
2150.46963339,1.0007410595533976,0,0.00033,sector_a
2150.47102228,1.0009338484899386,0,0.00033,sector_a
2150.47241117,1.0016367419727512,0,0.00033,sector_a
2150.47380006,1.0009417292787912,0,0.00033,sector_a
2150.47518895,1.0011749220442538,0,0.00033,sector_a
2150.47657783,1.0009716662202008,0,0.00033,sector_a
2150.47796672,1.0011774345637066,0,0.00033,sector_a
2150.47935561,1.0009959263504147,0,0.00033,sector_a
2150.4807445,1.0009816429608882,0,0.00033,sector_a
2150.48213339,1.0006617303554455,0,0.00033,sector_a
2150.48352228,1.0012261384843246,0,0.00033,sector_a
2150.48491117,1.001323263513684,0,0.00033,sector_a
2150.48630006,1.001001776746043,0,0.00033,sector_a
2150.48768895,1.0011690857794853,0,0.00033,sector_a
2150.48907783,1.001200279708855,0,0.00033,sector_a
2150.49046672,1.0010175624447488,0,0.00033,sector_a
2150.49185561,1.0013195374257815,0,0.00033,sector_a
2150.4932445,1.0009149702060272,0,0.00033,sector_a
2150.49463339,1.001191537904679,0,0.00033,sector_a
2150.49602228,1.000955129353878,0,0.00033,sector_a
2150.49741117,1.0005728667812026,0,0.00033,sector_a
2150.49880006,1.0004292019215462,0,0.00033,sector_a
2150.50018895,1.0008573333569128,0,0.00033,sector_a
2150.50157783,1.0004845639893374,0,0.00033,sector_a
2150.50296672,1.0009034688581302,0,0.00033,sector_a
2150.50435561,1.0010690882766171,0,0.00033,sector_a
2150.5057445,1.0007165755130232,0,0.00033,sector_a
2150.50713339,1.0007028350420155,0,0.00033,sector_a
2150.50852228,1.001522070112861,0,0.00033,sector_a
2150.50991117,1.0009923203325952,0,0.00033,sector_a
2150.51130006,1.0009370999767981,0,0.00033,sector_a
2150.51268895,1.001003890367535,0,0.00033,sector_a
2150.51407783,1.0007080449524188,0,0.00033,sector_a
2150.51546672,1.0003859364748886,0,0.00033,sector_a
2150.51685561,1.0012623595991834,0,0.00033,sector_a
2150.5182445,1.0003465081263878,0,0.00033,sector_a
2150.51963339,1.0008058256692298,0,0.00033,sector_a
2150.52102228,1.0010200701882568,0,0.00033,sector_a
2150.52241117,1.0010604138462003,0,0.00033,sector_a
2150.52380006,1.0009273226475073,0,0.00033,sector_a
2150.52518895,1.0003358426183904,0,0.00033,sector_a
2150.52657783,1.0010010839571877,0,0.00033,sector_a
2150.52796672,1.001183914939099,0,0.00033,sector_a
2150.52935561,1.0006800871999222,0,0.00033,sector_a
2150.5307445,1.0008558657906217,0,0.00033,sector_a
2150.53213339,1.0012349245962304,0,0.00033,sector_a
2150.53352228,1.000739628199925,0,0.00033,sector_a
2150.53491117,1.0009930910060736,0,0.00033,sector_a
2150.53630006,1.0007375953640023,0,0.00033,sector_a
2150.53768895,1.00102015106761,0,0.00033,sector_a
2150.53907783,1.0011758790498377,0,0.00033,sector_a
2150.54046672,1.0008455476427476,0,0.00033,sector_a
2150.54185561,1.0005278104544815,0,0.00033,sector_a
2150.5432445,1.000754555314324,0,0.00033,sector_a
2150.54463339,1.000859332268054,0,0.00033,sector_a
2150.54602228,1.0008191118413392,0,0.00033,sector_a
2150.54741117,1.0008025246386352,0,0.00033,sector_a
2150.54880006,1.001194287632122,0,0.00033,sector_a
2150.55018895,1.0009044856273568,0,0.00033,sector_a
2150.55157783,1.0010476149655718,0,0.00033,sector_a
2150.55296672,1.0011099973816255,0,0.00033,sector_a
2150.55435561,1.001185480876467,0,0.00033,sector_a
2150.5557445,1.0009808125200157,0,0.00033,sector_a
2150.55713339,1.0009079731730308,0,0.00033,sector_a
2150.55852228,1.0009636632226355,0,0.00033,sector_a
2150.55991117,1.0011199322170272,0,0.00033,sector_a
2150.56130006,1.0008835953218758,0,0.00033,sector_a
2150.56268895,1.0004504134917622,0,0.00033,sector_a
2150.56407783,1.0013219467240893,0,0.00033,sector_a
2150.56546672,1.00080426603071,0,0.00033,sector_a
2150.56685561,1.0011377505185464,0,0.00033,sector_a
2150.5682445,1.0004218109337806,0,0.00033,sector_a
2150.56963339,1.0009298313601687,0,0.00033,sector_a
2150.57102228,1.0004132653742468,0,0.00033,sector_a
2150.57241117,1.0009247323914143,0,0.00033,sector_a
2150.57380006,1.0010278732506337,0,0.00033,sector_a
2150.57518895,1.0008341984180322,0,0.00033,sector_a
2150.57657783,1.0006017711641961,0,0.00033,sector_a
2150.57796672,1.0013369971168538,0,0.00033,sector_a
2150.57935561,1.0009494708503448,0,0.00033,sector_a
2150.5807445,1.0004152708736966,0,0.00033,sector_a
2150.58213339,1.0005932325072568,0,0.00033,sector_a
2150.58352228,1.001406514336094,0,0.00033,sector_a
2150.58491117,1.0004333312454483,0,0.00033,sector_a
2150.58630006,1.0003146851278553,0,0.00033,sector_a
2150.58768895,1.0013776094010245,0,0.00033,sector_a
2150.58907783,1.000863007472513,0,0.00033,sector_a
2150.59046672,1.001459989292185,0,0.00033,sector_a
2150.59185561,1.0006725859936263,0,0.00033,sector_a
2150.5932445,1.0009366424798485,0,0.00033,sector_a
2150.59463339,1.001011534649939,0,0.00033,sector_a
2150.59602228,1.0008901166472788,0,0.00033,sector_a
2150.59741117,1.0005828442554932,0,0.00033,sector_a
2150.59880006,1.001111095795197,0,0.00033,sector_a
2150.60018895,1.0010593644567847,0,0.00033,sector_a
2150.60157783,1.001009397529084,0,0.00033,sector_a
2150.60296672,1.000656329966577,0,0.00033,sector_a
2150.60435561,1.0006636996952643,0,0.00033,sector_a
2150.6057445,1.0004465513804017,0,0.00033,sector_a
2150.60713339,1.0005845532827247,0,0.00033,sector_a
2150.60852228,1.000669087072014,0,0.00033,sector_a
2150.60991117,1.0011485491292083,0,0.00033,sector_a
2150.61130006,1.0008515489098428,0,0.00033,sector_a
2150.61268895,1.0008859013463554,0,0.00033,sector_a
2150.61407783,1.001163130019684,0,0.00033,sector_a
2150.61546672,1.0004923226600428,0,0.00033,sector_a
2150.61685561,1.0014128590436158,0,0.00033,sector_a
2150.6182445,1.0008994726967044,0,0.00033,sector_a
2150.61963339,1.0013622586523594,0,0.00033,sector_a
2150.62102228,1.001149694230938,0,0.00033,sector_a
2150.62241117,1.000602474265937,0,0.00033,sector_a
2150.62380006,1.000819426891424,0,0.00033,sector_a
2150.62518895,1.0003200872437041,0,0.00033,sector_a
2150.62657783,1.000642473403135,0,0.00033,sector_a
2150.62796672,1.0011241021907498,0,0.00033,sector_a
2150.62935561,1.0009451013702,0,0.00033,sector_a
2150.6307445,1.0005037522632774,0,0.00033,sector_a
2150.63213339,1.0009207463146412,0,0.00033,sector_a
2150.63352228,1.000662671126979,0,0.00033,sector_a
2150.63491117,1.0005659517142977,0,0.00033,sector_a
2150.63630006,1.0007745911169603,0,0.00033,sector_a
2150.63768895,1.0008125936498369,0,0.00033,sector_a
2150.63907783,1.0004707609112995,0,0.00033,sector_a
2150.64046672,1.000923042752688,0,0.00033,sector_a
2150.64185561,1.0006254459103558,0,0.00033,sector_a
2150.6432445,1.0006562366001273,0,0.00033,sector_a
2150.64463339,1.0001646766848318,0,0.00033,sector_a
2150.64602228,1.0008142043305854,0,0.00033,sector_a
2150.64741117,1.001092757733273,0,0.00033,sector_a
2150.64880006,1.0008905577463278,0,0.00033,sector_a
2150.65018895,1.000502128307957,0,0.00033,sector_a
2150.65157783,1.0009678723964281,0,0.00033,sector_a
2150.65296672,1.0002974723792215,0,0.00033,sector_a
2150.65435561,1.0009928139995268,0,0.00033,sector_a
2150.6557445,1.0009243496336169,0,0.00033,sector_a
2150.65713339,1.0002486730962525,0,0.00033,sector_a
2150.65852228,1.000956579620223,0,0.00033,sector_a
2150.65991117,1.0006005045014192,0,0.00033,sector_a
2150.66130006,1.0004792430534186,0,0.00033,sector_a
2150.66268895,1.000860714947275,0,0.00033,sector_a
2150.66407783,1.0006297640019164,0,0.00033,sector_a
2150.66546672,1.0001218532347957,0,0.00033,sector_a
2150.66685561,1.0005754569082825,0,0.00033,sector_a
2150.6682445,1.0007579430512388,0,0.00033,sector_a
2150.66963339,1.000513118883757,2048,0.00033,sector_a
2150.67102228,1.0008607163972183,0,0.00033,sector_a
2150.67241117,1.000903223689623,0,0.00033,sector_a
2150.67380006,1.0008329238588745,0,0.00033,sector_a
2150.67518895,1.0002327863825036,0,0.00033,sector_a
2150.67657783,1.0007622383647055,0,0.00033,sector_a
2150.67796672,1.0005817775267436,0,0.00033,sector_a
2150.67935561,1.0004827341172005,0,0.00033,sector_a
2150.6807445,1.0006357517713325,0,0.00033,sector_a
2150.68213339,1.0008138367254562,0,0.00033,sector_a
2150.68352228,1.0010429746959664,0,0.00033,sector_a
2150.68491117,1.0007401032908212,0,0.00033,sector_a
2150.68630006,1.0009270289591985,0,0.00033,sector_a
2150.68768895,1.000262657354311,0,0.00033,sector_a
2150.68907783,1.000646688238785,0,0.00033,sector_a
2150.69046672,1.0001495123148534,0,0.00033,sector_a
2150.69185561,1.0004762677182537,0,0.00033,sector_a
2150.6932445,1.0010342829475614,0,0.00033,sector_a
2150.69463339,1.0005797496603803,0,0.00033,sector_a
2150.69602228,1.000274371732968,0,0.00033,sector_a
2150.69741117,1.000521483348175,0,0.00033,sector_a
2150.69880006,1.0006325926727393,0,0.00033,sector_a
2150.70018895,1.0006302905838227,0,0.00033,sector_a
2150.70157783,1.0008329316071145,0,0.00033,sector_a
2150.70296672,1.0001866672524375,0,0.00033,sector_a
2150.70435561,1.0007945468339703,0,0.00033,sector_a
2150.7057445,1.0005087523908256,0,0.00033,sector_a
2150.70713339,1.000702589607641,0,0.00033,sector_a
2150.70852228,1.000472329636623,0,0.00033,sector_a
2150.70991117,1.0009177891234116,0,0.00033,sector_a
2150.71130006,1.0003087654253784,0,0.00033,sector_a
2150.71268895,1.0006288079218975,0,0.00033,sector_a
2150.71407783,1.0006984265431167,0,0.00033,sector_a
2150.71546672,1.0006825839469433,0,0.00033,sector_a
2150.71685561,1.000543921317141,0,0.00033,sector_a
2150.7182445,1.0001747872284894,0,0.00033,sector_a
2150.71963339,1.0004349799039594,0,0.00033,sector_a
2150.72102228,1.0001277355087048,0,0.00033,sector_a
2150.72241117,1.0004269266394104,0,0.00033,sector_a
2150.72380006,1.0008617258418777,0,0.00033,sector_a
2150.72518895,1.000631485345599,0,0.00033,sector_a
2150.72657783,1.0006507988079703,0,0.00033,sector_a
2150.72796672,1.0009878227274893,0,0.00033,sector_a
2150.72935561,1.0005017019551892,0,0.00033,sector_a
2150.7307445,1.0004866238465842,0,0.00033,sector_a
2150.73213339,1.0007699317430059,0,0.00033,sector_a
2150.73352228,1.0006698537848058,0,0.00033,sector_a
2150.73491117,1.0006199055806095,0,0.00033,sector_a
2150.73630006,1.0003614279875248,0,0.00033,sector_a
2150.73768895,1.0004315668510009,0,0.00033,sector_a
2150.73907783,1.0004321667094394,0,0.00033,sector_a
2150.74046672,1.0005990525483486,0,0.00033,sector_a
2150.74185561,1.000682301060529,0,0.00033,sector_a
2150.7432445,1.0006940514414606,0,0.00033,sector_a
2150.74463339,1.0001717646123607,0,0.00033,sector_a
2150.74602228,1.000763808896794,0,0.00033,sector_a
2150.74741117,1.0001323272626774,0,0.00033,sector_a
2150.74880006,1.0006195000838685,0,0.00033,sector_a
2150.75018895,1.0004158958939404,0,0.00033,sector_a
2150.75157783,1.0002167605256942,0,0.00033,sector_a
2150.75296672,1.0002558045869403,0,0.00033,sector_a
2150.75435561,1.0000854542869655,0,0.00033,sector_a
2150.7557445,1.0003834540075482,0,0.00033,sector_a
2150.75713339,1.0005570095108611,0,0.00033,sector_a
2150.75852228,1.0004175369702923,0,0.00033,sector_a
2150.75991117,1.000444329730353,0,0.00033,sector_a
2150.76130006,1.000581752367109,0,0.00033,sector_a
2150.76268895,1.0003617085930814,0,0.00033,sector_a
2150.76407783,1.0002909546503878,0,0.00033,sector_a
2150.76546672,1.0004691368412957,0,0.00033,sector_a
2150.76685561,1.0006450304945163,0,0.00033,sector_a
2150.7682445,0.9997819270066073,0,0.00033,sector_a
2150.76963339,1.0005008963497082,0,0.00033,sector_a
2150.77102228,1.0004914586313578,0,0.00033,sector_a
2150.77241117,0.9999793754417962,0,0.00033,sector_a
2150.77380006,1.0010905788729845,0,0.00033,sector_a
2150.77518895,1.0008013091219756,0,0.00033,sector_a
2150.77657783,1.0005484414528838,0,0.00033,sector_a
2150.77796672,1.0006199011545223,0,0.00033,sector_a
2150.77935561,1.0010186218117545,0,0.00033,sector_a
2150.7807445,1.0006206853402393,0,0.00033,sector_a
2150.78213339,1.0008941189595912,0,0.00033,sector_a
2150.78352228,1.0005554623395052,0,0.00033,sector_a
2150.78491117,1.0005116171230337,0,0.00033,sector_a
2150.78630006,1.0005715128058337,0,0.00033,sector_a
2150.78768895,1.0002814824539323,0,0.00033,sector_a
2150.78907783,1.0007526384810732,0,0.00033,sector_a
2150.79046672,1.0003531447662655,0,0.00033,sector_a
2150.79185561,1.0008885297551493,0,0.00033,sector_a
2150.7932445,1.0005408656271468,0,0.00033,sector_a
2150.79463339,1.0002934180740881,0,0.00033,sector_a
2150.79602228,1.001267170967644,0,0.00033,sector_a
2150.79741117,1.0000618956490586,0,0.00033,sector_a
2150.79880006,1.0000185892468554,0,0.00033,sector_a
2150.80018895,1.0009723193739486,0,0.00033,sector_a
2150.80157783,1.0002449519479744,0,0.00033,sector_a
2150.80296672,1.000913796809081,0,0.00033,sector_a
2150.80435561,1.0006571115619851,0,0.00033,sector_a
2150.8057445,1.0004917306996672,0,0.00033,sector_a
2150.80713339,1.0006836565802426,0,0.00033,sector_a
2150.80852228,1.000329470305168,0,0.00033,sector_a
2150.80991117,0.9999526685575594,0,0.00033,sector_a
2150.81130006,1.0005487501165216,0,0.00033,sector_a
2150.81268895,1.0009858186995946,0,0.00033,sector_a
2150.81407783,1.0002069118440002,0,0.00033,sector_a
2150.81546672,1.0002936425613163,0,0.00033,sector_a
2150.81685561,1.0000647648460224,0,0.00033,sector_a
2150.8182445,1.0008314667947917,0,0.00033,sector_a
2150.81963339,1.0002300029948052,0,0.00033,sector_a
2150.82102228,1.000258853970912,0,0.00033,sector_a
2150.82241117,1.001210067269266,0,0.00033,sector_a
2150.82380006,1.0002051859425023,0,0.00033,sector_a
2150.82518895,0.9999452739132642,0,0.00033,sector_a
2150.82657783,1.0010986074189965,0,0.00033,sector_a
2150.82796672,1.0002220660701855,0,0.00033,sector_a
2150.82935561,1.0000686555520106,0,0.00033,sector_a
2150.8307445,1.0001011189562319,0,0.00033,sector_a
2150.83213339,1.000817006583745,0,0.00033,sector_a
2150.83352228,1.00103365504774,0,0.00033,sector_a
2150.83491117,1.0004046447053097,0,0.00033,sector_a
2150.83630006,1.00021910166713,0,0.00033,sector_a
2150.83768895,1.0005529111657248,0,0.00033,sector_a
2150.83907783,0.999985043305696,0,0.00033,sector_a
2150.84046672,1.0004452294831383,0,0.00033,sector_a
2150.84185561,0.9998712682894705,0,0.00033,sector_a
2150.8432445,1.0005859535391606,0,0.00033,sector_a
2150.84463339,1.0002968429526573,0,0.00033,sector_a
2150.84602228,0.9999887394117744,0,0.00033,sector_a
2150.84741117,1.0006242122453408,0,0.00033,sector_a
2150.84880006,1.0004735963609115,0,0.00033,sector_a
2150.85018895,1.0004439656287003,0,0.00033,sector_a
2150.85157783,1.0005215767196804,0,0.00033,sector_a
2150.85296672,1.0004918183848925,0,0.00033,sector_a
2150.85435561,0.9999358803468612,0,0.00033,sector_a
2150.8557445,1.0000189620326823,0,0.00033,sector_a
2150.85713339,1.0003926682010216,0,0.00033,sector_a
2150.85852228,1.0003982871123518,0,0.00033,sector_a
2150.85991117,1.000185892837586,0,0.00033,sector_a
2150.86130006,1.0005149191741032,0,0.00033,sector_a
2150.86268895,1.0003611861470736,0,0.00033,sector_a
2150.86407783,1.0012186513135324,0,0.00033,sector_a
2150.86546672,1.000521549702495,0,0.00033,sector_a
2150.86685561,1.0003272145140052,0,0.00033,sector_a
2150.8682445,1.0005078661260822,0,0.00033,sector_a
2150.86963339,1.0003997350130767,0,0.00033,sector_a
2150.87102228,1.0002388100442519,0,0.00033,sector_a
2150.87241117,1.0005377874852135,0,0.00033,sector_a
2150.87380006,1.0004267102988373,0,0.00033,sector_a
2150.87518895,0.9999760659719615,0,0.00033,sector_a
2150.87657783,1.000038176218405,0,0.00033,sector_a
2150.87796672,1.000487640577877,0,0.00033,sector_a
2150.87935561,1.0004942047844259,0,0.00033,sector_a
2150.8807445,1.0003394229237543,0,0.00033,sector_a
2150.88213339,0.9997350045670085,0,0.00033,sector_a
2150.88352228,1.0003770068982067,0,0.00033,sector_a
2150.88491117,1.0000565908597665,0,0.00033,sector_a
2150.88630006,1.0001521465685608,0,0.00033,sector_a
2150.88768895,1.0002645226938665,0,0.00033,sector_a
2150.88907783,1.0006666186302713,0,0.00033,sector_a
2150.89046672,1.000427323918385,0,0.00033,sector_a
2150.89185561,1.0000380254047798,0,0.00033,sector_a
2150.8932445,1.0006299630848041,0,0.00033,sector_a
2150.89463339,1.000231496684125,0,0.00033,sector_a
2150.89602228,1.0000854959091263,0,0.00033,sector_a
2150.89741117,1.0006696022596597,0,0.00033,sector_a
2150.89880006,1.0000014109880166,0,0.00033,sector_a
2150.90018895,1.0006371448501872,0,0.00033,sector_a
2150.90157783,0.9998695955205711,0,0.00033,sector_a
2150.90296672,1.0001045454045177,0,0.00033,sector_a
2150.90435561,1.0005675435437658,0,0.00033,sector_a
2150.9057445,1.0000774630668865,0,0.00033,sector_a
2150.90713339,0.9999333219429808,0,0.00033,sector_a
2150.90852228,1.0001488295885181,0,0.00033,sector_a
2150.90991117,1.0003984812064015,0,0.00033,sector_a
2150.91130006,1.0001326712225793,0,0.00033,sector_a
2150.91268895,1.0003042983617476,0,0.00033,sector_a
2150.91407783,0.9999012442160585,0,0.00033,sector_a
2150.91546672,0.9998413518094258,0,0.00033,sector_a
2150.91685561,1.0002012593630267,0,0.00033,sector_a
2150.9182445,1.0003531705870736,0,0.00033,sector_a
2150.91963339,1.000385670077725,0,0.00033,sector_a
2150.92102228,1.000497414215502,0,0.00033,sector_a
2150.92241117,0.9998357574155498,0,0.00033,sector_a
2150.92380006,1.0000462805210302,0,0.00033,sector_a
2150.92518895,1.0004397140386527,0,0.00033,sector_a
2150.92657783,1.0001633522838889,0,0.00033,sector_a
2150.92796672,1.0001159797952142,0,0.00033,sector_a
2150.92935561,0.9999845680356659,0,0.00033,sector_a
2150.9307445,1.0000881849426433,0,0.00033,sector_a
2150.93213339,0.9999024965339257,0,0.00033,sector_a
2150.93352228,0.9996124494961542,0,0.00033,sector_a
2150.93491117,0.9999726417222426,0,0.00033,sector_a
2150.93630006,1.0002788716793674,0,0.00033,sector_a
2150.93768895,0.9997782527005293,0,0.00033,sector_a
2150.93907783,1.000281380333066,0,0.00033,sector_a
2150.94046672,1.0001993678011176,0,0.00033,sector_a
2150.94185561,1.0000500858750299,0,0.00033,sector_a
2150.9432445,1.0004492998790582,0,0.00033,sector_a
2150.94463339,0.9998298294249262,0,0.00033,sector_a
2150.94602228,1.000153881804618,0,0.00033,sector_a
2150.94741117,1.0001073403805247,0,0.00033,sector_a
2150.94880006,1.0001058785715233,0,0.00033,sector_a
2150.95018895,0.9998268517614362,0,0.00033,sector_a
2150.95157783,1.0002777322608656,0,0.00033,sector_a
2150.95296672,1.0003785159000191,0,0.00033,sector_a
2150.95435561,1.0005734272521356,0,0.00033,sector_a
2150.9557445,0.9998947801858912,0,0.00033,sector_a
2150.95713339,1.0000302611852547,0,0.00033,sector_a
2150.95852228,1.0003389660568465,0,0.00033,sector_a
2150.95991117,1.0001938751707178,0,0.00033,sector_a
2150.96130006,1.0002727157761464,0,0.00033,sector_a
2150.96268895,0.9999631427627262,0,0.00033,sector_a
2150.96407783,0.9996594716329168,0,0.00033,sector_a
2150.96546672,1.0003785392476325,0,0.00033,sector_a
2150.96685561,1.0000478923620575,0,0.00033,sector_a
2150.9682445,0.9994749299954927,0,0.00033,sector_a
2150.96963339,1.0000823486789063,0,0.00033,sector_a
2150.97102228,0.9998420913430818,0,0.00033,sector_a
2150.97241117,1.0001759696494272,0,0.00033,sector_a
2150.97380006,1.0001006829884955,0,0.00033,sector_a
2150.97518895,0.9999608606893013,0,0.00033,sector_a
2150.97657783,1.000300051282573,0,0.00033,sector_a
2150.97796672,1.0001328359372483,0,0.00033,sector_a
2150.97935561,1.0000459762451095,0,0.00033,sector_a
2150.9807445,1.0008488532123463,0,0.00033,sector_a
2150.98213339,1.0004534949926782,0,0.00033,sector_a
2150.98352228,0.9998676050845862,0,0.00033,sector_a
2150.98491117,1.0003349840809765,0,0.00033,sector_a
2150.98630006,1.0000202429459226,0,0.00033,sector_a
2150.98768895,1.0001535531058503,0,0.00033,sector_a
2150.98907783,0.9997086721228953,0,0.00033,sector_a
2150.99046672,0.9994803783709316,0,0.00033,sector_a
2150.99185561,0.9997264695316995,0,0.00033,sector_a
2150.9932445,1.0002243416230905,0,0.00033,sector_a
2150.99463339,0.9999596057349777,0,0.00033,sector_a
2150.99602228,1.000303858446258,0,0.00033,sector_a
2150.99741117,0.9995107711900113,0,0.00033,sector_a
2150.99880006,1.0005353107410135,0,0.00033,sector_a
2151.00018895,1.0005175244371751,0,0.00033,sector_a
2151.00157783,1.0004442775182127,0,0.00033,sector_a
2151.00296672,1.0003929886449232,0,0.00033,sector_a
2151.00435561,1.0004252173216497,0,0.00033,sector_a
2151.0057445,0.9997688660831431,0,0.00033,sector_a
2151.00713339,0.9997100508953712,0,0.00033,sector_a
2151.00852228,1.0002183302683685,0,0.00033,sector_a
2151.00991117,1.0000251122399724,0,0.00033,sector_a
2151.01130006,1.0003396012778134,0,0.00033,sector_a
2151.01268895,0.9993119555820618,0,0.00033,sector_a
2151.01407783,0.9996618081019115,0,0.00033,sector_a
2151.01546672,1.000214732782333,0,0.00033,sector_a
2151.01685561,1.000209659697017,0,0.00033,sector_a
2151.0182445,0.999866036019964,0,0.00033,sector_a
2151.01963339,1.000315466632821,0,0.00033,sector_a
2151.02102228,0.9998221314878634,0,0.00033,sector_a
2151.02241117,1.000393079454331,0,0.00033,sector_a
2151.02380006,0.9999529546688682,0,0.00033,sector_a
2151.02518895,0.9999729871583511,0,0.00033,sector_a
2151.02657783,0.9995097943910128,0,0.00033,sector_a
2151.02796672,0.9996450178229928,0,0.00033,sector_a
2151.02935561,1.0000176882863698,0,0.00033,sector_a
2151.0307445,0.9997958190704742,0,0.00033,sector_a
2151.03213339,0.9998376785195651,0,0.00033,sector_a
2151.03352228,0.9995334774861127,0,0.00033,sector_a
2151.03491117,0.999880616630455,0,0.00033,sector_a
2151.03630006,1.000039644237716,0,0.00033,sector_a
2151.03768895,1.0002023614541673,0,0.00033,sector_a
2151.03907783,0.9999744637001831,0,0.00033,sector_a
2151.04046672,1.0005226654871295,0,0.00033,sector_a
2151.04185561,1.000048204571704,0,0.00033,sector_a
2151.0432445,0.9998808700729118,0,0.00033,sector_a
2151.04463339,1.000146454903878,0,0.00033,sector_a
2151.04602228,1.0002930513752017,0,0.00033,sector_a
2151.04741117,0.9998406106194042,0,0.00033,sector_a
2151.04880006,1.000396413342468,0,0.00033,sector_a
2151.05018895,0.9999325246289604,0,0.00033,sector_a
2151.05157783,0.9999034779076607,0,0.00033,sector_a
2151.05296672,0.9995071389862853,0,0.00033,sector_a
2151.05435561,1.0001515788929025,0,0.00033,sector_a
2151.0557445,1.0006601155961294,0,0.00033,sector_a
2151.05713339,1.0003485040830697,0,0.00033,sector_a
2151.05852228,0.9999021456063599,0,0.00033,sector_a
2151.05991117,0.9998943611993185,0,0.00033,sector_a
2151.06130006,0.9999136828665521,0,0.00033,sector_a
2151.06268895,0.9995083564580376,0,0.00033,sector_a
2151.06407783,0.9995468100468738,0,0.00033,sector_a
2151.06546672,1.0001646239773414,0,0.00033,sector_a
2151.06685561,0.999915861164344,0,0.00033,sector_a
2151.0682445,0.9998756467672235,0,0.00033,sector_a
2151.06963339,1.0001085938397278,0,0.00033,sector_a
2151.07102228,1.0000082166956212,0,0.00033,sector_a
2151.07241117,0.999891902098899,0,0.00033,sector_a
2151.07380006,0.9998817421612937,0,0.00033,sector_a
2151.07518895,1.0000637398808592,0,0.00033,sector_a
2151.07657783,0.9994342382987965,0,0.00033,sector_a
2151.07796672,0.9998498141457672,0,0.00033,sector_a
2151.07935561,0.999930302626988,0,0.00033,sector_a
2151.0807445,1.0004266737202614,0,0.00033,sector_a
2151.08213339,1.000425400647502,0,0.00033,sector_a
2151.08352228,1.000133325560918,0,0.00033,sector_a
2151.08491117,0.9999803492799377,0,0.00033,sector_a
2151.08630006,1.0000295372497627,0,0.00033,sector_a
2151.08768895,1.0003286095478507,0,0.00033,sector_a
2151.08907783,0.9995834422903337,0,0.00033,sector_a
2151.09046672,1.000137629000183,0,0.00033,sector_a
2151.09185561,0.9998536017564543,0,0.00033,sector_a
2151.0932445,1.0004023998547278,0,0.00033,sector_a
2151.09463339,1.0004581497641025,0,0.00033,sector_a
2151.09602228,0.9996527794673377,0,0.00033,sector_a
2151.09741117,0.9998093075269577,0,0.00033,sector_a
2151.09880006,1.0006559845632244,0,0.00033,sector_a
2151.10018895,1.000511456730102,0,0.00033,sector_a
2151.10157783,1.0003706771084073,0,0.00033,sector_a
2151.10296672,1.0000148836910407,0,0.00033,sector_a
2151.10435561,0.9994911674042343,0,0.00033,sector_a
2151.1057445,0.9993554120297514,0,0.00033,sector_a
2151.10713339,0.9998600942405135,0,0.00033,sector_a
2151.10852228,1.0000162542380835,0,0.00033,sector_a
2151.10991117,1.0001081625770771,0,0.00033,sector_a
2151.11130006,0.9995945485261004,0,0.00033,sector_a
2151.11268895,0.9994142685974187,0,0.00033,sector_a
2151.11407783,1.0000728586527485,0,0.00033,sector_a
2151.11546672,1.0008015294033596,0,0.00033,sector_a
2151.11685561,1.0007028161980935,0,0.00033,sector_a
2151.1182445,1.0000446481317764,0,0.00033,sector_a
2151.11963339,0.9997723783708559,0,0.00033,sector_a
2151.12102228,1.0002316452885665,0,0.00033,sector_a
2151.12241117,0.9997420698271349,0,0.00033,sector_a
2151.12380006,1.000424239901682,0,0.00033,sector_a
2151.12518895,0.9997892040024504,0,0.00033,sector_a
2151.12657783,1.0005585493293816,0,0.00033,sector_a
2151.12796672,0.999706791651884,0,0.00033,sector_a
2151.12935561,0.9998015893232065,0,0.00033,sector_a
2151.1307445,0.9995793839881222,0,0.00033,sector_a
2151.13213339,1.000006063977616,0,0.00033,sector_a
2151.13352228,1.0001247304609016,0,0.00033,sector_a
2151.13491117,1.0001100650081067,0,0.00033,sector_a
2151.13630006,1.0000376286883268,0,0.00033,sector_a
2151.13768895,0.9996524727720444,0,0.00033,sector_a
2151.13907783,1.0001206146253894,0,0.00033,sector_a
2151.14046672,1.0003735449682243,0,0.00033,sector_a
2151.14185561,1.0000480003074637,0,0.00033,sector_a
2151.1432445,1.0003713501373988,0,0.00033,sector_a
2151.14463339,0.9997413531136263,0,0.00033,sector_a
2151.14602228,0.9996864552801386,0,0.00033,sector_a
2151.14741117,1.0001448562206783,0,0.00033,sector_a
2151.14880006,0.9994376601530202,0,0.00033,sector_a
2151.15018895,0.9994989689504168,0,0.00033,sector_a
2151.15157783,0.9997725780259591,0,0.00033,sector_a
2151.15296672,1.0001587139781145,0,0.00033,sector_a
2151.15435561,0.9997192344049112,0,0.00033,sector_a
2151.1557445,0.9993677325600994,0,0.00033,sector_a
2151.15713339,1.000231007983373,0,0.00033,sector_a
2151.15852228,0.9997494473059928,0,0.00033,sector_a
2151.15991117,0.999909528707843,0,0.00033,sector_a
2151.16130006,0.9997889211264329,0,0.00033,sector_a
2151.16268895,0.9997332785033932,0,0.00033,sector_a
2151.16407783,1.0001101500569525,0,0.00033,sector_a
2151.16546672,0.9995210277383776,0,0.00033,sector_a
2151.16685561,0.999975867234428,0,0.00033,sector_a
2151.1682445,1.0000352791817182,0,0.00033,sector_a
2151.16963339,0.9998589867107979,0,0.00033,sector_a
2151.17102228,1.0000283979564213,0,0.00033,sector_a
2151.17241117,0.9992692242503051,0,0.00033,sector_a
2151.17380006,1.0000755991170893,0,0.00033,sector_a
2151.17518895,1.0000689712403448,0,0.00033,sector_a
2151.17657783,1.0000998597706199,0,0.00033,sector_a
2151.17796672,0.9995173162957214,0,0.00033,sector_a
2151.17935561,0.9995141085586221,0,0.00033,sector_a
2151.1807445,0.9993220187759013,0,0.00033,sector_a
2151.18213339,0.999571126661388,0,0.00033,sector_a
2151.18352228,0.9999608706246582,0,0.00033,sector_a
2151.18491117,0.9993856385496988,0,0.00033,sector_a
2151.18630006,0.9995874674567319,0,0.00033,sector_a
2151.18768895,0.9999832050145657,0,0.00033,sector_a
2151.18907783,0.9995591540739142,0,0.00033,sector_a
2151.19046672,1.0003006643841412,0,0.00033,sector_a
2151.19185561,0.9999781104745915,0,0.00033,sector_a
2151.1932445,1.0002608841848786,0,0.00033,sector_a
2151.19463339,0.9999357986512607,0,0.00033,sector_a
2151.19602228,0.9996819713839261,0,0.00033,sector_a
2151.19741117,1.0000973192639846,0,0.00033,sector_a
2151.19880006,1.000058674984588,0,0.00033,sector_a
2151.20018895,0.9999892230056833,0,0.00033,sector_a
2151.20157783,0.9998852410524215,0,0.00033,sector_a
2151.20296672,1.0003300488840043,0,0.00033,sector_a
2151.20435561,0.9997464367634826,0,0.00033,sector_a
2151.2057445,0.9993170320360835,0,0.00033,sector_a
2151.20713339,0.9998643023503003,0,0.00033,sector_a
2151.20852228,0.9995922210415339,0,0.00033,sector_a
2151.20991117,0.9999362044607889,0,0.00033,sector_a
2151.21130006,0.9999944183745525,0,0.00033,sector_a
2151.21268895,1.0004190485221176,0,0.00033,sector_a
2151.21407783,0.9998196315937764,0,0.00033,sector_a
2151.21546672,0.9999649849798634,0,0.00033,sector_a
2151.21685561,0.9998856778686761,0,0.00033,sector_a
2151.2182445,0.9999203686136395,0,0.00033,sector_a
2151.21963339,1.0000597199909655,0,0.00033,sector_a
2151.22102228,1.0003910754656054,0,0.00033,sector_a
2151.22241117,1.0002840419286745,0,0.00033,sector_a
2151.22380006,0.9997802548806132,0,0.00033,sector_a
2151.22518895,0.9992018964389172,0,0.00033,sector_a
2151.22657783,0.9995562216000338,0,0.00033,sector_a
2151.22796672,0.9999975141221316,0,0.00033,sector_a
2151.22935561,0.9998411452847006,0,0.00033,sector_a
2151.2307445,1.0000961762644354,0,0.00033,sector_a
2151.23213339,1.00019646931131,0,0.00033,sector_a
2151.23352228,1.0002573828194763,0,0.00033,sector_a
2151.23491117,0.9997868356712134,0,0.00033,sector_a
2151.23630006,1.000280751937043,0,0.00033,sector_a
2151.23768895,0.9991553149462901,0,0.00033,sector_a
2151.23907783,0.9997168959479852,0,0.00033,sector_a
2151.24046672,1.0000261755400592,0,0.00033,sector_a
2151.24185561,0.9996776096113906,0,0.00033,sector_a
2151.2432445,0.9997022292577091,0,0.00033,sector_a
2151.24463339,1.0003888859470886,0,0.00033,sector_a
2151.24602228,0.9993385520496744,0,0.00033,sector_a
2151.24741117,1.0004518168722092,0,0.00033,sector_a
2151.24880006,0.9996025171155292,0,0.00033,sector_a
2151.25018895,0.9998126867251357,0,0.00033,sector_a
2151.25157783,0.9994948080462921,0,0.00033,sector_a
2151.25296672,1.0000538452306216,0,0.00033,sector_a
2151.25435561,0.9997738802167807,0,0.00033,sector_a
2151.2557445,0.9995065541179213,0,0.00033,sector_a
2151.25713339,0.9996351197133986,0,0.00033,sector_a
2151.25852228,0.9990374933697848,0,0.00033,sector_a
2151.25991117,0.9996358902976651,0,0.00033,sector_a
2151.26130006,0.9995917091989919,0,0.00033,sector_a
2151.26268895,1.0003759394364296,0,0.00033,sector_a
2151.26407783,0.9995774818036289,0,0.00033,sector_a
2151.26546672,0.9997569733042168,0,0.00033,sector_a
2151.26685561,0.999677949572297,0,0.00033,sector_a
2151.2682445,0.9998928245919034,0,0.00033,sector_a
2151.26963339,1.0001162867384679,0,0.00033,sector_a
2151.27102228,0.9995613455905356,0,0.00033,sector_a
2151.27241117,0.999841852716186,0,0.00033,sector_a
2151.27380006,0.9998790840467413,0,0.00033,sector_a
2151.27518895,1.000149898959911,0,0.00033,sector_a
2151.27657783,0.999841346980585,0,0.00033,sector_a
2151.27796672,1.0000538597623347,0,0.00033,sector_a
2151.27935561,0.9998224082053979,0,0.00033,sector_a
2151.2807445,0.9999042638521614,0,0.00033,sector_a
2151.28213339,0.999712608296087,0,0.00033,sector_a
2151.28352228,0.9995751180910053,0,0.00033,sector_a
2151.28491117,0.999982912473393,0,0.00033,sector_a
2151.28630006,0.9996039229375906,0,0.00033,sector_a
2151.28768895,0.9994074083036106,0,0.00033,sector_a
2151.28907783,1.0001264933714857,0,0.00033,sector_a
2151.29046672,0.9993411611210816,0,0.00033,sector_a
2151.29185561,1.0005851579380514,4096,0.00033,sector_a
2151.2932445,0.9997365816735766,0,0.00033,sector_a
2151.29463339,0.999546051231044,0,0.00033,sector_a
2151.29602228,0.999609511499395,0,0.00033,sector_a
2151.29741117,0.9996615160767235,0,0.00033,sector_a
2151.29880006,0.9996727688727703,0,0.00033,sector_a
2151.30018895,1.000035359565058,0,0.00033,sector_a
2151.30157783,1.0001332969630048,0,0.00033,sector_a
2151.30296672,1.0004196070426177,0,0.00033,sector_a
2151.30435561,1.0000583571796589,0,0.00033,sector_a
2151.3057445,0.9997355860366164,0,0.00033,sector_a
2151.30713339,0.9998499876751822,0,0.00033,sector_a
2151.30852228,0.9996473939098088,0,0.00033,sector_a
2151.30991117,1.0007313505492228,0,0.00033,sector_a
2151.31130006,0.9995821738841595,0,0.00033,sector_a
2151.31268895,0.999521163913991,0,0.00033,sector_a
2151.31407783,1.0003262489685052,0,0.00033,sector_a
2151.31546672,0.9998290073276298,0,0.00033,sector_a
2151.31685561,0.9997690186263095,0,0.00033,sector_a
2151.3182445,0.999186983940449,0,0.00033,sector_a
2151.31963339,0.9999044108675242,0,0.00033,sector_a
2151.32102228,0.9999465989131062,0,0.00033,sector_a
2151.32241117,0.9996595530905914,0,0.00033,sector_a
2151.32380006,0.9997116381395097,0,0.00033,sector_a
2151.32518895,0.9996728538028485,0,0.00033,sector_a
2151.32657783,0.9998015973584017,0,0.00033,sector_a
2151.32796672,0.9997177393082519,0,0.00033,sector_a
2151.32935561,0.9999679949349629,0,0.00033,sector_a
2151.3307445,0.9997998316067195,0,0.00033,sector_a
2151.33213339,0.9996402440845336,0,0.00033,sector_a
2151.33352228,0.9997054768757069,0,0.00033,sector_a
2151.33491117,0.9997282025756024,0,0.00033,sector_a
2151.33630006,0.9996480068662927,0,0.00033,sector_a
2151.33768895,0.9997656747945088,0,0.00033,sector_a
2151.33907783,0.9997323036928158,0,0.00033,sector_a
2151.34046672,0.9997609981413307,0,0.00033,sector_a
2151.34185561,0.9991769985837937,0,0.00033,sector_a
2151.3432445,0.999808686685674,0,0.00033,sector_a
2151.34463339,0.9997170154598078,0,0.00033,sector_a
2151.34602228,1.0002833880378421,0,0.00033,sector_a
2151.34741117,0.9996707723697582,0,0.00033,sector_a
2151.34880006,0.9996864055836702,0,0.00033,sector_a
2151.35018895,0.9996154497355138,0,0.00033,sector_a
2151.35157783,0.9998696106490711,0,0.00033,sector_a
2151.35296672,1.0001933820827174,0,0.00033,sector_a
2151.35435561,0.9994599866347867,0,0.00033,sector_a
2151.3557445,0.999780195044299,0,0.00033,sector_a
2151.35713339,1.0001080702235485,0,0.00033,sector_a
2151.35852228,0.9998747692179393,0,0.00033,sector_a
2151.35991117,0.999109178611118,0,0.00033,sector_a
2151.36130006,0.998903044425829,0,0.00033,sector_a
2151.36268895,0.9999251363581025,0,0.00033,sector_a
2151.36407783,0.999363164239007,0,0.00033,sector_a
2151.36546672,1.0001219986403191,0,0.00033,sector_a
2151.36685561,0.9999072062094847,0,0.00033,sector_a
2151.3682445,1.0001455260751717,0,0.00033,sector_a
2151.36963339,0.9998780767695499,0,0.00033,sector_a
2151.37102228,1.0001705009576152,0,0.00033,sector_a
2151.37241117,0.9998491515011979,0,0.00033,sector_a
2151.37380006,0.9997368442589594,0,0.00033,sector_a
2151.37518895,0.9998077194842757,0,0.00033,sector_a
2151.37657783,0.9996081025376246,0,0.00033,sector_a
2151.37796672,0.9998919220486737,0,0.00033,sector_a
2151.37935561,0.9989800735389571,0,0.00033,sector_a
2151.3807445,0.9999335495899419,0,0.00033,sector_a
2151.38213339,0.9997726240851567,0,0.00033,sector_a
2151.38352228,0.9993988280706662,0,0.00033,sector_a
2151.38491117,1.0001524974855096,0,0.00033,sector_a
2151.38630006,0.9991329071345393,0,0.00033,sector_a
2151.38768895,0.9992119900338182,0,0.00033,sector_a
2151.38907783,0.9999813636146982,0,0.00033,sector_a
2151.39046672,0.9995199591541976,0,0.00033,sector_a
2151.39185561,0.9995656927007907,0,0.00033,sector_a
2151.3932445,0.9996105278628001,0,0.00033,sector_a
2151.39463339,0.9996740443572386,0,0.00033,sector_a
2151.39602228,1.0000386062990736,0,0.00033,sector_a
2151.39741117,0.9998030619240676,0,0.00033,sector_a
2151.39880006,0.9998538630376427,0,0.00033,sector_a
2151.40018895,1.0000804491145212,0,0.00033,sector_a
2151.40157783,0.9999563023222591,0,0.00033,sector_a
2151.40296672,0.9996196130630073,0,0.00033,sector_a
2151.40435561,0.9993323640371162,0,0.00033,sector_a
2151.4057445,0.9993781952118002,0,0.00033,sector_a
2151.40713339,0.9996985018933021,0,0.00033,sector_a
2151.40852228,0.9997879507130936,0,0.00033,sector_a
2151.40991117,0.9995592732528522,0,0.00033,sector_a
2151.41130006,0.9999759642106798,0,0.00033,sector_a
2151.41268895,0.9998802992240419,0,0.00033,sector_a
2151.41407783,0.9992187574899439,0,0.00033,sector_a
2151.41546672,0.9995992411546111,0,0.00033,sector_a
2151.41685561,0.9995498854428416,0,0.00033,sector_a
2151.4182445,0.9996972483919109,0,0.00033,sector_a
2151.41963339,0.9992987279493953,0,0.00033,sector_a
2151.42102228,0.9994220315427982,0,0.00033,sector_a
2151.42241117,0.9990752606055485,0,0.00033,sector_a
2151.42380006,0.9994598049383255,0,0.00033,sector_a
2151.42518895,0.9993380073423054,0,0.00033,sector_a
2151.42657783,0.9999154288084354,0,0.00033,sector_a
2151.42796672,0.9998552820771133,0,0.00033,sector_a
2151.42935561,1.0000315038663965,0,0.00033,sector_a
2151.4307445,0.9997536736321085,0,0.00033,sector_a
2151.43213339,0.9993272245259541,0,0.00033,sector_a
2151.43352228,1.000027352293689,0,0.00033,sector_a
2151.43491117,0.9993226516619129,0,0.00033,sector_a
2151.43630006,0.9997972535406251,0,0.00033,sector_a
2151.43768895,0.9999130144796478,0,0.00033,sector_a
2151.43907783,0.9996461216995781,0,0.00033,sector_a
2151.44046672,0.9994650032999519,0,0.00033,sector_a
2151.44185561,0.9995725616228814,0,0.00033,sector_a
2151.4432445,0.9993844084466362,0,0.00033,sector_a
2151.44463339,0.9997127606067777,0,0.00033,sector_a
2151.44602228,0.9994553648742416,0,0.00033,sector_a
2151.44741117,0.999844054817121,0,0.00033,sector_a
2151.44880006,0.9994223306720296,0,0.00033,sector_a
2151.45018895,0.9989928868746256,0,0.00033,sector_a
2151.45157783,0.9996808384229398,0,0.00033,sector_a
2151.45296672,0.9995811651899046,0,0.00033,sector_a
2151.45435561,1.0000335016509903,0,0.00033,sector_a
2151.4557445,1.0002766553340072,0,0.00033,sector_a
2151.45713339,0.9998005247952221,0,0.00033,sector_a
2151.45852228,0.9994275409872151,0,0.00033,sector_a
2151.45991117,0.9989860492285547,0,0.00033,sector_a
2151.46130006,1.0001016869503456,0,0.00033,sector_a
2151.46268895,0.9993843605310632,0,0.00033,sector_a
2151.46407783,0.999977299502347,0,0.00033,sector_a
2151.46546672,0.9988501709228063,0,0.00033,sector_a
2151.46685561,1.0000508012484821,0,0.00033,sector_a
2151.4682445,0.9993666988754831,0,0.00033,sector_a
2151.46963339,0.9997338334294188,0,0.00033,sector_a
2151.47102228,0.9993812009353765,0,0.00033,sector_a
2151.47241117,0.9996176043534625,0,0.00033,sector_a
2151.47380006,0.9997406833886341,0,0.00033,sector_a
2151.47518895,0.9993095565489813,0,0.00033,sector_a
2151.47657783,0.9996244329198544,0,0.00033,sector_a
2151.47796672,0.9991995080667524,0,0.00033,sector_a
2151.47935561,0.9991936738476583,0,0.00033,sector_a
2151.4807445,0.999387037985479,0,0.00033,sector_a
2151.48213339,0.999655252132985,0,0.00033,sector_a
2151.48352228,0.9998017059560581,0,0.00033,sector_a
2151.48491117,0.9996171074632095,0,0.00033,sector_a
2151.48630006,0.9999687638743643,0,0.00033,sector_a
2151.48768895,0.9998340452290676,0,0.00033,sector_a
2151.48907783,0.9988357527300691,0,0.00033,sector_a
2151.49046672,0.999161045748273,0,0.00033,sector_a
2151.49185561,0.999644350305946,0,0.00033,sector_a
2151.4932445,0.9996273906829958,0,0.00033,sector_a
2151.49463339,0.9998483178827043,0,0.00033,sector_a
2151.49602228,0.9996406479681701,0,0.00033,sector_a
2151.49741117,0.9992279533304576,0,0.00033,sector_a
2151.49880006,0.9994298829539129,0,0.00033,sector_a
2151.50018895,0.9996567644613633,0,0.00033,sector_a
2151.50157783,0.9996413445461569,0,0.00033,sector_a
2151.50296672,0.9998236463162014,0,0.00033,sector_a
2151.50435561,0.999815336764399,0,0.00033,sector_a
2151.5057445,0.9999613620307874,0,0.00033,sector_a
2151.50713339,0.9995329514982475,0,0.00033,sector_a
2151.50852228,0.999596829929212,0,0.00033,sector_a
2151.50991117,0.999692838704299,0,0.00033,sector_a
2151.51130006,0.9991091351682405,0,0.00033,sector_a
2151.51268895,0.9992185787324387,0,0.00033,sector_a
2151.51407783,0.9996356446861682,0,0.00033,sector_a
2151.51546672,1.0000979911270949,0,0.00033,sector_a
2151.51685561,0.9993463952004159,0,0.00033,sector_a
2151.5182445,0.9996893706312641,0,0.00033,sector_a
2151.51963339,0.9995722058528903,0,0.00033,sector_a
2151.52102228,0.9995903435811361,0,0.00033,sector_a
2151.52241117,0.9998096394305833,0,0.00033,sector_a
2151.52380006,0.9996488659512496,0,0.00033,sector_a
2151.52518895,0.9993773105809328,0,0.00033,sector_a
2151.52657783,0.9998049865912998,0,0.00033,sector_a
2151.52796672,0.999839488296629,0,0.00033,sector_a
2151.52935561,0.9995238596550186,0,0.00033,sector_a
2151.5307445,0.9990815917046213,0,0.00033,sector_a
2151.53213339,0.9997647249050234,0,0.00033,sector_a
2151.53352228,0.998945437998643,2048,0.00033,sector_a
2151.53491117,0.9996617167454892,0,0.00033,sector_a
2151.53630006,0.9994921013600553,0,0.00033,sector_a
2151.53768895,0.9994926566664664,0,0.00033,sector_a
2151.53907783,0.999529919442206,0,0.00033,sector_a
2151.54046672,0.9999363811608469,0,0.00033,sector_a
2151.54185561,0.9994876246641293,0,0.00033,sector_a
2151.5432445,1.0001155395587322,0,0.00033,sector_a
2151.54463339,0.9993410030402282,0,0.00033,sector_a
2151.54602228,0.9992802956350665,0,0.00033,sector_a
2151.54741117,0.9998120128457116,0,0.00033,sector_a
2151.54880006,0.9995344493892624,0,0.00033,sector_a
2151.55018895,0.999768385443323,0,0.00033,sector_a
2151.55157783,0.9995074951958721,0,0.00033,sector_a
2151.55296672,0.9994785884427726,0,0.00033,sector_a
2151.55435561,0.9996138081393953,0,0.00033,sector_a
2151.5557445,0.9995843184870332,0,0.00033,sector_a
2151.55713339,0.9995199274119193,0,0.00033,sector_a
2151.55852228,0.9991415525571867,0,0.00033,sector_a
2151.55991117,0.9990802867875476,0,0.00033,sector_a
2151.56130006,1.0000569950155107,0,0.00033,sector_a
2151.56268895,0.9993836887123024,0,0.00033,sector_a
2151.56407783,0.999242836226387,0,0.00033,sector_a
2151.56546672,0.999414795760535,0,0.00033,sector_a
2151.56685561,0.9993196833317943,0,0.00033,sector_a
2151.5682445,0.9994923017250901,0,0.00033,sector_a
2151.56963339,0.9993159157468645,0,0.00033,sector_a
2151.57102228,0.9995698367827864,0,0.00033,sector_a
2151.57241117,0.9990022981751652,0,0.00033,sector_a
2151.57380006,0.9997169350940692,0,0.00033,sector_a
2151.57518895,0.9999959031405531,0,0.00033,sector_a
2151.57657783,0.9992697422747012,0,0.00033,sector_a
2151.57796672,0.9997270991836642,0,0.00033,sector_a
2151.57935561,0.9999861443124127,0,0.00033,sector_a
2151.5807445,0.9995442306645991,0,0.00033,sector_a
2151.58213339,0.9992354018914485,0,0.00033,sector_a
2151.58352228,1.000224412779405,0,0.00033,sector_a
2151.58491117,0.9998224218064178,0,0.00033,sector_a
2151.58630006,0.9995871742895858,0,0.00033,sector_a
2151.58768895,0.9992440771843522,0,0.00033,sector_a
2151.58907783,0.9990166088911,0,0.00033,sector_a
2151.59046672,0.9992994440287835,0,0.00033,sector_a
2151.59185561,1.0000726855847546,0,0.00033,sector_a
2151.5932445,0.9992271279296718,0,0.00033,sector_a
2151.59463339,0.9999587570668168,0,0.00033,sector_a
2151.59602228,0.9995392286304019,0,0.00033,sector_a
2151.59741117,0.9995641722759443,0,0.00033,sector_a
2151.59880006,0.999527542547457,0,0.00033,sector_a
2151.60018895,0.9994574482784188,0,0.00033,sector_a
2151.60157783,1.0000170790447536,0,0.00033,sector_a
2151.60296672,0.9991436564967382,0,0.00033,sector_a
2151.60435561,0.9992707238234919,0,0.00033,sector_a
2151.6057445,0.9999334732933627,0,0.00033,sector_a
2151.60713339,0.999601118667057,0,0.00033,sector_a
2151.60852228,0.9996103226956242,0,0.00033,sector_a
2151.60991117,0.9997681330183867,0,0.00033,sector_a
2151.61130006,0.999175578179559,0,0.00033,sector_a
2151.61268895,0.9996492510109821,0,0.00033,sector_a
2151.61407783,0.9990631914192206,0,0.00033,sector_a
2151.61546672,0.9993696628159146,0,0.00033,sector_a
2151.61685561,0.9993403886573596,0,0.00033,sector_a
2151.6182445,0.9995364738899315,0,0.00033,sector_a
2151.61963339,0.9997904672532446,0,0.00033,sector_a
2151.62102228,0.9997190022642758,0,0.00033,sector_a
2151.62241117,0.9994111950235474,0,0.00033,sector_a
2151.62380006,0.9994060650506096,0,0.00033,sector_a
2151.62518895,0.9998629682695378,0,0.00033,sector_a
2151.62657783,0.9990062447245002,0,0.00033,sector_a
2151.62796672,0.9994607530070575,0,0.00033,sector_a
2151.62935561,0.9998989643684092,0,0.00033,sector_a
2151.6307445,0.999274069672893,0,0.00033,sector_a
2151.63213339,0.9993872757256373,0,0.00033,sector_a
2151.63352228,0.999560266211773,0,0.00033,sector_a
2151.63491117,1.0001409979405893,0,0.00033,sector_a
2151.63630006,1.0000849668088236,0,0.00033,sector_a
2151.63768895,0.9997098475831873,0,0.00033,sector_a
2151.63907783,0.9998569317987268,0,0.00033,sector_a
2151.64046672,0.999188199723316,0,0.00033,sector_a
2151.64185561,0.9993249509041255,0,0.00033,sector_a
2151.6432445,0.9990940304570961,0,0.00033,sector_a
2151.64463339,0.9992986328765532,0,0.00033,sector_a
2151.64602228,0.9996375289016098,0,0.00033,sector_a
2151.64741117,0.9995805258236639,0,0.00033,sector_a
2151.64880006,0.9995193134547883,0,0.00033,sector_a
2151.65018895,0.9997297646100123,0,0.00033,sector_a
2151.65157783,0.9994066431395485,0,0.00033,sector_a
2151.65296672,0.9994870222549493,0,0.00033,sector_a
2151.65435561,0.9998728277311922,0,0.00033,sector_a
2151.6557445,0.9997733249111748,0,0.00033,sector_a
2151.65713339,0.999707232493618,0,0.00033,sector_a
2151.65852228,0.9992811844578273,0,0.00033,sector_a
2151.65991117,0.9992067623374105,0,0.00033,sector_a
2151.66130006,1.0000603090501312,0,0.00033,sector_a
2151.66268895,0.9995498230219595,0,0.00033,sector_a
2151.66407783,0.999457899660712,0,0.00033,sector_a
2151.66546672,0.9999708840359036,0,0.00033,sector_a
2151.66685561,0.9993853917073363,0,0.00033,sector_a
2151.6682445,0.9996810351362101,0,0.00033,sector_a
2151.66963339,0.999236520656808,0,0.00033,sector_a
2151.67102228,0.9993571760377864,0,0.00033,sector_a
2151.67241117,1.0000926717878535,0,0.00033,sector_a
2151.67380006,0.9995523874794152,0,0.00033,sector_a
2151.67518895,0.9992451549165928,0,0.00033,sector_a
2151.67657783,0.9997831480363067,0,0.00033,sector_a
2151.67796672,0.9993893722377896,0,0.00033,sector_a
2151.67935561,0.9992444235514174,0,0.00033,sector_a
2151.6807445,0.9998059817994809,0,0.00033,sector_a
2151.68213339,0.9997214863935271,0,0.00033,sector_a
2151.68352228,0.9995065591885562,0,0.00033,sector_a
2151.68491117,0.9996433016562504,0,0.00033,sector_a
2151.68630006,0.9994166422582235,0,0.00033,sector_a
2151.68768895,0.9999580016936797,0,0.00033,sector_a
2151.68907783,0.9997766290041445,0,0.00033,sector_a
2151.69046672,0.9992426395953785,0,0.00033,sector_a
2151.69185561,0.9997624748194092,0,0.00033,sector_a
2151.6932445,0.9990679496795702,0,0.00033,sector_a
2151.69463339,0.9991397512656935,0,0.00033,sector_a
2151.69602228,0.9993479546248065,0,0.00033,sector_a
2151.69741117,0.998946741993625,0,0.00033,sector_a
2151.69880006,0.9994796695770244,0,0.00033,sector_a
2151.70018895,0.9996798839231298,0,0.00033,sector_a
2151.70157783,0.9995308550663952,0,0.00033,sector_a
2151.70296672,0.9996562992338365,0,0.00033,sector_a
2151.70435561,0.9997059343525736,0,0.00033,sector_a
2151.7057445,0.9993805218865132,0,0.00033,sector_a
2151.70713339,1.0003855147039322,0,0.00033,sector_a
2151.70852228,0.9997041744020374,0,0.00033,sector_a
2151.70991117,0.9996313598805483,0,0.00033,sector_a
2151.71130006,0.9993604441380687,0,0.00033,sector_a
2151.71268895,0.9994448610664226,0,0.00033,sector_a
2151.71407783,0.9993394398565721,0,0.00033,sector_a
2151.71546672,0.9993978854398521,0,0.00033,sector_a
2151.71685561,0.9986981721239694,0,0.00033,sector_a
2151.7182445,0.9995038222882484,0,0.00033,sector_a
2151.71963339,0.9989995495245587,0,0.00033,sector_a
2151.72102228,0.9992308483508702,0,0.00033,sector_a
2151.72241117,0.9993519227390922,0,0.00033,sector_a
2151.72380006,0.9994546754267143,0,0.00033,sector_a
2151.72518895,0.9994799332194167,0,0.00033,sector_a
2151.72657783,0.9995255309074091,0,0.00033,sector_a
2151.72796672,0.9996346062104197,0,0.00033,sector_a
2151.72935561,0.9994771138494645,0,0.00033,sector_a
2151.7307445,0.9996523268747278,0,0.00033,sector_a
2151.73213339,0.9996457918483733,0,0.00033,sector_a
2151.73352228,0.9990334715750836,0,0.00033,sector_a
2151.73491117,0.999571470278856,0,0.00033,sector_a
2151.73630006,0.9999379945142816,0,0.00033,sector_a
2151.73768895,0.9991751865029619,0,0.00033,sector_a
2151.73907783,0.9997636206492994,0,0.00033,sector_a
2151.74046672,0.9991277954909137,0,0.00033,sector_a
2151.74185561,0.9991253482079173,0,0.00033,sector_a
2151.7432445,0.9995505645894153,0,0.00033,sector_a
2151.74463339,0.9995684172012405,0,0.00033,sector_a
2151.74602228,0.9991834556503622,0,0.00033,sector_a
2151.74741117,0.9997304346866176,0,0.00033,sector_a
2151.74880006,0.9995575441654921,0,0.00033,sector_a
2151.75018895,0.9995178482882098,0,0.00033,sector_a
2151.75157783,0.9994746059203327,0,0.00033,sector_a
2151.75296672,0.9992670936886424,0,0.00033,sector_a
2151.75435561,0.9996321359704727,0,0.00033,sector_a
2151.7557445,0.9996061062836162,0,0.00033,sector_a
2151.75713339,0.9993472226098132,0,0.00033,sector_a
2151.75852228,0.9996585622798901,0,0.00033,sector_a
2151.75991117,0.9993654861397838,0,0.00033,sector_a
2151.76130006,0.9997407786448645,0,0.00033,sector_a
2151.76268895,0.9994426552243992,0,0.00033,sector_a
2151.76407783,0.9993236075437801,0,0.00033,sector_a
2151.76546672,0.9994439426370134,0,0.00033,sector_a
2151.76685561,0.9996832926862674,0,0.00033,sector_a
2151.7682445,1.000034076776365,0,0.00033,sector_a
2151.76963339,0.9992171131887914,0,0.00033,sector_a
2151.77102228,0.9995251191224034,0,0.00033,sector_a
2151.77241117,0.9992000012121294,0,0.00033,sector_a
2151.77380006,0.9991996096774269,0,0.00033,sector_a
2151.77518895,0.9993144714006506,0,0.00033,sector_a
2151.77657783,0.9992329603101855,0,0.00033,sector_a
2151.77796672,0.9999735492345438,0,0.00033,sector_a
2151.77935561,0.9995677324197113,0,0.00033,sector_a
2151.7807445,0.9992750805225203,0,0.00033,sector_a
2151.78213339,0.9992863284449051,0,0.00033,sector_a
2151.78352228,0.9995059019064126,0,0.00033,sector_a
2151.78491117,0.9994704956872938,0,0.00033,sector_a
2151.78630006,0.9992940978153175,0,0.00033,sector_a
2151.78768895,0.9993264603707899,0,0.00033,sector_a
2151.78907783,0.9999806870929152,0,0.00033,sector_a
2151.79046672,0.9991296546029383,0,0.00033,sector_a
2151.79185561,0.999602622453191,0,0.00033,sector_a
2151.7932445,0.9985254563664052,0,0.00033,sector_a
2151.79463339,0.9994646264859759,0,0.00033,sector_a
2151.79602228,0.9996019169546944,0,0.00033,sector_a
2151.79741117,0.9996003321873252,0,0.00033,sector_a
2151.79880006,0.9992133087354333,0,0.00033,sector_a
2151.80018895,0.9992690932852435,0,0.00033,sector_a
2151.80157783,1.0000085456881609,0,0.00033,sector_a
2151.80296672,0.9991064400546312,0,0.00033,sector_a
2151.80435561,0.999173901073646,0,0.00033,sector_a
2151.8057445,0.9995508330317533,0,0.00033,sector_a
2151.80713339,0.9998344959946838,0,0.00033,sector_a
2151.80852228,0.9988919961022636,0,0.00033,sector_a
2151.80991117,0.9993631642800542,0,0.00033,sector_a
2151.81130006,0.9995052686916235,0,0.00033,sector_a
2151.81268895,1.0000190601207903,0,0.00033,sector_a
2151.81407783,0.9995019823815844,0,0.00033,sector_a
2151.81546672,0.9992410049654682,0,0.00033,sector_a
2151.81685561,0.9991162725934428,0,0.00033,sector_a
2151.8182445,0.9996440660373748,0,0.00033,sector_a
2151.81963339,0.9995284608546242,0,0.00033,sector_a
2151.82102228,0.9995068614807056,0,0.00033,sector_a
2151.82241117,0.9994906817854556,0,0.00033,sector_a
2151.82380006,0.9990792329418484,0,0.00033,sector_a
2151.82518895,0.9995528283618001,0,0.00033,sector_a
2151.82657783,0.9992471924949013,0,0.00033,sector_a
2151.82796672,0.999429512672446,0,0.00033,sector_a
2151.82935561,0.9994081790640987,0,0.00033,sector_a
2151.8307445,0.9991778065089582,0,0.00033,sector_a
2151.83213339,0.9989823571720806,0,0.00033,sector_a
2151.83352228,0.9991684419272758,0,0.00033,sector_a
2151.83491117,0.9993274552714301,0,0.00033,sector_a
2151.83630006,0.9996713264060129,0,0.00033,sector_a
2151.83768895,0.9993889355128258,0,0.00033,sector_a
2151.83907783,0.9989715748888289,0,0.00033,sector_a
2151.84046672,0.9993643534377167,0,0.00033,sector_a
2151.84185561,0.9991987069472303,0,0.00033,sector_a
2151.8432445,0.9995031363463268,0,0.00033,sector_a
2151.84463339,0.9994080776878399,0,0.00033,sector_a
2151.84602228,0.9991642899262291,0,0.00033,sector_a
2151.84741117,0.9994788932519203,0,0.00033,sector_a
2151.84880006,0.9991776888489631,0,0.00033,sector_a
2151.85018895,0.999269532920454,0,0.00033,sector_a
2151.85157783,0.9990204612761961,0,0.00033,sector_a
2151.85296672,0.9990085185939189,0,0.00033,sector_a
2151.85435561,0.9999628698027797,0,0.00033,sector_a
2151.8557445,0.9993513445412324,0,0.00033,sector_a
2151.85713339,0.9993046916030851,0,0.00033,sector_a
2151.85852228,0.9987921513611017,0,0.00033,sector_a
2151.85991117,0.9994217021555454,0,0.00033,sector_a
2151.86130006,0.9991168513495373,0,0.00033,sector_a
2151.86268895,0.9987884519998843,0,0.00033,sector_a
2151.86407783,0.9993547514396661,0,0.00033,sector_a
2151.86546672,0.9996124357814953,0,0.00033,sector_a
2151.86685561,0.9995732240091206,0,0.00033,sector_a
2151.8682445,0.9994142184208739,0,0.00033,sector_a
2151.86963339,0.9993444158634779,0,0.00033,sector_a
2151.87102228,0.9994815368641594,0,0.00033,sector_a
2151.87241117,0.9990679914046349,0,0.00033,sector_a
2151.87380006,0.9997891385184076,0,0.00033,sector_a
2151.87518895,0.99900514634655,0,0.00033,sector_a
2151.87657783,0.9992164495761325,0,0.00033,sector_a
2151.87796672,0.9992492310146353,0,0.00033,sector_a
2151.87935561,0.9989619242295199,0,0.00033,sector_a
2151.8807445,0.9993660829758715,0,0.00033,sector_a
2151.88213339,0.9993229373794991,0,0.00033,sector_a
2151.88352228,0.9990748560157479,0,0.00033,sector_a
2151.88491117,0.9990631590049074,0,0.00033,sector_a
2151.88630006,0.9996507572536016,0,0.00033,sector_a
2151.88768895,0.9987016906778841,0,0.00033,sector_a
2151.88907783,0.9992700461369287,0,0.00033,sector_a
2151.89046672,0.999556054632531,0,0.00033,sector_a
2151.89185561,0.99956352987598,0,0.00033,sector_a
2151.8932445,0.9993475156059732,0,0.00033,sector_a
2151.89463339,0.9988956052084966,0,0.00033,sector_a
2151.89602228,0.9991962940424884,0,0.00033,sector_a
2151.89741117,0.9989533030305237,0,0.00033,sector_a
2151.89880006,0.9989103620386585,0,0.00033,sector_a
2151.90018895,0.9993859746400977,0,0.00033,sector_a
2151.90157783,0.9988784324480807,0,0.00033,sector_a
2151.90296672,0.9995050243057563,0,0.00033,sector_a
2151.90435561,0.9987693656950515,0,0.00033,sector_a
2151.9057445,0.9992405216295123,0,0.00033,sector_a
2151.90713339,0.9993182956625022,0,0.00033,sector_a
2151.90852228,0.9991724140003719,0,0.00033,sector_a
2151.90991117,0.999694841107649,0,0.00033,sector_a
2151.91130006,0.9989976631412267,0,0.00033,sector_a
2151.91268895,0.9992598157593668,0,0.00033,sector_a
2151.91407783,0.999470107331121,0,0.00033,sector_a
2151.91546672,0.9994900194476259,0,0.00033,sector_a
2151.91685561,0.9991576674344136,0,0.00033,sector_a
2151.9182445,0.9994665542514657,0,0.00033,sector_a
2151.91963339,0.9993910058380062,0,0.00033,sector_a
2151.92102228,0.9995998632384065,0,0.00033,sector_a
2151.92241117,0.9987871014882961,0,0.00033,sector_a
2151.92380006,0.999461516810141,0,0.00033,sector_a
2151.92518895,0.9991222158110622,0,0.00033,sector_a
2151.92657783,0.9992161851221292,0,0.00033,sector_a
2151.92796672,0.9992103417668838,0,0.00033,sector_a
2151.92935561,0.9992336663891613,0,0.00033,sector_a
2151.9307445,0.9994474918439973,0,0.00033,sector_a
2151.93213339,0.9995150988906452,0,0.00033,sector_a
2151.93352228,0.9994202169778399,0,0.00033,sector_a
2151.93491117,0.9993372647984492,0,0.00033,sector_a
2151.93630006,0.9995543740704624,0,0.00033,sector_a
2151.93768895,0.9987874595859587,0,0.00033,sector_a
2151.93907783,0.9994134712803836,0,0.00033,sector_a
2151.94046672,0.9995346792729894,0,0.00033,sector_a
2151.94185561,0.9995840366320857,0,0.00033,sector_a
2151.9432445,0.9997267298575943,0,0.00033,sector_a
2151.94463339,0.9995706184895431,0,0.00033,sector_a
2151.94602228,0.9994519351146259,0,0.00033,sector_a
2151.94741117,0.9993690514226753,0,0.00033,sector_a
2151.94880006,0.9994639226779476,0,0.00033,sector_a
2151.95018895,0.9991347003568826,0,0.00033,sector_a
2151.95157783,0.9994591105789349,0,0.00033,sector_a
2151.95296672,0.9992052782931019,0,0.00033,sector_a
2151.95435561,0.9986233826708796,0,0.00033,sector_a
2151.9557445,0.9992777635738292,0,0.00033,sector_a
2151.95713339,0.998956848617592,0,0.00033,sector_a
2151.95852228,0.9994915484536692,0,0.00033,sector_a
2151.95991117,0.9994394003566041,0,0.00033,sector_a
2151.96130006,0.9994725710813801,0,0.00033,sector_a
2151.96268895,0.998943674763358,0,0.00033,sector_a
2151.96407783,0.9994768484152382,0,0.00033,sector_a
2151.96546672,0.999350220372803,0,0.00033,sector_a
2151.96685561,0.9989818376721167,0,0.00033,sector_a
2151.9682445,0.9990493870711035,0,0.00033,sector_a
2151.96963339,0.9992792295133859,0,0.00033,sector_a
2151.97102228,0.9990809224233956,0,0.00033,sector_a
2151.97241117,0.9993986594022328,0,0.00033,sector_a
2151.97380006,0.9992311009066592,0,0.00033,sector_a
2151.97518895,0.9997560788378854,0,0.00033,sector_a
2151.97657783,0.9995206372640761,0,0.00033,sector_a
2151.97796672,0.9994846416753054,0,0.00033,sector_a
2151.97935561,0.9992551409049594,0,0.00033,sector_a
2151.9807445,0.9995017196051765,0,0.00033,sector_a
2151.98213339,0.9993211675974166,0,0.00033,sector_a
2151.98352228,0.9987970891723681,0,0.00033,sector_a
2151.98491117,0.9992803433450856,0,0.00033,sector_a
2151.98630006,0.9993594314638179,0,0.00033,sector_a
2151.98768895,0.9990537045237489,0,0.00033,sector_a
2151.98907783,0.9993616577491943,0,0.00033,sector_a
2151.99046672,0.9992649863583399,0,0.00033,sector_a
2151.99185561,0.9987359427031701,0,0.00033,sector_a
2151.9932445,0.9992167366713521,0,0.00033,sector_a
2151.99463339,0.999719932250247,0,0.00033,sector_a
2151.99602228,0.999088870893422,0,0.00033,sector_a
2151.99741117,0.998991592168498,0,0.00033,sector_a
2151.99880006,0.998983852282049,0,0.00033,sector_a
2152.00018895,0.9995614241295919,0,0.00033,sector_a
2152.00157783,0.9990509021004472,0,0.00033,sector_a
2152.00296672,0.9991265181529125,0,0.00033,sector_a
2152.00435561,0.999231431171478,0,0.00033,sector_a
2152.0057445,0.9994781401883376,0,0.00033,sector_a
2152.00713339,0.9990513233036519,0,0.00033,sector_a
2152.00852228,0.9990781438412376,0,0.00033,sector_a
2152.00991117,0.9989258841536176,0,0.00033,sector_a
2152.01130006,0.9996349387489625,0,0.00033,sector_a
2152.01268895,0.998943163806488,0,0.00033,sector_a
2152.01407783,0.9993395218919346,0,0.00033,sector_a
2152.01546672,0.998912052411903,0,0.00033,sector_a
2152.01685561,0.9988574328689259,0,0.00033,sector_a
2152.0182445,0.999237649908201,0,0.00033,sector_a
2152.01963339,0.9995178105407847,0,0.00033,sector_a
2152.02102228,0.9991787020721885,0,0.00033,sector_a
2152.02241117,0.9990206058084999,0,0.00033,sector_a
2152.02380006,0.9993821360228813,0,0.00033,sector_a
2152.02518895,0.9991859452872881,0,0.00033,sector_a
2152.02657783,0.9990623000178551,0,0.00033,sector_a
2152.02796672,0.9991940915611154,0,0.00033,sector_a
2152.02935561,0.9993433688102741,0,0.00033,sector_a
2152.0307445,0.9997673745548608,0,0.00033,sector_a
2152.03213339,0.9990643347182191,0,0.00033,sector_a
2152.03352228,0.9993381348202728,0,0.00033,sector_a
2152.03491117,0.9995123615714333,0,0.00033,sector_a
2152.03630006,0.9993703639123783,0,0.00033,sector_a
2152.03768895,0.9990780681936006,0,0.00033,sector_a
2152.03907783,0.9996082439788296,0,0.00033,sector_a
2152.04046672,0.9992538089036215,0,0.00033,sector_a
2152.04185561,0.9995122897704042,0,0.00033,sector_a
2152.0432445,0.9993751013291364,0,0.00033,sector_a
2152.04463339,0.9989124416973473,0,0.00033,sector_a
2152.04602228,0.9995272074817347,0,0.00033,sector_a
2152.04741117,0.9996421580066978,0,0.00033,sector_a
2152.04880006,0.9987825528686567,0,0.00033,sector_a
2152.05018895,0.998979218894419,0,0.00033,sector_a
2152.05157783,0.9991717946252578,0,0.00033,sector_a
2152.05296672,0.9993158201410584,0,0.00033,sector_a
2152.05435561,0.9993481352326775,0,0.00033,sector_a
2152.0557445,0.9988763659225964,0,0.00033,sector_a
2152.05713339,0.9995701770228065,0,0.00033,sector_a
2152.05852228,0.9991673349706612,0,0.00033,sector_a
2152.05991117,0.9987943621000595,0,0.00033,sector_a
2152.06130006,0.9990729900063514,0,0.00033,sector_a
2152.06268895,0.9997192714244708,0,0.00033,sector_a
2152.06407783,0.9990027570917438,0,0.00033,sector_a
2152.06546672,0.9991142088534068,0,0.00033,sector_a
2152.06685561,0.9989397634076127,0,0.00033,sector_a
2152.0682445,0.9989776178784109,0,0.00033,sector_a
