time_mjd,flux,quality_flag,flux_err,sector
2153.2,0.9969114068924195,0,0.00033,sector_b
2153.20138889,0.9974768928290318,0,0.00033,sector_b
2153.20277778,0.9972858230697702,0,0.00033,sector_b
2153.20416667,0.9975135175983021,0,0.00033,sector_b
2153.20555556,0.9969963493593277,0,0.00033,sector_b
2153.20694444,0.9973121295174232,0,0.00033,sector_b
2153.20833333,0.9967878999077334,0,0.00033,sector_b
2153.20972222,0.9968876771035831,0,0.00033,sector_b
2153.21111111,0.9970529004767821,0,0.00033,sector_b
2153.2125,0.9972783885353574,0,0.00033,sector_b
2153.21388889,0.9966111951350761,0,0.00033,sector_b
2153.21527778,0.9970828718284477,0,0.00033,sector_b
2153.21666667,0.9965437813764614,0,0.00033,sector_b
2153.21805556,0.9967360089451618,0,0.00033,sector_b
2153.21944444,0.9970080567470888,0,0.00033,sector_b
2153.22083333,0.9967436972500954,0,0.00033,sector_b
2153.22222222,0.9971072344844966,0,0.00033,sector_b
2153.22361111,0.9973319803171036,0,0.00033,sector_b
2153.225,0.9970111814026692,0,0.00033,sector_b
2153.22638889,0.9977524171448482,0,0.00033,sector_b
2153.22777778,0.9972014807199562,0,0.00033,sector_b
2153.22916667,0.9969147614825731,0,0.00033,sector_b
2153.23055556,0.9966516833559708,0,0.00033,sector_b
2153.23194444,0.9972346287085416,0,0.00033,sector_b
2153.23333333,0.9971276904248056,0,0.00033,sector_b
2153.23472222,0.9970206664981308,0,0.00033,sector_b
2153.23611111,0.9968474162768552,0,0.00033,sector_b
2153.2375,0.9971646709888217,0,0.00033,sector_b
2153.23888889,0.9968257366424276,0,0.00033,sector_b
2153.24027778,0.9973878389571864,0,0.00033,sector_b
2153.24166667,0.9973998239151263,0,0.00033,sector_b
2153.24305556,0.9971966021503706,0,0.00033,sector_b
2153.24444444,0.997204303573087,0,0.00033,sector_b
2153.24583333,0.9971610060526936,4096,0.00033,sector_b
2153.24722222,0.9970306460793535,0,0.00033,sector_b
2153.24861111,0.9969031762970133,0,0.00033,sector_b
2153.25,0.9970555667253462,0,0.00033,sector_b
2153.25138889,0.9959693442096281,0,0.00033,sector_b
2153.25277778,0.9971595285659671,0,0.00033,sector_b
2153.25416667,0.9972219123296107,0,0.00033,sector_b
2153.25555556,0.9965045785740952,0,0.00033,sector_b
2153.25694444,0.9973206991485005,0,0.00033,sector_b
2153.25833333,0.9970744331671345,0,0.00033,sector_b
2153.25972222,0.9971053958957767,0,0.00033,sector_b
2153.26111111,0.9964453859848666,0,0.00033,sector_b
2153.2625,0.9964940256571608,0,0.00033,sector_b
2153.26388889,0.9969015809969736,0,0.00033,sector_b
2153.26527778,0.9971544106686787,0,0.00033,sector_b
2153.26666667,0.9972428658236535,0,0.00033,sector_b
2153.26805556,0.9969994426826968,0,0.00033,sector_b
2153.26944444,0.9970676164689842,0,0.00033,sector_b
2153.27083333,0.9970585179529914,0,0.00033,sector_b
2153.27222222,0.9968810389517974,0,0.00033,sector_b
2153.27361111,0.9970079854732059,0,0.00033,sector_b
2153.275,0.9968062792772615,0,0.00033,sector_b
2153.27638889,0.996944056856006,0,0.00033,sector_b
2153.27777778,0.9974370162695201,0,0.00033,sector_b
2153.27916667,0.9967433962554302,0,0.00033,sector_b
2153.28055556,0.996519229738177,0,0.00033,sector_b
2153.28194444,0.9966556481901374,0,0.00033,sector_b
2153.28333333,0.9968678452880806,0,0.00033,sector_b
2153.28472222,0.9968506899659287,0,0.00033,sector_b
2153.28611111,0.9964633209553229,0,0.00033,sector_b
2153.2875,0.9966315975962139,0,0.00033,sector_b
2153.28888889,0.9970302504522186,0,0.00033,sector_b
2153.29027778,0.9968349248880185,0,0.00033,sector_b
2153.29166667,0.9965021298562041,0,0.00033,sector_b
2153.29305556,0.9971943971958057,0,0.00033,sector_b
2153.29444444,0.997368602523193,0,0.00033,sector_b
2153.29583333,0.9968156649058015,0,0.00033,sector_b
2153.29722222,0.9966559900848411,0,0.00033,sector_b
2153.29861111,0.9972715892770009,0,0.00033,sector_b
2153.3,0.9972365143476896,0,0.00033,sector_b
2153.30138889,0.9970587982504427,0,0.00033,sector_b
2153.30277778,0.9972301270159145,0,0.00033,sector_b
2153.30416667,0.9969960753244816,0,0.00033,sector_b
2153.30555556,0.9968534390339117,0,0.00033,sector_b
2153.30694444,0.9969534158972883,0,0.00033,sector_b
2153.30833333,0.9966865503979022,0,0.00033,sector_b
2153.30972222,0.9969625865572831,0,0.00033,sector_b
2153.31111111,0.9970246234234182,0,0.00033,sector_b
2153.3125,0.9966331990476873,0,0.00033,sector_b
2153.31388889,0.9968374534814851,0,0.00033,sector_b
2153.31527778,0.9966230262696282,0,0.00033,sector_b
2153.31666667,0.9969084909316619,0,0.00033,sector_b
2153.31805556,0.99704449351837,0,0.00033,sector_b
2153.31944444,0.9971690628605253,0,0.00033,sector_b
2153.32083333,0.9966826592207895,0,0.00033,sector_b
2153.32222222,0.996849501731418,0,0.00033,sector_b
2153.32361111,0.997160981098839,0,0.00033,sector_b
2153.325,0.9966333706055319,0,0.00033,sector_b
2153.32638889,0.9969686040622234,0,0.00033,sector_b
2153.32777778,0.996828350794585,0,0.00033,sector_b
2153.32916667,0.9960898008369636,0,0.00033,sector_b
2153.33055556,0.9961972726912552,0,0.00033,sector_b
2153.33194444,0.9970086974994744,0,0.00033,sector_b
2153.33333333,0.9965273894744853,0,0.00033,sector_b
2153.33472222,0.9970181585311646,0,0.00033,sector_b
2153.33611111,0.9970271662386384,0,0.00033,sector_b
2153.3375,0.9970555473659443,0,0.00033,sector_b
2153.33888889,0.9967468292597503,0,0.00033,sector_b
2153.34027778,0.9964907427388272,0,0.00033,sector_b
2153.34166667,0.996875332582051,0,0.00033,sector_b
2153.34305556,0.9966300898588433,0,0.00033,sector_b
2153.34444444,0.9968669241664668,0,0.00033,sector_b
2153.34583333,0.996705790569805,0,0.00033,sector_b
2153.34722222,0.9967842928565195,0,0.00033,sector_b
2153.34861111,0.9966276920746435,0,0.00033,sector_b
2153.35,0.9974520796633,0,0.00033,sector_b
2153.35138889,0.9962229693157092,0,0.00033,sector_b
2153.35277778,0.9961436757159202,0,0.00033,sector_b
2153.35416667,0.9968494750491833,0,0.00033,sector_b
2153.35555556,0.9965896336026484,0,0.00033,sector_b
2153.35694444,0.9964652730346334,0,0.00033,sector_b
2153.35833333,0.9964457843501616,0,0.00033,sector_b
2153.35972222,0.996763006081092,0,0.00033,sector_b
2153.36111111,0.9965521304834482,0,0.00033,sector_b
2153.3625,0.9969057971875882,0,0.00033,sector_b
2153.36388889,0.9969737871584542,0,0.00033,sector_b
2153.36527778,0.9968037736725639,0,0.00033,sector_b
2153.36666667,0.997193424431886,0,0.00033,sector_b
2153.36805556,0.9967892801968671,0,0.00033,sector_b
2153.36944444,0.9962164701042506,0,0.00033,sector_b
2153.37083333,0.9968481383280914,0,0.00033,sector_b
2153.37222222,0.9971198049903092,0,0.00033,sector_b
2153.37361111,0.9968054897981773,0,0.00033,sector_b
2153.375,0.9968834089549709,0,0.00033,sector_b
2153.37638889,0.9963319861059078,0,0.00033,sector_b
2153.37777778,0.9967673035786843,0,0.00033,sector_b
2153.37916667,0.9965401313219571,0,0.00033,sector_b
2153.38055556,0.9960997839129704,0,0.00033,sector_b
2153.38194444,0.9961483507143791,0,0.00033,sector_b
2153.38333333,0.9964565546199711,0,0.00033,sector_b
2153.38472222,0.996450633663337,0,0.00033,sector_b
2153.38611111,0.9964705246635477,0,0.00033,sector_b
2153.3875,0.9967922769540991,0,0.00033,sector_b
2153.38888889,0.9968675472584154,0,0.00033,sector_b
2153.39027778,0.9964873526601105,0,0.00033,sector_b
2153.39166667,0.9967365717380899,0,0.00033,sector_b
2153.39305556,0.9968325229609503,0,0.00033,sector_b
2153.39444444,0.9965762799292797,0,0.00033,sector_b
2153.39583333,0.9970414433015922,0,0.00033,sector_b
2153.39722222,0.9962473115111546,0,0.00033,sector_b
2153.39861111,0.9962839609552395,0,0.00033,sector_b
2153.4,0.9966806160532236,0,0.00033,sector_b
2153.40138889,0.9962960998167336,0,0.00033,sector_b
2153.40277778,0.9966599540696699,0,0.00033,sector_b
2153.40416667,0.9968750750869935,0,0.00033,sector_b
2153.40555556,0.9965296314815485,0,0.00033,sector_b
2153.40694444,0.9965548865403816,0,0.00033,sector_b
2153.40833333,0.9965407686526203,0,0.00033,sector_b
2153.40972222,0.9964726480989671,0,0.00033,sector_b
2153.41111111,0.99595839256351,0,0.00033,sector_b
2153.4125,0.995828991542334,0,0.00033,sector_b
2153.41388889,0.9964088937124443,0,0.00033,sector_b
2153.41527778,0.9961562298157761,0,0.00033,sector_b
2153.41666667,0.996657535707285,0,0.00033,sector_b
2153.41805556,0.9962801542034629,0,0.00033,sector_b
2153.41944444,0.9965395202092882,0,0.00033,sector_b
2153.42083333,0.9966656993279612,0,0.00033,sector_b
2153.42222222,0.9960723000139273,0,0.00033,sector_b
2153.42361111,0.9967062780879109,0,0.00033,sector_b
2153.425,0.9964169911093114,0,0.00033,sector_b
2153.42638889,0.9966888670560289,0,0.00033,sector_b
2153.42777778,0.995958769897252,0,0.00033,sector_b
2153.42916667,0.9969144245839223,0,0.00033,sector_b
2153.43055556,0.9965000510797073,0,0.00033,sector_b
2153.43194444,0.9968919343313352,0,0.00033,sector_b
2153.43333333,0.9960942956360691,0,0.00033,sector_b
2153.43472222,0.9966507566163081,0,0.00033,sector_b
2153.43611111,0.9964177799696189,0,0.00033,sector_b
2153.4375,0.9965768320760147,0,0.00033,sector_b
2153.43888889,0.9963858959642421,0,0.00033,sector_b
2153.44027778,0.997030461008684,0,0.00033,sector_b
2153.44166667,0.9968331592916637,0,0.00033,sector_b
2153.44305556,0.9961112018637419,0,0.00033,sector_b
2153.44444444,0.9967893751060145,0,0.00033,sector_b
2153.44583333,0.9965334908116799,0,0.00033,sector_b
2153.44722222,0.9966298776002404,0,0.00033,sector_b
2153.44861111,0.99613611702919,0,0.00033,sector_b
2153.45,0.9971435962529371,0,0.00033,sector_b
2153.45138889,0.996661145569389,0,0.00033,sector_b
2153.45277778,0.99656011257549,0,0.00033,sector_b
2153.45416667,0.9959890966640974,0,0.00033,sector_b
2153.45555556,0.9966694377144258,0,0.00033,sector_b
2153.45694444,0.9966026743332327,0,0.00033,sector_b
2153.45833333,0.9967778666985447,0,0.00033,sector_b
2153.45972222,0.996670844803926,0,0.00033,sector_b
2153.46111111,0.9959986555421886,0,0.00033,sector_b
2153.4625,0.9966670392582326,0,0.00033,sector_b
2153.46388889,0.9969791565046802,0,0.00033,sector_b
2153.46527778,0.9964667895641223,0,0.00033,sector_b
2153.46666667,0.9960511517561429,0,0.00033,sector_b
2153.46805556,0.996117352247616,0,0.00033,sector_b
2153.46944444,0.9959769698772524,0,0.00033,sector_b
2153.47083333,0.9964756389444215,0,0.00033,sector_b
2153.47222222,0.9964360627496143,0,0.00033,sector_b
2153.47361111,0.9962562066607111,0,0.00033,sector_b
2153.475,0.9965742512719009,0,0.00033,sector_b
2153.47638889,0.9965724306735807,0,0.00033,sector_b
2153.47777778,0.9962503993259078,0,0.00033,sector_b
2153.47916667,0.9962844509648261,0,0.00033,sector_b
2153.48055556,0.9965452964683468,0,0.00033,sector_b
2153.48194444,0.9963058039238285,0,0.00033,sector_b
2153.48333333,0.9970772819110638,0,0.00033,sector_b
2153.48472222,0.9960711659073533,0,0.00033,sector_b
2153.48611111,0.9962212696908159,0,0.00033,sector_b
2153.4875,0.9964943818622082,0,0.00033,sector_b
2153.48888889,0.9958996100570106,0,0.00033,sector_b
2153.49027778,0.9960955244222107,0,0.00033,sector_b
2153.49166667,0.9963758879085041,0,0.00033,sector_b
2153.49305556,0.9963760408085074,0,0.00033,sector_b
2153.49444444,0.996068509036568,0,0.00033,sector_b
2153.49583333,0.9961754473729039,0,0.00033,sector_b
2153.49722222,0.9964951156208176,0,0.00033,sector_b
2153.49861111,0.9966088631353841,0,0.00033,sector_b
2153.5,0.9962444308416901,0,0.00033,sector_b
2153.50138889,0.9961380878706627,0,0.00033,sector_b
2153.50277778,0.9964995762781532,0,0.00033,sector_b
2153.50416667,0.9960564877014528,0,0.00033,sector_b
2153.50555556,0.9965333083365912,0,0.00033,sector_b
2153.50694444,0.996660466926829,0,0.00033,sector_b
2153.50833333,0.996146401711227,0,0.00033,sector_b
2153.50972222,0.9965903810690687,0,0.00033,sector_b
2153.51111111,0.9965496505266294,0,0.00033,sector_b
2153.5125,0.9961641636183403,0,0.00033,sector_b
2153.51388889,0.9965202856197066,0,0.00033,sector_b
2153.51527778,0.9960783917195642,0,0.00033,sector_b
2153.51666667,0.996722047422833,0,0.00033,sector_b
2153.51805556,0.9960110047539422,0,0.00033,sector_b
2153.51944444,0.9964968648382991,0,0.00033,sector_b
2153.52083333,0.9961596261377148,0,0.00033,sector_b
2153.52222222,0.9955379820215843,0,0.00033,sector_b
2153.52361111,0.9961605164410497,0,0.00033,sector_b
2153.525,0.9958516732971137,0,0.00033,sector_b
2153.52638889,0.9963392215911193,0,0.00033,sector_b
2153.52777778,0.9960954328585852,0,0.00033,sector_b
2153.52916667,0.9961309860138996,0,0.00033,sector_b
2153.53055556,0.9961979397039629,0,0.00033,sector_b
2153.53194444,0.9964240125521892,0,0.00033,sector_b
2153.53333333,0.9962437377741409,0,0.00033,sector_b
2153.53472222,0.9961379692126373,0,0.00033,sector_b
2153.53611111,0.9963097360012534,0,0.00033,sector_b
2153.5375,0.9969735346719015,0,0.00033,sector_b
2153.53888889,0.9963851116107143,0,0.00033,sector_b
2153.54027778,0.9963612035094447,0,0.00033,sector_b
2153.54166667,0.9960204676204663,0,0.00033,sector_b
2153.54305556,0.9963202298417891,0,0.00033,sector_b
2153.54444444,0.9965160228182814,0,0.00033,sector_b
2153.54583333,0.9958876975623498,0,0.00033,sector_b
2153.54722222,0.9958901033846551,0,0.00033,sector_b
2153.54861111,0.9963948167264318,0,0.00033,sector_b
2153.55,0.9956037330587928,0,0.00033,sector_b
2153.55138889,0.9959570119793921,0,0.00033,sector_b
2153.55277778,0.9963297618677521,0,0.00033,sector_b
2153.55416667,0.9961373831598559,0,0.00033,sector_b
2153.55555556,0.9958550448640067,0,0.00033,sector_b
2153.55694444,0.9967108678074221,0,0.00033,sector_b
2153.55833333,0.9964058709528553,0,0.00033,sector_b
2153.55972222,0.9959742903924792,0,0.00033,sector_b
2153.56111111,0.9961124957937377,0,0.00033,sector_b
2153.5625,0.9957961875285227,0,0.00033,sector_b
2153.56388889,0.9958761740422812,0,0.00033,sector_b
2153.56527778,0.9960481547904247,0,0.00033,sector_b
2153.56666667,0.9965369431570014,0,0.00033,sector_b
2153.56805556,0.9959538399193215,0,0.00033,sector_b
2153.56944444,0.9959817504172687,0,0.00033,sector_b
2153.57083333,0.9963684663462032,0,0.00033,sector_b
2153.57222222,0.9959464930568472,0,0.00033,sector_b
2153.57361111,0.9964542933245837,0,0.00033,sector_b
2153.575,0.9964579036429123,0,0.00033,sector_b
2153.57638889,0.9960817142080446,0,0.00033,sector_b
2153.57777778,0.996266792088203,0,0.00033,sector_b
2153.57916667,0.9956081366045424,0,0.00033,sector_b
2153.58055556,0.9963345872009683,0,0.00033,sector_b
2153.58194444,0.9955096711595516,0,0.00033,sector_b
2153.58333333,0.9963345740240364,0,0.00033,sector_b
2153.58472222,0.9960426561664623,0,0.00033,sector_b
2153.58611111,0.9959593205797971,0,0.00033,sector_b
2153.5875,0.9969128443199003,0,0.00033,sector_b
2153.58888889,0.9963160472048243,0,0.00033,sector_b
2153.59027778,0.996659176703115,0,0.00033,sector_b
2153.59166667,0.9959373308344636,0,0.00033,sector_b
2153.59305556,0.9957704479217878,0,0.00033,sector_b
2153.59444444,0.9963111873740401,0,0.00033,sector_b
2153.59583333,0.9960047362017408,0,0.00033,sector_b
2153.59722222,0.996397037735725,0,0.00033,sector_b
2153.59861111,0.9960872068907785,0,0.00033,sector_b
2153.6,0.9960048144623889,0,0.00033,sector_b
2153.60138889,0.9964546964098133,0,0.00033,sector_b
2153.60277778,0.995975823885042,0,0.00033,sector_b
2153.60416667,0.9958771450881689,0,0.00033,sector_b
2153.60555556,0.9964443849262131,0,0.00033,sector_b
2153.60694444,0.9961290177336127,0,0.00033,sector_b
2153.60833333,0.9962144275660587,0,0.00033,sector_b
2153.60972222,0.9957057116870719,0,0.00033,sector_b
2153.61111111,0.9960614960739378,0,0.00033,sector_b
2153.6125,0.9952372650422217,0,0.00033,sector_b
2153.61388889,0.9962204886172207,0,0.00033,sector_b
2153.61527778,0.9959469454753324,0,0.00033,sector_b
2153.61666667,0.9955177822701655,0,0.00033,sector_b
2153.61805556,0.9958733249799314,0,0.00033,sector_b
2153.61944444,0.995941808979728,0,0.00033,sector_b
2153.62083333,0.9959539912267832,0,0.00033,sector_b
2153.62222222,0.9961296219425966,0,0.00033,sector_b
2153.62361111,0.9960363963391915,0,0.00033,sector_b
2153.625,0.9961006806525528,0,0.00033,sector_b
2153.62638889,0.9956501267388825,0,0.00033,sector_b
2153.62777778,0.9958223193462162,0,0.00033,sector_b
2153.62916667,0.9960885843972508,0,0.00033,sector_b
2153.63055556,0.9963225664032667,0,0.00033,sector_b
2153.63194444,0.9964698891254912,0,0.00033,sector_b
2153.63333333,0.9957666566340002,0,0.00033,sector_b
2153.63472222,0.996070309621195,0,0.00033,sector_b
2153.63611111,0.9959043240280695,0,0.00033,sector_b
2153.6375,0.996924991448179,0,0.00033,sector_b
2153.63888889,0.9956703149332102,0,0.00033,sector_b
2153.64027778,0.9955822228572832,0,0.00033,sector_b
2153.64166667,0.9960626791248096,0,0.00033,sector_b
2153.64305556,0.9957492025152064,0,0.00033,sector_b
2153.64444444,0.9960610473416823,0,0.00033,sector_b
2153.64583333,0.9961259315986754,0,0.00033,sector_b
2153.64722222,0.9959645094813631,0,0.00033,sector_b
2153.64861111,0.9963212421850465,0,0.00033,sector_b
2153.65,0.9963040944661173,0,0.00033,sector_b
2153.65138889,0.9960433235944687,0,0.00033,sector_b
2153.65277778,0.9958087532800297,0,0.00033,sector_b
2153.65416667,0.9964577009462232,0,0.00033,sector_b
2153.65555556,0.9958418278255351,0,0.00033,sector_b
2153.65694444,0.995890158026908,0,0.00033,sector_b
2153.65833333,0.9960912610639983,0,0.00033,sector_b
2153.65972222,0.9959433895293933,0,0.00033,sector_b
2153.66111111,0.9955984085940821,0,0.00033,sector_b
2153.6625,0.99627754743042,0,0.00033,sector_b
2153.66388889,0.9958318756342892,0,0.00033,sector_b
2153.66527778,0.9961098147828049,0,0.00033,sector_b
2153.66666667,0.9960659109322815,0,0.00033,sector_b
2153.66805556,0.9962215359880817,2048,0.00033,sector_b
2153.66944444,0.9961360455056887,0,0.00033,sector_b
2153.67083333,0.9958076178915498,0,0.00033,sector_b
2153.67222222,0.9963192074416172,0,0.00033,sector_b
2153.67361111,0.9962293777702536,0,0.00033,sector_b
2153.675,0.9961012131200399,0,0.00033,sector_b
2153.67638889,0.995597539490318,0,0.00033,sector_b
2153.67777778,0.9962712273974222,0,0.00033,sector_b
2153.67916667,0.9963134867075304,0,0.00033,sector_b
2153.68055556,0.9960417176369377,0,0.00033,sector_b
2153.68194444,0.9963579035464105,0,0.00033,sector_b
2153.68333333,0.9966663884103539,0,0.00033,sector_b
2153.68472222,0.9958588316691029,0,0.00033,sector_b
2153.68611111,0.9957703475948363,0,0.00033,sector_b
2153.6875,0.9961760353008045,0,0.00033,sector_b
2153.68888889,0.9959442817737555,0,0.00033,sector_b
2153.69027778,0.9957303031654073,0,0.00033,sector_b
2153.69166667,0.9955599756188087,0,0.00033,sector_b
2153.69305556,0.996089637483783,0,0.00033,sector_b
2153.69444444,0.9964859063432195,0,0.00033,sector_b
2153.69583333,0.995731974595068,2048,0.00033,sector_b
2153.69722222,0.9964666546944588,0,0.00033,sector_b
2153.69861111,0.9957058126451269,0,0.00033,sector_b
2153.7,0.9961796563173965,0,0.00033,sector_b
2153.70138889,0.9963179801569192,0,0.00033,sector_b
2153.70277778,0.9957363609348727,0,0.00033,sector_b
2153.70416667,0.9956310258435886,0,0.00033,sector_b
2153.70555556,0.9959676513325825,0,0.00033,sector_b
2153.70694444,0.9963188494741604,0,0.00033,sector_b
2153.70833333,0.9959636717215314,0,0.00033,sector_b
2153.70972222,0.9959041445134916,0,0.00033,sector_b
2153.71111111,0.9957856887413428,0,0.00033,sector_b
2153.7125,0.9960155974296527,0,0.00033,sector_b
2153.71388889,0.9958738360330032,0,0.00033,sector_b
2153.71527778,0.9964003360143282,0,0.00033,sector_b
2153.71666667,0.9961697772555831,0,0.00033,sector_b
2153.71805556,0.995814326031921,0,0.00033,sector_b
2153.71944444,0.9954052347619193,0,0.00033,sector_b
2153.72083333,0.9959442242548266,0,0.00033,sector_b
2153.72222222,0.9960176740953333,0,0.00033,sector_b
2153.72361111,0.9956747438418135,0,0.00033,sector_b
2153.725,0.9958715222675157,0,0.00033,sector_b
2153.72638889,0.9957178553183931,0,0.00033,sector_b
2153.72777778,0.9957473311708516,0,0.00033,sector_b
2153.72916667,0.9959986107243027,0,0.00033,sector_b
2153.73055556,0.9959678102962312,0,0.00033,sector_b
2153.73194444,0.9957215198693972,0,0.00033,sector_b
2153.73333333,0.995917666979644,0,0.00033,sector_b
2153.73472222,0.9960643547016731,0,0.00033,sector_b
2153.73611111,0.9957153447931107,0,0.00033,sector_b
2153.7375,0.9954598325765283,0,0.00033,sector_b
2153.73888889,0.995640645861728,0,0.00033,sector_b
2153.74027778,0.9958076219733093,0,0.00033,sector_b
2153.74166667,0.9960433050607503,0,0.00033,sector_b
2153.74305556,0.9953226452423357,0,0.00033,sector_b
2153.74444444,0.995673007894006,0,0.00033,sector_b
2153.74583333,0.9961499685798137,0,0.00033,sector_b
2153.74722222,0.9958039523306422,0,0.00033,sector_b
2153.74861111,0.9958771999612854,0,0.00033,sector_b
2153.75,0.9954799136420083,0,0.00033,sector_b
2153.75138889,0.9955891843161742,0,0.00033,sector_b
2153.75277778,0.9955186452611268,0,0.00033,sector_b
2153.75416667,0.9964080565253063,0,0.00033,sector_b
2153.75555556,0.9963307762807458,0,0.00033,sector_b
2153.75694444,0.9959354240350023,0,0.00033,sector_b
2153.75833333,0.9955249678315511,0,0.00033,sector_b
2153.75972222,0.9958037282709954,0,0.00033,sector_b
2153.76111111,0.995151298818697,0,0.00033,sector_b
2153.7625,0.9959314211080329,0,0.00033,sector_b
2153.76388889,0.996108063531623,0,0.00033,sector_b
2153.76527778,0.9961295080560563,0,0.00033,sector_b
2153.76666667,0.9959517919065441,0,0.00033,sector_b
2153.76805556,0.9959557988321778,0,0.00033,sector_b
2153.76944444,0.9953671329910267,4096,0.00033,sector_b
2153.77083333,0.9961700969707964,0,0.00033,sector_b
2153.77222222,0.9960161385711154,0,0.00033,sector_b
2153.77361111,0.9959499208288226,0,0.00033,sector_b
2153.775,0.9953284932364117,0,0.00033,sector_b
2153.77638889,0.995937428093114,0,0.00033,sector_b
2153.77777778,0.9956826803975827,0,0.00033,sector_b
2153.77916667,0.9957625808108713,0,0.00033,sector_b
2153.78055556,0.9958503027391603,0,0.00033,sector_b
2153.78194444,0.9957071821653234,0,0.00033,sector_b
2153.78333333,0.9959149612737246,0,0.00033,sector_b
2153.78472222,0.9953693274869944,0,0.00033,sector_b
2153.78611111,0.9955967330156245,0,0.00033,sector_b
2153.7875,0.9958391184901714,0,0.00033,sector_b
2153.78888889,0.9958183133097253,0,0.00033,sector_b
2153.79027778,0.995411021724522,0,0.00033,sector_b
2153.79166667,0.9963110582059356,0,0.00033,sector_b
2153.79305556,0.995749094803979,0,0.00033,sector_b
2153.79444444,0.9952919798825015,0,0.00033,sector_b
2153.79583333,0.9956480285429872,0,0.00033,sector_b
2153.79722222,0.9960583669039569,0,0.00033,sector_b
2153.79861111,0.9954140531916499,0,0.00033,sector_b
2153.8,0.9958137605994114,0,0.00033,sector_b
2153.80138889,0.9952491853579968,0,0.00033,sector_b
2153.80277778,0.9961073485442412,0,0.00033,sector_b
2153.80416667,0.9957966677790533,0,0.00033,sector_b
2153.80555556,0.9953783737418431,0,0.00033,sector_b
2153.80694444,0.9959539595600279,0,0.00033,sector_b
2153.80833333,0.9960976420651994,0,0.00033,sector_b
2153.80972222,0.9955829616002355,0,0.00033,sector_b
2153.81111111,0.995832948315255,0,0.00033,sector_b
2153.8125,0.9955247820755213,0,0.00033,sector_b
2153.81388889,0.9957865482111142,0,0.00033,sector_b
2153.81527778,0.995944015727642,0,0.00033,sector_b
2153.81666667,0.995736944107753,0,0.00033,sector_b
2153.81805556,0.9956827344320425,0,0.00033,sector_b
2153.81944444,0.9960995496005444,0,0.00033,sector_b
2153.82083333,0.9953959240873707,0,0.00033,sector_b
2153.82222222,0.9959800969005668,0,0.00033,sector_b
2153.82361111,0.9956357036972242,0,0.00033,sector_b
2153.825,0.9958591679297593,0,0.00033,sector_b
2153.82638889,0.9957671649642729,0,0.00033,sector_b
2153.82777778,0.9960677504396004,0,0.00033,sector_b
2153.82916667,0.9957277280456233,0,0.00033,sector_b
2153.83055556,0.9958052987809866,0,0.00033,sector_b
2153.83194444,0.9954790672082301,0,0.00033,sector_b
2153.83333333,0.9949865130456752,0,0.00033,sector_b
2153.83472222,0.9957023123222535,0,0.00033,sector_b
2153.83611111,0.9959287359573468,0,0.00033,sector_b
2153.8375,0.9954032422380518,0,0.00033,sector_b
2153.83888889,0.9958173615974528,0,0.00033,sector_b
2153.84027778,0.9954258065477298,0,0.00033,sector_b
2153.84166667,0.9959957298155021,0,0.00033,sector_b
2153.84305556,0.9958269088773019,0,0.00033,sector_b
2153.84444444,0.9951393818465024,0,0.00033,sector_b
2153.84583333,0.995797263770686,0,0.00033,sector_b
2153.84722222,0.995656175778639,0,0.00033,sector_b
2153.84861111,0.9953240377312683,0,0.00033,sector_b
2153.85,0.9951196700725276,0,0.00033,sector_b
2153.85138889,0.9955292804032583,0,0.00033,sector_b
2153.85277778,0.9962120556568841,0,0.00033,sector_b
2153.85416667,0.9961515905110743,0,0.00033,sector_b
2153.85555556,0.9953615842997996,0,0.00033,sector_b
2153.85694444,0.9954028398714215,0,0.00033,sector_b
2153.85833333,0.9954917715535433,0,0.00033,sector_b
2153.85972222,0.9951363028878504,0,0.00033,sector_b
2153.86111111,0.9963504297003843,0,0.00033,sector_b
2153.8625,0.9956885606581376,0,0.00033,sector_b
2153.86388889,0.9958114336396684,0,0.00033,sector_b
2153.86527778,0.9958957318381705,0,0.00033,sector_b
2153.86666667,0.9954708066671055,0,0.00033,sector_b
2153.86805556,0.9955756714011803,0,0.00033,sector_b
2153.86944444,0.9955011277776538,0,0.00033,sector_b
2153.87083333,0.9957990463584593,0,0.00033,sector_b
2153.87222222,0.99600408564166,0,0.00033,sector_b
2153.87361111,0.9952634358192739,0,0.00033,sector_b
2153.875,0.9960381860846476,0,0.00033,sector_b
2153.87638889,0.9960175317575444,0,0.00033,sector_b
2153.87777778,0.9960591650324685,0,0.00033,sector_b
2153.87916667,0.9954316435914898,0,0.00033,sector_b
2153.88055556,0.9951182397936222,0,0.00033,sector_b
2153.88194444,0.9952981976124609,0,0.00033,sector_b
2153.88333333,0.995488465470166,0,0.00033,sector_b
2153.88472222,0.9962339512673377,0,0.00033,sector_b
2153.88611111,0.9956577908144382,0,0.00033,sector_b
2153.8875,0.995403681437722,0,0.00033,sector_b
2153.88888889,0.9957034084436084,0,0.00033,sector_b
2153.89027778,0.99521423028881,0,0.00033,sector_b
2153.89166667,0.9953547906795381,0,0.00033,sector_b
2153.89305556,0.99565143493636,0,0.00033,sector_b
2153.89444444,0.9962566960348979,0,0.00033,sector_b
2153.89583333,0.9958316299080551,0,0.00033,sector_b
2153.89722222,0.9952514583397606,0,0.00033,sector_b
2153.89861111,0.9962128765887929,0,0.00033,sector_b
2153.9,0.9958240735723219,0,0.00033,sector_b
2153.90138889,0.9953263496300262,0,0.00033,sector_b
2153.90277778,0.9961200592034749,0,0.00033,sector_b
2153.90416667,0.9955538620523403,0,0.00033,sector_b
2153.90555556,0.9954131793792272,0,0.00033,sector_b
2153.90694444,0.9954355618067223,0,0.00033,sector_b
2153.90833333,0.9958723740694687,0,0.00033,sector_b
2153.90972222,0.9954747684347952,0,0.00033,sector_b
2153.91111111,0.9957121894522507,0,0.00033,sector_b
2153.9125,0.9954215829005574,0,0.00033,sector_b
2153.91388889,0.9950996521834582,0,0.00033,sector_b
2153.91527778,0.9949693370590351,0,0.00033,sector_b
2153.91666667,0.9954204481622068,0,0.00033,sector_b
2153.91805556,0.995603915342102,0,0.00033,sector_b
2153.91944444,0.9956349834421492,0,0.00033,sector_b
2153.92083333,0.9952816634081181,0,0.00033,sector_b
2153.92222222,0.9954711008438992,0,0.00033,sector_b
2153.92361111,0.9956753949949471,0,0.00033,sector_b
2153.925,0.9955690767531511,0,0.00033,sector_b
2153.92638889,0.9956480319366855,0,0.00033,sector_b
2153.92777778,0.9951412372146292,0,0.00033,sector_b
2153.92916667,0.9953253985864958,0,0.00033,sector_b
2153.93055556,0.995273708713277,0,0.00033,sector_b
2153.93194444,0.9959081395092054,0,0.00033,sector_b
2153.93333333,0.9954802762374155,0,0.00033,sector_b
2153.93472222,0.9952568284797386,0,0.00033,sector_b
2153.93611111,0.9952529229601831,0,0.00033,sector_b
2153.9375,0.9955590424325648,0,0.00033,sector_b
2153.93888889,0.9959365834148073,0,0.00033,sector_b
2153.94027778,0.9958284735840361,0,0.00033,sector_b
2153.94166667,0.9953503829047045,0,0.00033,sector_b
2153.94305556,0.9953932015683348,0,0.00033,sector_b
2153.94444444,0.9958755335012287,0,0.00033,sector_b
2153.94583333,0.9955318362866057,0,0.00033,sector_b
2153.94722222,0.9957149441704529,0,0.00033,sector_b
2153.94861111,0.9959175238933211,0,0.00033,sector_b
2153.95,0.9951367342245169,0,0.00033,sector_b
2153.95138889,0.9955519045984681,0,0.00033,sector_b
2153.95277778,0.9957773363567579,0,0.00033,sector_b
2153.95416667,0.9956349547385287,0,0.00033,sector_b
2153.95555556,0.995430519517358,0,0.00033,sector_b
2153.95694444,0.9951536171086107,0,0.00033,sector_b
2153.95833333,0.9951461541836681,0,0.00033,sector_b
2153.95972222,0.9954820735998033,0,0.00033,sector_b
2153.96111111,0.9953182503346304,0,0.00033,sector_b
2153.9625,0.9948234986627124,0,0.00033,sector_b
2153.96388889,0.995599560130038,0,0.00033,sector_b
2153.96527778,0.9952912489403608,0,0.00033,sector_b
2153.96666667,0.9946236193997288,0,0.00033,sector_b
2153.96805556,0.9954022680951259,0,0.00033,sector_b
2153.96944444,0.9952318983102724,0,0.00033,sector_b
2153.97083333,0.9958473152172369,0,0.00033,sector_b
2153.97222222,0.9957724750847733,0,0.00033,sector_b
2153.97361111,0.9950289236709372,0,0.00033,sector_b
2153.975,0.9954707939448574,0,0.00033,sector_b
2153.97638889,0.9950395755358448,0,0.00033,sector_b
2153.97777778,0.9949915034792667,0,0.00033,sector_b
2153.97916667,0.9952181995777069,0,0.00033,sector_b
2153.98055556,0.9955220737490506,0,0.00033,sector_b
2153.98194444,0.9954226902275372,0,0.00033,sector_b
2153.98333333,0.9959088240685982,0,0.00033,sector_b
2153.98472222,0.9954059572894932,0,0.00033,sector_b
2153.98611111,0.9951782693245701,0,0.00033,sector_b
2153.9875,0.9958854945377585,0,0.00033,sector_b
2153.98888889,0.9954400723957864,0,0.00033,sector_b
2153.99027778,0.9956041754412406,0,0.00033,sector_b
2153.99166667,0.9949933617555553,0,0.00033,sector_b
2153.99305556,0.9957551599075928,0,0.00033,sector_b
2153.99444444,0.995223999183617,0,0.00033,sector_b
2153.99583333,0.9952391401285899,0,0.00033,sector_b
2153.99722222,0.9951191706606664,0,0.00033,sector_b
2153.99861111,0.9954229557450057,0,0.00033,sector_b
2154.0,0.9951169003316644,0,0.00033,sector_b
2154.00138889,0.9953122038395498,0,0.00033,sector_b
2154.00277778,0.9957482698903773,0,0.00033,sector_b
2154.00416667,0.9949017430233559,0,0.00033,sector_b
2154.00555556,0.9950057308394966,0,0.00033,sector_b
2154.00694444,0.9950832743065551,0,0.00033,sector_b
2154.00833333,0.9948437200718169,0,0.00033,sector_b
2154.00972222,0.9953111336587773,0,0.00033,sector_b
2154.01111111,0.9955571585984049,0,0.00033,sector_b
2154.0125,0.9951635570440167,0,0.00033,sector_b
2154.01388889,0.9959521613608759,0,0.00033,sector_b
2154.01527778,0.9954564392986015,0,0.00033,sector_b
2154.01666667,0.9957106845021506,0,0.00033,sector_b
2154.01805556,0.9956352573439063,0,0.00033,sector_b
2154.01944444,0.9951269222029551,0,0.00033,sector_b
2154.02083333,0.995244366671947,0,0.00033,sector_b
2154.02222222,0.9954043714599362,0,0.00033,sector_b
2154.02361111,0.9953118657244918,0,0.00033,sector_b
2154.025,0.9953498469088913,0,0.00033,sector_b
2154.02638889,0.9949655945698599,0,0.00033,sector_b
2154.02777778,0.9955654791192814,0,0.00033,sector_b
2154.02916667,0.9950242441750181,0,0.00033,sector_b
2154.03055556,0.9956522923315614,0,0.00033,sector_b
2154.03194444,0.9953407890100663,0,0.00033,sector_b
2154.03333333,0.9951087506221908,0,0.00033,sector_b
2154.03472222,0.99527898712528,0,0.00033,sector_b
2154.03611111,0.9952454046918092,0,0.00033,sector_b
2154.0375,0.9949963158668648,0,0.00033,sector_b
2154.03888889,0.995498801131617,0,0.00033,sector_b
2154.04027778,0.9955337857391047,0,0.00033,sector_b
2154.04166667,0.9954496771753841,0,0.00033,sector_b
2154.04305556,0.9947323072213121,0,0.00033,sector_b
2154.04444444,0.9954090633913938,0,0.00033,sector_b
2154.04583333,0.9956697925384475,0,0.00033,sector_b
2154.04722222,0.995237491814502,0,0.00033,sector_b
2154.04861111,0.995260154038846,0,0.00033,sector_b
2154.05,0.9951744491593187,0,0.00033,sector_b
2154.05138889,0.9959198420003795,0,0.00033,sector_b
2154.05277778,0.9951351585363825,0,0.00033,sector_b
2154.05416667,0.9960029743354485,0,0.00033,sector_b
2154.05555556,0.9956138359756723,0,0.00033,sector_b
2154.05694444,0.9957345964593851,0,0.00033,sector_b
2154.05833333,0.9956366378977622,0,0.00033,sector_b
2154.05972222,0.9952697373383483,0,0.00033,sector_b
2154.06111111,0.9953699607429555,0,0.00033,sector_b
2154.0625,0.9947963917649872,0,0.00033,sector_b
2154.06388889,0.9950310644494342,0,0.00033,sector_b
2154.06527778,0.9948364457566573,0,0.00033,sector_b
2154.06666667,0.9957453079559975,0,0.00033,sector_b
2154.06805556,0.9951957006675953,0,0.00033,sector_b
2154.06944444,0.9954670285773026,0,0.00033,sector_b
2154.07083333,0.9951552175129627,0,0.00033,sector_b
2154.07222222,0.995682110653822,0,0.00033,sector_b
2154.07361111,0.9952777534506523,0,0.00033,sector_b
2154.075,0.9951582886830395,0,0.00033,sector_b
2154.07638889,0.9953490609063577,0,0.00033,sector_b
2154.07777778,0.9953030129095494,0,0.00033,sector_b
2154.07916667,0.9952064994051395,0,0.00033,sector_b
2154.08055556,0.9956363827975927,0,0.00033,sector_b
2154.08194444,0.9952877319474774,0,0.00033,sector_b
2154.08333333,0.9954071854765075,0,0.00033,sector_b
2154.08472222,0.9951281253755447,4096,0.00033,sector_b
2154.08611111,0.9950709355786352,0,0.00033,sector_b
2154.0875,0.9954264302861282,0,0.00033,sector_b
2154.08888889,0.9949046982326831,0,0.00033,sector_b
2154.09027778,0.9952629628797612,0,0.00033,sector_b
2154.09166667,0.9946838671761549,0,0.00033,sector_b
2154.09305556,0.9953692668476359,0,0.00033,sector_b
2154.09444444,0.9951213514858206,0,0.00033,sector_b
2154.09583333,0.995272864410913,0,0.00033,sector_b
2154.09722222,0.995229846741199,0,0.00033,sector_b
2154.09861111,0.9950285743003833,0,0.00033,sector_b
2154.1,0.99535254062643,0,0.00033,sector_b
2154.10138889,0.9957082469900621,0,0.00033,sector_b
2154.10277778,0.9954944589339512,0,0.00033,sector_b
2154.10416667,0.9954348903832734,0,0.00033,sector_b
2154.10555556,0.9955435637094414,0,0.00033,sector_b
2154.10694444,0.9955979917955085,0,0.00033,sector_b
2154.10833333,0.9957933593162793,0,0.00033,sector_b
2154.10972222,0.9954021906154402,0,0.00033,sector_b
2154.11111111,0.9951608821924798,0,0.00033,sector_b
2154.1125,0.9950021442522573,0,0.00033,sector_b
2154.11388889,0.9952115839646644,0,0.00033,sector_b
2154.11527778,0.9951916587746652,0,0.00033,sector_b
2154.11666667,0.9953303281411207,0,0.00033,sector_b
2154.11805556,0.9958694380671121,2048,0.00033,sector_b
2154.11944444,0.9952678578139573,0,0.00033,sector_b
2154.12083333,0.9956262531744388,0,0.00033,sector_b
2154.12222222,0.9952291326438786,0,0.00033,sector_b
2154.12361111,0.9951794971480636,0,0.00033,sector_b
2154.125,0.9950456486494731,0,0.00033,sector_b
2154.12638889,0.9954181980110278,0,0.00033,sector_b
2154.12777778,0.995020313687298,0,0.00033,sector_b
2154.12916667,0.9957339925957059,0,0.00033,sector_b
2154.13055556,0.9952244098454738,0,0.00033,sector_b
2154.13194444,0.9955401278731288,0,0.00033,sector_b
2154.13333333,0.9951597280639295,0,0.00033,sector_b
2154.13472222,0.9956292746853385,0,0.00033,sector_b
2154.13611111,0.9950047941184116,0,0.00033,sector_b
2154.1375,0.9952250542298152,0,0.00033,sector_b
2154.13888889,0.9953798261644097,0,0.00033,sector_b
2154.14027778,0.9950737464318604,0,0.00033,sector_b
2154.14166667,0.9951113574941456,2048,0.00033,sector_b
2154.14305556,0.9952294581000108,0,0.00033,sector_b
2154.14444444,0.9953350088262978,0,0.00033,sector_b
2154.14583333,0.9950306524303739,0,0.00033,sector_b
2154.14722222,0.9951787673688699,0,0.00033,sector_b
2154.14861111,0.9955301601801828,0,0.00033,sector_b
2154.15,0.9957548064587901,0,0.00033,sector_b
2154.15138889,0.9953440893300146,0,0.00033,sector_b
2154.15277778,0.9949138157951346,0,0.00033,sector_b
2154.15416667,0.9950616657573805,0,0.00033,sector_b
2154.15555556,0.9952392493062452,0,0.00033,sector_b
2154.15694444,0.9956640734518385,0,0.00033,sector_b
2154.15833333,0.9951396010637874,0,0.00033,sector_b
2154.15972222,0.9949335339380438,0,0.00033,sector_b
2154.16111111,0.9950706787287958,0,0.00033,sector_b
2154.1625,0.995696847000743,0,0.00033,sector_b
2154.16388889,0.9953371071820311,0,0.00033,sector_b
2154.16527778,0.9951892208353847,2048,0.00033,sector_b
2154.16666667,0.9950612975852001,0,0.00033,sector_b
2154.16805556,0.9952595602416122,0,0.00033,sector_b
2154.16944444,0.995600305651795,0,0.00033,sector_b
2154.17083333,0.9952399844293504,0,0.00033,sector_b
2154.17222222,0.9955299048452589,0,0.00033,sector_b
2154.17361111,0.9953065256638345,0,0.00033,sector_b
2154.175,0.9956305741834887,0,0.00033,sector_b
2154.17638889,0.9953435296562478,0,0.00033,sector_b
2154.17777778,0.99523895199285,0,0.00033,sector_b
2154.17916667,0.9951895231450769,0,0.00033,sector_b
2154.18055556,0.9955006054302221,0,0.00033,sector_b
2154.18194444,0.9953363284180329,0,0.00033,sector_b
2154.18333333,0.9953181289490166,0,0.00033,sector_b
2154.18472222,0.9954523889972436,0,0.00033,sector_b
2154.18611111,0.9951044474760794,0,0.00033,sector_b
2154.1875,0.9950196835111373,0,0.00033,sector_b
2154.18888889,0.9954334214235875,0,0.00033,sector_b
2154.19027778,0.9955540966678178,0,0.00033,sector_b
2154.19166667,0.9955098654799885,0,0.00033,sector_b
2154.19305556,0.995434242541384,0,0.00033,sector_b
2154.19444444,0.9956456126794052,0,0.00033,sector_b
2154.19583333,0.9950888891403675,0,0.00033,sector_b
2154.19722222,0.9952139343095107,0,0.00033,sector_b
2154.19861111,0.9954895808295446,0,0.00033,sector_b
2154.2,0.9957442460895288,0,0.00033,sector_b
2154.20138889,0.9956511370060206,0,0.00033,sector_b
2154.20277778,0.994971160011905,0,0.00033,sector_b
2154.20416667,0.9955378540852015,0,0.00033,sector_b
2154.20555556,0.9950680342396111,0,0.00033,sector_b
2154.20694444,0.9956753446416943,0,0.00033,sector_b
2154.20833333,0.9953899515149132,0,0.00033,sector_b
2154.20972222,0.9955267651473972,0,0.00033,sector_b
2154.21111111,0.9948435980469034,0,0.00033,sector_b
2154.2125,0.9951540435865434,0,0.00033,sector_b
2154.21388889,0.9957407173942455,0,0.00033,sector_b
2154.21527778,0.9950676622816058,0,0.00033,sector_b
2154.21666667,0.9944222727632837,0,0.00033,sector_b
2154.21805556,0.9950258322292324,0,0.00033,sector_b
2154.21944444,0.9946064569546548,0,0.00033,sector_b
2154.22083333,0.9954977953348355,0,0.00033,sector_b
2154.22222222,0.9951235393308644,0,0.00033,sector_b
2154.22361111,0.994942249046185,0,0.00033,sector_b
2154.225,0.9954782918497078,0,0.00033,sector_b
2154.22638889,0.9953468713165811,0,0.00033,sector_b
2154.22777778,0.9953267579587319,0,0.00033,sector_b
2154.22916667,0.9948073901201985,0,0.00033,sector_b
2154.23055556,0.9949140745594081,0,0.00033,sector_b
2154.23194444,0.9957456895739821,0,0.00033,sector_b
2154.23333333,0.9949197097554338,0,0.00033,sector_b
2154.23472222,0.9954423405079311,0,0.00033,sector_b
2154.23611111,0.9945807440992133,0,0.00033,sector_b
2154.2375,0.9955078233247935,0,0.00033,sector_b
2154.23888889,0.9955130705259885,0,0.00033,sector_b
2154.24027778,0.9954398711161494,0,0.00033,sector_b
2154.24166667,0.9952784772580294,0,0.00033,sector_b
2154.24305556,0.9949046160461934,0,0.00033,sector_b
2154.24444444,0.9949781820630715,0,0.00033,sector_b
2154.24583333,0.9952949738327526,0,0.00033,sector_b
2154.24722222,0.9953999998829056,0,0.00033,sector_b
2154.24861111,0.9945666232979911,0,0.00033,sector_b
2154.25,0.9956526695408289,0,0.00033,sector_b
2154.25138889,0.9954543387114015,0,0.00033,sector_b
2154.25277778,0.995597931512761,0,0.00033,sector_b
2154.25416667,0.9955220928567593,0,0.00033,sector_b
2154.25555556,0.9953739069345352,0,0.00033,sector_b
2154.25694444,0.9949763322353004,0,0.00033,sector_b
2154.25833333,0.9949547034107298,0,0.00033,sector_b
2154.25972222,0.9948760466597679,0,0.00033,sector_b
2154.26111111,0.9951286837846105,0,0.00033,sector_b
2154.2625,0.9950348669675964,0,0.00033,sector_b
2154.26388889,0.9955283544812493,0,0.00033,sector_b
2154.26527778,0.9955875132818556,0,0.00033,sector_b
2154.26666667,0.9956368644183075,0,0.00033,sector_b
2154.26805556,0.9949821634811937,0,0.00033,sector_b
2154.26944444,0.9954784086624414,0,0.00033,sector_b
2154.27083333,0.995031338709277,0,0.00033,sector_b
2154.27222222,0.9951029289075227,0,0.00033,sector_b
2154.27361111,0.9950997020936064,0,0.00033,sector_b
2154.275,0.9956559817548105,0,0.00033,sector_b
2154.27638889,0.995101460145436,0,0.00033,sector_b
2154.27777778,0.9958369834594414,0,0.00033,sector_b
2154.27916667,0.995791887863772,0,0.00033,sector_b
2154.28055556,0.9948085471831448,0,0.00033,sector_b
2154.28194444,0.9947392663634076,0,0.00033,sector_b
2154.28333333,0.9954258381092858,0,0.00033,sector_b
2154.28472222,0.994968756295935,0,0.00033,sector_b
2154.28611111,0.9953457913952266,0,0.00033,sector_b
2154.2875,0.9956000589524876,0,0.00033,sector_b
2154.28888889,0.9953207181710606,0,0.00033,sector_b
2154.29027778,0.9945939277902756,0,0.00033,sector_b
2154.29166667,0.9953407660735561,0,0.00033,sector_b
2154.29305556,0.995398803989701,0,0.00033,sector_b
2154.29444444,0.9949027863469944,0,0.00033,sector_b
2154.29583333,0.9950886734913396,0,0.00033,sector_b
2154.29722222,0.9953625100461121,0,0.00033,sector_b
2154.29861111,0.9959306941205845,0,0.00033,sector_b
2154.3,0.9949685761174645,0,0.00033,sector_b
2154.30138889,0.9951076894150656,0,0.00033,sector_b
2154.30277778,0.9951628738763758,0,0.00033,sector_b
2154.30416667,0.9948584441554867,0,0.00033,sector_b
2154.30555556,0.9950585458915545,0,0.00033,sector_b
2154.30694444,0.994947557941223,0,0.00033,sector_b
2154.30833333,0.9950741695217203,0,0.00033,sector_b
2154.30972222,0.9951456555811496,0,0.00033,sector_b
2154.31111111,0.99511326887899,0,0.00033,sector_b
2154.3125,0.9950363261932466,0,0.00033,sector_b
2154.31388889,0.995169094721041,0,0.00033,sector_b
2154.31527778,0.9951856718538599,0,0.00033,sector_b
2154.31666667,0.9954316329128842,0,0.00033,sector_b
2154.31805556,0.9952166179732617,0,0.00033,sector_b
2154.31944444,0.995906500192238,0,0.00033,sector_b
2154.32083333,0.9944716643874043,0,0.00033,sector_b
2154.32222222,0.9949405455249913,0,0.00033,sector_b
2154.32361111,0.9952281510490949,0,0.00033,sector_b
2154.325,0.9954803374304315,0,0.00033,sector_b
2154.32638889,0.9949939127162502,0,0.00033,sector_b
2154.32777778,0.9952300705362661,0,0.00033,sector_b
2154.32916667,0.9949460087792329,0,0.00033,sector_b
2154.33055556,0.9954454542419887,0,0.00033,sector_b
2154.33194444,0.9956033404103736,0,0.00033,sector_b
2154.33333333,0.9955974977855279,0,0.00033,sector_b
2154.33472222,0.9948140181210452,0,0.00033,sector_b
2154.33611111,0.9949538592242514,0,0.00033,sector_b
2154.3375,0.9954295505096256,0,0.00033,sector_b
2154.33888889,0.9951511594934856,0,0.00033,sector_b
2154.34027778,0.9951138597703941,0,0.00033,sector_b
2154.34166667,0.9955251587672778,2048,0.00033,sector_b
2154.34305556,0.9949568155994963,0,0.00033,sector_b
2154.34444444,0.994971876121127,0,0.00033,sector_b
2154.34583333,0.995543235989322,0,0.00033,sector_b
2154.34722222,0.9949374856202817,0,0.00033,sector_b
2154.34861111,0.9953165458706579,0,0.00033,sector_b
2154.35,0.9950312898184813,0,0.00033,sector_b
2154.35138889,0.995310594982563,0,0.00033,sector_b
2154.35277778,0.9953708179698653,0,0.00033,sector_b
2154.35416667,0.9945763619709925,0,0.00033,sector_b
2154.35555556,0.9951017095277456,0,0.00033,sector_b
2154.35694444,0.995263982699835,0,0.00033,sector_b
2154.35833333,0.9946562871351705,0,0.00033,sector_b
2154.35972222,0.9951162104910933,0,0.00033,sector_b
2154.36111111,0.9950413906815718,0,0.00033,sector_b
2154.3625,0.9954935103403736,0,0.00033,sector_b
2154.36388889,0.9948327188902713,0,0.00033,sector_b
2154.36527778,0.9951821369372822,0,0.00033,sector_b
2154.36666667,0.9952834738939866,0,0.00033,sector_b
2154.36805556,0.9952417896829763,0,0.00033,sector_b
2154.36944444,0.9951650534312667,0,0.00033,sector_b
2154.37083333,0.994781223034959,0,0.00033,sector_b
2154.37222222,0.995081118046708,0,0.00033,sector_b
2154.37361111,0.9951643689750659,0,0.00033,sector_b
2154.375,0.9949184075479979,0,0.00033,sector_b
2154.37638889,0.9952486430964288,0,0.00033,sector_b
2154.37777778,0.9953106765120283,0,0.00033,sector_b
2154.37916667,0.9946134688639073,0,0.00033,sector_b
2154.38055556,0.9952690974891956,0,0.00033,sector_b
2154.38194444,0.995336588239825,0,0.00033,sector_b
2154.38333333,0.9949174863233557,0,0.00033,sector_b
2154.38472222,0.9950023451984167,0,0.00033,sector_b
2154.38611111,0.9961203177758863,0,0.00033,sector_b
2154.3875,0.9953449072216234,0,0.00033,sector_b
2154.38888889,0.9950928090220402,0,0.00033,sector_b
2154.39027778,0.9949798392701139,0,0.00033,sector_b
2154.39166667,0.9955618532615721,0,0.00033,sector_b
2154.39305556,0.9951799877650522,0,0.00033,sector_b
2154.39444444,0.9953366632967013,0,0.00033,sector_b
2154.39583333,0.9955502294567442,0,0.00033,sector_b
2154.39722222,0.9951988525034864,0,0.00033,sector_b
2154.39861111,0.9952646120021356,0,0.00033,sector_b
2154.4,0.9950846056599416,0,0.00033,sector_b
2154.40138889,0.9951481289591246,0,0.00033,sector_b
2154.40277778,0.9950235294956927,0,0.00033,sector_b
2154.40416667,0.9954279455373842,0,0.00033,sector_b
2154.40555556,0.9948449908381205,0,0.00033,sector_b
2154.40694444,0.9959749061826627,0,0.00033,sector_b
2154.40833333,0.9954364573820818,0,0.00033,sector_b
2154.40972222,0.9951458057146166,0,0.00033,sector_b
2154.41111111,0.9953843771189378,0,0.00033,sector_b
2154.4125,0.9952509437102347,0,0.00033,sector_b
2154.41388889,0.9953811767078671,0,0.00033,sector_b
2154.41527778,0.995134729975282,0,0.00033,sector_b
2154.41666667,0.9950137536776932,0,0.00033,sector_b
2154.41805556,0.9951481991696871,0,0.00033,sector_b
2154.41944444,0.9955311935310261,0,0.00033,sector_b
2154.42083333,0.9945625022072655,0,0.00033,sector_b
2154.42222222,0.9953638790490689,0,0.00033,sector_b
2154.42361111,0.9952086630960656,0,0.00033,sector_b
2154.425,0.9952760284094669,0,0.00033,sector_b
2154.42638889,0.9949978875251468,0,0.00033,sector_b
2154.42777778,0.9955239733640086,0,0.00033,sector_b
2154.42916667,0.9949471872285915,0,0.00033,sector_b
2154.43055556,0.995395691596416,0,0.00033,sector_b
2154.43194444,0.9946458202358336,0,0.00033,sector_b
2154.43333333,0.9954730323272032,0,0.00033,sector_b
2154.43472222,0.9953646843251324,0,0.00033,sector_b
2154.43611111,0.9952651435576926,0,0.00033,sector_b
2154.4375,0.9949517150306595,0,0.00033,sector_b
2154.43888889,0.99539128755721,0,0.00033,sector_b
2154.44027778,0.9957008435227936,0,0.00033,sector_b
2154.44166667,0.99591863277192,0,0.00033,sector_b
2154.44305556,0.9953014096728123,0,0.00033,sector_b
2154.44444444,0.9947465043178829,0,0.00033,sector_b
2154.44583333,0.995201429069966,0,0.00033,sector_b
2154.44722222,0.9949154476448748,0,0.00033,sector_b
2154.44861111,0.9945172849705993,0,0.00033,sector_b
2154.45,0.995636838222647,0,0.00033,sector_b
2154.45138889,0.9954084216296507,0,0.00033,sector_b
2154.45277778,0.9954805927065664,0,0.00033,sector_b
2154.45416667,0.9948862954233427,0,0.00033,sector_b
2154.45555556,0.9949194990755139,0,0.00033,sector_b
2154.45694444,0.9954151252625957,0,0.00033,sector_b
2154.45833333,0.9954555809427523,0,0.00033,sector_b
2154.45972222,0.9950085422798453,0,0.00033,sector_b
2154.46111111,0.9954509064067897,0,0.00033,sector_b
2154.4625,0.9947375440821118,0,0.00033,sector_b
2154.46388889,0.995431431135412,0,0.00033,sector_b
2154.46527778,0.9954440922672046,0,0.00033,sector_b
2154.46666667,0.9954344999754937,0,0.00033,sector_b
2154.46805556,0.9954451933636025,0,0.00033,sector_b
2154.46944444,0.9954189496615099,0,0.00033,sector_b
2154.47083333,0.9953944010356602,0,0.00033,sector_b
2154.47222222,0.9954151518982591,0,0.00033,sector_b
2154.47361111,0.9951491044292929,0,0.00033,sector_b
2154.475,0.9946794460204438,0,0.00033,sector_b
2154.47638889,0.9950409183070996,0,0.00033,sector_b
2154.47777778,0.9952236005253245,0,0.00033,sector_b
2154.47916667,0.994840059093011,0,0.00033,sector_b
2154.48055556,0.9952676929615066,0,0.00033,sector_b
2154.48194444,0.995503836379594,0,0.00033,sector_b
2154.48333333,0.9953657664221759,0,0.00033,sector_b
2154.48472222,0.9958178728344735,0,0.00033,sector_b
2154.48611111,0.9954393470403367,0,0.00033,sector_b
2154.4875,0.9953315313335634,0,0.00033,sector_b
2154.48888889,0.9950984258266585,0,0.00033,sector_b
2154.49027778,0.9949327018092291,0,0.00033,sector_b
2154.49166667,0.9951303030128978,0,0.00033,sector_b
2154.49305556,0.9951751018181626,0,0.00033,sector_b
2154.49444444,0.9951731452761967,0,0.00033,sector_b
2154.49583333,0.9948465448842041,0,0.00033,sector_b
2154.49722222,0.9950696797272978,0,0.00033,sector_b
2154.49861111,0.9959277382381799,0,0.00033,sector_b
2154.5,0.9952559005431262,0,0.00033,sector_b
2154.50138889,0.9957602902045155,0,0.00033,sector_b
2154.50277778,0.9951117122920456,0,0.00033,sector_b
2154.50416667,0.9954156009087296,0,0.00033,sector_b
2154.50555556,0.9953395611503644,0,0.00033,sector_b
2154.50694444,0.9955212914218793,0,0.00033,sector_b
2154.50833333,0.9955428831814314,0,0.00033,sector_b
2154.50972222,0.9953287247399881,0,0.00033,sector_b
2154.51111111,0.9953516990383834,0,0.00033,sector_b
2154.5125,0.9950148814214658,0,0.00033,sector_b
2154.51388889,0.9955211551744565,0,0.00033,sector_b
2154.51527778,0.9951757314516861,0,0.00033,sector_b
2154.51666667,0.995418682115467,0,0.00033,sector_b
2154.51805556,0.9949474768633134,0,0.00033,sector_b
2154.51944444,0.9953477116688021,0,0.00033,sector_b
2154.52083333,0.9951641186552991,0,0.00033,sector_b
2154.52222222,0.9951851437537986,0,0.00033,sector_b
2154.52361111,0.995461060179967,0,0.00033,sector_b
2154.525,0.9956386297697206,0,0.00033,sector_b
2154.52638889,0.9950053806172539,0,0.00033,sector_b
2154.52777778,0.9954229222680319,0,0.00033,sector_b
2154.52916667,0.9952325007114922,0,0.00033,sector_b
2154.53055556,0.9960023637482482,0,0.00033,sector_b
2154.53194444,0.9958864110933616,0,0.00033,sector_b
2154.53333333,0.9950290230661639,0,0.00033,sector_b
2154.53472222,0.9948663409542825,0,0.00033,sector_b
2154.53611111,0.9957327917540568,0,0.00033,sector_b
2154.5375,0.9952728414147947,0,0.00033,sector_b
2154.53888889,0.9949981740427816,0,0.00033,sector_b
2154.54027778,0.9958693941299932,0,0.00033,sector_b
2154.54166667,0.9959348030560218,0,0.00033,sector_b
2154.54305556,0.9949384289616857,0,0.00033,sector_b
2154.54444444,0.9954411335640827,0,0.00033,sector_b
2154.54583333,0.9951779209003074,0,0.00033,sector_b
2154.54722222,0.9953314926759547,0,0.00033,sector_b
2154.54861111,0.9953706072287617,0,0.00033,sector_b
2154.55,0.9954033660097643,0,0.00033,sector_b
2154.55138889,0.9949955019524179,0,0.00033,sector_b
2154.55277778,0.995516331609867,0,0.00033,sector_b
2154.55416667,0.9955011202739806,0,0.00033,sector_b
2154.55555556,0.9951634662156637,0,0.00033,sector_b
2154.55694444,0.9957039154191023,0,0.00033,sector_b
2154.55833333,0.9953761429789802,0,0.00033,sector_b
2154.55972222,0.9951620683214978,0,0.00033,sector_b
2154.56111111,0.995355041209285,0,0.00033,sector_b
2154.5625,0.9952716217346969,0,0.00033,sector_b
2154.56388889,0.9952635451134508,0,0.00033,sector_b
2154.56527778,0.9954512054584916,0,0.00033,sector_b
2154.56666667,0.9950031675578029,0,0.00033,sector_b
2154.56805556,0.9954466365452915,0,0.00033,sector_b
2154.56944444,0.9947137466770273,0,0.00033,sector_b
2154.57083333,0.9950112657463549,0,0.00033,sector_b
2154.57222222,0.9952510310668159,0,0.00033,sector_b
2154.57361111,0.9956447706356825,0,0.00033,sector_b
2154.575,0.9958384882638112,0,0.00033,sector_b
2154.57638889,0.9960303048297686,0,0.00033,sector_b
2154.57777778,0.9954387910805957,2048,0.00033,sector_b
2154.57916667,0.9955031576316998,0,0.00033,sector_b
2154.58055556,0.9955603588342654,0,0.00033,sector_b
2154.58194444,0.995685006464942,0,0.00033,sector_b
2154.58333333,0.9956618810656499,0,0.00033,sector_b
2154.58472222,0.9956431199470749,0,0.00033,sector_b
2154.58611111,0.9959236464464334,0,0.00033,sector_b
2154.5875,0.9951299532120034,0,0.00033,sector_b
2154.58888889,0.9951458732536844,0,0.00033,sector_b
2154.59027778,0.9952040082395203,0,0.00033,sector_b
2154.59166667,0.9952950675999783,0,0.00033,sector_b
2154.59305556,0.9953066564861747,0,0.00033,sector_b
2154.59444444,0.9960095782349376,0,0.00033,sector_b
2154.59583333,0.9953189352767181,0,0.00033,sector_b
2154.59722222,0.9954833240729833,0,0.00033,sector_b
2154.59861111,0.9950299469732952,0,0.00033,sector_b
2154.6,0.995284367121288,0,0.00033,sector_b
2154.60138889,0.9951599399659539,0,0.00033,sector_b
2154.60277778,0.9955536330694448,0,0.00033,sector_b
2154.60416667,0.99586806402151,0,0.00033,sector_b
2154.60555556,0.9958615821376637,0,0.00033,sector_b
2154.60694444,0.9960037003867304,0,0.00033,sector_b
2154.60833333,0.9952278062067412,0,0.00033,sector_b
2154.60972222,0.9956553969411152,0,0.00033,sector_b
2154.61111111,0.995838225675122,0,0.00033,sector_b
2154.6125,0.9958988230414854,0,0.00033,sector_b
2154.61388889,0.9955689912665106,0,0.00033,sector_b
2154.61527778,0.9956933111162591,0,0.00033,sector_b
2154.61666667,0.9959969494549505,0,0.00033,sector_b
2154.61805556,0.9955080614852706,0,0.00033,sector_b
2154.61944444,0.995555258151583,0,0.00033,sector_b
2154.62083333,0.9955549226627318,0,0.00033,sector_b
2154.62222222,0.9950167265884006,0,0.00033,sector_b
2154.62361111,0.9957848424339703,0,0.00033,sector_b
2154.625,0.9955408078638559,0,0.00033,sector_b
2154.62638889,0.9953938876395899,0,0.00033,sector_b
2154.62777778,0.99565899376969,0,0.00033,sector_b
2154.62916667,0.9956300821685771,0,0.00033,sector_b
2154.63055556,0.9957953238761935,0,0.00033,sector_b
2154.63194444,0.9955071611960201,0,0.00033,sector_b
2154.63333333,0.9954785204035366,0,0.00033,sector_b
2154.63472222,0.995317205851886,0,0.00033,sector_b
2154.63611111,0.9953438020733456,0,0.00033,sector_b
2154.6375,0.995490665247407,0,0.00033,sector_b
2154.63888889,0.9952077346228614,0,0.00033,sector_b
2154.64027778,0.9954730611816404,0,0.00033,sector_b
2154.64166667,0.9955126724483222,0,0.00033,sector_b
2154.64305556,0.9955161203880263,0,0.00033,sector_b
2154.64444444,0.995201832583932,0,0.00033,sector_b
2154.64583333,0.9960250883192753,0,0.00033,sector_b
2154.64722222,0.9953855499907132,0,0.00033,sector_b
2154.64861111,0.9954380855808618,0,0.00033,sector_b
2154.65,0.9957310971648023,0,0.00033,sector_b
2154.65138889,0.9955700583588108,0,0.00033,sector_b
2154.65277778,0.9956987813009517,0,0.00033,sector_b
2154.65416667,0.9956848726661253,0,0.00033,sector_b
2154.65555556,0.9956485549393129,0,0.00033,sector_b
2154.65694444,0.9956636073554036,0,0.00033,sector_b
2154.65833333,0.9955173928238937,0,0.00033,sector_b
2154.65972222,0.9957911420595152,0,0.00033,sector_b
2154.66111111,0.9948798628319684,0,0.00033,sector_b
2154.6625,0.9955709658417952,0,0.00033,sector_b
2154.66388889,0.9955853252861788,0,0.00033,sector_b
2154.66527778,0.9958876676802614,0,0.00033,sector_b
2154.66666667,0.9959215721905939,0,0.00033,sector_b
2154.66805556,0.9957459730028814,0,0.00033,sector_b
2154.66944444,0.9951595032755387,0,0.00033,sector_b
2154.67083333,0.9958383157396001,0,0.00033,sector_b
2154.67222222,0.9953866845609988,0,0.00033,sector_b
2154.67361111,0.9954571547130614,0,0.00033,sector_b
2154.675,0.9952354810164301,0,0.00033,sector_b
2154.67638889,0.9954726935761903,0,0.00033,sector_b
2154.67777778,0.995923643143079,0,0.00033,sector_b
2154.67916667,0.9955583505980423,0,0.00033,sector_b
2154.68055556,0.9956337601081909,0,0.00033,sector_b
2154.68194444,0.9951661688957743,0,0.00033,sector_b
2154.68333333,0.9951664769447655,0,0.00033,sector_b
2154.68472222,0.9952729770570914,0,0.00033,sector_b
2154.68611111,0.99549256884063,0,0.00033,sector_b
2154.6875,0.9952524509230439,0,0.00033,sector_b
2154.68888889,0.99540135840596,0,0.00033,sector_b
2154.69027778,0.9959628212256448,0,0.00033,sector_b
2154.69166667,0.9954690418193777,0,0.00033,sector_b
2154.69305556,0.995772087051262,0,0.00033,sector_b
2154.69444444,0.9960913479183673,0,0.00033,sector_b
2154.69583333,0.9952762045633761,0,0.00033,sector_b
2154.69722222,0.9954326136516354,0,0.00033,sector_b
2154.69861111,0.9951903277350542,0,0.00033,sector_b
2154.7,0.9954606775851136,0,0.00033,sector_b
2154.70138889,0.995405342070272,0,0.00033,sector_b
2154.70277778,0.9955040614912744,0,0.00033,sector_b
2154.70416667,0.995940151761001,0,0.00033,sector_b
2154.70555556,0.995331170914346,0,0.00033,sector_b
2154.70694444,0.9953702060015606,0,0.00033,sector_b
2154.70833333,0.9952985116619167,0,0.00033,sector_b
2154.70972222,0.9956094975980356,0,0.00033,sector_b
2154.71111111,0.9954704089154297,0,0.00033,sector_b
2154.7125,0.9951217752738184,0,0.00033,sector_b
2154.71388889,0.9957858341523403,0,0.00033,sector_b
2154.71527778,0.9955939810309496,0,0.00033,sector_b
2154.71666667,0.9958253107602152,0,0.00033,sector_b
2154.71805556,0.9957080324913323,0,0.00033,sector_b
2154.71944444,0.9954757142061653,0,0.00033,sector_b
2154.72083333,0.9955511200758981,0,0.00033,sector_b
2154.72222222,0.9955851736154601,0,0.00033,sector_b
2154.72361111,0.9950422154927422,0,0.00033,sector_b
2154.725,0.99533525649236,0,0.00033,sector_b
2154.72638889,0.9952588422615103,0,0.00033,sector_b
2154.72777778,0.9957029963037798,0,0.00033,sector_b
2154.72916667,0.9952383558885266,0,0.00033,sector_b
2154.73055556,0.9957852825619687,0,0.00033,sector_b
2154.73194444,0.9955506567626203,0,0.00033,sector_b
2154.73333333,0.9958047418146587,0,0.00033,sector_b
2154.73472222,0.9957818575810121,0,0.00033,sector_b
2154.73611111,0.9959617396483652,0,0.00033,sector_b
2154.7375,0.9960450666812604,0,0.00033,sector_b
2154.73888889,0.9953926228960185,0,0.00033,sector_b
2154.74027778,0.9957037060386366,0,0.00033,sector_b
2154.74166667,0.9954143333474262,0,0.00033,sector_b
2154.74305556,0.9957084949179339,0,0.00033,sector_b
2154.74444444,0.9957592937644669,0,0.00033,sector_b
2154.74583333,0.9956544309356887,0,0.00033,sector_b
2154.74722222,0.9960562750632286,0,0.00033,sector_b
2154.74861111,0.9957871003284161,0,0.00033,sector_b
2154.75,0.9954117802571375,0,0.00033,sector_b
2154.75138889,0.9952834311142386,0,0.00033,sector_b
2154.75277778,0.9955392314320326,0,0.00033,sector_b
2154.75416667,0.9956306854843711,0,0.00033,sector_b
2154.75555556,0.9960166858212234,0,0.00033,sector_b
2154.75694444,0.9955632668196878,0,0.00033,sector_b
2154.75833333,0.9959107872754889,0,0.00033,sector_b
2154.75972222,0.9954844204646777,0,0.00033,sector_b
2154.76111111,0.9952387488709115,0,0.00033,sector_b
2154.7625,0.9957742630844983,0,0.00033,sector_b
2154.76388889,0.9957227638288542,0,0.00033,sector_b
2154.76527778,0.9953480300569852,0,0.00033,sector_b
2154.76666667,0.995947403596819,0,0.00033,sector_b
2154.76805556,0.9958075622058282,0,0.00033,sector_b
2154.76944444,0.9955369048863181,0,0.00033,sector_b
2154.77083333,0.995772623305503,0,0.00033,sector_b
2154.77222222,0.9957763248642983,0,0.00033,sector_b
2154.77361111,0.99581779808634,0,0.00033,sector_b
2154.775,0.9954262513367134,0,0.00033,sector_b
2154.77638889,0.9951841604159741,0,0.00033,sector_b
2154.77777778,0.9957421288392005,0,0.00033,sector_b
2154.77916667,0.9956290935985999,0,0.00033,sector_b
2154.78055556,0.9958618317023543,0,0.00033,sector_b
2154.78194444,0.9957595186055708,0,0.00033,sector_b
2154.78333333,0.9956746973414808,0,0.00033,sector_b
2154.78472222,0.9955591605465258,0,0.00033,sector_b
2154.78611111,0.9959457441744032,0,0.00033,sector_b
2154.7875,0.9953315502986192,0,0.00033,sector_b
2154.78888889,0.9961769813380174,0,0.00033,sector_b
2154.79027778,0.9956117461258982,0,0.00033,sector_b
2154.79166667,0.9954973091380379,0,0.00033,sector_b
2154.79305556,0.9956288861425414,0,0.00033,sector_b
2154.79444444,0.9956828008421933,0,0.00033,sector_b
2154.79583333,0.9958046975967005,0,0.00033,sector_b
2154.79722222,0.9963045533920004,0,0.00033,sector_b
2154.79861111,0.9954611379279986,0,0.00033,sector_b
2154.8,0.9962634976737048,0,0.00033,sector_b
2154.80138889,0.9961602424571393,0,0.00033,sector_b
2154.80277778,0.9959103752755097,0,0.00033,sector_b
2154.80416667,0.9958100338564524,0,0.00033,sector_b
2154.80555556,0.9961564381692699,0,0.00033,sector_b
2154.80694444,0.9958720814315063,0,0.00033,sector_b
2154.80833333,0.9959272706046819,0,0.00033,sector_b
2154.80972222,0.9958194010823508,0,0.00033,sector_b
2154.81111111,0.9961106122819678,0,0.00033,sector_b
2154.8125,0.9956887925345761,0,0.00033,sector_b
2154.81388889,0.9955036959615262,0,0.00033,sector_b
2154.81527778,0.9959037528484338,0,0.00033,sector_b
2154.81666667,0.9955096372502481,0,0.00033,sector_b
2154.81805556,0.9957704156477499,0,0.00033,sector_b
2154.81944444,0.9956790366356917,0,0.00033,sector_b
2154.82083333,0.995782567411298,0,0.00033,sector_b
2154.82222222,0.9964478695518871,0,0.00033,sector_b
2154.82361111,0.9959301825708048,0,0.00033,sector_b
2154.825,0.9966266612484567,0,0.00033,sector_b
2154.82638889,0.9959392712898681,0,0.00033,sector_b
2154.82777778,0.9966764190282846,0,0.00033,sector_b
2154.82916667,0.9956335629317888,0,0.00033,sector_b
2154.83055556,0.9957471111655622,0,0.00033,sector_b
2154.83194444,0.9956745093170736,0,0.00033,sector_b
2154.83333333,0.9958722003780967,0,0.00033,sector_b
2154.83472222,0.9955522486994175,0,0.00033,sector_b
2154.83611111,0.9960718044703499,0,0.00033,sector_b
2154.8375,0.9958575517590617,0,0.00033,sector_b
2154.83888889,0.9956934826240946,0,0.00033,sector_b
2154.84027778,0.9964526834530008,0,0.00033,sector_b
2154.84166667,0.9956784648053324,0,0.00033,sector_b
2154.84305556,0.9955263076461621,0,0.00033,sector_b
2154.84444444,0.9964008104198865,0,0.00033,sector_b
2154.84583333,0.9956582838255835,0,0.00033,sector_b
2154.84722222,0.9957567271009847,0,0.00033,sector_b
2154.84861111,0.9958839162028474,0,0.00033,sector_b
2154.85,0.9960903849981857,0,0.00033,sector_b
2154.85138889,0.9955386493282098,0,0.00033,sector_b
2154.85277778,0.9957268153168499,0,0.00033,sector_b
2154.85416667,0.9962616263598183,0,0.00033,sector_b
2154.85555556,0.9953681261446622,0,0.00033,sector_b
2154.85694444,0.9957613821131162,0,0.00033,sector_b
2154.85833333,0.9957016480302426,0,0.00033,sector_b
2154.85972222,0.9956984424218305,0,0.00033,sector_b
2154.86111111,0.9953593740348504,0,0.00033,sector_b
2154.8625,0.9961285509141399,2048,0.00033,sector_b
2154.86388889,0.9954233036412985,0,0.00033,sector_b
2154.86527778,0.995573364732409,0,0.00033,sector_b
2154.86666667,0.9961799128060718,0,0.00033,sector_b
2154.86805556,0.9954855168044885,0,0.00033,sector_b
2154.86944444,0.9960399008800259,0,0.00033,sector_b
2154.87083333,0.9955107138117826,0,0.00033,sector_b
2154.87222222,0.9957470408747346,0,0.00033,sector_b
2154.87361111,0.9957578440043138,0,0.00033,sector_b
2154.875,0.9965052309132761,0,0.00033,sector_b
2154.87638889,0.9962736694909062,0,0.00033,sector_b
2154.87777778,0.9958513948992677,0,0.00033,sector_b
2154.87916667,0.9957828482442199,0,0.00033,sector_b
2154.88055556,0.996019733329511,0,0.00033,sector_b
2154.88194444,0.9966440445857967,0,0.00033,sector_b
2154.88333333,0.995626574067709,0,0.00033,sector_b
2154.88472222,0.9957718070264361,0,0.00033,sector_b
2154.88611111,0.9955093495663997,0,0.00033,sector_b
2154.8875,0.9960359849700823,0,0.00033,sector_b
2154.88888889,0.995744984143662,0,0.00033,sector_b
2154.89027778,0.995823012854553,0,0.00033,sector_b
2154.89166667,0.9962045503266426,0,0.00033,sector_b
2154.89305556,0.9965869463782219,0,0.00033,sector_b
2154.89444444,0.996055063125352,0,0.00033,sector_b
2154.89583333,0.996119986830801,4096,0.00033,sector_b
2154.89722222,0.9958465855842362,0,0.00033,sector_b
2154.89861111,0.9953892065258177,0,0.00033,sector_b
2154.9,0.9962963224714095,0,0.00033,sector_b
2154.90138889,0.9960154993621957,0,0.00033,sector_b
2154.90277778,0.996427168277103,0,0.00033,sector_b
2154.90416667,0.9958016022480896,0,0.00033,sector_b
2154.90555556,0.996054664318893,0,0.00033,sector_b
2154.90694444,0.9963815654371286,0,0.00033,sector_b
2154.90833333,0.9961560156115753,0,0.00033,sector_b
2154.90972222,0.9963384197836339,0,0.00033,sector_b
2154.91111111,0.9956871317965051,0,0.00033,sector_b
2154.9125,0.9961805314639978,0,0.00033,sector_b
2154.91388889,0.9961235558804865,0,0.00033,sector_b
2154.91527778,0.9963316746129446,0,0.00033,sector_b
2154.91666667,0.9956304255199001,0,0.00033,sector_b
2154.91805556,0.9959145700424912,0,0.00033,sector_b
2154.91944444,0.9959231623784357,0,0.00033,sector_b
2154.92083333,0.9960112965639868,0,0.00033,sector_b
2154.92222222,0.9959667778152923,0,0.00033,sector_b
2154.92361111,0.9959066916059168,0,0.00033,sector_b
2154.925,0.9964214648637258,0,0.00033,sector_b
2154.92638889,0.9962688616203804,0,0.00033,sector_b
2154.92777778,0.9960752753427954,0,0.00033,sector_b
2154.92916667,0.996106253988143,0,0.00033,sector_b
2154.93055556,0.9964747254673492,0,0.00033,sector_b
2154.93194444,0.9958770517931492,0,0.00033,sector_b
2154.93333333,0.9958687304164665,0,0.00033,sector_b
2154.93472222,0.9961377224733495,0,0.00033,sector_b
2154.93611111,0.9954833734425825,0,0.00033,sector_b
2154.9375,0.996153582989984,0,0.00033,sector_b
2154.93888889,0.9963190162571318,0,0.00033,sector_b
2154.94027778,0.9963578279770016,0,0.00033,sector_b
2154.94166667,0.9961371633870646,0,0.00033,sector_b
2154.94305556,0.9964440791715685,0,0.00033,sector_b
2154.94444444,0.9959066729820228,0,0.00033,sector_b
2154.94583333,0.9961580155822697,0,0.00033,sector_b
2154.94722222,0.9962708884484304,0,0.00033,sector_b
2154.94861111,0.9961091786812769,0,0.00033,sector_b
2154.95,0.9960929282802174,0,0.00033,sector_b
2154.95138889,0.9961399315483683,0,0.00033,sector_b
2154.95277778,0.996165395673166,2048,0.00033,sector_b
2154.95416667,0.9961142449962432,0,0.00033,sector_b
2154.95555556,0.9964913510284374,0,0.00033,sector_b
2154.95694444,0.9964943451692384,0,0.00033,sector_b
2154.95833333,0.9968206880178598,0,0.00033,sector_b
2154.95972222,0.9961366177785307,0,0.00033,sector_b
2154.96111111,0.9959554293346603,0,0.00033,sector_b
2154.9625,0.9960894042503856,0,0.00033,sector_b
2154.96388889,0.9965458532045908,0,0.00033,sector_b
2154.96527778,0.9961397032062389,0,0.00033,sector_b
2154.96666667,0.9961229567339012,0,0.00033,sector_b
2154.96805556,0.9952783438639915,0,0.00033,sector_b
2154.96944444,0.9960120222421384,0,0.00033,sector_b
2154.97083333,0.9965022054134509,0,0.00033,sector_b
2154.97222222,0.9965860480985768,0,0.00033,sector_b
2154.97361111,0.9959345685912033,0,0.00033,sector_b
2154.975,0.9965807464462318,0,0.00033,sector_b
2154.97638889,0.9961415950353837,4096,0.00033,sector_b
2154.97777778,0.9965442066919934,0,0.00033,sector_b
2154.97916667,0.995870822602046,0,0.00033,sector_b
2154.98055556,0.9964793850149581,0,0.00033,sector_b
2154.98194444,0.9967034980118928,0,0.00033,sector_b
2154.98333333,0.9956862408413996,0,0.00033,sector_b
2154.98472222,0.996345449840585,0,0.00033,sector_b
2154.98611111,0.9964214250445588,0,0.00033,sector_b
2154.9875,0.9961766915026025,0,0.00033,sector_b
2154.98888889,0.9964171046220827,0,0.00033,sector_b
2154.99027778,0.996331768335512,0,0.00033,sector_b
2154.99166667,0.9965469093950983,0,0.00033,sector_b
2154.99305556,0.9964598671400254,0,0.00033,sector_b
2154.99444444,0.9965271702003559,0,0.00033,sector_b
2154.99583333,0.9960833863175639,0,0.00033,sector_b
2154.99722222,0.9960265698498788,0,0.00033,sector_b
2154.99861111,0.9961478529266796,0,0.00033,sector_b
2155.0,0.9964188608096208,0,0.00033,sector_b
2155.00138889,0.9965358192442381,0,0.00033,sector_b
2155.00277778,0.99658902689509,0,0.00033,sector_b
2155.00416667,0.9968053636708676,0,0.00033,sector_b
2155.00555556,0.996278911754828,0,0.00033,sector_b
2155.00694444,0.9964492822195354,0,0.00033,sector_b
2155.00833333,0.996555819538,0,0.00033,sector_b
2155.00972222,0.9966519174977693,0,0.00033,sector_b
2155.01111111,0.9969649387211201,0,0.00033,sector_b
2155.0125,0.9963750739264668,0,0.00033,sector_b
2155.01388889,0.996219925932602,0,0.00033,sector_b
2155.01527778,0.9961432759691466,0,0.00033,sector_b
2155.01666667,0.9965498135632803,0,0.00033,sector_b
2155.01805556,0.996078442177223,0,0.00033,sector_b
2155.01944444,0.9966459426772529,0,0.00033,sector_b
2155.02083333,0.9968420820180746,0,0.00033,sector_b
2155.02222222,0.9966878962405069,0,0.00033,sector_b
2155.02361111,0.9965599726674073,0,0.00033,sector_b
2155.025,0.9965550078848319,0,0.00033,sector_b
2155.02638889,0.9961437370335405,0,0.00033,sector_b
2155.02777778,0.9965703471359771,0,0.00033,sector_b
2155.02916667,0.9966270791287771,0,0.00033,sector_b
2155.03055556,0.9966312717316413,0,0.00033,sector_b
2155.03194444,0.9967821652426905,0,0.00033,sector_b
2155.03333333,0.9964441433679673,0,0.00033,sector_b
2155.03472222,0.9959807669293308,0,0.00033,sector_b
2155.03611111,0.996404289679642,0,0.00033,sector_b
2155.0375,0.9965875476827054,0,0.00033,sector_b
2155.03888889,0.9962786904910923,0,0.00033,sector_b
2155.04027778,0.9965972886921542,0,0.00033,sector_b
2155.04166667,0.9966096515728752,0,0.00033,sector_b
2155.04305556,0.9964049270359836,0,0.00033,sector_b
2155.04444444,0.9962926943325084,0,0.00033,sector_b
2155.04583333,0.9967239459690959,0,0.00033,sector_b
2155.04722222,0.996407029232339,0,0.00033,sector_b
2155.04861111,0.9965230499746697,0,0.00033,sector_b
2155.05,0.9965731960942256,0,0.00033,sector_b
2155.05138889,0.9967834225207686,0,0.00033,sector_b
2155.05277778,0.9967427762140868,0,0.00033,sector_b
2155.05416667,0.9965863435852229,0,0.00033,sector_b
2155.05555556,0.9965476095819307,0,0.00033,sector_b
2155.05694444,0.9961864190058766,0,0.00033,sector_b
2155.05833333,0.9961029593135572,0,0.00033,sector_b
2155.05972222,0.9962682265931064,0,0.00033,sector_b
2155.06111111,0.9963021946968696,0,0.00033,sector_b
2155.0625,0.9969890715154558,0,0.00033,sector_b
2155.06388889,0.9961075634096517,0,0.00033,sector_b
2155.06527778,0.9963958316966091,0,0.00033,sector_b
2155.06666667,0.9969240281329175,0,0.00033,sector_b
2155.06805556,0.9962338224624798,0,0.00033,sector_b
2155.06944444,0.9967965124195668,0,0.00033,sector_b
2155.07083333,0.9969396116672465,0,0.00033,sector_b
2155.07222222,0.9963607932732601,0,0.00033,sector_b
2155.07361111,0.9969746267063837,0,0.00033,sector_b
2155.075,0.9963923371207477,0,0.00033,sector_b
2155.07638889,0.9969617728336082,0,0.00033,sector_b
2155.07777778,0.996695750180862,0,0.00033,sector_b
2155.07916667,0.9969388386789565,0,0.00033,sector_b
2155.08055556,0.9962379450649267,0,0.00033,sector_b
2155.08194444,0.9968367762162317,0,0.00033,sector_b
2155.08333333,0.996171854106079,0,0.00033,sector_b
2155.08472222,0.9968349994652183,0,0.00033,sector_b
2155.08611111,0.9969044358988522,0,0.00033,sector_b
2155.0875,0.9963061022966172,0,0.00033,sector_b
2155.08888889,0.9970132082632145,0,0.00033,sector_b
2155.09027778,0.996929627069013,0,0.00033,sector_b
2155.09166667,0.9966675568241605,0,0.00033,sector_b
2155.09305556,0.9965416328535277,0,0.00033,sector_b
2155.09444444,0.9969809865046797,0,0.00033,sector_b
2155.09583333,0.9965445326902039,2048,0.00033,sector_b
2155.09722222,0.9965402659038867,0,0.00033,sector_b
2155.09861111,0.9967061275805267,0,0.00033,sector_b
2155.1,0.996775693292616,0,0.00033,sector_b
2155.10138889,0.9970822053348788,0,0.00033,sector_b
2155.10277778,0.9963277755398507,0,0.00033,sector_b
2155.10416667,0.9966035323448925,0,0.00033,sector_b
2155.10555556,0.9965862092321626,0,0.00033,sector_b
2155.10694444,0.9967765731538433,0,0.00033,sector_b
2155.10833333,0.996621531237032,0,0.00033,sector_b
2155.10972222,0.9965288731034619,0,0.00033,sector_b
2155.11111111,0.9970220786513685,0,0.00033,sector_b
2155.1125,0.9967549466489928,4096,0.00033,sector_b
2155.11388889,0.996383310496981,0,0.00033,sector_b
2155.11527778,0.9964713884613007,0,0.00033,sector_b
2155.11666667,0.9963981181832346,0,0.00033,sector_b
2155.11805556,0.9967343863809929,0,0.00033,sector_b
2155.11944444,0.9966826293150836,0,0.00033,sector_b
2155.12083333,0.996422600341946,0,0.00033,sector_b
2155.12222222,0.9962135006718359,0,0.00033,sector_b
2155.12361111,0.9963155525063331,0,0.00033,sector_b
2155.125,0.9970298243781949,0,0.00033,sector_b
2155.12638889,0.9970644769823163,0,0.00033,sector_b
2155.12777778,0.9966148209661183,0,0.00033,sector_b
2155.12916667,0.9972223384401147,0,0.00033,sector_b
2155.13055556,0.9965646620040353,0,0.00033,sector_b
2155.13194444,0.9970286281237142,0,0.00033,sector_b
2155.13333333,0.9964929749909729,0,0.00033,sector_b
2155.13472222,0.9969687046000084,0,0.00033,sector_b
2155.13611111,0.996431466705837,0,0.00033,sector_b
2155.1375,0.9970512928776324,0,0.00033,sector_b
2155.13888889,0.9966985699469498,0,0.00033,sector_b
2155.14027778,0.9970001861635622,0,0.00033,sector_b
2155.14166667,0.9966977398934346,0,0.00033,sector_b
2155.14305556,0.9967582770530306,0,0.00033,sector_b
2155.14444444,0.9965622790964711,0,0.00033,sector_b
2155.14583333,0.9969739688407823,0,0.00033,sector_b
2155.14722222,0.996622992416554,0,0.00033,sector_b
2155.14861111,0.9975765597209829,0,0.00033,sector_b
2155.15,0.9969048537373097,0,0.00033,sector_b
2155.15138889,0.9967781454284024,0,0.00033,sector_b
2155.15277778,0.9970824275991603,0,0.00033,sector_b
2155.15416667,0.9965851007993276,0,0.00033,sector_b
2155.15555556,0.996538987597831,0,0.00033,sector_b
2155.15694444,0.9964259943518257,0,0.00033,sector_b
2155.15833333,0.9972678712103951,0,0.00033,sector_b
2155.15972222,0.9969885411576385,0,0.00033,sector_b
2155.16111111,0.9973042947605363,0,0.00033,sector_b
2155.1625,0.9965103857960137,0,0.00033,sector_b
2155.16388889,0.9962124817405432,0,0.00033,sector_b
2155.16527778,0.9968828943395047,0,0.00033,sector_b
2155.16666667,0.9973128641043217,0,0.00033,sector_b
2155.16805556,0.9970351223192175,0,0.00033,sector_b
2155.16944444,0.9970488994616271,0,0.00033,sector_b
2155.17083333,0.99711351252748,0,0.00033,sector_b
2155.17222222,0.9970055590359873,0,0.00033,sector_b
2155.17361111,0.9971800106962366,0,0.00033,sector_b
2155.175,0.997229140412003,0,0.00033,sector_b
2155.17638889,0.9970050649091492,0,0.00033,sector_b
2155.17777778,0.9969971310078045,0,0.00033,sector_b
2155.17916667,0.9966252080443658,0,0.00033,sector_b
2155.18055556,0.9968461822629102,0,0.00033,sector_b
2155.18194444,0.9972130090988883,0,0.00033,sector_b
2155.18333333,0.9968105982990111,0,0.00033,sector_b
2155.18472222,0.9972159297460577,0,0.00033,sector_b
2155.18611111,0.9968540514643358,0,0.00033,sector_b
2155.1875,0.9971260342457992,0,0.00033,sector_b
2155.18888889,0.9967285363722845,0,0.00033,sector_b
2155.19027778,0.9977721313265449,0,0.00033,sector_b
2155.19166667,0.9967592053234212,0,0.00033,sector_b
2155.19305556,0.9969783958175696,0,0.00033,sector_b
2155.19444444,0.9970921608103845,0,0.00033,sector_b
2155.19583333,0.9964871206075588,0,0.00033,sector_b
2155.19722222,0.9968473130768793,0,0.00033,sector_b
2155.19861111,0.9972092492931363,4096,0.00033,sector_b
2155.2,0.9969688708611737,0,0.00033,sector_b
2155.20138889,0.9968419567124263,0,0.00033,sector_b
2155.20277778,0.9968347723848239,0,0.00033,sector_b
2155.20416667,0.996727831684598,0,0.00033,sector_b
2155.20555556,0.9972741150468616,0,0.00033,sector_b
2155.20694444,0.9972390328913463,0,0.00033,sector_b
2155.20833333,0.9964247600548954,0,0.00033,sector_b
2155.20972222,0.9971103990510435,0,0.00033,sector_b
2155.21111111,0.9970102163664425,0,0.00033,sector_b
2155.2125,0.9969945684023404,0,0.00033,sector_b
2155.21388889,0.9975480471831669,0,0.00033,sector_b
2155.21527778,0.9963326842052759,0,0.00033,sector_b
2155.21666667,0.9979948214764451,0,0.00033,sector_b
2155.21805556,0.9970607401053886,0,0.00033,sector_b
2155.21944444,0.9974849285135616,0,0.00033,sector_b
2155.22083333,0.9968029219182715,0,0.00033,sector_b
2155.22222222,0.9973556742910008,0,0.00033,sector_b
2155.22361111,0.997478248745689,0,0.00033,sector_b
2155.225,0.9970084042269256,4096,0.00033,sector_b
2155.22638889,0.9971362716658916,0,0.00033,sector_b
2155.22777778,0.9972550235091938,0,0.00033,sector_b
2155.22916667,0.997180767640295,0,0.00033,sector_b
2155.23055556,0.9974936657021845,0,0.00033,sector_b
2155.23194444,0.9974035275242055,0,0.00033,sector_b
2155.23333333,0.9975965901406205,0,0.00033,sector_b
2155.23472222,0.9967242090658368,0,0.00033,sector_b
2155.23611111,0.9973040370402085,0,0.00033,sector_b
2155.2375,0.9969768307162225,0,0.00033,sector_b
2155.23888889,0.9971242757509662,0,0.00033,sector_b
2155.24027778,0.9972054002801511,0,0.00033,sector_b
2155.24166667,0.996871315707416,0,0.00033,sector_b
2155.24305556,0.9970345136657341,0,0.00033,sector_b
2155.24444444,0.9972499196760796,0,0.00033,sector_b
2155.24583333,0.9972514211053894,0,0.00033,sector_b
2155.24722222,0.9973892194807906,0,0.00033,sector_b
2155.24861111,0.9977541901599497,0,0.00033,sector_b
2155.25,0.9969949396187999,4096,0.00033,sector_b
2155.25138889,0.9969927535963153,0,0.00033,sector_b
2155.25277778,0.9973289316202105,2048,0.00033,sector_b
2155.25416667,0.997765593727078,0,0.00033,sector_b
2155.25555556,0.9971535151474855,0,0.00033,sector_b
2155.25694444,0.9968195850663492,0,0.00033,sector_b
2155.25833333,0.9970546319259608,0,0.00033,sector_b
2155.25972222,0.9976486805573294,0,0.00033,sector_b
2155.26111111,0.9979232243126703,0,0.00033,sector_b
2155.2625,0.9973032010311053,0,0.00033,sector_b
2155.26388889,0.9973667288326965,0,0.00033,sector_b
2155.26527778,0.9977109291914213,0,0.00033,sector_b
2155.26666667,0.997443740313396,0,0.00033,sector_b
2155.26805556,0.9976085880636981,0,0.00033,sector_b
2155.26944444,0.9973362468758534,0,0.00033,sector_b
2155.27083333,0.9975667718909752,0,0.00033,sector_b
2155.27222222,0.9976598725404653,0,0.00033,sector_b
2155.27361111,0.9970194778943513,0,0.00033,sector_b
2155.275,0.9974214606127048,0,0.00033,sector_b
2155.27638889,0.9971986208009694,0,0.00033,sector_b
2155.27777778,0.9967809454064885,0,0.00033,sector_b
2155.27916667,0.9973470629273935,0,0.00033,sector_b
2155.28055556,0.9975195309036183,0,0.00033,sector_b
2155.28194444,0.9975887223031391,0,0.00033,sector_b
2155.28333333,0.9979938356851286,0,0.00033,sector_b
2155.28472222,0.9969807117524488,0,0.00033,sector_b
2155.28611111,0.9966402765454561,0,0.00033,sector_b
2155.2875,0.9971796041626572,0,0.00033,sector_b
2155.28888889,0.9973837903568159,0,0.00033,sector_b
2155.29027778,0.9978604414918516,0,0.00033,sector_b
2155.29166667,0.9978733835167175,0,0.00033,sector_b
2155.29305556,0.9978116679607658,0,0.00033,sector_b
2155.29444444,0.9964593957505422,0,0.00033,sector_b
2155.29583333,0.9974947794360012,0,0.00033,sector_b
2155.29722222,0.9979291704523165,0,0.00033,sector_b
2155.29861111,0.9973436776058591,0,0.00033,sector_b
2155.3,0.9969483768902556,0,0.00033,sector_b
2155.30138889,0.9972043945906102,0,0.00033,sector_b
2155.30277778,0.9975127182344545,0,0.00033,sector_b
2155.30416667,0.9978897891819115,0,0.00033,sector_b
2155.30555556,0.9970205120237426,0,0.00033,sector_b
2155.30694444,0.9975161504622443,0,0.00033,sector_b
2155.30833333,0.9974131196651218,0,0.00033,sector_b
2155.30972222,0.9968314501399352,0,0.00033,sector_b
2155.31111111,0.9976900878196193,0,0.00033,sector_b
2155.3125,0.9971899788436196,0,0.00033,sector_b
2155.31388889,0.9972487886645818,0,0.00033,sector_b
2155.31527778,0.9973886377088945,0,0.00033,sector_b
2155.31666667,0.9980605998207052,0,0.00033,sector_b
2155.31805556,0.9973808188724754,0,0.00033,sector_b
2155.31944444,0.9975234673009881,0,0.00033,sector_b
2155.32083333,0.997389894760816,0,0.00033,sector_b
2155.32222222,0.9973850105013746,0,0.00033,sector_b
2155.32361111,0.996951591929054,0,0.00033,sector_b
2155.325,0.9978553165612686,0,0.00033,sector_b
2155.32638889,0.997688367065383,0,0.00033,sector_b
2155.32777778,0.9975052278083316,0,0.00033,sector_b
2155.32916667,0.9977551984875056,0,0.00033,sector_b
2155.33055556,0.9966141719867323,0,0.00033,sector_b
2155.33194444,0.9981078425448549,0,0.00033,sector_b
2155.33333333,0.9976047413761213,0,0.00033,sector_b
2155.33472222,0.9976230160865269,0,0.00033,sector_b
2155.33611111,0.9979174434745828,0,0.00033,sector_b
2155.3375,0.9975037937828661,0,0.00033,sector_b
2155.33888889,0.9976402453940786,0,0.00033,sector_b
2155.34027778,0.9978902164734607,0,0.00033,sector_b
2155.34166667,0.9969354146393656,0,0.00033,sector_b
2155.34305556,0.9980514073133653,0,0.00033,sector_b
2155.34444444,0.9982086629535579,0,0.00033,sector_b
2155.34583333,0.9976685032559443,0,0.00033,sector_b
2155.34722222,0.9981850966950176,0,0.00033,sector_b
2155.34861111,0.997673579297704,0,0.00033,sector_b
2155.35,0.9979979360550072,0,0.00033,sector_b
2155.35138889,0.9980906539897821,0,0.00033,sector_b
2155.35277778,0.9973305440503761,0,0.00033,sector_b
2155.35416667,0.997961634525343,0,0.00033,sector_b
2155.35555556,0.9974872348217094,0,0.00033,sector_b
2155.35694444,0.997437506229921,0,0.00033,sector_b
2155.35833333,0.9976125384029397,0,0.00033,sector_b
2155.35972222,0.9980634110150628,0,0.00033,sector_b
2155.36111111,0.9978730077603059,0,0.00033,sector_b
2155.3625,0.9978891598773697,0,0.00033,sector_b
2155.36388889,0.9975227594147309,0,0.00033,sector_b
2155.36527778,0.997682541536147,0,0.00033,sector_b
2155.36666667,0.9978622876151325,0,0.00033,sector_b
2155.36805556,0.9979455830696894,0,0.00033,sector_b
2155.36944444,0.9977283173732046,0,0.00033,sector_b
2155.37083333,0.9976249936109559,0,0.00033,sector_b
2155.37222222,0.9979711171037984,0,0.00033,sector_b
2155.37361111,0.9973523227141723,0,0.00033,sector_b
2155.375,0.997699343934415,0,0.00033,sector_b
2155.37638889,0.9972727066678854,0,0.00033,sector_b
2155.37777778,0.9976678747694087,0,0.00033,sector_b
2155.37916667,0.9973950480564135,0,0.00033,sector_b
2155.38055556,0.9978289168258248,0,0.00033,sector_b
2155.38194444,0.9976436171860129,0,0.00033,sector_b
2155.38333333,0.9971611616015289,0,0.00033,sector_b
2155.38472222,0.9983030220637773,0,0.00033,sector_b
2155.38611111,0.9978109299825962,0,0.00033,sector_b
2155.3875,0.997580390175289,0,0.00033,sector_b
2155.38888889,0.9974641839646662,0,0.00033,sector_b
2155.39027778,0.9980574420024246,0,0.00033,sector_b
2155.39166667,0.9979029338222265,0,0.00033,sector_b
2155.39305556,0.9981265069823121,0,0.00033,sector_b
2155.39444444,0.997825394271537,0,0.00033,sector_b
2155.39583333,0.9976779615928825,0,0.00033,sector_b
2155.39722222,0.9980473979238372,0,0.00033,sector_b
2155.39861111,0.9980083482192084,0,0.00033,sector_b
2155.4,0.9976674825351933,0,0.00033,sector_b
2155.40138889,0.9978252271825474,0,0.00033,sector_b
2155.40277778,0.9977998586948595,0,0.00033,sector_b
2155.40416667,0.9985889358177831,0,0.00033,sector_b
2155.40555556,0.9983075662407892,0,0.00033,sector_b
2155.40694444,0.9979747921249273,0,0.00033,sector_b
2155.40833333,0.9979224361246265,4096,0.00033,sector_b
2155.40972222,0.9975743932050183,0,0.00033,sector_b
2155.41111111,0.9978925139191501,0,0.00033,sector_b
2155.4125,0.9985347098963457,0,0.00033,sector_b
2155.41388889,0.9979611796996519,2048,0.00033,sector_b
2155.41527778,0.997676445292666,0,0.00033,sector_b
2155.41666667,0.9975337873001682,0,0.00033,sector_b
2155.41805556,0.9979534355728759,0,0.00033,sector_b
2155.41944444,0.9983762720026905,0,0.00033,sector_b
2155.42083333,0.998307385187345,0,0.00033,sector_b
2155.42222222,0.9978927406065533,0,0.00033,sector_b
2155.42361111,0.9978342530266956,0,0.00033,sector_b
2155.425,0.9972048029666505,0,0.00033,sector_b
2155.42638889,0.9975208212245943,0,0.00033,sector_b
2155.42777778,0.9980512558973754,0,0.00033,sector_b
2155.42916667,0.9977477946023002,0,0.00033,sector_b
2155.43055556,0.9975605361499058,0,0.00033,sector_b
2155.43194444,0.9984151958548252,0,0.00033,sector_b
2155.43333333,0.9984091242326207,0,0.00033,sector_b
2155.43472222,0.9981403909241381,0,0.00033,sector_b
2155.43611111,0.9977189182586765,0,0.00033,sector_b
2155.4375,0.9981468178651222,0,0.00033,sector_b
2155.43888889,0.9981429511303143,0,0.00033,sector_b
2155.44027778,0.9986262766740869,0,0.00033,sector_b
2155.44166667,0.9981843498597913,0,0.00033,sector_b
2155.44305556,0.9980185357986245,0,0.00033,sector_b
2155.44444444,0.9982395320366669,0,0.00033,sector_b
2155.44583333,0.9980917632636869,0,0.00033,sector_b
2155.44722222,0.9982146146301437,0,0.00033,sector_b
2155.44861111,0.9980054484471654,0,0.00033,sector_b
2155.45,0.9978483087339634,0,0.00033,sector_b
2155.45138889,0.9986486055576497,0,0.00033,sector_b
2155.45277778,0.998439197581432,0,0.00033,sector_b
2155.45416667,0.9983333155030728,0,0.00033,sector_b
2155.45555556,0.9980674852690825,0,0.00033,sector_b
2155.45694444,0.9987556046794455,0,0.00033,sector_b
2155.45833333,0.9986371090678914,0,0.00033,sector_b
2155.45972222,0.9984355335466274,0,0.00033,sector_b
2155.46111111,0.99803779188286,0,0.00033,sector_b
2155.4625,0.9985436844038154,0,0.00033,sector_b
2155.46388889,0.9986061251084567,0,0.00033,sector_b
2155.46527778,0.9980853769601925,0,0.00033,sector_b
2155.46666667,0.9980246052328375,0,0.00033,sector_b
2155.46805556,0.9974957103598012,0,0.00033,sector_b
2155.46944444,0.998239283976778,0,0.00033,sector_b
2155.47083333,0.9987783814810197,0,0.00033,sector_b
2155.47222222,0.9983700980778935,0,0.00033,sector_b
2155.47361111,0.9984812310042277,0,0.00033,sector_b
2155.475,0.9985184516679452,0,0.00033,sector_b
2155.47638889,0.9979413436679023,0,0.00033,sector_b
2155.47777778,0.9987104538477036,0,0.00033,sector_b
2155.47916667,0.9984041878344353,0,0.00033,sector_b
2155.48055556,0.9978773352459974,0,0.00033,sector_b
2155.48194444,0.9984603259897332,0,0.00033,sector_b
2155.48333333,0.9973591477592376,0,0.00033,sector_b
2155.48472222,0.9982722569269529,0,0.00033,sector_b
2155.48611111,0.9984571682089062,0,0.00033,sector_b
2155.4875,0.9986602771474037,0,0.00033,sector_b
2155.48888889,0.9983103044353828,0,0.00033,sector_b
2155.49027778,0.9986285097929072,0,0.00033,sector_b
2155.49166667,0.998004074768502,0,0.00033,sector_b
2155.49305556,0.998021467859009,0,0.00033,sector_b
2155.49444444,0.9983859975438271,0,0.00033,sector_b
2155.49583333,0.998879481372368,0,0.00033,sector_b
2155.49722222,0.998661134947041,0,0.00033,sector_b
2155.49861111,0.9985872517583196,0,0.00033,sector_b
2155.5,0.9982349696249946,0,0.00033,sector_b
2155.50138889,0.9986228828420579,0,0.00033,sector_b
2155.50277778,0.9980697493480909,4096,0.00033,sector_b
2155.50416667,0.9981577906916826,0,0.00033,sector_b
2155.50555556,0.9984597756639134,0,0.00033,sector_b
2155.50694444,0.9984397341264666,0,0.00033,sector_b
2155.50833333,0.9982896777398708,0,0.00033,sector_b
2155.50972222,0.9982657904726815,0,0.00033,sector_b
2155.51111111,0.9983293227624654,0,0.00033,sector_b
2155.5125,0.9983981393703636,0,0.00033,sector_b
2155.51388889,0.9986756746722659,0,0.00033,sector_b
2155.51527778,0.9991011669808989,0,0.00033,sector_b
2155.51666667,0.9984404553689581,0,0.00033,sector_b
2155.51805556,0.9981043639912052,0,0.00033,sector_b
2155.51944444,0.9984698292704088,0,0.00033,sector_b
2155.52083333,0.998492368310382,0,0.00033,sector_b
2155.52222222,0.9988408844330653,0,0.00033,sector_b
2155.52361111,0.9989958274918739,0,0.00033,sector_b
2155.525,0.9988261743130702,0,0.00033,sector_b
2155.52638889,0.9985544533282599,0,0.00033,sector_b
2155.52777778,0.9982729737790161,0,0.00033,sector_b
2155.52916667,0.9988057631822785,0,0.00033,sector_b
2155.53055556,0.9983689115716544,0,0.00033,sector_b
2155.53194444,0.998156427721941,0,0.00033,sector_b
2155.53333333,0.9981485010135611,0,0.00033,sector_b
2155.53472222,0.9985991243077821,0,0.00033,sector_b
2155.53611111,0.9988694258887104,0,0.00033,sector_b
2155.5375,0.9986545034081546,0,0.00033,sector_b
2155.53888889,0.9986294346974679,0,0.00033,sector_b
2155.54027778,0.9987438013692178,0,0.00033,sector_b
2155.54166667,0.9983431582511787,0,0.00033,sector_b
2155.54305556,0.998260164674315,0,0.00033,sector_b
2155.54444444,0.9986916235994846,0,0.00033,sector_b
2155.54583333,0.998660138125809,0,0.00033,sector_b
2155.54722222,0.9990492327358922,0,0.00033,sector_b
2155.54861111,0.9984911253931882,0,0.00033,sector_b
2155.55,0.9972379762571378,0,0.00033,sector_b
2155.55138889,0.9979825813098592,0,0.00033,sector_b
2155.55277778,0.9980606247349997,0,0.00033,sector_b
2155.55416667,0.9982739303932079,0,0.00033,sector_b
2155.55555556,0.9983915555230258,0,0.00033,sector_b
2155.55694444,0.9983540233132377,0,0.00033,sector_b
2155.55833333,0.9979379220508808,0,0.00033,sector_b
2155.55972222,0.9982244819454574,0,0.00033,sector_b
2155.56111111,0.9976756664841291,0,0.00033,sector_b
2155.5625,0.9981064304944505,0,0.00033,sector_b
2155.56388889,0.9976276332490762,0,0.00033,sector_b
2155.56527778,0.9980907614855552,0,0.00033,sector_b
2155.56666667,0.9975608186052122,0,0.00033,sector_b
2155.56805556,0.9982590659804716,0,0.00033,sector_b
2155.56944444,0.9977657738575145,0,0.00033,sector_b
2155.57083333,0.9975009979268027,0,0.00033,sector_b
2155.57222222,0.9982713634767661,0,0.00033,sector_b
2155.57361111,0.9981031046129781,0,0.00033,sector_b
2155.575,0.9977953382849244,0,0.00033,sector_b
2155.57638889,0.9978921606521117,0,0.00033,sector_b
2155.57777778,0.9980019792618391,0,0.00033,sector_b
2155.57916667,0.9981918269413155,0,0.00033,sector_b
2155.58055556,0.9980794205943774,0,0.00033,sector_b
2155.58194444,0.997875922015392,0,0.00033,sector_b
2155.58333333,0.9985457857878507,0,0.00033,sector_b
2155.58472222,0.9982384235049998,0,0.00033,sector_b
2155.58611111,0.9980322217693269,0,0.00033,sector_b
2155.5875,0.997771392264761,0,0.00033,sector_b
2155.58888889,0.9983797123664989,0,0.00033,sector_b
2155.59027778,0.9977592953070364,0,0.00033,sector_b
2155.59166667,0.9983426336864151,0,0.00033,sector_b
2155.59305556,0.9981467743819317,0,0.00033,sector_b
2155.59444444,0.9977601968710306,0,0.00033,sector_b
2155.59583333,0.9981951832666736,0,0.00033,sector_b
2155.59722222,0.9982092849910339,0,0.00033,sector_b
2155.59861111,0.9981506317426105,0,0.00033,sector_b
2155.6,0.9988782192414734,0,0.00033,sector_b
2155.60138889,0.9980326636334205,0,0.00033,sector_b
2155.60277778,0.9983548656835654,0,0.00033,sector_b
2155.60416667,0.9983499731776593,0,0.00033,sector_b
2155.60555556,0.9978306457294694,0,0.00033,sector_b
2155.60694444,0.9977421987376526,0,0.00033,sector_b
2155.60833333,0.9981909673783157,0,0.00033,sector_b
2155.60972222,0.9974906802067429,0,0.00033,sector_b
2155.61111111,0.9984870273329487,0,0.00033,sector_b
2155.6125,0.9983335197440024,0,0.00033,sector_b
2155.61388889,0.9981883897452674,0,0.00033,sector_b
2155.61527778,0.9982176823252744,0,0.00033,sector_b
2155.61666667,0.9983183388433023,0,0.00033,sector_b
2155.61805556,0.9977722570137264,0,0.00033,sector_b
2155.61944444,0.9979649933409703,0,0.00033,sector_b
2155.62083333,0.9978772934511247,0,0.00033,sector_b
2155.62222222,0.9983122015770562,0,0.00033,sector_b
2155.62361111,0.9979508418593903,0,0.00033,sector_b
2155.625,0.9979362175793342,0,0.00033,sector_b
2155.62638889,0.99866254159098,0,0.00033,sector_b
2155.62777778,0.9982335775619205,0,0.00033,sector_b
2155.62916667,0.9982508204368801,0,0.00033,sector_b
2155.63055556,0.9977036997722947,0,0.00033,sector_b
2155.63194444,0.9983525661919141,0,0.00033,sector_b
2155.63333333,0.9979579526389858,0,0.00033,sector_b
2155.63472222,0.9982358830984194,0,0.00033,sector_b
2155.63611111,0.9985743693874991,0,0.00033,sector_b
2155.6375,0.9980098018644511,0,0.00033,sector_b
2155.63888889,0.998119433370884,0,0.00033,sector_b
2155.64027778,0.9983111833425223,0,0.00033,sector_b
2155.64166667,0.998466638328394,0,0.00033,sector_b
2155.64305556,0.9985796302342747,0,0.00033,sector_b
2155.64444444,0.9982345394211852,0,0.00033,sector_b
2155.64583333,0.9981450184787399,0,0.00033,sector_b
2155.64722222,0.9976506173986246,0,0.00033,sector_b
2155.64861111,0.9985628024704667,0,0.00033,sector_b
2155.65,0.998773964832781,0,0.00033,sector_b
2155.65138889,0.9981987824286714,0,0.00033,sector_b
2155.65277778,0.9987059294283908,0,0.00033,sector_b
2155.65416667,0.9987352987094439,0,0.00033,sector_b
2155.65555556,0.9982151810390516,0,0.00033,sector_b
2155.65694444,0.9982629771034677,0,0.00033,sector_b
2155.65833333,0.9984436201894574,0,0.00033,sector_b
2155.65972222,0.9981879216108391,0,0.00033,sector_b
2155.66111111,0.9985985620574752,0,0.00033,sector_b
2155.6625,0.9980608096635393,0,0.00033,sector_b
2155.66388889,0.9986598684260037,0,0.00033,sector_b
2155.66527778,0.9985651663421655,0,0.00033,sector_b
2155.66666667,0.9985639028707257,0,0.00033,sector_b
2155.66805556,0.9990405024614365,0,0.00033,sector_b
2155.66944444,0.998462459680383,0,0.00033,sector_b
2155.67083333,0.9989003907896166,0,0.00033,sector_b
2155.67222222,0.9984156683696125,0,0.00033,sector_b
2155.67361111,0.9984894226844625,0,0.00033,sector_b
2155.675,0.9983240362317617,0,0.00033,sector_b
2155.67638889,0.9983656469365573,0,0.00033,sector_b
2155.67777778,0.9983546346512076,0,0.00033,sector_b
2155.67916667,0.9985921584368336,0,0.00033,sector_b
2155.68055556,0.9989429191324894,0,0.00033,sector_b
2155.68194444,0.9981317279885467,0,0.00033,sector_b
2155.68333333,0.9988176626149099,0,0.00033,sector_b
2155.68472222,0.9986072780651585,0,0.00033,sector_b
2155.68611111,0.9986495032340574,0,0.00033,sector_b
2155.6875,0.9985066491590315,0,0.00033,sector_b
2155.68888889,0.9985446970590803,0,0.00033,sector_b
2155.69027778,0.998828255243026,0,0.00033,sector_b
2155.69166667,0.9989670006350971,0,0.00033,sector_b
2155.69305556,0.9987258430118605,0,0.00033,sector_b
2155.69444444,0.9979490560641953,0,0.00033,sector_b
2155.69583333,0.9986284438762761,0,0.00033,sector_b
2155.69722222,0.9988000583129284,0,0.00033,sector_b
2155.69861111,0.9991726220324902,0,0.00033,sector_b
2155.7,0.9987261591677741,0,0.00033,sector_b
2155.70138889,0.9979833953850163,0,0.00033,sector_b
2155.70277778,0.9985600016214576,0,0.00033,sector_b
2155.70416667,0.9986618792467107,0,0.00033,sector_b
2155.70555556,0.9986779819989196,0,0.00033,sector_b
2155.70694444,0.9986009925202648,0,0.00033,sector_b
2155.70833333,0.9988132323780998,0,0.00033,sector_b
2155.70972222,0.9986130384110511,0,0.00033,sector_b
2155.71111111,0.9986770136002078,0,0.00033,sector_b
2155.7125,0.9984749696748807,0,0.00033,sector_b
2155.71388889,0.9983792869144936,0,0.00033,sector_b
2155.71527778,0.9982029164102836,0,0.00033,sector_b
2155.71666667,0.9988758145939585,0,0.00033,sector_b
2155.71805556,0.9982751006883759,0,0.00033,sector_b
2155.71944444,0.9986704859198516,0,0.00033,sector_b
2155.72083333,0.9984811486570246,0,0.00033,sector_b
2155.72222222,0.9985729391225764,0,0.00033,sector_b
2155.72361111,0.999037825173252,0,0.00033,sector_b
2155.725,0.9991129078021471,0,0.00033,sector_b
2155.72638889,0.9992531635831433,0,0.00033,sector_b
2155.72777778,0.9992179771763842,0,0.00033,sector_b
2155.72916667,0.9994881117696033,0,0.00033,sector_b
2155.73055556,0.9994768054077031,0,0.00033,sector_b
2155.73194444,0.9999347927785041,0,0.00033,sector_b
2155.73333333,0.9998013872092186,0,0.00033,sector_b
2155.73472222,0.9998655912422459,0,0.00033,sector_b
2155.73611111,1.0002842610814837,0,0.00033,sector_b
2155.7375,0.9995490819538091,0,0.00033,sector_b
2155.73888889,0.9998416510177528,0,0.00033,sector_b
2155.74027778,0.9993717071615791,0,0.00033,sector_b
2155.74166667,0.9995170000150656,0,0.00033,sector_b
2155.74305556,0.9995351922182082,0,0.00033,sector_b
2155.74444444,0.9995480383549539,0,0.00033,sector_b
2155.74583333,0.9997206092132793,0,0.00033,sector_b
2155.74722222,0.9992968007153852,0,0.00033,sector_b
2155.74861111,0.9997816816876538,0,0.00033,sector_b
2155.75,0.9994728058620023,0,0.00033,sector_b
2155.75138889,0.999113390730549,0,0.00033,sector_b
2155.75277778,0.9996108619069626,0,0.00033,sector_b
2155.75416667,0.9996624548733519,0,0.00033,sector_b
2155.75555556,0.9999405528972722,0,0.00033,sector_b
2155.75694444,0.9998702878883498,0,0.00033,sector_b
2155.75833333,0.9993730084955481,0,0.00033,sector_b
2155.75972222,0.9993760937789371,0,0.00033,sector_b
2155.76111111,1.0001534059143995,0,0.00033,sector_b
2155.7625,0.9998376188271881,0,0.00033,sector_b
2155.76388889,0.9998917707610822,0,0.00033,sector_b
2155.76527778,0.9999686310474926,0,0.00033,sector_b
2155.76666667,0.9994779695960616,0,0.00033,sector_b
2155.76805556,1.0001610139727755,0,0.00033,sector_b
2155.76944444,1.0003352413926487,0,0.00033,sector_b
2155.77083333,0.9995391298579279,0,0.00033,sector_b
2155.77222222,1.000050383653387,0,0.00033,sector_b
2155.77361111,0.9996669769501397,0,0.00033,sector_b
2155.775,1.0001133611085837,0,0.00033,sector_b
2155.77638889,0.9997459721809746,0,0.00033,sector_b
2155.77777778,0.999555319740965,0,0.00033,sector_b
2155.77916667,0.9999437666479055,0,0.00033,sector_b
2155.78055556,0.9999428122059637,0,0.00033,sector_b
2155.78194444,0.9996912870495702,0,0.00033,sector_b
2155.78333333,0.9995966635604673,0,0.00033,sector_b
2155.78472222,0.9997307812684438,0,0.00033,sector_b
2155.78611111,0.9998394528399085,0,0.00033,sector_b
2155.7875,0.9998605711883604,0,0.00033,sector_b
2155.78888889,0.9998768362201753,0,0.00033,sector_b
2155.79027778,0.9998720887167899,0,0.00033,sector_b
2155.79166667,1.0004134368791195,0,0.00033,sector_b
2155.79305556,0.99980309191741,0,0.00033,sector_b
2155.79444444,0.9996996158640373,0,0.00033,sector_b
2155.79583333,0.9998321907570524,0,0.00033,sector_b
2155.79722222,1.0003033970920432,0,0.00033,sector_b
2155.79861111,0.9999689728710554,0,0.00033,sector_b
2155.8,0.999736792439253,0,0.00033,sector_b
2155.80138889,1.0001301586591627,0,0.00033,sector_b
2155.80277778,0.9998155745658479,0,0.00033,sector_b
2155.80416667,0.9995020632006216,0,0.00033,sector_b
2155.80555556,0.9997263607692441,0,0.00033,sector_b
2155.80694444,1.0000814717100506,0,0.00033,sector_b
2155.80833333,0.9998970972528811,0,0.00033,sector_b
2155.80972222,0.9999522055763623,0,0.00033,sector_b
2155.81111111,0.9999472764290809,0,0.00033,sector_b
2155.8125,0.9997771745180215,0,0.00033,sector_b
2155.81388889,0.9993704316906923,0,0.00033,sector_b
2155.81527778,0.9996819758860999,0,0.00033,sector_b
2155.81666667,1.0003330485950068,0,0.00033,sector_b
2155.81805556,0.9996834524063384,0,0.00033,sector_b
2155.81944444,1.0006872716737254,0,0.00033,sector_b
2155.82083333,1.0002328250083912,0,0.00033,sector_b
2155.82222222,0.9998381571495832,0,0.00033,sector_b
2155.82361111,1.0000402101386734,0,0.00033,sector_b
2155.825,1.0004409757256567,0,0.00033,sector_b
2155.82638889,0.9996373294331659,0,0.00033,sector_b
2155.82777778,1.000246264331422,0,0.00033,sector_b
2155.82916667,0.9996946823270659,0,0.00033,sector_b
2155.83055556,1.0005093876256037,0,0.00033,sector_b
2155.83194444,0.9996527271009824,0,0.00033,sector_b
2155.83333333,1.0005657617283676,0,0.00033,sector_b
2155.83472222,0.9997983154002024,0,0.00033,sector_b
2155.83611111,1.0001863074428226,0,0.00033,sector_b
2155.8375,1.0005134774003892,0,0.00033,sector_b
2155.83888889,1.000116638950184,0,0.00033,sector_b
2155.84027778,1.000134357631161,0,0.00033,sector_b
2155.84166667,0.9999093235190579,0,0.00033,sector_b
2155.84305556,1.0003011846509327,0,0.00033,sector_b
2155.84444444,1.0003708710264052,4096,0.00033,sector_b
2155.84583333,1.000199917470679,0,0.00033,sector_b
2155.84722222,0.9998733730472553,0,0.00033,sector_b
2155.84861111,1.0000812541714115,0,0.00033,sector_b
2155.85,0.9995496360643916,0,0.00033,sector_b
2155.85138889,1.0004483562739157,0,0.00033,sector_b
2155.85277778,1.000419077920525,0,0.00033,sector_b
2155.85416667,0.9997142911602396,0,0.00033,sector_b
2155.85555556,0.999743588776021,0,0.00033,sector_b
2155.85694444,1.0005887026324565,0,0.00033,sector_b
2155.85833333,1.0007347743901556,0,0.00033,sector_b
2155.85972222,1.000843819542599,0,0.00033,sector_b
2155.86111111,1.0001990806615881,0,0.00033,sector_b
2155.8625,1.000498934428972,0,0.00033,sector_b
2155.86388889,1.0000244229098507,0,0.00033,sector_b
2155.86527778,1.0005778631834694,0,0.00033,sector_b
2155.86666667,1.0001948964055345,0,0.00033,sector_b
2155.86805556,1.0000202985331168,0,0.00033,sector_b
2155.86944444,1.0006591603271997,0,0.00033,sector_b
2155.87083333,1.000803299292061,0,0.00033,sector_b
2155.87222222,1.0005587808388823,0,0.00033,sector_b
2155.87361111,1.0003185124716896,0,0.00033,sector_b
2155.875,1.0001387639698909,0,0.00033,sector_b
2155.87638889,1.0000288618431563,0,0.00033,sector_b
2155.87777778,1.0001301858286216,0,0.00033,sector_b
2155.87916667,1.0005732831592462,0,0.00033,sector_b
2155.88055556,1.0004214323741463,0,0.00033,sector_b
2155.88194444,0.9999770323979247,0,0.00033,sector_b
2155.88333333,1.000745980112623,0,0.00033,sector_b
2155.88472222,1.0008518406664333,0,0.00033,sector_b
2155.88611111,1.0003047208437628,0,0.00033,sector_b
2155.8875,1.0008162572777337,0,0.00033,sector_b
2155.88888889,1.0007125200832325,0,0.00033,sector_b
2155.89027778,1.0000243580486796,0,0.00033,sector_b
2155.89166667,1.0006818836714688,0,0.00033,sector_b
2155.89305556,1.0001494741026469,0,0.00033,sector_b
2155.89444444,0.9998669650476245,0,0.00033,sector_b
2155.89583333,1.0003235966278001,0,0.00033,sector_b
2155.89722222,1.0007576626635473,0,0.00033,sector_b
2155.89861111,1.0007790844539548,0,0.00033,sector_b
2155.9,1.0002239949502107,0,0.00033,sector_b
2155.90138889,1.0001613215472653,0,0.00033,sector_b
2155.90277778,1.0004138836151242,0,0.00033,sector_b
2155.90416667,1.0009589752434909,0,0.00033,sector_b
2155.90555556,1.00043960762733,0,0.00033,sector_b
2155.90694444,1.00061285255682,0,0.00033,sector_b
2155.90833333,1.000052121744014,0,0.00033,sector_b
2155.90972222,0.9997756948405355,0,0.00033,sector_b
2155.91111111,1.000410465854919,0,0.00033,sector_b
2155.9125,1.0011061710902684,0,0.00033,sector_b
2155.91388889,1.000108543069407,0,0.00033,sector_b
2155.91527778,1.000576084782708,0,0.00033,sector_b
2155.91666667,1.0010563124564946,0,0.00033,sector_b
2155.91805556,1.0003513689481507,0,0.00033,sector_b
2155.91944444,1.0008335688020464,0,0.00033,sector_b
2155.92083333,1.0006706691453977,0,0.00033,sector_b
2155.92222222,1.0006901235733197,0,0.00033,sector_b
2155.92361111,1.0010890547372593,0,0.00033,sector_b
2155.925,1.0008636060548735,0,0.00033,sector_b
2155.92638889,1.001157088320557,0,0.00033,sector_b
2155.92777778,1.0006034778114892,0,0.00033,sector_b
2155.92916667,1.000692737030068,0,0.00033,sector_b
2155.93055556,1.0005067044725384,0,0.00033,sector_b
2155.93194444,1.0013219148355703,0,0.00033,sector_b
2155.93333333,1.0006164518337348,0,0.00033,sector_b
2155.93472222,1.0002551560407766,0,0.00033,sector_b
2155.93611111,1.0010244596090367,0,0.00033,sector_b
2155.9375,1.0002394624373523,0,0.00033,sector_b
2155.93888889,1.000912668664296,0,0.00033,sector_b
2155.94027778,1.0009638932092695,0,0.00033,sector_b
2155.94166667,1.000665769281133,0,0.00033,sector_b
2155.94305556,1.0004781888891527,0,0.00033,sector_b
2155.94444444,1.0008811758152485,0,0.00033,sector_b
2155.94583333,1.000231791184588,0,0.00033,sector_b
2155.94722222,1.0012083376733423,0,0.00033,sector_b
2155.94861111,1.0009222223598375,0,0.00033,sector_b
2155.95,1.0006056574625215,0,0.00033,sector_b
2155.95138889,1.000873939954374,0,0.00033,sector_b
2155.95277778,1.0010141140456965,0,0.00033,sector_b
2155.95416667,1.0008032531663567,0,0.00033,sector_b
2155.95555556,1.0009687335714188,0,0.00033,sector_b
2155.95694444,1.001070570841531,0,0.00033,sector_b
2155.95833333,1.0003742397847415,0,0.00033,sector_b
2155.95972222,1.0013583779487458,0,0.00033,sector_b
2155.96111111,1.0000498268356701,0,0.00033,sector_b
2155.9625,1.0008500858244591,0,0.00033,sector_b
2155.96388889,1.0008655391847714,0,0.00033,sector_b
2155.96527778,1.0012325370768114,0,0.00033,sector_b
2155.96666667,1.0008883522559349,0,0.00033,sector_b
2155.96805556,1.0011754280393452,0,0.00033,sector_b
2155.96944444,1.0008350463969502,0,0.00033,sector_b
2155.97083333,1.0007459997743018,0,0.00033,sector_b
2155.97222222,1.0011678386364826,0,0.00033,sector_b
2155.97361111,1.0007476854156423,0,0.00033,sector_b
2155.975,1.001100784093449,0,0.00033,sector_b
2155.97638889,1.000957077514288,0,0.00033,sector_b
2155.97777778,1.0003909610447004,0,0.00033,sector_b
2155.97916667,1.0008049274103759,0,0.00033,sector_b
2155.98055556,1.001104746517686,0,0.00033,sector_b
2155.98194444,1.0009268618458735,0,0.00033,sector_b
2155.98333333,1.0007849633141754,0,0.00033,sector_b
2155.98472222,1.0008511922714196,0,0.00033,sector_b
2155.98611111,1.0005138803238527,0,0.00033,sector_b
2155.9875,1.0007562604279325,0,0.00033,sector_b
2155.98888889,1.0013004822111229,0,0.00033,sector_b
2155.99027778,1.0009462924078822,0,0.00033,sector_b
2155.99166667,1.0006971697647655,0,0.00033,sector_b
2155.99305556,1.0006778682648543,0,0.00033,sector_b
2155.99444444,1.0011913518742888,0,0.00033,sector_b
2155.99583333,1.000995180752984,0,0.00033,sector_b
2155.99722222,1.000958193939546,0,0.00033,sector_b
2155.99861111,1.0011029298628578,0,0.00033,sector_b
2156.0,1.001211306599611,0,0.00033,sector_b
2156.00138889,1.001627951752653,0,0.00033,sector_b
2156.00277778,1.0010826077946926,0,0.00033,sector_b
2156.00416667,1.0011004959388001,0,0.00033,sector_b
2156.00555556,1.0010804519482657,0,0.00033,sector_b
2156.00694444,1.0009207470818566,0,0.00033,sector_b
2156.00833333,1.0004892692394665,0,0.00033,sector_b
2156.00972222,1.0012670825589554,0,0.00033,sector_b
2156.01111111,1.0010179359372615,0,0.00033,sector_b
2156.0125,1.0007924297495883,0,0.00033,sector_b
2156.01388889,1.0014472402403327,0,0.00033,sector_b
2156.01527778,1.0005175739416203,0,0.00033,sector_b
2156.01666667,1.0008723230336611,0,0.00033,sector_b
2156.01805556,1.001516257905068,0,0.00033,sector_b
2156.01944444,1.0012335631946936,0,0.00033,sector_b
2156.02083333,1.0013572760911928,0,0.00033,sector_b
2156.02222222,1.0013712720055183,0,0.00033,sector_b
2156.02361111,1.0008269246312393,0,0.00033,sector_b
2156.025,1.0012543778713368,0,0.00033,sector_b
2156.02638889,1.0016513543219292,0,0.00033,sector_b
2156.02777778,1.0017626873703804,0,0.00033,sector_b
2156.02916667,1.0011419596486517,0,0.00033,sector_b
2156.03055556,1.0013526927235954,0,0.00033,sector_b
2156.03194444,1.0014082889128213,0,0.00033,sector_b
2156.03333333,1.0015088670910761,0,0.00033,sector_b
2156.03472222,1.0012395502822085,0,0.00033,sector_b
2156.03611111,1.0010122566719728,0,0.00033,sector_b
2156.0375,1.001296387519265,0,0.00033,sector_b
2156.03888889,1.000877637801612,0,0.00033,sector_b
2156.04027778,1.0014076119095825,0,0.00033,sector_b
2156.04166667,1.001204133124724,0,0.00033,sector_b
2156.04305556,1.0019204901841106,0,0.00033,sector_b
2156.04444444,1.0008053024440635,0,0.00033,sector_b
2156.04583333,1.0016639091956219,0,0.00033,sector_b
2156.04722222,1.0018329157243933,0,0.00033,sector_b
2156.04861111,1.001458059623935,0,0.00033,sector_b
2156.05,1.0008849763893974,0,0.00033,sector_b
2156.05138889,1.0011237613574067,0,0.00033,sector_b
2156.05277778,1.0011534911101585,0,0.00033,sector_b
2156.05416667,1.0017568926806735,0,0.00033,sector_b
2156.05555556,1.001136531089934,0,0.00033,sector_b
2156.05694444,1.001524145149699,0,0.00033,sector_b
2156.05833333,1.0013883214421675,0,0.00033,sector_b
2156.05972222,1.0012249672412075,0,0.00033,sector_b
2156.06111111,1.000960902197356,0,0.00033,sector_b
2156.0625,1.0012018485138274,0,0.00033,sector_b
2156.06388889,1.0010617972794758,0,0.00033,sector_b
2156.06527778,1.001450110191684,0,0.00033,sector_b
2156.06666667,1.0012676270448653,0,0.00033,sector_b
2156.06805556,1.001657787987765,0,0.00033,sector_b
2156.06944444,1.0014993264893672,0,0.00033,sector_b
2156.07083333,1.0018780832919991,0,0.00033,sector_b
2156.07222222,1.0013365399068415,0,0.00033,sector_b
2156.07361111,1.0012030813882358,0,0.00033,sector_b
2156.075,1.0013697411004092,0,0.00033,sector_b
2156.07638889,1.001792371565849,0,0.00033,sector_b
2156.07777778,1.0018449723118703,0,0.00033,sector_b
2156.07916667,1.0016020220603619,0,0.00033,sector_b
2156.08055556,1.0015002038537275,0,0.00033,sector_b
2156.08194444,1.0012832099139608,0,0.00033,sector_b
2156.08333333,1.0020763722256434,0,0.00033,sector_b
2156.08472222,1.001679473382257,0,0.00033,sector_b
2156.08611111,1.0013636437977302,0,0.00033,sector_b
2156.0875,1.001939393399734,0,0.00033,sector_b
2156.08888889,1.0020221054936282,0,0.00033,sector_b
2156.09027778,1.0012643602092526,0,0.00033,sector_b
2156.09166667,1.0011822202471032,0,0.00033,sector_b
2156.09305556,1.0020122980107735,0,0.00033,sector_b
2156.09444444,1.0014066614558514,0,0.00033,sector_b
2156.09583333,1.00166474747406,0,0.00033,sector_b
2156.09722222,1.0017709601725793,0,0.00033,sector_b
2156.09861111,1.0018058268931256,0,0.00033,sector_b
2156.1,1.0012562990486014,0,0.00033,sector_b
2156.10138889,1.0015291430423974,0,0.00033,sector_b
2156.10277778,1.0018751712580225,0,0.00033,sector_b
2156.10416667,1.0023813233979613,0,0.00033,sector_b
2156.10555556,1.0017971921475317,0,0.00033,sector_b
2156.10694444,1.0017596315068904,0,0.00033,sector_b
2156.10833333,1.002091363221507,0,0.00033,sector_b
2156.10972222,1.0013746904591918,0,0.00033,sector_b
2156.11111111,1.0021572055095338,0,0.00033,sector_b
2156.1125,1.0013418235008276,0,0.00033,sector_b
2156.11388889,1.0016916425638709,0,0.00033,sector_b
2156.11527778,1.001467157714893,0,0.00033,sector_b
2156.11666667,1.002036509574346,0,0.00033,sector_b
2156.11805556,1.0014482954918609,0,0.00033,sector_b
2156.11944444,1.0018148790634653,0,0.00033,sector_b
2156.12083333,1.0015778925837104,0,0.00033,sector_b
2156.12222222,1.0022273405186735,0,0.00033,sector_b
2156.12361111,1.002297647948631,0,0.00033,sector_b
2156.125,1.0013493094026846,0,0.00033,sector_b
2156.12638889,1.001834157501894,0,0.00033,sector_b
2156.12777778,1.0016681196323918,0,0.00033,sector_b
2156.12916667,1.0021743141794555,0,0.00033,sector_b
2156.13055556,1.001444397511205,0,0.00033,sector_b
2156.13194444,1.0017198664406233,0,0.00033,sector_b
2156.13333333,1.0020948428579906,0,0.00033,sector_b
2156.13472222,1.0016043799590437,0,0.00033,sector_b
2156.13611111,1.001876129241955,0,0.00033,sector_b
2156.1375,1.0017552494113258,0,0.00033,sector_b
2156.13888889,1.0017390735232459,0,0.00033,sector_b
2156.14027778,1.0014038370714544,0,0.00033,sector_b
2156.14166667,1.0017959296082797,0,0.00033,sector_b
2156.14305556,1.0020033982885594,0,0.00033,sector_b
2156.14444444,1.0019945451086865,0,0.00033,sector_b
2156.14583333,1.0021597574164576,0,0.00033,sector_b
2156.14722222,1.0017959313379796,0,0.00033,sector_b
2156.14861111,1.0018157986177503,0,0.00033,sector_b
2156.15,1.0020434922316894,0,0.00033,sector_b
2156.15138889,1.0021978661129765,0,0.00033,sector_b
2156.15277778,1.002309578309947,0,0.00033,sector_b
2156.15416667,1.0020266427428621,0,0.00033,sector_b
2156.15555556,1.0016322905625494,0,0.00033,sector_b
2156.15694444,1.0019728083433443,0,0.00033,sector_b
2156.15833333,1.0020284107329118,0,0.00033,sector_b
2156.15972222,1.0019035505446356,0,0.00033,sector_b
2156.16111111,1.0017981700367278,0,0.00033,sector_b
2156.1625,1.0020566216245876,0,0.00033,sector_b
2156.16388889,1.0021140234809713,0,0.00033,sector_b
2156.16527778,1.0021975798655818,0,0.00033,sector_b
2156.16666667,1.0020723977018415,0,0.00033,sector_b
2156.16805556,1.0020156344889914,0,0.00033,sector_b
2156.16944444,1.0019485602738984,0,0.00033,sector_b
2156.17083333,1.0019509157908006,0,0.00033,sector_b
2156.17222222,1.0018246846756254,0,0.00033,sector_b
2156.17361111,1.002079396888088,0,0.00033,sector_b
2156.175,1.0020337754546724,0,0.00033,sector_b
2156.17638889,1.002315169932298,0,0.00033,sector_b
2156.17777778,1.0021464968785054,0,0.00033,sector_b
2156.17916667,1.001919218394103,0,0.00033,sector_b
2156.18055556,1.0024229849192952,0,0.00033,sector_b
2156.18194444,1.0020124120013443,0,0.00033,sector_b
2156.18333333,1.0020997458955592,0,0.00033,sector_b
2156.18472222,1.0018346063013088,0,0.00033,sector_b
2156.18611111,1.002059447743329,0,0.00033,sector_b
2156.1875,1.002455738119007,0,0.00033,sector_b
2156.18888889,1.001510574579426,0,0.00033,sector_b
2156.19027778,1.002082770317301,0,0.00033,sector_b
2156.19166667,1.002623681634152,0,0.00033,sector_b
2156.19305556,1.002029000305929,0,0.00033,sector_b
2156.19444444,1.0018053464304155,0,0.00033,sector_b
2156.19583333,1.0023380673496944,0,0.00033,sector_b
2156.19722222,1.0020107427962637,0,0.00033,sector_b
2156.19861111,1.0023249572358814,0,0.00033,sector_b
2156.2,1.0018553574759115,0,0.00033,sector_b
2156.20138889,1.002679443660991,0,0.00033,sector_b
2156.20277778,1.0023669779807673,0,0.00033,sector_b
2156.20416667,1.002318520271528,0,0.00033,sector_b
2156.20555556,1.0018746887751102,0,0.00033,sector_b
2156.20694444,1.0018444883155104,0,0.00033,sector_b
2156.20833333,1.0020074215929524,0,0.00033,sector_b
2156.20972222,1.0024674367981015,0,0.00033,sector_b
2156.21111111,1.0032450640657866,0,0.00033,sector_b
2156.2125,1.0020568301903567,0,0.00033,sector_b
2156.21388889,1.0018611208864032,0,0.00033,sector_b
2156.21527778,1.0023883001410139,0,0.00033,sector_b
2156.21666667,1.0024808367845377,0,0.00033,sector_b
2156.21805556,1.002289768756087,0,0.00033,sector_b
2156.21944444,1.002010361111752,0,0.00033,sector_b
2156.22083333,1.001998394724058,0,0.00033,sector_b
2156.22222222,1.0020375726221635,0,0.00033,sector_b
2156.22361111,1.0028430718109445,0,0.00033,sector_b
2156.225,1.0026745064287341,0,0.00033,sector_b
2156.22638889,1.002185360100959,0,0.00033,sector_b
2156.22777778,1.0024293613993287,0,0.00033,sector_b
2156.22916667,1.0016899067865324,0,0.00033,sector_b
2156.23055556,1.002064356294778,0,0.00033,sector_b
2156.23194444,1.002140297536762,0,0.00033,sector_b
2156.23333333,1.0022443185923668,0,0.00033,sector_b
2156.23472222,1.0024854839874975,0,0.00033,sector_b
2156.23611111,1.002415584654852,0,0.00033,sector_b
2156.2375,1.002081357697691,0,0.00033,sector_b
2156.23888889,1.0026985943840752,0,0.00033,sector_b
2156.24027778,1.002650635638821,0,0.00033,sector_b
2156.24166667,1.0023060182713244,0,0.00033,sector_b
2156.24305556,1.002411830610641,0,0.00033,sector_b
2156.24444444,1.0025293596625855,0,0.00033,sector_b
2156.24583333,1.0019668922794749,0,0.00033,sector_b
2156.24722222,1.0022240699290184,0,0.00033,sector_b
2156.24861111,1.0022318346035308,0,0.00033,sector_b
2156.25,1.0021768842785068,0,0.00033,sector_b
2156.25138889,1.002165574016512,0,0.00033,sector_b
2156.25277778,1.002922138236941,0,0.00033,sector_b
2156.25416667,1.0023610508250447,0,0.00033,sector_b
2156.25555556,1.0026869611930387,0,0.00033,sector_b
2156.25694444,1.0029305721381085,0,0.00033,sector_b
2156.25833333,1.0021284364451764,0,0.00033,sector_b
2156.25972222,1.002539327112244,0,0.00033,sector_b
2156.26111111,1.0026539502174632,0,0.00033,sector_b
2156.2625,1.0024217575586756,0,0.00033,sector_b
2156.26388889,1.0019587784547717,0,0.00033,sector_b
2156.26527778,1.0023952688846198,0,0.00033,sector_b
2156.26666667,1.0027116937439091,0,0.00033,sector_b
2156.26805556,1.0024704395710067,0,0.00033,sector_b
2156.26944444,1.0019090689463204,0,0.00033,sector_b
2156.27083333,1.0025907608436393,0,0.00033,sector_b
2156.27222222,1.002761819109952,0,0.00033,sector_b
2156.27361111,1.0027408494308543,0,0.00033,sector_b
2156.275,1.0021937236668386,0,0.00033,sector_b
2156.27638889,1.0026493189408259,0,0.00033,sector_b
2156.27777778,1.0030020699061817,0,0.00033,sector_b
2156.27916667,1.002207439212215,0,0.00033,sector_b
2156.28055556,1.0028585020794363,0,0.00033,sector_b
2156.28194444,1.0023069512540708,0,0.00033,sector_b
2156.28333333,1.0023076195420597,0,0.00033,sector_b
2156.28472222,1.002404524006209,0,0.00033,sector_b
2156.28611111,1.003117142738568,0,0.00033,sector_b
2156.2875,1.0030760141504962,0,0.00033,sector_b
2156.28888889,1.0027754772324173,0,0.00033,sector_b
2156.29027778,1.0027378183781446,0,0.00033,sector_b
2156.29166667,1.0026037314062408,0,0.00033,sector_b
2156.29305556,1.0025712395212905,0,0.00033,sector_b
2156.29444444,1.0025791279358662,0,0.00033,sector_b
2156.29583333,1.0022249927736004,0,0.00033,sector_b
2156.29722222,1.0029999258683688,0,0.00033,sector_b
2156.29861111,1.002678256873732,0,0.00033,sector_b
2156.3,1.0028548997413977,0,0.00033,sector_b
2156.30138889,1.0027627728735038,0,0.00033,sector_b
2156.30277778,1.0022796449197777,0,0.00033,sector_b
2156.30416667,1.0020313638363592,0,0.00033,sector_b
2156.30555556,1.0025409216363228,0,0.00033,sector_b
2156.30694444,1.0021766691954705,0,0.00033,sector_b
2156.30833333,1.0025321076145453,0,0.00033,sector_b
2156.30972222,1.0028478380789525,0,0.00033,sector_b
2156.31111111,1.0028419421187242,0,0.00033,sector_b
2156.3125,1.0026987341574807,0,0.00033,sector_b
2156.31388889,1.0028263561014963,0,0.00033,sector_b
2156.31527778,1.0024651517474317,0,0.00033,sector_b
2156.31666667,1.0024848447361103,0,0.00033,sector_b
2156.31805556,1.0024798942042663,0,0.00033,sector_b
2156.31944444,1.0029108424030218,0,0.00033,sector_b
2156.32083333,1.0031589260153335,0,0.00033,sector_b
2156.32222222,1.0021576948796207,0,0.00033,sector_b
2156.32361111,1.0024806720332298,0,0.00033,sector_b
2156.325,1.00325919497515,0,0.00033,sector_b
2156.32638889,1.0031500971764422,0,0.00033,sector_b
2156.32777778,1.0034361516566899,0,0.00033,sector_b
2156.32916667,1.0028897222457116,0,0.00033,sector_b
2156.33055556,1.0026769626225926,0,0.00033,sector_b
2156.33194444,1.0028166730083434,0,0.00033,sector_b
2156.33333333,1.0028980761623787,0,0.00033,sector_b
2156.33472222,1.0027755929439397,0,0.00033,sector_b
2156.33611111,1.0027125543543791,0,0.00033,sector_b
2156.3375,1.0029553532249031,0,0.00033,sector_b
2156.33888889,1.003016500655013,0,0.00033,sector_b
2156.34027778,1.003351441397662,0,0.00033,sector_b
2156.34166667,1.0025659363734574,0,0.00033,sector_b
2156.34305556,1.0031585034029282,0,0.00033,sector_b
2156.34444444,1.0028301222625169,0,0.00033,sector_b
2156.34583333,1.0028621484946152,0,0.00033,sector_b
2156.34722222,1.002798200093727,0,0.00033,sector_b
2156.34861111,1.0034890506035088,0,0.00033,sector_b
2156.35,1.0023731398643356,0,0.00033,sector_b
2156.35138889,1.0029406284563698,0,0.00033,sector_b
2156.35277778,1.0028691432598802,0,0.00033,sector_b
2156.35416667,1.0031683739683581,0,0.00033,sector_b
2156.35555556,1.003042511367739,0,0.00033,sector_b
2156.35694444,1.002683467577037,0,0.00033,sector_b
2156.35833333,1.0030131442286503,0,0.00033,sector_b
2156.35972222,1.0025194273098113,0,0.00033,sector_b
2156.36111111,1.0025874448974519,0,0.00033,sector_b
2156.3625,1.0030623212292873,0,0.00033,sector_b
2156.36388889,1.00348002582212,0,0.00033,sector_b
2156.36527778,1.0032938736246586,0,0.00033,sector_b
2156.36666667,1.0026181075942344,0,0.00033,sector_b
2156.36805556,1.0029089501944635,0,0.00033,sector_b
2156.36944444,1.0031080170624407,0,0.00033,sector_b
2156.37083333,1.002878338401593,0,0.00033,sector_b
2156.37222222,1.0029588934951743,0,0.00033,sector_b
2156.37361111,1.002661176888159,0,0.00033,sector_b
2156.375,1.00264818168951,0,0.00033,sector_b
2156.37638889,1.002890199814753,0,0.00033,sector_b
2156.37777778,1.0029989184399808,0,0.00033,sector_b
2156.37916667,1.002854269137697,0,0.00033,sector_b
2156.38055556,1.0031538955450738,0,0.00033,sector_b
2156.38194444,1.0028435153148194,0,0.00033,sector_b
2156.38333333,1.0027771074498615,0,0.00033,sector_b
2156.38472222,1.003244140929216,0,0.00033,sector_b
2156.38611111,1.0030807216694588,0,0.00033,sector_b
2156.3875,1.0029825123681055,0,0.00033,sector_b
2156.38888889,1.0031592724644272,0,0.00033,sector_b
2156.39027778,1.0036050396410685,0,0.00033,sector_b
2156.39166667,1.0034199415237974,0,0.00033,sector_b
2156.39305556,1.0032729256923931,0,0.00033,sector_b
2156.39444444,1.0035474058014855,0,0.00033,sector_b
2156.39583333,1.0027876036157186,0,0.00033,sector_b
2156.39722222,1.00265574683323,0,0.00033,sector_b
2156.39861111,1.002775285334322,0,0.00033,sector_b
2156.4,1.003567677804602,0,0.00033,sector_b
2156.40138889,1.0031564904496721,0,0.00033,sector_b
2156.40277778,1.0035944215109138,0,0.00033,sector_b
2156.40416667,1.0030160393062688,0,0.00033,sector_b
2156.40555556,1.0028873645802752,0,0.00033,sector_b
2156.40694444,1.0028007557262681,0,0.00033,sector_b
2156.40833333,1.0029210702740392,0,0.00033,sector_b
2156.40972222,1.0031340804623803,0,0.00033,sector_b
2156.41111111,1.0032840892165937,0,0.00033,sector_b
2156.4125,1.00305531415718,0,0.00033,sector_b
2156.41388889,1.0037252859993662,0,0.00033,sector_b
2156.41527778,1.003402553993472,0,0.00033,sector_b
2156.41666667,1.0029811017955323,0,0.00033,sector_b
2156.41805556,1.0032483001140309,0,0.00033,sector_b
2156.41944444,1.003761277436833,0,0.00033,sector_b
2156.42083333,1.003251203103859,0,0.00033,sector_b
2156.42222222,1.0038790313137853,0,0.00033,sector_b
2156.42361111,1.003269680503413,0,0.00033,sector_b
2156.425,1.0034467853789482,0,0.00033,sector_b
2156.42638889,1.0030709592797908,0,0.00033,sector_b
2156.42777778,1.003200549233972,0,0.00033,sector_b
2156.42916667,1.0030248831812405,0,0.00033,sector_b
2156.43055556,1.0035696800800373,0,0.00033,sector_b
2156.43194444,1.0033661933044167,0,0.00033,sector_b
2156.43333333,1.0035025444785912,0,0.00033,sector_b
2156.43472222,1.0033434334306057,0,0.00033,sector_b
2156.43611111,1.0035954768133537,0,0.00033,sector_b
2156.4375,1.002994130064379,0,0.00033,sector_b
2156.43888889,1.0033650030764305,0,0.00033,sector_b
2156.44027778,1.0034500539892748,0,0.00033,sector_b
2156.44166667,1.0036188256309815,0,0.00033,sector_b
2156.44305556,1.0038267039212339,0,0.00033,sector_b
2156.44444444,1.0035842775359287,0,0.00033,sector_b
2156.44583333,1.0034942921854952,0,0.00033,sector_b
2156.44722222,1.0027413362114102,0,0.00033,sector_b
2156.44861111,1.0031684210230505,0,0.00033,sector_b
2156.45,1.003283908807339,0,0.00033,sector_b
2156.45138889,1.0034055112401712,0,0.00033,sector_b
2156.45277778,1.0036371374257191,0,0.00033,sector_b
2156.45416667,1.0034289017061189,0,0.00033,sector_b
2156.45555556,1.0038811139367134,0,0.00033,sector_b
2156.45694444,1.0035313661313237,0,0.00033,sector_b
2156.45833333,1.0039789839997075,0,0.00033,sector_b
2156.45972222,1.0033654630548072,0,0.00033,sector_b
2156.46111111,1.003522326298748,0,0.00033,sector_b
2156.4625,1.0030477540991436,0,0.00033,sector_b
2156.46388889,1.003467326575305,0,0.00033,sector_b
2156.46527778,1.0037008512101167,0,0.00033,sector_b
2156.46666667,1.004055525631743,0,0.00033,sector_b
2156.46805556,1.0035354258638816,0,0.00033,sector_b
2156.46944444,1.0034452375765737,0,0.00033,sector_b
2156.47083333,1.0033075901302226,0,0.00033,sector_b
2156.47222222,1.0032625100440395,0,0.00033,sector_b
2156.47361111,1.0035993535156984,0,0.00033,sector_b
2156.475,1.003643342797187,0,0.00033,sector_b
2156.47638889,1.0032525498732892,0,0.00033,sector_b
2156.47777778,1.0035509453127733,0,0.00033,sector_b
2156.47916667,1.00347266028813,0,0.00033,sector_b
2156.48055556,1.0031688625623303,0,0.00033,sector_b
2156.48194444,1.0031618303413012,0,0.00033,sector_b
2156.48333333,1.0036764410661467,0,0.00033,sector_b
2156.48472222,1.0034347798390093,0,0.00033,sector_b
2156.48611111,1.0035603755108884,0,0.00033,sector_b
2156.4875,1.0035797891213605,0,0.00033,sector_b
2156.48888889,1.0035019893081367,0,0.00033,sector_b
2156.49027778,1.0035574734370702,0,0.00033,sector_b
2156.49166667,1.003363693940108,0,0.00033,sector_b
2156.49305556,1.0033214654669844,0,0.00033,sector_b
2156.49444444,1.0032557740652759,0,0.00033,sector_b
2156.49583333,1.0033832505445783,0,0.00033,sector_b
2156.49722222,1.0031505302420824,0,0.00033,sector_b
2156.49861111,1.0036926232242833,0,0.00033,sector_b
2156.5,1.003518137949773,0,0.00033,sector_b
2156.50138889,1.0037828070236385,0,0.00033,sector_b
2156.50277778,1.0039324972526624,0,0.00033,sector_b
2156.50416667,1.0034964195023774,0,0.00033,sector_b
2156.50555556,1.003632058139068,0,0.00033,sector_b
2156.50694444,1.0034732760474412,0,0.00033,sector_b
2156.50833333,1.0037100683705258,0,0.00033,sector_b
2156.50972222,1.0040705103688883,0,0.00033,sector_b
2156.51111111,1.0030680781959302,0,0.00033,sector_b
2156.5125,1.0036347327298072,0,0.00033,sector_b
2156.51388889,1.0043031450703968,0,0.00033,sector_b
2156.51527778,1.0035472228452937,0,0.00033,sector_b
2156.51666667,1.0040273478145667,0,0.00033,sector_b
2156.51805556,1.0038447718370997,0,0.00033,sector_b
2156.51944444,1.0037714158247917,0,0.00033,sector_b
2156.52083333,1.0036986233088059,0,0.00033,sector_b
2156.52222222,1.0042406585042507,0,0.00033,sector_b
2156.52361111,1.0035178542048242,0,0.00033,sector_b
2156.525,1.0036659606690388,0,0.00033,sector_b
2156.52638889,1.003567711456461,0,0.00033,sector_b
2156.52777778,1.0033018848692692,0,0.00033,sector_b
2156.52916667,1.0038774562506798,0,0.00033,sector_b
2156.53055556,1.0036486842701904,0,0.00033,sector_b
2156.53194444,1.0042357591016335,0,0.00033,sector_b
2156.53333333,1.0032937402009716,0,0.00033,sector_b
2156.53472222,1.0038029575733574,0,0.00033,sector_b
2156.53611111,1.0036576742786012,0,0.00033,sector_b
2156.5375,1.003962036850065,0,0.00033,sector_b
2156.53888889,1.0036352118526841,0,0.00033,sector_b
2156.54027778,1.0036358512356234,0,0.00033,sector_b
2156.54166667,1.0034568394396715,0,0.00033,sector_b
2156.54305556,1.0038285032909628,0,0.00033,sector_b
2156.54444444,1.003789643812849,0,0.00033,sector_b
2156.54583333,1.003306118004024,0,0.00033,sector_b
2156.54722222,1.004194508468425,0,0.00033,sector_b
2156.54861111,1.0037353561655904,0,0.00033,sector_b
2156.55,1.003788084000518,0,0.00033,sector_b
2156.55138889,1.0040660771011667,0,0.00033,sector_b
2156.55277778,1.0040833623464978,0,0.00033,sector_b
2156.55416667,1.004012074623846,0,0.00033,sector_b
2156.55555556,1.003749938077474,0,0.00033,sector_b
2156.55694444,1.0036384968793,0,0.00033,sector_b
2156.55833333,1.0044732822129903,0,0.00033,sector_b
2156.55972222,1.0039947851763233,0,0.00033,sector_b
2156.56111111,1.003115860111088,0,0.00033,sector_b
2156.5625,1.004033780450203,0,0.00033,sector_b
2156.56388889,1.0039019900273178,0,0.00033,sector_b
2156.56527778,1.0037392635479845,0,0.00033,sector_b
2156.56666667,1.0038023354689751,0,0.00033,sector_b
2156.56805556,1.0037024969854322,0,0.00033,sector_b
2156.56944444,1.0033959043443457,0,0.00033,sector_b
2156.57083333,1.0040208157440544,0,0.00033,sector_b
2156.57222222,1.0037910654461781,0,0.00033,sector_b
2156.57361111,1.0037475328370191,0,0.00033,sector_b
2156.575,1.003454758711678,0,0.00033,sector_b
2156.57638889,1.0040123885674948,0,0.00033,sector_b
2156.57777778,1.004074772364769,0,0.00033,sector_b
2156.57916667,1.0036462174325824,0,0.00033,sector_b
2156.58055556,1.0040435654364845,0,0.00033,sector_b
2156.58194444,1.0040317341519043,0,0.00033,sector_b
2156.58333333,1.003683740663733,0,0.00033,sector_b
2156.58472222,1.0042991389169955,0,0.00033,sector_b
2156.58611111,1.004123215188317,0,0.00033,sector_b
2156.5875,1.0038389692526126,0,0.00033,sector_b
2156.58888889,1.004038018948527,0,0.00033,sector_b
2156.59027778,1.0040385297899639,0,0.00033,sector_b
2156.59166667,1.0037484826289331,0,0.00033,sector_b
2156.59305556,1.0036530537666473,0,0.00033,sector_b
2156.59444444,1.0038771838121232,0,0.00033,sector_b
2156.59583333,1.0038931683113481,0,0.00033,sector_b
2156.59722222,1.0042702710329283,0,0.00033,sector_b
2156.59861111,1.0040955584960227,0,0.00033,sector_b
2156.6,1.0037386677571987,0,0.00033,sector_b
2156.60138889,1.0041920282187295,0,0.00033,sector_b
2156.60277778,1.0043465909204559,0,0.00033,sector_b
2156.60416667,1.0034777191153907,0,0.00033,sector_b
2156.60555556,1.0039492420129186,0,0.00033,sector_b
2156.60694444,1.0043022137687418,0,0.00033,sector_b
2156.60833333,1.004431305780639,0,0.00033,sector_b
2156.60972222,1.0041582936432836,0,0.00033,sector_b
2156.61111111,1.0040917610000322,0,0.00033,sector_b
2156.6125,1.0043104047051878,0,0.00033,sector_b
2156.61388889,1.004174612477999,0,0.00033,sector_b
2156.61527778,1.0044422747889912,0,0.00033,sector_b
2156.61666667,1.004311030795484,0,0.00033,sector_b
2156.61805556,1.0039710966852513,0,0.00033,sector_b
2156.61944444,1.0035660505020851,0,0.00033,sector_b
2156.62083333,1.0033609055047772,0,0.00033,sector_b
2156.62222222,1.0037995048425534,0,0.00033,sector_b
2156.62361111,1.0039691137440878,0,0.00033,sector_b
2156.625,1.0038353404793687,0,0.00033,sector_b
2156.62638889,1.0040201836996046,0,0.00033,sector_b
2156.62777778,1.0042799195188852,0,0.00033,sector_b
2156.62916667,1.003957541761504,0,0.00033,sector_b
2156.63055556,1.0042295791164868,0,0.00033,sector_b
2156.63194444,1.0037339081427807,0,0.00033,sector_b
2156.63333333,1.0044191843718107,0,0.00033,sector_b
2156.63472222,1.0040273696568607,0,0.00033,sector_b
2156.63611111,1.0040069984859088,0,0.00033,sector_b
2156.6375,1.004453895671333,0,0.00033,sector_b
2156.63888889,1.0043276758779176,0,0.00033,sector_b
2156.64027778,1.0046211970452565,0,0.00033,sector_b
2156.64166667,1.0046550682921662,0,0.00033,sector_b
2156.64305556,1.0045022009520297,0,0.00033,sector_b
2156.64444444,1.0042781752016452,0,0.00033,sector_b
2156.64583333,1.004151940748599,0,0.00033,sector_b
2156.64722222,1.0041611765521756,0,0.00033,sector_b
2156.64861111,1.0040684622027487,0,0.00033,sector_b
2156.65,1.004250944240619,0,0.00033,sector_b
2156.65138889,1.0044044752929289,0,0.00033,sector_b
2156.65277778,1.0043906724822995,0,0.00033,sector_b
2156.65416667,1.0039558142220288,0,0.00033,sector_b
2156.65555556,1.0043838510738181,0,0.00033,sector_b
2156.65694444,1.0038410772627948,0,0.00033,sector_b
2156.65833333,1.0039596230416354,0,0.00033,sector_b
2156.65972222,1.0044603667634444,0,0.00033,sector_b
2156.66111111,1.0041749323535094,0,0.00033,sector_b
2156.6625,1.0044716410204881,0,0.00033,sector_b
2156.66388889,1.0041252509267518,0,0.00033,sector_b
2156.66527778,1.0043929155550873,0,0.00033,sector_b
2156.66666667,1.0039299936674027,0,0.00033,sector_b
2156.66805556,1.0039709540419495,0,0.00033,sector_b
2156.66944444,1.0041058622151493,0,0.00033,sector_b
2156.67083333,1.004069979979457,0,0.00033,sector_b
2156.67222222,1.0038726776132452,0,0.00033,sector_b
2156.67361111,1.0040174676111602,0,0.00033,sector_b
2156.675,1.004253271786887,0,0.00033,sector_b
2156.67638889,1.0041212600633653,0,0.00033,sector_b
2156.67777778,1.0042258794825527,0,0.00033,sector_b
2156.67916667,1.0043661862225675,0,0.00033,sector_b
2156.68055556,1.0044503353658825,0,0.00033,sector_b
2156.68194444,1.0042837230783859,0,0.00033,sector_b
2156.68333333,1.0048052273829355,0,0.00033,sector_b
2156.68472222,1.0045648787770483,0,0.00033,sector_b
2156.68611111,1.0039024023988607,0,0.00033,sector_b
2156.6875,1.0046669851318593,0,0.00033,sector_b
2156.68888889,1.0044721939904002,0,0.00033,sector_b
2156.69027778,1.0042659685388093,0,0.00033,sector_b
2156.69166667,1.0042046637009656,0,0.00033,sector_b
2156.69305556,1.0039346578323285,0,0.00033,sector_b
2156.69444444,1.0035290756881232,0,0.00033,sector_b
2156.69583333,1.0043399132474575,0,0.00033,sector_b
2156.69722222,1.0040847615204174,0,0.00033,sector_b
2156.69861111,1.0045936965319346,0,0.00033,sector_b
2156.7,1.0038536854783855,0,0.00033,sector_b
2156.70138889,1.0044470453899461,0,0.00033,sector_b
2156.70277778,1.0044906675114653,0,0.00033,sector_b
2156.70416667,1.0041976204219336,0,0.00033,sector_b
2156.70555556,1.0045257082808297,0,0.00033,sector_b
2156.70694444,1.0043604761086653,0,0.00033,sector_b
2156.70833333,1.00462834614669,0,0.00033,sector_b
2156.70972222,1.0041077113873826,0,0.00033,sector_b
2156.71111111,1.0042467362568808,0,0.00033,sector_b
2156.7125,1.0049913812031557,0,0.00033,sector_b
2156.71388889,1.0044615428148913,0,0.00033,sector_b
2156.71527778,1.004816021399059,0,0.00033,sector_b
2156.71666667,1.004265263214821,0,0.00033,sector_b
2156.71805556,1.0046681707524363,0,0.00033,sector_b
2156.71944444,1.0046142892838992,0,0.00033,sector_b
2156.72083333,1.0042922743311253,0,0.00033,sector_b
2156.72222222,1.0048014747064358,0,0.00033,sector_b
2156.72361111,1.0038868055748047,0,0.00033,sector_b
2156.725,1.0047123255202632,0,0.00033,sector_b
2156.72638889,1.0047894137133633,0,0.00033,sector_b
2156.72777778,1.0045991764720028,0,0.00033,sector_b
2156.72916667,1.0045398160971026,0,0.00033,sector_b
2156.73055556,1.0046805563436803,0,0.00033,sector_b
2156.73194444,1.004345581511935,0,0.00033,sector_b
2156.73333333,1.004740586593756,0,0.00033,sector_b
2156.73472222,1.0042714828197632,0,0.00033,sector_b
2156.73611111,1.0042687259511336,0,0.00033,sector_b
2156.7375,1.0046471859766317,0,0.00033,sector_b
2156.73888889,1.004557964544472,0,0.00033,sector_b
2156.74027778,1.004983637636832,0,0.00033,sector_b
2156.74166667,1.004440001234441,0,0.00033,sector_b
2156.74305556,1.0044799210601292,0,0.00033,sector_b
2156.74444444,1.0046252469185708,0,0.00033,sector_b
2156.74583333,1.0042899108504484,0,0.00033,sector_b
2156.74722222,1.00459035989513,0,0.00033,sector_b
2156.74861111,1.004114135721637,0,0.00033,sector_b
2156.75,1.0052205724160326,0,0.00033,sector_b
2156.75138889,1.0046315534997061,0,0.00033,sector_b
2156.75277778,1.0050026636162472,0,0.00033,sector_b
2156.75416667,1.0045435591586411,0,0.00033,sector_b
2156.75555556,1.0046929226395447,0,0.00033,sector_b
2156.75694444,1.004703783907842,0,0.00033,sector_b
2156.75833333,1.0045433647058577,0,0.00033,sector_b
2156.75972222,1.0042934746061931,0,0.00033,sector_b
2156.76111111,1.0048490714440026,0,0.00033,sector_b
2156.7625,1.0045673621450926,0,0.00033,sector_b
2156.76388889,1.0047396558125858,0,0.00033,sector_b
2156.76527778,1.004634672195636,0,0.00033,sector_b
2156.76666667,1.0040069468451855,0,0.00033,sector_b
2156.76805556,1.0048618337959825,0,0.00033,sector_b
2156.76944444,1.0050326068644888,0,0.00033,sector_b
2156.77083333,1.0045550493277517,0,0.00033,sector_b
2156.77222222,1.0048445089882336,0,0.00033,sector_b
2156.77361111,1.0046755983145774,0,0.00033,sector_b
2156.775,1.0050876329845215,0,0.00033,sector_b
2156.77638889,1.0049751926424237,0,0.00033,sector_b
2156.77777778,1.0046523972069434,0,0.00033,sector_b
2156.77916667,1.0046169218264234,0,0.00033,sector_b
2156.78055556,1.0047351956620976,0,0.00033,sector_b
2156.78194444,1.004877349439264,0,0.00033,sector_b
2156.78333333,1.0047003044573717,0,0.00033,sector_b
2156.78472222,1.0052284493555406,0,0.00033,sector_b
2156.78611111,1.0048455773131448,0,0.00033,sector_b
2156.7875,1.005134283788188,0,0.00033,sector_b
2156.78888889,1.0053501440797452,0,0.00033,sector_b
2156.79027778,1.004522859404221,0,0.00033,sector_b
2156.79166667,1.0049200861172507,0,0.00033,sector_b
2156.79305556,1.004248903283595,0,0.00033,sector_b
2156.79444444,1.005109536682526,0,0.00033,sector_b
2156.79583333,1.0051617749483963,0,0.00033,sector_b
2156.79722222,1.0048270300639857,0,0.00033,sector_b
2156.79861111,1.004534579577386,0,0.00033,sector_b
2156.8,1.0051505207663207,0,0.00033,sector_b
2156.80138889,1.0048379986148983,0,0.00033,sector_b
2156.80277778,1.0048568670809233,0,0.00033,sector_b
2156.80416667,1.0049898516662221,0,0.00033,sector_b
2156.80555556,1.0045777149805206,0,0.00033,sector_b
2156.80694444,1.004550879787159,0,0.00033,sector_b
2156.80833333,1.0051772737119267,0,0.00033,sector_b
2156.80972222,1.0052636315368368,0,0.00033,sector_b
2156.81111111,1.0045358828154731,0,0.00033,sector_b
2156.8125,1.0045129685749739,0,0.00033,sector_b
2156.81388889,1.0048028481772318,0,0.00033,sector_b
2156.81527778,1.0053390982746546,0,0.00033,sector_b
2156.81666667,1.0053380529099283,0,0.00033,sector_b
2156.81805556,1.0051082320978681,0,0.00033,sector_b
2156.81944444,1.0045767643249146,0,0.00033,sector_b
2156.82083333,1.0051707349710295,0,0.00033,sector_b
2156.82222222,1.0049598697699968,0,0.00033,sector_b
2156.82361111,1.0045595225978339,0,0.00033,sector_b
2156.825,1.0043970841562615,0,0.00033,sector_b
2156.82638889,1.0045618429408674,0,0.00033,sector_b
2156.82777778,1.005110736392534,0,0.00033,sector_b
2156.82916667,1.0048537447518306,0,0.00033,sector_b
2156.83055556,1.004396507603229,0,0.00033,sector_b
2156.83194444,1.00485189150499,0,0.00033,sector_b
2156.83333333,1.0044466658040092,0,0.00033,sector_b
2156.83472222,1.0045340844741026,0,0.00033,sector_b
2156.83611111,1.0048081991766458,0,0.00033,sector_b
2156.8375,1.0046948796652801,4096,0.00033,sector_b
2156.83888889,1.0044275912291958,0,0.00033,sector_b
2156.84027778,1.0050314734529129,0,0.00033,sector_b
2156.84166667,1.0051697115657297,0,0.00033,sector_b
2156.84305556,1.0050320313182963,0,0.00033,sector_b
2156.84444444,1.0044692385070635,0,0.00033,sector_b
2156.84583333,1.0048333481400402,0,0.00033,sector_b
2156.84722222,1.0052956327885936,0,0.00033,sector_b
2156.84861111,1.0047651434456975,0,0.00033,sector_b
2156.85,1.0050513702673884,0,0.00033,sector_b
2156.85138889,1.0048034948029085,0,0.00033,sector_b
2156.85277778,1.0049419818202585,0,0.00033,sector_b
2156.85416667,1.0049010745566214,0,0.00033,sector_b
2156.85555556,1.0049200873219255,0,0.00033,sector_b
2156.85694444,1.0052507564083957,0,0.00033,sector_b
2156.85833333,1.0047307327920252,0,0.00033,sector_b
2156.85972222,1.0047428499706506,0,0.00033,sector_b
2156.86111111,1.0043611522527314,0,0.00033,sector_b
2156.8625,1.0049830456156639,0,0.00033,sector_b
2156.86388889,1.0048943067169036,0,0.00033,sector_b
2156.86527778,1.0048684128944076,0,0.00033,sector_b
2156.86666667,1.004963520221343,0,0.00033,sector_b
2156.86805556,1.0049218641177007,0,0.00033,sector_b
2156.86944444,1.0046584230505047,0,0.00033,sector_b
2156.87083333,1.0048413001689227,0,0.00033,sector_b
2156.87222222,1.005322356802599,0,0.00033,sector_b
2156.87361111,1.0048532750520138,0,0.00033,sector_b
2156.875,1.00513419615711,0,0.00033,sector_b
2156.87638889,1.0049424739394015,0,0.00033,sector_b
2156.87777778,1.0052947904299523,0,0.00033,sector_b
2156.87916667,1.00502552500718,0,0.00033,sector_b
2156.88055556,1.0051624462992461,0,0.00033,sector_b
2156.88194444,1.0053594814691296,0,0.00033,sector_b
2156.88333333,1.0048218967621358,0,0.00033,sector_b
2156.88472222,1.0051768627603115,0,0.00033,sector_b
2156.88611111,1.0048436666454204,0,0.00033,sector_b
2156.8875,1.0056252069327911,0,0.00033,sector_b
2156.88888889,1.004935681411742,0,0.00033,sector_b
2156.89027778,1.0056680092332948,0,0.00033,sector_b
2156.89166667,1.0050818107981603,0,0.00033,sector_b
2156.89305556,1.0051785852044601,0,0.00033,sector_b
2156.89444444,1.005544432078475,0,0.00033,sector_b
2156.89583333,1.0048658924686558,0,0.00033,sector_b
2156.89722222,1.005248944704606,0,0.00033,sector_b
2156.89861111,1.0051163661139215,0,0.00033,sector_b
2156.9,1.0049632837567737,0,0.00033,sector_b
2156.90138889,1.0046826498403039,0,0.00033,sector_b
2156.90277778,1.0047170148519222,0,0.00033,sector_b
2156.90416667,1.0055126678232678,0,0.00033,sector_b
2156.90555556,1.004713113270335,0,0.00033,sector_b
2156.90694444,1.004925063474126,0,0.00033,sector_b
2156.90833333,1.0052660843750305,0,0.00033,sector_b
2156.90972222,1.004806547634814,0,0.00033,sector_b
2156.91111111,1.0045611745461707,0,0.00033,sector_b
2156.9125,1.005085371268874,0,0.00033,sector_b
2156.91388889,1.0051853875479348,0,0.00033,sector_b
2156.91527778,1.0055946593181182,0,0.00033,sector_b
2156.91666667,1.0052438225084541,0,0.00033,sector_b
2156.91805556,1.0048858344629112,0,0.00033,sector_b
2156.91944444,1.0049925469975152,0,0.00033,sector_b
2156.92083333,1.004625101607261,0,0.00033,sector_b
2156.92222222,1.0049692388772995,0,0.00033,sector_b
2156.92361111,1.0049846147706816,0,0.00033,sector_b
2156.925,1.0056503309920408,0,0.00033,sector_b
2156.92638889,1.0052675943902087,0,0.00033,sector_b
2156.92777778,1.0051152387269853,0,0.00033,sector_b
2156.92916667,1.0051828471245319,0,0.00033,sector_b
2156.93055556,1.0053353752140899,0,0.00033,sector_b
2156.93194444,1.0051756516610446,0,0.00033,sector_b
2156.93333333,1.0052282532007453,0,0.00033,sector_b
2156.93472222,1.0054517250200377,0,0.00033,sector_b
2156.93611111,1.004573528666343,0,0.00033,sector_b
2156.9375,1.0054005326773379,0,0.00033,sector_b
2156.93888889,1.0050764947902546,0,0.00033,sector_b
2156.94027778,1.0049787741495526,0,0.00033,sector_b
2156.94166667,1.0047216777354495,0,0.00033,sector_b
2156.94305556,1.0051899638127697,0,0.00033,sector_b
2156.94444444,1.0050787425691394,0,0.00033,sector_b
2156.94583333,1.0049531512310272,0,0.00033,sector_b
2156.94722222,1.0050410927698696,0,0.00033,sector_b
2156.94861111,1.004787709161774,0,0.00033,sector_b
2156.95,1.0045714604652227,0,0.00033,sector_b
2156.95138889,1.005366880633056,0,0.00033,sector_b
2156.95277778,1.005115938582403,0,0.00033,sector_b
2156.95416667,1.0047299387740647,0,0.00033,sector_b
2156.95555556,1.0053775336429995,0,0.00033,sector_b
2156.95694444,1.0052810063339988,0,0.00033,sector_b
2156.95833333,1.0048138403363283,0,0.00033,sector_b
2156.95972222,1.0051894797346232,0,0.00033,sector_b
2156.96111111,1.005126654947765,0,0.00033,sector_b
2156.9625,1.0052421486233132,0,0.00033,sector_b
2156.96388889,1.0049028263676927,0,0.00033,sector_b
2156.96527778,1.0050290495457443,0,0.00033,sector_b
2156.96666667,1.0047751800933844,0,0.00033,sector_b
2156.96805556,1.0053552937862031,0,0.00033,sector_b
2156.96944444,1.005548483240392,0,0.00033,sector_b
2156.97083333,1.0049189824681624,0,0.00033,sector_b
2156.97222222,1.0051081817598502,0,0.00033,sector_b
2156.97361111,1.0049378440752095,0,0.00033,sector_b
2156.975,1.005370337904472,0,0.00033,sector_b
2156.97638889,1.0049095103573724,0,0.00033,sector_b
2156.97777778,1.00471629861629,0,0.00033,sector_b
2156.97916667,1.0047961895521218,0,0.00033,sector_b
2156.98055556,1.0049522893800757,0,0.00033,sector_b
2156.98194444,1.005240639149749,0,0.00033,sector_b
2156.98333333,1.0051176935116868,0,0.00033,sector_b
2156.98472222,1.0047974234646384,0,0.00033,sector_b
2156.98611111,1.0053849684580707,0,0.00033,sector_b
2156.9875,1.005274117083687,0,0.00033,sector_b
2156.98888889,1.0053259503071463,0,0.00033,sector_b
2156.99027778,1.0051248866943394,0,0.00033,sector_b
2156.99166667,1.0054249130256694,0,0.00033,sector_b
2156.99305556,1.0052156131421672,0,0.00033,sector_b
2156.99444444,1.0054498389739577,0,0.00033,sector_b
2156.99583333,1.0053135604125023,0,0.00033,sector_b
2156.99722222,1.0053985993369923,0,0.00033,sector_b
2156.99861111,1.005052095225038,0,0.00033,sector_b
2157.0,1.0055221534237253,0,0.00033,sector_b
2157.00138889,1.0047483836988131,0,0.00033,sector_b
2157.00277778,1.0055685818930027,0,0.00033,sector_b
2157.00416667,1.0052015260230112,0,0.00033,sector_b
2157.00555556,1.0054989474970188,0,0.00033,sector_b
2157.00694444,1.0048417398756113,0,0.00033,sector_b
2157.00833333,1.005282485148146,0,0.00033,sector_b
2157.00972222,1.004967387997576,0,0.00033,sector_b
2157.01111111,1.0052237738325855,0,0.00033,sector_b
2157.0125,1.0051195873694752,0,0.00033,sector_b
2157.01388889,1.0050502278046016,0,0.00033,sector_b
2157.01527778,1.0051555277418707,0,0.00033,sector_b
2157.01666667,1.0057055787132867,0,0.00033,sector_b
2157.01805556,1.0049945586726925,0,0.00033,sector_b
2157.01944444,1.0053820926582493,0,0.00033,sector_b
2157.02083333,1.0050151256963091,0,0.00033,sector_b
2157.02222222,1.0054827670342632,0,0.00033,sector_b
2157.02361111,1.0050389228818943,0,0.00033,sector_b
2157.025,1.0050608054354593,0,0.00033,sector_b
2157.02638889,1.0053550297656662,0,0.00033,sector_b
2157.02777778,1.005427500621095,0,0.00033,sector_b
2157.02916667,1.0053790266635045,0,0.00033,sector_b
2157.03055556,1.0051693921618061,0,0.00033,sector_b
2157.03194444,1.0054410325892853,0,0.00033,sector_b
2157.03333333,1.0056280709528116,0,0.00033,sector_b
2157.03472222,1.004951004905883,0,0.00033,sector_b
2157.03611111,1.0054087726726113,0,0.00033,sector_b
2157.0375,1.0057794671498144,0,0.00033,sector_b
2157.03888889,1.00574259992615,0,0.00033,sector_b
2157.04027778,1.0052362691524357,0,0.00033,sector_b
2157.04166667,1.005562388567162,0,0.00033,sector_b
2157.04305556,1.0056299289651307,0,0.00033,sector_b
2157.04444444,1.0057420219065836,0,0.00033,sector_b
2157.04583333,1.0053740396672464,0,0.00033,sector_b
2157.04722222,1.0056643145181632,0,0.00033,sector_b
2157.04861111,1.005329393090874,0,0.00033,sector_b
2157.05,1.0052752047666942,2048,0.00033,sector_b
2157.05138889,1.0050052396063693,0,0.00033,sector_b
2157.05277778,1.0061783850925354,0,0.00033,sector_b
2157.05416667,1.0051973553871594,0,0.00033,sector_b
2157.05555556,1.0051058635452053,0,0.00033,sector_b
2157.05694444,1.0051297021075059,0,0.00033,sector_b
2157.05833333,1.005545418184752,0,0.00033,sector_b
2157.05972222,1.0056887108463726,0,0.00033,sector_b
2157.06111111,1.005326299503567,0,0.00033,sector_b
2157.0625,1.0056215540071523,0,0.00033,sector_b
2157.06388889,1.005694594522502,0,0.00033,sector_b
2157.06527778,1.0052639842981328,0,0.00033,sector_b
2157.06666667,1.0051205733374826,0,0.00033,sector_b
2157.06805556,1.005189821732938,0,0.00033,sector_b
2157.06944444,1.0054253312288162,0,0.00033,sector_b
2157.07083333,1.0053905241585677,0,0.00033,sector_b
2157.07222222,1.0058378770977292,0,0.00033,sector_b
2157.07361111,1.0052893568470982,0,0.00033,sector_b
2157.075,1.0055848884115168,0,0.00033,sector_b
2157.07638889,1.0052801080112634,0,0.00033,sector_b
2157.07777778,1.005403659999475,0,0.00033,sector_b
2157.07916667,1.0061768237391397,0,0.00033,sector_b
2157.08055556,1.005262437897995,0,0.00033,sector_b
2157.08194444,1.0055531572256415,0,0.00033,sector_b
2157.08333333,1.0057858878600818,0,0.00033,sector_b
2157.08472222,1.0052277473727957,0,0.00033,sector_b
2157.08611111,1.0052894733100297,0,0.00033,sector_b
2157.0875,1.0055318834143476,0,0.00033,sector_b
2157.08888889,1.0057978075554834,0,0.00033,sector_b
2157.09027778,1.0057909791430202,0,0.00033,sector_b
2157.09166667,1.0052870368916416,0,0.00033,sector_b
2157.09305556,1.0054180467848524,0,0.00033,sector_b
2157.09444444,1.0051947955919713,0,0.00033,sector_b
2157.09583333,1.0051607686136304,0,0.00033,sector_b
2157.09722222,1.0049365316006789,0,0.00033,sector_b
2157.09861111,1.0055114894394976,0,0.00033,sector_b
2157.1,1.0049924771364884,0,0.00033,sector_b
2157.10138889,1.0048719780710573,0,0.00033,sector_b
2157.10277778,1.0055656193443083,0,0.00033,sector_b
2157.10416667,1.0048624739864158,0,0.00033,sector_b
2157.10555556,1.0052282172651457,0,0.00033,sector_b
2157.10694444,1.0059315977170247,0,0.00033,sector_b
2157.10833333,1.0057587947890125,0,0.00033,sector_b
2157.10972222,1.0054310894409932,0,0.00033,sector_b
2157.11111111,1.005853297794855,0,0.00033,sector_b
2157.1125,1.0052681998690767,0,0.00033,sector_b
2157.11388889,1.0053933820705299,0,0.00033,sector_b
2157.11527778,1.006091714870626,0,0.00033,sector_b
2157.11666667,1.0060509848234236,0,0.00033,sector_b
2157.11805556,1.0053791281440325,0,0.00033,sector_b
2157.11944444,1.0056882565279173,0,0.00033,sector_b
2157.12083333,1.0057823627377342,0,0.00033,sector_b
2157.12222222,1.0055931781641507,0,0.00033,sector_b
2157.12361111,1.0052509590940246,0,0.00033,sector_b
2157.125,1.005470675925372,0,0.00033,sector_b
2157.12638889,1.0059909578406598,0,0.00033,sector_b
2157.12777778,1.0057413582867427,0,0.00033,sector_b
2157.12916667,1.0054785451741544,0,0.00033,sector_b
2157.13055556,1.0050061970213742,0,0.00033,sector_b
2157.13194444,1.0060369157263243,0,0.00033,sector_b
2157.13333333,1.0059533537663916,0,0.00033,sector_b
2157.13472222,1.0054520547678716,0,0.00033,sector_b
2157.13611111,1.005830794682229,0,0.00033,sector_b
2157.1375,1.00598669767989,0,0.00033,sector_b
2157.13888889,1.0053065664124379,0,0.00033,sector_b
2157.14027778,1.0051861074316182,0,0.00033,sector_b
2157.14166667,1.0052949847452664,0,0.00033,sector_b
2157.14305556,1.0058990543845323,0,0.00033,sector_b
2157.14444444,1.005683720976301,0,0.00033,sector_b
2157.14583333,1.0056343329039943,0,0.00033,sector_b
2157.14722222,1.006096075403434,0,0.00033,sector_b
2157.14861111,1.0054615924903156,0,0.00033,sector_b
2157.15,1.0051549444183339,0,0.00033,sector_b
2157.15138889,1.005647904728232,0,0.00033,sector_b
2157.15277778,1.005619728001564,0,0.00033,sector_b
2157.15416667,1.0057162749602067,0,0.00033,sector_b
2157.15555556,1.0052707936740102,0,0.00033,sector_b
2157.15694444,1.0055090631520978,2048,0.00033,sector_b
2157.15833333,1.0057439449542425,0,0.00033,sector_b
2157.15972222,1.005620575740755,0,0.00033,sector_b
2157.16111111,1.0054034227352107,0,0.00033,sector_b
2157.1625,1.0057914731148219,0,0.00033,sector_b
2157.16388889,1.005791223027949,0,0.00033,sector_b
2157.16527778,1.0056313231588176,0,0.00033,sector_b
2157.16666667,1.0055742860880574,0,0.00033,sector_b
2157.16805556,1.0054823452982113,0,0.00033,sector_b
2157.16944444,1.0055876119926008,0,0.00033,sector_b
2157.17083333,1.004919738972046,0,0.00033,sector_b
2157.17222222,1.005493381726813,0,0.00033,sector_b
2157.17361111,1.0057203075673944,0,0.00033,sector_b
2157.175,1.0056568463722677,0,0.00033,sector_b
2157.17638889,1.005367417426587,0,0.00033,sector_b
2157.17777778,1.0050339221384499,0,0.00033,sector_b
2157.17916667,1.0058576824151797,0,0.00033,sector_b
2157.18055556,1.0053080556009013,0,0.00033,sector_b
2157.18194444,1.0057003005132472,0,0.00033,sector_b
2157.18333333,1.0050303249902799,0,0.00033,sector_b
2157.18472222,1.0055368653223142,0,0.00033,sector_b
2157.18611111,1.0064448372351964,0,0.00033,sector_b
2157.1875,1.0052579749196715,0,0.00033,sector_b
2157.18888889,1.0056626501660564,0,0.00033,sector_b
2157.19027778,1.0053384139699337,0,0.00033,sector_b
2157.19166667,1.005777116343035,0,0.00033,sector_b
2157.19305556,1.0056505330485037,0,0.00033,sector_b
2157.19444444,1.0057254132721043,0,0.00033,sector_b
2157.19583333,1.0053439417213341,0,0.00033,sector_b
2157.19722222,1.0060581053967919,0,0.00033,sector_b
2157.19861111,1.005968639476494,0,0.00033,sector_b
2157.2,1.0057464152127764,0,0.00033,sector_b
2157.20138889,1.0051246924505832,0,0.00033,sector_b
2157.20277778,1.005524099951997,0,0.00033,sector_b
2157.20416667,1.005855483000426,0,0.00033,sector_b
2157.20555556,1.0056078035880838,0,0.00033,sector_b
2157.20694444,1.0062257159044312,0,0.00033,sector_b
2157.20833333,1.0055785541310083,0,0.00033,sector_b
2157.20972222,1.0057411095789313,0,0.00033,sector_b
2157.21111111,1.0055498066839024,0,0.00033,sector_b
2157.2125,1.0052362168759734,0,0.00033,sector_b
2157.21388889,1.0054741186454779,0,0.00033,sector_b
2157.21527778,1.0056560284489076,0,0.00033,sector_b
2157.21666667,1.0056884587422792,0,0.00033,sector_b
2157.21805556,1.0058205621721819,0,0.00033,sector_b
2157.21944444,1.0054763908259103,0,0.00033,sector_b
2157.22083333,1.0056212043743489,0,0.00033,sector_b
2157.22222222,1.00516393064998,0,0.00033,sector_b
2157.22361111,1.0059065700241028,0,0.00033,sector_b
2157.225,1.0058813649318692,0,0.00033,sector_b
2157.22638889,1.0054164937441723,0,0.00033,sector_b
2157.22777778,1.0058242113037064,0,0.00033,sector_b
2157.22916667,1.005740773781148,0,0.00033,sector_b
2157.23055556,1.005338328392917,0,0.00033,sector_b
2157.23194444,1.0056614948826572,0,0.00033,sector_b
2157.23333333,1.0053341008923677,0,0.00033,sector_b
2157.23472222,1.0050767573163772,0,0.00033,sector_b
2157.23611111,1.0057502079215606,0,0.00033,sector_b
2157.2375,1.0058086411016123,0,0.00033,sector_b
2157.23888889,1.005869798326076,0,0.00033,sector_b
2157.24027778,1.0060054409039347,0,0.00033,sector_b
2157.24166667,1.005519767590028,0,0.00033,sector_b
2157.24305556,1.0056055656209497,0,0.00033,sector_b
2157.24444444,1.0053401765835528,0,0.00033,sector_b
2157.24583333,1.0059382377123658,0,0.00033,sector_b
2157.24722222,1.0058905919825571,0,0.00033,sector_b
2157.24861111,1.0056461965403953,0,0.00033,sector_b
2157.25,1.0056579800630054,0,0.00033,sector_b
2157.25138889,1.0057615429035824,0,0.00033,sector_b
2157.25277778,1.0051596455498062,0,0.00033,sector_b
2157.25416667,1.0061147003918138,0,0.00033,sector_b
2157.25555556,1.0054757436774886,0,0.00033,sector_b
2157.25694444,1.005733795221464,0,0.00033,sector_b
2157.25833333,1.0052223448061623,0,0.00033,sector_b
2157.25972222,1.0058483455935452,0,0.00033,sector_b
2157.26111111,1.0051918787805256,0,0.00033,sector_b
2157.2625,1.0056692920125516,0,0.00033,sector_b
2157.26388889,1.0057762295481292,0,0.00033,sector_b
2157.26527778,1.0057170284108192,0,0.00033,sector_b
2157.26666667,1.0058613544191193,0,0.00033,sector_b
2157.26805556,1.0055484579634622,0,0.00033,sector_b
2157.26944444,1.005609150385994,0,0.00033,sector_b
2157.27083333,1.005276514652986,0,0.00033,sector_b
2157.27222222,1.0055771131560554,0,0.00033,sector_b
2157.27361111,1.0058824957657526,0,0.00033,sector_b
2157.275,1.0055462221188194,0,0.00033,sector_b
2157.27638889,1.0055163656256825,0,0.00033,sector_b
2157.27777778,1.0059172961757208,0,0.00033,sector_b
2157.27916667,1.0060467772855395,0,0.00033,sector_b
2157.28055556,1.005394592852415,0,0.00033,sector_b
2157.28194444,1.005987148445656,0,0.00033,sector_b
2157.28333333,1.006033297227661,0,0.00033,sector_b
2157.28472222,1.005691474941234,0,0.00033,sector_b
2157.28611111,1.0055842780993938,0,0.00033,sector_b
2157.2875,1.0051832372916187,0,0.00033,sector_b
2157.28888889,1.0050627888135593,0,0.00033,sector_b
2157.29027778,1.005899568651632,0,0.00033,sector_b
2157.29166667,1.0055501403356066,0,0.00033,sector_b
2157.29305556,1.0053641235773623,0,0.00033,sector_b
2157.29444444,1.0055310944235667,0,0.00033,sector_b
2157.29583333,1.0061463676601548,0,0.00033,sector_b
2157.29722222,1.005607495909767,0,0.00033,sector_b
2157.29861111,1.0053963933774785,0,0.00033,sector_b
2157.3,1.0054176617747785,0,0.00033,sector_b
2157.30138889,1.0052072109684747,0,0.00033,sector_b
2157.30277778,1.0053333460125982,0,0.00033,sector_b
2157.30416667,1.0059528947423824,0,0.00033,sector_b
2157.30555556,1.005836530242002,0,0.00033,sector_b
2157.30694444,1.0057137114854673,0,0.00033,sector_b
2157.30833333,1.0057273623816159,0,0.00033,sector_b
2157.30972222,1.0055286169540736,0,0.00033,sector_b
2157.31111111,1.006104879300564,0,0.00033,sector_b
2157.3125,1.0062446904062314,0,0.00033,sector_b
2157.31388889,1.0053659552319039,0,0.00033,sector_b
2157.31527778,1.0053479997225456,0,0.00033,sector_b
2157.31666667,1.0059507178551719,0,0.00033,sector_b
2157.31805556,1.0053711003152808,0,0.00033,sector_b
2157.31944444,1.0052753091350068,0,0.00033,sector_b
2157.32083333,1.0058547638465543,0,0.00033,sector_b
2157.32222222,1.0052726780818333,0,0.00033,sector_b
2157.32361111,1.0049142163590015,0,0.00033,sector_b
2157.325,1.0057027767159055,0,0.00033,sector_b
2157.32638889,1.0064616509624553,0,0.00033,sector_b
2157.32777778,1.0050791268562937,0,0.00033,sector_b
2157.32916667,1.0056647498535822,0,0.00033,sector_b
2157.33055556,1.0059397644817167,0,0.00033,sector_b
2157.33194444,1.0058860339214122,0,0.00033,sector_b
2157.33333333,1.0053020325615676,0,0.00033,sector_b
2157.33472222,1.0058382301534363,0,0.00033,sector_b
2157.33611111,1.0059985610739473,0,0.00033,sector_b
2157.3375,1.0059064217891591,0,0.00033,sector_b
2157.33888889,1.0060584753186086,0,0.00033,sector_b
2157.34027778,1.005341596408345,0,0.00033,sector_b
2157.34166667,1.0055423514507735,0,0.00033,sector_b
2157.34305556,1.0062691189834363,0,0.00033,sector_b
2157.34444444,1.0058289358849108,0,0.00033,sector_b
2157.34583333,1.005695289280208,0,0.00033,sector_b
2157.34722222,1.0052536413676854,0,0.00033,sector_b
2157.34861111,1.0058452782640208,0,0.00033,sector_b
2157.35,1.0054364296806764,0,0.00033,sector_b
2157.35138889,1.0055768421816398,0,0.00033,sector_b
2157.35277778,1.0052604607619138,0,0.00033,sector_b
2157.35416667,1.0057410544139886,0,0.00033,sector_b
2157.35555556,1.0059830459795296,0,0.00033,sector_b
2157.35694444,1.0057445545366321,0,0.00033,sector_b
2157.35833333,1.0059949889354602,0,0.00033,sector_b
2157.35972222,1.0055426887255299,0,0.00033,sector_b
2157.36111111,1.0056947921445465,0,0.00033,sector_b
2157.3625,1.0058919551873207,0,0.00033,sector_b
2157.36388889,1.0056277458472893,0,0.00033,sector_b
2157.36527778,1.006057462173705,0,0.00033,sector_b
2157.36666667,1.0059278647533079,0,0.00033,sector_b
2157.36805556,1.00641179042568,0,0.00033,sector_b
2157.36944444,1.0053970708291036,0,0.00033,sector_b
2157.37083333,1.0055206143414048,0,0.00033,sector_b
2157.37222222,1.0056141159403875,0,0.00033,sector_b
2157.37361111,1.0060431933191787,0,0.00033,sector_b
2157.375,1.005566768637036,0,0.00033,sector_b
2157.37638889,1.0058182436246579,0,0.00033,sector_b
2157.37777778,1.0065866217460644,0,0.00033,sector_b
2157.37916667,1.0053381706472444,0,0.00033,sector_b
2157.38055556,1.0054151359958892,0,0.00033,sector_b
2157.38194444,1.0060906165852181,0,0.00033,sector_b
2157.38333333,1.0054911876327153,0,0.00033,sector_b
2157.38472222,1.0056206426179974,0,0.00033,sector_b
2157.38611111,1.0057706924976215,0,0.00033,sector_b
2157.3875,1.005713069548235,0,0.00033,sector_b
2157.38888889,1.0054517876658653,0,0.00033,sector_b
2157.39027778,1.0053292727557381,0,0.00033,sector_b
2157.39166667,1.0054282654590874,0,0.00033,sector_b
2157.39305556,1.005264408477066,0,0.00033,sector_b
2157.39444444,1.0053669860129968,0,0.00033,sector_b
2157.39583333,1.005650582884882,0,0.00033,sector_b
2157.39722222,1.0052670594465212,0,0.00033,sector_b
2157.39861111,1.0055880790244682,0,0.00033,sector_b
2157.4,1.0052421191347627,0,0.00033,sector_b
2157.40138889,1.006379588645992,0,0.00033,sector_b
2157.40277778,1.005693701317584,0,0.00033,sector_b
2157.40416667,1.0057289069900563,0,0.00033,sector_b
2157.40555556,1.005069638447781,0,0.00033,sector_b
2157.40694444,1.006596071272327,0,0.00033,sector_b
2157.40833333,1.0058909178615218,0,0.00033,sector_b
2157.40972222,1.005705550790269,0,0.00033,sector_b
2157.41111111,1.0063118953605363,0,0.00033,sector_b
2157.4125,1.0053534454443638,0,0.00033,sector_b
2157.41388889,1.0057288804270192,0,0.00033,sector_b
2157.41527778,1.0055136892803767,0,0.00033,sector_b
2157.41666667,1.0053390864458671,0,0.00033,sector_b
2157.41805556,1.0055789556946022,0,0.00033,sector_b
2157.41944444,1.0059388136658698,0,0.00033,sector_b
2157.42083333,1.0055807806026191,0,0.00033,sector_b
2157.42222222,1.0056046237327176,0,0.00033,sector_b
2157.42361111,1.0057376921906933,0,0.00033,sector_b
2157.425,1.006043180579593,0,0.00033,sector_b
2157.42638889,1.0061443995123267,0,0.00033,sector_b
2157.42777778,1.005192218134084,0,0.00033,sector_b
2157.42916667,1.0058161587476355,0,0.00033,sector_b
2157.43055556,1.005976149437017,0,0.00033,sector_b
2157.43194444,1.005722593928342,0,0.00033,sector_b
2157.43333333,1.006002807267519,0,0.00033,sector_b
2157.43472222,1.0053685961395744,0,0.00033,sector_b
2157.43611111,1.0057131339661285,0,0.00033,sector_b
2157.4375,1.0057675898147662,0,0.00033,sector_b
2157.43888889,1.0056650941738292,0,0.00033,sector_b
2157.44027778,1.0057306293576624,0,0.00033,sector_b
2157.44166667,1.0059840946061023,0,0.00033,sector_b
2157.44305556,1.0060375754376425,0,0.00033,sector_b
2157.44444444,1.0058463436224845,0,0.00033,sector_b
2157.44583333,1.0054247048507685,0,0.00033,sector_b
2157.44722222,1.005546547129115,0,0.00033,sector_b
2157.44861111,1.0057306225046725,0,0.00033,sector_b
2157.45,1.0063013055815513,0,0.00033,sector_b
2157.45138889,1.0051919034509806,0,0.00033,sector_b
2157.45277778,1.005948794743268,0,0.00033,sector_b
2157.45416667,1.0052942567482066,0,0.00033,sector_b
2157.45555556,1.0055097831625344,0,0.00033,sector_b
2157.45694444,1.005678402534873,0,0.00033,sector_b
2157.45833333,1.005955502646474,0,0.00033,sector_b
2157.45972222,1.0060014290413848,0,0.00033,sector_b
2157.46111111,1.0056718855710174,0,0.00033,sector_b
2157.4625,1.0053677326050294,0,0.00033,sector_b
2157.46388889,1.0059066084023065,0,0.00033,sector_b
2157.46527778,1.0059071684750829,0,0.00033,sector_b
2157.46666667,1.0059379073676271,0,0.00033,sector_b
2157.46805556,1.0055463795690027,0,0.00033,sector_b
2157.46944444,1.0053772270433337,0,0.00033,sector_b
2157.47083333,1.005914428903908,0,0.00033,sector_b
2157.47222222,1.0059385710461868,0,0.00033,sector_b
2157.47361111,1.0054036766406105,0,0.00033,sector_b
2157.475,1.005860250819116,0,0.00033,sector_b
2157.47638889,1.0056303727864235,0,0.00033,sector_b
2157.47777778,1.0053965868649906,0,0.00033,sector_b
2157.47916667,1.0057786640581752,0,0.00033,sector_b
2157.48055556,1.005872664749358,0,0.00033,sector_b
2157.48194444,1.0056135979773166,0,0.00033,sector_b
2157.48333333,1.00581866002568,0,0.00033,sector_b
2157.48472222,1.006029065829205,0,0.00033,sector_b
2157.48611111,1.005928997326221,0,0.00033,sector_b
2157.4875,1.0055288547084336,0,0.00033,sector_b
2157.48888889,1.006041538620619,0,0.00033,sector_b
2157.49027778,1.005621024099832,0,0.00033,sector_b
2157.49166667,1.005624807565661,0,0.00033,sector_b
2157.49305556,1.005826297581082,0,0.00033,sector_b
2157.49444444,1.0056842162748436,0,0.00033,sector_b
2157.49583333,1.0056783404310452,0,0.00033,sector_b
2157.49722222,1.0059465184511953,0,0.00033,sector_b
2157.49861111,1.0059382523506344,0,0.00033,sector_b
2157.5,1.006006963584069,0,0.00033,sector_b
2157.50138889,1.0055451077311641,0,0.00033,sector_b
2157.50277778,1.0051561537835885,0,0.00033,sector_b
2157.50416667,1.006008723668293,0,0.00033,sector_b
2157.50555556,1.0056863196846966,0,0.00033,sector_b
2157.50694444,1.0060184117554325,0,0.00033,sector_b
2157.50833333,1.0057169109722202,0,0.00033,sector_b
2157.50972222,1.0055338549487904,0,0.00033,sector_b
2157.51111111,1.0059415895488424,0,0.00033,sector_b
2157.5125,1.0060297179275246,0,0.00033,sector_b
2157.51388889,1.0055713639650037,0,0.00033,sector_b
2157.51527778,1.0058441171043944,0,0.00033,sector_b
2157.51666667,1.005935126770371,0,0.00033,sector_b
2157.51805556,1.005372878322167,0,0.00033,sector_b
2157.51944444,1.0055532012340747,0,0.00033,sector_b
2157.52083333,1.0059687194250153,0,0.00033,sector_b
2157.52222222,1.0057501096466863,0,0.00033,sector_b
2157.52361111,1.0056146034050872,0,0.00033,sector_b
2157.525,1.005610751182627,0,0.00033,sector_b
2157.52638889,1.005396937732318,0,0.00033,sector_b
2157.52777778,1.0062767825557821,0,0.00033,sector_b
2157.52916667,1.0055110174523723,0,0.00033,sector_b
2157.53055556,1.0050550205896716,0,0.00033,sector_b
2157.53194444,1.0064249747944558,0,0.00033,sector_b
2157.53333333,1.0057985613835247,0,0.00033,sector_b
2157.53472222,1.0056561752787827,0,0.00033,sector_b
2157.53611111,1.0057065070300923,0,0.00033,sector_b
2157.5375,1.0056164928738007,0,0.00033,sector_b
2157.53888889,1.0054872303579703,0,0.00033,sector_b
2157.54027778,1.0059412641234682,0,0.00033,sector_b
2157.54166667,1.0055117649566825,0,0.00033,sector_b
2157.54305556,1.0052624870384093,0,0.00033,sector_b
2157.54444444,1.006351601128411,0,0.00033,sector_b
2157.54583333,1.0056316154640619,0,0.00033,sector_b
2157.54722222,1.0055198112772676,0,0.00033,sector_b
2157.54861111,1.0055066755537025,0,0.00033,sector_b
2157.55,1.005197318392295,0,0.00033,sector_b
2157.55138889,1.0054526692459351,0,0.00033,sector_b
2157.55277778,1.0061263512768839,0,0.00033,sector_b
2157.55416667,1.005529555926411,0,0.00033,sector_b
2157.55555556,1.0056726404046454,0,0.00033,sector_b
2157.55694444,1.0055672905959432,0,0.00033,sector_b
2157.55833333,1.006073225570738,0,0.00033,sector_b
2157.55972222,1.005564449642992,0,0.00033,sector_b
2157.56111111,1.0058568836749453,0,0.00033,sector_b
2157.5625,1.0056733480876328,0,0.00033,sector_b
2157.56388889,1.0056620302215296,0,0.00033,sector_b
2157.56527778,1.0057894428115162,0,0.00033,sector_b
2157.56666667,1.0057950572793555,0,0.00033,sector_b
2157.56805556,1.0061287642926673,0,0.00033,sector_b
2157.56944444,1.0054191178197336,0,0.00033,sector_b
2157.57083333,1.0058689433176025,0,0.00033,sector_b
2157.57222222,1.0055158825977661,0,0.00033,sector_b
2157.57361111,1.0053771097816484,0,0.00033,sector_b
2157.575,1.0056198849797127,0,0.00033,sector_b
2157.57638889,1.0055213491299166,0,0.00033,sector_b
2157.57777778,1.0057510699864585,4096,0.00033,sector_b
2157.57916667,1.0057203914102482,0,0.00033,sector_b
2157.58055556,1.0056905406417493,0,0.00033,sector_b
2157.58194444,1.0058103409619263,0,0.00033,sector_b
2157.58333333,1.0058719241100726,0,0.00033,sector_b
2157.58472222,1.0049513908488639,0,0.00033,sector_b
2157.58611111,1.005608510615551,0,0.00033,sector_b
2157.5875,1.005700472447976,0,0.00033,sector_b
2157.58888889,1.0058665275999885,0,0.00033,sector_b
2157.59027778,1.0058605973299644,0,0.00033,sector_b
2157.59166667,1.0057270326736865,0,0.00033,sector_b
2157.59305556,1.0057492789996005,0,0.00033,sector_b
2157.59444444,1.005805109501705,0,0.00033,sector_b
2157.59583333,1.0061040959481353,0,0.00033,sector_b
2157.59722222,1.0053505659572224,0,0.00033,sector_b
2157.59861111,1.0053801722503055,0,0.00033,sector_b
2157.6,1.0062922592983206,0,0.00033,sector_b
2157.60138889,1.0055847692900968,0,0.00033,sector_b
2157.60277778,1.005769438471856,0,0.00033,sector_b
2157.60416667,1.0060428446935075,0,0.00033,sector_b
2157.60555556,1.0056916487316503,0,0.00033,sector_b
2157.60694444,1.005166687465657,0,0.00033,sector_b
2157.60833333,1.005333917091647,0,0.00033,sector_b
2157.60972222,1.0059184221019641,0,0.00033,sector_b
2157.61111111,1.0059193626180074,0,0.00033,sector_b
2157.6125,1.005511830765056,0,0.00033,sector_b
2157.61388889,1.0058129591484497,0,0.00033,sector_b
2157.61527778,1.0055817812765553,0,0.00033,sector_b
2157.61666667,1.0052724411198923,0,0.00033,sector_b
2157.61805556,1.0057928707556036,0,0.00033,sector_b
2157.61944444,1.0055597128891385,0,0.00033,sector_b
2157.62083333,1.00535981314498,0,0.00033,sector_b
2157.62222222,1.0058493779475686,0,0.00033,sector_b
2157.62361111,1.0053748078744942,0,0.00033,sector_b
2157.625,1.0055251058702674,0,0.00033,sector_b
2157.62638889,1.0060203870413584,0,0.00033,sector_b
2157.62777778,1.0057728398059274,0,0.00033,sector_b
2157.62916667,1.0058099779292806,0,0.00033,sector_b
2157.63055556,1.0060885567686308,0,0.00033,sector_b
2157.63194444,1.0061643596399619,0,0.00033,sector_b
2157.63333333,1.0052302366355406,0,0.00033,sector_b
2157.63472222,1.005830764003142,0,0.00033,sector_b
2157.63611111,1.0051334846259794,0,0.00033,sector_b
2157.6375,1.0054195484686508,0,0.00033,sector_b
2157.63888889,1.0050937691540527,0,0.00033,sector_b
2157.64027778,1.0054524315456144,0,0.00033,sector_b
2157.64166667,1.005365240713036,0,0.00033,sector_b
2157.64305556,1.005463579417525,0,0.00033,sector_b
2157.64444444,1.0058176078684862,0,0.00033,sector_b
2157.64583333,1.005957125308924,0,0.00033,sector_b
2157.64722222,1.0054419828648047,0,0.00033,sector_b
2157.64861111,1.0055636855491594,0,0.00033,sector_b
2157.65,1.0054098924464308,0,0.00033,sector_b
2157.65138889,1.0050901315227785,0,0.00033,sector_b
2157.65277778,1.005544175515291,0,0.00033,sector_b
2157.65416667,1.005059226457958,0,0.00033,sector_b
2157.65555556,1.005958803416407,0,0.00033,sector_b
2157.65694444,1.0056736821540164,0,0.00033,sector_b
2157.65833333,1.0055103421742742,0,0.00033,sector_b
2157.65972222,1.0056115898868354,0,0.00033,sector_b
2157.66111111,1.0058893368645194,0,0.00033,sector_b
2157.6625,1.0052577988862248,0,0.00033,sector_b
2157.66388889,1.0056242643526054,0,0.00033,sector_b
2157.66527778,1.0056912340327981,0,0.00033,sector_b
2157.66666667,1.0062198622895333,0,0.00033,sector_b
2157.66805556,1.0058247885634564,0,0.00033,sector_b
2157.66944444,1.0059207937086534,0,0.00033,sector_b
2157.67083333,1.0057260088722315,0,0.00033,sector_b
2157.67222222,1.005671734719468,0,0.00033,sector_b
2157.67361111,1.0059110709313155,0,0.00033,sector_b
2157.675,1.0056301680526467,0,0.00033,sector_b
2157.67638889,1.0049994946076082,0,0.00033,sector_b
2157.67777778,1.0051797239559885,0,0.00033,sector_b
2157.67916667,1.0060595164193828,0,0.00033,sector_b
2157.68055556,1.0058289429013425,0,0.00033,sector_b
2157.68194444,1.0056349000689397,2048,0.00033,sector_b
2157.68333333,1.0058361024328546,0,0.00033,sector_b
2157.68472222,1.0053768046978095,0,0.00033,sector_b
2157.68611111,1.0051878165837902,0,0.00033,sector_b
2157.6875,1.005014185897509,0,0.00033,sector_b
2157.68888889,1.0052046157330021,0,0.00033,sector_b
2157.69027778,1.0053176061818057,0,0.00033,sector_b
2157.69166667,1.005551116439969,0,0.00033,sector_b
2157.69305556,1.0052129452732574,0,0.00033,sector_b
2157.69444444,1.0053814752223464,0,0.00033,sector_b
2157.69583333,1.0056548634938005,0,0.00033,sector_b
2157.69722222,1.005560060793818,0,0.00033,sector_b
2157.69861111,1.0059482419453258,0,0.00033,sector_b
2157.7,1.0056132173131842,0,0.00033,sector_b
2157.70138889,1.0053529355657402,0,0.00033,sector_b
2157.70277778,1.005973678632476,0,0.00033,sector_b
2157.70416667,1.0056294233739238,0,0.00033,sector_b
2157.70555556,1.0057830244317671,0,0.00033,sector_b
2157.70694444,1.0060176348489638,0,0.00033,sector_b
2157.70833333,1.0053518002070365,0,0.00033,sector_b
2157.70972222,1.0056616951795798,0,0.00033,sector_b
2157.71111111,1.0054384849235019,0,0.00033,sector_b
2157.7125,1.005542570123371,0,0.00033,sector_b
2157.71388889,1.0055870533175422,0,0.00033,sector_b
2157.71527778,1.0055700694107126,0,0.00033,sector_b
2157.71666667,1.0049304166779598,0,0.00033,sector_b
2157.71805556,1.0053974133022248,0,0.00033,sector_b
2157.71944444,1.0055381772599592,0,0.00033,sector_b
2157.72083333,1.0058783929430035,0,0.00033,sector_b
2157.72222222,1.0054782865887597,0,0.00033,sector_b
2157.72361111,1.0047496560407123,0,0.00033,sector_b
2157.725,1.0057511891190347,0,0.00033,sector_b
2157.72638889,1.0055500224897462,0,0.00033,sector_b
2157.72777778,1.0057198331605643,0,0.00033,sector_b
2157.72916667,1.0053490471100384,0,0.00033,sector_b
2157.73055556,1.0053779244752532,0,0.00033,sector_b
2157.73194444,1.005451307337556,0,0.00033,sector_b
2157.73333333,1.0057788908033916,0,0.00033,sector_b
2157.73472222,1.0056613000410255,0,0.00033,sector_b
2157.73611111,1.0056087356662564,0,0.00033,sector_b
2157.7375,1.0052155511876124,0,0.00033,sector_b
2157.73888889,1.005452385597953,0,0.00033,sector_b
2157.74027778,1.0051548284286944,0,0.00033,sector_b
2157.74166667,1.0054450662023287,0,0.00033,sector_b
2157.74305556,1.0052378515530316,0,0.00033,sector_b
2157.74444444,1.0055490850224171,0,0.00033,sector_b
2157.74583333,1.005433248076195,0,0.00033,sector_b
2157.74722222,1.0056107075760938,0,0.00033,sector_b
2157.74861111,1.0055693623387998,0,0.00033,sector_b
2157.75,1.0052140819062203,0,0.00033,sector_b
2157.75138889,1.0050819156214859,0,0.00033,sector_b
2157.75277778,1.0058420054440578,0,0.00033,sector_b
2157.75416667,1.0055099235837102,0,0.00033,sector_b
2157.75555556,1.0054355918423346,0,0.00033,sector_b
2157.75694444,1.0050973831928858,0,0.00033,sector_b
2157.75833333,1.0055251286289346,0,0.00033,sector_b
2157.75972222,1.0052569244390228,0,0.00033,sector_b
2157.76111111,1.0058190287998172,0,0.00033,sector_b
2157.7625,1.005720013290811,0,0.00033,sector_b
2157.76388889,1.0054921173870097,0,0.00033,sector_b
2157.76527778,1.005582048646179,0,0.00033,sector_b
2157.76666667,1.0061199424152376,0,0.00033,sector_b
2157.76805556,1.0054861949877067,0,0.00033,sector_b
2157.76944444,1.0053021959945627,0,0.00033,sector_b
2157.77083333,1.0049651153573376,0,0.00033,sector_b
2157.77222222,1.0058409267526525,0,0.00033,sector_b
2157.77361111,1.005147172154596,0,0.00033,sector_b
2157.775,1.0055638937110194,0,0.00033,sector_b
2157.77638889,1.004982774282696,0,0.00033,sector_b
2157.77777778,1.0055542304814546,0,0.00033,sector_b
2157.77916667,1.005030517270177,0,0.00033,sector_b
2157.78055556,1.0060362574487534,0,0.00033,sector_b
2157.78194444,1.0056432478480557,0,0.00033,sector_b
2157.78333333,1.0052011753767778,0,0.00033,sector_b
2157.78472222,1.0053106682754578,0,0.00033,sector_b
2157.78611111,1.005226359103118,0,0.00033,sector_b
2157.7875,1.0052296328201094,0,0.00033,sector_b
2157.78888889,1.0054598055448518,0,0.00033,sector_b
2157.79027778,1.0056634819005192,0,0.00033,sector_b
2157.79166667,1.005231487029158,0,0.00033,sector_b
2157.79305556,1.0052950573103807,0,0.00033,sector_b
2157.79444444,1.0049442410491745,0,0.00033,sector_b
2157.79583333,1.0061221265766287,0,0.00033,sector_b
2157.79722222,1.0049180946343403,0,0.00033,sector_b
2157.79861111,1.0056151949451635,0,0.00033,sector_b
2157.8,1.005464921547585,0,0.00033,sector_b
2157.80138889,1.005366867858163,0,0.00033,sector_b
2157.80277778,1.0053112169369485,0,0.00033,sector_b
2157.80416667,1.0047930125700613,0,0.00033,sector_b
2157.80555556,1.0051291055681648,0,0.00033,sector_b
2157.80694444,1.005189580339216,0,0.00033,sector_b
2157.80833333,1.0056560289395051,0,0.00033,sector_b
2157.80972222,1.005243999855923,0,0.00033,sector_b
2157.81111111,1.0050605834805708,0,0.00033,sector_b
2157.8125,1.00497784758962,0,0.00033,sector_b
2157.81388889,1.0053696743788547,0,0.00033,sector_b
2157.81527778,1.0054126643774102,0,0.00033,sector_b
2157.81666667,1.0054010671283842,0,0.00033,sector_b
2157.81805556,1.0055941121735983,0,0.00033,sector_b
2157.81944444,1.0053723168544093,0,0.00033,sector_b
2157.82083333,1.0048160416795329,0,0.00033,sector_b
2157.82222222,1.0051491519228222,0,0.00033,sector_b
2157.82361111,1.0059578848733362,0,0.00033,sector_b
2157.825,1.005651793835197,0,0.00033,sector_b
2157.82638889,1.005404050389581,0,0.00033,sector_b
2157.82777778,1.00542814945027,0,0.00033,sector_b
2157.82916667,1.0055885079665214,0,0.00033,sector_b
2157.83055556,1.0049880830135125,0,0.00033,sector_b
2157.83194444,1.0049790731999255,0,0.00033,sector_b
2157.83333333,1.0049559783823394,0,0.00033,sector_b
2157.83472222,1.004934451405751,0,0.00033,sector_b
2157.83611111,1.005368552120507,0,0.00033,sector_b
2157.8375,1.0048317743650115,0,0.00033,sector_b
2157.83888889,1.0054474774803617,0,0.00033,sector_b
2157.84027778,1.0052683716495485,0,0.00033,sector_b
2157.84166667,1.0053525795517946,0,0.00033,sector_b
2157.84305556,1.0055749574936603,0,0.00033,sector_b
2157.84444444,1.0057005283783575,0,0.00033,sector_b
2157.84583333,1.0049896889133094,0,0.00033,sector_b
2157.84722222,1.0050725129374471,0,0.00033,sector_b
2157.84861111,1.005606086525707,0,0.00033,sector_b
2157.85,1.0052007851200109,0,0.00033,sector_b
2157.85138889,1.0049214088528409,0,0.00033,sector_b
2157.85277778,1.0050950282363416,0,0.00033,sector_b
2157.85416667,1.0051848071368323,0,0.00033,sector_b
2157.85555556,1.005545809005659,0,0.00033,sector_b
2157.85694444,1.0049829817670362,0,0.00033,sector_b
2157.85833333,1.0056844464829362,0,0.00033,sector_b
2157.85972222,1.005196604794428,0,0.00033,sector_b
2157.86111111,1.005275180362865,0,0.00033,sector_b
2157.8625,1.0056680280018904,0,0.00033,sector_b
2157.86388889,1.0052012662894712,0,0.00033,sector_b
2157.86527778,1.0050553244266514,0,0.00033,sector_b
2157.86666667,1.0054729569662908,0,0.00033,sector_b
2157.86805556,1.0055662773677851,0,0.00033,sector_b
2157.86944444,1.005486753467681,0,0.00033,sector_b
2157.87083333,1.005857882052484,0,0.00033,sector_b
2157.87222222,1.005378402892261,0,0.00033,sector_b
2157.87361111,1.0051091050878123,0,0.00033,sector_b
2157.875,1.0053622064920507,0,0.00033,sector_b
2157.87638889,1.005226436245646,0,0.00033,sector_b
2157.87777778,1.0052289619378836,0,0.00033,sector_b
2157.87916667,1.00505628831845,0,0.00033,sector_b
2157.88055556,1.0048281277644073,0,0.00033,sector_b
2157.88194444,1.0051359476827344,0,0.00033,sector_b
2157.88333333,1.0053734247661628,0,0.00033,sector_b
2157.88472222,1.0048852148875143,0,0.00033,sector_b
2157.88611111,1.0055223508229838,0,0.00033,sector_b
2157.8875,1.0050685672897515,0,0.00033,sector_b
2157.88888889,1.004685462733201,0,0.00033,sector_b
2157.89027778,1.005301580549204,0,0.00033,sector_b
2157.89166667,1.0051986162983402,0,0.00033,sector_b
2157.89305556,1.005585526381299,0,0.00033,sector_b
2157.89444444,1.0052442989489618,0,0.00033,sector_b
2157.89583333,1.0053566942451118,0,0.00033,sector_b
2157.89722222,1.0051969355406989,0,0.00033,sector_b
2157.89861111,1.0048703984305898,0,0.00033,sector_b
2157.9,1.004987895583986,0,0.00033,sector_b
2157.90138889,1.0053845672789419,0,0.00033,sector_b
2157.90277778,1.0051626641471803,0,0.00033,sector_b
2157.90416667,1.005066130668583,0,0.00033,sector_b
2157.90555556,1.0046442230352308,0,0.00033,sector_b
2157.90694444,1.0048351569141591,0,0.00033,sector_b
2157.90833333,1.005490894425609,0,0.00033,sector_b
2157.90972222,1.0056562503621724,0,0.00033,sector_b
2157.91111111,1.0054381441770746,0,0.00033,sector_b
2157.9125,1.0049011909522254,0,0.00033,sector_b
2157.91388889,1.0049979576411883,0,0.00033,sector_b
2157.91527778,1.0051782021184028,0,0.00033,sector_b
2157.91666667,1.0052401381918221,0,0.00033,sector_b
2157.91805556,1.0051980450063978,0,0.00033,sector_b
2157.91944444,1.005213726314396,0,0.00033,sector_b
2157.92083333,1.0051792100894152,0,0.00033,sector_b
2157.92222222,1.0051768356924833,0,0.00033,sector_b
2157.92361111,1.0048447958065112,0,0.00033,sector_b
2157.925,1.0055079008443235,0,0.00033,sector_b
2157.92638889,1.0046565771816707,0,0.00033,sector_b
2157.92777778,1.0050123868194587,0,0.00033,sector_b
2157.92916667,1.0049419733130556,0,0.00033,sector_b
2157.93055556,1.0048067087658394,0,0.00033,sector_b
2157.93194444,1.004510628542661,0,0.00033,sector_b
2157.93333333,1.0047102608692404,0,0.00033,sector_b
2157.93472222,1.005434101836878,0,0.00033,sector_b
2157.93611111,1.0046791763252574,0,0.00033,sector_b
2157.9375,1.004993562246047,0,0.00033,sector_b
2157.93888889,1.0049230952985155,0,0.00033,sector_b
2157.94027778,1.0055604320114837,0,0.00033,sector_b
2157.94166667,1.0048995409326982,0,0.00033,sector_b
2157.94305556,1.0049738899607261,0,0.00033,sector_b
2157.94444444,1.0050874838788315,0,0.00033,sector_b
2157.94583333,1.0053966777897165,0,0.00033,sector_b
2157.94722222,1.0053769285560192,0,0.00033,sector_b
2157.94861111,1.0051442711316185,0,0.00033,sector_b
2157.95,1.0049160464649984,0,0.00033,sector_b
2157.95138889,1.0048115507450985,0,0.00033,sector_b
2157.95277778,1.0047440441686468,0,0.00033,sector_b
2157.95416667,1.0052006732048921,0,0.00033,sector_b
2157.95555556,1.004518601503444,0,0.00033,sector_b
2157.95694444,1.0054602208150434,0,0.00033,sector_b
2157.95833333,1.0057028667674068,0,0.00033,sector_b
2157.95972222,1.0051978456514241,0,0.00033,sector_b
2157.96111111,1.0050043391511683,0,0.00033,sector_b
2157.9625,1.0051374360172023,0,0.00033,sector_b
2157.96388889,1.0051989905709533,0,0.00033,sector_b
2157.96527778,1.0047821945413218,0,0.00033,sector_b
2157.96666667,1.0048762609242514,0,0.00033,sector_b
2157.96805556,1.0050363761361956,0,0.00033,sector_b
2157.96944444,1.0052409243904794,0,0.00033,sector_b
2157.97083333,1.004703384344999,0,0.00033,sector_b
2157.97222222,1.0057877854272106,0,0.00033,sector_b
2157.97361111,1.0047777235642485,0,0.00033,sector_b
2157.975,1.0045456852068204,0,0.00033,sector_b
2157.97638889,1.0051624188277926,0,0.00033,sector_b
2157.97777778,1.0050691081059686,0,0.00033,sector_b
2157.97916667,1.0047552436864393,0,0.00033,sector_b
2157.98055556,1.0049243868470241,0,0.00033,sector_b
2157.98194444,1.0047303115377841,0,0.00033,sector_b
2157.98333333,1.0055998542885727,0,0.00033,sector_b
2157.98472222,1.0048391430026247,0,0.00033,sector_b
2157.98611111,1.0051277216036965,0,0.00033,sector_b
2157.9875,1.0052231434804766,0,0.00033,sector_b
2157.98888889,1.0048404234832198,0,0.00033,sector_b
2157.99027778,1.0052512692288198,0,0.00033,sector_b
2157.99166667,1.0057981473752766,0,0.00033,sector_b
2157.99305556,1.0054132444734984,0,0.00033,sector_b
2157.99444444,1.0045900559576255,0,0.00033,sector_b
2157.99583333,1.0053112143482374,0,0.00033,sector_b
2157.99722222,1.0049079818685374,0,0.00033,sector_b
2157.99861111,1.0053536810855128,0,0.00033,sector_b
2158.0,1.0048889263341922,0,0.00033,sector_b
2158.00138889,1.0052585943362604,0,0.00033,sector_b
2158.00277778,1.0053481442925791,0,0.00033,sector_b
2158.00416667,1.0051182367585345,0,0.00033,sector_b
2158.00555556,1.0050168219672624,0,0.00033,sector_b
2158.00694444,1.0050745468076054,0,0.00033,sector_b
2158.00833333,1.0050905205482772,0,0.00033,sector_b
2158.00972222,1.0046318901093774,0,0.00033,sector_b
2158.01111111,1.0050359305815053,0,0.00033,sector_b
2158.0125,1.0049395185154266,0,0.00033,sector_b
2158.01388889,1.0049913133641997,0,0.00033,sector_b
2158.01527778,1.0048857102635125,0,0.00033,sector_b
2158.01666667,1.0050872608792474,0,0.00033,sector_b
2158.01805556,1.0047199229764536,0,0.00033,sector_b
2158.01944444,1.0048125692903676,0,0.00033,sector_b
2158.02083333,1.004907971793544,0,0.00033,sector_b
2158.02222222,1.0052621798171797,0,0.00033,sector_b
2158.02361111,1.0049733082161834,0,0.00033,sector_b
2158.025,1.0051814428744457,2048,0.00033,sector_b
2158.02638889,1.0047902222194396,0,0.00033,sector_b
2158.02777778,1.0049545343627018,0,0.00033,sector_b
2158.02916667,1.005061601347402,0,0.00033,sector_b
2158.03055556,1.0050257103575122,0,0.00033,sector_b
2158.03194444,1.0051940591161495,0,0.00033,sector_b
2158.03333333,1.004684205154904,0,0.00033,sector_b
2158.03472222,1.0046358442384749,0,0.00033,sector_b
2158.03611111,1.0052145179068201,0,0.00033,sector_b
2158.0375,1.0048680858739876,0,0.00033,sector_b
2158.03888889,1.0050932868213007,0,0.00033,sector_b
2158.04027778,1.0053469783137017,0,0.00033,sector_b
2158.04166667,1.0046277147813765,0,0.00033,sector_b
2158.04305556,1.0048679461332946,0,0.00033,sector_b
2158.04444444,1.0048175439885056,0,0.00033,sector_b
2158.04583333,1.004287054169711,0,0.00033,sector_b
2158.04722222,1.004677497908638,0,0.00033,sector_b
2158.04861111,1.0044723554462436,0,0.00033,sector_b
2158.05,1.0050278519349687,0,0.00033,sector_b
2158.05138889,1.0047141182384383,0,0.00033,sector_b
2158.05277778,1.0046987768193387,0,0.00033,sector_b
2158.05416667,1.0051553251954615,0,0.00033,sector_b
2158.05555556,1.0048837386036205,0,0.00033,sector_b
2158.05694444,1.0049310549296997,0,0.00033,sector_b
2158.05833333,1.0051147883183453,0,0.00033,sector_b
2158.05972222,1.005215203511665,0,0.00033,sector_b
2158.06111111,1.0044319479350232,0,0.00033,sector_b
2158.0625,1.0041700159334237,2048,0.00033,sector_b
2158.06388889,1.0046963836417848,0,0.00033,sector_b
2158.06527778,1.004388791002892,0,0.00033,sector_b
2158.06666667,1.0049520082850902,0,0.00033,sector_b
2158.06805556,1.0048174001399268,0,0.00033,sector_b
2158.06944444,1.0047702906583411,0,0.00033,sector_b
2158.07083333,1.0045927335613538,0,0.00033,sector_b
2158.07222222,1.0043678796119369,0,0.00033,sector_b
2158.07361111,1.0048459662217115,0,0.00033,sector_b
2158.075,1.0055343513922637,0,0.00033,sector_b
2158.07638889,1.0047253627792159,0,0.00033,sector_b
2158.07777778,1.0050472734591718,0,0.00033,sector_b
2158.07916667,1.0040963457948453,0,0.00033,sector_b
2158.08055556,1.004524294792198,0,0.00033,sector_b
2158.08194444,1.004820195107292,0,0.00033,sector_b
2158.08333333,1.0046486295734507,0,0.00033,sector_b
2158.08472222,1.0048361615651265,0,0.00033,sector_b
2158.08611111,1.004892417885691,0,0.00033,sector_b
2158.0875,1.0044992965155657,0,0.00033,sector_b
2158.08888889,1.0041320721210893,0,0.00033,sector_b
2158.09027778,1.0042357286491408,0,0.00033,sector_b
2158.09166667,1.005133821422393,0,0.00033,sector_b
2158.09305556,1.0044913335967232,0,0.00033,sector_b
2158.09444444,1.0046746699453772,0,0.00033,sector_b
2158.09583333,1.0049483914473447,0,0.00033,sector_b
2158.09722222,1.00427540253224,0,0.00033,sector_b
2158.09861111,1.0049859237839236,0,0.00033,sector_b
2158.1,1.0044944182767106,0,0.00033,sector_b
2158.10138889,1.0046703209394405,0,0.00033,sector_b
2158.10277778,1.0044784192456695,0,0.00033,sector_b
2158.10416667,1.0047423969950529,0,0.00033,sector_b
2158.10555556,1.0043324342543363,0,0.00033,sector_b
2158.10694444,1.0044267196235777,0,0.00033,sector_b
2158.10833333,1.0046752590716868,0,0.00033,sector_b
2158.10972222,1.004279277574097,0,0.00033,sector_b
2158.11111111,1.0044943933400394,0,0.00033,sector_b
2158.1125,1.00512961914691,0,0.00033,sector_b
2158.11388889,1.0049302015545558,0,0.00033,sector_b
2158.11527778,1.0053083262168179,0,0.00033,sector_b
2158.11666667,1.0048114889206492,0,0.00033,sector_b
2158.11805556,1.0046686957847843,0,0.00033,sector_b
2158.11944444,1.0052731079666324,0,0.00033,sector_b
2158.12083333,1.0050391013591424,0,0.00033,sector_b
2158.12222222,1.0040732764098215,0,0.00033,sector_b
2158.12361111,1.0042597642254925,0,0.00033,sector_b
2158.125,1.004437891196119,0,0.00033,sector_b
2158.12638889,1.003810271448354,0,0.00033,sector_b
2158.12777778,1.004100264640954,0,0.00033,sector_b
2158.12916667,1.0047052085997992,0,0.00033,sector_b
2158.13055556,1.0048460458518274,0,0.00033,sector_b
2158.13194444,1.0040072666290019,0,0.00033,sector_b
2158.13333333,1.004512602736795,0,0.00033,sector_b
2158.13472222,1.0045089276308576,0,0.00033,sector_b
2158.13611111,1.0047211648146934,0,0.00033,sector_b
2158.1375,1.0046570672206545,0,0.00033,sector_b
2158.13888889,1.0044958202686551,0,0.00033,sector_b
2158.14027778,1.0048404002174762,0,0.00033,sector_b
2158.14166667,1.0041837249311258,0,0.00033,sector_b
2158.14305556,1.0042672450272787,0,0.00033,sector_b
2158.14444444,1.0042059526823268,0,0.00033,sector_b
2158.14583333,1.0042776041082664,0,0.00033,sector_b
2158.14722222,1.005069043533887,0,0.00033,sector_b
2158.14861111,1.004227179104703,0,0.00033,sector_b
2158.15,1.0045175918011384,0,0.00033,sector_b
2158.15138889,1.0043921479231956,0,0.00033,sector_b
2158.15277778,1.0043198740827066,0,0.00033,sector_b
2158.15416667,1.0051055685760009,0,0.00033,sector_b
2158.15555556,1.0043582951012628,0,0.00033,sector_b
2158.15694444,1.0043422448125712,0,0.00033,sector_b
2158.15833333,1.0048562713637552,0,0.00033,sector_b
2158.15972222,1.0048011620658337,0,0.00033,sector_b
2158.16111111,1.004165873883105,0,0.00033,sector_b
2158.1625,1.004361080349532,0,0.00033,sector_b
2158.16388889,1.0045495882179045,0,0.00033,sector_b
2158.16527778,1.0045517018564478,0,0.00033,sector_b
2158.16666667,1.0043807240184908,0,0.00033,sector_b
2158.16805556,1.004575822865679,0,0.00033,sector_b
2158.16944444,1.0043259608142174,0,0.00033,sector_b
2158.17083333,1.0050586928882597,0,0.00033,sector_b
2158.17222222,1.0045473114124406,0,0.00033,sector_b
2158.17361111,1.004588996230661,0,0.00033,sector_b
2158.175,1.0042517113970773,0,0.00033,sector_b
2158.17638889,1.0047235284017055,0,0.00033,sector_b
2158.17777778,1.0047784025607152,0,0.00033,sector_b
2158.17916667,1.0041245012562572,0,0.00033,sector_b
2158.18055556,1.004647527355151,0,0.00033,sector_b
2158.18194444,1.0047801214866894,0,0.00033,sector_b
2158.18333333,1.00416458514127,0,0.00033,sector_b
2158.18472222,1.0043836747157924,0,0.00033,sector_b
2158.18611111,1.0045623860897492,0,0.00033,sector_b
2158.1875,1.0044029570037218,0,0.00033,sector_b
2158.18888889,1.004719624765692,0,0.00033,sector_b
2158.19027778,1.0043095613233473,0,0.00033,sector_b
2158.19166667,1.004002274892515,0,0.00033,sector_b
2158.19305556,1.0044957729007453,0,0.00033,sector_b
2158.19444444,1.0043444145053035,0,0.00033,sector_b
2158.19583333,1.0043226162326568,0,0.00033,sector_b
2158.19722222,1.004742787820557,0,0.00033,sector_b
2158.19861111,1.0039594544864048,0,0.00033,sector_b
2158.2,1.0042000285009058,0,0.00033,sector_b
2158.20138889,1.0045863494604816,0,0.00033,sector_b
2158.20277778,1.0041073290697198,2048,0.00033,sector_b
2158.20416667,1.0039276308951421,0,0.00033,sector_b
2158.20555556,1.0046568623658219,0,0.00033,sector_b
2158.20694444,1.0047955390266727,0,0.00033,sector_b
2158.20833333,1.0040880595726958,0,0.00033,sector_b
2158.20972222,1.0043533040129535,0,0.00033,sector_b
2158.21111111,1.0044491829442173,0,0.00033,sector_b
2158.2125,1.0044862438334228,0,0.00033,sector_b
2158.21388889,1.0049765941577995,0,0.00033,sector_b
2158.21527778,1.0043778204254405,0,0.00033,sector_b
2158.21666667,1.0045175684022178,0,0.00033,sector_b
2158.21805556,1.0045481221229624,0,0.00033,sector_b
2158.21944444,1.0040396077579694,0,0.00033,sector_b
2158.22083333,1.0045224278650315,0,0.00033,sector_b
2158.22222222,1.0041563723922944,0,0.00033,sector_b
2158.22361111,1.004570118059096,0,0.00033,sector_b
2158.225,1.004631750895264,0,0.00033,sector_b
2158.22638889,1.0043361801833262,0,0.00033,sector_b
2158.22777778,1.0039000045795032,0,0.00033,sector_b
2158.22916667,1.0036148738359914,0,0.00033,sector_b
2158.23055556,1.0040710405549942,0,0.00033,sector_b
2158.23194444,1.0044259993986986,0,0.00033,sector_b
2158.23333333,1.003960110622293,0,0.00033,sector_b
2158.23472222,1.0040439950935582,0,0.00033,sector_b
2158.23611111,1.0042899503215792,0,0.00033,sector_b
2158.2375,1.0046700438118845,0,0.00033,sector_b
2158.23888889,1.004385781658401,0,0.00033,sector_b
2158.24027778,1.0041639907696265,0,0.00033,sector_b
2158.24166667,1.0038022644437843,0,0.00033,sector_b
2158.24305556,1.0044176789340162,0,0.00033,sector_b
2158.24444444,1.0044511294880114,0,0.00033,sector_b
2158.24583333,1.0042268523442923,0,0.00033,sector_b
2158.24722222,1.0042134047502247,0,0.00033,sector_b
2158.24861111,1.0040964561190249,0,0.00033,sector_b
2158.25,1.0038680642788853,0,0.00033,sector_b
2158.25138889,1.0043294413549173,0,0.00033,sector_b
2158.25277778,1.004125284140692,0,0.00033,sector_b
2158.25416667,1.0044503304620687,0,0.00033,sector_b
2158.25555556,1.0043348026402485,0,0.00033,sector_b
2158.25694444,1.0050429675389358,0,0.00033,sector_b
2158.25833333,1.0041807108755882,0,0.00033,sector_b
2158.25972222,1.0045773060793661,0,0.00033,sector_b
2158.26111111,1.0043559267037545,0,0.00033,sector_b
2158.2625,1.003789363103648,0,0.00033,sector_b
2158.26388889,1.00455512374316,0,0.00033,sector_b
2158.26527778,1.004334845416196,0,0.00033,sector_b
2158.26666667,1.0040152333244199,0,0.00033,sector_b
2158.26805556,1.0043238379820707,0,0.00033,sector_b
2158.26944444,1.0039663770399663,0,0.00033,sector_b
2158.27083333,1.004048778849837,0,0.00033,sector_b
2158.27222222,1.003556021269272,0,0.00033,sector_b
2158.27361111,1.0041418353058638,0,0.00033,sector_b
2158.275,1.0041529088779093,0,0.00033,sector_b
2158.27638889,1.004350722863617,0,0.00033,sector_b
2158.27777778,1.004273850862768,0,0.00033,sector_b
2158.27916667,1.0041071245821465,0,0.00033,sector_b
2158.28055556,1.0042943287438824,0,0.00033,sector_b
2158.28194444,1.004243326142147,0,0.00033,sector_b
2158.28333333,1.00412677538103,0,0.00033,sector_b
2158.28472222,1.0041933888681303,0,0.00033,sector_b
2158.28611111,1.004404725620935,0,0.00033,sector_b
2158.2875,1.004479152650953,0,0.00033,sector_b
2158.28888889,1.0044214768952742,0,0.00033,sector_b
2158.29027778,1.0035840667079317,0,0.00033,sector_b
2158.29166667,1.0042803894978534,0,0.00033,sector_b
2158.29305556,1.0037118249344013,0,0.00033,sector_b
2158.29444444,1.0040213985455737,0,0.00033,sector_b
2158.29583333,1.0042988993148785,0,0.00033,sector_b
2158.29722222,1.0037770090242137,0,0.00033,sector_b
2158.29861111,1.0035185436254015,0,0.00033,sector_b
2158.3,1.0035017082596072,0,0.00033,sector_b
2158.30138889,1.0042218737500486,0,0.00033,sector_b
2158.30277778,1.0033909439255069,0,0.00033,sector_b
2158.30416667,1.004190181552127,0,0.00033,sector_b
2158.30555556,1.0043848678812481,0,0.00033,sector_b
2158.30694444,1.0036488453421186,0,0.00033,sector_b
2158.30833333,1.0040910164354995,0,0.00033,sector_b
2158.30972222,1.0042738188886742,4096,0.00033,sector_b
2158.31111111,1.004369303587737,0,0.00033,sector_b
2158.3125,1.0045119725830056,0,0.00033,sector_b
2158.31388889,1.0036168670156935,0,0.00033,sector_b
2158.31527778,1.0038996761626149,0,0.00033,sector_b
2158.31666667,1.0039878293595923,2048,0.00033,sector_b
2158.31805556,1.004188439050864,0,0.00033,sector_b
2158.31944444,1.0040296730170093,0,0.00033,sector_b
2158.32083333,1.0038971221290678,0,0.00033,sector_b
2158.32222222,1.0038971849849827,0,0.00033,sector_b
2158.32361111,1.0040908575741592,0,0.00033,sector_b
2158.325,1.003820461509381,0,0.00033,sector_b
2158.32638889,1.0037879984437723,0,0.00033,sector_b
2158.32777778,1.004329402107731,0,0.00033,sector_b
2158.32916667,1.0040068819384511,0,0.00033,sector_b
2158.33055556,1.00375006098003,0,0.00033,sector_b
2158.33194444,1.004173635746369,0,0.00033,sector_b
2158.33333333,1.0036980056740312,0,0.00033,sector_b
2158.33472222,1.0045971989352245,0,0.00033,sector_b
2158.33611111,1.0043999714525833,0,0.00033,sector_b
2158.3375,1.0041586216746234,0,0.00033,sector_b
2158.33888889,1.0037319867519376,0,0.00033,sector_b
2158.34027778,1.0043922449612719,0,0.00033,sector_b
2158.34166667,1.004294673455534,0,0.00033,sector_b
2158.34305556,1.0034615547253323,0,0.00033,sector_b
2158.34444444,1.0037473156161145,0,0.00033,sector_b
2158.34583333,1.003437415617948,0,0.00033,sector_b
2158.34722222,1.0041166405026425,0,0.00033,sector_b
2158.34861111,1.0039882562429807,0,0.00033,sector_b
2158.35,1.0040128880067836,0,0.00033,sector_b
2158.35138889,1.0036834539920012,0,0.00033,sector_b
2158.35277778,1.0038531310037841,0,0.00033,sector_b
2158.35416667,1.0037338964204754,0,0.00033,sector_b
2158.35555556,1.0038505784675449,0,0.00033,sector_b
2158.35694444,1.003868371054717,0,0.00033,sector_b
2158.35833333,1.004112429415634,0,0.00033,sector_b
2158.35972222,1.0036204316576633,0,0.00033,sector_b
2158.36111111,1.0040246139383495,0,0.00033,sector_b
2158.3625,1.0037654960814864,0,0.00033,sector_b
2158.36388889,1.0041083440884435,0,0.00033,sector_b
2158.36527778,1.003786050273312,0,0.00033,sector_b
2158.36666667,1.0032318087345653,0,0.00033,sector_b
2158.36805556,1.0038309865870743,0,0.00033,sector_b
2158.36944444,1.0031136307498034,0,0.00033,sector_b
2158.37083333,1.0048166096753477,0,0.00033,sector_b
2158.37222222,1.0042713230770262,0,0.00033,sector_b
2158.37361111,1.0036854704854896,0,0.00033,sector_b
2158.375,1.0036212223155119,0,0.00033,sector_b
2158.37638889,1.0036236812165586,0,0.00033,sector_b
2158.37777778,1.003890624039377,0,0.00033,sector_b
2158.37916667,1.0040119731181405,0,0.00033,sector_b
2158.38055556,1.0036768315037088,0,0.00033,sector_b
2158.38194444,1.0040163551221537,0,0.00033,sector_b
2158.38333333,1.003210201887575,0,0.00033,sector_b
2158.38472222,1.0036409355085718,0,0.00033,sector_b
2158.38611111,1.0037534463884903,0,0.00033,sector_b
2158.3875,1.0036117132333953,0,0.00033,sector_b
2158.38888889,1.0038470115529599,0,0.00033,sector_b
2158.39027778,1.003244164143524,0,0.00033,sector_b
2158.39166667,1.003777247988903,0,0.00033,sector_b
2158.39305556,1.003572168442003,0,0.00033,sector_b
2158.39444444,1.0037579389242968,0,0.00033,sector_b
2158.39583333,1.0035292339355848,0,0.00033,sector_b
2158.39722222,1.0039014099604564,0,0.00033,sector_b
2158.39861111,1.0041116149853546,0,0.00033,sector_b
2158.4,1.003768671191083,0,0.00033,sector_b
2158.40138889,1.003606540365536,0,0.00033,sector_b
2158.40277778,1.0036301352577681,0,0.00033,sector_b
2158.40416667,1.0034382985976156,0,0.00033,sector_b
2158.40555556,1.0037375029370696,0,0.00033,sector_b
2158.40694444,1.0037503141355983,0,0.00033,sector_b
2158.40833333,1.0037169590048238,0,0.00033,sector_b
2158.40972222,1.0034156023398682,0,0.00033,sector_b
2158.41111111,1.0037099376332024,0,0.00033,sector_b
2158.4125,1.0041058711840496,0,0.00033,sector_b
2158.41388889,1.0039955704096044,0,0.00033,sector_b
2158.41527778,1.0032349671546987,0,0.00033,sector_b
2158.41666667,1.0038271052379453,0,0.00033,sector_b
2158.41805556,1.0033107856203693,0,0.00033,sector_b
2158.41944444,1.0036973974165238,0,0.00033,sector_b
2158.42083333,1.00366541665222,0,0.00033,sector_b
2158.42222222,1.0042383753712647,0,0.00033,sector_b
2158.42361111,1.003757094359563,0,0.00033,sector_b
2158.425,1.0035466300269889,0,0.00033,sector_b
2158.42638889,1.003929713397143,0,0.00033,sector_b
2158.42777778,1.0038236211683071,0,0.00033,sector_b
2158.42916667,1.0045286494564862,0,0.00033,sector_b
2158.43055556,1.0037091709262815,0,0.00033,sector_b
2158.43194444,1.0041150315761396,0,0.00033,sector_b
2158.43333333,1.0037402341099204,0,0.00033,sector_b
2158.43472222,1.004527904551524,0,0.00033,sector_b
2158.43611111,1.0038664476993104,0,0.00033,sector_b
2158.4375,1.003852017570549,0,0.00033,sector_b
2158.43888889,1.004286989395424,0,0.00033,sector_b
2158.44027778,1.003541615650308,0,0.00033,sector_b
2158.44166667,1.003823083836498,0,0.00033,sector_b
2158.44305556,1.0034062492354345,2048,0.00033,sector_b
2158.44444444,1.0033923964175016,0,0.00033,sector_b
2158.44583333,1.003405722636802,0,0.00033,sector_b
2158.44722222,1.003289237240348,0,0.00033,sector_b
2158.44861111,1.0038781442674327,0,0.00033,sector_b
2158.45,1.0039506384312005,0,0.00033,sector_b
2158.45138889,1.0037405966484512,0,0.00033,sector_b
2158.45277778,1.0035464761165138,0,0.00033,sector_b
2158.45416667,1.0037730524912223,0,0.00033,sector_b
2158.45555556,1.0036066125652636,0,0.00033,sector_b
2158.45694444,1.0035963581230243,0,0.00033,sector_b
2158.45833333,1.0032285077596723,0,0.00033,sector_b
2158.45972222,1.0036411134531324,0,0.00033,sector_b
2158.46111111,1.0031829069358404,0,0.00033,sector_b
2158.4625,1.0035431438229512,0,0.00033,sector_b
2158.46388889,1.0034705003918898,0,0.00033,sector_b
2158.46527778,1.0037088360356232,0,0.00033,sector_b
2158.46666667,1.0035652252370635,0,0.00033,sector_b
2158.46805556,1.0033959712528329,0,0.00033,sector_b
2158.46944444,1.003037963149145,0,0.00033,sector_b
2158.47083333,1.0034177417447014,0,0.00033,sector_b
2158.47222222,1.003997447959593,0,0.00033,sector_b
2158.47361111,1.0036456866566206,0,0.00033,sector_b
2158.475,1.0036301722414174,0,0.00033,sector_b
2158.47638889,1.0040447071506269,0,0.00033,sector_b
2158.47777778,1.0036803678677293,0,0.00033,sector_b
2158.47916667,1.0032646375456167,0,0.00033,sector_b
2158.48055556,1.0037097637044836,0,0.00033,sector_b
2158.48194444,1.0032142667265707,0,0.00033,sector_b
2158.48333333,1.0038495680560728,0,0.00033,sector_b
2158.48472222,1.003189078571724,0,0.00033,sector_b
2158.48611111,1.003313013044142,0,0.00033,sector_b
2158.4875,1.0035509404676253,0,0.00033,sector_b
2158.48888889,1.0030377265428416,0,0.00033,sector_b
2158.49027778,1.0034738579535312,0,0.00033,sector_b
2158.49166667,1.0034762552552066,0,0.00033,sector_b
2158.49305556,1.0031965705093224,0,0.00033,sector_b
2158.49444444,1.003661716967234,0,0.00033,sector_b
2158.49583333,1.0034432587060163,0,0.00033,sector_b
2158.49722222,1.0035294121998013,0,0.00033,sector_b
2158.49861111,1.0034768001615761,0,0.00033,sector_b
2158.5,1.0030306953061314,0,0.00033,sector_b
2158.50138889,1.002840081524239,0,0.00033,sector_b
2158.50277778,1.0031784627013696,0,0.00033,sector_b
2158.50416667,1.0039120505871655,0,0.00033,sector_b
2158.50555556,1.00306597627554,0,0.00033,sector_b
2158.50694444,1.003577650138837,0,0.00033,sector_b
2158.50833333,1.0032845969645003,0,0.00033,sector_b
2158.50972222,1.0031749580726552,0,0.00033,sector_b
2158.51111111,1.003650973663598,0,0.00033,sector_b
2158.5125,1.0029227908526497,0,0.00033,sector_b
2158.51388889,1.0036654531463516,0,0.00033,sector_b
2158.51527778,1.0031941571952308,0,0.00033,sector_b
2158.51666667,1.0033346908219754,0,0.00033,sector_b
2158.51805556,1.0036831596548623,0,0.00033,sector_b
2158.51944444,1.0032623418780384,0,0.00033,sector_b
2158.52083333,1.0040915946884947,0,0.00033,sector_b
2158.52222222,1.0031342775785135,0,0.00033,sector_b
2158.52361111,1.0035730559965925,0,0.00033,sector_b
2158.525,1.0035817743546926,0,0.00033,sector_b
2158.52638889,1.0031292781474956,0,0.00033,sector_b
2158.52777778,1.0032862489415988,0,0.00033,sector_b
2158.52916667,1.002958795422491,0,0.00033,sector_b
2158.53055556,1.0035977710303505,0,0.00033,sector_b
2158.53194444,1.0034479272450045,0,0.00033,sector_b
2158.53333333,1.0028928219715747,0,0.00033,sector_b
2158.53472222,1.0031305159807646,0,0.00033,sector_b
2158.53611111,1.003131362074693,0,0.00033,sector_b
2158.5375,1.0029271588084636,0,0.00033,sector_b
2158.53888889,1.0036929169571098,0,0.00033,sector_b
2158.54027778,1.0035254645746003,0,0.00033,sector_b
2158.54166667,1.0032018269617295,0,0.00033,sector_b
2158.54305556,1.0035170276063272,0,0.00033,sector_b
2158.54444444,1.0028518279227143,0,0.00033,sector_b
2158.54583333,1.0034641138345155,0,0.00033,sector_b
2158.54722222,1.00283986440691,0,0.00033,sector_b
2158.54861111,1.0027707019372931,0,0.00033,sector_b
2158.55,1.0024783590189572,0,0.00033,sector_b
2158.55138889,1.0035613489286448,0,0.00033,sector_b
2158.55277778,1.0032719130351777,0,0.00033,sector_b
2158.55416667,1.0032668548258503,0,0.00033,sector_b
2158.55555556,1.0031586381491095,0,0.00033,sector_b
2158.55694444,1.0025950344111747,0,0.00033,sector_b
2158.55833333,1.0037518811467394,0,0.00033,sector_b
2158.55972222,1.0036946933215798,0,0.00033,sector_b
2158.56111111,1.003205600847258,0,0.00033,sector_b
2158.5625,1.003210314183873,0,0.00033,sector_b
2158.56388889,1.0032706009082732,0,0.00033,sector_b
2158.56527778,1.004034776689259,0,0.00033,sector_b
2158.56666667,1.0031666660946987,0,0.00033,sector_b
2158.56805556,1.0032733658854134,0,0.00033,sector_b
2158.56944444,1.0032211602792076,0,0.00033,sector_b
2158.57083333,1.0032470811900829,0,0.00033,sector_b
2158.57222222,1.0027284511790473,0,0.00033,sector_b
2158.57361111,1.0030529054426276,0,0.00033,sector_b
2158.575,1.002790415471472,0,0.00033,sector_b
2158.57638889,1.0031217878327081,0,0.00033,sector_b
2158.57777778,1.0032758485727724,0,0.00033,sector_b
2158.57916667,1.0030853341982884,0,0.00033,sector_b
2158.58055556,1.0037455211221749,0,0.00033,sector_b
2158.58194444,1.0031881587916027,0,0.00033,sector_b
2158.58333333,1.0029211753031952,0,0.00033,sector_b
2158.58472222,1.0024783853706727,0,0.00033,sector_b
2158.58611111,1.0034120958673427,0,0.00033,sector_b
2158.5875,1.0031029042640747,0,0.00033,sector_b
2158.58888889,1.0027616233422647,0,0.00033,sector_b
2158.59027778,1.0035061797905234,0,0.00033,sector_b
2158.59166667,1.002930115090685,0,0.00033,sector_b
2158.59305556,1.0030022532499772,0,0.00033,sector_b
2158.59444444,1.0036814809786017,0,0.00033,sector_b
2158.59583333,1.0033657166316259,0,0.00033,sector_b
2158.59722222,1.00322000269715,0,0.00033,sector_b
2158.59861111,1.0035924527793976,0,0.00033,sector_b
2158.6,1.0029823740754487,0,0.00033,sector_b
2158.60138889,1.0025230951207424,0,0.00033,sector_b
2158.60277778,1.0025959296591438,0,0.00033,sector_b
2158.60416667,1.0025826784092458,0,0.00033,sector_b
2158.60555556,1.0030603829262768,0,0.00033,sector_b
2158.60694444,1.0033978113260882,0,0.00033,sector_b
2158.60833333,1.003130131558197,0,0.00033,sector_b
2158.60972222,1.0033936780914952,0,0.00033,sector_b
2158.61111111,1.0031283756830491,0,0.00033,sector_b
2158.6125,1.0031294447147274,0,0.00033,sector_b
2158.61388889,1.002993053615515,0,0.00033,sector_b
2158.61527778,1.003384976389288,0,0.00033,sector_b
2158.61666667,1.0030455326394863,0,0.00033,sector_b
2158.61805556,1.0026952971246421,0,0.00033,sector_b
2158.61944444,1.0032896530471844,0,0.00033,sector_b
2158.62083333,1.0030346451214636,0,0.00033,sector_b
2158.62222222,1.0025906161296247,0,0.00033,sector_b
2158.62361111,1.002225476779167,0,0.00033,sector_b
2158.625,1.0031899395224275,0,0.00033,sector_b
2158.62638889,1.0027760285889369,0,0.00033,sector_b
2158.62777778,1.0030791458550399,0,0.00033,sector_b
2158.62916667,1.0030650514112744,0,0.00033,sector_b
2158.63055556,1.0031001712129957,0,0.00033,sector_b
2158.63194444,1.0026642732798323,0,0.00033,sector_b
2158.63333333,1.0032756043797697,0,0.00033,sector_b
2158.63472222,1.0030884032517944,0,0.00033,sector_b
2158.63611111,1.0031934853749114,0,0.00033,sector_b
2158.6375,1.0034041354644856,0,0.00033,sector_b
2158.63888889,1.003196271841181,0,0.00033,sector_b
2158.64027778,1.0029951044700418,0,0.00033,sector_b
2158.64166667,1.0027914473242276,0,0.00033,sector_b
2158.64305556,1.0026061381007212,0,0.00033,sector_b
2158.64444444,1.002878344526025,0,0.00033,sector_b
2158.64583333,1.003099635091204,0,0.00033,sector_b
2158.64722222,1.0026714168886732,0,0.00033,sector_b
2158.64861111,1.003037500140947,0,0.00033,sector_b
2158.65,1.002791890485918,0,0.00033,sector_b
2158.65138889,1.002504904351811,0,0.00033,sector_b
2158.65277778,1.0027376267065897,0,0.00033,sector_b
2158.65416667,1.0029247264898808,0,0.00033,sector_b
2158.65555556,1.0028102558868308,0,0.00033,sector_b
2158.65694444,1.0031390036591668,0,0.00033,sector_b
2158.65833333,1.0023825922457388,0,0.00033,sector_b
2158.65972222,1.003138230568928,0,0.00033,sector_b
2158.66111111,1.003025920009039,0,0.00033,sector_b
2158.6625,1.0031855313031086,0,0.00033,sector_b
2158.66388889,1.003054734139996,0,0.00033,sector_b
2158.66527778,1.003053023442898,0,0.00033,sector_b
2158.66666667,1.0030756920569721,0,0.00033,sector_b
2158.66805556,1.002221137327392,0,0.00033,sector_b
2158.66944444,1.0030107929114473,0,0.00033,sector_b
2158.67083333,1.0030669156577312,0,0.00033,sector_b
2158.67222222,1.002744841108215,0,0.00033,sector_b
2158.67361111,1.0030312304186988,0,0.00033,sector_b
2158.675,1.0034587499825767,0,0.00033,sector_b
2158.67638889,1.0022160598390597,0,0.00033,sector_b
2158.67777778,1.0024939696578972,0,0.00033,sector_b
2158.67916667,1.0030187992731132,0,0.00033,sector_b
2158.68055556,1.0028719408877191,0,0.00033,sector_b
2158.68194444,1.002880128247116,0,0.00033,sector_b
2158.68333333,1.002195671437697,0,0.00033,sector_b
2158.68472222,1.002864052045283,0,0.00033,sector_b
2158.68611111,1.0031608177689584,0,0.00033,sector_b
2158.6875,1.0026274426664838,4096,0.00033,sector_b
2158.68888889,1.0026083257660432,0,0.00033,sector_b
2158.69027778,1.0028541498615515,0,0.00033,sector_b
2158.69166667,1.0025755765386337,0,0.00033,sector_b
2158.69305556,1.002994624468807,0,0.00033,sector_b
2158.69444444,1.0025042591535736,0,0.00033,sector_b
2158.69583333,1.002307199187562,0,0.00033,sector_b
2158.69722222,1.0027914654139565,0,0.00033,sector_b
2158.69861111,1.0027655092838994,0,0.00033,sector_b
2158.7,1.0028298038448518,0,0.00033,sector_b
2158.70138889,1.0024889283146714,0,0.00033,sector_b
2158.70277778,1.0028738265210262,0,0.00033,sector_b
2158.70416667,1.0029531274288932,0,0.00033,sector_b
2158.70555556,1.0029125341630019,0,0.00033,sector_b
2158.70694444,1.0028451962894385,0,0.00033,sector_b
2158.70833333,1.0028301336977261,0,0.00033,sector_b
2158.70972222,1.002843642708503,0,0.00033,sector_b
2158.71111111,1.0026648219461725,0,0.00033,sector_b
2158.7125,1.0034937870918663,0,0.00033,sector_b
2158.71388889,1.002499195114059,0,0.00033,sector_b
2158.71527778,1.0027000393351593,0,0.00033,sector_b
2158.71666667,1.0028817295790082,0,0.00033,sector_b
2158.71805556,1.0022689943949257,0,0.00033,sector_b
2158.71944444,1.0029844105604302,0,0.00033,sector_b
2158.72083333,1.0025411992400626,0,0.00033,sector_b
2158.72222222,1.0026175062926537,0,0.00033,sector_b
2158.72361111,1.003130973634615,0,0.00033,sector_b
2158.725,1.003162633428741,0,0.00033,sector_b
2158.72638889,1.0022363670380745,0,0.00033,sector_b
2158.72777778,1.002791992370437,0,0.00033,sector_b
2158.72916667,1.002939731326887,0,0.00033,sector_b
2158.73055556,1.0032018186129639,0,0.00033,sector_b
2158.73194444,1.0028383850086908,0,0.00033,sector_b
2158.73333333,1.0023951823951627,0,0.00033,sector_b
2158.73472222,1.003298112891812,0,0.00033,sector_b
2158.73611111,1.0027567879724695,0,0.00033,sector_b
2158.7375,1.0026114613391484,0,0.00033,sector_b
2158.73888889,1.0023421370229129,0,0.00033,sector_b
2158.74027778,1.0027172600026024,2048,0.00033,sector_b
2158.74166667,1.0026338665227195,0,0.00033,sector_b
2158.74305556,1.0019729882293669,0,0.00033,sector_b
2158.74444444,1.0021129564625473,0,0.00033,sector_b
2158.74583333,1.0023810043713275,0,0.00033,sector_b
2158.74722222,1.0026248291160929,0,0.00033,sector_b
2158.74861111,1.0026701192151382,0,0.00033,sector_b
2158.75,1.0022703058171218,0,0.00033,sector_b
2158.75138889,1.0027136899350482,0,0.00033,sector_b
2158.75277778,1.002864545721941,2048,0.00033,sector_b
2158.75416667,1.0031686627845091,0,0.00033,sector_b
2158.75555556,1.0021159584630612,0,0.00033,sector_b
2158.75694444,0.9981106209560825,0,0.00033,sector_b
2158.75833333,0.9975264959162558,0,0.00033,sector_b
2158.75972222,0.9977446495841359,0,0.00033,sector_b
2158.76111111,0.9977012052613027,0,0.00033,sector_b
2158.7625,0.997946130170981,0,0.00033,sector_b
2158.76388889,0.998399898959335,0,0.00033,sector_b
2158.76527778,0.997837849276802,0,0.00033,sector_b
2158.76666667,0.9977084348771165,0,0.00033,sector_b
2158.76805556,0.9983164766160315,0,0.00033,sector_b
2158.76944444,0.9981189269470305,0,0.00033,sector_b
2158.77083333,0.9981072409811901,0,0.00033,sector_b
2158.77222222,0.9978603772672017,0,0.00033,sector_b
2158.77361111,0.9980729147835735,0,0.00033,sector_b
2158.775,0.997268760226096,0,0.00033,sector_b
2158.77638889,0.9977824611661987,0,0.00033,sector_b
2158.77777778,0.9977638874007777,0,0.00033,sector_b
2158.77916667,0.9976785620779324,0,0.00033,sector_b
2158.78055556,0.9982156659466408,0,0.00033,sector_b
2158.78194444,0.9976929478587684,0,0.00033,sector_b
2158.78333333,0.9979812267118305,0,0.00033,sector_b
2158.78472222,0.9978372099721885,0,0.00033,sector_b
2158.78611111,0.9980570369558437,0,0.00033,sector_b
2158.7875,0.9981056452074748,0,0.00033,sector_b
2158.78888889,0.9981543566280529,0,0.00033,sector_b
2158.79027778,0.9976903259351277,0,0.00033,sector_b
2158.79166667,0.9980992878493913,0,0.00033,sector_b
2158.79305556,0.9979497929365942,0,0.00033,sector_b
2158.79444444,0.998523798328675,0,0.00033,sector_b
2158.79583333,0.9979239851856837,0,0.00033,sector_b
2158.79722222,0.9978568105993053,0,0.00033,sector_b
2158.79861111,0.997691797149412,0,0.00033,sector_b
2158.8,0.9975317058821773,0,0.00033,sector_b
2158.80138889,0.9975782137316547,0,0.00033,sector_b
2158.80277778,0.9980850857748749,0,0.00033,sector_b
2158.80416667,0.9971815645640218,0,0.00033,sector_b
2158.80555556,0.997925211070037,0,0.00033,sector_b
2158.80694444,0.9978296054463289,0,0.00033,sector_b
2158.80833333,0.9978496401028013,0,0.00033,sector_b
2158.80972222,0.998020305534316,0,0.00033,sector_b
2158.81111111,0.997926958370792,0,0.00033,sector_b
2158.8125,0.9976758827153603,0,0.00033,sector_b
2158.81388889,0.9982263101606446,0,0.00033,sector_b
2158.81527778,0.9976360805299032,0,0.00033,sector_b
2158.81666667,0.9981379982056966,0,0.00033,sector_b
2158.81805556,0.9973376586856185,0,0.00033,sector_b
2158.81944444,0.9976193225544188,0,0.00033,sector_b
2158.82083333,0.9982333199825989,0,0.00033,sector_b
2158.82222222,0.9979730611961853,0,0.00033,sector_b
2158.82361111,0.9975147682077248,0,0.00033,sector_b
2158.825,0.9976677067497445,0,0.00033,sector_b
2158.82638889,0.9973596944792908,0,0.00033,sector_b
2158.82777778,0.9979022931278728,0,0.00033,sector_b
2158.82916667,0.9975835995565624,0,0.00033,sector_b
2158.83055556,0.9979460846054551,0,0.00033,sector_b
2158.83194444,0.9980796249009748,0,0.00033,sector_b
2158.83333333,0.9975301485137172,0,0.00033,sector_b
2158.83472222,0.9979713615095742,0,0.00033,sector_b
2158.83611111,0.99739531920127,0,0.00033,sector_b
2158.8375,0.9983637635110896,0,0.00033,sector_b
2158.83888889,0.9980490690987264,0,0.00033,sector_b
2158.84027778,0.99760774255942,0,0.00033,sector_b
2158.84166667,0.9977767730833674,0,0.00033,sector_b
2158.84305556,0.9972191036371006,0,0.00033,sector_b
2158.84444444,0.997992504736086,0,0.00033,sector_b
2158.84583333,0.9978321055836786,0,0.00033,sector_b
2158.84722222,0.9977845708972383,0,0.00033,sector_b
2158.84861111,0.9978471334575798,0,0.00033,sector_b
2158.85,0.9975456750466126,0,0.00033,sector_b
2158.85138889,0.9978229271454264,0,0.00033,sector_b
2158.85277778,0.9975470350099552,0,0.00033,sector_b
2158.85416667,0.9978426326598715,0,0.00033,sector_b
2158.85555556,0.9975080863837805,0,0.00033,sector_b
2158.85694444,0.9978334313502706,0,0.00033,sector_b
2158.85833333,0.9980025647885269,0,0.00033,sector_b
2158.85972222,0.9971578605615334,0,0.00033,sector_b
2158.86111111,0.99746724563532,0,0.00033,sector_b
2158.8625,0.9978816299580054,0,0.00033,sector_b
2158.86388889,0.9976086328504822,0,0.00033,sector_b
2158.86527778,0.9977991027544652,0,0.00033,sector_b
2158.86666667,0.9974991358746108,0,0.00033,sector_b
2158.86805556,0.9980155720368481,0,0.00033,sector_b
2158.86944444,0.9980149614288207,0,0.00033,sector_b
2158.87083333,0.9972054473999937,0,0.00033,sector_b
2158.87222222,0.9972241227788164,0,0.00033,sector_b
2158.87361111,0.998038035115675,0,0.00033,sector_b
2158.875,0.9977473318939306,0,0.00033,sector_b
2158.87638889,0.9974318055879264,0,0.00033,sector_b
2158.87777778,0.9979224715556032,0,0.00033,sector_b
2158.87916667,0.9983415239217132,0,0.00033,sector_b
2158.88055556,0.9974184522216512,0,0.00033,sector_b
2158.88194444,0.9975478874385741,0,0.00033,sector_b
2158.88333333,0.997262136833546,0,0.00033,sector_b
2158.88472222,0.9971922545373102,0,0.00033,sector_b
2158.88611111,0.997751102340462,0,0.00033,sector_b
2158.8875,0.9975752169872575,0,0.00033,sector_b
2158.88888889,0.99790345638146,0,0.00033,sector_b
2158.89027778,0.9974941395217561,0,0.00033,sector_b
2158.89166667,0.9974727204707436,0,0.00033,sector_b
2158.89305556,0.997309210464617,0,0.00033,sector_b
2158.89444444,0.9976889091054644,0,0.00033,sector_b
2158.89583333,0.997370607939411,0,0.00033,sector_b
2158.89722222,0.9975374883621928,0,0.00033,sector_b
2158.89861111,0.9979032479665138,0,0.00033,sector_b
2158.9,0.9980389829089458,0,0.00033,sector_b
2158.90138889,0.9972809596441318,0,0.00033,sector_b
2158.90277778,0.997448035170354,0,0.00033,sector_b
2158.90416667,0.9974555698791988,0,0.00033,sector_b
2158.90555556,0.9972765526792379,0,0.00033,sector_b
2158.90694444,0.9967836961924662,0,0.00033,sector_b
2158.90833333,0.9976753693847212,0,0.00033,sector_b
2158.90972222,0.9980653764072763,0,0.00033,sector_b
2158.91111111,0.9974990225769002,0,0.00033,sector_b
2158.9125,0.9975358618241569,0,0.00033,sector_b
2158.91388889,0.9975842435184387,0,0.00033,sector_b
2158.91527778,0.997115894750186,0,0.00033,sector_b
2158.91666667,0.9970195185338854,0,0.00033,sector_b
2158.91805556,0.9971031157216733,0,0.00033,sector_b
2158.91944444,0.997318837183554,0,0.00033,sector_b
2158.92083333,0.9971692722750899,0,0.00033,sector_b
2158.92222222,0.9969552137844123,0,0.00033,sector_b
2158.92361111,0.9976119934240273,0,0.00033,sector_b
2158.925,0.9972215898963807,0,0.00033,sector_b
2158.92638889,0.9971141025022858,0,0.00033,sector_b
2158.92777778,0.9974879015398456,0,0.00033,sector_b
2158.92916667,0.9976008397794464,0,0.00033,sector_b
2158.93055556,0.9973794072624014,0,0.00033,sector_b
2158.93194444,1.001826133429048,0,0.00033,sector_b
2158.93333333,1.002024739131061,0,0.00033,sector_b
2158.93472222,1.0020269111787583,0,0.00033,sector_b
2158.93611111,1.001904960695217,4096,0.00033,sector_b
2158.9375,1.0016513745437665,0,0.00033,sector_b
2158.93888889,1.002046297259104,0,0.00033,sector_b
2158.94027778,1.0018484199917774,0,0.00033,sector_b
2158.94166667,1.0018258167080314,0,0.00033,sector_b
2158.94305556,1.0016787952531658,0,0.00033,sector_b
2158.94444444,1.0019271067557651,0,0.00033,sector_b
2158.94583333,1.0021825275523935,0,0.00033,sector_b
2158.94722222,1.0022747621592463,0,0.00033,sector_b
2158.94861111,1.0019612444913362,0,0.00033,sector_b
2158.95,1.0021104504389604,0,0.00033,sector_b
2158.95138889,1.0017107768347475,0,0.00033,sector_b
2158.95277778,1.0014660235494552,0,0.00033,sector_b
2158.95416667,1.0024660142691848,0,0.00033,sector_b
2158.95555556,1.0019934864324194,0,0.00033,sector_b
2158.95694444,1.002199375095068,0,0.00033,sector_b
2158.95833333,1.0018629830058172,0,0.00033,sector_b
2158.95972222,1.0017764387725945,0,0.00033,sector_b
2158.96111111,1.0016322060646796,0,0.00033,sector_b
2158.9625,1.002064838201533,0,0.00033,sector_b
2158.96388889,1.001754577114692,0,0.00033,sector_b
2158.96527778,1.0017433767351578,0,0.00033,sector_b
2158.96666667,1.001811651680222,0,0.00033,sector_b
2158.96805556,1.0021312353885516,0,0.00033,sector_b
2158.96944444,1.0012151833193654,0,0.00033,sector_b
2158.97083333,1.0021250312521144,0,0.00033,sector_b
2158.97222222,1.0016709030405697,0,0.00033,sector_b
2158.97361111,1.001600363914356,0,0.00033,sector_b
2158.975,1.0019187345611356,0,0.00033,sector_b
2158.97638889,1.0012290358232045,0,0.00033,sector_b
2158.97777778,1.0016417361428898,0,0.00033,sector_b
2158.97916667,1.001440562642644,0,0.00033,sector_b
2158.98055556,1.0017722996792242,0,0.00033,sector_b
2158.98194444,1.0016969532224658,0,0.00033,sector_b
2158.98333333,1.0016355296883694,0,0.00033,sector_b
2158.98472222,1.0014808101859447,0,0.00033,sector_b
2158.98611111,1.0019040259761398,0,0.00033,sector_b
2158.9875,1.0018251995281324,0,0.00033,sector_b
2158.98888889,1.0009484178108283,0,0.00033,sector_b
2158.99027778,1.0017975460795334,0,0.00033,sector_b
2158.99166667,1.001825337929897,0,0.00033,sector_b
2158.99305556,1.0017647405328642,0,0.00033,sector_b
2158.99444444,1.0012447305719419,0,0.00033,sector_b
2158.99583333,1.0015281216770309,0,0.00033,sector_b
2158.99722222,1.0014111817806641,0,0.00033,sector_b
2158.99861111,1.0020604005529559,0,0.00033,sector_b
2159.0,1.0021286790662773,0,0.00033,sector_b
2159.00138889,1.0015726405551553,0,0.00033,sector_b
2159.00277778,1.0014776031238988,0,0.00033,sector_b
2159.00416667,1.0018278383268506,0,0.00033,sector_b
2159.00555556,1.0014065102241343,0,0.00033,sector_b
2159.00694444,1.0020914279268711,0,0.00033,sector_b
2159.00833333,1.0020655268316476,0,0.00033,sector_b
2159.00972222,1.0020226812420374,0,0.00033,sector_b
2159.01111111,1.0012058307974958,0,0.00033,sector_b
2159.0125,1.001455838347703,0,0.00033,sector_b
2159.01388889,1.001028648431084,0,0.00033,sector_b
2159.01527778,1.002228561188148,0,0.00033,sector_b
2159.01666667,1.0014091041166178,0,0.00033,sector_b
2159.01805556,1.0016878388137993,0,0.00033,sector_b
2159.01944444,1.0017910828880903,0,0.00033,sector_b
2159.02083333,1.0014896107994526,0,0.00033,sector_b
2159.02222222,1.0015266636073101,0,0.00033,sector_b
2159.02361111,1.0014654665921372,0,0.00033,sector_b
2159.025,1.0015818272262964,4096,0.00033,sector_b
2159.02638889,1.0012971125764267,0,0.00033,sector_b
2159.02777778,1.0018995360665577,0,0.00033,sector_b
2159.02916667,1.0014051891434608,0,0.00033,sector_b
2159.03055556,1.0014265870389882,0,0.00033,sector_b
2159.03194444,1.0018276084158346,0,0.00033,sector_b
2159.03333333,1.0019657840401823,0,0.00033,sector_b
2159.03472222,1.0012066336123604,0,0.00033,sector_b
2159.03611111,1.0015379149660892,0,0.00033,sector_b
2159.0375,1.0019881208047074,0,0.00033,sector_b
2159.03888889,1.0012709366800088,0,0.00033,sector_b
2159.04027778,1.0011916952666846,0,0.00033,sector_b
2159.04166667,1.0021306517747866,0,0.00033,sector_b
2159.04305556,1.002261879582482,0,0.00033,sector_b
2159.04444444,1.0016796810653905,0,0.00033,sector_b
2159.04583333,1.001677983319165,0,0.00033,sector_b
2159.04722222,1.0013200542103537,0,0.00033,sector_b
2159.04861111,1.001342149338853,0,0.00033,sector_b
2159.05,1.0014986799697538,0,0.00033,sector_b
2159.05138889,1.0016716333582985,0,0.00033,sector_b
2159.05277778,1.0012279768630186,0,0.00033,sector_b
2159.05416667,1.001620128795485,0,0.00033,sector_b
2159.05555556,1.0014711425008076,0,0.00033,sector_b
2159.05694444,1.0013600521391386,2048,0.00033,sector_b
2159.05833333,1.0019212771125905,0,0.00033,sector_b
2159.05972222,1.0015264186964108,0,0.00033,sector_b
2159.06111111,1.0016440528118047,0,0.00033,sector_b
2159.0625,1.0014822840391167,0,0.00033,sector_b
2159.06388889,1.001358711397633,0,0.00033,sector_b
2159.06527778,1.0013131449640311,0,0.00033,sector_b
2159.06666667,1.0019693894112753,0,0.00033,sector_b
2159.06805556,1.001915170046952,0,0.00033,sector_b
2159.06944444,1.0015517602608661,0,0.00033,sector_b
2159.07083333,1.001572435532343,0,0.00033,sector_b
2159.07222222,1.0012616807765327,0,0.00033,sector_b
2159.07361111,1.0016207822372583,0,0.00033,sector_b
2159.075,1.0017234587982244,2048,0.00033,sector_b
2159.07638889,1.001974741609617,0,0.00033,sector_b
2159.07777778,1.001504434861085,0,0.00033,sector_b
2159.07916667,1.0014844063554011,0,0.00033,sector_b
2159.08055556,1.002303816271503,0,0.00033,sector_b
2159.08194444,1.0014547145215251,0,0.00033,sector_b
2159.08333333,1.001300120747479,0,0.00033,sector_b
2159.08472222,1.0017430204269397,0,0.00033,sector_b
2159.08611111,1.0012679261516098,0,0.00033,sector_b
2159.0875,1.0012129517823858,0,0.00033,sector_b
2159.08888889,1.0012968942862446,0,0.00033,sector_b
2159.09027778,1.0014272096989145,0,0.00033,sector_b
2159.09166667,1.0012980059654395,0,0.00033,sector_b
2159.09305556,1.0013945724001718,0,0.00033,sector_b
2159.09444444,1.0015696504051337,0,0.00033,sector_b
2159.09583333,1.0013746546622826,0,0.00033,sector_b
2159.09722222,1.0017545669932901,0,0.00033,sector_b
2159.09861111,1.0013872639194201,0,0.00033,sector_b
2159.1,1.0014949161727404,0,0.00033,sector_b
2159.10138889,1.001621945422604,0,0.00033,sector_b
2159.10277778,1.001632536677946,0,0.00033,sector_b
2159.10416667,1.0013869634072197,0,0.00033,sector_b
2159.10555556,1.001444100603456,0,0.00033,sector_b
2159.10694444,1.0009397697905162,0,0.00033,sector_b
2159.10833333,1.0017001556205867,0,0.00033,sector_b
2159.10972222,1.0011218428336632,0,0.00033,sector_b
2159.11111111,1.0014784708701923,0,0.00033,sector_b
2159.1125,1.0012233361006067,0,0.00033,sector_b
2159.11388889,1.0012193705336994,0,0.00033,sector_b
2159.11527778,1.0014095190498138,0,0.00033,sector_b
2159.11666667,1.0013406384611783,0,0.00033,sector_b
2159.11805556,1.0014737258870465,0,0.00033,sector_b
2159.11944444,1.0013090614148892,0,0.00033,sector_b
2159.12083333,1.0010236255202032,0,0.00033,sector_b
2159.12222222,1.0009837582911982,0,0.00033,sector_b
2159.12361111,1.0007747420077673,0,0.00033,sector_b
2159.125,1.0011811462823588,0,0.00033,sector_b
2159.12638889,1.001288355881671,0,0.00033,sector_b
2159.12777778,1.0013215583940172,0,0.00033,sector_b
2159.12916667,1.0011714511738834,0,0.00033,sector_b
2159.13055556,1.0013895128301273,0,0.00033,sector_b
2159.13194444,1.0013754611145251,0,0.00033,sector_b
2159.13333333,1.00199027573493,0,0.00033,sector_b
2159.13472222,1.0013744308262194,0,0.00033,sector_b
2159.13611111,1.0010973769187075,0,0.00033,sector_b
2159.1375,1.0011151930077262,0,0.00033,sector_b
2159.13888889,1.0011404020462955,0,0.00033,sector_b
2159.14027778,1.0015217175074143,0,0.00033,sector_b
2159.14166667,1.0014004211091545,0,0.00033,sector_b
2159.14305556,1.001330707899455,0,0.00033,sector_b
2159.14444444,1.0012172295964117,0,0.00033,sector_b
2159.14583333,1.001251281599103,0,0.00033,sector_b
2159.14722222,1.001153613034063,0,0.00033,sector_b
2159.14861111,1.0008685111795594,0,0.00033,sector_b
2159.15,1.001011337917159,0,0.00033,sector_b
2159.15138889,1.0013396551870029,0,0.00033,sector_b
2159.15277778,1.001655297358244,0,0.00033,sector_b
2159.15416667,1.001279265614902,0,0.00033,sector_b
2159.15555556,1.0010090338370061,0,0.00033,sector_b
2159.15694444,1.0012092652976432,0,0.00033,sector_b
2159.15833333,1.0007951703254525,0,0.00033,sector_b
2159.15972222,1.0009678144133154,0,0.00033,sector_b
2159.16111111,1.000797692142029,0,0.00033,sector_b
2159.1625,1.0011703190928916,0,0.00033,sector_b
2159.16388889,1.001332484547711,0,0.00033,sector_b
2159.16527778,1.001393735460067,0,0.00033,sector_b
2159.16666667,1.000946435209036,0,0.00033,sector_b
2159.16805556,1.0005791037994611,0,0.00033,sector_b
2159.16944444,1.0012114890381185,0,0.00033,sector_b
2159.17083333,1.0010644969032876,0,0.00033,sector_b
2159.17222222,1.0013651893767856,0,0.00033,sector_b
2159.17361111,1.0011987693333708,0,0.00033,sector_b
2159.175,1.0014240121468314,0,0.00033,sector_b
2159.17638889,1.001209226895521,0,0.00033,sector_b
2159.17777778,1.0010591609492652,0,0.00033,sector_b
2159.17916667,1.0016589045675113,0,0.00033,sector_b
2159.18055556,1.0009748836168202,0,0.00033,sector_b
2159.18194444,1.0008854751123797,0,0.00033,sector_b
2159.18333333,1.0010611588309208,0,0.00033,sector_b
2159.18472222,1.0016189224130474,0,0.00033,sector_b
2159.18611111,1.001283298336327,0,0.00033,sector_b
2159.1875,1.0011893454783054,0,0.00033,sector_b
2159.18888889,1.0009629162430473,0,0.00033,sector_b
2159.19027778,1.0008991005305612,0,0.00033,sector_b
2159.19166667,1.001372783643593,0,0.00033,sector_b
2159.19305556,1.000915426441957,0,0.00033,sector_b
2159.19444444,1.0015315349460039,0,0.00033,sector_b
2159.19583333,1.0007631461487383,0,0.00033,sector_b
2159.19722222,1.001239983380506,0,0.00033,sector_b
2159.19861111,1.0018515310220042,0,0.00033,sector_b
2159.2,1.0015458997698496,0,0.00033,sector_b
2159.20138889,1.00096386137004,0,0.00033,sector_b
2159.20277778,1.0015528130381077,0,0.00033,sector_b
2159.20416667,1.0008813129773955,0,0.00033,sector_b
2159.20555556,1.0010355467514607,0,0.00033,sector_b
2159.20694444,1.0014941239543356,0,0.00033,sector_b
2159.20833333,1.0015028326103566,0,0.00033,sector_b
2159.20972222,1.0010958001335302,0,0.00033,sector_b
2159.21111111,1.0013283517733995,0,0.00033,sector_b
2159.2125,1.0011916226834738,0,0.00033,sector_b
2159.21388889,1.0006263932539226,0,0.00033,sector_b
2159.21527778,1.0012648221995253,0,0.00033,sector_b
2159.21666667,1.0010295749474476,0,0.00033,sector_b
2159.21805556,1.000795979273241,0,0.00033,sector_b
2159.21944444,1.0011862635678113,0,0.00033,sector_b
2159.22083333,1.0010166345330551,0,0.00033,sector_b
2159.22222222,1.0008450399668631,0,0.00033,sector_b
2159.22361111,1.00108395949212,0,0.00033,sector_b
2159.225,1.0006648848642758,0,0.00033,sector_b
2159.22638889,1.0011682684582395,0,0.00033,sector_b
2159.22777778,1.0014985825095817,0,0.00033,sector_b
2159.22916667,1.0011670622933304,0,0.00033,sector_b
2159.23055556,1.0008251497673408,0,0.00033,sector_b
2159.23194444,1.000931045768093,0,0.00033,sector_b
2159.23333333,1.0009536270779047,2048,0.00033,sector_b
2159.23472222,1.000659126655955,0,0.00033,sector_b
2159.23611111,1.0011160386255988,0,0.00033,sector_b
2159.2375,1.0009882576065798,0,0.00033,sector_b
2159.23888889,1.0008722197336783,0,0.00033,sector_b
2159.24027778,1.000655607384799,0,0.00033,sector_b
2159.24166667,1.0008221458582671,0,0.00033,sector_b
2159.24305556,1.0002147820742369,0,0.00033,sector_b
2159.24444444,1.0006406663504461,0,0.00033,sector_b
2159.24583333,1.00157757452412,0,0.00033,sector_b
2159.24722222,1.001697826907837,0,0.00033,sector_b
2159.24861111,1.0011263806685866,0,0.00033,sector_b
2159.25,1.0011481851605004,0,0.00033,sector_b
2159.25138889,1.0013137014550508,0,0.00033,sector_b
2159.25277778,1.0012600816721324,0,0.00033,sector_b
2159.25416667,1.0009743078636621,0,0.00033,sector_b
2159.25555556,1.0008524405286632,0,0.00033,sector_b
2159.25694444,1.0005491475220223,0,0.00033,sector_b
2159.25833333,1.0010509236128955,0,0.00033,sector_b
2159.25972222,1.001346131512452,0,0.00033,sector_b
2159.26111111,1.0009445935299,0,0.00033,sector_b
2159.2625,1.000693858372625,0,0.00033,sector_b
2159.26388889,1.0010098373719005,0,0.00033,sector_b
2159.26527778,1.0009145355669022,0,0.00033,sector_b
2159.26666667,1.000698412543272,0,0.00033,sector_b
2159.26805556,1.0008476806594193,0,0.00033,sector_b
2159.26944444,1.0012818111122488,0,0.00033,sector_b
2159.27083333,1.0007449846018983,0,0.00033,sector_b
2159.27222222,1.0010074139034937,0,0.00033,sector_b
2159.27361111,1.0010192685405928,0,0.00033,sector_b
2159.275,1.001005364428817,0,0.00033,sector_b
2159.27638889,1.0009569733515105,0,0.00033,sector_b
2159.27777778,1.0009231007811406,0,0.00033,sector_b
2159.27916667,1.0007351531579622,0,0.00033,sector_b
2159.28055556,1.0006032245132543,0,0.00033,sector_b
2159.28194444,1.0008096522764116,0,0.00033,sector_b
2159.28333333,1.0007724879745692,0,0.00033,sector_b
2159.28472222,1.0007388226659206,0,0.00033,sector_b
2159.28611111,1.0010616405586712,0,0.00033,sector_b
2159.2875,1.0011599486438576,0,0.00033,sector_b
2159.28888889,1.0004560628212082,0,0.00033,sector_b
2159.29027778,1.0008374674901064,0,0.00033,sector_b
2159.29166667,1.0012439620238698,0,0.00033,sector_b
2159.29305556,1.0003593367705088,0,0.00033,sector_b
2159.29444444,1.0010316878477832,0,0.00033,sector_b
2159.29583333,1.000729234823126,0,0.00033,sector_b
2159.29722222,1.0001670754570677,0,0.00033,sector_b
2159.29861111,1.0012971203695262,0,0.00033,sector_b
2159.3,1.000462272693113,0,0.00033,sector_b
2159.30138889,1.0013300913693028,0,0.00033,sector_b
2159.30277778,1.0004527009134663,0,0.00033,sector_b
2159.30416667,1.000696580897925,0,0.00033,sector_b
2159.30555556,1.0009406101414595,0,0.00033,sector_b
2159.30694444,1.0011401557785273,0,0.00033,sector_b
2159.30833333,1.0007994739957138,0,0.00033,sector_b
2159.30972222,1.0007709482948408,0,0.00033,sector_b
2159.31111111,1.000724252434633,0,0.00033,sector_b
2159.3125,1.000979833855775,0,0.00033,sector_b
2159.31388889,1.0010514611289787,0,0.00033,sector_b
2159.31527778,1.0011119084183357,0,0.00033,sector_b
2159.31666667,1.000990024146815,0,0.00033,sector_b
2159.31805556,1.0006188759774857,0,0.00033,sector_b
2159.31944444,1.0008979408621654,0,0.00033,sector_b
2159.32083333,1.000807020256519,0,0.00033,sector_b
2159.32222222,1.000683495072458,0,0.00033,sector_b
2159.32361111,1.000605485181938,0,0.00033,sector_b
2159.325,1.0007711354842468,0,0.00033,sector_b
2159.32638889,1.0006515416099273,0,0.00033,sector_b
2159.32777778,1.0013931350959553,0,0.00033,sector_b
2159.32916667,1.0003298923289268,0,0.00033,sector_b
2159.33055556,1.0013150515543694,0,0.00033,sector_b
2159.33194444,1.0008875249541158,0,0.00033,sector_b
2159.33333333,1.0006375762738686,0,0.00033,sector_b
2159.33472222,1.0007113518376423,0,0.00033,sector_b
2159.33611111,1.0004129238042132,0,0.00033,sector_b
2159.3375,1.0008227303790527,0,0.00033,sector_b
2159.33888889,1.0008410512969819,0,0.00033,sector_b
2159.34027778,1.0007430588458308,0,0.00033,sector_b
2159.34166667,1.0004283528302504,0,0.00033,sector_b
2159.34305556,1.0007466067017259,0,0.00033,sector_b
2159.34444444,1.0003528915912558,0,0.00033,sector_b
2159.34583333,1.000653269081525,0,0.00033,sector_b
2159.34722222,1.0009324885708308,0,0.00033,sector_b
2159.34861111,1.0005288850587288,4096,0.00033,sector_b
2159.35,1.0007982073126145,0,0.00033,sector_b
2159.35138889,1.001320409265402,0,0.00033,sector_b
2159.35277778,1.0005624329630054,0,0.00033,sector_b
2159.35416667,1.000306813594479,0,0.00033,sector_b
2159.35555556,1.0004844226255762,0,0.00033,sector_b
2159.35694444,1.0003545644134277,0,0.00033,sector_b
2159.35833333,1.001127888728783,0,0.00033,sector_b
2159.35972222,1.0006459571043897,0,0.00033,sector_b
2159.36111111,1.0008015397234342,0,0.00033,sector_b
2159.3625,1.0004828549475473,0,0.00033,sector_b
2159.36388889,1.0006795303490652,0,0.00033,sector_b
2159.36527778,1.0005567731976974,0,0.00033,sector_b
2159.36666667,1.0004276591525467,0,0.00033,sector_b
2159.36805556,1.0011172959970782,0,0.00033,sector_b
2159.36944444,1.0007067504048313,0,0.00033,sector_b
2159.37083333,1.0003352091089452,0,0.00033,sector_b
2159.37222222,1.0008391200711275,0,0.00033,sector_b
2159.37361111,1.000827233297104,0,0.00033,sector_b
2159.375,1.0003371797806537,0,0.00033,sector_b
2159.37638889,1.0004804516968582,0,0.00033,sector_b
2159.37777778,1.0008860741549999,0,0.00033,sector_b
2159.37916667,1.0003714799645473,0,0.00033,sector_b
2159.38055556,1.000624838552249,0,0.00033,sector_b
2159.38194444,1.0005998007559762,0,0.00033,sector_b
2159.38333333,1.0005520429013461,0,0.00033,sector_b
2159.38472222,1.0002947121508232,0,0.00033,sector_b
2159.38611111,1.0005571651519285,0,0.00033,sector_b
2159.3875,1.000557128847493,0,0.00033,sector_b
2159.38888889,1.0002492753687768,0,0.00033,sector_b
2159.39027778,1.0010685628026708,0,0.00033,sector_b
2159.39166667,1.0001242434864928,0,0.00033,sector_b
2159.39305556,1.0004144630212413,0,0.00033,sector_b
2159.39444444,1.0003095499535228,0,0.00033,sector_b
2159.39583333,1.0006570416935383,0,0.00033,sector_b
2159.39722222,1.0007958571334021,0,0.00033,sector_b
2159.39861111,0.9999100819214982,0,0.00033,sector_b
2159.4,1.0002989182828153,0,0.00033,sector_b
2159.40138889,1.0005717838323267,0,0.00033,sector_b
2159.40277778,1.000511116528862,0,0.00033,sector_b
2159.40416667,1.0008960665007298,0,0.00033,sector_b
2159.40555556,1.0005459525994336,0,0.00033,sector_b
2159.40694444,1.0001220626155207,0,0.00033,sector_b
2159.40833333,1.0004256347187641,0,0.00033,sector_b
2159.40972222,1.00036063192304,0,0.00033,sector_b
2159.41111111,1.000375652096453,0,0.00033,sector_b
2159.4125,1.00058933069178,0,0.00033,sector_b
2159.41388889,1.000176668380449,0,0.00033,sector_b
2159.41527778,1.0004267602510701,0,0.00033,sector_b
2159.41666667,1.0001280818945972,0,0.00033,sector_b
2159.41805556,1.0006814644982147,0,0.00033,sector_b
2159.41944444,0.9999675114713772,0,0.00033,sector_b
2159.42083333,1.00023816936154,0,0.00033,sector_b
2159.42222222,1.0005372791729266,0,0.00033,sector_b
2159.42361111,1.0001362483772405,0,0.00033,sector_b
2159.425,1.0007009376303224,0,0.00033,sector_b
2159.42638889,1.000483489030036,0,0.00033,sector_b
2159.42777778,1.0003140233330332,0,0.00033,sector_b
2159.42916667,1.000223728437869,0,0.00033,sector_b
2159.43055556,1.000321372230253,0,0.00033,sector_b
2159.43194444,1.0006794463427422,0,0.00033,sector_b
2159.43333333,1.0005536409046398,0,0.00033,sector_b
2159.43472222,1.0006624497923668,0,0.00033,sector_b
2159.43611111,1.0002542709783164,0,0.00033,sector_b
2159.4375,1.000322174256873,0,0.00033,sector_b
2159.43888889,1.0004928060438665,0,0.00033,sector_b
2159.44027778,1.0006035891245322,0,0.00033,sector_b
2159.44166667,1.0004857793960784,0,0.00033,sector_b
2159.44305556,1.000004550929274,0,0.00033,sector_b
2159.44444444,1.0002439449858298,0,0.00033,sector_b
2159.44583333,1.0006989621202027,0,0.00033,sector_b
2159.44722222,1.0001990805875516,0,0.00033,sector_b
2159.44861111,1.0004068263494337,0,0.00033,sector_b
2159.45,1.000286076880396,0,0.00033,sector_b
2159.45138889,1.0008364165746528,0,0.00033,sector_b
2159.45277778,1.000522777758171,0,0.00033,sector_b
2159.45416667,1.0005407665724464,0,0.00033,sector_b
2159.45555556,1.0008215319712552,0,0.00033,sector_b
2159.45694444,1.0001901423042867,0,0.00033,sector_b
2159.45833333,1.0002583674017451,0,0.00033,sector_b
2159.45972222,1.0008125392718108,0,0.00033,sector_b
2159.46111111,1.0000354806535776,0,0.00033,sector_b
2159.4625,1.0004996798592318,0,0.00033,sector_b
2159.46388889,0.9999270869512483,0,0.00033,sector_b
2159.46527778,1.0005812435964616,0,0.00033,sector_b
2159.46666667,1.000231092959015,0,0.00033,sector_b
2159.46805556,1.0005686134487466,0,0.00033,sector_b
2159.46944444,1.001183998113545,0,0.00033,sector_b
2159.47083333,1.0006016382862346,0,0.00033,sector_b
2159.47222222,1.0007214416789965,0,0.00033,sector_b
2159.47361111,1.0005706814487083,0,0.00033,sector_b
2159.475,1.0004365432138818,4096,0.00033,sector_b
2159.47638889,1.0002544965561107,0,0.00033,sector_b
2159.47777778,1.0005517449084178,0,0.00033,sector_b
2159.47916667,0.9999964556513444,0,0.00033,sector_b
2159.48055556,1.0006891687488673,0,0.00033,sector_b
2159.48194444,1.0002784777903135,0,0.00033,sector_b
2159.48333333,1.0003745344613495,0,0.00033,sector_b
2159.48472222,1.0002343400283213,0,0.00033,sector_b
2159.48611111,1.0004308636665094,0,0.00033,sector_b
2159.4875,1.0008434567804718,0,0.00033,sector_b
2159.48888889,1.0003639725584104,0,0.00033,sector_b
2159.49027778,1.0001284482800734,0,0.00033,sector_b
2159.49166667,1.000211976018948,0,0.00033,sector_b
2159.49305556,0.9999004507110848,0,0.00033,sector_b
2159.49444444,1.0002973139665559,0,0.00033,sector_b
2159.49583333,1.0004922976239032,0,0.00033,sector_b
2159.49722222,1.0005694304684192,0,0.00033,sector_b
2159.49861111,1.000021359667535,0,0.00033,sector_b
2159.5,1.000185431657186,0,0.00033,sector_b
2159.50138889,1.0009112337525663,0,0.00033,sector_b
2159.50277778,1.0000552710109996,0,0.00033,sector_b
2159.50416667,1.0003408052283653,0,0.00033,sector_b
2159.50555556,1.0002177840383977,0,0.00033,sector_b
2159.50694444,1.0003409644274202,0,0.00033,sector_b
2159.50833333,1.0002113650698548,0,0.00033,sector_b
2159.50972222,1.0003537640375801,0,0.00033,sector_b
2159.51111111,1.0003024428758365,0,0.00033,sector_b
2159.5125,1.0001285679944396,0,0.00033,sector_b
2159.51388889,0.9996875621904278,0,0.00033,sector_b
2159.51527778,1.000867898071533,0,0.00033,sector_b
2159.51666667,1.0000480630592035,0,0.00033,sector_b
2159.51805556,1.0005505146786828,0,0.00033,sector_b
2159.51944444,1.0000132873144054,0,0.00033,sector_b
2159.52083333,1.000209685049187,0,0.00033,sector_b
2159.52222222,1.0004784348866709,0,0.00033,sector_b
2159.52361111,1.0001538507422738,0,0.00033,sector_b
2159.525,1.0002742379949838,0,0.00033,sector_b
2159.52638889,1.0000859646340807,0,0.00033,sector_b
2159.52777778,1.000062888864633,0,0.00033,sector_b
2159.52916667,1.0004649927871148,0,0.00033,sector_b
2159.53055556,1.0003967275765853,0,0.00033,sector_b
2159.53194444,1.0002037715681913,0,0.00033,sector_b
2159.53333333,1.0003036059436763,0,0.00033,sector_b
2159.53472222,1.0005836848710898,0,0.00033,sector_b
2159.53611111,0.9996134008558357,0,0.00033,sector_b
2159.5375,1.0008139528547393,0,0.00033,sector_b
2159.53888889,1.0001293632690256,0,0.00033,sector_b
2159.54027778,1.0003087521494058,0,0.00033,sector_b
2159.54166667,1.0002381069016864,0,0.00033,sector_b
2159.54305556,1.0004863429982502,0,0.00033,sector_b
2159.54444444,1.000070149091266,0,0.00033,sector_b
2159.54583333,1.0004163501173402,0,0.00033,sector_b
2159.54722222,0.99997749753536,0,0.00033,sector_b
2159.54861111,0.9994769321357561,0,0.00033,sector_b
2159.55,1.0004396944766387,0,0.00033,sector_b
2159.55138889,0.9999988176921578,0,0.00033,sector_b
2159.55277778,1.000323783987629,0,0.00033,sector_b
2159.55416667,1.00022058159279,0,0.00033,sector_b
2159.55555556,1.0000208133067272,0,0.00033,sector_b
2159.55694444,0.9998066656369917,0,0.00033,sector_b
2159.55833333,0.9997958140565038,0,0.00033,sector_b
2159.55972222,0.9996249654142774,0,0.00033,sector_b
2159.56111111,1.0000147598247462,0,0.00033,sector_b
2159.5625,1.0000766585021228,0,0.00033,sector_b
2159.56388889,1.0002721651027748,0,0.00033,sector_b
2159.56527778,1.0001527239619934,0,0.00033,sector_b
2159.56666667,1.0002978186317046,0,0.00033,sector_b
2159.56805556,1.0005867487416387,0,0.00033,sector_b
2159.56944444,1.0001913987971307,0,0.00033,sector_b
2159.57083333,0.9999821835280017,0,0.00033,sector_b
2159.57222222,1.0005994555884297,0,0.00033,sector_b
2159.57361111,1.000438030596526,0,0.00033,sector_b
2159.575,1.0000330654033294,0,0.00033,sector_b
2159.57638889,1.0008172674249638,0,0.00033,sector_b
2159.57777778,0.999414995156223,0,0.00033,sector_b
2159.57916667,1.00015913078939,0,0.00033,sector_b
2159.58055556,0.9998691899759877,0,0.00033,sector_b
2159.58194444,0.9998563231533298,0,0.00033,sector_b
2159.58333333,0.9998407137191438,0,0.00033,sector_b
2159.58472222,1.0003337276055024,0,0.00033,sector_b
2159.58611111,0.9999031566155328,0,0.00033,sector_b
2159.5875,1.0006678345771844,0,0.00033,sector_b
2159.58888889,1.0004361838356377,0,0.00033,sector_b
2159.59027778,0.9995450286959886,0,0.00033,sector_b
2159.59166667,1.000691221861773,0,0.00033,sector_b
2159.59305556,1.0002466275865667,0,0.00033,sector_b
2159.59444444,1.0001918968116628,0,0.00033,sector_b
2159.59583333,1.0005260844232433,0,0.00033,sector_b
2159.59722222,0.9999999526470467,0,0.00033,sector_b
2159.59861111,1.0003667483980425,0,0.00033,sector_b
2159.6,0.9996675472908437,0,0.00033,sector_b
2159.60138889,1.000400157971246,0,0.00033,sector_b
2159.60277778,1.0001514362475121,0,0.00033,sector_b
2159.60416667,1.0003957893918418,0,0.00033,sector_b
2159.60555556,1.0001548368829576,0,0.00033,sector_b
2159.60694444,1.0006086606984135,0,0.00033,sector_b
2159.60833333,1.0002612539606917,0,0.00033,sector_b
2159.60972222,1.0007683189698098,0,0.00033,sector_b
2159.61111111,0.9996474182837068,0,0.00033,sector_b
2159.6125,1.0002449396983342,0,0.00033,sector_b
2159.61388889,0.999835806853703,0,0.00033,sector_b
2159.61527778,1.0002312838298824,0,0.00033,sector_b
2159.61666667,1.0000328066530626,0,0.00033,sector_b
2159.61805556,1.000303269036304,0,0.00033,sector_b
2159.61944444,0.9995289539726576,0,0.00033,sector_b
2159.62083333,1.0001120095282776,0,0.00033,sector_b
2159.62222222,0.9999143244803517,0,0.00033,sector_b
2159.62361111,0.9999581339578046,0,0.00033,sector_b
2159.625,1.000198785610421,0,0.00033,sector_b
2159.62638889,1.0000744658743714,0,0.00033,sector_b
2159.62777778,1.0005913520470386,0,0.00033,sector_b
2159.62916667,1.0003000450517336,0,0.00033,sector_b
2159.63055556,1.0005154334793345,0,0.00033,sector_b
2159.63194444,1.0004449896957908,0,0.00033,sector_b
2159.63333333,0.9999719941839165,0,0.00033,sector_b
2159.63472222,0.9998156845335141,0,0.00033,sector_b
2159.63611111,0.9998497568690603,0,0.00033,sector_b
2159.6375,1.0007097038326045,0,0.00033,sector_b
2159.63888889,0.9999967139958007,0,0.00033,sector_b
2159.64027778,1.000018519817515,0,0.00033,sector_b
2159.64166667,1.0001990523093225,0,0.00033,sector_b
2159.64305556,0.9999741033538778,0,0.00033,sector_b
2159.64444444,1.0003132222406947,0,0.00033,sector_b
2159.64583333,1.0004102906344339,0,0.00033,sector_b
2159.64722222,1.000471376051582,0,0.00033,sector_b
2159.64861111,1.0004692876562529,0,0.00033,sector_b
2159.65,1.0002282228567247,0,0.00033,sector_b
2159.65138889,1.0002184020054332,0,0.00033,sector_b
2159.65277778,1.0000105016166199,0,0.00033,sector_b
2159.65416667,1.0001262282619867,0,0.00033,sector_b
2159.65555556,1.0000057376320803,0,0.00033,sector_b
2159.65694444,1.0000214347420608,0,0.00033,sector_b
2159.65833333,1.0002535049696435,0,0.00033,sector_b
2159.65972222,0.999720820510789,0,0.00033,sector_b
2159.66111111,0.9994140597346288,0,0.00033,sector_b
2159.6625,0.999894305326703,0,0.00033,sector_b
2159.66388889,0.9999351551409579,0,0.00033,sector_b
2159.66527778,1.000135458396645,0,0.00033,sector_b
2159.66666667,0.9998924551643117,0,0.00033,sector_b
2159.66805556,0.9994914146789351,0,0.00033,sector_b
2159.66944444,0.9995488577807854,0,0.00033,sector_b
2159.67083333,0.9997669305639713,0,0.00033,sector_b
2159.67222222,1.0000107057729883,0,0.00033,sector_b
2159.67361111,1.0001832223329614,0,0.00033,sector_b
2159.675,1.0002360404894213,0,0.00033,sector_b
2159.67638889,0.9998490196973594,0,0.00033,sector_b
2159.67777778,0.9996650044037723,0,0.00033,sector_b
2159.67916667,0.9998983774991038,0,0.00033,sector_b
2159.68055556,0.9999641533310255,0,0.00033,sector_b
2159.68194444,1.0001432707323572,0,0.00033,sector_b
2159.68333333,1.00007124041532,0,0.00033,sector_b
2159.68472222,1.0002782299852866,0,0.00033,sector_b
2159.68611111,0.9995669119477875,0,0.00033,sector_b
2159.6875,1.0003384745467343,0,0.00033,sector_b
2159.68888889,1.0003391976556533,0,0.00033,sector_b
2159.69027778,1.0003471472286578,0,0.00033,sector_b
2159.69166667,1.0009259353466415,0,0.00033,sector_b
2159.69305556,0.9998470823551109,0,0.00033,sector_b
2159.69444444,1.000318204322218,0,0.00033,sector_b
2159.69583333,1.0001268952465572,0,0.00033,sector_b
2159.69722222,1.000323861858059,0,0.00033,sector_b
2159.69861111,1.0001605056287206,0,0.00033,sector_b
2159.7,0.9998370434180597,0,0.00033,sector_b
2159.70138889,1.0000432986725372,0,0.00033,sector_b
2159.70277778,1.000022821619448,0,0.00033,sector_b
2159.70416667,0.9996537666449548,0,0.00033,sector_b
2159.70555556,0.9997786521084895,0,0.00033,sector_b
2159.70694444,1.0002458208630893,0,0.00033,sector_b
2159.70833333,0.9998375332925749,0,0.00033,sector_b
2159.70972222,1.0002052996721134,0,0.00033,sector_b
2159.71111111,0.9998067996900647,0,0.00033,sector_b
2159.7125,0.9993914281211493,0,0.00033,sector_b
2159.71388889,1.0001807798510536,0,0.00033,sector_b
2159.71527778,0.9995112920452691,0,0.00033,sector_b
2159.71666667,0.9995377126401485,0,0.00033,sector_b
2159.71805556,0.9996574356946528,0,0.00033,sector_b
2159.71944444,0.9999812856742056,0,0.00033,sector_b
2159.72083333,0.9989513117474506,0,0.00033,sector_b
2159.72222222,1.0004247292099464,0,0.00033,sector_b
2159.72361111,0.9998817442190061,0,0.00033,sector_b
2159.725,0.9997678132689544,0,0.00033,sector_b
2159.72638889,0.9989420042886135,0,0.00033,sector_b
2159.72777778,1.0000101697835504,0,0.00033,sector_b
2159.72916667,0.9997650435340792,0,0.00033,sector_b
2159.73055556,1.0000858491735996,0,0.00033,sector_b
2159.73194444,1.0002074218792345,0,0.00033,sector_b
2159.73333333,0.9994268231385478,0,0.00033,sector_b
2159.73472222,0.9995766685830115,0,0.00033,sector_b
2159.73611111,0.9992827143642453,0,0.00033,sector_b
2159.7375,0.9999767778581374,0,0.00033,sector_b
2159.73888889,0.9996427222509199,0,0.00033,sector_b
2159.74027778,1.0000554976526888,0,0.00033,sector_b
2159.74166667,0.9996166259674542,0,0.00033,sector_b
2159.74305556,1.000169852158443,0,0.00033,sector_b
2159.74444444,1.000032398513956,0,0.00033,sector_b
2159.74583333,0.9998613822918025,0,0.00033,sector_b
2159.74722222,0.9993343817034583,0,0.00033,sector_b
2159.74861111,1.0000420497313955,0,0.00033,sector_b
2159.75,0.999370509693956,0,0.00033,sector_b
2159.75138889,0.9998747331431468,0,0.00033,sector_b
2159.75277778,0.9994646103634962,0,0.00033,sector_b
2159.75416667,1.0001583942841585,0,0.00033,sector_b
2159.75555556,1.0004449459289606,0,0.00033,sector_b
2159.75694444,0.9994624281568767,0,0.00033,sector_b
2159.75833333,0.9998160549794444,0,0.00033,sector_b
2159.75972222,1.000588921886989,0,0.00033,sector_b
2159.76111111,0.9997574119656266,0,0.00033,sector_b
2159.7625,0.9995273670381092,0,0.00033,sector_b
2159.76388889,0.9994596591170667,0,0.00033,sector_b
2159.76527778,0.9999397860750795,0,0.00033,sector_b
2159.76666667,0.9997859054398449,0,0.00033,sector_b
2159.76805556,1.000130169269206,0,0.00033,sector_b
2159.76944444,1.0004786208086653,0,0.00033,sector_b
2159.77083333,1.000170172740312,0,0.00033,sector_b
2159.77222222,0.9996819609638445,0,0.00033,sector_b
2159.77361111,0.9997389945272598,0,0.00033,sector_b
2159.775,0.9998483388805046,0,0.00033,sector_b
2159.77638889,0.9995954286330232,0,0.00033,sector_b
2159.77777778,0.9995409493714653,0,0.00033,sector_b
2159.77916667,0.9995085514278137,0,0.00033,sector_b
2159.78055556,0.9998292969289168,0,0.00033,sector_b
2159.78194444,0.9997164969545483,0,0.00033,sector_b
2159.78333333,0.9998795783606393,0,0.00033,sector_b
2159.78472222,0.999814418560847,0,0.00033,sector_b
2159.78611111,1.0001634095140652,0,0.00033,sector_b
2159.7875,0.9993760220801876,0,0.00033,sector_b
2159.78888889,0.9995705675768285,0,0.00033,sector_b
2159.79027778,0.999916587856745,0,0.00033,sector_b
2159.79166667,0.99932196622989,0,0.00033,sector_b
2159.79305556,1.0000491177325448,0,0.00033,sector_b
2159.79444444,0.9998341242779569,0,0.00033,sector_b
2159.79583333,1.0000141855489448,0,0.00033,sector_b
2159.79722222,0.9996654520160445,0,0.00033,sector_b
2159.79861111,0.9998252091180605,0,0.00033,sector_b
2159.8,1.000034008612515,0,0.00033,sector_b
2159.80138889,0.9996906666734274,0,0.00033,sector_b
2159.80277778,1.0001907826481922,0,0.00033,sector_b
2159.80416667,0.9999527934739024,0,0.00033,sector_b
2159.80555556,0.9997818894935853,0,0.00033,sector_b
2159.80694444,0.9998388103388829,0,0.00033,sector_b
2159.80833333,0.9993941181583086,0,0.00033,sector_b
2159.80972222,0.9997118709915817,0,0.00033,sector_b
2159.81111111,0.9997416770760778,0,0.00033,sector_b
2159.8125,0.999874982046484,0,0.00033,sector_b
2159.81388889,0.9995238388341061,0,0.00033,sector_b
2159.81527778,0.9999470692598618,0,0.00033,sector_b
2159.81666667,1.0000408900345144,0,0.00033,sector_b
2159.81805556,0.9999061805490719,0,0.00033,sector_b
2159.81944444,1.000486554908222,0,0.00033,sector_b
2159.82083333,0.9995701340570272,0,0.00033,sector_b
2159.82222222,1.0000120606335987,0,0.00033,sector_b
2159.82361111,0.9991153533011852,0,0.00033,sector_b
2159.825,0.9990850169635246,0,0.00033,sector_b
2159.82638889,0.999977649491681,0,0.00033,sector_b
2159.82777778,1.0000899080634353,0,0.00033,sector_b
2159.82916667,1.0001661193316715,0,0.00033,sector_b
2159.83055556,1.0001294442242588,0,0.00033,sector_b
2159.83194444,0.9996161755250417,0,0.00033,sector_b
2159.83333333,0.9992427368825563,0,0.00033,sector_b
2159.83472222,0.9997486957695851,0,0.00033,sector_b
2159.83611111,0.9997233008948302,0,0.00033,sector_b
2159.8375,0.9998500969580411,0,0.00033,sector_b
2159.83888889,0.999894681933315,0,0.00033,sector_b
2159.84027778,0.999340717334569,0,0.00033,sector_b
2159.84166667,1.0001178804564859,0,0.00033,sector_b
2159.84305556,0.9997633977972189,0,0.00033,sector_b
2159.84444444,0.999984592392801,0,0.00033,sector_b
2159.84583333,0.9997748516652117,0,0.00033,sector_b
2159.84722222,0.9997863094461594,0,0.00033,sector_b
2159.84861111,0.9999683656333415,0,0.00033,sector_b
2159.85,1.0000702136195727,0,0.00033,sector_b
2159.85138889,0.999676009344367,0,0.00033,sector_b
2159.85277778,0.9999837345311369,0,0.00033,sector_b
2159.85416667,1.0001254544026574,0,0.00033,sector_b
2159.85555556,0.9994291182576847,0,0.00033,sector_b
2159.85694444,1.0000093385950881,0,0.00033,sector_b
2159.85833333,0.999643118705562,0,0.00033,sector_b
2159.85972222,1.0003344938512078,0,0.00033,sector_b
2159.86111111,0.9996665405845931,0,0.00033,sector_b
2159.8625,0.9994169337981935,0,0.00033,sector_b
2159.86388889,0.999636904273386,0,0.00033,sector_b
2159.86527778,0.9996521237511016,0,0.00033,sector_b
2159.86666667,0.9991389105827782,0,0.00033,sector_b
2159.86805556,0.9992655670644164,0,0.00033,sector_b
2159.86944444,0.9998099154937805,0,0.00033,sector_b
2159.87083333,0.9994971913621935,0,0.00033,sector_b
2159.87222222,1.0002016236458922,0,0.00033,sector_b
2159.87361111,0.9997765479359568,0,0.00033,sector_b
2159.875,0.99946114934738,0,0.00033,sector_b
2159.87638889,0.9997817781763501,0,0.00033,sector_b
2159.87777778,0.9993361964466663,0,0.00033,sector_b
2159.87916667,0.9993163352434026,0,0.00033,sector_b
2159.88055556,1.0000767962597812,0,0.00033,sector_b
2159.88194444,0.9994454993550971,0,0.00033,sector_b
2159.88333333,0.9995536227956393,0,0.00033,sector_b
2159.88472222,0.9995108601551181,0,0.00033,sector_b
2159.88611111,1.0001261627695301,0,0.00033,sector_b
2159.8875,0.9988979639528452,0,0.00033,sector_b
2159.88888889,1.0000575610841353,0,0.00033,sector_b
2159.89027778,0.9998087156238997,0,0.00033,sector_b
2159.89166667,1.0003103974358751,0,0.00033,sector_b
2159.89305556,0.9998138778203783,0,0.00033,sector_b
2159.89444444,0.9992226002607734,0,0.00033,sector_b
2159.89583333,0.9997759511285756,0,0.00033,sector_b
2159.89722222,0.9998770069624957,0,0.00033,sector_b
2159.89861111,0.9996174927736886,0,0.00033,sector_b
2159.9,1.0000951928447095,0,0.00033,sector_b
2159.90138889,1.0000397042839224,0,0.00033,sector_b
2159.90277778,0.9993053369196134,0,0.00033,sector_b
2159.90416667,0.9993255898556678,0,0.00033,sector_b
2159.90555556,0.999654950038514,0,0.00033,sector_b
2159.90694444,0.9998217672421424,0,0.00033,sector_b
2159.90833333,0.9999725310373435,0,0.00033,sector_b
2159.90972222,0.9990763310595563,0,0.00033,sector_b
2159.91111111,0.9988980335119834,0,0.00033,sector_b
2159.9125,0.9992853319769612,0,0.00033,sector_b
2159.91388889,0.9991992520593254,0,0.00033,sector_b
2159.91527778,0.9991446615475346,0,0.00033,sector_b
2159.91666667,0.9997448003026981,0,0.00033,sector_b
2159.91805556,0.9997744845280674,0,0.00033,sector_b
2159.91944444,0.9996236473912326,0,0.00033,sector_b
2159.92083333,0.9995637354614846,0,0.00033,sector_b
2159.92222222,0.9992107380660614,0,0.00033,sector_b
2159.92361111,0.999695290776593,0,0.00033,sector_b
2159.925,0.99913701563534,0,0.00033,sector_b
2159.92638889,0.9992393097814354,0,0.00033,sector_b
2159.92777778,0.9997817798301442,0,0.00033,sector_b
2159.92916667,1.0001564144889281,0,0.00033,sector_b
2159.93055556,0.9990681242003845,0,0.00033,sector_b
2159.93194444,0.9994558300174391,0,0.00033,sector_b
2159.93333333,0.9993286332584094,0,0.00033,sector_b
2159.93472222,0.9994672170201988,0,0.00033,sector_b
2159.93611111,0.9996508829114816,0,0.00033,sector_b
2159.9375,0.9997596699461379,0,0.00033,sector_b
2159.93888889,1.0000333421917682,0,0.00033,sector_b
2159.94027778,0.9991383321112771,0,0.00033,sector_b
2159.94166667,0.9994802758393037,0,0.00033,sector_b
2159.94305556,0.9992966613382022,0,0.00033,sector_b
2159.94444444,0.9993586251214505,0,0.00033,sector_b
2159.94583333,0.9994521720493085,0,0.00033,sector_b
2159.94722222,0.9995726486581412,0,0.00033,sector_b
2159.94861111,0.9999146646831152,0,0.00033,sector_b
2159.95,0.9993784762110854,0,0.00033,sector_b
2159.95138889,0.999617291487801,0,0.00033,sector_b
2159.95277778,0.9999429666090418,0,0.00033,sector_b
2159.95416667,0.999715585992385,0,0.00033,sector_b
2159.95555556,0.9993094389442879,0,0.00033,sector_b
2159.95694444,0.9996474715833593,0,0.00033,sector_b
2159.95833333,0.9993353343308284,0,0.00033,sector_b
2159.95972222,0.9997827599261216,0,0.00033,sector_b
2159.96111111,0.9999123100371492,0,0.00033,sector_b
2159.9625,0.9994349428404286,0,0.00033,sector_b
2159.96388889,0.9992605528411214,0,0.00033,sector_b
2159.96527778,0.9995963139070996,0,0.00033,sector_b
2159.96666667,0.9995085580126216,0,0.00033,sector_b
2159.96805556,0.9998754977161534,0,0.00033,sector_b
2159.96944444,0.9995979097372821,0,0.00033,sector_b
2159.97083333,0.9999124223490607,0,0.00033,sector_b
2159.97222222,0.9995031709984967,0,0.00033,sector_b
2159.97361111,0.9995033303269557,0,0.00033,sector_b
2159.975,0.9998457944623119,0,0.00033,sector_b
2159.97638889,0.9992503819730807,0,0.00033,sector_b
2159.97777778,1.000038762481315,0,0.00033,sector_b
2159.97916667,0.9995171469254082,0,0.00033,sector_b
2159.98055556,0.9992280031114633,0,0.00033,sector_b
2159.98194444,0.9997525436934703,0,0.00033,sector_b
2159.98333333,0.9999754886522239,0,0.00033,sector_b
2159.98472222,0.9991502088281695,0,0.00033,sector_b
2159.98611111,0.99909211826895,0,0.00033,sector_b
2159.9875,0.999760384564373,0,0.00033,sector_b
2159.98888889,0.9992615204840958,0,0.00033,sector_b
2159.99027778,0.9995532863529304,0,0.00033,sector_b
2159.99166667,0.9992345227749118,0,0.00033,sector_b
2159.99305556,0.9995562588974514,0,0.00033,sector_b
2159.99444444,0.9994260234984104,0,0.00033,sector_b
2159.99583333,0.9997939422192644,0,0.00033,sector_b
2159.99722222,0.9993005505760394,0,0.00033,sector_b
2159.99861111,0.9997422334334911,0,0.00033,sector_b
2160.0,0.9994659934455342,0,0.00033,sector_b
2160.00138889,0.9992217779402083,0,0.00033,sector_b
2160.00277778,0.9994559017910447,0,0.00033,sector_b
2160.00416667,0.9990959931869376,0,0.00033,sector_b
2160.00555556,0.9992178194444717,0,0.00033,sector_b
2160.00694444,0.9994385349589546,0,0.00033,sector_b
2160.00833333,0.9998044646623642,0,0.00033,sector_b
2160.00972222,0.9994989049860737,0,0.00033,sector_b
2160.01111111,0.9996037631388933,0,0.00033,sector_b
2160.0125,0.9993926705467902,0,0.00033,sector_b
2160.01388889,0.9994447845893161,0,0.00033,sector_b
2160.01527778,0.9992794107094606,0,0.00033,sector_b
2160.01666667,0.9988866772427374,0,0.00033,sector_b
2160.01805556,0.99946343305606,0,0.00033,sector_b
2160.01944444,0.9992370394457147,0,0.00033,sector_b
2160.02083333,0.9993265803107019,0,0.00033,sector_b
2160.02222222,0.9990707734502647,0,0.00033,sector_b
2160.02361111,0.9994108223147226,0,0.00033,sector_b
2160.025,0.9993720608706864,0,0.00033,sector_b
2160.02638889,0.99950372668531,0,0.00033,sector_b
2160.02777778,0.9992585832766621,0,0.00033,sector_b
2160.02916667,0.9993958583991569,0,0.00033,sector_b
2160.03055556,1.000007592102568,0,0.00033,sector_b
2160.03194444,0.9993545458289234,0,0.00033,sector_b
2160.03333333,0.9992669347463832,0,0.00033,sector_b
2160.03472222,0.9997195418067946,0,0.00033,sector_b
2160.03611111,0.9993946490241343,0,0.00033,sector_b
2160.0375,0.9993680914267391,0,0.00033,sector_b
2160.03888889,0.9994591444896058,0,0.00033,sector_b
2160.04027778,0.999257294710913,0,0.00033,sector_b
2160.04166667,0.9995716263344927,0,0.00033,sector_b
2160.04305556,0.9995009577297364,0,0.00033,sector_b
2160.04444444,0.9987962288218335,0,0.00033,sector_b
2160.04583333,0.9996320960950287,0,0.00033,sector_b
2160.04722222,1.0000207243667603,0,0.00033,sector_b
2160.04861111,0.9991480589518789,0,0.00033,sector_b
2160.05,0.9999190970453317,0,0.00033,sector_b
2160.05138889,0.9992305533001422,0,0.00033,sector_b
2160.05277778,0.9998212752739181,0,0.00033,sector_b
2160.05416667,0.9999434376510171,0,0.00033,sector_b
2160.05555556,0.9989912482955399,0,0.00033,sector_b
2160.05694444,1.0000968494872782,0,0.00033,sector_b
2160.05833333,0.9992642986268525,0,0.00033,sector_b
2160.05972222,0.9993916329048718,0,0.00033,sector_b
2160.06111111,0.9994922756999466,0,0.00033,sector_b
2160.0625,0.9997808641012209,0,0.00033,sector_b
2160.06388889,0.9989597798605674,0,0.00033,sector_b
2160.06527778,1.0000642728553748,0,0.00033,sector_b
2160.06666667,0.9994098602739135,0,0.00033,sector_b
2160.06805556,0.9997940658179507,0,0.00033,sector_b
2160.06944444,1.000071661375655,0,0.00033,sector_b
2160.07083333,0.9999422902495094,0,0.00033,sector_b
2160.07222222,0.9994054991292084,0,0.00033,sector_b
2160.07361111,0.9997318199938117,0,0.00033,sector_b
2160.075,0.999397410001742,0,0.00033,sector_b
2160.07638889,0.9998468493932935,0,0.00033,sector_b
2160.07777778,0.9992533236427875,0,0.00033,sector_b
2160.07916667,0.9995749361422638,0,0.00033,sector_b
2160.08055556,0.9998287310925011,0,0.00033,sector_b
2160.08194444,0.9996510606515296,0,0.00033,sector_b
2160.08333333,0.9996920424890169,0,0.00033,sector_b
2160.08472222,0.9994255290608217,0,0.00033,sector_b
2160.08611111,0.9987709908246638,0,0.00033,sector_b
2160.0875,0.9984934239732605,0,0.00033,sector_b
2160.08888889,0.9988917533404299,0,0.00033,sector_b
2160.09027778,0.9994494888296007,0,0.00033,sector_b
2160.09166667,0.9994678388873219,0,0.00033,sector_b
2160.09305556,0.9989831580711682,0,0.00033,sector_b
2160.09444444,0.9996048507394548,0,0.00033,sector_b
2160.09583333,0.9995686799960477,0,0.00033,sector_b
2160.09722222,0.9991419117747549,0,0.00033,sector_b
2160.09861111,0.9992060741819728,0,0.00033,sector_b
2160.1,0.9995072715422469,0,0.00033,sector_b
2160.10138889,0.9991201704654669,0,0.00033,sector_b
2160.10277778,0.9995200459866127,0,0.00033,sector_b
2160.10416667,0.9993021823272165,0,0.00033,sector_b
2160.10555556,0.9993483394180669,0,0.00033,sector_b
2160.10694444,0.9991636967845751,0,0.00033,sector_b
2160.10833333,0.9999194605891056,0,0.00033,sector_b
2160.10972222,0.9993913559956694,0,0.00033,sector_b
2160.11111111,0.9991503278433029,0,0.00033,sector_b
2160.1125,0.9997626444871767,0,0.00033,sector_b
2160.11388889,0.9991944102270681,0,0.00033,sector_b
2160.11527778,0.9991044451268691,0,0.00033,sector_b
2160.11666667,0.9997947656746748,0,0.00033,sector_b
2160.11805556,0.9992074318773536,0,0.00033,sector_b
2160.11944444,0.9999956407152628,0,0.00033,sector_b
2160.12083333,0.9995348019949535,0,0.00033,sector_b
2160.12222222,0.9993459836847138,0,0.00033,sector_b
2160.12361111,0.9993814434375333,0,0.00033,sector_b
2160.125,0.9998338572831545,0,0.00033,sector_b
2160.12638889,0.9997927800136424,0,0.00033,sector_b
2160.12777778,0.9994425597493615,0,0.00033,sector_b
2160.12916667,0.9989022353157676,0,0.00033,sector_b
2160.13055556,0.9988769369636362,0,0.00033,sector_b
2160.13194444,0.9990765853329914,0,0.00033,sector_b
2160.13333333,0.9993006323154546,0,0.00033,sector_b
2160.13472222,0.9992652959749863,0,0.00033,sector_b
2160.13611111,0.9992565070566105,0,0.00033,sector_b
2160.1375,0.9996839230234732,0,0.00033,sector_b
2160.13888889,0.999629316113913,0,0.00033,sector_b
2160.14027778,0.9997177443563524,0,0.00033,sector_b
2160.14166667,0.9995382780615947,0,0.00033,sector_b
2160.14305556,0.9995993010532558,0,0.00033,sector_b
2160.14444444,1.0001109274869602,0,0.00033,sector_b
2160.14583333,0.9995949148873153,0,0.00033,sector_b
2160.14722222,0.9990639017947556,0,0.00033,sector_b
2160.14861111,0.9987143969647944,0,0.00033,sector_b
2160.15,0.9988551698912816,0,0.00033,sector_b
2160.15138889,0.9993853802314091,0,0.00033,sector_b
2160.15277778,0.9995942457366609,0,0.00033,sector_b
2160.15416667,0.9994011050070856,0,0.00033,sector_b
2160.15555556,0.9992791872250655,0,0.00033,sector_b
2160.15694444,0.9993727999834386,0,0.00033,sector_b
2160.15833333,0.9996661315453826,0,0.00033,sector_b
2160.15972222,0.9992719659776449,0,0.00033,sector_b
2160.16111111,0.9994086835134676,0,0.00033,sector_b
2160.1625,0.9997730118836529,0,0.00033,sector_b
2160.16388889,0.9990967040761146,0,0.00033,sector_b
2160.16527778,0.9990404795409454,0,0.00033,sector_b
2160.16666667,0.9989851650261499,0,0.00033,sector_b
2160.16805556,0.9994545177236625,0,0.00033,sector_b
2160.16944444,0.9995923964567506,0,0.00033,sector_b
2160.17083333,1.0001794207624348,0,0.00033,sector_b
2160.17222222,0.9985530867914929,0,0.00033,sector_b
2160.17361111,1.0000000776012636,0,0.00033,sector_b
2160.175,0.9993413917036271,0,0.00033,sector_b
2160.17638889,0.9992132627381625,0,0.00033,sector_b
2160.17777778,0.9992001788971469,0,0.00033,sector_b
2160.17916667,0.999083366772756,0,0.00033,sector_b
2160.18055556,0.9993382284313095,0,0.00033,sector_b
2160.18194444,0.9991345125118286,0,0.00033,sector_b
2160.18333333,0.999351909421403,0,0.00033,sector_b
2160.18472222,0.9992273668719286,0,0.00033,sector_b
2160.18611111,0.9994799361291455,0,0.00033,sector_b
2160.1875,0.9992462433038801,0,0.00033,sector_b
2160.18888889,0.9989527342737682,0,0.00033,sector_b
2160.19027778,0.9987710168936269,0,0.00033,sector_b
2160.19166667,0.9990490761664167,0,0.00033,sector_b
2160.19305556,0.9995474627134802,0,0.00033,sector_b
2160.19444444,0.999677938167678,0,0.00033,sector_b
2160.19583333,0.9993800766772133,0,0.00033,sector_b
2160.19722222,0.9991990054136475,0,0.00033,sector_b
2160.19861111,0.9997605072760505,0,0.00033,sector_b
2160.2,0.99908422906048,0,0.00033,sector_b
2160.20138889,0.9993344410282619,0,0.00033,sector_b
2160.20277778,0.9992257630080483,0,0.00033,sector_b
2160.20416667,0.9995296342804987,0,0.00033,sector_b
2160.20555556,0.9993039110248736,0,0.00033,sector_b
2160.20694444,0.9996652203571397,0,0.00033,sector_b
2160.20833333,0.9995600743575616,0,0.00033,sector_b
2160.20972222,0.9993031244620217,0,0.00033,sector_b
2160.21111111,0.9993973893125745,0,0.00033,sector_b
2160.2125,0.9997758393607896,0,0.00033,sector_b
2160.21388889,0.9996763832562252,0,0.00033,sector_b
2160.21527778,0.9994542862287271,0,0.00033,sector_b
2160.21666667,0.9991484284268602,0,0.00033,sector_b
2160.21805556,0.9990707887786152,0,0.00033,sector_b
2160.21944444,0.998610480073342,0,0.00033,sector_b
2160.22083333,0.9996190193795063,0,0.00033,sector_b
2160.22222222,0.9991319306137392,0,0.00033,sector_b
2160.22361111,0.9989225425239253,0,0.00033,sector_b
2160.225,0.9996404019168026,0,0.00033,sector_b
2160.22638889,0.999200983011466,0,0.00033,sector_b
2160.22777778,0.999390492976141,0,0.00033,sector_b
2160.22916667,0.9995464126467352,0,0.00033,sector_b
2160.23055556,0.998901451505263,0,0.00033,sector_b
2160.23194444,0.9990825681551485,0,0.00033,sector_b
2160.23333333,0.9993016758424311,0,0.00033,sector_b
2160.23472222,0.9992761734065422,0,0.00033,sector_b
2160.23611111,0.9996381954965837,0,0.00033,sector_b
2160.2375,0.9996245948348732,0,0.00033,sector_b
2160.23888889,0.9994511613823979,0,0.00033,sector_b
2160.24027778,0.9996022712698034,0,0.00033,sector_b
2160.24166667,0.9993820888523929,0,0.00033,sector_b
2160.24305556,0.9995336541794436,0,0.00033,sector_b
2160.24444444,0.9996573343543008,0,0.00033,sector_b
2160.24583333,0.9988625852535653,0,0.00033,sector_b
2160.24722222,0.999038510287147,0,0.00033,sector_b
2160.24861111,0.9995986220886932,0,0.00033,sector_b
2160.25,0.9987868766220844,0,0.00033,sector_b
2160.25138889,0.9989500327376196,0,0.00033,sector_b
2160.25277778,0.9988383902028863,0,0.00033,sector_b
2160.25416667,0.9990018257157538,0,0.00033,sector_b
2160.25555556,0.9990540781220161,0,0.00033,sector_b
2160.25694444,0.9994221026108402,0,0.00033,sector_b
2160.25833333,0.9989960845520705,0,0.00033,sector_b
2160.25972222,0.999772216695803,0,0.00033,sector_b
2160.26111111,0.999588551076986,0,0.00033,sector_b
2160.2625,0.9994405894081605,0,0.00033,sector_b
2160.26388889,0.9995295758131167,0,0.00033,sector_b
2160.26527778,0.9990087207728651,0,0.00033,sector_b
2160.26666667,0.9993207675466854,0,0.00033,sector_b
2160.26805556,0.9990300012382767,0,0.00033,sector_b
2160.26944444,0.9998274936495273,0,0.00033,sector_b
2160.27083333,0.9987886248795645,0,0.00033,sector_b
2160.27222222,0.9991145154546772,0,0.00033,sector_b
2160.27361111,0.9990549534081317,0,0.00033,sector_b
2160.275,1.0000350635722997,0,0.00033,sector_b
2160.27638889,0.9989383748314677,0,0.00033,sector_b
2160.27777778,0.9992377832172237,0,0.00033,sector_b
2160.27916667,0.9989999245107093,0,0.00033,sector_b
2160.28055556,0.9993399815047682,0,0.00033,sector_b
2160.28194444,0.999406087699602,0,0.00033,sector_b
2160.28333333,0.9989807158127818,0,0.00033,sector_b
2160.28472222,0.9990965734095458,4096,0.00033,sector_b
2160.28611111,0.9991420092973826,0,0.00033,sector_b
2160.2875,0.9991593574321197,0,0.00033,sector_b
2160.28888889,0.9994419075251598,0,0.00033,sector_b
2160.29027778,0.9992104895894318,0,0.00033,sector_b
2160.29166667,0.9993329377286432,0,0.00033,sector_b
2160.29305556,0.9991361531192829,0,0.00033,sector_b
2160.29444444,0.9990498079222844,0,0.00033,sector_b
2160.29583333,0.999110411216345,0,0.00033,sector_b
2160.29722222,0.9987221697343174,0,0.00033,sector_b
2160.29861111,0.9994293804873471,0,0.00033,sector_b
2160.3,0.9987563096742739,0,0.00033,sector_b
2160.30138889,1.0002253832793022,0,0.00033,sector_b
2160.30277778,0.9992354851411246,0,0.00033,sector_b
2160.30416667,0.9994049783462039,0,0.00033,sector_b
2160.30555556,0.9991408079247903,0,0.00033,sector_b
2160.30694444,0.999276273870796,0,0.00033,sector_b
2160.30833333,0.9989847951153816,0,0.00033,sector_b
2160.30972222,0.9994662241938798,0,0.00033,sector_b
2160.31111111,0.998861022129277,0,0.00033,sector_b
2160.3125,0.9993407507992172,0,0.00033,sector_b
2160.31388889,0.9991181451989603,0,0.00033,sector_b
2160.31527778,0.9995355718421939,0,0.00033,sector_b
2160.31666667,0.9990622911532449,0,0.00033,sector_b
2160.31805556,0.9995556320206254,0,0.00033,sector_b
2160.31944444,0.9991668133117544,0,0.00033,sector_b
2160.32083333,0.9987459042067482,0,0.00033,sector_b
2160.32222222,0.999207364375616,0,0.00033,sector_b
2160.32361111,0.9991334300739397,0,0.00033,sector_b
2160.325,0.9992744766939825,0,0.00033,sector_b
2160.32638889,0.9989934310080142,0,0.00033,sector_b
2160.32777778,0.9986718859877467,0,0.00033,sector_b
2160.32916667,0.9986289500221741,0,0.00033,sector_b
2160.33055556,0.9989758401895307,0,0.00033,sector_b
2160.33194444,0.9988618527973605,0,0.00033,sector_b
2160.33333333,0.9993703619296737,0,0.00033,sector_b
2160.33472222,0.9993029888596654,0,0.00033,sector_b
2160.33611111,0.9990840980484867,0,0.00033,sector_b
2160.3375,0.9993160630102796,0,0.00033,sector_b
2160.33888889,0.9990816018472339,0,0.00033,sector_b
2160.34027778,0.9993583343073326,0,0.00033,sector_b
2160.34166667,0.9994738697734165,0,0.00033,sector_b
2160.34305556,0.9989024626186764,0,0.00033,sector_b
2160.34444444,0.998713133587163,0,0.00033,sector_b
2160.34583333,0.9994560977942493,0,0.00033,sector_b
2160.34722222,0.9991808173998914,0,0.00033,sector_b
2160.34861111,0.9996078687195756,0,0.00033,sector_b
2160.35,0.9992964356149885,0,0.00033,sector_b
2160.35138889,0.9985489843587018,0,0.00033,sector_b
2160.35277778,0.9986825440002046,0,0.00033,sector_b
2160.35416667,0.9987838546512433,0,0.00033,sector_b
2160.35555556,0.9989194266600552,0,0.00033,sector_b
2160.35694444,0.9988670015466928,0,0.00033,sector_b
2160.35833333,0.9994274242811586,0,0.00033,sector_b
2160.35972222,0.999400751706008,0,0.00033,sector_b
2160.36111111,0.9987664652885467,0,0.00033,sector_b
2160.3625,0.998809167870044,0,0.00033,sector_b
2160.36388889,0.9985882987946875,0,0.00033,sector_b
2160.36527778,0.9992934483302284,0,0.00033,sector_b
2160.36666667,0.9990824694381897,0,0.00033,sector_b
2160.36805556,0.9992574765114045,0,0.00033,sector_b
2160.36944444,0.9991559621651264,0,0.00033,sector_b
2160.37083333,0.9994152068824109,0,0.00033,sector_b
2160.37222222,0.9997653977754571,0,0.00033,sector_b
2160.37361111,0.9992808354913282,0,0.00033,sector_b
2160.375,0.9988067439380641,0,0.00033,sector_b
2160.37638889,0.9990958060912253,0,0.00033,sector_b
2160.37777778,0.9992145822280871,0,0.00033,sector_b
2160.37916667,0.9994045516893372,0,0.00033,sector_b
2160.38055556,0.999365602594432,0,0.00033,sector_b
2160.38194444,0.9991754111476068,0,0.00033,sector_b
2160.38333333,0.9990619035224083,0,0.00033,sector_b
2160.38472222,0.9993172356001585,0,0.00033,sector_b
2160.38611111,0.9988672059950024,0,0.00033,sector_b
2160.3875,0.9995289629746418,0,0.00033,sector_b
2160.38888889,0.99915885804125,0,0.00033,sector_b
2160.39027778,1.0002315996959312,0,0.00033,sector_b
2160.39166667,0.9986315372430364,0,0.00033,sector_b
2160.39305556,0.9987308638831289,0,0.00033,sector_b
2160.39444444,0.9983575649113479,0,0.00033,sector_b
2160.39583333,0.9992383532572122,0,0.00033,sector_b
2160.39722222,0.9996700446440187,0,0.00033,sector_b
2160.39861111,0.9992530130075229,0,0.00033,sector_b
