time_mjd,flux,quality_flag,flux_err,sector
2153.2,0.996467813775987,0,0.00033,sector_b
2153.20138889,0.9960103347960914,0,0.00033,sector_b
2153.20277778,0.9968591767666352,0,0.00033,sector_b
2153.20416667,0.995813488136336,0,0.00033,sector_b
2153.20555556,0.9963365619536372,0,0.00033,sector_b
2153.20694444,0.9961589255951747,0,0.00033,sector_b
2153.20833333,0.9957976159514988,0,0.00033,sector_b
2153.20972222,0.9958382989695648,0,0.00033,sector_b
2153.21111111,0.9959318774240343,0,0.00033,sector_b
2153.2125,0.9963753194707111,0,0.00033,sector_b
2153.21388889,0.996490946232704,0,0.00033,sector_b
2153.21527778,0.996692628765269,0,0.00033,sector_b
2153.21666667,0.996132074118417,0,0.00033,sector_b
2153.21805556,0.9966178103088763,0,0.00033,sector_b
2153.21944444,0.9963121583380182,0,0.00033,sector_b
2153.22083333,0.9964596434149464,0,0.00033,sector_b
2153.22222222,0.996581581484371,0,0.00033,sector_b
2153.22361111,0.996190673981929,0,0.00033,sector_b
2153.225,0.9963354426145821,0,0.00033,sector_b
2153.22638889,0.99651717841384,0,0.00033,sector_b
2153.22777778,0.9964587575395444,0,0.00033,sector_b
2153.22916667,0.9962486318409075,0,0.00033,sector_b
2153.23055556,0.9968416666441385,0,0.00033,sector_b
2153.23194444,0.9964036340396477,0,0.00033,sector_b
2153.23333333,0.9962118108583352,0,0.00033,sector_b
2153.23472222,0.9968947728483805,0,0.00033,sector_b
2153.23611111,0.9967236148108307,0,0.00033,sector_b
2153.2375,0.9966985018449152,0,0.00033,sector_b
2153.23888889,0.9967618389906144,0,0.00033,sector_b
2153.24027778,0.9962382774746985,0,0.00033,sector_b
2153.24166667,0.9965552009304938,0,0.00033,sector_b
2153.24305556,0.9964772388513289,0,0.00033,sector_b
2153.24444444,0.9964125331909719,0,0.00033,sector_b
2153.24583333,0.9964738583311138,4096,0.00033,sector_b
2153.24722222,0.9966317393594428,0,0.00033,sector_b
2153.24861111,0.9962486205727429,0,0.00033,sector_b
2153.25,0.996175688263798,0,0.00033,sector_b
2153.25138889,0.9964976750489579,0,0.00033,sector_b
2153.25277778,0.995825022685667,0,0.00033,sector_b
2153.25416667,0.9971029018394175,0,0.00033,sector_b
2153.25555556,0.9965524365798051,0,0.00033,sector_b
2153.25694444,0.9969132725071396,0,0.00033,sector_b
2153.25833333,0.9958931282856496,0,0.00033,sector_b
2153.25972222,0.9965392718430685,0,0.00033,sector_b
2153.26111111,0.9963218503900817,0,0.00033,sector_b
2153.2625,0.9967773967678326,0,0.00033,sector_b
2153.26388889,0.9964808855899292,0,0.00033,sector_b
2153.26527778,0.9971182089548092,0,0.00033,sector_b
2153.26666667,0.9967425978302299,0,0.00033,sector_b
2153.26805556,0.9961513326771501,0,0.00033,sector_b
2153.26944444,0.9967482766441657,0,0.00033,sector_b
2153.27083333,0.9960251858381386,0,0.00033,sector_b
2153.27222222,0.9965081581683878,0,0.00033,sector_b
2153.27361111,0.9970418381723674,0,0.00033,sector_b
2153.275,0.9967685925952561,0,0.00033,sector_b
2153.27638889,0.9966437574481577,0,0.00033,sector_b
2153.27777778,0.9968219057986064,0,0.00033,sector_b
2153.27916667,0.997269049844328,0,0.00033,sector_b
2153.28055556,0.9965215807246035,0,0.00033,sector_b
2153.28194444,0.9969788160576527,0,0.00033,sector_b
2153.28333333,0.9972065291767817,0,0.00033,sector_b
2153.28472222,0.9969982366928033,0,0.00033,sector_b
2153.28611111,0.9973012559410432,0,0.00033,sector_b
2153.2875,0.9971134805317544,0,0.00033,sector_b
2153.28888889,0.996953607144008,0,0.00033,sector_b
2153.29027778,0.9964971503935205,0,0.00033,sector_b
2153.29166667,0.9962852171076827,0,0.00033,sector_b
2153.29305556,0.9971202535623864,0,0.00033,sector_b
2153.29444444,0.9967315695270086,0,0.00033,sector_b
2153.29583333,0.9964313999569205,0,0.00033,sector_b
2153.29722222,0.9965850041106681,0,0.00033,sector_b
2153.29861111,0.9960997506684819,0,0.00033,sector_b
2153.3,0.996942932612222,0,0.00033,sector_b
2153.30138889,0.9964264715166741,0,0.00033,sector_b
2153.30277778,0.996739288975826,0,0.00033,sector_b
2153.30416667,0.9964986482814834,0,0.00033,sector_b
2153.30555556,0.9968639986234242,0,0.00033,sector_b
2153.30694444,0.9963868808345173,0,0.00033,sector_b
2153.30833333,0.9969201516874289,0,0.00033,sector_b
2153.30972222,0.9971383046685299,0,0.00033,sector_b
2153.31111111,0.9970823725498434,0,0.00033,sector_b
2153.3125,0.9970279000204817,0,0.00033,sector_b
2153.31388889,0.9966703845599195,0,0.00033,sector_b
2153.31527778,0.9971196457723989,0,0.00033,sector_b
2153.31666667,0.9970563368158712,0,0.00033,sector_b
2153.31805556,0.9971603758322847,0,0.00033,sector_b
2153.31944444,0.9972053561657229,0,0.00033,sector_b
2153.32083333,0.996321796143016,0,0.00033,sector_b
2153.32222222,0.9968445153772442,0,0.00033,sector_b
2153.32361111,0.9962227140502264,0,0.00033,sector_b
2153.325,0.9970944328304105,0,0.00033,sector_b
2153.32638889,0.9971508630783262,0,0.00033,sector_b
2153.32777778,0.9972678027359799,0,0.00033,sector_b
2153.32916667,0.9966721923311389,0,0.00033,sector_b
2153.33055556,0.9968539241027954,0,0.00033,sector_b
2153.33194444,0.9971171382955886,0,0.00033,sector_b
2153.33333333,0.9963718176727772,0,0.00033,sector_b
2153.33472222,0.9971896977380859,0,0.00033,sector_b
2153.33611111,0.9971858580312172,0,0.00033,sector_b
2153.3375,0.9967119212656689,0,0.00033,sector_b
2153.33888889,0.9973313120967092,0,0.00033,sector_b
2153.34027778,0.9971204231830139,0,0.00033,sector_b
2153.34166667,0.996853957643698,0,0.00033,sector_b
2153.34305556,0.9969393605384858,0,0.00033,sector_b
2153.34444444,0.9973201613782244,0,0.00033,sector_b
2153.34583333,0.9974603950918935,0,0.00033,sector_b
2153.34722222,0.9971219715023504,0,0.00033,sector_b
2153.34861111,0.9970941615493879,0,0.00033,sector_b
2153.35,0.9975554424351156,0,0.00033,sector_b
2153.35138889,0.9980705494795349,0,0.00033,sector_b
2153.35277778,0.9967454308069348,0,0.00033,sector_b
2153.35416667,0.9971514429636272,0,0.00033,sector_b
2153.35555556,0.996831316001719,0,0.00033,sector_b
2153.35694444,0.9969718030099216,0,0.00033,sector_b
2153.35833333,0.9969415062344501,0,0.00033,sector_b
2153.35972222,0.9969725678920426,0,0.00033,sector_b
2153.36111111,0.9971109903272912,0,0.00033,sector_b
2153.3625,0.9971165628219237,0,0.00033,sector_b
2153.36388889,0.9970903095940494,0,0.00033,sector_b
2153.36527778,0.9970515267663455,0,0.00033,sector_b
2153.36666667,0.997580446112308,0,0.00033,sector_b
2153.36805556,0.9973628960410008,0,0.00033,sector_b
2153.36944444,0.9972619291009325,0,0.00033,sector_b
2153.37083333,0.9974242715817317,0,0.00033,sector_b
2153.37222222,0.9969088176097655,0,0.00033,sector_b
2153.37361111,0.997171386056825,0,0.00033,sector_b
2153.375,0.9977670213879347,0,0.00033,sector_b
2153.37638889,0.9970955246904862,0,0.00033,sector_b
2153.37777778,0.9972121245097771,0,0.00033,sector_b
2153.37916667,0.9970396489551195,0,0.00033,sector_b
2153.38055556,0.997409797825111,0,0.00033,sector_b
2153.38194444,0.9974657663239196,0,0.00033,sector_b
2153.38333333,0.9968539233722318,0,0.00033,sector_b
2153.38472222,0.9976801417732796,0,0.00033,sector_b
2153.38611111,0.9976817659153283,0,0.00033,sector_b
2153.3875,0.9976769148989936,0,0.00033,sector_b
2153.38888889,0.9972894659301396,0,0.00033,sector_b
2153.39027778,0.99703352632458,0,0.00033,sector_b
2153.39166667,0.9974254127258835,0,0.00033,sector_b
2153.39305556,0.9972083679984981,0,0.00033,sector_b
2153.39444444,0.9975527239003464,0,0.00033,sector_b
2153.39583333,0.9978905798076277,0,0.00033,sector_b
2153.39722222,0.9974723324144428,0,0.00033,sector_b
2153.39861111,0.9973617145641953,0,0.00033,sector_b
2153.4,0.997440750812976,0,0.00033,sector_b
2153.40138889,0.9978606812609688,0,0.00033,sector_b
2153.40277778,0.9972254691863728,0,0.00033,sector_b
2153.40416667,0.9973766802147331,0,0.00033,sector_b
2153.40555556,0.9974739236292621,0,0.00033,sector_b
2153.40694444,0.9973928468130214,0,0.00033,sector_b
2153.40833333,0.9974789628079566,0,0.00033,sector_b
2153.40972222,0.9974689626692063,0,0.00033,sector_b
2153.41111111,0.9976441854841881,0,0.00033,sector_b
2153.4125,0.9974336315343333,0,0.00033,sector_b
2153.41388889,0.9973107523552183,0,0.00033,sector_b
2153.41527778,0.9979206604387474,0,0.00033,sector_b
2153.41666667,0.9978824189405808,0,0.00033,sector_b
2153.41805556,0.9978177306731695,0,0.00033,sector_b
2153.41944444,0.9975479779510648,0,0.00033,sector_b
2153.42083333,0.9981694056150415,0,0.00033,sector_b
2153.42222222,0.9969573197455524,0,0.00033,sector_b
2153.42361111,0.9973900587405365,0,0.00033,sector_b
2153.425,0.9979407285592086,0,0.00033,sector_b
2153.42638889,0.996964217541188,0,0.00033,sector_b
2153.42777778,0.9976790258294415,0,0.00033,sector_b
2153.42916667,0.9978224214103123,0,0.00033,sector_b
2153.43055556,0.9972348080471605,0,0.00033,sector_b
2153.43194444,0.9975200402252786,0,0.00033,sector_b
2153.43333333,0.997768247429714,0,0.00033,sector_b
2153.43472222,0.9980185886612445,0,0.00033,sector_b
2153.43611111,0.9981246653689723,0,0.00033,sector_b
2153.4375,0.9977818110427272,0,0.00033,sector_b
2153.43888889,0.9976306532306113,0,0.00033,sector_b
2153.44027778,0.9978642773611172,0,0.00033,sector_b
2153.44166667,0.9983316586985737,0,0.00033,sector_b
2153.44305556,0.9969951490507151,0,0.00033,sector_b
2153.44444444,0.9980800282183798,0,0.00033,sector_b
2153.44583333,0.9971710603182468,0,0.00033,sector_b
2153.44722222,0.9978266396802579,0,0.00033,sector_b
2153.44861111,0.9976872138481573,0,0.00033,sector_b
2153.45,0.9981201722167666,0,0.00033,sector_b
2153.45138889,0.9974782863178357,0,0.00033,sector_b
2153.45277778,0.9973448814463894,0,0.00033,sector_b
2153.45416667,0.9968937622888219,0,0.00033,sector_b
2153.45555556,0.9978917972872466,0,0.00033,sector_b
2153.45694444,0.9975158906853145,0,0.00033,sector_b
2153.45833333,0.9979420906360771,0,0.00033,sector_b
2153.45972222,0.9977403397246691,0,0.00033,sector_b
2153.46111111,0.9980977683751557,0,0.00033,sector_b
2153.4625,0.9986646580003594,0,0.00033,sector_b
2153.46388889,0.9976913260179263,0,0.00033,sector_b
2153.46527778,0.9976228657317321,0,0.00033,sector_b
2153.46666667,0.9975031901124327,0,0.00033,sector_b
2153.46805556,0.997933170364293,0,0.00033,sector_b
2153.46944444,0.9987863187919129,0,0.00033,sector_b
2153.47083333,0.9978091687651779,0,0.00033,sector_b
2153.47222222,0.9978421901374874,0,0.00033,sector_b
2153.47361111,0.9984185872201888,0,0.00033,sector_b
2153.475,0.9985370705079721,0,0.00033,sector_b
2153.47638889,0.997839157247431,0,0.00033,sector_b
2153.47777778,0.9982879681739343,0,0.00033,sector_b
2153.47916667,0.9981407636153355,0,0.00033,sector_b
2153.48055556,0.9977195481529653,0,0.00033,sector_b
2153.48194444,0.9980990833208874,0,0.00033,sector_b
2153.48333333,0.9980951942002079,0,0.00033,sector_b
2153.48472222,0.9977812419686216,0,0.00033,sector_b
2153.48611111,0.997138072689155,0,0.00033,sector_b
2153.4875,0.9980837967348294,0,0.00033,sector_b
2153.48888889,0.998579119593046,0,0.00033,sector_b
2153.49027778,0.9980390129441592,0,0.00033,sector_b
2153.49166667,0.9979771403303437,0,0.00033,sector_b
2153.49305556,0.9979148609249792,0,0.00033,sector_b
2153.49444444,0.9980142931822759,0,0.00033,sector_b
2153.49583333,0.9981911982475433,0,0.00033,sector_b
2153.49722222,0.9973367514463352,0,0.00033,sector_b
2153.49861111,0.9980530345495601,0,0.00033,sector_b
2153.5,0.998363859618775,0,0.00033,sector_b
2153.50138889,0.9984830752645057,0,0.00033,sector_b
2153.50277778,0.9976951169851052,0,0.00033,sector_b
2153.50416667,0.9974748166215337,0,0.00033,sector_b
2153.50555556,0.9977412885078014,0,0.00033,sector_b
2153.50694444,0.9989639890153381,0,0.00033,sector_b
2153.50833333,0.9979221940850512,0,0.00033,sector_b
2153.50972222,0.9980145412238928,0,0.00033,sector_b
2153.51111111,0.9986594346966458,0,0.00033,sector_b
2153.5125,0.9979918526957243,0,0.00033,sector_b
2153.51388889,0.9985864839909768,0,0.00033,sector_b
2153.51527778,0.9982534068686146,0,0.00033,sector_b
2153.51666667,0.9978943251516553,0,0.00033,sector_b
2153.51805556,0.998148743303168,0,0.00033,sector_b
2153.51944444,0.998563241364354,0,0.00033,sector_b
2153.52083333,0.9981161192547127,0,0.00033,sector_b
2153.52222222,0.9980395577798047,0,0.00033,sector_b
2153.52361111,0.9982068708883458,0,0.00033,sector_b
2153.525,0.9985611356353121,0,0.00033,sector_b
2153.52638889,0.9986431819385824,0,0.00033,sector_b
2153.52777778,0.9987007894839249,0,0.00033,sector_b
2153.52916667,0.9982882844812005,0,0.00033,sector_b
2153.53055556,0.9983965833384139,0,0.00033,sector_b
2153.53194444,0.9980406517912914,0,0.00033,sector_b
2153.53333333,0.9980073357104092,0,0.00033,sector_b
2153.53472222,0.998189385576737,0,0.00033,sector_b
2153.53611111,0.9982652737191556,0,0.00033,sector_b
2153.5375,0.9986374723193303,0,0.00033,sector_b
2153.53888889,0.9980581075702164,0,0.00033,sector_b
2153.54027778,0.9986546981557116,0,0.00033,sector_b
2153.54166667,0.9989636766269622,0,0.00033,sector_b
2153.54305556,0.9984618019396722,0,0.00033,sector_b
2153.54444444,0.9989898278547245,0,0.00033,sector_b
2153.54583333,0.9982622970520387,0,0.00033,sector_b
2153.54722222,0.9977196185304142,0,0.00033,sector_b
2153.54861111,0.9986434675316876,0,0.00033,sector_b
2153.55,0.9977538791798537,0,0.00033,sector_b
2153.55138889,0.9985892721588308,0,0.00033,sector_b
2153.55277778,0.9986912017800381,0,0.00033,sector_b
2153.55416667,0.9983792841170067,0,0.00033,sector_b
2153.55555556,0.9987808847262043,0,0.00033,sector_b
2153.55694444,0.9986209640349918,0,0.00033,sector_b
2153.55833333,0.9987926584473018,0,0.00033,sector_b
2153.55972222,0.9983147312642756,0,0.00033,sector_b
2153.56111111,0.9984840950394522,0,0.00033,sector_b
2153.5625,0.9982193649803937,0,0.00033,sector_b
2153.56388889,0.9978664412595091,0,0.00033,sector_b
2153.56527778,0.998951611702491,0,0.00033,sector_b
2153.56666667,0.9987919307487574,0,0.00033,sector_b
2153.56805556,0.9986133491419885,0,0.00033,sector_b
2153.56944444,0.998257126721043,0,0.00033,sector_b
2153.57083333,0.9983091732784483,0,0.00033,sector_b
2153.57222222,0.9987352960971151,0,0.00033,sector_b
2153.57361111,0.9984227620246748,0,0.00033,sector_b
2153.575,0.9981796278476466,0,0.00033,sector_b
2153.57638889,0.9989124085007965,0,0.00033,sector_b
2153.57777778,0.9989808545692325,0,0.00033,sector_b
2153.57916667,0.9992859565698708,0,0.00033,sector_b
2153.58055556,0.998536280622287,0,0.00033,sector_b
2153.58194444,0.9990180891094637,0,0.00033,sector_b
2153.58333333,0.998432377473395,0,0.00033,sector_b
2153.58472222,0.9983472973304753,0,0.00033,sector_b
2153.58611111,0.9986570313182325,0,0.00033,sector_b
2153.5875,0.998766770404416,0,0.00033,sector_b
2153.58888889,0.9984041800640407,0,0.00033,sector_b
2153.59027778,0.9988120325680383,0,0.00033,sector_b
2153.59166667,0.9982251496663457,0,0.00033,sector_b
2153.59305556,0.9989598869049493,0,0.00033,sector_b
2153.59444444,0.9985136192428775,0,0.00033,sector_b
2153.59583333,0.9984504368312404,0,0.00033,sector_b
2153.59722222,0.9982746204453349,0,0.00033,sector_b
2153.59861111,0.9982476150065783,0,0.00033,sector_b
2153.6,0.9987378693482313,0,0.00033,sector_b
2153.60138889,0.9986110899492763,0,0.00033,sector_b
2153.60277778,0.9988306222937361,0,0.00033,sector_b
2153.60416667,0.9986444535094601,0,0.00033,sector_b
2153.60555556,0.9985535347124991,0,0.00033,sector_b
2153.60694444,0.9987499557983555,0,0.00033,sector_b
2153.60833333,0.9986871453166638,0,0.00033,sector_b
2153.60972222,0.9989961123602576,0,0.00033,sector_b
2153.61111111,0.998969827450916,0,0.00033,sector_b
2153.6125,0.9987952234608038,0,0.00033,sector_b
2153.61388889,0.9981409409012317,0,0.00033,sector_b
2153.61527778,0.9985895398268758,0,0.00033,sector_b
2153.61666667,0.9987760661678025,0,0.00033,sector_b
2153.61805556,0.9987150256365596,0,0.00033,sector_b
2153.61944444,0.9983660813746376,0,0.00033,sector_b
2153.62083333,0.9988702261976042,0,0.00033,sector_b
2153.62222222,0.9990531576977207,0,0.00033,sector_b
2153.62361111,0.9986356049428878,0,0.00033,sector_b
2153.625,0.9982004227006435,0,0.00033,sector_b
2153.62638889,0.9987438340357349,0,0.00033,sector_b
2153.62777778,0.9989177585137451,0,0.00033,sector_b
2153.62916667,0.9986799538775273,0,0.00033,sector_b
2153.63055556,0.9993160671046883,0,0.00033,sector_b
2153.63194444,0.9984500583442175,0,0.00033,sector_b
2153.63333333,0.9991371253953698,0,0.00033,sector_b
2153.63472222,0.9986646583124443,0,0.00033,sector_b
2153.63611111,0.9987753642322845,0,0.00033,sector_b
2153.6375,0.9991623677278613,0,0.00033,sector_b
2153.63888889,0.999486103280398,0,0.00033,sector_b
2153.64027778,0.9993312603476153,0,0.00033,sector_b
2153.64166667,0.9990033601202356,0,0.00033,sector_b
2153.64305556,0.9987610934954347,0,0.00033,sector_b
2153.64444444,0.9990170250343051,0,0.00033,sector_b
2153.64583333,0.9992088566858246,0,0.00033,sector_b
2153.64722222,0.9993937957070861,0,0.00033,sector_b
2153.64861111,0.9994009088136439,0,0.00033,sector_b
2153.65,0.9989923360366764,0,0.00033,sector_b
2153.65138889,0.9988516890543571,0,0.00033,sector_b
2153.65277778,0.9985062680575277,0,0.00033,sector_b
2153.65416667,0.9990095851938365,0,0.00033,sector_b
2153.65555556,0.9988658946843705,0,0.00033,sector_b
2153.65694444,0.9986775544329656,0,0.00033,sector_b
2153.65833333,0.9988950248321851,0,0.00033,sector_b
2153.65972222,0.9992344824480166,0,0.00033,sector_b
2153.66111111,0.9986474293783086,0,0.00033,sector_b
2153.6625,0.9994362008536587,0,0.00033,sector_b
2153.66388889,0.9993776793893537,0,0.00033,sector_b
2153.66527778,0.9987270447824287,0,0.00033,sector_b
2153.66666667,0.999240768040203,0,0.00033,sector_b
2153.66805556,0.9997098866947378,2048,0.00033,sector_b
2153.66944444,0.9992176220112973,0,0.00033,sector_b
2153.67083333,0.9992621394662686,0,0.00033,sector_b
2153.67222222,0.9989440315705969,0,0.00033,sector_b
2153.67361111,0.9997793457314298,0,0.00033,sector_b
2153.675,0.9992608454589905,0,0.00033,sector_b
2153.67638889,0.9993867523246504,0,0.00033,sector_b
2153.67777778,0.999446367238521,0,0.00033,sector_b
2153.67916667,0.9994494060699108,0,0.00033,sector_b
2153.68055556,0.9990613550787433,0,0.00033,sector_b
2153.68194444,0.9996307964360024,0,0.00033,sector_b
2153.68333333,0.9985746917130458,0,0.00033,sector_b
2153.68472222,0.9990521433178339,0,0.00033,sector_b
2153.68611111,0.9989906801779089,0,0.00033,sector_b
2153.6875,0.9994796215459152,0,0.00033,sector_b
2153.68888889,0.9991602484623511,0,0.00033,sector_b
2153.69027778,0.9993958167469636,0,0.00033,sector_b
2153.69166667,0.9992094088947472,0,0.00033,sector_b
2153.69305556,0.9991384305510237,0,0.00033,sector_b
2153.69444444,0.999142153861759,0,0.00033,sector_b
2153.69583333,0.9997028282785895,2048,0.00033,sector_b
2153.69722222,0.9994997757544161,0,0.00033,sector_b
2153.69861111,0.9995325294664534,0,0.00033,sector_b
2153.7,0.9994398941206792,0,0.00033,sector_b
2153.70138889,0.9996385713980026,0,0.00033,sector_b
2153.70277778,0.999301136810325,0,0.00033,sector_b
2153.70416667,0.9995499402914599,0,0.00033,sector_b
2153.70555556,1.0000732502752965,0,0.00033,sector_b
2153.70694444,0.9992459000656636,0,0.00033,sector_b
2153.70833333,0.999284773231759,0,0.00033,sector_b
2153.70972222,0.9992580741888586,0,0.00033,sector_b
2153.71111111,0.9995510041610491,0,0.00033,sector_b
2153.7125,0.9993119342367257,0,0.00033,sector_b
2153.71388889,0.998833115645277,0,0.00033,sector_b
2153.71527778,0.9995764581599588,0,0.00033,sector_b
2153.71666667,0.9998479318577976,0,0.00033,sector_b
2153.71805556,0.9993941660253329,0,0.00033,sector_b
2153.71944444,0.9994708041741397,0,0.00033,sector_b
2153.72083333,0.9992615913924441,0,0.00033,sector_b
2153.72222222,0.9988838499128613,0,0.00033,sector_b
2153.72361111,0.9999456490942614,0,0.00033,sector_b
2153.725,0.9989015875198056,0,0.00033,sector_b
2153.72638889,0.9996647158313782,0,0.00033,sector_b
2153.72777778,0.9999325247285864,0,0.00033,sector_b
2153.72916667,1.0000327504133895,0,0.00033,sector_b
2153.73055556,0.9998051909770779,0,0.00033,sector_b
2153.73194444,0.9997386762618633,0,0.00033,sector_b
2153.73333333,0.9997763545411698,0,0.00033,sector_b
2153.73472222,0.9998051971535472,0,0.00033,sector_b
2153.73611111,0.9999890334007264,0,0.00033,sector_b
2153.7375,0.9994823760170348,0,0.00033,sector_b
2153.73888889,0.9995358365692754,0,0.00033,sector_b
2153.74027778,0.9997580805048503,0,0.00033,sector_b
2153.74166667,0.9996423923191815,0,0.00033,sector_b
2153.74305556,0.9992670932773264,0,0.00033,sector_b
2153.74444444,0.9998639497659869,0,0.00033,sector_b
2153.74583333,0.9996571860737159,0,0.00033,sector_b
2153.74722222,0.9994766489498743,0,0.00033,sector_b
2153.74861111,1.0000875565988454,0,0.00033,sector_b
2153.75,0.999549317981708,0,0.00033,sector_b
2153.75138889,0.9999198354740219,0,0.00033,sector_b
2153.75277778,0.9994013942089637,0,0.00033,sector_b
2153.75416667,1.0000992470743562,0,0.00033,sector_b
2153.75555556,0.9998148697663769,0,0.00033,sector_b
2153.75694444,0.9999185213410301,0,0.00033,sector_b
2153.75833333,1.0000451477095074,0,0.00033,sector_b
2153.75972222,0.9998703321315117,0,0.00033,sector_b
2153.76111111,0.9999434490764544,0,0.00033,sector_b
2153.7625,0.9992399153707208,0,0.00033,sector_b
2153.76388889,0.9995955729910248,0,0.00033,sector_b
2153.76527778,1.0001236855703834,0,0.00033,sector_b
2153.76666667,0.999847908146096,0,0.00033,sector_b
2153.76805556,0.9999307274692676,0,0.00033,sector_b
2153.76944444,1.0003883261686601,4096,0.00033,sector_b
2153.77083333,1.0007464190525461,0,0.00033,sector_b
2153.77222222,1.0001580214038048,0,0.00033,sector_b
2153.77361111,0.9996975753396421,0,0.00033,sector_b
2153.775,1.000067876684422,0,0.00033,sector_b
2153.77638889,0.9999946535412961,0,0.00033,sector_b
2153.77777778,1.000076428250745,0,0.00033,sector_b
2153.77916667,1.0004653519282307,0,0.00033,sector_b
2153.78055556,0.9994877992947472,0,0.00033,sector_b
2153.78194444,0.9999021262314142,0,0.00033,sector_b
2153.78333333,1.000068309584704,0,0.00033,sector_b
2153.78472222,0.9999868017072095,0,0.00033,sector_b
2153.78611111,1.0000953974211648,0,0.00033,sector_b
2153.7875,1.0002435408970705,0,0.00033,sector_b
2153.78888889,0.9997411188106189,0,0.00033,sector_b
2153.79027778,0.9998613680688264,0,0.00033,sector_b
2153.79166667,1.0002964907405125,0,0.00033,sector_b
2153.79305556,0.999915656807059,0,0.00033,sector_b
2153.79444444,0.9999695663737583,0,0.00033,sector_b
2153.79583333,0.9998167183604787,0,0.00033,sector_b
2153.79722222,1.000169067501245,0,0.00033,sector_b
2153.79861111,1.0000138619123895,0,0.00033,sector_b
2153.8,0.9996285401182308,0,0.00033,sector_b
2153.80138889,0.9999566887946049,0,0.00033,sector_b
2153.80277778,1.0001683190137003,0,0.00033,sector_b
2153.80416667,1.0000781245903236,0,0.00033,sector_b
2153.80555556,0.999743780183749,0,0.00033,sector_b
2153.80694444,0.9999804134569031,0,0.00033,sector_b
2153.80833333,1.0002783526665926,0,0.00033,sector_b
2153.80972222,1.0008757710460494,0,0.00033,sector_b
2153.81111111,0.9996159222368705,0,0.00033,sector_b
2153.8125,1.0001664850153411,0,0.00033,sector_b
2153.81388889,1.0006367442752935,0,0.00033,sector_b
2153.81527778,1.0001326399418098,0,0.00033,sector_b
2153.81666667,1.000253911478756,0,0.00033,sector_b
2153.81805556,0.9999140412540751,0,0.00033,sector_b
2153.81944444,1.0006231822070988,0,0.00033,sector_b
2153.82083333,1.000690958251931,0,0.00033,sector_b
2153.82222222,1.0003682830835636,0,0.00033,sector_b
2153.82361111,1.0008489175957573,0,0.00033,sector_b
2153.825,0.9996533291998749,0,0.00033,sector_b
2153.82638889,1.0004711224404061,0,0.00033,sector_b
2153.82777778,1.0001120026315145,0,0.00033,sector_b
2153.82916667,1.0002086671890897,0,0.00033,sector_b
2153.83055556,1.0007291237723026,0,0.00033,sector_b
2153.83194444,0.9999860646584157,0,0.00033,sector_b
2153.83333333,0.9996945754808331,0,0.00033,sector_b
2153.83472222,1.0004710266964718,0,0.00033,sector_b
2153.83611111,0.9996113529490964,0,0.00033,sector_b
2153.8375,1.0003182183650678,0,0.00033,sector_b
2153.83888889,1.000409833155103,0,0.00033,sector_b
2153.84027778,1.0001576473533587,0,0.00033,sector_b
2153.84166667,0.9999982932095306,0,0.00033,sector_b
2153.84305556,1.0002718495804306,0,0.00033,sector_b
2153.84444444,1.0001316252590553,0,0.00033,sector_b
2153.84583333,1.0006768980082792,0,0.00033,sector_b
2153.84722222,1.000250723135211,0,0.00033,sector_b
2153.84861111,1.0007566046033227,0,0.00033,sector_b
2153.85,1.0005376666361183,0,0.00033,sector_b
2153.85138889,1.0006368438847286,0,0.00033,sector_b
2153.85277778,1.0003002918770751,0,0.00033,sector_b
2153.85416667,1.0005068183720172,0,0.00033,sector_b
2153.85555556,1.0006392793992658,0,0.00033,sector_b
2153.85694444,1.0003455928432878,0,0.00033,sector_b
2153.85833333,1.000391576270382,0,0.00033,sector_b
2153.85972222,1.0008756043579745,0,0.00033,sector_b
2153.86111111,1.0001785953642757,0,0.00033,sector_b
2153.8625,1.000363065158686,0,0.00033,sector_b
2153.86388889,1.000632938494176,0,0.00033,sector_b
2153.86527778,1.0005664578476858,0,0.00033,sector_b
2153.86666667,1.0006576142441346,0,0.00033,sector_b
2153.86805556,1.0011992912323575,0,0.00033,sector_b
2153.86944444,1.000665180643089,0,0.00033,sector_b
2153.87083333,1.0002362956469308,0,0.00033,sector_b
2153.87222222,1.000120712500968,0,0.00033,sector_b
2153.87361111,1.0004610519451205,0,0.00033,sector_b
2153.875,1.0006404044471204,0,0.00033,sector_b
2153.87638889,1.0005667799353744,0,0.00033,sector_b
2153.87777778,1.0002632565591374,0,0.00033,sector_b
2153.87916667,1.0009302907759712,0,0.00033,sector_b
2153.88055556,1.0007771005955683,0,0.00033,sector_b
2153.88194444,1.0004252967020917,0,0.00033,sector_b
2153.88333333,1.000987581293604,0,0.00033,sector_b
2153.88472222,1.0008909366601395,0,0.00033,sector_b
2153.88611111,1.0002655624747434,0,0.00033,sector_b
2153.8875,1.0007226119702881,0,0.00033,sector_b
2153.88888889,1.0005955693341793,0,0.00033,sector_b
2153.89027778,1.0008260106264288,0,0.00033,sector_b
2153.89166667,1.000725880674968,0,0.00033,sector_b
2153.89305556,1.0010749997405535,0,0.00033,sector_b
2153.89444444,1.0008379439998785,0,0.00033,sector_b
2153.89583333,1.0007847541506645,0,0.00033,sector_b
2153.89722222,1.0007039772903645,0,0.00033,sector_b
2153.89861111,1.0004738572399279,0,0.00033,sector_b
2153.9,1.000330024666797,0,0.00033,sector_b
2153.90138889,1.0003119075041065,0,0.00033,sector_b
2153.90277778,1.001134470783389,0,0.00033,sector_b
2153.90416667,1.001032431992261,0,0.00033,sector_b
2153.90555556,1.0002022513495838,0,0.00033,sector_b
2153.90694444,1.0006009057449199,0,0.00033,sector_b
2153.90833333,1.0013420387285332,0,0.00033,sector_b
2153.90972222,1.0006235843974944,0,0.00033,sector_b
2153.91111111,1.0008360840171342,0,0.00033,sector_b
2153.9125,1.001111740726423,0,0.00033,sector_b
2153.91388889,1.001178974865185,0,0.00033,sector_b
2153.91527778,1.0007197698857941,0,0.00033,sector_b
2153.91666667,1.0011939045535467,0,0.00033,sector_b
2153.91805556,1.0008034880184529,0,0.00033,sector_b
2153.91944444,1.0013856240283614,0,0.00033,sector_b
2153.92083333,1.0012828221170753,0,0.00033,sector_b
2153.92222222,1.0006074973321926,0,0.00033,sector_b
2153.92361111,1.0015643035233128,0,0.00033,sector_b
2153.925,1.0014225587870131,0,0.00033,sector_b
2153.92638889,1.0006183631970615,0,0.00033,sector_b
2153.92777778,1.000836066456696,0,0.00033,sector_b
2153.92916667,1.0011907255473143,0,0.00033,sector_b
2153.93055556,1.001606028624763,0,0.00033,sector_b
2153.93194444,1.0004834249523464,0,0.00033,sector_b
2153.93333333,1.0010297230862244,0,0.00033,sector_b
2153.93472222,1.000726003875003,0,0.00033,sector_b
2153.93611111,1.000483862998735,0,0.00033,sector_b
2153.9375,1.0009456615565848,0,0.00033,sector_b
2153.93888889,1.0010494593510104,0,0.00033,sector_b
2153.94027778,1.0003967829797602,0,0.00033,sector_b
2153.94166667,1.0012903488868818,0,0.00033,sector_b
2153.94305556,1.0014074767629277,0,0.00033,sector_b
2153.94444444,1.0010351768550358,0,0.00033,sector_b
2153.94583333,1.001493650216895,0,0.00033,sector_b
2153.94722222,1.0006136397590808,0,0.00033,sector_b
2153.94861111,1.0008048181877323,0,0.00033,sector_b
2153.95,1.0014107396239467,0,0.00033,sector_b
2153.95138889,1.0007612876896426,0,0.00033,sector_b
2153.95277778,1.0007366634672379,0,0.00033,sector_b
2153.95416667,1.0009371493696022,0,0.00033,sector_b
2153.95555556,1.0013545272789492,0,0.00033,sector_b
2153.95694444,1.0014349523816135,0,0.00033,sector_b
2153.95833333,1.0016044635774803,0,0.00033,sector_b
2153.95972222,1.001338303591944,0,0.00033,sector_b
2153.96111111,1.0005513694192356,0,0.00033,sector_b
2153.9625,1.0015956345585941,0,0.00033,sector_b
2153.96388889,1.0017786251340322,0,0.00033,sector_b
2153.96527778,1.0010702559261664,0,0.00033,sector_b
2153.96666667,1.0011462854097581,0,0.00033,sector_b
2153.96805556,1.0013183037743167,0,0.00033,sector_b
2153.96944444,1.0015494119545982,0,0.00033,sector_b
2153.97083333,1.001407100546622,0,0.00033,sector_b
2153.97222222,1.0011189385374522,0,0.00033,sector_b
2153.97361111,1.0013384670810743,0,0.00033,sector_b
2153.975,1.0014328304459212,0,0.00033,sector_b
2153.97638889,1.0017881309497336,0,0.00033,sector_b
2153.97777778,1.0013361911902814,0,0.00033,sector_b
2153.97916667,1.0005169734358532,0,0.00033,sector_b
2153.98055556,1.0005208621318598,0,0.00033,sector_b
2153.98194444,1.0014305404968764,0,0.00033,sector_b
2153.98333333,1.0009710879153695,0,0.00033,sector_b
2153.98472222,1.0014909858734555,0,0.00033,sector_b
2153.98611111,1.001336777574815,0,0.00033,sector_b
2153.9875,1.0016979709219607,0,0.00033,sector_b
2153.98888889,1.0013832868053685,0,0.00033,sector_b
2153.99027778,1.0015374535112878,0,0.00033,sector_b
2153.99166667,1.0013798320177292,0,0.00033,sector_b
2153.99305556,1.001373390198465,0,0.00033,sector_b
2153.99444444,1.0009411012358502,0,0.00033,sector_b
2153.99583333,1.001920074542322,0,0.00033,sector_b
2153.99722222,1.0015237155698333,0,0.00033,sector_b
2153.99861111,1.0014521419349849,0,0.00033,sector_b
2154.0,1.0018831417286875,0,0.00033,sector_b
2154.00138889,1.000823124931441,0,0.00033,sector_b
2154.00277778,1.0015134920704523,0,0.00033,sector_b
2154.00416667,1.0013338091867243,0,0.00033,sector_b
2154.00555556,1.002090025059001,0,0.00033,sector_b
2154.00694444,1.001478624557602,0,0.00033,sector_b
2154.00833333,1.0018463369214938,0,0.00033,sector_b
2154.00972222,1.0011474965011045,0,0.00033,sector_b
2154.01111111,1.0017637487308884,0,0.00033,sector_b
2154.0125,1.0017406334576713,0,0.00033,sector_b
2154.01388889,1.0022287086929793,0,0.00033,sector_b
2154.01527778,1.0021664703440178,0,0.00033,sector_b
2154.01666667,1.0014239229321802,0,0.00033,sector_b
2154.01805556,1.0021401385548379,0,0.00033,sector_b
2154.01944444,1.0016451597073177,0,0.00033,sector_b
2154.02083333,1.0020959377434573,0,0.00033,sector_b
2154.02222222,1.0017094866910277,0,0.00033,sector_b
2154.02361111,1.001703787739204,0,0.00033,sector_b
2154.025,1.0017453480570502,0,0.00033,sector_b
2154.02638889,1.0018174920120617,0,0.00033,sector_b
2154.02777778,1.0018512879498427,0,0.00033,sector_b
2154.02916667,1.0018856875744977,0,0.00033,sector_b
2154.03055556,1.0023853416623831,0,0.00033,sector_b
2154.03194444,1.0020140442642158,0,0.00033,sector_b
2154.03333333,1.0016993045971125,0,0.00033,sector_b
2154.03472222,1.0017781441108642,0,0.00033,sector_b
2154.03611111,1.0021616179084105,0,0.00033,sector_b
2154.0375,1.0022048185090988,0,0.00033,sector_b
2154.03888889,1.0011498318764214,0,0.00033,sector_b
2154.04027778,1.0021026760919491,0,0.00033,sector_b
2154.04166667,1.002057306996195,0,0.00033,sector_b
2154.04305556,1.0018368001194544,0,0.00033,sector_b
2154.04444444,1.0016783303200953,0,0.00033,sector_b
2154.04583333,1.0027009063310977,0,0.00033,sector_b
2154.04722222,1.002075760693988,0,0.00033,sector_b
2154.04861111,1.0025057518511362,0,0.00033,sector_b
2154.05,1.0013539510707337,0,0.00033,sector_b
2154.05138889,1.0016176586082899,0,0.00033,sector_b
2154.05277778,1.0020859180426285,0,0.00033,sector_b
2154.05416667,1.00213111046575,0,0.00033,sector_b
2154.05555556,1.001943396246752,0,0.00033,sector_b
2154.05694444,1.0017854693486274,0,0.00033,sector_b
2154.05833333,1.0017670233116545,0,0.00033,sector_b
2154.05972222,1.0018738850774465,0,0.00033,sector_b
2154.06111111,1.0018077275247017,0,0.00033,sector_b
2154.0625,1.001315088079096,0,0.00033,sector_b
2154.06388889,1.0012511126966879,0,0.00033,sector_b
2154.06527778,1.0018683961058168,0,0.00033,sector_b
2154.06666667,1.001990261432357,0,0.00033,sector_b
2154.06805556,1.0022638410685965,0,0.00033,sector_b
2154.06944444,1.002367053120531,0,0.00033,sector_b
2154.07083333,1.002473373354886,0,0.00033,sector_b
2154.07222222,1.0017317586839387,0,0.00033,sector_b
2154.07361111,1.0020920450998252,0,0.00033,sector_b
2154.075,1.0023706553317522,0,0.00033,sector_b
2154.07638889,1.0019968415751144,0,0.00033,sector_b
2154.07777778,1.0022649572596416,0,0.00033,sector_b
2154.07916667,1.0025049955353291,0,0.00033,sector_b
2154.08055556,1.0019635021579207,0,0.00033,sector_b
2154.08194444,1.0016397908519241,0,0.00033,sector_b
2154.08333333,1.001711233886733,0,0.00033,sector_b
2154.08472222,1.001658096660095,4096,0.00033,sector_b
2154.08611111,1.0026985694777706,0,0.00033,sector_b
2154.0875,1.0016489311274464,0,0.00033,sector_b
2154.08888889,1.002020711931836,0,0.00033,sector_b
2154.09027778,1.0023550565517718,0,0.00033,sector_b
2154.09166667,1.0018320936194713,0,0.00033,sector_b
2154.09305556,1.002338502732294,0,0.00033,sector_b
2154.09444444,1.002517023613065,0,0.00033,sector_b
2154.09583333,1.0020563165411707,0,0.00033,sector_b
2154.09722222,1.0022270173253292,0,0.00033,sector_b
2154.09861111,1.0027120517459773,0,0.00033,sector_b
2154.1,1.0022651909233384,0,0.00033,sector_b
2154.10138889,1.0023777330683155,0,0.00033,sector_b
2154.10277778,1.0023773514177137,0,0.00033,sector_b
2154.10416667,1.0020876290600185,0,0.00033,sector_b
2154.10555556,1.0024648545913166,0,0.00033,sector_b
2154.10694444,1.0024898843833767,0,0.00033,sector_b
2154.10833333,1.002294051344895,0,0.00033,sector_b
2154.10972222,1.0018731322622307,0,0.00033,sector_b
2154.11111111,1.0021745335297896,0,0.00033,sector_b
2154.1125,1.0023841792099701,0,0.00033,sector_b
2154.11388889,1.0028572981968733,0,0.00033,sector_b
2154.11527778,1.0021287043535847,0,0.00033,sector_b
2154.11666667,1.001952545167977,0,0.00033,sector_b
2154.11805556,1.0021490846845893,2048,0.00033,sector_b
2154.11944444,1.0024404382288437,0,0.00033,sector_b
2154.12083333,1.0021087075128494,0,0.00033,sector_b
2154.12222222,1.0033524322146192,0,0.00033,sector_b
2154.12361111,1.0025549888668117,0,0.00033,sector_b
2154.125,1.0026545882190414,0,0.00033,sector_b
2154.12638889,1.0019656536156116,0,0.00033,sector_b
2154.12777778,1.0021671137709365,0,0.00033,sector_b
2154.12916667,1.0024193258983134,0,0.00033,sector_b
2154.13055556,1.0021882449011832,0,0.00033,sector_b
2154.13194444,1.0026174262194736,0,0.00033,sector_b
2154.13333333,1.0019720273492185,0,0.00033,sector_b
2154.13472222,1.0022250486445063,0,0.00033,sector_b
2154.13611111,1.0018298082825485,0,0.00033,sector_b
2154.1375,1.0028522811157625,0,0.00033,sector_b
2154.13888889,1.0027641196810009,0,0.00033,sector_b
2154.14027778,1.0022021838092117,0,0.00033,sector_b
2154.14166667,1.0029077230958614,2048,0.00033,sector_b
2154.14305556,1.002306812429536,0,0.00033,sector_b
2154.14444444,1.0023432113117274,0,0.00033,sector_b
2154.14583333,1.0029007468807405,0,0.00033,sector_b
2154.14722222,1.0029684400048804,0,0.00033,sector_b
2154.14861111,1.0033642748784366,0,0.00033,sector_b
2154.15,1.0028072213532961,0,0.00033,sector_b
2154.15138889,1.0016964064368898,0,0.00033,sector_b
2154.15277778,1.0028740358963235,0,0.00033,sector_b
2154.15416667,1.0027548497673773,0,0.00033,sector_b
2154.15555556,1.0027991890346624,0,0.00033,sector_b
2154.15694444,1.0028235596752402,0,0.00033,sector_b
2154.15833333,1.0027557568960959,0,0.00033,sector_b
2154.15972222,1.0023592666907,0,0.00033,sector_b
2154.16111111,1.0025517172269447,0,0.00033,sector_b
2154.1625,1.002895316831016,0,0.00033,sector_b
2154.16388889,1.002927971813807,0,0.00033,sector_b
2154.16527778,1.0020682056967287,2048,0.00033,sector_b
2154.16666667,1.0018594631264246,0,0.00033,sector_b
2154.16805556,1.0025780243907396,0,0.00033,sector_b
2154.16944444,1.0025218003671037,0,0.00033,sector_b
2154.17083333,1.0023914628357766,0,0.00033,sector_b
2154.17222222,1.0031295861561138,0,0.00033,sector_b
2154.17361111,1.002782456893228,0,0.00033,sector_b
2154.175,1.0029665357284396,0,0.00033,sector_b
2154.17638889,1.0025808517360635,0,0.00033,sector_b
2154.17777778,1.0024684163369912,0,0.00033,sector_b
2154.17916667,1.0019399026636389,0,0.00033,sector_b
2154.18055556,1.0023169995933423,0,0.00033,sector_b
2154.18194444,1.0027963094640886,0,0.00033,sector_b
2154.18333333,1.0029433634912892,0,0.00033,sector_b
2154.18472222,1.003165593871617,0,0.00033,sector_b
2154.18611111,1.0025304181260664,0,0.00033,sector_b
2154.1875,1.0024037667381602,0,0.00033,sector_b
2154.18888889,1.00313527952717,0,0.00033,sector_b
2154.19027778,1.0032162838014231,0,0.00033,sector_b
2154.19166667,1.002240879003178,0,0.00033,sector_b
2154.19305556,1.0022182983696426,0,0.00033,sector_b
2154.19444444,1.0023172050645006,0,0.00033,sector_b
2154.19583333,1.0025628476024564,0,0.00033,sector_b
2154.19722222,1.0030638603205961,0,0.00033,sector_b
2154.19861111,1.0027949647910945,0,0.00033,sector_b
2154.2,1.0029669313129255,0,0.00033,sector_b
2154.20138889,1.0026135066255009,0,0.00033,sector_b
2154.20277778,1.003351270183814,0,0.00033,sector_b
2154.20416667,1.0026735469118826,0,0.00033,sector_b
2154.20555556,1.0031584472007533,0,0.00033,sector_b
2154.20694444,1.002729417912838,0,0.00033,sector_b
2154.20833333,1.0028167903763305,0,0.00033,sector_b
2154.20972222,1.003112950042109,0,0.00033,sector_b
2154.21111111,1.0028870621263934,0,0.00033,sector_b
2154.2125,1.0035654596455499,0,0.00033,sector_b
2154.21388889,1.0025365946077336,0,0.00033,sector_b
2154.21527778,1.0028490555019647,0,0.00033,sector_b
2154.21666667,1.0026013917382273,0,0.00033,sector_b
2154.21805556,1.0034456938517116,0,0.00033,sector_b
2154.21944444,1.0035628999236772,0,0.00033,sector_b
2154.22083333,1.0031082773708542,0,0.00033,sector_b
2154.22222222,1.0026847114604809,0,0.00033,sector_b
2154.22361111,1.0034001510768116,0,0.00033,sector_b
2154.225,1.003336056389696,0,0.00033,sector_b
2154.22638889,1.0023997206078106,0,0.00033,sector_b
2154.22777778,1.0030217932844403,0,0.00033,sector_b
2154.22916667,1.0031193218717687,0,0.00033,sector_b
2154.23055556,1.0029432384050534,0,0.00033,sector_b
2154.23194444,1.003240414318605,0,0.00033,sector_b
2154.23333333,1.0033399778617458,0,0.00033,sector_b
2154.23472222,1.0035133109700036,0,0.00033,sector_b
2154.23611111,1.0036135501599022,0,0.00033,sector_b
2154.2375,1.0029292054355277,0,0.00033,sector_b
2154.23888889,1.0026607452967724,0,0.00033,sector_b
2154.24027778,1.0034318167623866,0,0.00033,sector_b
2154.24166667,1.002691763564116,0,0.00033,sector_b
2154.24305556,1.0036036340952508,0,0.00033,sector_b
2154.24444444,1.003323816838249,0,0.00033,sector_b
2154.24583333,1.0035089984075336,0,0.00033,sector_b
2154.24722222,1.0034968189934916,0,0.00033,sector_b
2154.24861111,1.003589086162793,0,0.00033,sector_b
2154.25,1.0034139865791627,0,0.00033,sector_b
2154.25138889,1.003586758758132,0,0.00033,sector_b
2154.25277778,1.002989930005505,0,0.00033,sector_b
2154.25416667,1.0028475693159487,0,0.00033,sector_b
2154.25555556,1.0032714534689506,0,0.00033,sector_b
2154.25694444,1.0034413911516866,0,0.00033,sector_b
2154.25833333,1.0026185809804316,0,0.00033,sector_b
2154.25972222,1.0030805278059787,0,0.00033,sector_b
2154.26111111,1.0032724340210133,0,0.00033,sector_b
2154.2625,1.0033713439189582,0,0.00033,sector_b
2154.26388889,1.003492618412942,0,0.00033,sector_b
2154.26527778,1.003072223235654,0,0.00033,sector_b
2154.26666667,1.0036742806601486,0,0.00033,sector_b
2154.26805556,1.0034018293864768,0,0.00033,sector_b
2154.26944444,1.0033535085876517,0,0.00033,sector_b
2154.27083333,1.002576169197729,0,0.00033,sector_b
2154.27222222,1.0033097530455433,0,0.00033,sector_b
2154.27361111,1.003256760930735,0,0.00033,sector_b
2154.275,1.0038183559415215,0,0.00033,sector_b
2154.27638889,1.00336129539321,0,0.00033,sector_b
2154.27777778,1.0031529523390725,0,0.00033,sector_b
2154.27916667,1.0035399064704387,0,0.00033,sector_b
2154.28055556,1.0034194959832976,0,0.00033,sector_b
2154.28194444,1.0037146576161688,0,0.00033,sector_b
2154.28333333,1.003347777200499,0,0.00033,sector_b
2154.28472222,1.0038185991601132,0,0.00033,sector_b
2154.28611111,1.0030344459621723,0,0.00033,sector_b
2154.2875,1.003654135724128,0,0.00033,sector_b
2154.28888889,1.0036779599700054,0,0.00033,sector_b
2154.29027778,1.0034258332590271,0,0.00033,sector_b
2154.29166667,1.004023456524459,0,0.00033,sector_b
2154.29305556,1.003846108428794,0,0.00033,sector_b
2154.29444444,1.0038252638728253,0,0.00033,sector_b
2154.29583333,1.0033478494659367,0,0.00033,sector_b
2154.29722222,1.0034832940913454,0,0.00033,sector_b
2154.29861111,1.0041346356061247,0,0.00033,sector_b
2154.3,1.0034294197721736,0,0.00033,sector_b
2154.30138889,1.003346100773829,0,0.00033,sector_b
2154.30277778,1.0036606944534525,0,0.00033,sector_b
2154.30416667,1.0036573648543385,0,0.00033,sector_b
2154.30555556,1.0038630377102984,0,0.00033,sector_b
2154.30694444,1.0039447248554332,0,0.00033,sector_b
2154.30833333,1.004343593341561,0,0.00033,sector_b
2154.30972222,1.0033902702925832,0,0.00033,sector_b
2154.31111111,1.0038960674091837,0,0.00033,sector_b
2154.3125,1.0036917179202107,0,0.00033,sector_b
2154.31388889,1.004045767109569,0,0.00033,sector_b
2154.31527778,1.0033347246877493,0,0.00033,sector_b
2154.31666667,1.003557463786333,0,0.00033,sector_b
2154.31805556,1.0034875554779532,0,0.00033,sector_b
2154.31944444,1.0035180165609083,0,0.00033,sector_b
2154.32083333,1.0035657219523058,0,0.00033,sector_b
2154.32222222,1.0034565860741123,0,0.00033,sector_b
2154.32361111,1.0040853934364409,0,0.00033,sector_b
2154.325,1.004314264498068,0,0.00033,sector_b
2154.32638889,1.0044163508715025,0,0.00033,sector_b
2154.32777778,1.0042629706723611,0,0.00033,sector_b
2154.32916667,1.0035816947812488,0,0.00033,sector_b
2154.33055556,1.004050524522619,0,0.00033,sector_b
2154.33194444,1.004015177876004,0,0.00033,sector_b
2154.33333333,1.0038964033552258,0,0.00033,sector_b
2154.33472222,1.003845773444742,0,0.00033,sector_b
2154.33611111,1.0041832007211462,0,0.00033,sector_b
2154.3375,1.0039605496296922,0,0.00033,sector_b
2154.33888889,1.0037423034773103,0,0.00033,sector_b
2154.34027778,1.0034293992065078,0,0.00033,sector_b
2154.34166667,1.0036024100762344,2048,0.00033,sector_b
2154.34305556,1.00412095725388,0,0.00033,sector_b
2154.34444444,1.0040545314333145,0,0.00033,sector_b
2154.34583333,1.0033164352069905,0,0.00033,sector_b
2154.34722222,1.0038226906835013,0,0.00033,sector_b
2154.34861111,1.003767891163943,0,0.00033,sector_b
2154.35,1.0038846191495256,0,0.00033,sector_b
2154.35138889,1.0039601722476261,0,0.00033,sector_b
2154.35277778,1.0035454016218694,0,0.00033,sector_b
2154.35416667,1.0042332409616759,0,0.00033,sector_b
2154.35555556,1.0038636865056372,0,0.00033,sector_b
2154.35694444,1.0043538235345433,0,0.00033,sector_b
2154.35833333,1.0039959837019798,0,0.00033,sector_b
2154.35972222,1.0040518737672144,0,0.00033,sector_b
2154.36111111,1.0040384441708001,0,0.00033,sector_b
2154.3625,1.0039146336364047,0,0.00033,sector_b
2154.36388889,1.0046155944708226,0,0.00033,sector_b
2154.36527778,1.0039544052262113,0,0.00033,sector_b
2154.36666667,1.0044364361510012,0,0.00033,sector_b
2154.36805556,1.0040535245221067,0,0.00033,sector_b
2154.36944444,1.0036704945487867,0,0.00033,sector_b
2154.37083333,1.0038451903042522,0,0.00033,sector_b
2154.37222222,1.004186452974141,0,0.00033,sector_b
2154.37361111,1.004426877531107,0,0.00033,sector_b
2154.375,1.0035714352630487,0,0.00033,sector_b
2154.37638889,1.0041791677759067,0,0.00033,sector_b
2154.37777778,1.0039789762420008,0,0.00033,sector_b
2154.37916667,1.0037057983997328,0,0.00033,sector_b
2154.38055556,1.004109852077267,0,0.00033,sector_b
2154.38194444,1.0040202164615732,0,0.00033,sector_b
2154.38333333,1.0035719649413883,0,0.00033,sector_b
2154.38472222,1.0042924072729327,0,0.00033,sector_b
2154.38611111,1.003935629835339,0,0.00033,sector_b
2154.3875,1.003934537632055,0,0.00033,sector_b
2154.38888889,1.0044349926200962,0,0.00033,sector_b
2154.39027778,1.0044099244523068,0,0.00033,sector_b
2154.39166667,1.00367715260839,0,0.00033,sector_b
2154.39305556,1.0050999304986643,0,0.00033,sector_b
2154.39444444,1.0041405081175063,0,0.00033,sector_b
2154.39583333,1.0045354570108092,0,0.00033,sector_b
2154.39722222,1.0036770095131224,0,0.00033,sector_b
2154.39861111,1.0038143248554854,0,0.00033,sector_b
2154.4,1.0043466958305485,0,0.00033,sector_b
2154.40138889,1.0048190726539834,0,0.00033,sector_b
2154.40277778,1.004331379871219,0,0.00033,sector_b
2154.40416667,1.0039742661617324,0,0.00033,sector_b
2154.40555556,1.0040710361477518,0,0.00033,sector_b
2154.40694444,1.0040869362300398,0,0.00033,sector_b
2154.40833333,1.0045934265701482,0,0.00033,sector_b
2154.40972222,1.0042157028295065,0,0.00033,sector_b
2154.41111111,1.0045572112923797,0,0.00033,sector_b
2154.4125,1.0043023518445722,0,0.00033,sector_b
2154.41388889,1.0042486268934374,0,0.00033,sector_b
2154.41527778,1.004292402505207,0,0.00033,sector_b
2154.41666667,1.00427082507799,0,0.00033,sector_b
2154.41805556,1.0042788646085452,0,0.00033,sector_b
2154.41944444,1.0042003085944755,0,0.00033,sector_b
2154.42083333,1.0036391308340518,0,0.00033,sector_b
2154.42222222,1.0045538923447537,0,0.00033,sector_b
2154.42361111,1.0040960235259273,0,0.00033,sector_b
2154.425,1.0046141399559667,0,0.00033,sector_b
2154.42638889,1.0039426089352699,0,0.00033,sector_b
2154.42777778,1.0045147951089093,0,0.00033,sector_b
2154.42916667,1.0039194250263856,0,0.00033,sector_b
2154.43055556,1.004596000051372,0,0.00033,sector_b
2154.43194444,1.004622509891656,0,0.00033,sector_b
2154.43333333,1.0036255366348745,0,0.00033,sector_b
2154.43472222,1.0037674450119642,0,0.00033,sector_b
2154.43611111,1.0043934892338742,0,0.00033,sector_b
2154.4375,1.0041068092141807,0,0.00033,sector_b
2154.43888889,1.0050222607833394,0,0.00033,sector_b
2154.44027778,1.003960255545368,0,0.00033,sector_b
2154.44166667,1.0044144284975483,0,0.00033,sector_b
2154.44305556,1.0044683470402906,0,0.00033,sector_b
2154.44444444,1.0047897811628017,0,0.00033,sector_b
2154.44583333,1.003895289368355,0,0.00033,sector_b
2154.44722222,1.004580579460585,0,0.00033,sector_b
2154.44861111,1.0047943123237153,0,0.00033,sector_b
2154.45,1.0048093647895868,0,0.00033,sector_b
2154.45138889,1.0045706633821931,0,0.00033,sector_b
2154.45277778,1.004467938723615,0,0.00033,sector_b
2154.45416667,1.0044516364514007,0,0.00033,sector_b
2154.45555556,1.0049010703470067,0,0.00033,sector_b
2154.45694444,1.0046764708240379,0,0.00033,sector_b
2154.45833333,1.0041327846395134,0,0.00033,sector_b
2154.45972222,1.0046038827211463,0,0.00033,sector_b
2154.46111111,1.0047094790636597,0,0.00033,sector_b
2154.4625,1.0044233705405599,0,0.00033,sector_b
2154.46388889,1.0041943000736484,0,0.00033,sector_b
2154.46527778,1.004814300981508,0,0.00033,sector_b
2154.46666667,1.0038745671535045,0,0.00033,sector_b
2154.46805556,1.0042024692787652,0,0.00033,sector_b
2154.46944444,1.0038473437787163,0,0.00033,sector_b
2154.47083333,1.0043781552928395,0,0.00033,sector_b
2154.47222222,1.0051520762255384,0,0.00033,sector_b
2154.47361111,1.0041202517403005,0,0.00033,sector_b
2154.475,1.0047600187075174,0,0.00033,sector_b
2154.47638889,1.0047098656469458,0,0.00033,sector_b
2154.47777778,1.0044180815550867,0,0.00033,sector_b
2154.47916667,1.0042959948273882,0,0.00033,sector_b
2154.48055556,1.0048646411967792,0,0.00033,sector_b
2154.48194444,1.0038914631715372,0,0.00033,sector_b
2154.48333333,1.0048530582102462,0,0.00033,sector_b
2154.48472222,1.0046120629824808,0,0.00033,sector_b
2154.48611111,1.005103854608371,0,0.00033,sector_b
2154.4875,1.0038795654357888,0,0.00033,sector_b
2154.48888889,1.0051103597837765,0,0.00033,sector_b
2154.49027778,1.0046449555657966,0,0.00033,sector_b
2154.49166667,1.0045534164328955,0,0.00033,sector_b
2154.49305556,1.004322993820622,0,0.00033,sector_b
2154.49444444,1.005160063900606,0,0.00033,sector_b
2154.49583333,1.004605460520401,0,0.00033,sector_b
2154.49722222,1.004898885315624,0,0.00033,sector_b
2154.49861111,1.0047942636945102,0,0.00033,sector_b
2154.5,1.0045216654194957,0,0.00033,sector_b
2154.50138889,1.0050982941433417,0,0.00033,sector_b
2154.50277778,1.0052179183080039,0,0.00033,sector_b
2154.50416667,1.0049425465684712,0,0.00033,sector_b
2154.50555556,1.0046986352109635,0,0.00033,sector_b
2154.50694444,1.0053874716593638,0,0.00033,sector_b
2154.50833333,1.0044150325644887,0,0.00033,sector_b
2154.50972222,1.0046065030875198,0,0.00033,sector_b
2154.51111111,1.0046607374687595,0,0.00033,sector_b
2154.5125,1.005358778927904,0,0.00033,sector_b
2154.51388889,1.00486062286277,0,0.00033,sector_b
2154.51527778,1.0046706879247231,0,0.00033,sector_b
2154.51666667,1.0048075193019672,0,0.00033,sector_b
2154.51805556,1.0049723614492103,0,0.00033,sector_b
2154.51944444,1.0046355421705608,0,0.00033,sector_b
2154.52083333,1.0051182680178297,0,0.00033,sector_b
2154.52222222,1.0046764018918315,0,0.00033,sector_b
2154.52361111,1.0048204363578788,0,0.00033,sector_b
2154.525,1.00480742236385,0,0.00033,sector_b
2154.52638889,1.0048150689485427,0,0.00033,sector_b
2154.52777778,1.0051706669570803,0,0.00033,sector_b
2154.52916667,1.0052091705537525,0,0.00033,sector_b
2154.53055556,1.0048871607379781,0,0.00033,sector_b
2154.53194444,1.0050205570849886,0,0.00033,sector_b
2154.53333333,1.0049406592570995,0,0.00033,sector_b
2154.53472222,1.0050619415332396,0,0.00033,sector_b
2154.53611111,1.0048408203037689,0,0.00033,sector_b
2154.5375,1.005234921496612,0,0.00033,sector_b
2154.53888889,1.0049099376209814,0,0.00033,sector_b
2154.54027778,1.0052368919477204,0,0.00033,sector_b
2154.54166667,1.0049090234735205,0,0.00033,sector_b
2154.54305556,1.0052407646788637,0,0.00033,sector_b
2154.54444444,1.005014147281734,0,0.00033,sector_b
2154.54583333,1.004889612194469,0,0.00033,sector_b
2154.54722222,1.0049861881733453,0,0.00033,sector_b
2154.54861111,1.0049688506046324,0,0.00033,sector_b
2154.55,1.0053356091722456,0,0.00033,sector_b
2154.55138889,1.0049413471898876,0,0.00033,sector_b
2154.55277778,1.0052734938374805,0,0.00033,sector_b
2154.55416667,1.0052082295971045,0,0.00033,sector_b
2154.55555556,1.0056853473556182,0,0.00033,sector_b
2154.55694444,1.004845154181757,0,0.00033,sector_b
2154.55833333,1.0053337983106572,0,0.00033,sector_b
2154.55972222,1.0052243552577635,0,0.00033,sector_b
2154.56111111,1.0053090550472585,0,0.00033,sector_b
2154.5625,1.0047262654767153,0,0.00033,sector_b
2154.56388889,1.0047231845066449,0,0.00033,sector_b
2154.56527778,1.0050008407263378,0,0.00033,sector_b
2154.56666667,1.0054136349945395,0,0.00033,sector_b
2154.56805556,1.0050983986158748,0,0.00033,sector_b
2154.56944444,1.0049240377564284,0,0.00033,sector_b
2154.57083333,1.0053289050496796,0,0.00033,sector_b
2154.57222222,1.0044237606145856,0,0.00033,sector_b
2154.57361111,1.0056821006649657,0,0.00033,sector_b
2154.575,1.005132034626156,0,0.00033,sector_b
2154.57638889,1.0050809095505624,0,0.00033,sector_b
2154.57777778,1.005220330142407,2048,0.00033,sector_b
2154.57916667,1.0051641418154782,0,0.00033,sector_b
2154.58055556,1.0051734631033822,0,0.00033,sector_b
2154.58194444,1.0054046926359872,0,0.00033,sector_b
2154.58333333,1.0059290072406226,0,0.00033,sector_b
2154.58472222,1.0059527767041965,0,0.00033,sector_b
2154.58611111,1.0049648458034313,0,0.00033,sector_b
2154.5875,1.0049845420507821,0,0.00033,sector_b
2154.58888889,1.004997993075487,0,0.00033,sector_b
2154.59027778,1.0054699398912494,0,0.00033,sector_b
2154.59166667,1.0058334587054225,0,0.00033,sector_b
2154.59305556,1.0055882203158817,0,0.00033,sector_b
2154.59444444,1.0054310682268004,0,0.00033,sector_b
2154.59583333,1.0054846463362108,0,0.00033,sector_b
2154.59722222,1.0051846489761573,0,0.00033,sector_b
2154.59861111,1.0055425027098337,0,0.00033,sector_b
2154.6,1.0052225392562522,0,0.00033,sector_b
2154.60138889,1.0057163641046556,0,0.00033,sector_b
2154.60277778,1.0049948727191416,0,0.00033,sector_b
2154.60416667,1.0045358921709253,0,0.00033,sector_b
2154.60555556,1.0055639564796641,0,0.00033,sector_b
2154.60694444,1.0055763210740025,0,0.00033,sector_b
2154.60833333,1.0057158374238206,0,0.00033,sector_b
2154.60972222,1.0053822401071608,0,0.00033,sector_b
2154.61111111,1.005019238821054,0,0.00033,sector_b
2154.6125,1.0060412933658256,0,0.00033,sector_b
2154.61388889,1.0052939195884274,0,0.00033,sector_b
2154.61527778,1.0052498653166972,0,0.00033,sector_b
2154.61666667,1.0053624234651837,0,0.00033,sector_b
2154.61805556,1.0055773448029526,0,0.00033,sector_b
2154.61944444,1.0052379352074134,0,0.00033,sector_b
2154.62083333,1.0056217292534284,0,0.00033,sector_b
2154.62222222,1.0052188256265595,0,0.00033,sector_b
2154.62361111,1.0056155306100898,0,0.00033,sector_b
2154.625,1.0051893674504564,0,0.00033,sector_b
2154.62638889,1.0056544679096184,0,0.00033,sector_b
2154.62777778,1.005432579581595,0,0.00033,sector_b
2154.62916667,1.0055141816397661,0,0.00033,sector_b
2154.63055556,1.0050907813211587,0,0.00033,sector_b
2154.63194444,1.0055836974795187,0,0.00033,sector_b
2154.63333333,1.00526198041492,0,0.00033,sector_b
2154.63472222,1.0055075637186153,0,0.00033,sector_b
2154.63611111,1.0060111490159502,0,0.00033,sector_b
2154.6375,1.0058267963221006,0,0.00033,sector_b
2154.63888889,1.0056802641960492,0,0.00033,sector_b
2154.64027778,1.0055422729300567,0,0.00033,sector_b
2154.64166667,1.0057014063309866,0,0.00033,sector_b
2154.64305556,1.0060183785343748,0,0.00033,sector_b
2154.64444444,1.0049705904841906,0,0.00033,sector_b
2154.64583333,1.0061330970870255,0,0.00033,sector_b
2154.64722222,1.0056122873739053,0,0.00033,sector_b
2154.64861111,1.0059297520104158,0,0.00033,sector_b
2154.65,1.0055719892707415,0,0.00033,sector_b
2154.65138889,1.0054225609210323,0,0.00033,sector_b
2154.65277778,1.0052347497063927,0,0.00033,sector_b
2154.65416667,1.0055646161393064,0,0.00033,sector_b
2154.65555556,1.0047416489597552,0,0.00033,sector_b
2154.65694444,1.0055271549998026,0,0.00033,sector_b
2154.65833333,1.0056156592466305,0,0.00033,sector_b
2154.65972222,1.0058000306923731,0,0.00033,sector_b
2154.66111111,1.0056500025917259,0,0.00033,sector_b
2154.6625,1.006550303354579,0,0.00033,sector_b
2154.66388889,1.0056880133197523,0,0.00033,sector_b
2154.66527778,1.005866736937239,0,0.00033,sector_b
2154.66666667,1.0059111138713581,0,0.00033,sector_b
2154.66805556,1.0057313155312473,0,0.00033,sector_b
2154.66944444,1.0058776674999634,0,0.00033,sector_b
2154.67083333,1.0056591549467149,0,0.00033,sector_b
2154.67222222,1.0055059814988077,0,0.00033,sector_b
2154.67361111,1.0054150945204265,0,0.00033,sector_b
2154.675,1.005312350221783,0,0.00033,sector_b
2154.67638889,1.0055286555139205,0,0.00033,sector_b
2154.67777778,1.0056882409185615,0,0.00033,sector_b
2154.67916667,1.005651307189573,0,0.00033,sector_b
2154.68055556,1.0061331184072313,0,0.00033,sector_b
2154.68194444,1.005988101000498,0,0.00033,sector_b
2154.68333333,1.00574882342864,0,0.00033,sector_b
2154.68472222,1.0060845042793327,0,0.00033,sector_b
2154.68611111,1.0056956400277395,0,0.00033,sector_b
2154.6875,1.0059173090873577,0,0.00033,sector_b
2154.68888889,1.005302999481157,0,0.00033,sector_b
2154.69027778,1.0054364964823108,0,0.00033,sector_b
2154.69166667,1.005445460907534,0,0.00033,sector_b
2154.69305556,1.0057825478871496,0,0.00033,sector_b
2154.69444444,1.006064679780209,0,0.00033,sector_b
2154.69583333,1.005715564322881,0,0.00033,sector_b
2154.69722222,1.0060877567833244,0,0.00033,sector_b
2154.69861111,1.006449132780927,0,0.00033,sector_b
2154.7,1.0056862045633779,0,0.00033,sector_b
2154.70138889,1.0059808281987932,0,0.00033,sector_b
2154.70277778,1.006187670529268,0,0.00033,sector_b
2154.70416667,1.006118950612128,0,0.00033,sector_b
2154.70555556,1.0058534313328653,0,0.00033,sector_b
2154.70694444,1.006060579784267,0,0.00033,sector_b
2154.70833333,1.005654360180199,0,0.00033,sector_b
2154.70972222,1.0052855644163656,0,0.00033,sector_b
2154.71111111,1.0062090244280857,0,0.00033,sector_b
2154.7125,1.0060841006687147,0,0.00033,sector_b
2154.71388889,1.0059852754801188,0,0.00033,sector_b
2154.71527778,1.0059859206589297,0,0.00033,sector_b
2154.71666667,1.0058013014585652,0,0.00033,sector_b
2154.71805556,1.0058264746289816,0,0.00033,sector_b
2154.71944444,1.006456900620489,0,0.00033,sector_b
2154.72083333,1.00558041001031,0,0.00033,sector_b
2154.72222222,1.0064489003407815,0,0.00033,sector_b
2154.72361111,1.0055038357072135,0,0.00033,sector_b
2154.725,1.0060082153431367,0,0.00033,sector_b
2154.72638889,1.0054622437839897,0,0.00033,sector_b
2154.72777778,1.0066714710863955,0,0.00033,sector_b
2154.72916667,1.0063475975895746,0,0.00033,sector_b
2154.73055556,1.0057677419182238,0,0.00033,sector_b
2154.73194444,1.0055876058484314,0,0.00033,sector_b
2154.73333333,1.0056671305105849,0,0.00033,sector_b
2154.73472222,1.006518409554385,0,0.00033,sector_b
2154.73611111,1.0059195603648747,0,0.00033,sector_b
2154.7375,1.0058813855918871,0,0.00033,sector_b
2154.73888889,1.0061031118505446,0,0.00033,sector_b
2154.74027778,1.0057552713137106,0,0.00033,sector_b
2154.74166667,1.0061448640295898,0,0.00033,sector_b
2154.74305556,1.0061212534942545,0,0.00033,sector_b
2154.74444444,1.0059499743276465,0,0.00033,sector_b
2154.74583333,1.0059906573761146,0,0.00033,sector_b
2154.74722222,1.0065353025362545,0,0.00033,sector_b
2154.74861111,1.0061972909577337,0,0.00033,sector_b
2154.75,1.0062351637578828,0,0.00033,sector_b
2154.75138889,1.0063605838370782,0,0.00033,sector_b
2154.75277778,1.0056379689187032,0,0.00033,sector_b
2154.75416667,1.005709427903999,0,0.00033,sector_b
2154.75555556,1.0059446670333647,0,0.00033,sector_b
2154.75694444,1.006029665739103,0,0.00033,sector_b
2154.75833333,1.0057619698246836,0,0.00033,sector_b
2154.75972222,1.006468198957411,0,0.00033,sector_b
2154.76111111,1.0063407418398116,0,0.00033,sector_b
2154.7625,1.0061771233185195,0,0.00033,sector_b
2154.76388889,1.0063529228616936,0,0.00033,sector_b
2154.76527778,1.006312491134288,0,0.00033,sector_b
2154.76666667,1.006717611126247,0,0.00033,sector_b
2154.76805556,1.005815640442188,0,0.00033,sector_b
2154.76944444,1.0064226387958646,0,0.00033,sector_b
2154.77083333,1.006493908838032,0,0.00033,sector_b
2154.77222222,1.0062878644098145,0,0.00033,sector_b
2154.77361111,1.0059177943191375,0,0.00033,sector_b
2154.775,1.0059013250890296,0,0.00033,sector_b
2154.77638889,1.0056359658788354,0,0.00033,sector_b
2154.77777778,1.0061125659967893,0,0.00033,sector_b
2154.77916667,1.005964545104291,0,0.00033,sector_b
2154.78055556,1.006800254346101,0,0.00033,sector_b
2154.78194444,1.0065436051698526,0,0.00033,sector_b
2154.78333333,1.0060368827537582,0,0.00033,sector_b
2154.78472222,1.0064945875666227,0,0.00033,sector_b
2154.78611111,1.0056957253212668,0,0.00033,sector_b
2154.7875,1.006285465966053,0,0.00033,sector_b
2154.78888889,1.0059759372848707,0,0.00033,sector_b
2154.79027778,1.0061926992401165,0,0.00033,sector_b
2154.79166667,1.0065151231439324,0,0.00033,sector_b
2154.79305556,1.0064390599294715,0,0.00033,sector_b
2154.79444444,1.0058448064383672,0,0.00033,sector_b
2154.79583333,1.0056593276284316,0,0.00033,sector_b
2154.79722222,1.0065052352850357,0,0.00033,sector_b
2154.79861111,1.0065112949530353,0,0.00033,sector_b
2154.8,1.0067169343656153,0,0.00033,sector_b
2154.80138889,1.006545630608216,0,0.00033,sector_b
2154.80277778,1.0061125140654235,0,0.00033,sector_b
2154.80416667,1.00648288703136,0,0.00033,sector_b
2154.80555556,1.0061082832800892,0,0.00033,sector_b
2154.80694444,1.0065280618702308,0,0.00033,sector_b
2154.80833333,1.006344894429537,0,0.00033,sector_b
2154.80972222,1.0066063652494446,0,0.00033,sector_b
2154.81111111,1.0059174520507286,0,0.00033,sector_b
2154.8125,1.0060621599630437,0,0.00033,sector_b
2154.81388889,1.0063918375268375,0,0.00033,sector_b
2154.81527778,1.006321563943821,0,0.00033,sector_b
2154.81666667,1.0064015313133303,0,0.00033,sector_b
2154.81805556,1.0065948088756687,0,0.00033,sector_b
2154.81944444,1.0059152607318151,0,0.00033,sector_b
2154.82083333,1.0063815845644444,0,0.00033,sector_b
2154.82222222,1.0066516725812054,0,0.00033,sector_b
2154.82361111,1.0058996273148841,0,0.00033,sector_b
2154.825,1.0065117821090912,0,0.00033,sector_b
2154.82638889,1.0063866643626376,0,0.00033,sector_b
2154.82777778,1.0066574107356279,0,0.00033,sector_b
2154.82916667,1.0064166346564136,0,0.00033,sector_b
2154.83055556,1.0063276529310239,0,0.00033,sector_b
2154.83194444,1.0062559849118713,0,0.00033,sector_b
2154.83333333,1.006147087174033,0,0.00033,sector_b
2154.83472222,1.0061068992468887,0,0.00033,sector_b
2154.83611111,1.006415466671355,0,0.00033,sector_b
2154.8375,1.0063603661892093,0,0.00033,sector_b
2154.83888889,1.0063879446595987,0,0.00033,sector_b
2154.84027778,1.0069481958511253,0,0.00033,sector_b
2154.84166667,1.00620040990429,0,0.00033,sector_b
2154.84305556,1.0065983533982776,0,0.00033,sector_b
2154.84444444,1.0061204334879112,0,0.00033,sector_b
2154.84583333,1.0070556142889087,0,0.00033,sector_b
2154.84722222,1.0062183252562644,0,0.00033,sector_b
2154.84861111,1.0067457187888706,0,0.00033,sector_b
2154.85,1.0063621241259395,0,0.00033,sector_b
2154.85138889,1.0062512850554304,0,0.00033,sector_b
2154.85277778,1.0073035847137126,0,0.00033,sector_b
2154.85416667,1.0065722182391927,0,0.00033,sector_b
2154.85555556,1.0070451876800255,0,0.00033,sector_b
2154.85694444,1.006678352920915,0,0.00033,sector_b
2154.85833333,1.0064183760242642,0,0.00033,sector_b
2154.85972222,1.0063912362875405,0,0.00033,sector_b
2154.86111111,1.0060576926422669,0,0.00033,sector_b
2154.8625,1.0061922305484583,2048,0.00033,sector_b
2154.86388889,1.006086606946913,0,0.00033,sector_b
2154.86527778,1.0063876772853768,0,0.00033,sector_b
2154.86666667,1.006538116602033,0,0.00033,sector_b
2154.86805556,1.0064032554187623,0,0.00033,sector_b
2154.86944444,1.006470861763344,0,0.00033,sector_b
2154.87083333,1.0066039862661131,0,0.00033,sector_b
2154.87222222,1.0067046103949682,0,0.00033,sector_b
2154.87361111,1.0067635647188193,0,0.00033,sector_b
2154.875,1.0065571048295836,0,0.00033,sector_b
2154.87638889,1.0063061689904873,0,0.00033,sector_b
2154.87777778,1.006171205443274,0,0.00033,sector_b
2154.87916667,1.0064496444398587,0,0.00033,sector_b
2154.88055556,1.0065645265413488,0,0.00033,sector_b
2154.88194444,1.006676487041423,0,0.00033,sector_b
2154.88333333,1.006922211304575,0,0.00033,sector_b
2154.88472222,1.0061916473628638,0,0.00033,sector_b
2154.88611111,1.006245125400827,0,0.00033,sector_b
2154.8875,1.006456248810918,0,0.00033,sector_b
2154.88888889,1.0070414326770987,0,0.00033,sector_b
2154.89027778,1.0059059869890838,0,0.00033,sector_b
2154.89166667,1.006428534866178,0,0.00033,sector_b
2154.89305556,1.006933645402793,0,0.00033,sector_b
2154.89444444,1.0063911813036255,0,0.00033,sector_b
2154.89583333,1.0069176648047047,4096,0.00033,sector_b
2154.89722222,1.006669960704104,0,0.00033,sector_b
2154.89861111,1.006927565298366,0,0.00033,sector_b
2154.9,1.006344579108108,0,0.00033,sector_b
2154.90138889,1.0070175350182382,0,0.00033,sector_b
2154.90277778,1.0067449197167422,0,0.00033,sector_b
2154.90416667,1.0062419098184023,0,0.00033,sector_b
2154.90555556,1.0064607896702056,0,0.00033,sector_b
2154.90694444,1.0066430842900844,0,0.00033,sector_b
2154.90833333,1.0070417964061553,0,0.00033,sector_b
2154.90972222,1.006999971651673,0,0.00033,sector_b
2154.91111111,1.0067119153927557,0,0.00033,sector_b
2154.9125,1.0064864860171203,0,0.00033,sector_b
2154.91388889,1.0062935704147355,0,0.00033,sector_b
2154.91527778,1.0065463715002938,0,0.00033,sector_b
2154.91666667,1.006279599050155,0,0.00033,sector_b
2154.91805556,1.0065982452554183,0,0.00033,sector_b
2154.91944444,1.0064676431844168,0,0.00033,sector_b
2154.92083333,1.0069389420640336,0,0.00033,sector_b
2154.92222222,1.0074776680183093,0,0.00033,sector_b
2154.92361111,1.0071296836055401,0,0.00033,sector_b
2154.925,1.0065359414380657,0,0.00033,sector_b
2154.92638889,1.0061846888100112,0,0.00033,sector_b
2154.92777778,1.0068455047579448,0,0.00033,sector_b
2154.92916667,1.0069133470969465,0,0.00033,sector_b
2154.93055556,1.0070970407123345,0,0.00033,sector_b
2154.93194444,1.0073368766635344,0,0.00033,sector_b
2154.93333333,1.0064720336410031,0,0.00033,sector_b
2154.93472222,1.0073671283125616,0,0.00033,sector_b
2154.93611111,1.0068551526712195,0,0.00033,sector_b
2154.9375,1.0067279152469504,0,0.00033,sector_b
2154.93888889,1.0069730906230716,0,0.00033,sector_b
2154.94027778,1.0070664344864206,0,0.00033,sector_b
2154.94166667,1.0068587787494228,0,0.00033,sector_b
2154.94305556,1.006640844938119,0,0.00033,sector_b
2154.94444444,1.0069169784274898,0,0.00033,sector_b
2154.94583333,1.005973928501384,0,0.00033,sector_b
2154.94722222,1.0077080200975361,0,0.00033,sector_b
2154.94861111,1.0065237194063332,0,0.00033,sector_b
2154.95,1.0066980771895913,0,0.00033,sector_b
2154.95138889,1.0067199947402006,0,0.00033,sector_b
2154.95277778,1.0073410424720661,2048,0.00033,sector_b
2154.95416667,1.0068998130759066,0,0.00033,sector_b
2154.95555556,1.0068296960472847,0,0.00033,sector_b
2154.95694444,1.0069235596875437,0,0.00033,sector_b
2154.95833333,1.0069586774536519,0,0.00033,sector_b
2154.95972222,1.006527305027105,0,0.00033,sector_b
2154.96111111,1.007124805053291,0,0.00033,sector_b
2154.9625,1.006672638724309,0,0.00033,sector_b
2154.96388889,1.0071981824588356,0,0.00033,sector_b
2154.96527778,1.0069336168366563,0,0.00033,sector_b
2154.96666667,1.006388657842396,0,0.00033,sector_b
2154.96805556,1.0068878429133907,0,0.00033,sector_b
2154.96944444,1.0067469403831608,0,0.00033,sector_b
2154.97083333,1.007283723007061,0,0.00033,sector_b
2154.97222222,1.0069950340175924,0,0.00033,sector_b
2154.97361111,1.0067852421105643,0,0.00033,sector_b
2154.975,1.0075056520893446,0,0.00033,sector_b
2154.97638889,1.007456177563044,4096,0.00033,sector_b
2154.97777778,1.0065739825568762,0,0.00033,sector_b
2154.97916667,1.0068832655245983,0,0.00033,sector_b
2154.98055556,1.0069647081524642,0,0.00033,sector_b
2154.98194444,1.0068908347549252,0,0.00033,sector_b
2154.98333333,1.0071175158535972,0,0.00033,sector_b
2154.98472222,1.006763456680212,0,0.00033,sector_b
2154.98611111,1.0072848271065074,0,0.00033,sector_b
2154.9875,1.0069761721341253,0,0.00033,sector_b
2154.98888889,1.0067342214496326,0,0.00033,sector_b
2154.99027778,1.006886227473374,0,0.00033,sector_b
2154.99166667,1.0073645323591123,0,0.00033,sector_b
2154.99305556,1.0068559970902486,0,0.00033,sector_b
2154.99444444,1.0069250795786577,0,0.00033,sector_b
2154.99583333,1.0065621719703655,0,0.00033,sector_b
2154.99722222,1.0073222831880972,0,0.00033,sector_b
2154.99861111,1.0062703945183866,0,0.00033,sector_b
2155.0,1.0075019562507768,0,0.00033,sector_b
2155.00138889,1.0068930825229523,0,0.00033,sector_b
2155.00277778,1.0075082021417836,0,0.00033,sector_b
2155.00416667,1.0070731370380301,0,0.00033,sector_b
2155.00555556,1.006537831376614,0,0.00033,sector_b
2155.00694444,1.0072615368093052,0,0.00033,sector_b
2155.00833333,1.006912518027681,0,0.00033,sector_b
2155.00972222,1.0072310888674767,0,0.00033,sector_b
2155.01111111,1.006574563477044,0,0.00033,sector_b
2155.0125,1.006799733385048,0,0.00033,sector_b
2155.01388889,1.0069644135781703,0,0.00033,sector_b
2155.01527778,1.0069592873157722,0,0.00033,sector_b
2155.01666667,1.0067890700118982,0,0.00033,sector_b
2155.01805556,1.0071186985625586,0,0.00033,sector_b
2155.01944444,1.0076205894296366,0,0.00033,sector_b
2155.02083333,1.0074236600767,0,0.00033,sector_b
2155.02222222,1.0069196704278731,0,0.00033,sector_b
2155.02361111,1.0071637971220933,0,0.00033,sector_b
2155.025,1.0071231416863529,0,0.00033,sector_b
2155.02638889,1.007413324789759,0,0.00033,sector_b
2155.02777778,1.0066170307166538,0,0.00033,sector_b
2155.02916667,1.0066588855521177,0,0.00033,sector_b
2155.03055556,1.00701831820387,0,0.00033,sector_b
2155.03194444,1.0071893918576058,0,0.00033,sector_b
2155.03333333,1.006981106968672,0,0.00033,sector_b
2155.03472222,1.0070155822259188,0,0.00033,sector_b
2155.03611111,1.0069476273618085,0,0.00033,sector_b
2155.0375,1.007696516708741,0,0.00033,sector_b
2155.03888889,1.0066519584211828,0,0.00033,sector_b
2155.04027778,1.0073006079320788,0,0.00033,sector_b
2155.04166667,1.0073105387911623,0,0.00033,sector_b
2155.04305556,1.0070163040163265,0,0.00033,sector_b
2155.04444444,1.0072540556887672,0,0.00033,sector_b
2155.04583333,1.0070357201510949,0,0.00033,sector_b
2155.04722222,1.0070640382703773,0,0.00033,sector_b
2155.04861111,1.0071768835909307,0,0.00033,sector_b
2155.05,1.006535119275081,0,0.00033,sector_b
2155.05138889,1.007642134334348,0,0.00033,sector_b
2155.05277778,1.007201385387157,0,0.00033,sector_b
2155.05416667,1.0069651599756235,0,0.00033,sector_b
2155.05555556,1.0071439022692408,0,0.00033,sector_b
2155.05694444,1.0070632232264678,0,0.00033,sector_b
2155.05833333,1.0074755296966713,0,0.00033,sector_b
2155.05972222,1.0076266738711035,0,0.00033,sector_b
2155.06111111,1.006825339341933,0,0.00033,sector_b
2155.0625,1.0074167213023084,0,0.00033,sector_b
2155.06388889,1.0070302049561646,0,0.00033,sector_b
2155.06527778,1.0070878258338782,0,0.00033,sector_b
2155.06666667,1.007335484496688,0,0.00033,sector_b
2155.06805556,1.0071382151987827,0,0.00033,sector_b
2155.06944444,1.0071874285536067,0,0.00033,sector_b
2155.07083333,1.0070700346278154,0,0.00033,sector_b
2155.07222222,1.0071533549827736,0,0.00033,sector_b
2155.07361111,1.0074917252195232,0,0.00033,sector_b
2155.075,1.0070718258385833,0,0.00033,sector_b
2155.07638889,1.0072605750422288,0,0.00033,sector_b
2155.07777778,1.006908747715272,0,0.00033,sector_b
2155.07916667,1.0075982309259484,0,0.00033,sector_b
2155.08055556,1.006949345921384,0,0.00033,sector_b
2155.08194444,1.0069926477083233,0,0.00033,sector_b
2155.08333333,1.0066772052641617,0,0.00033,sector_b
2155.08472222,1.0069425259863798,0,0.00033,sector_b
2155.08611111,1.0070195466229017,0,0.00033,sector_b
2155.0875,1.0069604434389445,0,0.00033,sector_b
2155.08888889,1.0071409288416124,0,0.00033,sector_b
2155.09027778,1.007469858024954,0,0.00033,sector_b
2155.09166667,1.006793028753363,0,0.00033,sector_b
2155.09305556,1.0073884875658483,0,0.00033,sector_b
2155.09444444,1.0073417349800626,0,0.00033,sector_b
2155.09583333,1.0070089752592444,2048,0.00033,sector_b
2155.09722222,1.0071898442040779,0,0.00033,sector_b
2155.09861111,1.0075963688897172,0,0.00033,sector_b
2155.1,1.0076247950666681,0,0.00033,sector_b
2155.10138889,1.006943481116779,0,0.00033,sector_b
2155.10277778,1.0064504990522836,0,0.00033,sector_b
2155.10416667,1.007697172475258,0,0.00033,sector_b
2155.10555556,1.0079271565261299,0,0.00033,sector_b
2155.10694444,1.0072857331233545,0,0.00033,sector_b
2155.10833333,1.00706052901677,0,0.00033,sector_b
2155.10972222,1.0073534298052662,0,0.00033,sector_b
2155.11111111,1.006919201037553,0,0.00033,sector_b
2155.1125,1.0075911551493517,4096,0.00033,sector_b
2155.11388889,1.0071394218541034,0,0.00033,sector_b
2155.11527778,1.0075237102501542,0,0.00033,sector_b
2155.11666667,1.0076258677558967,0,0.00033,sector_b
2155.11805556,1.0072250536260872,0,0.00033,sector_b
2155.11944444,1.0072729507478546,0,0.00033,sector_b
2155.12083333,1.0072298863747655,0,0.00033,sector_b
2155.12222222,1.007546647304942,0,0.00033,sector_b
2155.12361111,1.0070875344618395,0,0.00033,sector_b
2155.125,1.0069801886522933,0,0.00033,sector_b
2155.12638889,1.0075867796381308,0,0.00033,sector_b
2155.12777778,1.0070593015436482,0,0.00033,sector_b
2155.12916667,1.0069709487427616,0,0.00033,sector_b
2155.13055556,1.0080216509593367,0,0.00033,sector_b
2155.13194444,1.0072373603044715,0,0.00033,sector_b
2155.13333333,1.007054292251027,0,0.00033,sector_b
2155.13472222,1.0072696702476205,0,0.00033,sector_b
2155.13611111,1.0068709510960965,0,0.00033,sector_b
2155.1375,1.007120906020587,0,0.00033,sector_b
2155.13888889,1.006752061946332,0,0.00033,sector_b
2155.14027778,1.0072016835709448,0,0.00033,sector_b
2155.14166667,1.0075061591733185,0,0.00033,sector_b
2155.14305556,1.0082638099164527,0,0.00033,sector_b
2155.14444444,1.0072343690092185,0,0.00033,sector_b
2155.14583333,1.0073718447789433,0,0.00033,sector_b
2155.14722222,1.0074704516049127,0,0.00033,sector_b
2155.14861111,1.0071830015776062,0,0.00033,sector_b
2155.15,1.0072158513397764,0,0.00033,sector_b
2155.15138889,1.0072243402679149,0,0.00033,sector_b
2155.15277778,1.0075654857725913,0,0.00033,sector_b
2155.15416667,1.0077476275299004,0,0.00033,sector_b
2155.15555556,1.0073916966171608,0,0.00033,sector_b
2155.15694444,1.0072559540651922,0,0.00033,sector_b
2155.15833333,1.0068009577101993,0,0.00033,sector_b
2155.15972222,1.0068510498216654,0,0.00033,sector_b
2155.16111111,1.007084949230618,0,0.00033,sector_b
2155.1625,1.0067285196554716,0,0.00033,sector_b
2155.16388889,1.0071156242772932,0,0.00033,sector_b
2155.16527778,1.0074270996709687,0,0.00033,sector_b
2155.16666667,1.007324728689606,0,0.00033,sector_b
2155.16805556,1.0071684345689582,0,0.00033,sector_b
2155.16944444,1.0077656417181813,0,0.00033,sector_b
2155.17083333,1.0076116801871005,0,0.00033,sector_b
2155.17222222,1.0075975053486674,0,0.00033,sector_b
2155.17361111,1.0074712785994595,0,0.00033,sector_b
2155.175,1.0071358184409624,0,0.00033,sector_b
2155.17638889,1.0073832151231161,0,0.00033,sector_b
2155.17777778,1.007051278280947,0,0.00033,sector_b
2155.17916667,1.0074649129842925,0,0.00033,sector_b
2155.18055556,1.0066380214220678,0,0.00033,sector_b
2155.18194444,1.0078530534129067,0,0.00033,sector_b
2155.18333333,1.0074099279733786,0,0.00033,sector_b
2155.18472222,1.0075173865868483,0,0.00033,sector_b
2155.18611111,1.0070873609778557,0,0.00033,sector_b
2155.1875,1.0071793828508129,0,0.00033,sector_b
2155.18888889,1.0074782029719644,0,0.00033,sector_b
2155.19027778,1.0080911371669687,0,0.00033,sector_b
2155.19166667,1.0074073123603806,0,0.00033,sector_b
2155.19305556,1.0075421784467968,0,0.00033,sector_b
2155.19444444,1.0069179237896726,0,0.00033,sector_b
2155.19583333,1.0069556989361232,0,0.00033,sector_b
2155.19722222,1.007624669421785,0,0.00033,sector_b
2155.19861111,1.0065935403236046,4096,0.00033,sector_b
2155.2,1.0073556982556888,0,0.00033,sector_b
2155.20138889,1.0071569104193079,0,0.00033,sector_b
2155.20277778,1.0076695849826616,0,0.00033,sector_b
2155.20416667,1.0072673700336299,0,0.00033,sector_b
2155.20555556,1.0072248363923437,0,0.00033,sector_b
2155.20694444,1.0072891820793395,0,0.00033,sector_b
2155.20833333,1.0078821623868077,0,0.00033,sector_b
2155.20972222,1.0080140005670577,0,0.00033,sector_b
2155.21111111,1.0076741468870622,0,0.00033,sector_b
2155.2125,1.0075043231597294,0,0.00033,sector_b
2155.21388889,1.0075877834366576,0,0.00033,sector_b
2155.21527778,1.007434954052746,0,0.00033,sector_b
2155.21666667,1.0075244999395645,0,0.00033,sector_b
2155.21805556,1.0072242920934478,0,0.00033,sector_b
2155.21944444,1.0076449365554578,0,0.00033,sector_b
2155.22083333,1.0076113798024917,0,0.00033,sector_b
2155.22222222,1.0077452057061775,0,0.00033,sector_b
2155.22361111,1.0069205735692623,0,0.00033,sector_b
2155.225,1.0075169347774726,4096,0.00033,sector_b
2155.22638889,1.0074436712771853,0,0.00033,sector_b
2155.22777778,1.0076920821664013,0,0.00033,sector_b
2155.22916667,1.0078358246529435,0,0.00033,sector_b
2155.23055556,1.007452179958989,0,0.00033,sector_b
2155.23194444,1.007449663721795,0,0.00033,sector_b
2155.23333333,1.007598401137871,0,0.00033,sector_b
2155.23472222,1.0069606223348568,0,0.00033,sector_b
2155.23611111,1.0075788199065034,0,0.00033,sector_b
2155.2375,1.007572760973755,0,0.00033,sector_b
2155.23888889,1.007423042832385,0,0.00033,sector_b
2155.24027778,1.0070216329930255,0,0.00033,sector_b
2155.24166667,1.0077297550636597,0,0.00033,sector_b
2155.24305556,1.0074628819603355,0,0.00033,sector_b
2155.24444444,1.0082704781376237,0,0.00033,sector_b
2155.24583333,1.0079883893260277,0,0.00033,sector_b
2155.24722222,1.0073079377104424,0,0.00033,sector_b
2155.24861111,1.0070689680622777,0,0.00033,sector_b
2155.25,1.0074452774226843,4096,0.00033,sector_b
2155.25138889,1.0072109255076958,0,0.00033,sector_b
2155.25277778,1.0070488205129702,2048,0.00033,sector_b
2155.25416667,1.0074366067897402,0,0.00033,sector_b
2155.25555556,1.0076385791705555,0,0.00033,sector_b
2155.25694444,1.0074825285335458,0,0.00033,sector_b
2155.25833333,1.0074549089787999,0,0.00033,sector_b
2155.25972222,1.0076896765123662,0,0.00033,sector_b
2155.26111111,1.0076425710542647,0,0.00033,sector_b
2155.2625,1.0075606533494181,0,0.00033,sector_b
2155.26388889,1.007813756206028,0,0.00033,sector_b
2155.26527778,1.0071128145275394,0,0.00033,sector_b
2155.26666667,1.0079632002329357,0,0.00033,sector_b
2155.26805556,1.0078858106121662,0,0.00033,sector_b
2155.26944444,1.0073051230988812,0,0.00033,sector_b
2155.27083333,1.0077498701934333,0,0.00033,sector_b
2155.27222222,1.0073636304512692,0,0.00033,sector_b
2155.27361111,1.007445247058534,0,0.00033,sector_b
2155.275,1.0072567859000505,0,0.00033,sector_b
2155.27638889,1.0074761894037587,0,0.00033,sector_b
2155.27777778,1.0077677270842176,0,0.00033,sector_b
2155.27916667,1.0078417563085011,0,0.00033,sector_b
2155.28055556,1.0068797306317667,0,0.00033,sector_b
2155.28194444,1.0077331705011885,0,0.00033,sector_b
2155.28333333,1.0073570497627204,0,0.00033,sector_b
2155.28472222,1.0079647660737436,0,0.00033,sector_b
2155.28611111,1.007292674763376,0,0.00033,sector_b
2155.2875,1.0073670723133983,0,0.00033,sector_b
2155.28888889,1.0080524840749239,0,0.00033,sector_b
2155.29027778,1.0073901045489784,0,0.00033,sector_b
2155.29166667,1.0072499305593172,0,0.00033,sector_b
2155.29305556,1.0072184088485552,0,0.00033,sector_b
2155.29444444,1.0074434011016753,0,0.00033,sector_b
2155.29583333,1.0072373918200586,0,0.00033,sector_b
2155.29722222,1.0073163195970831,0,0.00033,sector_b
2155.29861111,1.0076144172591819,0,0.00033,sector_b
2155.3,1.0078606573801376,0,0.00033,sector_b
2155.30138889,1.0075677115992683,0,0.00033,sector_b
2155.30277778,1.0071364887665735,0,0.00033,sector_b
2155.30416667,1.0079054395327771,0,0.00033,sector_b
2155.30555556,1.0073746902639016,0,0.00033,sector_b
2155.30694444,1.0073384262923364,0,0.00033,sector_b
2155.30833333,1.0074181451166668,0,0.00033,sector_b
2155.30972222,1.0074865852774326,0,0.00033,sector_b
2155.31111111,1.0075673691168052,0,0.00033,sector_b
2155.3125,1.0071651647837812,0,0.00033,sector_b
2155.31388889,1.0076956996542574,0,0.00033,sector_b
2155.31527778,1.0077185402780553,0,0.00033,sector_b
2155.31666667,1.0076250380200633,0,0.00033,sector_b
2155.31805556,1.0076865921707758,0,0.00033,sector_b
2155.31944444,1.007680193254697,0,0.00033,sector_b
2155.32083333,1.0070694838252934,0,0.00033,sector_b
2155.32222222,1.0078731639800365,0,0.00033,sector_b
2155.32361111,1.0069509663235114,0,0.00033,sector_b
2155.325,1.0080411876954514,0,0.00033,sector_b
2155.32638889,1.0073694723037931,0,0.00033,sector_b
2155.32777778,1.0077440136540752,0,0.00033,sector_b
2155.32916667,1.0079349467502798,0,0.00033,sector_b
2155.33055556,1.008338612855839,0,0.00033,sector_b
2155.33194444,1.0073899858578175,0,0.00033,sector_b
2155.33333333,1.0077477999535478,0,0.00033,sector_b
2155.33472222,1.0079645315228172,0,0.00033,sector_b
2155.33611111,1.0073254105933813,0,0.00033,sector_b
2155.3375,1.008023872150246,0,0.00033,sector_b
2155.33888889,1.0077573791047476,0,0.00033,sector_b
2155.34027778,1.008364801660338,0,0.00033,sector_b
2155.34166667,1.0075397381156463,0,0.00033,sector_b
2155.34305556,1.007550310533682,0,0.00033,sector_b
2155.34444444,1.0074173818635916,0,0.00033,sector_b
2155.34583333,1.0070884595416174,0,0.00033,sector_b
2155.34722222,1.007959031189791,0,0.00033,sector_b
2155.34861111,1.007528199603446,0,0.00033,sector_b
2155.35,1.00771786793669,0,0.00033,sector_b
2155.35138889,1.0076913170310045,0,0.00033,sector_b
2155.35277778,1.0070919469248398,0,0.00033,sector_b
2155.35416667,1.007620252670496,0,0.00033,sector_b
2155.35555556,1.0076734318121316,0,0.00033,sector_b
2155.35694444,1.0079266472837103,0,0.00033,sector_b
2155.35833333,1.0072156867636213,0,0.00033,sector_b
2155.35972222,1.007596518428181,0,0.00033,sector_b
2155.36111111,1.0074255215241326,0,0.00033,sector_b
2155.3625,1.0081175599533219,0,0.00033,sector_b
2155.36388889,1.0084624165800293,0,0.00033,sector_b
2155.36527778,1.0074069166684891,0,0.00033,sector_b
2155.36666667,1.0079355327677457,0,0.00033,sector_b
2155.36805556,1.0077843001219267,0,0.00033,sector_b
2155.36944444,1.0075981213113814,0,0.00033,sector_b
2155.37083333,1.0082804578937556,0,0.00033,sector_b
2155.37222222,1.0086694960467248,0,0.00033,sector_b
2155.37361111,1.008005742548243,0,0.00033,sector_b
2155.375,1.0073395699904282,0,0.00033,sector_b
2155.37638889,1.0077217127843858,0,0.00033,sector_b
2155.37777778,1.0075690745930141,0,0.00033,sector_b
2155.37916667,1.0079568352417523,0,0.00033,sector_b
2155.38055556,1.0077266191950491,0,0.00033,sector_b
2155.38194444,1.0082279229180324,0,0.00033,sector_b
2155.38333333,1.0078429731815652,0,0.00033,sector_b
2155.38472222,1.0080479420728898,0,0.00033,sector_b
2155.38611111,1.0073852485871957,0,0.00033,sector_b
2155.3875,1.0084882684956347,0,0.00033,sector_b
2155.38888889,1.0075999870040204,0,0.00033,sector_b
2155.39027778,1.0076157544488702,0,0.00033,sector_b
2155.39166667,1.0080315233516681,0,0.00033,sector_b
2155.39305556,1.0080082354269388,0,0.00033,sector_b
2155.39444444,1.007827018361338,0,0.00033,sector_b
2155.39583333,1.0080879038724158,0,0.00033,sector_b
2155.39722222,1.0068322892666535,0,0.00033,sector_b
2155.39861111,1.0079869960201573,0,0.00033,sector_b
2155.4,1.0076306088958793,0,0.00033,sector_b
2155.40138889,1.0072868714175949,0,0.00033,sector_b
2155.40277778,1.0083745614279744,0,0.00033,sector_b
2155.40416667,1.0076991170084768,0,0.00033,sector_b
2155.40555556,1.0077785047845367,0,0.00033,sector_b
2155.40694444,1.0077266845612423,0,0.00033,sector_b
2155.40833333,1.007924984422615,4096,0.00033,sector_b
2155.40972222,1.0079073387648305,0,0.00033,sector_b
2155.41111111,1.0076949614296271,0,0.00033,sector_b
2155.4125,1.0076403093734096,0,0.00033,sector_b
2155.41388889,1.0071194292510304,2048,0.00033,sector_b
2155.41527778,1.0076536609368572,0,0.00033,sector_b
2155.41666667,1.0073731621736381,0,0.00033,sector_b
2155.41805556,1.007133516108843,0,0.00033,sector_b
2155.41944444,1.007306295530442,0,0.00033,sector_b
2155.42083333,1.0079977619015064,0,0.00033,sector_b
2155.42222222,1.007622733628291,0,0.00033,sector_b
2155.42361111,1.0077727928822726,0,0.00033,sector_b
2155.425,1.0076237722556265,0,0.00033,sector_b
2155.42638889,1.007805786113145,0,0.00033,sector_b
2155.42777778,1.007702103131464,0,0.00033,sector_b
2155.42916667,1.0080329196934181,0,0.00033,sector_b
2155.43055556,1.007777771923307,0,0.00033,sector_b
2155.43194444,1.0078702751235573,0,0.00033,sector_b
2155.43333333,1.0071509564027175,0,0.00033,sector_b
2155.43472222,1.007913242370548,0,0.00033,sector_b
2155.43611111,1.0077959185297523,0,0.00033,sector_b
2155.4375,1.007204440005344,0,0.00033,sector_b
2155.43888889,1.0076670420522802,0,0.00033,sector_b
2155.44027778,1.0072057883066836,0,0.00033,sector_b
2155.44166667,1.0077764385123364,0,0.00033,sector_b
2155.44305556,1.0077947169148218,0,0.00033,sector_b
2155.44444444,1.007544414082324,0,0.00033,sector_b
2155.44583333,1.007944381829322,0,0.00033,sector_b
2155.44722222,1.0071351280338738,0,0.00033,sector_b
2155.44861111,1.0072000119771376,0,0.00033,sector_b
2155.45,1.0073275061075195,0,0.00033,sector_b
2155.45138889,1.0075521774557785,0,0.00033,sector_b
2155.45277778,1.0075039600095692,0,0.00033,sector_b
2155.45416667,1.0074255439749096,0,0.00033,sector_b
2155.45555556,1.0071515598604919,0,0.00033,sector_b
2155.45694444,1.0075804575806546,0,0.00033,sector_b
2155.45833333,1.0075507275588291,0,0.00033,sector_b
2155.45972222,1.0076452936427664,0,0.00033,sector_b
2155.46111111,1.0072240100573289,0,0.00033,sector_b
2155.4625,1.0072725351182932,0,0.00033,sector_b
2155.46388889,1.007338288807401,0,0.00033,sector_b
2155.46527778,1.007125683912115,0,0.00033,sector_b
2155.46666667,1.0074525111165713,0,0.00033,sector_b
2155.46805556,1.0076405780408435,0,0.00033,sector_b
2155.46944444,1.0076458024677115,0,0.00033,sector_b
2155.47083333,1.0071204488674448,0,0.00033,sector_b
2155.47222222,1.0070164969405644,0,0.00033,sector_b
2155.47361111,1.0072437425762117,0,0.00033,sector_b
2155.475,1.007441168628166,0,0.00033,sector_b
2155.47638889,1.0074023422404081,0,0.00033,sector_b
2155.47777778,1.0069686835757319,0,0.00033,sector_b
2155.47916667,1.0077869688787382,0,0.00033,sector_b
2155.48055556,1.0077328691422196,0,0.00033,sector_b
2155.48194444,1.007702405919012,0,0.00033,sector_b
2155.48333333,1.0078263526902675,0,0.00033,sector_b
2155.48472222,1.0080078387623959,0,0.00033,sector_b
2155.48611111,1.0074143556840653,0,0.00033,sector_b
2155.4875,1.0076520317561575,0,0.00033,sector_b
2155.48888889,1.0077393732616329,0,0.00033,sector_b
2155.49027778,1.007875339274487,0,0.00033,sector_b
2155.49166667,1.007162186152808,0,0.00033,sector_b
2155.49305556,1.0077815316257999,0,0.00033,sector_b
2155.49444444,1.0074342641053622,0,0.00033,sector_b
2155.49583333,1.0079945705270608,0,0.00033,sector_b
2155.49722222,1.0071523606847994,0,0.00033,sector_b
2155.49861111,1.0071634936495972,0,0.00033,sector_b
2155.5,1.0080856418988282,0,0.00033,sector_b
2155.50138889,1.0075210794760152,0,0.00033,sector_b
2155.50277778,1.0076988780894884,4096,0.00033,sector_b
2155.50416667,1.0078437044895412,0,0.00033,sector_b
2155.50555556,1.0074918749863824,0,0.00033,sector_b
2155.50694444,1.0074503933113763,0,0.00033,sector_b
2155.50833333,1.007383476091336,0,0.00033,sector_b
2155.50972222,1.0073525294816885,0,0.00033,sector_b
2155.51111111,1.0073637898404149,0,0.00033,sector_b
2155.5125,1.0075415031690522,0,0.00033,sector_b
2155.51388889,1.0074302416027754,0,0.00033,sector_b
2155.51527778,1.0073918646378393,0,0.00033,sector_b
2155.51666667,1.0078741847618824,0,0.00033,sector_b
2155.51805556,1.0083550931276961,0,0.00033,sector_b
2155.51944444,1.0076679527360874,0,0.00033,sector_b
2155.52083333,1.0078608345470272,0,0.00033,sector_b
2155.52222222,1.0073278632398328,0,0.00033,sector_b
2155.52361111,1.0077213060203503,0,0.00033,sector_b
2155.525,1.0079091505029536,0,0.00033,sector_b
2155.52638889,1.0078789309847986,0,0.00033,sector_b
2155.52777778,1.0078982793178048,0,0.00033,sector_b
2155.52916667,1.0079535026145008,0,0.00033,sector_b
2155.53055556,1.0075583840303157,0,0.00033,sector_b
2155.53194444,1.007395385266027,0,0.00033,sector_b
2155.53333333,1.007833417906994,0,0.00033,sector_b
2155.53472222,1.0078678894709825,0,0.00033,sector_b
2155.53611111,1.0081911338868816,0,0.00033,sector_b
2155.5375,1.0078561266243093,0,0.00033,sector_b
2155.53888889,1.0080689392208289,0,0.00033,sector_b
2155.54027778,1.0079253919963038,0,0.00033,sector_b
2155.54166667,1.0075385273227058,0,0.00033,sector_b
2155.54305556,1.007750094444412,0,0.00033,sector_b
2155.54444444,1.007534735129949,0,0.00033,sector_b
2155.54583333,1.0077452860697644,0,0.00033,sector_b
2155.54722222,1.0083047483297687,0,0.00033,sector_b
2155.54861111,1.0077179241285894,0,0.00033,sector_b
2155.55,1.0082036582262426,0,0.00033,sector_b
2155.55138889,1.0070273831696122,0,0.00033,sector_b
2155.55277778,1.0076169248236664,0,0.00033,sector_b
2155.55416667,1.007361150391239,0,0.00033,sector_b
2155.55555556,1.0078344790891796,0,0.00033,sector_b
2155.55694444,1.0078621888690633,0,0.00033,sector_b
2155.55833333,1.007398107313457,0,0.00033,sector_b
2155.55972222,1.0079953667448922,0,0.00033,sector_b
2155.56111111,1.007943511788986,0,0.00033,sector_b
2155.5625,1.008245736472319,0,0.00033,sector_b
2155.56388889,1.0076742286841225,0,0.00033,sector_b
2155.56527778,1.0075581787253534,0,0.00033,sector_b
2155.56666667,1.0076279510959945,0,0.00033,sector_b
2155.56805556,1.0079554749868258,0,0.00033,sector_b
2155.56944444,1.0081201942825,0,0.00033,sector_b
2155.57083333,1.0076045522869712,0,0.00033,sector_b
2155.57222222,1.007700257953431,0,0.00033,sector_b
2155.57361111,1.0080797206485796,0,0.00033,sector_b
2155.575,1.007246173102452,0,0.00033,sector_b
2155.57638889,1.0069341716203986,0,0.00033,sector_b
2155.57777778,1.0071336206366512,0,0.00033,sector_b
2155.57916667,1.0083475089445513,0,0.00033,sector_b
2155.58055556,1.0077012605546187,0,0.00033,sector_b
2155.58194444,1.008050539005551,0,0.00033,sector_b
2155.58333333,1.0079758284938352,0,0.00033,sector_b
2155.58472222,1.0075661471805255,0,0.00033,sector_b
2155.58611111,1.0075954184200735,0,0.00033,sector_b
2155.5875,1.007416508315279,0,0.00033,sector_b
2155.58888889,1.0071050478127455,0,0.00033,sector_b
2155.59027778,1.0080498894005476,0,0.00033,sector_b
2155.59166667,1.0078676322930518,0,0.00033,sector_b
2155.59305556,1.0073885745782012,0,0.00033,sector_b
2155.59444444,1.0075946341385056,0,0.00033,sector_b
2155.59583333,1.0075761809767791,0,0.00033,sector_b
2155.59722222,1.0077762734943436,0,0.00033,sector_b
2155.59861111,1.007694207570084,0,0.00033,sector_b
2155.6,1.0071921983836236,0,0.00033,sector_b
2155.60138889,1.0074626011382695,0,0.00033,sector_b
2155.60277778,1.0073355716165415,0,0.00033,sector_b
2155.60416667,1.0075365018029652,0,0.00033,sector_b
2155.60555556,1.0074855075028544,0,0.00033,sector_b
2155.60694444,1.0074707307216737,0,0.00033,sector_b
2155.60833333,1.0077957360979057,0,0.00033,sector_b
2155.60972222,1.007672508546,0,0.00033,sector_b
2155.61111111,1.0075715488898913,0,0.00033,sector_b
2155.6125,1.0077332698977806,0,0.00033,sector_b
2155.61388889,1.0076744240822977,0,0.00033,sector_b
2155.61527778,1.0076493319188866,0,0.00033,sector_b
2155.61666667,1.0076568165330175,0,0.00033,sector_b
2155.61805556,1.0073119916558304,0,0.00033,sector_b
2155.61944444,1.0076186025097364,0,0.00033,sector_b
2155.62083333,1.0074374280220677,0,0.00033,sector_b
2155.62222222,1.0073574089753055,0,0.00033,sector_b
2155.62361111,1.0075207213664752,0,0.00033,sector_b
2155.625,1.0075746663984784,0,0.00033,sector_b
2155.62638889,1.0076393649067918,0,0.00033,sector_b
2155.62777778,1.0074626395388626,0,0.00033,sector_b
2155.62916667,1.0073026659588726,0,0.00033,sector_b
2155.63055556,1.0075361005642751,0,0.00033,sector_b
2155.63194444,1.0078458705554103,0,0.00033,sector_b
2155.63333333,1.0078239702348588,0,0.00033,sector_b
2155.63472222,1.0074917153730263,0,0.00033,sector_b
2155.63611111,1.0075410668741813,0,0.00033,sector_b
2155.6375,1.0075857081485353,0,0.00033,sector_b
2155.63888889,1.0071141109910429,0,0.00033,sector_b
2155.64027778,1.0075243809943362,0,0.00033,sector_b
2155.64166667,1.0077411386541462,0,0.00033,sector_b
2155.64305556,1.0079877409049196,0,0.00033,sector_b
2155.64444444,1.0068711471589937,0,0.00033,sector_b
2155.64583333,1.0071470803375353,0,0.00033,sector_b
2155.64722222,1.0075377914639059,0,0.00033,sector_b
2155.64861111,1.008291497143911,0,0.00033,sector_b
2155.65,1.0081235458220419,0,0.00033,sector_b
2155.65138889,1.007490679998546,0,0.00033,sector_b
2155.65277778,1.0073428019581985,0,0.00033,sector_b
2155.65416667,1.0076782463039344,0,0.00033,sector_b
2155.65555556,1.0073687410668082,0,0.00033,sector_b
2155.65694444,1.0080515323086758,0,0.00033,sector_b
2155.65833333,1.0074686267483743,0,0.00033,sector_b
2155.65972222,1.0074703253158126,0,0.00033,sector_b
2155.66111111,1.007701760052826,0,0.00033,sector_b
2155.6625,1.007199835337239,0,0.00033,sector_b
2155.66388889,1.0074511447824908,0,0.00033,sector_b
2155.66527778,1.0079172214395775,0,0.00033,sector_b
2155.66666667,1.007657673400952,0,0.00033,sector_b
2155.66805556,1.0075679331617575,0,0.00033,sector_b
2155.66944444,1.0072333179670736,0,0.00033,sector_b
2155.67083333,1.0071528383516901,0,0.00033,sector_b
2155.67222222,1.0072257908216204,0,0.00033,sector_b
2155.67361111,1.0070075163573524,0,0.00033,sector_b
2155.675,1.007426144610216,0,0.00033,sector_b
2155.67638889,1.008011879290846,0,0.00033,sector_b
2155.67777778,1.0076073801944931,0,0.00033,sector_b
2155.67916667,1.0078246850774284,0,0.00033,sector_b
2155.68055556,1.0074563598399122,0,0.00033,sector_b
2155.68194444,1.007109874658334,0,0.00033,sector_b
2155.68333333,1.0077659958386993,0,0.00033,sector_b
2155.68472222,1.008108324286622,0,0.00033,sector_b
2155.68611111,1.0077580580487702,0,0.00033,sector_b
2155.6875,1.007208994501356,0,0.00033,sector_b
2155.68888889,1.0076485904741974,0,0.00033,sector_b
2155.69027778,1.0076942000442033,0,0.00033,sector_b
2155.69166667,1.0079879105167069,0,0.00033,sector_b
2155.69305556,1.0078892876980927,0,0.00033,sector_b
2155.69444444,1.007549528000156,0,0.00033,sector_b
2155.69583333,1.0078322087000444,0,0.00033,sector_b
2155.69722222,1.007778955743324,0,0.00033,sector_b
2155.69861111,1.0074020338824055,0,0.00033,sector_b
2155.7,1.0081091682501029,0,0.00033,sector_b
2155.70138889,1.0076142504277683,0,0.00033,sector_b
2155.70277778,1.007790867592401,0,0.00033,sector_b
2155.70416667,1.0078054476185765,0,0.00033,sector_b
2155.70555556,1.0072549575068166,0,0.00033,sector_b
2155.70694444,1.007036963882102,0,0.00033,sector_b
2155.70833333,1.0069520229481188,0,0.00033,sector_b
2155.70972222,1.0070239164026877,0,0.00033,sector_b
2155.71111111,1.0076793878799841,0,0.00033,sector_b
2155.7125,1.007820236715173,0,0.00033,sector_b
2155.71388889,1.00747009073704,0,0.00033,sector_b
2155.71527778,1.0074297919544546,0,0.00033,sector_b
2155.71666667,1.0080944852215952,0,0.00033,sector_b
2155.71805556,1.0076804440092264,0,0.00033,sector_b
2155.71944444,1.0076974931644984,0,0.00033,sector_b
2155.72083333,1.0078285373262885,0,0.00033,sector_b
2155.72222222,1.0071116692182245,0,0.00033,sector_b
2155.72361111,1.007612506484516,0,0.00033,sector_b
2155.725,1.0071812170554857,0,0.00033,sector_b
2155.72638889,1.0079714571087888,0,0.00033,sector_b
2155.72777778,1.0070719593124775,0,0.00033,sector_b
2155.72916667,1.0070225513239213,0,0.00033,sector_b
2155.73055556,1.007259494444631,0,0.00033,sector_b
2155.73194444,1.0072746234356844,0,0.00033,sector_b
2155.73333333,1.0075112280536522,0,0.00033,sector_b
2155.73472222,1.0075503559422867,0,0.00033,sector_b
2155.73611111,1.0076366187345034,0,0.00033,sector_b
2155.7375,1.0078817910156057,0,0.00033,sector_b
2155.73888889,1.0075858763965906,0,0.00033,sector_b
2155.74027778,1.0071643106540311,0,0.00033,sector_b
2155.74166667,1.0076833889920298,0,0.00033,sector_b
2155.74305556,1.0075492234334356,0,0.00033,sector_b
2155.74444444,1.007637364369045,0,0.00033,sector_b
2155.74583333,1.0074131317773845,0,0.00033,sector_b
2155.74722222,1.007426409930847,0,0.00033,sector_b
2155.74861111,1.0072850628880252,0,0.00033,sector_b
2155.75,1.007681898763404,0,0.00033,sector_b
2155.75138889,1.0077736241228317,0,0.00033,sector_b
2155.75277778,1.0073614800021111,0,0.00033,sector_b
2155.75416667,1.0073502205816844,0,0.00033,sector_b
2155.75555556,1.0074833319835,0,0.00033,sector_b
2155.75694444,1.0075336318852874,0,0.00033,sector_b
2155.75833333,1.0070374530076807,0,0.00033,sector_b
2155.75972222,1.0073468076661776,0,0.00033,sector_b
2155.76111111,1.0081784185395244,0,0.00033,sector_b
2155.7625,1.007441450504254,0,0.00033,sector_b
2155.76388889,1.006965570116159,0,0.00033,sector_b
2155.76527778,1.0071086595113985,0,0.00033,sector_b
2155.76666667,1.0079276428841089,0,0.00033,sector_b
2155.76805556,1.0080672972734606,0,0.00033,sector_b
2155.76944444,1.0072447630961427,0,0.00033,sector_b
2155.77083333,1.0074771846511865,0,0.00033,sector_b
2155.77222222,1.0072095102504979,0,0.00033,sector_b
2155.77361111,1.0076599522172964,0,0.00033,sector_b
2155.775,1.007434907949628,0,0.00033,sector_b
2155.77638889,1.006686632336227,0,0.00033,sector_b
2155.77777778,1.007577900457115,0,0.00033,sector_b
2155.77916667,1.0072460174698095,0,0.00033,sector_b
2155.78055556,1.0075393055223765,0,0.00033,sector_b
2155.78194444,1.007119770073038,0,0.00033,sector_b
2155.78333333,1.0069179289675383,0,0.00033,sector_b
2155.78472222,1.007859719630816,0,0.00033,sector_b
2155.78611111,1.0073941386181593,0,0.00033,sector_b
2155.7875,1.0073891624212925,0,0.00033,sector_b
2155.78888889,1.0077775601660393,0,0.00033,sector_b
2155.79027778,1.007429310746651,0,0.00033,sector_b
2155.79166667,1.0071645065029493,0,0.00033,sector_b
2155.79305556,1.0079461857499992,0,0.00033,sector_b
2155.79444444,1.007115373113443,0,0.00033,sector_b
2155.79583333,1.0074536262733715,0,0.00033,sector_b
2155.79722222,1.0072004842352351,0,0.00033,sector_b
2155.79861111,1.0073725569880077,0,0.00033,sector_b
2155.8,1.0072716117176965,0,0.00033,sector_b
2155.80138889,1.0074690404211593,0,0.00033,sector_b
2155.80277778,1.007107411445097,0,0.00033,sector_b
2155.80416667,1.006854099870563,0,0.00033,sector_b
2155.80555556,1.0069808334877346,0,0.00033,sector_b
2155.80694444,1.007294631275504,0,0.00033,sector_b
2155.80833333,1.0073568735007365,0,0.00033,sector_b
2155.80972222,1.0071957324493652,0,0.00033,sector_b
2155.81111111,1.00705629136494,0,0.00033,sector_b
2155.8125,1.0072020956140122,0,0.00033,sector_b
2155.81388889,1.0076273082657088,0,0.00033,sector_b
2155.81527778,1.0070291446210708,0,0.00033,sector_b
2155.81666667,1.0070329988303075,0,0.00033,sector_b
2155.81805556,1.0071072823132328,0,0.00033,sector_b
2155.81944444,1.0070884433124951,0,0.00033,sector_b
2155.82083333,1.0066215432177308,0,0.00033,sector_b
2155.82222222,1.0074400868058158,0,0.00033,sector_b
2155.82361111,1.0069010764243413,0,0.00033,sector_b
2155.825,1.0068062023099595,0,0.00033,sector_b
2155.82638889,1.0070973355525994,0,0.00033,sector_b
2155.82777778,1.0075729496320744,0,0.00033,sector_b
2155.82916667,1.0074825916269292,0,0.00033,sector_b
2155.83055556,1.0069173792776,0,0.00033,sector_b
2155.83194444,1.0072690470463854,0,0.00033,sector_b
2155.83333333,1.0072244691538053,0,0.00033,sector_b
2155.83472222,1.0074983020653787,0,0.00033,sector_b
2155.83611111,1.0072100909989063,0,0.00033,sector_b
2155.8375,1.0074104573381888,0,0.00033,sector_b
2155.83888889,1.0066052166515798,0,0.00033,sector_b
2155.84027778,1.0078572655578957,0,0.00033,sector_b
2155.84166667,1.007032316341748,0,0.00033,sector_b
2155.84305556,1.0071757980830247,0,0.00033,sector_b
2155.84444444,1.006893886300431,4096,0.00033,sector_b
2155.84583333,1.0078124780903956,0,0.00033,sector_b
2155.84722222,1.007446384380349,0,0.00033,sector_b
2155.84861111,1.007188074431108,0,0.00033,sector_b
2155.85,1.00757977351921,0,0.00033,sector_b
2155.85138889,1.0069533829050161,0,0.00033,sector_b
2155.85277778,1.0070509789005122,0,0.00033,sector_b
2155.85416667,1.007305860715871,0,0.00033,sector_b
2155.85555556,1.0073093802743176,0,0.00033,sector_b
2155.85694444,1.006645178958418,0,0.00033,sector_b
2155.85833333,1.0070409494640231,0,0.00033,sector_b
2155.85972222,1.0074605529254184,0,0.00033,sector_b
2155.86111111,1.0070694653365373,0,0.00033,sector_b
2155.8625,1.0076029631501469,0,0.00033,sector_b
2155.86388889,1.007289327481809,0,0.00033,sector_b
2155.86527778,1.007241957977824,0,0.00033,sector_b
2155.86666667,1.0070497846233184,0,0.00033,sector_b
2155.86805556,1.0073634346971094,0,0.00033,sector_b
2155.86944444,1.0069429489441506,0,0.00033,sector_b
2155.87083333,1.006562414853787,0,0.00033,sector_b
2155.87222222,1.0072477452217,0,0.00033,sector_b
2155.87361111,1.0070702861849503,0,0.00033,sector_b
2155.875,1.0070208815290072,0,0.00033,sector_b
2155.87638889,1.0072635703360961,0,0.00033,sector_b
2155.87777778,1.007339816925495,0,0.00033,sector_b
2155.87916667,1.0070176165985356,0,0.00033,sector_b
2155.88055556,1.0071361455026042,0,0.00033,sector_b
2155.88194444,1.0082135266592767,0,0.00033,sector_b
2155.88333333,1.006853955506304,0,0.00033,sector_b
2155.88472222,1.0067128701905155,0,0.00033,sector_b
2155.88611111,1.0066501294604284,0,0.00033,sector_b
2155.8875,1.007181520530354,0,0.00033,sector_b
2155.88888889,1.0075493309291192,0,0.00033,sector_b
2155.89027778,1.0068862825148615,0,0.00033,sector_b
2155.89166667,1.0071864685702416,0,0.00033,sector_b
2155.89305556,1.0070197521939397,0,0.00033,sector_b
2155.89444444,1.0066498990339312,0,0.00033,sector_b
2155.89583333,1.0073586516620756,0,0.00033,sector_b
2155.89722222,1.0072156773004033,0,0.00033,sector_b
2155.89861111,1.0064252692016757,0,0.00033,sector_b
2155.9,1.0070468673301196,0,0.00033,sector_b
2155.90138889,1.007307578220073,0,0.00033,sector_b
2155.90277778,1.0064236740098753,0,0.00033,sector_b
2155.90416667,1.0066867798295498,0,0.00033,sector_b
2155.90555556,1.0070350633302951,0,0.00033,sector_b
2155.90694444,1.0067392467968241,0,0.00033,sector_b
2155.90833333,1.0070500477042708,0,0.00033,sector_b
2155.90972222,1.00681927450932,0,0.00033,sector_b
2155.91111111,1.0069462513845242,0,0.00033,sector_b
2155.9125,1.0073268939583566,0,0.00033,sector_b
2155.91388889,1.0072836216649719,0,0.00033,sector_b
2155.91527778,1.006902327425077,0,0.00033,sector_b
2155.91666667,1.0070991667787272,0,0.00033,sector_b
2155.91805556,1.0070193944531671,0,0.00033,sector_b
2155.91944444,1.0076420643369115,0,0.00033,sector_b
2155.92083333,1.0068557046217814,0,0.00033,sector_b
2155.92222222,1.0074314911718756,0,0.00033,sector_b
2155.92361111,1.0068260804165674,0,0.00033,sector_b
2155.925,1.0068539140044768,0,0.00033,sector_b
2155.92638889,1.0073221668369658,0,0.00033,sector_b
2155.92777778,1.0070178505025025,0,0.00033,sector_b
2155.92916667,1.0070307923572064,0,0.00033,sector_b
2155.93055556,1.0071737948904769,0,0.00033,sector_b
2155.93194444,1.007329295189396,0,0.00033,sector_b
2155.93333333,1.006840003695728,0,0.00033,sector_b
2155.93472222,1.0072738233377567,0,0.00033,sector_b
2155.93611111,1.0068705094904784,0,0.00033,sector_b
2155.9375,1.0066573514933608,0,0.00033,sector_b
2155.93888889,1.0073713505261395,0,0.00033,sector_b
2155.94027778,1.0073312748957166,0,0.00033,sector_b
2155.94166667,1.0072937506093498,0,0.00033,sector_b
2155.94305556,1.0067090384450716,0,0.00033,sector_b
2155.94444444,1.0064414103730897,0,0.00033,sector_b
2155.94583333,1.007337745078121,0,0.00033,sector_b
2155.94722222,1.0072151092682242,0,0.00033,sector_b
2155.94861111,1.006866253491465,0,0.00033,sector_b
2155.95,1.0064095700953841,0,0.00033,sector_b
2155.95138889,1.006513410175484,0,0.00033,sector_b
2155.95277778,1.0068984258279314,0,0.00033,sector_b
2155.95416667,1.0067014370016925,0,0.00033,sector_b
2155.95555556,1.0065561679086539,0,0.00033,sector_b
2155.95694444,1.0069456856784307,0,0.00033,sector_b
2155.95833333,1.00685993015847,0,0.00033,sector_b
2155.95972222,1.0066821383896158,0,0.00033,sector_b
2155.96111111,1.0067210478747706,0,0.00033,sector_b
2155.9625,1.006659560887769,0,0.00033,sector_b
2155.96388889,1.0070740309675812,0,0.00033,sector_b
2155.96527778,1.006810398146905,0,0.00033,sector_b
2155.96666667,1.0075469369684897,0,0.00033,sector_b
2155.96805556,1.0069344286526587,0,0.00033,sector_b
2155.96944444,1.0069241744190764,0,0.00033,sector_b
2155.97083333,1.0074656925092755,0,0.00033,sector_b
2155.97222222,1.0061864425494784,0,0.00033,sector_b
2155.97361111,1.0072231999221044,0,0.00033,sector_b
2155.975,1.0070944688448706,0,0.00033,sector_b
2155.97638889,1.0066175964931092,0,0.00033,sector_b
2155.97777778,1.006846019210394,0,0.00033,sector_b
2155.97916667,1.0065347241159115,0,0.00033,sector_b
2155.98055556,1.0071245102105446,0,0.00033,sector_b
2155.98194444,1.0067329864447385,0,0.00033,sector_b
2155.98333333,1.0068437259432939,0,0.00033,sector_b
2155.98472222,1.0074141311536582,0,0.00033,sector_b
2155.98611111,1.0071379223693153,0,0.00033,sector_b
2155.9875,1.0068804814318606,0,0.00033,sector_b
2155.98888889,1.0072479744144704,0,0.00033,sector_b
2155.99027778,1.0065573197057887,0,0.00033,sector_b
2155.99166667,1.0069712848854047,0,0.00033,sector_b
2155.99305556,1.006926515500583,0,0.00033,sector_b
2155.99444444,1.0069315707442197,0,0.00033,sector_b
2155.99583333,1.0075704111142434,0,0.00033,sector_b
2155.99722222,1.0063110955145005,0,0.00033,sector_b
2155.99861111,1.0071718134631271,0,0.00033,sector_b
2156.0,1.0069731632309094,0,0.00033,sector_b
2156.00138889,1.0063477904073475,0,0.00033,sector_b
2156.00277778,1.00661335110677,0,0.00033,sector_b
2156.00416667,1.0067600494885087,0,0.00033,sector_b
2156.00555556,1.0070710295595398,0,0.00033,sector_b
2156.00694444,1.006618343072338,0,0.00033,sector_b
2156.00833333,1.0069449075627899,0,0.00033,sector_b
2156.00972222,1.006451757905808,0,0.00033,sector_b
2156.01111111,1.0067189837783446,0,0.00033,sector_b
2156.0125,1.0067635940794732,0,0.00033,sector_b
2156.01388889,1.0071604730923802,0,0.00033,sector_b
2156.01527778,1.0065020863467173,0,0.00033,sector_b
2156.01666667,1.0065957300240993,0,0.00033,sector_b
2156.01805556,1.0066012067197307,0,0.00033,sector_b
2156.01944444,1.0066108423868345,0,0.00033,sector_b
2156.02083333,1.006709815225522,0,0.00033,sector_b
2156.02222222,1.0061442379850016,0,0.00033,sector_b
2156.02361111,1.0073221582312726,0,0.00033,sector_b
2156.025,1.0068571646061641,0,0.00033,sector_b
2156.02638889,1.0070511569239702,0,0.00033,sector_b
2156.02777778,1.0063874786286338,0,0.00033,sector_b
2156.02916667,1.0063544496460461,0,0.00033,sector_b
2156.03055556,1.007168722409615,0,0.00033,sector_b
2156.03194444,1.006619648770288,0,0.00033,sector_b
2156.03333333,1.0066158819763154,0,0.00033,sector_b
2156.03472222,1.0063765003893135,0,0.00033,sector_b
2156.03611111,1.006756275892748,0,0.00033,sector_b
2156.0375,1.0062630025058719,0,0.00033,sector_b
2156.03888889,1.006910146913151,0,0.00033,sector_b
2156.04027778,1.006411480376224,0,0.00033,sector_b
2156.04166667,1.0062648087433057,0,0.00033,sector_b
2156.04305556,1.0068912242630614,0,0.00033,sector_b
2156.04444444,1.0071495736376803,0,0.00033,sector_b
2156.04583333,1.0063766437836537,0,0.00033,sector_b
2156.04722222,1.0060728858348376,0,0.00033,sector_b
2156.04861111,1.006555463916123,0,0.00033,sector_b
2156.05,1.0064560036646915,0,0.00033,sector_b
2156.05138889,1.0065315318782706,0,0.00033,sector_b
2156.05277778,1.0067045722994374,0,0.00033,sector_b
2156.05416667,1.0060563115332732,0,0.00033,sector_b
2156.05555556,1.0062271897530874,0,0.00033,sector_b
2156.05694444,1.0063038939611346,0,0.00033,sector_b
2156.05833333,1.007007988612643,0,0.00033,sector_b
2156.05972222,1.0062884924501605,0,0.00033,sector_b
2156.06111111,1.0061223123346728,0,0.00033,sector_b
2156.0625,1.006949290079002,0,0.00033,sector_b
2156.06388889,1.0063326796515668,0,0.00033,sector_b
2156.06527778,1.0068975019295396,0,0.00033,sector_b
2156.06666667,1.0064295043621019,0,0.00033,sector_b
2156.06805556,1.0062602631485305,0,0.00033,sector_b
2156.06944444,1.0060503234553766,0,0.00033,sector_b
2156.07083333,1.0061390715494682,0,0.00033,sector_b
2156.07222222,1.0059910472069227,0,0.00033,sector_b
2156.07361111,1.0062945348770809,0,0.00033,sector_b
2156.075,1.006484559845327,0,0.00033,sector_b
2156.07638889,1.0066997594808982,0,0.00033,sector_b
2156.07777778,1.0065601467736032,0,0.00033,sector_b
2156.07916667,1.006979566799264,0,0.00033,sector_b
2156.08055556,1.00662735629184,0,0.00033,sector_b
2156.08194444,1.006009388376298,0,0.00033,sector_b
2156.08333333,1.0064103541950982,0,0.00033,sector_b
2156.08472222,1.006274440581517,0,0.00033,sector_b
2156.08611111,1.0064236802964184,0,0.00033,sector_b
2156.0875,1.0063038665876494,0,0.00033,sector_b
2156.08888889,1.0064266170439453,0,0.00033,sector_b
2156.09027778,1.0061034454794584,0,0.00033,sector_b
2156.09166667,1.0065900227616744,0,0.00033,sector_b
2156.09305556,1.006301864291452,0,0.00033,sector_b
2156.09444444,1.0063676824066432,0,0.00033,sector_b
2156.09583333,1.007049480757393,0,0.00033,sector_b
2156.09722222,1.0065117015358291,0,0.00033,sector_b
2156.09861111,1.0064307781001174,0,0.00033,sector_b
2156.1,1.0058273237717748,0,0.00033,sector_b
2156.10138889,1.0066404129630413,0,0.00033,sector_b
2156.10277778,1.0061965314833303,0,0.00033,sector_b
2156.10416667,1.006786746807365,0,0.00033,sector_b
2156.10555556,1.0059436042827392,0,0.00033,sector_b
2156.10694444,1.0064837650269145,0,0.00033,sector_b
2156.10833333,1.0067158080127458,0,0.00033,sector_b
2156.10972222,1.0069070098379842,0,0.00033,sector_b
2156.11111111,1.0064395481166168,0,0.00033,sector_b
2156.1125,1.006456722008167,0,0.00033,sector_b
2156.11388889,1.0065905172765799,0,0.00033,sector_b
2156.11527778,1.0062767958130765,0,0.00033,sector_b
2156.11666667,1.0058240492070598,0,0.00033,sector_b
2156.11805556,1.0065297291428954,0,0.00033,sector_b
2156.11944444,1.0064467106099777,0,0.00033,sector_b
2156.12083333,1.0065046447217454,0,0.00033,sector_b
2156.12222222,1.007095722579132,0,0.00033,sector_b
2156.12361111,1.0066546319645844,0,0.00033,sector_b
2156.125,1.0064404870794676,0,0.00033,sector_b
2156.12638889,1.0065327225367011,0,0.00033,sector_b
2156.12777778,1.0066997080245612,0,0.00033,sector_b
2156.12916667,1.0061634380309967,0,0.00033,sector_b
2156.13055556,1.006298798268805,0,0.00033,sector_b
2156.13194444,1.0065364443329392,0,0.00033,sector_b
2156.13333333,1.0065789979039765,0,0.00033,sector_b
2156.13472222,1.0061812338295157,0,0.00033,sector_b
2156.13611111,1.0061153206434412,0,0.00033,sector_b
2156.1375,1.0070051705166643,0,0.00033,sector_b
2156.13888889,1.0059113530650163,0,0.00033,sector_b
2156.14027778,1.0065031888909286,0,0.00033,sector_b
2156.14166667,1.00565699748203,0,0.00033,sector_b
2156.14305556,1.0066797181536058,0,0.00033,sector_b
2156.14444444,1.006248244524287,0,0.00033,sector_b
2156.14583333,1.006454865114199,0,0.00033,sector_b
2156.14722222,1.0072030309242694,0,0.00033,sector_b
2156.14861111,1.0065151429593646,0,0.00033,sector_b
2156.15,1.0067973016507932,0,0.00033,sector_b
2156.15138889,1.0063706903115524,0,0.00033,sector_b
2156.15277778,1.006411899155565,0,0.00033,sector_b
2156.15416667,1.0061124769803347,0,0.00033,sector_b
2156.15555556,1.0060117257649952,0,0.00033,sector_b
2156.15694444,1.006263366678289,0,0.00033,sector_b
2156.15833333,1.0059957245130406,0,0.00033,sector_b
2156.15972222,1.0068337756797625,0,0.00033,sector_b
2156.16111111,1.0062135794572618,0,0.00033,sector_b
2156.1625,1.00618027881286,0,0.00033,sector_b
2156.16388889,1.0064364586988725,0,0.00033,sector_b
2156.16527778,1.006995096478553,0,0.00033,sector_b
2156.16666667,1.0064905069056842,0,0.00033,sector_b
2156.16805556,1.0060302806902806,0,0.00033,sector_b
2156.16944444,1.0055938843352064,0,0.00033,sector_b
2156.17083333,1.006389309630594,0,0.00033,sector_b
2156.17222222,1.0066250568220256,0,0.00033,sector_b
2156.17361111,1.0065650115061113,0,0.00033,sector_b
2156.175,1.0063328278699828,0,0.00033,sector_b
2156.17638889,1.006214771514845,0,0.00033,sector_b
2156.17777778,1.0065355416508788,0,0.00033,sector_b
2156.17916667,1.0059729733242553,0,0.00033,sector_b
2156.18055556,1.0060256469249753,0,0.00033,sector_b
2156.18194444,1.0057223036450222,0,0.00033,sector_b
2156.18333333,1.006373340977755,0,0.00033,sector_b
2156.18472222,1.006214870227595,0,0.00033,sector_b
2156.18611111,1.0061298932118938,0,0.00033,sector_b
2156.1875,1.0062836734183802,0,0.00033,sector_b
2156.18888889,1.0062283171528077,0,0.00033,sector_b
2156.19027778,1.0060044328088347,0,0.00033,sector_b
2156.19166667,1.0062459202927172,0,0.00033,sector_b
2156.19305556,1.00634814539269,0,0.00033,sector_b
2156.19444444,1.0061558899661216,0,0.00033,sector_b
2156.19583333,1.0063305928565605,0,0.00033,sector_b
2156.19722222,1.0061894220260472,0,0.00033,sector_b
2156.19861111,1.0070249360950396,0,0.00033,sector_b
2156.2,1.0060587394051277,0,0.00033,sector_b
2156.20138889,0.9999721831076256,0,0.00033,sector_b
2156.20277778,0.9998618869540543,0,0.00033,sector_b
2156.20416667,1.000145545793479,0,0.00033,sector_b
2156.20555556,1.0001099362850903,0,0.00033,sector_b
2156.20694444,0.9997332305903255,0,0.00033,sector_b
2156.20833333,0.999421684690095,0,0.00033,sector_b
2156.20972222,0.9996697483061997,0,0.00033,sector_b
2156.21111111,0.9997741535767687,0,0.00033,sector_b
2156.2125,1.0001080294316187,0,0.00033,sector_b
2156.21388889,0.9996023141164175,0,0.00033,sector_b
2156.21527778,0.999993943416662,0,0.00033,sector_b
2156.21666667,0.999685286037542,0,0.00033,sector_b
2156.21805556,0.9992546305518247,0,0.00033,sector_b
2156.21944444,0.9997490262209169,0,0.00033,sector_b
2156.22083333,0.9998407917457072,0,0.00033,sector_b
2156.22222222,0.9994085674213988,0,0.00033,sector_b
2156.22361111,1.0002343038412818,0,0.00033,sector_b
2156.225,1.0002048138248176,0,0.00033,sector_b
2156.22638889,0.9990966875361281,0,0.00033,sector_b
2156.22777778,0.9997117372190563,0,0.00033,sector_b
2156.22916667,1.0000992144637246,0,0.00033,sector_b
2156.23055556,0.9998828002463698,0,0.00033,sector_b
2156.23194444,0.9990663761615792,0,0.00033,sector_b
2156.23333333,0.9995651634194813,0,0.00033,sector_b
2156.23472222,0.9997748913693667,0,0.00033,sector_b
2156.23611111,0.9997054916084513,0,0.00033,sector_b
2156.2375,0.9991213044565067,0,0.00033,sector_b
2156.23888889,1.000170677067794,0,0.00033,sector_b
2156.24027778,0.9995962988954125,0,0.00033,sector_b
2156.24166667,1.000082035577102,0,0.00033,sector_b
2156.24305556,0.9996165287676063,0,0.00033,sector_b
2156.24444444,0.9993058555555219,0,0.00033,sector_b
2156.24583333,0.9998063193644028,0,0.00033,sector_b
2156.24722222,0.9996711835354153,0,0.00033,sector_b
2156.24861111,0.9998399440294944,0,0.00033,sector_b
2156.25,0.9991542567625129,0,0.00033,sector_b
2156.25138889,1.0003387811472884,0,0.00033,sector_b
2156.25277778,0.9994520406717476,0,0.00033,sector_b
2156.25416667,1.0002081686902253,0,0.00033,sector_b
2156.25555556,0.9990342508630485,0,0.00033,sector_b
2156.25694444,0.9995519001622752,0,0.00033,sector_b
2156.25833333,1.0000411616244114,0,0.00033,sector_b
2156.25972222,1.000080702360144,0,0.00033,sector_b
2156.26111111,0.9998125384707641,0,0.00033,sector_b
2156.2625,0.9995098898469033,0,0.00033,sector_b
2156.26388889,0.999374864511561,0,0.00033,sector_b
2156.26527778,0.9997580083988007,0,0.00033,sector_b
2156.26666667,0.9994454099630167,0,0.00033,sector_b
2156.26805556,0.9995536945656766,0,0.00033,sector_b
2156.26944444,0.9999660727320416,0,0.00033,sector_b
2156.27083333,0.9995948091536924,0,0.00033,sector_b
2156.27222222,0.9992413647130878,0,0.00033,sector_b
2156.27361111,0.9991682739521976,0,0.00033,sector_b
2156.275,0.999141361916178,0,0.00033,sector_b
2156.27638889,0.999997559801972,0,0.00033,sector_b
2156.27777778,0.9992765838129898,0,0.00033,sector_b
2156.27916667,0.9992177691134728,0,0.00033,sector_b
2156.28055556,0.9992194754432434,0,0.00033,sector_b
2156.28194444,0.999165806034274,0,0.00033,sector_b
2156.28333333,0.9995668516341543,0,0.00033,sector_b
2156.28472222,0.9997700532806337,0,0.00033,sector_b
2156.28611111,1.0057478850867312,0,0.00033,sector_b
2156.2875,1.0060961038667042,0,0.00033,sector_b
2156.28888889,1.0052610104027042,0,0.00033,sector_b
2156.29027778,1.0056077584820045,0,0.00033,sector_b
2156.29166667,1.0055918302814004,0,0.00033,sector_b
2156.29305556,1.0064800251249266,0,0.00033,sector_b
2156.29444444,1.005704321156234,0,0.00033,sector_b
2156.29583333,1.00565938418153,0,0.00033,sector_b
2156.29722222,1.0052262001328314,0,0.00033,sector_b
2156.29861111,1.0056155521019374,0,0.00033,sector_b
2156.3,1.0051966528500378,0,0.00033,sector_b
2156.30138889,1.0060464893630165,0,0.00033,sector_b
2156.30277778,1.0054305138148298,0,0.00033,sector_b
2156.30416667,1.005054871068019,0,0.00033,sector_b
2156.30555556,1.0057289385787147,0,0.00033,sector_b
2156.30694444,1.0055633978720953,0,0.00033,sector_b
2156.30833333,1.005319414097243,0,0.00033,sector_b
2156.30972222,1.0060698394769296,0,0.00033,sector_b
2156.31111111,1.0055985055974122,0,0.00033,sector_b
2156.3125,1.0049107502011603,0,0.00033,sector_b
2156.31388889,1.0057791974446488,0,0.00033,sector_b
2156.31527778,1.0055458724063462,0,0.00033,sector_b
2156.31666667,1.0053414717907763,0,0.00033,sector_b
2156.31805556,1.0052704997395476,0,0.00033,sector_b
2156.31944444,1.005816713860122,0,0.00033,sector_b
2156.32083333,1.0054562908315288,0,0.00033,sector_b
2156.32222222,1.0054998152461638,0,0.00033,sector_b
2156.32361111,1.0060872770354932,0,0.00033,sector_b
2156.325,1.0055892322400906,0,0.00033,sector_b
2156.32638889,1.0057430177229911,0,0.00033,sector_b
2156.32777778,1.0058325458831678,0,0.00033,sector_b
2156.32916667,1.0050370932785304,0,0.00033,sector_b
2156.33055556,1.0063051575193638,0,0.00033,sector_b
2156.33194444,1.0059203375213823,0,0.00033,sector_b
2156.33333333,1.0055981169538448,0,0.00033,sector_b
2156.33472222,1.0054090009540169,0,0.00033,sector_b
2156.33611111,1.0055812791895449,0,0.00033,sector_b
2156.3375,1.0057388166420638,0,0.00033,sector_b
2156.33888889,1.0050977719117895,0,0.00033,sector_b
2156.34027778,1.005255806460951,0,0.00033,sector_b
2156.34166667,1.005841500780441,0,0.00033,sector_b
2156.34305556,1.0053704460120252,0,0.00033,sector_b
2156.34444444,1.0061069194473276,0,0.00033,sector_b
2156.34583333,1.0047477628905808,0,0.00033,sector_b
2156.34722222,1.0058150157578967,0,0.00033,sector_b
2156.34861111,1.0054510948468265,0,0.00033,sector_b
2156.35,1.0046497439966593,0,0.00033,sector_b
2156.35138889,1.0056701887786061,0,0.00033,sector_b
2156.35277778,1.0056744759047824,0,0.00033,sector_b
2156.35416667,1.0052644873619472,0,0.00033,sector_b
2156.35555556,1.0059208997864695,0,0.00033,sector_b
2156.35694444,1.0053664539761316,0,0.00033,sector_b
2156.35833333,1.0057600155774367,0,0.00033,sector_b
2156.35972222,1.005376631403862,0,0.00033,sector_b
2156.36111111,1.0058733540998241,0,0.00033,sector_b
2156.3625,1.005614423582635,0,0.00033,sector_b
2156.36388889,1.0054674159202424,0,0.00033,sector_b
2156.36527778,1.0056209916657521,0,0.00033,sector_b
2156.36666667,1.0058444027700417,0,0.00033,sector_b
2156.36805556,1.0052659468731697,0,0.00033,sector_b
2156.36944444,1.0060389450070886,0,0.00033,sector_b
2156.37083333,1.0059500179438294,0,0.00033,sector_b
2156.37222222,1.0056140058745935,0,0.00033,sector_b
2156.37361111,1.0056972418757564,0,0.00033,sector_b
2156.375,1.0053495492826259,0,0.00033,sector_b
2156.37638889,1.0060781435322677,0,0.00033,sector_b
2156.37777778,1.0051567609476917,0,0.00033,sector_b
2156.37916667,1.005582239287091,0,0.00033,sector_b
2156.38055556,1.0062245733759312,0,0.00033,sector_b
2156.38194444,1.0049269338407256,0,0.00033,sector_b
2156.38333333,1.0051613035089473,0,0.00033,sector_b
2156.38472222,1.0053226666712807,0,0.00033,sector_b
2156.38611111,1.0049747618589708,0,0.00033,sector_b
2156.3875,1.005163001219281,0,0.00033,sector_b
2156.38888889,1.005684816716693,0,0.00033,sector_b
2156.39027778,1.0053946517049945,0,0.00033,sector_b
2156.39166667,1.005680916338893,0,0.00033,sector_b
2156.39305556,1.005190258909279,0,0.00033,sector_b
2156.39444444,1.0049768708179714,0,0.00033,sector_b
2156.39583333,1.0056533081328576,0,0.00033,sector_b
2156.39722222,1.0055370161971247,0,0.00033,sector_b
2156.39861111,1.0051476671670605,0,0.00033,sector_b
2156.4,1.0051867770856975,0,0.00033,sector_b
2156.40138889,1.0050064280535589,0,0.00033,sector_b
2156.40277778,1.0047276710519837,0,0.00033,sector_b
2156.40416667,1.005461797288537,0,0.00033,sector_b
2156.40555556,1.005194177663342,0,0.00033,sector_b
2156.40694444,1.0055228409590875,0,0.00033,sector_b
2156.40833333,1.0051334984305573,0,0.00033,sector_b
2156.40972222,1.0053936596223925,0,0.00033,sector_b
2156.41111111,1.0053434166339907,0,0.00033,sector_b
2156.4125,1.0053326518236234,0,0.00033,sector_b
2156.41388889,1.0054615511713174,0,0.00033,sector_b
2156.41527778,1.0048485545873156,0,0.00033,sector_b
2156.41666667,1.005331494343169,0,0.00033,sector_b
2156.41805556,1.004946948848676,0,0.00033,sector_b
2156.41944444,1.0050493910111904,0,0.00033,sector_b
2156.42083333,1.0056903286025969,0,0.00033,sector_b
2156.42222222,1.0056455864216647,0,0.00033,sector_b
2156.42361111,1.0053396233746674,0,0.00033,sector_b
2156.425,1.0039360982669194,0,0.00033,sector_b
2156.42638889,1.0043539452889778,0,0.00033,sector_b
2156.42777778,1.0043624359247219,0,0.00033,sector_b
2156.42916667,1.0036848007239516,0,0.00033,sector_b
2156.43055556,1.0046151920631794,0,0.00033,sector_b
2156.43194444,1.0037792812109523,0,0.00033,sector_b
2156.43333333,1.0042766035937583,0,0.00033,sector_b
2156.43472222,1.0044036175131694,0,0.00033,sector_b
2156.43611111,1.0048269190020531,0,0.00033,sector_b
2156.4375,1.0037922248334101,0,0.00033,sector_b
2156.43888889,1.0041309913751932,0,0.00033,sector_b
2156.44027778,1.0033746371323895,0,0.00033,sector_b
2156.44166667,1.0040181415737033,0,0.00033,sector_b
2156.44305556,1.00376068156019,0,0.00033,sector_b
2156.44444444,1.0040150735280784,0,0.00033,sector_b
2156.44583333,1.003794937156307,0,0.00033,sector_b
2156.44722222,1.0036117910823428,0,0.00033,sector_b
2156.44861111,1.0041020917160641,0,0.00033,sector_b
2156.45,1.00361030895076,0,0.00033,sector_b
2156.45138889,1.0037029230237575,0,0.00033,sector_b
2156.45277778,1.0036476980072653,0,0.00033,sector_b
2156.45416667,1.0042493232286498,0,0.00033,sector_b
2156.45555556,1.0039442771149711,0,0.00033,sector_b
2156.45694444,1.003734873157917,0,0.00033,sector_b
2156.45833333,1.0033461088307956,0,0.00033,sector_b
2156.45972222,1.003801919438282,0,0.00033,sector_b
2156.46111111,1.0038895522099638,0,0.00033,sector_b
2156.4625,1.0035330898860202,0,0.00033,sector_b
2156.46388889,1.0035694387743699,0,0.00033,sector_b
2156.46527778,1.0038626392462524,0,0.00033,sector_b
2156.46666667,1.0038971291731287,0,0.00033,sector_b
2156.46805556,1.0040349407498654,0,0.00033,sector_b
2156.46944444,1.003705778229858,0,0.00033,sector_b
2156.47083333,1.0037562568293905,0,0.00033,sector_b
2156.47222222,1.0037336556130423,0,0.00033,sector_b
2156.47361111,1.003380762920845,0,0.00033,sector_b
2156.475,1.003978500354578,0,0.00033,sector_b
2156.47638889,1.004364355794431,0,0.00033,sector_b
2156.47777778,1.0037873298013804,0,0.00033,sector_b
2156.47916667,1.0039076905322915,0,0.00033,sector_b
2156.48055556,1.0040021562305739,0,0.00033,sector_b
2156.48194444,1.0031031216040684,0,0.00033,sector_b
2156.48333333,1.0039176135463652,0,0.00033,sector_b
2156.48472222,1.00383175332207,0,0.00033,sector_b
2156.48611111,1.0040181509572372,0,0.00033,sector_b
2156.4875,1.0038750430064682,0,0.00033,sector_b
2156.48888889,1.0040499685721433,0,0.00033,sector_b
2156.49027778,1.0035708941632484,0,0.00033,sector_b
2156.49166667,1.0039692954903092,0,0.00033,sector_b
2156.49305556,1.003819473069233,0,0.00033,sector_b
2156.49444444,1.0040494826369821,0,0.00033,sector_b
2156.49583333,1.0041016480936342,0,0.00033,sector_b
2156.49722222,1.003541888234385,0,0.00033,sector_b
2156.49861111,1.0032947694716436,0,0.00033,sector_b
2156.5,1.0040221220634458,0,0.00033,sector_b
2156.50138889,1.0038896980180092,0,0.00033,sector_b
2156.50277778,1.0031500836941905,0,0.00033,sector_b
2156.50416667,1.0039661867951024,0,0.00033,sector_b
2156.50555556,1.0037146519978002,0,0.00033,sector_b
2156.50694444,1.003816755929137,0,0.00033,sector_b
2156.50833333,1.0042528079498902,0,0.00033,sector_b
2156.50972222,1.0037919825083241,0,0.00033,sector_b
2156.51111111,1.0041392479773745,0,0.00033,sector_b
2156.5125,1.0032513283369153,0,0.00033,sector_b
2156.51388889,1.0034587742537544,0,0.00033,sector_b
2156.51527778,1.0037655205831233,0,0.00033,sector_b
2156.51666667,1.0036218047306165,0,0.00033,sector_b
2156.51805556,1.0033174978006199,0,0.00033,sector_b
2156.51944444,1.0034324613877073,0,0.00033,sector_b
2156.52083333,1.0035443398306703,0,0.00033,sector_b
2156.52222222,1.0039200330147642,0,0.00033,sector_b
2156.52361111,1.0035721736784027,0,0.00033,sector_b
2156.525,1.0032911251818493,0,0.00033,sector_b
2156.52638889,1.0032410155409566,0,0.00033,sector_b
2156.52777778,1.0033440597488332,0,0.00033,sector_b
2156.52916667,1.0032866822979294,0,0.00033,sector_b
2156.53055556,1.0040863037859444,0,0.00033,sector_b
2156.53194444,1.0034658048890226,0,0.00033,sector_b
2156.53333333,1.0034687530482942,0,0.00033,sector_b
2156.53472222,1.0029662846537615,0,0.00033,sector_b
2156.53611111,1.0040839826150632,0,0.00033,sector_b
2156.5375,1.0037058968509396,0,0.00033,sector_b
2156.53888889,1.0038317581935559,0,0.00033,sector_b
2156.54027778,1.003407666830184,0,0.00033,sector_b
2156.54166667,1.0037123148166098,0,0.00033,sector_b
2156.54305556,1.0030761929433156,0,0.00033,sector_b
2156.54444444,1.0037723735665778,0,0.00033,sector_b
2156.54583333,1.0041266635457735,0,0.00033,sector_b
2156.54722222,1.0035327325178136,0,0.00033,sector_b
2156.54861111,1.0035166875976445,0,0.00033,sector_b
2156.55,1.0032377327384503,0,0.00033,sector_b
2156.55138889,1.003649741953725,0,0.00033,sector_b
2156.55277778,1.0039654351564586,0,0.00033,sector_b
2156.55416667,1.003185059675588,0,0.00033,sector_b
2156.55555556,1.0044059262546141,0,0.00033,sector_b
2156.55694444,1.0035379520194683,0,0.00033,sector_b
2156.55833333,1.0036097872931198,0,0.00033,sector_b
2156.55972222,1.0038423035843718,0,0.00033,sector_b
2156.56111111,1.0032747494344816,0,0.00033,sector_b
2156.5625,1.0029109701810035,0,0.00033,sector_b
2156.56388889,1.0033879120936182,0,0.00033,sector_b
2156.56527778,1.004795893647531,0,0.00033,sector_b
2156.56666667,1.005291398498904,0,0.00033,sector_b
2156.56805556,1.005136948045205,0,0.00033,sector_b
2156.56944444,1.004571445625686,0,0.00033,sector_b
2156.57083333,1.004185303195389,0,0.00033,sector_b
2156.57222222,1.0051065791157738,0,0.00033,sector_b
2156.57361111,1.0046411530454178,0,0.00033,sector_b
2156.575,1.0045367384508617,0,0.00033,sector_b
2156.57638889,1.0045368142298672,0,0.00033,sector_b
2156.57777778,1.0048726785064803,0,0.00033,sector_b
2156.57916667,1.0049398739112414,0,0.00033,sector_b
2156.58055556,1.0049700965868076,0,0.00033,sector_b
2156.58194444,1.0043852696449582,0,0.00033,sector_b
2156.58333333,1.0047488304469587,0,0.00033,sector_b
2156.58472222,1.0043441626527831,0,0.00033,sector_b
2156.58611111,1.0042270093131616,0,0.00033,sector_b
2156.5875,1.0042698095072031,0,0.00033,sector_b
2156.58888889,1.0045735614202358,0,0.00033,sector_b
2156.59027778,1.0043615682826588,0,0.00033,sector_b
2156.59166667,1.0047881399699778,0,0.00033,sector_b
2156.59305556,1.0042348662745424,0,0.00033,sector_b
2156.59444444,1.0044628062011016,0,0.00033,sector_b
2156.59583333,1.0043884170119175,0,0.00033,sector_b
2156.59722222,1.0044843956160874,0,0.00033,sector_b
2156.59861111,1.0041173310822484,0,0.00033,sector_b
2156.6,1.0045597132972395,0,0.00033,sector_b
2156.60138889,1.0040555039623829,0,0.00033,sector_b
2156.60277778,1.0049383719319214,0,0.00033,sector_b
2156.60416667,1.0048375260655664,0,0.00033,sector_b
2156.60555556,1.004895249439449,0,0.00033,sector_b
2156.60694444,1.0047001976657566,0,0.00033,sector_b
2156.60833333,1.0038459813877325,0,0.00033,sector_b
2156.60972222,1.0041165692235634,0,0.00033,sector_b
2156.61111111,1.004151656908701,0,0.00033,sector_b
2156.6125,1.004184670688604,0,0.00033,sector_b
2156.61388889,1.0046370907773472,0,0.00033,sector_b
2156.61527778,1.0043198132936593,0,0.00033,sector_b
2156.61666667,1.0046626389112336,0,0.00033,sector_b
2156.61805556,1.0040179513343435,0,0.00033,sector_b
2156.61944444,1.00442393311711,0,0.00033,sector_b
2156.62083333,1.0046854732964299,0,0.00033,sector_b
2156.62222222,1.0044435874392397,0,0.00033,sector_b
2156.62361111,1.003827193656135,0,0.00033,sector_b
2156.625,1.0045585485061417,0,0.00033,sector_b
2156.62638889,1.0048294006072902,0,0.00033,sector_b
2156.62777778,1.0043185077363213,0,0.00033,sector_b
2156.62916667,1.0047071267256276,0,0.00033,sector_b
2156.63055556,1.0046026158963741,0,0.00033,sector_b
2156.63194444,1.0042965242262087,0,0.00033,sector_b
2156.63333333,1.0044251403324718,0,0.00033,sector_b
2156.63472222,1.0046073804329383,0,0.00033,sector_b
2156.63611111,1.003772782221364,0,0.00033,sector_b
2156.6375,1.0042640038035011,0,0.00033,sector_b
2156.63888889,1.003463087726211,0,0.00033,sector_b
2156.64027778,1.004403703728766,0,0.00033,sector_b
2156.64166667,1.004147210808183,0,0.00033,sector_b
2156.64305556,1.00409903003114,0,0.00033,sector_b
2156.64444444,1.0038396447215183,0,0.00033,sector_b
2156.64583333,1.0039522905565699,0,0.00033,sector_b
2156.64722222,1.0043976694490908,0,0.00033,sector_b
2156.64861111,1.0044416122565107,0,0.00033,sector_b
2156.65,1.0044217441596093,0,0.00033,sector_b
2156.65138889,1.0039896056982391,0,0.00033,sector_b
2156.65277778,1.0045017409096262,0,0.00033,sector_b
2156.65416667,1.0038760924150258,0,0.00033,sector_b
2156.65555556,1.0044543050511403,0,0.00033,sector_b
2156.65694444,1.0042857551892088,0,0.00033,sector_b
2156.65833333,1.0041884558490062,0,0.00033,sector_b
2156.65972222,1.00424551377555,0,0.00033,sector_b
2156.66111111,1.0041040044030747,0,0.00033,sector_b
2156.6625,1.0047542971688022,0,0.00033,sector_b
2156.66388889,1.0047994043482158,0,0.00033,sector_b
2156.66527778,1.0042142514202204,0,0.00033,sector_b
2156.66666667,1.0038281131079685,0,0.00033,sector_b
2156.66805556,1.0040575870613482,0,0.00033,sector_b
2156.66944444,1.0042354372956193,0,0.00033,sector_b
2156.67083333,1.0043635593547628,0,0.00033,sector_b
2156.67222222,1.0040707819322243,0,0.00033,sector_b
2156.67361111,1.0049234623612036,0,0.00033,sector_b
2156.675,1.0040770656812417,0,0.00033,sector_b
2156.67638889,1.00319760389103,0,0.00033,sector_b
2156.67777778,1.0039174966945525,0,0.00033,sector_b
2156.67916667,1.0036213633454012,0,0.00033,sector_b
2156.68055556,1.003637365936503,0,0.00033,sector_b
2156.68194444,1.004579389712389,0,0.00033,sector_b
2156.68333333,1.004153513613187,0,0.00033,sector_b
2156.68472222,1.0037152141163224,0,0.00033,sector_b
2156.68611111,1.003682508153885,0,0.00033,sector_b
2156.6875,1.0037575028984027,0,0.00033,sector_b
2156.68888889,1.004372093564544,0,0.00033,sector_b
2156.69027778,1.0040285614565745,0,0.00033,sector_b
2156.69166667,1.0041631593098668,0,0.00033,sector_b
2156.69305556,1.0040203737983262,0,0.00033,sector_b
2156.69444444,1.0036209380079235,0,0.00033,sector_b
2156.69583333,1.0042734610162036,0,0.00033,sector_b
2156.69722222,1.0039236739394912,0,0.00033,sector_b
2156.69861111,1.0041152497107275,0,0.00033,sector_b
2156.7,1.003558291964279,0,0.00033,sector_b
2156.70138889,1.0039110276326162,0,0.00033,sector_b
2156.70277778,1.0040632720784664,0,0.00033,sector_b
2156.70416667,1.003364074888699,0,0.00033,sector_b
2156.70555556,1.0040110331917258,0,0.00033,sector_b
2156.70694444,1.0045466646763437,0,0.00033,sector_b
2156.70833333,1.0039251342471505,0,0.00033,sector_b
2156.70972222,1.0040713854246566,0,0.00033,sector_b
2156.71111111,1.0036488910487162,0,0.00033,sector_b
2156.7125,1.0041415953626176,0,0.00033,sector_b
2156.71388889,1.0040797420754173,0,0.00033,sector_b
2156.71527778,1.0043460196159835,0,0.00033,sector_b
2156.71666667,1.0037130001554118,0,0.00033,sector_b
2156.71805556,1.0037712828058971,0,0.00033,sector_b
2156.71944444,1.0038176053834633,0,0.00033,sector_b
2156.72083333,1.0040004150497353,0,0.00033,sector_b
2156.72222222,1.0039981587690565,0,0.00033,sector_b
2156.72361111,1.0037850576921994,0,0.00033,sector_b
2156.725,1.0039182211783806,0,0.00033,sector_b
2156.72638889,1.003911635114228,0,0.00033,sector_b
2156.72777778,1.0039000886034686,0,0.00033,sector_b
2156.72916667,1.0036779192478567,0,0.00033,sector_b
2156.73055556,1.0032496297808766,0,0.00033,sector_b
2156.73194444,1.0040252039152193,0,0.00033,sector_b
2156.73333333,1.0044947133605184,0,0.00033,sector_b
2156.73472222,1.004006929252551,0,0.00033,sector_b
2156.73611111,1.003510626347795,0,0.00033,sector_b
2156.7375,1.0037033150976895,0,0.00033,sector_b
2156.73888889,1.0040363268758574,0,0.00033,sector_b
2156.74027778,1.0033014004471954,0,0.00033,sector_b
2156.74166667,1.0035559984344513,0,0.00033,sector_b
2156.74305556,1.0034207661979562,0,0.00033,sector_b
2156.74444444,1.0041453209042595,0,0.00033,sector_b
2156.74583333,1.0035423958629437,0,0.00033,sector_b
2156.74722222,1.0039341366013934,0,0.00033,sector_b
2156.74861111,1.0040102662379207,0,0.00033,sector_b
2156.75,1.0038497013169334,0,0.00033,sector_b
2156.75138889,1.0039775498574508,0,0.00033,sector_b
2156.75277778,1.0035169694853885,0,0.00033,sector_b
2156.75416667,1.003688245341247,0,0.00033,sector_b
2156.75555556,1.0034755692695014,0,0.00033,sector_b
2156.75694444,1.0042876512993646,0,0.00033,sector_b
2156.75833333,1.0032379420205777,0,0.00033,sector_b
2156.75972222,1.003596643666455,0,0.00033,sector_b
2156.76111111,1.0036423867711053,0,0.00033,sector_b
2156.7625,1.003813882639179,0,0.00033,sector_b
2156.76388889,1.00347460267974,0,0.00033,sector_b
2156.76527778,1.0038511925750184,0,0.00033,sector_b
2156.76666667,1.0037988564485893,0,0.00033,sector_b
2156.76805556,1.0034478210589206,0,0.00033,sector_b
2156.76944444,1.0041150442382931,0,0.00033,sector_b
2156.77083333,1.0035781175030116,0,0.00033,sector_b
2156.77222222,1.0034824628450245,0,0.00033,sector_b
2156.77361111,1.0036887171840325,0,0.00033,sector_b
2156.775,1.0041784823049076,0,0.00033,sector_b
2156.77638889,1.0034020967708266,0,0.00033,sector_b
2156.77777778,1.0039806312260309,0,0.00033,sector_b
2156.77916667,1.0041159475585233,0,0.00033,sector_b
2156.78055556,1.0030178652301127,0,0.00033,sector_b
2156.78194444,1.0036908517141405,0,0.00033,sector_b
2156.78333333,1.004215943565232,0,0.00033,sector_b
2156.78472222,1.0038195184848424,0,0.00033,sector_b
2156.78611111,1.004308454164388,0,0.00033,sector_b
2156.7875,1.0033272926363799,0,0.00033,sector_b
2156.78888889,1.003497683746735,0,0.00033,sector_b
2156.79027778,1.0039238841601554,0,0.00033,sector_b
2156.79166667,1.0039444865233718,0,0.00033,sector_b
2156.79305556,1.003383199484759,0,0.00033,sector_b
2156.79444444,1.0032846224504974,0,0.00033,sector_b
2156.79583333,1.0034110295617507,0,0.00033,sector_b
2156.79722222,1.0031638707641137,0,0.00033,sector_b
2156.79861111,1.0037001269649712,0,0.00033,sector_b
2156.8,1.003437760154441,0,0.00033,sector_b
2156.80138889,1.0035692184226017,0,0.00033,sector_b
2156.80277778,1.0033553434734408,0,0.00033,sector_b
2156.80416667,1.003799961759418,0,0.00033,sector_b
2156.80555556,1.003578652714382,0,0.00033,sector_b
2156.80694444,1.0034023615209773,0,0.00033,sector_b
2156.80833333,1.0035365090665351,0,0.00033,sector_b
2156.80972222,1.0033882584894853,0,0.00033,sector_b
2156.81111111,1.0028644412413406,0,0.00033,sector_b
2156.8125,1.0033583239310884,0,0.00033,sector_b
2156.81388889,1.003297590844958,0,0.00033,sector_b
2156.81527778,1.0031176300383573,0,0.00033,sector_b
2156.81666667,1.0030674739460375,0,0.00033,sector_b
2156.81805556,1.0035478629269272,0,0.00033,sector_b
2156.81944444,1.003035728176672,0,0.00033,sector_b
2156.82083333,1.0036300496297133,0,0.00033,sector_b
2156.82222222,1.0033907976314587,0,0.00033,sector_b
2156.82361111,1.0036588916784128,0,0.00033,sector_b
2156.825,1.0038700488394754,0,0.00033,sector_b
2156.82638889,1.003208327752958,0,0.00033,sector_b
2156.82777778,1.0029673596245852,0,0.00033,sector_b
2156.82916667,1.0038843661947237,0,0.00033,sector_b
2156.83055556,1.0029037425650467,0,0.00033,sector_b
2156.83194444,1.0036691504322344,0,0.00033,sector_b
2156.83333333,1.003966966400686,0,0.00033,sector_b
2156.83472222,1.0034131618522342,0,0.00033,sector_b
2156.83611111,1.0040263469538449,0,0.00033,sector_b
2156.8375,1.0028260393870374,4096,0.00033,sector_b
2156.83888889,1.0033710478193545,0,0.00033,sector_b
2156.84027778,1.003758579586714,0,0.00033,sector_b
2156.84166667,1.003023282053962,0,0.00033,sector_b
2156.84305556,1.0031788648892979,0,0.00033,sector_b
2156.84444444,1.003049140665049,0,0.00033,sector_b
2156.84583333,1.003486468044168,0,0.00033,sector_b
2156.84722222,1.0033506351164143,0,0.00033,sector_b
2156.84861111,1.0034871946279575,0,0.00033,sector_b
2156.85,1.003404391641483,0,0.00033,sector_b
2156.85138889,1.0030672715464506,0,0.00033,sector_b
2156.85277778,1.0034167690229503,0,0.00033,sector_b
2156.85416667,1.0030443772662827,0,0.00033,sector_b
2156.85555556,1.0035469750403896,0,0.00033,sector_b
2156.85694444,1.003344366724702,0,0.00033,sector_b
2156.85833333,1.0030721014069734,0,0.00033,sector_b
2156.85972222,1.0033713288938493,0,0.00033,sector_b
2156.86111111,1.0036099214718208,0,0.00033,sector_b
2156.8625,1.0031206379401973,0,0.00033,sector_b
2156.86388889,1.0031107121201057,0,0.00033,sector_b
2156.86527778,1.0037648253867322,0,0.00033,sector_b
2156.86666667,1.0030784614138322,0,0.00033,sector_b
2156.86805556,1.0030309070630594,0,0.00033,sector_b
2156.86944444,1.0033239750837424,0,0.00033,sector_b
2156.87083333,1.0028543231754938,0,0.00033,sector_b
2156.87222222,1.0033636962921157,0,0.00033,sector_b
2156.87361111,1.0038090097991006,0,0.00033,sector_b
2156.875,1.0031874285790758,0,0.00033,sector_b
2156.87638889,1.0034141090382138,0,0.00033,sector_b
2156.87777778,1.0029535406386896,0,0.00033,sector_b
2156.87916667,1.0030500417081036,0,0.00033,sector_b
2156.88055556,1.0028120498908057,0,0.00033,sector_b
2156.88194444,1.0035745823364695,0,0.00033,sector_b
2156.88333333,1.0032013962146802,0,0.00033,sector_b
2156.88472222,1.0035028840260023,0,0.00033,sector_b
2156.88611111,1.003550692568311,0,0.00033,sector_b
2156.8875,1.002163298563641,0,0.00033,sector_b
2156.88888889,1.0028155040397901,0,0.00033,sector_b
2156.89027778,1.0033843272674559,0,0.00033,sector_b
2156.89166667,1.0033782506418605,0,0.00033,sector_b
2156.89305556,1.0032152501920448,0,0.00033,sector_b
2156.89444444,1.002736788420579,0,0.00033,sector_b
2156.89583333,1.0032286458826312,0,0.00033,sector_b
2156.89722222,1.002782308219954,0,0.00033,sector_b
2156.89861111,1.0041933104822136,0,0.00033,sector_b
2156.9,1.0027233610552573,0,0.00033,sector_b
2156.90138889,1.0028784687571703,0,0.00033,sector_b
2156.90277778,1.002874219732646,0,0.00033,sector_b
2156.90416667,1.002285024207372,0,0.00033,sector_b
2156.90555556,1.0026948342775732,0,0.00033,sector_b
2156.90694444,1.0033543141437773,0,0.00033,sector_b
2156.90833333,1.0030023919958433,0,0.00033,sector_b
2156.90972222,1.0033783026261682,0,0.00033,sector_b
2156.91111111,1.0031486682844053,0,0.00033,sector_b
2156.9125,1.0027749183920138,0,0.00033,sector_b
2156.91388889,1.002781081218854,0,0.00033,sector_b
2156.91527778,1.0030201040952356,0,0.00033,sector_b
2156.91666667,1.002581381766472,0,0.00033,sector_b
2156.91805556,1.0027285389111755,0,0.00033,sector_b
2156.91944444,1.0036705017426162,0,0.00033,sector_b
2156.92083333,1.0031260300361553,0,0.00033,sector_b
2156.92222222,1.0026761716294184,0,0.00033,sector_b
2156.92361111,1.0033382585989241,0,0.00033,sector_b
2156.925,1.0030181153908995,0,0.00033,sector_b
2156.92638889,1.0029345688191633,0,0.00033,sector_b
2156.92777778,1.0031602750265665,0,0.00033,sector_b
2156.92916667,1.0032020259940093,0,0.00033,sector_b
2156.93055556,1.002563393814023,0,0.00033,sector_b
2156.93194444,1.0028334753617152,0,0.00033,sector_b
2156.93333333,1.0028295376032925,0,0.00033,sector_b
2156.93472222,1.0026810474375838,0,0.00033,sector_b
2156.93611111,1.003077466937913,0,0.00033,sector_b
2156.9375,1.0020577781233249,0,0.00033,sector_b
2156.93888889,1.003659179624828,0,0.00033,sector_b
2156.94027778,1.00303719010138,0,0.00033,sector_b
2156.94166667,1.00256949027899,0,0.00033,sector_b
2156.94305556,1.0024511101162865,0,0.00033,sector_b
2156.94444444,1.0027190375528132,0,0.00033,sector_b
2156.94583333,1.0027339247822755,0,0.00033,sector_b
2156.94722222,1.0029291988082771,0,0.00033,sector_b
2156.94861111,1.0031775503805127,0,0.00033,sector_b
2156.95,1.0021805434206168,0,0.00033,sector_b
2156.95138889,1.0025320251776764,0,0.00033,sector_b
2156.95277778,1.0029617717634627,0,0.00033,sector_b
2156.95416667,1.0028056596451267,0,0.00033,sector_b
2156.95555556,1.0026609991713362,0,0.00033,sector_b
2156.95694444,1.0032419295091217,0,0.00033,sector_b
2156.95833333,1.002506629984933,0,0.00033,sector_b
2156.95972222,1.0030527847400335,0,0.00033,sector_b
2156.96111111,1.0024373294478937,0,0.00033,sector_b
2156.9625,1.0029162230081627,0,0.00033,sector_b
2156.96388889,1.0025674209189892,0,0.00033,sector_b
2156.96527778,1.0024139430082772,0,0.00033,sector_b
2156.96666667,1.0030508074869153,0,0.00033,sector_b
2156.96805556,1.0027117286386742,0,0.00033,sector_b
2156.96944444,1.0027929868814396,0,0.00033,sector_b
2156.97083333,1.0029326121784283,0,0.00033,sector_b
2156.97222222,1.002651780603632,0,0.00033,sector_b
2156.97361111,1.0028973610550271,0,0.00033,sector_b
2156.975,1.0021261673859545,0,0.00033,sector_b
2156.97638889,1.003158748958856,0,0.00033,sector_b
2156.97777778,1.0027283564657201,0,0.00033,sector_b
2156.97916667,1.002477931342657,0,0.00033,sector_b
2156.98055556,1.0024879171025238,0,0.00033,sector_b
2156.98194444,1.0024055000425498,0,0.00033,sector_b
2156.98333333,1.0026733827007355,0,0.00033,sector_b
2156.98472222,1.002707139314367,0,0.00033,sector_b
2156.98611111,1.0028274991771686,0,0.00033,sector_b
2156.9875,1.0027839535868632,0,0.00033,sector_b
2156.98888889,1.0028823133464022,0,0.00033,sector_b
2156.99027778,1.0028103228682521,0,0.00033,sector_b
2156.99166667,1.002910471001521,0,0.00033,sector_b
2156.99305556,1.0026288310597553,0,0.00033,sector_b
2156.99444444,1.0025197567322197,0,0.00033,sector_b
2156.99583333,1.0027732522200457,0,0.00033,sector_b
2156.99722222,1.0028777196104985,0,0.00033,sector_b
2156.99861111,1.0029584946333685,0,0.00033,sector_b
2157.0,1.0030079211972627,0,0.00033,sector_b
2157.00138889,1.0030316326326307,0,0.00033,sector_b
2157.00277778,1.001839842960868,0,0.00033,sector_b
2157.00416667,1.002458016745213,0,0.00033,sector_b
2157.00555556,1.0029041394102238,0,0.00033,sector_b
2157.00694444,1.0025046298327986,0,0.00033,sector_b
2157.00833333,1.0025191575985557,0,0.00033,sector_b
2157.00972222,1.0027130052507538,0,0.00033,sector_b
2157.01111111,1.0024474911805126,0,0.00033,sector_b
2157.0125,1.0023952083015126,0,0.00033,sector_b
2157.01388889,1.0022613415357333,0,0.00033,sector_b
2157.01527778,1.0030567621661195,0,0.00033,sector_b
2157.01666667,1.0026776865306761,0,0.00033,sector_b
2157.01805556,1.0026303104895147,0,0.00033,sector_b
2157.01944444,1.0031599421975876,0,0.00033,sector_b
2157.02083333,1.0026218036151782,0,0.00033,sector_b
2157.02222222,1.0025397213042526,0,0.00033,sector_b
2157.02361111,1.0026164068466685,0,0.00033,sector_b
2157.025,1.0023164190255789,0,0.00033,sector_b
2157.02638889,1.0032029133147775,0,0.00033,sector_b
2157.02777778,1.0028108374373057,0,0.00033,sector_b
2157.02916667,1.0030235688842408,0,0.00033,sector_b
2157.03055556,1.002435447716838,0,0.00033,sector_b
2157.03194444,1.001950977246723,0,0.00033,sector_b
2157.03333333,1.002818942428415,0,0.00033,sector_b
2157.03472222,1.0018690949959668,0,0.00033,sector_b
2157.03611111,1.0022625385493562,0,0.00033,sector_b
2157.0375,1.0024930614495047,0,0.00033,sector_b
2157.03888889,1.0030260129301722,0,0.00033,sector_b
2157.04027778,1.0030396746826413,0,0.00033,sector_b
2157.04166667,1.0026049751351418,0,0.00033,sector_b
2157.04305556,1.0023435504112015,0,0.00033,sector_b
2157.04444444,1.0025368146604106,0,0.00033,sector_b
2157.04583333,1.0026591655185042,0,0.00033,sector_b
2157.04722222,1.0027784903387338,0,0.00033,sector_b
2157.04861111,1.0030721499936042,0,0.00033,sector_b
2157.05,1.0022114313808586,2048,0.00033,sector_b
2157.05138889,1.0023706895696933,0,0.00033,sector_b
2157.05277778,1.0027912995441488,0,0.00033,sector_b
2157.05416667,1.0021169729765156,0,0.00033,sector_b
2157.05555556,1.002411281021352,0,0.00033,sector_b
2157.05694444,1.0022958980496304,0,0.00033,sector_b
2157.05833333,1.0023243477108457,0,0.00033,sector_b
2157.05972222,1.002617820224901,0,0.00033,sector_b
2157.06111111,1.0024101542909316,0,0.00033,sector_b
2157.0625,1.0019123036845459,0,0.00033,sector_b
2157.06388889,1.0022456308607155,0,0.00033,sector_b
2157.06527778,1.0023434778117972,0,0.00033,sector_b
2157.06666667,1.0027005342726485,0,0.00033,sector_b
2157.06805556,1.001319699175132,0,0.00033,sector_b
2157.06944444,1.002407614568101,0,0.00033,sector_b
2157.07083333,1.0026200991427503,0,0.00033,sector_b
2157.07222222,1.002658039343413,0,0.00033,sector_b
2157.07361111,1.0024567555753292,0,0.00033,sector_b
2157.075,1.0025025795365452,0,0.00033,sector_b
2157.07638889,1.0024923636333671,0,0.00033,sector_b
2157.07777778,1.0025307517347006,0,0.00033,sector_b
2157.07916667,1.0026235005125317,0,0.00033,sector_b
2157.08055556,1.0027287799775544,0,0.00033,sector_b
2157.08194444,1.0026407786426308,0,0.00033,sector_b
2157.08333333,1.0026064743764496,0,0.00033,sector_b
2157.08472222,1.002010584396105,0,0.00033,sector_b
2157.08611111,1.0023762572420718,0,0.00033,sector_b
2157.0875,1.0021243293948219,0,0.00033,sector_b
2157.08888889,1.0016868021913352,0,0.00033,sector_b
2157.09027778,1.0022356154315664,0,0.00033,sector_b
2157.09166667,1.0027750331127905,0,0.00033,sector_b
2157.09305556,1.0020516941542774,0,0.00033,sector_b
2157.09444444,1.0017116429153827,0,0.00033,sector_b
2157.09583333,1.002729188012091,0,0.00033,sector_b
2157.09722222,1.0018784618509782,0,0.00033,sector_b
2157.09861111,1.0027036595834558,0,0.00033,sector_b
2157.1,1.0022896620669588,0,0.00033,sector_b
2157.10138889,1.0023953387626272,0,0.00033,sector_b
2157.10277778,1.0024127763795287,0,0.00033,sector_b
2157.10416667,1.0024317601678436,0,0.00033,sector_b
2157.10555556,1.0019394994556765,0,0.00033,sector_b
2157.10694444,1.0022914730383754,0,0.00033,sector_b
2157.10833333,1.002023922712257,0,0.00033,sector_b
2157.10972222,1.002190143482803,0,0.00033,sector_b
2157.11111111,1.0017915705194147,0,0.00033,sector_b
2157.1125,1.0022809287239045,0,0.00033,sector_b
2157.11388889,1.002279583700544,0,0.00033,sector_b
2157.11527778,1.0018435871723004,0,0.00033,sector_b
2157.11666667,1.0022670362493473,0,0.00033,sector_b
2157.11805556,1.0023807195816794,0,0.00033,sector_b
2157.11944444,1.002049354210507,0,0.00033,sector_b
2157.12083333,1.0019876505992136,0,0.00033,sector_b
2157.12222222,1.0016599642767514,0,0.00033,sector_b
2157.12361111,1.001947664099396,0,0.00033,sector_b
2157.125,1.0018316050009217,0,0.00033,sector_b
2157.12638889,1.0024737935108263,0,0.00033,sector_b
2157.12777778,1.0022907252202533,0,0.00033,sector_b
2157.12916667,1.001923681201408,0,0.00033,sector_b
2157.13055556,1.0024013921853028,0,0.00033,sector_b
2157.13194444,1.0022119612819893,0,0.00033,sector_b
2157.13333333,1.001622968025537,0,0.00033,sector_b
2157.13472222,1.0027117620695611,0,0.00033,sector_b
2157.13611111,1.0025349127710914,0,0.00033,sector_b
2157.1375,1.0021282723838791,0,0.00033,sector_b
2157.13888889,1.0020392266903688,0,0.00033,sector_b
2157.14027778,1.0021013258765568,0,0.00033,sector_b
2157.14166667,1.0021221649879632,0,0.00033,sector_b
2157.14305556,1.0024084987512571,0,0.00033,sector_b
2157.14444444,1.0024325113685817,0,0.00033,sector_b
2157.14583333,1.0026414093754565,0,0.00033,sector_b
2157.14722222,1.0019534854800372,0,0.00033,sector_b
2157.14861111,1.0020603344041137,0,0.00033,sector_b
2157.15,1.0018124408024371,0,0.00033,sector_b
2157.15138889,1.0019288064112783,0,0.00033,sector_b
2157.15277778,1.0018753964706015,0,0.00033,sector_b
2157.15416667,1.0022188438289403,0,0.00033,sector_b
2157.15555556,1.0022637525642375,0,0.00033,sector_b
2157.15694444,1.0025008829908506,2048,0.00033,sector_b
2157.15833333,1.0020666837915717,0,0.00033,sector_b
2157.15972222,1.0017582890298982,0,0.00033,sector_b
2157.16111111,1.0019930728054907,0,0.00033,sector_b
2157.1625,1.0013731682481917,0,0.00033,sector_b
2157.16388889,1.0013671934960333,0,0.00033,sector_b
2157.16527778,1.0021439150502558,0,0.00033,sector_b
2157.16666667,1.001725386664923,0,0.00033,sector_b
2157.16805556,1.0016394287129025,0,0.00033,sector_b
2157.16944444,1.0022328362817448,0,0.00033,sector_b
2157.17083333,1.0016206594510406,0,0.00033,sector_b
2157.17222222,1.0016799180343556,0,0.00033,sector_b
2157.17361111,1.001662014608315,0,0.00033,sector_b
2157.175,1.0018613367005773,0,0.00033,sector_b
2157.17638889,1.0022308827695547,0,0.00033,sector_b
2157.17777778,1.0021345251390308,0,0.00033,sector_b
2157.17916667,1.0017260073190097,0,0.00033,sector_b
2157.18055556,1.002441676729713,0,0.00033,sector_b
2157.18194444,1.001534855106649,0,0.00033,sector_b
2157.18333333,1.0017779964629414,0,0.00033,sector_b
2157.18472222,1.0019484006095054,0,0.00033,sector_b
2157.18611111,1.0016776358938344,0,0.00033,sector_b
2157.1875,1.001964734117181,0,0.00033,sector_b
2157.18888889,1.001731366777556,0,0.00033,sector_b
2157.19027778,1.002153913090947,0,0.00033,sector_b
2157.19166667,1.0019817732795528,0,0.00033,sector_b
2157.19305556,1.002306418175009,0,0.00033,sector_b
2157.19444444,1.001828115068823,0,0.00033,sector_b
2157.19583333,1.0016568986391707,0,0.00033,sector_b
2157.19722222,1.0016489230653873,0,0.00033,sector_b
2157.19861111,1.001954311438621,0,0.00033,sector_b
2157.2,1.0016720756380697,0,0.00033,sector_b
2157.20138889,1.0025244739847996,0,0.00033,sector_b
2157.20277778,1.0018238049570567,0,0.00033,sector_b
2157.20416667,1.0011816301278746,0,0.00033,sector_b
2157.20555556,1.0015857383862083,0,0.00033,sector_b
2157.20694444,1.0017976414794734,0,0.00033,sector_b
2157.20833333,1.0014668197014338,0,0.00033,sector_b
2157.20972222,1.0013385140236954,0,0.00033,sector_b
2157.21111111,1.0020183362720545,0,0.00033,sector_b
2157.2125,1.0019512127700538,0,0.00033,sector_b
2157.21388889,1.0014365667951393,0,0.00033,sector_b
2157.21527778,1.0021681890603444,0,0.00033,sector_b
2157.21666667,1.0022046559973934,0,0.00033,sector_b
2157.21805556,1.001708911329487,0,0.00033,sector_b
2157.21944444,1.001744597468863,0,0.00033,sector_b
2157.22083333,1.0013873696496307,0,0.00033,sector_b
2157.22222222,1.0020916339581258,0,0.00033,sector_b
2157.22361111,1.0012819132712647,0,0.00033,sector_b
2157.225,1.0014146607464667,0,0.00033,sector_b
2157.22638889,1.001804188342142,0,0.00033,sector_b
2157.22777778,1.0015732597334652,0,0.00033,sector_b
2157.22916667,1.00178809777941,0,0.00033,sector_b
2157.23055556,1.0016786605314323,0,0.00033,sector_b
2157.23194444,1.0021311005258975,0,0.00033,sector_b
2157.23333333,1.0017520575556025,0,0.00033,sector_b
2157.23472222,1.0015850305141896,0,0.00033,sector_b
2157.23611111,1.0024637404857142,0,0.00033,sector_b
2157.2375,1.0014377198084259,0,0.00033,sector_b
2157.23888889,1.001383097915959,0,0.00033,sector_b
2157.24027778,1.002027649972241,0,0.00033,sector_b
2157.24166667,1.0013689578633045,0,0.00033,sector_b
2157.24305556,1.0017273775985966,0,0.00033,sector_b
2157.24444444,1.0018415765647526,0,0.00033,sector_b
2157.24583333,1.001486236018734,0,0.00033,sector_b
2157.24722222,1.001776273637319,0,0.00033,sector_b
2157.24861111,1.0016888371349002,0,0.00033,sector_b
2157.25,1.0016307549967889,0,0.00033,sector_b
2157.25138889,1.0014463200972303,0,0.00033,sector_b
2157.25277778,1.0021849170700075,0,0.00033,sector_b
2157.25416667,1.0020111801886649,0,0.00033,sector_b
2157.25555556,1.001442003832024,0,0.00033,sector_b
2157.25694444,1.0018422215980516,0,0.00033,sector_b
2157.25833333,1.0017905215661214,0,0.00033,sector_b
2157.25972222,1.0020737075202897,0,0.00033,sector_b
2157.26111111,1.0016515061711713,0,0.00033,sector_b
2157.2625,1.0017504545519171,0,0.00033,sector_b
2157.26388889,1.0015265626129446,0,0.00033,sector_b
2157.26527778,1.0017111445707063,0,0.00033,sector_b
2157.26666667,1.0014795117393114,0,0.00033,sector_b
2157.26805556,1.0013669645012608,0,0.00033,sector_b
2157.26944444,1.001526899116221,0,0.00033,sector_b
2157.27083333,1.001166992645066,0,0.00033,sector_b
2157.27222222,1.0020047155811467,0,0.00033,sector_b
2157.27361111,1.0022500751457937,0,0.00033,sector_b
2157.275,1.0015808291951005,0,0.00033,sector_b
2157.27638889,1.001677644419612,0,0.00033,sector_b
2157.27777778,1.0018638189350233,0,0.00033,sector_b
2157.27916667,1.001484626415465,0,0.00033,sector_b
2157.28055556,1.0017822430470467,0,0.00033,sector_b
2157.28194444,1.0015220536354539,0,0.00033,sector_b
2157.28333333,1.001160872749877,0,0.00033,sector_b
2157.28472222,1.0014688582666187,0,0.00033,sector_b
2157.28611111,1.001221601505168,0,0.00033,sector_b
2157.2875,1.0016739098958214,0,0.00033,sector_b
2157.28888889,1.0015337911311375,0,0.00033,sector_b
2157.29027778,1.0019035921655308,0,0.00033,sector_b
2157.29166667,1.0010101912902647,0,0.00033,sector_b
2157.29305556,1.0015704121191944,0,0.00033,sector_b
2157.29444444,1.001376853204576,0,0.00033,sector_b
2157.29583333,1.0017606516800135,0,0.00033,sector_b
2157.29722222,1.0011538917923541,0,0.00033,sector_b
2157.29861111,1.0010041069166002,0,0.00033,sector_b
2157.3,1.0013927121440016,0,0.00033,sector_b
2157.30138889,1.001182073835936,0,0.00033,sector_b
2157.30277778,1.001079924922963,0,0.00033,sector_b
2157.30416667,1.001516263756036,0,0.00033,sector_b
2157.30555556,1.001585675044986,0,0.00033,sector_b
2157.30694444,1.0014082158540476,0,0.00033,sector_b
2157.30833333,1.001495869033776,0,0.00033,sector_b
2157.30972222,1.0010167246359205,0,0.00033,sector_b
2157.31111111,1.0020310834423105,0,0.00033,sector_b
2157.3125,1.0015000812147576,0,0.00033,sector_b
2157.31388889,1.0014779650648864,0,0.00033,sector_b
2157.31527778,1.0014887461432027,0,0.00033,sector_b
2157.31666667,1.0017532165923118,0,0.00033,sector_b
2157.31805556,1.0017733089767271,0,0.00033,sector_b
2157.31944444,1.0010347479484367,0,0.00033,sector_b
2157.32083333,1.001455622348429,0,0.00033,sector_b
2157.32222222,1.001766001517261,0,0.00033,sector_b
2157.32361111,1.0017395233568587,0,0.00033,sector_b
2157.325,1.0018957695771216,0,0.00033,sector_b
2157.32638889,1.001511408199273,0,0.00033,sector_b
2157.32777778,1.0011147866069714,0,0.00033,sector_b
2157.32916667,1.0013872872740808,0,0.00033,sector_b
2157.33055556,1.0012194832907784,0,0.00033,sector_b
2157.33194444,1.0010516946009698,0,0.00033,sector_b
2157.33333333,1.0012470003233467,0,0.00033,sector_b
2157.33472222,1.001336670823078,0,0.00033,sector_b
2157.33611111,1.001565402403194,0,0.00033,sector_b
2157.3375,1.0014723712066356,0,0.00033,sector_b
2157.33888889,1.0011559162029815,0,0.00033,sector_b
2157.34027778,1.0010278080358639,0,0.00033,sector_b
2157.34166667,1.000928554722771,0,0.00033,sector_b
2157.34305556,1.00117226317625,0,0.00033,sector_b
2157.34444444,1.0010338283684492,0,0.00033,sector_b
2157.34583333,1.0010752334151152,0,0.00033,sector_b
2157.34722222,1.001682305991884,0,0.00033,sector_b
2157.34861111,1.0013504191653915,0,0.00033,sector_b
2157.35,1.0009021573715629,0,0.00033,sector_b
2157.35138889,1.0012903352495734,0,0.00033,sector_b
2157.35277778,1.0013496399749442,0,0.00033,sector_b
2157.35416667,1.001620509237276,0,0.00033,sector_b
2157.35555556,1.0012886833127879,0,0.00033,sector_b
2157.35694444,1.0014823055917488,0,0.00033,sector_b
2157.35833333,1.0011644486056683,0,0.00033,sector_b
2157.35972222,1.0011289691636427,0,0.00033,sector_b
2157.36111111,1.0013427601448266,0,0.00033,sector_b
2157.3625,1.0011330088148631,0,0.00033,sector_b
2157.36388889,1.0012178569151526,0,0.00033,sector_b
2157.36527778,1.000905870855925,0,0.00033,sector_b
2157.36666667,1.001090319628575,0,0.00033,sector_b
2157.36805556,1.0010745785780668,0,0.00033,sector_b
2157.36944444,1.0008937399572115,0,0.00033,sector_b
2157.37083333,1.001165552204209,0,0.00033,sector_b
2157.37222222,1.0010400914306994,0,0.00033,sector_b
2157.37361111,1.0010980269432501,0,0.00033,sector_b
2157.375,1.0012749657662365,0,0.00033,sector_b
2157.37638889,1.0014998852117802,0,0.00033,sector_b
2157.37777778,1.0009175564872572,0,0.00033,sector_b
2157.37916667,1.0012100433006448,0,0.00033,sector_b
2157.38055556,1.001717516148701,0,0.00033,sector_b
2157.38194444,1.000795911863787,0,0.00033,sector_b
2157.38333333,1.0018495115590398,0,0.00033,sector_b
2157.38472222,1.0013470643067521,0,0.00033,sector_b
2157.38611111,1.0012809835229177,0,0.00033,sector_b
2157.3875,1.0013798718381617,0,0.00033,sector_b
2157.38888889,1.0013338313010434,0,0.00033,sector_b
2157.39027778,1.0013200055453444,0,0.00033,sector_b
2157.39166667,1.0015210181132137,0,0.00033,sector_b
2157.39305556,1.0007585689077232,0,0.00033,sector_b
2157.39444444,1.0012936716751324,0,0.00033,sector_b
2157.39583333,1.0007745053689312,0,0.00033,sector_b
2157.39722222,1.0013057030654178,0,0.00033,sector_b
2157.39861111,1.0011099294676153,0,0.00033,sector_b
2157.4,1.0010669793719644,0,0.00033,sector_b
2157.40138889,1.0014044183655362,0,0.00033,sector_b
2157.40277778,1.0012463392094477,0,0.00033,sector_b
2157.40416667,1.0018237087951865,0,0.00033,sector_b
2157.40555556,1.001197077752967,0,0.00033,sector_b
2157.40694444,1.001239678066971,0,0.00033,sector_b
2157.40833333,1.0013097820825372,0,0.00033,sector_b
2157.40972222,1.000887507893657,0,0.00033,sector_b
2157.41111111,1.0013603442529095,0,0.00033,sector_b
2157.4125,1.000940505372974,0,0.00033,sector_b
2157.41388889,1.000548911429183,0,0.00033,sector_b
2157.41527778,1.001106088378463,0,0.00033,sector_b
2157.41666667,1.0015833782768742,0,0.00033,sector_b
2157.41805556,1.0008419923947154,0,0.00033,sector_b
2157.41944444,1.0003557647196974,0,0.00033,sector_b
2157.42083333,1.0007577487811001,0,0.00033,sector_b
2157.42222222,1.0010952830600972,0,0.00033,sector_b
2157.42361111,1.0007893500042906,0,0.00033,sector_b
2157.425,1.0007066308544865,0,0.00033,sector_b
2157.42638889,1.0011807046873655,0,0.00033,sector_b
2157.42777778,1.0014906734508213,0,0.00033,sector_b
2157.42916667,1.0011312736459375,0,0.00033,sector_b
2157.43055556,1.0008808513606038,0,0.00033,sector_b
2157.43194444,1.0011407864993331,0,0.00033,sector_b
2157.43333333,1.0007835949204866,0,0.00033,sector_b
2157.43472222,1.0013132412155688,0,0.00033,sector_b
2157.43611111,1.001297338038182,0,0.00033,sector_b
2157.4375,1.0007347630752614,0,0.00033,sector_b
2157.43888889,1.0009755698307619,0,0.00033,sector_b
2157.44027778,1.000804482736067,0,0.00033,sector_b
2157.44166667,1.0013695103552198,0,0.00033,sector_b
2157.44305556,1.0007731879850368,0,0.00033,sector_b
2157.44444444,1.0009422153961536,0,0.00033,sector_b
2157.44583333,1.0015078393395573,0,0.00033,sector_b
2157.44722222,1.0005022550649338,0,0.00033,sector_b
2157.44861111,1.0010610841899374,0,0.00033,sector_b
2157.45,1.0011496885361448,0,0.00033,sector_b
2157.45138889,1.0000229482777816,0,0.00033,sector_b
2157.45277778,1.000243257258596,0,0.00033,sector_b
2157.45416667,1.0010122013480605,0,0.00033,sector_b
2157.45555556,1.0007361470360678,0,0.00033,sector_b
2157.45694444,1.0009818506766788,0,0.00033,sector_b
2157.45833333,1.0006560091926804,0,0.00033,sector_b
2157.45972222,1.001097525536768,0,0.00033,sector_b
2157.46111111,1.0007078183835147,0,0.00033,sector_b
2157.4625,1.001199541481321,0,0.00033,sector_b
2157.46388889,1.0017122252672137,0,0.00033,sector_b
2157.46527778,1.0005231379076607,0,0.00033,sector_b
2157.46666667,1.0011864979534284,0,0.00033,sector_b
2157.46805556,1.0000911876433023,0,0.00033,sector_b
2157.46944444,1.000267243282082,0,0.00033,sector_b
2157.47083333,1.0014153979855336,0,0.00033,sector_b
2157.47222222,1.000659650281269,0,0.00033,sector_b
2157.47361111,1.0010899888437985,0,0.00033,sector_b
2157.475,1.0008972294464655,0,0.00033,sector_b
2157.47638889,1.000987217952375,0,0.00033,sector_b
2157.47777778,1.0008667908964741,0,0.00033,sector_b
2157.47916667,1.0010197938130427,0,0.00033,sector_b
2157.48055556,1.000910067565458,0,0.00033,sector_b
2157.48194444,1.0002001152929467,0,0.00033,sector_b
2157.48333333,1.0004245944604282,0,0.00033,sector_b
2157.48472222,1.0012599239193827,0,0.00033,sector_b
2157.48611111,1.0013699328656678,0,0.00033,sector_b
2157.4875,1.0002978510843288,0,0.00033,sector_b
2157.48888889,1.001328403489133,0,0.00033,sector_b
2157.49027778,1.000671129990482,0,0.00033,sector_b
2157.49166667,1.0008897697733288,0,0.00033,sector_b
2157.49305556,1.0008441220773854,0,0.00033,sector_b
2157.49444444,1.0009675600845107,0,0.00033,sector_b
2157.49583333,1.000736376690497,0,0.00033,sector_b
2157.49722222,1.0012935536905618,0,0.00033,sector_b
2157.49861111,1.0006301522936505,0,0.00033,sector_b
2157.5,1.000717264228806,0,0.00033,sector_b
2157.50138889,1.0010856865507334,0,0.00033,sector_b
2157.50277778,1.0009122305163165,0,0.00033,sector_b
2157.50416667,1.0003809403050723,0,0.00033,sector_b
2157.50555556,1.0007747098887543,0,0.00033,sector_b
2157.50694444,1.0007178842884976,0,0.00033,sector_b
2157.50833333,1.0012586202141838,0,0.00033,sector_b
2157.50972222,1.001009805566606,0,0.00033,sector_b
2157.51111111,1.0008451658481365,0,0.00033,sector_b
2157.5125,1.0005745554760828,0,0.00033,sector_b
2157.51388889,1.0007624326365683,0,0.00033,sector_b
2157.51527778,1.0010671815759238,0,0.00033,sector_b
2157.51666667,1.000836441592519,0,0.00033,sector_b
2157.51805556,1.0006038917285367,0,0.00033,sector_b
2157.51944444,1.0004834756313392,0,0.00033,sector_b
2157.52083333,1.0010032178127024,0,0.00033,sector_b
2157.52222222,1.0008181233750484,0,0.00033,sector_b
2157.52361111,1.0006260273834202,0,0.00033,sector_b
2157.525,1.0002244496887804,0,0.00033,sector_b
2157.52638889,1.0006158190179282,0,0.00033,sector_b
2157.52777778,1.000309148243098,0,0.00033,sector_b
2157.52916667,1.0009683589049707,0,0.00033,sector_b
2157.53055556,1.0006843410457065,0,0.00033,sector_b
2157.53194444,1.0005946885902854,0,0.00033,sector_b
2157.53333333,1.0007072070615286,0,0.00033,sector_b
2157.53472222,1.0012545193775717,0,0.00033,sector_b
2157.53611111,1.0002468986933437,0,0.00033,sector_b
2157.5375,1.0004803388932155,0,0.00033,sector_b
2157.53888889,1.0004484944639584,0,0.00033,sector_b
2157.54027778,1.00042968603712,0,0.00033,sector_b
2157.54166667,1.0009352299438856,0,0.00033,sector_b
2157.54305556,1.00005719716642,0,0.00033,sector_b
2157.54444444,1.00084893666036,0,0.00033,sector_b
2157.54583333,1.0004994151037516,0,0.00033,sector_b
2157.54722222,1.0009095460999868,0,0.00033,sector_b
2157.54861111,1.0005718633002068,0,0.00033,sector_b
2157.55,1.000858856221787,0,0.00033,sector_b
2157.55138889,1.0009764867259183,0,0.00033,sector_b
2157.55277778,1.0004210315144297,0,0.00033,sector_b
2157.55416667,1.000344705903241,0,0.00033,sector_b
2157.55555556,1.0007422200548535,0,0.00033,sector_b
2157.55694444,1.00054079707631,0,0.00033,sector_b
2157.55833333,1.0007081157441857,0,0.00033,sector_b
2157.55972222,1.0004741149232943,0,0.00033,sector_b
2157.56111111,1.0000114445059576,0,0.00033,sector_b
2157.5625,1.0005915844671442,0,0.00033,sector_b
2157.56388889,1.0012556910386248,0,0.00033,sector_b
2157.56527778,1.000496281125384,0,0.00033,sector_b
2157.56666667,1.0007516895813777,0,0.00033,sector_b
2157.56805556,1.0003531887303638,0,0.00033,sector_b
2157.56944444,1.000275734635468,0,0.00033,sector_b
2157.57083333,1.0005835162822962,0,0.00033,sector_b
2157.57222222,1.000944051119392,0,0.00033,sector_b
2157.57361111,1.000805325964544,0,0.00033,sector_b
2157.575,1.0001137486936162,0,0.00033,sector_b
2157.57638889,1.000523377648291,0,0.00033,sector_b
2157.57777778,1.0003430738984642,4096,0.00033,sector_b
2157.57916667,1.0002397243061925,0,0.00033,sector_b
2157.58055556,1.000222772703965,0,0.00033,sector_b
2157.58194444,1.0003332094555892,0,0.00033,sector_b
2157.58333333,1.0005496286647066,0,0.00033,sector_b
2157.58472222,1.000715097738371,0,0.00033,sector_b
2157.58611111,1.0003447458684573,0,0.00033,sector_b
2157.5875,1.000211584005533,0,0.00033,sector_b
2157.58888889,1.0008826177471928,0,0.00033,sector_b
2157.59027778,1.0001953667761907,0,0.00033,sector_b
2157.59166667,1.0005424299826824,0,0.00033,sector_b
2157.59305556,1.000483789512808,0,0.00033,sector_b
2157.59444444,1.0006052942711152,0,0.00033,sector_b
2157.59583333,1.000298983849359,0,0.00033,sector_b
2157.59722222,1.0001737637799673,0,0.00033,sector_b
2157.59861111,1.0002432035146804,0,0.00033,sector_b
2157.6,1.000358670114918,0,0.00033,sector_b
2157.60138889,1.000046921688937,0,0.00033,sector_b
2157.60277778,1.0005100227949721,0,0.00033,sector_b
2157.60416667,0.999807071999905,0,0.00033,sector_b
2157.60555556,1.0005170822428038,0,0.00033,sector_b
2157.60694444,1.0000706679123719,0,0.00033,sector_b
2157.60833333,1.0002070039535353,0,0.00033,sector_b
2157.60972222,1.0011086605694,0,0.00033,sector_b
2157.61111111,0.9997619756517092,0,0.00033,sector_b
2157.6125,0.9998215597427299,0,0.00033,sector_b
2157.61388889,1.0006610399304805,0,0.00033,sector_b
2157.61527778,1.0000672836692157,0,0.00033,sector_b
2157.61666667,0.999885119967903,0,0.00033,sector_b
2157.61805556,1.0001881440922449,0,0.00033,sector_b
2157.61944444,1.0002617513163292,0,0.00033,sector_b
2157.62083333,1.0004978956802362,0,0.00033,sector_b
2157.62222222,1.0002888006948367,0,0.00033,sector_b
2157.62361111,1.0001936750465719,0,0.00033,sector_b
2157.625,1.0001536834839422,0,0.00033,sector_b
2157.62638889,1.0002491786731726,0,0.00033,sector_b
2157.62777778,1.0003789421613347,0,0.00033,sector_b
2157.62916667,1.0001006296045654,0,0.00033,sector_b
2157.63055556,1.0006882241179054,0,0.00033,sector_b
2157.63194444,1.0002647810347818,0,0.00033,sector_b
2157.63333333,1.000590457698103,0,0.00033,sector_b
2157.63472222,1.0007133729511637,0,0.00033,sector_b
2157.63611111,1.0004596886747261,0,0.00033,sector_b
2157.6375,0.9999305943908484,0,0.00033,sector_b
2157.63888889,1.0004134327960086,0,0.00033,sector_b
2157.64027778,1.0004939484285218,0,0.00033,sector_b
2157.64166667,1.0003827708610051,0,0.00033,sector_b
2157.64305556,1.0008023566357904,0,0.00033,sector_b
2157.64444444,1.0008885648786479,0,0.00033,sector_b
2157.64583333,1.0002117949764662,0,0.00033,sector_b
2157.64722222,0.9999831745367865,0,0.00033,sector_b
2157.64861111,1.0010160845259999,0,0.00033,sector_b
2157.65,1.0001951467201895,0,0.00033,sector_b
2157.65138889,1.0008708344319157,0,0.00033,sector_b
2157.65277778,1.000302340087837,0,0.00033,sector_b
2157.65416667,1.0005042158888804,0,0.00033,sector_b
2157.65555556,1.0010362347518114,0,0.00033,sector_b
2157.65694444,1.0004870419688865,0,0.00033,sector_b
2157.65833333,0.9998393309431253,0,0.00033,sector_b
2157.65972222,1.000426825384351,0,0.00033,sector_b
2157.66111111,0.9999317671148843,0,0.00033,sector_b
2157.6625,1.0008096068876828,0,0.00033,sector_b
2157.66388889,1.0002574956451138,0,0.00033,sector_b
2157.66527778,1.0006998321582061,0,0.00033,sector_b
2157.66666667,1.0004926999114208,0,0.00033,sector_b
2157.66805556,1.000192764112245,0,0.00033,sector_b
2157.66944444,1.0000611753598259,0,0.00033,sector_b
2157.67083333,1.0003194103905269,0,0.00033,sector_b
2157.67222222,1.000421651719443,0,0.00033,sector_b
2157.67361111,1.0004519510522645,0,0.00033,sector_b
2157.675,1.0004217158723407,0,0.00033,sector_b
2157.67638889,1.0003125533861776,0,0.00033,sector_b
2157.67777778,1.0004372943017614,0,0.00033,sector_b
2157.67916667,1.000092908306018,0,0.00033,sector_b
2157.68055556,1.0006464713065426,0,0.00033,sector_b
2157.68194444,1.0001103834715046,2048,0.00033,sector_b
2157.68333333,1.000725704357964,0,0.00033,sector_b
2157.68472222,1.0003427371977958,0,0.00033,sector_b
2157.68611111,1.0000669929104826,0,0.00033,sector_b
2157.6875,0.9998836455850562,0,0.00033,sector_b
2157.68888889,1.0002458163189782,0,0.00033,sector_b
2157.69027778,1.0004361393385677,0,0.00033,sector_b
2157.69166667,1.0004445851531258,0,0.00033,sector_b
2157.69305556,1.0008552865084908,0,0.00033,sector_b
2157.69444444,1.0002608945890046,0,0.00033,sector_b
2157.69583333,1.0007266907878418,0,0.00033,sector_b
2157.69722222,1.0004001041170403,0,0.00033,sector_b
2157.69861111,1.000551576141359,0,0.00033,sector_b
2157.7,0.9995305899601999,0,0.00033,sector_b
2157.70138889,1.0007828920724324,0,0.00033,sector_b
2157.70277778,1.0001864100980888,0,0.00033,sector_b
2157.70416667,1.0002729006703674,0,0.00033,sector_b
2157.70555556,0.9997913613340208,0,0.00033,sector_b
2157.70694444,0.9995635797681536,0,0.00033,sector_b
2157.70833333,1.0001401376441452,0,0.00033,sector_b
2157.70972222,0.9998225946680085,0,0.00033,sector_b
2157.71111111,1.000711883020254,0,0.00033,sector_b
2157.7125,1.0004387893643854,0,0.00033,sector_b
2157.71388889,1.0004684558267412,0,0.00033,sector_b
2157.71527778,1.0004468366547143,0,0.00033,sector_b
2157.71666667,1.0000399007169585,0,0.00033,sector_b
2157.71805556,0.999539579466057,0,0.00033,sector_b
2157.71944444,1.0000800159683074,0,0.00033,sector_b
2157.72083333,0.9999560036311262,0,0.00033,sector_b
2157.72222222,1.0001288365111818,0,0.00033,sector_b
2157.72361111,0.9999347232619199,0,0.00033,sector_b
2157.725,1.0001503324526844,0,0.00033,sector_b
2157.72638889,1.000390665563403,0,0.00033,sector_b
2157.72777778,1.0000909881516067,0,0.00033,sector_b
2157.72916667,1.000899267043757,0,0.00033,sector_b
2157.73055556,1.0002050518021925,0,0.00033,sector_b
2157.73194444,1.000473372979207,0,0.00033,sector_b
2157.73333333,1.0003249548556747,0,0.00033,sector_b
2157.73472222,1.0003493267277064,0,0.00033,sector_b
2157.73611111,1.0007792720236317,0,0.00033,sector_b
2157.7375,1.0002412429661214,0,0.00033,sector_b
2157.73888889,1.000107003319444,0,0.00033,sector_b
2157.74027778,1.000117568547463,0,0.00033,sector_b
2157.74166667,0.9999834512643017,0,0.00033,sector_b
2157.74305556,1.000314907482269,0,0.00033,sector_b
2157.74444444,0.9997442483275812,0,0.00033,sector_b
2157.74583333,1.0001328114972317,0,0.00033,sector_b
2157.74722222,0.9998522853662128,0,0.00033,sector_b
2157.74861111,0.9999624674650656,0,0.00033,sector_b
2157.75,0.9998482736713011,0,0.00033,sector_b
2157.75138889,0.9999055247293834,0,0.00033,sector_b
2157.75277778,0.9996345903144471,0,0.00033,sector_b
2157.75416667,0.9997622398336774,0,0.00033,sector_b
2157.75555556,1.0002498313734447,0,0.00033,sector_b
2157.75694444,1.0000334986623185,0,0.00033,sector_b
2157.75833333,0.9993105639264939,0,0.00033,sector_b
2157.75972222,1.0001481454469254,0,0.00033,sector_b
2157.76111111,1.0003343639503215,0,0.00033,sector_b
2157.7625,1.0002717643381258,0,0.00033,sector_b
2157.76388889,1.000011709127123,0,0.00033,sector_b
2157.76527778,1.00014709093784,0,0.00033,sector_b
2157.76666667,1.0006091459681266,0,0.00033,sector_b
2157.76805556,1.0001346316931417,0,0.00033,sector_b
2157.76944444,0.9997355287506912,0,0.00033,sector_b
2157.77083333,1.0001241868901685,0,0.00033,sector_b
2157.77222222,0.9999901224417611,0,0.00033,sector_b
2157.77361111,1.0005545546651358,0,0.00033,sector_b
2157.775,0.999844910283218,0,0.00033,sector_b
2157.77638889,0.999016074366011,0,0.00033,sector_b
2157.77777778,0.9998605877733615,0,0.00033,sector_b
2157.77916667,1.000123597160047,0,0.00033,sector_b
2157.78055556,0.9999456261714793,0,0.00033,sector_b
2157.78194444,0.9999898814857069,0,0.00033,sector_b
2157.78333333,0.9994520892912744,0,0.00033,sector_b
2157.78472222,1.0006700980600183,0,0.00033,sector_b
2157.78611111,0.9996807572654394,0,0.00033,sector_b
2157.7875,0.999782318271328,0,0.00033,sector_b
2157.78888889,0.9999437055020621,0,0.00033,sector_b
2157.79027778,0.9997175359435364,0,0.00033,sector_b
2157.79166667,0.9995370407199627,0,0.00033,sector_b
2157.79305556,0.9999722061281359,0,0.00033,sector_b
2157.79444444,0.9996375412971974,0,0.00033,sector_b
2157.79583333,1.0005663021039697,0,0.00033,sector_b
2157.79722222,1.0003588260000895,0,0.00033,sector_b
2157.79861111,0.9999720442006161,0,0.00033,sector_b
2157.8,0.9995228317346792,0,0.00033,sector_b
2157.80138889,1.0001694873986533,0,0.00033,sector_b
2157.80277778,0.9999092579335771,0,0.00033,sector_b
2157.80416667,1.0006397340852045,0,0.00033,sector_b
2157.80555556,1.000325598674297,0,0.00033,sector_b
2157.80694444,1.0000682894166268,0,0.00033,sector_b
2157.80833333,0.9995938914093105,0,0.00033,sector_b
2157.80972222,1.0004826993018758,0,0.00033,sector_b
2157.81111111,1.000186319087975,0,0.00033,sector_b
2157.8125,0.999902302765661,0,0.00033,sector_b
2157.81388889,0.9999555914591608,0,0.00033,sector_b
2157.81527778,1.0002969248140854,0,0.00033,sector_b
2157.81666667,1.0004828751889125,0,0.00033,sector_b
2157.81805556,0.9996525292031004,0,0.00033,sector_b
2157.81944444,0.9996624129931586,0,0.00033,sector_b
2157.82083333,1.000112080823205,0,0.00033,sector_b
2157.82222222,0.9995172970167329,0,0.00033,sector_b
2157.82361111,0.9993652106220535,0,0.00033,sector_b
2157.825,1.0003277830346478,0,0.00033,sector_b
2157.82638889,0.9998986369175626,0,0.00033,sector_b
2157.82777778,0.9999907836619736,0,0.00033,sector_b
2157.82916667,0.9993583793199646,0,0.00033,sector_b
2157.83055556,1.0002343727461322,0,0.00033,sector_b
2157.83194444,0.9998341190438392,0,0.00033,sector_b
2157.83333333,1.0000327535414537,0,0.00033,sector_b
2157.83472222,1.0000063333416447,0,0.00033,sector_b
2157.83611111,0.9999285782857462,0,0.00033,sector_b
2157.8375,0.9991711265544134,0,0.00033,sector_b
2157.83888889,0.9999777748493082,0,0.00033,sector_b
2157.84027778,1.000165069175155,0,0.00033,sector_b
2157.84166667,0.9997030106116951,0,0.00033,sector_b
2157.84305556,1.0002117646029032,0,0.00033,sector_b
2157.84444444,1.000230119331708,0,0.00033,sector_b
2157.84583333,0.9998558681908929,0,0.00033,sector_b
2157.84722222,0.9997334939671455,0,0.00033,sector_b
2157.84861111,0.9999544576175706,0,0.00033,sector_b
2157.85,0.9997168177322308,0,0.00033,sector_b
2157.85138889,0.9997877135462391,0,0.00033,sector_b
2157.85277778,1.0002848856451547,0,0.00033,sector_b
2157.85416667,1.0001081665914235,0,0.00033,sector_b
2157.85555556,0.9997008008475561,0,0.00033,sector_b
2157.85694444,0.9998155124880946,0,0.00033,sector_b
2157.85833333,0.9999075702234591,0,0.00033,sector_b
2157.85972222,0.9999804309053258,0,0.00033,sector_b
2157.86111111,0.9997757004870983,0,0.00033,sector_b
2157.8625,1.0006190092964018,0,0.00033,sector_b
2157.86388889,0.9993857109090533,0,0.00033,sector_b
2157.86527778,1.0001998786106603,0,0.00033,sector_b
2157.86666667,1.0002922862166246,0,0.00033,sector_b
2157.86805556,1.0000685555034117,0,0.00033,sector_b
2157.86944444,0.9997658116536057,0,0.00033,sector_b
2157.87083333,0.9996132318580745,0,0.00033,sector_b
2157.87222222,0.9994308246188323,0,0.00033,sector_b
2157.87361111,1.0003993974133976,0,0.00033,sector_b
2157.875,1.0000485575590778,0,0.00033,sector_b
2157.87638889,0.9999210330059963,0,0.00033,sector_b
2157.87777778,0.9995838138199552,0,0.00033,sector_b
2157.87916667,0.9996508560929636,0,0.00033,sector_b
2157.88055556,0.9997948844318518,0,0.00033,sector_b
2157.88194444,0.9993167058455515,0,0.00033,sector_b
2157.88333333,1.000403578875634,0,0.00033,sector_b
2157.88472222,0.999548986178728,0,0.00033,sector_b
2157.88611111,0.9997688385286336,0,0.00033,sector_b
2157.8875,0.9994611447705636,0,0.00033,sector_b
2157.88888889,0.9997024552778822,0,0.00033,sector_b
2157.89027778,0.9998835162572165,0,0.00033,sector_b
2157.89166667,0.9991530073935703,0,0.00033,sector_b
2157.89305556,0.9998280701351567,0,0.00033,sector_b
2157.89444444,1.0000668976883922,0,0.00033,sector_b
2157.89583333,0.9995847893588845,0,0.00033,sector_b
2157.89722222,0.9997366991169708,0,0.00033,sector_b
2157.89861111,1.0002900155181467,0,0.00033,sector_b
2157.9,1.0002749423768116,0,0.00033,sector_b
2157.90138889,0.9999335251333195,0,0.00033,sector_b
2157.90277778,0.9999031385450854,0,0.00033,sector_b
2157.90416667,0.9998794722299882,0,0.00033,sector_b
2157.90555556,1.000073424761863,0,0.00033,sector_b
2157.90694444,0.9995356348881446,0,0.00033,sector_b
2157.90833333,0.9997451853706061,0,0.00033,sector_b
2157.90972222,0.9995211025831028,0,0.00033,sector_b
2157.91111111,1.0000953746160444,0,0.00033,sector_b
2157.9125,0.9996426452496439,0,0.00033,sector_b
2157.91388889,0.9996161301887577,0,0.00033,sector_b
2157.91527778,0.9997731432748855,0,0.00033,sector_b
2157.91666667,0.9992190337791287,0,0.00033,sector_b
2157.91805556,0.999476241545849,0,0.00033,sector_b
2157.91944444,0.9995335408756174,0,0.00033,sector_b
2157.92083333,0.9999820241535113,0,0.00033,sector_b
2157.92222222,0.9997809660820826,0,0.00033,sector_b
2157.92361111,1.000625616461829,0,0.00033,sector_b
2157.925,0.999515680771531,0,0.00033,sector_b
2157.92638889,0.9993781147823608,0,0.00033,sector_b
2157.92777778,0.9999358230005353,0,0.00033,sector_b
2157.92916667,0.9996997746101012,0,0.00033,sector_b
2157.93055556,1.000498200626508,0,0.00033,sector_b
2157.93194444,0.9995022842490163,0,0.00033,sector_b
2157.93333333,0.999518508251663,0,0.00033,sector_b
2157.93472222,0.9993183337380382,0,0.00033,sector_b
2157.93611111,0.999639871076368,0,0.00033,sector_b
2157.9375,0.9995333169967108,0,0.00033,sector_b
2157.93888889,0.9996620369714041,0,0.00033,sector_b
2157.94027778,0.9998979367098214,0,0.00033,sector_b
2157.94166667,0.9994682426262556,0,0.00033,sector_b
2157.94305556,0.9998085008325458,0,0.00033,sector_b
2157.94444444,1.0004152844222758,0,0.00033,sector_b
2157.94583333,0.9995720611657065,0,0.00033,sector_b
2157.94722222,0.9998939809585783,0,0.00033,sector_b
2157.94861111,1.000100661573228,0,0.00033,sector_b
2157.95,0.9999027973854638,0,0.00033,sector_b
2157.95138889,0.9999824650887934,0,0.00033,sector_b
2157.95277778,0.999978709340307,0,0.00033,sector_b
2157.95416667,1.00033678292756,0,0.00033,sector_b
2157.95555556,0.9995089315051847,0,0.00033,sector_b
2157.95694444,0.9992983350131341,0,0.00033,sector_b
2157.95833333,1.0001423201174802,0,0.00033,sector_b
2157.95972222,0.9995556809796042,0,0.00033,sector_b
2157.96111111,0.9993562194051456,0,0.00033,sector_b
2157.9625,1.000100762327019,0,0.00033,sector_b
2157.96388889,0.9996968609334601,0,0.00033,sector_b
2157.96527778,1.0000093911082075,0,0.00033,sector_b
2157.96666667,0.9995025892264929,0,0.00033,sector_b
2157.96805556,0.9989916357428121,0,0.00033,sector_b
2157.96944444,0.9995744392795819,0,0.00033,sector_b
2157.97083333,0.9996582568090935,0,0.00033,sector_b
2157.97222222,0.9997413240306465,0,0.00033,sector_b
2157.97361111,0.999899749016718,0,0.00033,sector_b
2157.975,0.9997221382629515,0,0.00033,sector_b
2157.97638889,0.9992261114434463,0,0.00033,sector_b
2157.97777778,0.9998645903941692,0,0.00033,sector_b
2157.97916667,0.9990134300817127,0,0.00033,sector_b
2157.98055556,0.9994289348765936,0,0.00033,sector_b
2157.98194444,0.999625434363104,0,0.00033,sector_b
2157.98333333,0.9995676941557647,0,0.00033,sector_b
2157.98472222,0.9993642781266584,0,0.00033,sector_b
2157.98611111,0.9994231914914697,0,0.00033,sector_b
2157.9875,0.999283170555871,0,0.00033,sector_b
2157.98888889,0.9996469388021737,0,0.00033,sector_b
2157.99027778,0.9992793846733953,0,0.00033,sector_b
2157.99166667,0.9998295952346818,0,0.00033,sector_b
2157.99305556,0.9998992411457096,0,0.00033,sector_b
2157.99444444,0.9999156557388733,0,0.00033,sector_b
2157.99583333,0.999210534663988,0,0.00033,sector_b
2157.99722222,0.9994047798373988,0,0.00033,sector_b
2157.99861111,0.9997177320243219,0,0.00033,sector_b
2158.0,0.9990698989201142,0,0.00033,sector_b
2158.00138889,0.9992193185974317,0,0.00033,sector_b
2158.00277778,0.9993210467911727,0,0.00033,sector_b
2158.00416667,0.9995101173603923,0,0.00033,sector_b
2158.00555556,0.9997089925207796,0,0.00033,sector_b
2158.00694444,0.9993874447409169,0,0.00033,sector_b
2158.00833333,0.9988462576292206,0,0.00033,sector_b
2158.00972222,0.999490466547948,0,0.00033,sector_b
2158.01111111,0.9992029075590668,0,0.00033,sector_b
2158.0125,0.9997138407607676,0,0.00033,sector_b
2158.01388889,0.9998226406695254,0,0.00033,sector_b
2158.01527778,0.9997616518639134,0,0.00033,sector_b
2158.01666667,1.000057495581359,0,0.00033,sector_b
2158.01805556,0.999346494139736,0,0.00033,sector_b
2158.01944444,1.0001662327662644,0,0.00033,sector_b
2158.02083333,0.9993716816012898,0,0.00033,sector_b
2158.02222222,0.9998692635289838,0,0.00033,sector_b
2158.02361111,1.0000577848867243,0,0.00033,sector_b
2158.025,0.9993418913636503,2048,0.00033,sector_b
2158.02638889,0.9999359149367123,0,0.00033,sector_b
2158.02777778,0.9995256806610808,0,0.00033,sector_b
2158.02916667,1.0000177043053247,0,0.00033,sector_b
2158.03055556,0.9997565503535184,0,0.00033,sector_b
2158.03194444,0.9994247125839092,0,0.00033,sector_b
2158.03333333,0.9995396732682468,0,0.00033,sector_b
2158.03472222,0.9994440882281407,0,0.00033,sector_b
2158.03611111,0.9996075193222119,0,0.00033,sector_b
2158.0375,0.9992065635930094,0,0.00033,sector_b
2158.03888889,0.9997686801791896,0,0.00033,sector_b
2158.04027778,0.9995890061090608,0,0.00033,sector_b
2158.04166667,0.9993374551886391,0,0.00033,sector_b
2158.04305556,0.9994802762165251,0,0.00033,sector_b
2158.04444444,0.9991192824800083,0,0.00033,sector_b
2158.04583333,0.9997748685103255,0,0.00033,sector_b
2158.04722222,0.9989315700344273,0,0.00033,sector_b
2158.04861111,0.999172338604115,0,0.00033,sector_b
2158.05,0.9999191987600957,0,0.00033,sector_b
2158.05138889,0.9999475588867914,0,0.00033,sector_b
2158.05277778,0.9993632735167833,0,0.00033,sector_b
2158.05416667,0.9995974831941413,0,0.00033,sector_b
2158.05555556,0.9997569752676642,0,0.00033,sector_b
2158.05694444,0.9996201536492452,0,0.00033,sector_b
2158.05833333,0.9998626250529544,0,0.00033,sector_b
2158.05972222,0.9994715230646235,0,0.00033,sector_b
2158.06111111,0.9993662310596879,0,0.00033,sector_b
2158.0625,0.9992555542928875,2048,0.00033,sector_b
2158.06388889,0.9996571845666617,0,0.00033,sector_b
2158.06527778,0.9997309851648329,0,0.00033,sector_b
2158.06666667,0.9993563128081396,0,0.00033,sector_b
2158.06805556,0.9999801117745027,0,0.00033,sector_b
2158.06944444,0.9998324547016525,0,0.00033,sector_b
2158.07083333,0.999410569015008,0,0.00033,sector_b
2158.07222222,0.9995745830008098,0,0.00033,sector_b
2158.07361111,0.9991500423376352,0,0.00033,sector_b
2158.075,0.9989999242989668,0,0.00033,sector_b
2158.07638889,0.9998611733325812,0,0.00033,sector_b
2158.07777778,0.9999615751641113,0,0.00033,sector_b
2158.07916667,0.9992369045513676,0,0.00033,sector_b
2158.08055556,0.9989347857426971,0,0.00033,sector_b
2158.08194444,0.9991314145312412,0,0.00033,sector_b
2158.08333333,1.000016262050257,0,0.00033,sector_b
2158.08472222,0.9990141872165139,0,0.00033,sector_b
2158.08611111,0.9994683907408313,0,0.00033,sector_b
2158.0875,0.999228226821036,0,0.00033,sector_b
2158.08888889,0.9994170746185668,0,0.00033,sector_b
2158.09027778,0.9989908445256458,0,0.00033,sector_b
2158.09166667,0.9992717745760742,0,0.00033,sector_b
2158.09305556,0.9993954600785806,0,0.00033,sector_b
2158.09444444,0.9997908389849511,0,0.00033,sector_b
2158.09583333,0.9994681018113952,0,0.00033,sector_b
2158.09722222,0.9994464179374298,0,0.00033,sector_b
2158.09861111,0.9994863676676651,0,0.00033,sector_b
2158.1,0.9989793681682966,0,0.00033,sector_b
2158.10138889,0.9992738723388253,0,0.00033,sector_b
2158.10277778,0.9995504539639499,0,0.00033,sector_b
2158.10416667,0.9992584237272495,0,0.00033,sector_b
2158.10555556,0.9996402650713185,0,0.00033,sector_b
2158.10694444,0.9991912078393804,0,0.00033,sector_b
2158.10833333,0.9993455480953385,0,0.00033,sector_b
2158.10972222,0.9994787482320773,0,0.00033,sector_b
2158.11111111,0.9995124392400406,0,0.00033,sector_b
2158.1125,0.9995487787659774,0,0.00033,sector_b
2158.11388889,0.9991568194979296,0,0.00033,sector_b
2158.11527778,0.9993269210488192,0,0.00033,sector_b
2158.11666667,0.9989196234372316,0,0.00033,sector_b
2158.11805556,0.9993739362887164,0,0.00033,sector_b
2158.11944444,1.000114429404075,0,0.00033,sector_b
2158.12083333,0.999884487437894,0,0.00033,sector_b
2158.12222222,0.9993172253868763,0,0.00033,sector_b
2158.12361111,0.9993948936114817,0,0.00033,sector_b
2158.125,0.9992214711395717,0,0.00033,sector_b
2158.12638889,0.9992502332167751,0,0.00033,sector_b
2158.12777778,0.9998239109295751,0,0.00033,sector_b
2158.12916667,0.9997625572589154,0,0.00033,sector_b
2158.13055556,0.9995935368442808,0,0.00033,sector_b
2158.13194444,0.999109339630058,0,0.00033,sector_b
2158.13333333,0.9990555578061697,0,0.00033,sector_b
2158.13472222,0.9990640901513443,0,0.00033,sector_b
2158.13611111,1.000065576259256,0,0.00033,sector_b
2158.1375,0.999211048520216,0,0.00033,sector_b
2158.13888889,0.9991420398209345,0,0.00033,sector_b
2158.14027778,0.999298309314928,0,0.00033,sector_b
2158.14166667,0.9993004134274941,0,0.00033,sector_b
2158.14305556,0.9995238136215354,0,0.00033,sector_b
2158.14444444,0.9992527169462002,0,0.00033,sector_b
2158.14583333,0.9994350154187572,0,0.00033,sector_b
2158.14722222,0.9993702342826304,0,0.00033,sector_b
2158.14861111,0.9991560904283628,0,0.00033,sector_b
2158.15,0.9987019554372073,0,0.00033,sector_b
2158.15138889,0.9992550811719522,0,0.00033,sector_b
2158.15277778,0.999377914341402,0,0.00033,sector_b
2158.15416667,0.9993665303446881,0,0.00033,sector_b
2158.15555556,0.9994055489757939,0,0.00033,sector_b
2158.15694444,0.999570504367462,0,0.00033,sector_b
2158.15833333,0.9992528544767182,0,0.00033,sector_b
2158.15972222,0.9992466936387163,0,0.00033,sector_b
2158.16111111,0.9985971740233763,0,0.00033,sector_b
2158.1625,0.9990066832887785,0,0.00033,sector_b
2158.16388889,0.999483390796706,0,0.00033,sector_b
2158.16527778,0.9990233160578395,0,0.00033,sector_b
2158.16666667,0.9990610332319482,0,0.00033,sector_b
2158.16805556,0.999430794882921,0,0.00033,sector_b
2158.16944444,0.9995102808671507,0,0.00033,sector_b
2158.17083333,0.9991151031822937,0,0.00033,sector_b
2158.17222222,0.9992862154022146,0,0.00033,sector_b
2158.17361111,0.9992665572238283,0,0.00033,sector_b
2158.175,0.99908419952802,0,0.00033,sector_b
2158.17638889,0.9988622989929885,0,0.00033,sector_b
2158.17777778,0.9990539877390463,0,0.00033,sector_b
2158.17916667,0.9993453612584984,0,0.00033,sector_b
2158.18055556,0.9988247673181021,0,0.00033,sector_b
2158.18194444,0.9995657489996057,0,0.00033,sector_b
2158.18333333,0.9989544164779092,0,0.00033,sector_b
2158.18472222,0.9997545658932518,0,0.00033,sector_b
2158.18611111,0.9992951281227428,0,0.00033,sector_b
2158.1875,1.000076964575037,0,0.00033,sector_b
2158.18888889,0.9995521280192569,0,0.00033,sector_b
2158.19027778,0.9987618454068024,0,0.00033,sector_b
2158.19166667,0.9992447046861034,0,0.00033,sector_b
2158.19305556,0.9994926008652227,0,0.00033,sector_b
2158.19444444,0.9998966889045204,0,0.00033,sector_b
2158.19583333,0.9987582281541016,0,0.00033,sector_b
2158.19722222,1.0000157632572433,0,0.00033,sector_b
2158.19861111,0.9996788856475044,0,0.00033,sector_b
2158.2,0.9989538303262764,0,0.00033,sector_b
2158.20138889,0.9992051379828092,0,0.00033,sector_b
2158.20277778,0.9991315047475584,2048,0.00033,sector_b
2158.20416667,0.999065627186459,0,0.00033,sector_b
2158.20555556,0.9988077039873393,0,0.00033,sector_b
2158.20694444,0.9990948469561449,0,0.00033,sector_b
2158.20833333,0.9997889983689499,0,0.00033,sector_b
2158.20972222,0.9995961620147304,0,0.00033,sector_b
2158.21111111,0.9993902566348492,0,0.00033,sector_b
2158.2125,0.9999555259858068,0,0.00033,sector_b
2158.21388889,0.9998768820013774,0,0.00033,sector_b
2158.21527778,0.9992402656025394,0,0.00033,sector_b
2158.21666667,0.9989287043543685,0,0.00033,sector_b
2158.21805556,0.9996200579156319,0,0.00033,sector_b
2158.21944444,0.999377125491428,0,0.00033,sector_b
2158.22083333,0.9995159682066961,0,0.00033,sector_b
2158.22222222,0.99939354893028,0,0.00033,sector_b
2158.22361111,0.9991353842023744,0,0.00033,sector_b
2158.225,0.9992008464030233,0,0.00033,sector_b
2158.22638889,0.9993019454513227,0,0.00033,sector_b
2158.22777778,0.9989165201896686,0,0.00033,sector_b
2158.22916667,0.9990412621633312,0,0.00033,sector_b
2158.23055556,0.9994672205459769,0,0.00033,sector_b
2158.23194444,0.9992131338766487,0,0.00033,sector_b
2158.23333333,0.9994126290823577,0,0.00033,sector_b
2158.23472222,0.9995747975733082,0,0.00033,sector_b
2158.23611111,0.9992842222893467,0,0.00033,sector_b
2158.2375,0.9995782669117006,0,0.00033,sector_b
2158.23888889,0.9991601484917992,0,0.00033,sector_b
2158.24027778,0.9997824659682476,0,0.00033,sector_b
2158.24166667,0.9989251263808471,0,0.00033,sector_b
2158.24305556,0.9998904316839262,0,0.00033,sector_b
2158.24444444,0.9996242890609379,0,0.00033,sector_b
2158.24583333,0.9995780901759257,0,0.00033,sector_b
2158.24722222,0.9993194436451742,0,0.00033,sector_b
2158.24861111,0.9995011137772177,0,0.00033,sector_b
2158.25,0.9999030004195947,0,0.00033,sector_b
2158.25138889,0.9988047849499812,0,0.00033,sector_b
2158.25277778,0.9996387953719943,0,0.00033,sector_b
2158.25416667,0.9993330212019941,0,0.00033,sector_b
2158.25555556,0.99912013510806,0,0.00033,sector_b
2158.25694444,0.9991464847414508,0,0.00033,sector_b
2158.25833333,0.9994988667143666,0,0.00033,sector_b
2158.25972222,0.9997560444837107,0,0.00033,sector_b
2158.26111111,0.9992462714006123,0,0.00033,sector_b
2158.2625,0.9989167883482959,0,0.00033,sector_b
2158.26388889,0.9987665951006749,0,0.00033,sector_b
2158.26527778,0.9997762003280488,0,0.00033,sector_b
2158.26666667,0.9992876156668657,0,0.00033,sector_b
2158.26805556,0.9996523235601027,0,0.00033,sector_b
2158.26944444,0.9987696687732812,0,0.00033,sector_b
2158.27083333,0.999518800792801,0,0.00033,sector_b
2158.27222222,0.9992421921875663,0,0.00033,sector_b
2158.27361111,0.9991599024121787,0,0.00033,sector_b
2158.275,0.9991937204478567,0,0.00033,sector_b
2158.27638889,0.9997156410633491,0,0.00033,sector_b
2158.27777778,0.9985817469048598,0,0.00033,sector_b
2158.27916667,0.9989172362515688,0,0.00033,sector_b
2158.28055556,0.9996798598155099,0,0.00033,sector_b
2158.28194444,0.9988384936173037,0,0.00033,sector_b
2158.28333333,0.9991612966733718,0,0.00033,sector_b
2158.28472222,0.9989386066818584,0,0.00033,sector_b
2158.28611111,0.999663017894425,0,0.00033,sector_b
2158.2875,0.9996940665248351,0,0.00033,sector_b
2158.28888889,0.999723437274721,0,0.00033,sector_b
2158.29027778,0.9997305381838917,0,0.00033,sector_b
2158.29166667,0.998980445189706,0,0.00033,sector_b
2158.29305556,0.9993234669639103,0,0.00033,sector_b
2158.29444444,0.9993068191924271,0,0.00033,sector_b
2158.29583333,0.9995159507899668,0,0.00033,sector_b
2158.29722222,0.9996633539417572,0,0.00033,sector_b
2158.29861111,0.9993818634119904,0,0.00033,sector_b
2158.3,0.9988556384070296,0,0.00033,sector_b
2158.30138889,0.9990408721472144,0,0.00033,sector_b
2158.30277778,0.9992944324287368,0,0.00033,sector_b
2158.30416667,0.9990082803902073,0,0.00033,sector_b
2158.30555556,0.9989820878686545,0,0.00033,sector_b
2158.30694444,0.9989585925176524,0,0.00033,sector_b
2158.30833333,0.9986070364986178,0,0.00033,sector_b
2158.30972222,0.9990053130205717,4096,0.00033,sector_b
2158.31111111,0.9993136918427893,0,0.00033,sector_b
2158.3125,0.999560583262256,0,0.00033,sector_b
2158.31388889,0.9993804724525864,0,0.00033,sector_b
2158.31527778,0.9996322832839726,0,0.00033,sector_b
2158.31666667,0.9993175899231276,2048,0.00033,sector_b
2158.31805556,0.9998015451999377,0,0.00033,sector_b
2158.31944444,0.9988886685504665,0,0.00033,sector_b
2158.32083333,0.9991389567364064,0,0.00033,sector_b
2158.32222222,0.9996611381221913,0,0.00033,sector_b
2158.32361111,0.9986490539615498,0,0.00033,sector_b
2158.325,0.999151514671489,0,0.00033,sector_b
2158.32638889,0.9991167601702526,0,0.00033,sector_b
2158.32777778,0.9989810477595019,0,0.00033,sector_b
2158.32916667,0.9987425885628519,0,0.00033,sector_b
2158.33055556,0.9995283642151032,0,0.00033,sector_b
2158.33194444,0.9988646529772436,0,0.00033,sector_b
2158.33333333,0.999633874348488,0,0.00033,sector_b
2158.33472222,0.9989269373638097,0,0.00033,sector_b
2158.33611111,0.9988771544012929,0,0.00033,sector_b
2158.3375,0.9998688568919123,0,0.00033,sector_b
2158.33888889,0.9995988130011642,0,0.00033,sector_b
2158.34027778,1.0003560475501783,0,0.00033,sector_b
2158.34166667,0.9996916366477607,0,0.00033,sector_b
2158.34305556,0.9992685048949762,0,0.00033,sector_b
2158.34444444,0.9994587910862203,0,0.00033,sector_b
2158.34583333,0.9988990438595602,0,0.00033,sector_b
2158.34722222,0.999486810118623,0,0.00033,sector_b
2158.34861111,0.9994233297629682,0,0.00033,sector_b
2158.35,0.999519752375749,0,0.00033,sector_b
2158.35138889,0.9997440018324761,0,0.00033,sector_b
2158.35277778,0.9997123411141736,0,0.00033,sector_b
2158.35416667,0.9987011747918509,0,0.00033,sector_b
2158.35555556,0.999122463546657,0,0.00033,sector_b
2158.35694444,0.9995432343337877,0,0.00033,sector_b
2158.35833333,0.9994260246573665,0,0.00033,sector_b
2158.35972222,0.9987904691470796,0,0.00033,sector_b
2158.36111111,0.9993073290689475,0,0.00033,sector_b
2158.3625,0.9987853954429972,0,0.00033,sector_b
2158.36388889,0.9989950049363354,0,0.00033,sector_b
2158.36527778,0.9992740391871229,0,0.00033,sector_b
2158.36666667,0.9993335141678461,0,0.00033,sector_b
2158.36805556,0.9990786243309716,0,0.00033,sector_b
2158.36944444,0.9995623628032594,0,0.00033,sector_b
2158.37083333,0.9991351463669826,0,0.00033,sector_b
2158.37222222,0.9989958045099385,0,0.00033,sector_b
2158.37361111,0.999100862409639,0,0.00033,sector_b
2158.375,0.9990064557614249,0,0.00033,sector_b
2158.37638889,0.9993898502847787,0,0.00033,sector_b
2158.37777778,0.9993459299066402,0,0.00033,sector_b
2158.37916667,0.9989733556401255,0,0.00033,sector_b
2158.38055556,0.9988721215847187,0,0.00033,sector_b
2158.38194444,0.9995097426055177,0,0.00033,sector_b
2158.38333333,0.9990110153021278,0,0.00033,sector_b
2158.38472222,0.9989244215532915,0,0.00033,sector_b
2158.38611111,0.9990997036167181,0,0.00033,sector_b
2158.3875,0.9994997098928499,0,0.00033,sector_b
2158.38888889,0.9991250945988911,0,0.00033,sector_b
2158.39027778,0.9994220824163389,0,0.00033,sector_b
2158.39166667,0.9992513780501795,0,0.00033,sector_b
2158.39305556,0.9992042041315531,0,0.00033,sector_b
2158.39444444,0.9996808230115066,0,0.00033,sector_b
2158.39583333,0.9989153991597043,0,0.00033,sector_b
2158.39722222,0.999202685320811,0,0.00033,sector_b
2158.39861111,0.9990857371043508,0,0.00033,sector_b
2158.4,0.999098846941712,0,0.00033,sector_b
2158.40138889,0.9992865701493381,0,0.00033,sector_b
2158.40277778,0.9987574408131,0,0.00033,sector_b
2158.40416667,0.9993031501174587,0,0.00033,sector_b
2158.40555556,0.9995577139071484,0,0.00033,sector_b
2158.40694444,0.9993396743026722,0,0.00033,sector_b
2158.40833333,0.9989419296884109,0,0.00033,sector_b
2158.40972222,0.9988215092850409,0,0.00033,sector_b
2158.41111111,0.9995619603301962,0,0.00033,sector_b
2158.4125,0.9994293527546866,0,0.00033,sector_b
2158.41388889,0.9990501007506593,0,0.00033,sector_b
2158.41527778,0.9990805852787251,0,0.00033,sector_b
2158.41666667,0.9992043542694669,0,0.00033,sector_b
2158.41805556,0.9991724799813705,0,0.00033,sector_b
2158.41944444,0.9991095629499394,0,0.00033,sector_b
2158.42083333,0.9994682422241863,0,0.00033,sector_b
2158.42222222,0.9997025261654557,0,0.00033,sector_b
2158.42361111,0.9993600870223688,0,0.00033,sector_b
2158.425,0.9996191784575119,0,0.00033,sector_b
2158.42638889,0.9992668496217265,0,0.00033,sector_b
2158.42777778,0.9988771649930432,0,0.00033,sector_b
2158.42916667,0.9996429451809092,0,0.00033,sector_b
2158.43055556,0.9989618986391463,0,0.00033,sector_b
2158.43194444,0.9991614402219162,0,0.00033,sector_b
2158.43333333,0.9989908774680448,0,0.00033,sector_b
2158.43472222,0.9992487627231336,0,0.00033,sector_b
2158.43611111,0.9991688429022008,0,0.00033,sector_b
2158.4375,0.9991007590534509,0,0.00033,sector_b
2158.43888889,0.9990776279802277,0,0.00033,sector_b
2158.44027778,0.9991279839884231,0,0.00033,sector_b
2158.44166667,0.9995182563627283,0,0.00033,sector_b
2158.44305556,0.9994197349906336,2048,0.00033,sector_b
2158.44444444,0.9991431132838965,0,0.00033,sector_b
2158.44583333,0.9993489809502415,0,0.00033,sector_b
2158.44722222,0.9990929224939832,0,0.00033,sector_b
2158.44861111,0.999198339831769,0,0.00033,sector_b
2158.45,0.9992380499643261,0,0.00033,sector_b
2158.45138889,0.9990920079671944,0,0.00033,sector_b
2158.45277778,0.9993141347546637,0,0.00033,sector_b
2158.45416667,0.9989382277628683,0,0.00033,sector_b
2158.45555556,0.9992394679459814,0,0.00033,sector_b
2158.45694444,0.9989351310792063,0,0.00033,sector_b
2158.45833333,0.9988436355705758,0,0.00033,sector_b
2158.45972222,0.999166319579404,0,0.00033,sector_b
2158.46111111,0.999080759774936,0,0.00033,sector_b
2158.4625,0.998980449291212,0,0.00033,sector_b
2158.46388889,0.9996056397584919,0,0.00033,sector_b
2158.46527778,0.9992332288933786,0,0.00033,sector_b
2158.46666667,0.9994814165214015,0,0.00033,sector_b
2158.46805556,0.9997611068013071,0,0.00033,sector_b
2158.46944444,1.0002104913677994,0,0.00033,sector_b
2158.47083333,0.9986953452316203,0,0.00033,sector_b
2158.47222222,0.9993617356300167,0,0.00033,sector_b
2158.47361111,0.9989874142371672,0,0.00033,sector_b
2158.475,0.9990442004224814,0,0.00033,sector_b
2158.47638889,0.9989818744853575,0,0.00033,sector_b
2158.47777778,0.9992192799639352,0,0.00033,sector_b
2158.47916667,0.9994370608894119,0,0.00033,sector_b
2158.48055556,0.9990265601319896,0,0.00033,sector_b
2158.48194444,0.9990190907558575,0,0.00033,sector_b
2158.48333333,0.9985672127635798,0,0.00033,sector_b
2158.48472222,0.9987119175746983,0,0.00033,sector_b
2158.48611111,0.9994096578954391,0,0.00033,sector_b
2158.4875,0.9990021849545078,0,0.00033,sector_b
2158.48888889,0.9995172925376252,0,0.00033,sector_b
2158.49027778,0.9990058144653379,0,0.00033,sector_b
2158.49166667,0.9985224014428592,0,0.00033,sector_b
2158.49305556,0.9993120144746463,0,0.00033,sector_b
2158.49444444,0.9993556446702199,0,0.00033,sector_b
2158.49583333,0.9990368481997657,0,0.00033,sector_b
2158.49722222,0.9993172058794849,0,0.00033,sector_b
2158.49861111,0.9991977878668518,0,0.00033,sector_b
2158.5,0.9990662146287373,0,0.00033,sector_b
2158.50138889,0.9991022916855532,0,0.00033,sector_b
2158.50277778,0.9987249351717951,0,0.00033,sector_b
2158.50416667,0.9988488814618616,0,0.00033,sector_b
2158.50555556,0.9987010844151047,0,0.00033,sector_b
2158.50694444,0.9987339545560293,0,0.00033,sector_b
2158.50833333,0.9991577048608781,0,0.00033,sector_b
2158.50972222,0.999196083612128,0,0.00033,sector_b
2158.51111111,0.9994129266697608,0,0.00033,sector_b
2158.5125,0.9992357143484967,0,0.00033,sector_b
2158.51388889,0.9992047731598049,0,0.00033,sector_b
2158.51527778,0.9995021057393696,0,0.00033,sector_b
2158.51666667,0.9996839454356811,0,0.00033,sector_b
2158.51805556,0.9995986482903758,0,0.00033,sector_b
2158.51944444,0.9991457243382587,0,0.00033,sector_b
2158.52083333,0.9989493295952337,0,0.00033,sector_b
2158.52222222,0.9991451668955225,0,0.00033,sector_b
2158.52361111,0.9991391112352335,0,0.00033,sector_b
2158.525,0.9988630957002441,0,0.00033,sector_b
2158.52638889,0.998047816772435,0,0.00033,sector_b
2158.52777778,0.9991451944730683,0,0.00033,sector_b
2158.52916667,0.9992152168577375,0,0.00033,sector_b
2158.53055556,0.99962004165985,0,0.00033,sector_b
2158.53194444,0.9989914944972289,0,0.00033,sector_b
2158.53333333,0.9989647038011005,0,0.00033,sector_b
2158.53472222,0.999155331160633,0,0.00033,sector_b
2158.53611111,0.9993589015368383,0,0.00033,sector_b
2158.5375,0.9993955438710139,0,0.00033,sector_b
2158.53888889,0.9992901825229102,0,0.00033,sector_b
2158.54027778,0.9989770326945671,0,0.00033,sector_b
2158.54166667,0.9985514549853334,0,0.00033,sector_b
2158.54305556,0.9990560990124041,0,0.00033,sector_b
2158.54444444,0.9991920295535494,0,0.00033,sector_b
2158.54583333,0.9989127978156839,0,0.00033,sector_b
2158.54722222,0.99957872233173,0,0.00033,sector_b
2158.54861111,0.9986784801627169,0,0.00033,sector_b
2158.55,0.9992921826146853,0,0.00033,sector_b
2158.55138889,0.9990391448794409,0,0.00033,sector_b
2158.55277778,0.9991256998011121,0,0.00033,sector_b
2158.55416667,0.9992238297253133,0,0.00033,sector_b
2158.55555556,0.9991051261181965,0,0.00033,sector_b
2158.55694444,0.9990713518933924,0,0.00033,sector_b
2158.55833333,0.9995057456854091,0,0.00033,sector_b
2158.55972222,0.9989397649158979,0,0.00033,sector_b
2158.56111111,0.9984901328787485,0,0.00033,sector_b
2158.5625,0.9990531134459993,0,0.00033,sector_b
2158.56388889,0.9987125772951227,0,0.00033,sector_b
2158.56527778,0.9994661495194573,0,0.00033,sector_b
2158.56666667,0.9990848785787941,0,0.00033,sector_b
2158.56805556,0.999049578791471,0,0.00033,sector_b
2158.56944444,0.9988794429119501,0,0.00033,sector_b
2158.57083333,0.9996150865845626,0,0.00033,sector_b
2158.57222222,0.9985026369910245,0,0.00033,sector_b
2158.57361111,0.9989434821911125,0,0.00033,sector_b
2158.575,0.9989987833755554,0,0.00033,sector_b
2158.57638889,0.9996375892434464,0,0.00033,sector_b
2158.57777778,0.9992418980195091,0,0.00033,sector_b
2158.57916667,0.9988947166775873,0,0.00033,sector_b
2158.58055556,0.9991938226777584,0,0.00033,sector_b
2158.58194444,0.9991372067338011,0,0.00033,sector_b
2158.58333333,0.999030966061605,0,0.00033,sector_b
2158.58472222,0.9994509231269355,0,0.00033,sector_b
2158.58611111,0.9987363694622775,0,0.00033,sector_b
2158.5875,0.9995557924846424,0,0.00033,sector_b
2158.58888889,0.9987718221087307,0,0.00033,sector_b
2158.59027778,0.9986307016743471,0,0.00033,sector_b
2158.59166667,0.9987616174788814,0,0.00033,sector_b
2158.59305556,0.9990762272193376,0,0.00033,sector_b
2158.59444444,0.9990752063562585,0,0.00033,sector_b
2158.59583333,0.999177197904787,0,0.00033,sector_b
2158.59722222,0.9993408736851236,0,0.00033,sector_b
2158.59861111,0.9991134735597214,0,0.00033,sector_b
2158.6,0.9988679294699709,0,0.00033,sector_b
2158.60138889,0.9988977935124537,0,0.00033,sector_b
2158.60277778,0.9997530375638928,0,0.00033,sector_b
2158.60416667,0.9993045358061285,0,0.00033,sector_b
2158.60555556,0.9990286985337399,0,0.00033,sector_b
2158.60694444,0.9994853238768163,0,0.00033,sector_b
2158.60833333,0.9985509745480875,0,0.00033,sector_b
2158.60972222,0.9997822473498202,0,0.00033,sector_b
2158.61111111,0.9991040053558559,0,0.00033,sector_b
2158.6125,0.9995521127037994,0,0.00033,sector_b
2158.61388889,0.9990353977161808,0,0.00033,sector_b
2158.61527778,0.9991051382446688,0,0.00033,sector_b
2158.61666667,0.9988813217969096,0,0.00033,sector_b
2158.61805556,0.998750485194011,0,0.00033,sector_b
2158.61944444,0.9984526657045351,0,0.00033,sector_b
2158.62083333,0.9994410876001243,0,0.00033,sector_b
2158.62222222,0.9988563507960652,0,0.00033,sector_b
2158.62361111,0.9990206154870686,0,0.00033,sector_b
2158.625,0.9985004797755389,0,0.00033,sector_b
2158.62638889,0.9988952095092554,0,0.00033,sector_b
2158.62777778,0.9995157719843215,0,0.00033,sector_b
2158.62916667,0.999014019103402,0,0.00033,sector_b
2158.63055556,0.9996108510254827,0,0.00033,sector_b
2158.63194444,0.9992250162488926,0,0.00033,sector_b
2158.63333333,0.9995484207753327,0,0.00033,sector_b
2158.63472222,0.9987275524183198,0,0.00033,sector_b
2158.63611111,0.9995090037821268,0,0.00033,sector_b
2158.6375,0.9989348821656583,0,0.00033,sector_b
2158.63888889,0.9990103475586805,0,0.00033,sector_b
2158.64027778,0.9996478243102201,0,0.00033,sector_b
2158.64166667,0.9990746268407893,0,0.00033,sector_b
2158.64305556,0.9991087435284798,0,0.00033,sector_b
2158.64444444,0.9991845405069143,0,0.00033,sector_b
2158.64583333,0.9983983207307966,0,0.00033,sector_b
2158.64722222,0.9987940070656869,0,0.00033,sector_b
2158.64861111,0.9988997126175237,0,0.00033,sector_b
2158.65,0.9988185420446518,0,0.00033,sector_b
2158.65138889,0.9987796315177625,0,0.00033,sector_b
2158.65277778,0.9988786187671479,0,0.00033,sector_b
2158.65416667,0.9989275271114895,0,0.00033,sector_b
2158.65555556,0.9995296244888605,0,0.00033,sector_b
2158.65694444,0.999094911404262,0,0.00033,sector_b
2158.65833333,0.9987144032433409,0,0.00033,sector_b
2158.65972222,0.9989143703797467,0,0.00033,sector_b
2158.66111111,0.9989264045885636,0,0.00033,sector_b
2158.6625,0.9990173267838782,0,0.00033,sector_b
2158.66388889,0.9982956000231099,0,0.00033,sector_b
2158.66527778,0.998977969092266,0,0.00033,sector_b
2158.66666667,0.9986349389284708,0,0.00033,sector_b
2158.66805556,0.9988293653011727,0,0.00033,sector_b
2158.66944444,0.9992543995686969,0,0.00033,sector_b
2158.67083333,0.9990093377200489,0,0.00033,sector_b
2158.67222222,0.9992035121275474,0,0.00033,sector_b
2158.67361111,0.9989097302123365,0,0.00033,sector_b
2158.675,0.9989121066789769,0,0.00033,sector_b
2158.67638889,0.9993026723441285,0,0.00033,sector_b
2158.67777778,0.9993831294934066,0,0.00033,sector_b
2158.67916667,0.999304691171792,0,0.00033,sector_b
2158.68055556,0.9994659026780276,0,0.00033,sector_b
2158.68194444,0.9988781438887743,0,0.00033,sector_b
2158.68333333,0.9989079361964225,0,0.00033,sector_b
2158.68472222,0.9987214458101306,0,0.00033,sector_b
2158.68611111,0.9991295445710804,0,0.00033,sector_b
2158.6875,0.9986886610688952,4096,0.00033,sector_b
2158.68888889,0.9984253179620209,0,0.00033,sector_b
2158.69027778,0.9988255621318163,0,0.00033,sector_b
2158.69166667,0.9992247071407849,0,0.00033,sector_b
2158.69305556,0.9989611650693379,0,0.00033,sector_b
2158.69444444,0.9990095261964059,0,0.00033,sector_b
2158.69583333,0.9991624290871766,0,0.00033,sector_b
2158.69722222,0.998994735323795,0,0.00033,sector_b
2158.69861111,0.9986347285951318,0,0.00033,sector_b
2158.7,0.9985792735587903,0,0.00033,sector_b
2158.70138889,0.9981031540977829,0,0.00033,sector_b
2158.70277778,0.9986536309957457,0,0.00033,sector_b
2158.70416667,0.999124568516404,0,0.00033,sector_b
2158.70555556,0.9989533021833764,0,0.00033,sector_b
2158.70694444,0.9991004567657834,0,0.00033,sector_b
2158.70833333,0.9992975272480683,0,0.00033,sector_b
2158.70972222,0.9990265295038041,0,0.00033,sector_b
2158.71111111,0.9987741718160422,0,0.00033,sector_b
2158.7125,0.9991450493896951,0,0.00033,sector_b
2158.71388889,0.9987969878492688,0,0.00033,sector_b
2158.71527778,0.9983294825416594,0,0.00033,sector_b
2158.71666667,0.998936143731325,0,0.00033,sector_b
2158.71805556,0.9991991947395994,0,0.00033,sector_b
2158.71944444,0.9988122885331693,0,0.00033,sector_b
2158.72083333,0.9992642290769829,0,0.00033,sector_b
2158.72222222,0.9986948976414731,0,0.00033,sector_b
2158.72361111,0.9983776203392608,0,0.00033,sector_b
2158.725,0.9985775812673813,0,0.00033,sector_b
2158.72638889,0.9988738622185525,0,0.00033,sector_b
2158.72777778,0.9991465121425147,0,0.00033,sector_b
2158.72916667,0.9989094713088544,0,0.00033,sector_b
2158.73055556,0.9991621723349524,0,0.00033,sector_b
2158.73194444,0.9991846442769595,0,0.00033,sector_b
2158.73333333,0.9993550975712063,0,0.00033,sector_b
2158.73472222,0.9995982800626926,0,0.00033,sector_b
2158.73611111,0.9993529404550332,0,0.00033,sector_b
2158.7375,0.9991724790544816,0,0.00033,sector_b
2158.73888889,0.9992283660738513,0,0.00033,sector_b
2158.74027778,0.9992519727427864,2048,0.00033,sector_b
2158.74166667,0.9994588865342496,0,0.00033,sector_b
2158.74305556,0.9990966198677154,0,0.00033,sector_b
2158.74444444,0.9993519167848657,0,0.00033,sector_b
2158.74583333,0.9991339321242287,0,0.00033,sector_b
2158.74722222,0.9991932938890561,0,0.00033,sector_b
2158.74861111,0.9992772532911773,0,0.00033,sector_b
2158.75,0.9995062433724731,0,0.00033,sector_b
2158.75138889,0.9996424989202327,0,0.00033,sector_b
2158.75277778,0.9986802313661001,2048,0.00033,sector_b
2158.75416667,0.9988867120178528,0,0.00033,sector_b
2158.75555556,0.9994799005313494,0,0.00033,sector_b
2158.75694444,0.9988135765757623,0,0.00033,sector_b
2158.75833333,0.9991861911640908,0,0.00033,sector_b
2158.75972222,0.9989775817746674,0,0.00033,sector_b
2158.76111111,0.9989329051129345,0,0.00033,sector_b
2158.7625,0.9988334592927575,0,0.00033,sector_b
2158.76388889,0.999279029588469,0,0.00033,sector_b
2158.76527778,0.9996658923338864,0,0.00033,sector_b
2158.76666667,0.9986127880011648,0,0.00033,sector_b
2158.76805556,0.9991503657514347,0,0.00033,sector_b
2158.76944444,0.9995973225285972,0,0.00033,sector_b
2158.77083333,0.999330949157306,0,0.00033,sector_b
2158.77222222,0.9989783273254238,0,0.00033,sector_b
2158.77361111,0.999466643356119,0,0.00033,sector_b
2158.775,0.9985875750462947,0,0.00033,sector_b
2158.77638889,0.9990937043702297,0,0.00033,sector_b
2158.77777778,0.998989100479826,0,0.00033,sector_b
2158.77916667,0.9992531530791272,0,0.00033,sector_b
2158.78055556,0.999182415647753,0,0.00033,sector_b
2158.78194444,0.9990947397179464,0,0.00033,sector_b
2158.78333333,0.998952149014063,0,0.00033,sector_b
2158.78472222,0.9983884895734229,0,0.00033,sector_b
2158.78611111,0.9986210154831893,0,0.00033,sector_b
2158.7875,0.9991724112109197,0,0.00033,sector_b
2158.78888889,0.9991570127682009,0,0.00033,sector_b
2158.79027778,0.9992925144428257,0,0.00033,sector_b
2158.79166667,0.9985019106427969,0,0.00033,sector_b
2158.79305556,0.9993854289873139,0,0.00033,sector_b
2158.79444444,0.9987262293033773,0,0.00033,sector_b
2158.79583333,0.9991364759598157,0,0.00033,sector_b
2158.79722222,0.9992357328548198,0,0.00033,sector_b
2158.79861111,0.9992533230794133,0,0.00033,sector_b
2158.8,0.9993652122454155,0,0.00033,sector_b
2158.80138889,0.9992562359363548,0,0.00033,sector_b
2158.80277778,0.9993122120505515,0,0.00033,sector_b
2158.80416667,0.9988558528959287,0,0.00033,sector_b
2158.80555556,0.9989046551219929,0,0.00033,sector_b
2158.80694444,0.998490185771734,0,0.00033,sector_b
2158.80833333,0.9991605421091113,0,0.00033,sector_b
2158.80972222,0.998545909834596,0,0.00033,sector_b
2158.81111111,0.9991227778892142,0,0.00033,sector_b
2158.8125,0.9990940756842491,0,0.00033,sector_b
2158.81388889,0.9988488955707346,0,0.00033,sector_b
2158.81527778,0.9985982138852361,0,0.00033,sector_b
2158.81666667,0.9987658596425977,0,0.00033,sector_b
2158.81805556,0.9995973597079625,0,0.00033,sector_b
2158.81944444,0.9986156011841196,0,0.00033,sector_b
2158.82083333,0.999050582725298,0,0.00033,sector_b
2158.82222222,0.9987290413064185,0,0.00033,sector_b
2158.82361111,0.9988797657307981,0,0.00033,sector_b
2158.825,0.9991168828729611,0,0.00033,sector_b
2158.82638889,0.9990529268637895,0,0.00033,sector_b
2158.82777778,0.9990110402136747,0,0.00033,sector_b
2158.82916667,0.9988363325398575,0,0.00033,sector_b
2158.83055556,0.9989696390023098,0,0.00033,sector_b
2158.83194444,0.9986668659269776,0,0.00033,sector_b
2158.83333333,0.9989885372716121,0,0.00033,sector_b
2158.83472222,0.9994305706890866,0,0.00033,sector_b
2158.83611111,0.9990720322564949,0,0.00033,sector_b
2158.8375,0.9988873607532814,0,0.00033,sector_b
2158.83888889,0.998522474217251,0,0.00033,sector_b
2158.84027778,0.9991922097394998,0,0.00033,sector_b
2158.84166667,0.9993395315693767,0,0.00033,sector_b
2158.84305556,0.9985086120615722,0,0.00033,sector_b
2158.84444444,0.9992518787920125,0,0.00033,sector_b
2158.84583333,0.9990387482415519,0,0.00033,sector_b
2158.84722222,0.9996717830891155,0,0.00033,sector_b
2158.84861111,0.9984976659402606,0,0.00033,sector_b
2158.85,0.9985609072513885,0,0.00033,sector_b
2158.85138889,0.9990313141397267,0,0.00033,sector_b
2158.85277778,0.9989397171402444,0,0.00033,sector_b
2158.85416667,0.9987760516861038,0,0.00033,sector_b
2158.85555556,0.9986900144873049,0,0.00033,sector_b
2158.85694444,0.9989203486946192,0,0.00033,sector_b
2158.85833333,0.9991312888487897,0,0.00033,sector_b
2158.85972222,0.9990544746241384,0,0.00033,sector_b
2158.86111111,0.9985738471674395,0,0.00033,sector_b
2158.8625,0.9990953127543537,0,0.00033,sector_b
2158.86388889,0.9987883316412204,0,0.00033,sector_b
2158.86527778,0.9990973962697389,0,0.00033,sector_b
2158.86666667,0.9987612180734161,0,0.00033,sector_b
2158.86805556,0.9987361030261759,0,0.00033,sector_b
2158.86944444,0.9991568459937231,0,0.00033,sector_b
2158.87083333,0.9989657490498449,0,0.00033,sector_b
2158.87222222,0.999246495759526,0,0.00033,sector_b
2158.87361111,0.9983846159576546,0,0.00033,sector_b
2158.875,0.9990988355211935,0,0.00033,sector_b
2158.87638889,0.9991561948765402,0,0.00033,sector_b
2158.87777778,0.9991943059549018,0,0.00033,sector_b
2158.87916667,0.9983475887196075,0,0.00033,sector_b
2158.88055556,0.9994111016065277,0,0.00033,sector_b
2158.88194444,0.9989529600173648,0,0.00033,sector_b
2158.88333333,0.9988753946319122,0,0.00033,sector_b
2158.88472222,0.9985171372379945,0,0.00033,sector_b
2158.88611111,0.9990465870194948,0,0.00033,sector_b
2158.8875,0.9985533419605894,0,0.00033,sector_b
2158.88888889,0.9990309099123306,0,0.00033,sector_b
2158.89027778,0.9988288348889064,0,0.00033,sector_b
2158.89166667,0.9988925773726796,0,0.00033,sector_b
2158.89305556,0.9981683044866705,0,0.00033,sector_b
2158.89444444,0.9987354709498465,0,0.00033,sector_b
2158.89583333,0.9989803560320256,0,0.00033,sector_b
2158.89722222,0.9986974370506633,0,0.00033,sector_b
2158.89861111,0.9988918692913786,0,0.00033,sector_b
2158.9,0.9990163985278412,0,0.00033,sector_b
2158.90138889,0.99899473913399,0,0.00033,sector_b
2158.90277778,0.9987243280622398,0,0.00033,sector_b
2158.90416667,0.9989718854057014,0,0.00033,sector_b
2158.90555556,0.9988368793150297,0,0.00033,sector_b
2158.90694444,0.9994051986886775,0,0.00033,sector_b
2158.90833333,0.9990537725402415,0,0.00033,sector_b
2158.90972222,0.9990177532069007,0,0.00033,sector_b
2158.91111111,0.9984313650689783,0,0.00033,sector_b
2158.9125,0.9987252844911443,0,0.00033,sector_b
2158.91388889,0.9993299753749407,0,0.00033,sector_b
2158.91527778,0.9989896514429187,0,0.00033,sector_b
2158.91666667,0.9989516564921129,0,0.00033,sector_b
2158.91805556,0.9989052310802661,0,0.00033,sector_b
2158.91944444,0.9990343977167966,0,0.00033,sector_b
2158.92083333,0.998697008631015,0,0.00033,sector_b
2158.92222222,0.9989734802833218,0,0.00033,sector_b
2158.92361111,0.9985724470241336,0,0.00033,sector_b
2158.925,0.9981552916074312,0,0.00033,sector_b
2158.92638889,0.9988017419649075,0,0.00033,sector_b
2158.92777778,0.9984484230804205,0,0.00033,sector_b
2158.92916667,0.9995336829110911,0,0.00033,sector_b
2158.93055556,0.9994342764729938,0,0.00033,sector_b
2158.93194444,0.9993352474384749,0,0.00033,sector_b
2158.93333333,0.9987951440326855,0,0.00033,sector_b
2158.93472222,0.9990306713050355,0,0.00033,sector_b
2158.93611111,0.9989253622730174,4096,0.00033,sector_b
2158.9375,0.9983112838090871,0,0.00033,sector_b
2158.93888889,0.9985751937229437,0,0.00033,sector_b
2158.94027778,0.9992381678376506,0,0.00033,sector_b
2158.94166667,0.9985948223100183,0,0.00033,sector_b
2158.94305556,0.998626518699679,0,0.00033,sector_b
2158.94444444,0.9984208983041939,0,0.00033,sector_b
2158.94583333,0.9989067201328505,0,0.00033,sector_b
2158.94722222,0.9989371065474505,0,0.00033,sector_b
2158.94861111,0.9991242246504419,0,0.00033,sector_b
2158.95,0.9988372763918965,0,0.00033,sector_b
2158.95138889,0.9988705580098095,0,0.00033,sector_b
2158.95277778,0.9985684443253667,0,0.00033,sector_b
2158.95416667,0.9987219002712829,0,0.00033,sector_b
2158.95555556,0.9988194909147803,0,0.00033,sector_b
2158.95694444,0.9988898486599237,0,0.00033,sector_b
2158.95833333,0.999117311226049,0,0.00033,sector_b
2158.95972222,0.9989398268096378,0,0.00033,sector_b
2158.96111111,0.9988486829479963,0,0.00033,sector_b
2158.9625,0.9985986989190558,0,0.00033,sector_b
2158.96388889,0.9985053064904037,0,0.00033,sector_b
2158.96527778,0.9985603337099542,0,0.00033,sector_b
2158.96666667,0.9989093622779088,0,0.00033,sector_b
2158.96805556,0.9990512404169077,0,0.00033,sector_b
2158.96944444,0.9986580445765423,0,0.00033,sector_b
2158.97083333,0.9988302549955009,0,0.00033,sector_b
2158.97222222,0.9990746912253609,0,0.00033,sector_b
2158.97361111,0.9986679974036733,0,0.00033,sector_b
2158.975,0.9981472737033508,0,0.00033,sector_b
2158.97638889,0.9986369000964078,0,0.00033,sector_b
2158.97777778,0.9990931343246727,0,0.00033,sector_b
2158.97916667,0.9991819552397244,0,0.00033,sector_b
2158.98055556,0.9985888402650418,0,0.00033,sector_b
2158.98194444,0.9989666786650437,0,0.00033,sector_b
2158.98333333,0.9989490131733726,0,0.00033,sector_b
2158.98472222,0.9990918373798788,0,0.00033,sector_b
2158.98611111,0.9988505740126141,0,0.00033,sector_b
2158.9875,0.9986655449242411,0,0.00033,sector_b
2158.98888889,0.9982527970559535,0,0.00033,sector_b
2158.99027778,0.9985874628997752,0,0.00033,sector_b
2158.99166667,0.9989649252193656,0,0.00033,sector_b
2158.99305556,0.9985774664458745,0,0.00033,sector_b
2158.99444444,0.9988616340437462,0,0.00033,sector_b
2158.99583333,0.9989614606515352,0,0.00033,sector_b
2158.99722222,0.9985328668681185,0,0.00033,sector_b
2158.99861111,0.999177389778799,0,0.00033,sector_b
2159.0,0.9990534316920199,0,0.00033,sector_b
2159.00138889,0.9986154800284142,0,0.00033,sector_b
2159.00277778,0.998717010806049,0,0.00033,sector_b
2159.00416667,0.9986011903832225,0,0.00033,sector_b
2159.00555556,0.9990237174952529,0,0.00033,sector_b
2159.00694444,0.9989641253366662,0,0.00033,sector_b
2159.00833333,0.9989397882124916,0,0.00033,sector_b
2159.00972222,0.9988892227252374,0,0.00033,sector_b
2159.01111111,0.9986372332871255,0,0.00033,sector_b
2159.0125,0.9984928162367133,0,0.00033,sector_b
2159.01388889,0.9992396975952984,0,0.00033,sector_b
2159.01527778,0.9988251056771065,0,0.00033,sector_b
2159.01666667,0.998871033055518,0,0.00033,sector_b
2159.01805556,0.9985069411212936,0,0.00033,sector_b
2159.01944444,0.9988231592490788,0,0.00033,sector_b
2159.02083333,0.9987053832303857,0,0.00033,sector_b
2159.02222222,0.9989931124657724,0,0.00033,sector_b
2159.02361111,0.9985657365328486,0,0.00033,sector_b
2159.025,0.9991895337908668,4096,0.00033,sector_b
2159.02638889,0.9996133957563497,0,0.00033,sector_b
2159.02777778,0.999163535153093,0,0.00033,sector_b
2159.02916667,0.9988033436782746,0,0.00033,sector_b
2159.03055556,0.9988470627028252,0,0.00033,sector_b
2159.03194444,0.999374873987004,0,0.00033,sector_b
2159.03333333,0.9990108555559244,0,0.00033,sector_b
2159.03472222,0.9986842112504204,0,0.00033,sector_b
2159.03611111,0.9986743366074682,0,0.00033,sector_b
2159.0375,0.9990066530051775,0,0.00033,sector_b
2159.03888889,0.9983772900296625,0,0.00033,sector_b
2159.04027778,0.9984696080927904,0,0.00033,sector_b
2159.04166667,0.9992817884998877,0,0.00033,sector_b
2159.04305556,0.9986236330857649,0,0.00033,sector_b
2159.04444444,0.9995260866044468,0,0.00033,sector_b
2159.04583333,0.9990330842348168,0,0.00033,sector_b
2159.04722222,0.999087171902297,0,0.00033,sector_b
2159.04861111,0.9986403852416571,0,0.00033,sector_b
2159.05,0.9984145220718313,0,0.00033,sector_b
2159.05138889,0.9981494564479569,0,0.00033,sector_b
2159.05277778,0.9988418902729361,0,0.00033,sector_b
2159.05416667,0.9986868976101619,0,0.00033,sector_b
2159.05555556,0.9991055008065834,0,0.00033,sector_b
2159.05694444,0.9984884152874676,2048,0.00033,sector_b
2159.05833333,0.9987511367604114,0,0.00033,sector_b
2159.05972222,0.9987516372802421,0,0.00033,sector_b
2159.06111111,0.9985269399432886,0,0.00033,sector_b
2159.0625,0.9986222859725538,0,0.00033,sector_b
2159.06388889,0.9986993312659103,0,0.00033,sector_b
2159.06527778,0.9991483956245524,0,0.00033,sector_b
2159.06666667,0.9992548086750574,0,0.00033,sector_b
2159.06805556,0.9992986156962413,0,0.00033,sector_b
2159.06944444,0.9988985297991212,0,0.00033,sector_b
2159.07083333,0.9992148917074712,0,0.00033,sector_b
2159.07222222,0.9991886766643718,0,0.00033,sector_b
2159.07361111,0.998366307361048,0,0.00033,sector_b
2159.075,0.9988464411894051,2048,0.00033,sector_b
2159.07638889,0.9988263260339697,0,0.00033,sector_b
2159.07777778,0.9984556390587712,0,0.00033,sector_b
2159.07916667,0.9990015319953018,0,0.00033,sector_b
2159.08055556,0.9983123284518972,0,0.00033,sector_b
2159.08194444,0.9989717279749667,0,0.00033,sector_b
2159.08333333,0.9989575768387291,0,0.00033,sector_b
2159.08472222,0.9990945167375098,0,0.00033,sector_b
2159.08611111,0.9989776949130231,0,0.00033,sector_b
2159.0875,0.9991747322780612,0,0.00033,sector_b
2159.08888889,0.9982857795396917,0,0.00033,sector_b
2159.09027778,0.9988979701576629,0,0.00033,sector_b
2159.09166667,0.9983895819041719,0,0.00033,sector_b
2159.09305556,0.9986146855075634,0,0.00033,sector_b
2159.09444444,0.9991366737908792,0,0.00033,sector_b
2159.09583333,0.9983873354324351,0,0.00033,sector_b
2159.09722222,0.9987823073907368,0,0.00033,sector_b
2159.09861111,0.9990447299388133,0,0.00033,sector_b
2159.1,0.9984692788907163,0,0.00033,sector_b
2159.10138889,0.9986205245506611,0,0.00033,sector_b
2159.10277778,0.9986468014242387,0,0.00033,sector_b
2159.10416667,0.9993184475880134,0,0.00033,sector_b
2159.10555556,0.9987275178837448,0,0.00033,sector_b
2159.10694444,0.9992177600007297,0,0.00033,sector_b
2159.10833333,0.9988192472564295,0,0.00033,sector_b
2159.10972222,0.9986393409119747,0,0.00033,sector_b
2159.11111111,0.9985948768672047,0,0.00033,sector_b
2159.1125,0.9992007334285792,0,0.00033,sector_b
2159.11388889,0.9988999278482489,0,0.00033,sector_b
2159.11527778,0.9989205421776044,0,0.00033,sector_b
2159.11666667,0.99909003970714,0,0.00033,sector_b
2159.11805556,0.9986716617552789,0,0.00033,sector_b
2159.11944444,0.9990136273480652,0,0.00033,sector_b
2159.12083333,0.9986821523603775,0,0.00033,sector_b
2159.12222222,0.9985301879597813,0,0.00033,sector_b
2159.12361111,0.9990594747755088,0,0.00033,sector_b
2159.125,0.9987640438232823,0,0.00033,sector_b
2159.12638889,0.9989938916405472,0,0.00033,sector_b
2159.12777778,0.998541376362384,0,0.00033,sector_b
2159.12916667,0.9990609465577889,0,0.00033,sector_b
2159.13055556,0.9987076549952444,0,0.00033,sector_b
2159.13194444,0.9988091381435279,0,0.00033,sector_b
2159.13333333,0.999047067517602,0,0.00033,sector_b
2159.13472222,0.9988846619454625,0,0.00033,sector_b
2159.13611111,0.999200264037463,0,0.00033,sector_b
2159.1375,0.9989670426008183,0,0.00033,sector_b
2159.13888889,0.998176054047544,0,0.00033,sector_b
2159.14027778,0.998826014031323,0,0.00033,sector_b
2159.14166667,0.9984598274128496,0,0.00033,sector_b
2159.14305556,0.9991221326837033,0,0.00033,sector_b
2159.14444444,0.9985553964637516,0,0.00033,sector_b
2159.14583333,0.9988141882369225,0,0.00033,sector_b
2159.14722222,0.9984403892933141,0,0.00033,sector_b
2159.14861111,0.9991193340534286,0,0.00033,sector_b
2159.15,0.9981688405526293,0,0.00033,sector_b
2159.15138889,0.9989211104497666,0,0.00033,sector_b
2159.15277778,0.9991784169159882,0,0.00033,sector_b
2159.15416667,0.9991811189871821,0,0.00033,sector_b
2159.15555556,0.998666558137712,0,0.00033,sector_b
2159.15694444,0.998497527783815,0,0.00033,sector_b
2159.15833333,0.9993316913318465,0,0.00033,sector_b
2159.15972222,0.9988255987017061,0,0.00033,sector_b
2159.16111111,0.9991906295849975,0,0.00033,sector_b
2159.1625,0.9991026235725089,0,0.00033,sector_b
2159.16388889,0.9988442164408196,0,0.00033,sector_b
2159.16527778,0.9991607932839449,0,0.00033,sector_b
2159.16666667,0.9987924358651996,0,0.00033,sector_b
2159.16805556,0.9989372358006767,0,0.00033,sector_b
2159.16944444,0.9986495704229676,0,0.00033,sector_b
2159.17083333,0.9983125107821041,0,0.00033,sector_b
2159.17222222,0.9987211707733378,0,0.00033,sector_b
2159.17361111,0.9985815343607333,0,0.00033,sector_b
2159.175,0.9989889112753195,0,0.00033,sector_b
2159.17638889,0.9990175288363798,0,0.00033,sector_b
2159.17777778,0.9985729970429501,0,0.00033,sector_b
2159.17916667,0.9985125764672695,0,0.00033,sector_b
2159.18055556,0.998480697109031,0,0.00033,sector_b
2159.18194444,0.9990799571228769,0,0.00033,sector_b
2159.18333333,0.9981765602348371,0,0.00033,sector_b
2159.18472222,0.9989704622393906,0,0.00033,sector_b
2159.18611111,0.9982317372254161,0,0.00033,sector_b
2159.1875,0.9989098173119367,0,0.00033,sector_b
2159.18888889,0.9988472255155397,0,0.00033,sector_b
2159.19027778,0.9988429915693322,0,0.00033,sector_b
2159.19166667,0.9988027043856688,0,0.00033,sector_b
2159.19305556,0.9989661190247282,0,0.00033,sector_b
2159.19444444,0.9986376582309242,0,0.00033,sector_b
2159.19583333,0.9990120368606948,0,0.00033,sector_b
2159.19722222,0.9987254394968659,0,0.00033,sector_b
2159.19861111,0.9982073243279272,0,0.00033,sector_b
2159.2,0.998272957969203,0,0.00033,sector_b
2159.20138889,0.9985841582282012,0,0.00033,sector_b
2159.20277778,0.9980898020142204,0,0.00033,sector_b
2159.20416667,0.9984443138542995,0,0.00033,sector_b
2159.20555556,0.9989327035151307,0,0.00033,sector_b
2159.20694444,0.9985830941712076,0,0.00033,sector_b
2159.20833333,0.9988919649333079,0,0.00033,sector_b
2159.20972222,0.9987704389375441,0,0.00033,sector_b
2159.21111111,0.9990487933611952,0,0.00033,sector_b
2159.2125,0.9989136701380549,0,0.00033,sector_b
2159.21388889,0.9985592247474762,0,0.00033,sector_b
2159.21527778,0.9987963290930815,0,0.00033,sector_b
2159.21666667,0.9993006314249078,0,0.00033,sector_b
2159.21805556,0.9983719468060903,0,0.00033,sector_b
2159.21944444,0.9990478756560145,0,0.00033,sector_b
2159.22083333,0.9987698633150232,0,0.00033,sector_b
2159.22222222,0.9988609949381424,0,0.00033,sector_b
2159.22361111,0.9988561668236579,0,0.00033,sector_b
2159.225,0.9986894588798875,0,0.00033,sector_b
2159.22638889,0.9986217047517296,0,0.00033,sector_b
2159.22777778,0.9991153012953143,0,0.00033,sector_b
2159.22916667,0.9980225629564465,0,0.00033,sector_b
2159.23055556,0.9988672594200292,0,0.00033,sector_b
2159.23194444,0.9986165213612199,0,0.00033,sector_b
2159.23333333,0.9984430362110303,2048,0.00033,sector_b
2159.23472222,0.99832206940071,0,0.00033,sector_b
2159.23611111,0.9987890908016932,0,0.00033,sector_b
2159.2375,0.998713169507074,0,0.00033,sector_b
2159.23888889,0.9985057503779057,0,0.00033,sector_b
2159.24027778,0.9988854762470949,0,0.00033,sector_b
2159.24166667,0.9977669309680842,0,0.00033,sector_b
2159.24305556,0.9981040178451395,0,0.00033,sector_b
2159.24444444,0.9983798097576201,0,0.00033,sector_b
2159.24583333,0.9986627813648169,0,0.00033,sector_b
2159.24722222,0.9992183386080732,0,0.00033,sector_b
2159.24861111,0.9986261952817254,0,0.00033,sector_b
2159.25,0.9985436570027041,0,0.00033,sector_b
2159.25138889,0.9979756356020756,0,0.00033,sector_b
2159.25277778,0.9986082998418904,0,0.00033,sector_b
2159.25416667,0.9983750403725199,0,0.00033,sector_b
2159.25555556,0.9982639060921527,0,0.00033,sector_b
2159.25694444,0.9986811592367114,0,0.00033,sector_b
2159.25833333,0.9987463830958255,0,0.00033,sector_b
2159.25972222,0.9984762579561627,0,0.00033,sector_b
2159.26111111,0.9988935625729563,0,0.00033,sector_b
2159.2625,0.9988754573606901,0,0.00033,sector_b
2159.26388889,0.9988501629023048,0,0.00033,sector_b
2159.26527778,0.9988011848054081,0,0.00033,sector_b
2159.26666667,0.9985810372922982,0,0.00033,sector_b
2159.26805556,0.998676650197115,0,0.00033,sector_b
2159.26944444,0.9979752854698966,0,0.00033,sector_b
2159.27083333,0.9987147445427688,0,0.00033,sector_b
2159.27222222,0.9989846565260643,0,0.00033,sector_b
2159.27361111,0.9987463675760427,0,0.00033,sector_b
2159.275,0.9988135538888456,0,0.00033,sector_b
2159.27638889,0.9986789400914049,0,0.00033,sector_b
2159.27777778,0.998493085742148,0,0.00033,sector_b
2159.27916667,0.9993342686263932,0,0.00033,sector_b
2159.28055556,0.9983253841966838,0,0.00033,sector_b
2159.28194444,0.9988983583359815,0,0.00033,sector_b
2159.28333333,0.9991005073464588,0,0.00033,sector_b
2159.28472222,0.9989368284848372,0,0.00033,sector_b
2159.28611111,0.9989112828512298,0,0.00033,sector_b
2159.2875,0.9987273286011193,0,0.00033,sector_b
2159.28888889,0.9993110449218361,0,0.00033,sector_b
2159.29027778,0.9985410194387054,0,0.00033,sector_b
2159.29166667,0.9986377649105648,0,0.00033,sector_b
2159.29305556,0.998563494433863,0,0.00033,sector_b
2159.29444444,0.9984544314719678,0,0.00033,sector_b
2159.29583333,0.9983305569062361,0,0.00033,sector_b
2159.29722222,0.9987311927654282,0,0.00033,sector_b
2159.29861111,0.9988011366468337,0,0.00033,sector_b
2159.3,0.9988966587089599,0,0.00033,sector_b
2159.30138889,0.9985779767176495,0,0.00033,sector_b
2159.30277778,0.9992033638371987,0,0.00033,sector_b
2159.30416667,0.99839378985621,0,0.00033,sector_b
2159.30555556,0.9988333070931341,0,0.00033,sector_b
2159.30694444,0.9990781938073119,0,0.00033,sector_b
2159.30833333,0.9983773483262657,0,0.00033,sector_b
2159.30972222,0.9979544940601839,0,0.00033,sector_b
2159.31111111,0.9995033872556177,0,0.00033,sector_b
2159.3125,0.9987430719504995,0,0.00033,sector_b
2159.31388889,0.9987333704890504,0,0.00033,sector_b
2159.31527778,0.9982518472359524,0,0.00033,sector_b
2159.31666667,0.9984822331925688,0,0.00033,sector_b
2159.31805556,0.999171788350879,0,0.00033,sector_b
2159.31944444,0.9984809458243377,0,0.00033,sector_b
2159.32083333,0.9982606648913087,0,0.00033,sector_b
2159.32222222,0.9981504174388026,0,0.00033,sector_b
2159.32361111,0.998299233404553,0,0.00033,sector_b
2159.325,0.9984810828394617,0,0.00033,sector_b
2159.32638889,0.9991936498687257,0,0.00033,sector_b
2159.32777778,0.998612052461256,0,0.00033,sector_b
2159.32916667,0.9985494264525374,0,0.00033,sector_b
2159.33055556,0.9984493465124754,0,0.00033,sector_b
2159.33194444,0.998359977604066,0,0.00033,sector_b
2159.33333333,0.9987293918629708,0,0.00033,sector_b
2159.33472222,0.9985442529251526,0,0.00033,sector_b
2159.33611111,0.9988031946038766,0,0.00033,sector_b
2159.3375,0.9979719600575451,0,0.00033,sector_b
2159.33888889,0.9984589040842171,0,0.00033,sector_b
2159.34027778,0.9988679025492669,0,0.00033,sector_b
2159.34166667,0.9983490226850602,0,0.00033,sector_b
2159.34305556,0.9986511840377451,0,0.00033,sector_b
2159.34444444,0.9986141968002309,0,0.00033,sector_b
2159.34583333,0.9984130873569054,0,0.00033,sector_b
2159.34722222,0.9979738664313899,0,0.00033,sector_b
2159.34861111,0.9978979970829062,4096,0.00033,sector_b
2159.35,0.9981659307092456,0,0.00033,sector_b
2159.35138889,0.9981851370345626,0,0.00033,sector_b
2159.35277778,0.9981719484970792,0,0.00033,sector_b
2159.35416667,0.9984330448840587,0,0.00033,sector_b
2159.35555556,0.9987319510123702,0,0.00033,sector_b
2159.35694444,0.9983625603684454,0,0.00033,sector_b
2159.35833333,0.9986638486588201,0,0.00033,sector_b
2159.35972222,0.9984470873761115,0,0.00033,sector_b
2159.36111111,0.9989161103795395,0,0.00033,sector_b
2159.3625,0.9987804070551167,0,0.00033,sector_b
2159.36388889,0.9985600602878069,0,0.00033,sector_b
2159.36527778,0.9984030414063607,0,0.00033,sector_b
2159.36666667,0.9983008950725484,0,0.00033,sector_b
2159.36805556,0.9984314868578439,0,0.00033,sector_b
2159.36944444,0.9982658326132485,0,0.00033,sector_b
2159.37083333,0.9988044161545554,0,0.00033,sector_b
2159.37222222,0.9988779431122263,0,0.00033,sector_b
2159.37361111,0.9990327345759246,0,0.00033,sector_b
2159.375,0.9987602755347713,0,0.00033,sector_b
2159.37638889,0.9987199117333413,0,0.00033,sector_b
2159.37777778,0.9980711108364612,0,0.00033,sector_b
2159.37916667,0.9981342284057957,0,0.00033,sector_b
2159.38055556,0.998460343955495,0,0.00033,sector_b
2159.38194444,0.9981790345420477,0,0.00033,sector_b
2159.38333333,0.9984617324232049,0,0.00033,sector_b
2159.38472222,0.9981613980480691,0,0.00033,sector_b
2159.38611111,0.9987393055356407,0,0.00033,sector_b
2159.3875,0.9984484813749148,0,0.00033,sector_b
2159.38888889,0.9984811592002579,0,0.00033,sector_b
2159.39027778,0.9983002937403624,0,0.00033,sector_b
2159.39166667,0.9986917992175626,0,0.00033,sector_b
2159.39305556,0.9976634338047224,0,0.00033,sector_b
2159.39444444,0.9986352950727815,0,0.00033,sector_b
2159.39583333,0.9986353846301799,0,0.00033,sector_b
2159.39722222,0.9986040305816604,0,0.00033,sector_b
2159.39861111,0.9985221583841627,0,0.00033,sector_b
2159.4,0.9983965932738943,0,0.00033,sector_b
2159.40138889,0.9982765562729182,0,0.00033,sector_b
2159.40277778,0.9983757946331068,0,0.00033,sector_b
2159.40416667,0.9985233041037391,0,0.00033,sector_b
2159.40555556,0.9986667176613225,0,0.00033,sector_b
2159.40694444,0.9979514981652003,0,0.00033,sector_b
2159.40833333,0.9986205704768653,0,0.00033,sector_b
2159.40972222,0.9989586646194046,0,0.00033,sector_b
2159.41111111,0.9980716942779442,0,0.00033,sector_b
2159.4125,0.9988256216717718,0,0.00033,sector_b
2159.41388889,0.9989302446371738,0,0.00033,sector_b
2159.41527778,0.998372628131188,0,0.00033,sector_b
2159.41666667,0.9979394947838255,0,0.00033,sector_b
2159.41805556,0.9989565413354132,0,0.00033,sector_b
2159.41944444,0.9991608238192022,0,0.00033,sector_b
2159.42083333,0.9987499149695861,0,0.00033,sector_b
2159.42222222,0.9987185910344936,0,0.00033,sector_b
2159.42361111,0.9985972172922181,0,0.00033,sector_b
2159.425,0.9987451189787211,0,0.00033,sector_b
2159.42638889,0.9980851690987066,0,0.00033,sector_b
2159.42777778,0.998698813051886,0,0.00033,sector_b
2159.42916667,0.9982797307950027,0,0.00033,sector_b
2159.43055556,0.9986158978994976,0,0.00033,sector_b
2159.43194444,0.9985588865666775,0,0.00033,sector_b
2159.43333333,0.9977023908669419,0,0.00033,sector_b
2159.43472222,0.9983225710335192,0,0.00033,sector_b
2159.43611111,0.9981649172860367,0,0.00033,sector_b
2159.4375,0.9987098411030118,0,0.00033,sector_b
2159.43888889,0.9980900516326802,0,0.00033,sector_b
2159.44027778,0.9982091914150012,0,0.00033,sector_b
2159.44166667,0.9984733673859562,0,0.00033,sector_b
2159.44305556,0.9982506275627511,0,0.00033,sector_b
2159.44444444,0.998362237659645,0,0.00033,sector_b
2159.44583333,0.9988209978546916,0,0.00033,sector_b
2159.44722222,0.9981685392779432,0,0.00033,sector_b
2159.44861111,0.9987235908352793,0,0.00033,sector_b
2159.45,0.9988536936487827,0,0.00033,sector_b
2159.45138889,0.9987761978379133,0,0.00033,sector_b
2159.45277778,0.9983175525630749,0,0.00033,sector_b
2159.45416667,0.9983827567752254,0,0.00033,sector_b
2159.45555556,0.9987234499158846,0,0.00033,sector_b
2159.45694444,0.9985894343454931,0,0.00033,sector_b
2159.45833333,0.9983951686489875,0,0.00033,sector_b
2159.45972222,0.9982809440457963,0,0.00033,sector_b
2159.46111111,0.998357769058607,0,0.00033,sector_b
2159.4625,0.9982318794579086,0,0.00033,sector_b
2159.46388889,0.9984591846193162,0,0.00033,sector_b
2159.46527778,0.9984665995708679,0,0.00033,sector_b
2159.46666667,0.998288963563002,0,0.00033,sector_b
2159.46805556,0.9979761535938071,0,0.00033,sector_b
2159.46944444,0.997790767277298,0,0.00033,sector_b
2159.47083333,0.9986206191219145,0,0.00033,sector_b
2159.47222222,0.9985211892683815,0,0.00033,sector_b
2159.47361111,0.9983970484810182,0,0.00033,sector_b
2159.475,0.9987496791373037,4096,0.00033,sector_b
2159.47638889,0.9988881596681985,0,0.00033,sector_b
2159.47777778,0.9983431540527091,0,0.00033,sector_b
2159.47916667,0.9980350438561748,0,0.00033,sector_b
2159.48055556,0.9975265382061314,0,0.00033,sector_b
2159.48194444,0.9985913876815682,0,0.00033,sector_b
2159.48333333,0.9983647448515295,0,0.00033,sector_b
2159.48472222,0.9988296425831388,0,0.00033,sector_b
2159.48611111,0.9976312221156789,0,0.00033,sector_b
2159.4875,0.9988755480613871,0,0.00033,sector_b
2159.48888889,0.997950039341195,0,0.00033,sector_b
2159.49027778,0.9980700536767014,0,0.00033,sector_b
2159.49166667,0.9980547530935383,0,0.00033,sector_b
2159.49305556,0.9987482129668126,0,0.00033,sector_b
2159.49444444,0.9986130521075673,0,0.00033,sector_b
2159.49583333,0.9985704138428007,0,0.00033,sector_b
2159.49722222,0.9984310061830665,0,0.00033,sector_b
2159.49861111,0.9977530149775032,0,0.00033,sector_b
2159.5,0.9976401162975455,0,0.00033,sector_b
2159.50138889,0.9987420476070076,0,0.00033,sector_b
2159.50277778,0.9990011117644335,0,0.00033,sector_b
2159.50416667,0.9981385653593188,0,0.00033,sector_b
2159.50555556,0.9982510283025628,0,0.00033,sector_b
2159.50694444,0.9981291111716244,0,0.00033,sector_b
2159.50833333,0.9982835533995837,0,0.00033,sector_b
2159.50972222,0.9983106066886969,0,0.00033,sector_b
2159.51111111,0.9983551610661987,0,0.00033,sector_b
2159.5125,0.9985462088704241,0,0.00033,sector_b
2159.51388889,0.9985559273441358,0,0.00033,sector_b
2159.51527778,0.9977798965622356,0,0.00033,sector_b
2159.51666667,0.9983709042998475,0,0.00033,sector_b
2159.51805556,0.9980703271110017,0,0.00033,sector_b
2159.51944444,0.9981467232563006,0,0.00033,sector_b
2159.52083333,0.9979938317678266,0,0.00033,sector_b
2159.52222222,0.9987613405419009,0,0.00033,sector_b
2159.52361111,0.9985528981120527,0,0.00033,sector_b
2159.525,0.9981931581121627,0,0.00033,sector_b
2159.52638889,0.9983933424623838,0,0.00033,sector_b
2159.52777778,0.9980724264531285,0,0.00033,sector_b
2159.52916667,0.9991227650336996,0,0.00033,sector_b
2159.53055556,0.998531721102797,0,0.00033,sector_b
2159.53194444,0.9980076308413546,0,0.00033,sector_b
2159.53333333,0.9985175386470775,0,0.00033,sector_b
2159.53472222,0.9986873780496179,0,0.00033,sector_b
2159.53611111,0.9982132208957558,0,0.00033,sector_b
2159.5375,0.9983232007552144,0,0.00033,sector_b
2159.53888889,0.9988911798368137,0,0.00033,sector_b
2159.54027778,0.9982598206715814,0,0.00033,sector_b
2159.54166667,0.9982673096265393,0,0.00033,sector_b
2159.54305556,0.9984811533327228,0,0.00033,sector_b
2159.54444444,0.9982667353638099,0,0.00033,sector_b
2159.54583333,0.997879800619186,0,0.00033,sector_b
2159.54722222,0.997855054279333,0,0.00033,sector_b
2159.54861111,0.9984381676954281,0,0.00033,sector_b
2159.55,0.9981860078317593,0,0.00033,sector_b
2159.55138889,0.9983213721395598,0,0.00033,sector_b
2159.55277778,0.9975032932041988,0,0.00033,sector_b
2159.55416667,0.9979703546821358,0,0.00033,sector_b
2159.55555556,0.9978373756503677,0,0.00033,sector_b
2159.55694444,0.9979712391371696,0,0.00033,sector_b
2159.55833333,0.9981260559419401,0,0.00033,sector_b
2159.55972222,0.9980364596717324,0,0.00033,sector_b
2159.56111111,0.9980055311608519,0,0.00033,sector_b
2159.5625,0.9982265993955586,0,0.00033,sector_b
2159.56388889,0.9979520441183641,0,0.00033,sector_b
2159.56527778,0.9985432746155535,0,0.00033,sector_b
2159.56666667,0.9977782268577036,0,0.00033,sector_b
2159.56805556,0.9977849704132646,0,0.00033,sector_b
2159.56944444,0.998043117588089,0,0.00033,sector_b
2159.57083333,0.9981129411130658,0,0.00033,sector_b
2159.57222222,0.9978958441733068,0,0.00033,sector_b
2159.57361111,0.9981276279237096,0,0.00033,sector_b
2159.575,0.998019135769715,0,0.00033,sector_b
2159.57638889,0.9984609171537772,0,0.00033,sector_b
2159.57777778,0.9981348887452237,0,0.00033,sector_b
2159.57916667,0.9982856383238459,0,0.00033,sector_b
2159.58055556,0.997947506034682,0,0.00033,sector_b
2159.58194444,0.9983316318586177,0,0.00033,sector_b
2159.58333333,0.9980734529137413,0,0.00033,sector_b
2159.58472222,0.9990175088924547,0,0.00033,sector_b
2159.58611111,0.9985424055129827,0,0.00033,sector_b
2159.5875,0.997833537940821,0,0.00033,sector_b
2159.58888889,0.9976624466936157,0,0.00033,sector_b
2159.59027778,0.9982132997576967,0,0.00033,sector_b
2159.59166667,0.9984009162893416,0,0.00033,sector_b
2159.59305556,0.9979425929054249,0,0.00033,sector_b
2159.59444444,0.9982031281254036,0,0.00033,sector_b
2159.59583333,0.9975440943453279,0,0.00033,sector_b
2159.59722222,0.9982447045724974,0,0.00033,sector_b
2159.59861111,0.9982223530611847,0,0.00033,sector_b
2159.6,0.9981990625947782,0,0.00033,sector_b
2159.60138889,0.9982048471822667,0,0.00033,sector_b
2159.60277778,0.9989857757534344,0,0.00033,sector_b
2159.60416667,0.9985501759260562,0,0.00033,sector_b
2159.60555556,0.9980419070637727,0,0.00033,sector_b
2159.60694444,0.998415424744689,0,0.00033,sector_b
2159.60833333,0.9979756496384459,0,0.00033,sector_b
2159.60972222,0.9984384480585494,0,0.00033,sector_b
2159.61111111,0.9984446456131466,0,0.00033,sector_b
2159.6125,0.9979436816272604,0,0.00033,sector_b
2159.61388889,0.9974997771352219,0,0.00033,sector_b
2159.61527778,0.9983435337361954,0,0.00033,sector_b
2159.61666667,0.9981751122433905,0,0.00033,sector_b
2159.61805556,0.997768034333604,0,0.00033,sector_b
2159.61944444,0.9985128404839935,0,0.00033,sector_b
2159.62083333,0.9986551147170024,0,0.00033,sector_b
2159.62222222,0.9981556381409584,0,0.00033,sector_b
2159.62361111,0.9979505634360281,0,0.00033,sector_b
2159.625,0.9978375527527653,0,0.00033,sector_b
2159.62638889,0.9987383709985913,0,0.00033,sector_b
2159.62777778,0.997840004168505,0,0.00033,sector_b
2159.62916667,0.9981481918288819,0,0.00033,sector_b
2159.63055556,0.9982340991045437,0,0.00033,sector_b
2159.63194444,0.9984696789096468,0,0.00033,sector_b
2159.63333333,0.9983351796151885,0,0.00033,sector_b
2159.63472222,0.9975965008585673,0,0.00033,sector_b
2159.63611111,0.9985989300851678,0,0.00033,sector_b
2159.6375,0.9977606501217753,0,0.00033,sector_b
2159.63888889,0.9982608864814576,0,0.00033,sector_b
2159.64027778,0.9978117881131323,0,0.00033,sector_b
2159.64166667,0.9980177538035397,0,0.00033,sector_b
2159.64305556,0.9976039912554857,0,0.00033,sector_b
2159.64444444,0.9981117350591341,0,0.00033,sector_b
2159.64583333,0.9976300795942595,0,0.00033,sector_b
2159.64722222,0.9975450123606231,0,0.00033,sector_b
2159.64861111,0.9978126157625122,0,0.00033,sector_b
2159.65,0.9973589541582022,0,0.00033,sector_b
2159.65138889,0.9982209411107981,0,0.00033,sector_b
2159.65277778,0.9982500884906601,0,0.00033,sector_b
2159.65416667,0.997991000320541,0,0.00033,sector_b
2159.65555556,0.9981619112225496,0,0.00033,sector_b
2159.65694444,0.998741323825772,0,0.00033,sector_b
2159.65833333,0.9986396445161942,0,0.00033,sector_b
2159.65972222,0.9980680878472918,0,0.00033,sector_b
2159.66111111,0.9977329758126519,0,0.00033,sector_b
2159.6625,0.9980929487323363,0,0.00033,sector_b
2159.66388889,0.9979251696951136,0,0.00033,sector_b
2159.66527778,0.9979235202295751,0,0.00033,sector_b
2159.66666667,0.9978282321188566,0,0.00033,sector_b
2159.66805556,0.9979977706243266,0,0.00033,sector_b
2159.66944444,0.9983971318298345,0,0.00033,sector_b
2159.67083333,0.9978204565180068,0,0.00033,sector_b
2159.67222222,0.9979758383270242,0,0.00033,sector_b
2159.67361111,0.998124341331499,0,0.00033,sector_b
2159.675,0.9979884303976592,0,0.00033,sector_b
2159.67638889,0.9981261514987414,0,0.00033,sector_b
2159.67777778,0.9974192054869813,0,0.00033,sector_b
2159.67916667,0.9978886748957836,0,0.00033,sector_b
2159.68055556,0.9981646883119469,0,0.00033,sector_b
2159.68194444,0.9981259190233687,0,0.00033,sector_b
2159.68333333,0.9980258741407898,0,0.00033,sector_b
2159.68472222,0.9979546221392556,0,0.00033,sector_b
2159.68611111,0.9982555724689894,0,0.00033,sector_b
2159.6875,0.9977737276227675,0,0.00033,sector_b
2159.68888889,0.9981280040108643,0,0.00033,sector_b
2159.69027778,0.9979153993056287,0,0.00033,sector_b
2159.69166667,0.9980632912642734,0,0.00033,sector_b
2159.69305556,0.9977797597379293,0,0.00033,sector_b
2159.69444444,0.9981815694370492,0,0.00033,sector_b
2159.69583333,0.9979334780110889,0,0.00033,sector_b
2159.69722222,0.9972526421415756,0,0.00033,sector_b
2159.69861111,0.9978563911972123,0,0.00033,sector_b
2159.7,0.9984695102844723,0,0.00033,sector_b
2159.70138889,0.9980846098175451,0,0.00033,sector_b
2159.70277778,0.9983432874474185,0,0.00033,sector_b
2159.70416667,0.998207330078997,0,0.00033,sector_b
2159.70555556,0.997874012173735,0,0.00033,sector_b
2159.70694444,0.9981192164387821,0,0.00033,sector_b
2159.70833333,0.9976640880764536,0,0.00033,sector_b
2159.70972222,0.9978766951997603,0,0.00033,sector_b
2159.71111111,0.9974931220098006,0,0.00033,sector_b
2159.7125,0.9984117180557781,0,0.00033,sector_b
2159.71388889,0.9977976036648352,0,0.00033,sector_b
2159.71527778,0.9977409879008131,0,0.00033,sector_b
2159.71666667,0.9975719457470883,0,0.00033,sector_b
2159.71805556,0.9978662793496401,0,0.00033,sector_b
2159.71944444,0.998666104427709,0,0.00033,sector_b
2159.72083333,0.9974783705765584,0,0.00033,sector_b
2159.72222222,0.9978772738967759,0,0.00033,sector_b
2159.72361111,0.997776427242546,0,0.00033,sector_b
2159.725,0.9987612357358342,0,0.00033,sector_b
2159.72638889,0.9981028145043112,0,0.00033,sector_b
2159.72777778,0.9975243271973085,0,0.00033,sector_b
2159.72916667,0.9977190074012602,0,0.00033,sector_b
2159.73055556,0.9972854538312105,0,0.00033,sector_b
2159.73194444,0.9981384464417249,0,0.00033,sector_b
2159.73333333,0.9982902587379262,0,0.00033,sector_b
2159.73472222,0.9981693655118419,0,0.00033,sector_b
2159.73611111,0.9980365531042201,0,0.00033,sector_b
2159.7375,0.998060085258995,0,0.00033,sector_b
2159.73888889,0.9982707343664828,0,0.00033,sector_b
2159.74027778,0.998340272390374,0,0.00033,sector_b
2159.74166667,0.997863928445564,0,0.00033,sector_b
2159.74305556,0.9976741921122646,0,0.00033,sector_b
2159.74444444,0.9979106084696395,0,0.00033,sector_b
2159.74583333,0.9978901598617198,0,0.00033,sector_b
2159.74722222,0.9979474116916768,0,0.00033,sector_b
2159.74861111,0.9978989235686717,0,0.00033,sector_b
2159.75,0.9981192916481546,0,0.00033,sector_b
2159.75138889,0.9981972282152876,0,0.00033,sector_b
2159.75277778,0.9982038321628717,0,0.00033,sector_b
2159.75416667,0.9978351862478346,0,0.00033,sector_b
2159.75555556,0.9977762397081364,0,0.00033,sector_b
2159.75694444,0.9979350331667874,0,0.00033,sector_b
2159.75833333,0.9981085877323961,0,0.00033,sector_b
2159.75972222,0.9978870516517859,0,0.00033,sector_b
2159.76111111,0.9978920957737981,0,0.00033,sector_b
2159.7625,0.9982565847235313,0,0.00033,sector_b
2159.76388889,0.9979604184987063,0,0.00033,sector_b
2159.76527778,0.9978308389806014,0,0.00033,sector_b
2159.76666667,0.997829211911581,0,0.00033,sector_b
2159.76805556,0.9977566477385619,0,0.00033,sector_b
2159.76944444,0.9977956907374288,0,0.00033,sector_b
2159.77083333,0.9975101696891958,0,0.00033,sector_b
2159.77222222,0.9982005589336468,0,0.00033,sector_b
2159.77361111,0.9975410004094956,0,0.00033,sector_b
2159.775,0.9979205977413891,0,0.00033,sector_b
2159.77638889,0.9974765124215924,0,0.00033,sector_b
2159.77777778,0.9978674709696852,0,0.00033,sector_b
2159.77916667,0.9982183203074079,0,0.00033,sector_b
2159.78055556,0.9985177751057126,0,0.00033,sector_b
2159.78194444,0.997335650743337,0,0.00033,sector_b
2159.78333333,0.998065294673189,0,0.00033,sector_b
2159.78472222,0.9975790606672525,0,0.00033,sector_b
2159.78611111,0.9981614790307052,0,0.00033,sector_b
2159.7875,0.998171041657467,0,0.00033,sector_b
2159.78888889,0.9984506306120464,0,0.00033,sector_b
2159.79027778,0.998405473587242,0,0.00033,sector_b
2159.79166667,0.9981423737196453,0,0.00033,sector_b
2159.79305556,0.998076232671879,0,0.00033,sector_b
2159.79444444,0.9973215094129737,0,0.00033,sector_b
2159.79583333,0.9978814443863628,0,0.00033,sector_b
2159.79722222,0.9977281441531691,0,0.00033,sector_b
2159.79861111,0.9974001763633372,0,0.00033,sector_b
2159.8,0.9973521450717422,0,0.00033,sector_b
2159.80138889,0.9979610205894139,0,0.00033,sector_b
2159.80277778,0.9975930448602957,0,0.00033,sector_b
2159.80416667,0.9978648693749055,0,0.00033,sector_b
2159.80555556,0.9982991653970896,0,0.00033,sector_b
2159.80694444,0.9979081932262891,0,0.00033,sector_b
2159.80833333,0.9975793994496976,0,0.00033,sector_b
2159.80972222,0.9974416678998755,0,0.00033,sector_b
2159.81111111,0.997830243015751,0,0.00033,sector_b
2159.8125,0.9979221162340725,0,0.00033,sector_b
2159.81388889,0.9979103893866326,0,0.00033,sector_b
2159.81527778,0.9976718392841634,0,0.00033,sector_b
2159.81666667,0.9975877856007083,0,0.00033,sector_b
2159.81805556,0.9979028486190561,0,0.00033,sector_b
2159.81944444,0.997953878633396,0,0.00033,sector_b
2159.82083333,0.9974750389919484,0,0.00033,sector_b
2159.82222222,0.9975504382795752,0,0.00033,sector_b
2159.82361111,0.9976309914695962,0,0.00033,sector_b
2159.825,0.9979945519909448,0,0.00033,sector_b
2159.82638889,0.9982373919150362,0,0.00033,sector_b
2159.82777778,0.9977073016584161,0,0.00033,sector_b
2159.82916667,0.9980213068850472,0,0.00033,sector_b
2159.83055556,0.9976050108999327,0,0.00033,sector_b
2159.83194444,0.9980067588406552,0,0.00033,sector_b
2159.83333333,0.9971182708792565,0,0.00033,sector_b
2159.83472222,0.9976132261188758,0,0.00033,sector_b
2159.83611111,0.9972370460930532,0,0.00033,sector_b
2159.8375,0.9975339182213906,0,0.00033,sector_b
2159.83888889,0.9974705763848266,0,0.00033,sector_b
2159.84027778,0.9977539428326778,0,0.00033,sector_b
2159.84166667,0.9976630018390646,0,0.00033,sector_b
2159.84305556,0.9976142410501738,0,0.00033,sector_b
2159.84444444,0.9975707665160334,0,0.00033,sector_b
2159.84583333,0.997740991146084,0,0.00033,sector_b
2159.84722222,0.9975901954372615,0,0.00033,sector_b
2159.84861111,0.997649111209079,0,0.00033,sector_b
2159.85,0.9971180054278361,0,0.00033,sector_b
2159.85138889,0.9977137930427615,0,0.00033,sector_b
2159.85277778,0.9979188461878877,0,0.00033,sector_b
2159.85416667,0.9972962001287511,0,0.00033,sector_b
2159.85555556,0.9979460621606892,0,0.00033,sector_b
2159.85694444,0.9973553914986585,0,0.00033,sector_b
2159.85833333,0.997402784755227,0,0.00033,sector_b
2159.85972222,0.9977601779049238,0,0.00033,sector_b
2159.86111111,0.9972920779210307,0,0.00033,sector_b
2159.8625,0.9979874038440019,0,0.00033,sector_b
2159.86388889,0.9970279833394194,0,0.00033,sector_b
2159.86527778,0.9977872248691727,0,0.00033,sector_b
2159.86666667,0.9975353321673358,0,0.00033,sector_b
2159.86805556,0.9978414688616706,0,0.00033,sector_b
2159.86944444,0.9974647323847468,0,0.00033,sector_b
2159.87083333,0.9977124027935541,0,0.00033,sector_b
2159.87222222,0.9976093115318636,0,0.00033,sector_b
2159.87361111,0.997220088118649,0,0.00033,sector_b
2159.875,0.9967764585995949,0,0.00033,sector_b
2159.87638889,0.9977297078262128,0,0.00033,sector_b
2159.87777778,0.9976353804884699,0,0.00033,sector_b
2159.87916667,0.9973649176020093,0,0.00033,sector_b
2159.88055556,0.9976967411052063,0,0.00033,sector_b
2159.88194444,0.9973352050291553,0,0.00033,sector_b
2159.88333333,0.9977270370076337,0,0.00033,sector_b
2159.88472222,0.9975042196755,0,0.00033,sector_b
2159.88611111,0.9972792413472938,0,0.00033,sector_b
2159.8875,0.9977302666707746,0,0.00033,sector_b
2159.88888889,0.9976221169212589,0,0.00033,sector_b
2159.89027778,0.997857905542317,0,0.00033,sector_b
2159.89166667,0.9975417073558508,0,0.00033,sector_b
2159.89305556,0.9976092010417569,0,0.00033,sector_b
2159.89444444,0.9971565563519469,0,0.00033,sector_b
2159.89583333,0.997419205157487,0,0.00033,sector_b
2159.89722222,0.997545676758611,0,0.00033,sector_b
2159.89861111,0.99787947799726,0,0.00033,sector_b
2159.9,0.9975511150711777,0,0.00033,sector_b
2159.90138889,0.9978309317128772,0,0.00033,sector_b
2159.90277778,0.9973245653537002,0,0.00033,sector_b
2159.90416667,0.9974522538400101,0,0.00033,sector_b
2159.90555556,0.9974618285454192,0,0.00033,sector_b
2159.90694444,0.9976447658678471,0,0.00033,sector_b
2159.90833333,0.997570978500308,0,0.00033,sector_b
2159.90972222,0.9975506658932997,0,0.00033,sector_b
2159.91111111,0.9978084062272361,0,0.00033,sector_b
2159.9125,0.9978245461681946,0,0.00033,sector_b
2159.91388889,0.9978488528157095,0,0.00033,sector_b
2159.91527778,0.9974146976549637,0,0.00033,sector_b
2159.91666667,0.9973043637993046,0,0.00033,sector_b
2159.91805556,0.997417379428015,0,0.00033,sector_b
2159.91944444,0.9973835971747074,0,0.00033,sector_b
2159.92083333,0.9977465220449184,0,0.00033,sector_b
2159.92222222,0.9973111158208405,0,0.00033,sector_b
2159.92361111,0.997396661298228,0,0.00033,sector_b
2159.925,0.9970748224866404,0,0.00033,sector_b
2159.92638889,0.9973657315253606,0,0.00033,sector_b
2159.92777778,0.9971279095913606,0,0.00033,sector_b
2159.92916667,0.9971620080698691,0,0.00033,sector_b
2159.93055556,0.9973224914368649,0,0.00033,sector_b
2159.93194444,0.9982117584990977,0,0.00033,sector_b
2159.93333333,0.9969961523030647,0,0.00033,sector_b
2159.93472222,0.9973675243886984,0,0.00033,sector_b
2159.93611111,0.9977773184317296,0,0.00033,sector_b
2159.9375,0.9977334315036005,0,0.00033,sector_b
2159.93888889,0.9974495484882493,0,0.00033,sector_b
2159.94027778,0.997380813015101,0,0.00033,sector_b
2159.94166667,0.9966681771727129,0,0.00033,sector_b
2159.94305556,0.9975889854750689,0,0.00033,sector_b
2159.94444444,0.9977121438821276,0,0.00033,sector_b
2159.94583333,0.9967184202035069,0,0.00033,sector_b
2159.94722222,0.9970102724780665,0,0.00033,sector_b
2159.94861111,0.997275510082036,0,0.00033,sector_b
2159.95,0.9969523391651771,0,0.00033,sector_b
2159.95138889,0.9973722806392816,0,0.00033,sector_b
2159.95277778,0.9972970085742618,0,0.00033,sector_b
2159.95416667,0.9973467708192196,0,0.00033,sector_b
2159.95555556,0.9978525248239931,0,0.00033,sector_b
2159.95694444,0.9972108194505934,0,0.00033,sector_b
2159.95833333,0.9971183576872676,0,0.00033,sector_b
2159.95972222,0.996974390420723,0,0.00033,sector_b
2159.96111111,0.9971896961099455,0,0.00033,sector_b
2159.9625,0.9978278115738514,0,0.00033,sector_b
2159.96388889,0.9969362694653102,0,0.00033,sector_b
2159.96527778,0.9969491682480266,0,0.00033,sector_b
2159.96666667,0.9975736913513387,0,0.00033,sector_b
2159.96805556,0.9976263895377419,0,0.00033,sector_b
2159.96944444,0.9969376372544613,0,0.00033,sector_b
2159.97083333,0.9975595253667352,0,0.00033,sector_b
2159.97222222,0.997743030979025,0,0.00033,sector_b
2159.97361111,0.9975763821920599,0,0.00033,sector_b
2159.975,0.9975635697815599,0,0.00033,sector_b
2159.97638889,0.997209164740316,0,0.00033,sector_b
2159.97777778,0.997441762345195,0,0.00033,sector_b
2159.97916667,0.9976740615510313,0,0.00033,sector_b
2159.98055556,0.9968023825172385,0,0.00033,sector_b
2159.98194444,0.9976054897530785,0,0.00033,sector_b
2159.98333333,0.9972660853493436,0,0.00033,sector_b
2159.98472222,0.9972469004329905,0,0.00033,sector_b
2159.98611111,0.9974340346944208,0,0.00033,sector_b
2159.9875,0.9977719079406885,0,0.00033,sector_b
2159.98888889,0.9970124802364396,0,0.00033,sector_b
2159.99027778,0.9971867243427421,0,0.00033,sector_b
2159.99166667,0.9968944577608713,0,0.00033,sector_b
2159.99305556,0.9973930778262295,0,0.00033,sector_b
2159.99444444,0.9972746024825072,0,0.00033,sector_b
2159.99583333,0.9973648762532318,0,0.00033,sector_b
2159.99722222,0.9969545356210463,0,0.00033,sector_b
2159.99861111,0.9972959090575597,0,0.00033,sector_b
2160.0,0.9979653647864789,0,0.00033,sector_b
2160.00138889,0.9970744935902677,0,0.00033,sector_b
2160.00277778,0.9974085846322396,0,0.00033,sector_b
2160.00416667,0.9974136907841427,0,0.00033,sector_b
2160.00555556,0.9969873911841576,0,0.00033,sector_b
2160.00694444,0.9968826828532328,0,0.00033,sector_b
2160.00833333,0.9973127765865556,0,0.00033,sector_b
2160.00972222,0.9971553676501941,0,0.00033,sector_b
2160.01111111,0.996904798217663,0,0.00033,sector_b
2160.0125,0.9974535481521852,0,0.00033,sector_b
2160.01388889,0.9976433541400828,0,0.00033,sector_b
2160.01527778,0.9973198482230253,0,0.00033,sector_b
2160.01666667,0.9975723432122617,0,0.00033,sector_b
2160.01805556,0.9969859299251663,0,0.00033,sector_b
2160.01944444,0.9970835941135372,0,0.00033,sector_b
2160.02083333,0.9973123685286766,0,0.00033,sector_b
2160.02222222,0.9969977233078388,0,0.00033,sector_b
2160.02361111,0.9972900139057239,0,0.00033,sector_b
2160.025,0.9973598213461615,0,0.00033,sector_b
2160.02638889,0.9967685621783815,0,0.00033,sector_b
2160.02777778,0.9974417258200947,0,0.00033,sector_b
2160.02916667,0.9974761894302582,0,0.00033,sector_b
2160.03055556,0.9967743606509958,0,0.00033,sector_b
2160.03194444,0.9970324674784218,0,0.00033,sector_b
2160.03333333,0.9968957854109439,0,0.00033,sector_b
2160.03472222,0.9967469551638948,0,0.00033,sector_b
2160.03611111,0.9968905657722072,0,0.00033,sector_b
2160.0375,0.9975366219696981,0,0.00033,sector_b
2160.03888889,0.9969435271986071,0,0.00033,sector_b
2160.04027778,0.9969838452014892,0,0.00033,sector_b
2160.04166667,0.9971572625629387,0,0.00033,sector_b
2160.04305556,0.9967255375962686,0,0.00033,sector_b
2160.04444444,0.9972773549311469,0,0.00033,sector_b
2160.04583333,0.9970942902881086,0,0.00033,sector_b
2160.04722222,0.9967075440343833,0,0.00033,sector_b
2160.04861111,0.9974318796722141,0,0.00033,sector_b
2160.05,0.99726798082616,0,0.00033,sector_b
2160.05138889,0.997273417338675,0,0.00033,sector_b
2160.05277778,0.9979515736382166,0,0.00033,sector_b
2160.05416667,0.9976462502767328,0,0.00033,sector_b
2160.05555556,0.997120284998548,0,0.00033,sector_b
2160.05694444,0.9973741111008757,0,0.00033,sector_b
2160.05833333,0.9977970795207565,0,0.00033,sector_b
2160.05972222,0.9968900606076578,0,0.00033,sector_b
2160.06111111,0.9968354660261867,0,0.00033,sector_b
2160.0625,0.99759440767389,0,0.00033,sector_b
2160.06388889,0.9964384820880077,0,0.00033,sector_b
2160.06527778,0.9969212783014973,0,0.00033,sector_b
2160.06666667,0.9966871447640818,0,0.00033,sector_b
2160.06805556,0.9969487438963877,0,0.00033,sector_b
2160.06944444,0.9969317834964736,0,0.00033,sector_b
2160.07083333,0.997091900322636,0,0.00033,sector_b
2160.07222222,0.9971220421668092,0,0.00033,sector_b
2160.07361111,0.9973409065755336,0,0.00033,sector_b
2160.075,0.9972831847188651,0,0.00033,sector_b
2160.07638889,0.9963654684738227,0,0.00033,sector_b
2160.07777778,0.9970147765846095,0,0.00033,sector_b
2160.07916667,0.9972690730252699,0,0.00033,sector_b
2160.08055556,0.9970600690724393,0,0.00033,sector_b
2160.08194444,0.9970266513897376,0,0.00033,sector_b
2160.08333333,0.9972011498114954,0,0.00033,sector_b
2160.08472222,0.9971895532653289,0,0.00033,sector_b
2160.08611111,0.9968900209275284,0,0.00033,sector_b
2160.0875,0.9972877764685202,0,0.00033,sector_b
2160.08888889,0.9970201703587038,0,0.00033,sector_b
2160.09027778,0.9969514471149548,0,0.00033,sector_b
2160.09166667,0.9972709595719901,0,0.00033,sector_b
2160.09305556,0.9974969140764364,0,0.00033,sector_b
2160.09444444,0.997212448136405,0,0.00033,sector_b
2160.09583333,0.9969839554587402,0,0.00033,sector_b
2160.09722222,0.9964923626087812,0,0.00033,sector_b
2160.09861111,0.9964088042938513,0,0.00033,sector_b
2160.1,0.9969407605529588,0,0.00033,sector_b
2160.10138889,0.99712180984159,0,0.00033,sector_b
2160.10277778,0.9973168030209424,0,0.00033,sector_b
2160.10416667,0.9974398182620838,0,0.00033,sector_b
2160.10555556,0.9965079284228388,0,0.00033,sector_b
2160.10694444,0.9972258690693319,0,0.00033,sector_b
2160.10833333,0.9967463681774075,0,0.00033,sector_b
2160.10972222,0.9971210499832112,0,0.00033,sector_b
2160.11111111,0.9970728919620566,0,0.00033,sector_b
2160.1125,0.9967420009593034,0,0.00033,sector_b
2160.11388889,0.9972981852598954,0,0.00033,sector_b
2160.11527778,0.9971483097266122,0,0.00033,sector_b
2160.11666667,0.9966929688011645,0,0.00033,sector_b
2160.11805556,0.9973595096715256,0,0.00033,sector_b
2160.11944444,0.9965753025615587,0,0.00033,sector_b
2160.12083333,0.9968575410514781,0,0.00033,sector_b
2160.12222222,0.996706894603592,0,0.00033,sector_b
2160.12361111,0.997256263132607,0,0.00033,sector_b
2160.125,0.9970459617381897,0,0.00033,sector_b
2160.12638889,0.9959677553182421,0,0.00033,sector_b
2160.12777778,0.9967715768806071,0,0.00033,sector_b
2160.12916667,0.9968601525598964,0,0.00033,sector_b
2160.13055556,0.9966284096998181,0,0.00033,sector_b
2160.13194444,0.9969821065903987,0,0.00033,sector_b
2160.13333333,0.9964041628661016,0,0.00033,sector_b
2160.13472222,0.9971856945906806,0,0.00033,sector_b
2160.13611111,0.9968762046148955,0,0.00033,sector_b
2160.1375,0.9967154175163445,0,0.00033,sector_b
2160.13888889,0.9976031468468171,0,0.00033,sector_b
2160.14027778,0.9968021167183356,0,0.00033,sector_b
2160.14166667,0.9967473321832172,0,0.00033,sector_b
2160.14305556,0.9962719415871519,0,0.00033,sector_b
2160.14444444,0.9967232474342472,0,0.00033,sector_b
2160.14583333,0.9965816244161824,0,0.00033,sector_b
2160.14722222,0.9965255739061406,0,0.00033,sector_b
2160.14861111,0.9966206340541275,0,0.00033,sector_b
2160.15,0.9967187801931248,0,0.00033,sector_b
2160.15138889,0.996500933438399,0,0.00033,sector_b
2160.15277778,0.996556082639131,0,0.00033,sector_b
2160.15416667,0.996683800268609,0,0.00033,sector_b
2160.15555556,0.9965287813092468,0,0.00033,sector_b
2160.15694444,0.9972668767563343,0,0.00033,sector_b
2160.15833333,0.9969070535891162,0,0.00033,sector_b
2160.15972222,0.9965469365456258,0,0.00033,sector_b
2160.16111111,0.9970284580978936,0,0.00033,sector_b
2160.1625,0.9973144152903334,0,0.00033,sector_b
2160.16388889,0.9970366516517053,0,0.00033,sector_b
2160.16527778,0.9967784676588292,0,0.00033,sector_b
2160.16666667,0.9966235142456908,0,0.00033,sector_b
2160.16805556,0.9975579479824352,0,0.00033,sector_b
2160.16944444,0.9971182163490335,0,0.00033,sector_b
2160.17083333,0.9967543026589032,0,0.00033,sector_b
2160.17222222,0.9965515902761067,0,0.00033,sector_b
2160.17361111,0.9972448940918057,0,0.00033,sector_b
2160.175,0.9960547008793518,0,0.00033,sector_b
2160.17638889,0.9967526777859579,0,0.00033,sector_b
2160.17777778,0.9971786412700565,0,0.00033,sector_b
2160.17916667,0.9961454253623607,0,0.00033,sector_b
2160.18055556,0.9969793141420009,0,0.00033,sector_b
2160.18194444,0.99699960103124,0,0.00033,sector_b
2160.18333333,0.996304519590514,0,0.00033,sector_b
2160.18472222,0.996142348151208,0,0.00033,sector_b
2160.18611111,0.9965141777633267,0,0.00033,sector_b
2160.1875,0.9966459591405118,0,0.00033,sector_b
2160.18888889,0.9971753479837473,0,0.00033,sector_b
2160.19027778,0.9968338812947857,0,0.00033,sector_b
2160.19166667,0.9967943990912693,0,0.00033,sector_b
2160.19305556,0.9960148018794294,0,0.00033,sector_b
2160.19444444,0.9958888925871567,0,0.00033,sector_b
2160.19583333,0.9965638624198156,0,0.00033,sector_b
2160.19722222,0.9963354237478866,0,0.00033,sector_b
2160.19861111,0.9962869224613802,0,0.00033,sector_b
2160.2,0.996570482153072,0,0.00033,sector_b
2160.20138889,0.9971275946658331,0,0.00033,sector_b
2160.20277778,0.9969370680361123,0,0.00033,sector_b
2160.20416667,0.9958292983944075,0,0.00033,sector_b
2160.20555556,0.9964767010759586,0,0.00033,sector_b
2160.20694444,0.9966970969067036,0,0.00033,sector_b
2160.20833333,0.9969337434713464,0,0.00033,sector_b
2160.20972222,0.9960493430259537,0,0.00033,sector_b
2160.21111111,0.9965977506014116,0,0.00033,sector_b
2160.2125,0.9961990758586785,0,0.00033,sector_b
2160.21388889,0.9968149822458648,0,0.00033,sector_b
2160.21527778,0.9965421194466171,0,0.00033,sector_b
2160.21666667,0.9965210953831075,0,0.00033,sector_b
2160.21805556,0.9964070300669013,0,0.00033,sector_b
2160.21944444,0.9962442016983477,0,0.00033,sector_b
2160.22083333,0.9965009022092529,0,0.00033,sector_b
2160.22222222,0.9966490908498098,0,0.00033,sector_b
2160.22361111,0.9966772981390933,0,0.00033,sector_b
2160.225,0.9964483822875964,0,0.00033,sector_b
2160.22638889,0.9961861380075289,0,0.00033,sector_b
2160.22777778,0.9961294556163943,0,0.00033,sector_b
2160.22916667,0.9964936897956758,0,0.00033,sector_b
2160.23055556,0.9966174103060352,0,0.00033,sector_b
2160.23194444,0.9965681494525389,0,0.00033,sector_b
2160.23333333,0.9971990366887267,0,0.00033,sector_b
2160.23472222,0.9966859122502439,0,0.00033,sector_b
2160.23611111,0.9954686677109712,0,0.00033,sector_b
2160.2375,0.9963140971654928,0,0.00033,sector_b
2160.23888889,0.9970318572179502,0,0.00033,sector_b
2160.24027778,0.9966938592968692,0,0.00033,sector_b
2160.24166667,0.9961751947500184,0,0.00033,sector_b
2160.24305556,0.9964881020181745,0,0.00033,sector_b
2160.24444444,0.996643193425124,0,0.00033,sector_b
2160.24583333,0.9966325459394076,0,0.00033,sector_b
2160.24722222,0.9967105382153318,0,0.00033,sector_b
2160.24861111,0.9963265374591581,0,0.00033,sector_b
2160.25,0.9962915728918785,0,0.00033,sector_b
2160.25138889,0.9961706591739858,0,0.00033,sector_b
2160.25277778,0.9964873746067097,0,0.00033,sector_b
2160.25416667,0.996653108639211,0,0.00033,sector_b
2160.25555556,0.9960107652771066,0,0.00033,sector_b
2160.25694444,0.9966025188970996,0,0.00033,sector_b
2160.25833333,0.996293855977458,0,0.00033,sector_b
2160.25972222,0.9963999667076173,0,0.00033,sector_b
2160.26111111,0.9967381541285898,0,0.00033,sector_b
2160.2625,0.996316061988994,0,0.00033,sector_b
2160.26388889,0.9958284322972657,0,0.00033,sector_b
2160.26527778,0.9961266379830459,0,0.00033,sector_b
2160.26666667,0.9965113607939825,0,0.00033,sector_b
2160.26805556,0.9965718085950472,0,0.00033,sector_b
2160.26944444,0.9962461049078949,0,0.00033,sector_b
2160.27083333,0.9963298610562895,0,0.00033,sector_b
2160.27222222,0.9968926203774809,0,0.00033,sector_b
2160.27361111,0.9964103112235817,0,0.00033,sector_b
2160.275,0.9968140626193747,0,0.00033,sector_b
2160.27638889,0.9966056324216799,0,0.00033,sector_b
2160.27777778,0.9960648449091334,0,0.00033,sector_b
2160.27916667,0.9963637509530162,0,0.00033,sector_b
2160.28055556,0.9958475333022027,0,0.00033,sector_b
2160.28194444,0.9966467863046355,0,0.00033,sector_b
2160.28333333,0.9963316571097471,0,0.00033,sector_b
2160.28472222,0.9960664286635673,4096,0.00033,sector_b
2160.28611111,0.9967167119746524,0,0.00033,sector_b
2160.2875,0.9965666909672979,0,0.00033,sector_b
2160.28888889,0.9961337162645154,0,0.00033,sector_b
2160.29027778,0.9963671370102475,0,0.00033,sector_b
2160.29166667,0.9961035428947609,0,0.00033,sector_b
2160.29305556,0.9964746058413307,0,0.00033,sector_b
2160.29444444,0.996462154877704,0,0.00033,sector_b
2160.29583333,0.9959201567112294,0,0.00033,sector_b
2160.29722222,0.9964297261315462,0,0.00033,sector_b
2160.29861111,0.9966063484695303,0,0.00033,sector_b
2160.3,0.9966698082237068,0,0.00033,sector_b
2160.30138889,0.9964187655255253,0,0.00033,sector_b
2160.30277778,0.9962728845189668,0,0.00033,sector_b
2160.30416667,0.9969321669537814,0,0.00033,sector_b
2160.30555556,0.9962902474886732,0,0.00033,sector_b
2160.30694444,0.9962630634184746,0,0.00033,sector_b
2160.30833333,0.9964819996856307,0,0.00033,sector_b
2160.30972222,0.9965987514332778,0,0.00033,sector_b
2160.31111111,0.9960083101706431,0,0.00033,sector_b
2160.3125,0.9967220406112626,0,0.00033,sector_b
2160.31388889,0.996150576790001,0,0.00033,sector_b
2160.31527778,0.9963646204410797,0,0.00033,sector_b
2160.31666667,0.9963888111310734,0,0.00033,sector_b
2160.31805556,0.9959019657946355,0,0.00033,sector_b
2160.31944444,0.9961379155900254,0,0.00033,sector_b
2160.32083333,0.9963350382272481,0,0.00033,sector_b
2160.32222222,0.9963922741834741,0,0.00033,sector_b
2160.32361111,0.9966725524107704,0,0.00033,sector_b
2160.325,0.9961959420367196,0,0.00033,sector_b
2160.32638889,0.9968189970486869,0,0.00033,sector_b
2160.32777778,0.9959364861228742,0,0.00033,sector_b
2160.32916667,0.9958016791763934,0,0.00033,sector_b
2160.33055556,0.9952521302637822,0,0.00033,sector_b
2160.33194444,0.9962535918498336,0,0.00033,sector_b
2160.33333333,0.9956143005942893,0,0.00033,sector_b
2160.33472222,0.9959582256361469,0,0.00033,sector_b
2160.33611111,0.9964865698643102,0,0.00033,sector_b
2160.3375,0.9965822968609397,0,0.00033,sector_b
2160.33888889,0.9960742062354174,0,0.00033,sector_b
2160.34027778,0.9967168997450859,0,0.00033,sector_b
2160.34166667,0.9962421559348186,0,0.00033,sector_b
2160.34305556,0.995944453570092,0,0.00033,sector_b
2160.34444444,0.9966133843311763,0,0.00033,sector_b
2160.34583333,0.9963247803311989,0,0.00033,sector_b
2160.34722222,0.996216647339378,0,0.00033,sector_b
2160.34861111,0.996214686308978,0,0.00033,sector_b
2160.35,0.9958863784978106,0,0.00033,sector_b
2160.35138889,0.9965044560194243,0,0.00033,sector_b
2160.35277778,0.996394299847528,0,0.00033,sector_b
2160.35416667,0.9959796228453976,0,0.00033,sector_b
2160.35555556,0.9958296398408217,0,0.00033,sector_b
2160.35694444,0.9963905825869095,0,0.00033,sector_b
2160.35833333,0.9958135169154732,0,0.00033,sector_b
2160.35972222,0.9968983817894873,0,0.00033,sector_b
2160.36111111,0.996416291832284,0,0.00033,sector_b
2160.3625,0.9956903844923206,0,0.00033,sector_b
2160.36388889,0.9958661873361897,0,0.00033,sector_b
2160.36527778,0.9965500223095316,0,0.00033,sector_b
2160.36666667,0.9961374571324281,0,0.00033,sector_b
2160.36805556,0.9964417877372433,0,0.00033,sector_b
2160.36944444,0.9962903054096008,0,0.00033,sector_b
2160.37083333,0.9962340285809904,0,0.00033,sector_b
2160.37222222,0.9957133293316542,0,0.00033,sector_b
2160.37361111,0.995779541396506,0,0.00033,sector_b
2160.375,0.9960245361331211,0,0.00033,sector_b
2160.37638889,0.9962291606031859,0,0.00033,sector_b
2160.37777778,0.9959279337047219,0,0.00033,sector_b
2160.37916667,0.995445271005095,0,0.00033,sector_b
2160.38055556,0.9957873015153197,0,0.00033,sector_b
2160.38194444,0.9963491160682532,0,0.00033,sector_b
2160.38333333,0.9959564915700831,0,0.00033,sector_b
2160.38472222,0.9957762157468528,0,0.00033,sector_b
2160.38611111,0.9959178079565127,0,0.00033,sector_b
2160.3875,0.9960333838999113,0,0.00033,sector_b
2160.38888889,0.9960931801371271,0,0.00033,sector_b
2160.39027778,0.9959023571027014,0,0.00033,sector_b
2160.39166667,0.9959824022652138,0,0.00033,sector_b
2160.39305556,0.9958892886831939,0,0.00033,sector_b
2160.39444444,0.9966609432700455,0,0.00033,sector_b
2160.39583333,0.9959614448699973,0,0.00033,sector_b
2160.39722222,0.9965829572088839,0,0.00033,sector_b
2160.39861111,0.9959590533723139,0,0.00033,sector_b
