time_mjd,flux,quality_flag,flux_err,sector
2144.51963339,1.0008649305006105,0,0.00033,sector_a
2144.52102228,1.000444992158178,0,0.00033,sector_a
2144.52241117,1.0005268476991014,0,0.00033,sector_a
2144.52380006,1.0007959872618224,0,0.00033,sector_a
2144.52518895,1.0007061100081642,0,0.00033,sector_a
2144.52657783,1.0006376507601455,0,0.00033,sector_a
2144.52796672,1.0003410830167425,0,0.00033,sector_a
2144.52935561,1.0001464110996667,0,0.00033,sector_a
2144.5307445,1.0006028578000605,0,0.00033,sector_a
2144.53213339,1.0003286898917736,0,0.00033,sector_a
2144.53352228,1.0007672653168047,0,0.00033,sector_a
2144.53491117,1.0005801848309663,0,0.00033,sector_a
2144.53630006,1.000284122464787,0,0.00033,sector_a
2144.53768895,1.0006183219723994,0,0.00033,sector_a
2144.53907783,1.0007696207594663,0,0.00033,sector_a
2144.54046672,1.000609522575964,0,0.00033,sector_a
2144.54185561,1.0003123270776448,0,0.00033,sector_a
2144.5432445,1.0006567274173788,0,0.00033,sector_a
2144.54463339,1.0006970555089967,0,0.00033,sector_a
2144.54602228,1.000856619606562,0,0.00033,sector_a
2144.54741117,1.0008339311802699,0,0.00033,sector_a
2144.54880006,1.0003222700948915,0,0.00033,sector_a
2144.55018895,1.000463657793581,0,0.00033,sector_a
2144.55157783,1.0008268046585505,0,0.00033,sector_a
2144.55296672,1.0000997509601977,0,0.00033,sector_a
2144.55435561,1.0009017527198738,0,0.00033,sector_a
2144.5557445,1.0003944466350605,0,0.00033,sector_a
2144.55713339,1.0005381331829732,0,0.00033,sector_a
2144.55852228,1.0011450006276208,0,0.00033,sector_a
2144.55991117,1.0006725274334016,0,0.00033,sector_a
2144.56130006,1.0006065903683683,0,0.00033,sector_a
2144.56268895,1.000803273232774,0,0.00033,sector_a
2144.56407783,1.0006931875312775,0,0.00033,sector_a
2144.56546672,1.000532987510764,0,0.00033,sector_a
2144.56685561,1.0008232608554415,0,0.00033,sector_a
2144.5682445,1.0014371195558593,0,0.00033,sector_a
2144.56963339,1.0010576429163869,0,0.00033,sector_a
2144.57102228,1.0009135174707702,0,0.00033,sector_a
2144.57241117,1.0008657445993931,0,0.00033,sector_a
2144.57380006,1.0010487316147516,0,0.00033,sector_a
2144.57518895,1.0010031721944206,0,0.00033,sector_a
2144.57657783,1.0005393328088843,0,0.00033,sector_a
2144.57796672,1.0009857704113863,0,0.00033,sector_a
2144.57935561,1.0008502510117794,0,0.00033,sector_a
2144.5807445,1.0013926313706745,0,0.00033,sector_a
2144.58213339,1.0007860345744453,0,0.00033,sector_a
2144.58352228,1.00126416364904,4096,0.00033,sector_a
2144.58491117,1.0005038009688831,0,0.00033,sector_a
2144.58630006,1.0009837716730767,0,0.00033,sector_a
2144.58768895,1.000665997303158,0,0.00033,sector_a
2144.58907783,1.0006229150061507,0,0.00033,sector_a
2144.59046672,1.0011649966349017,0,0.00033,sector_a
2144.59185561,1.000609103977206,0,0.00033,sector_a
2144.5932445,1.0008895300569265,0,0.00033,sector_a
2144.59463339,1.0007191048508062,0,0.00033,sector_a
2144.59602228,1.001080448105041,0,0.00033,sector_a
2144.59741117,1.0010526041918448,0,0.00033,sector_a
2144.59880006,1.0002810481267956,0,0.00033,sector_a
2144.60018895,1.0012082010331247,0,0.00033,sector_a
2144.60157783,1.000798794616128,0,0.00033,sector_a
2144.60296672,1.0016463051379023,0,0.00033,sector_a
2144.60435561,1.0012967732219267,0,0.00033,sector_a
2144.6057445,1.0013299510647773,0,0.00033,sector_a
2144.60713339,1.0002810113548646,0,0.00033,sector_a
2144.60852228,1.0016050212605814,0,0.00033,sector_a
2144.60991117,1.0010753034154978,0,0.00033,sector_a
2144.61130006,1.0006477328771002,0,0.00033,sector_a
2144.61268895,1.0011801554965585,0,0.00033,sector_a
2144.61407783,1.0014994234000922,0,0.00033,sector_a
2144.61546672,1.0006002995351866,0,0.00033,sector_a
2144.61685561,1.0014459662142594,0,0.00033,sector_a
2144.6182445,1.001019694361959,0,0.00033,sector_a
2144.61963339,1.0009538963661992,0,0.00033,sector_a
2144.62102228,1.0010090496752517,0,0.00033,sector_a
2144.62241117,1.0008922550415196,0,0.00033,sector_a
2144.62380006,1.0012239949006998,0,0.00033,sector_a
2144.62518895,1.0012492985386625,0,0.00033,sector_a
2144.62657783,1.001506836495722,0,0.00033,sector_a
2144.62796672,1.0016289339200626,0,0.00033,sector_a
2144.62935561,1.0011001556243884,0,0.00033,sector_a
2144.6307445,1.0015473858024306,0,0.00033,sector_a
2144.63213339,1.000857011323004,0,0.00033,sector_a
2144.63352228,1.0014294188644668,0,0.00033,sector_a
2144.63491117,1.0008970632389462,0,0.00033,sector_a
2144.63630006,1.0010741130674348,0,0.00033,sector_a
2144.63768895,1.0014486083278673,0,0.00033,sector_a
2144.63907783,1.0010390528668855,0,0.00033,sector_a
2144.64046672,1.0014323481478624,0,0.00033,sector_a
2144.64185561,1.0008347585422324,0,0.00033,sector_a
2144.6432445,1.0010772223713582,0,0.00033,sector_a
2144.64463339,1.0014746784669877,0,0.00033,sector_a
2144.64602228,1.0017857690626253,0,0.00033,sector_a
2144.64741117,1.0009676254013231,0,0.00033,sector_a
2144.64880006,1.0018281521204775,0,0.00033,sector_a
2144.65018895,1.0014292008665888,0,0.00033,sector_a
2144.65157783,1.0020609742206594,0,0.00033,sector_a
2144.65296672,1.001272567399314,0,0.00033,sector_a
2144.65435561,1.0012193347621372,0,0.00033,sector_a
2144.6557445,1.0014874542063754,0,0.00033,sector_a
2144.65713339,1.0010603698268494,0,0.00033,sector_a
2144.65852228,1.001445351938781,0,0.00033,sector_a
2144.65991117,1.0013961804553488,0,0.00033,sector_a
2144.66130006,1.0018376891338185,0,0.00033,sector_a
2144.66268895,1.001542033061857,0,0.00033,sector_a
2144.66407783,1.0010559311060725,0,0.00033,sector_a
2144.66546672,1.0010480709921357,0,0.00033,sector_a
2144.66685561,1.0011674964983883,0,0.00033,sector_a
2144.6682445,1.000834293662455,0,0.00033,sector_a
2144.66963339,1.0008171458535038,0,0.00033,sector_a
2144.67102228,1.0021533615771168,0,0.00033,sector_a
2144.67241117,1.0012457671278545,0,0.00033,sector_a
2144.67380006,1.001916279789351,0,0.00033,sector_a
2144.67518895,1.001293631585288,0,0.00033,sector_a
2144.67657783,1.001408342391282,2048,0.00033,sector_a
2144.67796672,1.0010116887799771,0,0.00033,sector_a
2144.67935561,1.001949768539423,0,0.00033,sector_a
2144.6807445,1.001442214258758,0,0.00033,sector_a
2144.68213339,1.0020964662398866,0,0.00033,sector_a
2144.68352228,1.0013653739348822,0,0.00033,sector_a
2144.68491117,1.0019973607424548,0,0.00033,sector_a
2144.68630006,1.0020707655898358,0,0.00033,sector_a
2144.68768895,1.0011440878330529,0,0.00033,sector_a
2144.68907783,1.001767190406618,0,0.00033,sector_a
2144.69046672,1.001311106202562,0,0.00033,sector_a
2144.69185561,1.0012816137843237,0,0.00033,sector_a
2144.6932445,1.0016911064391614,0,0.00033,sector_a
2144.69463339,1.001918026588809,0,0.00033,sector_a
2144.69602228,1.0020970053488067,0,0.00033,sector_a
2144.69741117,1.0015753555410272,0,0.00033,sector_a
2144.69880006,1.0020039505436327,0,0.00033,sector_a
2144.70018895,1.0018788026777412,0,0.00033,sector_a
2144.70157783,1.0017081854848044,0,0.00033,sector_a
2144.70296672,1.0014236224555355,0,0.00033,sector_a
2144.70435561,1.0017436120849255,0,0.00033,sector_a
2144.7057445,1.0028485278820074,0,0.00033,sector_a
2144.70713339,1.001455987166362,0,0.00033,sector_a
2144.70852228,1.0017060867942658,0,0.00033,sector_a
2144.70991117,1.0014878500638718,0,0.00033,sector_a
2144.71130006,1.002213018240654,0,0.00033,sector_a
2144.71268895,1.0023585966131288,0,0.00033,sector_a
2144.71407783,1.002221625438169,0,0.00033,sector_a
2144.71546672,1.0024340896530628,0,0.00033,sector_a
2144.71685561,1.001793747244618,0,0.00033,sector_a
2144.7182445,1.00235711025296,0,0.00033,sector_a
2144.71963339,1.0015766552031944,0,0.00033,sector_a
2144.72102228,1.00233827702817,0,0.00033,sector_a
2144.72241117,1.0023275444182969,2048,0.00033,sector_a
2144.72380006,1.0016688366095199,0,0.00033,sector_a
2144.72518895,1.002174703241606,0,0.00033,sector_a
2144.72657783,1.0015439989016621,0,0.00033,sector_a
2144.72796672,1.0014510917160975,0,0.00033,sector_a
2144.72935561,1.0014637130720847,0,0.00033,sector_a
2144.7307445,1.0015642511863108,0,0.00033,sector_a
2144.73213339,1.0015619366976962,0,0.00033,sector_a
2144.73352228,1.0018978385590918,0,0.00033,sector_a
2144.73491117,1.0024955882209845,0,0.00033,sector_a
2144.73630006,1.001871230346299,0,0.00033,sector_a
2144.73768895,1.0016920068818556,0,0.00033,sector_a
2144.73907783,1.0021875359300987,0,0.00033,sector_a
2144.74046672,1.0019021237474481,0,0.00033,sector_a
2144.74185561,1.0020194832936333,0,0.00033,sector_a
2144.7432445,1.00212593972135,0,0.00033,sector_a
2144.74463339,1.0021486031031144,0,0.00033,sector_a
2144.74602228,1.0018010890875997,0,0.00033,sector_a
2144.74741117,1.0019505858980873,0,0.00033,sector_a
2144.74880006,1.0023357424828443,0,0.00033,sector_a
2144.75018895,1.0019288546856762,0,0.00033,sector_a
2144.75157783,1.0019815427159802,0,0.00033,sector_a
2144.75296672,1.0021655373950729,0,0.00033,sector_a
2144.75435561,1.0022120172609896,0,0.00033,sector_a
2144.7557445,1.0019865233267657,0,0.00033,sector_a
2144.75713339,1.0022765073798612,0,0.00033,sector_a
2144.75852228,1.0021049630442032,0,0.00033,sector_a
2144.75991117,1.0016986877204888,0,0.00033,sector_a
2144.76130006,1.002333582064407,4096,0.00033,sector_a
2144.76268895,1.0018588446687327,0,0.00033,sector_a
2144.76407783,1.003124987490199,0,0.00033,sector_a
2144.76546672,1.0022489907608167,0,0.00033,sector_a
2144.76685561,1.0020765999327579,0,0.00033,sector_a
2144.7682445,1.0024481992410021,0,0.00033,sector_a
2144.76963339,1.0026543638848593,0,0.00033,sector_a
2144.77102228,1.0026804132964826,0,0.00033,sector_a
2144.77241117,1.0023035792237611,0,0.00033,sector_a
2144.77380006,1.0025587291594247,0,0.00033,sector_a
2144.77518895,1.0024516965862988,0,0.00033,sector_a
2144.77657783,1.0022654329630636,0,0.00033,sector_a
2144.77796672,1.0017629134476735,0,0.00033,sector_a
2144.77935561,1.002263656728349,0,0.00033,sector_a
2144.7807445,1.0014445565302774,0,0.00033,sector_a
2144.78213339,1.0019924714919628,0,0.00033,sector_a
2144.78352228,1.0027212046119085,0,0.00033,sector_a
2144.78491117,1.0023525656347618,0,0.00033,sector_a
2144.78630006,1.0022912956855092,0,0.00033,sector_a
2144.78768895,1.0020355380443415,0,0.00033,sector_a
2144.78907783,1.0020510306876365,0,0.00033,sector_a
2144.79046672,1.0021149639296194,0,0.00033,sector_a
2144.79185561,1.0018986159990642,0,0.00033,sector_a
2144.7932445,1.0016266080757885,0,0.00033,sector_a
2144.79463339,1.002692555630458,0,0.00033,sector_a
2144.79602228,1.0029013397704554,0,0.00033,sector_a
2144.79741117,1.002177769785057,0,0.00033,sector_a
2144.79880006,1.0026368281575853,0,0.00033,sector_a
2144.80018895,1.0020066372261507,0,0.00033,sector_a
2144.80157783,1.0025225363539236,0,0.00033,sector_a
2144.80296672,1.0019766962705974,0,0.00033,sector_a
2144.80435561,1.002720741939324,0,0.00033,sector_a
2144.8057445,1.0024561215552243,0,0.00033,sector_a
2144.80713339,1.0020405806948918,0,0.00033,sector_a
2144.80852228,1.0026337928164861,0,0.00033,sector_a
2144.80991117,1.0029961133609668,0,0.00033,sector_a
2144.81130006,1.002479207871438,0,0.00033,sector_a
2144.81268895,1.002473857888085,0,0.00033,sector_a
2144.81407783,1.0025000114714862,0,0.00033,sector_a
2144.81546672,1.0025462321445078,0,0.00033,sector_a
2144.81685561,1.0029157455835425,0,0.00033,sector_a
2144.8182445,1.0029385263087633,0,0.00033,sector_a
2144.81963339,1.0018598059967792,0,0.00033,sector_a
2144.82102228,1.0029311493099435,0,0.00033,sector_a
2144.82241117,1.0024888687716846,0,0.00033,sector_a
2144.82380006,1.003097090320239,0,0.00033,sector_a
2144.82518895,1.0027205797885708,0,0.00033,sector_a
2144.82657783,1.002890906779892,0,0.00033,sector_a
2144.82796672,1.0024276390989444,0,0.00033,sector_a
2144.82935561,1.002173031652814,0,0.00033,sector_a
2144.8307445,1.0026882433482955,0,0.00033,sector_a
2144.83213339,1.0029296928638674,0,0.00033,sector_a
2144.83352228,1.0028661642109529,0,0.00033,sector_a
2144.83491117,1.0028906655589995,0,0.00033,sector_a
2144.83630006,1.002721817728316,0,0.00033,sector_a
2144.83768895,1.0028891916453795,0,0.00033,sector_a
2144.83907783,1.0024040475251499,0,0.00033,sector_a
2144.84046672,1.0026318756931658,0,0.00033,sector_a
2144.84185561,1.002188542341877,0,0.00033,sector_a
2144.8432445,1.0026793661436249,0,0.00033,sector_a
2144.84463339,1.0026067643937695,0,0.00033,sector_a
2144.84602228,1.002732747375699,0,0.00033,sector_a
2144.84741117,1.0030593312728806,0,0.00033,sector_a
2144.84880006,1.0027549168238474,0,0.00033,sector_a
2144.85018895,1.0018134954352769,0,0.00033,sector_a
2144.85157783,1.003192898806447,0,0.00033,sector_a
2144.85296672,1.0028121746113807,0,0.00033,sector_a
2144.85435561,1.0030215591193838,0,0.00033,sector_a
2144.8557445,1.0025283188145995,0,0.00033,sector_a
2144.85713339,1.003056720371503,0,0.00033,sector_a
2144.85852228,1.0032925448409502,0,0.00033,sector_a
2144.85991117,1.00229218365175,0,0.00033,sector_a
2144.86130006,1.0032140097579663,0,0.00033,sector_a
2144.86268895,1.0014096503200363,0,0.00033,sector_a
2144.86407783,1.0014720850045382,0,0.00033,sector_a
2144.86546672,1.0017288190099543,0,0.00033,sector_a
2144.86685561,1.0024066905446831,0,0.00033,sector_a
2144.8682445,1.0011675638128532,0,0.00033,sector_a
2144.86963339,1.0015517673982102,0,0.00033,sector_a
2144.87102228,1.0017794266942672,0,0.00033,sector_a
2144.87241117,1.0019844343048772,0,0.00033,sector_a
2144.87380006,1.001748464561083,0,0.00033,sector_a
2144.87518895,1.0019320723989407,0,0.00033,sector_a
2144.87657783,1.0014716511032205,0,0.00033,sector_a
2144.87796672,1.0020610980360745,0,0.00033,sector_a
2144.87935561,1.0021609311407929,0,0.00033,sector_a
2144.8807445,1.0014783066959476,0,0.00033,sector_a
2144.88213339,1.0015885610828679,0,0.00033,sector_a
2144.88352228,1.001978363800648,0,0.00033,sector_a
2144.88491117,1.0019673481127223,0,0.00033,sector_a
2144.88630006,1.0020398462362126,0,0.00033,sector_a
2144.88768895,1.0014870189527196,0,0.00033,sector_a
2144.88907783,1.0017625783675401,0,0.00033,sector_a
2144.89046672,1.0017406586834994,0,0.00033,sector_a
2144.89185561,1.0023442389826351,0,0.00033,sector_a
2144.8932445,1.0018869759585545,0,0.00033,sector_a
2144.89463339,1.0017643847356779,0,0.00033,sector_a
2144.89602228,1.0016443224763258,0,0.00033,sector_a
2144.89741117,1.0019457180301352,0,0.00033,sector_a
2144.89880006,1.002338903517283,0,0.00033,sector_a
2144.90018895,1.0014641842639096,0,0.00033,sector_a
2144.90157783,1.0020106935903357,0,0.00033,sector_a
2144.90296672,1.0021469999935018,0,0.00033,sector_a
2144.90435561,1.0026336546648285,0,0.00033,sector_a
2144.9057445,1.0022210127236182,0,0.00033,sector_a
2144.90713339,1.0024473896046886,0,0.00033,sector_a
2144.90852228,1.002034564602575,0,0.00033,sector_a
2144.90991117,1.0015812428889175,0,0.00033,sector_a
2144.91130006,1.0015799390158024,0,0.00033,sector_a
2144.91268895,1.0018159666782673,0,0.00033,sector_a
2144.91407783,1.0021008181336242,0,0.00033,sector_a
2144.91546672,1.0019735820279876,0,0.00033,sector_a
2144.91685561,1.0019248178174476,0,0.00033,sector_a
2144.9182445,1.0026685712041044,0,0.00033,sector_a
2144.91963339,1.0013211974430476,0,0.00033,sector_a
2144.92102228,1.0017645557143346,0,0.00033,sector_a
2144.92241117,1.0028846136363392,0,0.00033,sector_a
2144.92380006,1.0022210977038697,0,0.00033,sector_a
2144.92518895,1.0019141957263837,0,0.00033,sector_a
2144.92657783,1.0017774332391776,0,0.00033,sector_a
2144.92796672,1.0024090753899835,0,0.00033,sector_a
2144.92935561,1.0023840281436358,0,0.00033,sector_a
2144.9307445,1.0024292281635827,0,0.00033,sector_a
2144.93213339,1.0017582659788018,0,0.00033,sector_a
2144.93352228,1.0022293843797683,0,0.00033,sector_a
2144.93491117,1.0021238450079535,0,0.00033,sector_a
2144.93630006,1.0023471937937476,0,0.00033,sector_a
2144.93768895,1.0016914370499341,0,0.00033,sector_a
2144.93907783,1.0024144739542007,0,0.00033,sector_a
2144.94046672,1.0027274384050069,0,0.00033,sector_a
2144.94185561,1.0017985131468161,0,0.00033,sector_a
2144.9432445,1.002532848919646,0,0.00033,sector_a
2144.94463339,1.002800410198475,0,0.00033,sector_a
2144.94602228,1.0025554894105926,0,0.00033,sector_a
2144.94741117,1.0022631066513685,0,0.00033,sector_a
2144.94880006,1.0023302204478766,2048,0.00033,sector_a
2144.95018895,1.0021259753772207,0,0.00033,sector_a
2144.95157783,1.0023781834263086,0,0.00033,sector_a
2144.95296672,1.0019797038160396,0,0.00033,sector_a
2144.95435561,1.0023430942386127,0,0.00033,sector_a
2144.9557445,1.0020627103402617,0,0.00033,sector_a
2144.95713339,1.0018745265129558,0,0.00033,sector_a
2144.95852228,1.0028386615642433,0,0.00033,sector_a
2144.95991117,1.001762392174807,0,0.00033,sector_a
2144.96130006,1.0029499303845797,0,0.00033,sector_a
2144.96268895,1.001675427013004,0,0.00033,sector_a
2144.96407783,1.0026933876617652,0,0.00033,sector_a
2144.96546672,1.0024602960838254,0,0.00033,sector_a
2144.96685561,1.001884543396197,0,0.00033,sector_a
2144.9682445,1.0022531735172533,0,0.00033,sector_a
2144.96963339,1.0020962942208773,0,0.00033,sector_a
2144.97102228,1.0021269852570227,0,0.00033,sector_a
2144.97241117,1.0027304646696518,0,0.00033,sector_a
2144.97380006,1.0020725762489335,0,0.00033,sector_a
2144.97518895,1.0018391235460276,0,0.00033,sector_a
2144.97657783,1.0028334361110562,0,0.00033,sector_a
2144.97796672,1.0026072966718984,0,0.00033,sector_a
2144.97935561,1.0024906498465376,0,0.00033,sector_a
2144.9807445,1.0024070416589934,0,0.00033,sector_a
2144.98213339,1.0027337373409302,0,0.00033,sector_a
2144.98352228,1.0026375699105512,0,0.00033,sector_a
2144.98491117,1.0024888807321668,0,0.00033,sector_a
2144.98630006,1.002343365611093,0,0.00033,sector_a
2144.98768895,1.002893670472423,0,0.00033,sector_a
2144.98907783,1.0030250799738145,0,0.00033,sector_a
2144.99046672,1.0027147467855029,0,0.00033,sector_a
2144.99185561,1.00354314895189,0,0.00033,sector_a
2144.9932445,1.0026539664723684,0,0.00033,sector_a
2144.99463339,1.0026497744527023,0,0.00033,sector_a
2144.99602228,1.0030917817438232,0,0.00033,sector_a
2144.99741117,1.002703222467577,0,0.00033,sector_a
2144.99880006,1.0027014759796793,0,0.00033,sector_a
2145.00018895,1.002509527523452,0,0.00033,sector_a
2145.00157783,1.0027900632817053,0,0.00033,sector_a
2145.00296672,1.0032166655875974,0,0.00033,sector_a
2145.00435561,1.0035350574521253,0,0.00033,sector_a
2145.0057445,1.0034298569905393,0,0.00033,sector_a
2145.00713339,1.0030796714408121,0,0.00033,sector_a
2145.00852228,1.0041529670253353,0,0.00033,sector_a
2145.00991117,1.003699725970602,0,0.00033,sector_a
2145.01130006,1.0035298949368485,0,0.00033,sector_a
2145.01268895,1.0039482464887686,0,0.00033,sector_a
2145.01407783,1.0034291693579909,0,0.00033,sector_a
2145.01546672,1.0041344230791922,0,0.00033,sector_a
2145.01685561,1.0043090707568363,0,0.00033,sector_a
2145.0182445,1.0033953535827302,0,0.00033,sector_a
2145.01963339,1.004255188701609,0,0.00033,sector_a
2145.02102228,1.0039445552610453,0,0.00033,sector_a
2145.02241117,1.0042554639969743,0,0.00033,sector_a
2145.02380006,1.0039602399091412,0,0.00033,sector_a
2145.02518895,1.0036299714246717,0,0.00033,sector_a
2145.02657783,1.0033946787256194,0,0.00033,sector_a
2145.02796672,1.0035607926523666,0,0.00033,sector_a
2145.02935561,1.003767667405192,0,0.00033,sector_a
2145.0307445,1.0042823582300904,0,0.00033,sector_a
2145.03213339,1.0041550666774135,0,0.00033,sector_a
2145.03352228,1.0040555821583286,0,0.00033,sector_a
2145.03491117,1.004442880820784,0,0.00033,sector_a
2145.03630006,1.0033767750976745,0,0.00033,sector_a
2145.03768895,1.0036019199912574,0,0.00033,sector_a
2145.03907783,1.003620649810558,0,0.00033,sector_a
2145.04046672,1.0040231376058935,0,0.00033,sector_a
2145.04185561,1.0034689295185937,0,0.00033,sector_a
2145.0432445,1.0038287900124314,0,0.00033,sector_a
2145.04463339,1.0044713394847158,0,0.00033,sector_a
2145.04602228,1.0043607436485409,0,0.00033,sector_a
2145.04741117,1.0045478420447573,0,0.00033,sector_a
2145.04880006,1.0038699475914485,0,0.00033,sector_a
2145.05018895,1.0037281729118315,0,0.00033,sector_a
2145.05157783,1.0041590598159293,0,0.00033,sector_a
2145.05296672,1.0037804691607373,0,0.00033,sector_a
2145.05435561,1.0040601141099301,0,0.00033,sector_a
2145.0557445,1.004054013484195,0,0.00033,sector_a
2145.05713339,1.0042802999023965,0,0.00033,sector_a
2145.05852228,1.0045825575599239,0,0.00033,sector_a
2145.05991117,1.0045746415695058,0,0.00033,sector_a
2145.06130006,1.0044372038363885,0,0.00033,sector_a
2145.06268895,1.0040754387133959,0,0.00033,sector_a
2145.06407783,1.0043653338202947,0,0.00033,sector_a
2145.06546672,1.004036324726251,0,0.00033,sector_a
2145.06685561,1.0038721110938127,0,0.00033,sector_a
2145.0682445,1.0036826937708523,0,0.00033,sector_a
2145.06963339,1.0039993007153643,0,0.00033,sector_a
2145.07102228,1.0043573626070639,0,0.00033,sector_a
2145.07241117,1.0044258279695195,0,0.00033,sector_a
2145.07380006,1.0042259222694108,0,0.00033,sector_a
2145.07518895,1.004409746416697,0,0.00033,sector_a
2145.07657783,1.004046394609439,0,0.00033,sector_a
2145.07796672,1.0047792050043898,0,0.00033,sector_a
2145.07935561,1.0042963891197028,0,0.00033,sector_a
2145.0807445,1.0041523554271614,0,0.00033,sector_a
2145.08213339,1.0044807149424628,0,0.00033,sector_a
2145.08352228,1.0042237228989324,0,0.00033,sector_a
2145.08491117,1.0043915898794094,0,0.00033,sector_a
2145.08630006,1.0047729657631026,0,0.00033,sector_a
2145.08768895,1.0040385769348108,0,0.00033,sector_a
2145.08907783,1.0042195508529346,0,0.00033,sector_a
2145.09046672,1.0042607227635514,0,0.00033,sector_a
2145.09185561,1.0043433195965952,0,0.00033,sector_a
2145.0932445,1.0049521267450676,0,0.00033,sector_a
2145.09463339,1.004641134183119,0,0.00033,sector_a
2145.09602228,1.0047800235485607,0,0.00033,sector_a
2145.09741117,1.0035371023599757,0,0.00033,sector_a
2145.09880006,1.0045377314616974,0,0.00033,sector_a
2145.10018895,1.0044757826093567,0,0.00033,sector_a
2145.10157783,1.004569786905165,0,0.00033,sector_a
2145.10296672,1.004410283104951,0,0.00033,sector_a
2145.10435561,1.0041976032136353,0,0.00033,sector_a
2145.1057445,1.0046515995223202,0,0.00033,sector_a
2145.10713339,1.0043658861253286,0,0.00033,sector_a
2145.10852228,1.0044358557333484,0,0.00033,sector_a
2145.10991117,1.0042522971061465,0,0.00033,sector_a
2145.11130006,1.004387788767757,0,0.00033,sector_a
2145.11268895,1.0046331678243885,0,0.00033,sector_a
2145.11407783,1.0047344312385378,0,0.00033,sector_a
2145.11546672,1.0044670595309537,0,0.00033,sector_a
2145.11685561,1.0045138730275467,0,0.00033,sector_a
2145.1182445,1.0044292556107695,0,0.00033,sector_a
2145.11963339,1.0047906910681699,0,0.00033,sector_a
2145.12102228,1.0043702160924768,4096,0.00033,sector_a
2145.12241117,1.0044239914676432,0,0.00033,sector_a
2145.12380006,1.00456133884689,0,0.00033,sector_a
2145.12518895,1.0043962815268277,0,0.00033,sector_a
2145.12657783,1.0046376201151295,0,0.00033,sector_a
2145.12796672,1.0050829327948685,0,0.00033,sector_a
2145.12935561,1.0045569984470186,0,0.00033,sector_a
2145.1307445,1.0050440518094264,0,0.00033,sector_a
2145.13213339,1.004878649576528,0,0.00033,sector_a
2145.13352228,1.0046455610425056,0,0.00033,sector_a
2145.13491117,1.0048199478540087,0,0.00033,sector_a
2145.13630006,1.0050712862248143,0,0.00033,sector_a
2145.13768895,1.0043393197688422,0,0.00033,sector_a
2145.13907783,1.0048498875867131,0,0.00033,sector_a
2145.14046672,1.0050314914915064,0,0.00033,sector_a
2145.14185561,1.0044000257696946,0,0.00033,sector_a
2145.1432445,1.0050812021151003,0,0.00033,sector_a
2145.14463339,1.0048691804717802,0,0.00033,sector_a
2145.14602228,1.0044029658385263,0,0.00033,sector_a
2145.14741117,1.0048204452200193,0,0.00033,sector_a
2145.14880006,1.0042223365665126,0,0.00033,sector_a
2145.15018895,1.0042921923199952,0,0.00033,sector_a
2145.15157783,1.0042070873099411,0,0.00033,sector_a
2145.15296672,1.0047839021804663,0,0.00033,sector_a
2145.15435561,1.0045850752236916,0,0.00033,sector_a
2145.1557445,1.0044680925914877,0,0.00033,sector_a
2145.15713339,1.004549077688251,0,0.00033,sector_a
2145.15852228,1.004698605750457,0,0.00033,sector_a
2145.15991117,1.0046253504867346,0,0.00033,sector_a
2145.16130006,1.0045793059558383,0,0.00033,sector_a
2145.16268895,1.0047992932435077,0,0.00033,sector_a
2145.16407783,1.0044482144844178,0,0.00033,sector_a
2145.16546672,1.0045885377884587,0,0.00033,sector_a
2145.16685561,1.0051445474908092,0,0.00033,sector_a
2145.1682445,1.004890869586609,0,0.00033,sector_a
2145.16963339,1.0042040335716393,0,0.00033,sector_a
2145.17102228,1.0052942464149692,0,0.00033,sector_a
2145.17241117,1.0045270985570671,0,0.00033,sector_a
2145.17380006,1.0053432637031214,0,0.00033,sector_a
2145.17518895,1.0048501432044956,0,0.00033,sector_a
2145.17657783,1.0051380715303262,0,0.00033,sector_a
2145.17796672,1.0042619868363718,0,0.00033,sector_a
2145.17935561,1.0045902218846696,0,0.00033,sector_a
2145.1807445,1.0046386984607711,0,0.00033,sector_a
2145.18213339,1.0046719064164156,0,0.00033,sector_a
2145.18352228,1.0046077078579245,0,0.00033,sector_a
2145.18491117,1.0046637437467785,0,0.00033,sector_a
2145.18630006,1.0048349819252298,0,0.00033,sector_a
2145.18768895,1.0046846760773493,0,0.00033,sector_a
2145.18907783,1.0048408967099378,0,0.00033,sector_a
2145.19046672,1.0050026091129092,0,0.00033,sector_a
2145.19185561,1.0043346411831084,0,0.00033,sector_a
2145.1932445,1.0048349666388174,0,0.00033,sector_a
2145.19463339,1.004606803794446,0,0.00033,sector_a
2145.19602228,1.0048942515511983,0,0.00033,sector_a
2145.19741117,1.0051285520010065,0,0.00033,sector_a
2145.19880006,1.004492772157111,0,0.00033,sector_a
2145.20018895,1.0048245997087815,0,0.00033,sector_a
2145.20157783,1.005250792825098,0,0.00033,sector_a
2145.20296672,1.0052992458409369,0,0.00033,sector_a
2145.20435561,1.0048030473049963,0,0.00033,sector_a
2145.2057445,1.0052655532023003,0,0.00033,sector_a
2145.20713339,1.005082038171134,0,0.00033,sector_a
2145.20852228,1.00501293263832,0,0.00033,sector_a
2145.20991117,1.0048422726112525,0,0.00033,sector_a
2145.21130006,1.0050977019256762,0,0.00033,sector_a
2145.21268895,1.0052355152507542,0,0.00033,sector_a
2145.21407783,1.004813764624829,0,0.00033,sector_a
2145.21546672,1.0051834624861047,0,0.00033,sector_a
2145.21685561,1.004672706402896,0,0.00033,sector_a
2145.2182445,1.004671690456859,0,0.00033,sector_a
2145.21963339,1.005231640432122,0,0.00033,sector_a
2145.22102228,1.004993686379237,0,0.00033,sector_a
2145.22241117,1.0048129259764151,0,0.00033,sector_a
2145.22380006,1.0051900992357476,0,0.00033,sector_a
2145.22518895,1.0053127870541965,0,0.00033,sector_a
2145.22657783,1.0051101783901544,0,0.00033,sector_a
2145.22796672,1.0055711168044175,0,0.00033,sector_a
2145.22935561,1.0048908345032392,0,0.00033,sector_a
2145.2307445,1.0049091548576041,0,0.00033,sector_a
2145.23213339,1.005418396936615,0,0.00033,sector_a
2145.23352228,1.004812275702997,0,0.00033,sector_a
2145.23491117,1.0053670833308608,0,0.00033,sector_a
2145.23630006,1.0046340002677963,0,0.00033,sector_a
2145.23768895,1.0048383049148266,0,0.00033,sector_a
2145.23907783,1.00510648197316,0,0.00033,sector_a
2145.24046672,1.0050400894684748,0,0.00033,sector_a
2145.24185561,1.0056629361940042,0,0.00033,sector_a
2145.2432445,1.0048801236850946,0,0.00033,sector_a
2145.24463339,1.005181470515483,0,0.00033,sector_a
2145.24602228,1.005249079447501,0,0.00033,sector_a
2145.24741117,1.0051729673327965,0,0.00033,sector_a
2145.24880006,1.0055755460617448,0,0.00033,sector_a
2145.25018895,1.0050406894741537,0,0.00033,sector_a
2145.25157783,1.005064752256972,0,0.00033,sector_a
2145.25296672,1.0049228006136097,0,0.00033,sector_a
2145.25435561,1.005523193126949,0,0.00033,sector_a
2145.2557445,1.0053343723589745,0,0.00033,sector_a
2145.25713339,1.0053466163298284,0,0.00033,sector_a
2145.25852228,1.0053344061703529,0,0.00033,sector_a
2145.25991117,1.004920997720118,0,0.00033,sector_a
2145.26130006,1.0054396696999572,0,0.00033,sector_a
2145.26268895,1.005390355514816,0,0.00033,sector_a
2145.26407783,1.0057508537206854,0,0.00033,sector_a
2145.26546672,1.0054383705892207,0,0.00033,sector_a
2145.26685561,1.005063056759832,0,0.00033,sector_a
2145.2682445,1.0052224611190066,0,0.00033,sector_a
2145.26963339,1.0058958461252174,0,0.00033,sector_a
2145.27102228,1.004954357882637,0,0.00033,sector_a
2145.27241117,1.0049112464362249,0,0.00033,sector_a
2145.27380006,1.0054244227619094,0,0.00033,sector_a
2145.27518895,1.00581325490194,0,0.00033,sector_a
2145.27657783,1.0053865102266808,0,0.00033,sector_a
2145.27796672,1.0050010855832965,0,0.00033,sector_a
2145.27935561,1.0060711058090526,0,0.00033,sector_a
2145.2807445,1.0051447147906212,0,0.00033,sector_a
2145.28213339,1.0056531539195406,0,0.00033,sector_a
2145.28352228,1.0058572576635376,0,0.00033,sector_a
2145.28491117,1.0054377085054855,0,0.00033,sector_a
2145.28630006,1.0056059947118954,0,0.00033,sector_a
2145.28768895,1.0058897056833593,0,0.00033,sector_a
2145.28907783,1.0050234535884655,0,0.00033,sector_a
2145.29046672,1.0056852212859813,0,0.00033,sector_a
2145.29185561,1.0058175888222536,0,0.00033,sector_a
2145.2932445,1.005848483628449,0,0.00033,sector_a
2145.29463339,1.0053263678924473,0,0.00033,sector_a
2145.29602228,1.00560848386381,0,0.00033,sector_a
2145.29741117,1.0052906958657037,0,0.00033,sector_a
2145.29880006,1.0052897694600818,0,0.00033,sector_a
2145.30018895,1.0051911081922282,0,0.00033,sector_a
2145.30157783,1.0056916550865842,0,0.00033,sector_a
2145.30296672,1.0055626286868673,0,0.00033,sector_a
2145.30435561,1.0058663987809118,0,0.00033,sector_a
2145.3057445,1.0047619468892774,0,0.00033,sector_a
2145.30713339,1.005240081862499,0,0.00033,sector_a
2145.30852228,1.0056327059992227,0,0.00033,sector_a
2145.30991117,1.0060848925291017,0,0.00033,sector_a
2145.31130006,1.0053177119428207,0,0.00033,sector_a
2145.31268895,1.0049921787120237,0,0.00033,sector_a
2145.31407783,1.0053748911353775,0,0.00033,sector_a
2145.31546672,1.0055431406264672,0,0.00033,sector_a
2145.31685561,1.0058332256041174,0,0.00033,sector_a
2145.3182445,1.0059406948295808,0,0.00033,sector_a
2145.31963339,1.0058168713876208,0,0.00033,sector_a
2145.32102228,1.0055688428212004,0,0.00033,sector_a
2145.32241117,1.0062678368392934,0,0.00033,sector_a
2145.32380006,1.005395004970349,0,0.00033,sector_a
2145.32518895,1.0056205018944882,0,0.00033,sector_a
2145.32657783,1.0058151020108406,0,0.00033,sector_a
2145.32796672,1.0054732647369635,0,0.00033,sector_a
2145.32935561,1.0055702714611092,0,0.00033,sector_a
2145.3307445,1.0058527795978476,0,0.00033,sector_a
2145.33213339,1.0053717483170048,0,0.00033,sector_a
2145.33352228,1.0056053832385894,0,0.00033,sector_a
2145.33491117,1.005622675890489,0,0.00033,sector_a
2145.33630006,1.006395822837852,0,0.00033,sector_a
2145.33768895,1.005946809082491,0,0.00033,sector_a
2145.33907783,1.005479019233984,0,0.00033,sector_a
2145.34046672,1.0059414433556566,0,0.00033,sector_a
2145.34185561,1.0053784947681834,0,0.00033,sector_a
2145.3432445,1.0058527964504962,0,0.00033,sector_a
2145.34463339,1.0052085128359394,0,0.00033,sector_a
2145.34602228,1.0059637147373888,0,0.00033,sector_a
2145.34741117,1.005690519009039,0,0.00033,sector_a
2145.34880006,1.005330377521855,0,0.00033,sector_a
2145.35018895,1.0058878007660585,0,0.00033,sector_a
2145.35157783,1.006029156245834,0,0.00033,sector_a
2145.35296672,1.0058924890687562,0,0.00033,sector_a
2145.35435561,1.0058325095179568,0,0.00033,sector_a
2145.3557445,1.00537167598658,0,0.00033,sector_a
2145.35713339,1.006044716748972,0,0.00033,sector_a
2145.35852228,1.005116216843918,0,0.00033,sector_a
2145.35991117,1.0056248720571461,0,0.00033,sector_a
2145.36130006,1.006430841045492,0,0.00033,sector_a
2145.36268895,1.0053816848593948,0,0.00033,sector_a
2145.36407783,1.0052639563754597,0,0.00033,sector_a
2145.36546672,1.0055372572426777,0,0.00033,sector_a
2145.36685561,1.0059521353095344,0,0.00033,sector_a
2145.3682445,1.0058137021823075,0,0.00033,sector_a
2145.36963339,1.0061582894556347,0,0.00033,sector_a
2145.37102228,1.0058670306849893,0,0.00033,sector_a
2145.37241117,1.0055290261834162,0,0.00033,sector_a
2145.37380006,1.0061542345513566,0,0.00033,sector_a
2145.37518895,1.0056934910211652,0,0.00033,sector_a
2145.37657783,1.0060858421109136,0,0.00033,sector_a
2145.37796672,1.0063184671837475,0,0.00033,sector_a
2145.37935561,1.0060488347314411,0,0.00033,sector_a
2145.3807445,1.006304040173882,0,0.00033,sector_a
2145.38213339,1.0055248817351468,0,0.00033,sector_a
2145.38352228,1.0057785932687395,0,0.00033,sector_a
2145.38491117,1.0059760410862288,0,0.00033,sector_a
2145.38630006,1.0055573078097462,0,0.00033,sector_a
2145.38768895,1.0063479108125495,0,0.00033,sector_a
2145.38907783,1.0063254725483133,0,0.00033,sector_a
2145.39046672,1.0060943429474738,0,0.00033,sector_a
2145.39185561,1.0061414745765727,0,0.00033,sector_a
2145.3932445,1.0059205379518943,0,0.00033,sector_a
2145.39463339,1.005635076911433,0,0.00033,sector_a
2145.39602228,1.0057813414394692,0,0.00033,sector_a
2145.39741117,1.005901241984941,0,0.00033,sector_a
2145.39880006,1.0060592841380263,0,0.00033,sector_a
2145.40018895,1.0059519498940577,0,0.00033,sector_a
2145.40157783,1.006087845237625,0,0.00033,sector_a
2145.40296672,1.0055939653283834,0,0.00033,sector_a
2145.40435561,1.0057780039064892,0,0.00033,sector_a
2145.4057445,1.006072747638488,0,0.00033,sector_a
2145.40713339,1.0063269418424543,0,0.00033,sector_a
2145.40852228,1.0055239719711344,0,0.00033,sector_a
2145.40991117,1.0061434376758684,0,0.00033,sector_a
2145.41130006,1.0062738432523424,0,0.00033,sector_a
2145.41268895,1.006031887426682,0,0.00033,sector_a
2145.41407783,1.0060836138907328,0,0.00033,sector_a
2145.41546672,1.005939270262559,0,0.00033,sector_a
2145.41685561,1.0060587281861335,0,0.00033,sector_a
2145.4182445,1.0059604500191859,0,0.00033,sector_a
2145.41963339,1.0056134401862102,0,0.00033,sector_a
2145.42102228,1.0065121151787881,0,0.00033,sector_a
2145.42241117,1.0061955244721728,0,0.00033,sector_a
2145.42380006,1.0059389217119488,0,0.00033,sector_a
2145.42518895,1.0065216590805917,0,0.00033,sector_a
2145.42657783,1.00602886877278,0,0.00033,sector_a
2145.42796672,1.0063208063835187,0,0.00033,sector_a
2145.42935561,1.0056068265789364,0,0.00033,sector_a
2145.4307445,1.0059470017237138,0,0.00033,sector_a
2145.43213339,1.0064761744351811,0,0.00033,sector_a
2145.43352228,1.0066041397840022,0,0.00033,sector_a
2145.43491117,1.0067380058079525,0,0.00033,sector_a
2145.43630006,1.0066047570969612,0,0.00033,sector_a
2145.43768895,1.0067271970612528,0,0.00033,sector_a
2145.43907783,1.00595698948263,0,0.00033,sector_a
2145.44046672,1.005738684077315,0,0.00033,sector_a
2145.44185561,1.0054314725925069,0,0.00033,sector_a
2145.4432445,1.0062225628900683,0,0.00033,sector_a
2145.44463339,1.0061203897905746,0,0.00033,sector_a
2145.44602228,1.0066823124784288,0,0.00033,sector_a
2145.44741117,1.0061368312332983,0,0.00033,sector_a
2145.44880006,1.0067263599539062,0,0.00033,sector_a
2145.45018895,1.0057265251859666,0,0.00033,sector_a
2145.45157783,1.006783155040296,0,0.00033,sector_a
2145.45296672,1.006211134002421,0,0.00033,sector_a
2145.45435561,1.006672063027852,0,0.00033,sector_a
2145.4557445,1.0065579517392453,0,0.00033,sector_a
2145.45713339,1.0059794839247775,0,0.00033,sector_a
2145.45852228,1.0065444683092688,0,0.00033,sector_a
2145.45991117,1.006074845696615,0,0.00033,sector_a
2145.46130006,1.0065543026251553,0,0.00033,sector_a
2145.46268895,1.0064647518924899,0,0.00033,sector_a
2145.46407783,1.0064189380760868,0,0.00033,sector_a
2145.46546672,1.0062400926024078,0,0.00033,sector_a
2145.46685561,1.0062198819892447,0,0.00033,sector_a
2145.4682445,1.0063228906724115,0,0.00033,sector_a
2145.46963339,1.0055470883790583,0,0.00033,sector_a
2145.47102228,1.0066254682361038,0,0.00033,sector_a
2145.47241117,1.0062958808562794,0,0.00033,sector_a
2145.47380006,1.0063952824195097,0,0.00033,sector_a
2145.47518895,1.0060371884438177,0,0.00033,sector_a
2145.47657783,1.006433816533862,0,0.00033,sector_a
2145.47796672,1.0061957962695474,0,0.00033,sector_a
2145.47935561,1.0068515011496377,0,0.00033,sector_a
2145.4807445,1.0059065694382483,0,0.00033,sector_a
2145.48213339,1.0067553786405612,0,0.00033,sector_a
2145.48352228,1.0061102347144868,0,0.00033,sector_a
2145.48491117,1.0064856950315972,0,0.00033,sector_a
2145.48630006,1.0062942162608863,0,0.00033,sector_a
2145.48768895,1.006072130798689,0,0.00033,sector_a
2145.48907783,1.0057306814533478,0,0.00033,sector_a
2145.49046672,1.0066267053431825,0,0.00033,sector_a
2145.49185561,1.0058481456424992,0,0.00033,sector_a
2145.4932445,1.006252675599185,0,0.00033,sector_a
2145.49463339,1.0068229556778283,0,0.00033,sector_a
2145.49602228,1.0068378356473664,0,0.00033,sector_a
2145.49741117,1.0065085428515708,0,0.00033,sector_a
2145.49880006,1.0059047659032132,0,0.00033,sector_a
2145.50018895,1.0063848455177637,0,0.00033,sector_a
2145.50157783,1.0064542580421574,0,0.00033,sector_a
2145.50296672,1.0061799623153502,0,0.00033,sector_a
2145.50435561,1.0068689488560383,0,0.00033,sector_a
2145.5057445,1.0065220677800404,0,0.00033,sector_a
2145.50713339,1.0065525458365616,0,0.00033,sector_a
2145.50852228,1.0064233952566706,0,0.00033,sector_a
2145.50991117,1.0060274995441982,0,0.00033,sector_a
2145.51130006,1.0061703740066255,0,0.00033,sector_a
2145.51268895,1.006160496088437,0,0.00033,sector_a
2145.51407783,1.0068654698987178,0,0.00033,sector_a
2145.51546672,1.006495769467784,0,0.00033,sector_a
2145.51685561,1.0066330434222377,0,0.00033,sector_a
2145.5182445,1.0066258961502499,0,0.00033,sector_a
2145.51963339,1.0066282146700674,0,0.00033,sector_a
2145.52102228,1.0070381574437617,0,0.00033,sector_a
2145.52241117,1.0067812525774025,0,0.00033,sector_a
2145.52380006,1.0066115816307495,0,0.00033,sector_a
2145.52518895,1.0065693414725438,0,0.00033,sector_a
2145.52657783,1.0069921157310695,0,0.00033,sector_a
2145.52796672,1.0059570125375716,0,0.00033,sector_a
2145.52935561,1.0069651666531585,0,0.00033,sector_a
2145.5307445,1.006376292776298,0,0.00033,sector_a
2145.53213339,1.0067041815083777,0,0.00033,sector_a
2145.53352228,1.006466914055252,0,0.00033,sector_a
2145.53491117,1.0065692286713672,0,0.00033,sector_a
2145.53630006,1.006484883010272,0,0.00033,sector_a
2145.53768895,1.0054092310203844,0,0.00033,sector_a
2145.53907783,1.0062073824380415,0,0.00033,sector_a
2145.54046672,1.006309177443491,0,0.00033,sector_a
2145.54185561,1.0061484733090793,0,0.00033,sector_a
2145.5432445,1.0059772075588795,0,0.00033,sector_a
2145.54463339,1.006745044024886,0,0.00033,sector_a
2145.54602228,1.0062542059419686,0,0.00033,sector_a
2145.54741117,1.006619461315738,0,0.00033,sector_a
2145.54880006,1.0069725505803997,0,0.00033,sector_a
2145.55018895,1.0062487589959475,0,0.00033,sector_a
2145.55157783,1.0065414070037983,0,0.00033,sector_a
2145.55296672,1.0069670523634007,0,0.00033,sector_a
2145.55435561,1.006508557212143,0,0.00033,sector_a
2145.5557445,1.006492021557957,0,0.00033,sector_a
2145.55713339,1.0059353304721326,0,0.00033,sector_a
2145.55852228,1.00705024075057,0,0.00033,sector_a
2145.55991117,1.0065436669158172,0,0.00033,sector_a
2145.56130006,1.0061964270106756,0,0.00033,sector_a
2145.56268895,1.0069002678538985,0,0.00033,sector_a
2145.56407783,1.0064984748309087,4096,0.00033,sector_a
2145.56546672,1.006614346424698,0,0.00033,sector_a
2145.56685561,1.0064320469066617,0,0.00033,sector_a
2145.5682445,1.0068812704293584,0,0.00033,sector_a
2145.56963339,1.0068650559176935,0,0.00033,sector_a
2145.57102228,1.006506600362817,0,0.00033,sector_a
2145.57241117,1.006666779886875,0,0.00033,sector_a
2145.57380006,1.0071603412586287,0,0.00033,sector_a
2145.57518895,1.006719383755799,0,0.00033,sector_a
2145.57657783,1.0065287937554543,0,0.00033,sector_a
2145.57796672,1.0071287114596637,0,0.00033,sector_a
2145.57935561,1.006477089398837,0,0.00033,sector_a
2145.5807445,1.0067127896208101,0,0.00033,sector_a
2145.58213339,1.0063070485391565,0,0.00033,sector_a
2145.58352228,1.0064181208671283,0,0.00033,sector_a
2145.58491117,1.0065255581806156,0,0.00033,sector_a
2145.58630006,1.006884904006618,0,0.00033,sector_a
2145.58768895,1.007044861575124,0,0.00033,sector_a
2145.58907783,1.0065758683532904,0,0.00033,sector_a
2145.59046672,1.0069624395270482,0,0.00033,sector_a
2145.59185561,1.0066975921910146,0,0.00033,sector_a
2145.5932445,1.0069565318677764,0,0.00033,sector_a
2145.59463339,1.0064852650698268,0,0.00033,sector_a
2145.59602228,1.006829057986985,0,0.00033,sector_a
2145.59741117,1.0066979628668704,0,0.00033,sector_a
2145.59880006,1.006794760204093,0,0.00033,sector_a
2145.60018895,1.007555284011186,0,0.00033,sector_a
2145.60157783,1.0068559060449567,0,0.00033,sector_a
2145.60296672,1.0072177710996575,0,0.00033,sector_a
2145.60435561,1.007117701760691,0,0.00033,sector_a
2145.6057445,1.0062908978303295,0,0.00033,sector_a
2145.60713339,1.0069150111346066,0,0.00033,sector_a
2145.60852228,1.007132649704958,0,0.00033,sector_a
2145.60991117,1.0062984620037183,0,0.00033,sector_a
2145.61130006,1.0065422480015496,0,0.00033,sector_a
2145.61268895,1.0079044108224005,0,0.00033,sector_a
2145.61407783,1.0068395714898937,0,0.00033,sector_a
2145.61546672,1.0066756976348596,0,0.00033,sector_a
2145.61685561,1.006832205387305,0,0.00033,sector_a
2145.6182445,1.0065534873447926,0,0.00033,sector_a
2145.61963339,1.006865098436982,0,0.00033,sector_a
2145.62102228,1.0069073525325785,0,0.00033,sector_a
2145.62241117,1.0067487712480832,0,0.00033,sector_a
2145.62380006,1.0072977604791067,0,0.00033,sector_a
2145.62518895,1.0073958076712823,0,0.00033,sector_a
2145.62657783,1.007186475122788,0,0.00033,sector_a
2145.62796672,1.0066114268456816,0,0.00033,sector_a
2145.62935561,1.0066961686151368,0,0.00033,sector_a
2145.6307445,1.0064367766351374,0,0.00033,sector_a
2145.63213339,1.0069972035701236,0,0.00033,sector_a
2145.63352228,1.0067235032908908,0,0.00033,sector_a
2145.63491117,1.0067002754991714,0,0.00033,sector_a
2145.63630006,1.0066645030684738,0,0.00033,sector_a
2145.63768895,1.006962352012869,0,0.00033,sector_a
2145.63907783,1.0069401183076316,0,0.00033,sector_a
2145.64046672,1.0065260337604964,0,0.00033,sector_a
2145.64185561,1.007385841937443,0,0.00033,sector_a
2145.6432445,1.0069584059878494,0,0.00033,sector_a
2145.64463339,1.006470914295397,0,0.00033,sector_a
2145.64602228,1.0071835405616927,0,0.00033,sector_a
2145.64741117,1.0066410853275152,0,0.00033,sector_a
2145.64880006,1.0075024095257994,0,0.00033,sector_a
2145.65018895,1.007354446067826,0,0.00033,sector_a
2145.65157783,1.0071034014227034,0,0.00033,sector_a
2145.65296672,1.0076824686591783,0,0.00033,sector_a
2145.65435561,1.006652380273171,0,0.00033,sector_a
2145.6557445,1.0070403263850674,0,0.00033,sector_a
2145.65713339,1.0068624323218691,0,0.00033,sector_a
2145.65852228,1.00666364005193,0,0.00033,sector_a
2145.65991117,1.0065431783124215,0,0.00033,sector_a
2145.66130006,1.007316596879914,0,0.00033,sector_a
2145.66268895,1.0068855495106621,0,0.00033,sector_a
2145.66407783,1.0066605089230223,0,0.00033,sector_a
2145.66546672,1.006801743932163,0,0.00033,sector_a
2145.66685561,1.0079691698697086,0,0.00033,sector_a
2145.6682445,1.0069874080437453,0,0.00033,sector_a
2145.66963339,1.0067570771362195,0,0.00033,sector_a
2145.67102228,1.0069141645963486,0,0.00033,sector_a
2145.67241117,1.0073703372776905,0,0.00033,sector_a
2145.67380006,1.0069575130190738,0,0.00033,sector_a
2145.67518895,1.0069364422892804,0,0.00033,sector_a
2145.67657783,1.0069783308863882,0,0.00033,sector_a
2145.67796672,1.0068361874192358,0,0.00033,sector_a
2145.67935561,1.0069249560685376,0,0.00033,sector_a
2145.6807445,1.0074537242873196,0,0.00033,sector_a
2145.68213339,1.0069442653693335,0,0.00033,sector_a
2145.68352228,1.0069914058436498,0,0.00033,sector_a
2145.68491117,1.0060935579895784,2048,0.00033,sector_a
2145.68630006,1.007248895329767,0,0.00033,sector_a
2145.68768895,1.007425721651216,0,0.00033,sector_a
2145.68907783,1.0068136667526,0,0.00033,sector_a
2145.69046672,1.0071881442034891,0,0.00033,sector_a
2145.69185561,1.006691515181354,0,0.00033,sector_a
2145.6932445,1.0071451818591473,0,0.00033,sector_a
2145.69463339,1.0071616128358614,0,0.00033,sector_a
2145.69602228,1.006334329521802,0,0.00033,sector_a
2145.69741117,1.0074024378668225,0,0.00033,sector_a
2145.69880006,1.0074790797778128,0,0.00033,sector_a
2145.70018895,1.0070142752922513,0,0.00033,sector_a
2145.70157783,1.0067139086704675,0,0.00033,sector_a
2145.70296672,1.0070654854367773,0,0.00033,sector_a
2145.70435561,1.0070243471447935,0,0.00033,sector_a
2145.7057445,1.0073744817797972,0,0.00033,sector_a
2145.70713339,1.0070617372593855,0,0.00033,sector_a
2145.70852228,1.0070423878130197,0,0.00033,sector_a
2145.70991117,1.0074092259863716,0,0.00033,sector_a
2145.71130006,1.0073036584163146,0,0.00033,sector_a
2145.71268895,1.0071280411966248,0,0.00033,sector_a
2145.71407783,1.0068816930608167,0,0.00033,sector_a
2145.71546672,1.0068634761722195,0,0.00033,sector_a
2145.71685561,1.0068935458011021,0,0.00033,sector_a
2145.7182445,1.0068564442123185,0,0.00033,sector_a
2145.71963339,1.0069983828396796,0,0.00033,sector_a
2145.72102228,1.0075005883981314,0,0.00033,sector_a
2145.72241117,1.0070172852692623,0,0.00033,sector_a
2145.72380006,1.0070501785661967,0,0.00033,sector_a
2145.72518895,1.0064763766863412,0,0.00033,sector_a
2145.72657783,1.007471583460618,0,0.00033,sector_a
2145.72796672,1.0070225474086003,0,0.00033,sector_a
2145.72935561,1.0073505217433523,0,0.00033,sector_a
2145.7307445,1.007310449827318,0,0.00033,sector_a
2145.73213339,1.0069440637680729,0,0.00033,sector_a
2145.73352228,1.007315270560787,0,0.00033,sector_a
2145.73491117,1.0066837541475717,0,0.00033,sector_a
2145.73630006,1.0069413258442603,0,0.00033,sector_a
2145.73768895,1.0076495358824817,0,0.00033,sector_a
2145.73907783,1.0068710341418334,0,0.00033,sector_a
2145.74046672,1.0073135085014053,0,0.00033,sector_a
2145.74185561,1.0071848509256518,0,0.00033,sector_a
2145.7432445,1.0069270029634754,0,0.00033,sector_a
2145.74463339,1.007661444404251,0,0.00033,sector_a
2145.74602228,1.0071472801814838,0,0.00033,sector_a
2145.74741117,1.0074360089849383,0,0.00033,sector_a
2145.74880006,1.007859467050374,0,0.00033,sector_a
2145.75018895,1.0067151357645248,0,0.00033,sector_a
2145.75157783,1.0071715210356968,0,0.00033,sector_a
2145.75296672,1.0074971190426396,0,0.00033,sector_a
2145.75435561,1.0071735930260486,0,0.00033,sector_a
2145.7557445,1.0075855533315543,0,0.00033,sector_a
2145.75713339,1.007414765838883,0,0.00033,sector_a
2145.75852228,1.0072871004671213,0,0.00033,sector_a
2145.75991117,1.0073701650426885,0,0.00033,sector_a
2145.76130006,1.006961872003844,0,0.00033,sector_a
2145.76268895,1.0067200262055334,0,0.00033,sector_a
2145.76407783,1.0066355529871278,0,0.00033,sector_a
2145.76546672,1.0073149676760764,0,0.00033,sector_a
2145.76685561,1.0069047185838558,0,0.00033,sector_a
2145.7682445,1.0076668254060601,0,0.00033,sector_a
2145.76963339,1.0068434042733538,0,0.00033,sector_a
2145.77102228,1.0066718435081035,0,0.00033,sector_a
2145.77241117,1.0065874981432845,0,0.00033,sector_a
2145.77380006,1.0076942180157826,0,0.00033,sector_a
2145.77518895,1.0072609268966783,0,0.00033,sector_a
2145.77657783,1.007427069218378,0,0.00033,sector_a
2145.77796672,1.0068511103002573,0,0.00033,sector_a
2145.77935561,1.0077508364508747,0,0.00033,sector_a
2145.7807445,1.0067710218323946,0,0.00033,sector_a
2145.78213339,1.0072442073949852,0,0.00033,sector_a
2145.78352228,1.0071148300711097,0,0.00033,sector_a
2145.78491117,1.007598131810216,0,0.00033,sector_a
2145.78630006,1.0068967026155693,0,0.00033,sector_a
2145.78768895,1.0071333134780218,0,0.00033,sector_a
2145.78907783,1.00716906621998,0,0.00033,sector_a
2145.79046672,1.0072508545373304,0,0.00033,sector_a
2145.79185561,1.007280374930402,0,0.00033,sector_a
2145.7932445,1.0075149972545832,0,0.00033,sector_a
2145.79463339,1.0075891492843767,0,0.00033,sector_a
2145.79602228,1.0071827277547116,0,0.00033,sector_a
2145.79741117,1.007244639375766,0,0.00033,sector_a
2145.79880006,1.0073494944019037,0,0.00033,sector_a
2145.80018895,1.0074248038391256,0,0.00033,sector_a
2145.80157783,1.0072682895530343,0,0.00033,sector_a
2145.80296672,1.007479188989412,0,0.00033,sector_a
2145.80435561,1.0074046605327125,0,0.00033,sector_a
2145.8057445,1.0075730098806261,0,0.00033,sector_a
2145.80713339,1.0071142172165053,0,0.00033,sector_a
2145.80852228,1.0073868757830826,0,0.00033,sector_a
2145.80991117,1.0071374026430362,0,0.00033,sector_a
2145.81130006,1.0067506247959004,0,0.00033,sector_a
2145.81268895,1.0070999489671184,0,0.00033,sector_a
2145.81407783,1.0073802877204816,0,0.00033,sector_a
2145.81546672,1.0071678304544605,0,0.00033,sector_a
2145.81685561,1.0070156860087585,0,0.00033,sector_a
2145.8182445,1.0075542611204056,0,0.00033,sector_a
2145.81963339,1.0077338692579911,0,0.00033,sector_a
2145.82102228,1.007560301427499,0,0.00033,sector_a
2145.82241117,1.0075679580965264,0,0.00033,sector_a
2145.82380006,1.0069232320308823,0,0.00033,sector_a
2145.82518895,1.0075258200292754,0,0.00033,sector_a
2145.82657783,1.007883194926146,0,0.00033,sector_a
2145.82796672,1.0077797595058573,0,0.00033,sector_a
2145.82935561,1.007390192194018,0,0.00033,sector_a
2145.8307445,1.0077407035047812,0,0.00033,sector_a
2145.83213339,1.0072887810117677,0,0.00033,sector_a
2145.83352228,1.0072617322657538,0,0.00033,sector_a
2145.83491117,1.0075224499734632,0,0.00033,sector_a
2145.83630006,1.007513938394078,0,0.00033,sector_a
2145.83768895,1.007180122892812,0,0.00033,sector_a
2145.83907783,1.0073191632063974,0,0.00033,sector_a
2145.84046672,1.0077273349086635,0,0.00033,sector_a
2145.84185561,1.0072283597865048,0,0.00033,sector_a
2145.8432445,1.0074387395559599,0,0.00033,sector_a
2145.84463339,1.0074952090627565,0,0.00033,sector_a
2145.84602228,1.0077070565115496,0,0.00033,sector_a
2145.84741117,1.0073722067703463,0,0.00033,sector_a
2145.84880006,1.0074919105050761,0,0.00033,sector_a
2145.85018895,1.007785490271397,0,0.00033,sector_a
2145.85157783,1.0072520002620267,0,0.00033,sector_a
2145.85296672,1.0072002852085822,0,0.00033,sector_a
2145.85435561,1.0069589228692104,0,0.00033,sector_a
2145.8557445,1.0076468366155333,0,0.00033,sector_a
2145.85713339,1.0072615039637582,0,0.00033,sector_a
2145.85852228,1.0072387189399212,0,0.00033,sector_a
2145.85991117,1.0068422302956532,0,0.00033,sector_a
2145.86130006,1.0072761388589244,0,0.00033,sector_a
2145.86268895,1.0071112054374705,0,0.00033,sector_a
2145.86407783,1.0073210424140742,0,0.00033,sector_a
2145.86546672,1.007312891388368,0,0.00033,sector_a
2145.86685561,1.0074338529006486,0,0.00033,sector_a
2145.8682445,1.0079459610582766,0,0.00033,sector_a
2145.86963339,1.0070803213075412,0,0.00033,sector_a
2145.87102228,1.0074054600528684,0,0.00033,sector_a
2145.87241117,1.0072541695051782,0,0.00033,sector_a
2145.87380006,1.0073426365210563,0,0.00033,sector_a
2145.87518895,1.0074927996989826,0,0.00033,sector_a
2145.87657783,1.0077251763284518,0,0.00033,sector_a
2145.87796672,1.007482126317162,0,0.00033,sector_a
2145.87935561,1.007519695054638,0,0.00033,sector_a
2145.8807445,1.007665201446817,0,0.00033,sector_a
2145.88213339,1.0075058061516873,0,0.00033,sector_a
2145.88352228,1.0073262866122892,0,0.00033,sector_a
2145.88491117,1.0074625156019825,0,0.00033,sector_a
2145.88630006,1.0075108049955281,0,0.00033,sector_a
2145.88768895,1.0069703119959401,0,0.00033,sector_a
2145.88907783,1.007720005573851,0,0.00033,sector_a
2145.89046672,1.007535646554304,0,0.00033,sector_a
2145.89185561,1.0077081447143086,0,0.00033,sector_a
2145.8932445,1.0075579911831996,0,0.00033,sector_a
2145.89463339,1.0071012198161757,0,0.00033,sector_a
2145.89602228,1.007284887090264,0,0.00033,sector_a
2145.89741117,1.0074911905115338,0,0.00033,sector_a
2145.89880006,1.007112888085619,0,0.00033,sector_a
2145.90018895,1.0078735991647123,0,0.00033,sector_a
2145.90157783,1.0071249518842817,0,0.00033,sector_a
2145.90296672,1.008019852401765,0,0.00033,sector_a
2145.90435561,1.007596128268501,0,0.00033,sector_a
2145.9057445,1.0076866699452318,0,0.00033,sector_a
2145.90713339,1.0071383086333323,0,0.00033,sector_a
2145.90852228,1.007422429975566,0,0.00033,sector_a
2145.90991117,1.007400598160644,0,0.00033,sector_a
2145.91130006,1.0079541463766135,0,0.00033,sector_a
2145.91268895,1.0081476836941257,0,0.00033,sector_a
2145.91407783,1.0080953740287493,0,0.00033,sector_a
2145.91546672,1.006769853163238,0,0.00033,sector_a
2145.91685561,1.007553233761177,0,0.00033,sector_a
2145.9182445,1.0071458081820162,0,0.00033,sector_a
2145.91963339,1.0075192560843391,0,0.00033,sector_a
2145.92102228,1.0074083929763065,0,0.00033,sector_a
2145.92241117,1.007032667712211,0,0.00033,sector_a
2145.92380006,1.0071781860727218,0,0.00033,sector_a
2145.92518895,1.007750864110858,0,0.00033,sector_a
2145.92657783,1.0075087293428475,0,0.00033,sector_a
2145.92796672,1.00735810537802,0,0.00033,sector_a
2145.92935561,1.0075890782678028,0,0.00033,sector_a
2145.9307445,1.0072233894548508,0,0.00033,sector_a
2145.93213339,1.0077493043705523,0,0.00033,sector_a
2145.93352228,1.007445907077803,0,0.00033,sector_a
2145.93491117,1.0078893810086234,0,0.00033,sector_a
2145.93630006,1.0069430114258338,0,0.00033,sector_a
2145.93768895,1.0076684516519898,0,0.00033,sector_a
2145.93907783,1.0074328363556915,0,0.00033,sector_a
2145.94046672,1.007138785760403,0,0.00033,sector_a
2145.94185561,1.0072625536256896,0,0.00033,sector_a
2145.9432445,1.0075872650231918,0,0.00033,sector_a
2145.94463339,1.0077562472232398,0,0.00033,sector_a
2145.94602228,1.0074358897601445,0,0.00033,sector_a
2145.94741117,1.0075140407518146,0,0.00033,sector_a
2145.94880006,1.0074241233706924,0,0.00033,sector_a
2145.95018895,1.0074144414443342,0,0.00033,sector_a
2145.95157783,1.0081690479551033,0,0.00033,sector_a
2145.95296672,1.0078003450575543,0,0.00033,sector_a
2145.95435561,1.0080643334429418,0,0.00033,sector_a
2145.9557445,1.0074577385486825,0,0.00033,sector_a
2145.95713339,1.0077074642004258,0,0.00033,sector_a
2145.95852228,1.0075452271778873,0,0.00033,sector_a
2145.95991117,1.0079095785174401,0,0.00033,sector_a
2145.96130006,1.007668094490398,0,0.00033,sector_a
2145.96268895,1.0080880972217343,0,0.00033,sector_a
2145.96407783,1.0076461986165104,0,0.00033,sector_a
2145.96546672,1.0074724354365634,0,0.00033,sector_a
2145.96685561,1.007286275949255,0,0.00033,sector_a
2145.9682445,1.007406984923024,0,0.00033,sector_a
2145.96963339,1.0078277856225202,0,0.00033,sector_a
2145.97102228,1.0074366775902888,0,0.00033,sector_a
2145.97241117,1.0076168904723266,0,0.00033,sector_a
2145.97380006,1.007833371279886,0,0.00033,sector_a
2145.97518895,1.0079821570182235,0,0.00033,sector_a
2145.97657783,1.0072568571255904,0,0.00033,sector_a
2145.97796672,1.0075064916595935,0,0.00033,sector_a
2145.97935561,1.007204752243011,0,0.00033,sector_a
2145.9807445,1.0076390139734803,0,0.00033,sector_a
2145.98213339,1.0075695447799358,0,0.00033,sector_a
2145.98352228,1.0076463964118187,0,0.00033,sector_a
2145.98491117,1.0071953690905089,0,0.00033,sector_a
2145.98630006,1.0074485119918206,0,0.00033,sector_a
2145.98768895,1.0070613297607738,0,0.00033,sector_a
2145.98907783,1.0077773166809092,0,0.00033,sector_a
2145.99046672,1.0074270813666704,0,0.00033,sector_a
2145.99185561,1.00738088860012,0,0.00033,sector_a
2145.9932445,1.0076729334639938,0,0.00033,sector_a
2145.99463339,1.0077934995522528,0,0.00033,sector_a
2145.99602228,1.0074182004363605,0,0.00033,sector_a
2145.99741117,1.0075932717722804,0,0.00033,sector_a
2145.99880006,1.0076702248387397,0,0.00033,sector_a
2146.00018895,1.007489948821604,0,0.00033,sector_a
2146.00157783,1.0072925696198132,0,0.00033,sector_a
2146.00296672,1.0073664627278316,0,0.00033,sector_a
2146.00435561,1.0078111138307397,0,0.00033,sector_a
2146.0057445,1.007642585189559,0,0.00033,sector_a
2146.00713339,1.00722944365702,0,0.00033,sector_a
2146.00852228,1.0074277891515864,0,0.00033,sector_a
2146.00991117,1.0077866417813077,0,0.00033,sector_a
2146.01130006,1.0075824341389836,0,0.00033,sector_a
2146.01268895,1.0073346516401795,0,0.00033,sector_a
2146.01407783,1.007217767254271,0,0.00033,sector_a
2146.01546672,1.007632287247252,0,0.00033,sector_a
2146.01685561,1.0080913479061813,0,0.00033,sector_a
2146.0182445,1.0075263887881942,0,0.00033,sector_a
2146.01963339,1.0073172640512655,0,0.00033,sector_a
2146.02102228,1.0073086213877367,0,0.00033,sector_a
2146.02241117,1.0078821632709143,0,0.00033,sector_a
2146.02380006,1.0069697841846792,0,0.00033,sector_a
2146.02518895,1.007421076951813,0,0.00033,sector_a
2146.02657783,1.0075475109393648,0,0.00033,sector_a
2146.02796672,1.0073807700730641,0,0.00033,sector_a
2146.02935561,1.0082038145388221,0,0.00033,sector_a
2146.0307445,1.0076376697951293,0,0.00033,sector_a
2146.03213339,1.0076186355165533,0,0.00033,sector_a
2146.03352228,1.0078928989337803,0,0.00033,sector_a
2146.03491117,1.007561628540349,0,0.00033,sector_a
2146.03630006,1.0070556048267814,0,0.00033,sector_a
2146.03768895,1.0076518674003805,0,0.00033,sector_a
2146.03907783,1.0074285927572606,0,0.00033,sector_a
2146.04046672,1.00740194181997,0,0.00033,sector_a
2146.04185561,1.007962490011666,0,0.00033,sector_a
2146.0432445,1.0073141130089076,0,0.00033,sector_a
2146.04463339,1.0075908131864235,0,0.00033,sector_a
2146.04602228,1.0075830071618066,0,0.00033,sector_a
2146.04741117,1.0076753850497098,0,0.00033,sector_a
2146.04880006,1.0082187066753303,0,0.00033,sector_a
2146.05018895,1.0073139835411506,0,0.00033,sector_a
2146.05157783,1.0075698776020776,0,0.00033,sector_a
2146.05296672,1.0079237740709497,0,0.00033,sector_a
2146.05435561,1.007603308158489,0,0.00033,sector_a
2146.0557445,1.007368568048674,0,0.00033,sector_a
2146.05713339,1.0074451442359669,0,0.00033,sector_a
2146.05852228,1.0079419269412246,0,0.00033,sector_a
2146.05991117,1.007202597572053,0,0.00033,sector_a
2146.06130006,1.0081156190140315,0,0.00033,sector_a
2146.06268895,1.008148571392669,0,0.00033,sector_a
2146.06407783,1.007626953841104,0,0.00033,sector_a
2146.06546672,1.0077150629412002,0,0.00033,sector_a
2146.06685561,1.007741658772017,0,0.00033,sector_a
2146.0682445,1.00750144057856,0,0.00033,sector_a
2146.06963339,1.007709070832684,0,0.00033,sector_a
2146.07102228,1.0069639816480196,0,0.00033,sector_a
2146.07241117,1.007091318208631,0,0.00033,sector_a
2146.07380006,1.0073183265509444,0,0.00033,sector_a
2146.07518895,1.0073809724150464,0,0.00033,sector_a
2146.07657783,1.0077500962849517,0,0.00033,sector_a
2146.07796672,1.0076579212840409,0,0.00033,sector_a
2146.07935561,1.0078395468408814,0,0.00033,sector_a
2146.0807445,1.0075982207310659,0,0.00033,sector_a
2146.08213339,1.0076019326496592,0,0.00033,sector_a
2146.08352228,1.0077383487022746,0,0.00033,sector_a
2146.08491117,1.0073500683013383,0,0.00033,sector_a
2146.08630006,1.0073271814204967,0,0.00033,sector_a
2146.08768895,1.007411327995545,0,0.00033,sector_a
2146.08907783,1.0071713860432248,0,0.00033,sector_a
2146.09046672,1.0074375701077378,0,0.00033,sector_a
2146.09185561,1.0075230934665782,0,0.00033,sector_a
2146.0932445,1.0072776476911385,0,0.00033,sector_a
2146.09463339,1.0073319575160637,0,0.00033,sector_a
2146.09602228,1.007411005522361,0,0.00033,sector_a
2146.09741117,1.0079317801360286,0,0.00033,sector_a
2146.09880006,1.007998870067471,0,0.00033,sector_a
2146.10018895,1.0073479222479464,0,0.00033,sector_a
2146.10157783,1.0079195987943708,0,0.00033,sector_a
2146.10296672,1.0075744015827002,0,0.00033,sector_a
2146.10435561,1.007282742546398,0,0.00033,sector_a
2146.1057445,1.0075172911342127,0,0.00033,sector_a
2146.10713339,1.0073752560568239,0,0.00033,sector_a
2146.10852228,1.007360863657648,0,0.00033,sector_a
2146.10991117,1.0071669748254863,0,0.00033,sector_a
2146.11130006,1.0076269970474152,0,0.00033,sector_a
2146.11268895,1.0071117426226728,0,0.00033,sector_a
2146.11407783,1.007382478810056,0,0.00033,sector_a
2146.11546672,1.0077402815919012,0,0.00033,sector_a
2146.11685561,1.0081078347201153,0,0.00033,sector_a
2146.1182445,1.007537672548278,0,0.00033,sector_a
2146.11963339,1.0076030432046512,0,0.00033,sector_a
2146.12102228,1.0077956050345418,0,0.00033,sector_a
2146.12241117,1.0075196909920254,0,0.00033,sector_a
2146.12380006,1.0079655142462254,0,0.00033,sector_a
2146.12518895,1.0068820185429483,0,0.00033,sector_a
2146.12657783,1.0076665964279659,0,0.00033,sector_a
2146.12796672,1.0073053676438353,0,0.00033,sector_a
2146.12935561,1.0076076314404185,0,0.00033,sector_a
2146.1307445,1.0079524541280398,0,0.00033,sector_a
2146.13213339,1.0075706067262564,0,0.00033,sector_a
2146.13352228,1.0074279979912835,0,0.00033,sector_a
2146.13491117,1.0075845203587979,0,0.00033,sector_a
2146.13630006,1.0074206175639555,0,0.00033,sector_a
2146.13768895,1.0075818526130194,0,0.00033,sector_a
2146.13907783,1.0074357667270921,0,0.00033,sector_a
2146.14046672,1.0073239837927985,0,0.00033,sector_a
2146.14185561,1.0071339439012117,0,0.00033,sector_a
2146.1432445,1.0077239996865222,0,0.00033,sector_a
2146.14463339,1.0074494760324924,0,0.00033,sector_a
2146.14602228,1.0071549135059925,0,0.00033,sector_a
2146.14741117,1.007175050243996,0,0.00033,sector_a
2146.14880006,1.0075619322139246,0,0.00033,sector_a
2146.15018895,1.0072751653223533,0,0.00033,sector_a
2146.15157783,1.007593137920245,0,0.00033,sector_a
2146.15296672,1.007866753067248,0,0.00033,sector_a
2146.15435561,1.008492492859934,0,0.00033,sector_a
2146.1557445,1.007643836426844,0,0.00033,sector_a
2146.15713339,1.0080130349038656,0,0.00033,sector_a
2146.15852228,1.0070734610153056,0,0.00033,sector_a
2146.15991117,1.0073472502423488,0,0.00033,sector_a
2146.16130006,1.0075960131088302,0,0.00033,sector_a
2146.16268895,1.0076734808383017,0,0.00033,sector_a
2146.16407783,1.0070749144253,0,0.00033,sector_a
2146.16546672,1.0078509253422048,0,0.00033,sector_a
2146.16685561,1.0077072309971318,0,0.00033,sector_a
2146.1682445,1.0076481926429104,0,0.00033,sector_a
2146.16963339,1.0076820774865345,0,0.00033,sector_a
2146.17102228,1.0073885400159661,0,0.00033,sector_a
2146.17241117,1.0078368550445238,0,0.00033,sector_a
2146.17380006,1.0075988779390133,0,0.00033,sector_a
2146.17518895,1.0074353525778557,0,0.00033,sector_a
2146.17657783,1.0077005865981938,0,0.00033,sector_a
2146.17796672,1.0072229442402119,0,0.00033,sector_a
2146.17935561,1.0074137145978095,0,0.00033,sector_a
2146.1807445,1.007409566493295,0,0.00033,sector_a
2146.18213339,1.0076044600636536,0,0.00033,sector_a
2146.18352228,1.0074310209086752,0,0.00033,sector_a
2146.18491117,1.0075974306760942,2048,0.00033,sector_a
2146.18630006,1.00713499517925,0,0.00033,sector_a
2146.18768895,1.007173052229029,0,0.00033,sector_a
2146.18907783,1.0076709505790806,4096,0.00033,sector_a
2146.19046672,1.0075255983818752,0,0.00033,sector_a
2146.19185561,1.0073111637168246,0,0.00033,sector_a
2146.1932445,1.0076167289049263,0,0.00033,sector_a
2146.19463339,1.0076341626210945,0,0.00033,sector_a
2146.19602228,1.0078375649665423,0,0.00033,sector_a
2146.19741117,1.0076674998450903,0,0.00033,sector_a
2146.19880006,1.0073197143117767,0,0.00033,sector_a
2146.20018895,1.007561637389839,0,0.00033,sector_a
2146.20157783,1.0078574785148395,0,0.00033,sector_a
2146.20296672,1.0077184419887548,0,0.00033,sector_a
2146.20435561,1.0073573042450106,0,0.00033,sector_a
2146.2057445,1.0078984213062825,0,0.00033,sector_a
2146.20713339,1.007329947795749,0,0.00033,sector_a
2146.20852228,1.007484184292819,0,0.00033,sector_a
2146.20991117,1.0070008890709687,0,0.00033,sector_a
2146.21130006,1.0075637150920111,0,0.00033,sector_a
2146.21268895,1.0076317980220135,0,0.00033,sector_a
2146.21407783,1.0074734706469959,0,0.00033,sector_a
2146.21546672,1.0075322312851103,0,0.00033,sector_a
2146.21685561,1.0073196175321435,0,0.00033,sector_a
2146.2182445,1.0076864121458393,0,0.00033,sector_a
2146.21963339,1.007375565485155,0,0.00033,sector_a
2146.22102228,1.0077032175579186,0,0.00033,sector_a
2146.22241117,1.007658878744275,0,0.00033,sector_a
2146.22380006,1.007558786613628,0,0.00033,sector_a
2146.22518895,1.0076325899120584,0,0.00033,sector_a
2146.22657783,1.007624761900253,0,0.00033,sector_a
2146.22796672,1.0074923915171896,0,0.00033,sector_a
2146.22935561,1.0070918901624009,0,0.00033,sector_a
2146.2307445,1.0080278769610447,0,0.00033,sector_a
2146.23213339,1.0082215734618782,0,0.00033,sector_a
2146.23352228,1.0076303295503255,0,0.00033,sector_a
2146.23491117,1.0073285702863486,0,0.00033,sector_a
2146.23630006,1.0076249618052828,0,0.00033,sector_a
2146.23768895,1.007153461287432,0,0.00033,sector_a
2146.23907783,1.0077207563496056,0,0.00033,sector_a
2146.24046672,1.0080413906608432,0,0.00033,sector_a
2146.24185561,1.0077036974554652,0,0.00033,sector_a
2146.2432445,1.0077188961958783,0,0.00033,sector_a
2146.24463339,1.0069755279425936,0,0.00033,sector_a
2146.24602228,1.0074572940437847,0,0.00033,sector_a
2146.24741117,1.0071726955823606,0,0.00033,sector_a
2146.24880006,1.0080574791512926,0,0.00033,sector_a
2146.25018895,1.0075289761387822,0,0.00033,sector_a
2146.25157783,1.0074651078676127,0,0.00033,sector_a
2146.25296672,1.0077196857692585,0,0.00033,sector_a
2146.25435561,1.007875632197818,0,0.00033,sector_a
2146.2557445,1.007749094952273,0,0.00033,sector_a
2146.25713339,1.0073407721128216,0,0.00033,sector_a
2146.25852228,1.0076688645464145,0,0.00033,sector_a
2146.25991117,1.0077227071613601,0,0.00033,sector_a
2146.26130006,1.007469785360766,0,0.00033,sector_a
2146.26268895,1.0077730687770399,0,0.00033,sector_a
2146.26407783,1.0073406033166,0,0.00033,sector_a
2146.26546672,1.0077302923852431,0,0.00033,sector_a
2146.26685561,1.0079016446754872,0,0.00033,sector_a
2146.2682445,1.0076934010918215,0,0.00033,sector_a
2146.26963339,1.007297316810058,0,0.00033,sector_a
2146.27102228,1.0077054475851788,0,0.00033,sector_a
2146.27241117,1.0078209801427394,0,0.00033,sector_a
2146.27380006,1.0077787084556116,0,0.00033,sector_a
2146.27518895,1.007284521265693,0,0.00033,sector_a
2146.27657783,1.0075525201850102,0,0.00033,sector_a
2146.27796672,1.0075863353941836,0,0.00033,sector_a
2146.27935561,1.0084885438059972,0,0.00033,sector_a
2146.2807445,1.007775407862565,0,0.00033,sector_a
2146.28213339,1.0074968497982173,0,0.00033,sector_a
2146.28352228,1.0079198417659432,0,0.00033,sector_a
2146.28491117,1.0074997225517472,0,0.00033,sector_a
2146.28630006,1.0075644790193534,0,0.00033,sector_a
2146.28768895,1.008056364693468,0,0.00033,sector_a
2146.28907783,1.0079548507145568,0,0.00033,sector_a
2146.29046672,1.0076616325526768,0,0.00033,sector_a
2146.29185561,1.0073366823101144,0,0.00033,sector_a
2146.2932445,1.00665680074036,0,0.00033,sector_a
2146.29463339,1.0075956308115912,0,0.00033,sector_a
2146.29602228,1.0072696048391494,0,0.00033,sector_a
2146.29741117,1.0078803930478786,0,0.00033,sector_a
2146.29880006,1.00790093166193,0,0.00033,sector_a
2146.30018895,1.0071643159060908,0,0.00033,sector_a
2146.30157783,1.0071508480022553,0,0.00033,sector_a
2146.30296672,1.007413288415396,0,0.00033,sector_a
2146.30435561,1.0075728284425964,0,0.00033,sector_a
2146.3057445,1.0078213621182825,0,0.00033,sector_a
2146.30713339,1.0071325556296686,0,0.00033,sector_a
2146.30852228,1.0068798656938933,0,0.00033,sector_a
2146.30991117,1.007419899613676,0,0.00033,sector_a
2146.31130006,1.0073511620893973,0,0.00033,sector_a
2146.31268895,1.00746337014882,0,0.00033,sector_a
2146.31407783,1.0079325175025047,0,0.00033,sector_a
2146.31546672,1.0073331480737713,0,0.00033,sector_a
2146.31685561,1.0078022157149735,2048,0.00033,sector_a
2146.3182445,1.007419653887871,0,0.00033,sector_a
2146.31963339,1.0076330150531252,0,0.00033,sector_a
2146.32102228,1.0077481464280937,0,0.00033,sector_a
2146.32241117,1.0074481060700942,0,0.00033,sector_a
2146.32380006,1.0069843316229747,0,0.00033,sector_a
2146.32518895,1.0071639030815054,0,0.00033,sector_a
2146.32657783,1.007413108185607,0,0.00033,sector_a
2146.32796672,1.0069966046284606,0,0.00033,sector_a
2146.32935561,1.007043379925531,0,0.00033,sector_a
2146.3307445,1.007293859870104,0,0.00033,sector_a
2146.33213339,1.0071420587676048,0,0.00033,sector_a
2146.33352228,1.0076781158542691,0,0.00033,sector_a
2146.33491117,1.007667010091733,0,0.00033,sector_a
2146.33630006,1.0066604952512332,0,0.00033,sector_a
2146.33768895,1.0076246840660477,0,0.00033,sector_a
2146.33907783,1.0072125026822436,0,0.00033,sector_a
2146.34046672,1.007376301987646,0,0.00033,sector_a
2146.34185561,1.0078690714125367,0,0.00033,sector_a
2146.3432445,1.0074813616888978,0,0.00033,sector_a
2146.34463339,1.0073532800052563,0,0.00033,sector_a
2146.34602228,1.0071727708341467,0,0.00033,sector_a
2146.34741117,1.0074801489815322,0,0.00033,sector_a
2146.34880006,1.0076136083462475,0,0.00033,sector_a
2146.35018895,1.007695414824229,0,0.00033,sector_a
2146.35157783,1.0072876797321542,0,0.00033,sector_a
2146.35296672,1.008045454341987,0,0.00033,sector_a
2146.35435561,1.0074085874590246,0,0.00033,sector_a
2146.3557445,1.0079999902760166,0,0.00033,sector_a
2146.35713339,1.007470178213662,0,0.00033,sector_a
2146.35852228,1.007965020151011,0,0.00033,sector_a
2146.35991117,1.0079472245050616,0,0.00033,sector_a
2146.36130006,1.0071914070050232,0,0.00033,sector_a
2146.36268895,1.0073907621505278,0,0.00033,sector_a
2146.36407783,1.0073837947879902,0,0.00033,sector_a
2146.36546672,1.0076644884739412,0,0.00033,sector_a
2146.36685561,1.007162845317687,0,0.00033,sector_a
2146.3682445,1.0070752520067237,0,0.00033,sector_a
2146.36963339,1.008374475025226,0,0.00033,sector_a
2146.37102228,1.0076657564909621,0,0.00033,sector_a
2146.37241117,1.0078013624550648,0,0.00033,sector_a
2146.37380006,1.0074984683915145,0,0.00033,sector_a
2146.37518895,1.007544042117894,2048,0.00033,sector_a
2146.37657783,1.0076720211558559,0,0.00033,sector_a
2146.37796672,1.0075275137078041,0,0.00033,sector_a
2146.37935561,1.0073631929538733,0,0.00033,sector_a
2146.3807445,1.0073370309179075,0,0.00033,sector_a
2146.38213339,1.0078691710616854,0,0.00033,sector_a
2146.38352228,1.0072073232467595,0,0.00033,sector_a
2146.38491117,1.007631770140508,0,0.00033,sector_a
2146.38630006,1.0074479930228666,0,0.00033,sector_a
2146.38768895,1.0073443731702316,0,0.00033,sector_a
2146.38907783,1.0076783696292801,0,0.00033,sector_a
2146.39046672,1.007273830903341,0,0.00033,sector_a
2146.39185561,1.0067391761536926,0,0.00033,sector_a
2146.3932445,1.0076745516729975,0,0.00033,sector_a
2146.39463339,1.0074512821565567,0,0.00033,sector_a
2146.39602228,1.007511531477377,0,0.00033,sector_a
2146.39741117,1.0077402674332256,0,0.00033,sector_a
2146.39880006,1.007354458354127,0,0.00033,sector_a
2146.40018895,1.0077884041736365,0,0.00033,sector_a
2146.40157783,1.0072958675216122,0,0.00033,sector_a
2146.40296672,1.0080681274506453,0,0.00033,sector_a
2146.40435561,1.0069852521914453,0,0.00033,sector_a
2146.4057445,1.0073514431967816,0,0.00033,sector_a
2146.40713339,1.0072594984123617,0,0.00033,sector_a
2146.40852228,1.0069457588320971,0,0.00033,sector_a
2146.40991117,1.007022806439442,0,0.00033,sector_a
2146.41130006,1.0073307554226754,0,0.00033,sector_a
2146.41268895,1.0067721021880385,0,0.00033,sector_a
2146.41407783,1.007306132633395,0,0.00033,sector_a
2146.41546672,1.0075437156961047,0,0.00033,sector_a
2146.41685561,1.0069467099443759,0,0.00033,sector_a
2146.4182445,1.007043714347946,0,0.00033,sector_a
2146.41963339,1.0068291813419181,0,0.00033,sector_a
2146.42102228,1.0071352268421514,0,0.00033,sector_a
2146.42241117,1.0072227640943021,0,0.00033,sector_a
2146.42380006,1.0070166981596438,0,0.00033,sector_a
2146.42518895,1.0070427578544672,0,0.00033,sector_a
2146.42657783,1.0073204786817602,0,0.00033,sector_a
2146.42796672,1.0073841928216611,0,0.00033,sector_a
2146.42935561,1.006885875287982,0,0.00033,sector_a
2146.4307445,1.0070976482509861,0,0.00033,sector_a
2146.43213339,1.0070357180884777,0,0.00033,sector_a
2146.43352228,1.006747262038921,0,0.00033,sector_a
2146.43491117,1.007236606102247,0,0.00033,sector_a
2146.43630006,1.0073848745337033,0,0.00033,sector_a
2146.43768895,1.007325437523346,0,0.00033,sector_a
2146.43907783,1.0069717404176772,0,0.00033,sector_a
2146.44046672,1.0075906123412233,0,0.00033,sector_a
2146.44185561,1.0075055070002203,0,0.00033,sector_a
2146.4432445,1.0070203994566553,0,0.00033,sector_a
2146.44463339,1.0071341975531982,0,0.00033,sector_a
2146.44602228,1.0075129694821197,0,0.00033,sector_a
2146.44741117,1.0070791418508545,0,0.00033,sector_a
2146.44880006,1.0075913932172402,0,0.00033,sector_a
2146.45018895,1.0077112507337285,0,0.00033,sector_a
2146.45157783,1.0072088212793733,0,0.00033,sector_a
2146.45296672,1.0072463447262243,0,0.00033,sector_a
2146.45435561,1.0072387214618626,0,0.00033,sector_a
2146.4557445,1.007639540835345,0,0.00033,sector_a
2146.45713339,1.0074952048913939,0,0.00033,sector_a
2146.45852228,1.00690142174384,0,0.00033,sector_a
2146.45991117,1.0067912801797636,0,0.00033,sector_a
2146.46130006,1.0070175861648598,0,0.00033,sector_a
2146.46268895,1.0071068202027254,0,0.00033,sector_a
2146.46407783,1.0068916436439483,0,0.00033,sector_a
2146.46546672,1.0074829348873586,0,0.00033,sector_a
2146.46685561,1.0072306920579348,0,0.00033,sector_a
2146.4682445,1.0074878210169635,0,0.00033,sector_a
2146.46963339,1.007514792032972,0,0.00033,sector_a
2146.47102228,1.0069139478803137,0,0.00033,sector_a
2146.47241117,1.0078341262108426,0,0.00033,sector_a
2146.47380006,1.007700596492667,0,0.00033,sector_a
2146.47518895,1.0071259829457835,0,0.00033,sector_a
2146.47657783,1.00691669297119,0,0.00033,sector_a
2146.47796672,1.0069254111594492,0,0.00033,sector_a
2146.47935561,1.0073441358460091,0,0.00033,sector_a
2146.4807445,1.0070069228517415,0,0.00033,sector_a
2146.48213339,1.0072674931081493,0,0.00033,sector_a
2146.48352228,1.007733170216571,0,0.00033,sector_a
2146.48491117,1.0071415372067996,0,0.00033,sector_a
2146.48630006,1.0070532279118887,0,0.00033,sector_a
2146.48768895,1.0072952929730365,0,0.00033,sector_a
2146.48907783,1.007253942563025,0,0.00033,sector_a
2146.49046672,1.0068310170265506,0,0.00033,sector_a
2146.49185561,1.0065886601565563,0,0.00033,sector_a
2146.4932445,1.0070826640317072,0,0.00033,sector_a
2146.49463339,1.0070072301924753,0,0.00033,sector_a
2146.49602228,1.0069782456480414,0,0.00033,sector_a
2146.49741117,1.0071442054729596,0,0.00033,sector_a
2146.49880006,1.0072769210440309,0,0.00033,sector_a
2146.50018895,1.006859705008351,0,0.00033,sector_a
2146.50157783,1.0073581013066564,0,0.00033,sector_a
2146.50296672,1.00685522438806,0,0.00033,sector_a
2146.50435561,1.00706703608189,0,0.00033,sector_a
2146.5057445,1.0071836681922166,0,0.00033,sector_a
2146.50713339,1.0073503652286147,0,0.00033,sector_a
2146.50852228,1.0075073609028047,0,0.00033,sector_a
2146.50991117,1.007249625628943,0,0.00033,sector_a
2146.51130006,1.0070921843786202,0,0.00033,sector_a
2146.51268895,1.0072376944995949,0,0.00033,sector_a
2146.51407783,1.0072287417895687,0,0.00033,sector_a
2146.51546672,1.006896912208648,0,0.00033,sector_a
2146.51685561,1.0071003970331087,0,0.00033,sector_a
2146.5182445,1.0069970345668158,0,0.00033,sector_a
2146.51963339,1.0071820666638651,0,0.00033,sector_a
2146.52102228,1.0065614245642618,0,0.00033,sector_a
2146.52241117,1.006636811615316,0,0.00033,sector_a
2146.52380006,1.006386101419474,0,0.00033,sector_a
2146.52518895,1.0073310706603067,0,0.00033,sector_a
2146.52657783,1.0069450882410094,0,0.00033,sector_a
2146.52796672,1.0070674758362508,0,0.00033,sector_a
2146.52935561,1.006453481298044,0,0.00033,sector_a
2146.5307445,1.0072384395152951,0,0.00033,sector_a
2146.53213339,1.0071373198745521,0,0.00033,sector_a
2146.53352228,1.0074822051598014,0,0.00033,sector_a
2146.53491117,1.0075360097769905,0,0.00033,sector_a
2146.53630006,1.00718192688351,0,0.00033,sector_a
2146.53768895,1.007091414074541,0,0.00033,sector_a
2146.53907783,1.0071531513978735,2048,0.00033,sector_a
2146.54046672,1.0070158712802488,0,0.00033,sector_a
2146.54185561,1.006951223352576,0,0.00033,sector_a
2146.5432445,1.0070376356719124,0,0.00033,sector_a
2146.54463339,1.0071018802594631,0,0.00033,sector_a
2146.54602228,1.0067887003117721,0,0.00033,sector_a
2146.54741117,1.006924856165032,0,0.00033,sector_a
2146.54880006,1.0076132944211795,0,0.00033,sector_a
2146.55018895,1.0068572958248856,0,0.00033,sector_a
2146.55157783,1.0068871048124732,0,0.00033,sector_a
2146.55296672,1.0071556379227267,0,0.00033,sector_a
2146.55435561,1.0067187331195722,0,0.00033,sector_a
2146.5557445,1.0068826283673051,0,0.00033,sector_a
2146.55713339,1.0065393409065304,0,0.00033,sector_a
2146.55852228,1.006972738352062,0,0.00033,sector_a
2146.55991117,1.0066941425195197,0,0.00033,sector_a
2146.56130006,1.0063334268354582,0,0.00033,sector_a
2146.56268895,1.0071078003246496,0,0.00033,sector_a
2146.56407783,1.0072153237890578,0,0.00033,sector_a
2146.56546672,1.0069059083404688,0,0.00033,sector_a
2146.56685561,1.0075645166978173,0,0.00033,sector_a
2146.5682445,1.00642675901156,0,0.00033,sector_a
2146.56963339,1.0064723108505118,0,0.00033,sector_a
2146.57102228,1.006988731131564,0,0.00033,sector_a
2146.57241117,1.0072596696436757,0,0.00033,sector_a
2146.57380006,1.0069113835569126,0,0.00033,sector_a
2146.57518895,1.006813190968635,0,0.00033,sector_a
2146.57657783,1.0066036959301323,0,0.00033,sector_a
2146.57796672,1.0075315395751088,0,0.00033,sector_a
2146.57935561,1.0067576016447168,0,0.00033,sector_a
2146.5807445,1.0071426503974998,0,0.00033,sector_a
2146.58213339,1.0070088626123501,0,0.00033,sector_a
2146.58352228,1.0064733765680998,0,0.00033,sector_a
2146.58491117,1.007198138068178,0,0.00033,sector_a
2146.58630006,1.0067163225414884,0,0.00033,sector_a
2146.58768895,1.0070523899450323,0,0.00033,sector_a
2146.58907783,1.0070880958156907,0,0.00033,sector_a
2146.59046672,1.0068532386908637,0,0.00033,sector_a
2146.59185561,1.0074617744568128,0,0.00033,sector_a
2146.5932445,1.007355163626341,0,0.00033,sector_a
2146.59463339,1.0068838454541331,0,0.00033,sector_a
2146.59602228,1.0071730121681344,0,0.00033,sector_a
2146.59741117,1.007307416135392,2048,0.00033,sector_a
2146.59880006,1.007476278923218,0,0.00033,sector_a
2146.60018895,1.0067979072594018,2048,0.00033,sector_a
2146.60157783,1.0075540470231692,0,0.00033,sector_a
2146.60296672,1.0066001963824196,0,0.00033,sector_a
2146.60435561,1.0064990810101437,0,0.00033,sector_a
2146.6057445,1.007095129928501,0,0.00033,sector_a
2146.60713339,1.0065662935772604,0,0.00033,sector_a
2146.60852228,1.0074231289332918,0,0.00033,sector_a
2146.60991117,1.0062603616708656,0,0.00033,sector_a
2146.61130006,1.0068630271138077,0,0.00033,sector_a
2146.61268895,1.0070646384196256,0,0.00033,sector_a
2146.61407783,1.006314125725592,0,0.00033,sector_a
2146.61546672,1.0071903401544124,0,0.00033,sector_a
2146.61685561,1.0063767736925915,0,0.00033,sector_a
2146.6182445,1.0069495675622304,0,0.00033,sector_a
2146.61963339,1.0069086307395752,0,0.00033,sector_a
2146.62102228,1.0069085332893841,0,0.00033,sector_a
2146.62241117,1.0071019107301793,0,0.00033,sector_a
2146.62380006,1.0070907580822808,0,0.00033,sector_a
2146.62518895,1.006557407357187,0,0.00033,sector_a
2146.62657783,1.0065169265812064,4096,0.00033,sector_a
2146.62796672,1.0068446692915451,0,0.00033,sector_a
2146.62935561,1.0062718610164247,2048,0.00033,sector_a
2146.6307445,1.0072335800468857,0,0.00033,sector_a
2146.63213339,1.0067424885916023,0,0.00033,sector_a
2146.63352228,1.0075551545812722,0,0.00033,sector_a
2146.63491117,1.00697739475457,0,0.00033,sector_a
2146.63630006,1.0065928099950014,0,0.00033,sector_a
2146.63768895,1.0064579241249818,0,0.00033,sector_a
2146.63907783,1.0071968427023623,0,0.00033,sector_a
2146.64046672,1.0057335188409215,0,0.00033,sector_a
2146.64185561,1.0066315230286074,0,0.00033,sector_a
2146.6432445,1.0074515799877517,0,0.00033,sector_a
2146.64463339,1.006744642839972,0,0.00033,sector_a
2146.64602228,1.0069816931202558,0,0.00033,sector_a
2146.64741117,1.0067556435151699,0,0.00033,sector_a
2146.64880006,1.0069348776368496,0,0.00033,sector_a
2146.65018895,1.0064845283978512,0,0.00033,sector_a
2146.65157783,1.006773932851732,0,0.00033,sector_a
2146.65296672,1.0071451817225956,0,0.00033,sector_a
2146.65435561,1.0067384936825228,0,0.00033,sector_a
2146.6557445,1.0067782874723314,0,0.00033,sector_a
2146.65713339,1.007126017091405,0,0.00033,sector_a
2146.65852228,1.0070687425141704,0,0.00033,sector_a
2146.65991117,1.0067900793186964,0,0.00033,sector_a
2146.66130006,1.0064621121713997,0,0.00033,sector_a
2146.66268895,1.0063668561201233,0,0.00033,sector_a
2146.66407783,1.0067824734198756,0,0.00033,sector_a
2146.66546672,1.0067180693831017,0,0.00033,sector_a
2146.66685561,1.0072662453104728,0,0.00033,sector_a
2146.6682445,1.0077231242633022,0,0.00033,sector_a
2146.66963339,1.0072308343985228,0,0.00033,sector_a
2146.67102228,1.0065362149971477,0,0.00033,sector_a
2146.67241117,1.006599325385452,0,0.00033,sector_a
2146.67380006,1.0061698518832622,0,0.00033,sector_a
2146.67518895,1.0067714549930513,0,0.00033,sector_a
2146.67657783,1.0067642278529532,0,0.00033,sector_a
2146.67796672,1.0069780906558439,0,0.00033,sector_a
2146.67935561,1.0063666352917249,0,0.00033,sector_a
2146.6807445,1.006763337378371,0,0.00033,sector_a
2146.68213339,1.0066594953578059,0,0.00033,sector_a
2146.68352228,1.006972981034836,0,0.00033,sector_a
2146.68491117,1.0061880388701152,0,0.00033,sector_a
2146.68630006,1.0070677701581656,0,0.00033,sector_a
2146.68768895,1.0066509239812333,0,0.00033,sector_a
2146.68907783,1.0066183191574194,0,0.00033,sector_a
2146.69046672,1.0062351858650878,0,0.00033,sector_a
2146.69185561,1.0065561631723006,0,0.00033,sector_a
2146.6932445,1.0067125057299826,0,0.00033,sector_a
2146.69463339,1.0065262651516547,0,0.00033,sector_a
2146.69602228,1.0066644306599661,0,0.00033,sector_a
2146.69741117,1.0062257085235926,0,0.00033,sector_a
2146.69880006,1.00658945432748,0,0.00033,sector_a
2146.70018895,1.006288140454549,0,0.00033,sector_a
2146.70157783,1.0059815680190287,0,0.00033,sector_a
2146.70296672,1.006131068199473,0,0.00033,sector_a
2146.70435561,1.0064829171312608,0,0.00033,sector_a
2146.7057445,1.0066896138489483,0,0.00033,sector_a
2146.70713339,1.0065944208799529,0,0.00033,sector_a
2146.70852228,1.0070063677147183,0,0.00033,sector_a
2146.70991117,1.0066720798258715,0,0.00033,sector_a
2146.71130006,1.0065803401097366,0,0.00033,sector_a
2146.71268895,1.006392360459464,0,0.00033,sector_a
2146.71407783,1.0067250572457709,0,0.00033,sector_a
2146.71546672,1.0065233728382208,0,0.00033,sector_a
2146.71685561,1.0059363200763456,0,0.00033,sector_a
2146.7182445,1.006519844243477,0,0.00033,sector_a
2146.71963339,1.0065265560868297,0,0.00033,sector_a
2146.72102228,1.006490123284686,0,0.00033,sector_a
2146.72241117,1.0074172477796783,0,0.00033,sector_a
2146.72380006,1.0067265338971843,0,0.00033,sector_a
2146.72518895,1.0067951917600595,0,0.00033,sector_a
2146.72657783,1.0067229490659328,0,0.00033,sector_a
2146.72796672,1.0063672711840579,0,0.00033,sector_a
2146.72935561,1.0065900368315737,0,0.00033,sector_a
2146.7307445,1.0065918669849045,0,0.00033,sector_a
2146.73213339,1.0065951955964163,0,0.00033,sector_a
2146.73352228,1.0062622242517913,0,0.00033,sector_a
2146.73491117,1.006600510376983,0,0.00033,sector_a
2146.73630006,1.0063831439570887,0,0.00033,sector_a
2146.73768895,1.0060941403857848,0,0.00033,sector_a
2146.73907783,1.0061445662791035,0,0.00033,sector_a
2146.74046672,1.0063384113016218,0,0.00033,sector_a
2146.74185561,1.0064403974335496,0,0.00033,sector_a
2146.7432445,1.006037301372263,0,0.00033,sector_a
2146.74463339,1.0059466302692728,0,0.00033,sector_a
2146.74602228,1.0061254151400525,0,0.00033,sector_a
2146.74741117,1.0062668109087687,0,0.00033,sector_a
2146.74880006,1.0069287407408298,0,0.00033,sector_a
2146.75018895,1.0065882900781689,0,0.00033,sector_a
2146.75157783,1.005698998583328,0,0.00033,sector_a
2146.75296672,1.0062491815428296,0,0.00033,sector_a
2146.75435561,1.0064610525608115,0,0.00033,sector_a
2146.7557445,1.0067508914248011,0,0.00033,sector_a
2146.75713339,1.0063731732816137,0,0.00033,sector_a
2146.75852228,1.0069806133789019,0,0.00033,sector_a
2146.75991117,1.0061735693522993,0,0.00033,sector_a
2146.76130006,1.0070670986874646,0,0.00033,sector_a
2146.76268895,1.0062821056061426,0,0.00033,sector_a
2146.76407783,1.0063699531238712,0,0.00033,sector_a
2146.76546672,1.0065103026653759,0,0.00033,sector_a
2146.76685561,1.0062142225869806,0,0.00033,sector_a
2146.7682445,1.0060280983330088,0,0.00033,sector_a
2146.76963339,1.006515959974827,0,0.00033,sector_a
2146.77102228,1.0064455656013989,0,0.00033,sector_a
2146.77241117,1.006878138490231,0,0.00033,sector_a
2146.77380006,1.0066472550478234,0,0.00033,sector_a
2146.77518895,1.0061638367193642,0,0.00033,sector_a
2146.77657783,1.0065386437349126,0,0.00033,sector_a
2146.77796672,1.006089861761406,0,0.00033,sector_a
2146.77935561,1.0058136888908966,0,0.00033,sector_a
2146.7807445,1.0062540984425927,4096,0.00033,sector_a
2146.78213339,1.006134607632042,0,0.00033,sector_a
2146.78352228,1.0060905306127905,0,0.00033,sector_a
2146.78491117,1.0066162731124106,0,0.00033,sector_a
2146.78630006,1.0062834395432698,0,0.00033,sector_a
2146.78768895,1.0059929864641304,0,0.00033,sector_a
2146.78907783,1.0061262436936735,0,0.00033,sector_a
2146.79046672,1.0063609145494763,0,0.00033,sector_a
2146.79185561,1.0056050292679752,0,0.00033,sector_a
2146.7932445,1.0064184371069655,0,0.00033,sector_a
2146.79463339,1.0063333707960036,0,0.00033,sector_a
2146.79602228,1.0064078908378697,0,0.00033,sector_a
2146.79741117,1.006678258561396,0,0.00033,sector_a
2146.79880006,1.0066592261716731,0,0.00033,sector_a
2146.80018895,1.0060959761360895,0,0.00033,sector_a
2146.80157783,1.006597010843992,0,0.00033,sector_a
2146.80296672,1.0062994421035136,0,0.00033,sector_a
2146.80435561,1.0058507168312478,0,0.00033,sector_a
2146.8057445,1.0062177198727942,0,0.00033,sector_a
2146.80713339,1.0061711637754704,0,0.00033,sector_a
2146.80852228,1.006372179957067,0,0.00033,sector_a
2146.80991117,1.005956330064277,0,0.00033,sector_a
2146.81130006,1.0059419281249296,0,0.00033,sector_a
2146.81268895,1.0063056160921826,0,0.00033,sector_a
2146.81407783,1.0059680688126191,0,0.00033,sector_a
2146.81546672,1.006047519395468,0,0.00033,sector_a
2146.81685561,1.0059716028727061,0,0.00033,sector_a
2146.8182445,1.0062985429371942,0,0.00033,sector_a
2146.81963339,1.006248134623288,0,0.00033,sector_a
2146.82102228,1.006035554076448,0,0.00033,sector_a
2146.82241117,1.0052478967607639,0,0.00033,sector_a
2146.82380006,1.0063811566090766,0,0.00033,sector_a
2146.82518895,1.0058582612449867,0,0.00033,sector_a
2146.82657783,1.0061928878226278,0,0.00033,sector_a
2146.82796672,1.0059857813299073,0,0.00033,sector_a
2146.82935561,1.0055532435314414,0,0.00033,sector_a
2146.8307445,1.006302184858535,0,0.00033,sector_a
2146.83213339,1.0059598318856744,0,0.00033,sector_a
2146.83352228,1.006093895910643,0,0.00033,sector_a
2146.83491117,1.006154072397829,0,0.00033,sector_a
2146.83630006,1.0068532970279036,0,0.00033,sector_a
2146.83768895,1.00594680737446,0,0.00033,sector_a
2146.83907783,1.0060021370729422,0,0.00033,sector_a
2146.84046672,1.0058841731479276,0,0.00033,sector_a
2146.84185561,1.0059955986339066,0,0.00033,sector_a
2146.8432445,1.0061762433696655,0,0.00033,sector_a
2146.84463339,1.0059970937200011,0,0.00033,sector_a
2146.84602228,1.0061318470265128,0,0.00033,sector_a
2146.84741117,1.00606185497508,0,0.00033,sector_a
2146.84880006,1.006030250692619,0,0.00033,sector_a
2146.85018895,1.0060080691241848,0,0.00033,sector_a
2146.85157783,1.0068517558223349,0,0.00033,sector_a
2146.85296672,1.0058014558557868,0,0.00033,sector_a
2146.85435561,1.0060616841863546,0,0.00033,sector_a
2146.8557445,1.0057412283419753,0,0.00033,sector_a
2146.85713339,1.0062567298170557,0,0.00033,sector_a
2146.85852228,1.0062538718601086,0,0.00033,sector_a
2146.85991117,1.0059911464586855,0,0.00033,sector_a
2146.86130006,1.0057170331586918,0,0.00033,sector_a
2146.86268895,1.0062590549161015,0,0.00033,sector_a
2146.86407783,1.0064233043168158,0,0.00033,sector_a
2146.86546672,1.0055003811669245,0,0.00033,sector_a
2146.86685561,1.0057615194901048,0,0.00033,sector_a
2146.8682445,1.0059656198022096,0,0.00033,sector_a
2146.86963339,1.0059884233684304,0,0.00033,sector_a
2146.87102228,1.0060088363183723,0,0.00033,sector_a
2146.87241117,1.0062093366559308,0,0.00033,sector_a
2146.87380006,1.005889467631285,0,0.00033,sector_a
2146.87518895,1.0059730421691047,0,0.00033,sector_a
2146.87657783,1.0061991632871918,0,0.00033,sector_a
2146.87796672,1.0058834151077263,0,0.00033,sector_a
2146.87935561,1.0064497227700724,0,0.00033,sector_a
2146.8807445,1.006037323834274,0,0.00033,sector_a
2146.88213339,1.0063114786619856,0,0.00033,sector_a
2146.88352228,1.0060878875237027,0,0.00033,sector_a
2146.88491117,1.0062435563854086,0,0.00033,sector_a
2146.88630006,1.0060149511882468,0,0.00033,sector_a
2146.88768895,1.0060495140816132,0,0.00033,sector_a
2146.88907783,1.0061428482596946,0,0.00033,sector_a
2146.89046672,1.005857162853214,0,0.00033,sector_a
2146.89185561,1.006496460167658,0,0.00033,sector_a
2146.8932445,1.005775353024921,0,0.00033,sector_a
2146.89463339,1.0063766150232771,0,0.00033,sector_a
2146.89602228,1.0058797890899993,0,0.00033,sector_a
2146.89741117,1.00627342034692,0,0.00033,sector_a
2146.89880006,1.006139872179195,0,0.00033,sector_a
2146.90018895,1.0063787499766226,0,0.00033,sector_a
2146.90157783,1.0069116935708984,0,0.00033,sector_a
2146.90296672,1.0067717382150707,0,0.00033,sector_a
2146.90435561,1.005848079490756,0,0.00033,sector_a
2146.9057445,1.0059982091484752,0,0.00033,sector_a
2146.90713339,1.0057243204214315,0,0.00033,sector_a
2146.90852228,1.0060248544055164,0,0.00033,sector_a
2146.90991117,1.0055538376047761,0,0.00033,sector_a
2146.91130006,1.0060707077145248,0,0.00033,sector_a
2146.91268895,1.0054749062884083,0,0.00033,sector_a
2146.91407783,1.0064094791806835,0,0.00033,sector_a
2146.91546672,1.0057996590330152,0,0.00033,sector_a
2146.91685561,1.0055150567975446,0,0.00033,sector_a
2146.9182445,1.0057337263806498,0,0.00033,sector_a
2146.91963339,1.0059260980446254,0,0.00033,sector_a
2146.92102228,1.0055147329591088,0,0.00033,sector_a
2146.92241117,1.006389323463779,0,0.00033,sector_a
2146.92380006,1.005994464224088,0,0.00033,sector_a
2146.92518895,1.0056760681817805,0,0.00033,sector_a
2146.92657783,1.0054468880193073,0,0.00033,sector_a
2146.92796672,1.005906485314207,0,0.00033,sector_a
2146.92935561,1.0059624025501726,0,0.00033,sector_a
2146.9307445,1.006060730126805,0,0.00033,sector_a
2146.93213339,1.0057830670602963,0,0.00033,sector_a
2146.93352228,1.0055287829950512,0,0.00033,sector_a
2146.93491117,1.0060672628827056,0,0.00033,sector_a
2146.93630006,1.0057534159291928,0,0.00033,sector_a
2146.93768895,1.0054736503321882,0,0.00033,sector_a
2146.93907783,1.005782162448728,0,0.00033,sector_a
2146.94046672,1.005712039524918,0,0.00033,sector_a
2146.94185561,1.0056181229241803,0,0.00033,sector_a
2146.9432445,1.0059858295323367,0,0.00033,sector_a
2146.94463339,1.0049120602926571,0,0.00033,sector_a
2146.94602228,1.0059866502907067,0,0.00033,sector_a
2146.94741117,1.0055972480386453,0,0.00033,sector_a
2146.94880006,1.0055606233938812,0,0.00033,sector_a
2146.95018895,1.0055955824769833,0,0.00033,sector_a
2146.95157783,1.005811975456252,0,0.00033,sector_a
2146.95296672,1.0053179530602578,4096,0.00033,sector_a
2146.95435561,1.005668154204994,0,0.00033,sector_a
2146.9557445,1.0060122672114162,0,0.00033,sector_a
2146.95713339,1.0059398030854383,0,0.00033,sector_a
2146.95852228,1.005345097665374,0,0.00033,sector_a
2146.95991117,1.005420372470706,0,0.00033,sector_a
2146.96130006,1.005203368027971,0,0.00033,sector_a
2146.96268895,1.0052120129040902,0,0.00033,sector_a
2146.96407783,1.0059303603390872,0,0.00033,sector_a
2146.96546672,1.0059542264042944,0,0.00033,sector_a
2146.96685561,1.005256188067027,0,0.00033,sector_a
2146.9682445,1.0062509181452144,0,0.00033,sector_a
2146.96963339,1.0060737431637234,0,0.00033,sector_a
2146.97102228,1.0058270902827364,0,0.00033,sector_a
2146.97241117,1.0054973697165503,0,0.00033,sector_a
2146.97380006,1.0054606760183737,0,0.00033,sector_a
2146.97518895,1.0058824919940141,0,0.00033,sector_a
2146.97657783,1.0057903629966505,0,0.00033,sector_a
2146.97796672,1.0051407863400992,0,0.00033,sector_a
2146.97935561,1.005681442122168,0,0.00033,sector_a
2146.9807445,1.0056688119606552,0,0.00033,sector_a
2146.98213339,1.0060405336179705,0,0.00033,sector_a
2146.98352228,1.0053187555677563,0,0.00033,sector_a
2146.98491117,1.005478377470495,0,0.00033,sector_a
2146.98630006,1.005520705455865,0,0.00033,sector_a
2146.98768895,1.0055132760855774,0,0.00033,sector_a
2146.98907783,1.0053766573320058,0,0.00033,sector_a
2146.99046672,1.0059948662701712,0,0.00033,sector_a
2146.99185561,1.005278268867085,0,0.00033,sector_a
2146.9932445,1.0053837475364584,0,0.00033,sector_a
2146.99463339,1.0052342320059033,2048,0.00033,sector_a
2146.99602228,1.0054505665290734,0,0.00033,sector_a
2146.99741117,1.0058682456997996,0,0.00033,sector_a
2146.99880006,1.0055868849373593,0,0.00033,sector_a
2147.00018895,1.0057612680131354,0,0.00033,sector_a
2147.00157783,1.0057058279423037,0,0.00033,sector_a
2147.00296672,1.0054543130321303,0,0.00033,sector_a
2147.00435561,1.0049285024812111,0,0.00033,sector_a
2147.0057445,1.0055638233931046,0,0.00033,sector_a
2147.00713339,1.0054827073934967,0,0.00033,sector_a
2147.00852228,1.0054096644572958,0,0.00033,sector_a
2147.00991117,1.0053371622981055,0,0.00033,sector_a
2147.01130006,1.0054060130478026,0,0.00033,sector_a
2147.01268895,1.0052442234402896,0,0.00033,sector_a
2147.01407783,1.0052124252740764,0,0.00033,sector_a
2147.01546672,1.0052557712751942,0,0.00033,sector_a
2147.01685561,1.0055249484124424,0,0.00033,sector_a
2147.0182445,1.0059938248605582,0,0.00033,sector_a
2147.01963339,1.0056437116458514,0,0.00033,sector_a
2147.02102228,1.0048324559455248,0,0.00033,sector_a
2147.02241117,1.0054805576314108,0,0.00033,sector_a
2147.02380006,1.0055965147549326,0,0.00033,sector_a
2147.02518895,1.0056932382397197,0,0.00033,sector_a
2147.02657783,1.0052357525236255,0,0.00033,sector_a
2147.02796672,1.0049149462569453,0,0.00033,sector_a
2147.02935561,1.005676882569528,0,0.00033,sector_a
2147.0307445,1.0052605105554882,0,0.00033,sector_a
2147.03213339,1.0059917760014228,0,0.00033,sector_a
2147.03352228,1.0050229775113317,0,0.00033,sector_a
2147.03491117,1.006024252066195,0,0.00033,sector_a
2147.03630006,1.0050006492215033,0,0.00033,sector_a
2147.03768895,1.0059989983147586,0,0.00033,sector_a
2147.03907783,1.0054450003874087,0,0.00033,sector_a
2147.04046672,1.0056849839774546,0,0.00033,sector_a
2147.04185561,1.005561190089173,0,0.00033,sector_a
2147.0432445,1.0057221849641054,0,0.00033,sector_a
2147.04463339,1.0054759743110577,0,0.00033,sector_a
2147.04602228,1.0056368300091258,0,0.00033,sector_a
2147.04741117,1.0049968272424663,0,0.00033,sector_a
2147.04880006,1.005329104544557,0,0.00033,sector_a
2147.05018895,1.0049531565437904,0,0.00033,sector_a
2147.05157783,1.0053262568908423,0,0.00033,sector_a
2147.05296672,1.0054134444755891,0,0.00033,sector_a
2147.05435561,1.0053039869879086,0,0.00033,sector_a
2147.0557445,1.0056758810328739,0,0.00033,sector_a
2147.05713339,1.0055938617773021,0,0.00033,sector_a
2147.05852228,1.0055222926357779,0,0.00033,sector_a
2147.05991117,1.0056233097544813,0,0.00033,sector_a
2147.06130006,1.0057851755596612,0,0.00033,sector_a
2147.06268895,1.0050521000784567,0,0.00033,sector_a
2147.06407783,1.0051794576332682,0,0.00033,sector_a
2147.06546672,1.005308472456485,0,0.00033,sector_a
2147.06685561,1.0049749825904333,0,0.00033,sector_a
2147.0682445,1.0051167041891802,0,0.00033,sector_a
2147.06963339,1.0047739772675208,0,0.00033,sector_a
2147.07102228,1.0048754909293391,0,0.00033,sector_a
2147.07241117,1.005687383198023,0,0.00033,sector_a
2147.07380006,1.0051631886804089,0,0.00033,sector_a
2147.07518895,1.004625876880515,0,0.00033,sector_a
2147.07657783,1.0053070851190042,0,0.00033,sector_a
2147.07796672,1.0050967295335465,0,0.00033,sector_a
2147.07935561,1.0045907893531423,0,0.00033,sector_a
2147.0807445,1.0049567864428752,0,0.00033,sector_a
2147.08213339,1.005101652480298,0,0.00033,sector_a
2147.08352228,1.005260648023835,0,0.00033,sector_a
2147.08491117,1.0049905699699968,0,0.00033,sector_a
2147.08630006,1.0055365770614093,0,0.00033,sector_a
2147.08768895,1.0050956491391458,0,0.00033,sector_a
2147.08907783,1.0059154122376375,0,0.00033,sector_a
2147.09046672,1.005472586530516,0,0.00033,sector_a
2147.09185561,1.0056345711742114,0,0.00033,sector_a
2147.0932445,1.005568827715014,0,0.00033,sector_a
2147.09463339,1.0047559701721438,0,0.00033,sector_a
2147.09602228,1.0055522270683654,0,0.00033,sector_a
2147.09741117,1.0059860094609525,0,0.00033,sector_a
2147.09880006,1.0056934832837277,0,0.00033,sector_a
2147.10018895,1.0052436805737666,0,0.00033,sector_a
2147.10157783,1.004790792059478,0,0.00033,sector_a
2147.10296672,1.0054811535426973,0,0.00033,sector_a
2147.10435561,1.0049616161370094,0,0.00033,sector_a
2147.1057445,1.0051905979037175,0,0.00033,sector_a
2147.10713339,1.0053925341510805,0,0.00033,sector_a
2147.10852228,1.0054659416191734,0,0.00033,sector_a
2147.10991117,1.0048261292772955,0,0.00033,sector_a
2147.11130006,1.0053911078987299,0,0.00033,sector_a
2147.11268895,1.0052445370002066,0,0.00033,sector_a
2147.11407783,1.0049823375923508,0,0.00033,sector_a
2147.11546672,1.004964260262011,0,0.00033,sector_a
2147.11685561,1.0051832222251829,0,0.00033,sector_a
2147.1182445,1.0056005620023785,0,0.00033,sector_a
2147.11963339,1.0049251848113014,0,0.00033,sector_a
2147.12102228,1.0053324010481803,0,0.00033,sector_a
2147.12241117,1.0047703894735482,0,0.00033,sector_a
2147.12380006,1.0048597767259355,0,0.00033,sector_a
2147.12518895,1.0050100409894034,0,0.00033,sector_a
2147.12657783,1.0049761944913478,0,0.00033,sector_a
2147.12796672,1.0049633426352604,0,0.00033,sector_a
2147.12935561,1.0047597310646006,0,0.00033,sector_a
2147.1307445,1.0047937504428066,0,0.00033,sector_a
2147.13213339,1.004851701673768,0,0.00033,sector_a
2147.13352228,1.0051903610479682,0,0.00033,sector_a
2147.13491117,1.0050853043032943,0,0.00033,sector_a
2147.13630006,1.005214970889118,2048,0.00033,sector_a
2147.13768895,1.0053264475356327,0,0.00033,sector_a
2147.13907783,1.0049329254250334,0,0.00033,sector_a
2147.14046672,1.004739397157398,0,0.00033,sector_a
2147.14185561,1.0047063488536703,0,0.00033,sector_a
2147.1432445,1.0054549404833575,0,0.00033,sector_a
2147.14463339,1.0052120905582442,0,0.00033,sector_a
2147.14602228,1.0054111723607106,0,0.00033,sector_a
2147.14741117,1.0052910627845866,0,0.00033,sector_a
2147.14880006,1.00487055558136,0,0.00033,sector_a
2147.15018895,1.0050737153937763,0,0.00033,sector_a
2147.15157783,1.004944729152498,0,0.00033,sector_a
2147.15296672,1.0056032533249997,0,0.00033,sector_a
2147.15435561,1.0050762361830639,0,0.00033,sector_a
2147.1557445,1.0053949496634123,0,0.00033,sector_a
2147.15713339,1.0049225777804964,0,0.00033,sector_a
2147.15852228,1.0052984910909302,0,0.00033,sector_a
2147.15991117,1.0049565439296428,0,0.00033,sector_a
2147.16130006,1.0046705016307946,0,0.00033,sector_a
2147.16268895,1.005284407692354,0,0.00033,sector_a
2147.16407783,1.0046349741003195,0,0.00033,sector_a
2147.16546672,1.0047637456101297,0,0.00033,sector_a
2147.16685561,1.0050944850294117,0,0.00033,sector_a
2147.1682445,1.0049691402439755,0,0.00033,sector_a
2147.16963339,1.004704873939013,0,0.00033,sector_a
2147.17102228,1.0048465112649718,0,0.00033,sector_a
2147.17241117,1.0052469391791334,0,0.00033,sector_a
2147.17380006,1.0045922364972453,0,0.00033,sector_a
2147.17518895,1.003997212424373,0,0.00033,sector_a
2147.17657783,1.0051391737644986,0,0.00033,sector_a
2147.17796672,1.0046323842292122,0,0.00033,sector_a
2147.17935561,1.0046912678049864,0,0.00033,sector_a
2147.1807445,1.0050300592162513,0,0.00033,sector_a
2147.18213339,1.0046345353933794,0,0.00033,sector_a
2147.18352228,1.0046979300523964,0,0.00033,sector_a
2147.18491117,1.0051250293586909,0,0.00033,sector_a
2147.18630006,1.0049629091870849,0,0.00033,sector_a
2147.18768895,1.0047331508389084,0,0.00033,sector_a
2147.18907783,1.0044788634249227,0,0.00033,sector_a
2147.19046672,1.0044305031402176,0,0.00033,sector_a
2147.19185561,1.005025367360797,0,0.00033,sector_a
2147.1932445,1.0049082565661966,0,0.00033,sector_a
2147.19463339,1.0044132119466074,0,0.00033,sector_a
2147.19602228,1.0047909075973762,0,0.00033,sector_a
2147.19741117,1.0040317226774313,0,0.00033,sector_a
2147.19880006,1.004908998378011,0,0.00033,sector_a
2147.20018895,1.0047801983681457,0,0.00033,sector_a
2147.20157783,1.0044487336002739,0,0.00033,sector_a
2147.20296672,1.0050354317241648,0,0.00033,sector_a
2147.20435561,1.0047888816581316,0,0.00033,sector_a
2147.2057445,1.0045549204067925,0,0.00033,sector_a
2147.20713339,1.00454527092588,0,0.00033,sector_a
2147.20852228,1.0045540658643857,0,0.00033,sector_a
2147.20991117,1.0049046189275113,0,0.00033,sector_a
2147.21130006,1.0048331374167492,0,0.00033,sector_a
2147.21268895,1.0044865991086052,0,0.00033,sector_a
2147.21407783,1.0042310128896,0,0.00033,sector_a
2147.21546672,1.0045425723569912,0,0.00033,sector_a
2147.21685561,1.0047255603951644,0,0.00033,sector_a
2147.2182445,1.0043382751090058,0,0.00033,sector_a
2147.21963339,1.0043440915194237,0,0.00033,sector_a
2147.22102228,1.0045325082637195,0,0.00033,sector_a
2147.22241117,1.0046792485325,0,0.00033,sector_a
2147.22380006,1.0047780450989772,0,0.00033,sector_a
2147.22518895,1.0049120689371873,0,0.00033,sector_a
2147.22657783,1.0039768895544716,0,0.00033,sector_a
2147.22796672,1.004882729215704,0,0.00033,sector_a
2147.22935561,1.0046661495108464,0,0.00033,sector_a
2147.2307445,1.0043666059781147,0,0.00033,sector_a
2147.23213339,1.0047990992097162,0,0.00033,sector_a
2147.23352228,1.0038787034387604,0,0.00033,sector_a
2147.23491117,1.0039267873256081,0,0.00033,sector_a
2147.23630006,1.005145083566237,0,0.00033,sector_a
2147.23768895,1.0040858236250771,0,0.00033,sector_a
2147.23907783,1.0045720630403543,4096,0.00033,sector_a
2147.24046672,1.0041398157611516,0,0.00033,sector_a
2147.24185561,1.0043365415680563,0,0.00033,sector_a
2147.2432445,1.004150279555919,0,0.00033,sector_a
2147.24463339,1.0047973489002338,0,0.00033,sector_a
2147.24602228,1.0038208297949076,0,0.00033,sector_a
2147.24741117,1.0044536391008423,0,0.00033,sector_a
2147.24880006,1.0041250164182378,0,0.00033,sector_a
2147.25018895,1.0041045404948825,0,0.00033,sector_a
2147.25157783,1.0046960212935063,0,0.00033,sector_a
2147.25296672,1.004136940146623,0,0.00033,sector_a
2147.25435561,1.0043884040191595,0,0.00033,sector_a
2147.2557445,1.0045702023380156,0,0.00033,sector_a
2147.25713339,1.0044392346122237,0,0.00033,sector_a
2147.25852228,1.0046173173638304,0,0.00033,sector_a
2147.25991117,1.0047425391292464,0,0.00033,sector_a
2147.26130006,1.004479713744568,0,0.00033,sector_a
2147.26268895,1.004289340724978,0,0.00033,sector_a
2147.26407783,1.0043669862351998,0,0.00033,sector_a
2147.26546672,1.004246501275918,0,0.00033,sector_a
2147.26685561,1.0046860350118139,0,0.00033,sector_a
2147.2682445,1.0041430026431684,0,0.00033,sector_a
2147.26963339,1.0044740068260471,0,0.00033,sector_a
2147.27102228,1.0045676894030386,0,0.00033,sector_a
2147.27241117,1.0041249400259877,0,0.00033,sector_a
2147.27380006,1.003851543724292,0,0.00033,sector_a
2147.27518895,1.0046093577123407,0,0.00033,sector_a
2147.27657783,1.004364671216082,0,0.00033,sector_a
2147.27796672,1.004295817787751,0,0.00033,sector_a
2147.27935561,1.0043159608217498,0,0.00033,sector_a
2147.2807445,1.0043721788611193,0,0.00033,sector_a
2147.28213339,1.004433893531017,0,0.00033,sector_a
2147.28352228,1.004270686104733,0,0.00033,sector_a
2147.28491117,1.0040955589540503,0,0.00033,sector_a
2147.28630006,1.0044521371626767,0,0.00033,sector_a
2147.28768895,1.0045109048048184,0,0.00033,sector_a
2147.28907783,1.0040734432353746,0,0.00033,sector_a
2147.29046672,1.003656972390609,0,0.00033,sector_a
2147.29185561,1.0046007298878175,0,0.00033,sector_a
2147.2932445,1.0045402760279811,0,0.00033,sector_a
2147.29463339,1.004504506824734,0,0.00033,sector_a
2147.29602228,1.004108955000411,0,0.00033,sector_a
2147.29741117,1.0046184788778485,0,0.00033,sector_a
2147.29880006,1.0043836720879422,0,0.00033,sector_a
2147.30018895,1.004135250158943,0,0.00033,sector_a
2147.30157783,1.0039937073604763,0,0.00033,sector_a
2147.30296672,1.004757822332864,0,0.00033,sector_a
2147.30435561,1.0042740950882736,0,0.00033,sector_a
2147.3057445,1.0042092890015253,0,0.00033,sector_a
2147.30713339,1.0039041294910807,0,0.00033,sector_a
2147.30852228,1.0044423159519082,0,0.00033,sector_a
2147.30991117,1.004128761624136,0,0.00033,sector_a
2147.31130006,1.004747868016244,0,0.00033,sector_a
2147.31268895,1.004239200253876,0,0.00033,sector_a
2147.31407783,1.0043409942949852,0,0.00033,sector_a
2147.31546672,1.0039069379070082,0,0.00033,sector_a
2147.31685561,1.0037811851173666,0,0.00033,sector_a
2147.3182445,1.0038611805553643,0,0.00033,sector_a
2147.31963339,1.0039890270327916,0,0.00033,sector_a
2147.32102228,1.0037234357726221,0,0.00033,sector_a
2147.32241117,1.0037877869477165,0,0.00033,sector_a
2147.32380006,1.0037093117429983,0,0.00033,sector_a
2147.32518895,1.0042551344432644,0,0.00033,sector_a
2147.32657783,1.0043746640831208,0,0.00033,sector_a
2147.32796672,1.0038595750395585,0,0.00033,sector_a
2147.32935561,1.0045775457554755,0,0.00033,sector_a
2147.3307445,1.0042352011971545,0,0.00033,sector_a
2147.33213339,1.0041149868001233,0,0.00033,sector_a
2147.33352228,1.0041761085074867,0,0.00033,sector_a
2147.33491117,1.0046426715095678,0,0.00033,sector_a
2147.33630006,1.0042970788032568,0,0.00033,sector_a
2147.33768895,1.0044317841085746,0,0.00033,sector_a
2147.33907783,1.0050346567449218,0,0.00033,sector_a
2147.34046672,1.00398592558448,0,0.00033,sector_a
2147.34185561,1.0039912280728978,0,0.00033,sector_a
2147.3432445,1.0041997645684435,0,0.00033,sector_a
2147.34463339,1.0037370485807884,0,0.00033,sector_a
2147.34602228,1.0038303122330448,0,0.00033,sector_a
2147.34741117,1.0037696507367784,0,0.00033,sector_a
2147.34880006,1.0045970927581178,0,0.00033,sector_a
2147.35018895,1.0041885858138597,0,0.00033,sector_a
2147.35157783,1.0038746580488582,0,0.00033,sector_a
2147.35296672,1.003740283202478,0,0.00033,sector_a
2147.35435561,1.0042278698375886,0,0.00033,sector_a
2147.3557445,1.0042994193863708,0,0.00033,sector_a
2147.35713339,1.0038688053555211,0,0.00033,sector_a
2147.35852228,1.004286831411828,0,0.00033,sector_a
2147.35991117,1.0037873823161696,0,0.00033,sector_a
2147.36130006,1.0043607812037285,0,0.00033,sector_a
2147.36268895,1.004136718814721,0,0.00033,sector_a
2147.36407783,1.003879715265933,0,0.00033,sector_a
2147.36546672,1.0035231776851365,0,0.00033,sector_a
2147.36685561,1.0039755239973995,0,0.00033,sector_a
2147.3682445,1.0041008652880754,0,0.00033,sector_a
2147.36963339,1.0045351479089446,0,0.00033,sector_a
2147.37102228,1.0037873569556097,0,0.00033,sector_a
2147.37241117,1.0038770701875996,0,0.00033,sector_a
2147.37380006,1.0036442968156052,0,0.00033,sector_a
2147.37518895,1.0040683257449763,0,0.00033,sector_a
2147.37657783,1.0038299005737863,0,0.00033,sector_a
2147.37796672,1.003581045585742,0,0.00033,sector_a
2147.37935561,1.0037885374805369,0,0.00033,sector_a
2147.3807445,1.003792602272978,0,0.00033,sector_a
2147.38213339,1.0036013891426707,0,0.00033,sector_a
2147.38352228,1.0039564185737608,0,0.00033,sector_a
2147.38491117,1.0036614588629977,0,0.00033,sector_a
2147.38630006,1.0036968251609064,0,0.00033,sector_a
2147.38768895,1.003832007893474,0,0.00033,sector_a
2147.38907783,1.0033159976439465,0,0.00033,sector_a
2147.39046672,1.0038874638755582,0,0.00033,sector_a
2147.39185561,1.0037064536576175,0,0.00033,sector_a
2147.3932445,1.0035703290357103,0,0.00033,sector_a
2147.39463339,1.0044021825058642,4096,0.00033,sector_a
2147.39602228,1.0039489445099854,0,0.00033,sector_a
2147.39741117,1.0035499712671463,0,0.00033,sector_a
2147.39880006,1.0033180736488951,0,0.00033,sector_a
2147.40018895,1.0035538102656698,0,0.00033,sector_a
2147.40157783,1.0042057232766335,0,0.00033,sector_a
2147.40296672,1.0030770548723296,0,0.00033,sector_a
2147.40435561,1.0039051796811354,0,0.00033,sector_a
2147.4057445,1.0034088163279191,0,0.00033,sector_a
2147.40713339,1.0038272632417395,0,0.00033,sector_a
2147.40852228,1.0044715467263545,0,0.00033,sector_a
2147.40991117,1.0041167861252238,0,0.00033,sector_a
2147.41130006,1.0038584574792442,0,0.00033,sector_a
2147.41268895,1.003652109330255,0,0.00033,sector_a
2147.41407783,1.0039751288213594,0,0.00033,sector_a
2147.41546672,1.0034453873367135,0,0.00033,sector_a
2147.41685561,1.0033905116234578,0,0.00033,sector_a
2147.4182445,1.0037327287645859,0,0.00033,sector_a
2147.41963339,1.0042844572527432,0,0.00033,sector_a
2147.42102228,1.0037961464941205,0,0.00033,sector_a
2147.42241117,1.0040698611817647,0,0.00033,sector_a
2147.42380006,1.0034979246886884,0,0.00033,sector_a
2147.42518895,1.0037244802424536,0,0.00033,sector_a
2147.42657783,1.0032164317215417,0,0.00033,sector_a
2147.42796672,1.0037254603046755,0,0.00033,sector_a
2147.42935561,1.0034614566819282,0,0.00033,sector_a
2147.4307445,1.0040494854662898,0,0.00033,sector_a
2147.43213339,1.0038706032990845,0,0.00033,sector_a
2147.43352228,1.0038462700185564,0,0.00033,sector_a
2147.43491117,1.0040320016496436,0,0.00033,sector_a
2147.43630006,1.003515192058257,0,0.00033,sector_a
2147.43768895,1.002893639565948,0,0.00033,sector_a
2147.43907783,1.003054524060568,0,0.00033,sector_a
2147.44046672,1.003605205403905,0,0.00033,sector_a
2147.44185561,1.0031850890546197,0,0.00033,sector_a
2147.4432445,1.0033381754256148,0,0.00033,sector_a
2147.44463339,1.0033777808160371,0,0.00033,sector_a
2147.44602228,1.0036501639737008,0,0.00033,sector_a
2147.44741117,1.002674872361356,0,0.00033,sector_a
2147.44880006,1.003761047790332,0,0.00033,sector_a
2147.45018895,1.0037303578931887,0,0.00033,sector_a
2147.45157783,1.0035132601221937,0,0.00033,sector_a
2147.45296672,1.00349095419308,0,0.00033,sector_a
2147.45435561,1.0041118641195883,0,0.00033,sector_a
2147.4557445,1.0035368489994665,0,0.00033,sector_a
2147.45713339,1.0027207825623472,0,0.00033,sector_a
2147.45852228,1.003924555801884,0,0.00033,sector_a
2147.45991117,1.003129354566328,0,0.00033,sector_a
2147.46130006,1.0035107207113008,0,0.00033,sector_a
2147.46268895,1.0040108694205614,0,0.00033,sector_a
2147.46407783,1.0031699024582659,0,0.00033,sector_a
2147.46546672,1.0033820302011136,0,0.00033,sector_a
2147.46685561,1.0036839614016242,0,0.00033,sector_a
2147.4682445,1.0034017881767274,0,0.00033,sector_a
2147.46963339,1.003700457370767,0,0.00033,sector_a
2147.47102228,1.0032941222306098,0,0.00033,sector_a
2147.47241117,1.0033091870180326,0,0.00033,sector_a
2147.47380006,1.0034282586684802,0,0.00033,sector_a
2147.47518895,1.0033975383541072,0,0.00033,sector_a
2147.47657783,1.003577192078597,0,0.00033,sector_a
2147.47796672,1.0037354380546128,0,0.00033,sector_a
2147.47935561,1.0038578477995619,0,0.00033,sector_a
2147.4807445,1.0030062034363798,0,0.00033,sector_a
2147.48213339,1.0033030413500044,0,0.00033,sector_a
2147.48352228,1.0034301461612913,0,0.00033,sector_a
2147.48491117,1.0037426770149989,0,0.00033,sector_a
2147.48630006,1.003686867250912,0,0.00033,sector_a
2147.48768895,1.0030865935905837,0,0.00033,sector_a
2147.48907783,1.0040419170312744,0,0.00033,sector_a
2147.49046672,1.0033426563887125,0,0.00033,sector_a
2147.49185561,1.0041476190691538,0,0.00033,sector_a
2147.4932445,1.003130479638807,0,0.00033,sector_a
2147.49463339,1.0031947471991223,0,0.00033,sector_a
2147.49602228,1.0038740109274817,0,0.00033,sector_a
2147.49741117,1.0032323558688017,0,0.00033,sector_a
2147.49880006,1.003391905600608,0,0.00033,sector_a
2147.50018895,1.0037318078994901,0,0.00033,sector_a
2147.50157783,1.003537638393191,0,0.00033,sector_a
2147.50296672,1.0040130370937048,0,0.00033,sector_a
2147.50435561,1.0031421777868914,0,0.00033,sector_a
2147.5057445,1.0034131175061674,0,0.00033,sector_a
2147.50713339,1.0031139283328339,0,0.00033,sector_a
2147.50852228,1.0035727743135139,0,0.00033,sector_a
2147.50991117,1.0036356031807832,0,0.00033,sector_a
2147.51130006,1.003488693006072,0,0.00033,sector_a
2147.51268895,1.0029720901725436,0,0.00033,sector_a
2147.51407783,1.0034715556860834,0,0.00033,sector_a
2147.51546672,1.0029881552169915,0,0.00033,sector_a
2147.51685561,1.0030611715058715,0,0.00033,sector_a
2147.5182445,1.0031484765315168,0,0.00033,sector_a
2147.51963339,1.0033210692426007,0,0.00033,sector_a
2147.52102228,1.003424080663684,0,0.00033,sector_a
2147.52241117,1.0030304833054302,0,0.00033,sector_a
2147.52380006,1.0031823879017636,0,0.00033,sector_a
2147.52518895,1.0038622206097394,0,0.00033,sector_a
2147.52657783,1.0031912196827288,0,0.00033,sector_a
2147.52796672,1.0033657338351123,0,0.00033,sector_a
2147.52935561,1.0030194278228077,0,0.00033,sector_a
2147.5307445,1.0039452166671083,0,0.00033,sector_a
2147.53213339,1.0029966944560917,0,0.00033,sector_a
2147.53352228,1.0031488065567207,0,0.00033,sector_a
2147.53491117,1.00310930044557,0,0.00033,sector_a
2147.53630006,1.0031099154684617,0,0.00033,sector_a
2147.53768895,1.0034487073795142,0,0.00033,sector_a
2147.53907783,1.0030874126098437,0,0.00033,sector_a
2147.54046672,1.0033714618078988,0,0.00033,sector_a
2147.54185561,1.0037792890381185,0,0.00033,sector_a
2147.5432445,1.0028068583720717,0,0.00033,sector_a
2147.54463339,1.0030024568978142,0,0.00033,sector_a
2147.54602228,1.0028259352444546,0,0.00033,sector_a
2147.54741117,1.0031434752630453,0,0.00033,sector_a
2147.54880006,1.0029539404314185,0,0.00033,sector_a
2147.55018895,1.0032816797023538,0,0.00033,sector_a
2147.55157783,1.0020457111209573,0,0.00033,sector_a
2147.55296672,1.0034014510383362,0,0.00033,sector_a
2147.55435561,1.0028753539483521,0,0.00033,sector_a
2147.5557445,1.0031582889574582,0,0.00033,sector_a
2147.55713339,1.0024121656865126,0,0.00033,sector_a
2147.55852228,1.0034462960494794,0,0.00033,sector_a
2147.55991117,1.0023941804406378,0,0.00033,sector_a
2147.56130006,1.002618838393507,0,0.00033,sector_a
2147.56268895,1.0030995054048086,0,0.00033,sector_a
2147.56407783,1.0026958309238925,0,0.00033,sector_a
2147.56546672,1.0027755817815869,0,0.00033,sector_a
2147.56685561,1.0036660808293416,0,0.00033,sector_a
2147.5682445,1.0031426011941127,0,0.00033,sector_a
2147.56963339,1.0028644230655515,0,0.00033,sector_a
2147.57102228,1.0027987421165767,0,0.00033,sector_a
2147.57241117,1.003212906204773,0,0.00033,sector_a
2147.57380006,1.0032056527935267,0,0.00033,sector_a
2147.57518895,1.0028566962834307,0,0.00033,sector_a
2147.57657783,1.0023192414451643,0,0.00033,sector_a
2147.57796672,1.0027241071227362,0,0.00033,sector_a
2147.57935561,1.0021357504399289,0,0.00033,sector_a
2147.5807445,1.002587374778098,0,0.00033,sector_a
2147.58213339,1.0030988172777437,0,0.00033,sector_a
2147.58352228,1.0033647314707232,0,0.00033,sector_a
2147.58491117,1.0033158527647916,0,0.00033,sector_a
2147.58630006,1.0030865403566989,0,0.00033,sector_a
2147.58768895,1.003212896316697,0,0.00033,sector_a
2147.58907783,1.0024165451006313,0,0.00033,sector_a
2147.59046672,1.0030864087056321,0,0.00033,sector_a
2147.59185561,1.0023161687897786,0,0.00033,sector_a
2147.5932445,1.0025574103077224,0,0.00033,sector_a
2147.59463339,1.0029400745621284,0,0.00033,sector_a
2147.59602228,1.0035612092548234,0,0.00033,sector_a
2147.59741117,1.0026963448095016,0,0.00033,sector_a
2147.59880006,1.0025794485983281,0,0.00033,sector_a
2147.60018895,1.0030625889878875,0,0.00033,sector_a
2147.60157783,1.0031143004318026,0,0.00033,sector_a
2147.60296672,1.0024966291307142,0,0.00033,sector_a
2147.60435561,1.002916936686453,0,0.00033,sector_a
2147.6057445,1.0026204476365266,0,0.00033,sector_a
2147.60713339,1.0030861835787712,0,0.00033,sector_a
2147.60852228,1.0029863898317048,0,0.00033,sector_a
2147.60991117,1.0028923178948035,0,0.00033,sector_a
2147.61130006,1.0028094515696837,0,0.00033,sector_a
2147.61268895,1.0029802361416549,0,0.00033,sector_a
2147.61407783,1.0025620230253427,0,0.00033,sector_a
2147.61546672,1.0033794797740945,0,0.00033,sector_a
2147.61685561,1.0035024391029383,0,0.00033,sector_a
2147.6182445,1.0031205218617651,0,0.00033,sector_a
2147.61963339,1.0024984434721467,0,0.00033,sector_a
2147.62102228,1.0033994654012186,0,0.00033,sector_a
2147.62241117,1.0023821525184384,0,0.00033,sector_a
2147.62380006,1.0030657014781459,0,0.00033,sector_a
2147.62518895,1.0030786325178636,0,0.00033,sector_a
2147.62657783,1.0029004405234092,0,0.00033,sector_a
2147.62796672,1.003141173444107,0,0.00033,sector_a
2147.62935561,1.003298383499877,0,0.00033,sector_a
2147.6307445,1.002429536757675,0,0.00033,sector_a
2147.63213339,1.0031753822295877,0,0.00033,sector_a
2147.63352228,1.0025764892331464,0,0.00033,sector_a
2147.63491117,1.0027928006668274,0,0.00033,sector_a
2147.63630006,1.002449581682388,0,0.00033,sector_a
2147.63768895,1.0026650281631186,0,0.00033,sector_a
2147.63907783,1.0027840648247608,0,0.00033,sector_a
2147.64046672,1.002624635006575,0,0.00033,sector_a
2147.64185561,1.0028247331782418,0,0.00033,sector_a
2147.6432445,1.0026578960053965,0,0.00033,sector_a
2147.64463339,1.0026531595636254,0,0.00033,sector_a
2147.64602228,1.0026831656170447,0,0.00033,sector_a
2147.64741117,1.002570276701791,0,0.00033,sector_a
2147.64880006,1.0032058996648876,0,0.00033,sector_a
2147.65018895,1.002343932578451,0,0.00033,sector_a
2147.65157783,1.0032604624175085,0,0.00033,sector_a
2147.65296672,1.0026020273014336,0,0.00033,sector_a
2147.65435561,1.0023040164839108,0,0.00033,sector_a
2147.6557445,1.002223317626841,0,0.00033,sector_a
2147.65713339,1.0025228596587243,0,0.00033,sector_a
2147.65852228,1.0026515940820917,0,0.00033,sector_a
2147.65991117,1.0027952598147627,0,0.00033,sector_a
2147.66130006,1.0032472488672357,0,0.00033,sector_a
2147.66268895,1.0022530905745708,0,0.00033,sector_a
2147.66407783,1.002896741510272,0,0.00033,sector_a
2147.66546672,1.002913077022,0,0.00033,sector_a
2147.66685561,1.0023479372183854,0,0.00033,sector_a
2147.6682445,1.0028067911378686,0,0.00033,sector_a
2147.66963339,1.0031517952705153,0,0.00033,sector_a
2147.67102228,1.0030292255352968,0,0.00033,sector_a
2147.67241117,1.0024315048139005,0,0.00033,sector_a
2147.67380006,1.0030926179316624,0,0.00033,sector_a
2147.67518895,1.0026866105227692,0,0.00033,sector_a
2147.67657783,1.0025701315647695,0,0.00033,sector_a
2147.67796672,1.0024972906168883,0,0.00033,sector_a
2147.67935561,1.0028723734787997,0,0.00033,sector_a
2147.6807445,1.002610778676192,0,0.00033,sector_a
2147.68213339,1.0027850119356896,0,0.00033,sector_a
2147.68352228,1.0025039821745767,0,0.00033,sector_a
2147.68491117,1.0025625382043781,0,0.00033,sector_a
2147.68630006,1.0027133815720493,0,0.00033,sector_a
2147.68768895,1.0026965762044218,0,0.00033,sector_a
2147.68907783,1.0024652371010916,0,0.00033,sector_a
2147.69046672,1.0025723364088233,0,0.00033,sector_a
2147.69185561,1.002437081827365,0,0.00033,sector_a
2147.6932445,1.0025906232671722,0,0.00033,sector_a
2147.69463339,1.002110102058585,0,0.00033,sector_a
2147.69602228,1.0023532796640053,0,0.00033,sector_a
2147.69741117,1.0028889818148596,0,0.00033,sector_a
2147.69880006,1.0026105043956974,0,0.00033,sector_a
2147.70018895,1.002527451767546,0,0.00033,sector_a
2147.70157783,1.0021429102832902,0,0.00033,sector_a
2147.70296672,1.0025584639913607,0,0.00033,sector_a
2147.70435561,1.0024315770100212,0,0.00033,sector_a
2147.7057445,1.0023359706926822,0,0.00033,sector_a
2147.70713339,1.0029726149365565,0,0.00033,sector_a
2147.70852228,1.0018990146943896,0,0.00033,sector_a
2147.70991117,1.0025382680008461,0,0.00033,sector_a
2147.71130006,1.0028311198258775,0,0.00033,sector_a
2147.71268895,1.0028251704613136,0,0.00033,sector_a
2147.71407783,1.002655829291033,0,0.00033,sector_a
2147.71546672,1.0025374905845001,0,0.00033,sector_a
2147.71685561,1.0024054304115184,0,0.00033,sector_a
2147.7182445,1.0025634497438156,0,0.00033,sector_a
2147.71963339,1.0024573579714846,0,0.00033,sector_a
2147.72102228,1.0024295053388794,0,0.00033,sector_a
2147.72241117,1.0024632063719119,0,0.00033,sector_a
2147.72380006,1.0027939278606905,0,0.00033,sector_a
2147.72518895,1.0024320055909999,0,0.00033,sector_a
2147.72657783,1.0022027116569785,0,0.00033,sector_a
2147.72796672,1.0020653899308913,0,0.00033,sector_a
2147.72935561,1.0024914956848465,0,0.00033,sector_a
2147.7307445,1.0018009010976368,0,0.00033,sector_a
2147.73213339,1.002752492003372,0,0.00033,sector_a
2147.73352228,1.0021261978326008,0,0.00033,sector_a
2147.73491117,1.0025247774452573,0,0.00033,sector_a
2147.73630006,1.0028256621003047,0,0.00033,sector_a
2147.73768895,1.0025924926654346,0,0.00033,sector_a
2147.73907783,1.0028496194978225,0,0.00033,sector_a
2147.74046672,1.003154432204816,0,0.00033,sector_a
2147.74185561,1.002645904092097,0,0.00033,sector_a
2147.7432445,1.0019921397943448,0,0.00033,sector_a
2147.74463339,1.0028389929004724,0,0.00033,sector_a
2147.74602228,1.0024952001646605,0,0.00033,sector_a
2147.74741117,1.0027387073652712,0,0.00033,sector_a
2147.74880006,1.0026963508899724,0,0.00033,sector_a
2147.75018895,1.001992721962966,0,0.00033,sector_a
2147.75157783,1.0027404203340666,0,0.00033,sector_a
2147.75296672,1.0020245220043191,0,0.00033,sector_a
2147.75435561,1.002223352704629,0,0.00033,sector_a
2147.7557445,1.0018317784624347,0,0.00033,sector_a
2147.75713339,1.0027647198005103,0,0.00033,sector_a
2147.75852228,1.002215809632233,0,0.00033,sector_a
2147.75991117,1.0023982325312355,0,0.00033,sector_a
2147.76130006,1.0016675902641907,0,0.00033,sector_a
2147.76268895,1.0019834888193038,0,0.00033,sector_a
2147.76407783,1.0024901539303557,0,0.00033,sector_a
2147.76546672,1.002652238559922,0,0.00033,sector_a
2147.76685561,1.0022103540219232,0,0.00033,sector_a
2147.7682445,1.0019524407746008,0,0.00033,sector_a
2147.76963339,1.0021749489336846,0,0.00033,sector_a
2147.77102228,1.002251717822178,0,0.00033,sector_a
2147.77241117,1.002324348466201,0,0.00033,sector_a
2147.77380006,1.002177882214826,0,0.00033,sector_a
2147.77518895,1.0026310053730807,0,0.00033,sector_a
2147.77657783,1.0019438440789135,0,0.00033,sector_a
2147.77796672,1.002376875163083,0,0.00033,sector_a
2147.77935561,1.0023024177205504,0,0.00033,sector_a
2147.7807445,1.0024992370807735,0,0.00033,sector_a
2147.78213339,1.0017501777277487,0,0.00033,sector_a
2147.78352228,1.0021131661379676,0,0.00033,sector_a
2147.78491117,1.0022796961435276,0,0.00033,sector_a
2147.78630006,1.0024641709791824,0,0.00033,sector_a
2147.78768895,1.0022241466242943,0,0.00033,sector_a
2147.78907783,1.0024504423407388,0,0.00033,sector_a
2147.79046672,1.0021515175624942,0,0.00033,sector_a
2147.79185561,1.0020365500423118,0,0.00033,sector_a
2147.7932445,1.0017299507697204,0,0.00033,sector_a
2147.79463339,1.0024647090954295,0,0.00033,sector_a
2147.79602228,1.0031884620244909,0,0.00033,sector_a
2147.79741117,1.0016228845757293,0,0.00033,sector_a
2147.79880006,1.0019994056760253,0,0.00033,sector_a
2147.80018895,1.0018223458505469,0,0.00033,sector_a
2147.80157783,1.002195036223227,0,0.00033,sector_a
2147.80296672,1.0027481659172284,0,0.00033,sector_a
2147.80435561,1.001992222889424,0,0.00033,sector_a
2147.8057445,1.0025024143673518,0,0.00033,sector_a
2147.80713339,1.0021362027160876,0,0.00033,sector_a
2147.80852228,1.0017622575325056,0,0.00033,sector_a
2147.80991117,1.0017808527578063,0,0.00033,sector_a
2147.81130006,1.0024254274964053,0,0.00033,sector_a
2147.81268895,1.0019875335503023,0,0.00033,sector_a
2147.81407783,1.002542941446264,0,0.00033,sector_a
2147.81546672,1.0022128500813647,0,0.00033,sector_a
2147.81685561,1.0021872985500724,0,0.00033,sector_a
2147.8182445,1.0016964667685926,0,0.00033,sector_a
2147.81963339,1.001942957564306,0,0.00033,sector_a
2147.82102228,1.0014623223816537,0,0.00033,sector_a
2147.82241117,1.0022142302511212,0,0.00033,sector_a
2147.82380006,1.0019967672096324,0,0.00033,sector_a
2147.82518895,1.002501469977727,0,0.00033,sector_a
2147.82657783,1.0018400816196174,0,0.00033,sector_a
2147.82796672,1.0021122141513272,0,0.00033,sector_a
2147.82935561,1.0018637133681854,0,0.00033,sector_a
2147.8307445,1.0023155517402607,0,0.00033,sector_a
2147.83213339,1.0016285115218415,0,0.00033,sector_a
2147.83352228,1.0020217573219392,0,0.00033,sector_a
2147.83491117,1.0018621351147503,0,0.00033,sector_a
2147.83630006,1.0012879631320866,0,0.00033,sector_a
2147.83768895,1.001699851850023,0,0.00033,sector_a
2147.83907783,1.002407110765092,0,0.00033,sector_a
2147.84046672,1.002324520805491,0,0.00033,sector_a
2147.84185561,1.0019324659354458,0,0.00033,sector_a
2147.8432445,1.00245436712947,0,0.00033,sector_a
2147.84463339,1.002112107964669,0,0.00033,sector_a
2147.84602228,1.0021946319770942,0,0.00033,sector_a
2147.84741117,1.0019590810030257,0,0.00033,sector_a
2147.84880006,1.0016995429703706,0,0.00033,sector_a
2147.85018895,1.0019151759273415,0,0.00033,sector_a
2147.85157783,1.0023892858496635,0,0.00033,sector_a
2147.85296672,1.001850310994613,0,0.00033,sector_a
2147.85435561,1.0010748988000882,0,0.00033,sector_a
2147.8557445,1.002037849284249,0,0.00033,sector_a
2147.85713339,1.0017522356711697,0,0.00033,sector_a
2147.85852228,1.0010806599887379,0,0.00033,sector_a
2147.85991117,1.0018123259065765,0,0.00033,sector_a
2147.86130006,1.0018046091793653,0,0.00033,sector_a
2147.86268895,1.0018725560063788,0,0.00033,sector_a
2147.86407783,1.0020443577456437,0,0.00033,sector_a
2147.86546672,1.0017817883020739,0,0.00033,sector_a
2147.86685561,1.0019074160161194,0,0.00033,sector_a
2147.8682445,1.001590176395023,0,0.00033,sector_a
2147.86963339,1.001496549657315,0,0.00033,sector_a
2147.87102228,1.0018733126903203,0,0.00033,sector_a
2147.87241117,1.001691432031301,0,0.00033,sector_a
2147.87380006,1.0016570931899806,0,0.00033,sector_a
2147.87518895,1.001555993230571,0,0.00033,sector_a
2147.87657783,1.0018354240642888,0,0.00033,sector_a
2147.87796672,1.0013720103565893,0,0.00033,sector_a
2147.87935561,1.00159121954126,0,0.00033,sector_a
2147.8807445,1.0015366008077358,0,0.00033,sector_a
2147.88213339,1.0022950837410982,0,0.00033,sector_a
2147.88352228,1.0019566385673826,0,0.00033,sector_a
2147.88491117,1.001847975865359,0,0.00033,sector_a
2147.88630006,1.002363316904263,0,0.00033,sector_a
2147.88768895,1.0013371713349324,0,0.00033,sector_a
2147.88907783,1.0019221398578235,0,0.00033,sector_a
2147.89046672,1.002161570303373,0,0.00033,sector_a
2147.89185561,1.0017346487979906,0,0.00033,sector_a
2147.8932445,1.0016454115248916,0,0.00033,sector_a
2147.89463339,1.001643763192451,0,0.00033,sector_a
2147.89602228,1.0018716178153086,0,0.00033,sector_a
2147.89741117,1.001840668108071,0,0.00033,sector_a
2147.89880006,1.0016338804849245,0,0.00033,sector_a
2147.90018895,1.002128498781241,0,0.00033,sector_a
2147.90157783,1.002138052305316,0,0.00033,sector_a
2147.90296672,1.001964245676228,0,0.00033,sector_a
2147.90435561,1.0011714887498042,0,0.00033,sector_a
2147.9057445,1.001765178056071,0,0.00033,sector_a
2147.90713339,1.0016812064858078,0,0.00033,sector_a
2147.90852228,1.001346767878347,0,0.00033,sector_a
2147.90991117,1.0018640712206228,0,0.00033,sector_a
2147.91130006,1.001359012202371,0,0.00033,sector_a
2147.91268895,1.0019715677240142,0,0.00033,sector_a
2147.91407783,1.0020118295362495,0,0.00033,sector_a
2147.91546672,1.00167041063155,0,0.00033,sector_a
2147.91685561,1.00221467905988,0,0.00033,sector_a
2147.9182445,1.001303150051511,0,0.00033,sector_a
2147.91963339,1.002218337858299,0,0.00033,sector_a
2147.92102228,1.001763751880031,0,0.00033,sector_a
2147.92241117,1.0016253081390263,0,0.00033,sector_a
2147.92380006,1.001613254442227,0,0.00033,sector_a
2147.92518895,1.0021887391964894,0,0.00033,sector_a
2147.92657783,1.0016928777736964,0,0.00033,sector_a
2147.92796672,1.0015666997800912,0,0.00033,sector_a
2147.92935561,1.002397895615067,0,0.00033,sector_a
2147.9307445,1.0017109498151358,0,0.00033,sector_a
2147.93213339,1.0023830056871252,0,0.00033,sector_a
2147.93352228,1.001599856467332,0,0.00033,sector_a
2147.93491117,1.001811533315142,0,0.00033,sector_a
2147.93630006,1.0013350717254736,0,0.00033,sector_a
2147.93768895,1.0013837313931353,0,0.00033,sector_a
2147.93907783,1.0015812434323261,0,0.00033,sector_a
2147.94046672,1.0011205414940165,0,0.00033,sector_a
2147.94185561,1.0014409866615364,0,0.00033,sector_a
2147.9432445,1.0012957982212745,0,0.00033,sector_a
2147.94463339,1.0014457469418037,0,0.00033,sector_a
2147.94602228,1.0019288609230799,0,0.00033,sector_a
2147.94741117,1.0015239376727314,0,0.00033,sector_a
2147.94880006,1.001473742181916,0,0.00033,sector_a
2147.95018895,1.001285246090889,0,0.00033,sector_a
2147.95157783,1.001728105659509,0,0.00033,sector_a
2147.95296672,1.0016492181446395,0,0.00033,sector_a
2147.95435561,1.0020364069159977,0,0.00033,sector_a
2147.9557445,1.0017072847252482,0,0.00033,sector_a
2147.95713339,1.0018539540232214,0,0.00033,sector_a
2147.95852228,1.001654624879364,0,0.00033,sector_a
2147.95991117,1.0020437953671073,0,0.00033,sector_a
2147.96130006,1.001098660182144,0,0.00033,sector_a
2147.96268895,1.0016779579024626,0,0.00033,sector_a
2147.96407783,1.001229440052449,0,0.00033,sector_a
2147.96546672,1.0010422860924113,0,0.00033,sector_a
2147.96685561,1.0014850111536977,0,0.00033,sector_a
2147.9682445,1.0012078919278609,0,0.00033,sector_a
2147.96963339,1.0017825899502073,0,0.00033,sector_a
2147.97102228,1.0015798322872222,0,0.00033,sector_a
2147.97241117,1.0012645832540432,0,0.00033,sector_a
2147.97380006,1.0012656631190335,0,0.00033,sector_a
2147.97518895,1.001734390172377,0,0.00033,sector_a
2147.97657783,1.0015361568795769,0,0.00033,sector_a
2147.97796672,1.0018886505979672,0,0.00033,sector_a
2147.97935561,1.001267252714103,0,0.00033,sector_a
2147.9807445,1.002219613906361,0,0.00033,sector_a
2147.98213339,1.0012590424876961,0,0.00033,sector_a
2147.98352228,1.0007814634397434,0,0.00033,sector_a
2147.98491117,1.0015127024671215,0,0.00033,sector_a
2147.98630006,1.0019997766063162,0,0.00033,sector_a
2147.98768895,1.001228509240603,0,0.00033,sector_a
2147.98907783,1.0010296635494622,0,0.00033,sector_a
2147.99046672,1.000724215346049,0,0.00033,sector_a
2147.99185561,1.0010633812145007,0,0.00033,sector_a
2147.9932445,1.0013586261193217,0,0.00033,sector_a
2147.99463339,1.0014305414462545,0,0.00033,sector_a
2147.99602228,1.0015336342418513,0,0.00033,sector_a
2147.99741117,1.0018712946569248,0,0.00033,sector_a
2147.99880006,1.0011082618849632,0,0.00033,sector_a
2148.00018895,1.0016653273810117,0,0.00033,sector_a
2148.00157783,1.0013655638598575,0,0.00033,sector_a
2148.00296672,1.001889831079412,0,0.00033,sector_a
2148.00435561,1.0014985352027197,0,0.00033,sector_a
2148.0057445,1.0015191937375432,0,0.00033,sector_a
2148.00713339,1.0015062680235287,0,0.00033,sector_a
2148.00852228,1.0011650854484166,0,0.00033,sector_a
2148.00991117,1.0010793942750926,0,0.00033,sector_a
2148.01130006,1.0013736843912933,0,0.00033,sector_a
2148.01268895,1.0010496735665126,0,0.00033,sector_a
2148.01407783,1.0018587511305805,0,0.00033,sector_a
2148.01546672,1.000924154906933,0,0.00033,sector_a
2148.01685561,1.0014288097930544,0,0.00033,sector_a
2148.0182445,1.0014378198188587,0,0.00033,sector_a
2148.01963339,1.0011863546488045,0,0.00033,sector_a
2148.02102228,1.0012349287652331,0,0.00033,sector_a
2148.02241117,1.0014028683892293,0,0.00033,sector_a
2148.02380006,1.0016316359636417,0,0.00033,sector_a
2148.02518895,1.0013851660936668,0,0.00033,sector_a
2148.02657783,1.00144212118868,0,0.00033,sector_a
2148.02796672,1.0013427977978007,0,0.00033,sector_a
2148.02935561,1.0021797157469914,0,0.00033,sector_a
2148.0307445,1.0009382948590306,0,0.00033,sector_a
2148.03213339,1.0005702547978153,0,0.00033,sector_a
2148.03352228,1.0017587812347766,0,0.00033,sector_a
2148.03491117,1.0016964467096712,0,0.00033,sector_a
2148.03630006,1.001409255311335,0,0.00033,sector_a
2148.03768895,1.0008540935096368,0,0.00033,sector_a
2148.03907783,1.0017311759700134,0,0.00033,sector_a
2148.04046672,1.0015635097746842,0,0.00033,sector_a
2148.04185561,1.0015142132821724,0,0.00033,sector_a
2148.0432445,1.0017045914285465,0,0.00033,sector_a
2148.04463339,1.0010989908241392,0,0.00033,sector_a
2148.04602228,1.000929420876558,0,0.00033,sector_a
2148.04741117,1.00131661879558,0,0.00033,sector_a
2148.04880006,1.0012251250468165,0,0.00033,sector_a
2148.05018895,1.0010458415708403,0,0.00033,sector_a
2148.05157783,1.0012853777209816,0,0.00033,sector_a
2148.05296672,1.0008612226140843,0,0.00033,sector_a
2148.05435561,1.0011988933017826,0,0.00033,sector_a
2148.0557445,1.0015365004292314,0,0.00033,sector_a
2148.05713339,1.0007773827153439,0,0.00033,sector_a
2148.05852228,1.0009524274640191,0,0.00033,sector_a
2148.05991117,1.0008966378138455,0,0.00033,sector_a
2148.06130006,1.0006643671140012,0,0.00033,sector_a
2148.06268895,1.0012842606533907,0,0.00033,sector_a
2148.06407783,1.001142413071446,0,0.00033,sector_a
2148.06546672,1.000867128304321,0,0.00033,sector_a
2148.06685561,1.0013516998857939,0,0.00033,sector_a
2148.0682445,1.0009965457599452,0,0.00033,sector_a
2148.06963339,1.0012115842888312,0,0.00033,sector_a
2148.07102228,1.0010054126448487,0,0.00033,sector_a
2148.07241117,1.0012678752051878,0,0.00033,sector_a
2148.07380006,1.0014888508437647,0,0.00033,sector_a
2148.07518895,1.0007493423839713,0,0.00033,sector_a
2148.07657783,1.0011787158297474,0,0.00033,sector_a
2148.07796672,1.0010420022945843,0,0.00033,sector_a
2148.07935561,1.0009707739852396,0,0.00033,sector_a
2148.0807445,1.0010877877055266,0,0.00033,sector_a
2148.08213339,1.000961861473487,0,0.00033,sector_a
2148.08352228,1.0014909808191093,0,0.00033,sector_a
2148.08491117,1.0010623156258263,0,0.00033,sector_a
2148.08630006,1.00103984245717,0,0.00033,sector_a
2148.08768895,1.0016346938299974,0,0.00033,sector_a
2148.08907783,1.0013233256337124,0,0.00033,sector_a
2148.09046672,1.000928634797821,0,0.00033,sector_a
2148.09185561,1.000998813494942,0,0.00033,sector_a
2148.0932445,1.0011556405991537,0,0.00033,sector_a
2148.09463339,1.0010125324894994,0,0.00033,sector_a
2148.09602228,1.000905086129783,0,0.00033,sector_a
2148.09741117,1.0010418547768598,0,0.00033,sector_a
2148.09880006,1.0008259732028906,0,0.00033,sector_a
2148.10018895,1.0015546609289299,0,0.00033,sector_a
2148.10157783,1.0014708255473395,0,0.00033,sector_a
2148.10296672,1.0008222608559938,0,0.00033,sector_a
2148.10435561,1.0013410182859959,0,0.00033,sector_a
2148.1057445,1.0009566691151686,0,0.00033,sector_a
2148.10713339,1.0007071565314474,0,0.00033,sector_a
2148.10852228,1.001015621099402,0,0.00033,sector_a
2148.10991117,1.0012963677576798,0,0.00033,sector_a
2148.11130006,1.0014571686027942,0,0.00033,sector_a
2148.11268895,1.001006553995846,0,0.00033,sector_a
2148.11407783,1.0010158287556,0,0.00033,sector_a
2148.11546672,1.0012960269463298,0,0.00033,sector_a
2148.11685561,1.001374781490093,0,0.00033,sector_a
2148.1182445,1.000513204208668,0,0.00033,sector_a
2148.11963339,1.0014010304776189,0,0.00033,sector_a
2148.12102228,1.0006753058813682,0,0.00033,sector_a
2148.12241117,1.0013606101092838,0,0.00033,sector_a
2148.12380006,1.0015011105292886,0,0.00033,sector_a
2148.12518895,1.0010409568676504,0,0.00033,sector_a
2148.12657783,1.0007838398704507,0,0.00033,sector_a
2148.12796672,1.0009113577962074,0,0.00033,sector_a
2148.12935561,1.0013743552229093,0,0.00033,sector_a
2148.1307445,1.0007455772740623,0,0.00033,sector_a
2148.13213339,1.0004611311142066,0,0.00033,sector_a
2148.13352228,1.0011473949490017,0,0.00033,sector_a
2148.13491117,1.0009896201276027,0,0.00033,sector_a
2148.13630006,1.0007853793088786,0,0.00033,sector_a
2148.13768895,1.0012747150085781,0,0.00033,sector_a
2148.13907783,1.0012476284582994,0,0.00033,sector_a
2148.14046672,1.0009998006513645,0,0.00033,sector_a
2148.14185561,1.0009120095813917,0,0.00033,sector_a
2148.1432445,1.0007326831074836,0,0.00033,sector_a
2148.14463339,1.000908517919313,0,0.00033,sector_a
2148.14602228,1.0002537557534747,4096,0.00033,sector_a
2148.14741117,1.0004904384965665,0,0.00033,sector_a
2148.14880006,1.000713868756594,0,0.00033,sector_a
2148.15018895,1.0010626850398043,0,0.00033,sector_a
2148.15157783,1.0002676945230569,0,0.00033,sector_a
2148.15296672,1.000820379943928,0,0.00033,sector_a
2148.15435561,1.001182888431871,0,0.00033,sector_a
2148.1557445,1.0009194330562405,0,0.00033,sector_a
2148.15713339,1.000659918662674,0,0.00033,sector_a
2148.15852228,1.0013004075510392,0,0.00033,sector_a
2148.15991117,1.0012249567991247,0,0.00033,sector_a
2148.16130006,1.0012705398725243,0,0.00033,sector_a
2148.16268895,1.00087570421867,0,0.00033,sector_a
2148.16407783,1.0007369679273233,0,0.00033,sector_a
2148.16546672,1.0004979506448135,0,0.00033,sector_a
2148.16685561,1.0007525877590047,0,0.00033,sector_a
2148.1682445,1.0008013381450345,0,0.00033,sector_a
2148.16963339,1.0008891742922112,0,0.00033,sector_a
2148.17102228,1.0012407165313295,0,0.00033,sector_a
2148.17241117,1.0009450642077637,0,0.00033,sector_a
2148.17380006,1.0009057248331157,0,0.00033,sector_a
2148.17518895,1.0005516802624717,0,0.00033,sector_a
2148.17657783,1.0005813848597982,0,0.00033,sector_a
2148.17796672,1.0008273871741544,0,0.00033,sector_a
2148.17935561,1.0010050019760501,0,0.00033,sector_a
2148.1807445,1.0009980747603655,0,0.00033,sector_a
2148.18213339,1.000753282604279,0,0.00033,sector_a
2148.18352228,1.0007486263027483,0,0.00033,sector_a
2148.18491117,1.0001723877634028,0,0.00033,sector_a
2148.18630006,1.0015024189450104,0,0.00033,sector_a
2148.18768895,1.000802465579982,0,0.00033,sector_a
2148.18907783,1.0004521544046054,0,0.00033,sector_a
2148.19046672,1.0004628641897235,0,0.00033,sector_a
2148.19185561,1.0008254582279463,0,0.00033,sector_a
2148.1932445,1.0006316236670925,0,0.00033,sector_a
2148.19463339,1.0008571280949488,0,0.00033,sector_a
2148.19602228,1.0003545904536317,0,0.00033,sector_a
2148.19741117,1.0007688462797604,0,0.00033,sector_a
2148.19880006,1.0012071932787208,0,0.00033,sector_a
2148.20018895,1.000609625176879,0,0.00033,sector_a
2148.20157783,1.0004847956138552,0,0.00033,sector_a
2148.20296672,1.0004600282534206,0,0.00033,sector_a
2148.20435561,1.0005345411511803,0,0.00033,sector_a
2148.2057445,1.0006889543571207,0,0.00033,sector_a
2148.20713339,1.0011575840364975,0,0.00033,sector_a
2148.20852228,1.0011116576542334,0,0.00033,sector_a
2148.20991117,1.0002806848757695,0,0.00033,sector_a
2148.21130006,1.000700126830911,0,0.00033,sector_a
2148.21268895,1.0003875841274552,0,0.00033,sector_a
2148.21407783,1.0006926332787458,0,0.00033,sector_a
2148.21546672,1.0005012960733193,0,0.00033,sector_a
2148.21685561,1.0009421317758045,0,0.00033,sector_a
2148.2182445,1.0007049372342915,0,0.00033,sector_a
2148.21963339,1.001142134885551,0,0.00033,sector_a
2148.22102228,1.0008137335999627,0,0.00033,sector_a
2148.22241117,1.0012552909234536,0,0.00033,sector_a
2148.22380006,1.0007778316131124,0,0.00033,sector_a
2148.22518895,1.0004632016968342,0,0.00033,sector_a
2148.22657783,1.001227265010676,0,0.00033,sector_a
2148.22796672,1.0006701258362611,0,0.00033,sector_a
2148.22935561,1.0001090720687145,0,0.00033,sector_a
2148.2307445,1.000863590836433,0,0.00033,sector_a
2148.23213339,1.0010900043221087,0,0.00033,sector_a
2148.23352228,1.0004599838793258,0,0.00033,sector_a
2148.23491117,1.000637206751457,0,0.00033,sector_a
2148.23630006,1.0009184530914232,0,0.00033,sector_a
2148.23768895,1.0007198022750143,0,0.00033,sector_a
2148.23907783,1.0007082506919223,0,0.00033,sector_a
2148.24046672,1.000188256306386,0,0.00033,sector_a
2148.24185561,1.000330800767604,0,0.00033,sector_a
2148.2432445,1.000250167430169,0,0.00033,sector_a
2148.24463339,1.0009699797142428,0,0.00033,sector_a
2148.24602228,1.0007682200409793,0,0.00033,sector_a
2148.24741117,1.0006448301311426,0,0.00033,sector_a
2148.24880006,1.0010002400858053,0,0.00033,sector_a
2148.25018895,1.0011987551498946,0,0.00033,sector_a
2148.25157783,1.0007332341896242,0,0.00033,sector_a
2148.25296672,1.0002865129334506,0,0.00033,sector_a
2148.25435561,1.0006137569053328,0,0.00033,sector_a
2148.2557445,0.9999691197259779,0,0.00033,sector_a
2148.25713339,1.000442181682063,0,0.00033,sector_a
2148.25852228,1.0006232066783163,0,0.00033,sector_a
2148.25991117,1.0001222623773747,0,0.00033,sector_a
2148.26130006,1.0007119508055893,0,0.00033,sector_a
2148.26268895,1.0008974938499733,0,0.00033,sector_a
2148.26407783,1.0004351367971562,0,0.00033,sector_a
2148.26546672,1.0004482344022305,0,0.00033,sector_a
2148.26685561,1.000900325140463,0,0.00033,sector_a
2148.2682445,1.000784914972447,0,0.00033,sector_a
2148.26963339,1.001040760930556,0,0.00033,sector_a
2148.27102228,1.0009950975142572,0,0.00033,sector_a
2148.27241117,1.0001910657874065,0,0.00033,sector_a
2148.27380006,1.0004156375998108,0,0.00033,sector_a
2148.27518895,1.0002712828104643,0,0.00033,sector_a
2148.27657783,1.0005209280870333,0,0.00033,sector_a
2148.27796672,1.0000969775308781,0,0.00033,sector_a
2148.27935561,1.0005592241385686,0,0.00033,sector_a
2148.2807445,1.0005085440980805,0,0.00033,sector_a
2148.28213339,1.000811218964915,0,0.00033,sector_a
2148.28352228,1.001073807189753,0,0.00033,sector_a
2148.28491117,1.0011209685584785,0,0.00033,sector_a
2148.28630006,0.9998689964784852,0,0.00033,sector_a
2148.28768895,1.0006610539432776,0,0.00033,sector_a
2148.28907783,1.0005867748029238,0,0.00033,sector_a
2148.29046672,1.000121988859769,0,0.00033,sector_a
2148.29185561,1.0010663370545043,0,0.00033,sector_a
2148.2932445,1.000438632636646,0,0.00033,sector_a
2148.29463339,1.0007650695263195,0,0.00033,sector_a
2148.29602228,1.0009090083700871,0,0.00033,sector_a
2148.29741117,1.0004990001218048,0,0.00033,sector_a
2148.29880006,1.001091596980579,0,0.00033,sector_a
2148.30018895,0.9999061580020696,0,0.00033,sector_a
2148.30157783,1.0009438844802714,0,0.00033,sector_a
2148.30296672,1.0001375286046779,0,0.00033,sector_a
2148.30435561,1.0008330692568308,0,0.00033,sector_a
2148.3057445,1.0002345782411026,0,0.00033,sector_a
2148.30713339,1.0004346542509888,0,0.00033,sector_a
2148.30852228,1.0008050287556005,0,0.00033,sector_a
2148.30991117,1.0008264942311453,0,0.00033,sector_a
2148.31130006,1.001119583097631,0,0.00033,sector_a
2148.31268895,1.0010426035603424,0,0.00033,sector_a
2148.31407783,1.0002298289282534,0,0.00033,sector_a
2148.31546672,1.0004371870114097,0,0.00033,sector_a
2148.31685561,1.0007974586046242,0,0.00033,sector_a
2148.3182445,1.0005832737947946,0,0.00033,sector_a
2148.31963339,1.0003066172257338,0,0.00033,sector_a
2148.32102228,1.0005844790718952,0,0.00033,sector_a
2148.32241117,1.000764371086807,0,0.00033,sector_a
2148.32380006,1.0008029406938737,0,0.00033,sector_a
2148.32518895,1.0009935450317862,0,0.00033,sector_a
2148.32657783,1.0002539841541895,0,0.00033,sector_a
2148.32796672,1.0004922776691172,0,0.00033,sector_a
2148.32935561,1.0006537176036094,0,0.00033,sector_a
2148.3307445,1.0000606535421144,0,0.00033,sector_a
2148.33213339,1.0002971974861765,0,0.00033,sector_a
2148.33352228,1.0003709846857196,0,0.00033,sector_a
2148.33491117,1.0001052265017767,0,0.00033,sector_a
2148.33630006,1.000030786078332,0,0.00033,sector_a
2148.33768895,1.0008818661442802,0,0.00033,sector_a
2148.33907783,0.9999937581732453,0,0.00033,sector_a
2148.34046672,1.000807629501429,0,0.00033,sector_a
2148.34185561,1.0006798169298745,0,0.00033,sector_a
2148.3432445,1.0002011628938265,0,0.00033,sector_a
2148.34463339,1.0007076441258824,0,0.00033,sector_a
2148.34602228,1.0002356376911778,0,0.00033,sector_a
2148.34741117,1.0003391530865187,0,0.00033,sector_a
2148.34880006,1.0002755637802816,0,0.00033,sector_a
2148.35018895,1.0002360251852087,0,0.00033,sector_a
2148.35157783,1.0007705681584473,0,0.00033,sector_a
2148.35296672,1.0004977614977761,0,0.00033,sector_a
2148.35435561,1.0006324532909536,0,0.00033,sector_a
2148.3557445,1.0005331220050235,0,0.00033,sector_a
2148.35713339,1.0014294100180547,0,0.00033,sector_a
2148.35852228,1.0000961243001414,0,0.00033,sector_a
2148.35991117,1.0006083845296283,0,0.00033,sector_a
2148.36130006,1.000948125890867,0,0.00033,sector_a
2148.36268895,1.000217716740023,0,0.00033,sector_a
2148.36407783,1.0004229771950888,0,0.00033,sector_a
2148.36546672,1.000956606650932,0,0.00033,sector_a
2148.36685561,1.0010955872416838,0,0.00033,sector_a
2148.3682445,1.0009149865560514,0,0.00033,sector_a
2148.36963339,1.0011617676328626,0,0.00033,sector_a
2148.37102228,1.0005725399131673,0,0.00033,sector_a
2148.37241117,1.000486352136973,0,0.00033,sector_a
2148.37380006,1.0008157847597918,0,0.00033,sector_a
2148.37518895,1.000981461666502,0,0.00033,sector_a
2148.37657783,1.0001999045679912,0,0.00033,sector_a
2148.37796672,1.0010967676297013,0,0.00033,sector_a
2148.37935561,1.000512616271856,0,0.00033,sector_a
2148.3807445,1.0001119779152683,0,0.00033,sector_a
2148.38213339,1.0009352969963514,0,0.00033,sector_a
2148.38352228,1.0003508092527897,0,0.00033,sector_a
2148.38491117,1.0001383076496444,0,0.00033,sector_a
2148.38630006,1.0006752287854999,0,0.00033,sector_a
2148.38768895,1.0002405497824631,0,0.00033,sector_a
2148.38907783,1.0000852098702593,0,0.00033,sector_a
2148.39046672,1.0008466356388162,0,0.00033,sector_a
2148.39185561,0.9999611720982944,0,0.00033,sector_a
2148.3932445,1.0003797056359165,0,0.00033,sector_a
2148.39463339,1.0007553299581782,0,0.00033,sector_a
2148.39602228,1.0005159099691825,0,0.00033,sector_a
2148.39741117,1.0000107396550677,0,0.00033,sector_a
2148.39880006,1.0001956319616756,0,0.00033,sector_a
2148.40018895,1.000143728917318,0,0.00033,sector_a
2148.40157783,1.0006284784559136,0,0.00033,sector_a
2148.40296672,0.9999606940582819,0,0.00033,sector_a
2148.40435561,1.0010938326760543,0,0.00033,sector_a
2148.4057445,1.0002450481385716,0,0.00033,sector_a
2148.40713339,1.0003021429834962,0,0.00033,sector_a
2148.40852228,0.9999089782525608,0,0.00033,sector_a
2148.40991117,1.0004190442596268,0,0.00033,sector_a
2148.41130006,1.0001832524477368,0,0.00033,sector_a
2148.41268895,1.0001306093673497,0,0.00033,sector_a
2148.41407783,0.9997760839628899,0,0.00033,sector_a
2148.41546672,1.0007836635159348,0,0.00033,sector_a
2148.41685561,1.0003357840913065,0,0.00033,sector_a
2148.4182445,0.9999195185769155,0,0.00033,sector_a
2148.41963339,1.0000925372166993,0,0.00033,sector_a
2148.42102228,1.000555404971639,0,0.00033,sector_a
2148.42241117,1.0002717586678533,0,0.00033,sector_a
2148.42380006,1.0004346296933624,0,0.00033,sector_a
2148.42518895,0.9999255551533884,0,0.00033,sector_a
2148.42657783,1.0006152082062154,0,0.00033,sector_a
2148.42796672,0.9997704681298474,0,0.00033,sector_a
2148.42935561,1.0002385851536248,0,0.00033,sector_a
2148.4307445,0.9996717034485068,0,0.00033,sector_a
2148.43213339,1.000402180491158,0,0.00033,sector_a
2148.43352228,1.0004187918368568,0,0.00033,sector_a
2148.43491117,1.00025537243765,0,0.00033,sector_a
2148.43630006,1.0004296079335857,0,0.00033,sector_a
2148.43768895,1.0005411920735956,0,0.00033,sector_a
2148.43907783,0.9999070655545228,0,0.00033,sector_a
2148.44046672,1.0001115317997957,0,0.00033,sector_a
2148.44185561,0.999926566216806,0,0.00033,sector_a
2148.4432445,1.0006101408666581,0,0.00033,sector_a
2148.44463339,0.9995850474798532,0,0.00033,sector_a
2148.44602228,0.9998568811596891,0,0.00033,sector_a
2148.44741117,0.9999926466320166,0,0.00033,sector_a
2148.44880006,1.000085812221741,0,0.00033,sector_a
2148.45018895,1.0006830182143012,0,0.00033,sector_a
2148.45157783,0.9998868040081598,0,0.00033,sector_a
2148.45296672,1.0001401248156225,0,0.00033,sector_a
2148.45435561,1.0002343062621597,0,0.00033,sector_a
2148.4557445,1.0004355383035914,0,0.00033,sector_a
2148.45713339,1.0001912433082831,0,0.00033,sector_a
2148.45852228,1.0002926290881025,0,0.00033,sector_a
2148.45991117,1.0002251053752822,0,0.00033,sector_a
2148.46130006,1.0002973818100345,0,0.00033,sector_a
2148.46268895,1.0002661121562417,0,0.00033,sector_a
2148.46407783,0.9996745140286168,0,0.00033,sector_a
2148.46546672,1.0002732952682836,0,0.00033,sector_a
2148.46685561,1.0001523202719016,0,0.00033,sector_a
2148.4682445,1.0001185667127173,0,0.00033,sector_a
2148.46963339,1.000361573102336,0,0.00033,sector_a
2148.47102228,1.0005041752090946,0,0.00033,sector_a
2148.47241117,1.0006361398735972,0,0.00033,sector_a
2148.47380006,1.0002606886912149,0,0.00033,sector_a
2148.47518895,1.000172727519862,0,0.00033,sector_a
2148.47657783,1.00026968111792,0,0.00033,sector_a
2148.47796672,0.99973049951987,0,0.00033,sector_a
2148.47935561,1.0000666771468387,0,0.00033,sector_a
2148.4807445,0.9998155636249703,0,0.00033,sector_a
2148.48213339,1.000844752633777,0,0.00033,sector_a
2148.48352228,1.000476293653805,0,0.00033,sector_a
2148.48491117,1.0002832840163218,0,0.00033,sector_a
2148.48630006,1.0006118441920235,0,0.00033,sector_a
2148.48768895,1.0005798068447826,0,0.00033,sector_a
2148.48907783,1.0002777452020175,0,0.00033,sector_a
2148.49046672,1.0005045091679399,0,0.00033,sector_a
2148.49185561,1.0002954394204777,0,0.00033,sector_a
2148.4932445,1.0005578067554928,0,0.00033,sector_a
2148.49463339,1.0000669383815446,0,0.00033,sector_a
2148.49602228,1.0002024035707198,0,0.00033,sector_a
2148.49741117,1.000286450897543,0,0.00033,sector_a
2148.49880006,1.0004262080302997,0,0.00033,sector_a
2148.50018895,0.999923546577544,0,0.00033,sector_a
2148.50157783,1.0002533447940565,0,0.00033,sector_a
2148.50296672,0.9999093162567142,0,0.00033,sector_a
2148.50435561,1.0001607966172275,0,0.00033,sector_a
2148.5057445,0.9995458339992468,0,0.00033,sector_a
2148.50713339,0.9994156292806949,0,0.00033,sector_a
2148.50852228,0.9999723035939808,0,0.00033,sector_a
2148.50991117,1.000132765197036,0,0.00033,sector_a
2148.51130006,0.9997676849702921,0,0.00033,sector_a
2148.51268895,1.0008284035375388,0,0.00033,sector_a
2148.51407783,0.9997705325191684,0,0.00033,sector_a
2148.51546672,0.9997659389254693,0,0.00033,sector_a
2148.51685561,1.0000765178848656,0,0.00033,sector_a
2148.5182445,0.9999193150393316,0,0.00033,sector_a
2148.51963339,1.000201256991112,0,0.00033,sector_a
2148.52102228,0.9997620220530029,0,0.00033,sector_a
2148.52241117,1.0003398553851097,0,0.00033,sector_a
2148.52380006,0.9996396422372907,0,0.00033,sector_a
2148.52518895,0.9998452075602592,0,0.00033,sector_a
2148.52657783,0.999981696381632,0,0.00033,sector_a
2148.52796672,0.9997374488918169,0,0.00033,sector_a
2148.52935561,1.000202892749985,0,0.00033,sector_a
2148.5307445,1.0000723800044522,0,0.00033,sector_a
2148.53213339,1.000282346071302,0,0.00033,sector_a
2148.53352228,0.9997080566615754,0,0.00033,sector_a
2148.53491117,0.999956196626257,0,0.00033,sector_a
2148.53630006,1.0000122867059598,0,0.00033,sector_a
2148.53768895,1.0003105149478375,0,0.00033,sector_a
2148.53907783,1.0000865289360596,0,0.00033,sector_a
2148.54046672,1.0002178652406926,0,0.00033,sector_a
2148.54185561,1.000240161828072,0,0.00033,sector_a
2148.5432445,1.0004531436392154,0,0.00033,sector_a
2148.54463339,1.0001239213120618,0,0.00033,sector_a
2148.54602228,0.9994838809117752,0,0.00033,sector_a
2148.54741117,0.9998938071911421,0,0.00033,sector_a
2148.54880006,1.000588045550358,4096,0.00033,sector_a
2148.55018895,0.9999321379026551,0,0.00033,sector_a
2148.55157783,1.0002627122874344,0,0.00033,sector_a
2148.55296672,1.0006520358075337,0,0.00033,sector_a
2148.55435561,0.999968112710982,0,0.00033,sector_a
2148.5557445,1.0000035693667082,0,0.00033,sector_a
2148.55713339,0.9998798484488707,0,0.00033,sector_a
2148.55852228,1.0004371538752825,0,0.00033,sector_a
2148.55991117,1.0000751967998744,0,0.00033,sector_a
2148.56130006,0.9997697045385712,0,0.00033,sector_a
2148.56268895,0.9998824533696308,0,0.00033,sector_a
2148.56407783,0.99981228406536,0,0.00033,sector_a
2148.56546672,0.9995951379421402,0,0.00033,sector_a
2148.56685561,1.0002586787565042,0,0.00033,sector_a
2148.5682445,1.00038316758302,0,0.00033,sector_a
2148.56963339,1.0005943547487075,0,0.00033,sector_a
2148.57102228,0.9998832357972506,0,0.00033,sector_a
2148.57241117,1.0003522452393288,0,0.00033,sector_a
2148.57380006,1.000815579403804,0,0.00033,sector_a
2148.57518895,0.9993612123072476,0,0.00033,sector_a
2148.57657783,0.9996876171597772,0,0.00033,sector_a
2148.57796672,0.9997177268224321,0,0.00033,sector_a
2148.57935561,1.000663828355906,0,0.00033,sector_a
2148.5807445,1.0001726475903692,0,0.00033,sector_a
2148.58213339,1.000020184322657,0,0.00033,sector_a
2148.58352228,0.9999418745194851,0,0.00033,sector_a
2148.58491117,0.9998304177554669,0,0.00033,sector_a
2148.58630006,0.9996553716603767,0,0.00033,sector_a
2148.58768895,0.9999011054205433,0,0.00033,sector_a
2148.58907783,0.999584954750372,0,0.00033,sector_a
2148.59046672,1.0002018746375976,0,0.00033,sector_a
2148.59185561,1.0000547590850808,0,0.00033,sector_a
2148.5932445,1.0000988294277802,0,0.00033,sector_a
2148.59463339,1.0006057760752534,0,0.00033,sector_a
2148.59602228,1.0003763140951691,0,0.00033,sector_a
2148.59741117,1.00023474062896,0,0.00033,sector_a
2148.59880006,1.0002090402045605,0,0.00033,sector_a
2148.60018895,0.9999351053953937,0,0.00033,sector_a
2148.60157783,1.0003765129020041,0,0.00033,sector_a
2148.60296672,1.0001042899792192,0,0.00033,sector_a
2148.60435561,0.9998890378043048,0,0.00033,sector_a
2148.6057445,0.9999758773909719,0,0.00033,sector_a
2148.60713339,1.0001035364043924,0,0.00033,sector_a
2148.60852228,0.9997885850280019,0,0.00033,sector_a
2148.60991117,1.0002730669278899,0,0.00033,sector_a
2148.61130006,1.0008473011440193,0,0.00033,sector_a
2148.61268895,0.9996134618766965,0,0.00033,sector_a
2148.61407783,0.9997711258863471,0,0.00033,sector_a
2148.61546672,0.9998941461012228,0,0.00033,sector_a
2148.61685561,1.000013046685352,0,0.00033,sector_a
2148.6182445,0.9997318288387325,0,0.00033,sector_a
2148.61963339,1.00032369719119,0,0.00033,sector_a
2148.62102228,0.9999106946967804,0,0.00033,sector_a
2148.62241117,1.0002954900640884,0,0.00033,sector_a
2148.62380006,1.0002145165681542,0,0.00033,sector_a
2148.62518895,0.9998378492213221,0,0.00033,sector_a
2148.62657783,1.0001214324308607,0,0.00033,sector_a
2148.62796672,1.0007101297132928,0,0.00033,sector_a
2148.62935561,0.9998308962997112,0,0.00033,sector_a
2148.6307445,0.9997092493679789,0,0.00033,sector_a
2148.63213339,1.000644079894531,0,0.00033,sector_a
2148.63352228,0.999880824492881,0,0.00033,sector_a
2148.63491117,0.999630541233311,0,0.00033,sector_a
2148.63630006,0.9992877031235374,2048,0.00033,sector_a
2148.63768895,1.0001252410621846,0,0.00033,sector_a
2148.63907783,1.0000067058649547,0,0.00033,sector_a
2148.64046672,0.9993566898447573,0,0.00033,sector_a
2148.64185561,0.9999895303086404,0,0.00033,sector_a
2148.6432445,0.999328000155105,0,0.00033,sector_a
2148.64463339,1.0001189449427363,0,0.00033,sector_a
2148.64602228,1.0003173848000781,0,0.00033,sector_a
2148.64741117,0.999954236828303,0,0.00033,sector_a
2148.64880006,1.0003783372352926,0,0.00033,sector_a
2148.65018895,0.9993637218922952,0,0.00033,sector_a
2148.65157783,0.9992394955928463,0,0.00033,sector_a
2148.65296672,1.000215466594325,0,0.00033,sector_a
2148.65435561,0.9994059553486521,0,0.00033,sector_a
2148.6557445,0.9998378706746701,0,0.00033,sector_a
2148.65713339,1.000467380199551,0,0.00033,sector_a
2148.65852228,1.000100581822894,0,0.00033,sector_a
2148.65991117,0.9998114888074466,0,0.00033,sector_a
2148.66130006,0.9998210916095018,0,0.00033,sector_a
2148.66268895,1.000247378553286,0,0.00033,sector_a
2148.66407783,0.9996050889401269,0,0.00033,sector_a
2148.66546672,0.9999797693676962,0,0.00033,sector_a
2148.66685561,0.9999215998604886,0,0.00033,sector_a
2148.6682445,0.9999551150931402,0,0.00033,sector_a
2148.66963339,0.9998047592459672,0,0.00033,sector_a
2148.67102228,0.999616844872407,0,0.00033,sector_a
2148.67241117,0.9993895551677421,0,0.00033,sector_a
2148.67380006,1.0001940746334137,0,0.00033,sector_a
2148.67518895,0.9997631124294416,0,0.00033,sector_a
2148.67657783,1.0002049971300147,0,0.00033,sector_a
2148.67796672,1.000049899310329,0,0.00033,sector_a
2148.67935561,0.9991542025027216,0,0.00033,sector_a
2148.6807445,1.0000445690261983,0,0.00033,sector_a
2148.68213339,0.9997561715518382,0,0.00033,sector_a
2148.68352228,1.0001067723380577,0,0.00033,sector_a
2148.68491117,0.9995204099757947,0,0.00033,sector_a
2148.68630006,1.0001243794816395,0,0.00033,sector_a
2148.68768895,1.0004422124432726,0,0.00033,sector_a
2148.68907783,0.9992260088384486,0,0.00033,sector_a
2148.69046672,0.9997811483905987,0,0.00033,sector_a
2148.69185561,0.999896865601696,0,0.00033,sector_a
2148.6932445,1.0001109611345467,0,0.00033,sector_a
2148.69463339,1.0001013713060278,0,0.00033,sector_a
2148.69602228,0.9996094113999139,0,0.00033,sector_a
2148.69741117,0.9998919918812806,0,0.00033,sector_a
2148.69880006,1.0001195591387573,0,0.00033,sector_a
2148.70018895,0.9995789999131572,0,0.00033,sector_a
2148.70157783,0.9998573174540978,0,0.00033,sector_a
2148.70296672,0.9997463359346573,0,0.00033,sector_a
2148.70435561,0.9998313213909631,0,0.00033,sector_a
2148.7057445,0.9991993222139794,0,0.00033,sector_a
2148.70713339,1.0000430612662115,0,0.00033,sector_a
2148.70852228,0.9997864758187154,0,0.00033,sector_a
2148.70991117,1.0000784474469728,0,0.00033,sector_a
2148.71130006,1.0001246402582453,0,0.00033,sector_a
2148.71268895,1.000085400616747,0,0.00033,sector_a
2148.71407783,1.0000942058541975,0,0.00033,sector_a
2148.71546672,1.000100471318529,0,0.00033,sector_a
2148.71685561,1.0003081969636742,0,0.00033,sector_a
2148.7182445,0.9996911989880242,0,0.00033,sector_a
2148.71963339,0.9992368502617345,0,0.00033,sector_a
2148.72102228,0.99980858906221,0,0.00033,sector_a
2148.72241117,0.999843957216135,0,0.00033,sector_a
2148.72380006,1.0000645120386455,0,0.00033,sector_a
2148.72518895,0.9999079209360653,0,0.00033,sector_a
2148.72657783,0.9997150764063251,0,0.00033,sector_a
2148.72796672,1.0001475746730337,0,0.00033,sector_a
2148.72935561,0.9997538808977011,0,0.00033,sector_a
2148.7307445,0.9993720353209352,0,0.00033,sector_a
2148.73213339,0.999137574316215,0,0.00033,sector_a
2148.73352228,0.9996131056395501,0,0.00033,sector_a
2148.73491117,1.0004947832142495,0,0.00033,sector_a
2148.73630006,0.9997847353699041,0,0.00033,sector_a
2148.73768895,0.9996294375085275,0,0.00033,sector_a
2148.73907783,0.9998264678806481,0,0.00033,sector_a
2148.74046672,0.9992684185081389,0,0.00033,sector_a
2148.74185561,1.000315265420046,0,0.00033,sector_a
2148.7432445,0.9994138289127958,0,0.00033,sector_a
2148.74463339,0.9994553559619601,0,0.00033,sector_a
2148.74602228,0.9996307760989279,0,0.00033,sector_a
2148.74741117,1.0002115964462204,0,0.00033,sector_a
2148.74880006,1.0001276442199163,0,0.00033,sector_a
2148.75018895,0.9999964048404825,0,0.00033,sector_a
2148.75157783,0.999952330618504,0,0.00033,sector_a
2148.75296672,0.9991572479203377,0,0.00033,sector_a
2148.75435561,1.0002614334885864,0,0.00033,sector_a
2148.7557445,0.9999193667759402,0,0.00033,sector_a
2148.75713339,0.9996102219690106,0,0.00033,sector_a
2148.75852228,0.9994455625081435,0,0.00033,sector_a
2148.75991117,0.9999392625789674,0,0.00033,sector_a
2148.76130006,0.9993932601167552,0,0.00033,sector_a
2148.76268895,0.9996382972429896,0,0.00033,sector_a
2148.76407783,1.000383101087733,0,0.00033,sector_a
2148.76546672,0.9996031504896252,0,0.00033,sector_a
2148.76685561,0.9998367811917535,0,0.00033,sector_a
2148.7682445,0.999731792159492,0,0.00033,sector_a
2148.76963339,1.0001920608304118,0,0.00033,sector_a
2148.77102228,0.9995840242093593,0,0.00033,sector_a
2148.77241117,1.0000827357298032,0,0.00033,sector_a
2148.77380006,1.0001234048229022,0,0.00033,sector_a
2148.77518895,0.9999602165228167,0,0.00033,sector_a
2148.77657783,0.9996850656208511,0,0.00033,sector_a
2148.77796672,1.0000381575745272,0,0.00033,sector_a
2148.77935561,0.9995180035327255,0,0.00033,sector_a
2148.7807445,0.9990374896782855,0,0.00033,sector_a
2148.78213339,0.9999630264010377,0,0.00033,sector_a
2148.78352228,0.9994644090925026,0,0.00033,sector_a
2148.78491117,0.9997431188094289,0,0.00033,sector_a
2148.78630006,0.9998394618780757,0,0.00033,sector_a
2148.78768895,1.000205734366458,0,0.00033,sector_a
2148.78907783,0.9993342898834329,0,0.00033,sector_a
2148.79046672,1.0001366719884328,0,0.00033,sector_a
2148.79185561,0.9998587286996999,0,0.00033,sector_a
2148.7932445,0.9996223996780355,0,0.00033,sector_a
2148.79463339,0.9996488738294388,0,0.00033,sector_a
2148.79602228,0.9997601262352713,0,0.00033,sector_a
2148.79741117,1.0000552668994058,0,0.00033,sector_a
2148.79880006,0.999869898752863,0,0.00033,sector_a
2148.80018895,0.9994503062195538,0,0.00033,sector_a
2148.80157783,0.9994451868334592,0,0.00033,sector_a
2148.80296672,0.9997248597911143,0,0.00033,sector_a
2148.80435561,0.999296190791606,0,0.00033,sector_a
2148.8057445,1.0003793358550546,0,0.00033,sector_a
2148.80713339,1.0002971626516874,0,0.00033,sector_a
2148.80852228,0.9996812831692579,0,0.00033,sector_a
2148.80991117,0.9999627954106655,0,0.00033,sector_a
2148.81130006,0.9991447854512892,0,0.00033,sector_a
2148.81268895,1.0006114413409273,0,0.00033,sector_a
2148.81407783,0.9993595956221165,0,0.00033,sector_a
2148.81546672,0.9992920887013113,0,0.00033,sector_a
2148.81685561,1.0006516190743238,0,0.00033,sector_a
2148.8182445,0.9996304578430889,0,0.00033,sector_a
2148.81963339,1.0000096608032285,0,0.00033,sector_a
2148.82102228,0.9994233872523584,0,0.00033,sector_a
2148.82241117,0.9997629908516615,0,0.00033,sector_a
2148.82380006,0.999975217114271,0,0.00033,sector_a
2148.82518895,0.9999063179726484,0,0.00033,sector_a
2148.82657783,0.9997813721495655,0,0.00033,sector_a
2148.82796672,0.9997901597085244,0,0.00033,sector_a
2148.82935561,0.9998412726385587,0,0.00033,sector_a
2148.8307445,0.9999601066506812,0,0.00033,sector_a
2148.83213339,1.000239256478404,0,0.00033,sector_a
2148.83352228,0.9995899150247739,0,0.00033,sector_a
2148.83491117,0.9996637515381841,0,0.00033,sector_a
2148.83630006,0.9995318924067286,0,0.00033,sector_a
2148.83768895,0.9996508623234241,0,0.00033,sector_a
2148.83907783,0.9996660395632762,0,0.00033,sector_a
2148.84046672,0.9998371928257386,0,0.00033,sector_a
2148.84185561,0.9996178842529861,0,0.00033,sector_a
2148.8432445,1.0003941993891043,0,0.00033,sector_a
2148.84463339,0.9999472722391929,0,0.00033,sector_a
2148.84602228,0.9998609165923488,0,0.00033,sector_a
2148.84741117,0.9999966539141077,0,0.00033,sector_a
2148.84880006,0.9996717439784576,0,0.00033,sector_a
2148.85018895,1.0002211232533762,0,0.00033,sector_a
2148.85157783,0.9993932432394658,0,0.00033,sector_a
2148.85296672,0.999373087221281,0,0.00033,sector_a
2148.85435561,0.999868058250712,0,0.00033,sector_a
2148.8557445,0.999772185527906,0,0.00033,sector_a
2148.85713339,0.9996110323304398,0,0.00033,sector_a
2148.85852228,0.9994647822803508,0,0.00033,sector_a
2148.85991117,0.9995004619130492,0,0.00033,sector_a
2148.86130006,1.0003709162033274,0,0.00033,sector_a
2148.86268895,0.9999448362896086,0,0.00033,sector_a
2148.86407783,0.9988993313164853,0,0.00033,sector_a
2148.86546672,0.99990689346732,0,0.00033,sector_a
2148.86685561,0.9999842869155177,0,0.00033,sector_a
2148.8682445,0.9999832855249235,0,0.00033,sector_a
2148.86963339,0.9995040183386018,0,0.00033,sector_a
2148.87102228,0.999822862058028,0,0.00033,sector_a
2148.87241117,1.0000987601393627,0,0.00033,sector_a
2148.87380006,0.9997573921246489,0,0.00033,sector_a
2148.87518895,0.9995352173978307,0,0.00033,sector_a
2148.87657783,0.9996545527249731,0,0.00033,sector_a
2148.87796672,0.9999377069710479,0,0.00033,sector_a
2148.87935561,0.9993341457842433,0,0.00033,sector_a
2148.8807445,0.9999290065819052,0,0.00033,sector_a
2148.88213339,0.9993910186514326,0,0.00033,sector_a
2148.88352228,0.9996849245073756,0,0.00033,sector_a
2148.88491117,0.9994904963024278,0,0.00033,sector_a
2148.88630006,0.9996985710159731,0,0.00033,sector_a
2148.88768895,0.9993196200473058,0,0.00033,sector_a
2148.88907783,0.9995105346102092,0,0.00033,sector_a
2148.89046672,0.9996394575682954,0,0.00033,sector_a
2148.89185561,0.9992811740764517,0,0.00033,sector_a
2148.8932445,0.9993116031350292,0,0.00033,sector_a
2148.89463339,1.0000883357207653,0,0.00033,sector_a
2148.89602228,0.9998184877356503,0,0.00033,sector_a
2148.89741117,0.9996472894387729,0,0.00033,sector_a
2148.89880006,0.9996886690209386,0,0.00033,sector_a
2148.90018895,0.9995159488839167,0,0.00033,sector_a
2148.90157783,0.9998375356323531,0,0.00033,sector_a
2148.90296672,0.9997350324196522,0,0.00033,sector_a
2148.90435561,0.9993923377347372,0,0.00033,sector_a
2148.9057445,0.9995768074659739,0,0.00033,sector_a
2148.90713339,0.9996383585262997,0,0.00033,sector_a
2148.90852228,0.9996960113002655,0,0.00033,sector_a
2148.90991117,0.9991904852617853,0,0.00033,sector_a
2148.91130006,0.9998552101934493,0,0.00033,sector_a
2148.91268895,0.9995811905113686,0,0.00033,sector_a
2148.91407783,0.9998126603762014,0,0.00033,sector_a
2148.91546672,0.9994816681237092,0,0.00033,sector_a
2148.91685561,0.9992193917183184,0,0.00033,sector_a
2148.9182445,0.999117548106309,0,0.00033,sector_a
2148.91963339,0.9989553100155546,0,0.00033,sector_a
2148.92102228,0.9993404147553313,0,0.00033,sector_a
2148.92241117,0.9997510133563994,0,0.00033,sector_a
2148.92380006,1.0001414600535838,0,0.00033,sector_a
2148.92518895,0.9995684644549685,0,0.00033,sector_a
2148.92657783,0.9992065300100055,0,0.00033,sector_a
2148.92796672,0.9996764757383035,0,0.00033,sector_a
2148.92935561,0.9995747064573178,0,0.00033,sector_a
2148.9307445,0.9997697325931044,0,0.00033,sector_a
2148.93213339,0.9992249128139651,0,0.00033,sector_a
2148.93352228,0.9996678948208745,0,0.00033,sector_a
2148.93491117,0.9993926741671295,0,0.00033,sector_a
2148.93630006,0.999898652073274,0,0.00033,sector_a
2148.93768895,0.9994063425181371,0,0.00033,sector_a
2148.93907783,0.9996928717277943,0,0.00033,sector_a
2148.94046672,0.9997396933259438,0,0.00033,sector_a
2148.94185561,1.0000411071539552,0,0.00033,sector_a
2148.9432445,0.9995139216139559,0,0.00033,sector_a
2148.94463339,0.9994618789650987,0,0.00033,sector_a
2148.94602228,0.999268362344385,0,0.00033,sector_a
2148.94741117,0.9990607138351583,0,0.00033,sector_a
2148.94880006,0.9996755565804876,0,0.00033,sector_a
2148.95018895,0.9998107734636232,0,0.00033,sector_a
2148.95157783,0.9999217153706355,0,0.00033,sector_a
2148.95296672,0.9997426999445491,0,0.00033,sector_a
2148.95435561,1.0004629338075266,0,0.00033,sector_a
2148.9557445,1.0001006697539947,0,0.00033,sector_a
2148.95713339,0.9998336517802836,2048,0.00033,sector_a
2148.95852228,0.9997772251657772,0,0.00033,sector_a
2148.95991117,0.9998539177416716,0,0.00033,sector_a
2148.96130006,0.9992343813887569,0,0.00033,sector_a
2148.96268895,0.9996903282313049,0,0.00033,sector_a
2148.96407783,0.9994834648037993,0,0.00033,sector_a
2148.96546672,0.9995446468000219,0,0.00033,sector_a
2148.96685561,0.9995785980803216,0,0.00033,sector_a
2148.9682445,0.9996895259022357,0,0.00033,sector_a
2148.96963339,0.9993358144578474,0,0.00033,sector_a
2148.97102228,0.9992988167095957,0,0.00033,sector_a
2148.97241117,0.999316256462211,0,0.00033,sector_a
2148.97380006,0.999907998159455,0,0.00033,sector_a
2148.97518895,0.9994658703581343,0,0.00033,sector_a
2148.97657783,0.999288291883853,0,0.00033,sector_a
2148.97796672,0.9999233025592431,0,0.00033,sector_a
2148.97935561,0.9996704645525766,0,0.00033,sector_a
2148.9807445,0.9996209537104984,0,0.00033,sector_a
2148.98213339,0.9996213592385604,0,0.00033,sector_a
2148.98352228,0.9990323187328194,0,0.00033,sector_a
2148.98491117,0.9993228286631357,0,0.00033,sector_a
2148.98630006,0.999186858311383,0,0.00033,sector_a
2148.98768895,0.9992553978998352,0,0.00033,sector_a
2148.98907783,0.9996392517400037,0,0.00033,sector_a
2148.99046672,1.000400373136018,0,0.00033,sector_a
2148.99185561,0.9999825948554524,0,0.00033,sector_a
2148.9932445,1.0000478873792122,0,0.00033,sector_a
2148.99463339,0.9991900148351295,0,0.00033,sector_a
2148.99602228,0.999909725958462,0,0.00033,sector_a
2148.99741117,0.9995741041340499,0,0.00033,sector_a
2148.99880006,0.9992371284313938,0,0.00033,sector_a
2149.00018895,0.9993577220395892,0,0.00033,sector_a
2149.00157783,0.9998009804561203,0,0.00033,sector_a
2149.00296672,1.000578291691521,0,0.00033,sector_a
2149.00435561,0.9995591884819974,0,0.00033,sector_a
2149.0057445,0.9995252617384455,0,0.00033,sector_a
2149.00713339,0.9999053026527239,0,0.00033,sector_a
2149.00852228,0.9993488444455954,0,0.00033,sector_a
2149.00991117,0.9998743875762512,0,0.00033,sector_a
2149.01130006,0.9999256863764513,0,0.00033,sector_a
2149.01268895,1.0000491778352703,0,0.00033,sector_a
2149.01407783,0.9996029370563693,0,0.00033,sector_a
2149.01546672,0.9994407179648661,0,0.00033,sector_a
2149.01685561,0.9990949763961011,0,0.00033,sector_a
2149.0182445,1.000176517079306,0,0.00033,sector_a
2149.01963339,0.9987905240831172,0,0.00033,sector_a
2149.02102228,0.999660163963408,0,0.00033,sector_a
2149.02241117,0.9996603615417469,0,0.00033,sector_a
2149.02380006,0.9995097450072025,0,0.00033,sector_a
2149.02518895,0.9999513744741415,0,0.00033,sector_a
2149.02657783,1.0003024715470645,0,0.00033,sector_a
2149.02796672,0.9995923928941356,0,0.00033,sector_a
2149.02935561,0.9998461361720217,0,0.00033,sector_a
2149.0307445,0.9998494861441609,0,0.00033,sector_a
2149.03213339,0.9995366314369938,0,0.00033,sector_a
2149.03352228,0.9996259271066408,0,0.00033,sector_a
2149.03491117,0.9996385016222271,0,0.00033,sector_a
2149.03630006,0.9993531410350676,0,0.00033,sector_a
2149.03768895,0.9998000702563983,0,0.00033,sector_a
2149.03907783,0.9998281367212274,0,0.00033,sector_a
2149.04046672,0.9995087119989691,0,0.00033,sector_a
2149.04185561,0.9999622406952272,0,0.00033,sector_a
2149.0432445,0.9991064094935259,0,0.00033,sector_a
2149.04463339,0.9991471422908895,0,0.00033,sector_a
2149.04602228,1.0000696069212136,0,0.00033,sector_a
2149.04741117,0.999186468071465,0,0.00033,sector_a
2149.04880006,0.9999022054611293,0,0.00033,sector_a
2149.05018895,0.9992251401835821,0,0.00033,sector_a
2149.05157783,0.9997438201397482,0,0.00033,sector_a
2149.05296672,0.9996388679532984,0,0.00033,sector_a
2149.05435561,0.9994756624162305,0,0.00033,sector_a
2149.0557445,0.9995502305233166,0,0.00033,sector_a
2149.05713339,0.999466305278965,0,0.00033,sector_a
2149.05852228,0.9989999847960235,0,0.00033,sector_a
2149.05991117,0.9997466418479526,0,0.00033,sector_a
2149.06130006,0.9992363430767158,0,0.00033,sector_a
2149.06268895,0.9999764506533049,0,0.00033,sector_a
2149.06407783,0.9998338865219198,0,0.00033,sector_a
2149.06546672,0.999236164347048,0,0.00033,sector_a
2149.06685561,0.9998898661008688,0,0.00033,sector_a
2149.0682445,0.9995051509023568,0,0.00033,sector_a
2149.06963339,0.9988335758041458,0,0.00033,sector_a
2149.07102228,0.999762843863574,0,0.00033,sector_a
2149.07241117,0.9993953833149615,0,0.00033,sector_a
2149.07380006,0.9993308186726573,0,0.00033,sector_a
2149.07518895,0.9996533510374912,0,0.00033,sector_a
2149.07657783,0.9998287508589792,2048,0.00033,sector_a
2149.07796672,0.9994937924097886,0,0.00033,sector_a
2149.07935561,0.9995791616835444,0,0.00033,sector_a
2149.0807445,0.9989166090339101,0,0.00033,sector_a
2149.08213339,0.9994751378783067,0,0.00033,sector_a
2149.08352228,0.9993620661033729,0,0.00033,sector_a
2149.08491117,0.9994610943683386,0,0.00033,sector_a
2149.08630006,0.9998123572623082,0,0.00033,sector_a
2149.08768895,0.9996974689555604,0,0.00033,sector_a
2149.08907783,0.9998633335390278,0,0.00033,sector_a
2149.09046672,0.999193512375447,0,0.00033,sector_a
2149.09185561,0.999162908330209,0,0.00033,sector_a
2149.0932445,0.9997365620339522,0,0.00033,sector_a
2149.09463339,0.9992788176400381,0,0.00033,sector_a
2149.09602228,0.9998893525450053,0,0.00033,sector_a
2149.09741117,0.9991026751637616,0,0.00033,sector_a
2149.09880006,0.9996077246297763,0,0.00033,sector_a
2149.10018895,0.9995800618606248,0,0.00033,sector_a
2149.10157783,0.9986528013776207,0,0.00033,sector_a
2149.10296672,0.9995219728610941,0,0.00033,sector_a
2149.10435561,0.9998797888421155,0,0.00033,sector_a
2149.1057445,0.9995521255613083,0,0.00033,sector_a
2149.10713339,0.999597190009755,0,0.00033,sector_a
2149.10852228,0.9995943499509525,0,0.00033,sector_a
2149.10991117,0.9994651001138916,0,0.00033,sector_a
2149.11130006,0.9995571564358375,0,0.00033,sector_a
2149.11268895,0.9992165692943014,0,0.00033,sector_a
2149.11407783,0.9997136335292272,0,0.00033,sector_a
2149.11546672,0.9995254123556735,0,0.00033,sector_a
2149.11685561,0.9993067876983285,0,0.00033,sector_a
2149.1182445,0.9992498461499344,0,0.00033,sector_a
2149.11963339,0.9994409528989685,0,0.00033,sector_a
2149.12102228,0.9994911900146622,0,0.00033,sector_a
2149.12241117,0.9990879997015145,0,0.00033,sector_a
2149.12380006,0.9992968588084432,0,0.00033,sector_a
2149.12518895,1.0003512452245205,0,0.00033,sector_a
2149.12657783,0.9996776119171509,0,0.00033,sector_a
2149.12796672,0.9993188612854108,2048,0.00033,sector_a
2149.12935561,0.999273119229557,0,0.00033,sector_a
2149.1307445,0.9991779342679369,0,0.00033,sector_a
2149.13213339,0.9993790841132617,0,0.00033,sector_a
2149.13352228,0.9995163811675539,0,0.00033,sector_a
2149.13491117,0.9996498173781898,0,0.00033,sector_a
2149.13630006,0.9999978044874657,0,0.00033,sector_a
2149.13768895,0.9997072612278813,0,0.00033,sector_a
2149.13907783,0.998812021597183,0,0.00033,sector_a
2149.14046672,0.9989746709831826,0,0.00033,sector_a
2149.14185561,0.9988672583356075,0,0.00033,sector_a
2149.1432445,0.9992878368405386,0,0.00033,sector_a
2149.14463339,0.9995453260581157,0,0.00033,sector_a
2149.14602228,0.9995031222919372,0,0.00033,sector_a
2149.14741117,0.9987896630475215,0,0.00033,sector_a
2149.14880006,0.9995354328970318,0,0.00033,sector_a
2149.15018895,0.9987720198275684,0,0.00033,sector_a
2149.15157783,0.999491457297985,0,0.00033,sector_a
2149.15296672,0.999671583183241,0,0.00033,sector_a
2149.15435561,0.9995486667495761,0,0.00033,sector_a
2149.1557445,0.9997644668833919,0,0.00033,sector_a
2149.15713339,0.9992237757267093,0,0.00033,sector_a
2149.15852228,0.9992909072458144,0,0.00033,sector_a
2149.15991117,0.9992928785637079,0,0.00033,sector_a
2149.16130006,0.9994220142746811,0,0.00033,sector_a
2149.16268895,0.9989555277867599,0,0.00033,sector_a
2149.16407783,0.9996522831332086,0,0.00033,sector_a
2149.16546672,0.9999452651284134,0,0.00033,sector_a
2149.16685561,0.9995020547732771,0,0.00033,sector_a
2149.1682445,0.999180195260871,0,0.00033,sector_a
2149.16963339,0.9993833089711424,0,0.00033,sector_a
2149.17102228,0.9990955985453625,0,0.00033,sector_a
2149.17241117,0.9994537998347828,0,0.00033,sector_a
2149.17380006,0.9990399643011032,0,0.00033,sector_a
2149.17518895,0.9993794748795937,0,0.00033,sector_a
2149.17657783,0.9993619173230223,0,0.00033,sector_a
2149.17796672,0.9986443445263878,0,0.00033,sector_a
2149.17935561,0.9999860982455112,0,0.00033,sector_a
2149.1807445,1.0000185752725386,0,0.00033,sector_a
2149.18213339,0.999362929978859,0,0.00033,sector_a
2149.18352228,0.9999004466112577,4096,0.00033,sector_a
2149.18491117,0.9995650201290701,0,0.00033,sector_a
2149.18630006,0.999656842097706,0,0.00033,sector_a
2149.18768895,0.9996806121409075,0,0.00033,sector_a
2149.18907783,0.9989407798939365,0,0.00033,sector_a
2149.19046672,0.9996160316873266,0,0.00033,sector_a
2149.19185561,0.9994591380302823,0,0.00033,sector_a
2149.1932445,0.9997895213743346,0,0.00033,sector_a
2149.19463339,0.999927815602587,0,0.00033,sector_a
2149.19602228,0.9992779847548904,0,0.00033,sector_a
2149.19741117,0.9988528771359946,0,0.00033,sector_a
2149.19880006,0.9993264975968891,0,0.00033,sector_a
2149.20018895,0.9988427360267709,0,0.00033,sector_a
2149.20157783,0.9996981212381754,0,0.00033,sector_a
2149.20296672,0.9993488698153017,0,0.00033,sector_a
2149.20435561,0.9998622642497981,0,0.00033,sector_a
2149.2057445,0.9993153272335827,0,0.00033,sector_a
2149.20713339,1.000037663014182,0,0.00033,sector_a
2149.20852228,0.998764378378234,0,0.00033,sector_a
2149.20991117,0.9995650144893967,0,0.00033,sector_a
2149.21130006,0.9992235828527798,0,0.00033,sector_a
2149.21268895,0.9993774543100692,0,0.00033,sector_a
2149.21407783,1.0000223764321614,0,0.00033,sector_a
2149.21546672,0.9992201096187083,0,0.00033,sector_a
2149.21685561,0.9994746743611439,0,0.00033,sector_a
2149.2182445,0.9994483429929588,0,0.00033,sector_a
2149.21963339,0.9997819462502651,0,0.00033,sector_a
2149.22102228,0.999271473454772,0,0.00033,sector_a
2149.22241117,0.999254161950841,0,0.00033,sector_a
2149.22380006,0.9990241517496722,0,0.00033,sector_a
2149.22518895,0.9995991685808782,0,0.00033,sector_a
2149.22657783,0.9996331226499734,0,0.00033,sector_a
2149.22796672,0.9986073746809392,0,0.00033,sector_a
2149.22935561,0.9992450194250522,0,0.00033,sector_a
2149.2307445,0.9995571456248565,0,0.00033,sector_a
2149.23213339,0.9993212705141199,0,0.00033,sector_a
2149.23352228,0.999368219116117,0,0.00033,sector_a
2149.23491117,0.9991565723159711,0,0.00033,sector_a
2149.23630006,0.9997437058755471,0,0.00033,sector_a
2149.23768895,1.0004135066126005,0,0.00033,sector_a
2149.23907783,0.9992015849970843,0,0.00033,sector_a
2149.24046672,0.9992155896055357,0,0.00033,sector_a
2149.24185561,0.9993495690317218,0,0.00033,sector_a
2149.2432445,0.9997659862821576,0,0.00033,sector_a
2149.24463339,0.9999018549821845,0,0.00033,sector_a
2149.24602228,0.9995397592773525,0,0.00033,sector_a
2149.24741117,0.9994922794386362,0,0.00033,sector_a
2149.24880006,0.9997894055668527,0,0.00033,sector_a
2149.25018895,0.999208113382255,0,0.00033,sector_a
2149.25157783,0.9996558725594419,0,0.00033,sector_a
2149.25296672,0.9991206780133112,0,0.00033,sector_a
2149.25435561,0.9993700033151334,0,0.00033,sector_a
2149.2557445,0.999827792057854,0,0.00033,sector_a
2149.25713339,0.9992058481988018,0,0.00033,sector_a
2149.25852228,0.9992866567650942,0,0.00033,sector_a
2149.25991117,0.9990194197962253,0,0.00033,sector_a
2149.26130006,0.9988705294740238,0,0.00033,sector_a
2149.26268895,0.9996821167405113,0,0.00033,sector_a
2149.26407783,0.9991881594778577,0,0.00033,sector_a
2149.26546672,0.9995984598117219,0,0.00033,sector_a
2149.26685561,0.999325644258285,0,0.00033,sector_a
2149.2682445,0.9992168230433484,0,0.00033,sector_a
2149.26963339,0.9998213422243211,0,0.00033,sector_a
2149.27102228,0.9991381071427535,0,0.00033,sector_a
2149.27241117,0.9995983751212478,0,0.00033,sector_a
2149.27380006,0.9989695538944401,0,0.00033,sector_a
2149.27518895,0.9993715917571604,0,0.00033,sector_a
2149.27657783,0.9994664096288076,0,0.00033,sector_a
2149.27796672,0.9997922840977383,2048,0.00033,sector_a
2149.27935561,0.9993947675803688,4096,0.00033,sector_a
2149.2807445,0.999450526671077,0,0.00033,sector_a
2149.28213339,0.9998595981508442,0,0.00033,sector_a
2149.28352228,0.9992868628308527,0,0.00033,sector_a
2149.28491117,0.9997753445319804,0,0.00033,sector_a
2149.28630006,0.9999085013765454,0,0.00033,sector_a
2149.28768895,0.9996316912712891,0,0.00033,sector_a
2149.28907783,0.9995319705214287,0,0.00033,sector_a
2149.29046672,0.9994816999548041,0,0.00033,sector_a
2149.29185561,0.9997001106039073,0,0.00033,sector_a
2149.2932445,0.9991805694653882,0,0.00033,sector_a
2149.29463339,0.9991652652046719,0,0.00033,sector_a
2149.29602228,0.9990564261493416,0,0.00033,sector_a
2149.29741117,0.9991911154606197,0,0.00033,sector_a
2149.29880006,0.99927621955908,0,0.00033,sector_a
2149.30018895,0.9999765369087465,0,0.00033,sector_a
2149.30157783,0.9995865272712883,0,0.00033,sector_a
2149.30296672,0.9995645791115411,0,0.00033,sector_a
2149.30435561,0.9992121258365683,0,0.00033,sector_a
2149.3057445,0.9997405809294422,0,0.00033,sector_a
2149.30713339,0.9995884257979368,0,0.00033,sector_a
2149.30852228,0.9994609105932405,0,0.00033,sector_a
2149.30991117,0.9992729267269915,0,0.00033,sector_a
2149.31130006,0.9990870202886041,0,0.00033,sector_a
2149.31268895,0.999496115618648,0,0.00033,sector_a
2149.31407783,0.9993978965885114,0,0.00033,sector_a
2149.31546672,0.9991190106514009,0,0.00033,sector_a
2149.31685561,0.9994180888068801,0,0.00033,sector_a
2149.3182445,0.9993604796723211,0,0.00033,sector_a
2149.31963339,0.9997068070076942,0,0.00033,sector_a
2149.32102228,0.9991322838164947,0,0.00033,sector_a
2149.32241117,0.9992358555275059,0,0.00033,sector_a
2149.32380006,0.9991905691886332,0,0.00033,sector_a
2149.32518895,0.9995542364572099,0,0.00033,sector_a
2149.32657783,0.99956408759999,0,0.00033,sector_a
2149.32796672,0.9989954647481104,0,0.00033,sector_a
2149.32935561,0.9993506466831653,0,0.00033,sector_a
2149.3307445,0.9992900430939757,0,0.00033,sector_a
2149.33213339,0.9995076854389943,0,0.00033,sector_a
2149.33352228,0.9990728754355249,0,0.00033,sector_a
2149.33491117,0.9995350535141189,0,0.00033,sector_a
2149.33630006,0.999529179409156,0,0.00033,sector_a
2149.33768895,0.999139659109891,0,0.00033,sector_a
2149.33907783,0.9999485321669083,0,0.00033,sector_a
2149.34046672,0.9991422989103356,0,0.00033,sector_a
2149.34185561,0.9993777254333641,0,0.00033,sector_a
2149.3432445,0.9996273603650688,0,0.00033,sector_a
2149.34463339,0.9995503529304841,0,0.00033,sector_a
2149.34602228,0.9990275274951896,0,0.00033,sector_a
2149.34741117,0.9994365034701929,0,0.00033,sector_a
2149.34880006,0.9990269770342433,0,0.00033,sector_a
2149.35018895,0.9993282446409921,0,0.00033,sector_a
2149.35157783,0.9989344254484677,0,0.00033,sector_a
2149.35296672,1.000001841849628,0,0.00033,sector_a
2149.35435561,0.999926511494804,0,0.00033,sector_a
2149.3557445,0.9995159837039956,0,0.00033,sector_a
2149.35713339,0.9990432427869399,0,0.00033,sector_a
2149.35852228,0.9991778116943681,0,0.00033,sector_a
2149.35991117,1.0002753220607692,2048,0.00033,sector_a
2149.36130006,0.9992901411194226,0,0.00033,sector_a
2149.36268895,0.9992130371109463,0,0.00033,sector_a
2149.36407783,0.999798943007306,0,0.00033,sector_a
2149.36546672,0.9988505116547678,0,0.00033,sector_a
2149.36685561,0.9987168593152718,4096,0.00033,sector_a
2149.3682445,0.9996034697290602,0,0.00033,sector_a
2149.36963339,0.9988899772164195,0,0.00033,sector_a
2149.37102228,0.9995303342221756,0,0.00033,sector_a
2149.37241117,0.9997364796095933,0,0.00033,sector_a
2149.37380006,0.999297946593842,0,0.00033,sector_a
2149.37518895,0.9999013740624103,0,0.00033,sector_a
2149.37657783,0.9991659946666144,0,0.00033,sector_a
2149.37796672,0.9989526855428839,0,0.00033,sector_a
2149.37935561,0.9993349440562905,0,0.00033,sector_a
2149.3807445,0.9994003652933839,0,0.00033,sector_a
2149.38213339,0.9990818617014223,0,0.00033,sector_a
2149.38352228,0.9997529079912642,0,0.00033,sector_a
2149.38491117,0.9989359949138907,0,0.00033,sector_a
2149.38630006,0.9994791387999244,0,0.00033,sector_a
2149.38768895,0.999961809823696,0,0.00033,sector_a
2149.38907783,0.9997429223420062,0,0.00033,sector_a
2149.39046672,0.9998252963822879,0,0.00033,sector_a
2149.39185561,0.999807510125541,0,0.00033,sector_a
2149.3932445,0.9995511908863863,0,0.00033,sector_a
2149.39463339,0.9996870696012546,0,0.00033,sector_a
2149.39602228,0.9994187253586307,0,0.00033,sector_a
2149.39741117,0.9984325589761331,0,0.00033,sector_a
2149.39880006,0.9994377215430664,0,0.00033,sector_a
2149.40018895,0.9985682201889432,0,0.00033,sector_a
2149.40157783,0.9988504590022464,0,0.00033,sector_a
2149.40296672,0.9993469813048695,0,0.00033,sector_a
2149.40435561,0.9997096318267371,0,0.00033,sector_a
2149.4057445,0.9989249672680504,0,0.00033,sector_a
2149.40713339,0.9986256604495111,0,0.00033,sector_a
2149.40852228,0.9989773431037178,0,0.00033,sector_a
2149.40991117,0.9988362921023337,0,0.00033,sector_a
2149.41130006,0.999415893153571,0,0.00033,sector_a
2149.41268895,0.9988526550766816,0,0.00033,sector_a
2149.41407783,0.9994507929511964,0,0.00033,sector_a
2149.41546672,0.9997481685454979,0,0.00033,sector_a
2149.41685561,0.9994711784607464,0,0.00033,sector_a
2149.4182445,0.9993694856729141,0,0.00033,sector_a
2149.41963339,0.9998019443781915,0,0.00033,sector_a
2149.42102228,0.9995079947276175,0,0.00033,sector_a
2149.42241117,0.9995566861821736,0,0.00033,sector_a
2149.42380006,0.9995191344418494,0,0.00033,sector_a
2149.42518895,0.9984913438459638,0,0.00033,sector_a
2149.42657783,0.9991224843939631,0,0.00033,sector_a
2149.42796672,0.9998728682542803,2048,0.00033,sector_a
2149.42935561,0.9990527416611569,0,0.00033,sector_a
2149.4307445,0.9995965946825961,0,0.00033,sector_a
2149.43213339,0.9991577214243137,0,0.00033,sector_a
2149.43352228,0.9993821365379224,0,0.00033,sector_a
2149.43491117,0.9988271498532563,0,0.00033,sector_a
2149.43630006,0.9990119915131275,0,0.00033,sector_a
2149.43768895,0.9993570581860662,0,0.00033,sector_a
2149.43907783,0.9994240958492032,0,0.00033,sector_a
2149.44046672,0.9989249128332239,0,0.00033,sector_a
2149.44185561,0.9987910869944033,0,0.00033,sector_a
2149.4432445,0.9995822916519906,0,0.00033,sector_a
2149.44463339,0.9995700414569243,0,0.00033,sector_a
2149.44602228,0.9995960410851804,0,0.00033,sector_a
2149.44741117,0.9998524063013933,0,0.00033,sector_a
2149.44880006,0.9997186706322455,0,0.00033,sector_a
2149.45018895,0.9995967092747766,0,0.00033,sector_a
2149.45157783,0.9996160653563528,0,0.00033,sector_a
2149.45296672,0.9993641654397407,0,0.00033,sector_a
2149.45435561,0.9993789862106152,0,0.00033,sector_a
2149.4557445,0.9995585560730484,0,0.00033,sector_a
2149.45713339,0.9996652646428018,0,0.00033,sector_a
2149.45852228,0.9999699384496907,0,0.00033,sector_a
2149.45991117,0.9994956743043291,0,0.00033,sector_a
2149.46130006,0.9995516462504409,0,0.00033,sector_a
2149.46268895,0.999755552383468,0,0.00033,sector_a
2149.46407783,0.9994544368502248,0,0.00033,sector_a
2149.46546672,0.9991464762344853,0,0.00033,sector_a
2149.46685561,0.999313721090925,0,0.00033,sector_a
2149.4682445,0.9993568601454991,0,0.00033,sector_a
2149.46963339,0.999197326998036,0,0.00033,sector_a
2149.47102228,0.999058541327189,0,0.00033,sector_a
2149.47241117,0.9996920634324311,0,0.00033,sector_a
2149.47380006,0.9998428891351435,0,0.00033,sector_a
2149.47518895,0.999065350329254,0,0.00033,sector_a
2149.47657783,1.0000180039401627,0,0.00033,sector_a
2149.47796672,0.9988596242468138,0,0.00033,sector_a
2149.47935561,0.9995155912751182,0,0.00033,sector_a
2149.4807445,0.9995140931603861,0,0.00033,sector_a
2149.48213339,0.9990939731199666,0,0.00033,sector_a
2149.48352228,0.9997362471187943,0,0.00033,sector_a
2149.48491117,0.9993396274597344,0,0.00033,sector_a
2149.48630006,0.9993709661761099,0,0.00033,sector_a
2149.48768895,0.9990060835725707,0,0.00033,sector_a
2149.48907783,0.9986408091038651,0,0.00033,sector_a
2149.49046672,0.9989855557330409,0,0.00033,sector_a
2149.49185561,0.9997049221701667,0,0.00033,sector_a
2149.4932445,0.9988240017152088,0,0.00033,sector_a
2149.49463339,0.9991478429501341,0,0.00033,sector_a
2149.49602228,0.9991614943862598,0,0.00033,sector_a
2149.49741117,0.9988919602402928,0,0.00033,sector_a
2149.49880006,0.9992749349687138,0,0.00033,sector_a
2149.50018895,0.9993645865594968,0,0.00033,sector_a
2149.50157783,0.9993556956213803,0,0.00033,sector_a
2149.50296672,0.9996449207018112,0,0.00033,sector_a
2149.50435561,0.9994949816783573,0,0.00033,sector_a
2149.5057445,1.000000616397136,0,0.00033,sector_a
2149.50713339,0.9998473611149088,0,0.00033,sector_a
2149.50852228,0.9994317081190035,0,0.00033,sector_a
2149.50991117,0.9994552023597516,0,0.00033,sector_a
2149.51130006,0.9993142251698254,0,0.00033,sector_a
2149.51268895,0.9995525329736564,0,0.00033,sector_a
2149.51407783,0.9992229984445549,0,0.00033,sector_a
2149.51546672,0.9994020967640634,0,0.00033,sector_a
2149.51685561,0.9996733829487475,0,0.00033,sector_a
2149.5182445,0.9997525294132256,0,0.00033,sector_a
2149.51963339,0.9996605133113478,0,0.00033,sector_a
2149.52102228,0.9992476623789285,0,0.00033,sector_a
2149.52241117,0.9993952364802597,0,0.00033,sector_a
2149.52380006,0.9989349754511733,0,0.00033,sector_a
2149.52518895,0.9987422285945621,0,0.00033,sector_a
2149.52657783,0.9993805712920533,0,0.00033,sector_a
2149.52796672,0.9998496018388059,0,0.00033,sector_a
2149.52935561,0.9985457657719742,0,0.00033,sector_a
2149.5307445,0.9989786009347638,0,0.00033,sector_a
2149.53213339,0.9996814331573219,0,0.00033,sector_a
2149.53352228,0.9995184294918446,0,0.00033,sector_a
2149.53491117,0.9994835622859284,0,0.00033,sector_a
2149.53630006,0.9994165696181515,0,0.00033,sector_a
2149.53768895,0.9998011496403872,0,0.00033,sector_a
2149.53907783,0.9992276993860716,0,0.00033,sector_a
2149.54046672,0.9993096241811312,0,0.00033,sector_a
2149.54185561,0.9991480941597062,0,0.00033,sector_a
2149.5432445,0.9989402297000496,0,0.00033,sector_a
2149.54463339,1.0000014414174854,0,0.00033,sector_a
2149.54602228,0.9991256639145165,0,0.00033,sector_a
2149.54741117,0.9988194837737888,0,0.00033,sector_a
2149.54880006,0.9995299918119482,0,0.00033,sector_a
2149.55018895,0.9986004161778217,0,0.00033,sector_a
2149.55157783,0.9993752132764201,0,0.00033,sector_a
2149.55296672,0.9987274395683992,0,0.00033,sector_a
2149.55435561,0.9992818739658625,0,0.00033,sector_a
2149.5557445,0.999375510467614,0,0.00033,sector_a
2149.55713339,0.9988048286082127,0,0.00033,sector_a
2149.55852228,0.9995106231792874,0,0.00033,sector_a
2149.55991117,0.9995696285986218,0,0.00033,sector_a
2149.56130006,0.9994734966261647,0,0.00033,sector_a
2149.56268895,0.9988526414898911,0,0.00033,sector_a
2149.56407783,0.9998102544192066,0,0.00033,sector_a
2149.56546672,0.9992816072946816,0,0.00033,sector_a
2149.56685561,0.9998132094721609,0,0.00033,sector_a
2149.5682445,0.999410687125468,0,0.00033,sector_a
2149.56963339,0.9997839399407257,0,0.00033,sector_a
2149.57102228,0.999561337976293,0,0.00033,sector_a
2149.57241117,0.9989993726236407,0,0.00033,sector_a
2149.57380006,0.999707637418099,0,0.00033,sector_a
2149.57518895,0.9991058134822772,0,0.00033,sector_a
2149.57657783,0.9990854132456894,0,0.00033,sector_a
2149.57796672,0.9989521083216242,0,0.00033,sector_a
2149.57935561,0.9994687439390975,0,0.00033,sector_a
2149.5807445,0.9994187726751147,4096,0.00033,sector_a
2149.58213339,0.9994072504110713,0,0.00033,sector_a
2149.58352228,0.9986677687647709,0,0.00033,sector_a
2149.58491117,0.9999516491233023,0,0.00033,sector_a
2149.58630006,0.9995036630659657,0,0.00033,sector_a
2149.58768895,0.9994310260142507,0,0.00033,sector_a
2149.58907783,0.9993040034339251,0,0.00033,sector_a
2149.59046672,0.9991799150885933,0,0.00033,sector_a
2149.59185561,0.9994564865356005,0,0.00033,sector_a
2149.5932445,0.9997593297423827,0,0.00033,sector_a
2149.59463339,0.9988792364228458,0,0.00033,sector_a
2149.59602228,0.999416887067108,0,0.00033,sector_a
2149.59741117,0.9992295240896084,0,0.00033,sector_a
2149.59880006,0.9994463410516589,0,0.00033,sector_a
2149.60018895,0.9988763810403416,0,0.00033,sector_a
2149.60157783,0.9992512766472117,0,0.00033,sector_a
2149.60296672,0.999522969734457,0,0.00033,sector_a
2149.60435561,0.9997770964747197,0,0.00033,sector_a
2149.6057445,0.9994073695969099,0,0.00033,sector_a
2149.60713339,0.9998696461486752,0,0.00033,sector_a
2149.60852228,0.9992732426361738,0,0.00033,sector_a
2149.60991117,0.999436346310866,0,0.00033,sector_a
2149.61130006,0.9989259100377075,0,0.00033,sector_a
2149.61268895,0.9994584497626292,0,0.00033,sector_a
2149.61407783,0.9991120988973098,0,0.00033,sector_a
2149.61546672,0.9996684556107781,0,0.00033,sector_a
2149.61685561,0.9987802272946609,0,0.00033,sector_a
2149.6182445,0.9985654348643558,0,0.00033,sector_a
2149.61963339,0.9986706184436145,0,0.00033,sector_a
2149.62102228,0.9996204604491383,0,0.00033,sector_a
2149.62241117,0.9991796664925228,0,0.00033,sector_a
2149.62380006,0.999336823804893,0,0.00033,sector_a
2149.62518895,0.9992313927383333,0,0.00033,sector_a
2149.62657783,0.9996295060053688,0,0.00033,sector_a
2149.62796672,0.9988246062515279,0,0.00033,sector_a
2149.62935561,0.999036637290723,0,0.00033,sector_a
2149.6307445,0.9992088236478209,0,0.00033,sector_a
2149.63213339,0.9995482703182997,0,0.00033,sector_a
2149.63352228,0.9991308615911009,0,0.00033,sector_a
2149.63491117,0.9994092681339348,0,0.00033,sector_a
2149.63630006,0.9995816808844318,0,0.00033,sector_a
2149.63768895,0.9993614294298087,0,0.00033,sector_a
2149.63907783,0.9991688335216297,0,0.00033,sector_a
2149.64046672,0.9994154633139766,0,0.00033,sector_a
2149.64185561,0.9992122218590825,0,0.00033,sector_a
2149.6432445,0.9988556744371834,0,0.00033,sector_a
2149.64463339,0.9991462793543755,0,0.00033,sector_a
2149.64602228,0.9988693790426513,0,0.00033,sector_a
2149.64741117,0.9996463045447962,0,0.00033,sector_a
2149.64880006,0.9991143917536448,0,0.00033,sector_a
2149.65018895,0.998633694004461,0,0.00033,sector_a
2149.65157783,0.9994123193754261,0,0.00033,sector_a
2149.65296672,0.9998320458776917,0,0.00033,sector_a
2149.65435561,0.9989472037506497,0,0.00033,sector_a
2149.6557445,0.9994996407612282,0,0.00033,sector_a
2149.65713339,0.9987454675536172,0,0.00033,sector_a
2149.65852228,0.9991317112474992,0,0.00033,sector_a
2149.65991117,0.9992432925115725,0,0.00033,sector_a
2149.66130006,0.9992314644025081,0,0.00033,sector_a
2149.66268895,0.9994866589404798,0,0.00033,sector_a
2149.66407783,0.9994065888438178,0,0.00033,sector_a
2149.66546672,0.9995759943678261,0,0.00033,sector_a
2149.66685561,0.9995022905385772,0,0.00033,sector_a
2149.6682445,0.9994744142181017,0,0.00033,sector_a
2149.66963339,0.9990524811538305,0,0.00033,sector_a
2149.67102228,0.9991310642357917,0,0.00033,sector_a
2149.67241117,0.9989387408845155,0,0.00033,sector_a
2149.67380006,0.9994540567482224,0,0.00033,sector_a
2149.67518895,0.9994903728094356,0,0.00033,sector_a
2149.67657783,0.9993580570413102,0,0.00033,sector_a
2149.67796672,0.9993648962582248,0,0.00033,sector_a
2149.67935561,0.9986905374050455,0,0.00033,sector_a
2149.6807445,0.999461816833735,0,0.00033,sector_a
2149.68213339,0.9990715222712666,0,0.00033,sector_a
2149.68352228,0.9994856752193233,0,0.00033,sector_a
2149.68491117,0.9992404331436431,0,0.00033,sector_a
2149.68630006,0.9994887053058975,0,0.00033,sector_a
2149.68768895,0.9992029713287675,0,0.00033,sector_a
2149.68907783,0.9993978859331607,0,0.00033,sector_a
2149.69046672,0.9991041934939295,0,0.00033,sector_a
2149.69185561,0.9996819028429758,0,0.00033,sector_a
2149.6932445,0.9989742387839304,0,0.00033,sector_a
2149.69463339,0.9989891821067091,0,0.00033,sector_a
2149.69602228,0.998897821859723,0,0.00033,sector_a
2149.69741117,0.9994088414775831,0,0.00033,sector_a
2149.69880006,0.9991743179149075,0,0.00033,sector_a
2149.70018895,0.9991790138791519,0,0.00033,sector_a
2149.70157783,0.999497453126799,0,0.00033,sector_a
2149.70296672,0.9992873011467095,0,0.00033,sector_a
2149.70435561,0.9995543898586216,0,0.00033,sector_a
2149.7057445,0.9991560450815141,0,0.00033,sector_a
2149.70713339,0.9996494875907176,0,0.00033,sector_a
2149.70852228,0.9991716126488812,0,0.00033,sector_a
2149.70991117,0.9992088466395347,0,0.00033,sector_a
2149.71130006,0.9998695111970695,0,0.00033,sector_a
2149.71268895,0.9989638374741939,0,0.00033,sector_a
2149.71407783,0.9993382454814808,0,0.00033,sector_a
2149.71546672,0.9987744252802242,0,0.00033,sector_a
2149.71685561,0.9992231541851181,0,0.00033,sector_a
2149.7182445,0.998913661866521,0,0.00033,sector_a
2149.71963339,0.9996169581722987,0,0.00033,sector_a
2149.72102228,0.999299048400781,0,0.00033,sector_a
2149.72241117,0.9990490501693784,0,0.00033,sector_a
2149.72380006,0.9991678575592983,0,0.00033,sector_a
2149.72518895,0.999005300578605,0,0.00033,sector_a
2149.72657783,0.9995032247466341,0,0.00033,sector_a
2149.72796672,0.9991360367239086,0,0.00033,sector_a
2149.72935561,0.9993537409383316,0,0.00033,sector_a
2149.7307445,0.9993111417916101,0,0.00033,sector_a
2149.73213339,0.9993502887268394,0,0.00033,sector_a
2149.73352228,0.9998267402258304,0,0.00033,sector_a
2149.73491117,0.9990154862648137,0,0.00033,sector_a
2149.73630006,0.9992594402552984,0,0.00033,sector_a
2149.73768895,0.9987082539012325,0,0.00033,sector_a
2149.73907783,0.9992708456677879,0,0.00033,sector_a
2149.74046672,0.9991300887792528,0,0.00033,sector_a
2149.74185561,0.9996369259894688,4096,0.00033,sector_a
2149.7432445,0.9993806125840794,0,0.00033,sector_a
2149.74463339,0.9989592767475365,0,0.00033,sector_a
2149.74602228,0.9989514486132939,0,0.00033,sector_a
2149.74741117,0.9995477973528878,0,0.00033,sector_a
2149.74880006,0.9990436029775769,0,0.00033,sector_a
2149.75018895,0.9990149321385282,0,0.00033,sector_a
2149.75157783,0.9991838280915206,0,0.00033,sector_a
2149.75296672,0.9993619411582526,0,0.00033,sector_a
2149.75435561,0.9991154944393145,0,0.00033,sector_a
2149.7557445,0.9992214876275968,0,0.00033,sector_a
2149.75713339,0.9990626658948125,0,0.00033,sector_a
2149.75852228,0.9987547383953356,0,0.00033,sector_a
2149.75991117,0.9986921990155595,0,0.00033,sector_a
2149.76130006,0.9986864688089151,0,0.00033,sector_a
2149.76268895,0.9989368015803987,0,0.00033,sector_a
2149.76407783,0.9992438718037522,0,0.00033,sector_a
2149.76546672,0.9993149476813693,0,0.00033,sector_a
2149.76685561,0.9991218342718499,0,0.00033,sector_a
2149.7682445,0.9998275404855638,0,0.00033,sector_a
2149.76963339,0.999022349073051,0,0.00033,sector_a
2149.77102228,0.9994133181632443,0,0.00033,sector_a
2149.77241117,0.9989318734914381,0,0.00033,sector_a
2149.77380006,0.9990293631362644,0,0.00033,sector_a
2149.77518895,0.9993083018616945,0,0.00033,sector_a
2149.77657783,0.9989503690159962,0,0.00033,sector_a
2149.77796672,0.9987222161132475,0,0.00033,sector_a
2149.77935561,0.9985984103146007,0,0.00033,sector_a
2149.7807445,0.9986723055682305,0,0.00033,sector_a
2149.78213339,0.9994465444849423,0,0.00033,sector_a
2149.78352228,0.9991720830756543,0,0.00033,sector_a
2149.78491117,0.9989810287792869,0,0.00033,sector_a
2149.78630006,0.998994377002415,0,0.00033,sector_a
2149.78768895,0.9987302136042263,0,0.00033,sector_a
2149.78907783,0.9990111375255629,0,0.00033,sector_a
2149.79046672,0.9990950177937803,0,0.00033,sector_a
2149.79185561,0.9993688673528347,0,0.00033,sector_a
2149.7932445,1.0001812338151765,0,0.00033,sector_a
2149.79463339,0.9992602089467509,0,0.00033,sector_a
2149.79602228,0.9989530728456301,0,0.00033,sector_a
2149.79741117,0.9993299494053872,0,0.00033,sector_a
2149.79880006,0.9992807408654636,0,0.00033,sector_a
2149.80018895,0.9988284718142275,0,0.00033,sector_a
2149.80157783,0.9990290268018852,0,0.00033,sector_a
2149.80296672,0.9991314569216727,0,0.00033,sector_a
2149.80435561,0.9989269200389292,0,0.00033,sector_a
2149.8057445,0.9991228126126724,0,0.00033,sector_a
2149.80713339,0.9995425973796757,0,0.00033,sector_a
2149.80852228,0.9995172505659304,0,0.00033,sector_a
2149.80991117,0.9989712668503966,0,0.00033,sector_a
2149.81130006,0.9991210031540487,0,0.00033,sector_a
2149.81268895,0.9991657152801393,0,0.00033,sector_a
2149.81407783,0.9990816790784758,0,0.00033,sector_a
2149.81546672,0.9992352151988483,0,0.00033,sector_a
2149.81685561,0.9986771294970319,0,0.00033,sector_a
2149.8182445,0.9991566022511437,0,0.00033,sector_a
2149.81963339,0.9988474436761143,0,0.00033,sector_a
2149.82102228,0.9993150842437231,0,0.00033,sector_a
2149.82241117,0.998983015544569,0,0.00033,sector_a
2149.82380006,0.9985513823793082,0,0.00033,sector_a
2149.82518895,0.9992640965705064,0,0.00033,sector_a
2149.82657783,0.9987921854754196,0,0.00033,sector_a
2149.82796672,0.9993809157481989,0,0.00033,sector_a
2149.82935561,0.9986391304666464,0,0.00033,sector_a
2149.8307445,0.9994109055833749,0,0.00033,sector_a
2149.83213339,0.998854424255848,0,0.00033,sector_a
2149.83352228,0.9999748882944748,0,0.00033,sector_a
2149.83491117,0.9992884573130376,0,0.00033,sector_a
2149.83630006,0.999650699481423,0,0.00033,sector_a
2149.83768895,0.9994019786897382,0,0.00033,sector_a
2149.83907783,0.9992333025662837,0,0.00033,sector_a
2149.84046672,0.9986366396262535,0,0.00033,sector_a
2149.84185561,0.9995386034531181,0,0.00033,sector_a
2149.8432445,0.999298408161129,2048,0.00033,sector_a
2149.84463339,0.9991488224652416,0,0.00033,sector_a
2149.84602228,0.999296653480402,0,0.00033,sector_a
2149.84741117,0.999229146592653,0,0.00033,sector_a
2149.84880006,0.9993616777983606,0,0.00033,sector_a
2149.85018895,0.9988225120735496,0,0.00033,sector_a
2149.85157783,0.9993132490503511,0,0.00033,sector_a
2149.85296672,0.9989090509121478,0,0.00033,sector_a
2149.85435561,0.9987833529060204,0,0.00033,sector_a
2149.8557445,0.9991470379064262,0,0.00033,sector_a
2149.85713339,0.9986687486784912,0,0.00033,sector_a
2149.85852228,0.999017459367499,0,0.00033,sector_a
2149.85991117,0.998841339758598,4096,0.00033,sector_a
2149.86130006,0.9989986412227285,0,0.00033,sector_a
2149.86268895,0.9994124263234798,0,0.00033,sector_a
2149.86407783,0.9991927992986025,0,0.00033,sector_a
2149.86546672,0.9991076539799681,0,0.00033,sector_a
2149.86685561,0.9992637011895341,0,0.00033,sector_a
2149.8682445,0.9988733497047833,0,0.00033,sector_a
2149.86963339,0.9993889982110005,0,0.00033,sector_a
2149.87102228,0.9993173376947075,0,0.00033,sector_a
2149.87241117,0.9993522507467028,0,0.00033,sector_a
2149.87380006,0.9989306273168402,0,0.00033,sector_a
2149.87518895,0.9991078806177509,0,0.00033,sector_a
2149.87657783,0.9994705919388681,0,0.00033,sector_a
2149.87796672,0.9991732511918711,0,0.00033,sector_a
2149.87935561,0.999254552715578,0,0.00033,sector_a
2149.8807445,0.9988777684415846,0,0.00033,sector_a
2149.88213339,0.9988691178869414,0,0.00033,sector_a
2149.88352228,0.998915726946828,0,0.00033,sector_a
2149.88491117,0.9986823223287715,0,0.00033,sector_a
2149.88630006,0.9992182373675336,0,0.00033,sector_a
2149.88768895,0.9991524756591175,0,0.00033,sector_a
2149.88907783,0.9989470210882784,0,0.00033,sector_a
2149.89046672,0.9995210127100225,0,0.00033,sector_a
2149.89185561,0.9985789325947475,0,0.00033,sector_a
2149.8932445,0.999581701906724,0,0.00033,sector_a
2149.89463339,0.9992957960705128,0,0.00033,sector_a
2149.89602228,0.999059592421674,0,0.00033,sector_a
2149.89741117,0.9992821572653119,0,0.00033,sector_a
2149.89880006,0.9996699535922712,0,0.00033,sector_a
2149.90018895,0.9990504408790394,0,0.00033,sector_a
2149.90157783,0.9997727663246163,0,0.00033,sector_a
2149.90296672,0.9988385167420916,0,0.00033,sector_a
2149.90435561,0.9982881583522912,0,0.00033,sector_a
2149.9057445,0.9988383113032566,0,0.00033,sector_a
2149.90713339,0.99970306414624,0,0.00033,sector_a
2149.90852228,0.9994924081353231,0,0.00033,sector_a
2149.90991117,0.9989780934285768,0,0.00033,sector_a
2149.91130006,0.9985829201063082,0,0.00033,sector_a
2149.91268895,0.9990819175328405,0,0.00033,sector_a
2149.91407783,0.9990991234568752,0,0.00033,sector_a
2149.91546672,0.9990362604528167,0,0.00033,sector_a
2149.91685561,0.9983343352375377,0,0.00033,sector_a
2149.9182445,0.9988734493653318,0,0.00033,sector_a
2149.91963339,0.9991629366918516,0,0.00033,sector_a
2149.92102228,0.999272661777591,0,0.00033,sector_a
2149.92241117,0.9986769082866023,0,0.00033,sector_a
2149.92380006,0.998756756305005,0,0.00033,sector_a
2149.92518895,0.9990163859402093,0,0.00033,sector_a
2149.92657783,0.9993549172912108,0,0.00033,sector_a
2149.92796672,0.9994675242875768,0,0.00033,sector_a
2149.92935561,0.9988192673557332,0,0.00033,sector_a
2149.9307445,0.9989397429069786,0,0.00033,sector_a
2149.93213339,0.9992261807717275,0,0.00033,sector_a
2149.93352228,0.9991797044700292,2048,0.00033,sector_a
2149.93491117,0.9988460797028316,0,0.00033,sector_a
2149.93630006,0.998550904305009,0,0.00033,sector_a
2149.93768895,0.9988562322290891,0,0.00033,sector_a
2149.93907783,0.9988290866499377,0,0.00033,sector_a
2149.94046672,0.9994070510994105,0,0.00033,sector_a
2149.94185561,0.9988811980330728,0,0.00033,sector_a
2149.9432445,0.9986357450367075,0,0.00033,sector_a
2149.94463339,0.9992611856934757,0,0.00033,sector_a
2149.94602228,0.9993182287280158,0,0.00033,sector_a
2149.94741117,0.9995035030152865,0,0.00033,sector_a
2149.94880006,0.9990544372906918,0,0.00033,sector_a
2149.95018895,0.9988646923774319,0,0.00033,sector_a
2149.95157783,0.9989396411742436,0,0.00033,sector_a
2149.95296672,0.9984110207327609,0,0.00033,sector_a
2149.95435561,0.9990241989816182,0,0.00033,sector_a
2149.9557445,0.9986149936844025,0,0.00033,sector_a
2149.95713339,0.9989143390082807,0,0.00033,sector_a
2149.95852228,0.9989040528823194,4096,0.00033,sector_a
2149.95991117,0.9984282917985298,0,0.00033,sector_a
2149.96130006,0.9992047867643818,0,0.00033,sector_a
2149.96268895,0.9987049110801111,0,0.00033,sector_a
2149.96407783,0.9991121467449017,0,0.00033,sector_a
2149.96546672,0.9988864047734344,0,0.00033,sector_a
2149.96685561,0.9992255116485417,0,0.00033,sector_a
2149.9682445,0.9987345791940596,0,0.00033,sector_a
2149.96963339,0.9994559724315432,0,0.00033,sector_a
2149.97102228,0.9989114038246644,0,0.00033,sector_a
2149.97241117,0.9993104382116627,0,0.00033,sector_a
2149.97380006,0.9994406845135502,0,0.00033,sector_a
2149.97518895,0.9987201181314412,0,0.00033,sector_a
2149.97657783,0.9992542982588035,0,0.00033,sector_a
2149.97796672,0.9986762760292465,0,0.00033,sector_a
2149.97935561,0.9988980818534984,0,0.00033,sector_a
2149.9807445,0.9990962966279227,0,0.00033,sector_a
2149.98213339,0.9990685267293423,0,0.00033,sector_a
2149.98352228,0.9988667622636143,0,0.00033,sector_a
2149.98491117,0.9985942147810428,0,0.00033,sector_a
2149.98630006,0.9989849480652073,0,0.00033,sector_a
2149.98768895,0.9986712357856068,0,0.00033,sector_a
2149.98907783,0.9993741687316584,0,0.00033,sector_a
2149.99046672,0.9987046871996932,0,0.00033,sector_a
2149.99185561,0.9988619649949018,0,0.00033,sector_a
2149.9932445,0.9989739750639222,0,0.00033,sector_a
2149.99463339,0.9982370729435006,0,0.00033,sector_a
2149.99602228,0.9987462484220906,0,0.00033,sector_a
2149.99741117,0.9992109785807259,0,0.00033,sector_a
2149.99880006,0.9993447019642485,0,0.00033,sector_a
2150.00018895,0.9990747934293911,0,0.00033,sector_a
2150.00157783,0.9990290050364851,4096,0.00033,sector_a
2150.00296672,0.9989469665404039,0,0.00033,sector_a
2150.00435561,0.9988024337583932,0,0.00033,sector_a
2150.0057445,0.9994144918616581,0,0.00033,sector_a
2150.00713339,0.9993672741896572,0,0.00033,sector_a
2150.00852228,0.9986666657210671,0,0.00033,sector_a
2150.00991117,0.9989322417005412,0,0.00033,sector_a
2150.01130006,0.9992455312750363,0,0.00033,sector_a
2150.01268895,0.9990281862582736,0,0.00033,sector_a
2150.01407783,0.999041816039406,0,0.00033,sector_a
2150.01546672,0.9992040850292081,0,0.00033,sector_a
2150.01685561,0.9990670219260983,0,0.00033,sector_a
2150.0182445,0.9986601377625587,0,0.00033,sector_a
2150.01963339,0.9991242780651396,0,0.00033,sector_a
2150.02102228,0.9991366501715878,0,0.00033,sector_a
2150.02241117,0.9990077241018469,0,0.00033,sector_a
2150.02380006,0.9988986528455022,0,0.00033,sector_a
2150.02518895,0.998877719400037,0,0.00033,sector_a
2150.02657783,0.9985632510336787,0,0.00033,sector_a
2150.02796672,0.9986383847881639,0,0.00033,sector_a
2150.02935561,0.9987009876922586,0,0.00033,sector_a
2150.0307445,0.9995753326183867,0,0.00033,sector_a
2150.03213339,0.9991318801193454,0,0.00033,sector_a
2150.03352228,0.9988379783840331,0,0.00033,sector_a
2150.03491117,0.9992106593145231,0,0.00033,sector_a
2150.03630006,0.9991990552483624,0,0.00033,sector_a
2150.03768895,0.9988671250174397,2048,0.00033,sector_a
2150.03907783,0.9992006860885815,0,0.00033,sector_a
2150.04046672,0.9987963340712521,0,0.00033,sector_a
2150.04185561,0.9983856481590262,0,0.00033,sector_a
2150.0432445,0.9988468900352765,0,0.00033,sector_a
2150.04463339,0.9991356422207012,0,0.00033,sector_a
2150.04602228,0.9995000398404932,0,0.00033,sector_a
2150.04741117,0.9983483254528579,0,0.00033,sector_a
2150.04880006,0.9983209860860888,0,0.00033,sector_a
2150.05018895,0.9984525131403164,0,0.00033,sector_a
2150.05157783,0.9987312566535067,0,0.00033,sector_a
2150.05296672,0.9991679518419793,0,0.00033,sector_a
2150.05435561,0.9995445927702755,0,0.00033,sector_a
2150.0557445,0.9993533340228706,0,0.00033,sector_a
2150.05713339,0.9983611347890983,0,0.00033,sector_a
2150.05852228,0.9985655465565364,0,0.00033,sector_a
2150.05991117,0.9991902439104698,0,0.00033,sector_a
2150.06130006,0.998838719183165,0,0.00033,sector_a
2150.06268895,0.9990325284556083,0,0.00033,sector_a
2150.06407783,0.9986969432947427,0,0.00033,sector_a
2150.06546672,0.9993032539013429,0,0.00033,sector_a
2150.06685561,0.9986233514402535,0,0.00033,sector_a
2150.0682445,0.9988132512635746,0,0.00033,sector_a
2150.06963339,0.9985982940834074,0,0.00033,sector_a
2150.07102228,0.9992644921373257,0,0.00033,sector_a
2150.07241117,0.9986756988722593,0,0.00033,sector_a
2150.07380006,0.9990639060157758,0,0.00033,sector_a
2150.07518895,0.9992736926726862,0,0.00033,sector_a
2150.07657783,0.9989371078883971,0,0.00033,sector_a
2150.07796672,0.9983263236390338,0,0.00033,sector_a
2150.07935561,0.9993118379381467,0,0.00033,sector_a
2150.0807445,0.9990453576294274,0,0.00033,sector_a
2150.08213339,0.9992689642766438,0,0.00033,sector_a
2150.08352228,0.9986824771003515,0,0.00033,sector_a
2150.08491117,0.9989954050692287,0,0.00033,sector_a
2150.08630006,0.999629953748177,0,0.00033,sector_a
2150.08768895,0.9980765781801705,0,0.00033,sector_a
2150.08907783,0.9990878496427681,0,0.00033,sector_a
2150.09046672,0.9988438843036335,0,0.00033,sector_a
2150.09185561,0.9996026791557503,0,0.00033,sector_a
2150.0932445,0.9993476455133775,0,0.00033,sector_a
2150.09463339,0.9985160896681501,0,0.00033,sector_a
2150.09602228,0.9988220335246654,0,0.00033,sector_a
2150.09741117,0.9986377211750372,0,0.00033,sector_a
2150.09880006,0.9984916828173444,0,0.00033,sector_a
2150.10018895,0.998351176487362,0,0.00033,sector_a
2150.10157783,0.9986119915904041,0,0.00033,sector_a
2150.10296672,0.9991228624203031,0,0.00033,sector_a
2150.10435561,0.9983661893039769,0,0.00033,sector_a
2150.1057445,0.9992061053976681,0,0.00033,sector_a
2150.10713339,0.9980872096585787,0,0.00033,sector_a
2150.10852228,0.998455935240903,0,0.00033,sector_a
2150.10991117,0.9992443539509352,0,0.00033,sector_a
2150.11130006,0.9991150522360396,0,0.00033,sector_a
2150.11268895,0.9989974294665954,0,0.00033,sector_a
2150.11407783,0.998715474497995,0,0.00033,sector_a
2150.11546672,0.9988353457984149,0,0.00033,sector_a
2150.11685561,0.9997128343123971,0,0.00033,sector_a
2150.1182445,0.9995974195084308,0,0.00033,sector_a
2150.11963339,0.9991196703035338,0,0.00033,sector_a
2150.12102228,0.9990418799622699,0,0.00033,sector_a
2150.12241117,0.998639155254172,0,0.00033,sector_a
2150.12380006,0.9985321106285774,0,0.00033,sector_a
2150.12518895,0.99857797093235,0,0.00033,sector_a
2150.12657783,0.998257550690189,0,0.00033,sector_a
2150.12796672,0.9989197931913875,0,0.00033,sector_a
2150.12935561,0.9981501388955651,0,0.00033,sector_a
2150.1307445,0.998572311006509,0,0.00033,sector_a
2150.13213339,0.9982547641746001,0,0.00033,sector_a
2150.13352228,0.9988165645394077,0,0.00033,sector_a
2150.13491117,0.9989428245215305,0,0.00033,sector_a
2150.13630006,0.9985147081040369,0,0.00033,sector_a
2150.13768895,0.9985674478895377,0,0.00033,sector_a
2150.13907783,0.998893853345498,0,0.00033,sector_a
2150.14046672,0.9984521622691294,0,0.00033,sector_a
2150.14185561,0.9984646790340486,0,0.00033,sector_a
2150.1432445,0.9988483006087385,0,0.00033,sector_a
2150.14463339,0.9988439078392374,0,0.00033,sector_a
2150.14602228,0.9987392810573331,0,0.00033,sector_a
2150.14741117,0.9989363334561956,0,0.00033,sector_a
2150.14880006,0.9986437473405572,0,0.00033,sector_a
2150.15018895,0.9989349254585974,0,0.00033,sector_a
2150.15157783,0.9992300497694164,0,0.00033,sector_a
2150.15296672,0.9986398938761872,0,0.00033,sector_a
2150.15435561,0.9991296640261499,0,0.00033,sector_a
2150.1557445,0.9992063196673587,0,0.00033,sector_a
2150.15713339,0.9983282109822618,0,0.00033,sector_a
2150.15852228,0.9990701127665673,0,0.00033,sector_a
2150.15991117,0.9985394618782146,0,0.00033,sector_a
2150.16130006,0.9991957471524706,0,0.00033,sector_a
2150.16268895,0.9990450174976457,0,0.00033,sector_a
2150.16407783,0.9985857155519919,0,0.00033,sector_a
2150.16546672,0.9984514953723843,0,0.00033,sector_a
2150.16685561,0.9986069907858557,0,0.00033,sector_a
2150.1682445,0.9990805262283258,0,0.00033,sector_a
2150.16963339,0.9988970627964684,0,0.00033,sector_a
2150.17102228,0.9990624023552747,0,0.00033,sector_a
2150.17241117,0.9987956217011524,0,0.00033,sector_a
2150.17380006,0.9985070620325984,0,0.00033,sector_a
2150.17518895,0.9986939537077578,0,0.00033,sector_a
2150.17657783,0.9988394710379473,0,0.00033,sector_a
2150.17796672,0.9991069137638199,0,0.00033,sector_a
2150.17935561,0.9990620434430694,0,0.00033,sector_a
2150.1807445,0.998337967282471,0,0.00033,sector_a
2150.18213339,0.998841055220736,0,0.00033,sector_a
2150.18352228,0.9979570324767636,0,0.00033,sector_a
2150.18491117,0.9986638810468504,0,0.00033,sector_a
2150.18630006,0.9987032965990633,0,0.00033,sector_a
2150.18768895,0.9984863161530626,0,0.00033,sector_a
2150.18907783,0.9989008201164836,2048,0.00033,sector_a
2150.19046672,0.9983290260684997,0,0.00033,sector_a
2150.19185561,0.9985765602740311,0,0.00033,sector_a
2150.1932445,0.9987288080077769,0,0.00033,sector_a
2150.19463339,0.9989963503147528,0,0.00033,sector_a
2150.19602228,0.9987151556568847,0,0.00033,sector_a
2150.19741117,0.9992590088426315,0,0.00033,sector_a
2150.19880006,0.9980837509612231,0,0.00033,sector_a
2150.20018895,0.998739548433544,0,0.00033,sector_a
2150.20157783,0.9990844560357977,0,0.00033,sector_a
2150.20296672,0.9990465492684111,0,0.00033,sector_a
2150.20435561,0.9987409972361326,0,0.00033,sector_a
2150.2057445,0.9987930485732299,0,0.00033,sector_a
2150.20713339,0.9987084974478134,0,0.00033,sector_a
2150.20852228,0.9986754691060574,0,0.00033,sector_a
2150.20991117,0.9988875137269341,0,0.00033,sector_a
2150.21130006,0.9990507536997094,0,0.00033,sector_a
2150.21268895,0.9983482330552801,0,0.00033,sector_a
2150.21407783,0.9989971001408233,0,0.00033,sector_a
2150.21546672,0.9983209034595512,0,0.00033,sector_a
2150.21685561,0.9993688514531043,0,0.00033,sector_a
2150.2182445,0.9988005531515596,0,0.00033,sector_a
2150.21963339,0.9991096651831972,0,0.00033,sector_a
2150.22102228,0.9984993748065408,0,0.00033,sector_a
2150.22241117,0.9985030710831778,0,0.00033,sector_a
2150.22380006,0.9986322273769026,0,0.00033,sector_a
2150.22518895,0.9988892720509568,0,0.00033,sector_a
2150.22657783,0.998795623592832,0,0.00033,sector_a
2150.22796672,0.9993486890892198,0,0.00033,sector_a
2150.22935561,0.9987666448389149,0,0.00033,sector_a
2150.2307445,0.9985845352503155,0,0.00033,sector_a
2150.23213339,0.9982864062063976,0,0.00033,sector_a
2150.23352228,0.9984508017722884,0,0.00033,sector_a
2150.23491117,0.99871324375039,0,0.00033,sector_a
2150.23630006,0.9986990673243219,0,0.00033,sector_a
2150.23768895,0.9988022194591286,0,0.00033,sector_a
2150.23907783,0.9988530549300122,0,0.00033,sector_a
2150.24046672,0.9983422868540067,0,0.00033,sector_a
2150.24185561,0.9986924617699238,0,0.00033,sector_a
2150.2432445,0.9984976369434657,0,0.00033,sector_a
2150.24463339,0.9987976925000176,0,0.00033,sector_a
2150.24602228,0.9993494092075947,0,0.00033,sector_a
2150.24741117,0.9984204909840612,0,0.00033,sector_a
2150.24880006,0.9991781819968428,0,0.00033,sector_a
2150.25018895,0.9985537529175618,0,0.00033,sector_a
2150.25157783,0.9985433456710232,0,0.00033,sector_a
2150.25296672,0.9991286138085398,0,0.00033,sector_a
2150.25435561,0.9979762133149847,0,0.00033,sector_a
2150.2557445,0.9993701947211764,0,0.00033,sector_a
2150.25713339,0.9987232422837891,0,0.00033,sector_a
2150.25852228,0.9980691658217641,0,0.00033,sector_a
2150.25991117,0.9986697686258486,0,0.00033,sector_a
2150.26130006,0.9983720009552081,0,0.00033,sector_a
2150.26268895,0.9979967782108707,0,0.00033,sector_a
2150.26407783,0.998770210612416,0,0.00033,sector_a
2150.26546672,0.9984012695859552,0,0.00033,sector_a
2150.26685561,0.9981760725593674,0,0.00033,sector_a
2150.2682445,0.9992265258304593,0,0.00033,sector_a
2150.26963339,0.9984550161292245,0,0.00033,sector_a
2150.27102228,0.9986401091136823,0,0.00033,sector_a
2150.27241117,0.9990041090656516,0,0.00033,sector_a
2150.27380006,0.998534137507672,0,0.00033,sector_a
2150.27518895,0.9984471321152146,0,0.00033,sector_a
2150.27657783,0.9983353018265768,0,0.00033,sector_a
2150.27796672,0.9990084473087836,4096,0.00033,sector_a
2150.27935561,0.9986701603051679,0,0.00033,sector_a
2150.2807445,0.9988380840112577,0,0.00033,sector_a
2150.28213339,0.9981543922073947,0,0.00033,sector_a
2150.28352228,0.9984347029716224,0,0.00033,sector_a
2150.28491117,0.9989646049422745,0,0.00033,sector_a
2150.28630006,0.9987584931106827,0,0.00033,sector_a
2150.28768895,0.9985786122758888,0,0.00033,sector_a
2150.28907783,0.9984635277659452,0,0.00033,sector_a
2150.29046672,0.9984363532438457,0,0.00033,sector_a
2150.29185561,0.998861688209515,0,0.00033,sector_a
2150.2932445,0.9981681306906319,0,0.00033,sector_a
2150.29463339,0.9984195185949304,0,0.00033,sector_a
2150.29602228,0.9985167429995133,0,0.00033,sector_a
2150.29741117,0.9987092541508018,0,0.00033,sector_a
2150.29880006,0.9988778593034202,0,0.00033,sector_a
2150.30018895,0.9987799956101936,0,0.00033,sector_a
2150.30157783,0.9990345256182407,0,0.00033,sector_a
2150.30296672,0.9985180250047555,0,0.00033,sector_a
2150.30435561,0.9981246672125887,0,0.00033,sector_a
2150.3057445,0.9989684997647038,0,0.00033,sector_a
2150.30713339,0.99834588928636,0,0.00033,sector_a
2150.30852228,0.998525420482802,0,0.00033,sector_a
2150.30991117,0.9983778553218273,0,0.00033,sector_a
2150.31130006,0.9989060507243023,0,0.00033,sector_a
2150.31268895,0.9984959416541426,0,0.00033,sector_a
2150.31407783,0.9983824325944103,0,0.00033,sector_a
2150.31546672,0.9985558331419039,0,0.00033,sector_a
2150.31685561,0.9989513864415304,0,0.00033,sector_a
2150.3182445,0.9981879963964386,0,0.00033,sector_a
2150.31963339,0.9992946453053222,0,0.00033,sector_a
2150.32102228,0.9986812806899003,2048,0.00033,sector_a
2150.32241117,0.9980756651846102,0,0.00033,sector_a
2150.32380006,0.9980437445781406,0,0.00033,sector_a
2150.32518895,0.9987457791111399,0,0.00033,sector_a
2150.32657783,0.9981518302199345,0,0.00033,sector_a
2150.32796672,0.9986941592089477,0,0.00033,sector_a
2150.32935561,0.9982583439356055,0,0.00033,sector_a
2150.3307445,0.9983972861791592,0,0.00033,sector_a
2150.33213339,0.9982653912528001,0,0.00033,sector_a
2150.33352228,0.9985866852601444,0,0.00033,sector_a
2150.33491117,0.9989665393400151,0,0.00033,sector_a
2150.33630006,0.9988775877323688,0,0.00033,sector_a
2150.33768895,0.9989933785548871,0,0.00033,sector_a
2150.33907783,0.9983815517348594,0,0.00033,sector_a
2150.34046672,0.9980030891454923,0,0.00033,sector_a
2150.34185561,0.9981810652633043,0,0.00033,sector_a
2150.3432445,0.9985704247552026,0,0.00033,sector_a
2150.34463339,0.9981644739535576,0,0.00033,sector_a
2150.34602228,0.9986904532073381,0,0.00033,sector_a
2150.34741117,0.998791201096265,0,0.00033,sector_a
2150.34880006,0.9989672845606684,0,0.00033,sector_a
2150.35018895,0.9985183123540972,0,0.00033,sector_a
2150.35157783,0.9985670600366443,0,0.00033,sector_a
2150.35296672,0.9981673362051401,0,0.00033,sector_a
2150.35435561,0.9981338677676233,0,0.00033,sector_a
2150.3557445,0.9985941566473361,0,0.00033,sector_a
2150.35713339,0.9982906779236201,0,0.00033,sector_a
2150.35852228,0.9981653673285859,2048,0.00033,sector_a
2150.35991117,0.9985203879974038,0,0.00033,sector_a
2150.36130006,0.9976568950299104,0,0.00033,sector_a
2150.36268895,0.9984282300163633,0,0.00033,sector_a
2150.36407783,0.9987353881225552,0,0.00033,sector_a
2150.36546672,0.998172955137474,0,0.00033,sector_a
2150.36685561,0.9980601431867466,0,0.00033,sector_a
2150.3682445,0.9987069123417281,0,0.00033,sector_a
2150.36963339,0.9984619646729286,0,0.00033,sector_a
2150.37102228,0.9986664790626497,0,0.00033,sector_a
2150.37241117,0.9981453881567116,0,0.00033,sector_a
2150.37380006,0.9986776879599547,0,0.00033,sector_a
2150.37518895,0.9980792569516829,0,0.00033,sector_a
2150.37657783,0.9984310030908627,0,0.00033,sector_a
2150.37796672,0.9985774320112888,0,0.00033,sector_a
2150.37935561,0.9984984783421301,0,0.00033,sector_a
2150.3807445,0.9994867348022697,0,0.00033,sector_a
2150.38213339,0.9984220975599848,0,0.00033,sector_a
2150.38352228,0.998514793627428,0,0.00033,sector_a
2150.38491117,0.9987398737218309,0,0.00033,sector_a
2150.38630006,0.9978344407535242,0,0.00033,sector_a
2150.38768895,0.9986504846615222,0,0.00033,sector_a
2150.38907783,0.9982562735143422,0,0.00033,sector_a
2150.39046672,0.9983743060769674,0,0.00033,sector_a
2150.39185561,0.9984659609362222,0,0.00033,sector_a
2150.3932445,0.9979414384418335,0,0.00033,sector_a
2150.39463339,0.9985447618537578,0,0.00033,sector_a
2150.39602228,0.9983471990422266,0,0.00033,sector_a
2150.39741117,0.998414602190309,0,0.00033,sector_a
2150.39880006,0.9987400979663403,0,0.00033,sector_a
2150.40018895,0.9981873322321677,0,0.00033,sector_a
2150.40157783,0.9984598044371967,0,0.00033,sector_a
2150.40296672,0.9986859240337637,0,0.00033,sector_a
2150.40435561,0.9982852345460864,0,0.00033,sector_a
2150.4057445,0.9987078888646228,0,0.00033,sector_a
2150.40713339,0.9980107815714065,0,0.00033,sector_a
2150.40852228,0.9986885695818333,0,0.00033,sector_a
2150.40991117,0.9982741197796486,0,0.00033,sector_a
2150.41130006,0.9984459483921785,0,0.00033,sector_a
2150.41268895,0.9979465070966299,0,0.00033,sector_a
2150.41407783,0.9983520383222089,0,0.00033,sector_a
2150.41546672,0.9984732932663511,0,0.00033,sector_a
2150.41685561,0.9979340743026305,0,0.00033,sector_a
2150.4182445,0.9972273514277353,0,0.00033,sector_a
2150.41963339,0.9979653987357923,0,0.00033,sector_a
2150.42102228,0.9977700708249113,0,0.00033,sector_a
2150.42241117,0.9977574990122843,0,0.00033,sector_a
2150.42380006,0.9977822429626519,0,0.00033,sector_a
2150.42518895,0.9979915331948137,0,0.00033,sector_a
2150.42657783,0.997736898269629,0,0.00033,sector_a
2150.42796672,0.9987863366246423,0,0.00033,sector_a
2150.42935561,0.9980276884021826,0,0.00033,sector_a
2150.4307445,0.9982001962557365,0,0.00033,sector_a
2150.43213339,0.9978714343651705,0,0.00033,sector_a
2150.43352228,0.9981573452298802,0,0.00033,sector_a
2150.43491117,0.9986100548762481,0,0.00033,sector_a
2150.43630006,0.9983569467879625,0,0.00033,sector_a
2150.43768895,0.9985589656948815,0,0.00033,sector_a
2150.43907783,0.9982249801429879,0,0.00033,sector_a
2150.44046672,0.9983036515523712,0,0.00033,sector_a
2150.44185561,0.9979673231321495,0,0.00033,sector_a
2150.4432445,0.998146417015543,0,0.00033,sector_a
2150.44463339,0.9981210117332605,0,0.00033,sector_a
2150.44602228,0.9984373709566688,0,0.00033,sector_a
2150.44741117,0.9981318648348645,0,0.00033,sector_a
2150.44880006,0.9980498920662688,0,0.00033,sector_a
2150.45018895,0.9982165764588476,0,0.00033,sector_a
2150.45157783,0.9983015425392425,0,0.00033,sector_a
2150.45296672,0.9978779808012013,0,0.00033,sector_a
2150.45435561,0.9980054611535362,0,0.00033,sector_a
2150.4557445,0.9989081649212673,0,0.00033,sector_a
2150.45713339,0.9984941494269056,0,0.00033,sector_a
2150.45852228,0.9977604261914954,0,0.00033,sector_a
2150.45991117,0.9982629525672571,0,0.00033,sector_a
2150.46130006,0.9980342085487873,0,0.00033,sector_a
2150.46268895,0.9976676826951362,0,0.00033,sector_a
2150.46407783,0.9980203164789684,0,0.00033,sector_a
2150.46546672,0.9977812399648552,0,0.00033,sector_a
2150.46685561,0.9985040674948155,0,0.00033,sector_a
2150.4682445,0.9983930102808041,0,0.00033,sector_a
2150.46963339,0.9984264651812957,0,0.00033,sector_a
2150.47102228,0.9980333466077064,0,0.00033,sector_a
2150.47241117,0.9976396442859169,0,0.00033,sector_a
2150.47380006,0.9978377024385777,0,0.00033,sector_a
2150.47518895,0.9983933344293094,0,0.00033,sector_a
2150.47657783,0.9981908429493074,0,0.00033,sector_a
2150.47796672,0.9980267082740888,0,0.00033,sector_a
2150.47935561,0.9979693821622125,0,0.00033,sector_a
2150.4807445,0.9981356134856447,0,0.00033,sector_a
2150.48213339,0.9978484419765822,0,0.00033,sector_a
2150.48352228,0.9979822122638825,0,0.00033,sector_a
2150.48491117,0.9986712870379022,0,0.00033,sector_a
2150.48630006,0.9988381738008029,0,0.00033,sector_a
2150.48768895,0.9982616493225002,0,0.00033,sector_a
2150.48907783,0.9975404965514131,0,0.00033,sector_a
2150.49046672,0.9987172084479692,0,0.00033,sector_a
2150.49185561,0.99802313682482,0,0.00033,sector_a
2150.4932445,0.9975137712647959,0,0.00033,sector_a
2150.49463339,0.9979037633186097,0,0.00033,sector_a
2150.49602228,0.998384482929007,0,0.00033,sector_a
2150.49741117,0.9977879083555947,0,0.00033,sector_a
2150.49880006,0.9980187955536649,0,0.00033,sector_a
2150.50018895,0.9981251391714474,0,0.00033,sector_a
2150.50157783,0.9973789590304628,0,0.00033,sector_a
2150.50296672,0.9985449999781314,0,0.00033,sector_a
2150.50435561,0.9980223744221205,0,0.00033,sector_a
2150.5057445,0.9979882803459913,0,0.00033,sector_a
2150.50713339,0.9983932758750058,0,0.00033,sector_a
2150.50852228,0.997323812918284,0,0.00033,sector_a
2150.50991117,0.9982471720608308,0,0.00033,sector_a
2150.51130006,0.9980637856039842,0,0.00033,sector_a
2150.51268895,0.9980254114550277,0,0.00033,sector_a
2150.51407783,0.9979067452053973,0,0.00033,sector_a
2150.51546672,0.9983144404636032,0,0.00033,sector_a
2150.51685561,0.997345860599882,0,0.00033,sector_a
2150.5182445,0.9980787970583542,0,0.00033,sector_a
2150.51963339,0.9981927864697622,0,0.00033,sector_a
2150.52102228,0.9984043575945611,0,0.00033,sector_a
2150.52241117,0.9987207606103767,0,0.00033,sector_a
2150.52380006,0.9975427685190069,0,0.00033,sector_a
2150.52518895,0.9976376853412344,0,0.00033,sector_a
2150.52657783,0.9981889152693046,0,0.00033,sector_a
2150.52796672,0.9983196166397904,0,0.00033,sector_a
2150.52935561,0.9981413520822682,0,0.00033,sector_a
2150.5307445,0.9982920204696182,0,0.00033,sector_a
2150.53213339,0.9977785300854415,0,0.00033,sector_a
2150.53352228,0.9982829142298116,0,0.00033,sector_a
2150.53491117,0.9978335137260036,0,0.00033,sector_a
2150.53630006,0.9977681417949087,0,0.00033,sector_a
2150.53768895,0.99805095090751,0,0.00033,sector_a
2150.53907783,0.9974486276111694,0,0.00033,sector_a
2150.54046672,0.9984234154524798,0,0.00033,sector_a
2150.54185561,0.9982769582110982,0,0.00033,sector_a
2150.5432445,0.9983458132106884,0,0.00033,sector_a
2150.54463339,0.9972506081334791,0,0.00033,sector_a
2150.54602228,0.9978621876227947,0,0.00033,sector_a
2150.54741117,0.9982830925298085,0,0.00033,sector_a
2150.54880006,0.9976388016047135,0,0.00033,sector_a
2150.55018895,0.9983637710355366,0,0.00033,sector_a
2150.55157783,0.9982836766930783,0,0.00033,sector_a
2150.55296672,0.9987301702404652,0,0.00033,sector_a
2150.55435561,0.9976352144919679,0,0.00033,sector_a
2150.5557445,0.9979926572010386,0,0.00033,sector_a
2150.55713339,0.9976082552183198,0,0.00033,sector_a
2150.55852228,0.9978494963045167,0,0.00033,sector_a
2150.55991117,0.9977969905013511,0,0.00033,sector_a
2150.56130006,0.9971532426163042,0,0.00033,sector_a
2150.56268895,0.9986528761935403,0,0.00033,sector_a
2150.56407783,0.9975018333856229,0,0.00033,sector_a
2150.56546672,0.9978349923919587,0,0.00033,sector_a
2150.56685561,0.998173618714326,0,0.00033,sector_a
2150.5682445,0.9976779701712304,0,0.00033,sector_a
2150.56963339,0.9980808886954821,0,0.00033,sector_a
2150.57102228,0.9977473518662567,0,0.00033,sector_a
2150.57241117,0.9978323096499395,0,0.00033,sector_a
2150.57380006,0.9980322622416236,0,0.00033,sector_a
2150.57518895,0.9985096716963546,0,0.00033,sector_a
2150.57657783,0.9978239222220654,0,0.00033,sector_a
2150.57796672,0.9977286829289249,0,0.00033,sector_a
2150.57935561,0.9979029440330817,0,0.00033,sector_a
2150.5807445,0.9982474070196955,0,0.00033,sector_a
2150.58213339,0.9978744405839082,0,0.00033,sector_a
2150.58352228,0.9984620087420482,0,0.00033,sector_a
2150.58491117,0.9976273272489247,0,0.00033,sector_a
2150.58630006,0.9978243457473707,0,0.00033,sector_a
2150.58768895,0.9974514801336348,0,0.00033,sector_a
2150.58907783,0.9975788156579887,0,0.00033,sector_a
2150.59046672,0.9979930609882393,0,0.00033,sector_a
2150.59185561,0.9980092140786724,0,0.00033,sector_a
2150.5932445,0.9982002393776732,0,0.00033,sector_a
2150.59463339,0.9981984160873599,0,0.00033,sector_a
2150.59602228,0.9977769447054909,0,0.00033,sector_a
2150.59741117,0.9983118138917421,0,0.00033,sector_a
2150.59880006,0.9981585802109139,0,0.00033,sector_a
2150.60018895,0.9978998105457586,0,0.00033,sector_a
2150.60157783,0.9974212519756082,0,0.00033,sector_a
2150.60296672,0.9978354978856705,0,0.00033,sector_a
2150.60435561,0.9979193786336834,0,0.00033,sector_a
2150.6057445,0.9976420120153158,0,0.00033,sector_a
2150.60713339,0.9980720799427825,0,0.00033,sector_a
2150.60852228,0.9976936766977763,0,0.00033,sector_a
2150.60991117,0.9978322121401814,0,0.00033,sector_a
2150.61130006,0.9980167247048757,0,0.00033,sector_a
2150.61268895,0.9978652577344278,0,0.00033,sector_a
2150.61407783,0.9974645762728085,0,0.00033,sector_a
2150.61546672,0.9976645054024551,0,0.00033,sector_a
2150.61685561,0.9976738949979828,0,0.00033,sector_a
2150.6182445,0.9975003172490428,0,0.00033,sector_a
2150.61963339,0.9978048553201283,0,0.00033,sector_a
2150.62102228,0.9977310798531024,0,0.00033,sector_a
2150.62241117,0.9974650999436713,0,0.00033,sector_a
2150.62380006,0.99831191957832,0,0.00033,sector_a
2150.62518895,0.9978106837503096,0,0.00033,sector_a
2150.62657783,0.9977852382385604,0,0.00033,sector_a
2150.62796672,0.9976056365888539,0,0.00033,sector_a
2150.62935561,0.9979983202518052,0,0.00033,sector_a
2150.6307445,0.9976245313384973,0,0.00033,sector_a
2150.63213339,0.9976964843148792,0,0.00033,sector_a
2150.63352228,0.9976527069361869,0,0.00033,sector_a
2150.63491117,0.9982404410767279,0,0.00033,sector_a
2150.63630006,0.9976955087026949,0,0.00033,sector_a
2150.63768895,0.9977329083554873,0,0.00033,sector_a
2150.63907783,0.9976384660417752,0,0.00033,sector_a
2150.64046672,0.9979702010339978,0,0.00033,sector_a
2150.64185561,0.9978233926187721,0,0.00033,sector_a
2150.6432445,0.9975069804981385,0,0.00033,sector_a
2150.64463339,0.9964210938892557,0,0.00033,sector_a
2150.64602228,0.9968137034321539,0,0.00033,sector_a
2150.64741117,0.9963078535438664,0,0.00033,sector_a
2150.64880006,0.9963345232063706,0,0.00033,sector_a
2150.65018895,0.9960721747065074,0,0.00033,sector_a
2150.65157783,0.9964500630470214,0,0.00033,sector_a
2150.65296672,0.9963889706492934,0,0.00033,sector_a
2150.65435561,0.9973005765121906,0,0.00033,sector_a
2150.6557445,0.9961369883804894,0,0.00033,sector_a
2150.65713339,0.9962578780434654,0,0.00033,sector_a
2150.65852228,0.9964053035227465,0,0.00033,sector_a
2150.65991117,0.9967152897306897,0,0.00033,sector_a
2150.66130006,0.997158724818853,0,0.00033,sector_a
2150.66268895,0.9968266595936162,0,0.00033,sector_a
2150.66407783,0.9967755127052128,0,0.00033,sector_a
2150.66546672,0.9971967122798873,0,0.00033,sector_a
2150.66685561,0.9967568539305567,0,0.00033,sector_a
2150.6682445,0.9968372911959327,0,0.00033,sector_a
2150.66963339,0.9966836167585966,2048,0.00033,sector_a
2150.67102228,0.9962785878165524,0,0.00033,sector_a
2150.67241117,0.9959132730949484,0,0.00033,sector_a
2150.67380006,0.9965579823062575,0,0.00033,sector_a
2150.67518895,0.9962108028693744,0,0.00033,sector_a
2150.67657783,0.9960882511854746,0,0.00033,sector_a
2150.67796672,0.9969154530985467,0,0.00033,sector_a
2150.67935561,0.9964647418128287,0,0.00033,sector_a
2150.6807445,0.9964115893951032,0,0.00033,sector_a
2150.68213339,0.9970152371374841,0,0.00033,sector_a
2150.68352228,0.9966694661901784,0,0.00033,sector_a
2150.68491117,0.9963862752937434,0,0.00033,sector_a
2150.68630006,0.9962373041357842,0,0.00033,sector_a
2150.68768895,0.9963564421113474,0,0.00033,sector_a
2150.68907783,0.9962273155759466,0,0.00033,sector_a
2150.69046672,0.9966519818825517,0,0.00033,sector_a
2150.69185561,0.9965913288320878,0,0.00033,sector_a
2150.6932445,0.9965519035165764,0,0.00033,sector_a
2150.69463339,0.9967976641098543,0,0.00033,sector_a
2150.69602228,0.9965043438627899,0,0.00033,sector_a
2150.69741117,0.9966679307709762,0,0.00033,sector_a
2150.69880006,0.9963381485757645,0,0.00033,sector_a
2150.70018895,0.996992010474424,0,0.00033,sector_a
2150.70157783,0.9964983027837133,0,0.00033,sector_a
2150.70296672,0.996474975290143,0,0.00033,sector_a
2150.70435561,0.997196133121994,0,0.00033,sector_a
2150.7057445,0.9963316962849557,0,0.00033,sector_a
2150.70713339,0.9969961077979573,0,0.00033,sector_a
2150.70852228,0.9965043462303281,0,0.00033,sector_a
2150.70991117,0.997045731301574,0,0.00033,sector_a
2150.71130006,0.9965740598438865,0,0.00033,sector_a
2150.71268895,0.9960440750213815,0,0.00033,sector_a
2150.71407783,0.9964356198418955,0,0.00033,sector_a
2150.71546672,0.9960311193367659,0,0.00033,sector_a
2150.71685561,0.9966159394303973,0,0.00033,sector_a
2150.7182445,0.9966801191376818,0,0.00033,sector_a
2150.71963339,0.9964248034636238,0,0.00033,sector_a
2150.72102228,0.9962520225146969,0,0.00033,sector_a
2150.72241117,0.9962632734104507,0,0.00033,sector_a
2150.72380006,0.9961814169995318,0,0.00033,sector_a
2150.72518895,0.9961960605556918,0,0.00033,sector_a
2150.72657783,0.996133967044052,0,0.00033,sector_a
2150.72796672,0.9959456059760442,0,0.00033,sector_a
2150.72935561,0.9967882056033198,0,0.00033,sector_a
2150.7307445,0.9963746366737106,0,0.00033,sector_a
2150.73213339,0.9966931674102201,0,0.00033,sector_a
2150.73352228,0.9967086003516995,0,0.00033,sector_a
2150.73491117,0.99659552214876,0,0.00033,sector_a
2150.73630006,0.9960559419439601,0,0.00033,sector_a
2150.73768895,0.9961212774036025,0,0.00033,sector_a
2150.73907783,0.9964992540521385,0,0.00033,sector_a
2150.74046672,0.9965164433897232,0,0.00033,sector_a
2150.74185561,0.9961069213893272,0,0.00033,sector_a
2150.7432445,0.995978665692018,0,0.00033,sector_a
2150.74463339,0.9966691190335781,0,0.00033,sector_a
2150.74602228,0.9968284948688979,0,0.00033,sector_a
2150.74741117,0.9964042638504407,0,0.00033,sector_a
2150.74880006,0.9958356650438912,0,0.00033,sector_a
2150.75018895,0.9960524597640416,0,0.00033,sector_a
2150.75157783,0.9970052309400368,0,0.00033,sector_a
2150.75296672,0.9962586945725435,0,0.00033,sector_a
2150.75435561,0.996497368946522,0,0.00033,sector_a
2150.7557445,0.9966943069221819,0,0.00033,sector_a
2150.75713339,0.9961427642752176,0,0.00033,sector_a
2150.75852228,0.9959846753084162,0,0.00033,sector_a
2150.75991117,0.9964399615147685,0,0.00033,sector_a
2150.76130006,0.9956673303903912,0,0.00033,sector_a
2150.76268895,0.9959786674253165,0,0.00033,sector_a
2150.76407783,0.9966193927529126,0,0.00033,sector_a
2150.76546672,0.996525913659728,0,0.00033,sector_a
2150.76685561,0.9959066219812702,0,0.00033,sector_a
2150.7682445,0.9963621344926564,0,0.00033,sector_a
2150.76963339,0.9959091866602916,0,0.00033,sector_a
2150.77102228,0.9956245555071088,0,0.00033,sector_a
2150.77241117,0.996022193520616,0,0.00033,sector_a
2150.77380006,0.9960760573449928,0,0.00033,sector_a
2150.77518895,0.9959782230088665,0,0.00033,sector_a
2150.77657783,0.9961293584267201,0,0.00033,sector_a
2150.77796672,0.9966806638759269,0,0.00033,sector_a
2150.77935561,0.9963440331485826,0,0.00033,sector_a
2150.7807445,0.9963746100198855,0,0.00033,sector_a
2150.78213339,0.9960191141343382,0,0.00033,sector_a
2150.78352228,0.9970779080845509,0,0.00033,sector_a
2150.78491117,0.9969471902640219,0,0.00033,sector_a
2150.78630006,0.9969770536427869,0,0.00033,sector_a
2150.78768895,0.9972231807881835,0,0.00033,sector_a
2150.78907783,0.9967739644382532,0,0.00033,sector_a
2150.79046672,0.9976040279856238,0,0.00033,sector_a
2150.79185561,0.997208949027786,0,0.00033,sector_a
2150.7932445,0.9975641454713597,0,0.00033,sector_a
2150.79463339,0.9974095877155951,0,0.00033,sector_a
2150.79602228,0.9970254360216495,0,0.00033,sector_a
2150.79741117,0.997126878997976,0,0.00033,sector_a
2150.79880006,0.997781027754905,0,0.00033,sector_a
2150.80018895,0.9970673133210964,0,0.00033,sector_a
2150.80157783,0.9973896745673259,0,0.00033,sector_a
2150.80296672,0.9976689278824011,0,0.00033,sector_a
2150.80435561,0.9970711022417797,0,0.00033,sector_a
2150.8057445,0.9975457620747822,0,0.00033,sector_a
2150.80713339,0.9969741780691431,0,0.00033,sector_a
2150.80852228,0.997344463346672,0,0.00033,sector_a
2150.80991117,0.9974068935575056,0,0.00033,sector_a
2150.81130006,0.9972171788879397,0,0.00033,sector_a
2150.81268895,0.9977734460585866,0,0.00033,sector_a
2150.81407783,0.997160966169295,0,0.00033,sector_a
2150.81546672,0.9976498377589205,0,0.00033,sector_a
2150.81685561,0.9972284557179311,0,0.00033,sector_a
2150.8182445,0.9972249346222214,0,0.00033,sector_a
2150.81963339,0.9973439741207251,0,0.00033,sector_a
2150.82102228,0.9972099726498979,0,0.00033,sector_a
2150.82241117,0.9966953120172527,0,0.00033,sector_a
2150.82380006,0.9972538254577998,0,0.00033,sector_a
2150.82518895,0.9977753071616267,0,0.00033,sector_a
2150.82657783,0.9970017471334043,0,0.00033,sector_a
2150.82796672,0.9970477996234121,0,0.00033,sector_a
2150.82935561,0.9967022814924473,0,0.00033,sector_a
2150.8307445,0.997005776723517,0,0.00033,sector_a
2150.83213339,0.9971929904122776,0,0.00033,sector_a
2150.83352228,0.9976385529599954,0,0.00033,sector_a
2150.83491117,0.9970711810231334,0,0.00033,sector_a
2150.83630006,0.9972579578132418,0,0.00033,sector_a
2150.83768895,0.9970617441031014,0,0.00033,sector_a
2150.83907783,0.9969088874262845,0,0.00033,sector_a
2150.84046672,0.9972037498104496,0,0.00033,sector_a
2150.84185561,0.9975771938892463,0,0.00033,sector_a
2150.8432445,0.9971602671482082,0,0.00033,sector_a
2150.84463339,0.997057689465697,0,0.00033,sector_a
2150.84602228,0.9968008566385403,0,0.00033,sector_a
2150.84741117,0.9969447383526593,0,0.00033,sector_a
2150.84880006,0.9971753769904966,0,0.00033,sector_a
2150.85018895,0.9967642824841288,0,0.00033,sector_a
2150.85157783,0.996939397137575,0,0.00033,sector_a
2150.85296672,0.9974407887331879,0,0.00033,sector_a
2150.85435561,0.9976255879514622,0,0.00033,sector_a
2150.8557445,0.9973966585014505,0,0.00033,sector_a
2150.85713339,0.9976423421140015,0,0.00033,sector_a
2150.85852228,0.997013964757476,0,0.00033,sector_a
2150.85991117,0.9977261791894436,0,0.00033,sector_a
2150.86130006,0.9974688881136374,0,0.00033,sector_a
2150.86268895,0.9968306669762227,0,0.00033,sector_a
2150.86407783,0.9967310605274015,0,0.00033,sector_a
2150.86546672,0.9967466913980442,0,0.00033,sector_a
2150.86685561,0.9967118936553279,0,0.00033,sector_a
2150.8682445,0.9967598665629183,0,0.00033,sector_a
2150.86963339,0.9975992788158047,0,0.00033,sector_a
2150.87102228,0.9962199103917577,0,0.00033,sector_a
2150.87241117,0.997346862907753,0,0.00033,sector_a
2150.87380006,0.9970754527954899,0,0.00033,sector_a
2150.87518895,0.9975375146728432,0,0.00033,sector_a
2150.87657783,0.9966460314677837,0,0.00033,sector_a
2150.87796672,0.9966580018735542,0,0.00033,sector_a
2150.87935561,0.9971710575801174,0,0.00033,sector_a
2150.8807445,0.9965529686250222,0,0.00033,sector_a
2150.88213339,0.9966706548819344,0,0.00033,sector_a
2150.88352228,0.9973016422019771,0,0.00033,sector_a
2150.88491117,0.997339633486766,0,0.00033,sector_a
2150.88630006,0.9972167872750369,0,0.00033,sector_a
2150.88768895,0.9970600196220281,0,0.00033,sector_a
2150.88907783,0.996334532151236,0,0.00033,sector_a
2150.89046672,0.9966873224001476,0,0.00033,sector_a
2150.89185561,0.997457677679067,0,0.00033,sector_a
2150.8932445,0.996972695857139,0,0.00033,sector_a
2150.89463339,0.9970811297137852,0,0.00033,sector_a
2150.89602228,0.9968087259792243,0,0.00033,sector_a
2150.89741117,0.9969035334537754,0,0.00033,sector_a
2150.89880006,0.9969469864406487,0,0.00033,sector_a
2150.90018895,0.9972313589876498,0,0.00033,sector_a
2150.90157783,0.9968105758818928,0,0.00033,sector_a
2150.90296672,0.9968587965105292,0,0.00033,sector_a
2150.90435561,0.9977239301189653,0,0.00033,sector_a
2150.9057445,0.9973443739687655,0,0.00033,sector_a
2150.90713339,0.9974927528999415,0,0.00033,sector_a
2150.90852228,0.9973906237608359,0,0.00033,sector_a
2150.90991117,0.9969566883950648,0,0.00033,sector_a
2150.91130006,0.9962568328020756,0,0.00033,sector_a
2150.91268895,0.996633774739279,0,0.00033,sector_a
2150.91407783,0.9970689124669024,0,0.00033,sector_a
2150.91546672,0.9964390436385441,0,0.00033,sector_a
2150.91685561,0.9966451878041822,0,0.00033,sector_a
2150.9182445,0.9973477618020196,0,0.00033,sector_a
2150.91963339,0.9972792343476041,0,0.00033,sector_a
2150.92102228,0.9969129862484177,0,0.00033,sector_a
2150.92241117,0.997573226570259,0,0.00033,sector_a
2150.92380006,0.996950849998454,0,0.00033,sector_a
2150.92518895,0.9965545484756465,0,0.00033,sector_a
2150.92657783,0.9964673949301588,0,0.00033,sector_a
2150.92796672,0.9965033790792551,0,0.00033,sector_a
2150.92935561,0.9973028860184382,0,0.00033,sector_a
2150.9307445,0.9968405542129365,0,0.00033,sector_a
2150.93213339,0.9965496810743241,0,0.00033,sector_a
2150.93352228,0.996701034754587,0,0.00033,sector_a
2150.93491117,0.996938867478809,0,0.00033,sector_a
2150.93630006,0.9965906299943872,0,0.00033,sector_a
2150.93768895,0.9960274008409444,0,0.00033,sector_a
2150.93907783,0.9971567923936692,0,0.00033,sector_a
2150.94046672,0.9964194440122839,0,0.00033,sector_a
2150.94185561,0.997051724991924,0,0.00033,sector_a
2150.9432445,0.996816560533507,0,0.00033,sector_a
2150.94463339,0.9969145498606166,0,0.00033,sector_a
2150.94602228,0.9968962663731925,0,0.00033,sector_a
2150.94741117,0.9968573749892763,0,0.00033,sector_a
2150.94880006,0.9969594191790624,0,0.00033,sector_a
2150.95018895,0.9967221257931188,0,0.00033,sector_a
2150.95157783,0.9962149554338513,0,0.00033,sector_a
2150.95296672,0.9964303162205999,0,0.00033,sector_a
2150.95435561,0.9962501913698824,0,0.00033,sector_a
2150.9557445,0.9966926975243665,0,0.00033,sector_a
2150.95713339,0.996793201779764,0,0.00033,sector_a
2150.95852228,0.9964770594059783,0,0.00033,sector_a
2150.95991117,0.9962043750283273,0,0.00033,sector_a
2150.96130006,0.9966292579162134,0,0.00033,sector_a
2150.96268895,0.996945638399165,0,0.00033,sector_a
2150.96407783,0.9968988326286322,0,0.00033,sector_a
2150.96546672,0.9965027151533274,0,0.00033,sector_a
2150.96685561,0.99660754179569,0,0.00033,sector_a
2150.9682445,0.9971313753735773,0,0.00033,sector_a
2150.96963339,0.9972035020202653,0,0.00033,sector_a
2150.97102228,0.9967198790067342,0,0.00033,sector_a
2150.97241117,0.9970571400410273,0,0.00033,sector_a
2150.97380006,0.997065533974367,0,0.00033,sector_a
2150.97518895,0.9965125112056932,0,0.00033,sector_a
2150.97657783,0.9968998927172493,0,0.00033,sector_a
2150.97796672,0.9969128353650206,0,0.00033,sector_a
2150.97935561,0.9968478742426594,0,0.00033,sector_a
2150.9807445,0.9971733005117553,0,0.00033,sector_a
2150.98213339,0.9965332038474581,0,0.00033,sector_a
2150.98352228,0.9969630983939675,0,0.00033,sector_a
2150.98491117,0.996721855872046,0,0.00033,sector_a
2150.98630006,0.9970750345585697,0,0.00033,sector_a
2150.98768895,0.9969549885015754,0,0.00033,sector_a
2150.98907783,0.996826682574919,0,0.00033,sector_a
2150.99046672,0.9965435101086715,0,0.00033,sector_a
2150.99185561,0.9969961501778933,0,0.00033,sector_a
2150.9932445,0.9971152838029277,0,0.00033,sector_a
2150.99463339,0.9965188015890625,0,0.00033,sector_a
2150.99602228,0.9967946410404206,0,0.00033,sector_a
2150.99741117,0.9965960256621547,0,0.00033,sector_a
2150.99880006,0.9967030121529317,0,0.00033,sector_a
2151.00018895,0.9972746049338979,0,0.00033,sector_a
2151.00157783,0.9967885496324062,0,0.00033,sector_a
2151.00296672,0.9972416490156301,0,0.00033,sector_a
2151.00435561,0.9962913413353894,0,0.00033,sector_a
2151.0057445,0.9970484828867981,0,0.00033,sector_a
2151.00713339,0.9967275866095785,0,0.00033,sector_a
2151.00852228,0.997057006731332,0,0.00033,sector_a
2151.00991117,0.9969563051689537,0,0.00033,sector_a
2151.01130006,0.9964354146236672,0,0.00033,sector_a
2151.01268895,0.9956901212696679,0,0.00033,sector_a
2151.01407783,0.9968877263105634,0,0.00033,sector_a
2151.01546672,0.996864802628355,0,0.00033,sector_a
2151.01685561,0.9966118085422324,0,0.00033,sector_a
2151.0182445,0.996658461128397,0,0.00033,sector_a
2151.01963339,0.9963473429917796,0,0.00033,sector_a
2151.02102228,0.9966747577021254,0,0.00033,sector_a
2151.02241117,0.9965128916814636,0,0.00033,sector_a
2151.02380006,0.9963780574326524,0,0.00033,sector_a
2151.02518895,0.9965114238931624,0,0.00033,sector_a
2151.02657783,0.9961023059029293,0,0.00033,sector_a
2151.02796672,0.9959345363362572,0,0.00033,sector_a
2151.02935561,0.9965375745318935,0,0.00033,sector_a
2151.0307445,0.9965199965877674,0,0.00033,sector_a
2151.03213339,0.9971909075408579,0,0.00033,sector_a
2151.03352228,0.9969271148570525,0,0.00033,sector_a
2151.03491117,0.9960822314640531,0,0.00033,sector_a
2151.03630006,0.995972288087167,0,0.00033,sector_a
2151.03768895,0.9959563973970822,0,0.00033,sector_a
2151.03907783,0.9963655974604103,0,0.00033,sector_a
2151.04046672,0.9961932541433813,0,0.00033,sector_a
2151.04185561,0.9964759517108066,0,0.00033,sector_a
2151.0432445,0.9961817350428375,0,0.00033,sector_a
2151.04463339,0.9963056044864487,0,0.00033,sector_a
2151.04602228,0.9967974241469585,0,0.00033,sector_a
2151.04741117,0.9964852248974744,0,0.00033,sector_a
2151.04880006,0.9970558744228206,0,0.00033,sector_a
2151.05018895,0.9966459108330012,0,0.00033,sector_a
2151.05157783,0.9966436354071065,0,0.00033,sector_a
2151.05296672,0.9958895012650079,0,0.00033,sector_a
2151.05435561,0.9959569546861302,0,0.00033,sector_a
2151.0557445,0.9964565646896704,0,0.00033,sector_a
2151.05713339,0.9966809850105814,0,0.00033,sector_a
2151.05852228,0.996897580094288,0,0.00033,sector_a
2151.05991117,0.9966852722878063,0,0.00033,sector_a
2151.06130006,0.9966373745622134,0,0.00033,sector_a
2151.06268895,0.9962403230110914,0,0.00033,sector_a
2151.06407783,0.9960178740193207,0,0.00033,sector_a
2151.06546672,0.9961885948221442,0,0.00033,sector_a
2151.06685561,0.9965299362440756,0,0.00033,sector_a
2151.0682445,0.9964950787088798,0,0.00033,sector_a
2151.06963339,0.9966042889248823,0,0.00033,sector_a
2151.07102228,0.996656659659592,0,0.00033,sector_a
2151.07241117,0.9974511092588096,0,0.00033,sector_a
2151.07380006,0.9960897472415212,0,0.00033,sector_a
2151.07518895,0.9963882543860672,0,0.00033,sector_a
2151.07657783,0.9964866752410164,0,0.00033,sector_a
2151.07796672,0.99638657750575,0,0.00033,sector_a
2151.07935561,0.9966866771917884,0,0.00033,sector_a
2151.0807445,0.9962958287322202,0,0.00033,sector_a
2151.08213339,0.9966842409305494,0,0.00033,sector_a
2151.08352228,0.9963820456199036,0,0.00033,sector_a
2151.08491117,0.9966360428830665,0,0.00033,sector_a
2151.08630006,0.9966840375197825,0,0.00033,sector_a
2151.08768895,0.9961639559420747,0,0.00033,sector_a
2151.08907783,0.9966207527608383,0,0.00033,sector_a
2151.09046672,0.9963885869766791,0,0.00033,sector_a
2151.09185561,0.9965836439769511,0,0.00033,sector_a
2151.0932445,0.9967687301249829,0,0.00033,sector_a
2151.09463339,0.9964583139072277,0,0.00033,sector_a
2151.09602228,0.99620383830864,0,0.00033,sector_a
2151.09741117,0.9963800885600516,0,0.00033,sector_a
2151.09880006,0.9964673408417866,0,0.00033,sector_a
2151.10018895,0.9963068700836106,0,0.00033,sector_a
2151.10157783,0.9964669529461058,0,0.00033,sector_a
2151.10296672,0.996268318971841,0,0.00033,sector_a
2151.10435561,0.9962880851658212,0,0.00033,sector_a
2151.1057445,0.9963033599595411,0,0.00033,sector_a
2151.10713339,0.9959979397675818,0,0.00033,sector_a
2151.10852228,0.9962964727317738,0,0.00033,sector_a
2151.10991117,0.9962835778763286,0,0.00033,sector_a
2151.11130006,0.997163083800811,0,0.00033,sector_a
2151.11268895,0.9964650885645978,0,0.00033,sector_a
2151.11407783,0.9962279901547236,0,0.00033,sector_a
2151.11546672,0.996463721870517,0,0.00033,sector_a
2151.11685561,0.9966056990290406,0,0.00033,sector_a
2151.1182445,0.9964649243862815,0,0.00033,sector_a
2151.11963339,0.9963332505937297,0,0.00033,sector_a
2151.12102228,0.9960161158113829,0,0.00033,sector_a
2151.12241117,0.9961133117792014,0,0.00033,sector_a
2151.12380006,0.9959733342304855,0,0.00033,sector_a
2151.12518895,0.9963161918792839,0,0.00033,sector_a
2151.12657783,0.9960120111614718,0,0.00033,sector_a
2151.12796672,0.9962510005761459,0,0.00033,sector_a
2151.12935561,0.9957527172827314,0,0.00033,sector_a
2151.1307445,0.9961828537359538,0,0.00033,sector_a
2151.13213339,0.9961096261859824,0,0.00033,sector_a
2151.13352228,0.996263064660734,0,0.00033,sector_a
2151.13491117,0.996238409548675,0,0.00033,sector_a
2151.13630006,0.9956259588323472,0,0.00033,sector_a
2151.13768895,0.9963377488637,0,0.00033,sector_a
2151.13907783,0.9955438252523172,0,0.00033,sector_a
2151.14046672,0.9962172572388625,0,0.00033,sector_a
2151.14185561,0.996339033081745,0,0.00033,sector_a
2151.1432445,0.9963025645047069,0,0.00033,sector_a
2151.14463339,0.9960696945516175,0,0.00033,sector_a
2151.14602228,0.996305756350584,0,0.00033,sector_a
2151.14741117,0.9955823074292406,0,0.00033,sector_a
2151.14880006,0.9957792250932748,0,0.00033,sector_a
2151.15018895,0.99572814558078,0,0.00033,sector_a
2151.15157783,0.9964240318007459,0,0.00033,sector_a
2151.15296672,0.9962382216023797,0,0.00033,sector_a
2151.15435561,0.9962189954173205,0,0.00033,sector_a
2151.1557445,0.9961910567129376,0,0.00033,sector_a
2151.15713339,0.9960825702671572,0,0.00033,sector_a
2151.15852228,0.9963982301712159,0,0.00033,sector_a
2151.15991117,0.9960685326383735,0,0.00033,sector_a
2151.16130006,0.9957072680159764,0,0.00033,sector_a
2151.16268895,0.9966128817153005,0,0.00033,sector_a
2151.16407783,0.9957164514874018,0,0.00033,sector_a
2151.16546672,0.9963359940926434,0,0.00033,sector_a
2151.16685561,0.9957056615752062,0,0.00033,sector_a
2151.1682445,0.9959507519607967,0,0.00033,sector_a
2151.16963339,0.9964586340755192,0,0.00033,sector_a
2151.17102228,0.995754186467012,0,0.00033,sector_a
2151.17241117,0.9962270179855828,0,0.00033,sector_a
2151.17380006,0.9960189127919916,0,0.00033,sector_a
2151.17518895,0.9959639645547852,0,0.00033,sector_a
2151.17657783,0.9959264020456391,0,0.00033,sector_a
2151.17796672,0.9965380366683925,0,0.00033,sector_a
2151.17935561,0.9958953030273769,0,0.00033,sector_a
2151.1807445,0.9960408975097526,0,0.00033,sector_a
2151.18213339,0.9961529123875467,0,0.00033,sector_a
2151.18352228,0.9960345634190739,0,0.00033,sector_a
2151.18491117,0.9958088949053477,0,0.00033,sector_a
2151.18630006,0.9965880516862257,0,0.00033,sector_a
2151.18768895,0.9955692253889272,0,0.00033,sector_a
2151.18907783,0.9961203578390052,0,0.00033,sector_a
2151.19046672,0.9962875591148718,0,0.00033,sector_a
2151.19185561,0.9953288662411173,0,0.00033,sector_a
2151.1932445,0.9958058861063541,0,0.00033,sector_a
2151.19463339,0.9958951196508643,0,0.00033,sector_a
2151.19602228,0.9959054994017378,0,0.00033,sector_a
2151.19741117,0.9962247197327616,0,0.00033,sector_a
2151.19880006,0.9953530519512741,0,0.00033,sector_a
2151.20018895,0.9954563035564795,0,0.00033,sector_a
2151.20157783,0.9963947012763421,0,0.00033,sector_a
2151.20296672,0.995969030416223,0,0.00033,sector_a
2151.20435561,0.9959915701551723,0,0.00033,sector_a
2151.2057445,0.9956906617876602,0,0.00033,sector_a
2151.20713339,0.9957808420922757,0,0.00033,sector_a
2151.20852228,0.9957923932201597,0,0.00033,sector_a
2151.20991117,0.9961120609660149,0,0.00033,sector_a
2151.21130006,0.9963106066428132,0,0.00033,sector_a
2151.21268895,0.9959100944496598,0,0.00033,sector_a
2151.21407783,0.9961288263080207,0,0.00033,sector_a
2151.21546672,0.9960167454210789,0,0.00033,sector_a
2151.21685561,0.9963137553640548,0,0.00033,sector_a
2151.2182445,0.9956298418034504,0,0.00033,sector_a
2151.21963339,0.995961750078722,0,0.00033,sector_a
2151.22102228,0.9957642728749844,0,0.00033,sector_a
2151.22241117,0.9960441562245884,0,0.00033,sector_a
2151.22380006,0.9964556688944484,0,0.00033,sector_a
2151.22518895,0.9958018363220288,0,0.00033,sector_a
2151.22657783,0.9957483893468425,0,0.00033,sector_a
2151.22796672,0.9961736973114532,0,0.00033,sector_a
2151.22935561,0.9962439118915842,0,0.00033,sector_a
2151.2307445,0.9957624792225293,0,0.00033,sector_a
2151.23213339,0.9963563921079489,0,0.00033,sector_a
2151.23352228,0.996554513039884,0,0.00033,sector_a
2151.23491117,0.9957193785614975,0,0.00033,sector_a
2151.23630006,0.9955214919143913,0,0.00033,sector_a
2151.23768895,0.9959554308766607,0,0.00033,sector_a
2151.23907783,0.995829904247612,0,0.00033,sector_a
2151.24046672,0.9964775538612332,0,0.00033,sector_a
2151.24185561,0.995716924855575,0,0.00033,sector_a
2151.2432445,0.9960104833185156,0,0.00033,sector_a
2151.24463339,0.9960068561424309,0,0.00033,sector_a
2151.24602228,0.995502077158115,0,0.00033,sector_a
2151.24741117,0.9958987781971573,0,0.00033,sector_a
2151.24880006,0.9952747259020553,0,0.00033,sector_a
2151.25018895,0.9954891946688931,0,0.00033,sector_a
2151.25157783,0.9962007751034817,0,0.00033,sector_a
2151.25296672,0.995516700759184,0,0.00033,sector_a
2151.25435561,0.995884230927775,0,0.00033,sector_a
2151.2557445,0.9960267412040916,0,0.00033,sector_a
2151.25713339,0.996156209513616,0,0.00033,sector_a
2151.25852228,0.9962284146860582,0,0.00033,sector_a
2151.25991117,0.9956441808919636,0,0.00033,sector_a
2151.26130006,0.9955240347262267,0,0.00033,sector_a
2151.26268895,0.9957502241751116,0,0.00033,sector_a
2151.26407783,0.9960010944439067,0,0.00033,sector_a
2151.26546672,0.9957893846086291,0,0.00033,sector_a
2151.26685561,0.9956851867606406,0,0.00033,sector_a
2151.2682445,0.9956647761848534,0,0.00033,sector_a
2151.26963339,0.9954897971680191,0,0.00033,sector_a
2151.27102228,0.9963314049107482,0,0.00033,sector_a
2151.27241117,0.9950555199430705,0,0.00033,sector_a
2151.27380006,0.9959203216858418,0,0.00033,sector_a
2151.27518895,0.9956607841531459,0,0.00033,sector_a
2151.27657783,0.9955794887894016,0,0.00033,sector_a
2151.27796672,0.9959615405958913,0,0.00033,sector_a
2151.27935561,0.9953034039093738,0,0.00033,sector_a
2151.2807445,0.9954240635463505,0,0.00033,sector_a
2151.28213339,0.9953300223943116,0,0.00033,sector_a
2151.28352228,0.9952484679227603,0,0.00033,sector_a
2151.28491117,0.9952445213290537,0,0.00033,sector_a
2151.28630006,0.9959672261703509,0,0.00033,sector_a
2151.28768895,0.9956624554760104,0,0.00033,sector_a
2151.28907783,0.9955491098449359,0,0.00033,sector_a
2151.29046672,0.9959433416230338,0,0.00033,sector_a
2151.29185561,0.9957913521446178,4096,0.00033,sector_a
2151.2932445,0.9955163280388378,0,0.00033,sector_a
2151.29463339,0.9956329936973347,0,0.00033,sector_a
2151.29602228,0.9955850020194796,0,0.00033,sector_a
2151.29741117,0.9956667465222125,0,0.00033,sector_a
2151.29880006,0.9961702932661936,0,0.00033,sector_a
2151.30018895,0.9957045000074294,0,0.00033,sector_a
2151.30157783,0.995541229117251,0,0.00033,sector_a
2151.30296672,0.9956981128292526,0,0.00033,sector_a
2151.30435561,0.995478355853941,0,0.00033,sector_a
2151.3057445,0.9956476675378124,0,0.00033,sector_a
2151.30713339,0.9961956541157491,0,0.00033,sector_a
2151.30852228,0.9954554720837773,0,0.00033,sector_a
2151.30991117,0.9951550210928679,0,0.00033,sector_a
2151.31130006,0.9960669797316076,0,0.00033,sector_a
2151.31268895,0.9951204396177606,0,0.00033,sector_a
2151.31407783,0.9961151029185581,0,0.00033,sector_a
2151.31546672,0.9956886160492537,0,0.00033,sector_a
2151.31685561,0.9949734743396261,0,0.00033,sector_a
2151.3182445,0.9958555158190135,0,0.00033,sector_a
2151.31963339,0.9953406319447438,0,0.00033,sector_a
2151.32102228,0.9956813739729014,0,0.00033,sector_a
2151.32241117,0.9953891086045003,0,0.00033,sector_a
2151.32380006,0.9950954933801295,0,0.00033,sector_a
2151.32518895,0.9952613061215946,0,0.00033,sector_a
2151.32657783,0.9960271335157714,0,0.00033,sector_a
2151.32796672,0.9954358586589738,0,0.00033,sector_a
2151.32935561,0.9955198959841284,0,0.00033,sector_a
2151.3307445,0.9953828887597831,0,0.00033,sector_a
2151.33213339,0.9956373248678566,0,0.00033,sector_a
2151.33352228,0.9955341812482021,0,0.00033,sector_a
2151.33491117,0.9959752776861968,0,0.00033,sector_a
2151.33630006,0.9953532423754655,0,0.00033,sector_a
2151.33768895,0.9954998037022208,0,0.00033,sector_a
2151.33907783,0.9954085591017704,0,0.00033,sector_a
2151.34046672,0.9952660770261119,0,0.00033,sector_a
2151.34185561,0.9956769142352371,0,0.00033,sector_a
2151.3432445,0.9950406018766833,0,0.00033,sector_a
2151.34463339,0.9957562295098227,0,0.00033,sector_a
2151.34602228,0.9951954042430569,0,0.00033,sector_a
2151.34741117,0.996022785475793,0,0.00033,sector_a
2151.34880006,0.9954434066976526,0,0.00033,sector_a
2151.35018895,0.9958488281840113,0,0.00033,sector_a
2151.35157783,0.9959562822402308,0,0.00033,sector_a
2151.35296672,0.9949990115193735,0,0.00033,sector_a
2151.35435561,0.9954508830617894,0,0.00033,sector_a
2151.3557445,0.9953409041145324,0,0.00033,sector_a
2151.35713339,0.9954384132358086,0,0.00033,sector_a
2151.35852228,0.9958517506878679,0,0.00033,sector_a
2151.35991117,0.9953158156424113,0,0.00033,sector_a
2151.36130006,0.9959211354171427,0,0.00033,sector_a
2151.36268895,0.9954327060428727,0,0.00033,sector_a
2151.36407783,0.9953600069835679,0,0.00033,sector_a
2151.36546672,0.9960069132960583,0,0.00033,sector_a
2151.36685561,0.9950192284978934,0,0.00033,sector_a
2151.3682445,0.9951470469528272,0,0.00033,sector_a
2151.36963339,0.9958082852471009,0,0.00033,sector_a
2151.37102228,0.9956235234720122,0,0.00033,sector_a
2151.37241117,0.9952406829543425,0,0.00033,sector_a
2151.37380006,0.9952051874971453,0,0.00033,sector_a
2151.37518895,0.9951422812872579,0,0.00033,sector_a
2151.37657783,0.995539617080805,0,0.00033,sector_a
2151.37796672,0.9951536483872029,0,0.00033,sector_a
2151.37935561,0.9958932679797401,0,0.00033,sector_a
2151.3807445,0.9948842796310752,0,0.00033,sector_a
2151.38213339,0.9957830515957959,0,0.00033,sector_a
2151.38352228,0.995475871006051,0,0.00033,sector_a
2151.38491117,0.9957838799319599,0,0.00033,sector_a
2151.38630006,0.9960134485240957,0,0.00033,sector_a
2151.38768895,0.9955112903447972,0,0.00033,sector_a
2151.38907783,0.9961065509092113,0,0.00033,sector_a
2151.39046672,0.9952232326010856,0,0.00033,sector_a
2151.39185561,0.9959448516034936,0,0.00033,sector_a
2151.3932445,0.9957359150758283,0,0.00033,sector_a
2151.39463339,0.9953047364182327,0,0.00033,sector_a
2151.39602228,0.995002503524222,0,0.00033,sector_a
2151.39741117,0.9948953619560851,0,0.00033,sector_a
2151.39880006,0.9952541870235933,0,0.00033,sector_a
2151.40018895,0.9955390751650194,0,0.00033,sector_a
2151.40157783,0.9946857611687328,0,0.00033,sector_a
2151.40296672,0.9948859609992778,0,0.00033,sector_a
2151.40435561,0.9947961556328728,0,0.00033,sector_a
2151.4057445,0.9954363088787144,0,0.00033,sector_a
2151.40713339,0.9953019361760783,0,0.00033,sector_a
2151.40852228,0.9961214416252712,0,0.00033,sector_a
2151.40991117,0.9953768407793826,0,0.00033,sector_a
2151.41130006,0.9957275578233493,0,0.00033,sector_a
2151.41268895,0.9952949156938228,0,0.00033,sector_a
2151.41407783,0.9949255847209794,0,0.00033,sector_a
2151.41546672,0.9953026623919937,0,0.00033,sector_a
2151.41685561,0.9959913654826434,0,0.00033,sector_a
2151.4182445,0.9955438612661757,0,0.00033,sector_a
2151.41963339,0.9953106135456743,0,0.00033,sector_a
2151.42102228,0.995157155421302,0,0.00033,sector_a
2151.42241117,0.9953740289017106,0,0.00033,sector_a
2151.42380006,0.9951509900343986,0,0.00033,sector_a
2151.42518895,0.9953453736437652,0,0.00033,sector_a
2151.42657783,0.9953847979816448,0,0.00033,sector_a
2151.42796672,0.9953197379634072,0,0.00033,sector_a
2151.42935561,0.9955290943838734,0,0.00033,sector_a
2151.4307445,0.994989375677401,0,0.00033,sector_a
2151.43213339,0.9953719903927408,0,0.00033,sector_a
2151.43352228,0.9953783701956043,0,0.00033,sector_a
2151.43491117,0.9953263029284986,0,0.00033,sector_a
2151.43630006,0.99528234608443,0,0.00033,sector_a
2151.43768895,0.9950977122232647,0,0.00033,sector_a
2151.43907783,0.994891445566627,0,0.00033,sector_a
2151.44046672,0.995262909735429,0,0.00033,sector_a
2151.44185561,0.9951001841922907,0,0.00033,sector_a
2151.4432445,0.9951387926473514,0,0.00033,sector_a
2151.44463339,0.9947833085398415,0,0.00033,sector_a
2151.44602228,0.9952573625507769,0,0.00033,sector_a
2151.44741117,0.9947288456059589,0,0.00033,sector_a
2151.44880006,0.9949624695991852,0,0.00033,sector_a
2151.45018895,0.995332333703989,0,0.00033,sector_a
2151.45157783,0.9951458139809428,0,0.00033,sector_a
2151.45296672,0.9949873681152237,0,0.00033,sector_a
2151.45435561,0.9952952941000028,0,0.00033,sector_a
2151.4557445,0.9954047737452244,0,0.00033,sector_a
2151.45713339,0.9945033258377042,0,0.00033,sector_a
2151.45852228,0.9947547163964976,0,0.00033,sector_a
2151.45991117,0.9954140221261043,0,0.00033,sector_a
2151.46130006,0.995400996351363,0,0.00033,sector_a
2151.46268895,0.9952991014095425,0,0.00033,sector_a
2151.46407783,0.994874167947744,0,0.00033,sector_a
2151.46546672,0.9952641568884352,0,0.00033,sector_a
2151.46685561,0.9952253198089493,0,0.00033,sector_a
2151.4682445,0.9947331314429906,0,0.00033,sector_a
2151.46963339,0.9954643244635631,0,0.00033,sector_a
2151.47102228,0.9943538098670441,0,0.00033,sector_a
2151.47241117,0.9953343686170781,0,0.00033,sector_a
2151.47380006,0.9949572532509768,0,0.00033,sector_a
2151.47518895,0.9948759264976241,0,0.00033,sector_a
2151.47657783,0.9946496686904843,0,0.00033,sector_a
2151.47796672,0.9947378477716906,0,0.00033,sector_a
2151.47935561,0.9944200624940883,0,0.00033,sector_a
2151.4807445,0.9950423125967072,0,0.00033,sector_a
2151.48213339,0.9946143663046202,0,0.00033,sector_a
2151.48352228,0.995229691256543,0,0.00033,sector_a
2151.48491117,0.9951013123874894,0,0.00033,sector_a
2151.48630006,0.9949038175467855,0,0.00033,sector_a
2151.48768895,0.9947305234738867,0,0.00033,sector_a
2151.48907783,0.9951223905089394,0,0.00033,sector_a
2151.49046672,0.9951143853519695,0,0.00033,sector_a
2151.49185561,0.9951243083418302,0,0.00033,sector_a
2151.4932445,0.995383167624894,0,0.00033,sector_a
2151.49463339,0.9949632769791654,0,0.00033,sector_a
2151.49602228,0.9951205170479216,0,0.00033,sector_a
2151.49741117,0.9950205270932864,0,0.00033,sector_a
2151.49880006,0.9949642990173583,0,0.00033,sector_a
2151.50018895,0.9950686139101625,0,0.00033,sector_a
2151.50157783,0.9948829209402743,0,0.00033,sector_a
2151.50296672,0.994587952830386,0,0.00033,sector_a
2151.50435561,0.9948657580466593,0,0.00033,sector_a
2151.5057445,0.9951311318354683,0,0.00033,sector_a
2151.50713339,0.9954592402016508,0,0.00033,sector_a
2151.50852228,0.9947296997024875,0,0.00033,sector_a
2151.50991117,0.9952756592412195,0,0.00033,sector_a
2151.51130006,0.9951042466611303,0,0.00033,sector_a
2151.51268895,0.9953232025814618,0,0.00033,sector_a
2151.51407783,0.9946971605472098,0,0.00033,sector_a
2151.51546672,0.9949548732247533,0,0.00033,sector_a
2151.51685561,0.9946738385329204,0,0.00033,sector_a
2151.5182445,0.9949130871448046,0,0.00033,sector_a
2151.51963339,0.9946432124252083,0,0.00033,sector_a
2151.52102228,0.9947873311473707,0,0.00033,sector_a
2151.52241117,0.995048954644039,0,0.00033,sector_a
2151.52380006,0.9955109030736775,0,0.00033,sector_a
2151.52518895,0.9950003632895522,0,0.00033,sector_a
2151.52657783,0.9946959203164422,0,0.00033,sector_a
2151.52796672,0.9941687613449722,0,0.00033,sector_a
2151.52935561,0.994487310094791,0,0.00033,sector_a
2151.5307445,0.9948213295701758,0,0.00033,sector_a
2151.53213339,0.9949286534374286,0,0.00033,sector_a
2151.53352228,0.9950940618723676,2048,0.00033,sector_a
2151.53491117,0.9944805440090879,0,0.00033,sector_a
2151.53630006,0.9947016369268258,0,0.00033,sector_a
2151.53768895,0.9952717035968068,0,0.00033,sector_a
2151.53907783,0.9950541967189721,0,0.00033,sector_a
2151.54046672,0.9943365998684451,0,0.00033,sector_a
2151.54185561,0.9946951383067382,0,0.00033,sector_a
2151.5432445,0.995019171101087,0,0.00033,sector_a
2151.54463339,0.9948264921778593,0,0.00033,sector_a
2151.54602228,0.9949665885318317,0,0.00033,sector_a
2151.54741117,0.9949086203792571,0,0.00033,sector_a
2151.54880006,0.9951996529541272,0,0.00033,sector_a
2151.55018895,0.9951333506517153,0,0.00033,sector_a
2151.55157783,0.9945537498326931,0,0.00033,sector_a
2151.55296672,0.9947673998042502,0,0.00033,sector_a
2151.55435561,0.9948471972439203,0,0.00033,sector_a
2151.5557445,0.9944593270523909,0,0.00033,sector_a
2151.55713339,0.9947605658499654,0,0.00033,sector_a
2151.55852228,0.9953910539862585,0,0.00033,sector_a
2151.55991117,0.9944403634999,0,0.00033,sector_a
2151.56130006,0.9947130108905721,0,0.00033,sector_a
2151.56268895,0.9950933193611201,0,0.00033,sector_a
2151.56407783,0.9947214120896193,0,0.00033,sector_a
2151.56546672,0.9947827322875141,0,0.00033,sector_a
2151.56685561,0.9947758216983044,0,0.00033,sector_a
2151.5682445,0.9945616124311396,0,0.00033,sector_a
2151.56963339,0.9949971560533205,0,0.00033,sector_a
2151.57102228,0.9940556371371395,0,0.00033,sector_a
2151.57241117,0.9940828605722907,0,0.00033,sector_a
2151.57380006,0.9944857231199342,0,0.00033,sector_a
2151.57518895,0.994712262397091,0,0.00033,sector_a
2151.57657783,0.994167956936747,0,0.00033,sector_a
2151.57796672,0.994618288550578,0,0.00033,sector_a
2151.57935561,0.9950212494429733,0,0.00033,sector_a
2151.5807445,0.9945330965977204,0,0.00033,sector_a
2151.58213339,0.9940143798466767,0,0.00033,sector_a
2151.58352228,0.9945401858345093,0,0.00033,sector_a
2151.58491117,0.9946633175264953,0,0.00033,sector_a
2151.58630006,0.9946848075811888,0,0.00033,sector_a
2151.58768895,0.9948083893766099,0,0.00033,sector_a
2151.58907783,0.9944806611870441,0,0.00033,sector_a
2151.59046672,0.9947150043729073,0,0.00033,sector_a
2151.59185561,0.9950340649599734,0,0.00033,sector_a
2151.5932445,0.9945347754946404,0,0.00033,sector_a
2151.59463339,0.9945674527608646,0,0.00033,sector_a
2151.59602228,0.994650564540437,0,0.00033,sector_a
2151.59741117,0.9945588929274432,0,0.00033,sector_a
2151.59880006,0.9955497927587428,0,0.00033,sector_a
2151.60018895,0.9942579831421055,0,0.00033,sector_a
2151.60157783,0.9945880136595681,0,0.00033,sector_a
2151.60296672,0.9943322059590806,0,0.00033,sector_a
2151.60435561,0.9948430046266962,0,0.00033,sector_a
2151.6057445,0.9953001385275267,0,0.00033,sector_a
2151.60713339,0.9949700770728106,0,0.00033,sector_a
2151.60852228,0.9946801968305304,0,0.00033,sector_a
2151.60991117,0.9951028382656003,0,0.00033,sector_a
2151.61130006,0.9951215051883182,0,0.00033,sector_a
2151.61268895,0.9950888341321118,0,0.00033,sector_a
2151.61407783,0.9947731592927271,0,0.00033,sector_a
2151.61546672,0.9946826445350303,0,0.00033,sector_a
2151.61685561,0.9948037169150236,0,0.00033,sector_a
2151.6182445,0.994558962007975,0,0.00033,sector_a
2151.61963339,0.9949031743327734,0,0.00033,sector_a
2151.62102228,0.9945462267985575,0,0.00033,sector_a
2151.62241117,0.9941502022589231,0,0.00033,sector_a
2151.62380006,0.9943082869881972,0,0.00033,sector_a
2151.62518895,0.9948768138861755,0,0.00033,sector_a
2151.62657783,0.9944139636101464,0,0.00033,sector_a
2151.62796672,0.9942505113742954,0,0.00033,sector_a
2151.62935561,0.9941370596619722,0,0.00033,sector_a
2151.6307445,0.9942779339109811,0,0.00033,sector_a
2151.63213339,0.9945556541209297,0,0.00033,sector_a
2151.63352228,0.9944340757191973,0,0.00033,sector_a
2151.63491117,0.9950182858358618,0,0.00033,sector_a
2151.63630006,0.9946990581275544,0,0.00033,sector_a
2151.63768895,0.9949706335746733,0,0.00033,sector_a
2151.63907783,0.9947194108601357,0,0.00033,sector_a
2151.64046672,0.9943835196410529,0,0.00033,sector_a
2151.64185561,0.9945181882383181,0,0.00033,sector_a
2151.6432445,0.9949612661441056,0,0.00033,sector_a
2151.64463339,0.9948813845263954,0,0.00033,sector_a
2151.64602228,0.9946546618409698,0,0.00033,sector_a
2151.64741117,0.9947593670518374,0,0.00033,sector_a
2151.64880006,0.9945026177913195,0,0.00033,sector_a
2151.65018895,0.9948757642618331,0,0.00033,sector_a
2151.65157783,0.9946372370715002,0,0.00033,sector_a
2151.65296672,0.9946792260026799,0,0.00033,sector_a
2151.65435561,0.9944123124719896,0,0.00033,sector_a
2151.6557445,0.9947670461801125,0,0.00033,sector_a
2151.65713339,0.9944489628447052,0,0.00033,sector_a
2151.65852228,0.9946580213069474,0,0.00033,sector_a
2151.65991117,0.9947499225771557,0,0.00033,sector_a
2151.66130006,0.9945723748289178,0,0.00033,sector_a
2151.66268895,0.9942628563675655,0,0.00033,sector_a
2151.66407783,0.9937944746664509,0,0.00033,sector_a
2151.66546672,0.9944851606259509,0,0.00033,sector_a
2151.66685561,0.9944450828814597,0,0.00033,sector_a
2151.6682445,0.9946481141872642,0,0.00033,sector_a
2151.66963339,0.9944252235824319,0,0.00033,sector_a
2151.67102228,0.9945644888061819,0,0.00033,sector_a
2151.67241117,0.994941456833727,0,0.00033,sector_a
2151.67380006,0.9942959229284916,0,0.00033,sector_a
2151.67518895,0.9947906406281812,0,0.00033,sector_a
2151.67657783,0.9947466140693492,0,0.00033,sector_a
2151.67796672,0.9944605316143639,0,0.00033,sector_a
2151.67935561,0.9944899251637295,0,0.00033,sector_a
2151.6807445,0.9942318680854092,0,0.00033,sector_a
2151.68213339,0.9948225109434374,0,0.00033,sector_a
2151.68352228,0.9940817674762684,0,0.00033,sector_a
2151.68491117,0.9942348832500898,0,0.00033,sector_a
2151.68630006,0.9940581138566624,0,0.00033,sector_a
2151.68768895,0.9950730584104642,0,0.00033,sector_a
2151.68907783,0.994287999304847,0,0.00033,sector_a
2151.69046672,0.9943953271655135,0,0.00033,sector_a
2151.69185561,0.9939356045198988,0,0.00033,sector_a
2151.6932445,0.9942893122520348,0,0.00033,sector_a
2151.69463339,0.9944456259721405,0,0.00033,sector_a
2151.69602228,0.9945269760024855,0,0.00033,sector_a
2151.69741117,0.9944146284560469,0,0.00033,sector_a
2151.69880006,0.9944741734136929,0,0.00033,sector_a
2151.70018895,0.9939885375538372,0,0.00033,sector_a
2151.70157783,0.9945949530329704,0,0.00033,sector_a
2151.70296672,0.9947707456074752,0,0.00033,sector_a
2151.70435561,0.99405257407639,0,0.00033,sector_a
2151.7057445,0.9943837406606467,0,0.00033,sector_a
2151.70713339,0.9945259566552271,0,0.00033,sector_a
2151.70852228,0.9947390690035904,0,0.00033,sector_a
2151.70991117,0.9942108380214321,0,0.00033,sector_a
2151.71130006,0.9944776435752285,0,0.00033,sector_a
2151.71268895,0.994266293461396,0,0.00033,sector_a
2151.71407783,0.9947405340750305,0,0.00033,sector_a
2151.71546672,0.994440939115249,0,0.00033,sector_a
2151.71685561,0.9947386919499079,0,0.00033,sector_a
2151.7182445,0.9942284185660261,0,0.00033,sector_a
2151.71963339,0.9944972092114996,0,0.00033,sector_a
2151.72102228,0.9943394720955664,0,0.00033,sector_a
2151.72241117,0.9935590885292073,0,0.00033,sector_a
2151.72380006,0.994041262611206,0,0.00033,sector_a
2151.72518895,0.9944974732162115,0,0.00033,sector_a
2151.72657783,0.9939920471126334,0,0.00033,sector_a
2151.72796672,0.9940188292994884,0,0.00033,sector_a
2151.72935561,0.9942587694883745,0,0.00033,sector_a
2151.7307445,0.9943999940661163,0,0.00033,sector_a
2151.73213339,0.9940768624214578,0,0.00033,sector_a
2151.73352228,0.994680511812232,0,0.00033,sector_a
2151.73491117,0.9939878184212415,0,0.00033,sector_a
2151.73630006,0.994111986900476,0,0.00033,sector_a
2151.73768895,0.993965953963114,0,0.00033,sector_a
2151.73907783,0.9946430425555772,0,0.00033,sector_a
2151.74046672,0.9938052737298951,0,0.00033,sector_a
2151.74185561,0.994544913277326,0,0.00033,sector_a
2151.7432445,0.9940012640690201,0,0.00033,sector_a
2151.74463339,0.9948189265920796,0,0.00033,sector_a
2151.74602228,0.9945892052903867,0,0.00033,sector_a
2151.74741117,0.99414219640062,0,0.00033,sector_a
2151.74880006,0.994614628746379,0,0.00033,sector_a
2151.75018895,0.9940799981520428,0,0.00033,sector_a
2151.75157783,0.9940843214170725,0,0.00033,sector_a
2151.75296672,0.9944337341850606,0,0.00033,sector_a
2151.75435561,0.9942857540164606,0,0.00033,sector_a
2151.7557445,0.9938821963375377,0,0.00033,sector_a
2151.75713339,0.9940342005619238,0,0.00033,sector_a
2151.75852228,0.9950706244034698,0,0.00033,sector_a
2151.75991117,0.9945684638867448,0,0.00033,sector_a
2151.76130006,0.9940578834854875,0,0.00033,sector_a
2151.76268895,0.9942380380543866,0,0.00033,sector_a
2151.76407783,0.9945075886997604,0,0.00033,sector_a
2151.76546672,0.9941103075056609,0,0.00033,sector_a
2151.76685561,0.9939060250938848,0,0.00033,sector_a
2151.7682445,0.9942511511971212,0,0.00033,sector_a
2151.76963339,0.994483723782754,0,0.00033,sector_a
2151.77102228,0.9942216835190036,0,0.00033,sector_a
2151.77241117,0.9939219833215354,0,0.00033,sector_a
2151.77380006,0.9938123067767742,0,0.00033,sector_a
2151.77518895,0.9936183705777341,0,0.00033,sector_a
2151.77657783,0.9938067641024267,0,0.00033,sector_a
2151.77796672,0.9940951137875513,0,0.00033,sector_a
2151.77935561,0.9935924435785003,0,0.00033,sector_a
2151.7807445,0.9944439886313715,0,0.00033,sector_a
2151.78213339,0.994242947295908,0,0.00033,sector_a
2151.78352228,0.9942639897319911,0,0.00033,sector_a
2151.78491117,0.9941151491914648,0,0.00033,sector_a
2151.78630006,0.9945458695057028,0,0.00033,sector_a
2151.78768895,0.9940319927644756,0,0.00033,sector_a
2151.78907783,0.9945889224881028,0,0.00033,sector_a
2151.79046672,0.9941042341499693,0,0.00033,sector_a
2151.79185561,0.9945041333642363,0,0.00033,sector_a
2151.7932445,0.9938800317970204,0,0.00033,sector_a
2151.79463339,0.9942670395470447,0,0.00033,sector_a
2151.79602228,0.9939017234215339,0,0.00033,sector_a
2151.79741117,0.9938059221012964,0,0.00033,sector_a
2151.79880006,0.994500186617334,0,0.00033,sector_a
2151.80018895,0.9944484748067044,0,0.00033,sector_a
2151.80157783,0.993875553461884,0,0.00033,sector_a
2151.80296672,0.9939612800653465,0,0.00033,sector_a
2151.80435561,0.9939613642281083,0,0.00033,sector_a
2151.8057445,0.994420053728665,0,0.00033,sector_a
2151.80713339,0.9943738053788322,0,0.00033,sector_a
2151.80852228,0.9945305187305867,0,0.00033,sector_a
2151.80991117,0.9943026348598428,0,0.00033,sector_a
2151.81130006,0.9940937141383546,0,0.00033,sector_a
2151.81268895,0.9941719257343204,0,0.00033,sector_a
2151.81407783,0.9940126394683714,0,0.00033,sector_a
2151.81546672,0.9941172675850893,0,0.00033,sector_a
2151.81685561,0.9944785107433397,0,0.00033,sector_a
2151.8182445,0.9948089925400891,0,0.00033,sector_a
2151.81963339,0.9936512234736985,0,0.00033,sector_a
2151.82102228,0.9943740759826422,0,0.00033,sector_a
2151.82241117,0.9942540081755126,0,0.00033,sector_a
2151.82380006,0.9943200587553639,0,0.00033,sector_a
2151.82518895,0.9941723109133095,0,0.00033,sector_a
2151.82657783,0.9943978524481967,0,0.00033,sector_a
2151.82796672,0.9943629675817728,0,0.00033,sector_a
2151.82935561,0.9939870257822813,0,0.00033,sector_a
2151.8307445,0.9942710033442597,0,0.00033,sector_a
2151.83213339,0.9942937135264376,0,0.00033,sector_a
2151.83352228,0.9945416349446183,0,0.00033,sector_a
2151.83491117,0.993809743651328,0,0.00033,sector_a
2151.83630006,0.9942222745961459,0,0.00033,sector_a
2151.83768895,0.9941787597898986,0,0.00033,sector_a
2151.83907783,0.9941767636267833,0,0.00033,sector_a
2151.84046672,0.9939526733007898,0,0.00033,sector_a
2151.84185561,0.9944428824018389,0,0.00033,sector_a
2151.8432445,0.9940882060700128,0,0.00033,sector_a
2151.84463339,0.9936329655801219,0,0.00033,sector_a
2151.84602228,0.9942920538943025,0,0.00033,sector_a
2151.84741117,0.9942652791051579,0,0.00033,sector_a
2151.84880006,0.9939177093166087,0,0.00033,sector_a
2151.85018895,0.9941879932546023,0,0.00033,sector_a
2151.85157783,0.9938387072496644,0,0.00033,sector_a
2151.85296672,0.9940232820096617,0,0.00033,sector_a
2151.85435561,0.9937223123052067,0,0.00033,sector_a
2151.8557445,0.9942222398221765,0,0.00033,sector_a
2151.85713339,0.9939648846083152,0,0.00033,sector_a
2151.85852228,0.9940737357521503,0,0.00033,sector_a
2151.85991117,0.994283413622958,0,0.00033,sector_a
2151.86130006,0.9937903982576892,0,0.00033,sector_a
2151.86268895,0.9945493153397567,0,0.00033,sector_a
2151.86407783,0.9945946007485595,0,0.00033,sector_a
2151.86546672,0.9936965766401303,0,0.00033,sector_a
2151.86685561,0.9939847358744383,0,0.00033,sector_a
2151.8682445,0.9941409057139543,0,0.00033,sector_a
2151.86963339,0.9937500838410994,0,0.00033,sector_a
2151.87102228,0.9939822270097481,0,0.00033,sector_a
2151.87241117,0.9941985299897168,0,0.00033,sector_a
2151.87380006,0.9944770429144225,0,0.00033,sector_a
2151.87518895,0.9942981002883065,0,0.00033,sector_a
2151.87657783,0.9934775065246282,0,0.00033,sector_a
2151.87796672,0.9941493482226041,0,0.00033,sector_a
2151.87935561,0.9937020229625803,0,0.00033,sector_a
2151.8807445,0.9939663570781285,0,0.00033,sector_a
2151.88213339,0.9944039406222712,0,0.00033,sector_a
2151.88352228,0.9940172474472175,0,0.00033,sector_a
2151.88491117,0.9944887897466571,0,0.00033,sector_a
2151.88630006,0.9941413881984945,0,0.00033,sector_a
2151.88768895,0.9944191557704051,0,0.00033,sector_a
2151.88907783,0.9941713122218754,0,0.00033,sector_a
2151.89046672,0.994260675233483,0,0.00033,sector_a
2151.89185561,0.9943099667390811,0,0.00033,sector_a
2151.8932445,0.9938826974393531,0,0.00033,sector_a
2151.89463339,0.994006552492702,0,0.00033,sector_a
2151.89602228,0.9941731101583382,0,0.00033,sector_a
2151.89741117,0.9939307331762648,0,0.00033,sector_a
2151.89880006,0.993671005150421,0,0.00033,sector_a
2151.90018895,0.9939427718648914,0,0.00033,sector_a
2151.90157783,0.9934393315002537,0,0.00033,sector_a
2151.90296672,0.9936902638837047,0,0.00033,sector_a
2151.90435561,0.9937918421915265,0,0.00033,sector_a
2151.9057445,0.994150396105297,0,0.00033,sector_a
2151.90713339,0.9943656001877281,0,0.00033,sector_a
2151.90852228,0.993620377988478,0,0.00033,sector_a
2151.90991117,0.9945922322700758,0,0.00033,sector_a
2151.91130006,0.9937220724721426,0,0.00033,sector_a
2151.91268895,0.9943174769200336,0,0.00033,sector_a
2151.91407783,0.994423839468117,0,0.00033,sector_a
2151.91546672,0.9936364955257838,0,0.00033,sector_a
2151.91685561,0.9940356506013179,0,0.00033,sector_a
2151.9182445,0.9942673679335905,0,0.00033,sector_a
2151.91963339,0.9936279550805697,0,0.00033,sector_a
2151.92102228,0.9941445983903616,0,0.00033,sector_a
2151.92241117,0.9942801477723936,0,0.00033,sector_a
2151.92380006,0.9944247874966439,0,0.00033,sector_a
2151.92518895,0.993718205382441,0,0.00033,sector_a
2151.92657783,0.9937529459936856,0,0.00033,sector_a
2151.92796672,0.9940081145152143,0,0.00033,sector_a
2151.92935561,0.993489975253119,0,0.00033,sector_a
2151.9307445,0.993542968991928,0,0.00033,sector_a
2151.93213339,0.993536422648705,0,0.00033,sector_a
2151.93352228,0.9939692415566865,0,0.00033,sector_a
2151.93491117,0.9940252204311361,0,0.00033,sector_a
2151.93630006,0.9941265631914903,0,0.00033,sector_a
2151.93768895,0.9942678893850524,0,0.00033,sector_a
2151.93907783,0.9944310621036704,0,0.00033,sector_a
2151.94046672,0.9940895763896626,0,0.00033,sector_a
2151.94185561,0.993972206021687,0,0.00033,sector_a
2151.9432445,0.9938253874731605,0,0.00033,sector_a
2151.94463339,0.9938209856738464,0,0.00033,sector_a
2151.94602228,0.9945394986380287,0,0.00033,sector_a
2151.94741117,0.9939431357400835,0,0.00033,sector_a
2151.94880006,0.9941179520055992,0,0.00033,sector_a
2151.95018895,0.9940855105937846,0,0.00033,sector_a
2151.95157783,0.9937263471287351,0,0.00033,sector_a
2151.95296672,0.9943979109775584,0,0.00033,sector_a
2151.95435561,0.9942839191512498,0,0.00033,sector_a
2151.9557445,0.9938340053568848,0,0.00033,sector_a
2151.95713339,0.9946367620629203,0,0.00033,sector_a
2151.95852228,0.9937967671000658,0,0.00033,sector_a
2151.95991117,0.9937059097484595,0,0.00033,sector_a
2151.96130006,0.9938354816504317,0,0.00033,sector_a
2151.96268895,0.9942878599545579,0,0.00033,sector_a
2151.96407783,0.9939552987253972,0,0.00033,sector_a
2151.96546672,0.9935635946323638,0,0.00033,sector_a
2151.96685561,0.9941642519137139,0,0.00033,sector_a
2151.9682445,0.9939401438612445,0,0.00033,sector_a
2151.96963339,0.9941495063469117,0,0.00033,sector_a
2151.97102228,0.9940807034699103,0,0.00033,sector_a
2151.97241117,0.9937500206388856,0,0.00033,sector_a
2151.97380006,0.9936898780734836,0,0.00033,sector_a
2151.97518895,0.9943661315135343,0,0.00033,sector_a
2151.97657783,0.9936439775766386,0,0.00033,sector_a
2151.97796672,0.9941075961799354,0,0.00033,sector_a
2151.97935561,0.9941106953299799,0,0.00033,sector_a
2151.9807445,0.9937160533950594,0,0.00033,sector_a
2151.98213339,0.9940650942122256,0,0.00033,sector_a
2151.98352228,0.9937557946802027,0,0.00033,sector_a
2151.98491117,0.9937011983979358,0,0.00033,sector_a
2151.98630006,0.9935321058967423,0,0.00033,sector_a
2151.98768895,0.9941896949933829,0,0.00033,sector_a
2151.98907783,0.9934465392071866,0,0.00033,sector_a
2151.99046672,0.9938604390102398,0,0.00033,sector_a
2151.99185561,0.9935036468752403,0,0.00033,sector_a
2151.9932445,0.9942278093308112,0,0.00033,sector_a
2151.99463339,0.9938437113467198,0,0.00033,sector_a
2151.99602228,0.9943192201659633,0,0.00033,sector_a
2151.99741117,0.9936644737121367,0,0.00033,sector_a
2151.99880006,0.9939142527623428,0,0.00033,sector_a
2152.00018895,0.9935626120458859,0,0.00033,sector_a
2152.00157783,0.9939078709091469,0,0.00033,sector_a
2152.00296672,0.9939489829573578,0,0.00033,sector_a
2152.00435561,0.9938793783621046,0,0.00033,sector_a
2152.0057445,0.9935621317668245,0,0.00033,sector_a
2152.00713339,0.9937735605915716,0,0.00033,sector_a
2152.00852228,0.9941211927960951,0,0.00033,sector_a
2152.00991117,0.9932296721623723,0,0.00033,sector_a
2152.01130006,0.99396478643782,0,0.00033,sector_a
2152.01268895,0.9941960004404766,0,0.00033,sector_a
2152.01407783,0.9943843906440402,0,0.00033,sector_a
2152.01546672,0.9933967943082269,0,0.00033,sector_a
2152.01685561,0.9942664650701382,0,0.00033,sector_a
2152.0182445,0.9941007321823321,0,0.00033,sector_a
2152.01963339,0.9938456627438691,0,0.00033,sector_a
2152.02102228,0.9934714412800058,0,0.00033,sector_a
2152.02241117,0.9943133419302593,0,0.00033,sector_a
2152.02380006,0.9938217796107197,0,0.00033,sector_a
2152.02518895,0.9940671561264697,0,0.00033,sector_a
2152.02657783,0.9940649135438802,0,0.00033,sector_a
2152.02796672,0.993504896446267,0,0.00033,sector_a
2152.02935561,0.994191482968053,0,0.00033,sector_a
2152.0307445,0.9929143538431501,0,0.00033,sector_a
2152.03213339,0.9937223507250064,0,0.00033,sector_a
2152.03352228,0.9935506974846993,0,0.00033,sector_a
2152.03491117,0.9938133917183432,0,0.00033,sector_a
2152.03630006,0.9945190009415248,0,0.00033,sector_a
2152.03768895,0.9935073848580562,0,0.00033,sector_a
2152.03907783,0.9936033780279813,0,0.00033,sector_a
2152.04046672,0.9939671478433589,0,0.00033,sector_a
2152.04185561,0.9934467186844311,0,0.00033,sector_a
2152.0432445,0.9935706793302483,0,0.00033,sector_a
2152.04463339,0.9937596396008155,0,0.00033,sector_a
2152.04602228,0.9936059885482973,0,0.00033,sector_a
2152.04741117,0.994027283498339,0,0.00033,sector_a
2152.04880006,0.9937285529131956,0,0.00033,sector_a
2152.05018895,0.9940705205293099,0,0.00033,sector_a
2152.05157783,0.9940957894474102,0,0.00033,sector_a
2152.05296672,0.9931928586774431,0,0.00033,sector_a
2152.05435561,0.9938321055115403,0,0.00033,sector_a
2152.0557445,0.9936065466861842,0,0.00033,sector_a
2152.05713339,0.994103576839668,0,0.00033,sector_a
2152.05852228,0.9938937652860701,0,0.00033,sector_a
2152.05991117,0.9937361013895155,0,0.00033,sector_a
2152.06130006,0.9938145147135538,0,0.00033,sector_a
2152.06268895,0.9940392806358981,0,0.00033,sector_a
2152.06407783,0.9943030678673488,0,0.00033,sector_a
2152.06546672,0.9940369842799957,0,0.00033,sector_a
2152.06685561,0.9939712477484769,0,0.00033,sector_a
2152.0682445,0.9937612163607848,0,0.00033,sector_a
