event_id,order_id,store_id,product_id,event_at_utc,ingested_at_utc,quantity,unit_price,unit_cost,discount_amount,status
E000001,O-SFO-01-20260308-produce-000,SFO-01,P-APPLE,2026-03-08T19:00:00Z,2026-03-08T19:02:00Z,1,3.80,1.10,0.00,completed
E000002,O-SFO-01-20260308-produce-001,SFO-01,P-BERRY,2026-03-08T19:13:00Z,2026-03-08T19:15:00Z,2,4.15,2.40,0.00,completed
E000003,O-SFO-01-20260308-produce-002,SFO-01,P-APPLE,2026-03-08T19:26:00Z,2026-03-08T19:28:00Z,1,3.80,1.10,0.00,completed
E000004,O-SFO-01-20260308-produce-003,SFO-01,P-BERRY,2026-03-08T19:39:00Z,2026-03-08T19:41:00Z,1,4.15,2.40,0.00,completed
E000005,O-SFO-01-20260308-produce-004,SFO-01,P-APPLE,2026-03-08T19:52:00Z,2026-03-08T19:54:00Z,2,3.80,1.10,0.00,completed
E000006,O-SFO-01-20260308-produce-005,SFO-01,P-BERRY,2026-03-08T20:05:00Z,2026-03-08T20:07:00Z,1,4.15,2.40,0.00,completed
E000007,O-SFO-01-20260308-produce-006,SFO-01,P-APPLE,2026-03-08T20:18:00Z,2026-03-08T20:20:00Z,1,3.80,1.10,0.00,completed
E000008,O-SFO-01-20260308-produce-007,SFO-01,P-BERRY,2026-03-08T20:31:00Z,2026-03-08T20:33:00Z,2,4.15,2.40,0.00,completed
E000009,O-SFO-01-20260308-produce-008,SFO-01,P-APPLE,2026-03-08T20:44:00Z,2026-03-08T20:46:00Z,1,3.80,1.10,0.00,completed
E000010,O-SFO-01-20260308-produce-009,SFO-01,P-BERRY,2026-03-08T20:57:00Z,2026-03-08T20:59:00Z,1,4.15,2.40,0.00,completed
E000011,O-SFO-01-20260308-produce-010,SFO-01,P-APPLE,2026-03-08T21:10:00Z,2026-03-08T21:12:00Z,2,3.80,1.10,0.00,completed
E000012,O-SFO-01-20260308-produce-011,SFO-01,P-BERRY,2026-03-08T21:23:00Z,2026-03-08T21:25:00Z,1,4.15,2.40,0.00,completed
E000013,O-SFO-01-20260308-produce-012,SFO-01,P-APPLE,2026-03-08T21:36:00Z,2026-03-08T21:38:00Z,1,3.80,1.10,0.00,completed
E000014,O-SFO-01-20260308-produce-013,SFO-01,P-BERRY,2026-03-08T21:49:00Z,2026-03-08T21:51:00Z,2,4.15,2.40,0.00,completed
E000015,O-SFO-01-20260308-produce-014,SFO-01,P-APPLE,2026-03-08T22:02:00Z,2026-03-08T22:04:00Z,1,3.80,1.10,0.00,completed
E000016,O-SFO-01-20260308-produce-015,SFO-01,P-BERRY,2026-03-08T22:15:00Z,2026-03-08T22:17:00Z,1,4.15,2.40,0.00,completed
E000017,O-SFO-01-20260308-produce-016,SFO-01,P-APPLE,2026-03-08T22:28:00Z,2026-03-08T22:30:00Z,2,3.80,1.10,0.00,completed
E000018,O-SFO-01-20260308-produce-017,SFO-01,P-BERRY,2026-03-08T22:41:00Z,2026-03-08T22:43:00Z,1,4.15,2.40,0.00,completed
E000019,O-SFO-01-20260308-produce-018,SFO-01,P-APPLE,2026-03-08T22:54:00Z,2026-03-08T22:56:00Z,1,3.80,1.10,0.00,completed
E000020,O-SFO-01-20260308-dairy-000,SFO-01,P-MILK,2026-03-08T19:00:00Z,2026-03-08T19:02:00Z,1,4.40,1.80,0.00,completed
E000021,O-SFO-01-20260308-dairy-001,SFO-01,P-YOGURT,2026-03-08T19:13:00Z,2026-03-08T19:15:00Z,2,4.40,0.95,0.00,completed
E000022,O-SFO-01-20260308-dairy-002,SFO-01,P-MILK,2026-03-08T19:26:00Z,2026-03-08T19:28:00Z,1,4.40,1.80,0.00,completed
E000023,O-SFO-01-20260308-dairy-003,SFO-01,P-YOGURT,2026-03-08T19:39:00Z,2026-03-08T19:41:00Z,1,4.40,0.95,0.00,completed
E000024,O-SFO-01-20260308-dairy-004,SFO-01,P-MILK,2026-03-08T19:52:00Z,2026-03-08T19:54:00Z,2,4.40,1.80,0.00,completed
E000025,O-SFO-01-20260308-dairy-005,SFO-01,P-YOGURT,2026-03-08T20:05:00Z,2026-03-08T20:07:00Z,1,4.40,0.95,0.00,completed
E000026,O-SFO-01-20260308-dairy-006,SFO-01,P-MILK,2026-03-08T20:18:00Z,2026-03-08T20:20:00Z,1,4.40,1.80,0.00,completed
E000027,O-SFO-01-20260308-dairy-007,SFO-01,P-YOGURT,2026-03-08T20:31:00Z,2026-03-08T20:33:00Z,2,4.40,0.95,0.00,completed
E000028,O-SFO-01-20260308-dairy-008,SFO-01,P-MILK,2026-03-08T20:44:00Z,2026-03-08T20:46:00Z,1,4.40,1.80,0.00,completed
E000029,O-SFO-01-20260308-dairy-009,SFO-01,P-YOGURT,2026-03-08T20:57:00Z,2026-03-08T20:59:00Z,1,4.40,0.95,0.00,completed
E000030,O-SFO-01-20260308-dairy-010,SFO-01,P-MILK,2026-03-08T21:10:00Z,2026-03-08T21:12:00Z,2,4.40,1.80,0.00,completed
E000031,O-SFO-01-20260308-dairy-011,SFO-01,P-YOGURT,2026-03-08T21:23:00Z,2026-03-08T21:25:00Z,1,4.40,0.95,0.00,completed
E000032,O-SFO-01-20260308-dairy-012,SFO-01,P-MILK,2026-03-08T21:36:00Z,2026-03-08T21:38:00Z,1,4.40,1.80,0.00,completed
E000033,O-SFO-01-20260308-dairy-013,SFO-01,P-YOGURT,2026-03-08T21:49:00Z,2026-03-08T21:51:00Z,2,4.40,0.95,0.00,completed
E000034,O-SFO-01-20260308-dairy-014,SFO-01,P-MILK,2026-03-08T22:02:00Z,2026-03-08T22:04:00Z,1,4.40,1.80,0.00,completed
E000035,O-SFO-01-20260308-pantry-000,SFO-01,P-PASTA,2026-03-08T19:00:00Z,2026-03-08T19:02:00Z,1,3.60,1.25,0.00,completed
E000036,O-SFO-01-20260308-pantry-001,SFO-01,P-SAUCE,2026-03-08T19:13:00Z,2026-03-08T19:15:00Z,2,3.60,1.45,0.00,completed
E000037,O-SFO-01-20260308-pantry-002,SFO-01,P-PASTA,2026-03-08T19:26:00Z,2026-03-08T19:28:00Z,1,3.60,1.25,0.00,completed
E000038,O-SFO-01-20260308-pantry-003,SFO-01,P-SAUCE,2026-03-08T19:39:00Z,2026-03-08T19:41:00Z,1,3.60,1.45,0.00,completed
E000039,O-SFO-01-20260308-pantry-004,SFO-01,P-PASTA,2026-03-08T19:52:00Z,2026-03-08T19:54:00Z,2,3.60,1.25,0.00,completed
E000040,O-SFO-01-20260308-pantry-005,SFO-01,P-SAUCE,2026-03-08T20:05:00Z,2026-03-08T20:07:00Z,1,3.60,1.45,0.00,completed
E000041,O-SFO-01-20260308-pantry-006,SFO-01,P-PASTA,2026-03-08T20:18:00Z,2026-03-08T20:20:00Z,1,3.60,1.25,0.00,completed
E000042,O-SFO-01-20260308-pantry-007,SFO-01,P-SAUCE,2026-03-08T20:31:00Z,2026-03-08T20:33:00Z,2,3.60,1.45,0.00,completed
E000043,O-SFO-01-20260308-pantry-008,SFO-01,P-PASTA,2026-03-08T20:44:00Z,2026-03-08T20:46:00Z,1,3.60,1.25,0.00,completed
E000044,O-SFO-01-20260308-pantry-009,SFO-01,P-SAUCE,2026-03-08T20:57:00Z,2026-03-08T20:59:00Z,1,3.60,1.45,0.00,completed
E000045,O-SFO-01-20260308-pantry-010,SFO-01,P-PASTA,2026-03-08T21:10:00Z,2026-03-08T21:12:00Z,2,3.60,1.25,0.00,completed
E000046,O-SFO-01-20260308-pantry-011,SFO-01,P-SAUCE,2026-03-08T21:23:00Z,2026-03-08T21:25:00Z,1,3.60,1.45,0.00,completed
E000047,O-NYC-02-20260308-produce-000,NYC-02,P-APPLE,2026-03-08T16:00:00Z,2026-03-08T16:02:00Z,1,3.80,1.10,0.00,completed
E000048,O-NYC-02-20260308-produce-001,NYC-02,P-BERRY,2026-03-08T16:13:00Z,2026-03-08T16:15:00Z,2,4.15,2.40,0.00,completed
E000049,O-NYC-02-20260308-produce-002,NYC-02,P-APPLE,2026-03-08T16:26:00Z,2026-03-08T16:28:00Z,1,3.80,1.10,0.00,completed
E000050,O-NYC-02-20260308-produce-003,NYC-02,P-BERRY,2026-03-08T16:39:00Z,2026-03-08T16:41:00Z,1,4.15,2.40,0.00,completed
E000051,O-NYC-02-20260308-produce-004,NYC-02,P-APPLE,2026-03-08T16:52:00Z,2026-03-08T16:54:00Z,2,3.80,1.10,0.00,completed
E000052,O-NYC-02-20260308-produce-005,NYC-02,P-BERRY,2026-03-08T17:05:00Z,2026-03-08T17:07:00Z,1,4.15,2.40,0.00,completed
E000053,O-NYC-02-20260308-produce-006,NYC-02,P-APPLE,2026-03-08T17:18:00Z,2026-03-08T17:20:00Z,1,3.80,1.10,0.00,completed
E000054,O-NYC-02-20260308-produce-007,NYC-02,P-BERRY,2026-03-08T17:31:00Z,2026-03-08T17:33:00Z,2,4.15,2.40,0.00,completed
E000055,O-NYC-02-20260308-produce-008,NYC-02,P-APPLE,2026-03-08T17:44:00Z,2026-03-08T17:46:00Z,1,3.80,1.10,0.00,completed
E000056,O-NYC-02-20260308-produce-009,NYC-02,P-BERRY,2026-03-08T17:57:00Z,2026-03-08T17:59:00Z,1,4.15,2.40,0.00,completed
E000057,O-NYC-02-20260308-produce-010,NYC-02,P-APPLE,2026-03-08T18:10:00Z,2026-03-08T18:12:00Z,2,3.80,1.10,0.00,completed
E000058,O-NYC-02-20260308-produce-011,NYC-02,P-BERRY,2026-03-08T18:23:00Z,2026-03-08T18:25:00Z,1,4.15,2.40,0.00,completed
E000059,O-NYC-02-20260308-produce-012,NYC-02,P-APPLE,2026-03-08T18:36:00Z,2026-03-08T18:38:00Z,1,3.80,1.10,0.00,completed
E000060,O-NYC-02-20260308-produce-013,NYC-02,P-BERRY,2026-03-08T18:49:00Z,2026-03-08T18:51:00Z,2,4.15,2.40,0.00,completed
E000061,O-NYC-02-20260308-produce-014,NYC-02,P-APPLE,2026-03-08T19:02:00Z,2026-03-08T19:04:00Z,1,3.80,1.10,0.00,completed
E000062,O-NYC-02-20260308-produce-015,NYC-02,P-BERRY,2026-03-08T19:15:00Z,2026-03-08T19:17:00Z,1,4.15,2.40,0.00,completed
E000063,O-NYC-02-20260308-produce-016,NYC-02,P-APPLE,2026-03-08T19:28:00Z,2026-03-08T19:30:00Z,2,3.80,1.10,0.00,completed
E000064,O-NYC-02-20260308-produce-017,NYC-02,P-BERRY,2026-03-08T19:41:00Z,2026-03-08T19:43:00Z,1,4.15,2.40,0.00,completed
E000065,O-NYC-02-20260308-produce-018,NYC-02,P-APPLE,2026-03-08T19:54:00Z,2026-03-08T19:56:00Z,1,3.80,1.10,0.00,completed
E000066,O-NYC-02-20260308-produce-019,NYC-02,P-BERRY,2026-03-08T20:07:00Z,2026-03-08T20:09:00Z,2,4.15,2.40,0.00,completed
E000067,O-NYC-02-20260308-produce-020,NYC-02,P-APPLE,2026-03-08T20:20:00Z,2026-03-08T20:22:00Z,1,3.80,1.10,0.00,completed
E000068,O-NYC-02-20260308-produce-021,NYC-02,P-BERRY,2026-03-08T20:33:00Z,2026-03-08T20:35:00Z,1,4.15,2.40,0.00,completed
E000069,O-NYC-02-20260308-produce-022,NYC-02,P-APPLE,2026-03-08T20:46:00Z,2026-03-08T20:48:00Z,2,3.80,1.10,0.00,completed
E000070,O-NYC-02-20260308-dairy-000,NYC-02,P-MILK,2026-03-08T16:00:00Z,2026-03-08T16:02:00Z,1,4.40,1.80,0.00,completed
E000071,O-NYC-02-20260308-dairy-001,NYC-02,P-YOGURT,2026-03-08T16:13:00Z,2026-03-08T16:15:00Z,2,4.40,0.95,0.00,completed
E000072,O-NYC-02-20260308-dairy-002,NYC-02,P-MILK,2026-03-08T16:26:00Z,2026-03-08T16:28:00Z,1,4.40,1.80,0.00,completed
E000073,O-NYC-02-20260308-dairy-003,NYC-02,P-YOGURT,2026-03-08T16:39:00Z,2026-03-08T16:41:00Z,1,4.40,0.95,0.00,completed
E000074,O-NYC-02-20260308-dairy-004,NYC-02,P-MILK,2026-03-08T16:52:00Z,2026-03-08T16:54:00Z,2,4.40,1.80,0.00,completed
E000075,O-NYC-02-20260308-dairy-005,NYC-02,P-YOGURT,2026-03-08T17:05:00Z,2026-03-08T17:07:00Z,1,4.40,0.95,0.00,completed
E000076,O-NYC-02-20260308-dairy-006,NYC-02,P-MILK,2026-03-08T17:18:00Z,2026-03-08T17:20:00Z,1,4.40,1.80,0.00,completed
E000077,O-NYC-02-20260308-dairy-007,NYC-02,P-YOGURT,2026-03-08T17:31:00Z,2026-03-08T17:33:00Z,2,4.40,0.95,0.00,completed
E000078,O-NYC-02-20260308-dairy-008,NYC-02,P-MILK,2026-03-08T17:44:00Z,2026-03-08T17:46:00Z,1,4.40,1.80,0.00,completed
E000079,O-NYC-02-20260308-dairy-009,NYC-02,P-YOGURT,2026-03-08T17:57:00Z,2026-03-08T17:59:00Z,1,4.40,0.95,0.00,completed
E000080,O-NYC-02-20260308-dairy-010,NYC-02,P-MILK,2026-03-08T18:10:00Z,2026-03-08T18:12:00Z,2,4.40,1.80,0.00,completed
E000081,O-NYC-02-20260308-dairy-011,NYC-02,P-YOGURT,2026-03-08T18:23:00Z,2026-03-08T18:25:00Z,1,4.40,0.95,0.00,completed
E000082,O-NYC-02-20260308-dairy-012,NYC-02,P-MILK,2026-03-08T18:36:00Z,2026-03-08T18:38:00Z,1,4.40,1.80,0.00,completed
E000083,O-NYC-02-20260308-dairy-013,NYC-02,P-YOGURT,2026-03-08T18:49:00Z,2026-03-08T18:51:00Z,2,4.40,0.95,0.00,completed
E000084,O-NYC-02-20260308-dairy-014,NYC-02,P-MILK,2026-03-08T19:02:00Z,2026-03-08T19:04:00Z,1,4.40,1.80,0.00,completed
E000085,O-NYC-02-20260308-dairy-015,NYC-02,P-YOGURT,2026-03-08T19:15:00Z,2026-03-08T19:17:00Z,1,4.40,0.95,0.00,completed
E000086,O-NYC-02-20260308-dairy-016,NYC-02,P-MILK,2026-03-08T19:28:00Z,2026-03-08T19:30:00Z,2,4.40,1.80,0.00,completed
E000087,O-NYC-02-20260308-dairy-017,NYC-02,P-YOGURT,2026-03-08T19:41:00Z,2026-03-08T19:43:00Z,1,4.40,0.95,0.00,completed
E000088,O-NYC-02-20260308-dairy-018,NYC-02,P-MILK,2026-03-08T19:54:00Z,2026-03-08T19:56:00Z,1,4.40,1.80,0.00,completed
E000089,O-NYC-02-20260308-pantry-000,NYC-02,P-PASTA,2026-03-08T16:00:00Z,2026-03-08T16:02:00Z,1,3.60,1.25,0.00,completed
E000090,O-NYC-02-20260308-pantry-001,NYC-02,P-SAUCE,2026-03-08T16:13:00Z,2026-03-08T16:15:00Z,2,3.60,1.45,0.00,completed
E000091,O-NYC-02-20260308-pantry-002,NYC-02,P-PASTA,2026-03-08T16:26:00Z,2026-03-08T16:28:00Z,1,3.60,1.25,0.00,completed
E000092,O-NYC-02-20260308-pantry-003,NYC-02,P-SAUCE,2026-03-08T16:39:00Z,2026-03-08T16:41:00Z,1,3.60,1.45,0.00,completed
E000093,O-NYC-02-20260308-pantry-004,NYC-02,P-PASTA,2026-03-08T16:52:00Z,2026-03-08T16:54:00Z,2,3.60,1.25,0.00,completed
E000094,O-NYC-02-20260308-pantry-005,NYC-02,P-SAUCE,2026-03-08T17:05:00Z,2026-03-08T17:07:00Z,1,3.60,1.45,0.00,completed
E000095,O-NYC-02-20260308-pantry-006,NYC-02,P-PASTA,2026-03-08T17:18:00Z,2026-03-08T17:20:00Z,1,3.60,1.25,0.00,completed
E000096,O-NYC-02-20260308-pantry-007,NYC-02,P-SAUCE,2026-03-08T17:31:00Z,2026-03-08T17:33:00Z,2,3.60,1.45,0.00,completed
E000097,O-NYC-02-20260308-pantry-008,NYC-02,P-PASTA,2026-03-08T17:44:00Z,2026-03-08T17:46:00Z,1,3.60,1.25,0.00,completed
E000098,O-NYC-02-20260308-pantry-009,NYC-02,P-SAUCE,2026-03-08T17:57:00Z,2026-03-08T17:59:00Z,1,3.60,1.45,0.00,completed
E000099,O-NYC-02-20260308-pantry-010,NYC-02,P-PASTA,2026-03-08T18:10:00Z,2026-03-08T18:12:00Z,2,3.60,1.25,0.00,completed
E000100,O-NYC-02-20260308-pantry-011,NYC-02,P-SAUCE,2026-03-08T18:23:00Z,2026-03-08T18:25:00Z,1,3.60,1.45,0.00,completed
E000101,O-NYC-02-20260308-pantry-012,NYC-02,P-PASTA,2026-03-08T18:36:00Z,2026-03-08T18:38:00Z,1,3.60,1.25,0.00,completed
E000102,O-NYC-02-20260308-pantry-013,NYC-02,P-SAUCE,2026-03-08T18:49:00Z,2026-03-08T18:51:00Z,2,3.60,1.45,0.00,completed
E000103,O-NYC-02-20260308-pantry-014,NYC-02,P-PASTA,2026-03-08T19:02:00Z,2026-03-08T19:04:00Z,1,3.60,1.25,0.00,completed
E000104,O-CHI-03-20260308-produce-000,CHI-03,P-APPLE,2026-03-08T17:00:00Z,2026-03-08T17:02:00Z,1,3.80,1.10,0.00,completed
E000105,O-CHI-03-20260308-produce-001,CHI-03,P-BERRY,2026-03-08T17:13:00Z,2026-03-08T17:15:00Z,2,4.15,2.40,0.00,completed
E000106,O-CHI-03-20260308-produce-002,CHI-03,P-APPLE,2026-03-08T17:26:00Z,2026-03-08T17:28:00Z,1,3.80,1.10,0.00,completed
E000107,O-CHI-03-20260308-produce-003,CHI-03,P-BERRY,2026-03-08T17:39:00Z,2026-03-08T17:41:00Z,1,4.15,2.40,0.00,completed
E000108,O-CHI-03-20260308-produce-004,CHI-03,P-APPLE,2026-03-08T17:52:00Z,2026-03-08T17:54:00Z,2,3.80,1.10,0.00,completed
E000109,O-CHI-03-20260308-produce-005,CHI-03,P-BERRY,2026-03-08T18:05:00Z,2026-03-08T18:07:00Z,1,4.15,2.40,0.00,completed
E000110,O-CHI-03-20260308-produce-006,CHI-03,P-APPLE,2026-03-08T18:18:00Z,2026-03-08T18:20:00Z,1,3.80,1.10,0.00,completed
E000111,O-CHI-03-20260308-produce-007,CHI-03,P-BERRY,2026-03-08T18:31:00Z,2026-03-08T18:33:00Z,2,4.15,2.40,0.00,completed
E000112,O-CHI-03-20260308-produce-008,CHI-03,P-APPLE,2026-03-08T18:44:00Z,2026-03-08T18:46:00Z,1,3.80,1.10,0.00,completed
E000113,O-CHI-03-20260308-produce-009,CHI-03,P-BERRY,2026-03-08T18:57:00Z,2026-03-08T18:59:00Z,1,4.15,2.40,0.00,completed
E000114,O-CHI-03-20260308-produce-010,CHI-03,P-APPLE,2026-03-08T19:10:00Z,2026-03-08T19:12:00Z,2,3.80,1.10,0.00,completed
E000115,O-CHI-03-20260308-produce-011,CHI-03,P-BERRY,2026-03-08T19:23:00Z,2026-03-08T19:25:00Z,1,4.15,2.40,0.00,completed
E000116,O-CHI-03-20260308-produce-012,CHI-03,P-APPLE,2026-03-08T19:36:00Z,2026-03-08T19:38:00Z,1,3.80,1.10,0.00,completed
E000117,O-CHI-03-20260308-dairy-000,CHI-03,P-MILK,2026-03-08T17:00:00Z,2026-03-08T17:02:00Z,1,4.40,1.80,0.00,completed
E000118,O-CHI-03-20260308-dairy-001,CHI-03,P-YOGURT,2026-03-08T17:13:00Z,2026-03-08T17:15:00Z,2,4.40,0.95,0.00,completed
E000119,O-CHI-03-20260308-dairy-002,CHI-03,P-MILK,2026-03-08T17:26:00Z,2026-03-08T17:28:00Z,1,4.40,1.80,0.00,completed
E000120,O-CHI-03-20260308-dairy-003,CHI-03,P-YOGURT,2026-03-08T17:39:00Z,2026-03-08T17:41:00Z,1,4.40,0.95,0.00,completed
E000121,O-CHI-03-20260308-dairy-004,CHI-03,P-MILK,2026-03-08T17:52:00Z,2026-03-08T17:54:00Z,2,4.40,1.80,0.00,completed
E000122,O-CHI-03-20260308-dairy-005,CHI-03,P-YOGURT,2026-03-08T18:05:00Z,2026-03-08T18:07:00Z,1,4.40,0.95,0.00,completed
E000123,O-CHI-03-20260308-dairy-006,CHI-03,P-MILK,2026-03-08T18:18:00Z,2026-03-08T18:20:00Z,1,4.40,1.80,0.00,completed
E000124,O-CHI-03-20260308-dairy-007,CHI-03,P-YOGURT,2026-03-08T18:31:00Z,2026-03-08T18:33:00Z,2,4.40,0.95,0.00,completed
E000125,O-CHI-03-20260308-dairy-008,CHI-03,P-MILK,2026-03-08T18:44:00Z,2026-03-08T18:46:00Z,1,4.40,1.80,0.00,completed
E000126,O-CHI-03-20260308-dairy-009,CHI-03,P-YOGURT,2026-03-08T18:57:00Z,2026-03-08T18:59:00Z,1,4.40,0.95,0.00,completed
E000127,O-CHI-03-20260308-dairy-010,CHI-03,P-MILK,2026-03-08T19:10:00Z,2026-03-08T19:12:00Z,2,4.40,1.80,0.00,completed
E000128,O-CHI-03-20260308-pantry-000,CHI-03,P-PASTA,2026-03-08T17:00:00Z,2026-03-08T17:02:00Z,1,3.60,1.25,0.00,completed
E000129,O-CHI-03-20260308-pantry-001,CHI-03,P-SAUCE,2026-03-08T17:13:00Z,2026-03-08T17:15:00Z,2,3.60,1.45,0.00,completed
E000130,O-CHI-03-20260308-pantry-002,CHI-03,P-PASTA,2026-03-08T17:26:00Z,2026-03-08T17:28:00Z,1,3.60,1.25,0.00,completed
E000131,O-CHI-03-20260308-pantry-003,CHI-03,P-SAUCE,2026-03-08T17:39:00Z,2026-03-08T17:41:00Z,1,3.60,1.45,0.00,completed
E000132,O-CHI-03-20260308-pantry-004,CHI-03,P-PASTA,2026-03-08T17:52:00Z,2026-03-08T17:54:00Z,2,3.60,1.25,0.00,completed
E000133,O-CHI-03-20260308-pantry-005,CHI-03,P-SAUCE,2026-03-08T18:05:00Z,2026-03-08T18:07:00Z,1,3.60,1.45,0.00,completed
E000134,O-CHI-03-20260308-pantry-006,CHI-03,P-PASTA,2026-03-08T18:18:00Z,2026-03-08T18:20:00Z,1,3.60,1.25,0.00,completed
E000135,O-CHI-03-20260308-pantry-007,CHI-03,P-SAUCE,2026-03-08T18:31:00Z,2026-03-08T18:33:00Z,2,3.60,1.45,0.00,completed
E000136,O-CHI-03-20260308-pantry-008,CHI-03,P-PASTA,2026-03-08T18:44:00Z,2026-03-08T18:46:00Z,1,3.60,1.25,0.00,completed
E000137,O-PHX-04-20260308-produce-000,PHX-04,P-APPLE,2026-03-08T19:00:00Z,2026-03-08T19:02:00Z,1,3.80,1.10,0.00,completed
E000138,O-PHX-04-20260308-produce-001,PHX-04,P-BERRY,2026-03-08T19:13:00Z,2026-03-08T19:15:00Z,2,4.15,2.40,0.00,completed
E000139,O-PHX-04-20260308-produce-002,PHX-04,P-APPLE,2026-03-08T19:26:00Z,2026-03-08T19:28:00Z,1,3.80,1.10,0.00,completed
E000140,O-PHX-04-20260308-produce-003,PHX-04,P-BERRY,2026-03-08T19:39:00Z,2026-03-08T19:41:00Z,1,4.15,2.40,0.00,completed
E000141,O-PHX-04-20260308-produce-004,PHX-04,P-APPLE,2026-03-08T19:52:00Z,2026-03-08T19:54:00Z,2,3.80,1.10,0.00,completed
E000142,O-PHX-04-20260308-produce-005,PHX-04,P-BERRY,2026-03-08T20:05:00Z,2026-03-08T20:07:00Z,1,4.15,2.40,0.00,completed
E000143,O-PHX-04-20260308-produce-006,PHX-04,P-APPLE,2026-03-08T20:18:00Z,2026-03-08T20:20:00Z,1,3.80,1.10,0.00,completed
E000144,O-PHX-04-20260308-produce-007,PHX-04,P-BERRY,2026-03-08T20:31:00Z,2026-03-08T20:33:00Z,2,4.15,2.40,0.00,completed
E000145,O-PHX-04-20260308-produce-008,PHX-04,P-APPLE,2026-03-08T20:44:00Z,2026-03-08T20:46:00Z,1,3.80,1.10,0.00,completed
E000146,O-PHX-04-20260308-produce-009,PHX-04,P-BERRY,2026-03-08T20:57:00Z,2026-03-08T20:59:00Z,1,4.15,2.40,0.00,completed
E000147,O-PHX-04-20260308-produce-010,PHX-04,P-APPLE,2026-03-08T21:10:00Z,2026-03-08T21:12:00Z,2,3.80,1.10,0.00,completed
E000148,O-PHX-04-20260308-dairy-000,PHX-04,P-MILK,2026-03-08T19:00:00Z,2026-03-08T19:02:00Z,1,4.40,1.80,0.00,completed
E000149,O-PHX-04-20260308-dairy-001,PHX-04,P-YOGURT,2026-03-08T19:13:00Z,2026-03-08T19:15:00Z,2,4.40,0.95,0.00,completed
E000150,O-PHX-04-20260308-dairy-002,PHX-04,P-MILK,2026-03-08T19:26:00Z,2026-03-08T19:28:00Z,1,4.40,1.80,0.00,completed
E000151,O-PHX-04-20260308-dairy-003,PHX-04,P-YOGURT,2026-03-08T19:39:00Z,2026-03-08T19:41:00Z,1,4.40,0.95,0.00,completed
E000152,O-PHX-04-20260308-dairy-004,PHX-04,P-MILK,2026-03-08T19:52:00Z,2026-03-08T19:54:00Z,2,4.40,1.80,0.00,completed
E000153,O-PHX-04-20260308-dairy-005,PHX-04,P-YOGURT,2026-03-08T20:05:00Z,2026-03-08T20:07:00Z,1,4.40,0.95,0.00,completed
E000154,O-PHX-04-20260308-dairy-006,PHX-04,P-MILK,2026-03-08T20:18:00Z,2026-03-08T20:20:00Z,1,4.40,1.80,0.00,completed
E000155,O-PHX-04-20260308-dairy-007,PHX-04,P-YOGURT,2026-03-08T20:31:00Z,2026-03-08T20:33:00Z,2,4.40,0.95,0.00,completed
E000156,O-PHX-04-20260308-dairy-008,PHX-04,P-MILK,2026-03-08T20:44:00Z,2026-03-08T20:46:00Z,1,4.40,1.80,0.00,completed
E000157,O-PHX-04-20260308-pantry-000,PHX-04,P-PASTA,2026-03-08T19:00:00Z,2026-03-08T19:02:00Z,1,3.60,1.25,0.00,completed
E000158,O-PHX-04-20260308-pantry-001,PHX-04,P-SAUCE,2026-03-08T19:13:00Z,2026-03-08T19:15:00Z,2,3.60,1.45,0.00,completed
E000159,O-PHX-04-20260308-pantry-002,PHX-04,P-PASTA,2026-03-08T19:26:00Z,2026-03-08T19:28:00Z,1,3.60,1.25,0.00,completed
E000160,O-PHX-04-20260308-pantry-003,PHX-04,P-SAUCE,2026-03-08T19:39:00Z,2026-03-08T19:41:00Z,1,3.60,1.45,0.00,completed
E000161,O-PHX-04-20260308-pantry-004,PHX-04,P-PASTA,2026-03-08T19:52:00Z,2026-03-08T19:54:00Z,2,3.60,1.25,0.00,completed
E000162,O-PHX-04-20260308-pantry-005,PHX-04,P-SAUCE,2026-03-08T20:05:00Z,2026-03-08T20:07:00Z,1,3.60,1.45,0.00,completed
E000163,O-PHX-04-20260308-pantry-006,PHX-04,P-PASTA,2026-03-08T20:18:00Z,2026-03-08T20:20:00Z,1,3.60,1.25,0.00,completed
E000164,O-PHX-04-20260308-pantry-007,PHX-04,P-SAUCE,2026-03-08T20:31:00Z,2026-03-08T20:33:00Z,2,3.60,1.45,0.00,completed
E000165,O-SFO-01-20260309-produce-000,SFO-01,P-BERRY,2026-03-09T19:00:00Z,2026-03-09T19:02:00Z,2,4.15,2.40,0.00,completed
E000166,O-SFO-01-20260309-produce-001,SFO-01,P-APPLE,2026-03-09T19:13:00Z,2026-03-09T19:15:00Z,1,3.80,1.10,0.00,completed
E000167,O-SFO-01-20260309-produce-002,SFO-01,P-BERRY,2026-03-09T19:26:00Z,2026-03-09T19:28:00Z,1,4.15,2.40,0.00,completed
E000168,O-SFO-01-20260309-produce-003,SFO-01,P-APPLE,2026-03-09T19:39:00Z,2026-03-09T19:41:00Z,2,3.80,1.10,0.00,completed
E000169,O-SFO-01-20260309-produce-004,SFO-01,P-BERRY,2026-03-09T19:52:00Z,2026-03-09T19:54:00Z,1,4.15,2.40,0.00,completed
E000170,O-SFO-01-20260309-produce-005,SFO-01,P-APPLE,2026-03-09T20:05:00Z,2026-03-09T20:07:00Z,1,3.80,1.10,0.00,completed
E000171,O-SFO-01-20260309-produce-006,SFO-01,P-BERRY,2026-03-09T20:18:00Z,2026-03-09T20:20:00Z,2,4.15,2.40,0.00,completed
E000172,O-SFO-01-20260309-produce-007,SFO-01,P-APPLE,2026-03-09T20:31:00Z,2026-03-09T20:33:00Z,1,3.80,1.10,0.00,completed
E000173,O-SFO-01-20260309-produce-008,SFO-01,P-BERRY,2026-03-09T20:44:00Z,2026-03-09T20:46:00Z,1,4.15,2.40,0.00,completed
E000174,O-SFO-01-20260309-produce-009,SFO-01,P-APPLE,2026-03-09T20:57:00Z,2026-03-09T20:59:00Z,2,3.80,1.10,0.00,completed
E000175,O-SFO-01-20260309-produce-010,SFO-01,P-BERRY,2026-03-09T21:10:00Z,2026-03-09T21:12:00Z,1,4.15,2.40,0.00,completed
E000176,O-SFO-01-20260309-produce-011,SFO-01,P-APPLE,2026-03-09T21:23:00Z,2026-03-09T21:25:00Z,1,3.80,1.10,0.00,completed
E000177,O-SFO-01-20260309-produce-012,SFO-01,P-BERRY,2026-03-09T21:36:00Z,2026-03-09T21:38:00Z,2,4.15,2.40,0.00,completed
E000178,O-SFO-01-20260309-produce-013,SFO-01,P-APPLE,2026-03-09T21:49:00Z,2026-03-09T21:51:00Z,1,3.80,1.10,0.00,completed
E000179,O-SFO-01-20260309-produce-014,SFO-01,P-BERRY,2026-03-09T22:02:00Z,2026-03-09T22:04:00Z,1,4.15,2.40,0.00,completed
E000180,O-SFO-01-20260309-dairy-000,SFO-01,P-YOGURT,2026-03-09T19:00:00Z,2026-03-09T19:02:00Z,2,4.40,0.95,0.00,completed
E000181,O-SFO-01-20260309-dairy-001,SFO-01,P-MILK,2026-03-09T19:13:00Z,2026-03-09T19:15:00Z,1,4.40,1.80,0.00,completed
E000182,O-SFO-01-20260309-dairy-002,SFO-01,P-YOGURT,2026-03-09T19:26:00Z,2026-03-09T19:28:00Z,1,4.40,0.95,0.00,completed
E000183,O-SFO-01-20260309-dairy-003,SFO-01,P-MILK,2026-03-09T19:39:00Z,2026-03-09T19:41:00Z,2,4.40,1.80,0.00,completed
E000184,O-SFO-01-20260309-dairy-004,SFO-01,P-YOGURT,2026-03-09T19:52:00Z,2026-03-09T19:54:00Z,1,4.40,0.95,0.00,completed
E000185,O-SFO-01-20260309-dairy-005,SFO-01,P-MILK,2026-03-09T20:05:00Z,2026-03-09T20:07:00Z,1,4.40,1.80,0.00,completed
E000186,O-SFO-01-20260309-dairy-006,SFO-01,P-YOGURT,2026-03-09T20:18:00Z,2026-03-09T20:20:00Z,2,4.40,0.95,0.00,completed
E000187,O-SFO-01-20260309-dairy-007,SFO-01,P-MILK,2026-03-09T20:31:00Z,2026-03-09T20:33:00Z,1,4.40,1.80,0.00,completed
E000188,O-SFO-01-20260309-dairy-008,SFO-01,P-YOGURT,2026-03-09T20:44:00Z,2026-03-09T20:46:00Z,1,4.40,0.95,0.00,completed
E000189,O-SFO-01-20260309-dairy-009,SFO-01,P-MILK,2026-03-09T20:57:00Z,2026-03-09T20:59:00Z,2,4.40,1.80,0.00,completed
E000190,O-SFO-01-20260309-dairy-010,SFO-01,P-YOGURT,2026-03-09T21:10:00Z,2026-03-09T21:12:00Z,1,4.40,0.95,0.00,completed
E000191,O-SFO-01-20260309-dairy-011,SFO-01,P-MILK,2026-03-09T21:23:00Z,2026-03-09T21:25:00Z,1,4.40,1.80,0.00,completed
E000192,O-SFO-01-20260309-dairy-012,SFO-01,P-YOGURT,2026-03-09T21:36:00Z,2026-03-09T21:38:00Z,2,4.40,0.95,0.00,completed
E000193,O-SFO-01-20260309-pantry-000,SFO-01,P-SAUCE,2026-03-09T19:00:00Z,2026-03-09T19:02:00Z,2,3.60,1.45,0.00,completed
E000194,O-SFO-01-20260309-pantry-001,SFO-01,P-PASTA,2026-03-09T19:13:00Z,2026-03-09T19:15:00Z,1,3.60,1.25,0.00,completed
E000195,O-SFO-01-20260309-pantry-002,SFO-01,P-SAUCE,2026-03-09T19:26:00Z,2026-03-09T19:28:00Z,1,3.60,1.45,0.00,completed
E000196,O-SFO-01-20260309-pantry-003,SFO-01,P-PASTA,2026-03-09T19:39:00Z,2026-03-09T19:41:00Z,2,3.60,1.25,0.00,completed
E000197,O-SFO-01-20260309-pantry-004,SFO-01,P-SAUCE,2026-03-09T19:52:00Z,2026-03-09T19:54:00Z,1,3.60,1.45,0.00,completed
E000198,O-SFO-01-20260309-pantry-005,SFO-01,P-PASTA,2026-03-09T20:05:00Z,2026-03-09T20:07:00Z,1,3.60,1.25,0.00,completed
E000199,O-SFO-01-20260309-pantry-006,SFO-01,P-SAUCE,2026-03-09T20:18:00Z,2026-03-09T20:20:00Z,2,3.60,1.45,0.00,completed
E000200,O-SFO-01-20260309-pantry-007,SFO-01,P-PASTA,2026-03-09T20:31:00Z,2026-03-09T20:33:00Z,1,3.60,1.25,0.00,completed
E000201,O-SFO-01-20260309-pantry-008,SFO-01,P-SAUCE,2026-03-09T20:44:00Z,2026-03-09T20:46:00Z,1,3.60,1.45,0.00,completed
E000202,O-SFO-01-20260309-pantry-009,SFO-01,P-PASTA,2026-03-09T20:57:00Z,2026-03-09T20:59:00Z,2,3.60,1.25,0.00,completed
E000203,O-NYC-02-20260309-produce-000,NYC-02,P-BERRY,2026-03-09T16:00:00Z,2026-03-09T16:02:00Z,2,4.15,2.40,0.00,completed
E000204,O-NYC-02-20260309-produce-001,NYC-02,P-APPLE,2026-03-09T16:13:00Z,2026-03-09T16:15:00Z,1,3.80,1.10,0.00,completed
E000205,O-NYC-02-20260309-produce-002,NYC-02,P-BERRY,2026-03-09T16:26:00Z,2026-03-09T16:28:00Z,1,4.15,2.40,0.00,completed
E000206,O-NYC-02-20260309-produce-003,NYC-02,P-APPLE,2026-03-09T16:39:00Z,2026-03-09T16:41:00Z,2,3.80,1.10,0.00,completed
E000207,O-NYC-02-20260309-produce-004,NYC-02,P-BERRY,2026-03-09T16:52:00Z,2026-03-09T16:54:00Z,1,4.15,2.40,0.00,completed
E000208,O-NYC-02-20260309-produce-005,NYC-02,P-APPLE,2026-03-09T17:05:00Z,2026-03-09T17:07:00Z,1,3.80,1.10,0.00,completed
E000209,O-NYC-02-20260309-produce-006,NYC-02,P-BERRY,2026-03-09T17:18:00Z,2026-03-09T17:20:00Z,2,4.15,2.40,0.00,completed
E000210,O-NYC-02-20260309-produce-007,NYC-02,P-APPLE,2026-03-09T17:31:00Z,2026-03-09T17:33:00Z,1,3.80,1.10,0.00,completed
E000211,O-NYC-02-20260309-produce-008,NYC-02,P-BERRY,2026-03-09T17:44:00Z,2026-03-09T17:46:00Z,1,4.15,2.40,0.00,completed
E000212,O-NYC-02-20260309-produce-009,NYC-02,P-APPLE,2026-03-09T17:57:00Z,2026-03-09T17:59:00Z,2,3.80,1.10,0.00,completed
E000213,O-NYC-02-20260309-produce-010,NYC-02,P-BERRY,2026-03-09T18:10:00Z,2026-03-09T18:12:00Z,1,4.15,2.40,0.00,completed
E000214,O-NYC-02-20260309-produce-011,NYC-02,P-APPLE,2026-03-09T18:23:00Z,2026-03-09T18:25:00Z,1,3.80,1.10,0.00,completed
E000215,O-NYC-02-20260309-produce-012,NYC-02,P-BERRY,2026-03-09T18:36:00Z,2026-03-09T18:38:00Z,2,4.15,2.40,0.00,completed
E000216,O-NYC-02-20260309-produce-013,NYC-02,P-APPLE,2026-03-09T18:49:00Z,2026-03-09T18:51:00Z,1,3.80,1.10,0.00,completed
E000217,O-NYC-02-20260309-produce-014,NYC-02,P-BERRY,2026-03-09T19:02:00Z,2026-03-09T19:04:00Z,1,4.15,2.40,0.00,completed
E000218,O-NYC-02-20260309-produce-015,NYC-02,P-APPLE,2026-03-09T19:15:00Z,2026-03-09T19:17:00Z,2,3.80,1.10,0.00,completed
E000219,O-NYC-02-20260309-produce-016,NYC-02,P-BERRY,2026-03-09T19:28:00Z,2026-03-09T19:30:00Z,1,4.15,2.40,0.00,completed
E000220,O-NYC-02-20260309-produce-017,NYC-02,P-APPLE,2026-03-09T19:41:00Z,2026-03-09T19:43:00Z,1,3.80,1.10,0.00,completed
E000221,O-NYC-02-20260309-produce-018,NYC-02,P-BERRY,2026-03-09T19:54:00Z,2026-03-09T19:56:00Z,2,4.15,2.40,0.00,completed
E000222,O-NYC-02-20260309-dairy-000,NYC-02,P-YOGURT,2026-03-09T16:00:00Z,2026-03-09T16:02:00Z,2,4.40,0.95,0.00,completed
E000223,O-NYC-02-20260309-dairy-001,NYC-02,P-MILK,2026-03-09T16:13:00Z,2026-03-09T16:15:00Z,1,4.40,1.80,0.00,completed
E000224,O-NYC-02-20260309-dairy-002,NYC-02,P-YOGURT,2026-03-09T16:26:00Z,2026-03-09T16:28:00Z,1,4.40,0.95,0.00,completed
E000225,O-NYC-02-20260309-dairy-003,NYC-02,P-MILK,2026-03-09T16:39:00Z,2026-03-09T16:41:00Z,2,4.40,1.80,0.00,completed
E000226,O-NYC-02-20260309-dairy-004,NYC-02,P-YOGURT,2026-03-09T16:52:00Z,2026-03-09T16:54:00Z,1,4.40,0.95,0.00,completed
E000227,O-NYC-02-20260309-dairy-005,NYC-02,P-MILK,2026-03-09T17:05:00Z,2026-03-09T17:07:00Z,1,4.40,1.80,0.00,completed
E000228,O-NYC-02-20260309-dairy-006,NYC-02,P-YOGURT,2026-03-09T17:18:00Z,2026-03-09T17:20:00Z,2,4.40,0.95,0.00,completed
E000229,O-NYC-02-20260309-dairy-007,NYC-02,P-MILK,2026-03-09T17:31:00Z,2026-03-09T17:33:00Z,1,4.40,1.80,0.00,completed
E000230,O-NYC-02-20260309-dairy-008,NYC-02,P-YOGURT,2026-03-09T17:44:00Z,2026-03-09T17:46:00Z,1,4.40,0.95,0.00,completed
E000231,O-NYC-02-20260309-dairy-009,NYC-02,P-MILK,2026-03-09T17:57:00Z,2026-03-09T17:59:00Z,2,4.40,1.80,0.00,completed
E000232,O-NYC-02-20260309-dairy-010,NYC-02,P-YOGURT,2026-03-09T18:10:00Z,2026-03-09T18:12:00Z,1,4.40,0.95,0.00,completed
E000233,O-NYC-02-20260309-dairy-011,NYC-02,P-MILK,2026-03-09T18:23:00Z,2026-03-09T18:25:00Z,1,4.40,1.80,0.00,completed
E000234,O-NYC-02-20260309-dairy-012,NYC-02,P-YOGURT,2026-03-09T18:36:00Z,2026-03-09T18:38:00Z,2,4.40,0.95,0.00,completed
E000235,O-NYC-02-20260309-dairy-013,NYC-02,P-MILK,2026-03-09T18:49:00Z,2026-03-09T18:51:00Z,1,4.40,1.80,0.00,completed
E000236,O-NYC-02-20260309-dairy-014,NYC-02,P-YOGURT,2026-03-09T19:02:00Z,2026-03-09T19:04:00Z,1,4.40,0.95,0.00,completed
E000237,O-NYC-02-20260309-pantry-000,NYC-02,P-SAUCE,2026-03-09T16:00:00Z,2026-03-09T16:02:00Z,2,3.60,1.45,0.00,completed
E000238,O-NYC-02-20260309-pantry-001,NYC-02,P-PASTA,2026-03-09T16:13:00Z,2026-03-09T16:15:00Z,1,3.60,1.25,0.00,completed
E000239,O-NYC-02-20260309-pantry-002,NYC-02,P-SAUCE,2026-03-09T16:26:00Z,2026-03-09T16:28:00Z,1,3.60,1.45,0.00,completed
E000240,O-NYC-02-20260309-pantry-003,NYC-02,P-PASTA,2026-03-09T16:39:00Z,2026-03-09T16:41:00Z,2,3.60,1.25,0.00,completed
E000241,O-NYC-02-20260309-pantry-004,NYC-02,P-SAUCE,2026-03-09T16:52:00Z,2026-03-09T16:54:00Z,1,3.60,1.45,0.00,completed
E000242,O-NYC-02-20260309-pantry-005,NYC-02,P-PASTA,2026-03-09T17:05:00Z,2026-03-09T17:07:00Z,1,3.60,1.25,0.00,completed
E000243,O-NYC-02-20260309-pantry-006,NYC-02,P-SAUCE,2026-03-09T17:18:00Z,2026-03-09T17:20:00Z,2,3.60,1.45,0.00,completed
E000244,O-NYC-02-20260309-pantry-007,NYC-02,P-PASTA,2026-03-09T17:31:00Z,2026-03-09T17:33:00Z,1,3.60,1.25,0.00,completed
E000245,O-NYC-02-20260309-pantry-008,NYC-02,P-SAUCE,2026-03-09T17:44:00Z,2026-03-09T17:46:00Z,1,3.60,1.45,0.00,completed
E000246,O-NYC-02-20260309-pantry-009,NYC-02,P-PASTA,2026-03-09T17:57:00Z,2026-03-09T17:59:00Z,2,3.60,1.25,0.00,completed
E000247,O-NYC-02-20260309-pantry-010,NYC-02,P-SAUCE,2026-03-09T18:10:00Z,2026-03-09T18:12:00Z,1,3.60,1.45,0.00,completed
E000248,O-NYC-02-20260309-pantry-011,NYC-02,P-PASTA,2026-03-09T18:23:00Z,2026-03-09T18:25:00Z,1,3.60,1.25,0.00,completed
E000249,O-NYC-02-20260309-pantry-012,NYC-02,P-SAUCE,2026-03-09T18:36:00Z,2026-03-09T18:38:00Z,2,3.60,1.45,0.00,completed
E000250,O-CHI-03-20260309-produce-000,CHI-03,P-BERRY,2026-03-09T17:00:00Z,2026-03-09T17:02:00Z,2,4.15,2.40,0.00,completed
E000251,O-CHI-03-20260309-produce-001,CHI-03,P-APPLE,2026-03-09T17:13:00Z,2026-03-09T17:15:00Z,1,3.80,1.10,0.00,completed
E000252,O-CHI-03-20260309-produce-002,CHI-03,P-BERRY,2026-03-09T17:26:00Z,2026-03-09T17:28:00Z,1,4.15,2.40,0.00,completed
E000253,O-CHI-03-20260309-produce-003,CHI-03,P-APPLE,2026-03-09T17:39:00Z,2026-03-09T17:41:00Z,2,3.80,1.10,0.00,completed
E000254,O-CHI-03-20260309-produce-004,CHI-03,P-BERRY,2026-03-09T17:52:00Z,2026-03-09T17:54:00Z,1,4.15,2.40,0.00,completed
E000255,O-CHI-03-20260309-produce-005,CHI-03,P-APPLE,2026-03-09T18:05:00Z,2026-03-09T18:07:00Z,1,3.80,1.10,0.00,completed
E000256,O-CHI-03-20260309-produce-006,CHI-03,P-BERRY,2026-03-09T18:18:00Z,2026-03-09T18:20:00Z,2,4.15,2.40,0.00,completed
E000257,O-CHI-03-20260309-produce-007,CHI-03,P-APPLE,2026-03-09T18:31:00Z,2026-03-09T18:33:00Z,1,3.80,1.10,0.00,completed
E000258,O-CHI-03-20260309-produce-008,CHI-03,P-BERRY,2026-03-09T18:44:00Z,2026-03-09T18:46:00Z,1,4.15,2.40,0.00,completed
E000259,O-CHI-03-20260309-produce-009,CHI-03,P-APPLE,2026-03-09T18:57:00Z,2026-03-09T18:59:00Z,2,3.80,1.10,0.00,completed
E000260,O-CHI-03-20260309-produce-010,CHI-03,P-BERRY,2026-03-09T19:10:00Z,2026-03-09T19:12:00Z,1,4.15,2.40,0.00,completed
E000261,O-CHI-03-20260309-dairy-000,CHI-03,P-YOGURT,2026-03-09T17:00:00Z,2026-03-09T17:02:00Z,2,4.40,0.95,0.00,completed
E000262,O-CHI-03-20260309-dairy-001,CHI-03,P-MILK,2026-03-09T17:13:00Z,2026-03-09T17:15:00Z,1,4.40,1.80,0.00,completed
E000263,O-CHI-03-20260309-dairy-002,CHI-03,P-YOGURT,2026-03-09T17:26:00Z,2026-03-09T17:28:00Z,1,4.40,0.95,0.00,completed
E000264,O-CHI-03-20260309-dairy-003,CHI-03,P-MILK,2026-03-09T17:39:00Z,2026-03-09T17:41:00Z,2,4.40,1.80,0.00,completed
E000265,O-CHI-03-20260309-dairy-004,CHI-03,P-YOGURT,2026-03-09T17:52:00Z,2026-03-09T17:54:00Z,1,4.40,0.95,0.00,completed
E000266,O-CHI-03-20260309-dairy-005,CHI-03,P-MILK,2026-03-09T18:05:00Z,2026-03-09T18:07:00Z,1,4.40,1.80,0.00,completed
E000267,O-CHI-03-20260309-dairy-006,CHI-03,P-YOGURT,2026-03-09T18:18:00Z,2026-03-09T18:20:00Z,2,4.40,0.95,0.00,completed
E000268,O-CHI-03-20260309-dairy-007,CHI-03,P-MILK,2026-03-09T18:31:00Z,2026-03-09T18:33:00Z,1,4.40,1.80,0.00,completed
E000269,O-CHI-03-20260309-dairy-008,CHI-03,P-YOGURT,2026-03-09T18:44:00Z,2026-03-09T18:46:00Z,1,4.40,0.95,0.00,completed
E000270,O-CHI-03-20260309-pantry-000,CHI-03,P-SAUCE,2026-03-09T17:00:00Z,2026-03-09T17:02:00Z,2,3.60,1.45,0.00,completed
E000271,O-CHI-03-20260309-pantry-001,CHI-03,P-PASTA,2026-03-09T17:13:00Z,2026-03-09T17:15:00Z,1,3.60,1.25,0.00,completed
E000272,O-CHI-03-20260309-pantry-002,CHI-03,P-SAUCE,2026-03-09T17:26:00Z,2026-03-09T17:28:00Z,1,3.60,1.45,0.00,completed
E000273,O-CHI-03-20260309-pantry-003,CHI-03,P-PASTA,2026-03-09T17:39:00Z,2026-03-09T17:41:00Z,2,3.60,1.25,0.00,completed
E000274,O-CHI-03-20260309-pantry-004,CHI-03,P-SAUCE,2026-03-09T17:52:00Z,2026-03-09T17:54:00Z,1,3.60,1.45,0.00,completed
E000275,O-CHI-03-20260309-pantry-005,CHI-03,P-PASTA,2026-03-09T18:05:00Z,2026-03-09T18:07:00Z,1,3.60,1.25,0.00,completed
E000276,O-CHI-03-20260309-pantry-006,CHI-03,P-SAUCE,2026-03-09T18:18:00Z,2026-03-09T18:20:00Z,2,3.60,1.45,0.00,completed
E000277,O-PHX-04-20260309-produce-000,PHX-04,P-BERRY,2026-03-09T19:00:00Z,2026-03-09T19:02:00Z,2,4.15,2.40,0.00,completed
E000278,O-PHX-04-20260309-produce-001,PHX-04,P-APPLE,2026-03-09T19:13:00Z,2026-03-09T19:15:00Z,1,3.80,1.10,0.00,completed
E000279,O-PHX-04-20260309-produce-002,PHX-04,P-BERRY,2026-03-09T19:26:00Z,2026-03-09T19:28:00Z,1,4.15,2.40,0.00,completed
E000280,O-PHX-04-20260309-produce-003,PHX-04,P-APPLE,2026-03-09T19:39:00Z,2026-03-09T19:41:00Z,2,3.80,1.10,0.00,completed
E000281,O-PHX-04-20260309-produce-004,PHX-04,P-BERRY,2026-03-09T19:52:00Z,2026-03-09T19:54:00Z,1,4.15,2.40,0.00,completed
E000282,O-PHX-04-20260309-produce-005,PHX-04,P-APPLE,2026-03-09T20:05:00Z,2026-03-09T20:07:00Z,1,3.80,1.10,0.00,completed
E000283,O-PHX-04-20260309-produce-006,PHX-04,P-BERRY,2026-03-09T20:18:00Z,2026-03-09T20:20:00Z,2,4.15,2.40,0.00,completed
E000284,O-PHX-04-20260309-produce-007,PHX-04,P-APPLE,2026-03-09T20:31:00Z,2026-03-09T20:33:00Z,1,3.80,1.10,0.00,completed
E000285,O-PHX-04-20260309-produce-008,PHX-04,P-BERRY,2026-03-09T20:44:00Z,2026-03-09T20:46:00Z,1,4.15,2.40,0.00,completed
E000286,O-PHX-04-20260309-dairy-000,PHX-04,P-YOGURT,2026-03-09T19:00:00Z,2026-03-09T19:02:00Z,2,4.40,0.95,0.00,completed
E000287,O-PHX-04-20260309-dairy-001,PHX-04,P-MILK,2026-03-09T19:13:00Z,2026-03-09T19:15:00Z,1,4.40,1.80,0.00,completed
E000288,O-PHX-04-20260309-dairy-002,PHX-04,P-YOGURT,2026-03-09T19:26:00Z,2026-03-09T19:28:00Z,1,4.40,0.95,0.00,completed
E000289,O-PHX-04-20260309-dairy-003,PHX-04,P-MILK,2026-03-09T19:39:00Z,2026-03-09T19:41:00Z,2,4.40,1.80,0.00,completed
E000290,O-PHX-04-20260309-dairy-004,PHX-04,P-YOGURT,2026-03-09T19:52:00Z,2026-03-09T19:54:00Z,1,4.40,0.95,0.00,completed
E000291,O-PHX-04-20260309-dairy-005,PHX-04,P-MILK,2026-03-09T20:05:00Z,2026-03-09T20:07:00Z,1,4.40,1.80,0.00,completed
E000292,O-PHX-04-20260309-dairy-006,PHX-04,P-YOGURT,2026-03-09T20:18:00Z,2026-03-09T20:20:00Z,2,4.40,0.95,0.00,completed
E000293,O-PHX-04-20260309-dairy-007,PHX-04,P-MILK,2026-03-09T20:31:00Z,2026-03-09T20:33:00Z,1,4.40,1.80,0.00,completed
E000294,O-PHX-04-20260309-pantry-000,PHX-04,P-SAUCE,2026-03-09T19:00:00Z,2026-03-09T19:02:00Z,2,3.60,1.45,0.00,completed
E000295,O-PHX-04-20260309-pantry-001,PHX-04,P-PASTA,2026-03-09T19:13:00Z,2026-03-09T19:15:00Z,1,3.60,1.25,0.00,completed
E000296,O-PHX-04-20260309-pantry-002,PHX-04,P-SAUCE,2026-03-09T19:26:00Z,2026-03-09T19:28:00Z,1,3.60,1.45,0.00,completed
E000297,O-PHX-04-20260309-pantry-003,PHX-04,P-PASTA,2026-03-09T19:39:00Z,2026-03-09T19:41:00Z,2,3.60,1.25,0.00,completed
E000298,O-PHX-04-20260309-pantry-004,PHX-04,P-SAUCE,2026-03-09T19:52:00Z,2026-03-09T19:54:00Z,1,3.60,1.45,0.00,completed
E000299,O-PHX-04-20260309-pantry-005,PHX-04,P-PASTA,2026-03-09T20:05:00Z,2026-03-09T20:07:00Z,1,3.60,1.25,0.00,completed
E000300,O-SFO-01-20260310-produce-000,SFO-01,P-APPLE,2026-03-10T19:00:00Z,2026-03-10T19:02:00Z,1,3.80,1.10,0.00,completed
E000301,O-SFO-01-20260310-produce-001,SFO-01,P-BERRY,2026-03-10T19:13:00Z,2026-03-10T19:15:00Z,1,4.15,2.40,0.00,completed
E000302,O-SFO-01-20260310-produce-002,SFO-01,P-APPLE,2026-03-10T19:26:00Z,2026-03-10T19:28:00Z,2,3.80,1.10,0.00,completed
E000303,O-SFO-01-20260310-produce-003,SFO-01,P-BERRY,2026-03-10T19:39:00Z,2026-03-10T19:41:00Z,1,4.15,2.40,0.00,completed
E000304,O-SFO-01-20260310-produce-004,SFO-01,P-APPLE,2026-03-10T19:52:00Z,2026-03-10T19:54:00Z,1,3.80,1.10,0.00,completed
E000305,O-SFO-01-20260310-produce-005,SFO-01,P-BERRY,2026-03-10T20:05:00Z,2026-03-10T20:07:00Z,2,4.15,2.40,0.00,completed
E000306,O-SFO-01-20260310-produce-006,SFO-01,P-APPLE,2026-03-10T20:18:00Z,2026-03-10T20:20:00Z,1,3.80,1.10,0.00,completed
E000307,O-SFO-01-20260310-produce-007,SFO-01,P-BERRY,2026-03-10T20:31:00Z,2026-03-10T20:33:00Z,1,4.15,2.40,0.00,completed
E000308,O-SFO-01-20260310-produce-008,SFO-01,P-APPLE,2026-03-10T20:44:00Z,2026-03-10T20:46:00Z,2,3.80,1.10,0.00,completed
E000309,O-SFO-01-20260310-produce-009,SFO-01,P-BERRY,2026-03-10T20:57:00Z,2026-03-10T20:59:00Z,1,4.15,2.40,0.00,completed
E000310,O-SFO-01-20260310-produce-010,SFO-01,P-APPLE,2026-03-10T21:10:00Z,2026-03-10T21:12:00Z,1,3.80,1.10,0.00,completed
E000311,O-SFO-01-20260310-produce-011,SFO-01,P-BERRY,2026-03-10T21:23:00Z,2026-03-10T21:25:00Z,2,4.15,2.40,0.00,completed
E000312,O-SFO-01-20260310-produce-012,SFO-01,P-APPLE,2026-03-10T21:36:00Z,2026-03-10T21:38:00Z,1,3.80,1.10,0.00,completed
E000313,O-SFO-01-20260310-produce-013,SFO-01,P-BERRY,2026-03-10T21:49:00Z,2026-03-10T21:51:00Z,1,4.15,2.40,0.00,completed
E000314,O-SFO-01-20260310-produce-014,SFO-01,P-APPLE,2026-03-10T22:02:00Z,2026-03-10T22:04:00Z,2,3.80,1.10,0.00,completed
E000315,O-SFO-01-20260310-dairy-000,SFO-01,P-MILK,2026-03-10T19:00:00Z,2026-03-10T19:02:00Z,1,4.40,1.80,0.00,completed
E000316,O-SFO-01-20260310-dairy-001,SFO-01,P-YOGURT,2026-03-10T19:13:00Z,2026-03-10T19:15:00Z,1,4.40,0.95,0.00,completed
E000317,O-SFO-01-20260310-dairy-002,SFO-01,P-MILK,2026-03-10T19:26:00Z,2026-03-10T19:28:00Z,2,4.40,1.80,0.00,completed
E000318,O-SFO-01-20260310-dairy-003,SFO-01,P-YOGURT,2026-03-10T19:39:00Z,2026-03-10T19:41:00Z,1,4.40,0.95,0.00,completed
E000319,O-SFO-01-20260310-dairy-004,SFO-01,P-MILK,2026-03-10T19:52:00Z,2026-03-10T19:54:00Z,1,4.40,1.80,0.00,completed
E000320,O-SFO-01-20260310-dairy-005,SFO-01,P-YOGURT,2026-03-10T20:05:00Z,2026-03-10T20:07:00Z,2,4.40,0.95,0.00,completed
E000321,O-SFO-01-20260310-dairy-006,SFO-01,P-MILK,2026-03-10T20:18:00Z,2026-03-10T20:20:00Z,1,4.40,1.80,0.00,completed
E000322,O-SFO-01-20260310-dairy-007,SFO-01,P-YOGURT,2026-03-10T20:31:00Z,2026-03-10T20:33:00Z,1,4.40,0.95,0.00,completed
E000323,O-SFO-01-20260310-dairy-008,SFO-01,P-MILK,2026-03-10T20:44:00Z,2026-03-10T20:46:00Z,2,4.40,1.80,0.00,completed
E000324,O-SFO-01-20260310-dairy-009,SFO-01,P-YOGURT,2026-03-10T20:57:00Z,2026-03-10T20:59:00Z,1,4.40,0.95,0.00,completed
E000325,O-SFO-01-20260310-dairy-010,SFO-01,P-MILK,2026-03-10T21:10:00Z,2026-03-10T21:12:00Z,1,4.40,1.80,0.00,completed
E000326,O-SFO-01-20260310-dairy-011,SFO-01,P-YOGURT,2026-03-10T21:23:00Z,2026-03-10T21:25:00Z,2,4.40,0.95,0.00,completed
E000327,O-SFO-01-20260310-dairy-012,SFO-01,P-MILK,2026-03-10T21:36:00Z,2026-03-10T21:38:00Z,1,4.40,1.80,0.00,completed
E000328,O-SFO-01-20260310-pantry-000,SFO-01,P-PASTA,2026-03-10T19:00:00Z,2026-03-10T19:02:00Z,1,3.60,1.25,0.00,completed
E000329,O-SFO-01-20260310-pantry-001,SFO-01,P-SAUCE,2026-03-10T19:13:00Z,2026-03-10T19:15:00Z,1,3.60,1.45,0.00,completed
E000330,O-SFO-01-20260310-pantry-002,SFO-01,P-PASTA,2026-03-10T19:26:00Z,2026-03-10T19:28:00Z,2,3.60,1.25,0.00,completed
E000331,O-SFO-01-20260310-pantry-003,SFO-01,P-SAUCE,2026-03-10T19:39:00Z,2026-03-10T19:41:00Z,1,3.60,1.45,0.00,completed
E000332,O-SFO-01-20260310-pantry-004,SFO-01,P-PASTA,2026-03-10T19:52:00Z,2026-03-10T19:54:00Z,1,3.60,1.25,0.00,completed
E000333,O-SFO-01-20260310-pantry-005,SFO-01,P-SAUCE,2026-03-10T20:05:00Z,2026-03-10T20:07:00Z,2,3.60,1.45,0.00,completed
E000334,O-SFO-01-20260310-pantry-006,SFO-01,P-PASTA,2026-03-10T20:18:00Z,2026-03-10T20:20:00Z,1,3.60,1.25,0.00,completed
E000335,O-SFO-01-20260310-pantry-007,SFO-01,P-SAUCE,2026-03-10T20:31:00Z,2026-03-10T20:33:00Z,1,3.60,1.45,0.00,completed
E000336,O-SFO-01-20260310-pantry-008,SFO-01,P-PASTA,2026-03-10T20:44:00Z,2026-03-10T20:46:00Z,2,3.60,1.25,0.00,completed
E000337,O-SFO-01-20260310-pantry-009,SFO-01,P-SAUCE,2026-03-10T20:57:00Z,2026-03-10T20:59:00Z,1,3.60,1.45,0.00,completed
E000338,O-NYC-02-20260310-produce-000,NYC-02,P-APPLE,2026-03-10T16:00:00Z,2026-03-10T16:02:00Z,1,3.80,1.10,0.00,completed
E000339,O-NYC-02-20260310-produce-001,NYC-02,P-BERRY,2026-03-10T16:13:00Z,2026-03-10T16:15:00Z,1,4.15,2.40,0.00,completed
E000340,O-NYC-02-20260310-produce-002,NYC-02,P-APPLE,2026-03-10T16:26:00Z,2026-03-10T16:28:00Z,2,3.80,1.10,0.00,completed
E000341,O-NYC-02-20260310-produce-003,NYC-02,P-BERRY,2026-03-10T16:39:00Z,2026-03-10T16:41:00Z,1,4.15,2.40,0.00,completed
E000342,O-NYC-02-20260310-produce-004,NYC-02,P-APPLE,2026-03-10T16:52:00Z,2026-03-10T16:54:00Z,1,3.80,1.10,0.00,completed
E000343,O-NYC-02-20260310-produce-005,NYC-02,P-BERRY,2026-03-10T17:05:00Z,2026-03-10T17:07:00Z,2,4.15,2.40,0.00,completed
E000344,O-NYC-02-20260310-produce-006,NYC-02,P-APPLE,2026-03-10T17:18:00Z,2026-03-10T17:20:00Z,1,3.80,1.10,0.00,completed
E000345,O-NYC-02-20260310-produce-007,NYC-02,P-BERRY,2026-03-10T17:31:00Z,2026-03-10T17:33:00Z,1,4.15,2.40,0.00,completed
E000346,O-NYC-02-20260310-produce-008,NYC-02,P-APPLE,2026-03-10T17:44:00Z,2026-03-10T17:46:00Z,2,3.80,1.10,0.00,completed
E000347,O-NYC-02-20260310-produce-009,NYC-02,P-BERRY,2026-03-10T17:57:00Z,2026-03-10T17:59:00Z,1,4.15,2.40,0.00,completed
E000348,O-NYC-02-20260310-produce-010,NYC-02,P-APPLE,2026-03-10T18:10:00Z,2026-03-10T18:12:00Z,1,3.80,1.10,0.00,completed
E000349,O-NYC-02-20260310-produce-011,NYC-02,P-BERRY,2026-03-10T18:23:00Z,2026-03-10T18:25:00Z,2,4.15,2.40,0.00,completed
E000350,O-NYC-02-20260310-produce-012,NYC-02,P-APPLE,2026-03-10T18:36:00Z,2026-03-10T18:38:00Z,1,3.80,1.10,0.00,completed
E000351,O-NYC-02-20260310-produce-013,NYC-02,P-BERRY,2026-03-10T18:49:00Z,2026-03-10T18:51:00Z,1,4.15,2.40,0.00,completed
E000352,O-NYC-02-20260310-produce-014,NYC-02,P-APPLE,2026-03-10T19:02:00Z,2026-03-10T19:04:00Z,2,3.80,1.10,0.00,completed
E000353,O-NYC-02-20260310-produce-015,NYC-02,P-BERRY,2026-03-10T19:15:00Z,2026-03-10T19:17:00Z,1,4.15,2.40,0.00,completed
E000354,O-NYC-02-20260310-produce-016,NYC-02,P-APPLE,2026-03-10T19:28:00Z,2026-03-10T19:30:00Z,1,3.80,1.10,0.00,completed
E000355,O-NYC-02-20260310-produce-017,NYC-02,P-BERRY,2026-03-10T19:41:00Z,2026-03-10T19:43:00Z,2,4.15,2.40,0.00,completed
E000356,O-NYC-02-20260310-produce-018,NYC-02,P-APPLE,2026-03-10T19:54:00Z,2026-03-10T19:56:00Z,1,3.80,1.10,0.00,completed
E000357,O-NYC-02-20260310-dairy-000,NYC-02,P-MILK,2026-03-10T16:00:00Z,2026-03-10T16:02:00Z,1,4.40,1.80,0.00,completed
E000358,O-NYC-02-20260310-dairy-001,NYC-02,P-YOGURT,2026-03-10T16:13:00Z,2026-03-10T16:15:00Z,1,4.40,0.95,0.00,completed
E000359,O-NYC-02-20260310-dairy-002,NYC-02,P-MILK,2026-03-10T16:26:00Z,2026-03-10T16:28:00Z,2,4.40,1.80,0.00,completed
E000360,O-NYC-02-20260310-dairy-003,NYC-02,P-YOGURT,2026-03-10T16:39:00Z,2026-03-10T16:41:00Z,1,4.40,0.95,0.00,completed
E000361,O-NYC-02-20260310-dairy-004,NYC-02,P-MILK,2026-03-10T16:52:00Z,2026-03-10T16:54:00Z,1,4.40,1.80,0.00,completed
E000362,O-NYC-02-20260310-dairy-005,NYC-02,P-YOGURT,2026-03-10T17:05:00Z,2026-03-10T17:07:00Z,2,4.40,0.95,0.00,completed
E000363,O-NYC-02-20260310-dairy-006,NYC-02,P-MILK,2026-03-10T17:18:00Z,2026-03-10T17:20:00Z,1,4.40,1.80,0.00,completed
E000364,O-NYC-02-20260310-dairy-007,NYC-02,P-YOGURT,2026-03-10T17:31:00Z,2026-03-10T17:33:00Z,1,4.40,0.95,0.00,completed
E000365,O-NYC-02-20260310-dairy-008,NYC-02,P-MILK,2026-03-10T17:44:00Z,2026-03-10T17:46:00Z,2,4.40,1.80,0.00,completed
E000366,O-NYC-02-20260310-dairy-009,NYC-02,P-YOGURT,2026-03-10T17:57:00Z,2026-03-10T17:59:00Z,1,4.40,0.95,0.00,completed
E000367,O-NYC-02-20260310-dairy-010,NYC-02,P-MILK,2026-03-10T18:10:00Z,2026-03-10T18:12:00Z,1,4.40,1.80,0.00,completed
E000368,O-NYC-02-20260310-dairy-011,NYC-02,P-YOGURT,2026-03-10T18:23:00Z,2026-03-10T18:25:00Z,2,4.40,0.95,0.00,completed
E000369,O-NYC-02-20260310-dairy-012,NYC-02,P-MILK,2026-03-10T18:36:00Z,2026-03-10T18:38:00Z,1,4.40,1.80,0.00,completed
E000370,O-NYC-02-20260310-dairy-013,NYC-02,P-YOGURT,2026-03-10T18:49:00Z,2026-03-10T18:51:00Z,1,4.40,0.95,0.00,completed
E000371,O-NYC-02-20260310-dairy-014,NYC-02,P-MILK,2026-03-10T19:02:00Z,2026-03-10T19:04:00Z,2,4.40,1.80,0.00,completed
E000372,O-NYC-02-20260310-dairy-015,NYC-02,P-YOGURT,2026-03-10T19:15:00Z,2026-03-10T19:17:00Z,1,4.40,0.95,0.00,completed
E000373,O-NYC-02-20260310-pantry-000,NYC-02,P-PASTA,2026-03-10T16:00:00Z,2026-03-10T16:02:00Z,1,3.60,1.25,0.00,completed
E000374,O-NYC-02-20260310-pantry-001,NYC-02,P-SAUCE,2026-03-10T16:13:00Z,2026-03-10T16:15:00Z,1,3.60,1.45,0.00,completed
E000375,O-NYC-02-20260310-pantry-002,NYC-02,P-PASTA,2026-03-10T16:26:00Z,2026-03-10T16:28:00Z,2,3.60,1.25,0.00,completed
E000376,O-NYC-02-20260310-pantry-003,NYC-02,P-SAUCE,2026-03-10T16:39:00Z,2026-03-10T16:41:00Z,1,3.60,1.45,0.00,completed
E000377,O-NYC-02-20260310-pantry-004,NYC-02,P-PASTA,2026-03-10T16:52:00Z,2026-03-10T16:54:00Z,1,3.60,1.25,0.00,completed
E000378,O-NYC-02-20260310-pantry-005,NYC-02,P-SAUCE,2026-03-10T17:05:00Z,2026-03-10T17:07:00Z,2,3.60,1.45,0.00,completed
E000379,O-NYC-02-20260310-pantry-006,NYC-02,P-PASTA,2026-03-10T17:18:00Z,2026-03-10T17:20:00Z,1,3.60,1.25,0.00,completed
E000380,O-NYC-02-20260310-pantry-007,NYC-02,P-SAUCE,2026-03-10T17:31:00Z,2026-03-10T17:33:00Z,1,3.60,1.45,0.00,completed
E000381,O-NYC-02-20260310-pantry-008,NYC-02,P-PASTA,2026-03-10T17:44:00Z,2026-03-10T17:46:00Z,2,3.60,1.25,0.00,completed
E000382,O-NYC-02-20260310-pantry-009,NYC-02,P-SAUCE,2026-03-10T17:57:00Z,2026-03-10T17:59:00Z,1,3.60,1.45,0.00,completed
E000383,O-NYC-02-20260310-pantry-010,NYC-02,P-PASTA,2026-03-10T18:10:00Z,2026-03-10T18:12:00Z,1,3.60,1.25,0.00,completed
E000384,O-NYC-02-20260310-pantry-011,NYC-02,P-SAUCE,2026-03-10T18:23:00Z,2026-03-10T18:25:00Z,2,3.60,1.45,0.00,completed
E000385,O-NYC-02-20260310-pantry-012,NYC-02,P-PASTA,2026-03-10T18:36:00Z,2026-03-10T18:38:00Z,1,3.60,1.25,0.00,completed
E000386,O-CHI-03-20260310-produce-000,CHI-03,P-APPLE,2026-03-10T17:00:00Z,2026-03-10T17:02:00Z,1,3.80,1.10,0.00,completed
E000387,O-CHI-03-20260310-produce-001,CHI-03,P-BERRY,2026-03-10T17:13:00Z,2026-03-10T17:15:00Z,1,4.15,2.40,0.00,completed
E000388,O-CHI-03-20260310-produce-002,CHI-03,P-APPLE,2026-03-10T17:26:00Z,2026-03-10T17:28:00Z,2,3.80,1.10,0.00,completed
E000389,O-CHI-03-20260310-produce-003,CHI-03,P-BERRY,2026-03-10T17:39:00Z,2026-03-10T17:41:00Z,1,4.15,2.40,0.00,completed
E000390,O-CHI-03-20260310-produce-004,CHI-03,P-APPLE,2026-03-10T17:52:00Z,2026-03-10T17:54:00Z,1,3.80,1.10,0.00,completed
E000391,O-CHI-03-20260310-produce-005,CHI-03,P-BERRY,2026-03-10T18:05:00Z,2026-03-10T18:07:00Z,2,4.15,2.40,0.00,completed
E000392,O-CHI-03-20260310-produce-006,CHI-03,P-APPLE,2026-03-10T18:18:00Z,2026-03-10T18:20:00Z,1,3.80,1.10,0.00,completed
E000393,O-CHI-03-20260310-produce-007,CHI-03,P-BERRY,2026-03-10T18:31:00Z,2026-03-10T18:33:00Z,1,4.15,2.40,0.00,completed
E000394,O-CHI-03-20260310-produce-008,CHI-03,P-APPLE,2026-03-10T18:44:00Z,2026-03-10T18:46:00Z,2,3.80,1.10,0.00,completed
E000395,O-CHI-03-20260310-produce-009,CHI-03,P-BERRY,2026-03-10T18:57:00Z,2026-03-10T18:59:00Z,1,4.15,2.40,0.00,completed
E000396,O-CHI-03-20260310-produce-010,CHI-03,P-APPLE,2026-03-10T19:10:00Z,2026-03-10T19:12:00Z,1,3.80,1.10,0.00,completed
E000397,O-CHI-03-20260310-dairy-000,CHI-03,P-MILK,2026-03-10T17:00:00Z,2026-03-10T17:02:00Z,1,4.40,1.80,0.00,completed
E000398,O-CHI-03-20260310-dairy-001,CHI-03,P-YOGURT,2026-03-10T17:13:00Z,2026-03-10T17:15:00Z,1,4.40,0.95,0.00,completed
E000399,O-CHI-03-20260310-dairy-002,CHI-03,P-MILK,2026-03-10T17:26:00Z,2026-03-10T17:28:00Z,2,4.40,1.80,0.00,completed
E000400,O-CHI-03-20260310-dairy-003,CHI-03,P-YOGURT,2026-03-10T17:39:00Z,2026-03-10T17:41:00Z,1,4.40,0.95,0.00,completed
E000401,O-CHI-03-20260310-dairy-004,CHI-03,P-MILK,2026-03-10T17:52:00Z,2026-03-10T17:54:00Z,1,4.40,1.80,0.00,completed
E000402,O-CHI-03-20260310-dairy-005,CHI-03,P-YOGURT,2026-03-10T18:05:00Z,2026-03-10T18:07:00Z,2,4.40,0.95,0.00,completed
E000403,O-CHI-03-20260310-dairy-006,CHI-03,P-MILK,2026-03-10T18:18:00Z,2026-03-10T18:20:00Z,1,4.40,1.80,0.00,completed
E000404,O-CHI-03-20260310-dairy-007,CHI-03,P-YOGURT,2026-03-10T18:31:00Z,2026-03-10T18:33:00Z,1,4.40,0.95,0.00,completed
E000405,O-CHI-03-20260310-dairy-008,CHI-03,P-MILK,2026-03-10T18:44:00Z,2026-03-10T18:46:00Z,2,4.40,1.80,0.00,completed
E000406,O-CHI-03-20260310-pantry-000,CHI-03,P-PASTA,2026-03-10T17:00:00Z,2026-03-10T17:02:00Z,1,3.60,1.25,0.00,completed
E000407,O-CHI-03-20260310-pantry-001,CHI-03,P-SAUCE,2026-03-10T17:13:00Z,2026-03-10T17:15:00Z,1,3.60,1.45,0.00,completed
E000408,O-CHI-03-20260310-pantry-002,CHI-03,P-PASTA,2026-03-10T17:26:00Z,2026-03-10T17:28:00Z,2,3.60,1.25,0.00,completed
E000409,O-CHI-03-20260310-pantry-003,CHI-03,P-SAUCE,2026-03-10T17:39:00Z,2026-03-10T17:41:00Z,1,3.60,1.45,0.00,completed
E000410,O-CHI-03-20260310-pantry-004,CHI-03,P-PASTA,2026-03-10T17:52:00Z,2026-03-10T17:54:00Z,1,3.60,1.25,0.00,completed
E000411,O-CHI-03-20260310-pantry-005,CHI-03,P-SAUCE,2026-03-10T18:05:00Z,2026-03-10T18:07:00Z,2,3.60,1.45,0.00,completed
E000412,O-CHI-03-20260310-pantry-006,CHI-03,P-PASTA,2026-03-10T18:18:00Z,2026-03-10T18:20:00Z,1,3.60,1.25,0.00,completed
E000413,O-PHX-04-20260310-produce-000,PHX-04,P-APPLE,2026-03-10T19:00:00Z,2026-03-10T19:02:00Z,1,3.80,1.10,0.00,completed
E000414,O-PHX-04-20260310-produce-001,PHX-04,P-BERRY,2026-03-10T19:13:00Z,2026-03-10T19:15:00Z,1,4.15,2.40,0.00,completed
E000415,O-PHX-04-20260310-produce-002,PHX-04,P-APPLE,2026-03-10T19:26:00Z,2026-03-10T19:28:00Z,2,3.80,1.10,0.00,completed
E000416,O-PHX-04-20260310-produce-003,PHX-04,P-BERRY,2026-03-10T19:39:00Z,2026-03-10T19:41:00Z,1,4.15,2.40,0.00,completed
E000417,O-PHX-04-20260310-produce-004,PHX-04,P-APPLE,2026-03-10T19:52:00Z,2026-03-10T19:54:00Z,1,3.80,1.10,0.00,completed
E000418,O-PHX-04-20260310-produce-005,PHX-04,P-BERRY,2026-03-10T20:05:00Z,2026-03-10T20:07:00Z,2,4.15,2.40,0.00,completed
E000419,O-PHX-04-20260310-produce-006,PHX-04,P-APPLE,2026-03-10T20:18:00Z,2026-03-10T20:20:00Z,1,3.80,1.10,0.00,completed
E000420,O-PHX-04-20260310-produce-007,PHX-04,P-BERRY,2026-03-10T20:31:00Z,2026-03-10T20:33:00Z,1,4.15,2.40,0.00,completed
E000421,O-PHX-04-20260310-produce-008,PHX-04,P-APPLE,2026-03-10T20:44:00Z,2026-03-10T20:46:00Z,2,3.80,1.10,0.00,completed
E000422,O-PHX-04-20260310-dairy-000,PHX-04,P-MILK,2026-03-10T19:00:00Z,2026-03-10T19:02:00Z,1,4.40,1.80,0.00,completed
E000423,O-PHX-04-20260310-dairy-001,PHX-04,P-YOGURT,2026-03-10T19:13:00Z,2026-03-10T19:15:00Z,1,4.40,0.95,0.00,completed
E000424,O-PHX-04-20260310-dairy-002,PHX-04,P-MILK,2026-03-10T19:26:00Z,2026-03-10T19:28:00Z,2,4.40,1.80,0.00,completed
E000425,O-PHX-04-20260310-dairy-003,PHX-04,P-YOGURT,2026-03-10T19:39:00Z,2026-03-10T19:41:00Z,1,4.40,0.95,0.00,completed
E000426,O-PHX-04-20260310-dairy-004,PHX-04,P-MILK,2026-03-10T19:52:00Z,2026-03-10T19:54:00Z,1,4.40,1.80,0.00,completed
E000427,O-PHX-04-20260310-dairy-005,PHX-04,P-YOGURT,2026-03-10T20:05:00Z,2026-03-10T20:07:00Z,2,4.40,0.95,0.00,completed
E000428,O-PHX-04-20260310-dairy-006,PHX-04,P-MILK,2026-03-10T20:18:00Z,2026-03-10T20:20:00Z,1,4.40,1.80,0.00,completed
E000429,O-PHX-04-20260310-dairy-007,PHX-04,P-YOGURT,2026-03-10T20:31:00Z,2026-03-10T20:33:00Z,1,4.40,0.95,0.00,completed
E000430,O-PHX-04-20260310-pantry-000,PHX-04,P-PASTA,2026-03-10T19:00:00Z,2026-03-10T19:02:00Z,1,3.60,1.25,0.00,completed
E000431,O-PHX-04-20260310-pantry-001,PHX-04,P-SAUCE,2026-03-10T19:13:00Z,2026-03-10T19:15:00Z,1,3.60,1.45,0.00,completed
E000432,O-PHX-04-20260310-pantry-002,PHX-04,P-PASTA,2026-03-10T19:26:00Z,2026-03-10T19:28:00Z,2,3.60,1.25,0.00,completed
E000433,O-PHX-04-20260310-pantry-003,PHX-04,P-SAUCE,2026-03-10T19:39:00Z,2026-03-10T19:41:00Z,1,3.60,1.45,0.00,completed
E000434,O-PHX-04-20260310-pantry-004,PHX-04,P-PASTA,2026-03-10T19:52:00Z,2026-03-10T19:54:00Z,1,3.60,1.25,0.00,completed
E000435,O-PHX-04-20260310-pantry-005,PHX-04,P-SAUCE,2026-03-10T20:05:00Z,2026-03-10T20:07:00Z,2,3.60,1.45,0.00,completed
E000436,O-SFO-01-20260311-produce-000,SFO-01,P-BERRY,2026-03-11T19:00:00Z,2026-03-11T19:02:00Z,1,4.15,2.40,0.00,completed
E000437,O-SFO-01-20260311-produce-001,SFO-01,P-APPLE,2026-03-11T19:13:00Z,2026-03-11T19:15:00Z,2,3.80,1.10,0.00,completed
E000438,O-SFO-01-20260311-produce-002,SFO-01,P-BERRY,2026-03-11T19:26:00Z,2026-03-11T19:28:00Z,1,4.15,2.40,0.00,completed
E000439,O-SFO-01-20260311-produce-003,SFO-01,P-APPLE,2026-03-11T19:39:00Z,2026-03-11T19:41:00Z,1,3.80,1.10,0.00,completed
E000440,O-SFO-01-20260311-produce-004,SFO-01,P-BERRY,2026-03-11T19:52:00Z,2026-03-11T19:54:00Z,2,4.15,2.40,0.00,completed
E000441,O-SFO-01-20260311-produce-005,SFO-01,P-APPLE,2026-03-11T20:05:00Z,2026-03-11T20:07:00Z,1,3.80,1.10,0.00,completed
E000442,O-SFO-01-20260311-produce-006,SFO-01,P-BERRY,2026-03-11T20:18:00Z,2026-03-11T20:20:00Z,1,4.15,2.40,0.00,completed
E000443,O-SFO-01-20260311-produce-007,SFO-01,P-APPLE,2026-03-11T20:31:00Z,2026-03-11T20:33:00Z,2,3.80,1.10,0.00,completed
E000444,O-SFO-01-20260311-produce-008,SFO-01,P-BERRY,2026-03-11T20:44:00Z,2026-03-11T20:46:00Z,1,4.15,2.40,0.00,completed
E000445,O-SFO-01-20260311-produce-009,SFO-01,P-APPLE,2026-03-11T20:57:00Z,2026-03-11T20:59:00Z,1,3.80,1.10,0.00,completed
E000446,O-SFO-01-20260311-produce-010,SFO-01,P-BERRY,2026-03-11T21:10:00Z,2026-03-11T21:12:00Z,2,4.15,2.40,0.00,completed
E000447,O-SFO-01-20260311-produce-011,SFO-01,P-APPLE,2026-03-11T21:23:00Z,2026-03-11T21:25:00Z,1,3.80,1.10,0.00,completed
E000448,O-SFO-01-20260311-produce-012,SFO-01,P-BERRY,2026-03-11T21:36:00Z,2026-03-11T21:38:00Z,1,4.15,2.40,0.00,completed
E000449,O-SFO-01-20260311-produce-013,SFO-01,P-APPLE,2026-03-11T21:49:00Z,2026-03-11T21:51:00Z,2,3.80,1.10,0.00,completed
E000450,O-SFO-01-20260311-produce-014,SFO-01,P-BERRY,2026-03-11T22:02:00Z,2026-03-11T22:04:00Z,1,4.15,2.40,0.00,completed
E000451,O-SFO-01-20260311-dairy-000,SFO-01,P-YOGURT,2026-03-11T19:00:00Z,2026-03-11T19:02:00Z,1,4.40,0.95,0.00,completed
E000452,O-SFO-01-20260311-dairy-001,SFO-01,P-MILK,2026-03-11T19:13:00Z,2026-03-11T19:15:00Z,2,4.40,1.80,0.00,completed
E000453,O-SFO-01-20260311-dairy-002,SFO-01,P-YOGURT,2026-03-11T19:26:00Z,2026-03-11T19:28:00Z,1,4.40,0.95,0.00,completed
E000454,O-SFO-01-20260311-dairy-003,SFO-01,P-MILK,2026-03-11T19:39:00Z,2026-03-11T19:41:00Z,1,4.40,1.80,0.00,completed
E000455,O-SFO-01-20260311-dairy-004,SFO-01,P-YOGURT,2026-03-11T19:52:00Z,2026-03-11T19:54:00Z,2,4.40,0.95,0.00,completed
E000456,O-SFO-01-20260311-dairy-005,SFO-01,P-MILK,2026-03-11T20:05:00Z,2026-03-11T20:07:00Z,1,4.40,1.80,0.00,completed
E000457,O-SFO-01-20260311-dairy-006,SFO-01,P-YOGURT,2026-03-11T20:18:00Z,2026-03-11T20:20:00Z,1,4.40,0.95,0.00,completed
E000458,O-SFO-01-20260311-dairy-007,SFO-01,P-MILK,2026-03-11T20:31:00Z,2026-03-11T20:33:00Z,2,4.40,1.80,0.00,completed
E000459,O-SFO-01-20260311-dairy-008,SFO-01,P-YOGURT,2026-03-11T20:44:00Z,2026-03-11T20:46:00Z,1,4.40,0.95,0.00,completed
E000460,O-SFO-01-20260311-dairy-009,SFO-01,P-MILK,2026-03-11T20:57:00Z,2026-03-11T20:59:00Z,1,4.40,1.80,0.00,completed
E000461,O-SFO-01-20260311-dairy-010,SFO-01,P-YOGURT,2026-03-11T21:10:00Z,2026-03-11T21:12:00Z,2,4.40,0.95,0.00,completed
E000462,O-SFO-01-20260311-dairy-011,SFO-01,P-MILK,2026-03-11T21:23:00Z,2026-03-11T21:25:00Z,1,4.40,1.80,0.00,completed
E000463,O-SFO-01-20260311-dairy-012,SFO-01,P-YOGURT,2026-03-11T21:36:00Z,2026-03-11T21:38:00Z,1,4.40,0.95,0.00,completed
E000464,O-SFO-01-20260311-pantry-000,SFO-01,P-SAUCE,2026-03-11T19:00:00Z,2026-03-11T19:02:00Z,1,3.60,1.45,0.00,completed
E000465,O-SFO-01-20260311-pantry-001,SFO-01,P-PASTA,2026-03-11T19:13:00Z,2026-03-11T19:15:00Z,2,3.60,1.25,0.00,completed
E000466,O-SFO-01-20260311-pantry-002,SFO-01,P-SAUCE,2026-03-11T19:26:00Z,2026-03-11T19:28:00Z,1,3.60,1.45,0.00,completed
E000467,O-SFO-01-20260311-pantry-003,SFO-01,P-PASTA,2026-03-11T19:39:00Z,2026-03-11T19:41:00Z,1,3.60,1.25,0.00,completed
E000468,O-SFO-01-20260311-pantry-004,SFO-01,P-SAUCE,2026-03-11T19:52:00Z,2026-03-11T19:54:00Z,2,3.60,1.45,0.00,completed
E000469,O-SFO-01-20260311-pantry-005,SFO-01,P-PASTA,2026-03-11T20:05:00Z,2026-03-11T20:07:00Z,1,3.60,1.25,0.00,completed
E000470,O-SFO-01-20260311-pantry-006,SFO-01,P-SAUCE,2026-03-11T20:18:00Z,2026-03-11T20:20:00Z,1,3.60,1.45,0.00,completed
E000471,O-SFO-01-20260311-pantry-007,SFO-01,P-PASTA,2026-03-11T20:31:00Z,2026-03-11T20:33:00Z,2,3.60,1.25,0.00,completed
E000472,O-SFO-01-20260311-pantry-008,SFO-01,P-SAUCE,2026-03-11T20:44:00Z,2026-03-11T20:46:00Z,1,3.60,1.45,0.00,completed
E000473,O-SFO-01-20260311-pantry-009,SFO-01,P-PASTA,2026-03-11T20:57:00Z,2026-03-11T20:59:00Z,1,3.60,1.25,0.00,completed
E000474,O-NYC-02-20260311-produce-000,NYC-02,P-BERRY,2026-03-11T16:00:00Z,2026-03-11T16:02:00Z,1,4.15,2.40,0.00,completed
E000475,O-NYC-02-20260311-produce-001,NYC-02,P-APPLE,2026-03-11T16:13:00Z,2026-03-11T16:15:00Z,2,3.80,1.10,0.00,completed
E000476,O-NYC-02-20260311-produce-002,NYC-02,P-BERRY,2026-03-11T16:26:00Z,2026-03-11T16:28:00Z,1,4.15,2.40,0.00,completed
E000477,O-NYC-02-20260311-produce-003,NYC-02,P-APPLE,2026-03-11T16:39:00Z,2026-03-11T16:41:00Z,1,3.80,1.10,0.00,completed
E000478,O-NYC-02-20260311-produce-004,NYC-02,P-BERRY,2026-03-11T16:52:00Z,2026-03-11T16:54:00Z,2,4.15,2.40,0.00,completed
E000479,O-NYC-02-20260311-produce-005,NYC-02,P-APPLE,2026-03-11T17:05:00Z,2026-03-11T17:07:00Z,1,3.80,1.10,0.00,completed
E000480,O-NYC-02-20260311-produce-006,NYC-02,P-BERRY,2026-03-11T17:18:00Z,2026-03-11T17:20:00Z,1,4.15,2.40,0.00,completed
E000481,O-NYC-02-20260311-produce-007,NYC-02,P-APPLE,2026-03-11T17:31:00Z,2026-03-11T17:33:00Z,2,3.80,1.10,0.00,completed
E000482,O-NYC-02-20260311-produce-008,NYC-02,P-BERRY,2026-03-11T17:44:00Z,2026-03-11T17:46:00Z,1,4.15,2.40,0.00,completed
E000483,O-NYC-02-20260311-produce-009,NYC-02,P-APPLE,2026-03-11T17:57:00Z,2026-03-11T17:59:00Z,1,3.80,1.10,0.00,completed
E000484,O-NYC-02-20260311-produce-010,NYC-02,P-BERRY,2026-03-11T18:10:00Z,2026-03-11T18:12:00Z,2,4.15,2.40,0.00,completed
E000485,O-NYC-02-20260311-produce-011,NYC-02,P-APPLE,2026-03-11T18:23:00Z,2026-03-11T18:25:00Z,1,3.80,1.10,0.00,completed
E000486,O-NYC-02-20260311-produce-012,NYC-02,P-BERRY,2026-03-11T18:36:00Z,2026-03-11T18:38:00Z,1,4.15,2.40,0.00,completed
E000487,O-NYC-02-20260311-produce-013,NYC-02,P-APPLE,2026-03-11T18:49:00Z,2026-03-11T18:51:00Z,2,3.80,1.10,0.00,completed
E000488,O-NYC-02-20260311-produce-014,NYC-02,P-BERRY,2026-03-11T19:02:00Z,2026-03-11T19:04:00Z,1,4.15,2.40,0.00,completed
E000489,O-NYC-02-20260311-produce-015,NYC-02,P-APPLE,2026-03-11T19:15:00Z,2026-03-11T19:17:00Z,1,3.80,1.10,0.00,completed
E000490,O-NYC-02-20260311-produce-016,NYC-02,P-BERRY,2026-03-11T19:28:00Z,2026-03-11T19:30:00Z,2,4.15,2.40,0.00,completed
E000491,O-NYC-02-20260311-produce-017,NYC-02,P-APPLE,2026-03-11T19:41:00Z,2026-03-11T19:43:00Z,1,3.80,1.10,0.00,completed
E000492,O-NYC-02-20260311-produce-018,NYC-02,P-BERRY,2026-03-11T19:54:00Z,2026-03-11T19:56:00Z,1,4.15,2.40,0.00,completed
E000493,O-NYC-02-20260311-dairy-000,NYC-02,P-YOGURT,2026-03-11T16:00:00Z,2026-03-11T16:02:00Z,1,4.40,0.95,0.00,completed
E000494,O-NYC-02-20260311-dairy-001,NYC-02,P-MILK,2026-03-11T16:13:00Z,2026-03-11T16:15:00Z,2,4.40,1.80,0.00,completed
E000495,O-NYC-02-20260311-dairy-002,NYC-02,P-YOGURT,2026-03-11T16:26:00Z,2026-03-11T16:28:00Z,1,4.40,0.95,0.00,completed
E000496,O-NYC-02-20260311-dairy-003,NYC-02,P-MILK,2026-03-11T16:39:00Z,2026-03-11T16:41:00Z,1,4.40,1.80,0.00,completed
E000497,O-NYC-02-20260311-dairy-004,NYC-02,P-YOGURT,2026-03-11T16:52:00Z,2026-03-11T16:54:00Z,2,4.40,0.95,0.00,completed
E000498,O-NYC-02-20260311-dairy-005,NYC-02,P-MILK,2026-03-11T17:05:00Z,2026-03-11T17:07:00Z,1,4.40,1.80,0.00,completed
E000499,O-NYC-02-20260311-dairy-006,NYC-02,P-YOGURT,2026-03-11T17:18:00Z,2026-03-11T17:20:00Z,1,4.40,0.95,0.00,completed
E000500,O-NYC-02-20260311-dairy-007,NYC-02,P-MILK,2026-03-11T17:31:00Z,2026-03-11T17:33:00Z,2,4.40,1.80,0.00,completed
E000501,O-NYC-02-20260311-dairy-008,NYC-02,P-YOGURT,2026-03-11T17:44:00Z,2026-03-11T17:46:00Z,1,4.40,0.95,0.00,completed
E000502,O-NYC-02-20260311-dairy-009,NYC-02,P-MILK,2026-03-11T17:57:00Z,2026-03-11T17:59:00Z,1,4.40,1.80,0.00,completed
E000503,O-NYC-02-20260311-dairy-010,NYC-02,P-YOGURT,2026-03-11T18:10:00Z,2026-03-11T18:12:00Z,2,4.40,0.95,0.00,completed
E000504,O-NYC-02-20260311-dairy-011,NYC-02,P-MILK,2026-03-11T18:23:00Z,2026-03-11T18:25:00Z,1,4.40,1.80,0.00,completed
E000505,O-NYC-02-20260311-dairy-012,NYC-02,P-YOGURT,2026-03-11T18:36:00Z,2026-03-11T18:38:00Z,1,4.40,0.95,0.00,completed
E000506,O-NYC-02-20260311-dairy-013,NYC-02,P-MILK,2026-03-11T18:49:00Z,2026-03-11T18:51:00Z,2,4.40,1.80,0.00,completed
E000507,O-NYC-02-20260311-dairy-014,NYC-02,P-YOGURT,2026-03-11T19:02:00Z,2026-03-11T19:04:00Z,1,4.40,0.95,0.00,completed
E000508,O-NYC-02-20260311-dairy-015,NYC-02,P-MILK,2026-03-11T19:15:00Z,2026-03-11T19:17:00Z,1,4.40,1.80,0.00,completed
E000509,O-NYC-02-20260311-pantry-000,NYC-02,P-SAUCE,2026-03-11T16:00:00Z,2026-03-11T16:02:00Z,1,3.60,1.45,0.00,completed
E000510,O-NYC-02-20260311-pantry-001,NYC-02,P-PASTA,2026-03-11T16:13:00Z,2026-03-11T16:15:00Z,2,3.60,1.25,0.00,completed
E000511,O-NYC-02-20260311-pantry-002,NYC-02,P-SAUCE,2026-03-11T16:26:00Z,2026-03-11T16:28:00Z,1,3.60,1.45,0.00,completed
E000512,O-NYC-02-20260311-pantry-003,NYC-02,P-PASTA,2026-03-11T16:39:00Z,2026-03-11T16:41:00Z,1,3.60,1.25,0.00,completed
E000513,O-NYC-02-20260311-pantry-004,NYC-02,P-SAUCE,2026-03-11T16:52:00Z,2026-03-11T16:54:00Z,2,3.60,1.45,0.00,completed
E000514,O-NYC-02-20260311-pantry-005,NYC-02,P-PASTA,2026-03-11T17:05:00Z,2026-03-11T17:07:00Z,1,3.60,1.25,0.00,completed
E000515,O-NYC-02-20260311-pantry-006,NYC-02,P-SAUCE,2026-03-11T17:18:00Z,2026-03-11T17:20:00Z,1,3.60,1.45,0.00,completed
E000516,O-NYC-02-20260311-pantry-007,NYC-02,P-PASTA,2026-03-11T17:31:00Z,2026-03-11T17:33:00Z,2,3.60,1.25,0.00,completed
E000517,O-NYC-02-20260311-pantry-008,NYC-02,P-SAUCE,2026-03-11T17:44:00Z,2026-03-11T17:46:00Z,1,3.60,1.45,0.00,completed
E000518,O-NYC-02-20260311-pantry-009,NYC-02,P-PASTA,2026-03-11T17:57:00Z,2026-03-11T17:59:00Z,1,3.60,1.25,0.00,completed
E000519,O-NYC-02-20260311-pantry-010,NYC-02,P-SAUCE,2026-03-11T18:10:00Z,2026-03-11T18:12:00Z,2,3.60,1.45,0.00,completed
E000520,O-NYC-02-20260311-pantry-011,NYC-02,P-PASTA,2026-03-11T18:23:00Z,2026-03-11T18:25:00Z,1,3.60,1.25,0.00,completed
E000521,O-NYC-02-20260311-pantry-012,NYC-02,P-SAUCE,2026-03-11T18:36:00Z,2026-03-11T18:38:00Z,1,3.60,1.45,0.00,completed
E000522,O-CHI-03-20260311-produce-000,CHI-03,P-BERRY,2026-03-11T17:00:00Z,2026-03-11T17:02:00Z,1,4.15,2.40,0.00,completed
E000523,O-CHI-03-20260311-produce-001,CHI-03,P-APPLE,2026-03-11T17:13:00Z,2026-03-11T17:15:00Z,2,3.80,1.10,0.00,completed
E000524,O-CHI-03-20260311-produce-002,CHI-03,P-BERRY,2026-03-11T17:26:00Z,2026-03-11T17:28:00Z,1,4.15,2.40,0.00,completed
E000525,O-CHI-03-20260311-produce-003,CHI-03,P-APPLE,2026-03-11T17:39:00Z,2026-03-11T17:41:00Z,1,3.80,1.10,0.00,completed
E000526,O-CHI-03-20260311-produce-004,CHI-03,P-BERRY,2026-03-11T17:52:00Z,2026-03-11T17:54:00Z,2,4.15,2.40,0.00,completed
E000527,O-CHI-03-20260311-produce-005,CHI-03,P-APPLE,2026-03-11T18:05:00Z,2026-03-11T18:07:00Z,1,3.80,1.10,0.00,completed
E000528,O-CHI-03-20260311-produce-006,CHI-03,P-BERRY,2026-03-11T18:18:00Z,2026-03-11T18:20:00Z,1,4.15,2.40,0.00,completed
E000529,O-CHI-03-20260311-produce-007,CHI-03,P-APPLE,2026-03-11T18:31:00Z,2026-03-11T18:33:00Z,2,3.80,1.10,0.00,completed
E000530,O-CHI-03-20260311-produce-008,CHI-03,P-BERRY,2026-03-11T18:44:00Z,2026-03-11T18:46:00Z,1,4.15,2.40,0.00,completed
E000531,O-CHI-03-20260311-produce-009,CHI-03,P-APPLE,2026-03-11T18:57:00Z,2026-03-11T18:59:00Z,1,3.80,1.10,0.00,completed
E000532,O-CHI-03-20260311-produce-010,CHI-03,P-BERRY,2026-03-11T19:10:00Z,2026-03-11T19:12:00Z,2,4.15,2.40,0.00,completed
E000533,O-CHI-03-20260311-dairy-000,CHI-03,P-YOGURT,2026-03-11T17:00:00Z,2026-03-11T17:02:00Z,1,4.40,0.95,0.00,completed
E000534,O-CHI-03-20260311-dairy-001,CHI-03,P-MILK,2026-03-11T17:13:00Z,2026-03-11T17:15:00Z,2,4.40,1.80,0.00,completed
E000535,O-CHI-03-20260311-dairy-002,CHI-03,P-YOGURT,2026-03-11T17:26:00Z,2026-03-11T17:28:00Z,1,4.40,0.95,0.00,completed
E000536,O-CHI-03-20260311-dairy-003,CHI-03,P-MILK,2026-03-11T17:39:00Z,2026-03-11T17:41:00Z,1,4.40,1.80,0.00,completed
E000537,O-CHI-03-20260311-dairy-004,CHI-03,P-YOGURT,2026-03-11T17:52:00Z,2026-03-11T17:54:00Z,2,4.40,0.95,0.00,completed
E000538,O-CHI-03-20260311-dairy-005,CHI-03,P-MILK,2026-03-11T18:05:00Z,2026-03-11T18:07:00Z,1,4.40,1.80,0.00,completed
E000539,O-CHI-03-20260311-dairy-006,CHI-03,P-YOGURT,2026-03-11T18:18:00Z,2026-03-11T18:20:00Z,1,4.40,0.95,0.00,completed
E000540,O-CHI-03-20260311-dairy-007,CHI-03,P-MILK,2026-03-11T18:31:00Z,2026-03-11T18:33:00Z,2,4.40,1.80,0.00,completed
E000541,O-CHI-03-20260311-dairy-008,CHI-03,P-YOGURT,2026-03-11T18:44:00Z,2026-03-11T18:46:00Z,1,4.40,0.95,0.00,completed
E000542,O-CHI-03-20260311-pantry-000,CHI-03,P-SAUCE,2026-03-11T17:00:00Z,2026-03-11T17:02:00Z,1,3.60,1.45,0.00,completed
E000543,O-CHI-03-20260311-pantry-001,CHI-03,P-PASTA,2026-03-11T17:13:00Z,2026-03-11T17:15:00Z,2,3.60,1.25,0.00,completed
E000544,O-CHI-03-20260311-pantry-002,CHI-03,P-SAUCE,2026-03-11T17:26:00Z,2026-03-11T17:28:00Z,1,3.60,1.45,0.00,completed
E000545,O-CHI-03-20260311-pantry-003,CHI-03,P-PASTA,2026-03-11T17:39:00Z,2026-03-11T17:41:00Z,1,3.60,1.25,0.00,completed
E000546,O-CHI-03-20260311-pantry-004,CHI-03,P-SAUCE,2026-03-11T17:52:00Z,2026-03-11T17:54:00Z,2,3.60,1.45,0.00,completed
E000547,O-CHI-03-20260311-pantry-005,CHI-03,P-PASTA,2026-03-11T18:05:00Z,2026-03-11T18:07:00Z,1,3.60,1.25,0.00,completed
E000548,O-CHI-03-20260311-pantry-006,CHI-03,P-SAUCE,2026-03-11T18:18:00Z,2026-03-11T18:20:00Z,1,3.60,1.45,0.00,completed
E000549,O-PHX-04-20260311-produce-000,PHX-04,P-BERRY,2026-03-11T19:00:00Z,2026-03-11T19:02:00Z,1,4.15,2.40,0.00,completed
E000550,O-PHX-04-20260311-produce-001,PHX-04,P-APPLE,2026-03-11T19:13:00Z,2026-03-11T19:15:00Z,2,3.80,1.10,0.00,completed
E000551,O-PHX-04-20260311-produce-002,PHX-04,P-BERRY,2026-03-11T19:26:00Z,2026-03-11T19:28:00Z,1,4.15,2.40,0.00,completed
E000552,O-PHX-04-20260311-produce-003,PHX-04,P-APPLE,2026-03-11T19:39:00Z,2026-03-11T19:41:00Z,1,3.80,1.10,0.00,completed
E000553,O-PHX-04-20260311-produce-004,PHX-04,P-BERRY,2026-03-11T19:52:00Z,2026-03-11T19:54:00Z,2,4.15,2.40,0.00,completed
E000554,O-PHX-04-20260311-produce-005,PHX-04,P-APPLE,2026-03-11T20:05:00Z,2026-03-11T20:07:00Z,1,3.80,1.10,0.00,completed
E000555,O-PHX-04-20260311-produce-006,PHX-04,P-BERRY,2026-03-11T20:18:00Z,2026-03-11T20:20:00Z,1,4.15,2.40,0.00,completed
E000556,O-PHX-04-20260311-produce-007,PHX-04,P-APPLE,2026-03-11T20:31:00Z,2026-03-11T20:33:00Z,2,3.80,1.10,0.00,completed
E000557,O-PHX-04-20260311-produce-008,PHX-04,P-BERRY,2026-03-11T20:44:00Z,2026-03-11T20:46:00Z,1,4.15,2.40,0.00,completed
E000558,O-PHX-04-20260311-dairy-000,PHX-04,P-YOGURT,2026-03-11T19:00:00Z,2026-03-11T19:02:00Z,1,4.40,0.95,0.00,completed
E000559,O-PHX-04-20260311-dairy-001,PHX-04,P-MILK,2026-03-11T19:13:00Z,2026-03-11T19:15:00Z,2,4.40,1.80,0.00,completed
E000560,O-PHX-04-20260311-dairy-002,PHX-04,P-YOGURT,2026-03-11T19:26:00Z,2026-03-11T19:28:00Z,1,4.40,0.95,0.00,completed
E000561,O-PHX-04-20260311-dairy-003,PHX-04,P-MILK,2026-03-11T19:39:00Z,2026-03-11T19:41:00Z,1,4.40,1.80,0.00,completed
E000562,O-PHX-04-20260311-dairy-004,PHX-04,P-YOGURT,2026-03-11T19:52:00Z,2026-03-11T19:54:00Z,2,4.40,0.95,0.00,completed
E000563,O-PHX-04-20260311-dairy-005,PHX-04,P-MILK,2026-03-11T20:05:00Z,2026-03-11T20:07:00Z,1,4.40,1.80,0.00,completed
E000564,O-PHX-04-20260311-dairy-006,PHX-04,P-YOGURT,2026-03-11T20:18:00Z,2026-03-11T20:20:00Z,1,4.40,0.95,0.00,completed
E000565,O-PHX-04-20260311-dairy-007,PHX-04,P-MILK,2026-03-11T20:31:00Z,2026-03-11T20:33:00Z,2,4.40,1.80,0.00,completed
E000566,O-PHX-04-20260311-pantry-000,PHX-04,P-SAUCE,2026-03-11T19:00:00Z,2026-03-11T19:02:00Z,1,3.60,1.45,0.00,completed
E000567,O-PHX-04-20260311-pantry-001,PHX-04,P-PASTA,2026-03-11T19:13:00Z,2026-03-11T19:15:00Z,2,3.60,1.25,0.00,completed
E000568,O-PHX-04-20260311-pantry-002,PHX-04,P-SAUCE,2026-03-11T19:26:00Z,2026-03-11T19:28:00Z,1,3.60,1.45,0.00,completed
E000569,O-PHX-04-20260311-pantry-003,PHX-04,P-PASTA,2026-03-11T19:39:00Z,2026-03-11T19:41:00Z,1,3.60,1.25,0.00,completed
E000570,O-PHX-04-20260311-pantry-004,PHX-04,P-SAUCE,2026-03-11T19:52:00Z,2026-03-11T19:54:00Z,2,3.60,1.45,0.00,completed
E000571,O-PHX-04-20260311-pantry-005,PHX-04,P-PASTA,2026-03-11T20:05:00Z,2026-03-11T20:07:00Z,1,3.60,1.25,0.00,completed
E000572,O-SFO-01-20260312-produce-000,SFO-01,P-APPLE,2026-03-12T19:00:00Z,2026-03-12T19:02:00Z,2,3.80,1.10,0.00,completed
E000573,O-SFO-01-20260312-produce-001,SFO-01,P-BERRY,2026-03-12T19:13:00Z,2026-03-12T19:15:00Z,1,4.15,2.40,0.00,completed
E000574,O-SFO-01-20260312-produce-002,SFO-01,P-APPLE,2026-03-12T19:26:00Z,2026-03-12T19:28:00Z,1,3.80,1.10,0.00,completed
E000575,O-SFO-01-20260312-produce-003,SFO-01,P-BERRY,2026-03-12T19:39:00Z,2026-03-12T19:41:00Z,2,4.15,2.40,0.00,completed
E000576,O-SFO-01-20260312-produce-004,SFO-01,P-APPLE,2026-03-12T19:52:00Z,2026-03-12T19:54:00Z,1,3.80,1.10,0.00,completed
E000577,O-SFO-01-20260312-produce-005,SFO-01,P-BERRY,2026-03-12T20:05:00Z,2026-03-12T20:07:00Z,1,4.15,2.40,0.00,completed
E000578,O-SFO-01-20260312-produce-006,SFO-01,P-APPLE,2026-03-12T20:18:00Z,2026-03-12T20:20:00Z,2,3.80,1.10,0.00,completed
E000579,O-SFO-01-20260312-produce-007,SFO-01,P-BERRY,2026-03-12T20:31:00Z,2026-03-12T20:33:00Z,1,4.15,2.40,0.00,completed
E000580,O-SFO-01-20260312-produce-008,SFO-01,P-APPLE,2026-03-12T20:44:00Z,2026-03-12T20:46:00Z,1,3.80,1.10,0.00,completed
E000581,O-SFO-01-20260312-produce-009,SFO-01,P-BERRY,2026-03-12T20:57:00Z,2026-03-12T20:59:00Z,2,4.15,2.40,0.00,completed
E000582,O-SFO-01-20260312-produce-010,SFO-01,P-APPLE,2026-03-12T21:10:00Z,2026-03-12T21:12:00Z,1,3.80,1.10,0.00,completed
E000583,O-SFO-01-20260312-produce-011,SFO-01,P-BERRY,2026-03-12T21:23:00Z,2026-03-12T21:25:00Z,1,4.15,2.40,0.00,completed
E000584,O-SFO-01-20260312-produce-012,SFO-01,P-APPLE,2026-03-12T21:36:00Z,2026-03-12T21:38:00Z,2,3.80,1.10,0.00,completed
E000585,O-SFO-01-20260312-produce-013,SFO-01,P-BERRY,2026-03-12T21:49:00Z,2026-03-12T21:51:00Z,1,4.15,2.40,0.00,completed
E000586,O-SFO-01-20260312-produce-014,SFO-01,P-APPLE,2026-03-12T22:02:00Z,2026-03-12T22:04:00Z,1,3.80,1.10,0.00,completed
E000587,O-SFO-01-20260312-dairy-000,SFO-01,P-MILK,2026-03-12T19:00:00Z,2026-03-12T19:02:00Z,2,4.40,1.80,0.00,completed
E000588,O-SFO-01-20260312-dairy-001,SFO-01,P-YOGURT,2026-03-12T19:13:00Z,2026-03-12T19:15:00Z,1,4.40,0.95,0.00,completed
E000589,O-SFO-01-20260312-dairy-002,SFO-01,P-MILK,2026-03-12T19:26:00Z,2026-03-12T19:28:00Z,1,4.40,1.80,0.00,completed
E000590,O-SFO-01-20260312-dairy-003,SFO-01,P-YOGURT,2026-03-12T19:39:00Z,2026-03-12T19:41:00Z,2,4.40,0.95,0.00,completed
E000591,O-SFO-01-20260312-dairy-004,SFO-01,P-MILK,2026-03-12T19:52:00Z,2026-03-12T19:54:00Z,1,4.40,1.80,0.00,completed
E000592,O-SFO-01-20260312-dairy-005,SFO-01,P-YOGURT,2026-03-12T20:05:00Z,2026-03-12T20:07:00Z,1,4.40,0.95,0.00,completed
E000593,O-SFO-01-20260312-dairy-006,SFO-01,P-MILK,2026-03-12T20:18:00Z,2026-03-12T20:20:00Z,2,4.40,1.80,0.00,completed
E000594,O-SFO-01-20260312-dairy-007,SFO-01,P-YOGURT,2026-03-12T20:31:00Z,2026-03-12T20:33:00Z,1,4.40,0.95,0.00,completed
E000595,O-SFO-01-20260312-dairy-008,SFO-01,P-MILK,2026-03-12T20:44:00Z,2026-03-12T20:46:00Z,1,4.40,1.80,0.00,completed
E000596,O-SFO-01-20260312-dairy-009,SFO-01,P-YOGURT,2026-03-12T20:57:00Z,2026-03-12T20:59:00Z,2,4.40,0.95,0.00,completed
E000597,O-SFO-01-20260312-dairy-010,SFO-01,P-MILK,2026-03-12T21:10:00Z,2026-03-12T21:12:00Z,1,4.40,1.80,0.00,completed
E000598,O-SFO-01-20260312-dairy-011,SFO-01,P-YOGURT,2026-03-12T21:23:00Z,2026-03-12T21:25:00Z,1,4.40,0.95,0.00,completed
E000599,O-SFO-01-20260312-dairy-012,SFO-01,P-MILK,2026-03-12T21:36:00Z,2026-03-12T21:38:00Z,2,4.40,1.80,0.00,completed
E000600,O-SFO-01-20260312-pantry-000,SFO-01,P-PASTA,2026-03-12T19:00:00Z,2026-03-12T19:02:00Z,2,3.60,1.25,0.00,completed
E000601,O-SFO-01-20260312-pantry-001,SFO-01,P-SAUCE,2026-03-12T19:13:00Z,2026-03-12T19:15:00Z,1,3.60,1.45,0.00,completed
E000602,O-SFO-01-20260312-pantry-002,SFO-01,P-PASTA,2026-03-12T19:26:00Z,2026-03-12T19:28:00Z,1,3.60,1.25,0.00,completed
E000603,O-SFO-01-20260312-pantry-003,SFO-01,P-SAUCE,2026-03-12T19:39:00Z,2026-03-12T19:41:00Z,2,3.60,1.45,0.00,completed
E000604,O-SFO-01-20260312-pantry-004,SFO-01,P-PASTA,2026-03-12T19:52:00Z,2026-03-12T19:54:00Z,1,3.60,1.25,0.00,completed
E000605,O-SFO-01-20260312-pantry-005,SFO-01,P-SAUCE,2026-03-12T20:05:00Z,2026-03-12T20:07:00Z,1,3.60,1.45,0.00,completed
E000606,O-SFO-01-20260312-pantry-006,SFO-01,P-PASTA,2026-03-12T20:18:00Z,2026-03-12T20:20:00Z,2,3.60,1.25,0.00,completed
E000607,O-SFO-01-20260312-pantry-007,SFO-01,P-SAUCE,2026-03-12T20:31:00Z,2026-03-12T20:33:00Z,1,3.60,1.45,0.00,completed
E000608,O-SFO-01-20260312-pantry-008,SFO-01,P-PASTA,2026-03-12T20:44:00Z,2026-03-12T20:46:00Z,1,3.60,1.25,0.00,completed
E000609,O-SFO-01-20260312-pantry-009,SFO-01,P-SAUCE,2026-03-12T20:57:00Z,2026-03-12T20:59:00Z,2,3.60,1.45,0.00,completed
E000610,O-NYC-02-20260312-produce-000,NYC-02,P-APPLE,2026-03-12T16:00:00Z,2026-03-12T16:02:00Z,2,3.80,1.10,0.00,completed
E000611,O-NYC-02-20260312-produce-001,NYC-02,P-BERRY,2026-03-12T16:13:00Z,2026-03-12T16:15:00Z,1,4.15,2.40,0.00,completed
E000612,O-NYC-02-20260312-produce-002,NYC-02,P-APPLE,2026-03-12T16:26:00Z,2026-03-12T16:28:00Z,1,3.80,1.10,0.00,completed
E000613,O-NYC-02-20260312-produce-003,NYC-02,P-BERRY,2026-03-12T16:39:00Z,2026-03-12T16:41:00Z,2,4.15,2.40,0.00,completed
E000614,O-NYC-02-20260312-produce-004,NYC-02,P-APPLE,2026-03-12T16:52:00Z,2026-03-12T16:54:00Z,1,3.80,1.10,0.00,completed
E000615,O-NYC-02-20260312-produce-005,NYC-02,P-BERRY,2026-03-12T17:05:00Z,2026-03-12T17:07:00Z,1,4.15,2.40,0.00,completed
E000616,O-NYC-02-20260312-produce-006,NYC-02,P-APPLE,2026-03-12T17:18:00Z,2026-03-12T17:20:00Z,2,3.80,1.10,0.00,completed
E000617,O-NYC-02-20260312-produce-007,NYC-02,P-BERRY,2026-03-12T17:31:00Z,2026-03-12T17:33:00Z,1,4.15,2.40,0.00,completed
E000618,O-NYC-02-20260312-produce-008,NYC-02,P-APPLE,2026-03-12T17:44:00Z,2026-03-12T17:46:00Z,1,3.80,1.10,0.00,completed
E000619,O-NYC-02-20260312-produce-009,NYC-02,P-BERRY,2026-03-12T17:57:00Z,2026-03-12T17:59:00Z,2,4.15,2.40,0.00,completed
E000620,O-NYC-02-20260312-produce-010,NYC-02,P-APPLE,2026-03-12T18:10:00Z,2026-03-12T18:12:00Z,1,3.80,1.10,0.00,completed
E000621,O-NYC-02-20260312-produce-011,NYC-02,P-BERRY,2026-03-12T18:23:00Z,2026-03-12T18:25:00Z,1,4.15,2.40,0.00,completed
E000622,O-NYC-02-20260312-produce-012,NYC-02,P-APPLE,2026-03-12T18:36:00Z,2026-03-12T18:38:00Z,2,3.80,1.10,0.00,completed
E000623,O-NYC-02-20260312-produce-013,NYC-02,P-BERRY,2026-03-12T18:49:00Z,2026-03-12T18:51:00Z,1,4.15,2.40,0.00,completed
E000624,O-NYC-02-20260312-produce-014,NYC-02,P-APPLE,2026-03-12T19:02:00Z,2026-03-12T19:04:00Z,1,3.80,1.10,0.00,completed
E000625,O-NYC-02-20260312-produce-015,NYC-02,P-BERRY,2026-03-12T19:15:00Z,2026-03-12T19:17:00Z,2,4.15,2.40,0.00,completed
E000626,O-NYC-02-20260312-produce-016,NYC-02,P-APPLE,2026-03-12T19:28:00Z,2026-03-12T19:30:00Z,1,3.80,1.10,0.00,completed
E000627,O-NYC-02-20260312-produce-017,NYC-02,P-BERRY,2026-03-12T19:41:00Z,2026-03-12T19:43:00Z,1,4.15,2.40,0.00,completed
E000628,O-NYC-02-20260312-produce-018,NYC-02,P-APPLE,2026-03-12T19:54:00Z,2026-03-12T19:56:00Z,2,3.80,1.10,0.00,completed
E000629,O-NYC-02-20260312-dairy-000,NYC-02,P-MILK,2026-03-12T16:00:00Z,2026-03-12T16:02:00Z,2,4.40,1.80,0.00,completed
E000630,O-NYC-02-20260312-dairy-001,NYC-02,P-YOGURT,2026-03-12T16:13:00Z,2026-03-12T16:15:00Z,1,4.40,0.95,0.00,completed
E000631,O-NYC-02-20260312-dairy-002,NYC-02,P-MILK,2026-03-12T16:26:00Z,2026-03-12T16:28:00Z,1,4.40,1.80,0.00,completed
E000632,O-NYC-02-20260312-dairy-003,NYC-02,P-YOGURT,2026-03-12T16:39:00Z,2026-03-12T16:41:00Z,2,4.40,0.95,0.00,completed
E000633,O-NYC-02-20260312-dairy-004,NYC-02,P-MILK,2026-03-12T16:52:00Z,2026-03-12T16:54:00Z,1,4.40,1.80,0.00,completed
E000634,O-NYC-02-20260312-dairy-005,NYC-02,P-YOGURT,2026-03-12T17:05:00Z,2026-03-12T17:07:00Z,1,4.40,0.95,0.00,completed
E000635,O-NYC-02-20260312-dairy-006,NYC-02,P-MILK,2026-03-12T17:18:00Z,2026-03-12T17:20:00Z,2,4.40,1.80,0.00,completed
E000636,O-NYC-02-20260312-dairy-007,NYC-02,P-YOGURT,2026-03-12T17:31:00Z,2026-03-12T17:33:00Z,1,4.40,0.95,0.00,completed
E000637,O-NYC-02-20260312-dairy-008,NYC-02,P-MILK,2026-03-12T17:44:00Z,2026-03-12T17:46:00Z,1,4.40,1.80,0.00,completed
E000638,O-NYC-02-20260312-dairy-009,NYC-02,P-YOGURT,2026-03-12T17:57:00Z,2026-03-12T17:59:00Z,2,4.40,0.95,0.00,completed
E000639,O-NYC-02-20260312-dairy-010,NYC-02,P-MILK,2026-03-12T18:10:00Z,2026-03-12T18:12:00Z,1,4.40,1.80,0.00,completed
E000640,O-NYC-02-20260312-dairy-011,NYC-02,P-YOGURT,2026-03-12T18:23:00Z,2026-03-12T18:25:00Z,1,4.40,0.95,0.00,completed
E000641,O-NYC-02-20260312-dairy-012,NYC-02,P-MILK,2026-03-12T18:36:00Z,2026-03-12T18:38:00Z,2,4.40,1.80,0.00,completed
E000642,O-NYC-02-20260312-dairy-013,NYC-02,P-YOGURT,2026-03-12T18:49:00Z,2026-03-12T18:51:00Z,1,4.40,0.95,0.00,completed
E000643,O-NYC-02-20260312-dairy-014,NYC-02,P-MILK,2026-03-12T19:02:00Z,2026-03-12T19:04:00Z,1,4.40,1.80,0.00,completed
E000644,O-NYC-02-20260312-pantry-000,NYC-02,P-PASTA,2026-03-12T16:00:00Z,2026-03-12T16:02:00Z,2,3.60,1.25,0.00,completed
E000645,O-NYC-02-20260312-pantry-001,NYC-02,P-SAUCE,2026-03-12T16:13:00Z,2026-03-12T16:15:00Z,1,3.60,1.45,0.00,completed
E000646,O-NYC-02-20260312-pantry-002,NYC-02,P-PASTA,2026-03-12T16:26:00Z,2026-03-12T16:28:00Z,1,3.60,1.25,0.00,completed
E000647,O-NYC-02-20260312-pantry-003,NYC-02,P-SAUCE,2026-03-12T16:39:00Z,2026-03-12T16:41:00Z,2,3.60,1.45,0.00,completed
E000648,O-NYC-02-20260312-pantry-004,NYC-02,P-PASTA,2026-03-12T16:52:00Z,2026-03-12T16:54:00Z,1,3.60,1.25,0.00,completed
E000649,O-NYC-02-20260312-pantry-005,NYC-02,P-SAUCE,2026-03-12T17:05:00Z,2026-03-12T17:07:00Z,1,3.60,1.45,0.00,completed
E000650,O-NYC-02-20260312-pantry-006,NYC-02,P-PASTA,2026-03-12T17:18:00Z,2026-03-12T17:20:00Z,2,3.60,1.25,0.00,completed
E000651,O-NYC-02-20260312-pantry-007,NYC-02,P-SAUCE,2026-03-12T17:31:00Z,2026-03-12T17:33:00Z,1,3.60,1.45,0.00,completed
E000652,O-NYC-02-20260312-pantry-008,NYC-02,P-PASTA,2026-03-12T17:44:00Z,2026-03-12T17:46:00Z,1,3.60,1.25,0.00,completed
E000653,O-NYC-02-20260312-pantry-009,NYC-02,P-SAUCE,2026-03-12T17:57:00Z,2026-03-12T17:59:00Z,2,3.60,1.45,0.00,completed
E000654,O-NYC-02-20260312-pantry-010,NYC-02,P-PASTA,2026-03-12T18:10:00Z,2026-03-12T18:12:00Z,1,3.60,1.25,0.00,completed
E000655,O-NYC-02-20260312-pantry-011,NYC-02,P-SAUCE,2026-03-12T18:23:00Z,2026-03-12T18:25:00Z,1,3.60,1.45,0.00,completed
E000656,O-NYC-02-20260312-pantry-012,NYC-02,P-PASTA,2026-03-12T18:36:00Z,2026-03-12T18:38:00Z,2,3.60,1.25,0.00,completed
E000657,O-CHI-03-20260312-produce-000,CHI-03,P-APPLE,2026-03-12T17:00:00Z,2026-03-12T17:02:00Z,2,3.80,1.10,0.00,completed
E000658,O-CHI-03-20260312-produce-001,CHI-03,P-BERRY,2026-03-12T17:13:00Z,2026-03-12T17:15:00Z,1,4.15,2.40,0.00,completed
E000659,O-CHI-03-20260312-produce-002,CHI-03,P-APPLE,2026-03-12T17:26:00Z,2026-03-12T17:28:00Z,1,3.80,1.10,0.00,completed
E000660,O-CHI-03-20260312-produce-003,CHI-03,P-BERRY,2026-03-12T17:39:00Z,2026-03-12T17:41:00Z,2,4.15,2.40,0.00,completed
E000661,O-CHI-03-20260312-produce-004,CHI-03,P-APPLE,2026-03-12T17:52:00Z,2026-03-12T17:54:00Z,1,3.80,1.10,0.00,completed
E000662,O-CHI-03-20260312-produce-005,CHI-03,P-BERRY,2026-03-12T18:05:00Z,2026-03-12T18:07:00Z,1,4.15,2.40,0.00,completed
E000663,O-CHI-03-20260312-produce-006,CHI-03,P-APPLE,2026-03-12T18:18:00Z,2026-03-12T18:20:00Z,2,3.80,1.10,0.00,completed
E000664,O-CHI-03-20260312-produce-007,CHI-03,P-BERRY,2026-03-12T18:31:00Z,2026-03-12T18:33:00Z,1,4.15,2.40,0.00,completed
E000665,O-CHI-03-20260312-produce-008,CHI-03,P-APPLE,2026-03-12T18:44:00Z,2026-03-12T18:46:00Z,1,3.80,1.10,0.00,completed
E000666,O-CHI-03-20260312-produce-009,CHI-03,P-BERRY,2026-03-12T18:57:00Z,2026-03-12T18:59:00Z,2,4.15,2.40,0.00,completed
E000667,O-CHI-03-20260312-produce-010,CHI-03,P-APPLE,2026-03-12T19:10:00Z,2026-03-12T19:12:00Z,1,3.80,1.10,0.00,completed
E000668,O-CHI-03-20260312-dairy-000,CHI-03,P-MILK,2026-03-12T17:00:00Z,2026-03-12T17:02:00Z,2,4.40,1.80,0.00,completed
E000669,O-CHI-03-20260312-dairy-001,CHI-03,P-YOGURT,2026-03-12T17:13:00Z,2026-03-12T17:15:00Z,1,4.40,0.95,0.00,completed
E000670,O-CHI-03-20260312-dairy-002,CHI-03,P-MILK,2026-03-12T17:26:00Z,2026-03-12T17:28:00Z,1,4.40,1.80,0.00,completed
E000671,O-CHI-03-20260312-dairy-003,CHI-03,P-YOGURT,2026-03-12T17:39:00Z,2026-03-12T17:41:00Z,2,4.40,0.95,0.00,completed
E000672,O-CHI-03-20260312-dairy-004,CHI-03,P-MILK,2026-03-12T17:52:00Z,2026-03-12T17:54:00Z,1,4.40,1.80,0.00,completed
E000673,O-CHI-03-20260312-dairy-005,CHI-03,P-YOGURT,2026-03-12T18:05:00Z,2026-03-12T18:07:00Z,1,4.40,0.95,0.00,completed
E000674,O-CHI-03-20260312-dairy-006,CHI-03,P-MILK,2026-03-12T18:18:00Z,2026-03-12T18:20:00Z,2,4.40,1.80,0.00,completed
E000675,O-CHI-03-20260312-dairy-007,CHI-03,P-YOGURT,2026-03-12T18:31:00Z,2026-03-12T18:33:00Z,1,4.40,0.95,0.00,completed
E000676,O-CHI-03-20260312-dairy-008,CHI-03,P-MILK,2026-03-12T18:44:00Z,2026-03-12T18:46:00Z,1,4.40,1.80,0.00,completed
E000677,O-CHI-03-20260312-pantry-000,CHI-03,P-PASTA,2026-03-12T17:00:00Z,2026-03-12T17:02:00Z,2,3.60,1.25,0.00,completed
E000678,O-CHI-03-20260312-pantry-001,CHI-03,P-SAUCE,2026-03-12T17:13:00Z,2026-03-12T17:15:00Z,1,3.60,1.45,0.00,completed
E000679,O-CHI-03-20260312-pantry-002,CHI-03,P-PASTA,2026-03-12T17:26:00Z,2026-03-12T17:28:00Z,1,3.60,1.25,0.00,completed
E000680,O-CHI-03-20260312-pantry-003,CHI-03,P-SAUCE,2026-03-12T17:39:00Z,2026-03-12T17:41:00Z,2,3.60,1.45,0.00,completed
E000681,O-CHI-03-20260312-pantry-004,CHI-03,P-PASTA,2026-03-12T17:52:00Z,2026-03-12T17:54:00Z,1,3.60,1.25,0.00,completed
E000682,O-CHI-03-20260312-pantry-005,CHI-03,P-SAUCE,2026-03-12T18:05:00Z,2026-03-12T18:07:00Z,1,3.60,1.45,0.00,completed
E000683,O-CHI-03-20260312-pantry-006,CHI-03,P-PASTA,2026-03-12T18:18:00Z,2026-03-12T18:20:00Z,2,3.60,1.25,0.00,completed
E000684,O-PHX-04-20260312-produce-000,PHX-04,P-APPLE,2026-03-12T19:00:00Z,2026-03-12T19:02:00Z,2,3.80,1.10,0.00,completed
E000685,O-PHX-04-20260312-produce-001,PHX-04,P-BERRY,2026-03-12T19:13:00Z,2026-03-12T19:15:00Z,1,4.15,2.40,0.00,completed
E000686,O-PHX-04-20260312-produce-002,PHX-04,P-APPLE,2026-03-12T19:26:00Z,2026-03-12T19:28:00Z,1,3.80,1.10,0.00,completed
E000687,O-PHX-04-20260312-produce-003,PHX-04,P-BERRY,2026-03-12T19:39:00Z,2026-03-12T19:41:00Z,2,4.15,2.40,0.00,completed
E000688,O-PHX-04-20260312-produce-004,PHX-04,P-APPLE,2026-03-12T19:52:00Z,2026-03-12T19:54:00Z,1,3.80,1.10,0.00,completed
E000689,O-PHX-04-20260312-produce-005,PHX-04,P-BERRY,2026-03-12T20:05:00Z,2026-03-12T20:07:00Z,1,4.15,2.40,0.00,completed
E000690,O-PHX-04-20260312-produce-006,PHX-04,P-APPLE,2026-03-12T20:18:00Z,2026-03-12T20:20:00Z,2,3.80,1.10,0.00,completed
E000691,O-PHX-04-20260312-produce-007,PHX-04,P-BERRY,2026-03-12T20:31:00Z,2026-03-12T20:33:00Z,1,4.15,2.40,0.00,completed
E000692,O-PHX-04-20260312-produce-008,PHX-04,P-APPLE,2026-03-12T20:44:00Z,2026-03-12T20:46:00Z,1,3.80,1.10,0.00,completed
E000693,O-PHX-04-20260312-dairy-000,PHX-04,P-MILK,2026-03-12T19:00:00Z,2026-03-12T19:02:00Z,2,4.40,1.80,0.00,completed
E000694,O-PHX-04-20260312-dairy-001,PHX-04,P-YOGURT,2026-03-12T19:13:00Z,2026-03-12T19:15:00Z,1,4.40,0.95,0.00,completed
E000695,O-PHX-04-20260312-dairy-002,PHX-04,P-MILK,2026-03-12T19:26:00Z,2026-03-12T19:28:00Z,1,4.40,1.80,0.00,completed
E000696,O-PHX-04-20260312-dairy-003,PHX-04,P-YOGURT,2026-03-12T19:39:00Z,2026-03-12T19:41:00Z,2,4.40,0.95,0.00,completed
E000697,O-PHX-04-20260312-dairy-004,PHX-04,P-MILK,2026-03-12T19:52:00Z,2026-03-12T19:54:00Z,1,4.40,1.80,0.00,completed
E000698,O-PHX-04-20260312-dairy-005,PHX-04,P-YOGURT,2026-03-12T20:05:00Z,2026-03-12T20:07:00Z,1,4.40,0.95,0.00,completed
E000699,O-PHX-04-20260312-dairy-006,PHX-04,P-MILK,2026-03-12T20:18:00Z,2026-03-12T20:20:00Z,2,4.40,1.80,0.00,completed
E000700,O-PHX-04-20260312-dairy-007,PHX-04,P-YOGURT,2026-03-12T20:31:00Z,2026-03-12T20:33:00Z,1,4.40,0.95,0.00,completed
E000701,O-PHX-04-20260312-pantry-000,PHX-04,P-PASTA,2026-03-12T19:00:00Z,2026-03-12T19:02:00Z,2,3.60,1.25,0.00,completed
E000702,O-PHX-04-20260312-pantry-001,PHX-04,P-SAUCE,2026-03-12T19:13:00Z,2026-03-12T19:15:00Z,1,3.60,1.45,0.00,completed
E000703,O-PHX-04-20260312-pantry-002,PHX-04,P-PASTA,2026-03-12T19:26:00Z,2026-03-12T19:28:00Z,1,3.60,1.25,0.00,completed
E000704,O-PHX-04-20260312-pantry-003,PHX-04,P-SAUCE,2026-03-12T19:39:00Z,2026-03-12T19:41:00Z,2,3.60,1.45,0.00,completed
E000705,O-PHX-04-20260312-pantry-004,PHX-04,P-PASTA,2026-03-12T19:52:00Z,2026-03-12T19:54:00Z,1,3.60,1.25,0.00,completed
E000706,O-PHX-04-20260312-pantry-005,PHX-04,P-SAUCE,2026-03-12T20:05:00Z,2026-03-12T20:07:00Z,1,3.60,1.45,0.00,completed
E000707,O-SFO-01-20260313-produce-000,SFO-01,P-BERRY,2026-03-13T19:00:00Z,2026-03-13T19:02:00Z,1,4.15,2.40,0.00,completed
E000708,O-SFO-01-20260313-produce-001,SFO-01,P-APPLE,2026-03-13T19:13:00Z,2026-03-13T19:15:00Z,1,3.80,1.10,0.00,completed
E000709,O-SFO-01-20260313-produce-002,SFO-01,P-BERRY,2026-03-13T19:26:00Z,2026-03-13T19:28:00Z,2,4.15,2.40,0.00,completed
E000710,O-SFO-01-20260313-produce-003,SFO-01,P-APPLE,2026-03-13T19:39:00Z,2026-03-13T19:41:00Z,1,3.80,1.10,0.00,completed
E000711,O-SFO-01-20260313-produce-004,SFO-01,P-BERRY,2026-03-13T19:52:00Z,2026-03-13T19:54:00Z,1,4.15,2.40,0.00,completed
E000712,O-SFO-01-20260313-produce-005,SFO-01,P-APPLE,2026-03-13T20:05:00Z,2026-03-13T20:07:00Z,2,3.80,1.10,0.00,completed
E000713,O-SFO-01-20260313-produce-006,SFO-01,P-BERRY,2026-03-13T20:18:00Z,2026-03-13T20:20:00Z,1,4.15,2.40,0.00,completed
E000714,O-SFO-01-20260313-produce-007,SFO-01,P-APPLE,2026-03-13T20:31:00Z,2026-03-13T20:33:00Z,1,3.80,1.10,0.00,completed
E000715,O-SFO-01-20260313-produce-008,SFO-01,P-BERRY,2026-03-13T20:44:00Z,2026-03-13T20:46:00Z,2,4.15,2.40,0.00,completed
E000716,O-SFO-01-20260313-produce-009,SFO-01,P-APPLE,2026-03-13T20:57:00Z,2026-03-13T20:59:00Z,1,3.80,1.10,0.00,completed
E000717,O-SFO-01-20260313-produce-010,SFO-01,P-BERRY,2026-03-13T21:10:00Z,2026-03-13T21:12:00Z,1,4.15,2.40,0.00,completed
E000718,O-SFO-01-20260313-produce-011,SFO-01,P-APPLE,2026-03-13T21:23:00Z,2026-03-13T21:25:00Z,2,3.80,1.10,0.00,completed
E000719,O-SFO-01-20260313-produce-012,SFO-01,P-BERRY,2026-03-13T21:36:00Z,2026-03-13T21:38:00Z,1,4.15,2.40,0.00,completed
E000720,O-SFO-01-20260313-produce-013,SFO-01,P-APPLE,2026-03-13T21:49:00Z,2026-03-13T21:51:00Z,1,3.80,1.10,0.00,completed
E000721,O-SFO-01-20260313-produce-014,SFO-01,P-BERRY,2026-03-13T22:02:00Z,2026-03-13T22:04:00Z,2,4.15,2.40,0.00,completed
E000722,O-SFO-01-20260313-produce-015,SFO-01,P-APPLE,2026-03-13T22:15:00Z,2026-03-13T22:17:00Z,1,3.80,1.10,0.00,completed
E000723,O-SFO-01-20260313-produce-016,SFO-01,P-BERRY,2026-03-13T22:28:00Z,2026-03-13T22:30:00Z,1,4.15,2.40,0.00,completed
E000724,O-SFO-01-20260313-produce-017,SFO-01,P-APPLE,2026-03-13T22:41:00Z,2026-03-13T22:43:00Z,2,3.80,1.10,0.00,completed
E000725,O-SFO-01-20260313-produce-018,SFO-01,P-BERRY,2026-03-13T22:54:00Z,2026-03-13T22:56:00Z,1,4.15,2.40,0.00,completed
E000726,O-SFO-01-20260313-dairy-000,SFO-01,P-YOGURT,2026-03-13T19:00:00Z,2026-03-13T19:02:00Z,1,4.40,0.95,0.00,completed
E000727,O-SFO-01-20260313-dairy-001,SFO-01,P-MILK,2026-03-13T19:13:00Z,2026-03-13T19:15:00Z,1,4.40,1.80,0.00,completed
E000728,O-SFO-01-20260313-dairy-002,SFO-01,P-YOGURT,2026-03-13T19:26:00Z,2026-03-13T19:28:00Z,2,4.40,0.95,0.00,completed
E000729,O-SFO-01-20260313-dairy-003,SFO-01,P-MILK,2026-03-13T19:39:00Z,2026-03-13T19:41:00Z,1,4.40,1.80,0.00,completed
E000730,O-SFO-01-20260313-dairy-004,SFO-01,P-YOGURT,2026-03-13T19:52:00Z,2026-03-13T19:54:00Z,1,4.40,0.95,0.00,completed
E000731,O-SFO-01-20260313-dairy-005,SFO-01,P-MILK,2026-03-13T20:05:00Z,2026-03-13T20:07:00Z,2,4.40,1.80,0.00,completed
E000732,O-SFO-01-20260313-dairy-006,SFO-01,P-YOGURT,2026-03-13T20:18:00Z,2026-03-13T20:20:00Z,1,4.40,0.95,0.00,completed
E000733,O-SFO-01-20260313-dairy-007,SFO-01,P-MILK,2026-03-13T20:31:00Z,2026-03-13T20:33:00Z,1,4.40,1.80,0.00,completed
E000734,O-SFO-01-20260313-dairy-008,SFO-01,P-YOGURT,2026-03-13T20:44:00Z,2026-03-13T20:46:00Z,2,4.40,0.95,0.00,completed
E000735,O-SFO-01-20260313-dairy-009,SFO-01,P-MILK,2026-03-13T20:57:00Z,2026-03-13T20:59:00Z,1,4.40,1.80,0.00,completed
E000736,O-SFO-01-20260313-dairy-010,SFO-01,P-YOGURT,2026-03-13T21:10:00Z,2026-03-13T21:12:00Z,1,4.40,0.95,0.00,completed
E000737,O-SFO-01-20260313-dairy-011,SFO-01,P-MILK,2026-03-13T21:23:00Z,2026-03-13T21:25:00Z,2,4.40,1.80,0.00,completed
E000738,O-SFO-01-20260313-dairy-012,SFO-01,P-YOGURT,2026-03-13T21:36:00Z,2026-03-13T21:38:00Z,1,4.40,0.95,0.00,completed
E000739,O-SFO-01-20260313-dairy-013,SFO-01,P-MILK,2026-03-13T21:49:00Z,2026-03-13T21:51:00Z,1,4.40,1.80,0.00,completed
E000740,O-SFO-01-20260313-dairy-014,SFO-01,P-YOGURT,2026-03-13T22:02:00Z,2026-03-13T22:04:00Z,2,4.40,0.95,0.00,completed
E000741,O-SFO-01-20260313-pantry-000,SFO-01,P-SAUCE,2026-03-13T19:00:00Z,2026-03-13T19:02:00Z,1,3.60,1.45,0.00,completed
E000742,O-SFO-01-20260313-pantry-001,SFO-01,P-PASTA,2026-03-13T19:13:00Z,2026-03-13T19:15:00Z,1,3.60,1.25,0.00,completed
E000743,O-SFO-01-20260313-pantry-002,SFO-01,P-SAUCE,2026-03-13T19:26:00Z,2026-03-13T19:28:00Z,2,3.60,1.45,0.00,completed
E000744,O-SFO-01-20260313-pantry-003,SFO-01,P-PASTA,2026-03-13T19:39:00Z,2026-03-13T19:41:00Z,1,3.60,1.25,0.00,completed
E000745,O-SFO-01-20260313-pantry-004,SFO-01,P-SAUCE,2026-03-13T19:52:00Z,2026-03-13T19:54:00Z,1,3.60,1.45,0.00,completed
E000746,O-SFO-01-20260313-pantry-005,SFO-01,P-PASTA,2026-03-13T20:05:00Z,2026-03-13T20:07:00Z,2,3.60,1.25,0.00,completed
E000747,O-SFO-01-20260313-pantry-006,SFO-01,P-SAUCE,2026-03-13T20:18:00Z,2026-03-13T20:20:00Z,1,3.60,1.45,0.00,completed
E000748,O-SFO-01-20260313-pantry-007,SFO-01,P-PASTA,2026-03-13T20:31:00Z,2026-03-13T20:33:00Z,1,3.60,1.25,0.00,completed
E000749,O-SFO-01-20260313-pantry-008,SFO-01,P-SAUCE,2026-03-13T20:44:00Z,2026-03-13T20:46:00Z,2,3.60,1.45,0.00,completed
E000750,O-SFO-01-20260313-pantry-009,SFO-01,P-PASTA,2026-03-13T20:57:00Z,2026-03-13T20:59:00Z,1,3.60,1.25,0.00,completed
E000751,O-SFO-01-20260313-pantry-010,SFO-01,P-SAUCE,2026-03-13T21:10:00Z,2026-03-13T21:12:00Z,1,3.60,1.45,0.00,completed
E000752,O-SFO-01-20260313-pantry-011,SFO-01,P-PASTA,2026-03-13T21:23:00Z,2026-03-13T21:25:00Z,2,3.60,1.25,0.00,completed
E000753,O-SFO-01-20260313-pantry-012,SFO-01,P-SAUCE,2026-03-13T21:36:00Z,2026-03-13T21:38:00Z,1,3.60,1.45,0.00,completed
E000754,O-NYC-02-20260313-produce-000,NYC-02,P-BERRY,2026-03-13T16:00:00Z,2026-03-13T16:02:00Z,1,4.15,2.40,0.00,completed
E000755,O-NYC-02-20260313-produce-001,NYC-02,P-APPLE,2026-03-13T16:13:00Z,2026-03-13T16:15:00Z,1,3.80,1.10,0.00,completed
E000756,O-NYC-02-20260313-produce-002,NYC-02,P-BERRY,2026-03-13T16:26:00Z,2026-03-13T16:28:00Z,2,4.15,2.40,0.00,completed
E000757,O-NYC-02-20260313-produce-003,NYC-02,P-APPLE,2026-03-13T16:39:00Z,2026-03-13T16:41:00Z,1,3.80,1.10,0.00,completed
E000758,O-NYC-02-20260313-produce-004,NYC-02,P-BERRY,2026-03-13T16:52:00Z,2026-03-13T16:54:00Z,1,4.15,2.40,0.00,completed
E000759,O-NYC-02-20260313-produce-005,NYC-02,P-APPLE,2026-03-13T17:05:00Z,2026-03-13T17:07:00Z,2,3.80,1.10,0.00,completed
E000760,O-NYC-02-20260313-produce-006,NYC-02,P-BERRY,2026-03-13T17:18:00Z,2026-03-13T17:20:00Z,1,4.15,2.40,0.00,completed
E000761,O-NYC-02-20260313-produce-007,NYC-02,P-APPLE,2026-03-13T17:31:00Z,2026-03-13T17:33:00Z,1,3.80,1.10,0.00,completed
E000762,O-NYC-02-20260313-produce-008,NYC-02,P-BERRY,2026-03-13T17:44:00Z,2026-03-13T17:46:00Z,2,4.15,2.40,0.00,completed
E000763,O-NYC-02-20260313-produce-009,NYC-02,P-APPLE,2026-03-13T17:57:00Z,2026-03-13T17:59:00Z,1,3.80,1.10,0.00,completed
E000764,O-NYC-02-20260313-produce-010,NYC-02,P-BERRY,2026-03-13T18:10:00Z,2026-03-13T18:12:00Z,1,4.15,2.40,0.00,completed
E000765,O-NYC-02-20260313-produce-011,NYC-02,P-APPLE,2026-03-13T18:23:00Z,2026-03-13T18:25:00Z,2,3.80,1.10,0.00,completed
E000766,O-NYC-02-20260313-produce-012,NYC-02,P-BERRY,2026-03-13T18:36:00Z,2026-03-13T18:38:00Z,1,4.15,2.40,0.00,completed
E000767,O-NYC-02-20260313-produce-013,NYC-02,P-APPLE,2026-03-13T18:49:00Z,2026-03-13T18:51:00Z,1,3.80,1.10,0.00,completed
E000768,O-NYC-02-20260313-produce-014,NYC-02,P-BERRY,2026-03-13T19:02:00Z,2026-03-13T19:04:00Z,2,4.15,2.40,0.00,completed
E000769,O-NYC-02-20260313-produce-015,NYC-02,P-APPLE,2026-03-13T19:15:00Z,2026-03-13T19:17:00Z,1,3.80,1.10,0.00,completed
E000770,O-NYC-02-20260313-produce-016,NYC-02,P-BERRY,2026-03-13T19:28:00Z,2026-03-13T19:30:00Z,1,4.15,2.40,0.00,completed
E000771,O-NYC-02-20260313-produce-017,NYC-02,P-APPLE,2026-03-13T19:41:00Z,2026-03-13T19:43:00Z,2,3.80,1.10,0.00,completed
E000772,O-NYC-02-20260313-produce-018,NYC-02,P-BERRY,2026-03-13T19:54:00Z,2026-03-13T19:56:00Z,1,4.15,2.40,0.00,completed
E000773,O-NYC-02-20260313-produce-019,NYC-02,P-APPLE,2026-03-13T20:07:00Z,2026-03-13T20:09:00Z,1,3.80,1.10,0.00,completed
E000774,O-NYC-02-20260313-produce-020,NYC-02,P-BERRY,2026-03-13T20:20:00Z,2026-03-13T20:22:00Z,2,4.15,2.40,0.00,completed
E000775,O-NYC-02-20260313-produce-021,NYC-02,P-APPLE,2026-03-13T20:33:00Z,2026-03-13T20:35:00Z,1,3.80,1.10,0.00,cancelled
E000776,O-NYC-02-20260313-produce-022,NYC-02,P-BERRY,2026-03-13T20:46:00Z,2026-03-13T20:48:00Z,1,4.15,2.40,0.00,completed
E000777,O-NYC-02-20260313-dairy-000,NYC-02,P-YOGURT,2026-03-13T16:00:00Z,2026-03-13T16:02:00Z,1,4.40,0.95,0.00,completed
E000778,O-NYC-02-20260313-dairy-001,NYC-02,P-MILK,2026-03-13T16:13:00Z,2026-03-13T16:15:00Z,1,4.40,1.80,0.00,completed
E000779,O-NYC-02-20260313-dairy-002,NYC-02,P-YOGURT,2026-03-13T16:26:00Z,2026-03-13T16:28:00Z,2,4.40,0.95,0.00,completed
E000780,O-NYC-02-20260313-dairy-003,NYC-02,P-MILK,2026-03-13T16:39:00Z,2026-03-13T16:41:00Z,1,4.40,1.80,0.00,completed
E000781,O-NYC-02-20260313-dairy-004,NYC-02,P-YOGURT,2026-03-13T16:52:00Z,2026-03-13T16:54:00Z,1,4.40,0.95,0.00,completed
E000782,O-NYC-02-20260313-dairy-005,NYC-02,P-MILK,2026-03-13T17:05:00Z,2026-03-13T17:07:00Z,2,4.40,1.80,0.00,completed
E000783,O-NYC-02-20260313-dairy-006,NYC-02,P-YOGURT,2026-03-13T17:18:00Z,2026-03-13T17:20:00Z,1,4.40,0.95,0.00,completed
E000784,O-NYC-02-20260313-dairy-007,NYC-02,P-MILK,2026-03-13T17:31:00Z,2026-03-13T17:33:00Z,1,4.40,1.80,0.00,completed
E000785,O-NYC-02-20260313-dairy-008,NYC-02,P-YOGURT,2026-03-13T17:44:00Z,2026-03-13T17:46:00Z,2,4.40,0.95,0.00,completed
E000786,O-NYC-02-20260313-dairy-009,NYC-02,P-MILK,2026-03-13T17:57:00Z,2026-03-13T17:59:00Z,1,4.40,1.80,0.00,completed
E000787,O-NYC-02-20260313-dairy-010,NYC-02,P-YOGURT,2026-03-13T18:10:00Z,2026-03-13T18:12:00Z,1,4.40,0.95,0.00,completed
E000788,O-NYC-02-20260313-dairy-011,NYC-02,P-MILK,2026-03-13T18:23:00Z,2026-03-13T18:25:00Z,2,4.40,1.80,0.00,completed
E000789,O-NYC-02-20260313-dairy-012,NYC-02,P-YOGURT,2026-03-13T18:36:00Z,2026-03-13T18:38:00Z,1,4.40,0.95,0.00,completed
E000790,O-NYC-02-20260313-dairy-013,NYC-02,P-MILK,2026-03-13T18:49:00Z,2026-03-13T18:51:00Z,1,4.40,1.80,0.00,completed
E000791,O-NYC-02-20260313-dairy-014,NYC-02,P-YOGURT,2026-03-13T19:02:00Z,2026-03-13T19:04:00Z,2,4.40,0.95,0.00,completed
E000792,O-NYC-02-20260313-dairy-015,NYC-02,P-MILK,2026-03-13T19:15:00Z,2026-03-13T19:17:00Z,1,4.40,1.80,0.00,completed
E000793,O-NYC-02-20260313-dairy-016,NYC-02,P-YOGURT,2026-03-13T19:28:00Z,2026-03-13T19:30:00Z,1,4.40,0.95,0.00,completed
E000794,O-NYC-02-20260313-dairy-017,NYC-02,P-MILK,2026-03-13T19:41:00Z,2026-03-13T19:43:00Z,2,4.40,1.80,0.00,completed
E000795,O-NYC-02-20260313-dairy-018,NYC-02,P-YOGURT,2026-03-13T19:54:00Z,2026-03-13T19:56:00Z,1,4.40,0.95,0.00,completed
E000796,O-NYC-02-20260313-pantry-000,NYC-02,P-SAUCE,2026-03-13T16:00:00Z,2026-03-13T16:02:00Z,1,3.60,1.45,0.00,completed
E000797,O-NYC-02-20260313-pantry-001,NYC-02,P-PASTA,2026-03-13T16:13:00Z,2026-03-13T16:15:00Z,1,3.60,1.25,0.00,completed
E000798,O-NYC-02-20260313-pantry-002,NYC-02,P-SAUCE,2026-03-13T16:26:00Z,2026-03-13T16:28:00Z,2,3.60,1.45,0.00,completed
E000799,O-NYC-02-20260313-pantry-003,NYC-02,P-PASTA,2026-03-13T16:39:00Z,2026-03-13T16:41:00Z,1,3.60,1.25,0.00,completed
E000800,O-NYC-02-20260313-pantry-004,NYC-02,P-SAUCE,2026-03-13T16:52:00Z,2026-03-13T16:54:00Z,1,3.60,1.45,0.00,completed
E000801,O-NYC-02-20260313-pantry-005,NYC-02,P-PASTA,2026-03-13T17:05:00Z,2026-03-13T17:07:00Z,2,3.60,1.25,0.00,completed
E000802,O-NYC-02-20260313-pantry-006,NYC-02,P-SAUCE,2026-03-13T17:18:00Z,2026-03-13T17:20:00Z,1,3.60,1.45,0.00,completed
E000803,O-NYC-02-20260313-pantry-007,NYC-02,P-PASTA,2026-03-13T17:31:00Z,2026-03-13T17:33:00Z,1,3.60,1.25,0.00,completed
E000804,O-NYC-02-20260313-pantry-008,NYC-02,P-SAUCE,2026-03-13T17:44:00Z,2026-03-13T17:46:00Z,2,3.60,1.45,0.00,completed
E000805,O-NYC-02-20260313-pantry-009,NYC-02,P-PASTA,2026-03-13T17:57:00Z,2026-03-13T17:59:00Z,1,3.60,1.25,0.00,completed
E000806,O-NYC-02-20260313-pantry-010,NYC-02,P-SAUCE,2026-03-13T18:10:00Z,2026-03-13T18:12:00Z,1,3.60,1.45,0.00,completed
E000807,O-NYC-02-20260313-pantry-011,NYC-02,P-PASTA,2026-03-13T18:23:00Z,2026-03-13T18:25:00Z,2,3.60,1.25,0.00,completed
E000808,O-NYC-02-20260313-pantry-012,NYC-02,P-SAUCE,2026-03-13T18:36:00Z,2026-03-13T18:38:00Z,1,3.60,1.45,0.00,completed
E000809,O-NYC-02-20260313-pantry-013,NYC-02,P-PASTA,2026-03-13T18:49:00Z,2026-03-13T18:51:00Z,1,3.60,1.25,0.00,completed
E000810,O-NYC-02-20260313-pantry-014,NYC-02,P-SAUCE,2026-03-13T19:02:00Z,2026-03-13T19:04:00Z,2,3.60,1.45,0.00,completed
E000811,O-CHI-03-20260313-produce-000,CHI-03,P-BERRY,2026-03-13T17:00:00Z,2026-03-13T17:02:00Z,1,4.15,2.40,0.00,completed
E000812,O-CHI-03-20260313-produce-001,CHI-03,P-APPLE,2026-03-13T17:13:00Z,2026-03-13T17:15:00Z,1,3.80,1.10,0.00,completed
E000813,O-CHI-03-20260313-produce-002,CHI-03,P-BERRY,2026-03-13T17:26:00Z,2026-03-13T17:28:00Z,2,4.15,2.40,0.00,completed
E000814,O-CHI-03-20260313-produce-003,CHI-03,P-APPLE,2026-03-13T17:39:00Z,2026-03-13T17:41:00Z,1,3.80,1.10,0.00,completed
E000815,O-CHI-03-20260313-produce-004,CHI-03,P-BERRY,2026-03-13T17:52:00Z,2026-03-13T17:54:00Z,1,4.15,2.40,0.00,completed
E000816,O-CHI-03-20260313-produce-005,CHI-03,P-APPLE,2026-03-13T18:05:00Z,2026-03-13T18:07:00Z,2,3.80,1.10,0.00,completed
E000817,O-CHI-03-20260313-produce-006,CHI-03,P-BERRY,2026-03-13T18:18:00Z,2026-03-13T18:20:00Z,1,4.15,2.40,0.00,completed
E000818,O-CHI-03-20260313-produce-007,CHI-03,P-APPLE,2026-03-13T18:31:00Z,2026-03-13T18:33:00Z,1,3.80,1.10,0.00,completed
E000819,O-CHI-03-20260313-produce-008,CHI-03,P-BERRY,2026-03-13T18:44:00Z,2026-03-13T18:46:00Z,2,4.15,2.40,0.00,completed
E000820,O-CHI-03-20260313-produce-009,CHI-03,P-APPLE,2026-03-13T18:57:00Z,2026-03-13T18:59:00Z,1,3.80,1.10,0.00,completed
E000821,O-CHI-03-20260313-produce-010,CHI-03,P-BERRY,2026-03-13T19:10:00Z,2026-03-13T19:12:00Z,1,4.15,2.40,0.00,completed
E000822,O-CHI-03-20260313-produce-011,CHI-03,P-APPLE,2026-03-13T19:23:00Z,2026-03-13T19:25:00Z,2,3.80,1.10,0.00,completed
E000823,O-CHI-03-20260313-produce-012,CHI-03,P-BERRY,2026-03-13T19:36:00Z,2026-03-13T19:38:00Z,1,4.15,2.40,0.00,completed
E000824,O-CHI-03-20260313-dairy-000,CHI-03,P-YOGURT,2026-03-13T17:00:00Z,2026-03-13T17:02:00Z,1,4.40,0.95,0.00,completed
E000825,O-CHI-03-20260313-dairy-001,CHI-03,P-MILK,2026-03-13T17:13:00Z,2026-03-13T17:15:00Z,1,4.40,1.80,0.00,completed
E000826,O-CHI-03-20260313-dairy-002,CHI-03,P-YOGURT,2026-03-13T17:26:00Z,2026-03-13T17:28:00Z,2,4.40,0.95,0.00,completed
E000827,O-CHI-03-20260313-dairy-003,CHI-03,P-MILK,2026-03-13T17:39:00Z,2026-03-13T17:41:00Z,1,4.40,1.80,0.00,completed
E000828,O-CHI-03-20260313-dairy-004,CHI-03,P-YOGURT,2026-03-13T17:52:00Z,2026-03-13T17:54:00Z,1,4.40,0.95,0.00,completed
E000829,O-CHI-03-20260313-dairy-005,CHI-03,P-MILK,2026-03-13T18:05:00Z,2026-03-13T18:07:00Z,2,4.40,1.80,0.00,completed
E000830,O-CHI-03-20260313-dairy-006,CHI-03,P-YOGURT,2026-03-13T18:18:00Z,2026-03-13T18:20:00Z,1,4.40,0.95,0.00,completed
E000831,O-CHI-03-20260313-dairy-007,CHI-03,P-MILK,2026-03-13T18:31:00Z,2026-03-13T18:33:00Z,1,4.40,1.80,0.00,completed
E000832,O-CHI-03-20260313-dairy-008,CHI-03,P-YOGURT,2026-03-13T18:44:00Z,2026-03-13T18:46:00Z,2,4.40,0.95,0.00,completed
E000833,O-CHI-03-20260313-dairy-009,CHI-03,P-MILK,2026-03-13T18:57:00Z,2026-03-13T18:59:00Z,1,4.40,1.80,0.00,completed
E000834,O-CHI-03-20260313-dairy-010,CHI-03,P-YOGURT,2026-03-13T19:10:00Z,2026-03-13T19:12:00Z,1,4.40,0.95,0.00,completed
E000835,O-CHI-03-20260313-pantry-000,CHI-03,P-SAUCE,2026-03-13T17:00:00Z,2026-03-13T17:02:00Z,1,3.60,1.45,0.00,completed
E000836,O-CHI-03-20260313-pantry-001,CHI-03,P-PASTA,2026-03-13T17:13:00Z,2026-03-13T17:15:00Z,1,3.60,1.25,0.00,completed
E000837,O-CHI-03-20260313-pantry-002,CHI-03,P-SAUCE,2026-03-13T17:26:00Z,2026-03-13T17:28:00Z,2,3.60,1.45,0.00,completed
E000838,O-CHI-03-20260313-pantry-003,CHI-03,P-PASTA,2026-03-13T17:39:00Z,2026-03-13T17:41:00Z,1,3.60,1.25,0.00,completed
E000839,O-CHI-03-20260313-pantry-004,CHI-03,P-SAUCE,2026-03-13T17:52:00Z,2026-03-13T17:54:00Z,1,3.60,1.45,0.00,completed
E000840,O-CHI-03-20260313-pantry-005,CHI-03,P-PASTA,2026-03-13T18:05:00Z,2026-03-13T18:07:00Z,2,3.60,1.25,0.00,completed
E000841,O-CHI-03-20260313-pantry-006,CHI-03,P-SAUCE,2026-03-13T18:18:00Z,2026-03-13T18:20:00Z,1,3.60,1.45,0.00,completed
E000842,O-CHI-03-20260313-pantry-007,CHI-03,P-PASTA,2026-03-13T18:31:00Z,2026-03-13T18:33:00Z,1,3.60,1.25,0.00,completed
E000843,O-CHI-03-20260313-pantry-008,CHI-03,P-SAUCE,2026-03-13T18:44:00Z,2026-03-13T18:46:00Z,2,3.60,1.45,0.00,completed
E000844,O-PHX-04-20260313-produce-000,PHX-04,P-BERRY,2026-03-13T19:00:00Z,2026-03-13T19:02:00Z,1,4.15,2.40,0.00,completed
E000845,O-PHX-04-20260313-produce-001,PHX-04,P-APPLE,2026-03-13T19:13:00Z,2026-03-13T19:15:00Z,1,3.80,1.10,0.00,completed
E000846,O-PHX-04-20260313-produce-002,PHX-04,P-BERRY,2026-03-13T19:26:00Z,2026-03-13T19:28:00Z,2,4.15,2.40,0.00,completed
E000847,O-PHX-04-20260313-produce-003,PHX-04,P-APPLE,2026-03-13T19:39:00Z,2026-03-13T19:41:00Z,1,3.80,1.10,0.00,completed
E000848,O-PHX-04-20260313-produce-004,PHX-04,P-BERRY,2026-03-13T19:52:00Z,2026-03-13T19:54:00Z,1,4.15,2.40,0.00,completed
E000849,O-PHX-04-20260313-produce-005,PHX-04,P-APPLE,2026-03-13T20:05:00Z,2026-03-13T20:07:00Z,2,3.80,1.10,0.00,completed
E000850,O-PHX-04-20260313-produce-006,PHX-04,P-BERRY,2026-03-13T20:18:00Z,2026-03-13T20:20:00Z,1,4.15,2.40,0.00,completed
E000851,O-PHX-04-20260313-produce-007,PHX-04,P-APPLE,2026-03-13T20:31:00Z,2026-03-13T20:33:00Z,1,3.80,1.10,0.00,completed
E000852,O-PHX-04-20260313-produce-008,PHX-04,P-BERRY,2026-03-13T20:44:00Z,2026-03-13T20:46:00Z,2,4.15,2.40,0.00,completed
E000853,O-PHX-04-20260313-produce-009,PHX-04,P-APPLE,2026-03-13T20:57:00Z,2026-03-13T20:59:00Z,1,3.80,1.10,0.00,completed
E000854,O-PHX-04-20260313-produce-010,PHX-04,P-BERRY,2026-03-13T21:10:00Z,2026-03-13T21:12:00Z,1,4.15,2.40,0.00,completed
E000855,O-PHX-04-20260313-dairy-000,PHX-04,P-YOGURT,2026-03-13T19:00:00Z,2026-03-13T19:02:00Z,1,4.40,0.95,0.00,completed
E000856,O-PHX-04-20260313-dairy-001,PHX-04,P-MILK,2026-03-13T19:13:00Z,2026-03-13T19:15:00Z,1,4.40,1.80,0.00,completed
E000857,O-PHX-04-20260313-dairy-002,PHX-04,P-YOGURT,2026-03-13T19:26:00Z,2026-03-13T19:28:00Z,2,4.40,0.95,0.00,completed
E000858,O-PHX-04-20260313-dairy-003,PHX-04,P-MILK,2026-03-13T19:39:00Z,2026-03-13T19:41:00Z,1,4.40,1.80,0.00,completed
E000859,O-PHX-04-20260313-dairy-004,PHX-04,P-YOGURT,2026-03-13T19:52:00Z,2026-03-13T19:54:00Z,1,4.40,0.95,0.00,completed
E000860,O-PHX-04-20260313-dairy-005,PHX-04,P-MILK,2026-03-13T20:05:00Z,2026-03-13T20:07:00Z,2,4.40,1.80,0.00,completed
E000861,O-PHX-04-20260313-dairy-006,PHX-04,P-YOGURT,2026-03-13T20:18:00Z,2026-03-13T20:20:00Z,1,4.40,0.95,0.00,completed
E000862,O-PHX-04-20260313-dairy-007,PHX-04,P-MILK,2026-03-13T20:31:00Z,2026-03-13T20:33:00Z,1,4.40,1.80,0.00,completed
E000863,O-PHX-04-20260313-dairy-008,PHX-04,P-YOGURT,2026-03-13T20:44:00Z,2026-03-13T20:46:00Z,2,4.40,0.95,0.00,completed
E000864,O-PHX-04-20260313-pantry-000,PHX-04,P-SAUCE,2026-03-13T19:00:00Z,2026-03-13T19:02:00Z,1,3.60,1.45,0.00,completed
E000865,O-PHX-04-20260313-pantry-001,PHX-04,P-PASTA,2026-03-13T19:13:00Z,2026-03-13T19:15:00Z,1,3.60,1.25,0.00,completed
E000866,O-PHX-04-20260313-pantry-002,PHX-04,P-SAUCE,2026-03-13T19:26:00Z,2026-03-13T19:28:00Z,2,3.60,1.45,0.00,completed
E000867,O-PHX-04-20260313-pantry-003,PHX-04,P-PASTA,2026-03-13T19:39:00Z,2026-03-13T19:41:00Z,1,3.60,1.25,0.00,completed
E000868,O-PHX-04-20260313-pantry-004,PHX-04,P-SAUCE,2026-03-13T19:52:00Z,2026-03-13T19:54:00Z,1,3.60,1.45,0.00,completed
E000869,O-PHX-04-20260313-pantry-005,PHX-04,P-PASTA,2026-03-13T20:05:00Z,2026-03-13T20:07:00Z,2,3.60,1.25,0.00,completed
E000870,O-PHX-04-20260313-pantry-006,PHX-04,P-SAUCE,2026-03-13T20:18:00Z,2026-03-13T20:20:00Z,1,3.60,1.45,0.00,completed
E000871,O-PHX-04-20260313-pantry-007,PHX-04,P-PASTA,2026-03-13T20:31:00Z,2026-03-13T20:33:00Z,1,3.60,1.25,0.00,completed
E000872,O-SFO-01-20260314-produce-000,SFO-01,P-APPLE,2026-03-14T19:00:00Z,2026-03-14T19:02:00Z,1,3.80,1.10,0.00,completed
E000873,O-SFO-01-20260314-produce-001,SFO-01,P-BERRY,2026-03-14T19:13:00Z,2026-03-14T19:15:00Z,2,4.15,2.40,0.00,completed
E000874,O-SFO-01-20260314-produce-002,SFO-01,P-APPLE,2026-03-14T19:26:00Z,2026-03-14T19:28:00Z,1,3.80,1.10,0.00,completed
E000875,O-SFO-01-20260314-produce-003,SFO-01,P-BERRY,2026-03-14T19:39:00Z,2026-03-14T19:41:00Z,1,4.15,2.40,0.00,completed
E000876,O-SFO-01-20260314-produce-004,SFO-01,P-APPLE,2026-03-14T19:52:00Z,2026-03-14T19:54:00Z,2,3.80,1.10,0.00,completed
E000877,O-SFO-01-20260314-produce-005,SFO-01,P-BERRY,2026-03-14T20:05:00Z,2026-03-14T20:07:00Z,1,4.15,2.40,0.00,completed
E000878,O-SFO-01-20260314-produce-006,SFO-01,P-APPLE,2026-03-14T20:18:00Z,2026-03-14T20:20:00Z,1,3.80,1.10,0.00,completed
E000879,O-SFO-01-20260314-produce-007,SFO-01,P-BERRY,2026-03-14T20:31:00Z,2026-03-14T20:33:00Z,2,4.15,2.40,0.00,completed
E000880,O-SFO-01-20260314-produce-008,SFO-01,P-APPLE,2026-03-14T20:44:00Z,2026-03-14T20:46:00Z,1,3.80,1.10,0.00,completed
E000881,O-SFO-01-20260314-produce-009,SFO-01,P-BERRY,2026-03-14T20:57:00Z,2026-03-14T20:59:00Z,1,4.15,2.40,0.00,completed
E000882,O-SFO-01-20260314-produce-010,SFO-01,P-APPLE,2026-03-14T21:10:00Z,2026-03-14T21:12:00Z,2,3.80,1.10,0.00,completed
E000883,O-SFO-01-20260314-produce-011,SFO-01,P-BERRY,2026-03-14T21:23:00Z,2026-03-14T21:25:00Z,1,4.15,2.40,0.00,completed
E000884,O-SFO-01-20260314-produce-012,SFO-01,P-APPLE,2026-03-14T21:36:00Z,2026-03-14T21:38:00Z,1,3.80,1.10,0.00,completed
E000885,O-SFO-01-20260314-produce-013,SFO-01,P-BERRY,2026-03-14T21:49:00Z,2026-03-14T21:51:00Z,2,4.15,2.40,0.00,completed
E000886,O-SFO-01-20260314-produce-014,SFO-01,P-APPLE,2026-03-14T22:02:00Z,2026-03-14T22:04:00Z,1,3.80,1.10,0.00,completed
E000887,O-SFO-01-20260314-produce-015,SFO-01,P-BERRY,2026-03-14T22:15:00Z,2026-03-14T22:17:00Z,1,4.15,2.40,0.00,completed
E000888,O-SFO-01-20260314-produce-016,SFO-01,P-APPLE,2026-03-14T22:28:00Z,2026-03-14T22:30:00Z,2,3.80,1.10,0.00,completed
E000889,O-SFO-01-20260314-produce-017,SFO-01,P-BERRY,2026-03-14T22:41:00Z,2026-03-14T22:43:00Z,1,4.15,2.40,0.00,completed
E000890,O-SFO-01-20260314-dairy-000,SFO-01,P-MILK,2026-03-14T19:00:00Z,2026-03-14T19:02:00Z,1,4.40,1.80,0.00,completed
E000891,O-SFO-01-20260314-dairy-001,SFO-01,P-YOGURT,2026-03-14T19:13:00Z,2026-03-14T19:15:00Z,2,4.40,0.95,0.00,completed
E000892,O-SFO-01-20260314-dairy-002,SFO-01,P-MILK,2026-03-14T19:26:00Z,2026-03-14T19:28:00Z,1,4.40,1.80,0.00,completed
E000893,O-SFO-01-20260314-dairy-003,SFO-01,P-YOGURT,2026-03-14T19:39:00Z,2026-03-14T19:41:00Z,1,4.40,0.95,0.00,completed
E000894,O-SFO-01-20260314-dairy-004,SFO-01,P-MILK,2026-03-14T19:52:00Z,2026-03-14T19:54:00Z,2,4.40,1.80,0.00,completed
E000895,O-SFO-01-20260314-dairy-005,SFO-01,P-YOGURT,2026-03-14T20:05:00Z,2026-03-14T20:07:00Z,1,4.40,0.95,0.00,completed
E000896,O-SFO-01-20260314-dairy-006,SFO-01,P-MILK,2026-03-14T20:18:00Z,2026-03-14T20:20:00Z,1,4.40,1.80,0.00,completed
E000897,O-SFO-01-20260314-dairy-007,SFO-01,P-YOGURT,2026-03-14T20:31:00Z,2026-03-14T20:33:00Z,2,4.40,0.95,0.00,completed
E000898,O-SFO-01-20260314-dairy-008,SFO-01,P-MILK,2026-03-14T20:44:00Z,2026-03-14T20:46:00Z,1,4.40,1.80,0.00,completed
E000899,O-SFO-01-20260314-dairy-009,SFO-01,P-YOGURT,2026-03-14T20:57:00Z,2026-03-14T20:59:00Z,1,4.40,0.95,0.00,completed
E000900,O-SFO-01-20260314-dairy-010,SFO-01,P-MILK,2026-03-14T21:10:00Z,2026-03-14T21:12:00Z,2,4.40,1.80,0.00,completed
E000901,O-SFO-01-20260314-dairy-011,SFO-01,P-YOGURT,2026-03-14T21:23:00Z,2026-03-14T21:25:00Z,1,4.40,0.95,0.00,completed
E000902,O-SFO-01-20260314-dairy-012,SFO-01,P-MILK,2026-03-14T21:36:00Z,2026-03-14T21:38:00Z,1,4.40,1.80,0.00,completed
E000903,O-SFO-01-20260314-dairy-013,SFO-01,P-YOGURT,2026-03-14T21:49:00Z,2026-03-14T21:51:00Z,2,4.40,0.95,0.00,completed
E000904,O-SFO-01-20260314-dairy-014,SFO-01,P-MILK,2026-03-14T22:02:00Z,2026-03-14T22:04:00Z,1,4.40,1.80,0.00,completed
E000905,O-SFO-01-20260314-pantry-000,SFO-01,P-PASTA,2026-03-14T19:00:00Z,2026-03-14T19:02:00Z,1,3.60,1.25,0.00,completed
E000906,O-SFO-01-20260314-pantry-001,SFO-01,P-SAUCE,2026-03-14T19:13:00Z,2026-03-14T19:15:00Z,2,3.60,1.45,0.00,completed
E000907,O-SFO-01-20260314-pantry-002,SFO-01,P-PASTA,2026-03-14T19:26:00Z,2026-03-14T19:28:00Z,1,3.60,1.25,0.00,completed
E000908,O-SFO-01-20260314-pantry-003,SFO-01,P-SAUCE,2026-03-14T19:39:00Z,2026-03-14T19:41:00Z,1,3.60,1.45,0.00,completed
E000909,O-SFO-01-20260314-pantry-004,SFO-01,P-PASTA,2026-03-14T19:52:00Z,2026-03-14T19:54:00Z,2,3.60,1.25,0.00,completed
E000910,O-SFO-01-20260314-pantry-005,SFO-01,P-SAUCE,2026-03-14T20:05:00Z,2026-03-14T20:07:00Z,1,3.60,1.45,0.00,completed
E000911,O-SFO-01-20260314-pantry-006,SFO-01,P-PASTA,2026-03-14T20:18:00Z,2026-03-14T20:20:00Z,1,3.60,1.25,0.00,completed
E000912,O-SFO-01-20260314-pantry-007,SFO-01,P-SAUCE,2026-03-14T20:31:00Z,2026-03-14T20:33:00Z,2,3.60,1.45,0.00,completed
E000913,O-SFO-01-20260314-pantry-008,SFO-01,P-PASTA,2026-03-14T20:44:00Z,2026-03-14T20:46:00Z,1,3.60,1.25,0.00,completed
E000914,O-SFO-01-20260314-pantry-009,SFO-01,P-SAUCE,2026-03-14T20:57:00Z,2026-03-14T20:59:00Z,1,3.60,1.45,0.00,completed
E000915,O-SFO-01-20260314-pantry-010,SFO-01,P-PASTA,2026-03-14T21:10:00Z,2026-03-14T21:12:00Z,2,3.60,1.25,0.00,completed
E000916,O-SFO-01-20260314-pantry-011,SFO-01,P-SAUCE,2026-03-14T21:23:00Z,2026-03-14T21:25:00Z,1,3.60,1.45,0.00,completed
E000917,O-NYC-02-20260314-produce-000,NYC-02,P-APPLE,2026-03-14T16:00:00Z,2026-03-14T16:02:00Z,1,3.80,1.10,0.00,completed
E000918,O-NYC-02-20260314-produce-001,NYC-02,P-BERRY,2026-03-14T16:13:00Z,2026-03-14T16:15:00Z,2,4.15,2.40,0.00,completed
E000919,O-NYC-02-20260314-produce-002,NYC-02,P-APPLE,2026-03-14T16:26:00Z,2026-03-14T16:28:00Z,1,3.80,1.10,0.00,completed
E000920,O-NYC-02-20260314-produce-003,NYC-02,P-BERRY,2026-03-14T16:39:00Z,2026-03-14T16:41:00Z,1,4.15,2.40,0.00,completed
E000921,O-NYC-02-20260314-produce-004,NYC-02,P-APPLE,2026-03-14T16:52:00Z,2026-03-14T16:54:00Z,2,3.80,1.10,0.00,completed
E000922,O-NYC-02-20260314-produce-005,NYC-02,P-BERRY,2026-03-14T17:05:00Z,2026-03-14T17:07:00Z,1,4.15,2.40,0.00,completed
E000923,O-NYC-02-20260314-produce-006,NYC-02,P-APPLE,2026-03-14T17:18:00Z,2026-03-14T17:20:00Z,1,3.80,1.10,0.00,completed
E000924,O-NYC-02-20260314-produce-007,NYC-02,P-BERRY,2026-03-14T17:31:00Z,2026-03-14T17:33:00Z,2,4.15,2.40,0.00,completed
E000925,O-NYC-02-20260314-produce-008,NYC-02,P-APPLE,2026-03-14T17:44:00Z,2026-03-14T17:46:00Z,1,3.80,1.10,0.00,completed
E000926,O-NYC-02-20260314-produce-009,NYC-02,P-BERRY,2026-03-14T17:57:00Z,2026-03-14T17:59:00Z,1,4.15,2.40,0.00,completed
E000927,O-NYC-02-20260314-produce-010,NYC-02,P-APPLE,2026-03-14T18:10:00Z,2026-03-14T18:12:00Z,2,3.80,1.10,0.00,completed
E000928,O-NYC-02-20260314-produce-011,NYC-02,P-BERRY,2026-03-14T18:23:00Z,2026-03-14T18:25:00Z,1,4.15,2.40,0.00,completed
E000929,O-NYC-02-20260314-produce-012,NYC-02,P-APPLE,2026-03-14T18:36:00Z,2026-03-14T18:38:00Z,1,3.80,1.10,0.00,completed
E000930,O-NYC-02-20260314-produce-013,NYC-02,P-BERRY,2026-03-14T18:49:00Z,2026-03-14T18:51:00Z,2,4.15,2.40,0.00,completed
E000931,O-NYC-02-20260314-produce-014,NYC-02,P-APPLE,2026-03-14T19:02:00Z,2026-03-14T19:04:00Z,1,3.80,1.10,0.00,completed
E000932,O-NYC-02-20260314-produce-015,NYC-02,P-BERRY,2026-03-14T19:15:00Z,2026-03-14T19:17:00Z,1,4.15,2.40,0.00,completed
E000933,O-NYC-02-20260314-produce-016,NYC-02,P-APPLE,2026-03-14T19:28:00Z,2026-03-14T19:30:00Z,2,3.80,1.10,0.00,completed
E000934,O-NYC-02-20260314-produce-017,NYC-02,P-BERRY,2026-03-14T19:41:00Z,2026-03-14T19:43:00Z,1,4.15,2.40,0.00,completed
E000935,O-NYC-02-20260314-produce-018,NYC-02,P-APPLE,2026-03-14T19:54:00Z,2026-03-14T19:56:00Z,1,3.80,1.10,0.00,completed
E000936,O-NYC-02-20260314-produce-019,NYC-02,P-BERRY,2026-03-14T20:07:00Z,2026-03-14T20:09:00Z,2,4.15,2.40,0.00,completed
E000937,O-NYC-02-20260314-produce-020,NYC-02,P-APPLE,2026-03-14T20:20:00Z,2026-03-14T20:22:00Z,1,3.80,1.10,0.00,cancelled
E000938,O-NYC-02-20260314-produce-021,NYC-02,P-BERRY,2026-03-14T20:33:00Z,2026-03-14T20:35:00Z,1,4.15,2.40,0.00,completed
E000939,O-NYC-02-20260314-dairy-000,NYC-02,P-MILK,2026-03-14T16:00:00Z,2026-03-14T16:02:00Z,1,4.40,1.80,0.00,completed
E000940,O-NYC-02-20260314-dairy-001,NYC-02,P-YOGURT,2026-03-14T16:13:00Z,2026-03-14T16:15:00Z,2,4.40,0.95,0.00,completed
E000941,O-NYC-02-20260314-dairy-002,NYC-02,P-MILK,2026-03-14T16:26:00Z,2026-03-14T16:28:00Z,1,4.40,1.80,0.00,completed
E000942,O-NYC-02-20260314-dairy-003,NYC-02,P-YOGURT,2026-03-14T16:39:00Z,2026-03-14T16:41:00Z,1,4.40,0.95,0.00,completed
E000943,O-NYC-02-20260314-dairy-004,NYC-02,P-MILK,2026-03-14T16:52:00Z,2026-03-14T16:54:00Z,2,4.40,1.80,0.00,completed
E000944,O-NYC-02-20260314-dairy-005,NYC-02,P-YOGURT,2026-03-14T17:05:00Z,2026-03-14T17:07:00Z,1,4.40,0.95,0.00,completed
E000945,O-NYC-02-20260314-dairy-006,NYC-02,P-MILK,2026-03-14T17:18:00Z,2026-03-14T17:20:00Z,1,4.40,1.80,0.00,completed
E000946,O-NYC-02-20260314-dairy-007,NYC-02,P-YOGURT,2026-03-14T17:31:00Z,2026-03-14T17:33:00Z,2,4.40,0.95,0.00,completed
E000947,O-NYC-02-20260314-dairy-008,NYC-02,P-MILK,2026-03-14T17:44:00Z,2026-03-14T17:46:00Z,1,4.40,1.80,0.00,completed
E000948,O-NYC-02-20260314-dairy-009,NYC-02,P-YOGURT,2026-03-14T17:57:00Z,2026-03-14T17:59:00Z,1,4.40,0.95,0.00,completed
E000949,O-NYC-02-20260314-dairy-010,NYC-02,P-MILK,2026-03-14T18:10:00Z,2026-03-14T18:12:00Z,2,4.40,1.80,0.00,completed
E000950,O-NYC-02-20260314-dairy-011,NYC-02,P-YOGURT,2026-03-14T18:23:00Z,2026-03-14T18:25:00Z,1,4.40,0.95,0.00,completed
E000951,O-NYC-02-20260314-dairy-012,NYC-02,P-MILK,2026-03-14T18:36:00Z,2026-03-14T18:38:00Z,1,4.40,1.80,0.00,completed
E000952,O-NYC-02-20260314-dairy-013,NYC-02,P-YOGURT,2026-03-14T18:49:00Z,2026-03-14T18:51:00Z,2,4.40,0.95,0.00,completed
E000953,O-NYC-02-20260314-dairy-014,NYC-02,P-MILK,2026-03-14T19:02:00Z,2026-03-14T19:04:00Z,1,4.40,1.80,0.00,completed
E000954,O-NYC-02-20260314-dairy-015,NYC-02,P-YOGURT,2026-03-14T19:15:00Z,2026-03-14T19:17:00Z,1,4.40,0.95,0.00,completed
E000955,O-NYC-02-20260314-dairy-016,NYC-02,P-MILK,2026-03-14T19:28:00Z,2026-03-14T19:30:00Z,2,4.40,1.80,0.00,completed
E000956,O-NYC-02-20260314-dairy-017,NYC-02,P-YOGURT,2026-03-14T19:41:00Z,2026-03-14T19:43:00Z,1,4.40,0.95,0.00,completed
E000957,O-NYC-02-20260314-pantry-000,NYC-02,P-PASTA,2026-03-14T16:00:00Z,2026-03-14T16:02:00Z,1,3.60,1.25,0.00,completed
E000958,O-NYC-02-20260314-pantry-001,NYC-02,P-SAUCE,2026-03-14T16:13:00Z,2026-03-14T16:15:00Z,2,3.60,1.45,0.00,completed
E000959,O-NYC-02-20260314-pantry-002,NYC-02,P-PASTA,2026-03-14T16:26:00Z,2026-03-14T16:28:00Z,1,3.60,1.25,0.00,completed
E000960,O-NYC-02-20260314-pantry-003,NYC-02,P-SAUCE,2026-03-14T16:39:00Z,2026-03-14T16:41:00Z,1,3.60,1.45,0.00,completed
E000961,O-NYC-02-20260314-pantry-004,NYC-02,P-PASTA,2026-03-14T16:52:00Z,2026-03-14T16:54:00Z,2,3.60,1.25,0.00,completed
E000962,O-NYC-02-20260314-pantry-005,NYC-02,P-SAUCE,2026-03-14T17:05:00Z,2026-03-14T17:07:00Z,1,3.60,1.45,0.00,completed
E000963,O-NYC-02-20260314-pantry-006,NYC-02,P-PASTA,2026-03-14T17:18:00Z,2026-03-14T17:20:00Z,1,3.60,1.25,0.00,completed
E000964,O-NYC-02-20260314-pantry-007,NYC-02,P-SAUCE,2026-03-14T17:31:00Z,2026-03-14T17:33:00Z,2,3.60,1.45,0.00,completed
E000965,O-NYC-02-20260314-pantry-008,NYC-02,P-PASTA,2026-03-14T17:44:00Z,2026-03-14T17:46:00Z,1,3.60,1.25,0.00,completed
E000966,O-NYC-02-20260314-pantry-009,NYC-02,P-SAUCE,2026-03-14T17:57:00Z,2026-03-14T17:59:00Z,1,3.60,1.45,0.00,completed
E000967,O-NYC-02-20260314-pantry-010,NYC-02,P-PASTA,2026-03-14T18:10:00Z,2026-03-14T18:12:00Z,2,3.60,1.25,0.00,completed
E000968,O-NYC-02-20260314-pantry-011,NYC-02,P-SAUCE,2026-03-14T18:23:00Z,2026-03-14T18:25:00Z,1,3.60,1.45,0.00,completed
E000969,O-NYC-02-20260314-pantry-012,NYC-02,P-PASTA,2026-03-14T18:36:00Z,2026-03-14T18:38:00Z,1,3.60,1.25,0.00,completed
E000970,O-NYC-02-20260314-pantry-013,NYC-02,P-SAUCE,2026-03-14T18:49:00Z,2026-03-14T18:51:00Z,2,3.60,1.45,0.00,completed
E000971,O-NYC-02-20260314-pantry-014,NYC-02,P-PASTA,2026-03-14T19:02:00Z,2026-03-14T19:04:00Z,1,3.60,1.25,0.00,completed
E000972,O-CHI-03-20260314-produce-000,CHI-03,P-APPLE,2026-03-14T17:00:00Z,2026-03-14T17:02:00Z,1,3.80,1.10,0.00,completed
E000973,O-CHI-03-20260314-produce-001,CHI-03,P-BERRY,2026-03-14T17:13:00Z,2026-03-14T17:15:00Z,2,4.15,2.40,0.00,completed
E000974,O-CHI-03-20260314-produce-002,CHI-03,P-APPLE,2026-03-14T17:26:00Z,2026-03-14T17:28:00Z,1,3.80,1.10,0.00,completed
E000975,O-CHI-03-20260314-produce-003,CHI-03,P-BERRY,2026-03-14T17:39:00Z,2026-03-14T17:41:00Z,1,4.15,2.40,0.00,completed
E000976,O-CHI-03-20260314-produce-004,CHI-03,P-APPLE,2026-03-14T17:52:00Z,2026-03-14T17:54:00Z,2,3.80,1.10,0.00,completed
E000977,O-CHI-03-20260314-produce-005,CHI-03,P-BERRY,2026-03-14T18:05:00Z,2026-03-14T18:07:00Z,1,4.15,2.40,0.00,completed
E000978,O-CHI-03-20260314-produce-006,CHI-03,P-APPLE,2026-03-14T18:18:00Z,2026-03-14T18:20:00Z,1,3.80,1.10,0.00,completed
E000979,O-CHI-03-20260314-produce-007,CHI-03,P-BERRY,2026-03-14T18:31:00Z,2026-03-14T18:33:00Z,2,4.15,2.40,0.00,completed
E000980,O-CHI-03-20260314-produce-008,CHI-03,P-APPLE,2026-03-14T18:44:00Z,2026-03-14T18:46:00Z,1,3.80,1.10,0.00,completed
E000981,O-CHI-03-20260314-produce-009,CHI-03,P-BERRY,2026-03-14T18:57:00Z,2026-03-14T18:59:00Z,1,4.15,2.40,0.00,completed
E000982,O-CHI-03-20260314-produce-010,CHI-03,P-APPLE,2026-03-14T19:10:00Z,2026-03-14T19:12:00Z,2,3.80,1.10,0.00,completed
E000983,O-CHI-03-20260314-produce-011,CHI-03,P-BERRY,2026-03-14T19:23:00Z,2026-03-14T19:25:00Z,1,4.15,2.40,0.00,completed
E000984,O-CHI-03-20260314-produce-012,CHI-03,P-APPLE,2026-03-14T19:36:00Z,2026-03-14T19:38:00Z,1,3.80,1.10,0.00,completed
E000985,O-CHI-03-20260314-dairy-000,CHI-03,P-MILK,2026-03-14T17:00:00Z,2026-03-14T17:02:00Z,1,4.40,1.80,0.00,completed
E000986,O-CHI-03-20260314-dairy-001,CHI-03,P-YOGURT,2026-03-14T17:13:00Z,2026-03-14T17:15:00Z,2,4.40,0.95,0.00,completed
E000987,O-CHI-03-20260314-dairy-002,CHI-03,P-MILK,2026-03-14T17:26:00Z,2026-03-14T17:28:00Z,1,4.40,1.80,0.00,completed
E000988,O-CHI-03-20260314-dairy-003,CHI-03,P-YOGURT,2026-03-14T17:39:00Z,2026-03-14T17:41:00Z,1,4.40,0.95,0.00,completed
E000989,O-CHI-03-20260314-dairy-004,CHI-03,P-MILK,2026-03-14T17:52:00Z,2026-03-14T17:54:00Z,2,4.40,1.80,0.00,completed
E000990,O-CHI-03-20260314-dairy-005,CHI-03,P-YOGURT,2026-03-14T18:05:00Z,2026-03-14T18:07:00Z,1,4.40,0.95,0.00,completed
E000991,O-CHI-03-20260314-dairy-006,CHI-03,P-MILK,2026-03-14T18:18:00Z,2026-03-14T18:20:00Z,1,4.40,1.80,0.00,completed
E000992,O-CHI-03-20260314-dairy-007,CHI-03,P-YOGURT,2026-03-14T18:31:00Z,2026-03-14T18:33:00Z,2,4.40,0.95,0.00,completed
E000993,O-CHI-03-20260314-dairy-008,CHI-03,P-MILK,2026-03-14T18:44:00Z,2026-03-14T18:46:00Z,1,4.40,1.80,0.00,completed
E000994,O-CHI-03-20260314-dairy-009,CHI-03,P-YOGURT,2026-03-14T18:57:00Z,2026-03-14T18:59:00Z,1,4.40,0.95,0.00,completed
E000995,O-CHI-03-20260314-dairy-010,CHI-03,P-MILK,2026-03-14T19:10:00Z,2026-03-14T19:12:00Z,2,4.40,1.80,0.00,completed
E000996,O-CHI-03-20260314-pantry-000,CHI-03,P-PASTA,2026-03-14T17:00:00Z,2026-03-14T17:02:00Z,1,3.60,1.25,0.00,completed
E000997,O-CHI-03-20260314-pantry-001,CHI-03,P-SAUCE,2026-03-14T17:13:00Z,2026-03-14T17:15:00Z,2,3.60,1.45,0.00,completed
E000998,O-CHI-03-20260314-pantry-002,CHI-03,P-PASTA,2026-03-14T17:26:00Z,2026-03-14T17:28:00Z,1,3.60,1.25,0.00,completed
E000999,O-CHI-03-20260314-pantry-003,CHI-03,P-SAUCE,2026-03-14T17:39:00Z,2026-03-14T17:41:00Z,1,3.60,1.45,0.00,completed
E001000,O-CHI-03-20260314-pantry-004,CHI-03,P-PASTA,2026-03-14T17:52:00Z,2026-03-14T17:54:00Z,2,3.60,1.25,0.00,completed
E001001,O-CHI-03-20260314-pantry-005,CHI-03,P-SAUCE,2026-03-14T18:05:00Z,2026-03-14T18:07:00Z,1,3.60,1.45,0.00,completed
E001002,O-CHI-03-20260314-pantry-006,CHI-03,P-PASTA,2026-03-14T18:18:00Z,2026-03-14T18:20:00Z,1,3.60,1.25,0.00,completed
E001003,O-CHI-03-20260314-pantry-007,CHI-03,P-SAUCE,2026-03-14T18:31:00Z,2026-03-14T18:33:00Z,2,3.60,1.45,0.00,completed
E001004,O-CHI-03-20260314-pantry-008,CHI-03,P-PASTA,2026-03-14T18:44:00Z,2026-03-14T18:46:00Z,1,3.60,1.25,0.00,completed
E001005,O-PHX-04-20260314-produce-000,PHX-04,P-APPLE,2026-03-14T19:00:00Z,2026-03-14T19:02:00Z,1,3.80,1.10,0.00,completed
E001006,O-PHX-04-20260314-produce-001,PHX-04,P-BERRY,2026-03-14T19:13:00Z,2026-03-14T19:15:00Z,2,4.15,2.40,0.00,completed
E001007,O-PHX-04-20260314-produce-002,PHX-04,P-APPLE,2026-03-14T19:26:00Z,2026-03-14T19:28:00Z,1,3.80,1.10,0.00,completed
E001008,O-PHX-04-20260314-produce-003,PHX-04,P-BERRY,2026-03-14T19:39:00Z,2026-03-14T19:41:00Z,1,4.15,2.40,0.00,completed
E001009,O-PHX-04-20260314-produce-004,PHX-04,P-APPLE,2026-03-14T19:52:00Z,2026-03-14T19:54:00Z,2,3.80,1.10,0.00,completed
E001010,O-PHX-04-20260314-produce-005,PHX-04,P-BERRY,2026-03-14T20:05:00Z,2026-03-14T20:07:00Z,1,4.15,2.40,0.00,completed
E001011,O-PHX-04-20260314-produce-006,PHX-04,P-APPLE,2026-03-14T20:18:00Z,2026-03-14T20:20:00Z,1,3.80,1.10,0.00,completed
E001012,O-PHX-04-20260314-produce-007,PHX-04,P-BERRY,2026-03-14T20:31:00Z,2026-03-14T20:33:00Z,2,4.15,2.40,0.00,completed
E001013,O-PHX-04-20260314-produce-008,PHX-04,P-APPLE,2026-03-14T20:44:00Z,2026-03-14T20:46:00Z,1,3.80,1.10,0.00,completed
E001014,O-PHX-04-20260314-produce-009,PHX-04,P-BERRY,2026-03-14T20:57:00Z,2026-03-14T20:59:00Z,1,4.15,2.40,0.00,completed
E001015,O-PHX-04-20260314-produce-010,PHX-04,P-APPLE,2026-03-14T21:10:00Z,2026-03-14T21:12:00Z,2,3.80,1.10,0.00,completed
E001016,O-PHX-04-20260314-dairy-000,PHX-04,P-MILK,2026-03-14T19:00:00Z,2026-03-14T19:02:00Z,1,4.40,1.80,0.00,completed
E001017,O-PHX-04-20260314-dairy-001,PHX-04,P-YOGURT,2026-03-14T19:13:00Z,2026-03-14T19:15:00Z,2,4.40,0.95,0.00,completed
E001018,O-PHX-04-20260314-dairy-002,PHX-04,P-MILK,2026-03-14T19:26:00Z,2026-03-14T19:28:00Z,1,4.40,1.80,0.00,completed
E001019,O-PHX-04-20260314-dairy-003,PHX-04,P-YOGURT,2026-03-14T19:39:00Z,2026-03-14T19:41:00Z,1,4.40,0.95,0.00,completed
E001020,O-PHX-04-20260314-dairy-004,PHX-04,P-MILK,2026-03-14T19:52:00Z,2026-03-14T19:54:00Z,2,4.40,1.80,0.00,completed
E001021,O-PHX-04-20260314-dairy-005,PHX-04,P-YOGURT,2026-03-14T20:05:00Z,2026-03-14T20:07:00Z,1,4.40,0.95,0.00,completed
E001022,O-PHX-04-20260314-dairy-006,PHX-04,P-MILK,2026-03-14T20:18:00Z,2026-03-14T20:20:00Z,1,4.40,1.80,0.00,completed
E001023,O-PHX-04-20260314-dairy-007,PHX-04,P-YOGURT,2026-03-14T20:31:00Z,2026-03-14T20:33:00Z,2,4.40,0.95,0.00,completed
E001024,O-PHX-04-20260314-dairy-008,PHX-04,P-MILK,2026-03-14T20:44:00Z,2026-03-14T20:46:00Z,1,4.40,1.80,0.00,completed
E001025,O-PHX-04-20260314-pantry-000,PHX-04,P-PASTA,2026-03-14T19:00:00Z,2026-03-14T19:02:00Z,1,3.60,1.25,0.00,completed
E001026,O-PHX-04-20260314-pantry-001,PHX-04,P-SAUCE,2026-03-14T19:13:00Z,2026-03-14T19:15:00Z,2,3.60,1.45,0.00,completed
E001027,O-PHX-04-20260314-pantry-002,PHX-04,P-PASTA,2026-03-14T19:26:00Z,2026-03-14T19:28:00Z,1,3.60,1.25,0.00,completed
E001028,O-PHX-04-20260314-pantry-003,PHX-04,P-SAUCE,2026-03-14T19:39:00Z,2026-03-14T19:41:00Z,1,3.60,1.45,0.00,completed
E001029,O-PHX-04-20260314-pantry-004,PHX-04,P-PASTA,2026-03-14T19:52:00Z,2026-03-14T19:54:00Z,2,3.60,1.25,0.00,completed
E001030,O-PHX-04-20260314-pantry-005,PHX-04,P-SAUCE,2026-03-14T20:05:00Z,2026-03-14T20:07:00Z,1,3.60,1.45,0.00,completed
E001031,O-PHX-04-20260314-pantry-006,PHX-04,P-PASTA,2026-03-14T20:18:00Z,2026-03-14T20:20:00Z,1,3.60,1.25,0.00,completed
E001032,O-PHX-04-20260314-pantry-007,PHX-04,P-SAUCE,2026-03-14T20:31:00Z,2026-03-14T20:33:00Z,2,3.60,1.45,0.00,completed
E001033,O-SFO-01-20260315-produce-000,SFO-01,P-BERRY,2026-03-15T19:00:00Z,2026-03-15T19:02:00Z,2,4.15,2.40,0.91,completed
E001034,O-SFO-01-20260315-produce-001,SFO-01,P-APPLE,2026-03-15T19:13:00Z,2026-03-15T19:15:00Z,1,3.80,1.10,0.42,completed
E001035,O-SFO-01-20260315-produce-002,SFO-01,P-BERRY,2026-03-15T19:26:00Z,2026-03-15T19:28:00Z,1,4.15,2.40,0.46,completed
E001036,O-SFO-01-20260315-produce-003,SFO-01,P-APPLE,2026-03-15T19:39:00Z,2026-03-15T19:41:00Z,2,3.80,1.10,0.84,completed
E001037,O-SFO-01-20260315-produce-004,SFO-01,P-BERRY,2026-03-15T19:52:00Z,2026-03-15T19:54:00Z,1,4.15,2.40,0.46,completed
E001038,O-SFO-01-20260315-produce-005,SFO-01,P-APPLE,2026-03-15T20:05:00Z,2026-03-15T20:07:00Z,1,3.80,1.10,0.42,completed
E001039,O-SFO-01-20260315-produce-006,SFO-01,P-BERRY,2026-03-15T20:18:00Z,2026-03-15T20:20:00Z,2,4.15,2.40,0.91,completed
E001040,O-SFO-01-20260315-produce-007,SFO-01,P-APPLE,2026-03-15T20:31:00Z,2026-03-15T20:33:00Z,1,3.80,1.10,0.42,completed
E001041,O-SFO-01-20260315-produce-008,SFO-01,P-BERRY,2026-03-15T20:44:00Z,2026-03-15T20:46:00Z,1,4.15,2.40,0.46,completed
E001042,O-SFO-01-20260315-produce-009,SFO-01,P-APPLE,2026-03-15T20:57:00Z,2026-03-15T20:59:00Z,2,3.80,1.10,0.84,completed
E001043,O-SFO-01-20260315-produce-010,SFO-01,P-BERRY,2026-03-15T21:10:00Z,2026-03-15T21:12:00Z,1,4.15,2.40,0.46,completed
E001044,O-SFO-01-20260315-produce-011,SFO-01,P-APPLE,2026-03-15T21:23:00Z,2026-03-15T21:25:00Z,1,3.80,1.10,0.42,completed
E001045,O-SFO-01-20260315-produce-012,SFO-01,P-BERRY,2026-03-15T21:36:00Z,2026-03-15T21:38:00Z,2,4.15,2.40,0.91,completed
E001046,O-SFO-01-20260315-produce-013,SFO-01,P-APPLE,2026-03-15T21:49:00Z,2026-03-15T21:51:00Z,1,3.80,1.10,0.42,completed
E001047,O-SFO-01-20260315-produce-014,SFO-01,P-BERRY,2026-03-15T22:02:00Z,2026-03-15T22:04:00Z,1,4.15,2.40,0.46,completed
E001048,O-SFO-01-20260315-produce-015,SFO-01,P-APPLE,2026-03-15T22:15:00Z,2026-03-15T22:17:00Z,2,3.80,1.10,0.84,completed
E001049,O-SFO-01-20260315-produce-016,SFO-01,P-BERRY,2026-03-15T22:28:00Z,2026-03-15T22:30:00Z,1,4.15,2.40,0.46,completed
E001050,O-SFO-01-20260315-produce-017,SFO-01,P-APPLE,2026-03-15T22:41:00Z,2026-03-15T22:43:00Z,1,3.80,1.10,0.42,completed
E001051,O-SFO-01-20260315-produce-018,SFO-01,P-BERRY,2026-03-15T22:54:00Z,2026-03-15T22:56:00Z,2,4.15,2.40,0.91,completed
E001052,O-SFO-01-20260315-produce-019,SFO-01,P-APPLE,2026-03-15T23:07:00Z,2026-03-15T23:09:00Z,1,3.80,1.10,0.42,cancelled
E001053,O-SFO-01-20260315-produce-020,SFO-01,P-BERRY,2026-03-15T23:20:00Z,2026-03-15T23:22:00Z,1,4.15,2.40,0.46,completed
E001054,O-SFO-01-20260315-produce-021,SFO-01,P-APPLE,2026-03-15T23:33:00Z,2026-03-15T23:35:00Z,2,3.80,1.10,0.84,completed
E001055,O-SFO-01-20260315-produce-022,SFO-01,P-BERRY,2026-03-15T23:46:00Z,2026-03-15T23:48:00Z,1,4.15,2.40,0.46,completed
E001056,O-SFO-01-20260315-produce-022,SFO-01,P-BERRY,2026-03-15T23:46:00Z,2026-03-15T23:49:00Z,1,4.15,2.40,0.46,completed
E001057,O-SFO-01-20260315-produce-023,SFO-01,P-APPLE,2026-03-15T23:59:00Z,2026-03-16T00:01:00Z,1,3.80,1.10,0.42,completed
E001058,O-SFO-01-20260315-dairy-000,SFO-01,P-YOGURT,2026-03-15T19:00:00Z,2026-03-15T19:02:00Z,2,4.40,0.95,0.00,completed
E001059,O-SFO-01-20260315-dairy-001,SFO-01,P-MILK,2026-03-15T19:13:00Z,2026-03-15T19:15:00Z,1,4.40,1.80,0.00,completed
E001060,O-SFO-01-20260315-dairy-002,SFO-01,P-YOGURT,2026-03-15T19:26:00Z,2026-03-15T19:28:00Z,1,4.40,0.95,0.00,completed
E001061,O-SFO-01-20260315-dairy-003,SFO-01,P-MILK,2026-03-15T19:39:00Z,2026-03-15T19:41:00Z,2,4.40,1.80,0.00,completed
E001062,O-SFO-01-20260315-dairy-004,SFO-01,P-YOGURT,2026-03-15T19:52:00Z,2026-03-15T19:54:00Z,1,4.40,0.95,0.00,completed
E001063,O-SFO-01-20260315-dairy-005,SFO-01,P-MILK,2026-03-15T20:05:00Z,2026-03-15T20:07:00Z,1,4.40,1.80,0.00,completed
E001064,O-SFO-01-20260315-dairy-006,SFO-01,P-YOGURT,2026-03-15T20:18:00Z,2026-03-15T20:20:00Z,2,4.40,0.95,0.00,completed
E001065,O-SFO-01-20260315-dairy-007,SFO-01,P-MILK,2026-03-15T20:31:00Z,2026-03-15T20:33:00Z,1,4.40,1.80,0.00,completed
E001066,O-SFO-01-20260315-dairy-008,SFO-01,P-YOGURT,2026-03-15T20:44:00Z,2026-03-15T20:46:00Z,1,4.40,0.95,0.00,completed
E001067,O-SFO-01-20260315-dairy-009,SFO-01,P-MILK,2026-03-15T20:57:00Z,2026-03-15T20:59:00Z,2,4.40,1.80,0.00,completed
E001068,O-SFO-01-20260315-dairy-010,SFO-01,P-YOGURT,2026-03-15T21:10:00Z,2026-03-15T21:12:00Z,1,4.40,0.95,0.00,completed
E001069,O-SFO-01-20260315-dairy-011,SFO-01,P-MILK,2026-03-15T21:23:00Z,2026-03-15T21:25:00Z,1,4.40,1.80,0.00,completed
E001070,O-SFO-01-20260315-dairy-012,SFO-01,P-YOGURT,2026-03-15T21:36:00Z,2026-03-15T21:38:00Z,2,4.40,0.95,0.00,completed
E001071,O-SFO-01-20260315-dairy-013,SFO-01,P-MILK,2026-03-15T21:49:00Z,2026-03-15T21:51:00Z,1,4.40,1.80,0.00,completed
E001072,O-SFO-01-20260315-dairy-014,SFO-01,P-YOGURT,2026-03-15T22:02:00Z,2026-03-15T22:04:00Z,1,4.40,0.95,0.00,completed
E001073,O-SFO-01-20260315-pantry-000,SFO-01,P-SAUCE,2026-03-15T19:00:00Z,2026-03-15T19:02:00Z,2,3.60,1.45,0.00,completed
E001074,O-SFO-01-20260315-pantry-001,SFO-01,P-PASTA,2026-03-15T19:13:00Z,2026-03-15T19:15:00Z,1,3.60,1.25,0.00,completed
E001075,O-SFO-01-20260315-pantry-002,SFO-01,P-SAUCE,2026-03-15T19:26:00Z,2026-03-15T19:28:00Z,1,3.60,1.45,0.00,completed
E001076,O-SFO-01-20260315-pantry-003,SFO-01,P-PASTA,2026-03-15T19:39:00Z,2026-03-15T19:41:00Z,2,3.60,1.25,0.00,completed
E001077,O-SFO-01-20260315-pantry-004,SFO-01,P-SAUCE,2026-03-15T19:52:00Z,2026-03-15T19:54:00Z,1,3.60,1.45,0.00,completed
E001078,O-SFO-01-20260315-pantry-005,SFO-01,P-PASTA,2026-03-15T20:05:00Z,2026-03-15T20:07:00Z,1,3.60,1.25,0.00,completed
E001079,O-SFO-01-20260315-pantry-006,SFO-01,P-SAUCE,2026-03-15T20:18:00Z,2026-03-15T20:20:00Z,2,3.60,1.45,0.00,completed
E001080,O-SFO-01-20260315-pantry-007,SFO-01,P-PASTA,2026-03-15T20:31:00Z,2026-03-15T20:33:00Z,1,3.60,1.25,0.00,completed
E001081,O-SFO-01-20260315-pantry-008,SFO-01,P-SAUCE,2026-03-15T20:44:00Z,2026-03-15T20:46:00Z,1,3.60,1.45,0.00,completed
E001082,O-SFO-01-20260315-pantry-009,SFO-01,P-PASTA,2026-03-15T20:57:00Z,2026-03-15T20:59:00Z,2,3.60,1.25,0.00,completed
E001083,O-SFO-01-20260315-pantry-010,SFO-01,P-SAUCE,2026-03-15T21:10:00Z,2026-03-15T21:12:00Z,1,3.60,1.45,0.00,completed
E001084,O-SFO-01-20260315-pantry-011,SFO-01,P-PASTA,2026-03-15T21:23:00Z,2026-03-15T21:25:00Z,1,3.60,1.25,0.00,completed
E001085,O-NYC-02-20260315-produce-000,NYC-02,P-BERRY,2026-03-15T16:00:00Z,2026-03-15T16:02:00Z,2,4.15,2.40,0.91,completed
E001086,O-NYC-02-20260315-produce-001,NYC-02,P-APPLE,2026-03-15T16:13:00Z,2026-03-15T16:15:00Z,1,3.80,1.10,0.42,completed
E001087,O-NYC-02-20260315-produce-002,NYC-02,P-BERRY,2026-03-15T16:26:00Z,2026-03-15T16:28:00Z,1,4.15,2.40,0.46,completed
E001088,O-NYC-02-20260315-produce-003,NYC-02,P-APPLE,2026-03-15T16:39:00Z,2026-03-15T16:41:00Z,2,3.80,1.10,0.84,completed
E001089,O-NYC-02-20260315-produce-004,NYC-02,P-BERRY,2026-03-15T16:52:00Z,2026-03-15T16:54:00Z,1,4.15,2.40,0.46,completed
E001090,O-NYC-02-20260315-produce-005,NYC-02,P-APPLE,2026-03-15T17:05:00Z,2026-03-15T17:07:00Z,1,3.80,1.10,0.42,completed
E001091,O-NYC-02-20260315-produce-006,NYC-02,P-BERRY,2026-03-15T17:18:00Z,2026-03-15T17:20:00Z,2,4.15,2.40,0.91,completed
E001092,O-NYC-02-20260315-produce-007,NYC-02,P-APPLE,2026-03-15T17:31:00Z,2026-03-15T17:33:00Z,1,3.80,1.10,0.42,completed
E001093,O-NYC-02-20260315-produce-008,NYC-02,P-BERRY,2026-03-15T17:44:00Z,2026-03-15T17:46:00Z,1,4.15,2.40,0.46,completed
E001094,O-NYC-02-20260315-produce-009,NYC-02,P-APPLE,2026-03-15T17:57:00Z,2026-03-15T17:59:00Z,2,3.80,1.10,0.84,completed
E001095,O-NYC-02-20260315-produce-010,NYC-02,P-BERRY,2026-03-15T18:10:00Z,2026-03-15T18:12:00Z,1,4.15,2.40,0.46,completed
E001096,O-NYC-02-20260315-produce-011,NYC-02,P-APPLE,2026-03-15T18:23:00Z,2026-03-15T18:25:00Z,1,3.80,1.10,0.42,completed
E001097,O-NYC-02-20260315-produce-012,NYC-02,P-BERRY,2026-03-15T18:36:00Z,2026-03-15T18:38:00Z,2,4.15,2.40,0.91,completed
E001098,O-NYC-02-20260315-produce-013,NYC-02,P-APPLE,2026-03-15T18:49:00Z,2026-03-15T18:51:00Z,1,3.80,1.10,0.42,completed
E001099,O-NYC-02-20260315-produce-014,NYC-02,P-BERRY,2026-03-15T19:02:00Z,2026-03-15T19:04:00Z,1,4.15,2.40,0.46,completed
E001100,O-NYC-02-20260315-produce-015,NYC-02,P-APPLE,2026-03-15T19:15:00Z,2026-03-15T19:17:00Z,2,3.80,1.10,0.84,completed
E001101,O-NYC-02-20260315-produce-016,NYC-02,P-BERRY,2026-03-15T19:28:00Z,2026-03-15T19:30:00Z,1,4.15,2.40,0.46,completed
E001102,O-NYC-02-20260315-produce-017,NYC-02,P-APPLE,2026-03-15T19:41:00Z,2026-03-15T19:43:00Z,1,3.80,1.10,0.42,completed
E001103,O-NYC-02-20260315-produce-018,NYC-02,P-BERRY,2026-03-15T19:54:00Z,2026-03-15T19:56:00Z,2,4.15,2.40,0.91,completed
E001104,O-NYC-02-20260315-produce-019,NYC-02,P-APPLE,2026-03-15T20:07:00Z,2026-03-15T20:09:00Z,1,3.80,1.10,0.42,cancelled
E001105,O-NYC-02-20260315-produce-020,NYC-02,P-BERRY,2026-03-15T20:20:00Z,2026-03-15T20:22:00Z,1,4.15,2.40,0.46,completed
E001106,O-NYC-02-20260315-produce-021,NYC-02,P-APPLE,2026-03-15T20:33:00Z,2026-03-15T20:35:00Z,2,3.80,1.10,0.84,completed
E001107,O-NYC-02-20260315-produce-022,NYC-02,P-BERRY,2026-03-15T20:46:00Z,2026-03-15T20:48:00Z,1,4.15,2.40,0.46,completed
E001108,O-NYC-02-20260315-produce-022,NYC-02,P-BERRY,2026-03-15T20:46:00Z,2026-03-15T20:49:00Z,1,4.15,2.40,0.46,completed
E001109,O-NYC-02-20260315-produce-023,NYC-02,P-APPLE,2026-03-15T20:59:00Z,2026-03-15T21:01:00Z,1,3.80,1.10,0.42,completed
E001110,O-NYC-02-20260315-produce-024,NYC-02,P-BERRY,2026-03-15T21:12:00Z,2026-03-15T21:14:00Z,2,4.15,2.40,0.91,completed
E001111,O-NYC-02-20260315-produce-025,NYC-02,P-APPLE,2026-03-15T21:25:00Z,2026-03-15T21:27:00Z,1,3.80,1.10,0.42,completed
E001112,O-NYC-02-20260315-produce-026,NYC-02,P-BERRY,2026-03-15T21:38:00Z,2026-03-15T21:40:00Z,1,4.15,2.40,0.46,completed
E001113,O-NYC-02-20260315-produce-027,NYC-02,P-APPLE,2026-03-15T21:51:00Z,2026-03-15T21:53:00Z,2,3.80,1.10,0.84,completed
E001114,O-NYC-02-20260315-dairy-000,NYC-02,P-YOGURT,2026-03-15T16:00:00Z,2026-03-15T16:02:00Z,2,4.40,0.95,0.00,completed
E001115,O-NYC-02-20260315-dairy-001,NYC-02,P-MILK,2026-03-15T16:13:00Z,2026-03-15T16:15:00Z,1,4.40,1.80,0.00,completed
E001116,O-NYC-02-20260315-dairy-002,NYC-02,P-YOGURT,2026-03-15T16:26:00Z,2026-03-15T16:28:00Z,1,4.40,0.95,0.00,completed
E001117,O-NYC-02-20260315-dairy-003,NYC-02,P-MILK,2026-03-15T16:39:00Z,2026-03-15T16:41:00Z,2,4.40,1.80,0.00,completed
E001118,O-NYC-02-20260315-dairy-004,NYC-02,P-YOGURT,2026-03-15T16:52:00Z,2026-03-15T16:54:00Z,1,4.40,0.95,0.00,completed
E001119,O-NYC-02-20260315-dairy-005,NYC-02,P-MILK,2026-03-15T17:05:00Z,2026-03-15T17:07:00Z,1,4.40,1.80,0.00,completed
E001120,O-NYC-02-20260315-dairy-006,NYC-02,P-YOGURT,2026-03-15T17:18:00Z,2026-03-15T17:20:00Z,2,4.40,0.95,0.00,completed
E001121,O-NYC-02-20260315-dairy-007,NYC-02,P-MILK,2026-03-15T17:31:00Z,2026-03-15T17:33:00Z,1,4.40,1.80,0.00,completed
E001122,O-NYC-02-20260315-dairy-008,NYC-02,P-YOGURT,2026-03-15T17:44:00Z,2026-03-15T17:46:00Z,1,4.40,0.95,0.00,completed
E001123,O-NYC-02-20260315-dairy-009,NYC-02,P-MILK,2026-03-15T17:57:00Z,2026-03-15T17:59:00Z,2,4.40,1.80,0.00,completed
E001124,O-NYC-02-20260315-dairy-010,NYC-02,P-YOGURT,2026-03-15T18:10:00Z,2026-03-15T18:12:00Z,1,4.40,0.95,0.00,completed
E001125,O-NYC-02-20260315-dairy-011,NYC-02,P-MILK,2026-03-15T18:23:00Z,2026-03-15T18:25:00Z,1,4.40,1.80,0.00,completed
E001126,O-NYC-02-20260315-dairy-012,NYC-02,P-YOGURT,2026-03-15T18:36:00Z,2026-03-15T18:38:00Z,2,4.40,0.95,0.00,completed
E001127,O-NYC-02-20260315-dairy-013,NYC-02,P-MILK,2026-03-15T18:49:00Z,2026-03-15T18:51:00Z,1,4.40,1.80,0.00,completed
E001128,O-NYC-02-20260315-dairy-014,NYC-02,P-YOGURT,2026-03-15T19:02:00Z,2026-03-15T19:04:00Z,1,4.40,0.95,0.00,completed
E001129,O-NYC-02-20260315-dairy-015,NYC-02,P-MILK,2026-03-15T19:15:00Z,2026-03-15T19:17:00Z,2,4.40,1.80,0.00,completed
E001130,O-NYC-02-20260315-dairy-016,NYC-02,P-YOGURT,2026-03-15T19:28:00Z,2026-03-15T19:30:00Z,1,4.40,0.95,0.00,completed
E001131,O-NYC-02-20260315-dairy-017,NYC-02,P-MILK,2026-03-15T19:41:00Z,2026-03-15T19:43:00Z,1,4.40,1.80,0.00,completed
E001132,O-NYC-02-20260315-pantry-000,NYC-02,P-SAUCE,2026-03-15T16:00:00Z,2026-03-15T16:02:00Z,2,3.60,1.45,0.00,completed
E001133,O-NYC-02-20260315-pantry-001,NYC-02,P-PASTA,2026-03-15T16:13:00Z,2026-03-15T16:15:00Z,1,3.60,1.25,0.00,completed
E001134,O-NYC-02-20260315-pantry-002,NYC-02,P-SAUCE,2026-03-15T16:26:00Z,2026-03-15T16:28:00Z,1,3.60,1.45,0.00,completed
E001135,O-NYC-02-20260315-pantry-003,NYC-02,P-PASTA,2026-03-15T16:39:00Z,2026-03-15T16:41:00Z,2,3.60,1.25,0.00,completed
E001136,O-NYC-02-20260315-pantry-004,NYC-02,P-SAUCE,2026-03-15T16:52:00Z,2026-03-15T16:54:00Z,1,3.60,1.45,0.00,completed
E001137,O-NYC-02-20260315-pantry-005,NYC-02,P-PASTA,2026-03-15T17:05:00Z,2026-03-15T17:07:00Z,1,3.60,1.25,0.00,completed
E001138,O-NYC-02-20260315-pantry-006,NYC-02,P-SAUCE,2026-03-15T17:18:00Z,2026-03-15T17:20:00Z,2,3.60,1.45,0.00,completed
E001139,O-NYC-02-20260315-pantry-007,NYC-02,P-PASTA,2026-03-15T17:31:00Z,2026-03-15T17:33:00Z,1,3.60,1.25,0.00,completed
E001140,O-NYC-02-20260315-pantry-008,NYC-02,P-SAUCE,2026-03-15T17:44:00Z,2026-03-15T17:46:00Z,1,3.60,1.45,0.00,completed
E001141,O-NYC-02-20260315-pantry-009,NYC-02,P-PASTA,2026-03-15T17:57:00Z,2026-03-15T17:59:00Z,2,3.60,1.25,0.00,completed
E001142,O-NYC-02-20260315-pantry-010,NYC-02,P-SAUCE,2026-03-15T18:10:00Z,2026-03-15T18:12:00Z,1,3.60,1.45,0.00,completed
E001143,O-NYC-02-20260315-pantry-011,NYC-02,P-PASTA,2026-03-15T18:23:00Z,2026-03-15T18:25:00Z,1,3.60,1.25,0.00,completed
E001144,O-NYC-02-20260315-pantry-012,NYC-02,P-SAUCE,2026-03-15T18:36:00Z,2026-03-15T18:38:00Z,2,3.60,1.45,0.00,completed
E001145,O-NYC-02-20260315-pantry-013,NYC-02,P-PASTA,2026-03-15T18:49:00Z,2026-03-15T18:51:00Z,1,3.60,1.25,0.00,completed
E001146,O-NYC-02-20260315-pantry-014,NYC-02,P-SAUCE,2026-03-15T19:02:00Z,2026-03-15T19:04:00Z,1,3.60,1.45,0.00,completed
E001147,O-CHI-03-20260315-produce-000,CHI-03,P-BERRY,2026-03-15T17:00:00Z,2026-03-15T17:02:00Z,2,4.15,2.40,0.91,completed
E001148,O-CHI-03-20260315-produce-001,CHI-03,P-APPLE,2026-03-15T17:13:00Z,2026-03-15T17:15:00Z,1,3.80,1.10,0.42,completed
E001149,O-CHI-03-20260315-produce-002,CHI-03,P-BERRY,2026-03-15T17:26:00Z,2026-03-15T17:28:00Z,1,4.15,2.40,0.46,completed
E001150,O-CHI-03-20260315-produce-003,CHI-03,P-APPLE,2026-03-15T17:39:00Z,2026-03-15T17:41:00Z,2,3.80,1.10,0.84,completed
E001151,O-CHI-03-20260315-produce-004,CHI-03,P-BERRY,2026-03-15T17:52:00Z,2026-03-15T17:54:00Z,1,4.15,2.40,0.46,completed
E001152,O-CHI-03-20260315-produce-005,CHI-03,P-APPLE,2026-03-15T18:05:00Z,2026-03-15T18:07:00Z,1,3.80,1.10,0.42,completed
E001153,O-CHI-03-20260315-produce-006,CHI-03,P-BERRY,2026-03-15T18:18:00Z,2026-03-15T18:20:00Z,2,4.15,2.40,0.91,completed
E001154,O-CHI-03-20260315-produce-007,CHI-03,P-APPLE,2026-03-15T18:31:00Z,2026-03-15T18:33:00Z,1,3.80,1.10,0.42,completed
E001155,O-CHI-03-20260315-produce-008,CHI-03,P-BERRY,2026-03-15T18:44:00Z,2026-03-15T18:46:00Z,1,4.15,2.40,0.46,completed
E001156,O-CHI-03-20260315-produce-009,CHI-03,P-APPLE,2026-03-15T18:57:00Z,2026-03-15T18:59:00Z,2,3.80,1.10,0.84,completed
E001157,O-CHI-03-20260315-produce-010,CHI-03,P-BERRY,2026-03-15T19:10:00Z,2026-03-15T19:12:00Z,1,4.15,2.40,0.46,completed
E001158,O-CHI-03-20260315-produce-011,CHI-03,P-APPLE,2026-03-15T19:23:00Z,2026-03-15T19:25:00Z,1,3.80,1.10,0.42,completed
E001159,O-CHI-03-20260315-produce-012,CHI-03,P-BERRY,2026-03-15T19:36:00Z,2026-03-15T19:38:00Z,2,4.15,2.40,0.91,completed
E001160,O-CHI-03-20260315-dairy-000,CHI-03,P-YOGURT,2026-03-15T17:00:00Z,2026-03-15T17:02:00Z,2,4.40,0.95,0.00,completed
E001161,O-CHI-03-20260315-dairy-001,CHI-03,P-MILK,2026-03-15T17:13:00Z,2026-03-15T17:15:00Z,1,4.40,1.80,0.00,completed
E001162,O-CHI-03-20260315-dairy-002,CHI-03,P-YOGURT,2026-03-15T17:26:00Z,2026-03-15T17:28:00Z,1,4.40,0.95,0.00,completed
E001163,O-CHI-03-20260315-dairy-003,CHI-03,P-MILK,2026-03-15T17:39:00Z,2026-03-15T17:41:00Z,2,4.40,1.80,0.00,completed
E001164,O-CHI-03-20260315-dairy-004,CHI-03,P-YOGURT,2026-03-15T17:52:00Z,2026-03-15T17:54:00Z,1,4.40,0.95,0.00,completed
E001165,O-CHI-03-20260315-dairy-005,CHI-03,P-MILK,2026-03-15T18:05:00Z,2026-03-15T18:07:00Z,1,4.40,1.80,0.00,completed
E001166,O-CHI-03-20260315-dairy-006,CHI-03,P-YOGURT,2026-03-15T18:18:00Z,2026-03-15T18:20:00Z,2,4.40,0.95,0.00,completed
E001167,O-CHI-03-20260315-dairy-007,CHI-03,P-MILK,2026-03-15T18:31:00Z,2026-03-15T18:33:00Z,1,4.40,1.80,0.00,completed
E001168,O-CHI-03-20260315-dairy-008,CHI-03,P-YOGURT,2026-03-15T18:44:00Z,2026-03-15T18:46:00Z,1,4.40,0.95,0.00,completed
E001169,O-CHI-03-20260315-dairy-009,CHI-03,P-MILK,2026-03-15T18:57:00Z,2026-03-15T18:59:00Z,2,4.40,1.80,0.00,completed
E001170,O-CHI-03-20260315-dairy-010,CHI-03,P-YOGURT,2026-03-15T19:10:00Z,2026-03-15T19:12:00Z,1,4.40,0.95,0.00,completed
E001171,O-CHI-03-20260315-pantry-000,CHI-03,P-SAUCE,2026-03-15T17:00:00Z,2026-03-15T17:02:00Z,2,3.60,1.45,0.00,completed
E001172,O-CHI-03-20260315-pantry-001,CHI-03,P-PASTA,2026-03-15T17:13:00Z,2026-03-15T17:15:00Z,1,3.60,1.25,0.00,completed
E001173,O-CHI-03-20260315-pantry-002,CHI-03,P-SAUCE,2026-03-15T17:26:00Z,2026-03-15T17:28:00Z,1,3.60,1.45,0.00,completed
E001174,O-CHI-03-20260315-pantry-003,CHI-03,P-PASTA,2026-03-15T17:39:00Z,2026-03-15T17:41:00Z,2,3.60,1.25,0.00,completed
E001175,O-CHI-03-20260315-pantry-004,CHI-03,P-SAUCE,2026-03-15T17:52:00Z,2026-03-15T17:54:00Z,1,3.60,1.45,0.00,completed
E001176,O-CHI-03-20260315-pantry-005,CHI-03,P-PASTA,2026-03-15T18:05:00Z,2026-03-15T18:07:00Z,1,3.60,1.25,0.00,completed
E001177,O-CHI-03-20260315-pantry-006,CHI-03,P-SAUCE,2026-03-15T18:18:00Z,2026-03-15T18:20:00Z,2,3.60,1.45,0.00,completed
E001178,O-CHI-03-20260315-pantry-007,CHI-03,P-PASTA,2026-03-15T18:31:00Z,2026-03-15T18:33:00Z,1,3.60,1.25,0.00,completed
E001179,O-CHI-03-20260315-pantry-008,CHI-03,P-SAUCE,2026-03-15T18:44:00Z,2026-03-15T18:46:00Z,1,3.60,1.45,0.00,completed
E001180,O-PHX-04-20260315-produce-000,PHX-04,P-BERRY,2026-03-15T19:00:00Z,2026-03-15T19:02:00Z,2,4.15,2.40,0.91,completed
E001181,O-PHX-04-20260315-produce-001,PHX-04,P-APPLE,2026-03-15T19:13:00Z,2026-03-15T19:15:00Z,1,3.80,1.10,0.42,completed
E001182,O-PHX-04-20260315-produce-002,PHX-04,P-BERRY,2026-03-15T19:26:00Z,2026-03-15T19:28:00Z,1,4.15,2.40,0.46,completed
E001183,O-PHX-04-20260315-produce-003,PHX-04,P-APPLE,2026-03-15T19:39:00Z,2026-03-15T19:41:00Z,2,3.80,1.10,0.84,completed
E001184,O-PHX-04-20260315-produce-004,PHX-04,P-BERRY,2026-03-15T19:52:00Z,2026-03-15T19:54:00Z,1,4.15,2.40,0.46,completed
E001185,O-PHX-04-20260315-produce-005,PHX-04,P-APPLE,2026-03-15T20:05:00Z,2026-03-15T20:07:00Z,1,3.80,1.10,0.42,completed
E001186,O-PHX-04-20260315-produce-006,PHX-04,P-BERRY,2026-03-15T20:18:00Z,2026-03-15T20:20:00Z,2,4.15,2.40,0.91,completed
E001187,O-PHX-04-20260315-produce-007,PHX-04,P-APPLE,2026-03-15T20:31:00Z,2026-03-15T20:33:00Z,1,3.80,1.10,0.42,completed
E001188,O-PHX-04-20260315-produce-008,PHX-04,P-BERRY,2026-03-15T20:44:00Z,2026-03-15T20:46:00Z,1,4.15,2.40,0.46,completed
E001189,O-PHX-04-20260315-produce-009,PHX-04,P-APPLE,2026-03-15T20:57:00Z,2026-03-15T20:59:00Z,2,3.80,1.10,0.84,completed
E001190,O-PHX-04-20260315-produce-010,PHX-04,P-BERRY,2026-03-15T21:10:00Z,2026-03-15T21:12:00Z,1,4.15,2.40,0.46,completed
E001191,O-PHX-04-20260315-produce-011,PHX-04,P-APPLE,2026-03-15T21:23:00Z,2026-03-15T21:25:00Z,1,3.80,1.10,0.42,completed
E001192,O-PHX-04-20260315-produce-012,PHX-04,P-BERRY,2026-03-15T21:36:00Z,2026-03-15T21:38:00Z,2,4.15,2.40,0.91,completed
E001193,O-PHX-04-20260315-dairy-000,PHX-04,P-YOGURT,2026-03-15T19:00:00Z,2026-03-15T19:02:00Z,2,4.40,0.95,0.00,completed
E001194,O-PHX-04-20260315-dairy-001,PHX-04,P-MILK,2026-03-15T19:13:00Z,2026-03-15T19:15:00Z,1,4.40,1.80,0.00,completed
E001195,O-PHX-04-20260315-dairy-002,PHX-04,P-YOGURT,2026-03-15T19:26:00Z,2026-03-15T19:28:00Z,1,4.40,0.95,0.00,completed
E001196,O-PHX-04-20260315-dairy-003,PHX-04,P-MILK,2026-03-15T19:39:00Z,2026-03-15T19:41:00Z,2,4.40,1.80,0.00,completed
E001197,O-PHX-04-20260315-dairy-004,PHX-04,P-YOGURT,2026-03-15T19:52:00Z,2026-03-15T19:54:00Z,1,4.40,0.95,0.00,completed
E001198,O-PHX-04-20260315-dairy-005,PHX-04,P-MILK,2026-03-15T20:05:00Z,2026-03-15T20:07:00Z,1,4.40,1.80,0.00,completed
E001199,O-PHX-04-20260315-dairy-006,PHX-04,P-YOGURT,2026-03-15T20:18:00Z,2026-03-15T20:20:00Z,2,4.40,0.95,0.00,completed
E001200,O-PHX-04-20260315-dairy-007,PHX-04,P-MILK,2026-03-15T20:31:00Z,2026-03-15T20:33:00Z,1,4.40,1.80,0.00,completed
E001201,O-PHX-04-20260315-dairy-008,PHX-04,P-YOGURT,2026-03-15T20:44:00Z,2026-03-15T20:46:00Z,1,4.40,0.95,0.00,completed
E001202,O-PHX-04-20260315-pantry-000,PHX-04,P-SAUCE,2026-03-15T19:00:00Z,2026-03-15T19:02:00Z,2,3.60,1.45,0.00,completed
E001203,O-PHX-04-20260315-pantry-001,PHX-04,P-PASTA,2026-03-15T19:13:00Z,2026-03-15T19:15:00Z,1,3.60,1.25,0.00,completed
E001204,O-PHX-04-20260315-pantry-002,PHX-04,P-SAUCE,2026-03-15T19:26:00Z,2026-03-15T19:28:00Z,1,3.60,1.45,0.00,completed
E001205,O-PHX-04-20260315-pantry-003,PHX-04,P-PASTA,2026-03-15T19:39:00Z,2026-03-15T19:41:00Z,2,3.60,1.25,0.00,completed
E001206,O-PHX-04-20260315-pantry-004,PHX-04,P-SAUCE,2026-03-15T19:52:00Z,2026-03-15T19:54:00Z,1,3.60,1.45,0.00,completed
E001207,O-PHX-04-20260315-pantry-005,PHX-04,P-PASTA,2026-03-15T20:05:00Z,2026-03-15T20:07:00Z,1,3.60,1.25,0.00,completed
E001208,O-PHX-04-20260315-pantry-006,PHX-04,P-SAUCE,2026-03-15T20:18:00Z,2026-03-15T20:20:00Z,2,3.60,1.45,0.00,completed
E001209,O-SFO-01-20260316-produce-000,SFO-01,P-APPLE,2026-03-16T19:00:00Z,2026-03-16T19:02:00Z,1,3.80,1.10,0.42,completed
E001210,O-SFO-01-20260316-produce-001,SFO-01,P-BERRY,2026-03-16T19:13:00Z,2026-03-16T19:15:00Z,1,4.15,2.40,0.46,completed
E001211,O-SFO-01-20260316-produce-002,SFO-01,P-APPLE,2026-03-16T19:26:00Z,2026-03-16T19:28:00Z,2,3.80,1.10,0.84,completed
E001212,O-SFO-01-20260316-produce-003,SFO-01,P-BERRY,2026-03-16T19:39:00Z,2026-03-16T19:41:00Z,1,4.15,2.40,0.46,completed
E001213,O-SFO-01-20260316-produce-004,SFO-01,P-APPLE,2026-03-16T19:52:00Z,2026-03-16T19:54:00Z,1,3.80,1.10,0.42,completed
E001214,O-SFO-01-20260316-produce-005,SFO-01,P-BERRY,2026-03-16T20:05:00Z,2026-03-16T20:07:00Z,2,4.15,2.40,0.91,completed
E001215,O-SFO-01-20260316-produce-006,SFO-01,P-APPLE,2026-03-16T20:18:00Z,2026-03-16T20:20:00Z,1,3.80,1.10,0.42,completed
E001216,O-SFO-01-20260316-produce-007,SFO-01,P-BERRY,2026-03-16T20:31:00Z,2026-03-16T20:33:00Z,1,4.15,2.40,0.46,completed
E001217,O-SFO-01-20260316-produce-008,SFO-01,P-APPLE,2026-03-16T20:44:00Z,2026-03-16T20:46:00Z,2,3.80,1.10,0.84,completed
E001218,O-SFO-01-20260316-produce-009,SFO-01,P-BERRY,2026-03-16T20:57:00Z,2026-03-16T20:59:00Z,1,4.15,2.40,0.46,completed
E001219,O-SFO-01-20260316-produce-010,SFO-01,P-APPLE,2026-03-16T21:10:00Z,2026-03-16T21:12:00Z,1,3.80,1.10,0.42,completed
E001220,O-SFO-01-20260316-produce-011,SFO-01,P-BERRY,2026-03-16T21:23:00Z,2026-03-16T21:25:00Z,2,4.15,2.40,0.91,completed
E001221,O-SFO-01-20260316-produce-012,SFO-01,P-APPLE,2026-03-16T21:36:00Z,2026-03-16T21:38:00Z,1,3.80,1.10,0.42,completed
E001222,O-SFO-01-20260316-produce-013,SFO-01,P-BERRY,2026-03-16T21:49:00Z,2026-03-16T21:51:00Z,1,4.15,2.40,0.46,completed
E001223,O-SFO-01-20260316-produce-014,SFO-01,P-APPLE,2026-03-16T22:02:00Z,2026-03-16T22:04:00Z,2,3.80,1.10,0.84,completed
E001224,O-SFO-01-20260316-produce-015,SFO-01,P-BERRY,2026-03-16T22:15:00Z,2026-03-16T22:17:00Z,1,4.15,2.40,0.46,completed
E001225,O-SFO-01-20260316-produce-016,SFO-01,P-APPLE,2026-03-16T22:28:00Z,2026-03-16T22:30:00Z,1,3.80,1.10,0.42,completed
E001226,O-SFO-01-20260316-produce-017,SFO-01,P-BERRY,2026-03-16T22:41:00Z,2026-03-16T22:43:00Z,2,4.15,2.40,0.91,completed
E001227,O-SFO-01-20260316-produce-018,SFO-01,P-APPLE,2026-03-16T22:54:00Z,2026-03-16T22:56:00Z,1,3.80,1.10,0.42,cancelled
E001228,O-SFO-01-20260316-dairy-000,SFO-01,P-MILK,2026-03-16T19:00:00Z,2026-03-16T19:02:00Z,1,4.40,1.80,0.00,completed
E001229,O-SFO-01-20260316-dairy-001,SFO-01,P-YOGURT,2026-03-16T19:13:00Z,2026-03-16T19:15:00Z,1,4.40,0.95,0.00,completed
E001230,O-SFO-01-20260316-dairy-002,SFO-01,P-MILK,2026-03-16T19:26:00Z,2026-03-16T19:28:00Z,2,4.40,1.80,0.00,completed
E001231,O-SFO-01-20260316-dairy-003,SFO-01,P-YOGURT,2026-03-16T19:39:00Z,2026-03-16T19:41:00Z,1,4.40,0.95,0.00,completed
E001232,O-SFO-01-20260316-dairy-004,SFO-01,P-MILK,2026-03-16T19:52:00Z,2026-03-16T19:54:00Z,1,4.40,1.80,0.00,completed
E001233,O-SFO-01-20260316-dairy-005,SFO-01,P-YOGURT,2026-03-16T20:05:00Z,2026-03-16T20:07:00Z,2,4.40,0.95,0.00,completed
E001234,O-SFO-01-20260316-dairy-006,SFO-01,P-MILK,2026-03-16T20:18:00Z,2026-03-16T20:20:00Z,1,4.40,1.80,0.00,completed
E001235,O-SFO-01-20260316-dairy-007,SFO-01,P-YOGURT,2026-03-16T20:31:00Z,2026-03-16T20:33:00Z,1,4.40,0.95,0.00,completed
E001236,O-SFO-01-20260316-dairy-008,SFO-01,P-MILK,2026-03-16T20:44:00Z,2026-03-16T20:46:00Z,2,4.40,1.80,0.00,completed
E001237,O-SFO-01-20260316-dairy-009,SFO-01,P-YOGURT,2026-03-16T20:57:00Z,2026-03-16T20:59:00Z,1,4.40,0.95,0.00,completed
E001238,O-SFO-01-20260316-dairy-010,SFO-01,P-MILK,2026-03-16T21:10:00Z,2026-03-16T21:12:00Z,1,4.40,1.80,0.00,completed
E001239,O-SFO-01-20260316-dairy-011,SFO-01,P-YOGURT,2026-03-16T21:23:00Z,2026-03-16T21:25:00Z,2,4.40,0.95,0.00,completed
E001240,O-SFO-01-20260316-pantry-000,SFO-01,P-PASTA,2026-03-16T19:00:00Z,2026-03-16T19:02:00Z,1,3.60,1.25,0.00,completed
E001241,O-SFO-01-20260316-pantry-001,SFO-01,P-SAUCE,2026-03-16T19:13:00Z,2026-03-16T19:15:00Z,1,3.60,1.45,0.00,completed
E001242,O-SFO-01-20260316-pantry-002,SFO-01,P-PASTA,2026-03-16T19:26:00Z,2026-03-16T19:28:00Z,2,3.60,1.25,0.00,completed
E001243,O-SFO-01-20260316-pantry-003,SFO-01,P-SAUCE,2026-03-16T19:39:00Z,2026-03-16T19:41:00Z,1,3.60,1.45,0.00,completed
E001244,O-SFO-01-20260316-pantry-004,SFO-01,P-PASTA,2026-03-16T19:52:00Z,2026-03-16T19:54:00Z,1,3.60,1.25,0.00,completed
E001245,O-SFO-01-20260316-pantry-005,SFO-01,P-SAUCE,2026-03-16T20:05:00Z,2026-03-16T20:07:00Z,2,3.60,1.45,0.00,completed
E001246,O-SFO-01-20260316-pantry-006,SFO-01,P-PASTA,2026-03-16T20:18:00Z,2026-03-16T20:20:00Z,1,3.60,1.25,0.00,completed
E001247,O-SFO-01-20260316-pantry-007,SFO-01,P-SAUCE,2026-03-16T20:31:00Z,2026-03-16T20:33:00Z,1,3.60,1.45,0.00,completed
E001248,O-SFO-01-20260316-pantry-008,SFO-01,P-PASTA,2026-03-16T20:44:00Z,2026-03-16T20:46:00Z,2,3.60,1.25,0.00,completed
E001249,O-SFO-01-20260316-pantry-009,SFO-01,P-SAUCE,2026-03-16T20:57:00Z,2026-03-16T20:59:00Z,1,3.60,1.45,0.00,completed
E001250,O-NYC-02-20260316-produce-000,NYC-02,P-APPLE,2026-03-16T16:00:00Z,2026-03-16T16:02:00Z,1,3.80,1.10,0.42,completed
E001251,O-NYC-02-20260316-produce-001,NYC-02,P-BERRY,2026-03-16T16:13:00Z,2026-03-16T16:15:00Z,1,4.15,2.40,0.46,completed
E001252,O-NYC-02-20260316-produce-002,NYC-02,P-APPLE,2026-03-16T16:26:00Z,2026-03-16T16:28:00Z,2,3.80,1.10,0.84,completed
E001253,O-NYC-02-20260316-produce-003,NYC-02,P-BERRY,2026-03-16T16:39:00Z,2026-03-16T16:41:00Z,1,4.15,2.40,0.46,completed
E001254,O-NYC-02-20260316-produce-004,NYC-02,P-APPLE,2026-03-16T16:52:00Z,2026-03-16T16:54:00Z,1,3.80,1.10,0.42,completed
E001255,O-NYC-02-20260316-produce-005,NYC-02,P-BERRY,2026-03-16T17:05:00Z,2026-03-16T17:07:00Z,2,4.15,2.40,0.91,completed
E001256,O-NYC-02-20260316-produce-006,NYC-02,P-APPLE,2026-03-16T17:18:00Z,2026-03-16T17:20:00Z,1,3.80,1.10,0.42,completed
E001257,O-NYC-02-20260316-produce-007,NYC-02,P-BERRY,2026-03-16T17:31:00Z,2026-03-16T17:33:00Z,1,4.15,2.40,0.46,completed
E001258,O-NYC-02-20260316-produce-008,NYC-02,P-APPLE,2026-03-16T17:44:00Z,2026-03-16T17:46:00Z,2,3.80,1.10,0.84,completed
E001259,O-NYC-02-20260316-produce-009,NYC-02,P-BERRY,2026-03-16T17:57:00Z,2026-03-16T17:59:00Z,1,4.15,2.40,0.46,completed
E001260,O-NYC-02-20260316-produce-010,NYC-02,P-APPLE,2026-03-16T18:10:00Z,2026-03-16T18:12:00Z,1,3.80,1.10,0.42,completed
E001261,O-NYC-02-20260316-produce-011,NYC-02,P-BERRY,2026-03-16T18:23:00Z,2026-03-16T18:25:00Z,2,4.15,2.40,0.91,completed
E001262,O-NYC-02-20260316-produce-012,NYC-02,P-APPLE,2026-03-16T18:36:00Z,2026-03-16T18:38:00Z,1,3.80,1.10,0.42,completed
E001263,O-NYC-02-20260316-produce-013,NYC-02,P-BERRY,2026-03-16T18:49:00Z,2026-03-16T18:51:00Z,1,4.15,2.40,0.46,completed
E001264,O-NYC-02-20260316-produce-014,NYC-02,P-APPLE,2026-03-16T19:02:00Z,2026-03-16T19:04:00Z,2,3.80,1.10,0.84,completed
E001265,O-NYC-02-20260316-produce-015,NYC-02,P-BERRY,2026-03-16T19:15:00Z,2026-03-16T19:17:00Z,1,4.15,2.40,0.46,completed
E001266,O-NYC-02-20260316-dairy-000,NYC-02,P-MILK,2026-03-16T16:00:00Z,2026-03-16T16:02:00Z,1,4.40,1.80,0.00,completed
E001267,O-NYC-02-20260316-dairy-001,NYC-02,P-YOGURT,2026-03-16T16:13:00Z,2026-03-16T16:15:00Z,1,4.40,0.95,0.00,completed
E001268,O-NYC-02-20260316-dairy-002,NYC-02,P-MILK,2026-03-16T16:26:00Z,2026-03-16T16:28:00Z,2,4.40,1.80,0.00,completed
E001269,O-NYC-02-20260316-dairy-003,NYC-02,P-YOGURT,2026-03-16T16:39:00Z,2026-03-16T16:41:00Z,1,4.40,0.95,0.00,completed
E001270,O-NYC-02-20260316-dairy-004,NYC-02,P-MILK,2026-03-16T16:52:00Z,2026-03-16T16:54:00Z,1,4.40,1.80,0.00,completed
E001271,O-NYC-02-20260316-dairy-005,NYC-02,P-YOGURT,2026-03-16T17:05:00Z,2026-03-16T17:07:00Z,2,4.40,0.95,0.00,completed
E001272,O-NYC-02-20260316-dairy-006,NYC-02,P-MILK,2026-03-16T17:18:00Z,2026-03-16T17:20:00Z,1,4.40,1.80,0.00,completed
E001273,O-NYC-02-20260316-dairy-007,NYC-02,P-YOGURT,2026-03-16T17:31:00Z,2026-03-16T17:33:00Z,1,4.40,0.95,0.00,completed
E001274,O-NYC-02-20260316-dairy-008,NYC-02,P-MILK,2026-03-16T17:44:00Z,2026-03-16T17:46:00Z,2,4.40,1.80,0.00,completed
E001275,O-NYC-02-20260316-dairy-009,NYC-02,P-YOGURT,2026-03-16T17:57:00Z,2026-03-16T17:59:00Z,1,4.40,0.95,0.00,completed
E001276,O-NYC-02-20260316-dairy-010,NYC-02,P-MILK,2026-03-16T18:10:00Z,2026-03-16T18:12:00Z,1,4.40,1.80,0.00,completed
E001277,O-NYC-02-20260316-pantry-000,NYC-02,P-PASTA,2026-03-16T16:00:00Z,2026-03-16T16:02:00Z,1,3.60,1.25,0.00,completed
E001278,O-NYC-02-20260316-pantry-001,NYC-02,P-SAUCE,2026-03-16T16:13:00Z,2026-03-16T16:15:00Z,1,3.60,1.45,0.00,completed
E001279,O-NYC-02-20260316-pantry-002,NYC-02,P-PASTA,2026-03-16T16:26:00Z,2026-03-16T16:28:00Z,2,3.60,1.25,0.00,completed
E001280,O-NYC-02-20260316-pantry-003,NYC-02,P-SAUCE,2026-03-16T16:39:00Z,2026-03-16T16:41:00Z,1,3.60,1.45,0.00,completed
E001281,O-NYC-02-20260316-pantry-004,NYC-02,P-PASTA,2026-03-16T16:52:00Z,2026-03-16T16:54:00Z,1,3.60,1.25,0.00,completed
E001282,O-NYC-02-20260316-pantry-005,NYC-02,P-SAUCE,2026-03-16T17:05:00Z,2026-03-16T17:07:00Z,2,3.60,1.45,0.00,completed
E001283,O-NYC-02-20260316-pantry-006,NYC-02,P-PASTA,2026-03-16T17:18:00Z,2026-03-16T17:20:00Z,1,3.60,1.25,0.00,completed
E001284,O-NYC-02-20260316-pantry-007,NYC-02,P-SAUCE,2026-03-16T17:31:00Z,2026-03-16T17:33:00Z,1,3.60,1.45,0.00,completed
E001285,O-NYC-02-20260316-pantry-008,NYC-02,P-PASTA,2026-03-16T17:44:00Z,2026-03-16T17:46:00Z,2,3.60,1.25,0.00,completed
E001286,O-CHI-03-20260316-produce-000,CHI-03,P-APPLE,2026-03-16T17:00:00Z,2026-03-16T17:02:00Z,1,3.80,1.10,0.42,completed
E001287,O-CHI-03-20260316-produce-001,CHI-03,P-BERRY,2026-03-16T17:13:00Z,2026-03-16T17:15:00Z,1,4.15,2.40,0.46,completed
E001288,O-CHI-03-20260316-produce-002,CHI-03,P-APPLE,2026-03-16T17:26:00Z,2026-03-16T17:28:00Z,2,3.80,1.10,0.84,completed
E001289,O-CHI-03-20260316-produce-003,CHI-03,P-BERRY,2026-03-16T17:39:00Z,2026-03-16T17:41:00Z,1,4.15,2.40,0.46,completed
E001290,O-CHI-03-20260316-produce-004,CHI-03,P-APPLE,2026-03-16T17:52:00Z,2026-03-16T17:54:00Z,1,3.80,1.10,0.42,completed
E001291,O-CHI-03-20260316-produce-005,CHI-03,P-BERRY,2026-03-16T18:05:00Z,2026-03-16T18:07:00Z,2,4.15,2.40,0.91,completed
E001292,O-CHI-03-20260316-produce-006,CHI-03,P-APPLE,2026-03-16T18:18:00Z,2026-03-16T18:20:00Z,1,3.80,1.10,0.42,completed
E001293,O-CHI-03-20260316-produce-007,CHI-03,P-BERRY,2026-03-16T18:31:00Z,2026-03-16T18:33:00Z,1,4.15,2.40,0.46,completed
E001294,O-CHI-03-20260316-produce-008,CHI-03,P-APPLE,2026-03-16T18:44:00Z,2026-03-16T18:46:00Z,2,3.80,1.10,0.84,completed
E001295,O-CHI-03-20260316-produce-009,CHI-03,P-BERRY,2026-03-16T18:57:00Z,2026-03-16T18:59:00Z,1,4.15,2.40,0.46,completed
E001296,O-CHI-03-20260316-produce-010,CHI-03,P-APPLE,2026-03-16T19:10:00Z,2026-03-16T19:12:00Z,1,3.80,1.10,0.42,completed
E001297,O-CHI-03-20260316-dairy-000,CHI-03,P-MILK,2026-03-16T17:00:00Z,2026-03-16T17:02:00Z,1,4.40,1.80,0.00,completed
E001298,O-CHI-03-20260316-dairy-001,CHI-03,P-YOGURT,2026-03-16T17:13:00Z,2026-03-16T17:15:00Z,1,4.40,0.95,0.00,completed
E001299,O-CHI-03-20260316-dairy-002,CHI-03,P-MILK,2026-03-16T17:26:00Z,2026-03-16T17:28:00Z,2,4.40,1.80,0.00,completed
E001300,O-CHI-03-20260316-dairy-003,CHI-03,P-YOGURT,2026-03-16T17:39:00Z,2026-03-16T17:41:00Z,1,4.40,0.95,0.00,completed
E001301,O-CHI-03-20260316-dairy-004,CHI-03,P-MILK,2026-03-16T17:52:00Z,2026-03-16T17:54:00Z,1,4.40,1.80,0.00,completed
E001302,O-CHI-03-20260316-dairy-005,CHI-03,P-YOGURT,2026-03-16T18:05:00Z,2026-03-16T18:07:00Z,2,4.40,0.95,0.00,completed
E001303,O-CHI-03-20260316-dairy-006,CHI-03,P-MILK,2026-03-16T18:18:00Z,2026-03-16T18:20:00Z,1,4.40,1.80,0.00,completed
E001304,O-CHI-03-20260316-dairy-007,CHI-03,P-YOGURT,2026-03-16T18:31:00Z,2026-03-16T18:33:00Z,1,4.40,0.95,0.00,completed
E001305,O-CHI-03-20260316-pantry-000,CHI-03,P-PASTA,2026-03-16T17:00:00Z,2026-03-16T17:02:00Z,1,3.60,1.25,0.00,completed
E001306,O-CHI-03-20260316-pantry-001,CHI-03,P-SAUCE,2026-03-16T17:13:00Z,2026-03-16T17:15:00Z,1,3.60,1.45,0.00,completed
E001307,O-CHI-03-20260316-pantry-002,CHI-03,P-PASTA,2026-03-16T17:26:00Z,2026-03-16T17:28:00Z,2,3.60,1.25,0.00,completed
E001308,O-CHI-03-20260316-pantry-003,CHI-03,P-SAUCE,2026-03-16T17:39:00Z,2026-03-16T17:41:00Z,1,3.60,1.45,0.00,completed
E001309,O-CHI-03-20260316-pantry-004,CHI-03,P-PASTA,2026-03-16T17:52:00Z,2026-03-16T17:54:00Z,1,3.60,1.25,0.00,completed
E001310,O-CHI-03-20260316-pantry-005,CHI-03,P-SAUCE,2026-03-16T18:05:00Z,2026-03-16T18:07:00Z,2,3.60,1.45,0.00,completed
E001311,O-CHI-03-20260316-pantry-006,CHI-03,P-PASTA,2026-03-16T18:18:00Z,2026-03-16T18:20:00Z,1,3.60,1.25,0.00,completed
E001312,O-PHX-04-20260316-produce-000,PHX-04,P-APPLE,2026-03-16T19:00:00Z,2026-03-16T19:02:00Z,1,3.80,1.10,0.42,completed
E001313,O-PHX-04-20260316-produce-001,PHX-04,P-BERRY,2026-03-16T19:13:00Z,2026-03-16T19:15:00Z,1,4.15,2.40,0.46,completed
E001314,O-PHX-04-20260316-produce-002,PHX-04,P-APPLE,2026-03-16T19:26:00Z,2026-03-16T19:28:00Z,2,3.80,1.10,0.84,completed
E001315,O-PHX-04-20260316-produce-003,PHX-04,P-BERRY,2026-03-16T19:39:00Z,2026-03-16T19:41:00Z,1,4.15,2.40,0.46,completed
E001316,O-PHX-04-20260316-produce-004,PHX-04,P-APPLE,2026-03-16T19:52:00Z,2026-03-16T19:54:00Z,1,3.80,1.10,0.42,completed
E001317,O-PHX-04-20260316-produce-005,PHX-04,P-BERRY,2026-03-16T20:05:00Z,2026-03-16T20:07:00Z,2,4.15,2.40,0.91,completed
E001318,O-PHX-04-20260316-produce-006,PHX-04,P-APPLE,2026-03-16T20:18:00Z,2026-03-16T20:20:00Z,1,3.80,1.10,0.42,completed
E001319,O-PHX-04-20260316-produce-007,PHX-04,P-BERRY,2026-03-16T20:31:00Z,2026-03-16T20:33:00Z,1,4.15,2.40,0.46,completed
E001320,O-PHX-04-20260316-produce-008,PHX-04,P-APPLE,2026-03-16T20:44:00Z,2026-03-16T20:46:00Z,2,3.80,1.10,0.84,completed
E001321,O-PHX-04-20260316-produce-009,PHX-04,P-BERRY,2026-03-16T20:57:00Z,2026-03-16T20:59:00Z,1,4.15,2.40,0.46,completed
E001322,O-PHX-04-20260316-dairy-000,PHX-04,P-MILK,2026-03-16T19:00:00Z,2026-03-16T19:02:00Z,1,4.40,1.80,0.00,completed
E001323,O-PHX-04-20260316-dairy-001,PHX-04,P-YOGURT,2026-03-16T19:13:00Z,2026-03-16T19:15:00Z,1,4.40,0.95,0.00,completed
E001324,O-PHX-04-20260316-dairy-002,PHX-04,P-MILK,2026-03-16T19:26:00Z,2026-03-16T19:28:00Z,2,4.40,1.80,0.00,completed
E001325,O-PHX-04-20260316-dairy-003,PHX-04,P-YOGURT,2026-03-16T19:39:00Z,2026-03-16T19:41:00Z,1,4.40,0.95,0.00,completed
E001326,O-PHX-04-20260316-dairy-004,PHX-04,P-MILK,2026-03-16T19:52:00Z,2026-03-16T19:54:00Z,1,4.40,1.80,0.00,completed
E001327,O-PHX-04-20260316-dairy-005,PHX-04,P-YOGURT,2026-03-16T20:05:00Z,2026-03-16T20:07:00Z,2,4.40,0.95,0.00,completed
E001328,O-PHX-04-20260316-dairy-006,PHX-04,P-MILK,2026-03-16T20:18:00Z,2026-03-16T20:20:00Z,1,4.40,1.80,0.00,completed
E001329,O-PHX-04-20260316-pantry-000,PHX-04,P-PASTA,2026-03-16T19:00:00Z,2026-03-16T19:02:00Z,1,3.60,1.25,0.00,completed
E001330,O-PHX-04-20260316-pantry-001,PHX-04,P-SAUCE,2026-03-16T19:13:00Z,2026-03-16T19:15:00Z,1,3.60,1.45,0.00,completed
E001331,O-PHX-04-20260316-pantry-002,PHX-04,P-PASTA,2026-03-16T19:26:00Z,2026-03-16T19:28:00Z,2,3.60,1.25,0.00,completed
E001332,O-PHX-04-20260316-pantry-003,PHX-04,P-SAUCE,2026-03-16T19:39:00Z,2026-03-16T19:41:00Z,1,3.60,1.45,0.00,completed
E001333,O-PHX-04-20260316-pantry-004,PHX-04,P-PASTA,2026-03-16T19:52:00Z,2026-03-16T19:54:00Z,1,3.60,1.25,0.00,completed
E001334,O-PHX-04-20260316-pantry-005,PHX-04,P-SAUCE,2026-03-16T20:05:00Z,2026-03-16T20:07:00Z,2,3.60,1.45,0.00,completed
E001335,O-SFO-01-20260317-produce-000,SFO-01,P-BERRY,2026-03-17T19:00:00Z,2026-03-17T19:02:00Z,1,4.15,2.40,0.46,completed
E001336,O-SFO-01-20260317-produce-001,SFO-01,P-APPLE,2026-03-17T19:13:00Z,2026-03-17T19:15:00Z,2,3.80,1.10,0.84,completed
E001337,O-SFO-01-20260317-produce-002,SFO-01,P-BERRY,2026-03-17T19:26:00Z,2026-03-17T19:28:00Z,1,4.15,2.40,0.46,completed
E001338,O-SFO-01-20260317-produce-003,SFO-01,P-APPLE,2026-03-17T19:39:00Z,2026-03-17T19:41:00Z,1,3.80,1.10,0.42,completed
E001339,O-SFO-01-20260317-produce-004,SFO-01,P-BERRY,2026-03-17T19:52:00Z,2026-03-17T19:54:00Z,2,4.15,2.40,0.91,completed
E001340,O-SFO-01-20260317-produce-005,SFO-01,P-APPLE,2026-03-17T20:05:00Z,2026-03-17T20:07:00Z,1,3.80,1.10,0.42,completed
E001341,O-SFO-01-20260317-produce-006,SFO-01,P-BERRY,2026-03-17T20:18:00Z,2026-03-17T20:20:00Z,1,4.15,2.40,0.46,completed
E001342,O-SFO-01-20260317-produce-007,SFO-01,P-APPLE,2026-03-17T20:31:00Z,2026-03-17T20:33:00Z,2,3.80,1.10,0.84,completed
E001343,O-SFO-01-20260317-produce-008,SFO-01,P-BERRY,2026-03-17T20:44:00Z,2026-03-17T20:46:00Z,1,4.15,2.40,0.46,completed
E001344,O-SFO-01-20260317-produce-009,SFO-01,P-APPLE,2026-03-17T20:57:00Z,2026-03-17T20:59:00Z,1,3.80,1.10,0.42,completed
E001345,O-SFO-01-20260317-produce-010,SFO-01,P-BERRY,2026-03-17T21:10:00Z,2026-03-17T21:12:00Z,2,4.15,2.40,0.91,completed
E001346,O-SFO-01-20260317-produce-011,SFO-01,P-APPLE,2026-03-17T21:23:00Z,2026-03-17T21:25:00Z,1,3.80,1.10,0.42,completed
E001347,O-SFO-01-20260317-produce-012,SFO-01,P-BERRY,2026-03-17T21:36:00Z,2026-03-17T21:38:00Z,1,4.15,2.40,0.46,completed
E001348,O-SFO-01-20260317-produce-013,SFO-01,P-APPLE,2026-03-17T21:49:00Z,2026-03-17T21:51:00Z,2,3.80,1.10,0.84,completed
E001349,O-SFO-01-20260317-produce-014,SFO-01,P-BERRY,2026-03-17T22:02:00Z,2026-03-17T22:04:00Z,1,4.15,2.40,0.46,completed
E001350,O-SFO-01-20260317-produce-015,SFO-01,P-APPLE,2026-03-17T22:15:00Z,2026-03-17T22:17:00Z,1,3.80,1.10,0.42,completed
E001351,O-SFO-01-20260317-dairy-000,SFO-01,P-YOGURT,2026-03-17T19:00:00Z,2026-03-17T19:02:00Z,1,4.40,0.95,0.00,completed
E001352,O-SFO-01-20260317-dairy-001,SFO-01,P-MILK,2026-03-17T19:13:00Z,2026-03-17T19:15:00Z,2,4.40,1.80,0.00,completed
E001353,O-SFO-01-20260317-dairy-002,SFO-01,P-YOGURT,2026-03-17T19:26:00Z,2026-03-17T19:28:00Z,1,4.40,0.95,0.00,completed
E001354,O-SFO-01-20260317-dairy-003,SFO-01,P-MILK,2026-03-17T19:39:00Z,2026-03-17T19:41:00Z,1,4.40,1.80,0.00,completed
E001355,O-SFO-01-20260317-dairy-004,SFO-01,P-YOGURT,2026-03-17T19:52:00Z,2026-03-17T19:54:00Z,2,4.40,0.95,0.00,completed
E001356,O-SFO-01-20260317-dairy-005,SFO-01,P-MILK,2026-03-17T20:05:00Z,2026-03-17T20:07:00Z,1,4.40,1.80,0.00,completed
E001357,O-SFO-01-20260317-dairy-006,SFO-01,P-YOGURT,2026-03-17T20:18:00Z,2026-03-17T20:20:00Z,1,4.40,0.95,0.00,completed
E001358,O-SFO-01-20260317-dairy-007,SFO-01,P-MILK,2026-03-17T20:31:00Z,2026-03-17T20:33:00Z,2,4.40,1.80,0.00,completed
E001359,O-SFO-01-20260317-dairy-008,SFO-01,P-YOGURT,2026-03-17T20:44:00Z,2026-03-17T20:46:00Z,1,4.40,0.95,0.00,completed
E001360,O-SFO-01-20260317-dairy-009,SFO-01,P-MILK,2026-03-17T20:57:00Z,2026-03-17T20:59:00Z,1,4.40,1.80,0.00,completed
E001361,O-SFO-01-20260317-pantry-000,SFO-01,P-SAUCE,2026-03-17T19:00:00Z,2026-03-17T19:02:00Z,1,3.60,1.45,0.00,completed
E001362,O-SFO-01-20260317-pantry-001,SFO-01,P-PASTA,2026-03-17T19:13:00Z,2026-03-17T19:15:00Z,2,3.60,1.25,0.00,completed
E001363,O-SFO-01-20260317-pantry-002,SFO-01,P-SAUCE,2026-03-17T19:26:00Z,2026-03-17T19:28:00Z,1,3.60,1.45,0.00,completed
E001364,O-SFO-01-20260317-pantry-003,SFO-01,P-PASTA,2026-03-17T19:39:00Z,2026-03-17T19:41:00Z,1,3.60,1.25,0.00,completed
E001365,O-SFO-01-20260317-pantry-004,SFO-01,P-SAUCE,2026-03-17T19:52:00Z,2026-03-17T19:54:00Z,2,3.60,1.45,0.00,completed
E001366,O-SFO-01-20260317-pantry-005,SFO-01,P-PASTA,2026-03-17T20:05:00Z,2026-03-17T20:07:00Z,1,3.60,1.25,0.00,completed
E001367,O-SFO-01-20260317-pantry-006,SFO-01,P-SAUCE,2026-03-17T20:18:00Z,2026-03-17T20:20:00Z,1,3.60,1.45,0.00,completed
E001368,O-SFO-01-20260317-pantry-007,SFO-01,P-PASTA,2026-03-17T20:31:00Z,2026-03-17T20:33:00Z,2,3.60,1.25,0.00,completed
E001369,O-NYC-02-20260317-produce-000,NYC-02,P-BERRY,2026-03-17T16:00:00Z,2026-03-17T16:02:00Z,1,4.15,2.40,0.46,completed
E001370,O-NYC-02-20260317-produce-001,NYC-02,P-APPLE,2026-03-17T16:13:00Z,2026-03-17T16:15:00Z,2,3.80,1.10,0.84,completed
E001371,O-NYC-02-20260317-produce-002,NYC-02,P-BERRY,2026-03-17T16:26:00Z,2026-03-17T16:28:00Z,1,4.15,2.40,0.46,completed
E001372,O-NYC-02-20260317-produce-003,NYC-02,P-APPLE,2026-03-17T16:39:00Z,2026-03-17T16:41:00Z,1,3.80,1.10,0.42,completed
E001373,O-NYC-02-20260317-produce-004,NYC-02,P-BERRY,2026-03-17T16:52:00Z,2026-03-17T16:54:00Z,2,4.15,2.40,0.91,completed
E001374,O-NYC-02-20260317-produce-005,NYC-02,P-APPLE,2026-03-17T17:05:00Z,2026-03-17T17:07:00Z,1,3.80,1.10,0.42,completed
E001375,O-NYC-02-20260317-produce-006,NYC-02,P-BERRY,2026-03-17T17:18:00Z,2026-03-17T17:20:00Z,1,4.15,2.40,0.46,completed
E001376,O-NYC-02-20260317-produce-007,NYC-02,P-APPLE,2026-03-17T17:31:00Z,2026-03-17T17:33:00Z,2,3.80,1.10,0.84,completed
E001377,O-NYC-02-20260317-produce-008,NYC-02,P-BERRY,2026-03-17T17:44:00Z,2026-03-17T17:46:00Z,1,4.15,2.40,0.46,completed
E001378,O-NYC-02-20260317-produce-009,NYC-02,P-APPLE,2026-03-17T17:57:00Z,2026-03-17T17:59:00Z,1,3.80,1.10,0.42,completed
E001379,O-NYC-02-20260317-produce-010,NYC-02,P-BERRY,2026-03-17T18:10:00Z,2026-03-17T18:12:00Z,2,4.15,2.40,0.91,completed
E001380,O-NYC-02-20260317-produce-011,NYC-02,P-APPLE,2026-03-17T18:23:00Z,2026-03-17T18:25:00Z,1,3.80,1.10,0.42,completed
E001381,O-NYC-02-20260317-produce-012,NYC-02,P-BERRY,2026-03-17T18:36:00Z,2026-03-17T18:38:00Z,1,4.15,2.40,0.46,completed
E001382,O-NYC-02-20260317-dairy-000,NYC-02,P-YOGURT,2026-03-17T16:00:00Z,2026-03-17T16:02:00Z,1,4.40,0.95,0.00,completed
E001383,O-NYC-02-20260317-dairy-001,NYC-02,P-MILK,2026-03-17T16:13:00Z,2026-03-17T16:15:00Z,2,4.40,1.80,0.00,completed
E001384,O-NYC-02-20260317-dairy-002,NYC-02,P-YOGURT,2026-03-17T16:26:00Z,2026-03-17T16:28:00Z,1,4.40,0.95,0.00,completed
E001385,O-NYC-02-20260317-dairy-003,NYC-02,P-MILK,2026-03-17T16:39:00Z,2026-03-17T16:41:00Z,1,4.40,1.80,0.00,completed
E001386,O-NYC-02-20260317-dairy-004,NYC-02,P-YOGURT,2026-03-17T16:52:00Z,2026-03-17T16:54:00Z,2,4.40,0.95,0.00,completed
E001387,O-NYC-02-20260317-dairy-005,NYC-02,P-MILK,2026-03-17T17:05:00Z,2026-03-17T17:07:00Z,1,4.40,1.80,0.00,completed
E001388,O-NYC-02-20260317-dairy-006,NYC-02,P-YOGURT,2026-03-17T17:18:00Z,2026-03-17T17:20:00Z,1,4.40,0.95,0.00,completed
E001389,O-NYC-02-20260317-dairy-007,NYC-02,P-MILK,2026-03-17T17:31:00Z,2026-03-17T17:33:00Z,2,4.40,1.80,0.00,completed
E001390,O-NYC-02-20260317-dairy-008,NYC-02,P-YOGURT,2026-03-17T17:44:00Z,2026-03-17T17:46:00Z,1,4.40,0.95,0.00,completed
E001391,O-NYC-02-20260317-pantry-000,NYC-02,P-SAUCE,2026-03-17T16:00:00Z,2026-03-17T16:02:00Z,1,3.60,1.45,0.00,completed
E001392,O-NYC-02-20260317-pantry-001,NYC-02,P-PASTA,2026-03-17T16:13:00Z,2026-03-17T16:15:00Z,2,3.60,1.25,0.00,completed
E001393,O-NYC-02-20260317-pantry-002,NYC-02,P-SAUCE,2026-03-17T16:26:00Z,2026-03-17T16:28:00Z,1,3.60,1.45,0.00,completed
E001394,O-NYC-02-20260317-pantry-003,NYC-02,P-PASTA,2026-03-17T16:39:00Z,2026-03-17T16:41:00Z,1,3.60,1.25,0.00,completed
E001395,O-NYC-02-20260317-pantry-004,NYC-02,P-SAUCE,2026-03-17T16:52:00Z,2026-03-17T16:54:00Z,2,3.60,1.45,0.00,completed
E001396,O-NYC-02-20260317-pantry-005,NYC-02,P-PASTA,2026-03-17T17:05:00Z,2026-03-17T17:07:00Z,1,3.60,1.25,0.00,completed
E001397,O-NYC-02-20260317-pantry-006,NYC-02,P-SAUCE,2026-03-17T17:18:00Z,2026-03-17T17:20:00Z,1,3.60,1.45,0.00,completed
E001398,O-CHI-03-20260317-produce-000,CHI-03,P-BERRY,2026-03-17T17:00:00Z,2026-03-17T17:02:00Z,1,4.15,2.40,0.46,completed
E001399,O-CHI-03-20260317-produce-001,CHI-03,P-APPLE,2026-03-17T17:13:00Z,2026-03-17T17:15:00Z,2,3.80,1.10,0.84,completed
E001400,O-CHI-03-20260317-produce-002,CHI-03,P-BERRY,2026-03-17T17:26:00Z,2026-03-17T17:28:00Z,1,4.15,2.40,0.46,completed
E001401,O-CHI-03-20260317-produce-003,CHI-03,P-APPLE,2026-03-17T17:39:00Z,2026-03-17T17:41:00Z,1,3.80,1.10,0.42,completed
E001402,O-CHI-03-20260317-produce-004,CHI-03,P-BERRY,2026-03-17T17:52:00Z,2026-03-17T17:54:00Z,2,4.15,2.40,0.91,completed
E001403,O-CHI-03-20260317-produce-005,CHI-03,P-APPLE,2026-03-17T18:05:00Z,2026-03-17T18:07:00Z,1,3.80,1.10,0.42,completed
E001404,O-CHI-03-20260317-produce-006,CHI-03,P-BERRY,2026-03-17T18:18:00Z,2026-03-17T18:20:00Z,1,4.15,2.40,0.46,completed
E001405,O-CHI-03-20260317-produce-007,CHI-03,P-APPLE,2026-03-17T18:31:00Z,2026-03-17T18:33:00Z,2,3.80,1.10,0.84,completed
E001406,O-CHI-03-20260317-produce-008,CHI-03,P-BERRY,2026-03-17T18:44:00Z,2026-03-17T18:46:00Z,1,4.15,2.40,0.46,completed
E001407,O-CHI-03-20260317-dairy-000,CHI-03,P-YOGURT,2026-03-17T17:00:00Z,2026-03-17T17:02:00Z,1,4.40,0.95,0.00,completed
E001408,O-CHI-03-20260317-dairy-001,CHI-03,P-MILK,2026-03-17T17:13:00Z,2026-03-17T17:15:00Z,2,4.40,1.80,0.00,completed
E001409,O-CHI-03-20260317-dairy-002,CHI-03,P-YOGURT,2026-03-17T17:26:00Z,2026-03-17T17:28:00Z,1,4.40,0.95,0.00,completed
E001410,O-CHI-03-20260317-dairy-003,CHI-03,P-MILK,2026-03-17T17:39:00Z,2026-03-17T17:41:00Z,1,4.40,1.80,0.00,completed
E001411,O-CHI-03-20260317-dairy-004,CHI-03,P-YOGURT,2026-03-17T17:52:00Z,2026-03-17T17:54:00Z,2,4.40,0.95,0.00,completed
E001412,O-CHI-03-20260317-dairy-005,CHI-03,P-MILK,2026-03-17T18:05:00Z,2026-03-17T18:07:00Z,1,4.40,1.80,0.00,completed
E001413,O-CHI-03-20260317-dairy-006,CHI-03,P-YOGURT,2026-03-17T18:18:00Z,2026-03-17T18:20:00Z,1,4.40,0.95,0.00,completed
E001414,O-CHI-03-20260317-pantry-000,CHI-03,P-SAUCE,2026-03-17T17:00:00Z,2026-03-17T17:02:00Z,1,3.60,1.45,0.00,completed
E001415,O-CHI-03-20260317-pantry-001,CHI-03,P-PASTA,2026-03-17T17:13:00Z,2026-03-17T17:15:00Z,2,3.60,1.25,0.00,completed
E001416,O-CHI-03-20260317-pantry-002,CHI-03,P-SAUCE,2026-03-17T17:26:00Z,2026-03-17T17:28:00Z,1,3.60,1.45,0.00,completed
E001417,O-CHI-03-20260317-pantry-003,CHI-03,P-PASTA,2026-03-17T17:39:00Z,2026-03-17T17:41:00Z,1,3.60,1.25,0.00,completed
E001418,O-CHI-03-20260317-pantry-004,CHI-03,P-SAUCE,2026-03-17T17:52:00Z,2026-03-17T17:54:00Z,2,3.60,1.45,0.00,completed
E001419,O-CHI-03-20260317-pantry-005,CHI-03,P-PASTA,2026-03-17T18:05:00Z,2026-03-17T18:07:00Z,1,3.60,1.25,0.00,completed
E001420,O-PHX-04-20260317-produce-000,PHX-04,P-BERRY,2026-03-17T19:00:00Z,2026-03-17T19:02:00Z,1,4.15,2.40,0.46,completed
E001421,O-PHX-04-20260317-produce-001,PHX-04,P-APPLE,2026-03-17T19:13:00Z,2026-03-17T19:15:00Z,2,3.80,1.10,0.84,completed
E001422,O-PHX-04-20260317-produce-002,PHX-04,P-BERRY,2026-03-17T19:26:00Z,2026-03-17T19:28:00Z,1,4.15,2.40,0.46,completed
E001423,O-PHX-04-20260317-produce-003,PHX-04,P-APPLE,2026-03-17T19:39:00Z,2026-03-17T19:41:00Z,1,3.80,1.10,0.42,completed
E001424,O-PHX-04-20260317-produce-004,PHX-04,P-BERRY,2026-03-17T19:52:00Z,2026-03-17T19:54:00Z,2,4.15,2.40,0.91,completed
E001425,O-PHX-04-20260317-produce-005,PHX-04,P-APPLE,2026-03-17T20:05:00Z,2026-03-17T20:07:00Z,1,3.80,1.10,0.42,completed
E001426,O-PHX-04-20260317-produce-006,PHX-04,P-BERRY,2026-03-17T20:18:00Z,2026-03-17T20:20:00Z,1,4.15,2.40,0.46,completed
E001427,O-PHX-04-20260317-produce-007,PHX-04,P-APPLE,2026-03-17T20:31:00Z,2026-03-17T20:33:00Z,2,3.80,1.10,0.84,completed
E001428,O-PHX-04-20260317-dairy-000,PHX-04,P-YOGURT,2026-03-17T19:00:00Z,2026-03-17T19:02:00Z,1,4.40,0.95,0.00,completed
E001429,O-PHX-04-20260317-dairy-001,PHX-04,P-MILK,2026-03-17T19:13:00Z,2026-03-17T19:15:00Z,2,4.40,1.80,0.00,completed
E001430,O-PHX-04-20260317-dairy-002,PHX-04,P-YOGURT,2026-03-17T19:26:00Z,2026-03-17T19:28:00Z,1,4.40,0.95,0.00,completed
E001431,O-PHX-04-20260317-dairy-003,PHX-04,P-MILK,2026-03-17T19:39:00Z,2026-03-17T19:41:00Z,1,4.40,1.80,0.00,completed
E001432,O-PHX-04-20260317-dairy-004,PHX-04,P-YOGURT,2026-03-17T19:52:00Z,2026-03-17T19:54:00Z,2,4.40,0.95,0.00,completed
E001433,O-PHX-04-20260317-dairy-005,PHX-04,P-MILK,2026-03-17T20:05:00Z,2026-03-17T20:07:00Z,1,4.40,1.80,0.00,completed
E001434,O-PHX-04-20260317-pantry-000,PHX-04,P-SAUCE,2026-03-17T19:00:00Z,2026-03-17T19:02:00Z,1,3.60,1.45,0.00,completed
E001435,O-PHX-04-20260317-pantry-001,PHX-04,P-PASTA,2026-03-17T19:13:00Z,2026-03-17T19:15:00Z,2,3.60,1.25,0.00,completed
E001436,O-PHX-04-20260317-pantry-002,PHX-04,P-SAUCE,2026-03-17T19:26:00Z,2026-03-17T19:28:00Z,1,3.60,1.45,0.00,completed
E001437,O-PHX-04-20260317-pantry-003,PHX-04,P-PASTA,2026-03-17T19:39:00Z,2026-03-17T19:41:00Z,1,3.60,1.25,0.00,completed
E001438,O-PHX-04-20260317-pantry-004,PHX-04,P-SAUCE,2026-03-17T19:52:00Z,2026-03-17T19:54:00Z,2,3.60,1.45,0.00,completed
E001439,O-SFO-01-20260318-produce-000,SFO-01,P-APPLE,2026-03-18T19:00:00Z,2026-03-18T19:02:00Z,2,3.80,1.10,0.84,completed
E001440,O-SFO-01-20260318-produce-001,SFO-01,P-BERRY,2026-03-18T19:13:00Z,2026-03-18T19:15:00Z,1,4.15,2.40,0.46,completed
E001441,O-SFO-01-20260318-produce-002,SFO-01,P-APPLE,2026-03-18T19:26:00Z,2026-03-18T19:28:00Z,1,3.80,1.10,0.42,completed
E001442,O-SFO-01-20260318-produce-003,SFO-01,P-BERRY,2026-03-18T19:39:00Z,2026-03-18T19:41:00Z,2,4.15,2.40,0.91,completed
E001443,O-SFO-01-20260318-produce-004,SFO-01,P-APPLE,2026-03-18T19:52:00Z,2026-03-18T19:54:00Z,1,3.80,1.10,0.42,completed
E001444,O-SFO-01-20260318-produce-005,SFO-01,P-BERRY,2026-03-18T20:05:00Z,2026-03-18T20:07:00Z,1,4.15,2.40,0.46,completed
E001445,O-SFO-01-20260318-produce-006,SFO-01,P-APPLE,2026-03-18T20:18:00Z,2026-03-18T20:20:00Z,2,3.80,1.10,0.84,completed
E001446,O-SFO-01-20260318-produce-007,SFO-01,P-BERRY,2026-03-18T20:31:00Z,2026-03-18T20:33:00Z,1,4.15,2.40,0.46,completed
E001447,O-SFO-01-20260318-produce-008,SFO-01,P-APPLE,2026-03-18T20:44:00Z,2026-03-18T20:46:00Z,1,3.80,1.10,0.42,completed
E001448,O-SFO-01-20260318-produce-009,SFO-01,P-BERRY,2026-03-18T20:57:00Z,2026-03-18T20:59:00Z,2,4.15,2.40,0.91,completed
E001449,O-SFO-01-20260318-produce-010,SFO-01,P-APPLE,2026-03-18T21:10:00Z,2026-03-18T21:12:00Z,1,3.80,1.10,0.42,completed
E001450,O-SFO-01-20260318-produce-011,SFO-01,P-BERRY,2026-03-18T21:23:00Z,2026-03-18T21:25:00Z,1,4.15,2.40,0.46,completed
E001451,O-SFO-01-20260318-produce-012,SFO-01,P-APPLE,2026-03-18T21:36:00Z,2026-03-18T21:38:00Z,2,3.80,1.10,0.84,completed
E001452,O-SFO-01-20260318-produce-013,SFO-01,P-BERRY,2026-03-18T21:49:00Z,2026-03-18T21:51:00Z,1,4.15,2.40,0.46,completed
E001453,O-SFO-01-20260318-produce-014,SFO-01,P-APPLE,2026-03-18T22:02:00Z,2026-03-18T22:04:00Z,1,3.80,1.10,0.42,completed
E001454,O-SFO-01-20260318-produce-015,SFO-01,P-BERRY,2026-03-18T22:15:00Z,2026-03-18T22:17:00Z,2,4.15,2.40,0.91,completed
E001455,O-SFO-01-20260318-produce-016,SFO-01,P-APPLE,2026-03-18T22:28:00Z,2026-03-18T22:30:00Z,1,3.80,1.10,0.42,cancelled
E001456,O-SFO-01-20260318-produce-017,SFO-01,P-BERRY,2026-03-18T22:41:00Z,2026-03-18T22:43:00Z,1,4.15,2.40,0.46,completed
E001457,O-SFO-01-20260318-produce-018,SFO-01,P-APPLE,2026-03-18T22:54:00Z,2026-03-18T22:56:00Z,2,3.80,1.10,0.84,completed
E001458,O-SFO-01-20260318-dairy-000,SFO-01,P-MILK,2026-03-18T19:00:00Z,2026-03-18T19:02:00Z,2,4.40,1.80,0.79,completed
E001459,O-SFO-01-20260318-dairy-001,SFO-01,P-YOGURT,2026-03-18T19:13:00Z,2026-03-18T19:15:00Z,1,4.40,0.95,0.40,completed
E001460,O-SFO-01-20260318-dairy-002,SFO-01,P-MILK,2026-03-18T19:26:00Z,2026-03-18T19:28:00Z,1,4.40,1.80,0.40,completed
E001461,O-SFO-01-20260318-dairy-003,SFO-01,P-YOGURT,2026-03-18T19:39:00Z,2026-03-18T19:41:00Z,2,4.40,0.95,0.79,completed
E001462,O-SFO-01-20260318-dairy-004,SFO-01,P-MILK,2026-03-18T19:52:00Z,2026-03-18T19:54:00Z,1,4.40,1.80,0.40,completed
E001463,O-SFO-01-20260318-dairy-005,SFO-01,P-YOGURT,2026-03-18T20:05:00Z,2026-03-18T20:07:00Z,1,4.40,0.95,0.40,completed
E001464,O-SFO-01-20260318-dairy-006,SFO-01,P-MILK,2026-03-18T20:18:00Z,2026-03-18T20:20:00Z,2,4.40,1.80,0.79,completed
E001465,O-SFO-01-20260318-dairy-007,SFO-01,P-YOGURT,2026-03-18T20:31:00Z,2026-03-18T20:33:00Z,1,4.40,0.95,0.40,completed
E001466,O-SFO-01-20260318-dairy-008,SFO-01,P-MILK,2026-03-18T20:44:00Z,2026-03-18T20:46:00Z,1,4.40,1.80,0.40,completed
E001467,O-SFO-01-20260318-dairy-009,SFO-01,P-YOGURT,2026-03-18T20:57:00Z,2026-03-18T20:59:00Z,2,4.40,0.95,0.79,completed
E001468,O-SFO-01-20260318-dairy-010,SFO-01,P-MILK,2026-03-18T21:10:00Z,2026-03-18T21:12:00Z,1,4.40,1.80,0.40,completed
E001469,O-SFO-01-20260318-dairy-011,SFO-01,P-YOGURT,2026-03-18T21:23:00Z,2026-03-18T21:25:00Z,1,4.40,0.95,0.40,completed
E001470,O-SFO-01-20260318-dairy-012,SFO-01,P-MILK,2026-03-18T21:36:00Z,2026-03-18T21:38:00Z,2,4.40,1.80,0.79,completed
E001471,O-SFO-01-20260318-pantry-000,SFO-01,P-PASTA,2026-03-18T19:00:00Z,2026-03-18T19:02:00Z,2,3.60,1.25,0.00,completed
E001472,O-SFO-01-20260318-pantry-001,SFO-01,P-SAUCE,2026-03-18T19:13:00Z,2026-03-18T19:15:00Z,1,3.60,1.45,0.00,completed
E001473,O-SFO-01-20260318-pantry-002,SFO-01,P-PASTA,2026-03-18T19:26:00Z,2026-03-18T19:28:00Z,1,3.60,1.25,0.00,completed
E001474,O-SFO-01-20260318-pantry-003,SFO-01,P-SAUCE,2026-03-18T19:39:00Z,2026-03-18T19:41:00Z,2,3.60,1.45,0.00,completed
E001475,O-SFO-01-20260318-pantry-004,SFO-01,P-PASTA,2026-03-18T19:52:00Z,2026-03-18T19:54:00Z,1,3.60,1.25,0.00,completed
E001476,O-SFO-01-20260318-pantry-005,SFO-01,P-SAUCE,2026-03-18T20:05:00Z,2026-03-18T20:07:00Z,1,3.60,1.45,0.00,completed
E001477,O-SFO-01-20260318-pantry-006,SFO-01,P-PASTA,2026-03-18T20:18:00Z,2026-03-18T20:20:00Z,2,3.60,1.25,0.00,completed
E001478,O-SFO-01-20260318-pantry-007,SFO-01,P-SAUCE,2026-03-18T20:31:00Z,2026-03-18T20:33:00Z,1,3.60,1.45,0.00,completed
E001479,O-SFO-01-20260318-pantry-008,SFO-01,P-PASTA,2026-03-18T20:44:00Z,2026-03-18T20:46:00Z,1,3.60,1.25,0.00,completed
E001480,O-NYC-02-20260318-produce-000,NYC-02,P-APPLE,2026-03-18T16:00:00Z,2026-03-18T16:02:00Z,2,3.80,1.10,0.84,completed
E001481,O-NYC-02-20260318-produce-001,NYC-02,P-BERRY,2026-03-18T16:13:00Z,2026-03-18T16:15:00Z,1,4.15,2.40,0.46,completed
E001482,O-NYC-02-20260318-produce-002,NYC-02,P-APPLE,2026-03-18T16:26:00Z,2026-03-18T16:28:00Z,1,3.80,1.10,0.42,completed
E001483,O-NYC-02-20260318-produce-003,NYC-02,P-BERRY,2026-03-18T16:39:00Z,2026-03-18T16:41:00Z,2,4.15,2.40,0.91,completed
E001484,O-NYC-02-20260318-produce-004,NYC-02,P-APPLE,2026-03-18T16:52:00Z,2026-03-18T16:54:00Z,1,3.80,1.10,0.42,completed
E001485,O-NYC-02-20260318-produce-005,NYC-02,P-BERRY,2026-03-18T17:05:00Z,2026-03-18T17:07:00Z,1,4.15,2.40,0.46,completed
E001486,O-NYC-02-20260318-produce-006,NYC-02,P-APPLE,2026-03-18T17:18:00Z,2026-03-18T17:20:00Z,2,3.80,1.10,0.84,completed
E001487,O-NYC-02-20260318-produce-007,NYC-02,P-BERRY,2026-03-18T17:31:00Z,2026-03-18T17:33:00Z,1,4.15,2.40,0.46,completed
E001488,O-NYC-02-20260318-produce-008,NYC-02,P-APPLE,2026-03-18T17:44:00Z,2026-03-18T17:46:00Z,1,3.80,1.10,0.42,completed
E001489,O-NYC-02-20260318-produce-009,NYC-02,P-BERRY,2026-03-18T17:57:00Z,2026-03-18T17:59:00Z,2,4.15,2.40,0.91,completed
E001490,O-NYC-02-20260318-produce-010,NYC-02,P-APPLE,2026-03-18T18:10:00Z,2026-03-18T18:12:00Z,1,3.80,1.10,0.42,completed
E001491,O-NYC-02-20260318-produce-011,NYC-02,P-BERRY,2026-03-18T18:23:00Z,2026-03-18T18:25:00Z,1,4.15,2.40,0.46,completed
E001492,O-NYC-02-20260318-produce-012,NYC-02,P-APPLE,2026-03-18T18:36:00Z,2026-03-18T18:38:00Z,2,3.80,1.10,0.84,completed
E001493,O-NYC-02-20260318-produce-013,NYC-02,P-BERRY,2026-03-18T18:49:00Z,2026-03-18T18:51:00Z,1,4.15,2.40,0.46,completed
E001494,O-NYC-02-20260318-produce-014,NYC-02,P-APPLE,2026-03-18T19:02:00Z,2026-03-18T19:04:00Z,1,3.80,1.10,0.42,completed
E001495,O-NYC-02-20260318-produce-015,NYC-02,P-BERRY,2026-03-18T19:15:00Z,2026-03-18T19:17:00Z,2,4.15,2.40,0.91,completed
E001496,O-NYC-02-20260318-produce-016,NYC-02,P-APPLE,2026-03-18T19:28:00Z,2026-03-18T19:30:00Z,1,3.80,1.10,0.42,cancelled
E001497,O-NYC-02-20260318-produce-017,NYC-02,P-BERRY,2026-03-18T19:41:00Z,2026-03-18T19:43:00Z,1,4.15,2.40,0.46,completed
E001498,O-NYC-02-20260318-produce-018,NYC-02,P-APPLE,2026-03-18T19:54:00Z,2026-03-18T19:56:00Z,2,3.80,1.10,0.84,completed
E001499,O-NYC-02-20260318-produce-019,NYC-02,P-BERRY,2026-03-18T20:07:00Z,2026-03-18T20:09:00Z,1,4.15,2.40,0.46,completed
E001500,O-NYC-02-20260318-produce-019,NYC-02,P-BERRY,2026-03-18T20:07:00Z,2026-03-18T20:10:00Z,1,4.15,2.40,0.46,completed
E001501,O-NYC-02-20260318-produce-020,NYC-02,P-APPLE,2026-03-18T20:20:00Z,2026-03-18T20:22:00Z,1,3.80,1.10,0.42,completed
E001502,O-NYC-02-20260318-produce-021,NYC-02,P-BERRY,2026-03-18T20:33:00Z,2026-03-18T20:35:00Z,2,4.15,2.40,0.91,completed
E001503,O-NYC-02-20260318-dairy-000,NYC-02,P-MILK,2026-03-18T16:00:00Z,2026-03-18T16:02:00Z,2,4.40,1.80,0.79,completed
E001504,O-NYC-02-20260318-dairy-001,NYC-02,P-YOGURT,2026-03-18T16:13:00Z,2026-03-18T16:15:00Z,1,4.40,0.95,0.40,completed
E001505,O-NYC-02-20260318-dairy-002,NYC-02,P-MILK,2026-03-18T16:26:00Z,2026-03-18T16:28:00Z,1,4.40,1.80,0.40,completed
E001506,O-NYC-02-20260318-dairy-003,NYC-02,P-YOGURT,2026-03-18T16:39:00Z,2026-03-18T16:41:00Z,2,4.40,0.95,0.79,completed
E001507,O-NYC-02-20260318-dairy-004,NYC-02,P-MILK,2026-03-18T16:52:00Z,2026-03-18T16:54:00Z,1,4.40,1.80,0.40,completed
E001508,O-NYC-02-20260318-dairy-005,NYC-02,P-YOGURT,2026-03-18T17:05:00Z,2026-03-18T17:07:00Z,1,4.40,0.95,0.40,completed
E001509,O-NYC-02-20260318-dairy-006,NYC-02,P-MILK,2026-03-18T17:18:00Z,2026-03-18T17:20:00Z,2,4.40,1.80,0.79,completed
E001510,O-NYC-02-20260318-dairy-007,NYC-02,P-YOGURT,2026-03-18T17:31:00Z,2026-03-18T17:33:00Z,1,4.40,0.95,0.40,completed
E001511,O-NYC-02-20260318-dairy-008,NYC-02,P-MILK,2026-03-18T17:44:00Z,2026-03-18T17:46:00Z,1,4.40,1.80,0.40,completed
E001512,O-NYC-02-20260318-dairy-009,NYC-02,P-YOGURT,2026-03-18T17:57:00Z,2026-03-18T17:59:00Z,2,4.40,0.95,0.79,completed
E001513,O-NYC-02-20260318-dairy-010,NYC-02,P-MILK,2026-03-18T18:10:00Z,2026-03-18T18:12:00Z,1,4.40,1.80,0.40,completed
E001514,O-NYC-02-20260318-dairy-011,NYC-02,P-YOGURT,2026-03-18T18:23:00Z,2026-03-18T18:25:00Z,1,4.40,0.95,0.40,completed
E001515,O-NYC-02-20260318-dairy-012,NYC-02,P-MILK,2026-03-18T18:36:00Z,2026-03-18T18:38:00Z,2,4.40,1.80,0.79,completed
E001516,O-NYC-02-20260318-dairy-013,NYC-02,P-YOGURT,2026-03-18T18:49:00Z,2026-03-18T18:51:00Z,1,4.40,0.95,0.40,completed
E001517,O-NYC-02-20260318-dairy-014,NYC-02,P-MILK,2026-03-18T19:02:00Z,2026-03-18T19:04:00Z,1,4.40,1.80,0.40,completed
E001518,O-NYC-02-20260318-dairy-015,NYC-02,P-YOGURT,2026-03-18T19:15:00Z,2026-03-18T19:17:00Z,2,4.40,0.95,0.79,completed
E001519,O-NYC-02-20260318-dairy-016,NYC-02,P-MILK,2026-03-18T19:28:00Z,2026-03-18T19:30:00Z,1,4.40,1.80,0.40,completed
E001520,O-NYC-02-20260318-dairy-017,NYC-02,P-YOGURT,2026-03-18T19:41:00Z,2026-03-18T19:43:00Z,1,4.40,0.95,0.40,completed
E001521,O-NYC-02-20260318-dairy-018,NYC-02,P-MILK,2026-03-18T19:54:00Z,2026-03-18T19:56:00Z,2,4.40,1.80,0.79,cancelled
E001522,O-NYC-02-20260318-pantry-000,NYC-02,P-PASTA,2026-03-18T16:00:00Z,2026-03-18T16:02:00Z,2,3.60,1.25,0.00,completed
E001523,O-NYC-02-20260318-pantry-001,NYC-02,P-SAUCE,2026-03-18T16:13:00Z,2026-03-18T16:15:00Z,1,3.60,1.45,0.00,completed
E001524,O-NYC-02-20260318-pantry-002,NYC-02,P-PASTA,2026-03-18T16:26:00Z,2026-03-18T16:28:00Z,1,3.60,1.25,0.00,completed
E001525,O-NYC-02-20260318-pantry-003,NYC-02,P-SAUCE,2026-03-18T16:39:00Z,2026-03-18T16:41:00Z,2,3.60,1.45,0.00,completed
E001526,O-NYC-02-20260318-pantry-004,NYC-02,P-PASTA,2026-03-18T16:52:00Z,2026-03-18T16:54:00Z,1,3.60,1.25,0.00,completed
E001527,O-NYC-02-20260318-pantry-005,NYC-02,P-SAUCE,2026-03-18T17:05:00Z,2026-03-18T17:07:00Z,1,3.60,1.45,0.00,completed
E001528,O-NYC-02-20260318-pantry-006,NYC-02,P-PASTA,2026-03-18T17:18:00Z,2026-03-18T17:20:00Z,2,3.60,1.25,0.00,completed
E001529,O-NYC-02-20260318-pantry-007,NYC-02,P-SAUCE,2026-03-18T17:31:00Z,2026-03-18T17:33:00Z,1,3.60,1.45,0.00,completed
E001530,O-NYC-02-20260318-pantry-008,NYC-02,P-PASTA,2026-03-18T17:44:00Z,2026-03-18T17:46:00Z,1,3.60,1.25,0.00,completed
E001531,O-NYC-02-20260318-pantry-009,NYC-02,P-SAUCE,2026-03-18T17:57:00Z,2026-03-18T17:59:00Z,2,3.60,1.45,0.00,completed
E001532,O-NYC-02-20260318-pantry-010,NYC-02,P-PASTA,2026-03-18T18:10:00Z,2026-03-18T18:12:00Z,1,3.60,1.25,0.00,completed
E001533,O-NYC-02-20260318-pantry-011,NYC-02,P-SAUCE,2026-03-18T18:23:00Z,2026-03-18T18:25:00Z,1,3.60,1.45,0.00,completed
E001534,O-CHI-03-20260318-produce-000,CHI-03,P-APPLE,2026-03-18T17:00:00Z,2026-03-18T17:02:00Z,2,3.80,1.10,0.84,completed
E001535,O-CHI-03-20260318-produce-001,CHI-03,P-BERRY,2026-03-18T17:13:00Z,2026-03-18T17:15:00Z,1,4.15,2.40,0.46,completed
E001536,O-CHI-03-20260318-produce-002,CHI-03,P-APPLE,2026-03-18T17:26:00Z,2026-03-18T17:28:00Z,1,3.80,1.10,0.42,completed
E001537,O-CHI-03-20260318-produce-003,CHI-03,P-BERRY,2026-03-18T17:39:00Z,2026-03-18T17:41:00Z,2,4.15,2.40,0.91,completed
E001538,O-CHI-03-20260318-produce-004,CHI-03,P-APPLE,2026-03-18T17:52:00Z,2026-03-18T17:54:00Z,1,3.80,1.10,0.42,completed
E001539,O-CHI-03-20260318-produce-005,CHI-03,P-BERRY,2026-03-18T18:05:00Z,2026-03-18T18:07:00Z,1,4.15,2.40,0.46,completed
E001540,O-CHI-03-20260318-produce-006,CHI-03,P-APPLE,2026-03-18T18:18:00Z,2026-03-18T18:20:00Z,2,3.80,1.10,0.84,completed
E001541,O-CHI-03-20260318-produce-007,CHI-03,P-BERRY,2026-03-18T18:31:00Z,2026-03-18T18:33:00Z,1,4.15,2.40,0.46,completed
E001542,O-CHI-03-20260318-produce-008,CHI-03,P-APPLE,2026-03-18T18:44:00Z,2026-03-18T18:46:00Z,1,3.80,1.10,0.42,completed
E001543,O-CHI-03-20260318-produce-009,CHI-03,P-BERRY,2026-03-18T18:57:00Z,2026-03-18T18:59:00Z,2,4.15,2.40,0.91,completed
E001544,O-CHI-03-20260318-dairy-000,CHI-03,P-MILK,2026-03-18T17:00:00Z,2026-03-18T17:02:00Z,2,4.40,1.80,0.79,completed
E001545,O-CHI-03-20260318-dairy-001,CHI-03,P-YOGURT,2026-03-18T17:13:00Z,2026-03-18T17:15:00Z,1,4.40,0.95,0.40,completed
E001546,O-CHI-03-20260318-dairy-002,CHI-03,P-MILK,2026-03-18T17:26:00Z,2026-03-18T17:28:00Z,1,4.40,1.80,0.40,completed
E001547,O-CHI-03-20260318-dairy-003,CHI-03,P-YOGURT,2026-03-18T17:39:00Z,2026-03-18T17:41:00Z,2,4.40,0.95,0.79,completed
E001548,O-CHI-03-20260318-dairy-004,CHI-03,P-MILK,2026-03-18T17:52:00Z,2026-03-18T17:54:00Z,1,4.40,1.80,0.40,completed
E001549,O-CHI-03-20260318-dairy-005,CHI-03,P-YOGURT,2026-03-18T18:05:00Z,2026-03-18T18:07:00Z,1,4.40,0.95,0.40,completed
E001550,O-CHI-03-20260318-dairy-006,CHI-03,P-MILK,2026-03-18T18:18:00Z,2026-03-18T18:20:00Z,2,4.40,1.80,0.79,completed
E001551,O-CHI-03-20260318-dairy-007,CHI-03,P-YOGURT,2026-03-18T18:31:00Z,2026-03-18T18:33:00Z,1,4.40,0.95,0.40,completed
E001552,O-CHI-03-20260318-dairy-008,CHI-03,P-MILK,2026-03-18T18:44:00Z,2026-03-18T18:46:00Z,1,4.40,1.80,0.40,completed
E001553,O-CHI-03-20260318-dairy-009,CHI-03,P-YOGURT,2026-03-18T18:57:00Z,2026-03-18T18:59:00Z,2,4.40,0.95,0.79,completed
E001554,O-CHI-03-20260318-pantry-000,CHI-03,P-PASTA,2026-03-18T17:00:00Z,2026-03-18T17:02:00Z,2,3.60,1.25,0.00,completed
E001555,O-CHI-03-20260318-pantry-001,CHI-03,P-SAUCE,2026-03-18T17:13:00Z,2026-03-18T17:15:00Z,1,3.60,1.45,0.00,completed
E001556,O-CHI-03-20260318-pantry-002,CHI-03,P-PASTA,2026-03-18T17:26:00Z,2026-03-18T17:28:00Z,1,3.60,1.25,0.00,completed
E001557,O-CHI-03-20260318-pantry-003,CHI-03,P-SAUCE,2026-03-18T17:39:00Z,2026-03-18T17:41:00Z,2,3.60,1.45,0.00,completed
E001558,O-CHI-03-20260318-pantry-004,CHI-03,P-PASTA,2026-03-18T17:52:00Z,2026-03-18T17:54:00Z,1,3.60,1.25,0.00,completed
E001559,O-CHI-03-20260318-pantry-005,CHI-03,P-SAUCE,2026-03-18T18:05:00Z,2026-03-18T18:07:00Z,1,3.60,1.45,0.00,completed
E001560,O-CHI-03-20260318-pantry-006,CHI-03,P-PASTA,2026-03-18T18:18:00Z,2026-03-18T18:20:00Z,2,3.60,1.25,0.00,completed
E001561,O-PHX-04-20260318-produce-000,PHX-04,P-APPLE,2026-03-18T19:00:00Z,2026-03-18T19:02:00Z,2,3.80,1.10,0.84,completed
E001562,O-PHX-04-20260318-produce-001,PHX-04,P-BERRY,2026-03-18T19:13:00Z,2026-03-18T19:15:00Z,1,4.15,2.40,0.46,completed
E001563,O-PHX-04-20260318-produce-002,PHX-04,P-APPLE,2026-03-18T19:26:00Z,2026-03-18T19:28:00Z,1,3.80,1.10,0.42,completed
E001564,O-PHX-04-20260318-produce-003,PHX-04,P-BERRY,2026-03-18T19:39:00Z,2026-03-18T19:41:00Z,2,4.15,2.40,0.91,completed
E001565,O-PHX-04-20260318-produce-004,PHX-04,P-APPLE,2026-03-18T19:52:00Z,2026-03-18T19:54:00Z,1,3.80,1.10,0.42,completed
E001566,O-PHX-04-20260318-produce-005,PHX-04,P-BERRY,2026-03-18T20:05:00Z,2026-03-18T20:07:00Z,1,4.15,2.40,0.46,completed
E001567,O-PHX-04-20260318-produce-006,PHX-04,P-APPLE,2026-03-18T20:18:00Z,2026-03-18T20:20:00Z,2,3.80,1.10,0.84,completed
E001568,O-PHX-04-20260318-produce-007,PHX-04,P-BERRY,2026-03-18T20:31:00Z,2026-03-18T20:33:00Z,1,4.15,2.40,0.46,completed
E001569,O-PHX-04-20260318-produce-008,PHX-04,P-APPLE,2026-03-18T20:44:00Z,2026-03-18T20:46:00Z,1,3.80,1.10,0.42,completed
E001570,O-PHX-04-20260318-produce-009,PHX-04,P-BERRY,2026-03-18T20:57:00Z,2026-03-18T20:59:00Z,2,4.15,2.40,0.91,completed
E001571,O-PHX-04-20260318-dairy-000,PHX-04,P-MILK,2026-03-18T19:00:00Z,2026-03-18T19:02:00Z,2,4.40,1.80,0.79,completed
E001572,O-PHX-04-20260318-dairy-001,PHX-04,P-YOGURT,2026-03-18T19:13:00Z,2026-03-18T19:15:00Z,1,4.40,0.95,0.40,completed
E001573,O-PHX-04-20260318-dairy-002,PHX-04,P-MILK,2026-03-18T19:26:00Z,2026-03-18T19:28:00Z,1,4.40,1.80,0.40,completed
E001574,O-PHX-04-20260318-dairy-003,PHX-04,P-YOGURT,2026-03-18T19:39:00Z,2026-03-18T19:41:00Z,2,4.40,0.95,0.79,completed
E001575,O-PHX-04-20260318-dairy-004,PHX-04,P-MILK,2026-03-18T19:52:00Z,2026-03-18T19:54:00Z,1,4.40,1.80,0.40,completed
E001576,O-PHX-04-20260318-dairy-005,PHX-04,P-YOGURT,2026-03-18T20:05:00Z,2026-03-18T20:07:00Z,1,4.40,0.95,0.40,completed
E001577,O-PHX-04-20260318-dairy-006,PHX-04,P-MILK,2026-03-18T20:18:00Z,2026-03-18T20:20:00Z,2,4.40,1.80,0.79,completed
E001578,O-PHX-04-20260318-pantry-000,PHX-04,P-PASTA,2026-03-18T19:00:00Z,2026-03-18T19:02:00Z,2,3.60,1.25,0.00,completed
E001579,O-PHX-04-20260318-pantry-001,PHX-04,P-SAUCE,2026-03-18T19:13:00Z,2026-03-18T19:15:00Z,1,3.60,1.45,0.00,completed
E001580,O-PHX-04-20260318-pantry-002,PHX-04,P-PASTA,2026-03-18T19:26:00Z,2026-03-18T19:28:00Z,1,3.60,1.25,0.00,completed
E001581,O-PHX-04-20260318-pantry-003,PHX-04,P-SAUCE,2026-03-18T19:39:00Z,2026-03-18T19:41:00Z,2,3.60,1.45,0.00,completed
E001582,O-PHX-04-20260318-pantry-004,PHX-04,P-PASTA,2026-03-18T19:52:00Z,2026-03-18T19:54:00Z,1,3.60,1.25,0.00,completed
E001583,O-PHX-04-20260318-pantry-005,PHX-04,P-SAUCE,2026-03-18T20:05:00Z,2026-03-18T20:07:00Z,1,3.60,1.45,0.00,completed
E001584,O-SFO-01-20260319-produce-000,SFO-01,P-BERRY,2026-03-19T19:00:00Z,2026-03-19T19:02:00Z,1,4.15,2.40,0.46,completed
E001585,O-SFO-01-20260319-produce-001,SFO-01,P-APPLE,2026-03-19T19:13:00Z,2026-03-19T19:15:00Z,1,3.80,1.10,0.42,completed
E001586,O-SFO-01-20260319-produce-002,SFO-01,P-BERRY,2026-03-19T19:26:00Z,2026-03-19T19:28:00Z,2,4.15,2.40,0.91,completed
E001587,O-SFO-01-20260319-produce-003,SFO-01,P-APPLE,2026-03-19T19:39:00Z,2026-03-19T19:41:00Z,1,3.80,1.10,0.42,completed
E001588,O-SFO-01-20260319-produce-004,SFO-01,P-BERRY,2026-03-19T19:52:00Z,2026-03-19T19:54:00Z,1,4.15,2.40,0.46,completed
E001589,O-SFO-01-20260319-produce-005,SFO-01,P-APPLE,2026-03-19T20:05:00Z,2026-03-19T20:07:00Z,2,3.80,1.10,0.84,completed
E001590,O-SFO-01-20260319-produce-006,SFO-01,P-BERRY,2026-03-19T20:18:00Z,2026-03-19T20:20:00Z,1,4.15,2.40,0.46,completed
E001591,O-SFO-01-20260319-produce-007,SFO-01,P-APPLE,2026-03-19T20:31:00Z,2026-03-19T20:33:00Z,1,3.80,1.10,0.42,completed
E001592,O-SFO-01-20260319-produce-008,SFO-01,P-BERRY,2026-03-19T20:44:00Z,2026-03-19T20:46:00Z,2,4.15,2.40,0.91,completed
E001593,O-SFO-01-20260319-produce-009,SFO-01,P-APPLE,2026-03-19T20:57:00Z,2026-03-19T20:59:00Z,1,3.80,1.10,0.42,completed
E001594,O-SFO-01-20260319-produce-010,SFO-01,P-BERRY,2026-03-19T21:10:00Z,2026-03-19T21:12:00Z,1,4.15,2.40,0.46,completed
E001595,O-SFO-01-20260319-produce-011,SFO-01,P-APPLE,2026-03-19T21:23:00Z,2026-03-19T21:25:00Z,2,3.80,1.10,0.84,completed
E001596,O-SFO-01-20260319-produce-012,SFO-01,P-BERRY,2026-03-19T21:36:00Z,2026-03-19T21:38:00Z,1,4.15,2.40,0.46,completed
E001597,O-SFO-01-20260319-produce-013,SFO-01,P-APPLE,2026-03-19T21:49:00Z,2026-03-19T21:51:00Z,1,3.80,1.10,0.42,completed
E001598,O-SFO-01-20260319-produce-014,SFO-01,P-BERRY,2026-03-19T22:02:00Z,2026-03-19T22:04:00Z,2,4.15,2.40,0.91,completed
E001599,O-SFO-01-20260319-produce-015,SFO-01,P-APPLE,2026-03-19T22:15:00Z,2026-03-19T22:17:00Z,1,3.80,1.10,0.42,cancelled
E001600,O-SFO-01-20260319-produce-016,SFO-01,P-BERRY,2026-03-19T22:28:00Z,2026-03-19T22:30:00Z,1,4.15,2.40,0.46,completed
E001601,O-SFO-01-20260319-produce-017,SFO-01,P-APPLE,2026-03-19T22:41:00Z,2026-03-19T22:43:00Z,2,3.80,1.10,0.84,completed
E001602,O-SFO-01-20260319-produce-018,SFO-01,P-BERRY,2026-03-19T22:54:00Z,2026-03-19T22:56:00Z,1,4.15,2.40,0.46,completed
E001603,O-SFO-01-20260319-produce-018,SFO-01,P-BERRY,2026-03-19T22:54:00Z,2026-03-19T22:57:00Z,1,4.15,2.40,0.46,completed
E001604,O-SFO-01-20260319-dairy-000,SFO-01,P-YOGURT,2026-03-19T19:00:00Z,2026-03-19T19:02:00Z,1,4.40,0.95,0.40,completed
E001605,O-SFO-01-20260319-dairy-001,SFO-01,P-MILK,2026-03-19T19:13:00Z,2026-03-19T19:15:00Z,1,4.40,1.80,0.40,completed
E001606,O-SFO-01-20260319-dairy-002,SFO-01,P-YOGURT,2026-03-19T19:26:00Z,2026-03-19T19:28:00Z,2,4.40,0.95,0.79,completed
E001607,O-SFO-01-20260319-dairy-003,SFO-01,P-MILK,2026-03-19T19:39:00Z,2026-03-19T19:41:00Z,1,4.40,1.80,0.40,completed
E001608,O-SFO-01-20260319-dairy-004,SFO-01,P-YOGURT,2026-03-19T19:52:00Z,2026-03-19T19:54:00Z,1,4.40,0.95,0.40,completed
E001609,O-SFO-01-20260319-dairy-005,SFO-01,P-MILK,2026-03-19T20:05:00Z,2026-03-19T20:07:00Z,2,4.40,1.80,0.79,completed
E001610,O-SFO-01-20260319-dairy-006,SFO-01,P-YOGURT,2026-03-19T20:18:00Z,2026-03-19T20:20:00Z,1,4.40,0.95,0.40,completed
E001611,O-SFO-01-20260319-dairy-007,SFO-01,P-MILK,2026-03-19T20:31:00Z,2026-03-19T20:33:00Z,1,4.40,1.80,0.40,completed
E001612,O-SFO-01-20260319-dairy-008,SFO-01,P-YOGURT,2026-03-19T20:44:00Z,2026-03-19T20:46:00Z,2,4.40,0.95,0.79,completed
E001613,O-SFO-01-20260319-dairy-009,SFO-01,P-MILK,2026-03-19T20:57:00Z,2026-03-19T20:59:00Z,1,4.40,1.80,0.40,completed
E001614,O-SFO-01-20260319-dairy-010,SFO-01,P-YOGURT,2026-03-19T21:10:00Z,2026-03-19T21:12:00Z,1,4.40,0.95,0.40,completed
E001615,O-SFO-01-20260319-dairy-011,SFO-01,P-MILK,2026-03-19T21:23:00Z,2026-03-19T21:25:00Z,2,4.40,1.80,0.79,completed
E001616,O-SFO-01-20260319-dairy-012,SFO-01,P-YOGURT,2026-03-19T21:36:00Z,2026-03-19T21:38:00Z,1,4.40,0.95,0.40,completed
E001617,O-SFO-01-20260319-pantry-000,SFO-01,P-SAUCE,2026-03-19T19:00:00Z,2026-03-19T19:02:00Z,1,3.60,1.45,0.00,completed
E001618,O-SFO-01-20260319-pantry-001,SFO-01,P-PASTA,2026-03-19T19:13:00Z,2026-03-19T19:15:00Z,1,3.60,1.25,0.00,completed
E001619,O-SFO-01-20260319-pantry-002,SFO-01,P-SAUCE,2026-03-19T19:26:00Z,2026-03-19T19:28:00Z,2,3.60,1.45,0.00,completed
E001620,O-SFO-01-20260319-pantry-003,SFO-01,P-PASTA,2026-03-19T19:39:00Z,2026-03-19T19:41:00Z,1,3.60,1.25,0.00,completed
E001621,O-SFO-01-20260319-pantry-004,SFO-01,P-SAUCE,2026-03-19T19:52:00Z,2026-03-19T19:54:00Z,1,3.60,1.45,0.00,completed
E001622,O-SFO-01-20260319-pantry-005,SFO-01,P-PASTA,2026-03-19T20:05:00Z,2026-03-19T20:07:00Z,2,3.60,1.25,0.00,completed
E001623,O-SFO-01-20260319-pantry-006,SFO-01,P-SAUCE,2026-03-19T20:18:00Z,2026-03-19T20:20:00Z,1,3.60,1.45,0.00,completed
E001624,O-SFO-01-20260319-pantry-007,SFO-01,P-PASTA,2026-03-19T20:31:00Z,2026-03-19T20:33:00Z,1,3.60,1.25,0.00,completed
E001625,O-SFO-01-20260319-pantry-008,SFO-01,P-SAUCE,2026-03-19T20:44:00Z,2026-03-19T20:46:00Z,2,3.60,1.45,0.00,completed
E001626,O-NYC-02-20260319-produce-000,NYC-02,P-BERRY,2026-03-19T16:00:00Z,2026-03-19T16:02:00Z,1,4.15,2.40,0.46,completed
E001627,O-NYC-02-20260319-produce-001,NYC-02,P-APPLE,2026-03-19T16:13:00Z,2026-03-19T16:15:00Z,1,3.80,1.10,0.42,completed
E001628,O-NYC-02-20260319-produce-002,NYC-02,P-BERRY,2026-03-19T16:26:00Z,2026-03-19T16:28:00Z,2,4.15,2.40,0.91,completed
E001629,O-NYC-02-20260319-produce-003,NYC-02,P-APPLE,2026-03-19T16:39:00Z,2026-03-19T16:41:00Z,1,3.80,1.10,0.42,completed
E001630,O-NYC-02-20260319-produce-004,NYC-02,P-BERRY,2026-03-19T16:52:00Z,2026-03-19T16:54:00Z,1,4.15,2.40,0.46,completed
E001631,O-NYC-02-20260319-produce-005,NYC-02,P-APPLE,2026-03-19T17:05:00Z,2026-03-19T17:07:00Z,2,3.80,1.10,0.84,completed
E001632,O-NYC-02-20260319-produce-006,NYC-02,P-BERRY,2026-03-19T17:18:00Z,2026-03-19T17:20:00Z,1,4.15,2.40,0.46,completed
E001633,O-NYC-02-20260319-produce-007,NYC-02,P-APPLE,2026-03-19T17:31:00Z,2026-03-19T17:33:00Z,1,3.80,1.10,0.42,completed
E001634,O-NYC-02-20260319-produce-008,NYC-02,P-BERRY,2026-03-19T17:44:00Z,2026-03-19T17:46:00Z,2,4.15,2.40,0.91,completed
E001635,O-NYC-02-20260319-produce-009,NYC-02,P-APPLE,2026-03-19T17:57:00Z,2026-03-19T17:59:00Z,1,3.80,1.10,0.42,completed
E001636,O-NYC-02-20260319-produce-010,NYC-02,P-BERRY,2026-03-19T18:10:00Z,2026-03-19T18:12:00Z,1,4.15,2.40,0.46,completed
E001637,O-NYC-02-20260319-produce-011,NYC-02,P-APPLE,2026-03-19T18:23:00Z,2026-03-19T18:25:00Z,2,3.80,1.10,0.84,completed
E001638,O-NYC-02-20260319-produce-012,NYC-02,P-BERRY,2026-03-19T18:36:00Z,2026-03-19T18:38:00Z,1,4.15,2.40,0.46,completed
E001639,O-NYC-02-20260319-produce-013,NYC-02,P-APPLE,2026-03-19T18:49:00Z,2026-03-19T18:51:00Z,1,3.80,1.10,0.42,completed
E001640,O-NYC-02-20260319-produce-014,NYC-02,P-BERRY,2026-03-19T19:02:00Z,2026-03-19T19:04:00Z,2,4.15,2.40,0.91,completed
E001641,O-NYC-02-20260319-produce-015,NYC-02,P-APPLE,2026-03-19T19:15:00Z,2026-03-19T19:17:00Z,1,3.80,1.10,0.42,cancelled
E001642,O-NYC-02-20260319-produce-016,NYC-02,P-BERRY,2026-03-19T19:28:00Z,2026-03-19T19:30:00Z,1,4.15,2.40,0.46,completed
E001643,O-NYC-02-20260319-produce-017,NYC-02,P-APPLE,2026-03-19T19:41:00Z,2026-03-19T19:43:00Z,2,3.80,1.10,0.84,completed
E001644,O-NYC-02-20260319-produce-018,NYC-02,P-BERRY,2026-03-19T19:54:00Z,2026-03-19T19:56:00Z,1,4.15,2.40,0.46,completed
E001645,O-NYC-02-20260319-produce-018,NYC-02,P-BERRY,2026-03-19T19:54:00Z,2026-03-19T19:57:00Z,1,4.15,2.40,0.46,completed
E001646,O-NYC-02-20260319-produce-019,NYC-02,P-APPLE,2026-03-19T20:07:00Z,2026-03-19T20:09:00Z,1,3.80,1.10,0.42,completed
E001647,O-NYC-02-20260319-produce-020,NYC-02,P-BERRY,2026-03-19T20:20:00Z,2026-03-19T20:22:00Z,2,4.15,2.40,0.91,completed
E001648,O-NYC-02-20260319-produce-021,NYC-02,P-APPLE,2026-03-19T20:33:00Z,2026-03-19T20:35:00Z,1,3.80,1.10,0.42,completed
E001649,O-NYC-02-20260319-dairy-000,NYC-02,P-YOGURT,2026-03-19T16:00:00Z,2026-03-19T16:02:00Z,1,4.40,0.95,0.40,completed
E001650,O-NYC-02-20260319-dairy-001,NYC-02,P-MILK,2026-03-19T16:13:00Z,2026-03-19T16:15:00Z,1,4.40,1.80,0.40,completed
E001651,O-NYC-02-20260319-dairy-002,NYC-02,P-YOGURT,2026-03-19T16:26:00Z,2026-03-19T16:28:00Z,2,4.40,0.95,0.79,completed
E001652,O-NYC-02-20260319-dairy-003,NYC-02,P-MILK,2026-03-19T16:39:00Z,2026-03-19T16:41:00Z,1,4.40,1.80,0.40,completed
E001653,O-NYC-02-20260319-dairy-004,NYC-02,P-YOGURT,2026-03-19T16:52:00Z,2026-03-19T16:54:00Z,1,4.40,0.95,0.40,completed
E001654,O-NYC-02-20260319-dairy-005,NYC-02,P-MILK,2026-03-19T17:05:00Z,2026-03-19T17:07:00Z,2,4.40,1.80,0.79,completed
E001655,O-NYC-02-20260319-dairy-006,NYC-02,P-YOGURT,2026-03-19T17:18:00Z,2026-03-19T17:20:00Z,1,4.40,0.95,0.40,completed
E001656,O-NYC-02-20260319-dairy-007,NYC-02,P-MILK,2026-03-19T17:31:00Z,2026-03-19T17:33:00Z,1,4.40,1.80,0.40,completed
E001657,O-NYC-02-20260319-dairy-008,NYC-02,P-YOGURT,2026-03-19T17:44:00Z,2026-03-19T17:46:00Z,2,4.40,0.95,0.79,completed
E001658,O-NYC-02-20260319-dairy-009,NYC-02,P-MILK,2026-03-19T17:57:00Z,2026-03-19T17:59:00Z,1,4.40,1.80,0.40,completed
E001659,O-NYC-02-20260319-dairy-010,NYC-02,P-YOGURT,2026-03-19T18:10:00Z,2026-03-19T18:12:00Z,1,4.40,0.95,0.40,completed
E001660,O-NYC-02-20260319-dairy-011,NYC-02,P-MILK,2026-03-19T18:23:00Z,2026-03-19T18:25:00Z,2,4.40,1.80,0.79,completed
E001661,O-NYC-02-20260319-dairy-012,NYC-02,P-YOGURT,2026-03-19T18:36:00Z,2026-03-19T18:38:00Z,1,4.40,0.95,0.40,completed
E001662,O-NYC-02-20260319-dairy-013,NYC-02,P-MILK,2026-03-19T18:49:00Z,2026-03-19T18:51:00Z,1,4.40,1.80,0.40,completed
E001663,O-NYC-02-20260319-dairy-014,NYC-02,P-YOGURT,2026-03-19T19:02:00Z,2026-03-19T19:04:00Z,2,4.40,0.95,0.79,completed
E001664,O-NYC-02-20260319-dairy-015,NYC-02,P-MILK,2026-03-19T19:15:00Z,2026-03-19T19:17:00Z,1,4.40,1.80,0.40,completed
E001665,O-NYC-02-20260319-dairy-016,NYC-02,P-YOGURT,2026-03-19T19:28:00Z,2026-03-19T19:30:00Z,1,4.40,0.95,0.40,completed
E001666,O-NYC-02-20260319-dairy-017,NYC-02,P-MILK,2026-03-19T19:41:00Z,2026-03-19T19:43:00Z,2,4.40,1.80,0.79,cancelled
E001667,O-NYC-02-20260319-dairy-018,NYC-02,P-YOGURT,2026-03-19T19:54:00Z,2026-03-19T19:56:00Z,1,4.40,0.95,0.40,completed
E001668,O-NYC-02-20260319-dairy-018,NYC-02,P-YOGURT,2026-03-19T19:54:00Z,2026-03-19T19:57:00Z,1,4.40,0.95,0.40,completed
E001669,O-NYC-02-20260319-pantry-000,NYC-02,P-SAUCE,2026-03-19T16:00:00Z,2026-03-19T16:02:00Z,1,3.60,1.45,0.00,completed
E001670,O-NYC-02-20260319-pantry-001,NYC-02,P-PASTA,2026-03-19T16:13:00Z,2026-03-19T16:15:00Z,1,3.60,1.25,0.00,completed
E001671,O-NYC-02-20260319-pantry-002,NYC-02,P-SAUCE,2026-03-19T16:26:00Z,2026-03-19T16:28:00Z,2,3.60,1.45,0.00,completed
E001672,O-NYC-02-20260319-pantry-003,NYC-02,P-PASTA,2026-03-19T16:39:00Z,2026-03-19T16:41:00Z,1,3.60,1.25,0.00,completed
E001673,O-NYC-02-20260319-pantry-004,NYC-02,P-SAUCE,2026-03-19T16:52:00Z,2026-03-19T16:54:00Z,1,3.60,1.45,0.00,completed
E001674,O-NYC-02-20260319-pantry-005,NYC-02,P-PASTA,2026-03-19T17:05:00Z,2026-03-19T17:07:00Z,2,3.60,1.25,0.00,completed
E001675,O-NYC-02-20260319-pantry-006,NYC-02,P-SAUCE,2026-03-19T17:18:00Z,2026-03-19T17:20:00Z,1,3.60,1.45,0.00,completed
E001676,O-NYC-02-20260319-pantry-007,NYC-02,P-PASTA,2026-03-19T17:31:00Z,2026-03-19T17:33:00Z,1,3.60,1.25,0.00,completed
E001677,O-NYC-02-20260319-pantry-008,NYC-02,P-SAUCE,2026-03-19T17:44:00Z,2026-03-19T17:46:00Z,2,3.60,1.45,0.00,completed
E001678,O-NYC-02-20260319-pantry-009,NYC-02,P-PASTA,2026-03-19T17:57:00Z,2026-03-19T17:59:00Z,1,3.60,1.25,0.00,completed
E001679,O-NYC-02-20260319-pantry-010,NYC-02,P-SAUCE,2026-03-19T18:10:00Z,2026-03-19T18:12:00Z,1,3.60,1.45,0.00,completed
E001680,O-CHI-03-20260319-produce-000,CHI-03,P-BERRY,2026-03-19T17:00:00Z,2026-03-19T17:02:00Z,1,4.15,2.40,0.46,completed
E001681,O-CHI-03-20260319-produce-001,CHI-03,P-APPLE,2026-03-19T17:13:00Z,2026-03-19T17:15:00Z,1,3.80,1.10,0.42,completed
E001682,O-CHI-03-20260319-produce-002,CHI-03,P-BERRY,2026-03-19T17:26:00Z,2026-03-19T17:28:00Z,2,4.15,2.40,0.91,completed
E001683,O-CHI-03-20260319-produce-003,CHI-03,P-APPLE,2026-03-19T17:39:00Z,2026-03-19T17:41:00Z,1,3.80,1.10,0.42,completed
E001684,O-CHI-03-20260319-produce-004,CHI-03,P-BERRY,2026-03-19T17:52:00Z,2026-03-19T17:54:00Z,1,4.15,2.40,0.46,completed
E001685,O-CHI-03-20260319-produce-005,CHI-03,P-APPLE,2026-03-19T18:05:00Z,2026-03-19T18:07:00Z,2,3.80,1.10,0.84,completed
E001686,O-CHI-03-20260319-produce-006,CHI-03,P-BERRY,2026-03-19T18:18:00Z,2026-03-19T18:20:00Z,1,4.15,2.40,0.46,completed
E001687,O-CHI-03-20260319-produce-007,CHI-03,P-APPLE,2026-03-19T18:31:00Z,2026-03-19T18:33:00Z,1,3.80,1.10,0.42,completed
E001688,O-CHI-03-20260319-produce-008,CHI-03,P-BERRY,2026-03-19T18:44:00Z,2026-03-19T18:46:00Z,2,4.15,2.40,0.91,completed
E001689,O-CHI-03-20260319-produce-009,CHI-03,P-APPLE,2026-03-19T18:57:00Z,2026-03-19T18:59:00Z,1,3.80,1.10,0.42,completed
E001690,O-CHI-03-20260319-dairy-000,CHI-03,P-YOGURT,2026-03-19T17:00:00Z,2026-03-19T17:02:00Z,1,4.40,0.95,0.40,completed
E001691,O-CHI-03-20260319-dairy-001,CHI-03,P-MILK,2026-03-19T17:13:00Z,2026-03-19T17:15:00Z,1,4.40,1.80,0.40,completed
E001692,O-CHI-03-20260319-dairy-002,CHI-03,P-YOGURT,2026-03-19T17:26:00Z,2026-03-19T17:28:00Z,2,4.40,0.95,0.79,completed
E001693,O-CHI-03-20260319-dairy-003,CHI-03,P-MILK,2026-03-19T17:39:00Z,2026-03-19T17:41:00Z,1,4.40,1.80,0.40,completed
E001694,O-CHI-03-20260319-dairy-004,CHI-03,P-YOGURT,2026-03-19T17:52:00Z,2026-03-19T17:54:00Z,1,4.40,0.95,0.40,completed
E001695,O-CHI-03-20260319-dairy-005,CHI-03,P-MILK,2026-03-19T18:05:00Z,2026-03-19T18:07:00Z,2,4.40,1.80,0.79,completed
E001696,O-CHI-03-20260319-dairy-006,CHI-03,P-YOGURT,2026-03-19T18:18:00Z,2026-03-19T18:20:00Z,1,4.40,0.95,0.40,completed
E001697,O-CHI-03-20260319-dairy-007,CHI-03,P-MILK,2026-03-19T18:31:00Z,2026-03-19T18:33:00Z,1,4.40,1.80,0.40,completed
E001698,O-CHI-03-20260319-dairy-008,CHI-03,P-YOGURT,2026-03-19T18:44:00Z,2026-03-19T18:46:00Z,2,4.40,0.95,0.79,completed
E001699,O-CHI-03-20260319-dairy-009,CHI-03,P-MILK,2026-03-19T18:57:00Z,2026-03-19T18:59:00Z,1,4.40,1.80,0.40,completed
E001700,O-CHI-03-20260319-pantry-000,CHI-03,P-SAUCE,2026-03-19T17:00:00Z,2026-03-19T17:02:00Z,1,3.60,1.45,0.00,completed
E001701,O-CHI-03-20260319-pantry-001,CHI-03,P-PASTA,2026-03-19T17:13:00Z,2026-03-19T17:15:00Z,1,3.60,1.25,0.00,completed
E001702,O-CHI-03-20260319-pantry-002,CHI-03,P-SAUCE,2026-03-19T17:26:00Z,2026-03-19T17:28:00Z,2,3.60,1.45,0.00,completed
E001703,O-CHI-03-20260319-pantry-003,CHI-03,P-PASTA,2026-03-19T17:39:00Z,2026-03-19T17:41:00Z,1,3.60,1.25,0.00,completed
E001704,O-CHI-03-20260319-pantry-004,CHI-03,P-SAUCE,2026-03-19T17:52:00Z,2026-03-19T17:54:00Z,1,3.60,1.45,0.00,completed
E001705,O-CHI-03-20260319-pantry-005,CHI-03,P-PASTA,2026-03-19T18:05:00Z,2026-03-19T18:07:00Z,2,3.60,1.25,0.00,completed
E001706,O-CHI-03-20260319-pantry-006,CHI-03,P-SAUCE,2026-03-19T18:18:00Z,2026-03-19T18:20:00Z,1,3.60,1.45,0.00,completed
E001707,O-PHX-04-20260319-produce-000,PHX-04,P-BERRY,2026-03-19T19:00:00Z,2026-03-19T19:02:00Z,1,4.15,2.40,0.46,completed
E001708,O-PHX-04-20260319-produce-001,PHX-04,P-APPLE,2026-03-19T19:13:00Z,2026-03-19T19:15:00Z,1,3.80,1.10,0.42,completed
E001709,O-PHX-04-20260319-produce-002,PHX-04,P-BERRY,2026-03-19T19:26:00Z,2026-03-19T19:28:00Z,2,4.15,2.40,0.91,completed
E001710,O-PHX-04-20260319-produce-003,PHX-04,P-APPLE,2026-03-19T19:39:00Z,2026-03-19T19:41:00Z,1,3.80,1.10,0.42,completed
E001711,O-PHX-04-20260319-produce-004,PHX-04,P-BERRY,2026-03-19T19:52:00Z,2026-03-19T19:54:00Z,1,4.15,2.40,0.46,completed
E001712,O-PHX-04-20260319-produce-005,PHX-04,P-APPLE,2026-03-19T20:05:00Z,2026-03-19T20:07:00Z,2,3.80,1.10,0.84,completed
E001713,O-PHX-04-20260319-produce-006,PHX-04,P-BERRY,2026-03-19T20:18:00Z,2026-03-19T20:20:00Z,1,4.15,2.40,0.46,completed
E001714,O-PHX-04-20260319-produce-007,PHX-04,P-APPLE,2026-03-19T20:31:00Z,2026-03-19T20:33:00Z,1,3.80,1.10,0.42,completed
E001715,O-PHX-04-20260319-produce-008,PHX-04,P-BERRY,2026-03-19T20:44:00Z,2026-03-19T20:46:00Z,2,4.15,2.40,0.91,completed
E001716,O-PHX-04-20260319-produce-009,PHX-04,P-APPLE,2026-03-19T20:57:00Z,2026-03-19T20:59:00Z,1,3.80,1.10,0.42,completed
E001717,O-PHX-04-20260319-dairy-000,PHX-04,P-YOGURT,2026-03-19T19:00:00Z,2026-03-19T19:02:00Z,1,4.40,0.95,0.40,completed
E001718,O-PHX-04-20260319-dairy-001,PHX-04,P-MILK,2026-03-19T19:13:00Z,2026-03-19T19:15:00Z,1,4.40,1.80,0.40,completed
E001719,O-PHX-04-20260319-dairy-002,PHX-04,P-YOGURT,2026-03-19T19:26:00Z,2026-03-19T19:28:00Z,2,4.40,0.95,0.79,completed
E001720,O-PHX-04-20260319-dairy-003,PHX-04,P-MILK,2026-03-19T19:39:00Z,2026-03-19T19:41:00Z,1,4.40,1.80,0.40,completed
E001721,O-PHX-04-20260319-dairy-004,PHX-04,P-YOGURT,2026-03-19T19:52:00Z,2026-03-19T19:54:00Z,1,4.40,0.95,0.40,completed
E001722,O-PHX-04-20260319-dairy-005,PHX-04,P-MILK,2026-03-19T20:05:00Z,2026-03-19T20:07:00Z,2,4.40,1.80,0.79,completed
E001723,O-PHX-04-20260319-dairy-006,PHX-04,P-YOGURT,2026-03-19T20:18:00Z,2026-03-19T20:20:00Z,1,4.40,0.95,0.40,completed
E001724,O-PHX-04-20260319-pantry-000,PHX-04,P-SAUCE,2026-03-19T19:00:00Z,2026-03-19T19:02:00Z,1,3.60,1.45,0.00,completed
E001725,O-PHX-04-20260319-pantry-001,PHX-04,P-PASTA,2026-03-19T19:13:00Z,2026-03-19T19:15:00Z,1,3.60,1.25,0.00,completed
E001726,O-PHX-04-20260319-pantry-002,PHX-04,P-SAUCE,2026-03-19T19:26:00Z,2026-03-19T19:28:00Z,2,3.60,1.45,0.00,completed
E001727,O-PHX-04-20260319-pantry-003,PHX-04,P-PASTA,2026-03-19T19:39:00Z,2026-03-19T19:41:00Z,1,3.60,1.25,0.00,completed
E001728,O-PHX-04-20260319-pantry-004,PHX-04,P-SAUCE,2026-03-19T19:52:00Z,2026-03-19T19:54:00Z,1,3.60,1.45,0.00,completed
E001729,O-PHX-04-20260319-pantry-005,PHX-04,P-PASTA,2026-03-19T20:05:00Z,2026-03-19T20:07:00Z,2,3.60,1.25,0.00,completed
E001730,O-SFO-01-20260320-produce-000,SFO-01,P-APPLE,2026-03-20T19:00:00Z,2026-03-20T19:02:00Z,1,3.80,1.10,0.42,completed
E001731,O-SFO-01-20260320-produce-001,SFO-01,P-BERRY,2026-03-20T19:13:00Z,2026-03-20T19:15:00Z,2,4.15,2.40,0.91,completed
E001732,O-SFO-01-20260320-produce-002,SFO-01,P-APPLE,2026-03-20T19:26:00Z,2026-03-20T19:28:00Z,1,3.80,1.10,0.42,completed
E001733,O-SFO-01-20260320-produce-003,SFO-01,P-BERRY,2026-03-20T19:39:00Z,2026-03-20T19:41:00Z,1,4.15,2.40,0.46,completed
E001734,O-SFO-01-20260320-produce-004,SFO-01,P-APPLE,2026-03-20T19:52:00Z,2026-03-20T19:54:00Z,2,3.80,1.10,0.84,completed
E001735,O-SFO-01-20260320-produce-005,SFO-01,P-BERRY,2026-03-20T20:05:00Z,2026-03-20T20:07:00Z,1,4.15,2.40,0.46,completed
E001736,O-SFO-01-20260320-produce-006,SFO-01,P-APPLE,2026-03-20T20:18:00Z,2026-03-20T20:20:00Z,1,3.80,1.10,0.42,completed
E001737,O-SFO-01-20260320-produce-007,SFO-01,P-BERRY,2026-03-20T20:31:00Z,2026-03-20T20:33:00Z,2,4.15,2.40,0.91,completed
E001738,O-SFO-01-20260320-produce-008,SFO-01,P-APPLE,2026-03-20T20:44:00Z,2026-03-20T20:46:00Z,1,3.80,1.10,0.42,completed
E001739,O-SFO-01-20260320-produce-009,SFO-01,P-BERRY,2026-03-20T20:57:00Z,2026-03-20T20:59:00Z,1,4.15,2.40,0.46,completed
E001740,O-SFO-01-20260320-produce-010,SFO-01,P-APPLE,2026-03-20T21:10:00Z,2026-03-20T21:12:00Z,2,3.80,1.10,0.84,completed
E001741,O-SFO-01-20260320-produce-011,SFO-01,P-BERRY,2026-03-20T21:23:00Z,2026-03-20T21:25:00Z,1,4.15,2.40,0.46,completed
E001742,O-SFO-01-20260320-produce-012,SFO-01,P-APPLE,2026-03-20T21:36:00Z,2026-03-20T21:38:00Z,1,3.80,1.10,0.42,completed
E001743,O-SFO-01-20260320-produce-013,SFO-01,P-BERRY,2026-03-20T21:49:00Z,2026-03-20T21:51:00Z,2,4.15,2.40,0.91,completed
E001744,O-SFO-01-20260320-produce-014,SFO-01,P-APPLE,2026-03-20T22:02:00Z,2026-03-20T22:04:00Z,1,3.80,1.10,0.42,cancelled
E001745,O-SFO-01-20260320-produce-015,SFO-01,P-BERRY,2026-03-20T22:15:00Z,2026-03-20T22:17:00Z,1,4.15,2.40,0.46,completed
E001746,O-SFO-01-20260320-produce-016,SFO-01,P-APPLE,2026-03-20T22:28:00Z,2026-03-20T22:30:00Z,2,3.80,1.10,0.84,completed
E001747,O-SFO-01-20260320-produce-017,SFO-01,P-BERRY,2026-03-20T22:41:00Z,2026-03-20T22:43:00Z,1,4.15,2.40,0.46,completed
E001748,O-SFO-01-20260320-produce-017,SFO-01,P-BERRY,2026-03-20T22:41:00Z,2026-03-20T22:44:00Z,1,4.15,2.40,0.46,completed
E001749,O-SFO-01-20260320-produce-018,SFO-01,P-APPLE,2026-03-20T22:54:00Z,2026-03-20T22:56:00Z,1,3.80,1.10,0.42,completed
E001750,O-SFO-01-20260320-produce-019,SFO-01,P-BERRY,2026-03-20T23:07:00Z,2026-03-20T23:09:00Z,2,4.15,2.40,0.91,completed
E001751,O-SFO-01-20260320-produce-020,SFO-01,P-APPLE,2026-03-20T23:20:00Z,2026-03-20T23:22:00Z,1,3.80,1.10,0.42,completed
E001752,O-SFO-01-20260320-produce-021,SFO-01,P-BERRY,2026-03-20T23:33:00Z,2026-03-20T23:35:00Z,1,4.15,2.40,0.46,completed
E001753,O-SFO-01-20260320-produce-022,SFO-01,P-APPLE,2026-03-20T23:46:00Z,2026-03-20T23:48:00Z,2,3.80,1.10,0.84,completed
E001754,O-SFO-01-20260320-dairy-000,SFO-01,P-MILK,2026-03-20T19:00:00Z,2026-03-20T19:02:00Z,1,4.40,1.80,0.40,completed
E001755,O-SFO-01-20260320-dairy-001,SFO-01,P-YOGURT,2026-03-20T19:13:00Z,2026-03-20T19:15:00Z,2,4.40,0.95,0.79,completed
E001756,O-SFO-01-20260320-dairy-002,SFO-01,P-MILK,2026-03-20T19:26:00Z,2026-03-20T19:28:00Z,1,4.40,1.80,0.40,completed
E001757,O-SFO-01-20260320-dairy-003,SFO-01,P-YOGURT,2026-03-20T19:39:00Z,2026-03-20T19:41:00Z,1,4.40,0.95,0.40,completed
E001758,O-SFO-01-20260320-dairy-004,SFO-01,P-MILK,2026-03-20T19:52:00Z,2026-03-20T19:54:00Z,2,4.40,1.80,0.79,completed
E001759,O-SFO-01-20260320-dairy-005,SFO-01,P-YOGURT,2026-03-20T20:05:00Z,2026-03-20T20:07:00Z,1,4.40,0.95,0.40,completed
E001760,O-SFO-01-20260320-dairy-006,SFO-01,P-MILK,2026-03-20T20:18:00Z,2026-03-20T20:20:00Z,1,4.40,1.80,0.40,completed
E001761,O-SFO-01-20260320-dairy-007,SFO-01,P-YOGURT,2026-03-20T20:31:00Z,2026-03-20T20:33:00Z,2,4.40,0.95,0.79,completed
E001762,O-SFO-01-20260320-dairy-008,SFO-01,P-MILK,2026-03-20T20:44:00Z,2026-03-20T20:46:00Z,1,4.40,1.80,0.40,completed
E001763,O-SFO-01-20260320-dairy-009,SFO-01,P-YOGURT,2026-03-20T20:57:00Z,2026-03-20T20:59:00Z,1,4.40,0.95,0.40,completed
E001764,O-SFO-01-20260320-dairy-010,SFO-01,P-MILK,2026-03-20T21:10:00Z,2026-03-20T21:12:00Z,2,4.40,1.80,0.79,completed
E001765,O-SFO-01-20260320-dairy-011,SFO-01,P-YOGURT,2026-03-20T21:23:00Z,2026-03-20T21:25:00Z,1,4.40,0.95,0.40,completed
E001766,O-SFO-01-20260320-dairy-012,SFO-01,P-MILK,2026-03-20T21:36:00Z,2026-03-20T21:38:00Z,1,4.40,1.80,0.40,completed
E001767,O-SFO-01-20260320-dairy-013,SFO-01,P-YOGURT,2026-03-20T21:49:00Z,2026-03-20T21:51:00Z,2,4.40,0.95,0.79,completed
E001768,O-SFO-01-20260320-dairy-014,SFO-01,P-MILK,2026-03-20T22:02:00Z,2026-03-20T22:04:00Z,1,4.40,1.80,0.40,completed
E001769,O-SFO-01-20260320-pantry-000,SFO-01,P-PASTA,2026-03-20T19:00:00Z,2026-03-20T19:02:00Z,1,3.60,1.25,0.00,completed
E001770,O-SFO-01-20260320-pantry-001,SFO-01,P-SAUCE,2026-03-20T19:13:00Z,2026-03-20T19:15:00Z,2,3.60,1.45,0.00,completed
E001771,O-SFO-01-20260320-pantry-002,SFO-01,P-PASTA,2026-03-20T19:26:00Z,2026-03-20T19:28:00Z,1,3.60,1.25,0.00,completed
E001772,O-SFO-01-20260320-pantry-003,SFO-01,P-SAUCE,2026-03-20T19:39:00Z,2026-03-20T19:41:00Z,1,3.60,1.45,0.00,completed
E001773,O-SFO-01-20260320-pantry-004,SFO-01,P-PASTA,2026-03-20T19:52:00Z,2026-03-20T19:54:00Z,2,3.60,1.25,0.00,completed
E001774,O-SFO-01-20260320-pantry-005,SFO-01,P-SAUCE,2026-03-20T20:05:00Z,2026-03-20T20:07:00Z,1,3.60,1.45,0.00,completed
E001775,O-SFO-01-20260320-pantry-006,SFO-01,P-PASTA,2026-03-20T20:18:00Z,2026-03-20T20:20:00Z,1,3.60,1.25,0.00,completed
E001776,O-SFO-01-20260320-pantry-007,SFO-01,P-SAUCE,2026-03-20T20:31:00Z,2026-03-20T20:33:00Z,2,3.60,1.45,0.00,completed
E001777,O-SFO-01-20260320-pantry-008,SFO-01,P-PASTA,2026-03-20T20:44:00Z,2026-03-20T20:46:00Z,1,3.60,1.25,0.00,completed
E001778,O-SFO-01-20260320-pantry-009,SFO-01,P-SAUCE,2026-03-20T20:57:00Z,2026-03-20T20:59:00Z,1,3.60,1.45,0.00,completed
E001779,O-SFO-01-20260320-pantry-010,SFO-01,P-PASTA,2026-03-20T21:10:00Z,2026-03-20T21:12:00Z,2,3.60,1.25,0.00,completed
E001780,O-NYC-02-20260320-produce-000,NYC-02,P-APPLE,2026-03-20T16:00:00Z,2026-03-20T16:02:00Z,1,3.80,1.10,0.42,completed
E001781,O-NYC-02-20260320-produce-001,NYC-02,P-BERRY,2026-03-20T16:13:00Z,2026-03-20T16:15:00Z,2,4.15,2.40,0.91,completed
E001782,O-NYC-02-20260320-produce-002,NYC-02,P-APPLE,2026-03-20T16:26:00Z,2026-03-20T16:28:00Z,1,3.80,1.10,0.42,completed
E001783,O-NYC-02-20260320-produce-003,NYC-02,P-BERRY,2026-03-20T16:39:00Z,2026-03-20T16:41:00Z,1,4.15,2.40,0.46,completed
E001784,O-NYC-02-20260320-produce-004,NYC-02,P-APPLE,2026-03-20T16:52:00Z,2026-03-20T16:54:00Z,2,3.80,1.10,0.84,completed
E001785,O-NYC-02-20260320-produce-005,NYC-02,P-BERRY,2026-03-20T17:05:00Z,2026-03-20T17:07:00Z,1,4.15,2.40,0.46,completed
E001786,O-NYC-02-20260320-produce-006,NYC-02,P-APPLE,2026-03-20T17:18:00Z,2026-03-20T17:20:00Z,1,3.80,1.10,0.42,completed
E001787,O-NYC-02-20260320-produce-007,NYC-02,P-BERRY,2026-03-20T17:31:00Z,2026-03-20T17:33:00Z,2,4.15,2.40,0.91,completed
E001788,O-NYC-02-20260320-produce-008,NYC-02,P-APPLE,2026-03-20T17:44:00Z,2026-03-20T17:46:00Z,1,3.80,1.10,0.42,completed
E001789,O-NYC-02-20260320-produce-009,NYC-02,P-BERRY,2026-03-20T17:57:00Z,2026-03-20T17:59:00Z,1,4.15,2.40,0.46,completed
E001790,O-NYC-02-20260320-produce-010,NYC-02,P-APPLE,2026-03-20T18:10:00Z,2026-03-20T18:12:00Z,2,3.80,1.10,0.84,completed
E001791,O-NYC-02-20260320-produce-011,NYC-02,P-BERRY,2026-03-20T18:23:00Z,2026-03-20T18:25:00Z,1,4.15,2.40,0.46,completed
E001792,O-NYC-02-20260320-produce-012,NYC-02,P-APPLE,2026-03-20T18:36:00Z,2026-03-20T18:38:00Z,1,3.80,1.10,0.42,completed
E001793,O-NYC-02-20260320-produce-013,NYC-02,P-BERRY,2026-03-20T18:49:00Z,2026-03-20T18:51:00Z,2,4.15,2.40,0.91,completed
E001794,O-NYC-02-20260320-produce-014,NYC-02,P-APPLE,2026-03-20T19:02:00Z,2026-03-20T19:04:00Z,1,3.80,1.10,0.42,cancelled
E001795,O-NYC-02-20260320-produce-015,NYC-02,P-BERRY,2026-03-20T19:15:00Z,2026-03-20T19:17:00Z,1,4.15,2.40,0.46,completed
E001796,O-NYC-02-20260320-produce-016,NYC-02,P-APPLE,2026-03-20T19:28:00Z,2026-03-20T19:30:00Z,2,3.80,1.10,0.84,completed
E001797,O-NYC-02-20260320-produce-017,NYC-02,P-BERRY,2026-03-20T19:41:00Z,2026-03-20T19:43:00Z,1,4.15,2.40,0.46,completed
E001798,O-NYC-02-20260320-produce-017,NYC-02,P-BERRY,2026-03-20T19:41:00Z,2026-03-20T19:44:00Z,1,4.15,2.40,0.46,completed
E001799,O-NYC-02-20260320-produce-018,NYC-02,P-APPLE,2026-03-20T19:54:00Z,2026-03-20T19:56:00Z,1,3.80,1.10,0.42,completed
E001800,O-NYC-02-20260320-produce-019,NYC-02,P-BERRY,2026-03-20T20:07:00Z,2026-03-20T20:09:00Z,2,4.15,2.40,0.91,completed
E001801,O-NYC-02-20260320-produce-020,NYC-02,P-APPLE,2026-03-20T20:20:00Z,2026-03-20T20:22:00Z,1,3.80,1.10,0.42,completed
E001802,O-NYC-02-20260320-produce-021,NYC-02,P-BERRY,2026-03-20T20:33:00Z,2026-03-20T20:35:00Z,1,4.15,2.40,0.46,completed
E001803,O-NYC-02-20260320-produce-022,NYC-02,P-APPLE,2026-03-20T20:46:00Z,2026-03-20T20:48:00Z,2,3.80,1.10,0.84,completed
E001804,O-NYC-02-20260320-produce-023,NYC-02,P-BERRY,2026-03-20T20:59:00Z,2026-03-20T21:01:00Z,1,4.15,2.40,0.46,completed
E001805,O-NYC-02-20260320-produce-024,NYC-02,P-APPLE,2026-03-20T21:12:00Z,2026-03-20T21:14:00Z,1,3.80,1.10,0.42,completed
E001806,O-NYC-02-20260320-produce-025,NYC-02,P-BERRY,2026-03-20T21:25:00Z,2026-03-20T21:27:00Z,2,4.15,2.40,0.91,completed
E001807,O-NYC-02-20260320-produce-026,NYC-02,P-APPLE,2026-03-20T21:38:00Z,2026-03-20T21:40:00Z,1,3.80,1.10,0.42,completed
E001808,O-NYC-02-20260320-dairy-000,NYC-02,P-MILK,2026-03-20T16:00:00Z,2026-03-20T16:02:00Z,1,4.40,1.80,0.40,completed
E001809,O-NYC-02-20260320-dairy-001,NYC-02,P-YOGURT,2026-03-20T16:13:00Z,2026-03-20T16:15:00Z,2,4.40,0.95,0.79,completed
E001810,O-NYC-02-20260320-dairy-002,NYC-02,P-MILK,2026-03-20T16:26:00Z,2026-03-20T16:28:00Z,1,4.40,1.80,0.40,completed
E001811,O-NYC-02-20260320-dairy-003,NYC-02,P-YOGURT,2026-03-20T16:39:00Z,2026-03-20T16:41:00Z,1,4.40,0.95,0.40,completed
E001812,O-NYC-02-20260320-dairy-004,NYC-02,P-MILK,2026-03-20T16:52:00Z,2026-03-20T16:54:00Z,2,4.40,1.80,0.79,completed
E001813,O-NYC-02-20260320-dairy-005,NYC-02,P-YOGURT,2026-03-20T17:05:00Z,2026-03-20T17:07:00Z,1,4.40,0.95,0.40,completed
E001814,O-NYC-02-20260320-dairy-006,NYC-02,P-MILK,2026-03-20T17:18:00Z,2026-03-20T17:20:00Z,1,4.40,1.80,0.40,completed
E001815,O-NYC-02-20260320-dairy-007,NYC-02,P-YOGURT,2026-03-20T17:31:00Z,2026-03-20T17:33:00Z,2,4.40,0.95,0.79,completed
E001816,O-NYC-02-20260320-dairy-008,NYC-02,P-MILK,2026-03-20T17:44:00Z,2026-03-20T17:46:00Z,1,4.40,1.80,0.40,completed
E001817,O-NYC-02-20260320-dairy-009,NYC-02,P-YOGURT,2026-03-20T17:57:00Z,2026-03-20T17:59:00Z,1,4.40,0.95,0.40,completed
E001818,O-NYC-02-20260320-dairy-010,NYC-02,P-MILK,2026-03-20T18:10:00Z,2026-03-20T18:12:00Z,2,4.40,1.80,0.79,completed
E001819,O-NYC-02-20260320-dairy-011,NYC-02,P-YOGURT,2026-03-20T18:23:00Z,2026-03-20T18:25:00Z,1,4.40,0.95,0.40,completed
E001820,O-NYC-02-20260320-dairy-012,NYC-02,P-MILK,2026-03-20T18:36:00Z,2026-03-20T18:38:00Z,1,4.40,1.80,0.40,completed
E001821,O-NYC-02-20260320-dairy-013,NYC-02,P-YOGURT,2026-03-20T18:49:00Z,2026-03-20T18:51:00Z,2,4.40,0.95,0.79,completed
E001822,O-NYC-02-20260320-dairy-014,NYC-02,P-MILK,2026-03-20T19:02:00Z,2026-03-20T19:04:00Z,1,4.40,1.80,0.40,completed
E001823,O-NYC-02-20260320-dairy-015,NYC-02,P-YOGURT,2026-03-20T19:15:00Z,2026-03-20T19:17:00Z,1,4.40,0.95,0.40,completed
E001824,O-NYC-02-20260320-dairy-016,NYC-02,P-MILK,2026-03-20T19:28:00Z,2026-03-20T19:30:00Z,2,4.40,1.80,0.79,cancelled
E001825,O-NYC-02-20260320-dairy-017,NYC-02,P-YOGURT,2026-03-20T19:41:00Z,2026-03-20T19:43:00Z,1,4.40,0.95,0.40,completed
E001826,O-NYC-02-20260320-dairy-017,NYC-02,P-YOGURT,2026-03-20T19:41:00Z,2026-03-20T19:44:00Z,1,4.40,0.95,0.40,completed
E001827,O-NYC-02-20260320-dairy-018,NYC-02,P-MILK,2026-03-20T19:54:00Z,2026-03-20T19:56:00Z,1,4.40,1.80,0.40,completed
E001828,O-NYC-02-20260320-dairy-019,NYC-02,P-YOGURT,2026-03-20T20:07:00Z,2026-03-20T20:09:00Z,2,4.40,0.95,0.79,completed
E001829,O-NYC-02-20260320-dairy-020,NYC-02,P-MILK,2026-03-20T20:20:00Z,2026-03-20T20:22:00Z,1,4.40,1.80,0.40,completed
E001830,O-NYC-02-20260320-dairy-021,NYC-02,P-YOGURT,2026-03-20T20:33:00Z,2026-03-20T20:35:00Z,1,4.40,0.95,0.40,completed
E001831,O-NYC-02-20260320-dairy-022,NYC-02,P-MILK,2026-03-20T20:46:00Z,2026-03-20T20:48:00Z,2,4.40,1.80,0.79,completed
E001832,O-NYC-02-20260320-pantry-000,NYC-02,P-PASTA,2026-03-20T16:00:00Z,2026-03-20T16:02:00Z,1,3.60,1.25,0.00,completed
E001833,O-NYC-02-20260320-pantry-001,NYC-02,P-SAUCE,2026-03-20T16:13:00Z,2026-03-20T16:15:00Z,2,3.60,1.45,0.00,completed
E001834,O-NYC-02-20260320-pantry-002,NYC-02,P-PASTA,2026-03-20T16:26:00Z,2026-03-20T16:28:00Z,1,3.60,1.25,0.00,completed
E001835,O-NYC-02-20260320-pantry-003,NYC-02,P-SAUCE,2026-03-20T16:39:00Z,2026-03-20T16:41:00Z,1,3.60,1.45,0.00,completed
E001836,O-NYC-02-20260320-pantry-004,NYC-02,P-PASTA,2026-03-20T16:52:00Z,2026-03-20T16:54:00Z,2,3.60,1.25,0.00,completed
E001837,O-NYC-02-20260320-pantry-005,NYC-02,P-SAUCE,2026-03-20T17:05:00Z,2026-03-20T17:07:00Z,1,3.60,1.45,0.00,completed
E001838,O-NYC-02-20260320-pantry-006,NYC-02,P-PASTA,2026-03-20T17:18:00Z,2026-03-20T17:20:00Z,1,3.60,1.25,0.00,completed
E001839,O-NYC-02-20260320-pantry-007,NYC-02,P-SAUCE,2026-03-20T17:31:00Z,2026-03-20T17:33:00Z,2,3.60,1.45,0.00,completed
E001840,O-NYC-02-20260320-pantry-008,NYC-02,P-PASTA,2026-03-20T17:44:00Z,2026-03-20T17:46:00Z,1,3.60,1.25,0.00,completed
E001841,O-NYC-02-20260320-pantry-009,NYC-02,P-SAUCE,2026-03-20T17:57:00Z,2026-03-20T17:59:00Z,1,3.60,1.45,0.00,completed
E001842,O-NYC-02-20260320-pantry-010,NYC-02,P-PASTA,2026-03-20T18:10:00Z,2026-03-20T18:12:00Z,2,3.60,1.25,0.00,completed
E001843,O-NYC-02-20260320-pantry-011,NYC-02,P-SAUCE,2026-03-20T18:23:00Z,2026-03-20T18:25:00Z,1,3.60,1.45,0.00,completed
E001844,O-NYC-02-20260320-pantry-012,NYC-02,P-PASTA,2026-03-20T18:36:00Z,2026-03-20T18:38:00Z,1,3.60,1.25,0.00,completed
E001845,O-NYC-02-20260320-pantry-013,NYC-02,P-SAUCE,2026-03-20T18:49:00Z,2026-03-20T18:51:00Z,2,3.60,1.45,0.00,completed
E001846,O-CHI-03-20260320-produce-000,CHI-03,P-APPLE,2026-03-20T17:00:00Z,2026-03-20T17:02:00Z,1,3.80,1.10,0.42,completed
E001847,O-CHI-03-20260320-produce-001,CHI-03,P-BERRY,2026-03-20T17:13:00Z,2026-03-20T17:15:00Z,2,4.15,2.40,0.91,completed
E001848,O-CHI-03-20260320-produce-002,CHI-03,P-APPLE,2026-03-20T17:26:00Z,2026-03-20T17:28:00Z,1,3.80,1.10,0.42,completed
E001849,O-CHI-03-20260320-produce-003,CHI-03,P-BERRY,2026-03-20T17:39:00Z,2026-03-20T17:41:00Z,1,4.15,2.40,0.46,completed
E001850,O-CHI-03-20260320-produce-004,CHI-03,P-APPLE,2026-03-20T17:52:00Z,2026-03-20T17:54:00Z,2,3.80,1.10,0.84,completed
E001851,O-CHI-03-20260320-produce-005,CHI-03,P-BERRY,2026-03-20T18:05:00Z,2026-03-20T18:07:00Z,1,4.15,2.40,0.46,completed
E001852,O-CHI-03-20260320-produce-006,CHI-03,P-APPLE,2026-03-20T18:18:00Z,2026-03-20T18:20:00Z,1,3.80,1.10,0.42,completed
E001853,O-CHI-03-20260320-produce-007,CHI-03,P-BERRY,2026-03-20T18:31:00Z,2026-03-20T18:33:00Z,2,4.15,2.40,0.91,completed
E001854,O-CHI-03-20260320-produce-008,CHI-03,P-APPLE,2026-03-20T18:44:00Z,2026-03-20T18:46:00Z,1,3.80,1.10,0.42,completed
E001855,O-CHI-03-20260320-produce-009,CHI-03,P-BERRY,2026-03-20T18:57:00Z,2026-03-20T18:59:00Z,1,4.15,2.40,0.46,completed
E001856,O-CHI-03-20260320-produce-010,CHI-03,P-APPLE,2026-03-20T19:10:00Z,2026-03-20T19:12:00Z,2,3.80,1.10,0.84,completed
E001857,O-CHI-03-20260320-produce-011,CHI-03,P-BERRY,2026-03-20T19:23:00Z,2026-03-20T19:25:00Z,1,4.15,2.40,0.46,completed
E001858,O-CHI-03-20260320-dairy-000,CHI-03,P-MILK,2026-03-20T17:00:00Z,2026-03-20T17:02:00Z,1,4.40,1.80,0.40,completed
E001859,O-CHI-03-20260320-dairy-001,CHI-03,P-YOGURT,2026-03-20T17:13:00Z,2026-03-20T17:15:00Z,2,4.40,0.95,0.79,completed
E001860,O-CHI-03-20260320-dairy-002,CHI-03,P-MILK,2026-03-20T17:26:00Z,2026-03-20T17:28:00Z,1,4.40,1.80,0.40,completed
E001861,O-CHI-03-20260320-dairy-003,CHI-03,P-YOGURT,2026-03-20T17:39:00Z,2026-03-20T17:41:00Z,1,4.40,0.95,0.40,completed
E001862,O-CHI-03-20260320-dairy-004,CHI-03,P-MILK,2026-03-20T17:52:00Z,2026-03-20T17:54:00Z,2,4.40,1.80,0.79,completed
E001863,O-CHI-03-20260320-dairy-005,CHI-03,P-YOGURT,2026-03-20T18:05:00Z,2026-03-20T18:07:00Z,1,4.40,0.95,0.40,completed
E001864,O-CHI-03-20260320-dairy-006,CHI-03,P-MILK,2026-03-20T18:18:00Z,2026-03-20T18:20:00Z,1,4.40,1.80,0.40,completed
E001865,O-CHI-03-20260320-dairy-007,CHI-03,P-YOGURT,2026-03-20T18:31:00Z,2026-03-20T18:33:00Z,2,4.40,0.95,0.79,completed
E001866,O-CHI-03-20260320-dairy-008,CHI-03,P-MILK,2026-03-20T18:44:00Z,2026-03-20T18:46:00Z,1,4.40,1.80,0.40,completed
E001867,O-CHI-03-20260320-dairy-009,CHI-03,P-YOGURT,2026-03-20T18:57:00Z,2026-03-20T18:59:00Z,1,4.40,0.95,0.40,completed
E001868,O-CHI-03-20260320-dairy-010,CHI-03,P-MILK,2026-03-20T19:10:00Z,2026-03-20T19:12:00Z,2,4.40,1.80,0.79,completed
E001869,O-CHI-03-20260320-dairy-011,CHI-03,P-YOGURT,2026-03-20T19:23:00Z,2026-03-20T19:25:00Z,1,4.40,0.95,0.40,completed
E001870,O-CHI-03-20260320-pantry-000,CHI-03,P-PASTA,2026-03-20T17:00:00Z,2026-03-20T17:02:00Z,1,3.60,1.25,0.00,completed
E001871,O-CHI-03-20260320-pantry-001,CHI-03,P-SAUCE,2026-03-20T17:13:00Z,2026-03-20T17:15:00Z,2,3.60,1.45,0.00,completed
E001872,O-CHI-03-20260320-pantry-002,CHI-03,P-PASTA,2026-03-20T17:26:00Z,2026-03-20T17:28:00Z,1,3.60,1.25,0.00,completed
E001873,O-CHI-03-20260320-pantry-003,CHI-03,P-SAUCE,2026-03-20T17:39:00Z,2026-03-20T17:41:00Z,1,3.60,1.45,0.00,completed
E001874,O-CHI-03-20260320-pantry-004,CHI-03,P-PASTA,2026-03-20T17:52:00Z,2026-03-20T17:54:00Z,2,3.60,1.25,0.00,completed
E001875,O-CHI-03-20260320-pantry-005,CHI-03,P-SAUCE,2026-03-20T18:05:00Z,2026-03-20T18:07:00Z,1,3.60,1.45,0.00,completed
E001876,O-CHI-03-20260320-pantry-006,CHI-03,P-PASTA,2026-03-20T18:18:00Z,2026-03-20T18:20:00Z,1,3.60,1.25,0.00,completed
E001877,O-CHI-03-20260320-pantry-007,CHI-03,P-SAUCE,2026-03-20T18:31:00Z,2026-03-20T18:33:00Z,2,3.60,1.45,0.00,completed
E001878,O-PHX-04-20260320-produce-000,PHX-04,P-APPLE,2026-03-20T19:00:00Z,2026-03-20T19:02:00Z,1,3.80,1.10,0.42,completed
E001879,O-PHX-04-20260320-produce-001,PHX-04,P-BERRY,2026-03-20T19:13:00Z,2026-03-20T19:15:00Z,2,4.15,2.40,0.91,completed
E001880,O-PHX-04-20260320-produce-002,PHX-04,P-APPLE,2026-03-20T19:26:00Z,2026-03-20T19:28:00Z,1,3.80,1.10,0.42,completed
E001881,O-PHX-04-20260320-produce-003,PHX-04,P-BERRY,2026-03-20T19:39:00Z,2026-03-20T19:41:00Z,1,4.15,2.40,0.46,completed
E001882,O-PHX-04-20260320-produce-004,PHX-04,P-APPLE,2026-03-20T19:52:00Z,2026-03-20T19:54:00Z,2,3.80,1.10,0.84,completed
E001883,O-PHX-04-20260320-produce-005,PHX-04,P-BERRY,2026-03-20T20:05:00Z,2026-03-20T20:07:00Z,1,4.15,2.40,0.46,completed
E001884,O-PHX-04-20260320-produce-006,PHX-04,P-APPLE,2026-03-20T20:18:00Z,2026-03-20T20:20:00Z,1,3.80,1.10,0.42,completed
E001885,O-PHX-04-20260320-produce-007,PHX-04,P-BERRY,2026-03-20T20:31:00Z,2026-03-20T20:33:00Z,2,4.15,2.40,0.91,completed
E001886,O-PHX-04-20260320-produce-008,PHX-04,P-APPLE,2026-03-20T20:44:00Z,2026-03-20T20:46:00Z,1,3.80,1.10,0.42,completed
E001887,O-PHX-04-20260320-produce-009,PHX-04,P-BERRY,2026-03-20T20:57:00Z,2026-03-20T20:59:00Z,1,4.15,2.40,0.46,completed
E001888,O-PHX-04-20260320-produce-010,PHX-04,P-APPLE,2026-03-20T21:10:00Z,2026-03-20T21:12:00Z,2,3.80,1.10,0.84,completed
E001889,O-PHX-04-20260320-produce-011,PHX-04,P-BERRY,2026-03-20T21:23:00Z,2026-03-20T21:25:00Z,1,4.15,2.40,0.46,completed
E001890,O-PHX-04-20260320-dairy-000,PHX-04,P-MILK,2026-03-20T19:00:00Z,2026-03-20T19:02:00Z,1,4.40,1.80,0.40,completed
E001891,O-PHX-04-20260320-dairy-001,PHX-04,P-YOGURT,2026-03-20T19:13:00Z,2026-03-20T19:15:00Z,2,4.40,0.95,0.79,completed
E001892,O-PHX-04-20260320-dairy-002,PHX-04,P-MILK,2026-03-20T19:26:00Z,2026-03-20T19:28:00Z,1,4.40,1.80,0.40,completed
E001893,O-PHX-04-20260320-dairy-003,PHX-04,P-YOGURT,2026-03-20T19:39:00Z,2026-03-20T19:41:00Z,1,4.40,0.95,0.40,completed
E001894,O-PHX-04-20260320-dairy-004,PHX-04,P-MILK,2026-03-20T19:52:00Z,2026-03-20T19:54:00Z,2,4.40,1.80,0.79,completed
E001895,O-PHX-04-20260320-dairy-005,PHX-04,P-YOGURT,2026-03-20T20:05:00Z,2026-03-20T20:07:00Z,1,4.40,0.95,0.40,completed
E001896,O-PHX-04-20260320-dairy-006,PHX-04,P-MILK,2026-03-20T20:18:00Z,2026-03-20T20:20:00Z,1,4.40,1.80,0.40,completed
E001897,O-PHX-04-20260320-dairy-007,PHX-04,P-YOGURT,2026-03-20T20:31:00Z,2026-03-20T20:33:00Z,2,4.40,0.95,0.79,completed
E001898,O-PHX-04-20260320-pantry-000,PHX-04,P-PASTA,2026-03-20T19:00:00Z,2026-03-20T19:02:00Z,1,3.60,1.25,0.00,completed
E001899,O-PHX-04-20260320-pantry-001,PHX-04,P-SAUCE,2026-03-20T19:13:00Z,2026-03-20T19:15:00Z,2,3.60,1.45,0.00,completed
E001900,O-PHX-04-20260320-pantry-002,PHX-04,P-PASTA,2026-03-20T19:26:00Z,2026-03-20T19:28:00Z,1,3.60,1.25,0.00,completed
E001901,O-PHX-04-20260320-pantry-003,PHX-04,P-SAUCE,2026-03-20T19:39:00Z,2026-03-20T19:41:00Z,1,3.60,1.45,0.00,completed
E001902,O-PHX-04-20260320-pantry-004,PHX-04,P-PASTA,2026-03-20T19:52:00Z,2026-03-20T19:54:00Z,2,3.60,1.25,0.00,completed
E001903,O-PHX-04-20260320-pantry-005,PHX-04,P-SAUCE,2026-03-20T20:05:00Z,2026-03-20T20:07:00Z,1,3.60,1.45,0.00,completed
E001904,O-PHX-04-20260320-pantry-006,PHX-04,P-PASTA,2026-03-20T20:18:00Z,2026-03-20T20:20:00Z,1,3.60,1.25,0.00,completed
E001905,O-SFO-01-20260321-produce-000,SFO-01,P-BERRY,2026-03-21T19:00:00Z,2026-03-21T19:02:00Z,2,4.15,2.40,0.91,completed
E001906,O-SFO-01-20260321-produce-001,SFO-01,P-APPLE,2026-03-21T19:13:00Z,2026-03-21T19:15:00Z,1,3.80,1.10,0.42,completed
E001907,O-SFO-01-20260321-produce-002,SFO-01,P-BERRY,2026-03-21T19:26:00Z,2026-03-21T19:28:00Z,1,4.15,2.40,0.46,completed
E001908,O-SFO-01-20260321-produce-003,SFO-01,P-APPLE,2026-03-21T19:39:00Z,2026-03-21T19:41:00Z,2,3.80,1.10,0.84,completed
E001909,O-SFO-01-20260321-produce-004,SFO-01,P-BERRY,2026-03-21T19:52:00Z,2026-03-21T19:54:00Z,1,4.15,2.40,0.46,completed
E001910,O-SFO-01-20260321-produce-005,SFO-01,P-APPLE,2026-03-21T20:05:00Z,2026-03-21T20:07:00Z,1,3.80,1.10,0.42,completed
E001911,O-SFO-01-20260321-produce-006,SFO-01,P-BERRY,2026-03-21T20:18:00Z,2026-03-21T20:20:00Z,2,4.15,2.40,0.91,completed
E001912,O-SFO-01-20260321-produce-007,SFO-01,P-APPLE,2026-03-21T20:31:00Z,2026-03-21T20:33:00Z,1,3.80,1.10,0.42,completed
E001913,O-SFO-01-20260321-produce-008,SFO-01,P-BERRY,2026-03-21T20:44:00Z,2026-03-21T20:46:00Z,1,4.15,2.40,0.46,completed
E001914,O-SFO-01-20260321-produce-009,SFO-01,P-APPLE,2026-03-21T20:57:00Z,2026-03-21T20:59:00Z,2,3.80,1.10,0.84,completed
E001915,O-SFO-01-20260321-produce-010,SFO-01,P-BERRY,2026-03-21T21:10:00Z,2026-03-21T21:12:00Z,1,4.15,2.40,0.46,completed
E001916,O-SFO-01-20260321-produce-011,SFO-01,P-APPLE,2026-03-21T21:23:00Z,2026-03-21T21:25:00Z,1,3.80,1.10,0.42,completed
E001917,O-SFO-01-20260321-produce-012,SFO-01,P-BERRY,2026-03-21T21:36:00Z,2026-03-21T21:38:00Z,2,4.15,2.40,0.91,completed
E001918,O-SFO-01-20260321-produce-013,SFO-01,P-APPLE,2026-03-21T21:49:00Z,2026-03-21T21:51:00Z,1,3.80,1.10,0.42,cancelled
E001919,O-SFO-01-20260321-produce-014,SFO-01,P-BERRY,2026-03-21T22:02:00Z,2026-03-21T22:04:00Z,1,4.15,2.40,0.46,completed
E001920,O-SFO-01-20260321-produce-015,SFO-01,P-APPLE,2026-03-21T22:15:00Z,2026-03-21T22:17:00Z,2,3.80,1.10,0.84,completed
E001921,O-SFO-01-20260321-produce-016,SFO-01,P-BERRY,2026-03-21T22:28:00Z,2026-03-21T22:30:00Z,1,4.15,2.40,0.46,completed
E001922,O-SFO-01-20260321-produce-016,SFO-01,P-BERRY,2026-03-21T22:28:00Z,2026-03-21T22:31:00Z,1,4.15,2.40,0.46,completed
E001923,O-SFO-01-20260321-produce-017,SFO-01,P-APPLE,2026-03-21T22:41:00Z,2026-03-21T22:43:00Z,1,3.80,1.10,0.42,completed
E001924,O-SFO-01-20260321-produce-018,SFO-01,P-BERRY,2026-03-21T22:54:00Z,2026-03-21T22:56:00Z,2,4.15,2.40,0.91,completed
E001925,O-SFO-01-20260321-produce-019,SFO-01,P-APPLE,2026-03-21T23:07:00Z,2026-03-21T23:09:00Z,1,3.80,1.10,0.42,completed
E001926,O-SFO-01-20260321-produce-020,SFO-01,P-BERRY,2026-03-21T23:20:00Z,2026-03-21T23:22:00Z,1,4.15,2.40,0.46,completed
E001927,O-SFO-01-20260321-produce-021,SFO-01,P-APPLE,2026-03-21T23:33:00Z,2026-03-21T23:35:00Z,2,3.80,1.10,0.84,completed
E001928,O-SFO-01-20260321-produce-022,SFO-01,P-BERRY,2026-03-21T23:46:00Z,2026-03-21T23:48:00Z,1,4.15,2.40,0.46,completed
E001929,O-SFO-01-20260321-dairy-000,SFO-01,P-YOGURT,2026-03-21T19:00:00Z,2026-03-21T19:02:00Z,2,4.40,0.95,0.79,completed
E001930,O-SFO-01-20260321-dairy-001,SFO-01,P-MILK,2026-03-21T19:13:00Z,2026-03-21T19:15:00Z,1,4.40,1.80,0.40,completed
E001931,O-SFO-01-20260321-dairy-002,SFO-01,P-YOGURT,2026-03-21T19:26:00Z,2026-03-21T19:28:00Z,1,4.40,0.95,0.40,completed
E001932,O-SFO-01-20260321-dairy-003,SFO-01,P-MILK,2026-03-21T19:39:00Z,2026-03-21T19:41:00Z,2,4.40,1.80,0.79,completed
E001933,O-SFO-01-20260321-dairy-004,SFO-01,P-YOGURT,2026-03-21T19:52:00Z,2026-03-21T19:54:00Z,1,4.40,0.95,0.40,completed
E001934,O-SFO-01-20260321-dairy-005,SFO-01,P-MILK,2026-03-21T20:05:00Z,2026-03-21T20:07:00Z,1,4.40,1.80,0.40,completed
E001935,O-SFO-01-20260321-dairy-006,SFO-01,P-YOGURT,2026-03-21T20:18:00Z,2026-03-21T20:20:00Z,2,4.40,0.95,0.79,completed
E001936,O-SFO-01-20260321-dairy-007,SFO-01,P-MILK,2026-03-21T20:31:00Z,2026-03-21T20:33:00Z,1,4.40,1.80,0.40,completed
E001937,O-SFO-01-20260321-dairy-008,SFO-01,P-YOGURT,2026-03-21T20:44:00Z,2026-03-21T20:46:00Z,1,4.40,0.95,0.40,completed
E001938,O-SFO-01-20260321-dairy-009,SFO-01,P-MILK,2026-03-21T20:57:00Z,2026-03-21T20:59:00Z,2,4.40,1.80,0.79,completed
E001939,O-SFO-01-20260321-dairy-010,SFO-01,P-YOGURT,2026-03-21T21:10:00Z,2026-03-21T21:12:00Z,1,4.40,0.95,0.40,completed
E001940,O-SFO-01-20260321-dairy-011,SFO-01,P-MILK,2026-03-21T21:23:00Z,2026-03-21T21:25:00Z,1,4.40,1.80,0.40,completed
E001941,O-SFO-01-20260321-dairy-012,SFO-01,P-YOGURT,2026-03-21T21:36:00Z,2026-03-21T21:38:00Z,2,4.40,0.95,0.79,completed
E001942,O-SFO-01-20260321-dairy-013,SFO-01,P-MILK,2026-03-21T21:49:00Z,2026-03-21T21:51:00Z,1,4.40,1.80,0.40,completed
E001943,O-SFO-01-20260321-dairy-014,SFO-01,P-YOGURT,2026-03-21T22:02:00Z,2026-03-21T22:04:00Z,1,4.40,0.95,0.40,completed
E001944,O-SFO-01-20260321-dairy-015,SFO-01,P-MILK,2026-03-21T22:15:00Z,2026-03-21T22:17:00Z,2,4.40,1.80,0.79,cancelled
E001945,O-SFO-01-20260321-pantry-000,SFO-01,P-SAUCE,2026-03-21T19:00:00Z,2026-03-21T19:02:00Z,2,3.60,1.45,0.00,completed
E001946,O-SFO-01-20260321-pantry-001,SFO-01,P-PASTA,2026-03-21T19:13:00Z,2026-03-21T19:15:00Z,1,3.60,1.25,0.00,completed
E001947,O-SFO-01-20260321-pantry-002,SFO-01,P-SAUCE,2026-03-21T19:26:00Z,2026-03-21T19:28:00Z,1,3.60,1.45,0.00,completed
E001948,O-SFO-01-20260321-pantry-003,SFO-01,P-PASTA,2026-03-21T19:39:00Z,2026-03-21T19:41:00Z,2,3.60,1.25,0.00,completed
E001949,O-SFO-01-20260321-pantry-004,SFO-01,P-SAUCE,2026-03-21T19:52:00Z,2026-03-21T19:54:00Z,1,3.60,1.45,0.00,completed
E001950,O-SFO-01-20260321-pantry-005,SFO-01,P-PASTA,2026-03-21T20:05:00Z,2026-03-21T20:07:00Z,1,3.60,1.25,0.00,completed
E001951,O-SFO-01-20260321-pantry-006,SFO-01,P-SAUCE,2026-03-21T20:18:00Z,2026-03-21T20:20:00Z,2,3.60,1.45,0.00,completed
E001952,O-SFO-01-20260321-pantry-007,SFO-01,P-PASTA,2026-03-21T20:31:00Z,2026-03-21T20:33:00Z,1,3.60,1.25,0.00,completed
E001953,O-SFO-01-20260321-pantry-008,SFO-01,P-SAUCE,2026-03-21T20:44:00Z,2026-03-21T20:46:00Z,1,3.60,1.45,0.00,completed
E001954,O-SFO-01-20260321-pantry-009,SFO-01,P-PASTA,2026-03-21T20:57:00Z,2026-03-21T20:59:00Z,2,3.60,1.25,0.00,completed
E001955,O-SFO-01-20260321-pantry-010,SFO-01,P-SAUCE,2026-03-21T21:10:00Z,2026-03-21T21:12:00Z,1,3.60,1.45,0.00,completed
E001956,O-NYC-02-20260321-produce-000,NYC-02,P-BERRY,2026-03-21T16:00:00Z,2026-03-21T16:02:00Z,2,4.15,2.40,0.91,completed
E001957,O-NYC-02-20260321-produce-001,NYC-02,P-APPLE,2026-03-21T16:13:00Z,2026-03-21T16:15:00Z,1,3.80,1.10,0.42,completed
E001958,O-NYC-02-20260321-produce-002,NYC-02,P-BERRY,2026-03-21T16:26:00Z,2026-03-21T16:28:00Z,1,4.15,2.40,0.46,completed
E001959,O-NYC-02-20260321-produce-003,NYC-02,P-APPLE,2026-03-21T16:39:00Z,2026-03-21T16:41:00Z,2,3.80,1.10,0.84,completed
E001960,O-NYC-02-20260321-produce-004,NYC-02,P-BERRY,2026-03-21T16:52:00Z,2026-03-21T16:54:00Z,1,4.15,2.40,0.46,completed
E001961,O-NYC-02-20260321-produce-005,NYC-02,P-APPLE,2026-03-21T17:05:00Z,2026-03-21T17:07:00Z,1,3.80,1.10,0.42,completed
E001962,O-NYC-02-20260321-produce-006,NYC-02,P-BERRY,2026-03-21T17:18:00Z,2026-03-21T17:20:00Z,2,4.15,2.40,0.91,completed
E001963,O-NYC-02-20260321-produce-007,NYC-02,P-APPLE,2026-03-21T17:31:00Z,2026-03-21T17:33:00Z,1,3.80,1.10,0.42,completed
E001964,O-NYC-02-20260321-produce-008,NYC-02,P-BERRY,2026-03-21T17:44:00Z,2026-03-21T17:46:00Z,1,4.15,2.40,0.46,completed
E001965,O-NYC-02-20260321-produce-009,NYC-02,P-APPLE,2026-03-21T17:57:00Z,2026-03-21T17:59:00Z,2,3.80,1.10,0.84,completed
E001966,O-NYC-02-20260321-produce-010,NYC-02,P-BERRY,2026-03-21T18:10:00Z,2026-03-21T18:12:00Z,1,4.15,2.40,0.46,completed
E001967,O-NYC-02-20260321-produce-011,NYC-02,P-APPLE,2026-03-21T18:23:00Z,2026-03-21T18:25:00Z,1,3.80,1.10,0.42,completed
E001968,O-NYC-02-20260321-produce-012,NYC-02,P-BERRY,2026-03-21T18:36:00Z,2026-03-21T18:38:00Z,2,4.15,2.40,0.91,completed
E001969,O-NYC-02-20260321-produce-013,NYC-02,P-APPLE,2026-03-21T18:49:00Z,2026-03-21T18:51:00Z,1,3.80,1.10,0.42,cancelled
E001970,O-NYC-02-20260321-produce-014,NYC-02,P-BERRY,2026-03-21T19:02:00Z,2026-03-21T19:04:00Z,1,4.15,2.40,0.46,completed
E001971,O-NYC-02-20260321-produce-015,NYC-02,P-APPLE,2026-03-21T19:15:00Z,2026-03-21T19:17:00Z,2,3.80,1.10,0.84,completed
E001972,O-NYC-02-20260321-produce-016,NYC-02,P-BERRY,2026-03-21T19:28:00Z,2026-03-21T19:30:00Z,1,4.15,2.40,0.46,completed
E001973,O-NYC-02-20260321-produce-016,NYC-02,P-BERRY,2026-03-21T19:28:00Z,2026-03-21T19:31:00Z,1,4.15,2.40,0.46,completed
E001974,O-NYC-02-20260321-produce-017,NYC-02,P-APPLE,2026-03-21T19:41:00Z,2026-03-21T19:43:00Z,1,3.80,1.10,0.42,completed
E001975,O-NYC-02-20260321-produce-018,NYC-02,P-BERRY,2026-03-21T19:54:00Z,2026-03-21T19:56:00Z,2,4.15,2.40,0.91,completed
E001976,O-NYC-02-20260321-produce-019,NYC-02,P-APPLE,2026-03-21T20:07:00Z,2026-03-21T20:09:00Z,1,3.80,1.10,0.42,completed
E001977,O-NYC-02-20260321-produce-020,NYC-02,P-BERRY,2026-03-21T20:20:00Z,2026-03-21T20:22:00Z,1,4.15,2.40,0.46,completed
E001978,O-NYC-02-20260321-produce-021,NYC-02,P-APPLE,2026-03-21T20:33:00Z,2026-03-21T20:35:00Z,2,3.80,1.10,0.84,completed
E001979,O-NYC-02-20260321-produce-022,NYC-02,P-BERRY,2026-03-21T20:46:00Z,2026-03-21T20:48:00Z,1,4.15,2.40,0.46,completed
E001980,O-NYC-02-20260321-produce-023,NYC-02,P-APPLE,2026-03-21T20:59:00Z,2026-03-21T21:01:00Z,1,3.80,1.10,0.42,completed
E001981,O-NYC-02-20260321-produce-024,NYC-02,P-BERRY,2026-03-21T21:12:00Z,2026-03-21T21:14:00Z,2,4.15,2.40,0.91,completed
E001982,O-NYC-02-20260321-produce-025,NYC-02,P-APPLE,2026-03-21T21:25:00Z,2026-03-21T21:27:00Z,1,3.80,1.10,0.42,completed
E001983,O-NYC-02-20260321-produce-026,NYC-02,P-BERRY,2026-03-21T21:38:00Z,2026-03-21T21:40:00Z,1,4.15,2.40,0.46,completed
E001984,O-NYC-02-20260321-produce-026,NYC-02,P-BERRY,2026-03-22T00:38:00Z,2026-03-22T02:40:00Z,1,4.15,2.40,0.46,returned
E001985,O-NYC-02-20260321-dairy-000,NYC-02,P-YOGURT,2026-03-21T16:00:00Z,2026-03-21T16:02:00Z,2,4.40,0.95,0.79,completed
E001986,O-NYC-02-20260321-dairy-001,NYC-02,P-MILK,2026-03-21T16:13:00Z,2026-03-21T16:15:00Z,1,4.40,1.80,0.40,completed
E001987,O-NYC-02-20260321-dairy-002,NYC-02,P-YOGURT,2026-03-21T16:26:00Z,2026-03-21T16:28:00Z,1,4.40,0.95,0.40,completed
E001988,O-NYC-02-20260321-dairy-003,NYC-02,P-MILK,2026-03-21T16:39:00Z,2026-03-21T16:41:00Z,2,4.40,1.80,0.79,completed
E001989,O-NYC-02-20260321-dairy-004,NYC-02,P-YOGURT,2026-03-21T16:52:00Z,2026-03-21T16:54:00Z,1,4.40,0.95,0.40,completed
E001990,O-NYC-02-20260321-dairy-005,NYC-02,P-MILK,2026-03-21T17:05:00Z,2026-03-21T17:07:00Z,1,4.40,1.80,0.40,completed
E001991,O-NYC-02-20260321-dairy-006,NYC-02,P-YOGURT,2026-03-21T17:18:00Z,2026-03-21T17:20:00Z,2,4.40,0.95,0.79,completed
E001992,O-NYC-02-20260321-dairy-007,NYC-02,P-MILK,2026-03-21T17:31:00Z,2026-03-21T17:33:00Z,1,4.40,1.80,0.40,completed
E001993,O-NYC-02-20260321-dairy-008,NYC-02,P-YOGURT,2026-03-21T17:44:00Z,2026-03-21T17:46:00Z,1,4.40,0.95,0.40,completed
E001994,O-NYC-02-20260321-dairy-009,NYC-02,P-MILK,2026-03-21T17:57:00Z,2026-03-21T17:59:00Z,2,4.40,1.80,0.79,completed
E001995,O-NYC-02-20260321-dairy-010,NYC-02,P-YOGURT,2026-03-21T18:10:00Z,2026-03-21T18:12:00Z,1,4.40,0.95,0.40,completed
E001996,O-NYC-02-20260321-dairy-011,NYC-02,P-MILK,2026-03-21T18:23:00Z,2026-03-21T18:25:00Z,1,4.40,1.80,0.40,completed
E001997,O-NYC-02-20260321-dairy-012,NYC-02,P-YOGURT,2026-03-21T18:36:00Z,2026-03-21T18:38:00Z,2,4.40,0.95,0.79,completed
E001998,O-NYC-02-20260321-dairy-013,NYC-02,P-MILK,2026-03-21T18:49:00Z,2026-03-21T18:51:00Z,1,4.40,1.80,0.40,completed
E001999,O-NYC-02-20260321-dairy-014,NYC-02,P-YOGURT,2026-03-21T19:02:00Z,2026-03-21T19:04:00Z,1,4.40,0.95,0.40,completed
E002000,O-NYC-02-20260321-dairy-015,NYC-02,P-MILK,2026-03-21T19:15:00Z,2026-03-21T19:17:00Z,2,4.40,1.80,0.79,cancelled
E002001,O-NYC-02-20260321-dairy-016,NYC-02,P-YOGURT,2026-03-21T19:28:00Z,2026-03-21T19:30:00Z,1,4.40,0.95,0.40,completed
E002002,O-NYC-02-20260321-dairy-016,NYC-02,P-YOGURT,2026-03-21T19:28:00Z,2026-03-21T19:31:00Z,1,4.40,0.95,0.40,completed
E002003,O-NYC-02-20260321-dairy-017,NYC-02,P-MILK,2026-03-21T19:41:00Z,2026-03-21T19:43:00Z,1,4.40,1.80,0.40,completed
E002004,O-NYC-02-20260321-dairy-018,NYC-02,P-YOGURT,2026-03-21T19:54:00Z,2026-03-21T19:56:00Z,2,4.40,0.95,0.79,completed
E002005,O-NYC-02-20260321-dairy-019,NYC-02,P-MILK,2026-03-21T20:07:00Z,2026-03-21T20:09:00Z,1,4.40,1.80,0.40,completed
E002006,O-NYC-02-20260321-dairy-020,NYC-02,P-YOGURT,2026-03-21T20:20:00Z,2026-03-21T20:22:00Z,1,4.40,0.95,0.40,completed
E002007,O-NYC-02-20260321-dairy-021,NYC-02,P-MILK,2026-03-21T20:33:00Z,2026-03-21T20:35:00Z,2,4.40,1.80,0.79,completed
E002008,O-NYC-02-20260321-dairy-022,NYC-02,P-YOGURT,2026-03-21T20:46:00Z,2026-03-21T20:48:00Z,1,4.40,0.95,0.40,completed
E002009,O-NYC-02-20260321-pantry-000,NYC-02,P-SAUCE,2026-03-21T16:00:00Z,2026-03-21T16:02:00Z,2,3.60,1.45,0.00,completed
E002010,O-NYC-02-20260321-pantry-001,NYC-02,P-PASTA,2026-03-21T16:13:00Z,2026-03-21T16:15:00Z,1,3.60,1.25,0.00,completed
E002011,O-NYC-02-20260321-pantry-002,NYC-02,P-SAUCE,2026-03-21T16:26:00Z,2026-03-21T16:28:00Z,1,3.60,1.45,0.00,completed
E002012,O-NYC-02-20260321-pantry-003,NYC-02,P-PASTA,2026-03-21T16:39:00Z,2026-03-21T16:41:00Z,2,3.60,1.25,0.00,completed
E002013,O-NYC-02-20260321-pantry-004,NYC-02,P-SAUCE,2026-03-21T16:52:00Z,2026-03-21T16:54:00Z,1,3.60,1.45,0.00,completed
E002014,O-NYC-02-20260321-pantry-005,NYC-02,P-PASTA,2026-03-21T17:05:00Z,2026-03-21T17:07:00Z,1,3.60,1.25,0.00,completed
E002015,O-NYC-02-20260321-pantry-006,NYC-02,P-SAUCE,2026-03-21T17:18:00Z,2026-03-21T17:20:00Z,2,3.60,1.45,0.00,completed
E002016,O-NYC-02-20260321-pantry-007,NYC-02,P-PASTA,2026-03-21T17:31:00Z,2026-03-21T17:33:00Z,1,3.60,1.25,0.00,completed
E002017,O-NYC-02-20260321-pantry-008,NYC-02,P-SAUCE,2026-03-21T17:44:00Z,2026-03-21T17:46:00Z,1,3.60,1.45,0.00,completed
E002018,O-NYC-02-20260321-pantry-009,NYC-02,P-PASTA,2026-03-21T17:57:00Z,2026-03-21T17:59:00Z,2,3.60,1.25,0.00,completed
E002019,O-NYC-02-20260321-pantry-010,NYC-02,P-SAUCE,2026-03-21T18:10:00Z,2026-03-21T18:12:00Z,1,3.60,1.45,0.00,completed
E002020,O-NYC-02-20260321-pantry-011,NYC-02,P-PASTA,2026-03-21T18:23:00Z,2026-03-21T18:25:00Z,1,3.60,1.25,0.00,completed
E002021,O-NYC-02-20260321-pantry-012,NYC-02,P-SAUCE,2026-03-21T18:36:00Z,2026-03-21T18:38:00Z,2,3.60,1.45,0.00,completed
E002022,O-NYC-02-20260321-pantry-013,NYC-02,P-PASTA,2026-03-21T18:49:00Z,2026-03-21T18:51:00Z,1,3.60,1.25,0.00,completed
E002023,O-CHI-03-20260321-produce-000,CHI-03,P-BERRY,2026-03-21T17:00:00Z,2026-03-21T17:02:00Z,2,4.15,2.40,0.91,completed
E002024,O-CHI-03-20260321-produce-001,CHI-03,P-APPLE,2026-03-21T17:13:00Z,2026-03-21T17:15:00Z,1,3.80,1.10,0.42,completed
E002025,O-CHI-03-20260321-produce-002,CHI-03,P-BERRY,2026-03-21T17:26:00Z,2026-03-21T17:28:00Z,1,4.15,2.40,0.46,completed
E002026,O-CHI-03-20260321-produce-003,CHI-03,P-APPLE,2026-03-21T17:39:00Z,2026-03-21T17:41:00Z,2,3.80,1.10,0.84,completed
E002027,O-CHI-03-20260321-produce-004,CHI-03,P-BERRY,2026-03-21T17:52:00Z,2026-03-21T17:54:00Z,1,4.15,2.40,0.46,completed
E002028,O-CHI-03-20260321-produce-005,CHI-03,P-APPLE,2026-03-21T18:05:00Z,2026-03-21T18:07:00Z,1,3.80,1.10,0.42,completed
E002029,O-CHI-03-20260321-produce-006,CHI-03,P-BERRY,2026-03-21T18:18:00Z,2026-03-21T18:20:00Z,2,4.15,2.40,0.91,completed
E002030,O-CHI-03-20260321-produce-007,CHI-03,P-APPLE,2026-03-21T18:31:00Z,2026-03-21T18:33:00Z,1,3.80,1.10,0.42,completed
E002031,O-CHI-03-20260321-produce-008,CHI-03,P-BERRY,2026-03-21T18:44:00Z,2026-03-21T18:46:00Z,1,4.15,2.40,0.46,completed
E002032,O-CHI-03-20260321-produce-009,CHI-03,P-APPLE,2026-03-21T18:57:00Z,2026-03-21T18:59:00Z,2,3.80,1.10,0.84,completed
E002033,O-CHI-03-20260321-produce-010,CHI-03,P-BERRY,2026-03-21T19:10:00Z,2026-03-21T19:12:00Z,1,4.15,2.40,0.46,completed
E002034,O-CHI-03-20260321-produce-011,CHI-03,P-APPLE,2026-03-21T19:23:00Z,2026-03-21T19:25:00Z,1,3.80,1.10,0.42,completed
E002035,O-CHI-03-20260321-dairy-000,CHI-03,P-YOGURT,2026-03-21T17:00:00Z,2026-03-21T17:02:00Z,2,4.40,0.95,0.79,completed
E002036,O-CHI-03-20260321-dairy-001,CHI-03,P-MILK,2026-03-21T17:13:00Z,2026-03-21T17:15:00Z,1,4.40,1.80,0.40,completed
E002037,O-CHI-03-20260321-dairy-002,CHI-03,P-YOGURT,2026-03-21T17:26:00Z,2026-03-21T17:28:00Z,1,4.40,0.95,0.40,completed
E002038,O-CHI-03-20260321-dairy-003,CHI-03,P-MILK,2026-03-21T17:39:00Z,2026-03-21T17:41:00Z,2,4.40,1.80,0.79,completed
E002039,O-CHI-03-20260321-dairy-004,CHI-03,P-YOGURT,2026-03-21T17:52:00Z,2026-03-21T17:54:00Z,1,4.40,0.95,0.40,completed
E002040,O-CHI-03-20260321-dairy-005,CHI-03,P-MILK,2026-03-21T18:05:00Z,2026-03-21T18:07:00Z,1,4.40,1.80,0.40,completed
E002041,O-CHI-03-20260321-dairy-006,CHI-03,P-YOGURT,2026-03-21T18:18:00Z,2026-03-21T18:20:00Z,2,4.40,0.95,0.79,completed
E002042,O-CHI-03-20260321-dairy-007,CHI-03,P-MILK,2026-03-21T18:31:00Z,2026-03-21T18:33:00Z,1,4.40,1.80,0.40,completed
E002043,O-CHI-03-20260321-dairy-008,CHI-03,P-YOGURT,2026-03-21T18:44:00Z,2026-03-21T18:46:00Z,1,4.40,0.95,0.40,completed
E002044,O-CHI-03-20260321-dairy-009,CHI-03,P-MILK,2026-03-21T18:57:00Z,2026-03-21T18:59:00Z,2,4.40,1.80,0.79,completed
E002045,O-CHI-03-20260321-dairy-010,CHI-03,P-YOGURT,2026-03-21T19:10:00Z,2026-03-21T19:12:00Z,1,4.40,0.95,0.40,completed
E002046,O-CHI-03-20260321-dairy-011,CHI-03,P-MILK,2026-03-21T19:23:00Z,2026-03-21T19:25:00Z,1,4.40,1.80,0.40,completed
E002047,O-CHI-03-20260321-pantry-000,CHI-03,P-SAUCE,2026-03-21T17:00:00Z,2026-03-21T17:02:00Z,2,3.60,1.45,0.00,completed
E002048,O-CHI-03-20260321-pantry-001,CHI-03,P-PASTA,2026-03-21T17:13:00Z,2026-03-21T17:15:00Z,1,3.60,1.25,0.00,completed
E002049,O-CHI-03-20260321-pantry-002,CHI-03,P-SAUCE,2026-03-21T17:26:00Z,2026-03-21T17:28:00Z,1,3.60,1.45,0.00,completed
E002050,O-CHI-03-20260321-pantry-003,CHI-03,P-PASTA,2026-03-21T17:39:00Z,2026-03-21T17:41:00Z,2,3.60,1.25,0.00,completed
E002051,O-CHI-03-20260321-pantry-004,CHI-03,P-SAUCE,2026-03-21T17:52:00Z,2026-03-21T17:54:00Z,1,3.60,1.45,0.00,completed
E002052,O-CHI-03-20260321-pantry-005,CHI-03,P-PASTA,2026-03-21T18:05:00Z,2026-03-21T18:07:00Z,1,3.60,1.25,0.00,completed
E002053,O-CHI-03-20260321-pantry-006,CHI-03,P-SAUCE,2026-03-21T18:18:00Z,2026-03-21T18:20:00Z,2,3.60,1.45,0.00,completed
E002054,O-CHI-03-20260321-pantry-007,CHI-03,P-PASTA,2026-03-21T18:31:00Z,2026-03-21T18:33:00Z,1,3.60,1.25,0.00,completed
E002055,O-PHX-04-20260321-produce-000,PHX-04,P-BERRY,2026-03-21T19:00:00Z,2026-03-21T19:02:00Z,2,4.15,2.40,0.91,completed
E002056,O-PHX-04-20260321-produce-001,PHX-04,P-APPLE,2026-03-21T19:13:00Z,2026-03-21T19:15:00Z,1,3.80,1.10,0.42,completed
E002057,O-PHX-04-20260321-produce-002,PHX-04,P-BERRY,2026-03-21T19:26:00Z,2026-03-21T19:28:00Z,1,4.15,2.40,0.46,completed
E002058,O-PHX-04-20260321-produce-003,PHX-04,P-APPLE,2026-03-21T19:39:00Z,2026-03-21T19:41:00Z,2,3.80,1.10,0.84,completed
E002059,O-PHX-04-20260321-produce-004,PHX-04,P-BERRY,2026-03-21T19:52:00Z,2026-03-21T19:54:00Z,1,4.15,2.40,0.46,completed
E002060,O-PHX-04-20260321-produce-005,PHX-04,P-APPLE,2026-03-21T20:05:00Z,2026-03-21T20:07:00Z,1,3.80,1.10,0.42,completed
E002061,O-PHX-04-20260321-produce-006,PHX-04,P-BERRY,2026-03-21T20:18:00Z,2026-03-21T20:20:00Z,2,4.15,2.40,0.91,completed
E002062,O-PHX-04-20260321-produce-007,PHX-04,P-APPLE,2026-03-21T20:31:00Z,2026-03-21T20:33:00Z,1,3.80,1.10,0.42,completed
E002063,O-PHX-04-20260321-produce-008,PHX-04,P-BERRY,2026-03-21T20:44:00Z,2026-03-21T20:46:00Z,1,4.15,2.40,0.46,completed
E002064,O-PHX-04-20260321-produce-009,PHX-04,P-APPLE,2026-03-21T20:57:00Z,2026-03-21T20:59:00Z,2,3.80,1.10,0.84,completed
E002065,O-PHX-04-20260321-produce-010,PHX-04,P-BERRY,2026-03-21T21:10:00Z,2026-03-21T21:12:00Z,1,4.15,2.40,0.46,completed
E002066,O-PHX-04-20260321-produce-011,PHX-04,P-APPLE,2026-03-21T21:23:00Z,2026-03-21T21:25:00Z,1,3.80,1.10,0.42,completed
E002067,O-PHX-04-20260321-dairy-000,PHX-04,P-YOGURT,2026-03-21T19:00:00Z,2026-03-21T19:02:00Z,2,4.40,0.95,0.79,completed
E002068,O-PHX-04-20260321-dairy-001,PHX-04,P-MILK,2026-03-21T19:13:00Z,2026-03-21T19:15:00Z,1,4.40,1.80,0.40,completed
E002069,O-PHX-04-20260321-dairy-002,PHX-04,P-YOGURT,2026-03-21T19:26:00Z,2026-03-21T19:28:00Z,1,4.40,0.95,0.40,completed
E002070,O-PHX-04-20260321-dairy-003,PHX-04,P-MILK,2026-03-21T19:39:00Z,2026-03-21T19:41:00Z,2,4.40,1.80,0.79,completed
E002071,O-PHX-04-20260321-dairy-004,PHX-04,P-YOGURT,2026-03-21T19:52:00Z,2026-03-21T19:54:00Z,1,4.40,0.95,0.40,completed
E002072,O-PHX-04-20260321-dairy-005,PHX-04,P-MILK,2026-03-21T20:05:00Z,2026-03-21T20:07:00Z,1,4.40,1.80,0.40,completed
E002073,O-PHX-04-20260321-dairy-006,PHX-04,P-YOGURT,2026-03-21T20:18:00Z,2026-03-21T20:20:00Z,2,4.40,0.95,0.79,completed
E002074,O-PHX-04-20260321-dairy-007,PHX-04,P-MILK,2026-03-21T20:31:00Z,2026-03-21T20:33:00Z,1,4.40,1.80,0.40,completed
E002075,O-PHX-04-20260321-pantry-000,PHX-04,P-SAUCE,2026-03-21T19:00:00Z,2026-03-21T19:02:00Z,2,3.60,1.45,0.00,completed
E002076,O-PHX-04-20260321-pantry-001,PHX-04,P-PASTA,2026-03-21T19:13:00Z,2026-03-21T19:15:00Z,1,3.60,1.25,0.00,completed
E002077,O-PHX-04-20260321-pantry-002,PHX-04,P-SAUCE,2026-03-21T19:26:00Z,2026-03-21T19:28:00Z,1,3.60,1.45,0.00,completed
E002078,O-PHX-04-20260321-pantry-003,PHX-04,P-PASTA,2026-03-21T19:39:00Z,2026-03-21T19:41:00Z,2,3.60,1.25,0.00,completed
E002079,O-PHX-04-20260321-pantry-004,PHX-04,P-SAUCE,2026-03-21T19:52:00Z,2026-03-21T19:54:00Z,1,3.60,1.45,0.00,completed
E002080,O-PHX-04-20260321-pantry-005,PHX-04,P-PASTA,2026-03-21T20:05:00Z,2026-03-21T20:07:00Z,1,3.60,1.25,0.00,completed
E002081,O-PHX-04-20260321-pantry-006,PHX-04,P-SAUCE,2026-03-21T20:18:00Z,2026-03-21T20:20:00Z,2,3.60,1.45,0.00,completed
E002082,O-SFO-01-20260322-produce-000,SFO-01,P-APPLE,2026-03-22T19:00:00Z,2026-03-22T19:02:00Z,1,3.80,1.10,0.00,completed
E002083,O-SFO-01-20260322-produce-001,SFO-01,P-BERRY,2026-03-22T19:13:00Z,2026-03-22T19:15:00Z,1,4.15,2.40,0.00,completed
E002084,O-SFO-01-20260322-produce-002,SFO-01,P-APPLE,2026-03-22T19:26:00Z,2026-03-22T19:28:00Z,2,3.80,1.10,0.00,completed
E002085,O-SFO-01-20260322-produce-003,SFO-01,P-BERRY,2026-03-22T19:39:00Z,2026-03-22T19:41:00Z,1,4.15,2.40,0.00,completed
E002086,O-SFO-01-20260322-produce-004,SFO-01,P-APPLE,2026-03-22T19:52:00Z,2026-03-22T19:54:00Z,1,3.80,1.10,0.00,completed
E002087,O-SFO-01-20260322-produce-005,SFO-01,P-BERRY,2026-03-22T20:05:00Z,2026-03-22T20:07:00Z,2,4.15,2.40,0.00,completed
E002088,O-SFO-01-20260322-produce-006,SFO-01,P-APPLE,2026-03-22T20:18:00Z,2026-03-22T20:20:00Z,1,3.80,1.10,0.00,completed
E002089,O-SFO-01-20260322-produce-007,SFO-01,P-BERRY,2026-03-22T20:31:00Z,2026-03-22T20:33:00Z,1,4.15,2.40,0.00,completed
E002090,O-SFO-01-20260322-produce-008,SFO-01,P-APPLE,2026-03-22T20:44:00Z,2026-03-22T20:46:00Z,2,3.80,1.10,0.00,completed
E002091,O-SFO-01-20260322-produce-009,SFO-01,P-BERRY,2026-03-22T20:57:00Z,2026-03-22T20:59:00Z,1,4.15,2.40,0.00,completed
E002092,O-SFO-01-20260322-produce-010,SFO-01,P-APPLE,2026-03-22T21:10:00Z,2026-03-22T21:12:00Z,1,3.80,1.10,0.00,completed
E002093,O-SFO-01-20260322-produce-011,SFO-01,P-BERRY,2026-03-22T21:23:00Z,2026-03-22T21:25:00Z,2,4.15,2.40,0.00,completed
E002094,O-SFO-01-20260322-produce-012,SFO-01,P-APPLE,2026-03-22T21:36:00Z,2026-03-22T21:38:00Z,1,3.80,1.10,0.00,cancelled
E002095,O-SFO-01-20260322-produce-013,SFO-01,P-BERRY,2026-03-22T21:49:00Z,2026-03-22T21:51:00Z,1,4.15,2.40,0.00,completed
E002096,O-SFO-01-20260322-produce-014,SFO-01,P-APPLE,2026-03-22T22:02:00Z,2026-03-22T22:04:00Z,2,3.80,1.10,0.00,completed
E002097,O-SFO-01-20260322-produce-015,SFO-01,P-BERRY,2026-03-22T22:15:00Z,2026-03-22T22:17:00Z,1,4.15,2.40,0.00,completed
E002098,O-SFO-01-20260322-produce-015,SFO-01,P-BERRY,2026-03-22T22:15:00Z,2026-03-22T22:18:00Z,1,4.15,2.40,0.00,completed
E002099,O-SFO-01-20260322-produce-016,SFO-01,P-APPLE,2026-03-22T22:28:00Z,2026-03-22T22:30:00Z,1,3.80,1.10,0.00,completed
E002100,O-SFO-01-20260322-dairy-000,SFO-01,P-MILK,2026-03-22T19:00:00Z,2026-03-22T19:02:00Z,1,4.40,1.80,0.40,completed
E002101,O-SFO-01-20260322-dairy-001,SFO-01,P-YOGURT,2026-03-22T19:13:00Z,2026-03-22T19:15:00Z,1,4.40,0.95,0.40,completed
E002102,O-SFO-01-20260322-dairy-002,SFO-01,P-MILK,2026-03-22T19:26:00Z,2026-03-22T19:28:00Z,2,4.40,1.80,0.79,completed
E002103,O-SFO-01-20260322-dairy-003,SFO-01,P-YOGURT,2026-03-22T19:39:00Z,2026-03-22T19:41:00Z,1,4.40,0.95,0.40,completed
E002104,O-SFO-01-20260322-dairy-004,SFO-01,P-MILK,2026-03-22T19:52:00Z,2026-03-22T19:54:00Z,1,4.40,1.80,0.40,completed
E002105,O-SFO-01-20260322-dairy-005,SFO-01,P-YOGURT,2026-03-22T20:05:00Z,2026-03-22T20:07:00Z,2,4.40,0.95,0.79,completed
E002106,O-SFO-01-20260322-dairy-006,SFO-01,P-MILK,2026-03-22T20:18:00Z,2026-03-22T20:20:00Z,1,4.40,1.80,0.40,completed
E002107,O-SFO-01-20260322-dairy-007,SFO-01,P-YOGURT,2026-03-22T20:31:00Z,2026-03-22T20:33:00Z,1,4.40,0.95,0.40,completed
E002108,O-SFO-01-20260322-dairy-008,SFO-01,P-MILK,2026-03-22T20:44:00Z,2026-03-22T20:46:00Z,2,4.40,1.80,0.79,completed
E002109,O-SFO-01-20260322-dairy-009,SFO-01,P-YOGURT,2026-03-22T20:57:00Z,2026-03-22T20:59:00Z,1,4.40,0.95,0.40,completed
E002110,O-SFO-01-20260322-dairy-010,SFO-01,P-MILK,2026-03-22T21:10:00Z,2026-03-22T21:12:00Z,1,4.40,1.80,0.40,completed
E002111,O-SFO-01-20260322-dairy-011,SFO-01,P-YOGURT,2026-03-22T21:23:00Z,2026-03-22T21:25:00Z,2,4.40,0.95,0.79,completed
E002112,O-SFO-01-20260322-dairy-012,SFO-01,P-MILK,2026-03-22T21:36:00Z,2026-03-22T21:38:00Z,1,4.40,1.80,0.40,completed
E002113,O-SFO-01-20260322-dairy-013,SFO-01,P-YOGURT,2026-03-22T21:49:00Z,2026-03-22T21:51:00Z,1,4.40,0.95,0.40,completed
E002114,O-SFO-01-20260322-dairy-014,SFO-01,P-MILK,2026-03-22T22:02:00Z,2026-03-22T22:04:00Z,2,4.40,1.80,0.79,cancelled
E002115,O-SFO-01-20260322-dairy-015,SFO-01,P-YOGURT,2026-03-22T22:15:00Z,2026-03-22T22:17:00Z,1,4.40,0.95,0.40,completed
E002116,O-SFO-01-20260322-dairy-015,SFO-01,P-YOGURT,2026-03-22T22:15:00Z,2026-03-22T22:18:00Z,1,4.40,0.95,0.40,completed
E002117,O-SFO-01-20260322-pantry-000,SFO-01,P-PASTA,2026-03-22T19:00:00Z,2026-03-22T19:02:00Z,1,3.60,1.25,0.25,completed
E002118,O-SFO-01-20260322-pantry-001,SFO-01,P-SAUCE,2026-03-22T19:13:00Z,2026-03-22T19:15:00Z,1,3.60,1.45,0.25,completed
E002119,O-SFO-01-20260322-pantry-002,SFO-01,P-PASTA,2026-03-22T19:26:00Z,2026-03-22T19:28:00Z,2,3.60,1.25,0.50,completed
E002120,O-SFO-01-20260322-pantry-003,SFO-01,P-SAUCE,2026-03-22T19:39:00Z,2026-03-22T19:41:00Z,1,3.60,1.45,0.25,completed
E002121,O-SFO-01-20260322-pantry-004,SFO-01,P-PASTA,2026-03-22T19:52:00Z,2026-03-22T19:54:00Z,1,3.60,1.25,0.25,completed
E002122,O-SFO-01-20260322-pantry-005,SFO-01,P-SAUCE,2026-03-22T20:05:00Z,2026-03-22T20:07:00Z,2,3.60,1.45,0.50,completed
E002123,O-SFO-01-20260322-pantry-006,SFO-01,P-PASTA,2026-03-22T20:18:00Z,2026-03-22T20:20:00Z,1,3.60,1.25,0.25,completed
E002124,O-SFO-01-20260322-pantry-007,SFO-01,P-SAUCE,2026-03-22T20:31:00Z,2026-03-22T20:33:00Z,1,3.60,1.45,0.25,completed
E002125,O-SFO-01-20260322-pantry-008,SFO-01,P-PASTA,2026-03-22T20:44:00Z,2026-03-22T20:46:00Z,2,3.60,1.25,0.50,completed
E002126,O-SFO-01-20260322-pantry-009,SFO-01,P-SAUCE,2026-03-22T20:57:00Z,2026-03-22T20:59:00Z,1,3.60,1.45,0.25,completed
E002127,O-SFO-01-20260322-pantry-010,SFO-01,P-PASTA,2026-03-22T21:10:00Z,2026-03-22T21:12:00Z,1,3.60,1.25,0.25,completed
E002128,O-NYC-02-20260322-produce-000,NYC-02,P-APPLE,2026-03-22T16:00:00Z,2026-03-22T16:02:00Z,1,3.80,1.10,0.00,completed
E002129,O-NYC-02-20260322-produce-001,NYC-02,P-BERRY,2026-03-22T16:13:00Z,2026-03-22T16:15:00Z,1,4.15,2.40,0.00,completed
E002130,O-NYC-02-20260322-produce-002,NYC-02,P-APPLE,2026-03-22T16:26:00Z,2026-03-22T16:28:00Z,2,3.80,1.10,0.00,completed
E002131,O-NYC-02-20260322-produce-003,NYC-02,P-BERRY,2026-03-22T16:39:00Z,2026-03-22T16:41:00Z,1,4.15,2.40,0.00,completed
E002132,O-NYC-02-20260322-produce-004,NYC-02,P-APPLE,2026-03-22T16:52:00Z,2026-03-22T16:54:00Z,1,3.80,1.10,0.00,completed
E002133,O-NYC-02-20260322-produce-005,NYC-02,P-BERRY,2026-03-22T17:05:00Z,2026-03-22T17:07:00Z,2,4.15,2.40,0.00,completed
E002134,O-NYC-02-20260322-produce-006,NYC-02,P-APPLE,2026-03-22T17:18:00Z,2026-03-22T17:20:00Z,1,3.80,1.10,0.00,completed
E002135,O-NYC-02-20260322-produce-007,NYC-02,P-BERRY,2026-03-22T17:31:00Z,2026-03-22T17:33:00Z,1,4.15,2.40,0.00,completed
E002136,O-NYC-02-20260322-produce-008,NYC-02,P-APPLE,2026-03-22T17:44:00Z,2026-03-22T17:46:00Z,2,3.80,1.10,0.00,completed
E002137,O-NYC-02-20260322-produce-009,NYC-02,P-BERRY,2026-03-22T17:57:00Z,2026-03-22T17:59:00Z,1,4.15,2.40,0.00,completed
E002138,O-NYC-02-20260322-produce-010,NYC-02,P-APPLE,2026-03-22T18:10:00Z,2026-03-22T18:12:00Z,1,3.80,1.10,0.00,completed
E002139,O-NYC-02-20260322-produce-011,NYC-02,P-BERRY,2026-03-22T18:23:00Z,2026-03-22T18:25:00Z,2,4.15,2.40,0.00,completed
E002140,O-NYC-02-20260322-produce-012,NYC-02,P-APPLE,2026-03-22T18:36:00Z,2026-03-22T18:38:00Z,1,3.80,1.10,0.00,cancelled
E002141,O-NYC-02-20260322-produce-013,NYC-02,P-BERRY,2026-03-22T18:49:00Z,2026-03-22T18:51:00Z,1,4.15,2.40,0.00,completed
E002142,O-NYC-02-20260322-produce-014,NYC-02,P-APPLE,2026-03-22T19:02:00Z,2026-03-22T19:04:00Z,2,3.80,1.10,0.00,completed
E002143,O-NYC-02-20260322-produce-015,NYC-02,P-BERRY,2026-03-22T19:15:00Z,2026-03-22T19:17:00Z,1,4.15,2.40,0.00,completed
E002144,O-NYC-02-20260322-produce-015,NYC-02,P-BERRY,2026-03-22T19:15:00Z,2026-03-22T19:18:00Z,1,4.15,2.40,0.00,completed
E002145,O-NYC-02-20260322-produce-016,NYC-02,P-APPLE,2026-03-22T19:28:00Z,2026-03-22T19:30:00Z,1,3.80,1.10,0.00,completed
E002146,O-NYC-02-20260322-produce-017,NYC-02,P-BERRY,2026-03-22T19:41:00Z,2026-03-22T19:43:00Z,2,4.15,2.40,0.00,completed
E002147,O-NYC-02-20260322-produce-018,NYC-02,P-APPLE,2026-03-22T19:54:00Z,2026-03-22T19:56:00Z,1,3.80,1.10,0.00,completed
E002148,O-NYC-02-20260322-produce-019,NYC-02,P-BERRY,2026-03-22T20:07:00Z,2026-03-22T20:09:00Z,1,4.15,2.40,0.00,completed
E002149,O-NYC-02-20260322-produce-020,NYC-02,P-APPLE,2026-03-22T20:20:00Z,2026-03-22T20:22:00Z,2,3.80,1.10,0.00,completed
E002150,O-NYC-02-20260322-dairy-000,NYC-02,P-MILK,2026-03-22T16:00:00Z,2026-03-22T16:02:00Z,1,4.40,1.80,0.40,completed
E002151,O-NYC-02-20260322-dairy-001,NYC-02,P-YOGURT,2026-03-22T16:13:00Z,2026-03-22T16:15:00Z,1,4.40,0.95,0.40,completed
E002152,O-NYC-02-20260322-dairy-002,NYC-02,P-MILK,2026-03-22T16:26:00Z,2026-03-22T16:28:00Z,2,4.40,1.80,0.79,completed
E002153,O-NYC-02-20260322-dairy-003,NYC-02,P-YOGURT,2026-03-22T16:39:00Z,2026-03-22T16:41:00Z,1,4.40,0.95,0.40,completed
E002154,O-NYC-02-20260322-dairy-004,NYC-02,P-MILK,2026-03-22T16:52:00Z,2026-03-22T16:54:00Z,1,4.40,1.80,0.40,completed
E002155,O-NYC-02-20260322-dairy-005,NYC-02,P-YOGURT,2026-03-22T17:05:00Z,2026-03-22T17:07:00Z,2,4.40,0.95,0.79,completed
E002156,O-NYC-02-20260322-dairy-006,NYC-02,P-MILK,2026-03-22T17:18:00Z,2026-03-22T17:20:00Z,1,4.40,1.80,0.40,completed
E002157,O-NYC-02-20260322-dairy-007,NYC-02,P-YOGURT,2026-03-22T17:31:00Z,2026-03-22T17:33:00Z,1,4.40,0.95,0.40,completed
E002158,O-NYC-02-20260322-dairy-008,NYC-02,P-MILK,2026-03-22T17:44:00Z,2026-03-22T17:46:00Z,2,4.40,1.80,0.79,completed
E002159,O-NYC-02-20260322-dairy-009,NYC-02,P-YOGURT,2026-03-22T17:57:00Z,2026-03-22T17:59:00Z,1,4.40,0.95,0.40,completed
E002160,O-NYC-02-20260322-dairy-010,NYC-02,P-MILK,2026-03-22T18:10:00Z,2026-03-22T18:12:00Z,1,4.40,1.80,0.40,completed
E002161,O-NYC-02-20260322-dairy-011,NYC-02,P-YOGURT,2026-03-22T18:23:00Z,2026-03-22T18:25:00Z,2,4.40,0.95,0.79,completed
E002162,O-NYC-02-20260322-dairy-012,NYC-02,P-MILK,2026-03-22T18:36:00Z,2026-03-22T18:38:00Z,1,4.40,1.80,0.40,completed
E002163,O-NYC-02-20260322-dairy-013,NYC-02,P-YOGURT,2026-03-22T18:49:00Z,2026-03-22T18:51:00Z,1,4.40,0.95,0.40,completed
E002164,O-NYC-02-20260322-dairy-014,NYC-02,P-MILK,2026-03-22T19:02:00Z,2026-03-22T19:04:00Z,2,4.40,1.80,0.79,cancelled
E002165,O-NYC-02-20260322-dairy-015,NYC-02,P-YOGURT,2026-03-22T19:15:00Z,2026-03-22T19:17:00Z,1,4.40,0.95,0.40,completed
E002166,O-NYC-02-20260322-dairy-015,NYC-02,P-YOGURT,2026-03-22T19:15:00Z,2026-03-22T19:18:00Z,1,4.40,0.95,0.40,completed
E002167,O-NYC-02-20260322-dairy-016,NYC-02,P-MILK,2026-03-22T19:28:00Z,2026-03-22T19:30:00Z,1,4.40,1.80,0.40,completed
E002168,O-NYC-02-20260322-dairy-017,NYC-02,P-YOGURT,2026-03-22T19:41:00Z,2026-03-22T19:43:00Z,2,4.40,0.95,0.79,completed
E002169,O-NYC-02-20260322-dairy-018,NYC-02,P-MILK,2026-03-22T19:54:00Z,2026-03-22T19:56:00Z,1,4.40,1.80,0.40,completed
E002170,O-NYC-02-20260322-dairy-019,NYC-02,P-YOGURT,2026-03-22T20:07:00Z,2026-03-22T20:09:00Z,1,4.40,0.95,0.40,completed
E002171,O-NYC-02-20260322-dairy-020,NYC-02,P-MILK,2026-03-22T20:20:00Z,2026-03-22T20:22:00Z,2,4.40,1.80,0.79,completed
E002172,O-NYC-02-20260322-dairy-021,NYC-02,P-YOGURT,2026-03-22T20:33:00Z,2026-03-22T20:35:00Z,1,4.40,0.95,0.40,completed
E002173,O-NYC-02-20260322-dairy-022,NYC-02,P-MILK,2026-03-22T20:46:00Z,2026-03-22T20:48:00Z,1,4.40,1.80,0.40,completed
E002174,O-NYC-02-20260322-pantry-000,NYC-02,P-PASTA,2026-03-22T16:00:00Z,2026-03-22T16:02:00Z,1,3.60,1.25,0.25,completed
E002175,O-NYC-02-20260322-pantry-001,NYC-02,P-SAUCE,2026-03-22T16:13:00Z,2026-03-22T16:15:00Z,1,3.60,1.45,0.25,completed
E002176,O-NYC-02-20260322-pantry-002,NYC-02,P-PASTA,2026-03-22T16:26:00Z,2026-03-22T16:28:00Z,2,3.60,1.25,0.50,completed
E002177,O-NYC-02-20260322-pantry-003,NYC-02,P-SAUCE,2026-03-22T16:39:00Z,2026-03-22T16:41:00Z,1,3.60,1.45,0.25,completed
E002178,O-NYC-02-20260322-pantry-004,NYC-02,P-PASTA,2026-03-22T16:52:00Z,2026-03-22T16:54:00Z,1,3.60,1.25,0.25,completed
E002179,O-NYC-02-20260322-pantry-005,NYC-02,P-SAUCE,2026-03-22T17:05:00Z,2026-03-22T17:07:00Z,2,3.60,1.45,0.50,completed
E002180,O-NYC-02-20260322-pantry-006,NYC-02,P-PASTA,2026-03-22T17:18:00Z,2026-03-22T17:20:00Z,1,3.60,1.25,0.25,completed
E002181,O-NYC-02-20260322-pantry-007,NYC-02,P-SAUCE,2026-03-22T17:31:00Z,2026-03-22T17:33:00Z,1,3.60,1.45,0.25,completed
E002182,O-NYC-02-20260322-pantry-008,NYC-02,P-PASTA,2026-03-22T17:44:00Z,2026-03-22T17:46:00Z,2,3.60,1.25,0.50,completed
E002183,O-NYC-02-20260322-pantry-009,NYC-02,P-SAUCE,2026-03-22T17:57:00Z,2026-03-22T17:59:00Z,1,3.60,1.45,0.25,completed
E002184,O-NYC-02-20260322-pantry-010,NYC-02,P-PASTA,2026-03-22T18:10:00Z,2026-03-22T18:12:00Z,1,3.60,1.25,0.25,completed
E002185,O-NYC-02-20260322-pantry-011,NYC-02,P-SAUCE,2026-03-22T18:23:00Z,2026-03-22T18:25:00Z,2,3.60,1.45,0.50,completed
E002186,O-NYC-02-20260322-pantry-012,NYC-02,P-PASTA,2026-03-22T18:36:00Z,2026-03-22T18:38:00Z,1,3.60,1.25,0.25,completed
E002187,O-NYC-02-20260322-pantry-013,NYC-02,P-SAUCE,2026-03-22T18:49:00Z,2026-03-22T18:51:00Z,1,3.60,1.45,0.25,cancelled
E002188,O-NYC-02-20260322-pantry-014,NYC-02,P-PASTA,2026-03-22T19:02:00Z,2026-03-22T19:04:00Z,2,3.60,1.25,0.50,completed
E002189,O-NYC-02-20260322-pantry-015,NYC-02,P-SAUCE,2026-03-22T19:15:00Z,2026-03-22T19:17:00Z,1,3.60,1.45,0.25,completed
E002190,O-NYC-02-20260322-pantry-015,NYC-02,P-SAUCE,2026-03-22T19:15:00Z,2026-03-22T19:18:00Z,1,3.60,1.45,0.25,completed
E002191,O-CHI-03-20260322-produce-000,CHI-03,P-APPLE,2026-03-22T17:00:00Z,2026-03-22T17:02:00Z,1,3.80,1.10,0.00,completed
E002192,O-CHI-03-20260322-produce-001,CHI-03,P-BERRY,2026-03-22T17:13:00Z,2026-03-22T17:15:00Z,1,4.15,2.40,0.00,completed
E002193,O-CHI-03-20260322-produce-002,CHI-03,P-APPLE,2026-03-22T17:26:00Z,2026-03-22T17:28:00Z,2,3.80,1.10,0.00,completed
E002194,O-CHI-03-20260322-produce-003,CHI-03,P-BERRY,2026-03-22T17:39:00Z,2026-03-22T17:41:00Z,1,4.15,2.40,0.00,completed
E002195,O-CHI-03-20260322-produce-004,CHI-03,P-APPLE,2026-03-22T17:52:00Z,2026-03-22T17:54:00Z,1,3.80,1.10,0.00,completed
E002196,O-CHI-03-20260322-produce-005,CHI-03,P-BERRY,2026-03-22T18:05:00Z,2026-03-22T18:07:00Z,2,4.15,2.40,0.00,completed
E002197,O-CHI-03-20260322-produce-006,CHI-03,P-APPLE,2026-03-22T18:18:00Z,2026-03-22T18:20:00Z,1,3.80,1.10,0.00,completed
E002198,O-CHI-03-20260322-produce-007,CHI-03,P-BERRY,2026-03-22T18:31:00Z,2026-03-22T18:33:00Z,1,4.15,2.40,0.00,completed
E002199,O-CHI-03-20260322-produce-008,CHI-03,P-APPLE,2026-03-22T18:44:00Z,2026-03-22T18:46:00Z,2,3.80,1.10,0.00,completed
E002200,O-CHI-03-20260322-produce-009,CHI-03,P-BERRY,2026-03-22T18:57:00Z,2026-03-22T18:59:00Z,1,4.15,2.40,0.00,completed
E002201,O-CHI-03-20260322-produce-010,CHI-03,P-APPLE,2026-03-22T19:10:00Z,2026-03-22T19:12:00Z,1,3.80,1.10,0.00,completed
E002202,O-CHI-03-20260322-produce-011,CHI-03,P-BERRY,2026-03-22T19:23:00Z,2026-03-22T19:25:00Z,2,4.15,2.40,0.00,completed
E002203,O-CHI-03-20260322-dairy-000,CHI-03,P-MILK,2026-03-22T17:00:00Z,2026-03-22T17:02:00Z,1,4.40,1.80,0.40,completed
E002204,O-CHI-03-20260322-dairy-001,CHI-03,P-YOGURT,2026-03-22T17:13:00Z,2026-03-22T17:15:00Z,1,4.40,0.95,0.40,completed
E002205,O-CHI-03-20260322-dairy-002,CHI-03,P-MILK,2026-03-22T17:26:00Z,2026-03-22T17:28:00Z,2,4.40,1.80,0.79,completed
E002206,O-CHI-03-20260322-dairy-003,CHI-03,P-YOGURT,2026-03-22T17:39:00Z,2026-03-22T17:41:00Z,1,4.40,0.95,0.40,completed
E002207,O-CHI-03-20260322-dairy-004,CHI-03,P-MILK,2026-03-22T17:52:00Z,2026-03-22T17:54:00Z,1,4.40,1.80,0.40,completed
E002208,O-CHI-03-20260322-dairy-005,CHI-03,P-YOGURT,2026-03-22T18:05:00Z,2026-03-22T18:07:00Z,2,4.40,0.95,0.79,completed
E002209,O-CHI-03-20260322-dairy-006,CHI-03,P-MILK,2026-03-22T18:18:00Z,2026-03-22T18:20:00Z,1,4.40,1.80,0.40,completed
E002210,O-CHI-03-20260322-dairy-007,CHI-03,P-YOGURT,2026-03-22T18:31:00Z,2026-03-22T18:33:00Z,1,4.40,0.95,0.40,completed
E002211,O-CHI-03-20260322-dairy-008,CHI-03,P-MILK,2026-03-22T18:44:00Z,2026-03-22T18:46:00Z,2,4.40,1.80,0.79,completed
E002212,O-CHI-03-20260322-dairy-009,CHI-03,P-YOGURT,2026-03-22T18:57:00Z,2026-03-22T18:59:00Z,1,4.40,0.95,0.40,completed
E002213,O-CHI-03-20260322-dairy-010,CHI-03,P-MILK,2026-03-22T19:10:00Z,2026-03-22T19:12:00Z,1,4.40,1.80,0.40,completed
E002214,O-CHI-03-20260322-dairy-011,CHI-03,P-YOGURT,2026-03-22T19:23:00Z,2026-03-22T19:25:00Z,2,4.40,0.95,0.79,completed
E002215,O-CHI-03-20260322-pantry-000,CHI-03,P-PASTA,2026-03-22T17:00:00Z,2026-03-22T17:02:00Z,1,3.60,1.25,0.25,completed
E002216,O-CHI-03-20260322-pantry-001,CHI-03,P-SAUCE,2026-03-22T17:13:00Z,2026-03-22T17:15:00Z,1,3.60,1.45,0.25,completed
E002217,O-CHI-03-20260322-pantry-002,CHI-03,P-PASTA,2026-03-22T17:26:00Z,2026-03-22T17:28:00Z,2,3.60,1.25,0.50,completed
E002218,O-CHI-03-20260322-pantry-003,CHI-03,P-SAUCE,2026-03-22T17:39:00Z,2026-03-22T17:41:00Z,1,3.60,1.45,0.25,completed
E002219,O-CHI-03-20260322-pantry-004,CHI-03,P-PASTA,2026-03-22T17:52:00Z,2026-03-22T17:54:00Z,1,3.60,1.25,0.25,completed
E002220,O-CHI-03-20260322-pantry-005,CHI-03,P-SAUCE,2026-03-22T18:05:00Z,2026-03-22T18:07:00Z,2,3.60,1.45,0.50,completed
E002221,O-CHI-03-20260322-pantry-006,CHI-03,P-PASTA,2026-03-22T18:18:00Z,2026-03-22T18:20:00Z,1,3.60,1.25,0.25,completed
E002222,O-CHI-03-20260322-pantry-007,CHI-03,P-SAUCE,2026-03-22T18:31:00Z,2026-03-22T18:33:00Z,1,3.60,1.45,0.25,completed
E002223,O-CHI-03-20260322-pantry-008,CHI-03,P-PASTA,2026-03-22T18:44:00Z,2026-03-22T18:46:00Z,2,3.60,1.25,0.50,completed
E002224,O-CHI-03-20260322-pantry-009,CHI-03,P-SAUCE,2026-03-22T18:57:00Z,2026-03-22T18:59:00Z,1,3.60,1.45,0.25,completed
E002225,O-CHI-03-20260322-pantry-010,CHI-03,P-PASTA,2026-03-22T19:10:00Z,2026-03-22T19:12:00Z,1,3.60,1.25,0.25,completed
E002226,O-PHX-04-20260322-produce-000,PHX-04,P-APPLE,2026-03-22T19:00:00Z,2026-03-22T19:02:00Z,1,3.80,1.10,0.00,completed
E002227,O-PHX-04-20260322-produce-001,PHX-04,P-BERRY,2026-03-22T19:13:00Z,2026-03-22T19:15:00Z,1,4.15,2.40,0.00,completed
E002228,O-PHX-04-20260322-produce-002,PHX-04,P-APPLE,2026-03-22T19:26:00Z,2026-03-22T19:28:00Z,2,3.80,1.10,0.00,completed
E002229,O-PHX-04-20260322-produce-003,PHX-04,P-BERRY,2026-03-22T19:39:00Z,2026-03-22T19:41:00Z,1,4.15,2.40,0.00,completed
E002230,O-PHX-04-20260322-produce-004,PHX-04,P-APPLE,2026-03-22T19:52:00Z,2026-03-22T19:54:00Z,1,3.80,1.10,0.00,completed
E002231,O-PHX-04-20260322-produce-005,PHX-04,P-BERRY,2026-03-22T20:05:00Z,2026-03-22T20:07:00Z,2,4.15,2.40,0.00,completed
E002232,O-PHX-04-20260322-produce-006,PHX-04,P-APPLE,2026-03-22T20:18:00Z,2026-03-22T20:20:00Z,1,3.80,1.10,0.00,completed
E002233,O-PHX-04-20260322-produce-007,PHX-04,P-BERRY,2026-03-22T20:31:00Z,2026-03-22T20:33:00Z,1,4.15,2.40,0.00,completed
E002234,O-PHX-04-20260322-produce-008,PHX-04,P-APPLE,2026-03-22T20:44:00Z,2026-03-22T20:46:00Z,2,3.80,1.10,0.00,completed
E002235,O-PHX-04-20260322-produce-009,PHX-04,P-BERRY,2026-03-22T20:57:00Z,2026-03-22T20:59:00Z,1,4.15,2.40,0.00,completed
E002236,O-PHX-04-20260322-dairy-000,PHX-04,P-MILK,2026-03-22T19:00:00Z,2026-03-22T19:02:00Z,1,4.40,1.80,0.40,completed
E002237,O-PHX-04-20260322-dairy-001,PHX-04,P-YOGURT,2026-03-22T19:13:00Z,2026-03-22T19:15:00Z,1,4.40,0.95,0.40,completed
E002238,O-PHX-04-20260322-dairy-002,PHX-04,P-MILK,2026-03-22T19:26:00Z,2026-03-22T19:28:00Z,2,4.40,1.80,0.79,completed
E002239,O-PHX-04-20260322-dairy-003,PHX-04,P-YOGURT,2026-03-22T19:39:00Z,2026-03-22T19:41:00Z,1,4.40,0.95,0.40,completed
E002240,O-PHX-04-20260322-dairy-004,PHX-04,P-MILK,2026-03-22T19:52:00Z,2026-03-22T19:54:00Z,1,4.40,1.80,0.40,completed
E002241,O-PHX-04-20260322-dairy-005,PHX-04,P-YOGURT,2026-03-22T20:05:00Z,2026-03-22T20:07:00Z,2,4.40,0.95,0.79,completed
E002242,O-PHX-04-20260322-dairy-006,PHX-04,P-MILK,2026-03-22T20:18:00Z,2026-03-22T20:20:00Z,1,4.40,1.80,0.40,completed
E002243,O-PHX-04-20260322-dairy-007,PHX-04,P-YOGURT,2026-03-22T20:31:00Z,2026-03-22T20:33:00Z,1,4.40,0.95,0.40,completed
E002244,O-PHX-04-20260322-pantry-000,PHX-04,P-PASTA,2026-03-22T19:00:00Z,2026-03-22T19:02:00Z,1,3.60,1.25,0.25,completed
E002245,O-PHX-04-20260322-pantry-001,PHX-04,P-SAUCE,2026-03-22T19:13:00Z,2026-03-22T19:15:00Z,1,3.60,1.45,0.25,completed
E002246,O-PHX-04-20260322-pantry-002,PHX-04,P-PASTA,2026-03-22T19:26:00Z,2026-03-22T19:28:00Z,2,3.60,1.25,0.50,completed
E002247,O-PHX-04-20260322-pantry-003,PHX-04,P-SAUCE,2026-03-22T19:39:00Z,2026-03-22T19:41:00Z,1,3.60,1.45,0.25,completed
E002248,O-PHX-04-20260322-pantry-004,PHX-04,P-PASTA,2026-03-22T19:52:00Z,2026-03-22T19:54:00Z,1,3.60,1.25,0.25,completed
E002249,O-PHX-04-20260322-pantry-005,PHX-04,P-SAUCE,2026-03-22T20:05:00Z,2026-03-22T20:07:00Z,2,3.60,1.45,0.50,completed
E002250,O-PHX-04-20260322-pantry-006,PHX-04,P-PASTA,2026-03-22T20:18:00Z,2026-03-22T20:20:00Z,1,3.60,1.25,0.25,completed
E002251,O-PHX-04-20260322-pantry-007,PHX-04,P-SAUCE,2026-03-22T20:31:00Z,2026-03-22T20:33:00Z,1,3.60,1.45,0.25,completed
E002252,O-SFO-01-20260323-produce-000,SFO-01,P-BERRY,2026-03-23T19:00:00Z,2026-03-23T19:02:00Z,1,4.15,2.40,0.00,completed
E002253,O-SFO-01-20260323-produce-001,SFO-01,P-APPLE,2026-03-23T19:13:00Z,2026-03-23T19:15:00Z,2,3.80,1.10,0.00,completed
E002254,O-SFO-01-20260323-produce-002,SFO-01,P-BERRY,2026-03-23T19:26:00Z,2026-03-23T19:28:00Z,1,4.15,2.40,0.00,completed
E002255,O-SFO-01-20260323-produce-003,SFO-01,P-APPLE,2026-03-23T19:39:00Z,2026-03-23T19:41:00Z,1,3.80,1.10,0.00,completed
E002256,O-SFO-01-20260323-produce-004,SFO-01,P-BERRY,2026-03-23T19:52:00Z,2026-03-23T19:54:00Z,2,4.15,2.40,0.00,completed
E002257,O-SFO-01-20260323-produce-005,SFO-01,P-APPLE,2026-03-23T20:05:00Z,2026-03-23T20:07:00Z,1,3.80,1.10,0.00,completed
E002258,O-SFO-01-20260323-produce-006,SFO-01,P-BERRY,2026-03-23T20:18:00Z,2026-03-23T20:20:00Z,1,4.15,2.40,0.00,completed
E002259,O-SFO-01-20260323-produce-007,SFO-01,P-APPLE,2026-03-23T20:31:00Z,2026-03-23T20:33:00Z,2,3.80,1.10,0.00,completed
E002260,O-SFO-01-20260323-produce-008,SFO-01,P-BERRY,2026-03-23T20:44:00Z,2026-03-23T20:46:00Z,1,4.15,2.40,0.00,completed
E002261,O-SFO-01-20260323-produce-009,SFO-01,P-APPLE,2026-03-23T20:57:00Z,2026-03-23T20:59:00Z,1,3.80,1.10,0.00,completed
E002262,O-SFO-01-20260323-produce-010,SFO-01,P-BERRY,2026-03-23T21:10:00Z,2026-03-23T21:12:00Z,2,4.15,2.40,0.00,completed
E002263,O-SFO-01-20260323-produce-011,SFO-01,P-APPLE,2026-03-23T21:23:00Z,2026-03-23T21:25:00Z,1,3.80,1.10,0.00,cancelled
E002264,O-SFO-01-20260323-produce-012,SFO-01,P-BERRY,2026-03-23T21:36:00Z,2026-03-23T21:38:00Z,1,4.15,2.40,0.00,completed
E002265,O-SFO-01-20260323-produce-013,SFO-01,P-APPLE,2026-03-23T21:49:00Z,2026-03-23T21:51:00Z,2,3.80,1.10,0.00,completed
E002266,O-SFO-01-20260323-dairy-000,SFO-01,P-YOGURT,2026-03-23T19:00:00Z,2026-03-23T19:02:00Z,1,4.40,0.95,0.40,completed
E002267,O-SFO-01-20260323-dairy-001,SFO-01,P-MILK,2026-03-23T19:13:00Z,2026-03-23T19:15:00Z,2,4.40,1.80,0.79,completed
E002268,O-SFO-01-20260323-dairy-002,SFO-01,P-YOGURT,2026-03-23T19:26:00Z,2026-03-23T19:28:00Z,1,4.40,0.95,0.40,completed
E002269,O-SFO-01-20260323-dairy-003,SFO-01,P-MILK,2026-03-23T19:39:00Z,2026-03-23T19:41:00Z,1,4.40,1.80,0.40,completed
E002270,O-SFO-01-20260323-dairy-004,SFO-01,P-YOGURT,2026-03-23T19:52:00Z,2026-03-23T19:54:00Z,2,4.40,0.95,0.79,completed
E002271,O-SFO-01-20260323-dairy-005,SFO-01,P-MILK,2026-03-23T20:05:00Z,2026-03-23T20:07:00Z,1,4.40,1.80,0.40,completed
E002272,O-SFO-01-20260323-dairy-006,SFO-01,P-YOGURT,2026-03-23T20:18:00Z,2026-03-23T20:20:00Z,1,4.40,0.95,0.40,completed
E002273,O-SFO-01-20260323-dairy-007,SFO-01,P-MILK,2026-03-23T20:31:00Z,2026-03-23T20:33:00Z,2,4.40,1.80,0.79,completed
E002274,O-SFO-01-20260323-dairy-008,SFO-01,P-YOGURT,2026-03-23T20:44:00Z,2026-03-23T20:46:00Z,1,4.40,0.95,0.40,completed
E002275,O-SFO-01-20260323-dairy-009,SFO-01,P-MILK,2026-03-23T20:57:00Z,2026-03-23T20:59:00Z,1,4.40,1.80,0.40,completed
E002276,O-SFO-01-20260323-dairy-010,SFO-01,P-YOGURT,2026-03-23T21:10:00Z,2026-03-23T21:12:00Z,2,4.40,0.95,0.79,completed
E002277,O-SFO-01-20260323-dairy-011,SFO-01,P-MILK,2026-03-23T21:23:00Z,2026-03-23T21:25:00Z,1,4.40,1.80,0.40,completed
E002278,O-SFO-01-20260323-dairy-012,SFO-01,P-YOGURT,2026-03-23T21:36:00Z,2026-03-23T21:38:00Z,1,4.40,0.95,0.40,completed
E002279,O-SFO-01-20260323-pantry-000,SFO-01,P-SAUCE,2026-03-23T19:00:00Z,2026-03-23T19:02:00Z,1,3.60,1.45,0.25,completed
E002280,O-SFO-01-20260323-pantry-001,SFO-01,P-PASTA,2026-03-23T19:13:00Z,2026-03-23T19:15:00Z,2,3.60,1.25,0.50,completed
E002281,O-SFO-01-20260323-pantry-002,SFO-01,P-SAUCE,2026-03-23T19:26:00Z,2026-03-23T19:28:00Z,1,3.60,1.45,0.25,completed
E002282,O-SFO-01-20260323-pantry-003,SFO-01,P-PASTA,2026-03-23T19:39:00Z,2026-03-23T19:41:00Z,1,3.60,1.25,0.25,completed
E002283,O-SFO-01-20260323-pantry-004,SFO-01,P-SAUCE,2026-03-23T19:52:00Z,2026-03-23T19:54:00Z,2,3.60,1.45,0.50,completed
E002284,O-SFO-01-20260323-pantry-005,SFO-01,P-PASTA,2026-03-23T20:05:00Z,2026-03-23T20:07:00Z,1,3.60,1.25,0.25,completed
E002285,O-SFO-01-20260323-pantry-006,SFO-01,P-SAUCE,2026-03-23T20:18:00Z,2026-03-23T20:20:00Z,1,3.60,1.45,0.25,completed
E002286,O-SFO-01-20260323-pantry-007,SFO-01,P-PASTA,2026-03-23T20:31:00Z,2026-03-23T20:33:00Z,2,3.60,1.25,0.50,completed
E002287,O-SFO-01-20260323-pantry-008,SFO-01,P-SAUCE,2026-03-23T20:44:00Z,2026-03-23T20:46:00Z,1,3.60,1.45,0.25,completed
E002288,O-NYC-02-20260323-produce-000,NYC-02,P-BERRY,2026-03-23T16:00:00Z,2026-03-23T16:02:00Z,1,4.15,2.40,0.00,completed
E002289,O-NYC-02-20260323-produce-001,NYC-02,P-APPLE,2026-03-23T16:13:00Z,2026-03-23T16:15:00Z,2,3.80,1.10,0.00,completed
E002290,O-NYC-02-20260323-produce-002,NYC-02,P-BERRY,2026-03-23T16:26:00Z,2026-03-23T16:28:00Z,1,4.15,2.40,0.00,completed
E002291,O-NYC-02-20260323-produce-003,NYC-02,P-APPLE,2026-03-23T16:39:00Z,2026-03-23T16:41:00Z,1,3.80,1.10,0.00,completed
E002292,O-NYC-02-20260323-produce-004,NYC-02,P-BERRY,2026-03-23T16:52:00Z,2026-03-23T16:54:00Z,2,4.15,2.40,0.00,completed
E002293,O-NYC-02-20260323-produce-005,NYC-02,P-APPLE,2026-03-23T17:05:00Z,2026-03-23T17:07:00Z,1,3.80,1.10,0.00,completed
E002294,O-NYC-02-20260323-produce-006,NYC-02,P-BERRY,2026-03-23T17:18:00Z,2026-03-23T17:20:00Z,1,4.15,2.40,0.00,completed
E002295,O-NYC-02-20260323-produce-007,NYC-02,P-APPLE,2026-03-23T17:31:00Z,2026-03-23T17:33:00Z,2,3.80,1.10,0.00,completed
E002296,O-NYC-02-20260323-produce-008,NYC-02,P-BERRY,2026-03-23T17:44:00Z,2026-03-23T17:46:00Z,1,4.15,2.40,0.00,completed
E002297,O-NYC-02-20260323-produce-009,NYC-02,P-APPLE,2026-03-23T17:57:00Z,2026-03-23T17:59:00Z,1,3.80,1.10,0.00,completed
E002298,O-NYC-02-20260323-produce-010,NYC-02,P-BERRY,2026-03-23T18:10:00Z,2026-03-23T18:12:00Z,2,4.15,2.40,0.00,completed
E002299,O-NYC-02-20260323-produce-011,NYC-02,P-APPLE,2026-03-23T18:23:00Z,2026-03-23T18:25:00Z,1,3.80,1.10,0.00,cancelled
E002300,O-NYC-02-20260323-produce-012,NYC-02,P-BERRY,2026-03-23T18:36:00Z,2026-03-23T18:38:00Z,1,4.15,2.40,0.00,completed
E002301,O-NYC-02-20260323-produce-013,NYC-02,P-APPLE,2026-03-23T18:49:00Z,2026-03-23T18:51:00Z,2,3.80,1.10,0.00,completed
E002302,O-NYC-02-20260323-produce-014,NYC-02,P-BERRY,2026-03-23T19:02:00Z,2026-03-23T19:04:00Z,1,4.15,2.40,0.00,completed
E002303,O-NYC-02-20260323-produce-014,NYC-02,P-BERRY,2026-03-23T19:02:00Z,2026-03-23T19:05:00Z,1,4.15,2.40,0.00,completed
E002304,O-NYC-02-20260323-produce-015,NYC-02,P-APPLE,2026-03-23T19:15:00Z,2026-03-23T19:17:00Z,1,3.80,1.10,0.00,completed
E002305,O-NYC-02-20260323-produce-016,NYC-02,P-BERRY,2026-03-23T19:28:00Z,2026-03-23T19:30:00Z,2,4.15,2.40,0.00,completed
E002306,O-NYC-02-20260323-dairy-000,NYC-02,P-YOGURT,2026-03-23T16:00:00Z,2026-03-23T16:02:00Z,1,4.40,0.95,0.40,completed
E002307,O-NYC-02-20260323-dairy-001,NYC-02,P-MILK,2026-03-23T16:13:00Z,2026-03-23T16:15:00Z,2,4.40,1.80,0.79,completed
E002308,O-NYC-02-20260323-dairy-002,NYC-02,P-YOGURT,2026-03-23T16:26:00Z,2026-03-23T16:28:00Z,1,4.40,0.95,0.40,completed
E002309,O-NYC-02-20260323-dairy-003,NYC-02,P-MILK,2026-03-23T16:39:00Z,2026-03-23T16:41:00Z,1,4.40,1.80,0.40,completed
E002310,O-NYC-02-20260323-dairy-004,NYC-02,P-YOGURT,2026-03-23T16:52:00Z,2026-03-23T16:54:00Z,2,4.40,0.95,0.79,completed
E002311,O-NYC-02-20260323-dairy-005,NYC-02,P-MILK,2026-03-23T17:05:00Z,2026-03-23T17:07:00Z,1,4.40,1.80,0.40,completed
E002312,O-NYC-02-20260323-dairy-006,NYC-02,P-YOGURT,2026-03-23T17:18:00Z,2026-03-23T17:20:00Z,1,4.40,0.95,0.40,completed
E002313,O-NYC-02-20260323-dairy-007,NYC-02,P-MILK,2026-03-23T17:31:00Z,2026-03-23T17:33:00Z,2,4.40,1.80,0.79,completed
E002314,O-NYC-02-20260323-dairy-008,NYC-02,P-YOGURT,2026-03-23T17:44:00Z,2026-03-23T17:46:00Z,1,4.40,0.95,0.40,completed
E002315,O-NYC-02-20260323-dairy-009,NYC-02,P-MILK,2026-03-23T17:57:00Z,2026-03-23T17:59:00Z,1,4.40,1.80,0.40,completed
E002316,O-NYC-02-20260323-dairy-010,NYC-02,P-YOGURT,2026-03-23T18:10:00Z,2026-03-23T18:12:00Z,2,4.40,0.95,0.79,completed
E002317,O-NYC-02-20260323-dairy-011,NYC-02,P-MILK,2026-03-23T18:23:00Z,2026-03-23T18:25:00Z,1,4.40,1.80,0.40,completed
E002318,O-NYC-02-20260323-dairy-012,NYC-02,P-YOGURT,2026-03-23T18:36:00Z,2026-03-23T18:38:00Z,1,4.40,0.95,0.40,completed
E002319,O-NYC-02-20260323-dairy-013,NYC-02,P-MILK,2026-03-23T18:49:00Z,2026-03-23T18:51:00Z,2,4.40,1.80,0.79,cancelled
E002320,O-NYC-02-20260323-dairy-014,NYC-02,P-YOGURT,2026-03-23T19:02:00Z,2026-03-23T19:04:00Z,1,4.40,0.95,0.40,completed
E002321,O-NYC-02-20260323-dairy-014,NYC-02,P-YOGURT,2026-03-23T19:02:00Z,2026-03-23T19:05:00Z,1,4.40,0.95,0.40,completed
E002322,O-NYC-02-20260323-dairy-015,NYC-02,P-MILK,2026-03-23T19:15:00Z,2026-03-23T19:17:00Z,1,4.40,1.80,0.40,completed
E002323,O-NYC-02-20260323-dairy-016,NYC-02,P-YOGURT,2026-03-23T19:28:00Z,2026-03-23T19:30:00Z,2,4.40,0.95,0.79,completed
E002324,O-NYC-02-20260323-dairy-017,NYC-02,P-MILK,2026-03-23T19:41:00Z,2026-03-23T19:43:00Z,1,4.40,1.80,0.40,completed
E002325,O-NYC-02-20260323-dairy-018,NYC-02,P-YOGURT,2026-03-23T19:54:00Z,2026-03-23T19:56:00Z,1,4.40,0.95,0.40,completed
E002326,O-NYC-02-20260323-pantry-000,NYC-02,P-SAUCE,2026-03-23T16:00:00Z,2026-03-23T16:02:00Z,1,3.60,1.45,0.25,completed
E002327,O-NYC-02-20260323-pantry-001,NYC-02,P-PASTA,2026-03-23T16:13:00Z,2026-03-23T16:15:00Z,2,3.60,1.25,0.50,completed
E002328,O-NYC-02-20260323-pantry-002,NYC-02,P-SAUCE,2026-03-23T16:26:00Z,2026-03-23T16:28:00Z,1,3.60,1.45,0.25,completed
E002329,O-NYC-02-20260323-pantry-003,NYC-02,P-PASTA,2026-03-23T16:39:00Z,2026-03-23T16:41:00Z,1,3.60,1.25,0.25,completed
E002330,O-NYC-02-20260323-pantry-004,NYC-02,P-SAUCE,2026-03-23T16:52:00Z,2026-03-23T16:54:00Z,2,3.60,1.45,0.50,completed
E002331,O-NYC-02-20260323-pantry-005,NYC-02,P-PASTA,2026-03-23T17:05:00Z,2026-03-23T17:07:00Z,1,3.60,1.25,0.25,completed
E002332,O-NYC-02-20260323-pantry-006,NYC-02,P-SAUCE,2026-03-23T17:18:00Z,2026-03-23T17:20:00Z,1,3.60,1.45,0.25,completed
E002333,O-NYC-02-20260323-pantry-007,NYC-02,P-PASTA,2026-03-23T17:31:00Z,2026-03-23T17:33:00Z,2,3.60,1.25,0.50,completed
E002334,O-NYC-02-20260323-pantry-008,NYC-02,P-SAUCE,2026-03-23T17:44:00Z,2026-03-23T17:46:00Z,1,3.60,1.45,0.25,completed
E002335,O-NYC-02-20260323-pantry-009,NYC-02,P-PASTA,2026-03-23T17:57:00Z,2026-03-23T17:59:00Z,1,3.60,1.25,0.25,completed
E002336,O-NYC-02-20260323-pantry-010,NYC-02,P-SAUCE,2026-03-23T18:10:00Z,2026-03-23T18:12:00Z,2,3.60,1.45,0.50,completed
E002337,O-NYC-02-20260323-pantry-011,NYC-02,P-PASTA,2026-03-23T18:23:00Z,2026-03-23T18:25:00Z,1,3.60,1.25,0.25,completed
E002338,O-NYC-02-20260323-pantry-012,NYC-02,P-SAUCE,2026-03-23T18:36:00Z,2026-03-23T18:38:00Z,1,3.60,1.45,0.25,cancelled
E002339,O-CHI-03-20260323-produce-000,CHI-03,P-BERRY,2026-03-23T17:00:00Z,2026-03-23T17:02:00Z,1,4.15,2.40,0.00,completed
E002340,O-CHI-03-20260323-produce-001,CHI-03,P-APPLE,2026-03-23T17:13:00Z,2026-03-23T17:15:00Z,2,3.80,1.10,0.00,completed
E002341,O-CHI-03-20260323-produce-002,CHI-03,P-BERRY,2026-03-23T17:26:00Z,2026-03-23T17:28:00Z,1,4.15,2.40,0.00,completed
E002342,O-CHI-03-20260323-produce-003,CHI-03,P-APPLE,2026-03-23T17:39:00Z,2026-03-23T17:41:00Z,1,3.80,1.10,0.00,completed
E002343,O-CHI-03-20260323-produce-004,CHI-03,P-BERRY,2026-03-23T17:52:00Z,2026-03-23T17:54:00Z,2,4.15,2.40,0.00,completed
E002344,O-CHI-03-20260323-produce-005,CHI-03,P-APPLE,2026-03-23T18:05:00Z,2026-03-23T18:07:00Z,1,3.80,1.10,0.00,completed
E002345,O-CHI-03-20260323-produce-006,CHI-03,P-BERRY,2026-03-23T18:18:00Z,2026-03-23T18:20:00Z,1,4.15,2.40,0.00,completed
E002346,O-CHI-03-20260323-produce-007,CHI-03,P-APPLE,2026-03-23T18:31:00Z,2026-03-23T18:33:00Z,2,3.80,1.10,0.00,completed
E002347,O-CHI-03-20260323-produce-008,CHI-03,P-BERRY,2026-03-23T18:44:00Z,2026-03-23T18:46:00Z,1,4.15,2.40,0.00,completed
E002348,O-CHI-03-20260323-produce-009,CHI-03,P-APPLE,2026-03-23T18:57:00Z,2026-03-23T18:59:00Z,1,3.80,1.10,0.00,completed
E002349,O-CHI-03-20260323-dairy-000,CHI-03,P-YOGURT,2026-03-23T17:00:00Z,2026-03-23T17:02:00Z,1,4.40,0.95,0.40,completed
E002350,O-CHI-03-20260323-dairy-001,CHI-03,P-MILK,2026-03-23T17:13:00Z,2026-03-23T17:15:00Z,2,4.40,1.80,0.79,completed
E002351,O-CHI-03-20260323-dairy-002,CHI-03,P-YOGURT,2026-03-23T17:26:00Z,2026-03-23T17:28:00Z,1,4.40,0.95,0.40,completed
E002352,O-CHI-03-20260323-dairy-003,CHI-03,P-MILK,2026-03-23T17:39:00Z,2026-03-23T17:41:00Z,1,4.40,1.80,0.40,completed
E002353,O-CHI-03-20260323-dairy-004,CHI-03,P-YOGURT,2026-03-23T17:52:00Z,2026-03-23T17:54:00Z,2,4.40,0.95,0.79,completed
E002354,O-CHI-03-20260323-dairy-005,CHI-03,P-MILK,2026-03-23T18:05:00Z,2026-03-23T18:07:00Z,1,4.40,1.80,0.40,completed
E002355,O-CHI-03-20260323-dairy-006,CHI-03,P-YOGURT,2026-03-23T18:18:00Z,2026-03-23T18:20:00Z,1,4.40,0.95,0.40,completed
E002356,O-CHI-03-20260323-dairy-007,CHI-03,P-MILK,2026-03-23T18:31:00Z,2026-03-23T18:33:00Z,2,4.40,1.80,0.79,completed
E002357,O-CHI-03-20260323-dairy-008,CHI-03,P-YOGURT,2026-03-23T18:44:00Z,2026-03-23T18:46:00Z,1,4.40,0.95,0.40,completed
E002358,O-CHI-03-20260323-dairy-009,CHI-03,P-MILK,2026-03-23T18:57:00Z,2026-03-23T18:59:00Z,1,4.40,1.80,0.40,completed
E002359,O-CHI-03-20260323-pantry-000,CHI-03,P-SAUCE,2026-03-23T17:00:00Z,2026-03-23T17:02:00Z,1,3.60,1.45,0.25,completed
E002360,O-CHI-03-20260323-pantry-001,CHI-03,P-PASTA,2026-03-23T17:13:00Z,2026-03-23T17:15:00Z,2,3.60,1.25,0.50,completed
E002361,O-CHI-03-20260323-pantry-002,CHI-03,P-SAUCE,2026-03-23T17:26:00Z,2026-03-23T17:28:00Z,1,3.60,1.45,0.25,completed
E002362,O-CHI-03-20260323-pantry-003,CHI-03,P-PASTA,2026-03-23T17:39:00Z,2026-03-23T17:41:00Z,1,3.60,1.25,0.25,completed
E002363,O-CHI-03-20260323-pantry-004,CHI-03,P-SAUCE,2026-03-23T17:52:00Z,2026-03-23T17:54:00Z,2,3.60,1.45,0.50,completed
E002364,O-CHI-03-20260323-pantry-005,CHI-03,P-PASTA,2026-03-23T18:05:00Z,2026-03-23T18:07:00Z,1,3.60,1.25,0.25,completed
E002365,O-CHI-03-20260323-pantry-006,CHI-03,P-SAUCE,2026-03-23T18:18:00Z,2026-03-23T18:20:00Z,1,3.60,1.45,0.25,completed
E002366,O-CHI-03-20260323-pantry-007,CHI-03,P-PASTA,2026-03-23T18:31:00Z,2026-03-23T18:33:00Z,2,3.60,1.25,0.50,completed
E002367,O-CHI-03-20260323-pantry-008,CHI-03,P-SAUCE,2026-03-23T18:44:00Z,2026-03-23T18:46:00Z,1,3.60,1.45,0.25,completed
E002368,O-PHX-04-20260323-produce-000,PHX-04,P-BERRY,2026-03-23T19:00:00Z,2026-03-23T19:02:00Z,1,4.15,2.40,0.00,completed
E002369,O-PHX-04-20260323-produce-001,PHX-04,P-APPLE,2026-03-23T19:13:00Z,2026-03-23T19:15:00Z,2,3.80,1.10,0.00,completed
E002370,O-PHX-04-20260323-produce-002,PHX-04,P-BERRY,2026-03-23T19:26:00Z,2026-03-23T19:28:00Z,1,4.15,2.40,0.00,completed
E002371,O-PHX-04-20260323-produce-003,PHX-04,P-APPLE,2026-03-23T19:39:00Z,2026-03-23T19:41:00Z,1,3.80,1.10,0.00,completed
E002372,O-PHX-04-20260323-produce-004,PHX-04,P-BERRY,2026-03-23T19:52:00Z,2026-03-23T19:54:00Z,2,4.15,2.40,0.00,completed
E002373,O-PHX-04-20260323-produce-005,PHX-04,P-APPLE,2026-03-23T20:05:00Z,2026-03-23T20:07:00Z,1,3.80,1.10,0.00,completed
E002374,O-PHX-04-20260323-dairy-000,PHX-04,P-YOGURT,2026-03-23T19:00:00Z,2026-03-23T19:02:00Z,1,4.40,0.95,0.40,completed
E002375,O-PHX-04-20260323-dairy-001,PHX-04,P-MILK,2026-03-23T19:13:00Z,2026-03-23T19:15:00Z,2,4.40,1.80,0.79,completed
E002376,O-PHX-04-20260323-dairy-002,PHX-04,P-YOGURT,2026-03-23T19:26:00Z,2026-03-23T19:28:00Z,1,4.40,0.95,0.40,completed
E002377,O-PHX-04-20260323-dairy-003,PHX-04,P-MILK,2026-03-23T19:39:00Z,2026-03-23T19:41:00Z,1,4.40,1.80,0.40,completed
E002378,O-PHX-04-20260323-dairy-004,PHX-04,P-YOGURT,2026-03-23T19:52:00Z,2026-03-23T19:54:00Z,2,4.40,0.95,0.79,completed
E002379,O-PHX-04-20260323-pantry-000,PHX-04,P-SAUCE,2026-03-23T19:00:00Z,2026-03-23T19:02:00Z,1,3.60,1.45,0.25,completed
E002380,O-PHX-04-20260323-pantry-001,PHX-04,P-PASTA,2026-03-23T19:13:00Z,2026-03-23T19:15:00Z,2,3.60,1.25,0.50,completed
E002381,O-PHX-04-20260323-pantry-002,PHX-04,P-SAUCE,2026-03-23T19:26:00Z,2026-03-23T19:28:00Z,1,3.60,1.45,0.25,completed
E002382,O-PHX-04-20260323-pantry-003,PHX-04,P-PASTA,2026-03-23T19:39:00Z,2026-03-23T19:41:00Z,1,3.60,1.25,0.25,completed
E002383,O-PHX-04-20260323-pantry-004,PHX-04,P-SAUCE,2026-03-23T19:52:00Z,2026-03-23T19:54:00Z,2,3.60,1.45,0.50,completed
E002384,O-SFO-01-20260324-produce-000,SFO-01,P-APPLE,2026-03-24T19:00:00Z,2026-03-24T19:02:00Z,2,3.80,1.10,0.00,completed
E002385,O-SFO-01-20260324-produce-001,SFO-01,P-BERRY,2026-03-24T19:13:00Z,2026-03-24T19:15:00Z,1,4.15,2.40,0.00,completed
E002386,O-SFO-01-20260324-produce-002,SFO-01,P-APPLE,2026-03-24T19:26:00Z,2026-03-24T19:28:00Z,1,3.80,1.10,0.00,completed
E002387,O-SFO-01-20260324-produce-003,SFO-01,P-BERRY,2026-03-24T19:39:00Z,2026-03-24T19:41:00Z,2,4.15,2.40,0.00,completed
E002388,O-SFO-01-20260324-produce-004,SFO-01,P-APPLE,2026-03-24T19:52:00Z,2026-03-24T19:54:00Z,1,3.80,1.10,0.00,completed
E002389,O-SFO-01-20260324-produce-005,SFO-01,P-BERRY,2026-03-24T20:05:00Z,2026-03-24T20:07:00Z,1,4.15,2.40,0.00,completed
E002390,O-SFO-01-20260324-produce-006,SFO-01,P-APPLE,2026-03-24T20:18:00Z,2026-03-24T20:20:00Z,2,3.80,1.10,0.00,completed
E002391,O-SFO-01-20260324-produce-007,SFO-01,P-BERRY,2026-03-24T20:31:00Z,2026-03-24T20:33:00Z,1,4.15,2.40,0.00,completed
E002392,O-SFO-01-20260324-produce-008,SFO-01,P-APPLE,2026-03-24T20:44:00Z,2026-03-24T20:46:00Z,1,3.80,1.10,0.00,completed
E002393,O-SFO-01-20260324-produce-009,SFO-01,P-BERRY,2026-03-24T20:57:00Z,2026-03-24T20:59:00Z,2,4.15,2.40,0.00,completed
E002394,O-SFO-01-20260324-produce-010,SFO-01,P-APPLE,2026-03-24T21:10:00Z,2026-03-24T21:12:00Z,1,3.80,1.10,0.00,cancelled
E002395,O-SFO-01-20260324-produce-011,SFO-01,P-BERRY,2026-03-24T21:23:00Z,2026-03-24T21:25:00Z,1,4.15,2.40,0.00,completed
E002396,O-SFO-01-20260324-produce-012,SFO-01,P-APPLE,2026-03-24T21:36:00Z,2026-03-24T21:38:00Z,2,3.80,1.10,0.00,completed
E002397,O-SFO-01-20260324-produce-013,SFO-01,P-BERRY,2026-03-24T21:49:00Z,2026-03-24T21:51:00Z,1,4.15,2.40,0.00,completed
E002398,O-SFO-01-20260324-produce-013,SFO-01,P-BERRY,2026-03-24T21:49:00Z,2026-03-24T21:52:00Z,1,4.15,2.40,0.00,completed
E002399,O-SFO-01-20260324-dairy-000,SFO-01,P-MILK,2026-03-24T19:00:00Z,2026-03-24T19:02:00Z,2,4.40,1.80,0.79,completed
E002400,O-SFO-01-20260324-dairy-001,SFO-01,P-YOGURT,2026-03-24T19:13:00Z,2026-03-24T19:15:00Z,1,4.40,0.95,0.40,completed
E002401,O-SFO-01-20260324-dairy-002,SFO-01,P-MILK,2026-03-24T19:26:00Z,2026-03-24T19:28:00Z,1,4.40,1.80,0.40,completed
E002402,O-SFO-01-20260324-dairy-003,SFO-01,P-YOGURT,2026-03-24T19:39:00Z,2026-03-24T19:41:00Z,2,4.40,0.95,0.79,completed
E002403,O-SFO-01-20260324-dairy-004,SFO-01,P-MILK,2026-03-24T19:52:00Z,2026-03-24T19:54:00Z,1,4.40,1.80,0.40,completed
E002404,O-SFO-01-20260324-dairy-005,SFO-01,P-YOGURT,2026-03-24T20:05:00Z,2026-03-24T20:07:00Z,1,4.40,0.95,0.40,completed
E002405,O-SFO-01-20260324-dairy-006,SFO-01,P-MILK,2026-03-24T20:18:00Z,2026-03-24T20:20:00Z,2,4.40,1.80,0.79,completed
E002406,O-SFO-01-20260324-dairy-007,SFO-01,P-YOGURT,2026-03-24T20:31:00Z,2026-03-24T20:33:00Z,1,4.40,0.95,0.40,completed
E002407,O-SFO-01-20260324-dairy-008,SFO-01,P-MILK,2026-03-24T20:44:00Z,2026-03-24T20:46:00Z,1,4.40,1.80,0.40,completed
E002408,O-SFO-01-20260324-dairy-009,SFO-01,P-YOGURT,2026-03-24T20:57:00Z,2026-03-24T20:59:00Z,2,4.40,0.95,0.79,completed
E002409,O-SFO-01-20260324-dairy-010,SFO-01,P-MILK,2026-03-24T21:10:00Z,2026-03-24T21:12:00Z,1,4.40,1.80,0.40,completed
E002410,O-SFO-01-20260324-dairy-011,SFO-01,P-YOGURT,2026-03-24T21:23:00Z,2026-03-24T21:25:00Z,1,4.40,0.95,0.40,completed
E002411,O-SFO-01-20260324-dairy-012,SFO-01,P-MILK,2026-03-24T21:36:00Z,2026-03-24T21:38:00Z,2,4.40,1.80,0.79,cancelled
E002412,O-SFO-01-20260324-pantry-000,SFO-01,P-PASTA,2026-03-24T19:00:00Z,2026-03-24T19:02:00Z,2,3.60,1.25,0.50,completed
E002413,O-SFO-01-20260324-pantry-001,SFO-01,P-SAUCE,2026-03-24T19:13:00Z,2026-03-24T19:15:00Z,1,3.60,1.45,0.25,completed
E002414,O-SFO-01-20260324-pantry-002,SFO-01,P-PASTA,2026-03-24T19:26:00Z,2026-03-24T19:28:00Z,1,3.60,1.25,0.25,completed
E002415,O-SFO-01-20260324-pantry-003,SFO-01,P-SAUCE,2026-03-24T19:39:00Z,2026-03-24T19:41:00Z,2,3.60,1.45,0.50,completed
E002416,O-SFO-01-20260324-pantry-004,SFO-01,P-PASTA,2026-03-24T19:52:00Z,2026-03-24T19:54:00Z,1,3.60,1.25,0.25,completed
E002417,O-SFO-01-20260324-pantry-005,SFO-01,P-SAUCE,2026-03-24T20:05:00Z,2026-03-24T20:07:00Z,1,3.60,1.45,0.25,completed
E002418,O-SFO-01-20260324-pantry-006,SFO-01,P-PASTA,2026-03-24T20:18:00Z,2026-03-24T20:20:00Z,2,3.60,1.25,0.50,completed
E002419,O-SFO-01-20260324-pantry-007,SFO-01,P-SAUCE,2026-03-24T20:31:00Z,2026-03-24T20:33:00Z,1,3.60,1.45,0.25,completed
E002420,O-SFO-01-20260324-pantry-008,SFO-01,P-PASTA,2026-03-24T20:44:00Z,2026-03-24T20:46:00Z,1,3.60,1.25,0.25,completed
E002421,O-SFO-01-20260324-pantry-009,SFO-01,P-SAUCE,2026-03-24T20:57:00Z,2026-03-24T20:59:00Z,2,3.60,1.45,0.50,completed
E002422,O-NYC-02-20260324-produce-000,NYC-02,P-APPLE,2026-03-24T16:00:00Z,2026-03-24T16:02:00Z,2,3.80,1.10,0.00,completed
E002423,O-NYC-02-20260324-produce-001,NYC-02,P-BERRY,2026-03-24T16:13:00Z,2026-03-24T16:15:00Z,1,4.15,2.40,0.00,completed
E002424,O-NYC-02-20260324-produce-002,NYC-02,P-APPLE,2026-03-24T16:26:00Z,2026-03-24T16:28:00Z,1,3.80,1.10,0.00,completed
E002425,O-NYC-02-20260324-produce-003,NYC-02,P-BERRY,2026-03-24T16:39:00Z,2026-03-24T16:41:00Z,2,4.15,2.40,0.00,completed
E002426,O-NYC-02-20260324-produce-004,NYC-02,P-APPLE,2026-03-24T16:52:00Z,2026-03-24T16:54:00Z,1,3.80,1.10,0.00,completed
E002427,O-NYC-02-20260324-produce-005,NYC-02,P-BERRY,2026-03-24T17:05:00Z,2026-03-24T17:07:00Z,1,4.15,2.40,0.00,completed
E002428,O-NYC-02-20260324-produce-006,NYC-02,P-APPLE,2026-03-24T17:18:00Z,2026-03-24T17:20:00Z,2,3.80,1.10,0.00,completed
E002429,O-NYC-02-20260324-produce-007,NYC-02,P-BERRY,2026-03-24T17:31:00Z,2026-03-24T17:33:00Z,1,4.15,2.40,0.00,completed
E002430,O-NYC-02-20260324-produce-008,NYC-02,P-APPLE,2026-03-24T17:44:00Z,2026-03-24T17:46:00Z,1,3.80,1.10,0.00,completed
E002431,O-NYC-02-20260324-produce-009,NYC-02,P-BERRY,2026-03-24T17:57:00Z,2026-03-24T17:59:00Z,2,4.15,2.40,0.00,completed
E002432,O-NYC-02-20260324-produce-010,NYC-02,P-APPLE,2026-03-24T18:10:00Z,2026-03-24T18:12:00Z,1,3.80,1.10,0.00,cancelled
E002433,O-NYC-02-20260324-produce-011,NYC-02,P-BERRY,2026-03-24T18:23:00Z,2026-03-24T18:25:00Z,1,4.15,2.40,0.00,completed
E002434,O-NYC-02-20260324-produce-012,NYC-02,P-APPLE,2026-03-24T18:36:00Z,2026-03-24T18:38:00Z,2,3.80,1.10,0.00,completed
E002435,O-NYC-02-20260324-produce-013,NYC-02,P-BERRY,2026-03-24T18:49:00Z,2026-03-24T18:51:00Z,1,4.15,2.40,0.00,completed
E002436,O-NYC-02-20260324-produce-013,NYC-02,P-BERRY,2026-03-24T18:49:00Z,2026-03-24T18:52:00Z,1,4.15,2.40,0.00,completed
E002437,O-NYC-02-20260324-produce-014,NYC-02,P-APPLE,2026-03-24T19:02:00Z,2026-03-24T19:04:00Z,1,3.80,1.10,0.00,completed
E002438,O-NYC-02-20260324-produce-015,NYC-02,P-BERRY,2026-03-24T19:15:00Z,2026-03-24T19:17:00Z,2,4.15,2.40,0.00,completed
E002439,O-NYC-02-20260324-produce-016,NYC-02,P-APPLE,2026-03-24T19:28:00Z,2026-03-24T19:30:00Z,1,3.80,1.10,0.00,completed
E002440,O-NYC-02-20260324-produce-017,NYC-02,P-BERRY,2026-03-24T19:41:00Z,2026-03-24T19:43:00Z,1,4.15,2.40,0.00,completed
E002441,O-NYC-02-20260324-dairy-000,NYC-02,P-MILK,2026-03-24T16:00:00Z,2026-03-24T16:02:00Z,2,4.40,1.80,0.79,completed
E002442,O-NYC-02-20260324-dairy-001,NYC-02,P-YOGURT,2026-03-24T16:13:00Z,2026-03-24T16:15:00Z,1,4.40,0.95,0.40,completed
E002443,O-NYC-02-20260324-dairy-002,NYC-02,P-MILK,2026-03-24T16:26:00Z,2026-03-24T16:28:00Z,1,4.40,1.80,0.40,completed
E002444,O-NYC-02-20260324-dairy-003,NYC-02,P-YOGURT,2026-03-24T16:39:00Z,2026-03-24T16:41:00Z,2,4.40,0.95,0.79,completed
E002445,O-NYC-02-20260324-dairy-004,NYC-02,P-MILK,2026-03-24T16:52:00Z,2026-03-24T16:54:00Z,1,4.40,1.80,0.40,completed
E002446,O-NYC-02-20260324-dairy-005,NYC-02,P-YOGURT,2026-03-24T17:05:00Z,2026-03-24T17:07:00Z,1,4.40,0.95,0.40,completed
E002447,O-NYC-02-20260324-dairy-006,NYC-02,P-MILK,2026-03-24T17:18:00Z,2026-03-24T17:20:00Z,2,4.40,1.80,0.79,completed
E002448,O-NYC-02-20260324-dairy-007,NYC-02,P-YOGURT,2026-03-24T17:31:00Z,2026-03-24T17:33:00Z,1,4.40,0.95,0.40,completed
E002449,O-NYC-02-20260324-dairy-008,NYC-02,P-MILK,2026-03-24T17:44:00Z,2026-03-24T17:46:00Z,1,4.40,1.80,0.40,completed
E002450,O-NYC-02-20260324-dairy-009,NYC-02,P-YOGURT,2026-03-24T17:57:00Z,2026-03-24T17:59:00Z,2,4.40,0.95,0.79,completed
E002451,O-NYC-02-20260324-dairy-010,NYC-02,P-MILK,2026-03-24T18:10:00Z,2026-03-24T18:12:00Z,1,4.40,1.80,0.40,completed
E002452,O-NYC-02-20260324-dairy-011,NYC-02,P-YOGURT,2026-03-24T18:23:00Z,2026-03-24T18:25:00Z,1,4.40,0.95,0.40,completed
E002453,O-NYC-02-20260324-dairy-012,NYC-02,P-MILK,2026-03-24T18:36:00Z,2026-03-24T18:38:00Z,2,4.40,1.80,0.79,cancelled
E002454,O-NYC-02-20260324-dairy-013,NYC-02,P-YOGURT,2026-03-24T18:49:00Z,2026-03-24T18:51:00Z,1,4.40,0.95,0.40,completed
E002455,O-NYC-02-20260324-dairy-013,NYC-02,P-YOGURT,2026-03-24T18:49:00Z,2026-03-24T18:52:00Z,1,4.40,0.95,0.40,completed
E002456,O-NYC-02-20260324-dairy-014,NYC-02,P-MILK,2026-03-24T19:02:00Z,2026-03-24T19:04:00Z,1,4.40,1.80,0.40,completed
E002457,O-NYC-02-20260324-dairy-015,NYC-02,P-YOGURT,2026-03-24T19:15:00Z,2026-03-24T19:17:00Z,2,4.40,0.95,0.79,completed
E002458,O-NYC-02-20260324-dairy-016,NYC-02,P-MILK,2026-03-24T19:28:00Z,2026-03-24T19:30:00Z,1,4.40,1.80,0.40,completed
E002459,O-NYC-02-20260324-dairy-017,NYC-02,P-YOGURT,2026-03-24T19:41:00Z,2026-03-24T19:43:00Z,1,4.40,0.95,0.40,completed
E002460,O-NYC-02-20260324-dairy-018,NYC-02,P-MILK,2026-03-24T19:54:00Z,2026-03-24T19:56:00Z,2,4.40,1.80,0.79,completed
E002461,O-NYC-02-20260324-pantry-000,NYC-02,P-PASTA,2026-03-24T16:00:00Z,2026-03-24T16:02:00Z,2,3.60,1.25,0.50,completed
E002462,O-NYC-02-20260324-pantry-001,NYC-02,P-SAUCE,2026-03-24T16:13:00Z,2026-03-24T16:15:00Z,1,3.60,1.45,0.25,completed
E002463,O-NYC-02-20260324-pantry-002,NYC-02,P-PASTA,2026-03-24T16:26:00Z,2026-03-24T16:28:00Z,1,3.60,1.25,0.25,completed
E002464,O-NYC-02-20260324-pantry-003,NYC-02,P-SAUCE,2026-03-24T16:39:00Z,2026-03-24T16:41:00Z,2,3.60,1.45,0.50,completed
E002465,O-NYC-02-20260324-pantry-004,NYC-02,P-PASTA,2026-03-24T16:52:00Z,2026-03-24T16:54:00Z,1,3.60,1.25,0.25,completed
E002466,O-NYC-02-20260324-pantry-005,NYC-02,P-SAUCE,2026-03-24T17:05:00Z,2026-03-24T17:07:00Z,1,3.60,1.45,0.25,completed
E002467,O-NYC-02-20260324-pantry-006,NYC-02,P-PASTA,2026-03-24T17:18:00Z,2026-03-24T17:20:00Z,2,3.60,1.25,0.50,completed
E002468,O-NYC-02-20260324-pantry-007,NYC-02,P-SAUCE,2026-03-24T17:31:00Z,2026-03-24T17:33:00Z,1,3.60,1.45,0.25,completed
E002469,O-NYC-02-20260324-pantry-008,NYC-02,P-PASTA,2026-03-24T17:44:00Z,2026-03-24T17:46:00Z,1,3.60,1.25,0.25,completed
E002470,O-NYC-02-20260324-pantry-009,NYC-02,P-SAUCE,2026-03-24T17:57:00Z,2026-03-24T17:59:00Z,2,3.60,1.45,0.50,completed
E002471,O-NYC-02-20260324-pantry-010,NYC-02,P-PASTA,2026-03-24T18:10:00Z,2026-03-24T18:12:00Z,1,3.60,1.25,0.25,completed
E002472,O-NYC-02-20260324-pantry-011,NYC-02,P-SAUCE,2026-03-24T18:23:00Z,2026-03-24T18:25:00Z,1,3.60,1.45,0.25,cancelled
E002473,O-NYC-02-20260324-pantry-012,NYC-02,P-PASTA,2026-03-24T18:36:00Z,2026-03-24T18:38:00Z,2,3.60,1.25,0.50,completed
E002474,O-CHI-03-20260324-produce-000,CHI-03,P-APPLE,2026-03-24T17:00:00Z,2026-03-24T17:02:00Z,2,3.80,1.10,0.00,completed
E002475,O-CHI-03-20260324-produce-001,CHI-03,P-BERRY,2026-03-24T17:13:00Z,2026-03-24T17:15:00Z,1,4.15,2.40,0.00,completed
E002476,O-CHI-03-20260324-produce-002,CHI-03,P-APPLE,2026-03-24T17:26:00Z,2026-03-24T17:28:00Z,1,3.80,1.10,0.00,completed
E002477,O-CHI-03-20260324-produce-003,CHI-03,P-BERRY,2026-03-24T17:39:00Z,2026-03-24T17:41:00Z,2,4.15,2.40,0.00,completed
E002478,O-CHI-03-20260324-produce-004,CHI-03,P-APPLE,2026-03-24T17:52:00Z,2026-03-24T17:54:00Z,1,3.80,1.10,0.00,completed
E002479,O-CHI-03-20260324-produce-005,CHI-03,P-BERRY,2026-03-24T18:05:00Z,2026-03-24T18:07:00Z,1,4.15,2.40,0.00,completed
E002480,O-CHI-03-20260324-produce-006,CHI-03,P-APPLE,2026-03-24T18:18:00Z,2026-03-24T18:20:00Z,2,3.80,1.10,0.00,completed
E002481,O-CHI-03-20260324-produce-007,CHI-03,P-BERRY,2026-03-24T18:31:00Z,2026-03-24T18:33:00Z,1,4.15,2.40,0.00,completed
E002482,O-CHI-03-20260324-produce-008,CHI-03,P-APPLE,2026-03-24T18:44:00Z,2026-03-24T18:46:00Z,1,3.80,1.10,0.00,completed
E002483,O-CHI-03-20260324-produce-009,CHI-03,P-BERRY,2026-03-24T18:57:00Z,2026-03-24T18:59:00Z,2,4.15,2.40,0.00,completed
E002484,O-CHI-03-20260324-dairy-000,CHI-03,P-MILK,2026-03-24T17:00:00Z,2026-03-24T17:02:00Z,2,4.40,1.80,0.79,completed
E002485,O-CHI-03-20260324-dairy-001,CHI-03,P-YOGURT,2026-03-24T17:13:00Z,2026-03-24T17:15:00Z,1,4.40,0.95,0.40,completed
E002486,O-CHI-03-20260324-dairy-002,CHI-03,P-MILK,2026-03-24T17:26:00Z,2026-03-24T17:28:00Z,1,4.40,1.80,0.40,completed
E002487,O-CHI-03-20260324-dairy-003,CHI-03,P-YOGURT,2026-03-24T17:39:00Z,2026-03-24T17:41:00Z,2,4.40,0.95,0.79,completed
E002488,O-CHI-03-20260324-dairy-004,CHI-03,P-MILK,2026-03-24T17:52:00Z,2026-03-24T17:54:00Z,1,4.40,1.80,0.40,completed
E002489,O-CHI-03-20260324-dairy-005,CHI-03,P-YOGURT,2026-03-24T18:05:00Z,2026-03-24T18:07:00Z,1,4.40,0.95,0.40,completed
E002490,O-CHI-03-20260324-dairy-006,CHI-03,P-MILK,2026-03-24T18:18:00Z,2026-03-24T18:20:00Z,2,4.40,1.80,0.79,completed
E002491,O-CHI-03-20260324-dairy-007,CHI-03,P-YOGURT,2026-03-24T18:31:00Z,2026-03-24T18:33:00Z,1,4.40,0.95,0.40,completed
E002492,O-CHI-03-20260324-dairy-008,CHI-03,P-MILK,2026-03-24T18:44:00Z,2026-03-24T18:46:00Z,1,4.40,1.80,0.40,completed
E002493,O-CHI-03-20260324-dairy-009,CHI-03,P-YOGURT,2026-03-24T18:57:00Z,2026-03-24T18:59:00Z,2,4.40,0.95,0.79,completed
E002494,O-CHI-03-20260324-pantry-000,CHI-03,P-PASTA,2026-03-24T17:00:00Z,2026-03-24T17:02:00Z,2,3.60,1.25,0.50,completed
E002495,O-CHI-03-20260324-pantry-001,CHI-03,P-SAUCE,2026-03-24T17:13:00Z,2026-03-24T17:15:00Z,1,3.60,1.45,0.25,completed
E002496,O-CHI-03-20260324-pantry-002,CHI-03,P-PASTA,2026-03-24T17:26:00Z,2026-03-24T17:28:00Z,1,3.60,1.25,0.25,completed
E002497,O-CHI-03-20260324-pantry-003,CHI-03,P-SAUCE,2026-03-24T17:39:00Z,2026-03-24T17:41:00Z,2,3.60,1.45,0.50,completed
E002498,O-CHI-03-20260324-pantry-004,CHI-03,P-PASTA,2026-03-24T17:52:00Z,2026-03-24T17:54:00Z,1,3.60,1.25,0.25,completed
E002499,O-CHI-03-20260324-pantry-005,CHI-03,P-SAUCE,2026-03-24T18:05:00Z,2026-03-24T18:07:00Z,1,3.60,1.45,0.25,completed
E002500,O-CHI-03-20260324-pantry-006,CHI-03,P-PASTA,2026-03-24T18:18:00Z,2026-03-24T18:20:00Z,2,3.60,1.25,0.50,completed
E002501,O-CHI-03-20260324-pantry-007,CHI-03,P-SAUCE,2026-03-24T18:31:00Z,2026-03-24T18:33:00Z,1,3.60,1.45,0.25,completed
E002502,O-CHI-03-20260324-pantry-008,CHI-03,P-PASTA,2026-03-24T18:44:00Z,2026-03-24T18:46:00Z,1,3.60,1.25,0.25,completed
E002503,O-PHX-04-20260324-produce-000,PHX-04,P-APPLE,2026-03-24T19:00:00Z,2026-03-24T19:02:00Z,2,3.80,1.10,0.00,completed
E002504,O-PHX-04-20260324-produce-001,PHX-04,P-BERRY,2026-03-24T19:13:00Z,2026-03-24T19:15:00Z,1,4.15,2.40,0.00,completed
E002505,O-PHX-04-20260324-produce-002,PHX-04,P-APPLE,2026-03-24T19:26:00Z,2026-03-24T19:28:00Z,1,3.80,1.10,0.00,completed
E002506,O-PHX-04-20260324-produce-003,PHX-04,P-BERRY,2026-03-24T19:39:00Z,2026-03-24T19:41:00Z,2,4.15,2.40,0.00,completed
E002507,O-PHX-04-20260324-produce-004,PHX-04,P-APPLE,2026-03-24T19:52:00Z,2026-03-24T19:54:00Z,1,3.80,1.10,0.00,completed
E002508,O-PHX-04-20260324-produce-005,PHX-04,P-BERRY,2026-03-24T20:05:00Z,2026-03-24T20:07:00Z,1,4.15,2.40,0.00,completed
E002509,O-PHX-04-20260324-produce-006,PHX-04,P-APPLE,2026-03-24T20:18:00Z,2026-03-24T20:20:00Z,2,3.80,1.10,0.00,completed
E002510,O-PHX-04-20260324-produce-007,PHX-04,P-BERRY,2026-03-24T20:31:00Z,2026-03-24T20:33:00Z,1,4.15,2.40,0.00,completed
E002511,O-PHX-04-20260324-produce-008,PHX-04,P-APPLE,2026-03-24T20:44:00Z,2026-03-24T20:46:00Z,1,3.80,1.10,0.00,completed
E002512,O-PHX-04-20260324-dairy-000,PHX-04,P-MILK,2026-03-24T19:00:00Z,2026-03-24T19:02:00Z,2,4.40,1.80,0.79,completed
E002513,O-PHX-04-20260324-dairy-001,PHX-04,P-YOGURT,2026-03-24T19:13:00Z,2026-03-24T19:15:00Z,1,4.40,0.95,0.40,completed
E002514,O-PHX-04-20260324-dairy-002,PHX-04,P-MILK,2026-03-24T19:26:00Z,2026-03-24T19:28:00Z,1,4.40,1.80,0.40,completed
E002515,O-PHX-04-20260324-dairy-003,PHX-04,P-YOGURT,2026-03-24T19:39:00Z,2026-03-24T19:41:00Z,2,4.40,0.95,0.79,completed
E002516,O-PHX-04-20260324-dairy-004,PHX-04,P-MILK,2026-03-24T19:52:00Z,2026-03-24T19:54:00Z,1,4.40,1.80,0.40,completed
E002517,O-PHX-04-20260324-dairy-005,PHX-04,P-YOGURT,2026-03-24T20:05:00Z,2026-03-24T20:07:00Z,1,4.40,0.95,0.40,completed
E002518,O-PHX-04-20260324-dairy-006,PHX-04,P-MILK,2026-03-24T20:18:00Z,2026-03-24T20:20:00Z,2,4.40,1.80,0.79,completed
E002519,O-PHX-04-20260324-pantry-000,PHX-04,P-PASTA,2026-03-24T19:00:00Z,2026-03-24T19:02:00Z,2,3.60,1.25,0.50,completed
E002520,O-PHX-04-20260324-pantry-001,PHX-04,P-SAUCE,2026-03-24T19:13:00Z,2026-03-24T19:15:00Z,1,3.60,1.45,0.25,completed
E002521,O-PHX-04-20260324-pantry-002,PHX-04,P-PASTA,2026-03-24T19:26:00Z,2026-03-24T19:28:00Z,1,3.60,1.25,0.25,completed
E002522,O-PHX-04-20260324-pantry-003,PHX-04,P-SAUCE,2026-03-24T19:39:00Z,2026-03-24T19:41:00Z,2,3.60,1.45,0.50,completed
E002523,O-PHX-04-20260324-pantry-004,PHX-04,P-PASTA,2026-03-24T19:52:00Z,2026-03-24T19:54:00Z,1,3.60,1.25,0.25,completed
E002524,O-PHX-04-20260324-pantry-005,PHX-04,P-SAUCE,2026-03-24T20:05:00Z,2026-03-24T20:07:00Z,1,3.60,1.45,0.25,completed
E002525,O-PHX-04-20260324-pantry-006,PHX-04,P-PASTA,2026-03-24T20:18:00Z,2026-03-24T20:20:00Z,2,3.60,1.25,0.50,completed
E002526,O-SFO-01-20260325-produce-000,SFO-01,P-BERRY,2026-03-25T19:00:00Z,2026-03-25T19:02:00Z,1,4.15,2.40,0.00,completed
E002527,O-SFO-01-20260325-produce-001,SFO-01,P-APPLE,2026-03-25T19:13:00Z,2026-03-25T19:15:00Z,1,3.80,1.10,0.00,completed
E002528,O-SFO-01-20260325-produce-002,SFO-01,P-BERRY,2026-03-25T19:26:00Z,2026-03-25T19:28:00Z,2,4.15,2.40,0.00,completed
E002529,O-SFO-01-20260325-produce-003,SFO-01,P-APPLE,2026-03-25T19:39:00Z,2026-03-25T19:41:00Z,1,3.80,1.10,0.00,completed
E002530,O-SFO-01-20260325-produce-004,SFO-01,P-BERRY,2026-03-25T19:52:00Z,2026-03-25T19:54:00Z,1,4.15,2.40,0.00,completed
E002531,O-SFO-01-20260325-produce-005,SFO-01,P-APPLE,2026-03-25T20:05:00Z,2026-03-25T20:07:00Z,2,3.80,1.10,0.00,completed
E002532,O-SFO-01-20260325-produce-006,SFO-01,P-BERRY,2026-03-25T20:18:00Z,2026-03-25T20:20:00Z,1,4.15,2.40,0.00,completed
E002533,O-SFO-01-20260325-produce-007,SFO-01,P-APPLE,2026-03-25T20:31:00Z,2026-03-25T20:33:00Z,1,3.80,1.10,0.00,completed
E002534,O-SFO-01-20260325-produce-008,SFO-01,P-BERRY,2026-03-25T20:44:00Z,2026-03-25T20:46:00Z,2,4.15,2.40,0.00,completed
E002535,O-SFO-01-20260325-produce-009,SFO-01,P-APPLE,2026-03-25T20:57:00Z,2026-03-25T20:59:00Z,1,3.80,1.10,0.00,cancelled
E002536,O-SFO-01-20260325-produce-010,SFO-01,P-BERRY,2026-03-25T21:10:00Z,2026-03-25T21:12:00Z,1,4.15,2.40,0.00,completed
E002537,O-SFO-01-20260325-produce-011,SFO-01,P-APPLE,2026-03-25T21:23:00Z,2026-03-25T21:25:00Z,2,3.80,1.10,0.00,completed
E002538,O-SFO-01-20260325-produce-012,SFO-01,P-BERRY,2026-03-25T21:36:00Z,2026-03-25T21:38:00Z,1,4.15,2.40,0.00,completed
E002539,O-SFO-01-20260325-produce-012,SFO-01,P-BERRY,2026-03-25T21:36:00Z,2026-03-25T21:39:00Z,1,4.15,2.40,0.00,completed
E002540,O-SFO-01-20260325-produce-013,SFO-01,P-APPLE,2026-03-25T21:49:00Z,2026-03-25T21:51:00Z,1,3.80,1.10,0.00,completed
E002541,O-SFO-01-20260325-produce-014,SFO-01,P-BERRY,2026-03-25T22:02:00Z,2026-03-25T22:04:00Z,2,4.15,2.40,0.00,completed
E002542,O-SFO-01-20260325-dairy-000,SFO-01,P-YOGURT,2026-03-25T19:00:00Z,2026-03-25T19:02:00Z,1,4.40,0.95,0.00,completed
E002543,O-SFO-01-20260325-dairy-001,SFO-01,P-MILK,2026-03-25T19:13:00Z,2026-03-25T19:15:00Z,1,4.40,1.80,0.00,completed
E002544,O-SFO-01-20260325-dairy-002,SFO-01,P-YOGURT,2026-03-25T19:26:00Z,2026-03-25T19:28:00Z,2,4.40,0.95,0.00,completed
E002545,O-SFO-01-20260325-dairy-003,SFO-01,P-MILK,2026-03-25T19:39:00Z,2026-03-25T19:41:00Z,1,4.40,1.80,0.00,completed
E002546,O-SFO-01-20260325-dairy-004,SFO-01,P-YOGURT,2026-03-25T19:52:00Z,2026-03-25T19:54:00Z,1,4.40,0.95,0.00,completed
E002547,O-SFO-01-20260325-dairy-005,SFO-01,P-MILK,2026-03-25T20:05:00Z,2026-03-25T20:07:00Z,2,4.40,1.80,0.00,completed
E002548,O-SFO-01-20260325-dairy-006,SFO-01,P-YOGURT,2026-03-25T20:18:00Z,2026-03-25T20:20:00Z,1,4.40,0.95,0.00,completed
E002549,O-SFO-01-20260325-dairy-007,SFO-01,P-MILK,2026-03-25T20:31:00Z,2026-03-25T20:33:00Z,1,4.40,1.80,0.00,completed
E002550,O-SFO-01-20260325-dairy-008,SFO-01,P-YOGURT,2026-03-25T20:44:00Z,2026-03-25T20:46:00Z,2,4.40,0.95,0.00,completed
E002551,O-SFO-01-20260325-dairy-009,SFO-01,P-MILK,2026-03-25T20:57:00Z,2026-03-25T20:59:00Z,1,4.40,1.80,0.00,completed
E002552,O-SFO-01-20260325-dairy-010,SFO-01,P-YOGURT,2026-03-25T21:10:00Z,2026-03-25T21:12:00Z,1,4.40,0.95,0.00,completed
E002553,O-SFO-01-20260325-dairy-011,SFO-01,P-MILK,2026-03-25T21:23:00Z,2026-03-25T21:25:00Z,2,4.40,1.80,0.00,cancelled
E002554,O-SFO-01-20260325-pantry-000,SFO-01,P-SAUCE,2026-03-25T19:00:00Z,2026-03-25T19:02:00Z,1,3.60,1.45,0.25,completed
E002555,O-SFO-01-20260325-pantry-001,SFO-01,P-PASTA,2026-03-25T19:13:00Z,2026-03-25T19:15:00Z,1,3.60,1.25,0.25,completed
E002556,O-SFO-01-20260325-pantry-002,SFO-01,P-SAUCE,2026-03-25T19:26:00Z,2026-03-25T19:28:00Z,2,3.60,1.45,0.50,completed
E002557,O-SFO-01-20260325-pantry-003,SFO-01,P-PASTA,2026-03-25T19:39:00Z,2026-03-25T19:41:00Z,1,3.60,1.25,0.25,completed
E002558,O-SFO-01-20260325-pantry-004,SFO-01,P-SAUCE,2026-03-25T19:52:00Z,2026-03-25T19:54:00Z,1,3.60,1.45,0.25,completed
E002559,O-SFO-01-20260325-pantry-005,SFO-01,P-PASTA,2026-03-25T20:05:00Z,2026-03-25T20:07:00Z,2,3.60,1.25,0.50,completed
E002560,O-SFO-01-20260325-pantry-006,SFO-01,P-SAUCE,2026-03-25T20:18:00Z,2026-03-25T20:20:00Z,1,3.60,1.45,0.25,completed
E002561,O-SFO-01-20260325-pantry-007,SFO-01,P-PASTA,2026-03-25T20:31:00Z,2026-03-25T20:33:00Z,1,3.60,1.25,0.25,completed
E002562,O-SFO-01-20260325-pantry-008,SFO-01,P-SAUCE,2026-03-25T20:44:00Z,2026-03-25T20:46:00Z,2,3.60,1.45,0.50,completed
E002563,O-SFO-01-20260325-pantry-009,SFO-01,P-PASTA,2026-03-25T20:57:00Z,2026-03-25T20:59:00Z,1,3.60,1.25,0.25,completed
E002564,O-NYC-02-20260325-produce-000,NYC-02,P-BERRY,2026-03-25T16:00:00Z,2026-03-25T16:02:00Z,1,4.15,2.40,0.00,completed
E002565,O-NYC-02-20260325-produce-001,NYC-02,P-APPLE,2026-03-25T16:13:00Z,2026-03-25T16:15:00Z,1,3.80,1.10,0.00,completed
E002566,O-NYC-02-20260325-produce-002,NYC-02,P-BERRY,2026-03-25T16:26:00Z,2026-03-25T16:28:00Z,2,4.15,2.40,0.00,completed
E002567,O-NYC-02-20260325-produce-003,NYC-02,P-APPLE,2026-03-25T16:39:00Z,2026-03-25T16:41:00Z,1,3.80,1.10,0.00,completed
E002568,O-NYC-02-20260325-produce-004,NYC-02,P-BERRY,2026-03-25T16:52:00Z,2026-03-25T16:54:00Z,1,4.15,2.40,0.00,completed
E002569,O-NYC-02-20260325-produce-005,NYC-02,P-APPLE,2026-03-25T17:05:00Z,2026-03-25T17:07:00Z,2,3.80,1.10,0.00,completed
E002570,O-NYC-02-20260325-produce-006,NYC-02,P-BERRY,2026-03-25T17:18:00Z,2026-03-25T17:20:00Z,1,4.15,2.40,0.00,completed
E002571,O-NYC-02-20260325-produce-007,NYC-02,P-APPLE,2026-03-25T17:31:00Z,2026-03-25T17:33:00Z,1,3.80,1.10,0.00,completed
E002572,O-NYC-02-20260325-produce-008,NYC-02,P-BERRY,2026-03-25T17:44:00Z,2026-03-25T17:46:00Z,2,4.15,2.40,0.00,completed
E002573,O-NYC-02-20260325-produce-009,NYC-02,P-APPLE,2026-03-25T17:57:00Z,2026-03-25T17:59:00Z,1,3.80,1.10,0.00,cancelled
E002574,O-NYC-02-20260325-produce-010,NYC-02,P-BERRY,2026-03-25T18:10:00Z,2026-03-25T18:12:00Z,1,4.15,2.40,0.00,completed
E002575,O-NYC-02-20260325-produce-011,NYC-02,P-APPLE,2026-03-25T18:23:00Z,2026-03-25T18:25:00Z,2,3.80,1.10,0.00,completed
E002576,O-NYC-02-20260325-produce-012,NYC-02,P-BERRY,2026-03-25T18:36:00Z,2026-03-25T18:38:00Z,1,4.15,2.40,0.00,completed
E002577,O-NYC-02-20260325-produce-012,NYC-02,P-BERRY,2026-03-25T18:36:00Z,2026-03-25T18:39:00Z,1,4.15,2.40,0.00,completed
E002578,O-NYC-02-20260325-produce-013,NYC-02,P-APPLE,2026-03-25T18:49:00Z,2026-03-25T18:51:00Z,1,3.80,1.10,0.00,completed
E002579,O-NYC-02-20260325-produce-014,NYC-02,P-BERRY,2026-03-25T19:02:00Z,2026-03-25T19:04:00Z,2,4.15,2.40,0.00,completed
E002580,O-NYC-02-20260325-produce-015,NYC-02,P-APPLE,2026-03-25T19:15:00Z,2026-03-25T19:17:00Z,1,3.80,1.10,0.00,completed
E002581,O-NYC-02-20260325-produce-016,NYC-02,P-BERRY,2026-03-25T19:28:00Z,2026-03-25T19:30:00Z,1,4.15,2.40,0.00,completed
E002582,O-NYC-02-20260325-produce-017,NYC-02,P-APPLE,2026-03-25T19:41:00Z,2026-03-25T19:43:00Z,2,3.80,1.10,0.00,completed
E002583,O-NYC-02-20260325-dairy-000,NYC-02,P-YOGURT,2026-03-25T16:00:00Z,2026-03-25T16:02:00Z,1,4.40,0.95,0.00,completed
E002584,O-NYC-02-20260325-dairy-001,NYC-02,P-MILK,2026-03-25T16:13:00Z,2026-03-25T16:15:00Z,1,4.40,1.80,0.00,completed
E002585,O-NYC-02-20260325-dairy-002,NYC-02,P-YOGURT,2026-03-25T16:26:00Z,2026-03-25T16:28:00Z,2,4.40,0.95,0.00,completed
E002586,O-NYC-02-20260325-dairy-003,NYC-02,P-MILK,2026-03-25T16:39:00Z,2026-03-25T16:41:00Z,1,4.40,1.80,0.00,completed
E002587,O-NYC-02-20260325-dairy-004,NYC-02,P-YOGURT,2026-03-25T16:52:00Z,2026-03-25T16:54:00Z,1,4.40,0.95,0.00,completed
E002588,O-NYC-02-20260325-dairy-005,NYC-02,P-MILK,2026-03-25T17:05:00Z,2026-03-25T17:07:00Z,2,4.40,1.80,0.00,completed
E002589,O-NYC-02-20260325-dairy-006,NYC-02,P-YOGURT,2026-03-25T17:18:00Z,2026-03-25T17:20:00Z,1,4.40,0.95,0.00,completed
E002590,O-NYC-02-20260325-dairy-007,NYC-02,P-MILK,2026-03-25T17:31:00Z,2026-03-25T17:33:00Z,1,4.40,1.80,0.00,completed
E002591,O-NYC-02-20260325-dairy-008,NYC-02,P-YOGURT,2026-03-25T17:44:00Z,2026-03-25T17:46:00Z,2,4.40,0.95,0.00,completed
E002592,O-NYC-02-20260325-dairy-009,NYC-02,P-MILK,2026-03-25T17:57:00Z,2026-03-25T17:59:00Z,1,4.40,1.80,0.00,completed
E002593,O-NYC-02-20260325-dairy-010,NYC-02,P-YOGURT,2026-03-25T18:10:00Z,2026-03-25T18:12:00Z,1,4.40,0.95,0.00,completed
E002594,O-NYC-02-20260325-dairy-011,NYC-02,P-MILK,2026-03-25T18:23:00Z,2026-03-25T18:25:00Z,2,4.40,1.80,0.00,cancelled
E002595,O-NYC-02-20260325-dairy-012,NYC-02,P-YOGURT,2026-03-25T18:36:00Z,2026-03-25T18:38:00Z,1,4.40,0.95,0.00,completed
E002596,O-NYC-02-20260325-dairy-012,NYC-02,P-YOGURT,2026-03-25T18:36:00Z,2026-03-25T18:39:00Z,1,4.40,0.95,0.00,completed
E002597,O-NYC-02-20260325-dairy-013,NYC-02,P-MILK,2026-03-25T18:49:00Z,2026-03-25T18:51:00Z,1,4.40,1.80,0.00,completed
E002598,O-NYC-02-20260325-dairy-014,NYC-02,P-YOGURT,2026-03-25T19:02:00Z,2026-03-25T19:04:00Z,2,4.40,0.95,0.00,completed
E002599,O-NYC-02-20260325-pantry-000,NYC-02,P-SAUCE,2026-03-25T16:00:00Z,2026-03-25T16:02:00Z,1,3.60,1.45,0.25,completed
E002600,O-NYC-02-20260325-pantry-001,NYC-02,P-PASTA,2026-03-25T16:13:00Z,2026-03-25T16:15:00Z,1,3.60,1.25,0.25,completed
E002601,O-NYC-02-20260325-pantry-002,NYC-02,P-SAUCE,2026-03-25T16:26:00Z,2026-03-25T16:28:00Z,2,3.60,1.45,0.50,completed
E002602,O-NYC-02-20260325-pantry-003,NYC-02,P-PASTA,2026-03-25T16:39:00Z,2026-03-25T16:41:00Z,1,3.60,1.25,0.25,completed
E002603,O-NYC-02-20260325-pantry-004,NYC-02,P-SAUCE,2026-03-25T16:52:00Z,2026-03-25T16:54:00Z,1,3.60,1.45,0.25,completed
E002604,O-NYC-02-20260325-pantry-005,NYC-02,P-PASTA,2026-03-25T17:05:00Z,2026-03-25T17:07:00Z,2,3.60,1.25,0.50,completed
E002605,O-NYC-02-20260325-pantry-006,NYC-02,P-SAUCE,2026-03-25T17:18:00Z,2026-03-25T17:20:00Z,1,3.60,1.45,0.25,completed
E002606,O-NYC-02-20260325-pantry-007,NYC-02,P-PASTA,2026-03-25T17:31:00Z,2026-03-25T17:33:00Z,1,3.60,1.25,0.25,completed
E002607,O-NYC-02-20260325-pantry-008,NYC-02,P-SAUCE,2026-03-25T17:44:00Z,2026-03-25T17:46:00Z,2,3.60,1.45,0.50,completed
E002608,O-NYC-02-20260325-pantry-009,NYC-02,P-PASTA,2026-03-25T17:57:00Z,2026-03-25T17:59:00Z,1,3.60,1.25,0.25,completed
E002609,O-NYC-02-20260325-pantry-010,NYC-02,P-SAUCE,2026-03-25T18:10:00Z,2026-03-25T18:12:00Z,1,3.60,1.45,0.25,cancelled
E002610,O-NYC-02-20260325-pantry-011,NYC-02,P-PASTA,2026-03-25T18:23:00Z,2026-03-25T18:25:00Z,2,3.60,1.25,0.50,completed
E002611,O-NYC-02-20260325-pantry-012,NYC-02,P-SAUCE,2026-03-25T18:36:00Z,2026-03-25T18:38:00Z,1,3.60,1.45,0.25,completed
E002612,O-NYC-02-20260325-pantry-012,NYC-02,P-SAUCE,2026-03-25T18:36:00Z,2026-03-25T18:39:00Z,1,3.60,1.45,0.25,completed
E002613,O-NYC-02-20260325-pantry-013,NYC-02,P-PASTA,2026-03-25T18:49:00Z,2026-03-25T18:51:00Z,1,3.60,1.25,0.25,completed
E002614,O-CHI-03-20260325-produce-000,CHI-03,P-BERRY,2026-03-25T17:00:00Z,2026-03-25T17:02:00Z,1,4.15,2.40,0.00,completed
E002615,O-CHI-03-20260325-produce-001,CHI-03,P-APPLE,2026-03-25T17:13:00Z,2026-03-25T17:15:00Z,1,3.80,1.10,0.00,completed
E002616,O-CHI-03-20260325-produce-002,CHI-03,P-BERRY,2026-03-25T17:26:00Z,2026-03-25T17:28:00Z,2,4.15,2.40,0.00,completed
E002617,O-CHI-03-20260325-produce-003,CHI-03,P-APPLE,2026-03-25T17:39:00Z,2026-03-25T17:41:00Z,1,3.80,1.10,0.00,completed
E002618,O-CHI-03-20260325-produce-004,CHI-03,P-BERRY,2026-03-25T17:52:00Z,2026-03-25T17:54:00Z,1,4.15,2.40,0.00,completed
E002619,O-CHI-03-20260325-produce-005,CHI-03,P-APPLE,2026-03-25T18:05:00Z,2026-03-25T18:07:00Z,2,3.80,1.10,0.00,completed
E002620,O-CHI-03-20260325-produce-006,CHI-03,P-BERRY,2026-03-25T18:18:00Z,2026-03-25T18:20:00Z,1,4.15,2.40,0.00,completed
E002621,O-CHI-03-20260325-produce-007,CHI-03,P-APPLE,2026-03-25T18:31:00Z,2026-03-25T18:33:00Z,1,3.80,1.10,0.00,completed
E002622,O-CHI-03-20260325-produce-008,CHI-03,P-BERRY,2026-03-25T18:44:00Z,2026-03-25T18:46:00Z,2,4.15,2.40,0.00,completed
E002623,O-CHI-03-20260325-produce-009,CHI-03,P-APPLE,2026-03-25T18:57:00Z,2026-03-25T18:59:00Z,1,3.80,1.10,0.00,cancelled
E002624,O-CHI-03-20260325-dairy-000,CHI-03,P-YOGURT,2026-03-25T17:00:00Z,2026-03-25T17:02:00Z,1,4.40,0.95,0.00,completed
E002625,O-CHI-03-20260325-dairy-001,CHI-03,P-MILK,2026-03-25T17:13:00Z,2026-03-25T17:15:00Z,1,4.40,1.80,0.00,completed
E002626,O-CHI-03-20260325-dairy-002,CHI-03,P-YOGURT,2026-03-25T17:26:00Z,2026-03-25T17:28:00Z,2,4.40,0.95,0.00,completed
E002627,O-CHI-03-20260325-dairy-003,CHI-03,P-MILK,2026-03-25T17:39:00Z,2026-03-25T17:41:00Z,1,4.40,1.80,0.00,completed
E002628,O-CHI-03-20260325-dairy-004,CHI-03,P-YOGURT,2026-03-25T17:52:00Z,2026-03-25T17:54:00Z,1,4.40,0.95,0.00,completed
E002629,O-CHI-03-20260325-dairy-005,CHI-03,P-MILK,2026-03-25T18:05:00Z,2026-03-25T18:07:00Z,2,4.40,1.80,0.00,completed
E002630,O-CHI-03-20260325-dairy-006,CHI-03,P-YOGURT,2026-03-25T18:18:00Z,2026-03-25T18:20:00Z,1,4.40,0.95,0.00,completed
E002631,O-CHI-03-20260325-dairy-007,CHI-03,P-MILK,2026-03-25T18:31:00Z,2026-03-25T18:33:00Z,1,4.40,1.80,0.00,completed
E002632,O-CHI-03-20260325-dairy-008,CHI-03,P-YOGURT,2026-03-25T18:44:00Z,2026-03-25T18:46:00Z,2,4.40,0.95,0.00,completed
E002633,O-CHI-03-20260325-pantry-000,CHI-03,P-SAUCE,2026-03-25T17:00:00Z,2026-03-25T17:02:00Z,1,3.60,1.45,0.25,completed
E002634,O-CHI-03-20260325-pantry-001,CHI-03,P-PASTA,2026-03-25T17:13:00Z,2026-03-25T17:15:00Z,1,3.60,1.25,0.25,completed
E002635,O-CHI-03-20260325-pantry-002,CHI-03,P-SAUCE,2026-03-25T17:26:00Z,2026-03-25T17:28:00Z,2,3.60,1.45,0.50,completed
E002636,O-CHI-03-20260325-pantry-003,CHI-03,P-PASTA,2026-03-25T17:39:00Z,2026-03-25T17:41:00Z,1,3.60,1.25,0.25,completed
E002637,O-CHI-03-20260325-pantry-004,CHI-03,P-SAUCE,2026-03-25T17:52:00Z,2026-03-25T17:54:00Z,1,3.60,1.45,0.25,completed
E002638,O-CHI-03-20260325-pantry-005,CHI-03,P-PASTA,2026-03-25T18:05:00Z,2026-03-25T18:07:00Z,2,3.60,1.25,0.50,completed
E002639,O-CHI-03-20260325-pantry-006,CHI-03,P-SAUCE,2026-03-25T18:18:00Z,2026-03-25T18:20:00Z,1,3.60,1.45,0.25,completed
E002640,O-CHI-03-20260325-pantry-007,CHI-03,P-PASTA,2026-03-25T18:31:00Z,2026-03-25T18:33:00Z,1,3.60,1.25,0.25,completed
E002641,O-CHI-03-20260325-pantry-008,CHI-03,P-SAUCE,2026-03-25T18:44:00Z,2026-03-25T18:46:00Z,2,3.60,1.45,0.50,completed
E002642,O-PHX-04-20260325-produce-000,PHX-04,P-BERRY,2026-03-25T19:00:00Z,2026-03-25T19:02:00Z,1,4.15,2.40,0.00,completed
E002643,O-PHX-04-20260325-produce-001,PHX-04,P-APPLE,2026-03-25T19:13:00Z,2026-03-25T19:15:00Z,1,3.80,1.10,0.00,completed
E002644,O-PHX-04-20260325-produce-002,PHX-04,P-BERRY,2026-03-25T19:26:00Z,2026-03-25T19:28:00Z,2,4.15,2.40,0.00,completed
E002645,O-PHX-04-20260325-produce-003,PHX-04,P-APPLE,2026-03-25T19:39:00Z,2026-03-25T19:41:00Z,1,3.80,1.10,0.00,completed
E002646,O-PHX-04-20260325-produce-004,PHX-04,P-BERRY,2026-03-25T19:52:00Z,2026-03-25T19:54:00Z,1,4.15,2.40,0.00,completed
E002647,O-PHX-04-20260325-produce-005,PHX-04,P-APPLE,2026-03-25T20:05:00Z,2026-03-25T20:07:00Z,2,3.80,1.10,0.00,completed
E002648,O-PHX-04-20260325-produce-006,PHX-04,P-BERRY,2026-03-25T20:18:00Z,2026-03-25T20:20:00Z,1,4.15,2.40,0.00,completed
E002649,O-PHX-04-20260325-produce-007,PHX-04,P-APPLE,2026-03-25T20:31:00Z,2026-03-25T20:33:00Z,1,3.80,1.10,0.00,completed
E002650,O-PHX-04-20260325-produce-008,PHX-04,P-BERRY,2026-03-25T20:44:00Z,2026-03-25T20:46:00Z,2,4.15,2.40,0.00,completed
E002651,O-PHX-04-20260325-dairy-000,PHX-04,P-YOGURT,2026-03-25T19:00:00Z,2026-03-25T19:02:00Z,1,4.40,0.95,0.00,completed
E002652,O-PHX-04-20260325-dairy-001,PHX-04,P-MILK,2026-03-25T19:13:00Z,2026-03-25T19:15:00Z,1,4.40,1.80,0.00,completed
E002653,O-PHX-04-20260325-dairy-002,PHX-04,P-YOGURT,2026-03-25T19:26:00Z,2026-03-25T19:28:00Z,2,4.40,0.95,0.00,completed
E002654,O-PHX-04-20260325-dairy-003,PHX-04,P-MILK,2026-03-25T19:39:00Z,2026-03-25T19:41:00Z,1,4.40,1.80,0.00,completed
E002655,O-PHX-04-20260325-dairy-004,PHX-04,P-YOGURT,2026-03-25T19:52:00Z,2026-03-25T19:54:00Z,1,4.40,0.95,0.00,completed
E002656,O-PHX-04-20260325-dairy-005,PHX-04,P-MILK,2026-03-25T20:05:00Z,2026-03-25T20:07:00Z,2,4.40,1.80,0.00,completed
E002657,O-PHX-04-20260325-dairy-006,PHX-04,P-YOGURT,2026-03-25T20:18:00Z,2026-03-25T20:20:00Z,1,4.40,0.95,0.00,completed
E002658,O-PHX-04-20260325-pantry-000,PHX-04,P-SAUCE,2026-03-25T19:00:00Z,2026-03-25T19:02:00Z,1,3.60,1.45,0.25,completed
E002659,O-PHX-04-20260325-pantry-001,PHX-04,P-PASTA,2026-03-25T19:13:00Z,2026-03-25T19:15:00Z,1,3.60,1.25,0.25,completed
E002660,O-PHX-04-20260325-pantry-002,PHX-04,P-SAUCE,2026-03-25T19:26:00Z,2026-03-25T19:28:00Z,2,3.60,1.45,0.50,completed
E002661,O-PHX-04-20260325-pantry-003,PHX-04,P-PASTA,2026-03-25T19:39:00Z,2026-03-25T19:41:00Z,1,3.60,1.25,0.25,completed
E002662,O-PHX-04-20260325-pantry-004,PHX-04,P-SAUCE,2026-03-25T19:52:00Z,2026-03-25T19:54:00Z,1,3.60,1.45,0.25,completed
E002663,O-PHX-04-20260325-pantry-005,PHX-04,P-PASTA,2026-03-25T20:05:00Z,2026-03-25T20:07:00Z,2,3.60,1.25,0.50,completed
E002664,O-PHX-04-20260325-pantry-006,PHX-04,P-SAUCE,2026-03-25T20:18:00Z,2026-03-25T20:20:00Z,1,3.60,1.45,0.25,completed
E002665,O-SFO-01-20260326-produce-000,SFO-01,P-APPLE,2026-03-26T19:00:00Z,2026-03-26T19:02:00Z,1,3.80,1.10,0.00,completed
E002666,O-SFO-01-20260326-produce-001,SFO-01,P-BERRY,2026-03-26T19:13:00Z,2026-03-26T19:15:00Z,2,4.15,2.40,0.00,completed
E002667,O-SFO-01-20260326-produce-002,SFO-01,P-APPLE,2026-03-26T19:26:00Z,2026-03-26T19:28:00Z,1,3.80,1.10,0.00,completed
E002668,O-SFO-01-20260326-produce-003,SFO-01,P-BERRY,2026-03-26T19:39:00Z,2026-03-26T19:41:00Z,1,4.15,2.40,0.00,completed
E002669,O-SFO-01-20260326-produce-004,SFO-01,P-APPLE,2026-03-26T19:52:00Z,2026-03-26T19:54:00Z,2,3.80,1.10,0.00,completed
E002670,O-SFO-01-20260326-produce-005,SFO-01,P-BERRY,2026-03-26T20:05:00Z,2026-03-26T20:07:00Z,1,4.15,2.40,0.00,completed
E002671,O-SFO-01-20260326-produce-006,SFO-01,P-APPLE,2026-03-26T20:18:00Z,2026-03-26T20:20:00Z,1,3.80,1.10,0.00,completed
E002672,O-SFO-01-20260326-produce-007,SFO-01,P-BERRY,2026-03-26T20:31:00Z,2026-03-26T20:33:00Z,2,4.15,2.40,0.00,completed
E002673,O-SFO-01-20260326-produce-008,SFO-01,P-APPLE,2026-03-26T20:44:00Z,2026-03-26T20:46:00Z,1,3.80,1.10,0.00,cancelled
E002674,O-SFO-01-20260326-produce-009,SFO-01,P-BERRY,2026-03-26T20:57:00Z,2026-03-26T20:59:00Z,1,4.15,2.40,0.00,completed
E002675,O-SFO-01-20260326-produce-010,SFO-01,P-APPLE,2026-03-26T21:10:00Z,2026-03-26T21:12:00Z,2,3.80,1.10,0.00,completed
E002676,O-SFO-01-20260326-produce-011,SFO-01,P-BERRY,2026-03-26T21:23:00Z,2026-03-26T21:25:00Z,1,4.15,2.40,0.00,completed
E002677,O-SFO-01-20260326-produce-011,SFO-01,P-BERRY,2026-03-26T21:23:00Z,2026-03-26T21:26:00Z,1,4.15,2.40,0.00,completed
E002678,O-SFO-01-20260326-produce-012,SFO-01,P-APPLE,2026-03-26T21:36:00Z,2026-03-26T21:38:00Z,1,3.80,1.10,0.00,completed
E002679,O-SFO-01-20260326-produce-013,SFO-01,P-BERRY,2026-03-26T21:49:00Z,2026-03-26T21:51:00Z,2,4.15,2.40,0.00,completed
E002680,O-SFO-01-20260326-produce-014,SFO-01,P-APPLE,2026-03-26T22:02:00Z,2026-03-26T22:04:00Z,1,3.80,1.10,0.00,completed
E002681,O-SFO-01-20260326-dairy-000,SFO-01,P-MILK,2026-03-26T19:00:00Z,2026-03-26T19:02:00Z,1,4.40,1.80,0.00,completed
E002682,O-SFO-01-20260326-dairy-001,SFO-01,P-YOGURT,2026-03-26T19:13:00Z,2026-03-26T19:15:00Z,2,4.40,0.95,0.00,completed
E002683,O-SFO-01-20260326-dairy-002,SFO-01,P-MILK,2026-03-26T19:26:00Z,2026-03-26T19:28:00Z,1,4.40,1.80,0.00,completed
E002684,O-SFO-01-20260326-dairy-003,SFO-01,P-YOGURT,2026-03-26T19:39:00Z,2026-03-26T19:41:00Z,1,4.40,0.95,0.00,completed
E002685,O-SFO-01-20260326-dairy-004,SFO-01,P-MILK,2026-03-26T19:52:00Z,2026-03-26T19:54:00Z,2,4.40,1.80,0.00,completed
E002686,O-SFO-01-20260326-dairy-005,SFO-01,P-YOGURT,2026-03-26T20:05:00Z,2026-03-26T20:07:00Z,1,4.40,0.95,0.00,completed
E002687,O-SFO-01-20260326-dairy-006,SFO-01,P-MILK,2026-03-26T20:18:00Z,2026-03-26T20:20:00Z,1,4.40,1.80,0.00,completed
E002688,O-SFO-01-20260326-dairy-007,SFO-01,P-YOGURT,2026-03-26T20:31:00Z,2026-03-26T20:33:00Z,2,4.40,0.95,0.00,completed
E002689,O-SFO-01-20260326-dairy-008,SFO-01,P-MILK,2026-03-26T20:44:00Z,2026-03-26T20:46:00Z,1,4.40,1.80,0.00,completed
E002690,O-SFO-01-20260326-dairy-009,SFO-01,P-YOGURT,2026-03-26T20:57:00Z,2026-03-26T20:59:00Z,1,4.40,0.95,0.00,completed
E002691,O-SFO-01-20260326-dairy-010,SFO-01,P-MILK,2026-03-26T21:10:00Z,2026-03-26T21:12:00Z,2,4.40,1.80,0.00,cancelled
E002692,O-SFO-01-20260326-dairy-011,SFO-01,P-YOGURT,2026-03-26T21:23:00Z,2026-03-26T21:25:00Z,1,4.40,0.95,0.00,completed
E002693,O-SFO-01-20260326-dairy-011,SFO-01,P-YOGURT,2026-03-26T21:23:00Z,2026-03-26T21:26:00Z,1,4.40,0.95,0.00,completed
E002694,O-SFO-01-20260326-pantry-000,SFO-01,P-PASTA,2026-03-26T19:00:00Z,2026-03-26T19:02:00Z,1,3.60,1.25,0.25,completed
E002695,O-SFO-01-20260326-pantry-001,SFO-01,P-SAUCE,2026-03-26T19:13:00Z,2026-03-26T19:15:00Z,2,3.60,1.45,0.50,completed
E002696,O-SFO-01-20260326-pantry-002,SFO-01,P-PASTA,2026-03-26T19:26:00Z,2026-03-26T19:28:00Z,1,3.60,1.25,0.25,completed
E002697,O-SFO-01-20260326-pantry-003,SFO-01,P-SAUCE,2026-03-26T19:39:00Z,2026-03-26T19:41:00Z,1,3.60,1.45,0.25,completed
E002698,O-SFO-01-20260326-pantry-004,SFO-01,P-PASTA,2026-03-26T19:52:00Z,2026-03-26T19:54:00Z,2,3.60,1.25,0.50,completed
E002699,O-SFO-01-20260326-pantry-005,SFO-01,P-SAUCE,2026-03-26T20:05:00Z,2026-03-26T20:07:00Z,1,3.60,1.45,0.25,completed
E002700,O-SFO-01-20260326-pantry-006,SFO-01,P-PASTA,2026-03-26T20:18:00Z,2026-03-26T20:20:00Z,1,3.60,1.25,0.25,completed
E002701,O-SFO-01-20260326-pantry-007,SFO-01,P-SAUCE,2026-03-26T20:31:00Z,2026-03-26T20:33:00Z,2,3.60,1.45,0.50,completed
E002702,O-SFO-01-20260326-pantry-008,SFO-01,P-PASTA,2026-03-26T20:44:00Z,2026-03-26T20:46:00Z,1,3.60,1.25,0.25,completed
E002703,O-SFO-01-20260326-pantry-009,SFO-01,P-SAUCE,2026-03-26T20:57:00Z,2026-03-26T20:59:00Z,1,3.60,1.45,0.25,cancelled
E002704,O-NYC-02-20260326-produce-000,NYC-02,P-APPLE,2026-03-26T16:00:00Z,2026-03-26T16:02:00Z,1,3.80,1.10,0.00,completed
E002705,O-NYC-02-20260326-produce-001,NYC-02,P-BERRY,2026-03-26T16:13:00Z,2026-03-26T16:15:00Z,2,4.15,2.40,0.00,completed
E002706,O-NYC-02-20260326-produce-002,NYC-02,P-APPLE,2026-03-26T16:26:00Z,2026-03-26T16:28:00Z,1,3.80,1.10,0.00,completed
E002707,O-NYC-02-20260326-produce-003,NYC-02,P-BERRY,2026-03-26T16:39:00Z,2026-03-26T16:41:00Z,1,4.15,2.40,0.00,completed
E002708,O-NYC-02-20260326-produce-004,NYC-02,P-APPLE,2026-03-26T16:52:00Z,2026-03-26T16:54:00Z,2,3.80,1.10,0.00,completed
E002709,O-NYC-02-20260326-produce-005,NYC-02,P-BERRY,2026-03-26T17:05:00Z,2026-03-26T17:07:00Z,1,4.15,2.40,0.00,completed
E002710,O-NYC-02-20260326-produce-006,NYC-02,P-APPLE,2026-03-26T17:18:00Z,2026-03-26T17:20:00Z,1,3.80,1.10,0.00,completed
E002711,O-NYC-02-20260326-produce-007,NYC-02,P-BERRY,2026-03-26T17:31:00Z,2026-03-26T17:33:00Z,2,4.15,2.40,0.00,completed
E002712,O-NYC-02-20260326-produce-008,NYC-02,P-APPLE,2026-03-26T17:44:00Z,2026-03-26T17:46:00Z,1,3.80,1.10,0.00,cancelled
E002713,O-NYC-02-20260326-produce-009,NYC-02,P-BERRY,2026-03-26T17:57:00Z,2026-03-26T17:59:00Z,1,4.15,2.40,0.00,completed
E002714,O-NYC-02-20260326-produce-010,NYC-02,P-APPLE,2026-03-26T18:10:00Z,2026-03-26T18:12:00Z,2,3.80,1.10,0.00,completed
E002715,O-NYC-02-20260326-produce-011,NYC-02,P-BERRY,2026-03-26T18:23:00Z,2026-03-26T18:25:00Z,1,4.15,2.40,0.00,completed
E002716,O-NYC-02-20260326-produce-011,NYC-02,P-BERRY,2026-03-26T18:23:00Z,2026-03-26T18:26:00Z,1,4.15,2.40,0.00,completed
E002717,O-NYC-02-20260326-produce-012,NYC-02,P-APPLE,2026-03-26T18:36:00Z,2026-03-26T18:38:00Z,1,3.80,1.10,0.00,completed
E002718,O-NYC-02-20260326-produce-013,NYC-02,P-BERRY,2026-03-26T18:49:00Z,2026-03-26T18:51:00Z,2,4.15,2.40,0.00,completed
E002719,O-NYC-02-20260326-produce-014,NYC-02,P-APPLE,2026-03-26T19:02:00Z,2026-03-26T19:04:00Z,1,3.80,1.10,0.00,completed
E002720,O-NYC-02-20260326-produce-015,NYC-02,P-BERRY,2026-03-26T19:15:00Z,2026-03-26T19:17:00Z,1,4.15,2.40,0.00,completed
E002721,O-NYC-02-20260326-produce-016,NYC-02,P-APPLE,2026-03-26T19:28:00Z,2026-03-26T19:30:00Z,2,3.80,1.10,0.00,completed
E002722,O-NYC-02-20260326-produce-017,NYC-02,P-BERRY,2026-03-26T19:41:00Z,2026-03-26T19:43:00Z,1,4.15,2.40,0.00,completed
E002723,O-NYC-02-20260326-dairy-000,NYC-02,P-MILK,2026-03-26T16:00:00Z,2026-03-26T16:02:00Z,1,4.40,1.80,0.00,completed
E002724,O-NYC-02-20260326-dairy-001,NYC-02,P-YOGURT,2026-03-26T16:13:00Z,2026-03-26T16:15:00Z,2,4.40,0.95,0.00,completed
E002725,O-NYC-02-20260326-dairy-002,NYC-02,P-MILK,2026-03-26T16:26:00Z,2026-03-26T16:28:00Z,1,4.40,1.80,0.00,completed
E002726,O-NYC-02-20260326-dairy-003,NYC-02,P-YOGURT,2026-03-26T16:39:00Z,2026-03-26T16:41:00Z,1,4.40,0.95,0.00,completed
E002727,O-NYC-02-20260326-dairy-004,NYC-02,P-MILK,2026-03-26T16:52:00Z,2026-03-26T16:54:00Z,2,4.40,1.80,0.00,completed
E002728,O-NYC-02-20260326-dairy-005,NYC-02,P-YOGURT,2026-03-26T17:05:00Z,2026-03-26T17:07:00Z,1,4.40,0.95,0.00,completed
E002729,O-NYC-02-20260326-dairy-006,NYC-02,P-MILK,2026-03-26T17:18:00Z,2026-03-26T17:20:00Z,1,4.40,1.80,0.00,completed
E002730,O-NYC-02-20260326-dairy-007,NYC-02,P-YOGURT,2026-03-26T17:31:00Z,2026-03-26T17:33:00Z,2,4.40,0.95,0.00,completed
E002731,O-NYC-02-20260326-dairy-008,NYC-02,P-MILK,2026-03-26T17:44:00Z,2026-03-26T17:46:00Z,1,4.40,1.80,0.00,completed
E002732,O-NYC-02-20260326-dairy-009,NYC-02,P-YOGURT,2026-03-26T17:57:00Z,2026-03-26T17:59:00Z,1,4.40,0.95,0.00,completed
E002733,O-NYC-02-20260326-dairy-010,NYC-02,P-MILK,2026-03-26T18:10:00Z,2026-03-26T18:12:00Z,2,4.40,1.80,0.00,cancelled
E002734,O-NYC-02-20260326-dairy-011,NYC-02,P-YOGURT,2026-03-26T18:23:00Z,2026-03-26T18:25:00Z,1,4.40,0.95,0.00,completed
E002735,O-NYC-02-20260326-dairy-011,NYC-02,P-YOGURT,2026-03-26T18:23:00Z,2026-03-26T18:26:00Z,1,4.40,0.95,0.00,completed
E002736,O-NYC-02-20260326-dairy-012,NYC-02,P-MILK,2026-03-26T18:36:00Z,2026-03-26T18:38:00Z,1,4.40,1.80,0.00,completed
E002737,O-NYC-02-20260326-dairy-013,NYC-02,P-YOGURT,2026-03-26T18:49:00Z,2026-03-26T18:51:00Z,2,4.40,0.95,0.00,completed
E002738,O-NYC-02-20260326-dairy-014,NYC-02,P-MILK,2026-03-26T19:02:00Z,2026-03-26T19:04:00Z,1,4.40,1.80,0.00,completed
E002739,O-NYC-02-20260326-pantry-000,NYC-02,P-PASTA,2026-03-26T16:00:00Z,2026-03-26T16:02:00Z,1,3.60,1.25,0.25,completed
E002740,O-NYC-02-20260326-pantry-001,NYC-02,P-SAUCE,2026-03-26T16:13:00Z,2026-03-26T16:15:00Z,2,3.60,1.45,0.50,completed
E002741,O-NYC-02-20260326-pantry-002,NYC-02,P-PASTA,2026-03-26T16:26:00Z,2026-03-26T16:28:00Z,1,3.60,1.25,0.25,completed
E002742,O-NYC-02-20260326-pantry-003,NYC-02,P-SAUCE,2026-03-26T16:39:00Z,2026-03-26T16:41:00Z,1,3.60,1.45,0.25,completed
E002743,O-NYC-02-20260326-pantry-004,NYC-02,P-PASTA,2026-03-26T16:52:00Z,2026-03-26T16:54:00Z,2,3.60,1.25,0.50,completed
E002744,O-NYC-02-20260326-pantry-005,NYC-02,P-SAUCE,2026-03-26T17:05:00Z,2026-03-26T17:07:00Z,1,3.60,1.45,0.25,completed
E002745,O-NYC-02-20260326-pantry-006,NYC-02,P-PASTA,2026-03-26T17:18:00Z,2026-03-26T17:20:00Z,1,3.60,1.25,0.25,completed
E002746,O-NYC-02-20260326-pantry-007,NYC-02,P-SAUCE,2026-03-26T17:31:00Z,2026-03-26T17:33:00Z,2,3.60,1.45,0.50,completed
E002747,O-NYC-02-20260326-pantry-008,NYC-02,P-PASTA,2026-03-26T17:44:00Z,2026-03-26T17:46:00Z,1,3.60,1.25,0.25,completed
E002748,O-NYC-02-20260326-pantry-009,NYC-02,P-SAUCE,2026-03-26T17:57:00Z,2026-03-26T17:59:00Z,1,3.60,1.45,0.25,cancelled
E002749,O-NYC-02-20260326-pantry-010,NYC-02,P-PASTA,2026-03-26T18:10:00Z,2026-03-26T18:12:00Z,2,3.60,1.25,0.50,completed
E002750,O-NYC-02-20260326-pantry-011,NYC-02,P-SAUCE,2026-03-26T18:23:00Z,2026-03-26T18:25:00Z,1,3.60,1.45,0.25,completed
E002751,O-NYC-02-20260326-pantry-011,NYC-02,P-SAUCE,2026-03-26T18:23:00Z,2026-03-26T18:26:00Z,1,3.60,1.45,0.25,completed
E002752,O-NYC-02-20260326-pantry-012,NYC-02,P-PASTA,2026-03-26T18:36:00Z,2026-03-26T18:38:00Z,1,3.60,1.25,0.25,completed
E002753,O-NYC-02-20260326-pantry-013,NYC-02,P-SAUCE,2026-03-26T18:49:00Z,2026-03-26T18:51:00Z,2,3.60,1.45,0.50,completed
E002754,O-CHI-03-20260326-produce-000,CHI-03,P-APPLE,2026-03-26T17:00:00Z,2026-03-26T17:02:00Z,1,3.80,1.10,0.00,completed
E002755,O-CHI-03-20260326-produce-001,CHI-03,P-BERRY,2026-03-26T17:13:00Z,2026-03-26T17:15:00Z,2,4.15,2.40,0.00,completed
E002756,O-CHI-03-20260326-produce-002,CHI-03,P-APPLE,2026-03-26T17:26:00Z,2026-03-26T17:28:00Z,1,3.80,1.10,0.00,completed
E002757,O-CHI-03-20260326-produce-003,CHI-03,P-BERRY,2026-03-26T17:39:00Z,2026-03-26T17:41:00Z,1,4.15,2.40,0.00,completed
E002758,O-CHI-03-20260326-produce-004,CHI-03,P-APPLE,2026-03-26T17:52:00Z,2026-03-26T17:54:00Z,2,3.80,1.10,0.00,completed
E002759,O-CHI-03-20260326-produce-005,CHI-03,P-BERRY,2026-03-26T18:05:00Z,2026-03-26T18:07:00Z,1,4.15,2.40,0.00,completed
E002760,O-CHI-03-20260326-produce-006,CHI-03,P-APPLE,2026-03-26T18:18:00Z,2026-03-26T18:20:00Z,1,3.80,1.10,0.00,completed
E002761,O-CHI-03-20260326-produce-007,CHI-03,P-BERRY,2026-03-26T18:31:00Z,2026-03-26T18:33:00Z,2,4.15,2.40,0.00,completed
E002762,O-CHI-03-20260326-produce-008,CHI-03,P-APPLE,2026-03-26T18:44:00Z,2026-03-26T18:46:00Z,1,3.80,1.10,0.00,cancelled
E002763,O-CHI-03-20260326-produce-009,CHI-03,P-BERRY,2026-03-26T18:57:00Z,2026-03-26T18:59:00Z,1,4.15,2.40,0.00,completed
E002764,O-CHI-03-20260326-produce-010,CHI-03,P-APPLE,2026-03-26T19:10:00Z,2026-03-26T19:12:00Z,2,3.80,1.10,0.00,completed
E002765,O-CHI-03-20260326-dairy-000,CHI-03,P-MILK,2026-03-26T17:00:00Z,2026-03-26T17:02:00Z,1,4.40,1.80,0.00,completed
E002766,O-CHI-03-20260326-dairy-001,CHI-03,P-YOGURT,2026-03-26T17:13:00Z,2026-03-26T17:15:00Z,2,4.40,0.95,0.00,completed
E002767,O-CHI-03-20260326-dairy-002,CHI-03,P-MILK,2026-03-26T17:26:00Z,2026-03-26T17:28:00Z,1,4.40,1.80,0.00,completed
E002768,O-CHI-03-20260326-dairy-003,CHI-03,P-YOGURT,2026-03-26T17:39:00Z,2026-03-26T17:41:00Z,1,4.40,0.95,0.00,completed
E002769,O-CHI-03-20260326-dairy-004,CHI-03,P-MILK,2026-03-26T17:52:00Z,2026-03-26T17:54:00Z,2,4.40,1.80,0.00,completed
E002770,O-CHI-03-20260326-dairy-005,CHI-03,P-YOGURT,2026-03-26T18:05:00Z,2026-03-26T18:07:00Z,1,4.40,0.95,0.00,completed
E002771,O-CHI-03-20260326-dairy-006,CHI-03,P-MILK,2026-03-26T18:18:00Z,2026-03-26T18:20:00Z,1,4.40,1.80,0.00,completed
E002772,O-CHI-03-20260326-dairy-007,CHI-03,P-YOGURT,2026-03-26T18:31:00Z,2026-03-26T18:33:00Z,2,4.40,0.95,0.00,completed
E002773,O-CHI-03-20260326-dairy-008,CHI-03,P-MILK,2026-03-26T18:44:00Z,2026-03-26T18:46:00Z,1,4.40,1.80,0.00,completed
E002774,O-CHI-03-20260326-pantry-000,CHI-03,P-PASTA,2026-03-26T17:00:00Z,2026-03-26T17:02:00Z,1,3.60,1.25,0.25,completed
E002775,O-CHI-03-20260326-pantry-001,CHI-03,P-SAUCE,2026-03-26T17:13:00Z,2026-03-26T17:15:00Z,2,3.60,1.45,0.50,completed
E002776,O-CHI-03-20260326-pantry-002,CHI-03,P-PASTA,2026-03-26T17:26:00Z,2026-03-26T17:28:00Z,1,3.60,1.25,0.25,completed
E002777,O-CHI-03-20260326-pantry-003,CHI-03,P-SAUCE,2026-03-26T17:39:00Z,2026-03-26T17:41:00Z,1,3.60,1.45,0.25,completed
E002778,O-CHI-03-20260326-pantry-004,CHI-03,P-PASTA,2026-03-26T17:52:00Z,2026-03-26T17:54:00Z,2,3.60,1.25,0.50,completed
E002779,O-CHI-03-20260326-pantry-005,CHI-03,P-SAUCE,2026-03-26T18:05:00Z,2026-03-26T18:07:00Z,1,3.60,1.45,0.25,completed
E002780,O-CHI-03-20260326-pantry-006,CHI-03,P-PASTA,2026-03-26T18:18:00Z,2026-03-26T18:20:00Z,1,3.60,1.25,0.25,completed
E002781,O-CHI-03-20260326-pantry-007,CHI-03,P-SAUCE,2026-03-26T18:31:00Z,2026-03-26T18:33:00Z,2,3.60,1.45,0.50,completed
E002782,O-CHI-03-20260326-pantry-008,CHI-03,P-PASTA,2026-03-26T18:44:00Z,2026-03-26T18:46:00Z,1,3.60,1.25,0.25,completed
E002783,O-PHX-04-20260326-produce-000,PHX-04,P-APPLE,2026-03-26T19:00:00Z,2026-03-26T19:02:00Z,1,3.80,1.10,0.00,completed
E002784,O-PHX-04-20260326-produce-001,PHX-04,P-BERRY,2026-03-26T19:13:00Z,2026-03-26T19:15:00Z,2,4.15,2.40,0.00,completed
E002785,O-PHX-04-20260326-produce-002,PHX-04,P-APPLE,2026-03-26T19:26:00Z,2026-03-26T19:28:00Z,1,3.80,1.10,0.00,completed
E002786,O-PHX-04-20260326-produce-003,PHX-04,P-BERRY,2026-03-26T19:39:00Z,2026-03-26T19:41:00Z,1,4.15,2.40,0.00,completed
E002787,O-PHX-04-20260326-produce-004,PHX-04,P-APPLE,2026-03-26T19:52:00Z,2026-03-26T19:54:00Z,2,3.80,1.10,0.00,completed
E002788,O-PHX-04-20260326-produce-005,PHX-04,P-BERRY,2026-03-26T20:05:00Z,2026-03-26T20:07:00Z,1,4.15,2.40,0.00,completed
E002789,O-PHX-04-20260326-produce-006,PHX-04,P-APPLE,2026-03-26T20:18:00Z,2026-03-26T20:20:00Z,1,3.80,1.10,0.00,completed
E002790,O-PHX-04-20260326-produce-007,PHX-04,P-BERRY,2026-03-26T20:31:00Z,2026-03-26T20:33:00Z,2,4.15,2.40,0.00,completed
E002791,O-PHX-04-20260326-produce-008,PHX-04,P-APPLE,2026-03-26T20:44:00Z,2026-03-26T20:46:00Z,1,3.80,1.10,0.00,cancelled
E002792,O-PHX-04-20260326-dairy-000,PHX-04,P-MILK,2026-03-26T19:00:00Z,2026-03-26T19:02:00Z,1,4.40,1.80,0.00,completed
E002793,O-PHX-04-20260326-dairy-001,PHX-04,P-YOGURT,2026-03-26T19:13:00Z,2026-03-26T19:15:00Z,2,4.40,0.95,0.00,completed
E002794,O-PHX-04-20260326-dairy-002,PHX-04,P-MILK,2026-03-26T19:26:00Z,2026-03-26T19:28:00Z,1,4.40,1.80,0.00,completed
E002795,O-PHX-04-20260326-dairy-003,PHX-04,P-YOGURT,2026-03-26T19:39:00Z,2026-03-26T19:41:00Z,1,4.40,0.95,0.00,completed
E002796,O-PHX-04-20260326-dairy-004,PHX-04,P-MILK,2026-03-26T19:52:00Z,2026-03-26T19:54:00Z,2,4.40,1.80,0.00,completed
E002797,O-PHX-04-20260326-dairy-005,PHX-04,P-YOGURT,2026-03-26T20:05:00Z,2026-03-26T20:07:00Z,1,4.40,0.95,0.00,completed
E002798,O-PHX-04-20260326-dairy-006,PHX-04,P-MILK,2026-03-26T20:18:00Z,2026-03-26T20:20:00Z,1,4.40,1.80,0.00,completed
E002799,O-PHX-04-20260326-dairy-007,PHX-04,P-YOGURT,2026-03-26T20:31:00Z,2026-03-26T20:33:00Z,2,4.40,0.95,0.00,completed
E002800,O-PHX-04-20260326-pantry-000,PHX-04,P-PASTA,2026-03-26T19:00:00Z,2026-03-26T19:02:00Z,1,3.60,1.25,0.25,completed
E002801,O-PHX-04-20260326-pantry-001,PHX-04,P-SAUCE,2026-03-26T19:13:00Z,2026-03-26T19:15:00Z,2,3.60,1.45,0.50,completed
E002802,O-PHX-04-20260326-pantry-002,PHX-04,P-PASTA,2026-03-26T19:26:00Z,2026-03-26T19:28:00Z,1,3.60,1.25,0.25,completed
E002803,O-PHX-04-20260326-pantry-003,PHX-04,P-SAUCE,2026-03-26T19:39:00Z,2026-03-26T19:41:00Z,1,3.60,1.45,0.25,completed
E002804,O-PHX-04-20260326-pantry-004,PHX-04,P-PASTA,2026-03-26T19:52:00Z,2026-03-26T19:54:00Z,2,3.60,1.25,0.50,completed
E002805,O-PHX-04-20260326-pantry-005,PHX-04,P-SAUCE,2026-03-26T20:05:00Z,2026-03-26T20:07:00Z,1,3.60,1.45,0.25,completed
E002806,O-PHX-04-20260326-pantry-006,PHX-04,P-PASTA,2026-03-26T20:18:00Z,2026-03-26T20:20:00Z,1,3.60,1.25,0.25,completed
E002807,O-SFO-01-20260327-produce-000,SFO-01,P-BERRY,2026-03-27T19:00:00Z,2026-03-27T19:02:00Z,2,4.15,2.40,0.00,completed
E002808,O-SFO-01-20260327-produce-001,SFO-01,P-APPLE,2026-03-27T19:13:00Z,2026-03-27T19:15:00Z,1,3.80,1.10,0.00,completed
E002809,O-SFO-01-20260327-produce-002,SFO-01,P-BERRY,2026-03-27T19:26:00Z,2026-03-27T19:28:00Z,1,4.15,2.40,0.00,completed
E002810,O-SFO-01-20260327-produce-003,SFO-01,P-APPLE,2026-03-27T19:39:00Z,2026-03-27T19:41:00Z,2,3.80,1.10,0.00,completed
E002811,O-SFO-01-20260327-produce-004,SFO-01,P-BERRY,2026-03-27T19:52:00Z,2026-03-27T19:54:00Z,1,4.15,2.40,0.00,completed
E002812,O-SFO-01-20260327-produce-005,SFO-01,P-APPLE,2026-03-27T20:05:00Z,2026-03-27T20:07:00Z,1,3.80,1.10,0.00,completed
E002813,O-SFO-01-20260327-produce-006,SFO-01,P-BERRY,2026-03-27T20:18:00Z,2026-03-27T20:20:00Z,2,4.15,2.40,0.00,completed
E002814,O-SFO-01-20260327-produce-007,SFO-01,P-APPLE,2026-03-27T20:31:00Z,2026-03-27T20:33:00Z,1,3.80,1.10,0.00,cancelled
E002815,O-SFO-01-20260327-produce-008,SFO-01,P-BERRY,2026-03-27T20:44:00Z,2026-03-27T20:46:00Z,1,4.15,2.40,0.00,completed
E002816,O-SFO-01-20260327-produce-009,SFO-01,P-APPLE,2026-03-27T20:57:00Z,2026-03-27T20:59:00Z,2,3.80,1.10,0.00,completed
E002817,O-SFO-01-20260327-produce-010,SFO-01,P-BERRY,2026-03-27T21:10:00Z,2026-03-27T21:12:00Z,1,4.15,2.40,0.00,completed
E002818,O-SFO-01-20260327-produce-010,SFO-01,P-BERRY,2026-03-27T21:10:00Z,2026-03-27T21:13:00Z,1,4.15,2.40,0.00,completed
E002819,O-SFO-01-20260327-produce-011,SFO-01,P-APPLE,2026-03-27T21:23:00Z,2026-03-27T21:25:00Z,1,3.80,1.10,0.00,completed
E002820,O-SFO-01-20260327-produce-012,SFO-01,P-BERRY,2026-03-27T21:36:00Z,2026-03-27T21:38:00Z,2,4.15,2.40,0.00,completed
E002821,O-SFO-01-20260327-produce-013,SFO-01,P-APPLE,2026-03-27T21:49:00Z,2026-03-27T21:51:00Z,1,3.80,1.10,0.00,completed
E002822,O-SFO-01-20260327-produce-014,SFO-01,P-BERRY,2026-03-27T22:02:00Z,2026-03-27T22:04:00Z,1,4.15,2.40,0.00,completed
E002823,O-SFO-01-20260327-produce-015,SFO-01,P-APPLE,2026-03-27T22:15:00Z,2026-03-27T22:17:00Z,2,3.80,1.10,0.00,completed
E002824,O-SFO-01-20260327-produce-016,SFO-01,P-BERRY,2026-03-27T22:28:00Z,2026-03-27T22:30:00Z,1,4.15,2.40,0.00,completed
E002825,O-SFO-01-20260327-produce-017,SFO-01,P-APPLE,2026-03-27T22:41:00Z,2026-03-27T22:43:00Z,1,3.80,1.10,0.00,completed
E002826,O-SFO-01-20260327-produce-018,SFO-01,P-BERRY,2026-03-27T22:54:00Z,2026-03-27T22:56:00Z,2,4.15,2.40,0.00,completed
E002827,O-SFO-01-20260327-dairy-000,SFO-01,P-YOGURT,2026-03-27T19:00:00Z,2026-03-27T19:02:00Z,2,4.40,0.95,0.00,completed
E002828,O-SFO-01-20260327-dairy-001,SFO-01,P-MILK,2026-03-27T19:13:00Z,2026-03-27T19:15:00Z,1,4.40,1.80,0.00,completed
E002829,O-SFO-01-20260327-dairy-002,SFO-01,P-YOGURT,2026-03-27T19:26:00Z,2026-03-27T19:28:00Z,1,4.40,0.95,0.00,completed
E002830,O-SFO-01-20260327-dairy-003,SFO-01,P-MILK,2026-03-27T19:39:00Z,2026-03-27T19:41:00Z,2,4.40,1.80,0.00,completed
E002831,O-SFO-01-20260327-dairy-004,SFO-01,P-YOGURT,2026-03-27T19:52:00Z,2026-03-27T19:54:00Z,1,4.40,0.95,0.00,completed
E002832,O-SFO-01-20260327-dairy-005,SFO-01,P-MILK,2026-03-27T20:05:00Z,2026-03-27T20:07:00Z,1,4.40,1.80,0.00,completed
E002833,O-SFO-01-20260327-dairy-006,SFO-01,P-YOGURT,2026-03-27T20:18:00Z,2026-03-27T20:20:00Z,2,4.40,0.95,0.00,completed
E002834,O-SFO-01-20260327-dairy-007,SFO-01,P-MILK,2026-03-27T20:31:00Z,2026-03-27T20:33:00Z,1,4.40,1.80,0.00,completed
E002835,O-SFO-01-20260327-dairy-008,SFO-01,P-YOGURT,2026-03-27T20:44:00Z,2026-03-27T20:46:00Z,1,4.40,0.95,0.00,completed
E002836,O-SFO-01-20260327-dairy-009,SFO-01,P-MILK,2026-03-27T20:57:00Z,2026-03-27T20:59:00Z,2,4.40,1.80,0.00,cancelled
E002837,O-SFO-01-20260327-dairy-010,SFO-01,P-YOGURT,2026-03-27T21:10:00Z,2026-03-27T21:12:00Z,1,4.40,0.95,0.00,completed
E002838,O-SFO-01-20260327-dairy-010,SFO-01,P-YOGURT,2026-03-27T21:10:00Z,2026-03-27T21:13:00Z,1,4.40,0.95,0.00,completed
E002839,O-SFO-01-20260327-dairy-011,SFO-01,P-MILK,2026-03-27T21:23:00Z,2026-03-27T21:25:00Z,1,4.40,1.80,0.00,completed
E002840,O-SFO-01-20260327-dairy-012,SFO-01,P-YOGURT,2026-03-27T21:36:00Z,2026-03-27T21:38:00Z,2,4.40,0.95,0.00,completed
E002841,O-SFO-01-20260327-dairy-013,SFO-01,P-MILK,2026-03-27T21:49:00Z,2026-03-27T21:51:00Z,1,4.40,1.80,0.00,completed
E002842,O-SFO-01-20260327-dairy-014,SFO-01,P-YOGURT,2026-03-27T22:02:00Z,2026-03-27T22:04:00Z,1,4.40,0.95,0.00,completed
E002843,O-SFO-01-20260327-pantry-000,SFO-01,P-SAUCE,2026-03-27T19:00:00Z,2026-03-27T19:02:00Z,2,3.60,1.45,0.50,completed
E002844,O-SFO-01-20260327-pantry-001,SFO-01,P-PASTA,2026-03-27T19:13:00Z,2026-03-27T19:15:00Z,1,3.60,1.25,0.25,completed
E002845,O-SFO-01-20260327-pantry-002,SFO-01,P-SAUCE,2026-03-27T19:26:00Z,2026-03-27T19:28:00Z,1,3.60,1.45,0.25,completed
E002846,O-SFO-01-20260327-pantry-003,SFO-01,P-PASTA,2026-03-27T19:39:00Z,2026-03-27T19:41:00Z,2,3.60,1.25,0.50,completed
E002847,O-SFO-01-20260327-pantry-004,SFO-01,P-SAUCE,2026-03-27T19:52:00Z,2026-03-27T19:54:00Z,1,3.60,1.45,0.25,completed
E002848,O-SFO-01-20260327-pantry-005,SFO-01,P-PASTA,2026-03-27T20:05:00Z,2026-03-27T20:07:00Z,1,3.60,1.25,0.25,completed
E002849,O-SFO-01-20260327-pantry-006,SFO-01,P-SAUCE,2026-03-27T20:18:00Z,2026-03-27T20:20:00Z,2,3.60,1.45,0.50,completed
E002850,O-SFO-01-20260327-pantry-007,SFO-01,P-PASTA,2026-03-27T20:31:00Z,2026-03-27T20:33:00Z,1,3.60,1.25,0.25,completed
E002851,O-SFO-01-20260327-pantry-008,SFO-01,P-SAUCE,2026-03-27T20:44:00Z,2026-03-27T20:46:00Z,1,3.60,1.45,0.25,cancelled
E002852,O-SFO-01-20260327-pantry-009,SFO-01,P-PASTA,2026-03-27T20:57:00Z,2026-03-27T20:59:00Z,2,3.60,1.25,0.50,completed
E002853,O-SFO-01-20260327-pantry-010,SFO-01,P-SAUCE,2026-03-27T21:10:00Z,2026-03-27T21:12:00Z,1,3.60,1.45,0.25,completed
E002854,O-SFO-01-20260327-pantry-010,SFO-01,P-SAUCE,2026-03-27T21:10:00Z,2026-03-27T21:13:00Z,1,3.60,1.45,0.25,completed
E002855,O-SFO-01-20260327-pantry-011,SFO-01,P-PASTA,2026-03-27T21:23:00Z,2026-03-27T21:25:00Z,1,3.60,1.25,0.25,completed
E002856,O-NYC-02-20260327-produce-000,NYC-02,P-BERRY,2026-03-27T16:00:00Z,2026-03-27T16:02:00Z,2,4.15,2.40,0.00,completed
E002857,O-NYC-02-20260327-produce-001,NYC-02,P-APPLE,2026-03-27T16:13:00Z,2026-03-27T16:15:00Z,1,3.80,1.10,0.00,completed
E002858,O-NYC-02-20260327-produce-002,NYC-02,P-BERRY,2026-03-27T16:26:00Z,2026-03-27T16:28:00Z,1,4.15,2.40,0.00,completed
E002859,O-NYC-02-20260327-produce-003,NYC-02,P-APPLE,2026-03-27T16:39:00Z,2026-03-27T16:41:00Z,2,3.80,1.10,0.00,completed
E002860,O-NYC-02-20260327-produce-004,NYC-02,P-BERRY,2026-03-27T16:52:00Z,2026-03-27T16:54:00Z,1,4.15,2.40,0.00,completed
E002861,O-NYC-02-20260327-produce-005,NYC-02,P-APPLE,2026-03-27T17:05:00Z,2026-03-27T17:07:00Z,1,3.80,1.10,0.00,completed
E002862,O-NYC-02-20260327-produce-006,NYC-02,P-BERRY,2026-03-27T17:18:00Z,2026-03-27T17:20:00Z,2,4.15,2.40,0.00,completed
E002863,O-NYC-02-20260327-produce-007,NYC-02,P-APPLE,2026-03-27T17:31:00Z,2026-03-27T17:33:00Z,1,3.80,1.10,0.00,cancelled
E002864,O-NYC-02-20260327-produce-008,NYC-02,P-BERRY,2026-03-27T17:44:00Z,2026-03-27T17:46:00Z,1,4.15,2.40,0.00,completed
E002865,O-NYC-02-20260327-produce-009,NYC-02,P-APPLE,2026-03-27T17:57:00Z,2026-03-27T17:59:00Z,2,3.80,1.10,0.00,completed
E002866,O-NYC-02-20260327-produce-010,NYC-02,P-BERRY,2026-03-27T18:10:00Z,2026-03-27T18:12:00Z,1,4.15,2.40,0.00,completed
E002867,O-NYC-02-20260327-produce-010,NYC-02,P-BERRY,2026-03-27T18:10:00Z,2026-03-27T18:13:00Z,1,4.15,2.40,0.00,completed
E002868,O-NYC-02-20260327-produce-011,NYC-02,P-APPLE,2026-03-27T18:23:00Z,2026-03-27T18:25:00Z,1,3.80,1.10,0.00,completed
E002869,O-NYC-02-20260327-produce-012,NYC-02,P-BERRY,2026-03-27T18:36:00Z,2026-03-27T18:38:00Z,2,4.15,2.40,0.00,completed
E002870,O-NYC-02-20260327-produce-013,NYC-02,P-APPLE,2026-03-27T18:49:00Z,2026-03-27T18:51:00Z,1,3.80,1.10,0.00,completed
E002871,O-NYC-02-20260327-produce-014,NYC-02,P-BERRY,2026-03-27T19:02:00Z,2026-03-27T19:04:00Z,1,4.15,2.40,0.00,completed
E002872,O-NYC-02-20260327-produce-015,NYC-02,P-APPLE,2026-03-27T19:15:00Z,2026-03-27T19:17:00Z,2,3.80,1.10,0.00,completed
E002873,O-NYC-02-20260327-produce-016,NYC-02,P-BERRY,2026-03-27T19:28:00Z,2026-03-27T19:30:00Z,1,4.15,2.40,0.00,completed
E002874,O-NYC-02-20260327-produce-017,NYC-02,P-APPLE,2026-03-27T19:41:00Z,2026-03-27T19:43:00Z,1,3.80,1.10,0.00,completed
E002875,O-NYC-02-20260327-produce-018,NYC-02,P-BERRY,2026-03-27T19:54:00Z,2026-03-27T19:56:00Z,2,4.15,2.40,0.00,completed
E002876,O-NYC-02-20260327-produce-019,NYC-02,P-APPLE,2026-03-27T20:07:00Z,2026-03-27T20:09:00Z,1,3.80,1.10,0.00,completed
E002877,O-NYC-02-20260327-produce-020,NYC-02,P-BERRY,2026-03-27T20:20:00Z,2026-03-27T20:22:00Z,1,4.15,2.40,0.00,completed
E002878,O-NYC-02-20260327-produce-020,NYC-02,P-BERRY,2026-03-27T23:20:00Z,2026-03-28T01:22:00Z,1,4.15,2.40,0.00,returned
E002879,O-NYC-02-20260327-produce-021,NYC-02,P-APPLE,2026-03-27T20:33:00Z,2026-03-27T20:35:00Z,2,3.80,1.10,0.00,completed
E002880,O-NYC-02-20260327-produce-022,NYC-02,P-BERRY,2026-03-27T20:46:00Z,2026-03-27T20:48:00Z,1,4.15,2.40,0.00,completed
E002881,O-NYC-02-20260327-dairy-000,NYC-02,P-YOGURT,2026-03-27T16:00:00Z,2026-03-27T16:02:00Z,2,4.40,0.95,0.00,completed
E002882,O-NYC-02-20260327-dairy-001,NYC-02,P-MILK,2026-03-27T16:13:00Z,2026-03-27T16:15:00Z,1,4.40,1.80,0.00,completed
E002883,O-NYC-02-20260327-dairy-002,NYC-02,P-YOGURT,2026-03-27T16:26:00Z,2026-03-27T16:28:00Z,1,4.40,0.95,0.00,completed
E002884,O-NYC-02-20260327-dairy-003,NYC-02,P-MILK,2026-03-27T16:39:00Z,2026-03-27T16:41:00Z,2,4.40,1.80,0.00,completed
E002885,O-NYC-02-20260327-dairy-004,NYC-02,P-YOGURT,2026-03-27T16:52:00Z,2026-03-27T16:54:00Z,1,4.40,0.95,0.00,completed
E002886,O-NYC-02-20260327-dairy-005,NYC-02,P-MILK,2026-03-27T17:05:00Z,2026-03-27T17:07:00Z,1,4.40,1.80,0.00,completed
E002887,O-NYC-02-20260327-dairy-006,NYC-02,P-YOGURT,2026-03-27T17:18:00Z,2026-03-27T17:20:00Z,2,4.40,0.95,0.00,completed
E002888,O-NYC-02-20260327-dairy-007,NYC-02,P-MILK,2026-03-27T17:31:00Z,2026-03-27T17:33:00Z,1,4.40,1.80,0.00,completed
E002889,O-NYC-02-20260327-dairy-008,NYC-02,P-YOGURT,2026-03-27T17:44:00Z,2026-03-27T17:46:00Z,1,4.40,0.95,0.00,completed
E002890,O-NYC-02-20260327-dairy-009,NYC-02,P-MILK,2026-03-27T17:57:00Z,2026-03-27T17:59:00Z,2,4.40,1.80,0.00,cancelled
E002891,O-NYC-02-20260327-dairy-010,NYC-02,P-YOGURT,2026-03-27T18:10:00Z,2026-03-27T18:12:00Z,1,4.40,0.95,0.00,completed
E002892,O-NYC-02-20260327-dairy-010,NYC-02,P-YOGURT,2026-03-27T18:10:00Z,2026-03-27T18:13:00Z,1,4.40,0.95,0.00,completed
E002893,O-NYC-02-20260327-dairy-011,NYC-02,P-MILK,2026-03-27T18:23:00Z,2026-03-27T18:25:00Z,1,4.40,1.80,0.00,completed
E002894,O-NYC-02-20260327-dairy-012,NYC-02,P-YOGURT,2026-03-27T18:36:00Z,2026-03-27T18:38:00Z,2,4.40,0.95,0.00,completed
E002895,O-NYC-02-20260327-dairy-013,NYC-02,P-MILK,2026-03-27T18:49:00Z,2026-03-27T18:51:00Z,1,4.40,1.80,0.00,completed
E002896,O-NYC-02-20260327-dairy-014,NYC-02,P-YOGURT,2026-03-27T19:02:00Z,2026-03-27T19:04:00Z,1,4.40,0.95,0.00,completed
E002897,O-NYC-02-20260327-dairy-015,NYC-02,P-MILK,2026-03-27T19:15:00Z,2026-03-27T19:17:00Z,2,4.40,1.80,0.00,completed
E002898,O-NYC-02-20260327-dairy-016,NYC-02,P-YOGURT,2026-03-27T19:28:00Z,2026-03-27T19:30:00Z,1,4.40,0.95,0.00,completed
E002899,O-NYC-02-20260327-dairy-017,NYC-02,P-MILK,2026-03-27T19:41:00Z,2026-03-27T19:43:00Z,1,4.40,1.80,0.00,completed
E002900,O-NYC-02-20260327-dairy-018,NYC-02,P-YOGURT,2026-03-27T19:54:00Z,2026-03-27T19:56:00Z,2,4.40,0.95,0.00,completed
E002901,O-NYC-02-20260327-pantry-000,NYC-02,P-SAUCE,2026-03-27T16:00:00Z,2026-03-27T16:02:00Z,2,3.60,1.45,0.50,completed
E002902,O-NYC-02-20260327-pantry-001,NYC-02,P-PASTA,2026-03-27T16:13:00Z,2026-03-27T16:15:00Z,1,3.60,1.25,0.25,completed
E002903,O-NYC-02-20260327-pantry-002,NYC-02,P-SAUCE,2026-03-27T16:26:00Z,2026-03-27T16:28:00Z,1,3.60,1.45,0.25,completed
E002904,O-NYC-02-20260327-pantry-003,NYC-02,P-PASTA,2026-03-27T16:39:00Z,2026-03-27T16:41:00Z,2,3.60,1.25,0.50,completed
E002905,O-NYC-02-20260327-pantry-004,NYC-02,P-SAUCE,2026-03-27T16:52:00Z,2026-03-27T16:54:00Z,1,3.60,1.45,0.25,completed
E002906,O-NYC-02-20260327-pantry-005,NYC-02,P-PASTA,2026-03-27T17:05:00Z,2026-03-27T17:07:00Z,1,3.60,1.25,0.25,completed
E002907,O-NYC-02-20260327-pantry-006,NYC-02,P-SAUCE,2026-03-27T17:18:00Z,2026-03-27T17:20:00Z,2,3.60,1.45,0.50,completed
E002908,O-NYC-02-20260327-pantry-007,NYC-02,P-PASTA,2026-03-27T17:31:00Z,2026-03-27T17:33:00Z,1,3.60,1.25,0.25,completed
E002909,O-NYC-02-20260327-pantry-008,NYC-02,P-SAUCE,2026-03-27T17:44:00Z,2026-03-27T17:46:00Z,1,3.60,1.45,0.25,cancelled
E002910,O-NYC-02-20260327-pantry-009,NYC-02,P-PASTA,2026-03-27T17:57:00Z,2026-03-27T17:59:00Z,2,3.60,1.25,0.50,completed
E002911,O-NYC-02-20260327-pantry-010,NYC-02,P-SAUCE,2026-03-27T18:10:00Z,2026-03-27T18:12:00Z,1,3.60,1.45,0.25,completed
E002912,O-NYC-02-20260327-pantry-010,NYC-02,P-SAUCE,2026-03-27T18:10:00Z,2026-03-27T18:13:00Z,1,3.60,1.45,0.25,completed
E002913,O-NYC-02-20260327-pantry-011,NYC-02,P-PASTA,2026-03-27T18:23:00Z,2026-03-27T18:25:00Z,1,3.60,1.25,0.25,completed
E002914,O-NYC-02-20260327-pantry-012,NYC-02,P-SAUCE,2026-03-27T18:36:00Z,2026-03-27T18:38:00Z,2,3.60,1.45,0.50,completed
E002915,O-NYC-02-20260327-pantry-013,NYC-02,P-PASTA,2026-03-27T18:49:00Z,2026-03-27T18:51:00Z,1,3.60,1.25,0.25,completed
E002916,O-NYC-02-20260327-pantry-014,NYC-02,P-SAUCE,2026-03-27T19:02:00Z,2026-03-27T19:04:00Z,1,3.60,1.45,0.25,completed
E002917,O-NYC-02-20260327-pantry-015,NYC-02,P-PASTA,2026-03-27T19:15:00Z,2026-03-27T19:17:00Z,2,3.60,1.25,0.50,completed
E002918,O-NYC-02-20260327-pantry-016,NYC-02,P-SAUCE,2026-03-27T19:28:00Z,2026-03-27T19:30:00Z,1,3.60,1.45,0.25,completed
E002919,O-CHI-03-20260327-produce-000,CHI-03,P-BERRY,2026-03-27T17:00:00Z,2026-03-27T17:02:00Z,2,4.15,2.40,0.00,completed
E002920,O-CHI-03-20260327-produce-001,CHI-03,P-APPLE,2026-03-27T17:13:00Z,2026-03-27T17:15:00Z,1,3.80,1.10,0.00,completed
E002921,O-CHI-03-20260327-produce-002,CHI-03,P-BERRY,2026-03-27T17:26:00Z,2026-03-27T17:28:00Z,1,4.15,2.40,0.00,completed
E002922,O-CHI-03-20260327-produce-003,CHI-03,P-APPLE,2026-03-27T17:39:00Z,2026-03-27T17:41:00Z,2,3.80,1.10,0.00,completed
E002923,O-CHI-03-20260327-produce-004,CHI-03,P-BERRY,2026-03-27T17:52:00Z,2026-03-27T17:54:00Z,1,4.15,2.40,0.00,completed
E002924,O-CHI-03-20260327-produce-005,CHI-03,P-APPLE,2026-03-27T18:05:00Z,2026-03-27T18:07:00Z,1,3.80,1.10,0.00,completed
E002925,O-CHI-03-20260327-produce-006,CHI-03,P-BERRY,2026-03-27T18:18:00Z,2026-03-27T18:20:00Z,2,4.15,2.40,0.00,completed
E002926,O-CHI-03-20260327-produce-007,CHI-03,P-APPLE,2026-03-27T18:31:00Z,2026-03-27T18:33:00Z,1,3.80,1.10,0.00,cancelled
E002927,O-CHI-03-20260327-produce-008,CHI-03,P-BERRY,2026-03-27T18:44:00Z,2026-03-27T18:46:00Z,1,4.15,2.40,0.00,completed
E002928,O-CHI-03-20260327-dairy-000,CHI-03,P-YOGURT,2026-03-27T17:00:00Z,2026-03-27T17:02:00Z,2,4.40,0.95,0.00,completed
E002929,O-CHI-03-20260327-dairy-001,CHI-03,P-MILK,2026-03-27T17:13:00Z,2026-03-27T17:15:00Z,1,4.40,1.80,0.00,completed
E002930,O-CHI-03-20260327-dairy-002,CHI-03,P-YOGURT,2026-03-27T17:26:00Z,2026-03-27T17:28:00Z,1,4.40,0.95,0.00,completed
E002931,O-CHI-03-20260327-dairy-003,CHI-03,P-MILK,2026-03-27T17:39:00Z,2026-03-27T17:41:00Z,2,4.40,1.80,0.00,completed
E002932,O-CHI-03-20260327-dairy-004,CHI-03,P-YOGURT,2026-03-27T17:52:00Z,2026-03-27T17:54:00Z,1,4.40,0.95,0.00,completed
E002933,O-CHI-03-20260327-dairy-005,CHI-03,P-MILK,2026-03-27T18:05:00Z,2026-03-27T18:07:00Z,1,4.40,1.80,0.00,completed
E002934,O-CHI-03-20260327-dairy-006,CHI-03,P-YOGURT,2026-03-27T18:18:00Z,2026-03-27T18:20:00Z,2,4.40,0.95,0.00,completed
E002935,O-CHI-03-20260327-dairy-007,CHI-03,P-MILK,2026-03-27T18:31:00Z,2026-03-27T18:33:00Z,1,4.40,1.80,0.00,completed
E002936,O-CHI-03-20260327-pantry-000,CHI-03,P-SAUCE,2026-03-27T17:00:00Z,2026-03-27T17:02:00Z,2,3.60,1.45,0.50,completed
E002937,O-CHI-03-20260327-pantry-001,CHI-03,P-PASTA,2026-03-27T17:13:00Z,2026-03-27T17:15:00Z,1,3.60,1.25,0.25,completed
E002938,O-CHI-03-20260327-pantry-002,CHI-03,P-SAUCE,2026-03-27T17:26:00Z,2026-03-27T17:28:00Z,1,3.60,1.45,0.25,completed
E002939,O-CHI-03-20260327-pantry-003,CHI-03,P-PASTA,2026-03-27T17:39:00Z,2026-03-27T17:41:00Z,2,3.60,1.25,0.50,completed
E002940,O-CHI-03-20260327-pantry-004,CHI-03,P-SAUCE,2026-03-27T17:52:00Z,2026-03-27T17:54:00Z,1,3.60,1.45,0.25,completed
E002941,O-CHI-03-20260327-pantry-005,CHI-03,P-PASTA,2026-03-27T18:05:00Z,2026-03-27T18:07:00Z,1,3.60,1.25,0.25,completed
E002942,O-CHI-03-20260327-pantry-006,CHI-03,P-SAUCE,2026-03-27T18:18:00Z,2026-03-27T18:20:00Z,2,3.60,1.45,0.50,completed
E002943,O-CHI-03-20260327-pantry-007,CHI-03,P-PASTA,2026-03-27T18:31:00Z,2026-03-27T18:33:00Z,1,3.60,1.25,0.25,completed
E002944,O-PHX-04-20260327-produce-000,PHX-04,P-BERRY,2026-03-27T19:00:00Z,2026-03-27T19:02:00Z,2,4.15,2.40,0.00,completed
E002945,O-PHX-04-20260327-produce-001,PHX-04,P-APPLE,2026-03-27T19:13:00Z,2026-03-27T19:15:00Z,1,3.80,1.10,0.00,completed
E002946,O-PHX-04-20260327-produce-002,PHX-04,P-BERRY,2026-03-27T19:26:00Z,2026-03-27T19:28:00Z,1,4.15,2.40,0.00,completed
E002947,O-PHX-04-20260327-produce-003,PHX-04,P-APPLE,2026-03-27T19:39:00Z,2026-03-27T19:41:00Z,2,3.80,1.10,0.00,completed
E002948,O-PHX-04-20260327-produce-004,PHX-04,P-BERRY,2026-03-27T19:52:00Z,2026-03-27T19:54:00Z,1,4.15,2.40,0.00,completed
E002949,O-PHX-04-20260327-produce-005,PHX-04,P-APPLE,2026-03-27T20:05:00Z,2026-03-27T20:07:00Z,1,3.80,1.10,0.00,completed
E002950,O-PHX-04-20260327-produce-006,PHX-04,P-BERRY,2026-03-27T20:18:00Z,2026-03-27T20:20:00Z,2,4.15,2.40,0.00,completed
E002951,O-PHX-04-20260327-produce-007,PHX-04,P-APPLE,2026-03-27T20:31:00Z,2026-03-27T20:33:00Z,1,3.80,1.10,0.00,cancelled
E002952,O-PHX-04-20260327-produce-008,PHX-04,P-BERRY,2026-03-27T20:44:00Z,2026-03-27T20:46:00Z,1,4.15,2.40,0.00,completed
E002953,O-PHX-04-20260327-produce-009,PHX-04,P-APPLE,2026-03-27T20:57:00Z,2026-03-27T20:59:00Z,2,3.80,1.10,0.00,completed
E002954,O-PHX-04-20260327-produce-010,PHX-04,P-BERRY,2026-03-27T21:10:00Z,2026-03-27T21:12:00Z,1,4.15,2.40,0.00,completed
E002955,O-PHX-04-20260327-produce-010,PHX-04,P-BERRY,2026-03-27T21:10:00Z,2026-03-27T21:13:00Z,1,4.15,2.40,0.00,completed
E002956,O-PHX-04-20260327-dairy-000,PHX-04,P-YOGURT,2026-03-27T19:00:00Z,2026-03-27T19:02:00Z,2,4.40,0.95,0.00,completed
E002957,O-PHX-04-20260327-dairy-001,PHX-04,P-MILK,2026-03-27T19:13:00Z,2026-03-27T19:15:00Z,1,4.40,1.80,0.00,completed
E002958,O-PHX-04-20260327-dairy-002,PHX-04,P-YOGURT,2026-03-27T19:26:00Z,2026-03-27T19:28:00Z,1,4.40,0.95,0.00,completed
E002959,O-PHX-04-20260327-dairy-003,PHX-04,P-MILK,2026-03-27T19:39:00Z,2026-03-27T19:41:00Z,2,4.40,1.80,0.00,completed
E002960,O-PHX-04-20260327-dairy-004,PHX-04,P-YOGURT,2026-03-27T19:52:00Z,2026-03-27T19:54:00Z,1,4.40,0.95,0.00,completed
E002961,O-PHX-04-20260327-dairy-005,PHX-04,P-MILK,2026-03-27T20:05:00Z,2026-03-27T20:07:00Z,1,4.40,1.80,0.00,completed
E002962,O-PHX-04-20260327-dairy-006,PHX-04,P-YOGURT,2026-03-27T20:18:00Z,2026-03-27T20:20:00Z,2,4.40,0.95,0.00,completed
E002963,O-PHX-04-20260327-dairy-007,PHX-04,P-MILK,2026-03-27T20:31:00Z,2026-03-27T20:33:00Z,1,4.40,1.80,0.00,completed
E002964,O-PHX-04-20260327-dairy-008,PHX-04,P-YOGURT,2026-03-27T20:44:00Z,2026-03-27T20:46:00Z,1,4.40,0.95,0.00,completed
E002965,O-PHX-04-20260327-pantry-000,PHX-04,P-SAUCE,2026-03-27T19:00:00Z,2026-03-27T19:02:00Z,2,3.60,1.45,0.50,completed
E002966,O-PHX-04-20260327-pantry-001,PHX-04,P-PASTA,2026-03-27T19:13:00Z,2026-03-27T19:15:00Z,1,3.60,1.25,0.25,completed
E002967,O-PHX-04-20260327-pantry-002,PHX-04,P-SAUCE,2026-03-27T19:26:00Z,2026-03-27T19:28:00Z,1,3.60,1.45,0.25,completed
E002968,O-PHX-04-20260327-pantry-003,PHX-04,P-PASTA,2026-03-27T19:39:00Z,2026-03-27T19:41:00Z,2,3.60,1.25,0.50,completed
E002969,O-PHX-04-20260327-pantry-004,PHX-04,P-SAUCE,2026-03-27T19:52:00Z,2026-03-27T19:54:00Z,1,3.60,1.45,0.25,completed
E002970,O-PHX-04-20260327-pantry-005,PHX-04,P-PASTA,2026-03-27T20:05:00Z,2026-03-27T20:07:00Z,1,3.60,1.25,0.25,completed
E002971,O-PHX-04-20260327-pantry-006,PHX-04,P-SAUCE,2026-03-27T20:18:00Z,2026-03-27T20:20:00Z,2,3.60,1.45,0.50,completed
E002972,O-PHX-04-20260327-pantry-007,PHX-04,P-PASTA,2026-03-27T20:31:00Z,2026-03-27T20:33:00Z,1,3.60,1.25,0.25,completed
E002973,O-PHX-04-20260327-pantry-008,PHX-04,P-SAUCE,2026-03-27T20:44:00Z,2026-03-27T20:46:00Z,1,3.60,1.45,0.25,cancelled
E002974,O-SFO-01-20260328-produce-000,SFO-01,P-APPLE,2026-03-28T19:00:00Z,2026-03-28T19:02:00Z,1,3.80,1.10,0.00,completed
E002975,O-SFO-01-20260328-produce-001,SFO-01,P-BERRY,2026-03-28T19:13:00Z,2026-03-28T19:15:00Z,1,4.15,2.40,0.00,completed
E002976,O-SFO-01-20260328-produce-002,SFO-01,P-APPLE,2026-03-28T19:26:00Z,2026-03-28T19:28:00Z,2,3.80,1.10,0.00,completed
E002977,O-SFO-01-20260328-produce-003,SFO-01,P-BERRY,2026-03-28T19:39:00Z,2026-03-28T19:41:00Z,1,4.15,2.40,0.00,completed
E002978,O-SFO-01-20260328-produce-004,SFO-01,P-APPLE,2026-03-28T19:52:00Z,2026-03-28T19:54:00Z,1,3.80,1.10,0.00,completed
E002979,O-SFO-01-20260328-produce-005,SFO-01,P-BERRY,2026-03-28T20:05:00Z,2026-03-28T20:07:00Z,2,4.15,2.40,0.00,completed
E002980,O-SFO-01-20260328-produce-006,SFO-01,P-APPLE,2026-03-28T20:18:00Z,2026-03-28T20:20:00Z,1,3.80,1.10,0.00,cancelled
E002981,O-SFO-01-20260328-produce-007,SFO-01,P-BERRY,2026-03-28T20:31:00Z,2026-03-28T20:33:00Z,1,4.15,2.40,0.00,completed
E002982,O-SFO-01-20260328-produce-008,SFO-01,P-APPLE,2026-03-28T20:44:00Z,2026-03-28T20:46:00Z,2,3.80,1.10,0.00,completed
E002983,O-SFO-01-20260328-produce-009,SFO-01,P-BERRY,2026-03-28T20:57:00Z,2026-03-28T20:59:00Z,1,4.15,2.40,0.00,completed
E002984,O-SFO-01-20260328-produce-009,SFO-01,P-BERRY,2026-03-28T20:57:00Z,2026-03-28T21:00:00Z,1,4.15,2.40,0.00,completed
E002985,O-SFO-01-20260328-produce-010,SFO-01,P-APPLE,2026-03-28T21:10:00Z,2026-03-28T21:12:00Z,1,3.80,1.10,0.00,completed
E002986,O-SFO-01-20260328-produce-011,SFO-01,P-BERRY,2026-03-28T21:23:00Z,2026-03-28T21:25:00Z,2,4.15,2.40,0.00,completed
E002987,O-SFO-01-20260328-produce-012,SFO-01,P-APPLE,2026-03-28T21:36:00Z,2026-03-28T21:38:00Z,1,3.80,1.10,0.00,completed
E002988,O-SFO-01-20260328-produce-013,SFO-01,P-BERRY,2026-03-28T21:49:00Z,2026-03-28T21:51:00Z,1,4.15,2.40,0.00,completed
E002989,O-SFO-01-20260328-produce-014,SFO-01,P-APPLE,2026-03-28T22:02:00Z,2026-03-28T22:04:00Z,2,3.80,1.10,0.00,completed
E002990,O-SFO-01-20260328-produce-015,SFO-01,P-BERRY,2026-03-28T22:15:00Z,2026-03-28T22:17:00Z,1,4.15,2.40,0.00,completed
E002991,O-SFO-01-20260328-produce-016,SFO-01,P-APPLE,2026-03-28T22:28:00Z,2026-03-28T22:30:00Z,1,3.80,1.10,0.00,completed
E002992,O-SFO-01-20260328-produce-017,SFO-01,P-BERRY,2026-03-28T22:41:00Z,2026-03-28T22:43:00Z,2,4.15,2.40,0.00,completed
E002993,O-SFO-01-20260328-produce-018,SFO-01,P-APPLE,2026-03-28T22:54:00Z,2026-03-28T22:56:00Z,1,3.80,1.10,0.00,completed
E002994,O-SFO-01-20260328-dairy-000,SFO-01,P-MILK,2026-03-28T19:00:00Z,2026-03-28T19:02:00Z,1,4.40,1.80,0.00,completed
E002995,O-SFO-01-20260328-dairy-001,SFO-01,P-YOGURT,2026-03-28T19:13:00Z,2026-03-28T19:15:00Z,1,4.40,0.95,0.00,completed
E002996,O-SFO-01-20260328-dairy-002,SFO-01,P-MILK,2026-03-28T19:26:00Z,2026-03-28T19:28:00Z,2,4.40,1.80,0.00,completed
E002997,O-SFO-01-20260328-dairy-003,SFO-01,P-YOGURT,2026-03-28T19:39:00Z,2026-03-28T19:41:00Z,1,4.40,0.95,0.00,completed
E002998,O-SFO-01-20260328-dairy-004,SFO-01,P-MILK,2026-03-28T19:52:00Z,2026-03-28T19:54:00Z,1,4.40,1.80,0.00,completed
E002999,O-SFO-01-20260328-dairy-005,SFO-01,P-YOGURT,2026-03-28T20:05:00Z,2026-03-28T20:07:00Z,2,4.40,0.95,0.00,completed
E003000,O-SFO-01-20260328-dairy-006,SFO-01,P-MILK,2026-03-28T20:18:00Z,2026-03-28T20:20:00Z,1,4.40,1.80,0.00,completed
E003001,O-SFO-01-20260328-dairy-007,SFO-01,P-YOGURT,2026-03-28T20:31:00Z,2026-03-28T20:33:00Z,1,4.40,0.95,0.00,completed
E003002,O-SFO-01-20260328-dairy-008,SFO-01,P-MILK,2026-03-28T20:44:00Z,2026-03-28T20:46:00Z,2,4.40,1.80,0.00,cancelled
E003003,O-SFO-01-20260328-dairy-009,SFO-01,P-YOGURT,2026-03-28T20:57:00Z,2026-03-28T20:59:00Z,1,4.40,0.95,0.00,completed
E003004,O-SFO-01-20260328-dairy-009,SFO-01,P-YOGURT,2026-03-28T20:57:00Z,2026-03-28T21:00:00Z,1,4.40,0.95,0.00,completed
E003005,O-SFO-01-20260328-dairy-010,SFO-01,P-MILK,2026-03-28T21:10:00Z,2026-03-28T21:12:00Z,1,4.40,1.80,0.00,completed
E003006,O-SFO-01-20260328-dairy-011,SFO-01,P-YOGURT,2026-03-28T21:23:00Z,2026-03-28T21:25:00Z,2,4.40,0.95,0.00,completed
E003007,O-SFO-01-20260328-dairy-012,SFO-01,P-MILK,2026-03-28T21:36:00Z,2026-03-28T21:38:00Z,1,4.40,1.80,0.00,completed
E003008,O-SFO-01-20260328-dairy-013,SFO-01,P-YOGURT,2026-03-28T21:49:00Z,2026-03-28T21:51:00Z,1,4.40,0.95,0.00,completed
E003009,O-SFO-01-20260328-dairy-014,SFO-01,P-MILK,2026-03-28T22:02:00Z,2026-03-28T22:04:00Z,2,4.40,1.80,0.00,completed
E003010,O-SFO-01-20260328-pantry-000,SFO-01,P-PASTA,2026-03-28T19:00:00Z,2026-03-28T19:02:00Z,1,3.60,1.25,0.25,completed
E003011,O-SFO-01-20260328-pantry-001,SFO-01,P-SAUCE,2026-03-28T19:13:00Z,2026-03-28T19:15:00Z,1,3.60,1.45,0.25,completed
E003012,O-SFO-01-20260328-pantry-002,SFO-01,P-PASTA,2026-03-28T19:26:00Z,2026-03-28T19:28:00Z,2,3.60,1.25,0.50,completed
E003013,O-SFO-01-20260328-pantry-003,SFO-01,P-SAUCE,2026-03-28T19:39:00Z,2026-03-28T19:41:00Z,1,3.60,1.45,0.25,completed
E003014,O-SFO-01-20260328-pantry-004,SFO-01,P-PASTA,2026-03-28T19:52:00Z,2026-03-28T19:54:00Z,1,3.60,1.25,0.25,completed
E003015,O-SFO-01-20260328-pantry-005,SFO-01,P-SAUCE,2026-03-28T20:05:00Z,2026-03-28T20:07:00Z,2,3.60,1.45,0.50,completed
E003016,O-SFO-01-20260328-pantry-006,SFO-01,P-PASTA,2026-03-28T20:18:00Z,2026-03-28T20:20:00Z,1,3.60,1.25,0.25,completed
E003017,O-SFO-01-20260328-pantry-007,SFO-01,P-SAUCE,2026-03-28T20:31:00Z,2026-03-28T20:33:00Z,1,3.60,1.45,0.25,cancelled
E003018,O-SFO-01-20260328-pantry-008,SFO-01,P-PASTA,2026-03-28T20:44:00Z,2026-03-28T20:46:00Z,2,3.60,1.25,0.50,completed
E003019,O-SFO-01-20260328-pantry-009,SFO-01,P-SAUCE,2026-03-28T20:57:00Z,2026-03-28T20:59:00Z,1,3.60,1.45,0.25,completed
E003020,O-SFO-01-20260328-pantry-009,SFO-01,P-SAUCE,2026-03-28T20:57:00Z,2026-03-28T21:00:00Z,1,3.60,1.45,0.25,completed
E003021,O-SFO-01-20260328-pantry-010,SFO-01,P-PASTA,2026-03-28T21:10:00Z,2026-03-28T21:12:00Z,1,3.60,1.25,0.25,completed
E003022,O-SFO-01-20260328-pantry-011,SFO-01,P-SAUCE,2026-03-28T21:23:00Z,2026-03-28T21:25:00Z,2,3.60,1.45,0.50,completed
E003023,O-NYC-02-20260328-produce-000,NYC-02,P-APPLE,2026-03-28T16:00:00Z,2026-03-28T16:02:00Z,1,3.80,1.10,0.00,completed
E003024,O-NYC-02-20260328-produce-001,NYC-02,P-BERRY,2026-03-28T16:13:00Z,2026-03-28T16:15:00Z,1,4.15,2.40,0.00,completed
E003025,O-NYC-02-20260328-produce-002,NYC-02,P-APPLE,2026-03-28T16:26:00Z,2026-03-28T16:28:00Z,2,3.80,1.10,0.00,completed
E003026,O-NYC-02-20260328-produce-003,NYC-02,P-BERRY,2026-03-28T16:39:00Z,2026-03-28T16:41:00Z,1,4.15,2.40,0.00,completed
E003027,O-NYC-02-20260328-produce-004,NYC-02,P-APPLE,2026-03-28T16:52:00Z,2026-03-28T16:54:00Z,1,3.80,1.10,0.00,completed
E003028,O-NYC-02-20260328-produce-005,NYC-02,P-BERRY,2026-03-28T17:05:00Z,2026-03-28T17:07:00Z,2,4.15,2.40,0.00,completed
E003029,O-NYC-02-20260328-produce-006,NYC-02,P-APPLE,2026-03-28T17:18:00Z,2026-03-28T17:20:00Z,1,3.80,1.10,0.00,cancelled
E003030,O-NYC-02-20260328-produce-007,NYC-02,P-BERRY,2026-03-28T17:31:00Z,2026-03-28T17:33:00Z,1,4.15,2.40,0.00,completed
E003031,O-NYC-02-20260328-produce-008,NYC-02,P-APPLE,2026-03-28T17:44:00Z,2026-03-28T17:46:00Z,2,3.80,1.10,0.00,completed
E003032,O-NYC-02-20260328-produce-009,NYC-02,P-BERRY,2026-03-28T17:57:00Z,2026-03-28T17:59:00Z,1,4.15,2.40,0.00,completed
E003033,O-NYC-02-20260328-produce-009,NYC-02,P-BERRY,2026-03-28T17:57:00Z,2026-03-28T18:00:00Z,1,4.15,2.40,0.00,completed
E003034,O-NYC-02-20260328-produce-010,NYC-02,P-APPLE,2026-03-28T18:10:00Z,2026-03-28T18:12:00Z,1,3.80,1.10,0.00,completed
E003035,O-NYC-02-20260328-produce-011,NYC-02,P-BERRY,2026-03-28T18:23:00Z,2026-03-28T18:25:00Z,2,4.15,2.40,0.00,completed
E003036,O-NYC-02-20260328-produce-012,NYC-02,P-APPLE,2026-03-28T18:36:00Z,2026-03-28T18:38:00Z,1,3.80,1.10,0.00,completed
E003037,O-NYC-02-20260328-produce-013,NYC-02,P-BERRY,2026-03-28T18:49:00Z,2026-03-28T18:51:00Z,1,4.15,2.40,0.00,completed
E003038,O-NYC-02-20260328-produce-014,NYC-02,P-APPLE,2026-03-28T19:02:00Z,2026-03-28T19:04:00Z,2,3.80,1.10,0.00,completed
E003039,O-NYC-02-20260328-produce-015,NYC-02,P-BERRY,2026-03-28T19:15:00Z,2026-03-28T19:17:00Z,1,4.15,2.40,0.00,completed
E003040,O-NYC-02-20260328-produce-016,NYC-02,P-APPLE,2026-03-28T19:28:00Z,2026-03-28T19:30:00Z,1,3.80,1.10,0.00,completed
E003041,O-NYC-02-20260328-produce-017,NYC-02,P-BERRY,2026-03-28T19:41:00Z,2026-03-28T19:43:00Z,2,4.15,2.40,0.00,completed
E003042,O-NYC-02-20260328-produce-018,NYC-02,P-APPLE,2026-03-28T19:54:00Z,2026-03-28T19:56:00Z,1,3.80,1.10,0.00,completed
E003043,O-NYC-02-20260328-produce-019,NYC-02,P-BERRY,2026-03-28T20:07:00Z,2026-03-28T20:09:00Z,1,4.15,2.40,0.00,completed
E003044,O-NYC-02-20260328-produce-019,NYC-02,P-BERRY,2026-03-28T23:07:00Z,2026-03-29T01:09:00Z,1,4.15,2.40,0.00,returned
E003045,O-NYC-02-20260328-produce-020,NYC-02,P-APPLE,2026-03-28T20:20:00Z,2026-03-28T20:22:00Z,2,3.80,1.10,0.00,completed
E003046,O-NYC-02-20260328-produce-021,NYC-02,P-BERRY,2026-03-28T20:33:00Z,2026-03-28T20:35:00Z,1,4.15,2.40,0.00,completed
E003047,O-NYC-02-20260328-produce-022,NYC-02,P-APPLE,2026-03-28T20:46:00Z,2026-03-28T20:48:00Z,1,3.80,1.10,0.00,completed
E003048,O-NYC-02-20260328-dairy-000,NYC-02,P-MILK,2026-03-28T16:00:00Z,2026-03-28T16:02:00Z,1,4.40,1.80,0.00,completed
E003049,O-NYC-02-20260328-dairy-001,NYC-02,P-YOGURT,2026-03-28T16:13:00Z,2026-03-28T16:15:00Z,1,4.40,0.95,0.00,completed
E003050,O-NYC-02-20260328-dairy-002,NYC-02,P-MILK,2026-03-28T16:26:00Z,2026-03-28T16:28:00Z,2,4.40,1.80,0.00,completed
E003051,O-NYC-02-20260328-dairy-003,NYC-02,P-YOGURT,2026-03-28T16:39:00Z,2026-03-28T16:41:00Z,1,4.40,0.95,0.00,completed
E003052,O-NYC-02-20260328-dairy-004,NYC-02,P-MILK,2026-03-28T16:52:00Z,2026-03-28T16:54:00Z,1,4.40,1.80,0.00,completed
E003053,O-NYC-02-20260328-dairy-005,NYC-02,P-YOGURT,2026-03-28T17:05:00Z,2026-03-28T17:07:00Z,2,4.40,0.95,0.00,completed
E003054,O-NYC-02-20260328-dairy-006,NYC-02,P-MILK,2026-03-28T17:18:00Z,2026-03-28T17:20:00Z,1,4.40,1.80,0.00,completed
E003055,O-NYC-02-20260328-dairy-007,NYC-02,P-YOGURT,2026-03-28T17:31:00Z,2026-03-28T17:33:00Z,1,4.40,0.95,0.00,completed
E003056,O-NYC-02-20260328-dairy-008,NYC-02,P-MILK,2026-03-28T17:44:00Z,2026-03-28T17:46:00Z,2,4.40,1.80,0.00,cancelled
E003057,O-NYC-02-20260328-dairy-009,NYC-02,P-YOGURT,2026-03-28T17:57:00Z,2026-03-28T17:59:00Z,1,4.40,0.95,0.00,completed
E003058,O-NYC-02-20260328-dairy-009,NYC-02,P-YOGURT,2026-03-28T17:57:00Z,2026-03-28T18:00:00Z,1,4.40,0.95,0.00,completed
E003059,O-NYC-02-20260328-dairy-010,NYC-02,P-MILK,2026-03-28T18:10:00Z,2026-03-28T18:12:00Z,1,4.40,1.80,0.00,completed
E003060,O-NYC-02-20260328-dairy-011,NYC-02,P-YOGURT,2026-03-28T18:23:00Z,2026-03-28T18:25:00Z,2,4.40,0.95,0.00,completed
E003061,O-NYC-02-20260328-dairy-012,NYC-02,P-MILK,2026-03-28T18:36:00Z,2026-03-28T18:38:00Z,1,4.40,1.80,0.00,completed
E003062,O-NYC-02-20260328-dairy-013,NYC-02,P-YOGURT,2026-03-28T18:49:00Z,2026-03-28T18:51:00Z,1,4.40,0.95,0.00,completed
E003063,O-NYC-02-20260328-dairy-014,NYC-02,P-MILK,2026-03-28T19:02:00Z,2026-03-28T19:04:00Z,2,4.40,1.80,0.00,completed
E003064,O-NYC-02-20260328-dairy-015,NYC-02,P-YOGURT,2026-03-28T19:15:00Z,2026-03-28T19:17:00Z,1,4.40,0.95,0.00,completed
E003065,O-NYC-02-20260328-dairy-016,NYC-02,P-MILK,2026-03-28T19:28:00Z,2026-03-28T19:30:00Z,1,4.40,1.80,0.00,completed
E003066,O-NYC-02-20260328-dairy-017,NYC-02,P-YOGURT,2026-03-28T19:41:00Z,2026-03-28T19:43:00Z,2,4.40,0.95,0.00,completed
E003067,O-NYC-02-20260328-dairy-018,NYC-02,P-MILK,2026-03-28T19:54:00Z,2026-03-28T19:56:00Z,1,4.40,1.80,0.00,completed
E003068,O-NYC-02-20260328-pantry-000,NYC-02,P-PASTA,2026-03-28T16:00:00Z,2026-03-28T16:02:00Z,1,3.60,1.25,0.25,completed
E003069,O-NYC-02-20260328-pantry-001,NYC-02,P-SAUCE,2026-03-28T16:13:00Z,2026-03-28T16:15:00Z,1,3.60,1.45,0.25,completed
E003070,O-NYC-02-20260328-pantry-002,NYC-02,P-PASTA,2026-03-28T16:26:00Z,2026-03-28T16:28:00Z,2,3.60,1.25,0.50,completed
E003071,O-NYC-02-20260328-pantry-003,NYC-02,P-SAUCE,2026-03-28T16:39:00Z,2026-03-28T16:41:00Z,1,3.60,1.45,0.25,completed
E003072,O-NYC-02-20260328-pantry-004,NYC-02,P-PASTA,2026-03-28T16:52:00Z,2026-03-28T16:54:00Z,1,3.60,1.25,0.25,completed
E003073,O-NYC-02-20260328-pantry-005,NYC-02,P-SAUCE,2026-03-28T17:05:00Z,2026-03-28T17:07:00Z,2,3.60,1.45,0.50,completed
E003074,O-NYC-02-20260328-pantry-006,NYC-02,P-PASTA,2026-03-28T17:18:00Z,2026-03-28T17:20:00Z,1,3.60,1.25,0.25,completed
E003075,O-NYC-02-20260328-pantry-007,NYC-02,P-SAUCE,2026-03-28T17:31:00Z,2026-03-28T17:33:00Z,1,3.60,1.45,0.25,cancelled
E003076,O-NYC-02-20260328-pantry-008,NYC-02,P-PASTA,2026-03-28T17:44:00Z,2026-03-28T17:46:00Z,2,3.60,1.25,0.50,completed
E003077,O-NYC-02-20260328-pantry-009,NYC-02,P-SAUCE,2026-03-28T17:57:00Z,2026-03-28T17:59:00Z,1,3.60,1.45,0.25,completed
E003078,O-NYC-02-20260328-pantry-009,NYC-02,P-SAUCE,2026-03-28T17:57:00Z,2026-03-28T18:00:00Z,1,3.60,1.45,0.25,completed
E003079,O-NYC-02-20260328-pantry-010,NYC-02,P-PASTA,2026-03-28T18:10:00Z,2026-03-28T18:12:00Z,1,3.60,1.25,0.25,completed
E003080,O-NYC-02-20260328-pantry-011,NYC-02,P-SAUCE,2026-03-28T18:23:00Z,2026-03-28T18:25:00Z,2,3.60,1.45,0.50,completed
E003081,O-NYC-02-20260328-pantry-012,NYC-02,P-PASTA,2026-03-28T18:36:00Z,2026-03-28T18:38:00Z,1,3.60,1.25,0.25,completed
E003082,O-NYC-02-20260328-pantry-013,NYC-02,P-SAUCE,2026-03-28T18:49:00Z,2026-03-28T18:51:00Z,1,3.60,1.45,0.25,completed
E003083,O-NYC-02-20260328-pantry-014,NYC-02,P-PASTA,2026-03-28T19:02:00Z,2026-03-28T19:04:00Z,2,3.60,1.25,0.50,completed
E003084,O-NYC-02-20260328-pantry-015,NYC-02,P-SAUCE,2026-03-28T19:15:00Z,2026-03-28T19:17:00Z,1,3.60,1.45,0.25,completed
E003085,O-NYC-02-20260328-pantry-016,NYC-02,P-PASTA,2026-03-28T19:28:00Z,2026-03-28T19:30:00Z,1,3.60,1.25,0.25,completed
E003086,O-CHI-03-20260328-produce-000,CHI-03,P-APPLE,2026-03-28T17:00:00Z,2026-03-28T17:02:00Z,1,3.80,1.10,0.00,completed
E003087,O-CHI-03-20260328-produce-001,CHI-03,P-BERRY,2026-03-28T17:13:00Z,2026-03-28T17:15:00Z,1,4.15,2.40,0.00,completed
E003088,O-CHI-03-20260328-produce-002,CHI-03,P-APPLE,2026-03-28T17:26:00Z,2026-03-28T17:28:00Z,2,3.80,1.10,0.00,completed
E003089,O-CHI-03-20260328-produce-003,CHI-03,P-BERRY,2026-03-28T17:39:00Z,2026-03-28T17:41:00Z,1,4.15,2.40,0.00,completed
E003090,O-CHI-03-20260328-produce-004,CHI-03,P-APPLE,2026-03-28T17:52:00Z,2026-03-28T17:54:00Z,1,3.80,1.10,0.00,completed
E003091,O-CHI-03-20260328-produce-005,CHI-03,P-BERRY,2026-03-28T18:05:00Z,2026-03-28T18:07:00Z,2,4.15,2.40,0.00,completed
E003092,O-CHI-03-20260328-produce-006,CHI-03,P-APPLE,2026-03-28T18:18:00Z,2026-03-28T18:20:00Z,1,3.80,1.10,0.00,cancelled
E003093,O-CHI-03-20260328-produce-007,CHI-03,P-BERRY,2026-03-28T18:31:00Z,2026-03-28T18:33:00Z,1,4.15,2.40,0.00,completed
E003094,O-CHI-03-20260328-produce-008,CHI-03,P-APPLE,2026-03-28T18:44:00Z,2026-03-28T18:46:00Z,2,3.80,1.10,0.00,completed
E003095,O-CHI-03-20260328-produce-009,CHI-03,P-BERRY,2026-03-28T18:57:00Z,2026-03-28T18:59:00Z,1,4.15,2.40,0.00,completed
E003096,O-CHI-03-20260328-produce-009,CHI-03,P-BERRY,2026-03-28T18:57:00Z,2026-03-28T19:00:00Z,1,4.15,2.40,0.00,completed
E003097,O-CHI-03-20260328-produce-010,CHI-03,P-APPLE,2026-03-28T19:10:00Z,2026-03-28T19:12:00Z,1,3.80,1.10,0.00,completed
E003098,O-CHI-03-20260328-produce-011,CHI-03,P-BERRY,2026-03-28T19:23:00Z,2026-03-28T19:25:00Z,2,4.15,2.40,0.00,completed
E003099,O-CHI-03-20260328-produce-012,CHI-03,P-APPLE,2026-03-28T19:36:00Z,2026-03-28T19:38:00Z,1,3.80,1.10,0.00,completed
E003100,O-CHI-03-20260328-dairy-000,CHI-03,P-MILK,2026-03-28T17:00:00Z,2026-03-28T17:02:00Z,1,4.40,1.80,0.00,completed
E003101,O-CHI-03-20260328-dairy-001,CHI-03,P-YOGURT,2026-03-28T17:13:00Z,2026-03-28T17:15:00Z,1,4.40,0.95,0.00,completed
E003102,O-CHI-03-20260328-dairy-002,CHI-03,P-MILK,2026-03-28T17:26:00Z,2026-03-28T17:28:00Z,2,4.40,1.80,0.00,completed
E003103,O-CHI-03-20260328-dairy-003,CHI-03,P-YOGURT,2026-03-28T17:39:00Z,2026-03-28T17:41:00Z,1,4.40,0.95,0.00,completed
E003104,O-CHI-03-20260328-dairy-004,CHI-03,P-MILK,2026-03-28T17:52:00Z,2026-03-28T17:54:00Z,1,4.40,1.80,0.00,completed
E003105,O-CHI-03-20260328-dairy-005,CHI-03,P-YOGURT,2026-03-28T18:05:00Z,2026-03-28T18:07:00Z,2,4.40,0.95,0.00,completed
E003106,O-CHI-03-20260328-dairy-006,CHI-03,P-MILK,2026-03-28T18:18:00Z,2026-03-28T18:20:00Z,1,4.40,1.80,0.00,completed
E003107,O-CHI-03-20260328-dairy-007,CHI-03,P-YOGURT,2026-03-28T18:31:00Z,2026-03-28T18:33:00Z,1,4.40,0.95,0.00,completed
E003108,O-CHI-03-20260328-dairy-008,CHI-03,P-MILK,2026-03-28T18:44:00Z,2026-03-28T18:46:00Z,2,4.40,1.80,0.00,cancelled
E003109,O-CHI-03-20260328-dairy-009,CHI-03,P-YOGURT,2026-03-28T18:57:00Z,2026-03-28T18:59:00Z,1,4.40,0.95,0.00,completed
E003110,O-CHI-03-20260328-dairy-009,CHI-03,P-YOGURT,2026-03-28T18:57:00Z,2026-03-28T19:00:00Z,1,4.40,0.95,0.00,completed
E003111,O-CHI-03-20260328-dairy-010,CHI-03,P-MILK,2026-03-28T19:10:00Z,2026-03-28T19:12:00Z,1,4.40,1.80,0.00,completed
E003112,O-CHI-03-20260328-pantry-000,CHI-03,P-PASTA,2026-03-28T17:00:00Z,2026-03-28T17:02:00Z,1,3.60,1.25,0.25,completed
E003113,O-CHI-03-20260328-pantry-001,CHI-03,P-SAUCE,2026-03-28T17:13:00Z,2026-03-28T17:15:00Z,1,3.60,1.45,0.25,completed
E003114,O-CHI-03-20260328-pantry-002,CHI-03,P-PASTA,2026-03-28T17:26:00Z,2026-03-28T17:28:00Z,2,3.60,1.25,0.50,completed
E003115,O-CHI-03-20260328-pantry-003,CHI-03,P-SAUCE,2026-03-28T17:39:00Z,2026-03-28T17:41:00Z,1,3.60,1.45,0.25,completed
E003116,O-CHI-03-20260328-pantry-004,CHI-03,P-PASTA,2026-03-28T17:52:00Z,2026-03-28T17:54:00Z,1,3.60,1.25,0.25,completed
E003117,O-CHI-03-20260328-pantry-005,CHI-03,P-SAUCE,2026-03-28T18:05:00Z,2026-03-28T18:07:00Z,2,3.60,1.45,0.50,completed
E003118,O-CHI-03-20260328-pantry-006,CHI-03,P-PASTA,2026-03-28T18:18:00Z,2026-03-28T18:20:00Z,1,3.60,1.25,0.25,completed
E003119,O-CHI-03-20260328-pantry-007,CHI-03,P-SAUCE,2026-03-28T18:31:00Z,2026-03-28T18:33:00Z,1,3.60,1.45,0.25,cancelled
E003120,O-CHI-03-20260328-pantry-008,CHI-03,P-PASTA,2026-03-28T18:44:00Z,2026-03-28T18:46:00Z,2,3.60,1.25,0.50,completed
E003121,O-CHI-03-20260328-pantry-009,CHI-03,P-SAUCE,2026-03-28T18:57:00Z,2026-03-28T18:59:00Z,1,3.60,1.45,0.25,completed
E003122,O-CHI-03-20260328-pantry-009,CHI-03,P-SAUCE,2026-03-28T18:57:00Z,2026-03-28T19:00:00Z,1,3.60,1.45,0.25,completed
E003123,O-CHI-03-20260328-pantry-010,CHI-03,P-PASTA,2026-03-28T19:10:00Z,2026-03-28T19:12:00Z,1,3.60,1.25,0.25,completed
E003124,O-CHI-03-20260328-pantry-011,CHI-03,P-SAUCE,2026-03-28T19:23:00Z,2026-03-28T19:25:00Z,2,3.60,1.45,0.50,completed
E003125,O-PHX-04-20260328-produce-000,PHX-04,P-APPLE,2026-03-28T19:00:00Z,2026-03-28T19:02:00Z,1,3.80,1.10,0.00,completed
E003126,O-PHX-04-20260328-produce-001,PHX-04,P-BERRY,2026-03-28T19:13:00Z,2026-03-28T19:15:00Z,1,4.15,2.40,0.00,completed
E003127,O-PHX-04-20260328-produce-002,PHX-04,P-APPLE,2026-03-28T19:26:00Z,2026-03-28T19:28:00Z,2,3.80,1.10,0.00,completed
E003128,O-PHX-04-20260328-produce-003,PHX-04,P-BERRY,2026-03-28T19:39:00Z,2026-03-28T19:41:00Z,1,4.15,2.40,0.00,completed
E003129,O-PHX-04-20260328-produce-004,PHX-04,P-APPLE,2026-03-28T19:52:00Z,2026-03-28T19:54:00Z,1,3.80,1.10,0.00,completed
E003130,O-PHX-04-20260328-produce-005,PHX-04,P-BERRY,2026-03-28T20:05:00Z,2026-03-28T20:07:00Z,2,4.15,2.40,0.00,completed
E003131,O-PHX-04-20260328-produce-006,PHX-04,P-APPLE,2026-03-28T20:18:00Z,2026-03-28T20:20:00Z,1,3.80,1.10,0.00,cancelled
E003132,O-PHX-04-20260328-produce-007,PHX-04,P-BERRY,2026-03-28T20:31:00Z,2026-03-28T20:33:00Z,1,4.15,2.40,0.00,completed
E003133,O-PHX-04-20260328-produce-008,PHX-04,P-APPLE,2026-03-28T20:44:00Z,2026-03-28T20:46:00Z,2,3.80,1.10,0.00,completed
E003134,O-PHX-04-20260328-produce-009,PHX-04,P-BERRY,2026-03-28T20:57:00Z,2026-03-28T20:59:00Z,1,4.15,2.40,0.00,completed
E003135,O-PHX-04-20260328-produce-009,PHX-04,P-BERRY,2026-03-28T20:57:00Z,2026-03-28T21:00:00Z,1,4.15,2.40,0.00,completed
E003136,O-PHX-04-20260328-produce-010,PHX-04,P-APPLE,2026-03-28T21:10:00Z,2026-03-28T21:12:00Z,1,3.80,1.10,0.00,completed
E003137,O-PHX-04-20260328-dairy-000,PHX-04,P-MILK,2026-03-28T19:00:00Z,2026-03-28T19:02:00Z,1,4.40,1.80,0.00,completed
E003138,O-PHX-04-20260328-dairy-001,PHX-04,P-YOGURT,2026-03-28T19:13:00Z,2026-03-28T19:15:00Z,1,4.40,0.95,0.00,completed
E003139,O-PHX-04-20260328-dairy-002,PHX-04,P-MILK,2026-03-28T19:26:00Z,2026-03-28T19:28:00Z,2,4.40,1.80,0.00,completed
E003140,O-PHX-04-20260328-dairy-003,PHX-04,P-YOGURT,2026-03-28T19:39:00Z,2026-03-28T19:41:00Z,1,4.40,0.95,0.00,completed
E003141,O-PHX-04-20260328-dairy-004,PHX-04,P-MILK,2026-03-28T19:52:00Z,2026-03-28T19:54:00Z,1,4.40,1.80,0.00,completed
E003142,O-PHX-04-20260328-dairy-005,PHX-04,P-YOGURT,2026-03-28T20:05:00Z,2026-03-28T20:07:00Z,2,4.40,0.95,0.00,completed
E003143,O-PHX-04-20260328-dairy-006,PHX-04,P-MILK,2026-03-28T20:18:00Z,2026-03-28T20:20:00Z,1,4.40,1.80,0.00,completed
E003144,O-PHX-04-20260328-dairy-007,PHX-04,P-YOGURT,2026-03-28T20:31:00Z,2026-03-28T20:33:00Z,1,4.40,0.95,0.00,completed
E003145,O-PHX-04-20260328-dairy-008,PHX-04,P-MILK,2026-03-28T20:44:00Z,2026-03-28T20:46:00Z,2,4.40,1.80,0.00,cancelled
E003146,O-PHX-04-20260328-pantry-000,PHX-04,P-PASTA,2026-03-28T19:00:00Z,2026-03-28T19:02:00Z,1,3.60,1.25,0.25,completed
E003147,O-PHX-04-20260328-pantry-001,PHX-04,P-SAUCE,2026-03-28T19:13:00Z,2026-03-28T19:15:00Z,1,3.60,1.45,0.25,completed
E003148,O-PHX-04-20260328-pantry-002,PHX-04,P-PASTA,2026-03-28T19:26:00Z,2026-03-28T19:28:00Z,2,3.60,1.25,0.50,completed
E003149,O-PHX-04-20260328-pantry-003,PHX-04,P-SAUCE,2026-03-28T19:39:00Z,2026-03-28T19:41:00Z,1,3.60,1.45,0.25,completed
E003150,O-PHX-04-20260328-pantry-004,PHX-04,P-PASTA,2026-03-28T19:52:00Z,2026-03-28T19:54:00Z,1,3.60,1.25,0.25,completed
E003151,O-PHX-04-20260328-pantry-005,PHX-04,P-SAUCE,2026-03-28T20:05:00Z,2026-03-28T20:07:00Z,2,3.60,1.45,0.50,completed
E003152,O-PHX-04-20260328-pantry-006,PHX-04,P-PASTA,2026-03-28T20:18:00Z,2026-03-28T20:20:00Z,1,3.60,1.25,0.25,completed
E003153,O-PHX-04-20260328-pantry-007,PHX-04,P-SAUCE,2026-03-28T20:31:00Z,2026-03-28T20:33:00Z,1,3.60,1.45,0.25,cancelled
E003154,O-PHX-04-20260328-pantry-008,PHX-04,P-PASTA,2026-03-28T20:44:00Z,2026-03-28T20:46:00Z,2,3.60,1.25,0.50,completed
E003155,O-SFO-01-20260329-produce-000,SFO-01,P-BERRY,2026-03-29T19:00:00Z,2026-03-29T19:02:00Z,1,4.15,2.40,0.00,completed
E003156,O-SFO-01-20260329-produce-001,SFO-01,P-APPLE,2026-03-29T19:13:00Z,2026-03-29T19:15:00Z,2,3.80,1.10,0.00,completed
E003157,O-SFO-01-20260329-produce-002,SFO-01,P-BERRY,2026-03-29T19:26:00Z,2026-03-29T19:28:00Z,1,4.15,2.40,0.00,completed
E003158,O-SFO-01-20260329-produce-003,SFO-01,P-APPLE,2026-03-29T19:39:00Z,2026-03-29T19:41:00Z,1,3.80,1.10,0.00,completed
E003159,O-SFO-01-20260329-produce-004,SFO-01,P-BERRY,2026-03-29T19:52:00Z,2026-03-29T19:54:00Z,2,4.15,2.40,0.00,completed
E003160,O-SFO-01-20260329-produce-005,SFO-01,P-APPLE,2026-03-29T20:05:00Z,2026-03-29T20:07:00Z,1,3.80,1.10,0.00,cancelled
E003161,O-SFO-01-20260329-produce-006,SFO-01,P-BERRY,2026-03-29T20:18:00Z,2026-03-29T20:20:00Z,1,4.15,2.40,0.00,completed
E003162,O-SFO-01-20260329-produce-007,SFO-01,P-APPLE,2026-03-29T20:31:00Z,2026-03-29T20:33:00Z,2,3.80,1.10,0.00,completed
E003163,O-SFO-01-20260329-produce-008,SFO-01,P-BERRY,2026-03-29T20:44:00Z,2026-03-29T20:46:00Z,1,4.15,2.40,0.00,completed
E003164,O-SFO-01-20260329-produce-008,SFO-01,P-BERRY,2026-03-29T20:44:00Z,2026-03-29T20:47:00Z,1,4.15,2.40,0.00,completed
E003165,O-SFO-01-20260329-produce-009,SFO-01,P-APPLE,2026-03-29T20:57:00Z,2026-03-29T20:59:00Z,1,3.80,1.10,0.00,completed
E003166,O-SFO-01-20260329-produce-010,SFO-01,P-BERRY,2026-03-29T21:10:00Z,2026-03-29T21:12:00Z,2,4.15,2.40,0.00,completed
E003167,O-SFO-01-20260329-produce-011,SFO-01,P-APPLE,2026-03-29T21:23:00Z,2026-03-29T21:25:00Z,1,3.80,1.10,0.00,completed
E003168,O-SFO-01-20260329-produce-012,SFO-01,P-BERRY,2026-03-29T21:36:00Z,2026-03-29T21:38:00Z,1,4.15,2.40,0.00,completed
E003169,O-SFO-01-20260329-produce-013,SFO-01,P-APPLE,2026-03-29T21:49:00Z,2026-03-29T21:51:00Z,2,3.80,1.10,0.00,completed
E003170,O-SFO-01-20260329-produce-014,SFO-01,P-BERRY,2026-03-29T22:02:00Z,2026-03-29T22:04:00Z,1,4.15,2.40,0.00,completed
E003171,O-SFO-01-20260329-produce-015,SFO-01,P-APPLE,2026-03-29T22:15:00Z,2026-03-29T22:17:00Z,1,3.80,1.10,0.00,completed
E003172,O-SFO-01-20260329-produce-016,SFO-01,P-BERRY,2026-03-29T22:28:00Z,2026-03-29T22:30:00Z,2,4.15,2.40,0.00,completed
E003173,O-SFO-01-20260329-produce-017,SFO-01,P-APPLE,2026-03-29T22:41:00Z,2026-03-29T22:43:00Z,1,3.80,1.10,0.00,completed
E003174,O-SFO-01-20260329-produce-018,SFO-01,P-BERRY,2026-03-29T22:54:00Z,2026-03-29T22:56:00Z,1,4.15,2.40,0.00,completed
E003175,O-SFO-01-20260329-produce-018,SFO-01,P-BERRY,2026-03-30T01:54:00Z,2026-03-30T03:56:00Z,1,4.15,2.40,0.00,returned
E003176,O-SFO-01-20260329-dairy-000,SFO-01,P-YOGURT,2026-03-29T19:00:00Z,2026-03-29T19:02:00Z,1,4.40,0.95,0.00,completed
E003177,O-SFO-01-20260329-dairy-001,SFO-01,P-MILK,2026-03-29T19:13:00Z,2026-03-29T19:15:00Z,2,4.40,1.80,0.00,completed
E003178,O-SFO-01-20260329-dairy-002,SFO-01,P-YOGURT,2026-03-29T19:26:00Z,2026-03-29T19:28:00Z,1,4.40,0.95,0.00,completed
E003179,O-SFO-01-20260329-dairy-003,SFO-01,P-MILK,2026-03-29T19:39:00Z,2026-03-29T19:41:00Z,1,4.40,1.80,0.00,completed
E003180,O-SFO-01-20260329-dairy-004,SFO-01,P-YOGURT,2026-03-29T19:52:00Z,2026-03-29T19:54:00Z,2,4.40,0.95,0.00,completed
E003181,O-SFO-01-20260329-dairy-005,SFO-01,P-MILK,2026-03-29T20:05:00Z,2026-03-29T20:07:00Z,1,4.40,1.80,0.00,completed
E003182,O-SFO-01-20260329-dairy-006,SFO-01,P-YOGURT,2026-03-29T20:18:00Z,2026-03-29T20:20:00Z,1,4.40,0.95,0.00,completed
E003183,O-SFO-01-20260329-dairy-007,SFO-01,P-MILK,2026-03-29T20:31:00Z,2026-03-29T20:33:00Z,2,4.40,1.80,0.00,cancelled
E003184,O-SFO-01-20260329-dairy-008,SFO-01,P-YOGURT,2026-03-29T20:44:00Z,2026-03-29T20:46:00Z,1,4.40,0.95,0.00,completed
E003185,O-SFO-01-20260329-dairy-008,SFO-01,P-YOGURT,2026-03-29T20:44:00Z,2026-03-29T20:47:00Z,1,4.40,0.95,0.00,completed
E003186,O-SFO-01-20260329-dairy-009,SFO-01,P-MILK,2026-03-29T20:57:00Z,2026-03-29T20:59:00Z,1,4.40,1.80,0.00,completed
E003187,O-SFO-01-20260329-dairy-010,SFO-01,P-YOGURT,2026-03-29T21:10:00Z,2026-03-29T21:12:00Z,2,4.40,0.95,0.00,completed
E003188,O-SFO-01-20260329-dairy-011,SFO-01,P-MILK,2026-03-29T21:23:00Z,2026-03-29T21:25:00Z,1,4.40,1.80,0.00,completed
E003189,O-SFO-01-20260329-dairy-012,SFO-01,P-YOGURT,2026-03-29T21:36:00Z,2026-03-29T21:38:00Z,1,4.40,0.95,0.00,completed
E003190,O-SFO-01-20260329-dairy-013,SFO-01,P-MILK,2026-03-29T21:49:00Z,2026-03-29T21:51:00Z,2,4.40,1.80,0.00,completed
E003191,O-SFO-01-20260329-dairy-014,SFO-01,P-YOGURT,2026-03-29T22:02:00Z,2026-03-29T22:04:00Z,1,4.40,0.95,0.00,completed
E003192,O-SFO-01-20260329-dairy-015,SFO-01,P-MILK,2026-03-29T22:15:00Z,2026-03-29T22:17:00Z,1,4.40,1.80,0.00,completed
E003193,O-SFO-01-20260329-pantry-000,SFO-01,P-SAUCE,2026-03-29T19:00:00Z,2026-03-29T19:02:00Z,1,3.60,1.45,0.00,completed
E003194,O-SFO-01-20260329-pantry-001,SFO-01,P-PASTA,2026-03-29T19:13:00Z,2026-03-29T19:15:00Z,2,3.60,1.25,0.00,completed
E003195,O-SFO-01-20260329-pantry-002,SFO-01,P-SAUCE,2026-03-29T19:26:00Z,2026-03-29T19:28:00Z,1,3.60,1.45,0.00,completed
E003196,O-SFO-01-20260329-pantry-003,SFO-01,P-PASTA,2026-03-29T19:39:00Z,2026-03-29T19:41:00Z,1,3.60,1.25,0.00,completed
E003197,O-SFO-01-20260329-pantry-004,SFO-01,P-SAUCE,2026-03-29T19:52:00Z,2026-03-29T19:54:00Z,2,3.60,1.45,0.00,completed
E003198,O-SFO-01-20260329-pantry-005,SFO-01,P-PASTA,2026-03-29T20:05:00Z,2026-03-29T20:07:00Z,1,3.60,1.25,0.00,completed
E003199,O-SFO-01-20260329-pantry-006,SFO-01,P-SAUCE,2026-03-29T20:18:00Z,2026-03-29T20:20:00Z,1,3.60,1.45,0.00,cancelled
E003200,O-SFO-01-20260329-pantry-007,SFO-01,P-PASTA,2026-03-29T20:31:00Z,2026-03-29T20:33:00Z,2,3.60,1.25,0.00,completed
E003201,O-SFO-01-20260329-pantry-008,SFO-01,P-SAUCE,2026-03-29T20:44:00Z,2026-03-29T20:46:00Z,1,3.60,1.45,0.00,completed
E003202,O-SFO-01-20260329-pantry-008,SFO-01,P-SAUCE,2026-03-29T20:44:00Z,2026-03-29T20:47:00Z,1,3.60,1.45,0.00,completed
E003203,O-SFO-01-20260329-pantry-009,SFO-01,P-PASTA,2026-03-29T20:57:00Z,2026-03-29T20:59:00Z,1,3.60,1.25,0.00,completed
E003204,O-SFO-01-20260329-pantry-010,SFO-01,P-SAUCE,2026-03-29T21:10:00Z,2026-03-29T21:12:00Z,2,3.60,1.45,0.00,completed
E003205,O-SFO-01-20260329-pantry-011,SFO-01,P-PASTA,2026-03-29T21:23:00Z,2026-03-29T21:25:00Z,1,3.60,1.25,0.00,completed
E003206,O-SFO-01-20260329-pantry-012,SFO-01,P-SAUCE,2026-03-29T21:36:00Z,2026-03-29T21:38:00Z,1,3.60,1.45,0.00,completed
E003207,O-NYC-02-20260329-produce-000,NYC-02,P-BERRY,2026-03-29T16:00:00Z,2026-03-29T16:02:00Z,1,4.15,2.40,0.00,completed
E003208,O-NYC-02-20260329-produce-001,NYC-02,P-APPLE,2026-03-29T16:13:00Z,2026-03-29T16:15:00Z,2,3.80,1.10,0.00,completed
E003209,O-NYC-02-20260329-produce-002,NYC-02,P-BERRY,2026-03-29T16:26:00Z,2026-03-29T16:28:00Z,1,4.15,2.40,0.00,completed
E003210,O-NYC-02-20260329-produce-003,NYC-02,P-APPLE,2026-03-29T16:39:00Z,2026-03-29T16:41:00Z,1,3.80,1.10,0.00,completed
E003211,O-NYC-02-20260329-produce-004,NYC-02,P-BERRY,2026-03-29T16:52:00Z,2026-03-29T16:54:00Z,2,4.15,2.40,0.00,completed
E003212,O-NYC-02-20260329-produce-005,NYC-02,P-APPLE,2026-03-29T17:05:00Z,2026-03-29T17:07:00Z,1,3.80,1.10,0.00,cancelled
E003213,O-NYC-02-20260329-produce-006,NYC-02,P-BERRY,2026-03-29T17:18:00Z,2026-03-29T17:20:00Z,1,4.15,2.40,0.00,completed
E003214,O-NYC-02-20260329-produce-007,NYC-02,P-APPLE,2026-03-29T17:31:00Z,2026-03-29T17:33:00Z,2,3.80,1.10,0.00,completed
E003215,O-NYC-02-20260329-produce-008,NYC-02,P-BERRY,2026-03-29T17:44:00Z,2026-03-29T17:46:00Z,1,4.15,2.40,0.00,completed
E003216,O-NYC-02-20260329-produce-008,NYC-02,P-BERRY,2026-03-29T17:44:00Z,2026-03-29T17:47:00Z,1,4.15,2.40,0.00,completed
E003217,O-NYC-02-20260329-produce-009,NYC-02,P-APPLE,2026-03-29T17:57:00Z,2026-03-29T17:59:00Z,1,3.80,1.10,0.00,completed
E003218,O-NYC-02-20260329-produce-010,NYC-02,P-BERRY,2026-03-29T18:10:00Z,2026-03-29T18:12:00Z,2,4.15,2.40,0.00,completed
E003219,O-NYC-02-20260329-produce-011,NYC-02,P-APPLE,2026-03-29T18:23:00Z,2026-03-29T18:25:00Z,1,3.80,1.10,0.00,completed
E003220,O-NYC-02-20260329-produce-012,NYC-02,P-BERRY,2026-03-29T18:36:00Z,2026-03-29T18:38:00Z,1,4.15,2.40,0.00,completed
E003221,O-NYC-02-20260329-produce-013,NYC-02,P-APPLE,2026-03-29T18:49:00Z,2026-03-29T18:51:00Z,2,3.80,1.10,0.00,completed
E003222,O-NYC-02-20260329-produce-014,NYC-02,P-BERRY,2026-03-29T19:02:00Z,2026-03-29T19:04:00Z,1,4.15,2.40,0.00,completed
E003223,O-NYC-02-20260329-produce-015,NYC-02,P-APPLE,2026-03-29T19:15:00Z,2026-03-29T19:17:00Z,1,3.80,1.10,0.00,completed
E003224,O-NYC-02-20260329-produce-016,NYC-02,P-BERRY,2026-03-29T19:28:00Z,2026-03-29T19:30:00Z,2,4.15,2.40,0.00,completed
E003225,O-NYC-02-20260329-produce-017,NYC-02,P-APPLE,2026-03-29T19:41:00Z,2026-03-29T19:43:00Z,1,3.80,1.10,0.00,completed
E003226,O-NYC-02-20260329-produce-018,NYC-02,P-BERRY,2026-03-29T19:54:00Z,2026-03-29T19:56:00Z,1,4.15,2.40,0.00,completed
E003227,O-NYC-02-20260329-produce-018,NYC-02,P-BERRY,2026-03-29T22:54:00Z,2026-03-30T00:56:00Z,1,4.15,2.40,0.00,returned
E003228,O-NYC-02-20260329-produce-019,NYC-02,P-APPLE,2026-03-29T20:07:00Z,2026-03-29T20:09:00Z,2,3.80,1.10,0.00,completed
E003229,O-NYC-02-20260329-produce-020,NYC-02,P-BERRY,2026-03-29T20:20:00Z,2026-03-29T20:22:00Z,1,4.15,2.40,0.00,completed
E003230,O-NYC-02-20260329-produce-021,NYC-02,P-APPLE,2026-03-29T20:33:00Z,2026-03-29T20:35:00Z,1,3.80,1.10,0.00,completed
E003231,O-NYC-02-20260329-produce-022,NYC-02,P-BERRY,2026-03-29T20:46:00Z,2026-03-29T20:48:00Z,2,4.15,2.40,0.00,completed
E003232,O-NYC-02-20260329-dairy-000,NYC-02,P-YOGURT,2026-03-29T16:00:00Z,2026-03-29T16:02:00Z,1,4.40,0.95,0.00,completed
E003233,O-NYC-02-20260329-dairy-001,NYC-02,P-MILK,2026-03-29T16:13:00Z,2026-03-29T16:15:00Z,2,4.40,1.80,0.00,completed
E003234,O-NYC-02-20260329-dairy-002,NYC-02,P-YOGURT,2026-03-29T16:26:00Z,2026-03-29T16:28:00Z,1,4.40,0.95,0.00,completed
E003235,O-NYC-02-20260329-dairy-003,NYC-02,P-MILK,2026-03-29T16:39:00Z,2026-03-29T16:41:00Z,1,4.40,1.80,0.00,completed
E003236,O-NYC-02-20260329-dairy-004,NYC-02,P-YOGURT,2026-03-29T16:52:00Z,2026-03-29T16:54:00Z,2,4.40,0.95,0.00,completed
E003237,O-NYC-02-20260329-dairy-005,NYC-02,P-MILK,2026-03-29T17:05:00Z,2026-03-29T17:07:00Z,1,4.40,1.80,0.00,completed
E003238,O-NYC-02-20260329-dairy-006,NYC-02,P-YOGURT,2026-03-29T17:18:00Z,2026-03-29T17:20:00Z,1,4.40,0.95,0.00,completed
E003239,O-NYC-02-20260329-dairy-007,NYC-02,P-MILK,2026-03-29T17:31:00Z,2026-03-29T17:33:00Z,2,4.40,1.80,0.00,cancelled
E003240,O-NYC-02-20260329-dairy-008,NYC-02,P-YOGURT,2026-03-29T17:44:00Z,2026-03-29T17:46:00Z,1,4.40,0.95,0.00,completed
E003241,O-NYC-02-20260329-dairy-008,NYC-02,P-YOGURT,2026-03-29T17:44:00Z,2026-03-29T17:47:00Z,1,4.40,0.95,0.00,completed
E003242,O-NYC-02-20260329-dairy-009,NYC-02,P-MILK,2026-03-29T17:57:00Z,2026-03-29T17:59:00Z,1,4.40,1.80,0.00,completed
E003243,O-NYC-02-20260329-dairy-010,NYC-02,P-YOGURT,2026-03-29T18:10:00Z,2026-03-29T18:12:00Z,2,4.40,0.95,0.00,completed
E003244,O-NYC-02-20260329-dairy-011,NYC-02,P-MILK,2026-03-29T18:23:00Z,2026-03-29T18:25:00Z,1,4.40,1.80,0.00,completed
E003245,O-NYC-02-20260329-dairy-012,NYC-02,P-YOGURT,2026-03-29T18:36:00Z,2026-03-29T18:38:00Z,1,4.40,0.95,0.00,completed
E003246,O-NYC-02-20260329-dairy-013,NYC-02,P-MILK,2026-03-29T18:49:00Z,2026-03-29T18:51:00Z,2,4.40,1.80,0.00,completed
E003247,O-NYC-02-20260329-dairy-014,NYC-02,P-YOGURT,2026-03-29T19:02:00Z,2026-03-29T19:04:00Z,1,4.40,0.95,0.00,completed
E003248,O-NYC-02-20260329-dairy-015,NYC-02,P-MILK,2026-03-29T19:15:00Z,2026-03-29T19:17:00Z,1,4.40,1.80,0.00,completed
E003249,O-NYC-02-20260329-dairy-016,NYC-02,P-YOGURT,2026-03-29T19:28:00Z,2026-03-29T19:30:00Z,2,4.40,0.95,0.00,completed
E003250,O-NYC-02-20260329-dairy-017,NYC-02,P-MILK,2026-03-29T19:41:00Z,2026-03-29T19:43:00Z,1,4.40,1.80,0.00,completed
E003251,O-NYC-02-20260329-dairy-018,NYC-02,P-YOGURT,2026-03-29T19:54:00Z,2026-03-29T19:56:00Z,1,4.40,0.95,0.00,completed
E003252,O-NYC-02-20260329-dairy-018,NYC-02,P-YOGURT,2026-03-29T22:54:00Z,2026-03-30T00:56:00Z,1,4.40,0.95,0.00,returned
E003253,O-NYC-02-20260329-pantry-000,NYC-02,P-SAUCE,2026-03-29T16:00:00Z,2026-03-29T16:02:00Z,1,3.60,1.45,0.00,completed
E003254,O-NYC-02-20260329-pantry-001,NYC-02,P-PASTA,2026-03-29T16:13:00Z,2026-03-29T16:15:00Z,2,3.60,1.25,0.00,completed
E003255,O-NYC-02-20260329-pantry-002,NYC-02,P-SAUCE,2026-03-29T16:26:00Z,2026-03-29T16:28:00Z,1,3.60,1.45,0.00,completed
E003256,O-NYC-02-20260329-pantry-003,NYC-02,P-PASTA,2026-03-29T16:39:00Z,2026-03-29T16:41:00Z,1,3.60,1.25,0.00,completed
E003257,O-NYC-02-20260329-pantry-004,NYC-02,P-SAUCE,2026-03-29T16:52:00Z,2026-03-29T16:54:00Z,2,3.60,1.45,0.00,completed
E003258,O-NYC-02-20260329-pantry-005,NYC-02,P-PASTA,2026-03-29T17:05:00Z,2026-03-29T17:07:00Z,1,3.60,1.25,0.00,completed
E003259,O-NYC-02-20260329-pantry-006,NYC-02,P-SAUCE,2026-03-29T17:18:00Z,2026-03-29T17:20:00Z,1,3.60,1.45,0.00,cancelled
E003260,O-NYC-02-20260329-pantry-007,NYC-02,P-PASTA,2026-03-29T17:31:00Z,2026-03-29T17:33:00Z,2,3.60,1.25,0.00,completed
E003261,O-NYC-02-20260329-pantry-008,NYC-02,P-SAUCE,2026-03-29T17:44:00Z,2026-03-29T17:46:00Z,1,3.60,1.45,0.00,completed
E003262,O-NYC-02-20260329-pantry-008,NYC-02,P-SAUCE,2026-03-29T17:44:00Z,2026-03-29T17:47:00Z,1,3.60,1.45,0.00,completed
E003263,O-NYC-02-20260329-pantry-009,NYC-02,P-PASTA,2026-03-29T17:57:00Z,2026-03-29T17:59:00Z,1,3.60,1.25,0.00,completed
E003264,O-NYC-02-20260329-pantry-010,NYC-02,P-SAUCE,2026-03-29T18:10:00Z,2026-03-29T18:12:00Z,2,3.60,1.45,0.00,completed
E003265,O-NYC-02-20260329-pantry-011,NYC-02,P-PASTA,2026-03-29T18:23:00Z,2026-03-29T18:25:00Z,1,3.60,1.25,0.00,completed
E003266,O-NYC-02-20260329-pantry-012,NYC-02,P-SAUCE,2026-03-29T18:36:00Z,2026-03-29T18:38:00Z,1,3.60,1.45,0.00,completed
E003267,O-NYC-02-20260329-pantry-013,NYC-02,P-PASTA,2026-03-29T18:49:00Z,2026-03-29T18:51:00Z,2,3.60,1.25,0.00,completed
E003268,O-NYC-02-20260329-pantry-014,NYC-02,P-SAUCE,2026-03-29T19:02:00Z,2026-03-29T19:04:00Z,1,3.60,1.45,0.00,completed
E003269,O-CHI-03-20260329-produce-000,CHI-03,P-BERRY,2026-03-29T17:00:00Z,2026-03-29T17:02:00Z,1,4.15,2.40,0.00,completed
E003270,O-CHI-03-20260329-produce-001,CHI-03,P-APPLE,2026-03-29T17:13:00Z,2026-03-29T17:15:00Z,2,3.80,1.10,0.00,completed
E003271,O-CHI-03-20260329-produce-002,CHI-03,P-BERRY,2026-03-29T17:26:00Z,2026-03-29T17:28:00Z,1,4.15,2.40,0.00,completed
E003272,O-CHI-03-20260329-produce-003,CHI-03,P-APPLE,2026-03-29T17:39:00Z,2026-03-29T17:41:00Z,1,3.80,1.10,0.00,completed
E003273,O-CHI-03-20260329-produce-004,CHI-03,P-BERRY,2026-03-29T17:52:00Z,2026-03-29T17:54:00Z,2,4.15,2.40,0.00,completed
E003274,O-CHI-03-20260329-produce-005,CHI-03,P-APPLE,2026-03-29T18:05:00Z,2026-03-29T18:07:00Z,1,3.80,1.10,0.00,cancelled
E003275,O-CHI-03-20260329-produce-006,CHI-03,P-BERRY,2026-03-29T18:18:00Z,2026-03-29T18:20:00Z,1,4.15,2.40,0.00,completed
E003276,O-CHI-03-20260329-produce-007,CHI-03,P-APPLE,2026-03-29T18:31:00Z,2026-03-29T18:33:00Z,2,3.80,1.10,0.00,completed
E003277,O-CHI-03-20260329-produce-008,CHI-03,P-BERRY,2026-03-29T18:44:00Z,2026-03-29T18:46:00Z,1,4.15,2.40,0.00,completed
E003278,O-CHI-03-20260329-produce-008,CHI-03,P-BERRY,2026-03-29T18:44:00Z,2026-03-29T18:47:00Z,1,4.15,2.40,0.00,completed
E003279,O-CHI-03-20260329-produce-009,CHI-03,P-APPLE,2026-03-29T18:57:00Z,2026-03-29T18:59:00Z,1,3.80,1.10,0.00,completed
E003280,O-CHI-03-20260329-produce-010,CHI-03,P-BERRY,2026-03-29T19:10:00Z,2026-03-29T19:12:00Z,2,4.15,2.40,0.00,completed
E003281,O-CHI-03-20260329-produce-011,CHI-03,P-APPLE,2026-03-29T19:23:00Z,2026-03-29T19:25:00Z,1,3.80,1.10,0.00,completed
E003282,O-CHI-03-20260329-produce-012,CHI-03,P-BERRY,2026-03-29T19:36:00Z,2026-03-29T19:38:00Z,1,4.15,2.40,0.00,completed
E003283,O-CHI-03-20260329-dairy-000,CHI-03,P-YOGURT,2026-03-29T17:00:00Z,2026-03-29T17:02:00Z,1,4.40,0.95,0.00,completed
E003284,O-CHI-03-20260329-dairy-001,CHI-03,P-MILK,2026-03-29T17:13:00Z,2026-03-29T17:15:00Z,2,4.40,1.80,0.00,completed
E003285,O-CHI-03-20260329-dairy-002,CHI-03,P-YOGURT,2026-03-29T17:26:00Z,2026-03-29T17:28:00Z,1,4.40,0.95,0.00,completed
E003286,O-CHI-03-20260329-dairy-003,CHI-03,P-MILK,2026-03-29T17:39:00Z,2026-03-29T17:41:00Z,1,4.40,1.80,0.00,completed
E003287,O-CHI-03-20260329-dairy-004,CHI-03,P-YOGURT,2026-03-29T17:52:00Z,2026-03-29T17:54:00Z,2,4.40,0.95,0.00,completed
E003288,O-CHI-03-20260329-dairy-005,CHI-03,P-MILK,2026-03-29T18:05:00Z,2026-03-29T18:07:00Z,1,4.40,1.80,0.00,completed
E003289,O-CHI-03-20260329-dairy-006,CHI-03,P-YOGURT,2026-03-29T18:18:00Z,2026-03-29T18:20:00Z,1,4.40,0.95,0.00,completed
E003290,O-CHI-03-20260329-dairy-007,CHI-03,P-MILK,2026-03-29T18:31:00Z,2026-03-29T18:33:00Z,2,4.40,1.80,0.00,cancelled
E003291,O-CHI-03-20260329-dairy-008,CHI-03,P-YOGURT,2026-03-29T18:44:00Z,2026-03-29T18:46:00Z,1,4.40,0.95,0.00,completed
E003292,O-CHI-03-20260329-dairy-008,CHI-03,P-YOGURT,2026-03-29T18:44:00Z,2026-03-29T18:47:00Z,1,4.40,0.95,0.00,completed
E003293,O-CHI-03-20260329-dairy-009,CHI-03,P-MILK,2026-03-29T18:57:00Z,2026-03-29T18:59:00Z,1,4.40,1.80,0.00,completed
E003294,O-CHI-03-20260329-dairy-010,CHI-03,P-YOGURT,2026-03-29T19:10:00Z,2026-03-29T19:12:00Z,2,4.40,0.95,0.00,completed
E003295,O-CHI-03-20260329-pantry-000,CHI-03,P-SAUCE,2026-03-29T17:00:00Z,2026-03-29T17:02:00Z,1,3.60,1.45,0.00,completed
E003296,O-CHI-03-20260329-pantry-001,CHI-03,P-PASTA,2026-03-29T17:13:00Z,2026-03-29T17:15:00Z,2,3.60,1.25,0.00,completed
E003297,O-CHI-03-20260329-pantry-002,CHI-03,P-SAUCE,2026-03-29T17:26:00Z,2026-03-29T17:28:00Z,1,3.60,1.45,0.00,completed
E003298,O-CHI-03-20260329-pantry-003,CHI-03,P-PASTA,2026-03-29T17:39:00Z,2026-03-29T17:41:00Z,1,3.60,1.25,0.00,completed
E003299,O-CHI-03-20260329-pantry-004,CHI-03,P-SAUCE,2026-03-29T17:52:00Z,2026-03-29T17:54:00Z,2,3.60,1.45,0.00,completed
E003300,O-CHI-03-20260329-pantry-005,CHI-03,P-PASTA,2026-03-29T18:05:00Z,2026-03-29T18:07:00Z,1,3.60,1.25,0.00,completed
E003301,O-CHI-03-20260329-pantry-006,CHI-03,P-SAUCE,2026-03-29T18:18:00Z,2026-03-29T18:20:00Z,1,3.60,1.45,0.00,cancelled
E003302,O-CHI-03-20260329-pantry-007,CHI-03,P-PASTA,2026-03-29T18:31:00Z,2026-03-29T18:33:00Z,2,3.60,1.25,0.00,completed
E003303,O-CHI-03-20260329-pantry-008,CHI-03,P-SAUCE,2026-03-29T18:44:00Z,2026-03-29T18:46:00Z,1,3.60,1.45,0.00,completed
E003304,O-CHI-03-20260329-pantry-008,CHI-03,P-SAUCE,2026-03-29T18:44:00Z,2026-03-29T18:47:00Z,1,3.60,1.45,0.00,completed
E003305,O-PHX-04-20260329-produce-000,PHX-04,P-BERRY,2026-03-29T19:00:00Z,2026-03-29T19:02:00Z,1,4.15,2.40,0.00,completed
E003306,O-PHX-04-20260329-produce-001,PHX-04,P-APPLE,2026-03-29T19:13:00Z,2026-03-29T19:15:00Z,2,3.80,1.10,0.00,completed
E003307,O-PHX-04-20260329-produce-002,PHX-04,P-BERRY,2026-03-29T19:26:00Z,2026-03-29T19:28:00Z,1,4.15,2.40,0.00,completed
E003308,O-PHX-04-20260329-produce-003,PHX-04,P-APPLE,2026-03-29T19:39:00Z,2026-03-29T19:41:00Z,1,3.80,1.10,0.00,completed
E003309,O-PHX-04-20260329-produce-004,PHX-04,P-BERRY,2026-03-29T19:52:00Z,2026-03-29T19:54:00Z,2,4.15,2.40,0.00,completed
E003310,O-PHX-04-20260329-produce-005,PHX-04,P-APPLE,2026-03-29T20:05:00Z,2026-03-29T20:07:00Z,1,3.80,1.10,0.00,cancelled
E003311,O-PHX-04-20260329-produce-006,PHX-04,P-BERRY,2026-03-29T20:18:00Z,2026-03-29T20:20:00Z,1,4.15,2.40,0.00,completed
E003312,O-PHX-04-20260329-produce-007,PHX-04,P-APPLE,2026-03-29T20:31:00Z,2026-03-29T20:33:00Z,2,3.80,1.10,0.00,completed
E003313,O-PHX-04-20260329-produce-008,PHX-04,P-BERRY,2026-03-29T20:44:00Z,2026-03-29T20:46:00Z,1,4.15,2.40,0.00,completed
E003314,O-PHX-04-20260329-produce-008,PHX-04,P-BERRY,2026-03-29T20:44:00Z,2026-03-29T20:47:00Z,1,4.15,2.40,0.00,completed
E003315,O-PHX-04-20260329-produce-009,PHX-04,P-APPLE,2026-03-29T20:57:00Z,2026-03-29T20:59:00Z,1,3.80,1.10,0.00,completed
E003316,O-PHX-04-20260329-produce-010,PHX-04,P-BERRY,2026-03-29T21:10:00Z,2026-03-29T21:12:00Z,2,4.15,2.40,0.00,completed
E003317,O-PHX-04-20260329-produce-011,PHX-04,P-APPLE,2026-03-29T21:23:00Z,2026-03-29T21:25:00Z,1,3.80,1.10,0.00,completed
E003318,O-PHX-04-20260329-dairy-000,PHX-04,P-YOGURT,2026-03-29T19:00:00Z,2026-03-29T19:02:00Z,1,4.40,0.95,0.00,completed
E003319,O-PHX-04-20260329-dairy-001,PHX-04,P-MILK,2026-03-29T19:13:00Z,2026-03-29T19:15:00Z,2,4.40,1.80,0.00,completed
E003320,O-PHX-04-20260329-dairy-002,PHX-04,P-YOGURT,2026-03-29T19:26:00Z,2026-03-29T19:28:00Z,1,4.40,0.95,0.00,completed
E003321,O-PHX-04-20260329-dairy-003,PHX-04,P-MILK,2026-03-29T19:39:00Z,2026-03-29T19:41:00Z,1,4.40,1.80,0.00,completed
E003322,O-PHX-04-20260329-dairy-004,PHX-04,P-YOGURT,2026-03-29T19:52:00Z,2026-03-29T19:54:00Z,2,4.40,0.95,0.00,completed
E003323,O-PHX-04-20260329-dairy-005,PHX-04,P-MILK,2026-03-29T20:05:00Z,2026-03-29T20:07:00Z,1,4.40,1.80,0.00,completed
E003324,O-PHX-04-20260329-dairy-006,PHX-04,P-YOGURT,2026-03-29T20:18:00Z,2026-03-29T20:20:00Z,1,4.40,0.95,0.00,completed
E003325,O-PHX-04-20260329-dairy-007,PHX-04,P-MILK,2026-03-29T20:31:00Z,2026-03-29T20:33:00Z,2,4.40,1.80,0.00,cancelled
E003326,O-PHX-04-20260329-dairy-008,PHX-04,P-YOGURT,2026-03-29T20:44:00Z,2026-03-29T20:46:00Z,1,4.40,0.95,0.00,completed
E003327,O-PHX-04-20260329-dairy-008,PHX-04,P-YOGURT,2026-03-29T20:44:00Z,2026-03-29T20:47:00Z,1,4.40,0.95,0.00,completed
E003328,O-PHX-04-20260329-dairy-009,PHX-04,P-MILK,2026-03-29T20:57:00Z,2026-03-29T20:59:00Z,1,4.40,1.80,0.00,completed
E003329,O-PHX-04-20260329-pantry-000,PHX-04,P-SAUCE,2026-03-29T19:00:00Z,2026-03-29T19:02:00Z,1,3.60,1.45,0.00,completed
E003330,O-PHX-04-20260329-pantry-001,PHX-04,P-PASTA,2026-03-29T19:13:00Z,2026-03-29T19:15:00Z,2,3.60,1.25,0.00,completed
E003331,O-PHX-04-20260329-pantry-002,PHX-04,P-SAUCE,2026-03-29T19:26:00Z,2026-03-29T19:28:00Z,1,3.60,1.45,0.00,completed
E003332,O-PHX-04-20260329-pantry-003,PHX-04,P-PASTA,2026-03-29T19:39:00Z,2026-03-29T19:41:00Z,1,3.60,1.25,0.00,completed
E003333,O-PHX-04-20260329-pantry-004,PHX-04,P-SAUCE,2026-03-29T19:52:00Z,2026-03-29T19:54:00Z,2,3.60,1.45,0.00,completed
E003334,O-PHX-04-20260329-pantry-005,PHX-04,P-PASTA,2026-03-29T20:05:00Z,2026-03-29T20:07:00Z,1,3.60,1.25,0.00,completed
E003335,O-PHX-04-20260329-pantry-006,PHX-04,P-SAUCE,2026-03-29T20:18:00Z,2026-03-29T20:20:00Z,1,3.60,1.45,0.00,cancelled
E003336,O-PHX-04-20260329-pantry-007,PHX-04,P-PASTA,2026-03-29T20:31:00Z,2026-03-29T20:33:00Z,2,3.60,1.25,0.00,completed
E003337,O-SFO-01-20260330-produce-000,SFO-01,P-APPLE,2026-03-30T19:00:00Z,2026-03-30T19:02:00Z,2,3.80,1.10,0.00,completed
E003338,O-SFO-01-20260330-produce-001,SFO-01,P-BERRY,2026-03-30T19:13:00Z,2026-03-30T19:15:00Z,1,4.15,2.40,0.00,completed
E003339,O-SFO-01-20260330-produce-002,SFO-01,P-APPLE,2026-03-30T19:26:00Z,2026-03-30T19:28:00Z,1,3.80,1.10,0.00,completed
E003340,O-SFO-01-20260330-produce-003,SFO-01,P-BERRY,2026-03-30T19:39:00Z,2026-03-30T19:41:00Z,2,4.15,2.40,0.00,completed
E003341,O-SFO-01-20260330-produce-004,SFO-01,P-APPLE,2026-03-30T19:52:00Z,2026-03-30T19:54:00Z,1,3.80,1.10,0.00,cancelled
E003342,O-SFO-01-20260330-produce-005,SFO-01,P-BERRY,2026-03-30T20:05:00Z,2026-03-30T20:07:00Z,1,4.15,2.40,0.00,completed
E003343,O-SFO-01-20260330-produce-006,SFO-01,P-APPLE,2026-03-30T20:18:00Z,2026-03-30T20:20:00Z,2,3.80,1.10,0.00,completed
E003344,O-SFO-01-20260330-produce-007,SFO-01,P-BERRY,2026-03-30T20:31:00Z,2026-03-30T20:33:00Z,1,4.15,2.40,0.00,completed
E003345,O-SFO-01-20260330-produce-007,SFO-01,P-BERRY,2026-03-30T20:31:00Z,2026-03-30T20:34:00Z,1,4.15,2.40,0.00,completed
E003346,O-SFO-01-20260330-produce-008,SFO-01,P-APPLE,2026-03-30T20:44:00Z,2026-03-30T20:46:00Z,1,3.80,1.10,0.00,completed
E003347,O-SFO-01-20260330-produce-009,SFO-01,P-BERRY,2026-03-30T20:57:00Z,2026-03-30T20:59:00Z,2,4.15,2.40,0.00,completed
E003348,O-SFO-01-20260330-produce-010,SFO-01,P-APPLE,2026-03-30T21:10:00Z,2026-03-30T21:12:00Z,1,3.80,1.10,0.00,completed
E003349,O-SFO-01-20260330-produce-011,SFO-01,P-BERRY,2026-03-30T21:23:00Z,2026-03-30T21:25:00Z,1,4.15,2.40,0.00,completed
E003350,O-SFO-01-20260330-produce-012,SFO-01,P-APPLE,2026-03-30T21:36:00Z,2026-03-30T21:38:00Z,2,3.80,1.10,0.00,completed
E003351,O-SFO-01-20260330-produce-013,SFO-01,P-BERRY,2026-03-30T21:49:00Z,2026-03-30T21:51:00Z,1,4.15,2.40,0.00,completed
E003352,O-SFO-01-20260330-produce-014,SFO-01,P-APPLE,2026-03-30T22:02:00Z,2026-03-30T22:04:00Z,1,3.80,1.10,0.00,completed
E003353,O-SFO-01-20260330-dairy-000,SFO-01,P-MILK,2026-03-30T19:00:00Z,2026-03-30T19:02:00Z,2,4.40,1.80,0.00,completed
E003354,O-SFO-01-20260330-dairy-001,SFO-01,P-YOGURT,2026-03-30T19:13:00Z,2026-03-30T19:15:00Z,1,4.40,0.95,0.00,completed
E003355,O-SFO-01-20260330-dairy-002,SFO-01,P-MILK,2026-03-30T19:26:00Z,2026-03-30T19:28:00Z,1,4.40,1.80,0.00,completed
E003356,O-SFO-01-20260330-dairy-003,SFO-01,P-YOGURT,2026-03-30T19:39:00Z,2026-03-30T19:41:00Z,2,4.40,0.95,0.00,completed
E003357,O-SFO-01-20260330-dairy-004,SFO-01,P-MILK,2026-03-30T19:52:00Z,2026-03-30T19:54:00Z,1,4.40,1.80,0.00,completed
E003358,O-SFO-01-20260330-dairy-005,SFO-01,P-YOGURT,2026-03-30T20:05:00Z,2026-03-30T20:07:00Z,1,4.40,0.95,0.00,completed
E003359,O-SFO-01-20260330-dairy-006,SFO-01,P-MILK,2026-03-30T20:18:00Z,2026-03-30T20:20:00Z,2,4.40,1.80,0.00,cancelled
E003360,O-SFO-01-20260330-dairy-007,SFO-01,P-YOGURT,2026-03-30T20:31:00Z,2026-03-30T20:33:00Z,1,4.40,0.95,0.00,completed
E003361,O-SFO-01-20260330-dairy-007,SFO-01,P-YOGURT,2026-03-30T20:31:00Z,2026-03-30T20:34:00Z,1,4.40,0.95,0.00,completed
E003362,O-SFO-01-20260330-dairy-008,SFO-01,P-MILK,2026-03-30T20:44:00Z,2026-03-30T20:46:00Z,1,4.40,1.80,0.00,completed
E003363,O-SFO-01-20260330-dairy-009,SFO-01,P-YOGURT,2026-03-30T20:57:00Z,2026-03-30T20:59:00Z,2,4.40,0.95,0.00,completed
E003364,O-SFO-01-20260330-dairy-010,SFO-01,P-MILK,2026-03-30T21:10:00Z,2026-03-30T21:12:00Z,1,4.40,1.80,0.00,completed
E003365,O-SFO-01-20260330-dairy-011,SFO-01,P-YOGURT,2026-03-30T21:23:00Z,2026-03-30T21:25:00Z,1,4.40,0.95,0.00,completed
E003366,O-SFO-01-20260330-dairy-012,SFO-01,P-MILK,2026-03-30T21:36:00Z,2026-03-30T21:38:00Z,2,4.40,1.80,0.00,completed
E003367,O-SFO-01-20260330-pantry-000,SFO-01,P-PASTA,2026-03-30T19:00:00Z,2026-03-30T19:02:00Z,2,3.60,1.25,0.00,completed
E003368,O-SFO-01-20260330-pantry-001,SFO-01,P-SAUCE,2026-03-30T19:13:00Z,2026-03-30T19:15:00Z,1,3.60,1.45,0.00,completed
E003369,O-SFO-01-20260330-pantry-002,SFO-01,P-PASTA,2026-03-30T19:26:00Z,2026-03-30T19:28:00Z,1,3.60,1.25,0.00,completed
E003370,O-SFO-01-20260330-pantry-003,SFO-01,P-SAUCE,2026-03-30T19:39:00Z,2026-03-30T19:41:00Z,2,3.60,1.45,0.00,completed
E003371,O-SFO-01-20260330-pantry-004,SFO-01,P-PASTA,2026-03-30T19:52:00Z,2026-03-30T19:54:00Z,1,3.60,1.25,0.00,completed
E003372,O-SFO-01-20260330-pantry-005,SFO-01,P-SAUCE,2026-03-30T20:05:00Z,2026-03-30T20:07:00Z,1,3.60,1.45,0.00,cancelled
E003373,O-SFO-01-20260330-pantry-006,SFO-01,P-PASTA,2026-03-30T20:18:00Z,2026-03-30T20:20:00Z,2,3.60,1.25,0.00,completed
E003374,O-SFO-01-20260330-pantry-007,SFO-01,P-SAUCE,2026-03-30T20:31:00Z,2026-03-30T20:33:00Z,1,3.60,1.45,0.00,completed
E003375,O-SFO-01-20260330-pantry-007,SFO-01,P-SAUCE,2026-03-30T20:31:00Z,2026-03-30T20:34:00Z,1,3.60,1.45,0.00,completed
E003376,O-SFO-01-20260330-pantry-008,SFO-01,P-PASTA,2026-03-30T20:44:00Z,2026-03-30T20:46:00Z,1,3.60,1.25,0.00,completed
E003377,O-SFO-01-20260330-pantry-009,SFO-01,P-SAUCE,2026-03-30T20:57:00Z,2026-03-30T20:59:00Z,2,3.60,1.45,0.00,completed
E003378,O-NYC-02-20260330-produce-000,NYC-02,P-APPLE,2026-03-30T16:00:00Z,2026-03-30T16:02:00Z,2,3.80,1.10,0.00,completed
E003379,O-NYC-02-20260330-produce-001,NYC-02,P-BERRY,2026-03-30T16:13:00Z,2026-03-30T16:15:00Z,1,4.15,2.40,0.00,completed
E003380,O-NYC-02-20260330-produce-002,NYC-02,P-APPLE,2026-03-30T16:26:00Z,2026-03-30T16:28:00Z,1,3.80,1.10,0.00,completed
E003381,O-NYC-02-20260330-produce-003,NYC-02,P-BERRY,2026-03-30T16:39:00Z,2026-03-30T16:41:00Z,2,4.15,2.40,0.00,completed
E003382,O-NYC-02-20260330-produce-004,NYC-02,P-APPLE,2026-03-30T16:52:00Z,2026-03-30T16:54:00Z,1,3.80,1.10,0.00,cancelled
E003383,O-NYC-02-20260330-produce-005,NYC-02,P-BERRY,2026-03-30T17:05:00Z,2026-03-30T17:07:00Z,1,4.15,2.40,0.00,completed
E003384,O-NYC-02-20260330-produce-006,NYC-02,P-APPLE,2026-03-30T17:18:00Z,2026-03-30T17:20:00Z,2,3.80,1.10,0.00,completed
E003385,O-NYC-02-20260330-produce-007,NYC-02,P-BERRY,2026-03-30T17:31:00Z,2026-03-30T17:33:00Z,1,4.15,2.40,0.00,completed
E003386,O-NYC-02-20260330-produce-007,NYC-02,P-BERRY,2026-03-30T17:31:00Z,2026-03-30T17:34:00Z,1,4.15,2.40,0.00,completed
E003387,O-NYC-02-20260330-produce-008,NYC-02,P-APPLE,2026-03-30T17:44:00Z,2026-03-30T17:46:00Z,1,3.80,1.10,0.00,completed
E003388,O-NYC-02-20260330-produce-009,NYC-02,P-BERRY,2026-03-30T17:57:00Z,2026-03-30T17:59:00Z,2,4.15,2.40,0.00,completed
E003389,O-NYC-02-20260330-produce-010,NYC-02,P-APPLE,2026-03-30T18:10:00Z,2026-03-30T18:12:00Z,1,3.80,1.10,0.00,completed
E003390,O-NYC-02-20260330-produce-011,NYC-02,P-BERRY,2026-03-30T18:23:00Z,2026-03-30T18:25:00Z,1,4.15,2.40,0.00,completed
E003391,O-NYC-02-20260330-produce-012,NYC-02,P-APPLE,2026-03-30T18:36:00Z,2026-03-30T18:38:00Z,2,3.80,1.10,0.00,completed
E003392,O-NYC-02-20260330-produce-013,NYC-02,P-BERRY,2026-03-30T18:49:00Z,2026-03-30T18:51:00Z,1,4.15,2.40,0.00,completed
E003393,O-NYC-02-20260330-produce-014,NYC-02,P-APPLE,2026-03-30T19:02:00Z,2026-03-30T19:04:00Z,1,3.80,1.10,0.00,completed
E003394,O-NYC-02-20260330-produce-015,NYC-02,P-BERRY,2026-03-30T19:15:00Z,2026-03-30T19:17:00Z,2,4.15,2.40,0.00,completed
E003395,O-NYC-02-20260330-produce-016,NYC-02,P-APPLE,2026-03-30T19:28:00Z,2026-03-30T19:30:00Z,1,3.80,1.10,0.00,completed
E003396,O-NYC-02-20260330-produce-017,NYC-02,P-BERRY,2026-03-30T19:41:00Z,2026-03-30T19:43:00Z,1,4.15,2.40,0.00,completed
E003397,O-NYC-02-20260330-produce-017,NYC-02,P-BERRY,2026-03-30T22:41:00Z,2026-03-31T00:43:00Z,1,4.15,2.40,0.00,returned
E003398,O-NYC-02-20260330-produce-018,NYC-02,P-APPLE,2026-03-30T19:54:00Z,2026-03-30T19:56:00Z,2,3.80,1.10,0.00,completed
E003399,O-NYC-02-20260330-dairy-000,NYC-02,P-MILK,2026-03-30T16:00:00Z,2026-03-30T16:02:00Z,2,4.40,1.80,0.00,completed
E003400,O-NYC-02-20260330-dairy-001,NYC-02,P-YOGURT,2026-03-30T16:13:00Z,2026-03-30T16:15:00Z,1,4.40,0.95,0.00,completed
E003401,O-NYC-02-20260330-dairy-002,NYC-02,P-MILK,2026-03-30T16:26:00Z,2026-03-30T16:28:00Z,1,4.40,1.80,0.00,completed
E003402,O-NYC-02-20260330-dairy-003,NYC-02,P-YOGURT,2026-03-30T16:39:00Z,2026-03-30T16:41:00Z,2,4.40,0.95,0.00,completed
E003403,O-NYC-02-20260330-dairy-004,NYC-02,P-MILK,2026-03-30T16:52:00Z,2026-03-30T16:54:00Z,1,4.40,1.80,0.00,completed
E003404,O-NYC-02-20260330-dairy-005,NYC-02,P-YOGURT,2026-03-30T17:05:00Z,2026-03-30T17:07:00Z,1,4.40,0.95,0.00,completed
E003405,O-NYC-02-20260330-dairy-006,NYC-02,P-MILK,2026-03-30T17:18:00Z,2026-03-30T17:20:00Z,2,4.40,1.80,0.00,cancelled
E003406,O-NYC-02-20260330-dairy-007,NYC-02,P-YOGURT,2026-03-30T17:31:00Z,2026-03-30T17:33:00Z,1,4.40,0.95,0.00,completed
E003407,O-NYC-02-20260330-dairy-007,NYC-02,P-YOGURT,2026-03-30T17:31:00Z,2026-03-30T17:34:00Z,1,4.40,0.95,0.00,completed
E003408,O-NYC-02-20260330-dairy-008,NYC-02,P-MILK,2026-03-30T17:44:00Z,2026-03-30T17:46:00Z,1,4.40,1.80,0.00,completed
E003409,O-NYC-02-20260330-dairy-009,NYC-02,P-YOGURT,2026-03-30T17:57:00Z,2026-03-30T17:59:00Z,2,4.40,0.95,0.00,completed
E003410,O-NYC-02-20260330-dairy-010,NYC-02,P-MILK,2026-03-30T18:10:00Z,2026-03-30T18:12:00Z,1,4.40,1.80,0.00,completed
E003411,O-NYC-02-20260330-dairy-011,NYC-02,P-YOGURT,2026-03-30T18:23:00Z,2026-03-30T18:25:00Z,1,4.40,0.95,0.00,completed
E003412,O-NYC-02-20260330-dairy-012,NYC-02,P-MILK,2026-03-30T18:36:00Z,2026-03-30T18:38:00Z,2,4.40,1.80,0.00,completed
E003413,O-NYC-02-20260330-dairy-013,NYC-02,P-YOGURT,2026-03-30T18:49:00Z,2026-03-30T18:51:00Z,1,4.40,0.95,0.00,completed
E003414,O-NYC-02-20260330-dairy-014,NYC-02,P-MILK,2026-03-30T19:02:00Z,2026-03-30T19:04:00Z,1,4.40,1.80,0.00,completed
E003415,O-NYC-02-20260330-dairy-015,NYC-02,P-YOGURT,2026-03-30T19:15:00Z,2026-03-30T19:17:00Z,2,4.40,0.95,0.00,completed
E003416,O-NYC-02-20260330-pantry-000,NYC-02,P-PASTA,2026-03-30T16:00:00Z,2026-03-30T16:02:00Z,2,3.60,1.25,0.00,completed
E003417,O-NYC-02-20260330-pantry-001,NYC-02,P-SAUCE,2026-03-30T16:13:00Z,2026-03-30T16:15:00Z,1,3.60,1.45,0.00,completed
E003418,O-NYC-02-20260330-pantry-002,NYC-02,P-PASTA,2026-03-30T16:26:00Z,2026-03-30T16:28:00Z,1,3.60,1.25,0.00,completed
E003419,O-NYC-02-20260330-pantry-003,NYC-02,P-SAUCE,2026-03-30T16:39:00Z,2026-03-30T16:41:00Z,2,3.60,1.45,0.00,completed
E003420,O-NYC-02-20260330-pantry-004,NYC-02,P-PASTA,2026-03-30T16:52:00Z,2026-03-30T16:54:00Z,1,3.60,1.25,0.00,completed
E003421,O-NYC-02-20260330-pantry-005,NYC-02,P-SAUCE,2026-03-30T17:05:00Z,2026-03-30T17:07:00Z,1,3.60,1.45,0.00,cancelled
E003422,O-NYC-02-20260330-pantry-006,NYC-02,P-PASTA,2026-03-30T17:18:00Z,2026-03-30T17:20:00Z,2,3.60,1.25,0.00,completed
E003423,O-NYC-02-20260330-pantry-007,NYC-02,P-SAUCE,2026-03-30T17:31:00Z,2026-03-30T17:33:00Z,1,3.60,1.45,0.00,completed
E003424,O-NYC-02-20260330-pantry-007,NYC-02,P-SAUCE,2026-03-30T17:31:00Z,2026-03-30T17:34:00Z,1,3.60,1.45,0.00,completed
E003425,O-NYC-02-20260330-pantry-008,NYC-02,P-PASTA,2026-03-30T17:44:00Z,2026-03-30T17:46:00Z,1,3.60,1.25,0.00,completed
E003426,O-NYC-02-20260330-pantry-009,NYC-02,P-SAUCE,2026-03-30T17:57:00Z,2026-03-30T17:59:00Z,2,3.60,1.45,0.00,completed
E003427,O-NYC-02-20260330-pantry-010,NYC-02,P-PASTA,2026-03-30T18:10:00Z,2026-03-30T18:12:00Z,1,3.60,1.25,0.00,completed
E003428,O-NYC-02-20260330-pantry-011,NYC-02,P-SAUCE,2026-03-30T18:23:00Z,2026-03-30T18:25:00Z,1,3.60,1.45,0.00,completed
E003429,O-NYC-02-20260330-pantry-012,NYC-02,P-PASTA,2026-03-30T18:36:00Z,2026-03-30T18:38:00Z,2,3.60,1.25,0.00,completed
E003430,O-CHI-03-20260330-produce-000,CHI-03,P-APPLE,2026-03-30T17:00:00Z,2026-03-30T17:02:00Z,2,3.80,1.10,0.00,completed
E003431,O-CHI-03-20260330-produce-001,CHI-03,P-BERRY,2026-03-30T17:13:00Z,2026-03-30T17:15:00Z,1,4.15,2.40,0.00,completed
E003432,O-CHI-03-20260330-produce-002,CHI-03,P-APPLE,2026-03-30T17:26:00Z,2026-03-30T17:28:00Z,1,3.80,1.10,0.00,completed
E003433,O-CHI-03-20260330-produce-003,CHI-03,P-BERRY,2026-03-30T17:39:00Z,2026-03-30T17:41:00Z,2,4.15,2.40,0.00,completed
E003434,O-CHI-03-20260330-produce-004,CHI-03,P-APPLE,2026-03-30T17:52:00Z,2026-03-30T17:54:00Z,1,3.80,1.10,0.00,cancelled
E003435,O-CHI-03-20260330-produce-005,CHI-03,P-BERRY,2026-03-30T18:05:00Z,2026-03-30T18:07:00Z,1,4.15,2.40,0.00,completed
E003436,O-CHI-03-20260330-produce-006,CHI-03,P-APPLE,2026-03-30T18:18:00Z,2026-03-30T18:20:00Z,2,3.80,1.10,0.00,completed
E003437,O-CHI-03-20260330-produce-007,CHI-03,P-BERRY,2026-03-30T18:31:00Z,2026-03-30T18:33:00Z,1,4.15,2.40,0.00,completed
E003438,O-CHI-03-20260330-produce-007,CHI-03,P-BERRY,2026-03-30T18:31:00Z,2026-03-30T18:34:00Z,1,4.15,2.40,0.00,completed
E003439,O-CHI-03-20260330-produce-008,CHI-03,P-APPLE,2026-03-30T18:44:00Z,2026-03-30T18:46:00Z,1,3.80,1.10,0.00,completed
E003440,O-CHI-03-20260330-produce-009,CHI-03,P-BERRY,2026-03-30T18:57:00Z,2026-03-30T18:59:00Z,2,4.15,2.40,0.00,completed
E003441,O-CHI-03-20260330-produce-010,CHI-03,P-APPLE,2026-03-30T19:10:00Z,2026-03-30T19:12:00Z,1,3.80,1.10,0.00,completed
E003442,O-CHI-03-20260330-dairy-000,CHI-03,P-MILK,2026-03-30T17:00:00Z,2026-03-30T17:02:00Z,2,4.40,1.80,0.00,completed
E003443,O-CHI-03-20260330-dairy-001,CHI-03,P-YOGURT,2026-03-30T17:13:00Z,2026-03-30T17:15:00Z,1,4.40,0.95,0.00,completed
E003444,O-CHI-03-20260330-dairy-002,CHI-03,P-MILK,2026-03-30T17:26:00Z,2026-03-30T17:28:00Z,1,4.40,1.80,0.00,completed
E003445,O-CHI-03-20260330-dairy-003,CHI-03,P-YOGURT,2026-03-30T17:39:00Z,2026-03-30T17:41:00Z,2,4.40,0.95,0.00,completed
E003446,O-CHI-03-20260330-dairy-004,CHI-03,P-MILK,2026-03-30T17:52:00Z,2026-03-30T17:54:00Z,1,4.40,1.80,0.00,completed
E003447,O-CHI-03-20260330-dairy-005,CHI-03,P-YOGURT,2026-03-30T18:05:00Z,2026-03-30T18:07:00Z,1,4.40,0.95,0.00,completed
E003448,O-CHI-03-20260330-dairy-006,CHI-03,P-MILK,2026-03-30T18:18:00Z,2026-03-30T18:20:00Z,2,4.40,1.80,0.00,cancelled
E003449,O-CHI-03-20260330-dairy-007,CHI-03,P-YOGURT,2026-03-30T18:31:00Z,2026-03-30T18:33:00Z,1,4.40,0.95,0.00,completed
E003450,O-CHI-03-20260330-dairy-007,CHI-03,P-YOGURT,2026-03-30T18:31:00Z,2026-03-30T18:34:00Z,1,4.40,0.95,0.00,completed
E003451,O-CHI-03-20260330-dairy-008,CHI-03,P-MILK,2026-03-30T18:44:00Z,2026-03-30T18:46:00Z,1,4.40,1.80,0.00,completed
E003452,O-CHI-03-20260330-pantry-000,CHI-03,P-PASTA,2026-03-30T17:00:00Z,2026-03-30T17:02:00Z,2,3.60,1.25,0.00,completed
E003453,O-CHI-03-20260330-pantry-001,CHI-03,P-SAUCE,2026-03-30T17:13:00Z,2026-03-30T17:15:00Z,1,3.60,1.45,0.00,completed
E003454,O-CHI-03-20260330-pantry-002,CHI-03,P-PASTA,2026-03-30T17:26:00Z,2026-03-30T17:28:00Z,1,3.60,1.25,0.00,completed
E003455,O-CHI-03-20260330-pantry-003,CHI-03,P-SAUCE,2026-03-30T17:39:00Z,2026-03-30T17:41:00Z,2,3.60,1.45,0.00,completed
E003456,O-CHI-03-20260330-pantry-004,CHI-03,P-PASTA,2026-03-30T17:52:00Z,2026-03-30T17:54:00Z,1,3.60,1.25,0.00,completed
E003457,O-CHI-03-20260330-pantry-005,CHI-03,P-SAUCE,2026-03-30T18:05:00Z,2026-03-30T18:07:00Z,1,3.60,1.45,0.00,cancelled
E003458,O-CHI-03-20260330-pantry-006,CHI-03,P-PASTA,2026-03-30T18:18:00Z,2026-03-30T18:20:00Z,2,3.60,1.25,0.00,completed
E003459,O-PHX-04-20260330-produce-000,PHX-04,P-APPLE,2026-03-30T19:00:00Z,2026-03-30T19:02:00Z,2,3.80,1.10,0.00,completed
E003460,O-PHX-04-20260330-produce-001,PHX-04,P-BERRY,2026-03-30T19:13:00Z,2026-03-30T19:15:00Z,1,4.15,2.40,0.00,completed
E003461,O-PHX-04-20260330-produce-002,PHX-04,P-APPLE,2026-03-30T19:26:00Z,2026-03-30T19:28:00Z,1,3.80,1.10,0.00,completed
E003462,O-PHX-04-20260330-produce-003,PHX-04,P-BERRY,2026-03-30T19:39:00Z,2026-03-30T19:41:00Z,2,4.15,2.40,0.00,completed
E003463,O-PHX-04-20260330-produce-004,PHX-04,P-APPLE,2026-03-30T19:52:00Z,2026-03-30T19:54:00Z,1,3.80,1.10,0.00,cancelled
E003464,O-PHX-04-20260330-produce-005,PHX-04,P-BERRY,2026-03-30T20:05:00Z,2026-03-30T20:07:00Z,1,4.15,2.40,0.00,completed
E003465,O-PHX-04-20260330-produce-006,PHX-04,P-APPLE,2026-03-30T20:18:00Z,2026-03-30T20:20:00Z,2,3.80,1.10,0.00,completed
E003466,O-PHX-04-20260330-produce-007,PHX-04,P-BERRY,2026-03-30T20:31:00Z,2026-03-30T20:33:00Z,1,4.15,2.40,0.00,completed
E003467,O-PHX-04-20260330-produce-007,PHX-04,P-BERRY,2026-03-30T20:31:00Z,2026-03-30T20:34:00Z,1,4.15,2.40,0.00,completed
E003468,O-PHX-04-20260330-produce-008,PHX-04,P-APPLE,2026-03-30T20:44:00Z,2026-03-30T20:46:00Z,1,3.80,1.10,0.00,completed
E003469,O-PHX-04-20260330-dairy-000,PHX-04,P-MILK,2026-03-30T19:00:00Z,2026-03-30T19:02:00Z,2,4.40,1.80,0.00,completed
E003470,O-PHX-04-20260330-dairy-001,PHX-04,P-YOGURT,2026-03-30T19:13:00Z,2026-03-30T19:15:00Z,1,4.40,0.95,0.00,completed
E003471,O-PHX-04-20260330-dairy-002,PHX-04,P-MILK,2026-03-30T19:26:00Z,2026-03-30T19:28:00Z,1,4.40,1.80,0.00,completed
E003472,O-PHX-04-20260330-dairy-003,PHX-04,P-YOGURT,2026-03-30T19:39:00Z,2026-03-30T19:41:00Z,2,4.40,0.95,0.00,completed
E003473,O-PHX-04-20260330-dairy-004,PHX-04,P-MILK,2026-03-30T19:52:00Z,2026-03-30T19:54:00Z,1,4.40,1.80,0.00,completed
E003474,O-PHX-04-20260330-dairy-005,PHX-04,P-YOGURT,2026-03-30T20:05:00Z,2026-03-30T20:07:00Z,1,4.40,0.95,0.00,completed
E003475,O-PHX-04-20260330-dairy-006,PHX-04,P-MILK,2026-03-30T20:18:00Z,2026-03-30T20:20:00Z,2,4.40,1.80,0.00,cancelled
E003476,O-PHX-04-20260330-dairy-007,PHX-04,P-YOGURT,2026-03-30T20:31:00Z,2026-03-30T20:33:00Z,1,4.40,0.95,0.00,completed
E003477,O-PHX-04-20260330-dairy-007,PHX-04,P-YOGURT,2026-03-30T20:31:00Z,2026-03-30T20:34:00Z,1,4.40,0.95,0.00,completed
E003478,O-PHX-04-20260330-pantry-000,PHX-04,P-PASTA,2026-03-30T19:00:00Z,2026-03-30T19:02:00Z,2,3.60,1.25,0.00,completed
E003479,O-PHX-04-20260330-pantry-001,PHX-04,P-SAUCE,2026-03-30T19:13:00Z,2026-03-30T19:15:00Z,1,3.60,1.45,0.00,completed
E003480,O-PHX-04-20260330-pantry-002,PHX-04,P-PASTA,2026-03-30T19:26:00Z,2026-03-30T19:28:00Z,1,3.60,1.25,0.00,completed
E003481,O-PHX-04-20260330-pantry-003,PHX-04,P-SAUCE,2026-03-30T19:39:00Z,2026-03-30T19:41:00Z,2,3.60,1.45,0.00,completed
E003482,O-PHX-04-20260330-pantry-004,PHX-04,P-PASTA,2026-03-30T19:52:00Z,2026-03-30T19:54:00Z,1,3.60,1.25,0.00,completed
E003483,O-PHX-04-20260330-pantry-005,PHX-04,P-SAUCE,2026-03-30T20:05:00Z,2026-03-30T20:07:00Z,1,3.60,1.45,0.00,cancelled
E003484,O-SFO-01-20260331-produce-000,SFO-01,P-BERRY,2026-03-31T19:00:00Z,2026-03-31T19:02:00Z,1,4.15,2.40,0.00,completed
E003485,O-SFO-01-20260331-produce-001,SFO-01,P-APPLE,2026-03-31T19:13:00Z,2026-03-31T19:15:00Z,1,3.80,1.10,0.00,completed
E003486,O-SFO-01-20260331-produce-002,SFO-01,P-BERRY,2026-03-31T19:26:00Z,2026-03-31T19:28:00Z,2,4.15,2.40,0.00,completed
E003487,O-SFO-01-20260331-produce-003,SFO-01,P-APPLE,2026-03-31T19:39:00Z,2026-03-31T19:41:00Z,1,3.80,1.10,0.00,cancelled
E003488,O-SFO-01-20260331-produce-004,SFO-01,P-BERRY,2026-03-31T19:52:00Z,2026-03-31T19:54:00Z,1,4.15,2.40,0.00,completed
E003489,O-SFO-01-20260331-produce-005,SFO-01,P-APPLE,2026-03-31T20:05:00Z,2026-03-31T20:07:00Z,2,3.80,1.10,0.00,completed
E003490,O-SFO-01-20260331-produce-006,SFO-01,P-BERRY,2026-03-31T20:18:00Z,2026-03-31T20:20:00Z,1,4.15,2.40,0.00,completed
E003491,O-SFO-01-20260331-produce-006,SFO-01,P-BERRY,2026-03-31T20:18:00Z,2026-03-31T20:21:00Z,1,4.15,2.40,0.00,completed
E003492,O-SFO-01-20260331-produce-007,SFO-01,P-APPLE,2026-03-31T20:31:00Z,2026-03-31T20:33:00Z,1,3.80,1.10,0.00,completed
E003493,O-SFO-01-20260331-produce-008,SFO-01,P-BERRY,2026-03-31T20:44:00Z,2026-03-31T20:46:00Z,2,4.15,2.40,0.00,completed
E003494,O-SFO-01-20260331-produce-009,SFO-01,P-APPLE,2026-03-31T20:57:00Z,2026-03-31T20:59:00Z,1,3.80,1.10,0.00,completed
E003495,O-SFO-01-20260331-produce-010,SFO-01,P-BERRY,2026-03-31T21:10:00Z,2026-03-31T21:12:00Z,1,4.15,2.40,0.00,completed
E003496,O-SFO-01-20260331-produce-011,SFO-01,P-APPLE,2026-03-31T21:23:00Z,2026-03-31T21:25:00Z,2,3.80,1.10,0.00,completed
E003497,O-SFO-01-20260331-produce-012,SFO-01,P-BERRY,2026-03-31T21:36:00Z,2026-03-31T21:38:00Z,1,4.15,2.40,0.00,completed
E003498,O-SFO-01-20260331-produce-013,SFO-01,P-APPLE,2026-03-31T21:49:00Z,2026-03-31T21:51:00Z,1,3.80,1.10,0.00,completed
E003499,O-SFO-01-20260331-produce-014,SFO-01,P-BERRY,2026-03-31T22:02:00Z,2026-03-31T22:04:00Z,2,4.15,2.40,0.00,completed
E003500,O-SFO-01-20260331-dairy-000,SFO-01,P-YOGURT,2026-03-31T19:00:00Z,2026-03-31T19:02:00Z,1,4.40,0.95,0.00,completed
E003501,O-SFO-01-20260331-dairy-001,SFO-01,P-MILK,2026-03-31T19:13:00Z,2026-03-31T19:15:00Z,1,4.40,1.80,0.00,completed
E003502,O-SFO-01-20260331-dairy-002,SFO-01,P-YOGURT,2026-03-31T19:26:00Z,2026-03-31T19:28:00Z,2,4.40,0.95,0.00,completed
E003503,O-SFO-01-20260331-dairy-003,SFO-01,P-MILK,2026-03-31T19:39:00Z,2026-03-31T19:41:00Z,1,4.40,1.80,0.00,completed
E003504,O-SFO-01-20260331-dairy-004,SFO-01,P-YOGURT,2026-03-31T19:52:00Z,2026-03-31T19:54:00Z,1,4.40,0.95,0.00,completed
E003505,O-SFO-01-20260331-dairy-005,SFO-01,P-MILK,2026-03-31T20:05:00Z,2026-03-31T20:07:00Z,2,4.40,1.80,0.00,cancelled
E003506,O-SFO-01-20260331-dairy-006,SFO-01,P-YOGURT,2026-03-31T20:18:00Z,2026-03-31T20:20:00Z,1,4.40,0.95,0.00,completed
E003507,O-SFO-01-20260331-dairy-006,SFO-01,P-YOGURT,2026-03-31T20:18:00Z,2026-03-31T20:21:00Z,1,4.40,0.95,0.00,completed
E003508,O-SFO-01-20260331-dairy-007,SFO-01,P-MILK,2026-03-31T20:31:00Z,2026-03-31T20:33:00Z,1,4.40,1.80,0.00,completed
E003509,O-SFO-01-20260331-dairy-008,SFO-01,P-YOGURT,2026-03-31T20:44:00Z,2026-03-31T20:46:00Z,2,4.40,0.95,0.00,completed
E003510,O-SFO-01-20260331-dairy-009,SFO-01,P-MILK,2026-03-31T20:57:00Z,2026-03-31T20:59:00Z,1,4.40,1.80,0.00,completed
E003511,O-SFO-01-20260331-dairy-010,SFO-01,P-YOGURT,2026-03-31T21:10:00Z,2026-03-31T21:12:00Z,1,4.40,0.95,0.00,completed
E003512,O-SFO-01-20260331-dairy-011,SFO-01,P-MILK,2026-03-31T21:23:00Z,2026-03-31T21:25:00Z,2,4.40,1.80,0.00,completed
E003513,O-SFO-01-20260331-dairy-012,SFO-01,P-YOGURT,2026-03-31T21:36:00Z,2026-03-31T21:38:00Z,1,4.40,0.95,0.00,completed
E003514,O-SFO-01-20260331-pantry-000,SFO-01,P-SAUCE,2026-03-31T19:00:00Z,2026-03-31T19:02:00Z,1,3.60,1.45,0.00,completed
E003515,O-SFO-01-20260331-pantry-001,SFO-01,P-PASTA,2026-03-31T19:13:00Z,2026-03-31T19:15:00Z,1,3.60,1.25,0.00,completed
E003516,O-SFO-01-20260331-pantry-002,SFO-01,P-SAUCE,2026-03-31T19:26:00Z,2026-03-31T19:28:00Z,2,3.60,1.45,0.00,completed
E003517,O-SFO-01-20260331-pantry-003,SFO-01,P-PASTA,2026-03-31T19:39:00Z,2026-03-31T19:41:00Z,1,3.60,1.25,0.00,completed
E003518,O-SFO-01-20260331-pantry-004,SFO-01,P-SAUCE,2026-03-31T19:52:00Z,2026-03-31T19:54:00Z,1,3.60,1.45,0.00,cancelled
E003519,O-SFO-01-20260331-pantry-005,SFO-01,P-PASTA,2026-03-31T20:05:00Z,2026-03-31T20:07:00Z,2,3.60,1.25,0.00,completed
E003520,O-SFO-01-20260331-pantry-006,SFO-01,P-SAUCE,2026-03-31T20:18:00Z,2026-03-31T20:20:00Z,1,3.60,1.45,0.00,completed
E003521,O-SFO-01-20260331-pantry-006,SFO-01,P-SAUCE,2026-03-31T20:18:00Z,2026-03-31T20:21:00Z,1,3.60,1.45,0.00,completed
E003522,O-SFO-01-20260331-pantry-007,SFO-01,P-PASTA,2026-03-31T20:31:00Z,2026-03-31T20:33:00Z,1,3.60,1.25,0.00,completed
E003523,O-SFO-01-20260331-pantry-008,SFO-01,P-SAUCE,2026-03-31T20:44:00Z,2026-03-31T20:46:00Z,2,3.60,1.45,0.00,completed
E003524,O-SFO-01-20260331-pantry-009,SFO-01,P-PASTA,2026-03-31T20:57:00Z,2026-03-31T20:59:00Z,1,3.60,1.25,0.00,completed
E003525,O-NYC-02-20260331-produce-000,NYC-02,P-BERRY,2026-03-31T16:00:00Z,2026-03-31T16:02:00Z,1,4.15,2.40,0.00,completed
E003526,O-NYC-02-20260331-produce-001,NYC-02,P-APPLE,2026-03-31T16:13:00Z,2026-03-31T16:15:00Z,1,3.80,1.10,0.00,completed
E003527,O-NYC-02-20260331-produce-002,NYC-02,P-BERRY,2026-03-31T16:26:00Z,2026-03-31T16:28:00Z,2,4.15,2.40,0.00,completed
E003528,O-NYC-02-20260331-produce-003,NYC-02,P-APPLE,2026-03-31T16:39:00Z,2026-03-31T16:41:00Z,1,3.80,1.10,0.00,cancelled
E003529,O-NYC-02-20260331-produce-004,NYC-02,P-BERRY,2026-03-31T16:52:00Z,2026-03-31T16:54:00Z,1,4.15,2.40,0.00,completed
E003530,O-NYC-02-20260331-produce-005,NYC-02,P-APPLE,2026-03-31T17:05:00Z,2026-03-31T17:07:00Z,2,3.80,1.10,0.00,completed
E003531,O-NYC-02-20260331-produce-006,NYC-02,P-BERRY,2026-03-31T17:18:00Z,2026-03-31T17:20:00Z,1,4.15,2.40,0.00,completed
E003532,O-NYC-02-20260331-produce-006,NYC-02,P-BERRY,2026-03-31T17:18:00Z,2026-03-31T17:21:00Z,1,4.15,2.40,0.00,completed
E003533,O-NYC-02-20260331-produce-007,NYC-02,P-APPLE,2026-03-31T17:31:00Z,2026-03-31T17:33:00Z,1,3.80,1.10,0.00,completed
E003534,O-NYC-02-20260331-produce-008,NYC-02,P-BERRY,2026-03-31T17:44:00Z,2026-03-31T17:46:00Z,2,4.15,2.40,0.00,completed
E003535,O-NYC-02-20260331-produce-009,NYC-02,P-APPLE,2026-03-31T17:57:00Z,2026-03-31T17:59:00Z,1,3.80,1.10,0.00,completed
E003536,O-NYC-02-20260331-produce-010,NYC-02,P-BERRY,2026-03-31T18:10:00Z,2026-03-31T18:12:00Z,1,4.15,2.40,0.00,completed
E003537,O-NYC-02-20260331-produce-011,NYC-02,P-APPLE,2026-03-31T18:23:00Z,2026-03-31T18:25:00Z,2,3.80,1.10,0.00,completed
E003538,O-NYC-02-20260331-produce-012,NYC-02,P-BERRY,2026-03-31T18:36:00Z,2026-03-31T18:38:00Z,1,4.15,2.40,0.00,completed
E003539,O-NYC-02-20260331-produce-013,NYC-02,P-APPLE,2026-03-31T18:49:00Z,2026-03-31T18:51:00Z,1,3.80,1.10,0.00,completed
E003540,O-NYC-02-20260331-produce-014,NYC-02,P-BERRY,2026-03-31T19:02:00Z,2026-03-31T19:04:00Z,2,4.15,2.40,0.00,completed
E003541,O-NYC-02-20260331-produce-015,NYC-02,P-APPLE,2026-03-31T19:15:00Z,2026-03-31T19:17:00Z,1,3.80,1.10,0.00,completed
E003542,O-NYC-02-20260331-produce-016,NYC-02,P-BERRY,2026-03-31T19:28:00Z,2026-03-31T19:30:00Z,1,4.15,2.40,0.00,completed
E003543,O-NYC-02-20260331-produce-016,NYC-02,P-BERRY,2026-03-31T22:28:00Z,2026-04-01T00:30:00Z,1,4.15,2.40,0.00,returned
E003544,O-NYC-02-20260331-produce-017,NYC-02,P-APPLE,2026-03-31T19:41:00Z,2026-03-31T19:43:00Z,2,3.80,1.10,0.00,completed
E003545,O-NYC-02-20260331-produce-018,NYC-02,P-BERRY,2026-03-31T19:54:00Z,2026-03-31T19:56:00Z,1,4.15,2.40,0.00,completed
E003546,O-NYC-02-20260331-dairy-000,NYC-02,P-YOGURT,2026-03-31T16:00:00Z,2026-03-31T16:02:00Z,1,4.40,0.95,0.00,completed
E003547,O-NYC-02-20260331-dairy-001,NYC-02,P-MILK,2026-03-31T16:13:00Z,2026-03-31T16:15:00Z,1,4.40,1.80,0.00,completed
E003548,O-NYC-02-20260331-dairy-002,NYC-02,P-YOGURT,2026-03-31T16:26:00Z,2026-03-31T16:28:00Z,2,4.40,0.95,0.00,completed
E003549,O-NYC-02-20260331-dairy-003,NYC-02,P-MILK,2026-03-31T16:39:00Z,2026-03-31T16:41:00Z,1,4.40,1.80,0.00,completed
E003550,O-NYC-02-20260331-dairy-004,NYC-02,P-YOGURT,2026-03-31T16:52:00Z,2026-03-31T16:54:00Z,1,4.40,0.95,0.00,completed
E003551,O-NYC-02-20260331-dairy-005,NYC-02,P-MILK,2026-03-31T17:05:00Z,2026-03-31T17:07:00Z,2,4.40,1.80,0.00,cancelled
E003552,O-NYC-02-20260331-dairy-006,NYC-02,P-YOGURT,2026-03-31T17:18:00Z,2026-03-31T17:20:00Z,1,4.40,0.95,0.00,completed
E003553,O-NYC-02-20260331-dairy-006,NYC-02,P-YOGURT,2026-03-31T17:18:00Z,2026-03-31T17:21:00Z,1,4.40,0.95,0.00,completed
E003554,O-NYC-02-20260331-dairy-007,NYC-02,P-MILK,2026-03-31T17:31:00Z,2026-03-31T17:33:00Z,1,4.40,1.80,0.00,completed
E003555,O-NYC-02-20260331-dairy-008,NYC-02,P-YOGURT,2026-03-31T17:44:00Z,2026-03-31T17:46:00Z,2,4.40,0.95,0.00,completed
E003556,O-NYC-02-20260331-dairy-009,NYC-02,P-MILK,2026-03-31T17:57:00Z,2026-03-31T17:59:00Z,1,4.40,1.80,0.00,completed
E003557,O-NYC-02-20260331-dairy-010,NYC-02,P-YOGURT,2026-03-31T18:10:00Z,2026-03-31T18:12:00Z,1,4.40,0.95,0.00,completed
E003558,O-NYC-02-20260331-dairy-011,NYC-02,P-MILK,2026-03-31T18:23:00Z,2026-03-31T18:25:00Z,2,4.40,1.80,0.00,completed
E003559,O-NYC-02-20260331-dairy-012,NYC-02,P-YOGURT,2026-03-31T18:36:00Z,2026-03-31T18:38:00Z,1,4.40,0.95,0.00,completed
E003560,O-NYC-02-20260331-dairy-013,NYC-02,P-MILK,2026-03-31T18:49:00Z,2026-03-31T18:51:00Z,1,4.40,1.80,0.00,completed
E003561,O-NYC-02-20260331-dairy-014,NYC-02,P-YOGURT,2026-03-31T19:02:00Z,2026-03-31T19:04:00Z,2,4.40,0.95,0.00,completed
E003562,O-NYC-02-20260331-pantry-000,NYC-02,P-SAUCE,2026-03-31T16:00:00Z,2026-03-31T16:02:00Z,1,3.60,1.45,0.00,completed
E003563,O-NYC-02-20260331-pantry-001,NYC-02,P-PASTA,2026-03-31T16:13:00Z,2026-03-31T16:15:00Z,1,3.60,1.25,0.00,completed
E003564,O-NYC-02-20260331-pantry-002,NYC-02,P-SAUCE,2026-03-31T16:26:00Z,2026-03-31T16:28:00Z,2,3.60,1.45,0.00,completed
E003565,O-NYC-02-20260331-pantry-003,NYC-02,P-PASTA,2026-03-31T16:39:00Z,2026-03-31T16:41:00Z,1,3.60,1.25,0.00,completed
E003566,O-NYC-02-20260331-pantry-004,NYC-02,P-SAUCE,2026-03-31T16:52:00Z,2026-03-31T16:54:00Z,1,3.60,1.45,0.00,cancelled
E003567,O-NYC-02-20260331-pantry-005,NYC-02,P-PASTA,2026-03-31T17:05:00Z,2026-03-31T17:07:00Z,2,3.60,1.25,0.00,completed
E003568,O-NYC-02-20260331-pantry-006,NYC-02,P-SAUCE,2026-03-31T17:18:00Z,2026-03-31T17:20:00Z,1,3.60,1.45,0.00,completed
E003569,O-NYC-02-20260331-pantry-006,NYC-02,P-SAUCE,2026-03-31T17:18:00Z,2026-03-31T17:21:00Z,1,3.60,1.45,0.00,completed
E003570,O-NYC-02-20260331-pantry-007,NYC-02,P-PASTA,2026-03-31T17:31:00Z,2026-03-31T17:33:00Z,1,3.60,1.25,0.00,completed
E003571,O-NYC-02-20260331-pantry-008,NYC-02,P-SAUCE,2026-03-31T17:44:00Z,2026-03-31T17:46:00Z,2,3.60,1.45,0.00,completed
E003572,O-NYC-02-20260331-pantry-009,NYC-02,P-PASTA,2026-03-31T17:57:00Z,2026-03-31T17:59:00Z,1,3.60,1.25,0.00,completed
E003573,O-NYC-02-20260331-pantry-010,NYC-02,P-SAUCE,2026-03-31T18:10:00Z,2026-03-31T18:12:00Z,1,3.60,1.45,0.00,completed
E003574,O-NYC-02-20260331-pantry-011,NYC-02,P-PASTA,2026-03-31T18:23:00Z,2026-03-31T18:25:00Z,2,3.60,1.25,0.00,completed
E003575,O-NYC-02-20260331-pantry-012,NYC-02,P-SAUCE,2026-03-31T18:36:00Z,2026-03-31T18:38:00Z,1,3.60,1.45,0.00,completed
E003576,O-CHI-03-20260331-produce-000,CHI-03,P-BERRY,2026-03-31T17:00:00Z,2026-03-31T17:02:00Z,1,4.15,2.40,0.00,completed
E003577,O-CHI-03-20260331-produce-001,CHI-03,P-APPLE,2026-03-31T17:13:00Z,2026-03-31T17:15:00Z,1,3.80,1.10,0.00,completed
E003578,O-CHI-03-20260331-produce-002,CHI-03,P-BERRY,2026-03-31T17:26:00Z,2026-03-31T17:28:00Z,2,4.15,2.40,0.00,completed
E003579,O-CHI-03-20260331-produce-003,CHI-03,P-APPLE,2026-03-31T17:39:00Z,2026-03-31T17:41:00Z,1,3.80,1.10,0.00,cancelled
E003580,O-CHI-03-20260331-produce-004,CHI-03,P-BERRY,2026-03-31T17:52:00Z,2026-03-31T17:54:00Z,1,4.15,2.40,0.00,completed
E003581,O-CHI-03-20260331-produce-005,CHI-03,P-APPLE,2026-03-31T18:05:00Z,2026-03-31T18:07:00Z,2,3.80,1.10,0.00,completed
E003582,O-CHI-03-20260331-produce-006,CHI-03,P-BERRY,2026-03-31T18:18:00Z,2026-03-31T18:20:00Z,1,4.15,2.40,0.00,completed
E003583,O-CHI-03-20260331-produce-006,CHI-03,P-BERRY,2026-03-31T18:18:00Z,2026-03-31T18:21:00Z,1,4.15,2.40,0.00,completed
E003584,O-CHI-03-20260331-produce-007,CHI-03,P-APPLE,2026-03-31T18:31:00Z,2026-03-31T18:33:00Z,1,3.80,1.10,0.00,completed
E003585,O-CHI-03-20260331-produce-008,CHI-03,P-BERRY,2026-03-31T18:44:00Z,2026-03-31T18:46:00Z,2,4.15,2.40,0.00,completed
E003586,O-CHI-03-20260331-produce-009,CHI-03,P-APPLE,2026-03-31T18:57:00Z,2026-03-31T18:59:00Z,1,3.80,1.10,0.00,completed
E003587,O-CHI-03-20260331-produce-010,CHI-03,P-BERRY,2026-03-31T19:10:00Z,2026-03-31T19:12:00Z,1,4.15,2.40,0.00,completed
E003588,O-CHI-03-20260331-dairy-000,CHI-03,P-YOGURT,2026-03-31T17:00:00Z,2026-03-31T17:02:00Z,1,4.40,0.95,0.00,completed
E003589,O-CHI-03-20260331-dairy-001,CHI-03,P-MILK,2026-03-31T17:13:00Z,2026-03-31T17:15:00Z,1,4.40,1.80,0.00,completed
E003590,O-CHI-03-20260331-dairy-002,CHI-03,P-YOGURT,2026-03-31T17:26:00Z,2026-03-31T17:28:00Z,2,4.40,0.95,0.00,completed
E003591,O-CHI-03-20260331-dairy-003,CHI-03,P-MILK,2026-03-31T17:39:00Z,2026-03-31T17:41:00Z,1,4.40,1.80,0.00,completed
E003592,O-CHI-03-20260331-dairy-004,CHI-03,P-YOGURT,2026-03-31T17:52:00Z,2026-03-31T17:54:00Z,1,4.40,0.95,0.00,completed
E003593,O-CHI-03-20260331-dairy-005,CHI-03,P-MILK,2026-03-31T18:05:00Z,2026-03-31T18:07:00Z,2,4.40,1.80,0.00,cancelled
E003594,O-CHI-03-20260331-dairy-006,CHI-03,P-YOGURT,2026-03-31T18:18:00Z,2026-03-31T18:20:00Z,1,4.40,0.95,0.00,completed
E003595,O-CHI-03-20260331-dairy-006,CHI-03,P-YOGURT,2026-03-31T18:18:00Z,2026-03-31T18:21:00Z,1,4.40,0.95,0.00,completed
E003596,O-CHI-03-20260331-dairy-007,CHI-03,P-MILK,2026-03-31T18:31:00Z,2026-03-31T18:33:00Z,1,4.40,1.80,0.00,completed
E003597,O-CHI-03-20260331-dairy-008,CHI-03,P-YOGURT,2026-03-31T18:44:00Z,2026-03-31T18:46:00Z,2,4.40,0.95,0.00,completed
E003598,O-CHI-03-20260331-pantry-000,CHI-03,P-SAUCE,2026-03-31T17:00:00Z,2026-03-31T17:02:00Z,1,3.60,1.45,0.00,completed
E003599,O-CHI-03-20260331-pantry-001,CHI-03,P-PASTA,2026-03-31T17:13:00Z,2026-03-31T17:15:00Z,1,3.60,1.25,0.00,completed
E003600,O-CHI-03-20260331-pantry-002,CHI-03,P-SAUCE,2026-03-31T17:26:00Z,2026-03-31T17:28:00Z,2,3.60,1.45,0.00,completed
E003601,O-CHI-03-20260331-pantry-003,CHI-03,P-PASTA,2026-03-31T17:39:00Z,2026-03-31T17:41:00Z,1,3.60,1.25,0.00,completed
E003602,O-CHI-03-20260331-pantry-004,CHI-03,P-SAUCE,2026-03-31T17:52:00Z,2026-03-31T17:54:00Z,1,3.60,1.45,0.00,cancelled
E003603,O-CHI-03-20260331-pantry-005,CHI-03,P-PASTA,2026-03-31T18:05:00Z,2026-03-31T18:07:00Z,2,3.60,1.25,0.00,completed
E003604,O-CHI-03-20260331-pantry-006,CHI-03,P-SAUCE,2026-03-31T18:18:00Z,2026-03-31T18:20:00Z,1,3.60,1.45,0.00,completed
E003605,O-CHI-03-20260331-pantry-006,CHI-03,P-SAUCE,2026-03-31T18:18:00Z,2026-03-31T18:21:00Z,1,3.60,1.45,0.00,completed
E003606,O-PHX-04-20260331-produce-000,PHX-04,P-BERRY,2026-03-31T19:00:00Z,2026-03-31T19:02:00Z,1,4.15,2.40,0.00,completed
E003607,O-PHX-04-20260331-produce-001,PHX-04,P-APPLE,2026-03-31T19:13:00Z,2026-03-31T19:15:00Z,1,3.80,1.10,0.00,completed
E003608,O-PHX-04-20260331-produce-002,PHX-04,P-BERRY,2026-03-31T19:26:00Z,2026-03-31T19:28:00Z,2,4.15,2.40,0.00,completed
E003609,O-PHX-04-20260331-produce-003,PHX-04,P-APPLE,2026-03-31T19:39:00Z,2026-03-31T19:41:00Z,1,3.80,1.10,0.00,cancelled
E003610,O-PHX-04-20260331-produce-004,PHX-04,P-BERRY,2026-03-31T19:52:00Z,2026-03-31T19:54:00Z,1,4.15,2.40,0.00,completed
E003611,O-PHX-04-20260331-produce-005,PHX-04,P-APPLE,2026-03-31T20:05:00Z,2026-03-31T20:07:00Z,2,3.80,1.10,0.00,completed
E003612,O-PHX-04-20260331-produce-006,PHX-04,P-BERRY,2026-03-31T20:18:00Z,2026-03-31T20:20:00Z,1,4.15,2.40,0.00,completed
E003613,O-PHX-04-20260331-produce-006,PHX-04,P-BERRY,2026-03-31T20:18:00Z,2026-03-31T20:21:00Z,1,4.15,2.40,0.00,completed
E003614,O-PHX-04-20260331-produce-007,PHX-04,P-APPLE,2026-03-31T20:31:00Z,2026-03-31T20:33:00Z,1,3.80,1.10,0.00,completed
E003615,O-PHX-04-20260331-produce-008,PHX-04,P-BERRY,2026-03-31T20:44:00Z,2026-03-31T20:46:00Z,2,4.15,2.40,0.00,completed
E003616,O-PHX-04-20260331-dairy-000,PHX-04,P-YOGURT,2026-03-31T19:00:00Z,2026-03-31T19:02:00Z,1,4.40,0.95,0.00,completed
E003617,O-PHX-04-20260331-dairy-001,PHX-04,P-MILK,2026-03-31T19:13:00Z,2026-03-31T19:15:00Z,1,4.40,1.80,0.00,completed
E003618,O-PHX-04-20260331-dairy-002,PHX-04,P-YOGURT,2026-03-31T19:26:00Z,2026-03-31T19:28:00Z,2,4.40,0.95,0.00,completed
E003619,O-PHX-04-20260331-dairy-003,PHX-04,P-MILK,2026-03-31T19:39:00Z,2026-03-31T19:41:00Z,1,4.40,1.80,0.00,completed
E003620,O-PHX-04-20260331-dairy-004,PHX-04,P-YOGURT,2026-03-31T19:52:00Z,2026-03-31T19:54:00Z,1,4.40,0.95,0.00,completed
E003621,O-PHX-04-20260331-dairy-005,PHX-04,P-MILK,2026-03-31T20:05:00Z,2026-03-31T20:07:00Z,2,4.40,1.80,0.00,cancelled
E003622,O-PHX-04-20260331-dairy-006,PHX-04,P-YOGURT,2026-03-31T20:18:00Z,2026-03-31T20:20:00Z,1,4.40,0.95,0.00,completed
E003623,O-PHX-04-20260331-dairy-006,PHX-04,P-YOGURT,2026-03-31T20:18:00Z,2026-03-31T20:21:00Z,1,4.40,0.95,0.00,completed
E003624,O-PHX-04-20260331-dairy-007,PHX-04,P-MILK,2026-03-31T20:31:00Z,2026-03-31T20:33:00Z,1,4.40,1.80,0.00,completed
E003625,O-PHX-04-20260331-pantry-000,PHX-04,P-SAUCE,2026-03-31T19:00:00Z,2026-03-31T19:02:00Z,1,3.60,1.45,0.00,completed
E003626,O-PHX-04-20260331-pantry-001,PHX-04,P-PASTA,2026-03-31T19:13:00Z,2026-03-31T19:15:00Z,1,3.60,1.25,0.00,completed
E003627,O-PHX-04-20260331-pantry-002,PHX-04,P-SAUCE,2026-03-31T19:26:00Z,2026-03-31T19:28:00Z,2,3.60,1.45,0.00,completed
E003628,O-PHX-04-20260331-pantry-003,PHX-04,P-PASTA,2026-03-31T19:39:00Z,2026-03-31T19:41:00Z,1,3.60,1.25,0.00,completed
E003629,O-PHX-04-20260331-pantry-004,PHX-04,P-SAUCE,2026-03-31T19:52:00Z,2026-03-31T19:54:00Z,1,3.60,1.45,0.00,cancelled
E003630,O-PHX-04-20260331-pantry-005,PHX-04,P-PASTA,2026-03-31T20:05:00Z,2026-03-31T20:07:00Z,2,3.60,1.25,0.00,completed
