time_mjd,flux,quality_flag,flux_err,sector
2153.2,0.9977757126039465,0,0.00033,sector_b
2153.20138889,0.9978780306969945,0,0.00033,sector_b
2153.20277778,0.9976816832109742,0,0.00033,sector_b
2153.20416667,0.997782451919118,0,0.00033,sector_b
2153.20555556,0.9979672930207729,0,0.00033,sector_b
2153.20694444,0.997163767826575,0,0.00033,sector_b
2153.20833333,0.9981803188612973,0,0.00033,sector_b
2153.20972222,0.9979991923286342,0,0.00033,sector_b
2153.21111111,0.9973624264696151,0,0.00033,sector_b
2153.2125,0.9980355270022019,0,0.00033,sector_b
2153.21388889,0.9974985754739563,0,0.00033,sector_b
2153.21527778,0.9976900048990818,0,0.00033,sector_b
2153.21666667,0.9977478316669225,0,0.00033,sector_b
2153.21805556,0.9974694577156009,0,0.00033,sector_b
2153.21944444,0.9975723279215206,0,0.00033,sector_b
2153.22083333,0.9975478530810108,0,0.00033,sector_b
2153.22222222,0.9974994032408131,0,0.00033,sector_b
2153.22361111,0.997217140075826,0,0.00033,sector_b
2153.225,0.9981235555933528,0,0.00033,sector_b
2153.22638889,0.9979139981193722,0,0.00033,sector_b
2153.22777778,0.9975212538564328,0,0.00033,sector_b
2153.22916667,0.9974735850299162,0,0.00033,sector_b
2153.23055556,0.998026154512483,0,0.00033,sector_b
2153.23194444,0.9978972593238254,0,0.00033,sector_b
2153.23333333,0.9975507019773844,0,0.00033,sector_b
2153.23472222,0.9975821872618021,0,0.00033,sector_b
2153.23611111,0.997783357258404,0,0.00033,sector_b
2153.2375,0.9961874458632598,0,0.00033,sector_b
2153.23888889,0.996068157231986,0,0.00033,sector_b
2153.24027778,0.9961293787402437,0,0.00033,sector_b
2153.24166667,0.9959626498370956,0,0.00033,sector_b
2153.24305556,0.9957179294676731,0,0.00033,sector_b
2153.24444444,0.9961394404877999,0,0.00033,sector_b
2153.24583333,0.9962117943369114,4096,0.00033,sector_b
2153.24722222,0.9960444079616793,0,0.00033,sector_b
2153.24861111,0.9958777023773605,0,0.00033,sector_b
2153.25,0.9958501887433541,0,0.00033,sector_b
2153.25138889,0.9958592695739084,0,0.00033,sector_b
2153.25277778,0.9962045404779436,0,0.00033,sector_b
2153.25416667,0.9959393498084066,0,0.00033,sector_b
2153.25555556,0.9963557684891973,0,0.00033,sector_b
2153.25694444,0.9959421916404634,0,0.00033,sector_b
2153.25833333,0.9956877682874709,0,0.00033,sector_b
2153.25972222,0.9961261716914835,0,0.00033,sector_b
2153.26111111,0.9959496453228841,0,0.00033,sector_b
2153.2625,0.9956126077505758,0,0.00033,sector_b
2153.26388889,0.9960929982942606,0,0.00033,sector_b
2153.26527778,0.9961036025552273,0,0.00033,sector_b
2153.26666667,0.9962930114648828,0,0.00033,sector_b
2153.26805556,0.9960731634135045,0,0.00033,sector_b
2153.26944444,0.9957891133704223,0,0.00033,sector_b
2153.27083333,0.9960498982898198,0,0.00033,sector_b
2153.27222222,0.9957602638775875,0,0.00033,sector_b
2153.27361111,0.9961802045823129,0,0.00033,sector_b
2153.275,0.996315624645228,0,0.00033,sector_b
2153.27638889,0.9959126416275018,0,0.00033,sector_b
2153.27777778,0.9954152396983795,0,0.00033,sector_b
2153.27916667,0.9958935466319362,0,0.00033,sector_b
2153.28055556,0.9959685856713596,0,0.00033,sector_b
2153.28194444,0.9959639306795761,0,0.00033,sector_b
2153.28333333,0.9956600604234583,0,0.00033,sector_b
2153.28472222,0.9961998547013745,0,0.00033,sector_b
2153.28611111,0.9961958188492755,0,0.00033,sector_b
2153.2875,0.9953115715606288,0,0.00033,sector_b
2153.28888889,0.9958891999004705,0,0.00033,sector_b
2153.29027778,0.9960822985274409,0,0.00033,sector_b
2153.29166667,0.9961258407683677,0,0.00033,sector_b
2153.29305556,0.9959543205737361,0,0.00033,sector_b
2153.29444444,0.9961126592042914,0,0.00033,sector_b
2153.29583333,0.9956365589410711,0,0.00033,sector_b
2153.29722222,0.9956228972608008,0,0.00033,sector_b
2153.29861111,0.9956941003442387,0,0.00033,sector_b
2153.3,0.9959851188289498,0,0.00033,sector_b
2153.30138889,0.9961485933897422,0,0.00033,sector_b
2153.30277778,0.9958028148003307,0,0.00033,sector_b
2153.30416667,0.9957764539597345,0,0.00033,sector_b
2153.30555556,0.9958554823579514,0,0.00033,sector_b
2153.30694444,0.9956156803788186,0,0.00033,sector_b
2153.30833333,0.9958796641912006,0,0.00033,sector_b
2153.30972222,0.9958615071169091,0,0.00033,sector_b
2153.31111111,0.9959770838951335,0,0.00033,sector_b
2153.3125,0.9956586494126655,0,0.00033,sector_b
2153.31388889,0.9960007678583135,0,0.00033,sector_b
2153.31527778,0.9957425234261301,0,0.00033,sector_b
2153.31666667,0.9956593094924379,0,0.00033,sector_b
2153.31805556,0.9955194889252861,0,0.00033,sector_b
2153.31944444,0.9959548789984415,0,0.00033,sector_b
2153.32083333,0.9957253932804206,0,0.00033,sector_b
2153.32222222,0.9957406960568542,0,0.00033,sector_b
2153.32361111,0.9957592728327126,0,0.00033,sector_b
2153.325,0.9953121544956947,0,0.00033,sector_b
2153.32638889,0.9957330395710838,0,0.00033,sector_b
2153.32777778,0.9956988628568845,0,0.00033,sector_b
2153.32916667,0.9960180911352366,0,0.00033,sector_b
2153.33055556,0.995908508219144,0,0.00033,sector_b
2153.33194444,0.9958672003798744,0,0.00033,sector_b
2153.33333333,0.9962882427038895,0,0.00033,sector_b
2153.33472222,0.9956172059360612,0,0.00033,sector_b
2153.33611111,0.9955188599085154,0,0.00033,sector_b
2153.3375,0.9956775789593082,0,0.00033,sector_b
2153.33888889,0.9955390052685666,0,0.00033,sector_b
2153.34027778,0.9954834892859517,0,0.00033,sector_b
2153.34166667,0.9962724906537922,0,0.00033,sector_b
2153.34305556,0.9961465406401565,0,0.00033,sector_b
2153.34444444,0.9956511617432163,0,0.00033,sector_b
2153.34583333,0.9955914986823113,0,0.00033,sector_b
2153.34722222,0.9953094326369127,0,0.00033,sector_b
2153.34861111,0.9956933860734737,0,0.00033,sector_b
2153.35,0.9954992823268206,0,0.00033,sector_b
2153.35138889,0.9953389703201372,0,0.00033,sector_b
2153.35277778,0.99560674139647,0,0.00033,sector_b
2153.35416667,0.9955946803484351,0,0.00033,sector_b
2153.35555556,0.9954887144654558,0,0.00033,sector_b
2153.35694444,0.9952331980623261,0,0.00033,sector_b
2153.35833333,0.9957099982708878,0,0.00033,sector_b
2153.35972222,0.9953896684237636,0,0.00033,sector_b
2153.36111111,0.995340754067243,0,0.00033,sector_b
2153.3625,0.9957830394804035,0,0.00033,sector_b
2153.36388889,0.9951932765840061,0,0.00033,sector_b
2153.36527778,0.9953729242685705,0,0.00033,sector_b
2153.36666667,0.9957046143324559,0,0.00033,sector_b
2153.36805556,0.9957173779275914,0,0.00033,sector_b
2153.36944444,0.995593485683083,0,0.00033,sector_b
2153.37083333,0.995132399343333,0,0.00033,sector_b
2153.37222222,0.9953751113091338,0,0.00033,sector_b
2153.37361111,0.9956370977749615,0,0.00033,sector_b
2153.375,0.9952882834413057,0,0.00033,sector_b
2153.37638889,0.9952009516723624,0,0.00033,sector_b
2153.37777778,0.9953487812245607,0,0.00033,sector_b
2153.37916667,0.9952440489300781,0,0.00033,sector_b
2153.38055556,0.9955333110688144,0,0.00033,sector_b
2153.38194444,0.995300460268138,0,0.00033,sector_b
2153.38333333,0.9954483926927307,0,0.00033,sector_b
2153.38472222,0.9953521937945764,0,0.00033,sector_b
2153.38611111,0.9957914767736902,0,0.00033,sector_b
2153.3875,0.9957291481536732,0,0.00033,sector_b
2153.38888889,0.9969983142723201,0,0.00033,sector_b
2153.39027778,0.9966741668972581,0,0.00033,sector_b
2153.39166667,0.9971980997088948,0,0.00033,sector_b
2153.39305556,0.9975724111379207,0,0.00033,sector_b
2153.39444444,0.9969840643916155,0,0.00033,sector_b
2153.39583333,0.9969672336799333,0,0.00033,sector_b
2153.39722222,0.9967885846723282,0,0.00033,sector_b
2153.39861111,0.9973387685883083,0,0.00033,sector_b
2153.4,0.9972765297988105,0,0.00033,sector_b
2153.40138889,0.9971226900576189,0,0.00033,sector_b
2153.40277778,0.997526963136759,0,0.00033,sector_b
2153.40416667,0.9966484999997408,0,0.00033,sector_b
2153.40555556,0.9963853714695645,0,0.00033,sector_b
2153.40694444,0.9972946933628873,0,0.00033,sector_b
2153.40833333,0.9971215703010297,0,0.00033,sector_b
2153.40972222,0.9971242309844132,0,0.00033,sector_b
2153.41111111,0.997112253439621,0,0.00033,sector_b
2153.4125,0.9969111578233428,0,0.00033,sector_b
2153.41388889,0.9965475934461677,0,0.00033,sector_b
2153.41527778,0.9968406623955486,0,0.00033,sector_b
2153.41666667,0.9971173322818648,0,0.00033,sector_b
2153.41805556,0.9973173846134481,0,0.00033,sector_b
2153.41944444,0.9969366376029789,0,0.00033,sector_b
2153.42083333,0.9973519290359117,0,0.00033,sector_b
2153.42222222,0.997034494697625,0,0.00033,sector_b
2153.42361111,0.9966839245268192,0,0.00033,sector_b
2153.425,0.9967357269836767,0,0.00033,sector_b
2153.42638889,0.9962933730287445,0,0.00033,sector_b
2153.42777778,0.997065705602162,0,0.00033,sector_b
2153.42916667,0.9967765162445931,0,0.00033,sector_b
2153.43055556,0.9968698451604128,0,0.00033,sector_b
2153.43194444,0.9973367383172018,0,0.00033,sector_b
2153.43333333,0.9963466405416549,0,0.00033,sector_b
2153.43472222,0.9966354431025052,0,0.00033,sector_b
2153.43611111,0.9967839820854915,0,0.00033,sector_b
2153.4375,0.9967344709585747,0,0.00033,sector_b
2153.43888889,0.9972492318217342,0,0.00033,sector_b
2153.44027778,0.9971740848094524,0,0.00033,sector_b
2153.44166667,0.9970030624777694,0,0.00033,sector_b
2153.44305556,0.996828416614937,0,0.00033,sector_b
2153.44444444,0.9969164278722709,0,0.00033,sector_b
2153.44583333,0.9967056351678761,0,0.00033,sector_b
2153.44722222,0.9971639723161999,0,0.00033,sector_b
2153.44861111,0.9972105434197954,0,0.00033,sector_b
2153.45,0.9971366345657853,0,0.00033,sector_b
2153.45138889,0.9965738310566951,0,0.00033,sector_b
2153.45277778,0.9970659521250731,0,0.00033,sector_b
2153.45416667,0.99682292657595,0,0.00033,sector_b
2153.45555556,0.997315377497254,0,0.00033,sector_b
2153.45694444,0.9971097407342421,0,0.00033,sector_b
2153.45833333,0.9968525456403539,0,0.00033,sector_b
2153.45972222,0.9966576940793572,0,0.00033,sector_b
2153.46111111,0.9969038813850356,0,0.00033,sector_b
2153.4625,0.9966537339703297,0,0.00033,sector_b
2153.46388889,0.9966601750480083,0,0.00033,sector_b
2153.46527778,0.9969672706203218,0,0.00033,sector_b
2153.46666667,0.9967933471021204,0,0.00033,sector_b
2153.46805556,0.996759493824455,0,0.00033,sector_b
2153.46944444,0.9963434790220204,0,0.00033,sector_b
2153.47083333,0.9963510858633111,0,0.00033,sector_b
2153.47222222,0.9963991347722451,0,0.00033,sector_b
2153.47361111,0.9963668175520979,0,0.00033,sector_b
2153.475,0.9969160452380446,0,0.00033,sector_b
2153.47638889,0.9969476716666282,0,0.00033,sector_b
2153.47777778,0.99675086904423,0,0.00033,sector_b
2153.47916667,0.9963271663867284,0,0.00033,sector_b
2153.48055556,0.9965063976301599,0,0.00033,sector_b
2153.48194444,0.9966832506048215,0,0.00033,sector_b
2153.48333333,0.9967260658889734,0,0.00033,sector_b
2153.48472222,0.9966675214192956,0,0.00033,sector_b
2153.48611111,0.9974072234380486,0,0.00033,sector_b
2153.4875,0.9967948720806605,0,0.00033,sector_b
2153.48888889,0.9969769600142014,0,0.00033,sector_b
2153.49027778,0.9972296718864626,0,0.00033,sector_b
2153.49166667,0.9963389009703117,0,0.00033,sector_b
2153.49305556,0.996314941586528,0,0.00033,sector_b
2153.49444444,0.9968942348857048,0,0.00033,sector_b
2153.49583333,0.996407000045182,0,0.00033,sector_b
2153.49722222,0.9968509574020614,0,0.00033,sector_b
2153.49861111,0.9969850582774403,0,0.00033,sector_b
2153.5,0.9965804130695963,0,0.00033,sector_b
2153.50138889,0.996731166547281,0,0.00033,sector_b
2153.50277778,0.9967051033855383,0,0.00033,sector_b
2153.50416667,0.9970918360116938,0,0.00033,sector_b
2153.50555556,0.9966796932743309,0,0.00033,sector_b
2153.50694444,0.9966272002931389,0,0.00033,sector_b
2153.50833333,0.9967473939493618,0,0.00033,sector_b
2153.50972222,0.9966985211548024,0,0.00033,sector_b
2153.51111111,0.9966869271599155,0,0.00033,sector_b
2153.5125,0.996657741148171,0,0.00033,sector_b
2153.51388889,0.9970416603096127,0,0.00033,sector_b
2153.51527778,0.9965138822924983,0,0.00033,sector_b
2153.51666667,0.9967044061459825,0,0.00033,sector_b
2153.51805556,0.9965916453182555,0,0.00033,sector_b
2153.51944444,0.9967437158364804,0,0.00033,sector_b
2153.52083333,0.9961625436957854,0,0.00033,sector_b
2153.52222222,0.9968869849065967,0,0.00033,sector_b
2153.52361111,0.9964447108036611,0,0.00033,sector_b
2153.525,0.9966469219370838,0,0.00033,sector_b
2153.52638889,0.9972347838698244,0,0.00033,sector_b
2153.52777778,0.9963040767958674,0,0.00033,sector_b
2153.52916667,0.9966840432106497,0,0.00033,sector_b
2153.53055556,0.9965041581316769,0,0.00033,sector_b
2153.53194444,0.9965310622533192,0,0.00033,sector_b
2153.53333333,0.9965169850739969,0,0.00033,sector_b
2153.53472222,0.9964929494689924,0,0.00033,sector_b
2153.53611111,0.9970240515800289,0,0.00033,sector_b
2153.5375,0.9963711662031275,0,0.00033,sector_b
2153.53888889,0.9970779769180336,0,0.00033,sector_b
2153.54027778,0.9966747358571101,0,0.00033,sector_b
2153.54166667,0.9963512551068128,0,0.00033,sector_b
2153.54305556,0.9961818375238446,0,0.00033,sector_b
2153.54444444,0.9968262538550298,0,0.00033,sector_b
2153.54583333,0.9965640324175128,0,0.00033,sector_b
2153.54722222,0.996783621304321,0,0.00033,sector_b
2153.54861111,0.9970470195190919,0,0.00033,sector_b
2153.55,0.9963570126236024,0,0.00033,sector_b
2153.55138889,0.9964648338959589,0,0.00033,sector_b
2153.55277778,0.9964644018331739,0,0.00033,sector_b
2153.55416667,0.9961769787969567,0,0.00033,sector_b
2153.55555556,0.9964988601960469,0,0.00033,sector_b
2153.55694444,0.9961682152720825,0,0.00033,sector_b
2153.55833333,0.996311912212415,0,0.00033,sector_b
2153.55972222,0.9963308617260664,0,0.00033,sector_b
2153.56111111,0.9963164836088744,0,0.00033,sector_b
2153.5625,0.9965059713904213,0,0.00033,sector_b
2153.56388889,0.9967582162242575,0,0.00033,sector_b
2153.56527778,0.9965724217753591,0,0.00033,sector_b
2153.56666667,0.9958737560239305,0,0.00033,sector_b
2153.56805556,0.99675055462976,0,0.00033,sector_b
2153.56944444,0.9963603624018305,0,0.00033,sector_b
2153.57083333,0.9962986699389417,0,0.00033,sector_b
2153.57222222,0.9966707797654528,0,0.00033,sector_b
2153.57361111,0.9961679834248226,0,0.00033,sector_b
2153.575,0.9961993911479743,0,0.00033,sector_b
2153.57638889,0.9963880891088706,0,0.00033,sector_b
2153.57777778,0.9968066223568548,0,0.00033,sector_b
2153.57916667,0.9964486602933718,0,0.00033,sector_b
2153.58055556,0.9967553987826758,0,0.00033,sector_b
2153.58194444,0.9964921593897079,0,0.00033,sector_b
2153.58333333,0.9965042892365339,0,0.00033,sector_b
2153.58472222,0.9962056403453553,0,0.00033,sector_b
2153.58611111,0.9963768124472031,0,0.00033,sector_b
2153.5875,0.9962361512584598,0,0.00033,sector_b
2153.58888889,0.9963348287923928,0,0.00033,sector_b
2153.59027778,0.9966670577967839,0,0.00033,sector_b
2153.59166667,0.9965646010663702,0,0.00033,sector_b
2153.59305556,0.9964450449532696,0,0.00033,sector_b
2153.59444444,0.9966241261450155,0,0.00033,sector_b
2153.59583333,0.9961828387872543,0,0.00033,sector_b
2153.59722222,0.997083939182005,0,0.00033,sector_b
2153.59861111,0.9967866361251174,0,0.00033,sector_b
2153.6,0.9964633799328019,0,0.00033,sector_b
2153.60138889,0.9963395515820939,0,0.00033,sector_b
2153.60277778,0.9964824936979307,0,0.00033,sector_b
2153.60416667,0.9962506818907889,0,0.00033,sector_b
2153.60555556,0.996288151903922,0,0.00033,sector_b
2153.60694444,0.996099115439308,0,0.00033,sector_b
2153.60833333,0.9963077024107262,0,0.00033,sector_b
2153.60972222,0.9963159734534164,0,0.00033,sector_b
2153.61111111,0.9968161566089571,0,0.00033,sector_b
2153.6125,0.9964318851685352,0,0.00033,sector_b
2153.61388889,0.9960600126546236,0,0.00033,sector_b
2153.61527778,0.9962339178568546,0,0.00033,sector_b
2153.61666667,0.9964666887407111,0,0.00033,sector_b
2153.61805556,0.996492120572153,0,0.00033,sector_b
2153.61944444,0.9967008641260016,0,0.00033,sector_b
2153.62083333,0.9967353291212143,0,0.00033,sector_b
2153.62222222,0.9964881956381603,0,0.00033,sector_b
2153.62361111,0.996342268443249,0,0.00033,sector_b
2153.625,0.9960030160622474,0,0.00033,sector_b
2153.62638889,0.9965331648128682,0,0.00033,sector_b
2153.62777778,0.9963459155756885,0,0.00033,sector_b
2153.62916667,0.99622632885569,0,0.00033,sector_b
2153.63055556,0.9961934407381364,0,0.00033,sector_b
2153.63194444,0.9964990914267557,0,0.00033,sector_b
2153.63333333,0.9964788629930746,0,0.00033,sector_b
2153.63472222,0.9960884797306728,0,0.00033,sector_b
2153.63611111,0.9967803722288682,0,0.00033,sector_b
2153.6375,0.9964244520101739,0,0.00033,sector_b
2153.63888889,0.9958657242339636,0,0.00033,sector_b
2153.64027778,0.9968981846578012,0,0.00033,sector_b
2153.64166667,0.9962897994940152,0,0.00033,sector_b
2153.64305556,0.9961478220841171,0,0.00033,sector_b
2153.64444444,0.9961700261409367,0,0.00033,sector_b
2153.64583333,0.9965141255173445,0,0.00033,sector_b
2153.64722222,0.9961127012273149,0,0.00033,sector_b
2153.64861111,0.9961923599134778,0,0.00033,sector_b
2153.65,0.995741094156644,0,0.00033,sector_b
2153.65138889,0.9962666356145027,0,0.00033,sector_b
2153.65277778,0.9961686975393202,0,0.00033,sector_b
2153.65416667,0.9961962159447998,0,0.00033,sector_b
2153.65555556,0.9966009860060089,0,0.00033,sector_b
2153.65694444,0.9962783157576987,0,0.00033,sector_b
2153.65833333,0.9962566386446264,0,0.00033,sector_b
2153.65972222,0.9961919017386655,0,0.00033,sector_b
2153.66111111,0.9961465177318914,0,0.00033,sector_b
2153.6625,0.9961545680952429,0,0.00033,sector_b
2153.66388889,0.9966017578574301,0,0.00033,sector_b
2153.66527778,0.9965805168708298,0,0.00033,sector_b
2153.66666667,0.9962117082930552,0,0.00033,sector_b
2153.66805556,0.9963731329833445,2048,0.00033,sector_b
2153.66944444,0.9966611560969022,0,0.00033,sector_b
2153.67083333,0.996316227153288,0,0.00033,sector_b
2153.67222222,0.9961948457518264,0,0.00033,sector_b
2153.67361111,0.9962483222069973,0,0.00033,sector_b
2153.675,0.995961635909374,0,0.00033,sector_b
2153.67638889,0.9964130225678791,0,0.00033,sector_b
2153.67777778,0.9959875062050546,0,0.00033,sector_b
2153.67916667,0.9958565626316868,0,0.00033,sector_b
2153.68055556,0.9964445581130813,0,0.00033,sector_b
2153.68194444,0.9958036336663365,0,0.00033,sector_b
2153.68333333,0.99603872861874,0,0.00033,sector_b
2153.68472222,0.9957565002756565,0,0.00033,sector_b
2153.68611111,0.9957291178365362,0,0.00033,sector_b
2153.6875,0.9963856536085123,0,0.00033,sector_b
2153.68888889,0.995832873578934,0,0.00033,sector_b
2153.69027778,0.9963391766314017,0,0.00033,sector_b
2153.69166667,0.9959649975135274,0,0.00033,sector_b
2153.69305556,0.9960586343598083,0,0.00033,sector_b
2153.69444444,0.9962065367342213,0,0.00033,sector_b
2153.69583333,0.9964897167802425,2048,0.00033,sector_b
2153.69722222,0.9962179274235782,0,0.00033,sector_b
2153.69861111,0.9959222357996194,0,0.00033,sector_b
2153.7,0.9962763755061279,0,0.00033,sector_b
2153.70138889,0.9963360428181846,0,0.00033,sector_b
2153.70277778,0.9964966905290807,0,0.00033,sector_b
2153.70416667,0.9960148792793002,0,0.00033,sector_b
2153.70555556,0.9959622010958726,0,0.00033,sector_b
2153.70694444,0.9958255558334287,0,0.00033,sector_b
2153.70833333,0.9958878392997386,0,0.00033,sector_b
2153.70972222,0.9964368029708187,0,0.00033,sector_b
2153.71111111,0.9964609107420661,0,0.00033,sector_b
2153.7125,0.9958003280892768,0,0.00033,sector_b
2153.71388889,0.9963068259744948,0,0.00033,sector_b
2153.71527778,0.9955190707777878,0,0.00033,sector_b
2153.71666667,0.9960433507326972,0,0.00033,sector_b
2153.71805556,0.9956824508052412,0,0.00033,sector_b
2153.71944444,0.9958448033169488,0,0.00033,sector_b
2153.72083333,0.9965275399377089,0,0.00033,sector_b
2153.72222222,0.9961671936674734,0,0.00033,sector_b
2153.72361111,0.9961042736449967,0,0.00033,sector_b
2153.725,0.9963936582653425,0,0.00033,sector_b
2153.72638889,0.9958857750489213,0,0.00033,sector_b
2153.72777778,0.9962614191085929,0,0.00033,sector_b
2153.72916667,0.9962127816093233,0,0.00033,sector_b
2153.73055556,0.9963655990735203,0,0.00033,sector_b
2153.73194444,0.9961255570004042,0,0.00033,sector_b
2153.73333333,0.9959154799860707,0,0.00033,sector_b
2153.73472222,0.996102964798168,0,0.00033,sector_b
2153.73611111,0.9956610677917779,0,0.00033,sector_b
2153.7375,0.9963467722520295,0,0.00033,sector_b
2153.73888889,0.9963524743070903,0,0.00033,sector_b
2153.74027778,0.9960811759128145,0,0.00033,sector_b
2153.74166667,0.9959935292055,0,0.00033,sector_b
2153.74305556,0.996228846836265,0,0.00033,sector_b
2153.74444444,0.9962691729088898,0,0.00033,sector_b
2153.74583333,0.9961476603008281,0,0.00033,sector_b
2153.74722222,0.9955972255862262,0,0.00033,sector_b
2153.74861111,0.9964041207176009,0,0.00033,sector_b
2153.75,0.9961127551016788,0,0.00033,sector_b
2153.75138889,0.9957890423549991,0,0.00033,sector_b
2153.75277778,0.9959230987183451,0,0.00033,sector_b
2153.75416667,0.9957772826409,0,0.00033,sector_b
2153.75555556,0.9962074233228146,0,0.00033,sector_b
2153.75694444,0.9958076503975176,0,0.00033,sector_b
2153.75833333,0.9961481272236402,0,0.00033,sector_b
2153.75972222,0.9960105841981716,0,0.00033,sector_b
2153.76111111,0.9960581569000767,0,0.00033,sector_b
2153.7625,0.9962566374454507,0,0.00033,sector_b
2153.76388889,0.9961145567400139,0,0.00033,sector_b
2153.76527778,0.9961432525074059,0,0.00033,sector_b
2153.76666667,0.9957440723896152,0,0.00033,sector_b
2153.76805556,0.9958147639003783,0,0.00033,sector_b
2153.76944444,0.9954921575774446,4096,0.00033,sector_b
2153.77083333,0.9963183479570831,0,0.00033,sector_b
2153.77222222,0.9957108977337272,0,0.00033,sector_b
2153.77361111,0.9958164637997572,0,0.00033,sector_b
2153.775,0.995700699355093,0,0.00033,sector_b
2153.77638889,0.9958066100723629,0,0.00033,sector_b
2153.77777778,0.9963468923339733,0,0.00033,sector_b
2153.77916667,0.9955921270753916,0,0.00033,sector_b
2153.78055556,0.9958934973822092,0,0.00033,sector_b
2153.78194444,0.9956784953457042,0,0.00033,sector_b
2153.78333333,0.9958880325436485,0,0.00033,sector_b
2153.78472222,0.9959933412649536,0,0.00033,sector_b
2153.78611111,0.9960491029402848,0,0.00033,sector_b
2153.7875,0.9958897522888479,0,0.00033,sector_b
2153.78888889,0.9960220895878299,0,0.00033,sector_b
2153.79027778,0.995757953277826,0,0.00033,sector_b
2153.79166667,0.9965517350106499,0,0.00033,sector_b
2153.79305556,0.9961200947445727,0,0.00033,sector_b
2153.79444444,0.9960994210280218,0,0.00033,sector_b
2153.79583333,0.9956389547996409,0,0.00033,sector_b
2153.79722222,0.99567201559407,0,0.00033,sector_b
2153.79861111,0.995947593645673,0,0.00033,sector_b
2153.8,0.9961053659971708,0,0.00033,sector_b
2153.80138889,0.9962900820565207,0,0.00033,sector_b
2153.80277778,0.9958798039938825,0,0.00033,sector_b
2153.80416667,0.995457403632296,0,0.00033,sector_b
2153.80555556,0.9960844853831983,0,0.00033,sector_b
2153.80694444,0.9955886740310044,0,0.00033,sector_b
2153.80833333,0.9960054611099379,0,0.00033,sector_b
2153.80972222,0.9960680751752228,0,0.00033,sector_b
2153.81111111,0.9961768057693733,0,0.00033,sector_b
2153.8125,0.9961665773047311,0,0.00033,sector_b
2153.81388889,0.9958098868713237,0,0.00033,sector_b
2153.81527778,0.996111453648997,0,0.00033,sector_b
2153.81666667,0.9959017441220702,0,0.00033,sector_b
2153.81805556,0.9964179935451057,0,0.00033,sector_b
2153.81944444,0.9957814310492955,0,0.00033,sector_b
2153.82083333,0.9958715445200308,0,0.00033,sector_b
2153.82222222,0.9963595272934632,0,0.00033,sector_b
2153.82361111,0.9956318940313369,0,0.00033,sector_b
2153.825,0.9961279907012719,0,0.00033,sector_b
2153.82638889,0.9954615299900813,0,0.00033,sector_b
2153.82777778,0.9961131179800434,0,0.00033,sector_b
2153.82916667,0.9955421011854764,0,0.00033,sector_b
2153.83055556,0.9963814650650566,0,0.00033,sector_b
2153.83194444,0.9961207866676737,0,0.00033,sector_b
2153.83333333,0.9960488907670304,0,0.00033,sector_b
2153.83472222,0.9962525949891604,0,0.00033,sector_b
2153.83611111,0.9955733300027333,0,0.00033,sector_b
2153.8375,0.9960082787893626,0,0.00033,sector_b
2153.83888889,0.9959084753143914,0,0.00033,sector_b
2153.84027778,0.9959157492726127,0,0.00033,sector_b
2153.84166667,0.9956234037590005,0,0.00033,sector_b
2153.84305556,0.9959292140328744,0,0.00033,sector_b
2153.84444444,0.9961390542340907,0,0.00033,sector_b
2153.84583333,0.9957518296599729,0,0.00033,sector_b
2153.84722222,0.9954920671322562,0,0.00033,sector_b
2153.84861111,0.995311009644426,0,0.00033,sector_b
2153.85,0.9962119791460832,0,0.00033,sector_b
2153.85138889,0.9955155055296412,0,0.00033,sector_b
2153.85277778,0.9958963541481194,0,0.00033,sector_b
2153.85416667,0.9964253330319777,0,0.00033,sector_b
2153.85555556,0.995901040089803,0,0.00033,sector_b
2153.85694444,0.9961824881789404,0,0.00033,sector_b
2153.85833333,0.9959384957036264,0,0.00033,sector_b
2153.85972222,0.9959785608086168,0,0.00033,sector_b
2153.86111111,0.9960425093209402,0,0.00033,sector_b
2153.8625,0.9958020063436186,0,0.00033,sector_b
2153.86388889,0.9960053317008093,0,0.00033,sector_b
2153.86527778,0.9960372016366102,0,0.00033,sector_b
2153.86666667,0.9955843973343929,0,0.00033,sector_b
2153.86805556,0.9959679407314136,0,0.00033,sector_b
2153.86944444,0.9959788202496045,0,0.00033,sector_b
2153.87083333,0.9959909570052354,0,0.00033,sector_b
2153.87222222,0.99583470969001,0,0.00033,sector_b
2153.87361111,0.9957494044161218,0,0.00033,sector_b
2153.875,0.9956280053339192,0,0.00033,sector_b
2153.87638889,0.9956650360872528,0,0.00033,sector_b
2153.87777778,0.995917858115174,0,0.00033,sector_b
2153.87916667,0.996022251717485,0,0.00033,sector_b
2153.88055556,0.9955812278045554,0,0.00033,sector_b
2153.88194444,0.995550627174241,0,0.00033,sector_b
2153.88333333,0.9960361530783327,0,0.00033,sector_b
2153.88472222,0.9962435306665376,0,0.00033,sector_b
2153.88611111,0.9957040313205302,0,0.00033,sector_b
2153.8875,0.9959378698819851,0,0.00033,sector_b
2153.88888889,0.9962275718739905,0,0.00033,sector_b
2153.89027778,0.9954707922334164,0,0.00033,sector_b
2153.89166667,0.9960281280690476,0,0.00033,sector_b
2153.89305556,0.9960002148257499,0,0.00033,sector_b
2153.89444444,0.9961233003844309,0,0.00033,sector_b
2153.89583333,0.9959034614839535,0,0.00033,sector_b
2153.89722222,0.9961138950326482,0,0.00033,sector_b
2153.89861111,0.9955671917321858,0,0.00033,sector_b
2153.9,0.9955074177067011,0,0.00033,sector_b
2153.90138889,0.9959208107874076,0,0.00033,sector_b
2153.90277778,0.9956169671243515,0,0.00033,sector_b
2153.90416667,0.9959593248177131,0,0.00033,sector_b
2153.90555556,0.996113183342187,0,0.00033,sector_b
2153.90694444,0.9957836302514328,0,0.00033,sector_b
2153.90833333,0.9960281110270957,0,0.00033,sector_b
2153.90972222,0.9958024566482255,0,0.00033,sector_b
2153.91111111,0.9957141334563974,0,0.00033,sector_b
2153.9125,0.9957112322814041,0,0.00033,sector_b
2153.91388889,0.9959497727563655,0,0.00033,sector_b
2153.91527778,0.9963356418878052,0,0.00033,sector_b
2153.91666667,0.9956139275287929,0,0.00033,sector_b
2153.91805556,0.9955299063030194,0,0.00033,sector_b
2153.91944444,0.9957359364287682,0,0.00033,sector_b
2153.92083333,0.9953461647929477,0,0.00033,sector_b
2153.92222222,0.9959754313140966,0,0.00033,sector_b
2153.92361111,0.9962430125923449,0,0.00033,sector_b
2153.925,0.9954484289411838,0,0.00033,sector_b
2153.92638889,0.9957760055033372,0,0.00033,sector_b
2153.92777778,0.995441992548817,0,0.00033,sector_b
2153.92916667,0.9958315833434394,0,0.00033,sector_b
2153.93055556,0.9957885639471297,0,0.00033,sector_b
2153.93194444,0.9961584506397864,0,0.00033,sector_b
2153.93333333,0.9958204979024016,0,0.00033,sector_b
2153.93472222,0.996080158129524,0,0.00033,sector_b
2153.93611111,0.9955584044253243,0,0.00033,sector_b
2153.9375,0.996012493920263,0,0.00033,sector_b
2153.93888889,0.9957248046651818,0,0.00033,sector_b
2153.94027778,0.995363366687593,0,0.00033,sector_b
2153.94166667,0.9957079305725547,0,0.00033,sector_b
2153.94305556,0.9957288034916678,0,0.00033,sector_b
2153.94444444,0.9955938334560629,0,0.00033,sector_b
2153.94583333,0.9958019162907841,0,0.00033,sector_b
2153.94722222,0.9955369020260252,0,0.00033,sector_b
2153.94861111,0.9958638696563517,0,0.00033,sector_b
2153.95,0.995395325244683,0,0.00033,sector_b
2153.95138889,0.9961284681631623,0,0.00033,sector_b
2153.95277778,0.9957645528470228,0,0.00033,sector_b
2153.95416667,0.9956498807198425,0,0.00033,sector_b
2153.95555556,0.9956488445669196,0,0.00033,sector_b
2153.95694444,0.9957830906214135,0,0.00033,sector_b
2153.95833333,0.9956080308454872,0,0.00033,sector_b
2153.95972222,0.9957384341335532,0,0.00033,sector_b
2153.96111111,0.9956276494572892,0,0.00033,sector_b
2153.9625,0.9959890182072898,0,0.00033,sector_b
2153.96388889,0.9957350003695455,0,0.00033,sector_b
2153.96527778,0.9960270502035798,0,0.00033,sector_b
2153.96666667,0.9955203025982204,0,0.00033,sector_b
2153.96805556,0.9958933386833023,0,0.00033,sector_b
2153.96944444,0.9964248577310952,0,0.00033,sector_b
2153.97083333,0.9956252843348726,0,0.00033,sector_b
2153.97222222,0.9955794227547289,0,0.00033,sector_b
2153.97361111,0.995519782912262,0,0.00033,sector_b
2153.975,0.9955771172098147,0,0.00033,sector_b
2153.97638889,0.9952876785488292,0,0.00033,sector_b
2153.97777778,0.996218960694102,0,0.00033,sector_b
2153.97916667,0.9958323913067307,0,0.00033,sector_b
2153.98055556,0.9957192298417685,0,0.00033,sector_b
2153.98194444,0.9959085229741168,0,0.00033,sector_b
2153.98333333,0.9962780459845586,0,0.00033,sector_b
2153.98472222,0.9954701588957322,0,0.00033,sector_b
2153.98611111,0.9958110860260999,0,0.00033,sector_b
2153.9875,0.9959134379118993,0,0.00033,sector_b
2153.98888889,0.9957034161535173,0,0.00033,sector_b
2153.99027778,0.9964657946835606,0,0.00033,sector_b
2153.99166667,0.9953771792090425,0,0.00033,sector_b
2153.99305556,0.9955961044921714,0,0.00033,sector_b
2153.99444444,0.9954904831788336,0,0.00033,sector_b
2153.99583333,0.9958211190474449,0,0.00033,sector_b
2153.99722222,0.9958311785745225,0,0.00033,sector_b
2153.99861111,0.9962682494720704,0,0.00033,sector_b
2154.0,0.9954000576710632,0,0.00033,sector_b
2154.00138889,0.9960279826802471,0,0.00033,sector_b
2154.00277778,0.9958875738347479,0,0.00033,sector_b
2154.00416667,0.9959935758402627,0,0.00033,sector_b
2154.00555556,0.9956474206001299,0,0.00033,sector_b
2154.00694444,0.9956423032095292,0,0.00033,sector_b
2154.00833333,0.9959627972883615,0,0.00033,sector_b
2154.00972222,0.9954898821052365,0,0.00033,sector_b
2154.01111111,0.9955684428124123,0,0.00033,sector_b
2154.0125,0.995980281805042,0,0.00033,sector_b
2154.01388889,0.9956599528759638,0,0.00033,sector_b
2154.01527778,0.9961060499213349,0,0.00033,sector_b
2154.01666667,0.9956848717766145,0,0.00033,sector_b
2154.01805556,0.9958244645232894,0,0.00033,sector_b
2154.01944444,0.9954101249215627,0,0.00033,sector_b
2154.02083333,0.9958922371674873,0,0.00033,sector_b
2154.02222222,0.9950319085779757,0,0.00033,sector_b
2154.02361111,0.9954121004264557,0,0.00033,sector_b
2154.025,0.9960293950027385,0,0.00033,sector_b
2154.02638889,0.9957512224639679,0,0.00033,sector_b
2154.02777778,0.995954052290599,0,0.00033,sector_b
2154.02916667,0.9953653085009192,0,0.00033,sector_b
2154.03055556,0.9958851242967779,0,0.00033,sector_b
2154.03194444,0.9958674443287941,0,0.00033,sector_b
2154.03333333,0.9956313471249818,0,0.00033,sector_b
2154.03472222,0.9955572253493906,0,0.00033,sector_b
2154.03611111,0.995874073763172,0,0.00033,sector_b
2154.0375,0.9959641570564167,0,0.00033,sector_b
2154.03888889,0.9958711927285258,0,0.00033,sector_b
2154.04027778,0.9957352668157278,0,0.00033,sector_b
2154.04166667,0.995873564916421,0,0.00033,sector_b
2154.04305556,0.9957716949963688,0,0.00033,sector_b
2154.04444444,0.9953428577504526,0,0.00033,sector_b
2154.04583333,0.9959480372005798,0,0.00033,sector_b
2154.04722222,0.9957245149451597,0,0.00033,sector_b
2154.04861111,0.9957200445823705,0,0.00033,sector_b
2154.05,0.9960499478034182,0,0.00033,sector_b
2154.05138889,0.9956085114027081,0,0.00033,sector_b
2154.05277778,0.995781691196318,0,0.00033,sector_b
2154.05416667,0.9955565487266792,0,0.00033,sector_b
2154.05555556,0.9950179467566116,0,0.00033,sector_b
2154.05694444,0.9956289256258846,0,0.00033,sector_b
2154.05833333,0.9953574629032956,0,0.00033,sector_b
2154.05972222,0.9952766541143296,0,0.00033,sector_b
2154.06111111,0.9959522816636622,0,0.00033,sector_b
2154.0625,0.9961952571483217,0,0.00033,sector_b
2154.06388889,0.995658004305521,0,0.00033,sector_b
2154.06527778,0.9960124363435618,0,0.00033,sector_b
2154.06666667,0.9957236043140513,0,0.00033,sector_b
2154.06805556,0.9954672671607822,0,0.00033,sector_b
2154.06944444,0.9958132370255728,0,0.00033,sector_b
2154.07083333,0.9959742283695795,0,0.00033,sector_b
2154.07222222,0.9963801884802524,0,0.00033,sector_b
2154.07361111,0.9957126618787568,0,0.00033,sector_b
2154.075,0.9962616937973928,0,0.00033,sector_b
2154.07638889,0.9959566521152349,0,0.00033,sector_b
2154.07777778,0.9956179894109597,0,0.00033,sector_b
2154.07916667,0.9961863115001023,0,0.00033,sector_b
2154.08055556,0.9958535748659034,0,0.00033,sector_b
2154.08194444,0.9956453960728284,0,0.00033,sector_b
2154.08333333,0.9957795417049321,0,0.00033,sector_b
2154.08472222,0.9960209249769013,4096,0.00033,sector_b
2154.08611111,0.995636882082616,0,0.00033,sector_b
2154.0875,0.9954763538069319,0,0.00033,sector_b
2154.08888889,0.9958900635912997,0,0.00033,sector_b
2154.09027778,0.9957786381688326,0,0.00033,sector_b
2154.09166667,0.9955682753851272,0,0.00033,sector_b
2154.09305556,0.9955127868929426,0,0.00033,sector_b
2154.09444444,0.9960973992196072,0,0.00033,sector_b
2154.09583333,0.9956395664817381,0,0.00033,sector_b
2154.09722222,0.9955889162992192,0,0.00033,sector_b
2154.09861111,0.9952431542430883,0,0.00033,sector_b
2154.1,0.995626557219881,0,0.00033,sector_b
2154.10138889,0.9958884712168011,0,0.00033,sector_b
2154.10277778,0.9958701248891555,0,0.00033,sector_b
2154.10416667,0.9954310953060684,0,0.00033,sector_b
2154.10555556,0.9963822852850539,0,0.00033,sector_b
2154.10694444,0.9953035050349401,0,0.00033,sector_b
2154.10833333,0.9958183717908586,0,0.00033,sector_b
2154.10972222,0.9951304506129559,0,0.00033,sector_b
2154.11111111,0.9956642460717546,0,0.00033,sector_b
2154.1125,0.9958247554458218,0,0.00033,sector_b
2154.11388889,0.9960321954218264,0,0.00033,sector_b
2154.11527778,0.9961923899832299,0,0.00033,sector_b
2154.11666667,0.9956128203119068,0,0.00033,sector_b
2154.11805556,0.9954054736219144,2048,0.00033,sector_b
2154.11944444,0.9958908543299466,0,0.00033,sector_b
2154.12083333,0.9959314916333364,0,0.00033,sector_b
2154.12222222,0.9957086814000504,0,0.00033,sector_b
2154.12361111,0.9961672582668312,0,0.00033,sector_b
2154.125,0.9957707927536262,0,0.00033,sector_b
2154.12638889,0.9961361285346692,0,0.00033,sector_b
2154.12777778,0.9954072629473636,0,0.00033,sector_b
2154.12916667,0.9958091210271803,0,0.00033,sector_b
2154.13055556,0.996128060814183,0,0.00033,sector_b
2154.13194444,0.9956796551377858,0,0.00033,sector_b
2154.13333333,0.9963244787636313,0,0.00033,sector_b
2154.13472222,0.9958692061881539,0,0.00033,sector_b
2154.13611111,0.9964718499984389,0,0.00033,sector_b
2154.1375,0.9958528313960157,0,0.00033,sector_b
2154.13888889,0.995611780661682,0,0.00033,sector_b
2154.14027778,0.995671700363454,0,0.00033,sector_b
2154.14166667,0.9958987834239307,2048,0.00033,sector_b
2154.14305556,0.9957107471363575,0,0.00033,sector_b
2154.14444444,0.995398089635267,0,0.00033,sector_b
2154.14583333,0.9957084223922886,0,0.00033,sector_b
2154.14722222,0.9959443796155085,0,0.00033,sector_b
2154.14861111,0.995758458810107,0,0.00033,sector_b
2154.15,0.9956792383968982,0,0.00033,sector_b
2154.15138889,0.9964267351575317,0,0.00033,sector_b
2154.15277778,0.9958378295275271,0,0.00033,sector_b
2154.15416667,0.9961182633534957,0,0.00033,sector_b
2154.15555556,0.9957194361536574,0,0.00033,sector_b
2154.15694444,0.9956752627672126,0,0.00033,sector_b
2154.15833333,0.9961609744988007,0,0.00033,sector_b
2154.15972222,0.995917697668119,0,0.00033,sector_b
2154.16111111,0.9956771982936627,0,0.00033,sector_b
2154.1625,0.9953135850492718,0,0.00033,sector_b
2154.16388889,0.9957708493439327,0,0.00033,sector_b
2154.16527778,0.9962838300455402,2048,0.00033,sector_b
2154.16666667,0.9961879134415341,0,0.00033,sector_b
2154.16805556,0.9960499665775127,0,0.00033,sector_b
2154.16944444,0.9958610001642411,0,0.00033,sector_b
2154.17083333,0.9958860787642718,0,0.00033,sector_b
2154.17222222,0.9958830297413745,0,0.00033,sector_b
2154.17361111,0.9954495649929225,0,0.00033,sector_b
2154.175,0.9956722647059567,0,0.00033,sector_b
2154.17638889,0.9958833422063157,0,0.00033,sector_b
2154.17777778,0.9962125364077455,0,0.00033,sector_b
2154.17916667,0.9961640501687209,0,0.00033,sector_b
2154.18055556,0.9959508651118977,0,0.00033,sector_b
2154.18194444,0.9958033229279756,0,0.00033,sector_b
2154.18333333,0.995834283264589,0,0.00033,sector_b
2154.18472222,0.9953140884663918,0,0.00033,sector_b
2154.18611111,0.9962005599545228,0,0.00033,sector_b
2154.1875,0.9958727846276084,0,0.00033,sector_b
2154.18888889,0.9959765138931822,0,0.00033,sector_b
2154.19027778,0.9960127235441057,0,0.00033,sector_b
2154.19166667,0.9958998045769373,0,0.00033,sector_b
2154.19305556,0.9962572706272412,0,0.00033,sector_b
2154.19444444,0.9962637355741176,0,0.00033,sector_b
2154.19583333,0.9964379926256426,0,0.00033,sector_b
2154.19722222,0.9960840084888986,0,0.00033,sector_b
2154.19861111,0.9957339565085812,0,0.00033,sector_b
2154.2,0.9959856525523598,0,0.00033,sector_b
2154.20138889,0.9961043970927953,0,0.00033,sector_b
2154.20277778,0.9960966355211232,0,0.00033,sector_b
2154.20416667,0.9962127027671802,0,0.00033,sector_b
2154.20555556,0.9964269020342779,0,0.00033,sector_b
2154.20694444,0.9959746583872403,0,0.00033,sector_b
2154.20833333,0.9958611441812207,0,0.00033,sector_b
2154.20972222,0.9967982029314165,0,0.00033,sector_b
2154.21111111,0.9957575805528723,0,0.00033,sector_b
2154.2125,0.995896705338475,0,0.00033,sector_b
2154.21388889,0.9961258990341271,0,0.00033,sector_b
2154.21527778,0.9964393787332315,0,0.00033,sector_b
2154.21666667,0.9960581737695637,0,0.00033,sector_b
2154.21805556,0.9957049136861557,0,0.00033,sector_b
2154.21944444,0.9962226951648908,0,0.00033,sector_b
2154.22083333,0.9960697389057155,0,0.00033,sector_b
2154.22222222,0.9958539408520202,0,0.00033,sector_b
2154.22361111,0.9957777231446405,0,0.00033,sector_b
2154.225,0.9959624229054637,0,0.00033,sector_b
2154.22638889,0.9959132893830039,0,0.00033,sector_b
2154.22777778,0.9958847582343681,0,0.00033,sector_b
2154.22916667,0.9961170766267192,0,0.00033,sector_b
2154.23055556,0.9958463547216995,0,0.00033,sector_b
2154.23194444,0.9958952964078895,0,0.00033,sector_b
2154.23333333,0.9961458307550674,0,0.00033,sector_b
2154.23472222,0.995690636961334,0,0.00033,sector_b
2154.23611111,0.9959517640735632,0,0.00033,sector_b
2154.2375,0.9963050693229331,0,0.00033,sector_b
2154.23888889,0.9959639331738215,0,0.00033,sector_b
2154.24027778,0.9963469671042833,0,0.00033,sector_b
2154.24166667,0.995842746154962,0,0.00033,sector_b
2154.24305556,0.9958438598711522,0,0.00033,sector_b
2154.24444444,0.9956915727334057,0,0.00033,sector_b
2154.24583333,0.9957971913972647,0,0.00033,sector_b
2154.24722222,0.9962123282784477,0,0.00033,sector_b
2154.24861111,0.9959148331504661,0,0.00033,sector_b
2154.25,0.9957683353113757,0,0.00033,sector_b
2154.25138889,0.9960810798198866,0,0.00033,sector_b
2154.25277778,0.9959641437468149,0,0.00033,sector_b
2154.25416667,0.9959839092825832,0,0.00033,sector_b
2154.25555556,0.9961119007453025,0,0.00033,sector_b
2154.25694444,0.9963153751045697,0,0.00033,sector_b
2154.25833333,0.9960942799341548,0,0.00033,sector_b
2154.25972222,0.9962253234903301,0,0.00033,sector_b
2154.26111111,0.9962109187567315,0,0.00033,sector_b
2154.2625,0.9962878720621288,0,0.00033,sector_b
2154.26388889,0.9958798055236898,0,0.00033,sector_b
2154.26527778,0.9957514919377803,0,0.00033,sector_b
2154.26666667,0.9958866531182248,0,0.00033,sector_b
2154.26805556,0.9962007191849224,0,0.00033,sector_b
2154.26944444,0.9965659899681573,0,0.00033,sector_b
2154.27083333,0.9961874108428165,0,0.00033,sector_b
2154.27222222,0.9958140497060184,0,0.00033,sector_b
2154.27361111,0.9962089328120971,0,0.00033,sector_b
2154.275,0.9960521307957645,0,0.00033,sector_b
2154.27638889,0.9954772602933138,0,0.00033,sector_b
2154.27777778,0.995910060422371,0,0.00033,sector_b
2154.27916667,0.9956972041117118,0,0.00033,sector_b
2154.28055556,0.9963488783177948,0,0.00033,sector_b
2154.28194444,0.9959918536386451,0,0.00033,sector_b
2154.28333333,0.9966877012862265,0,0.00033,sector_b
2154.28472222,0.9961267141229834,0,0.00033,sector_b
2154.28611111,0.9963266462539215,0,0.00033,sector_b
2154.2875,0.9960101750620662,0,0.00033,sector_b
2154.28888889,0.9962969332979483,0,0.00033,sector_b
2154.29027778,0.9961527184629569,0,0.00033,sector_b
2154.29166667,0.9961682225523582,0,0.00033,sector_b
2154.29305556,0.9962117273265941,0,0.00033,sector_b
2154.29444444,0.9959520891663389,0,0.00033,sector_b
2154.29583333,0.9963120477271971,0,0.00033,sector_b
2154.29722222,0.9965145001812316,0,0.00033,sector_b
2154.29861111,0.9961828593655454,0,0.00033,sector_b
2154.3,0.9961716744019682,0,0.00033,sector_b
2154.30138889,0.9962530108556317,0,0.00033,sector_b
2154.30277778,0.9961350574646187,0,0.00033,sector_b
2154.30416667,0.9958047544620222,0,0.00033,sector_b
2154.30555556,0.9962031258503132,0,0.00033,sector_b
2154.30694444,0.9960945937301637,0,0.00033,sector_b
2154.30833333,0.9962252529613531,0,0.00033,sector_b
2154.30972222,0.9963161311257689,0,0.00033,sector_b
2154.31111111,0.9964584469103346,0,0.00033,sector_b
2154.3125,0.996154421371908,0,0.00033,sector_b
2154.31388889,0.99570904679911,0,0.00033,sector_b
2154.31527778,0.9967019253924395,0,0.00033,sector_b
2154.31666667,0.9960686255288352,0,0.00033,sector_b
2154.31805556,0.9969292913104427,0,0.00033,sector_b
2154.31944444,0.9961799324385249,0,0.00033,sector_b
2154.32083333,0.9965969742813782,0,0.00033,sector_b
2154.32222222,0.9958030105602668,0,0.00033,sector_b
2154.32361111,0.9962175279738447,0,0.00033,sector_b
2154.325,0.9963358443658024,0,0.00033,sector_b
2154.32638889,0.9966137899534093,0,0.00033,sector_b
2154.32777778,0.9959357838183273,0,0.00033,sector_b
2154.32916667,0.996089770919925,0,0.00033,sector_b
2154.33055556,0.9960294597816127,0,0.00033,sector_b
2154.33194444,0.9960991450149143,0,0.00033,sector_b
2154.33333333,0.996632967026605,0,0.00033,sector_b
2154.33472222,0.9963896843820386,0,0.00033,sector_b
2154.33611111,0.9962516280270585,0,0.00033,sector_b
2154.3375,0.9963360586445358,0,0.00033,sector_b
2154.33888889,0.9960577244376588,0,0.00033,sector_b
2154.34027778,0.9968752526552217,0,0.00033,sector_b
2154.34166667,0.9964156784624036,2048,0.00033,sector_b
2154.34305556,0.9960894563939646,0,0.00033,sector_b
2154.34444444,0.9965450077601399,0,0.00033,sector_b
2154.34583333,0.9963396338484125,0,0.00033,sector_b
2154.34722222,0.9968446110088661,0,0.00033,sector_b
2154.34861111,0.9963886928761828,0,0.00033,sector_b
2154.35,0.9966963259306443,0,0.00033,sector_b
2154.35138889,0.996850881788851,0,0.00033,sector_b
2154.35277778,0.996581097757343,0,0.00033,sector_b
2154.35416667,0.9962721250235751,0,0.00033,sector_b
2154.35555556,0.9966842794170727,0,0.00033,sector_b
2154.35694444,0.996256250081348,0,0.00033,sector_b
2154.35833333,0.9960185628969802,0,0.00033,sector_b
2154.35972222,0.9973058904293041,0,0.00033,sector_b
2154.36111111,0.9966301534484432,0,0.00033,sector_b
2154.3625,0.9965860208689944,0,0.00033,sector_b
2154.36388889,0.9964390468521744,0,0.00033,sector_b
2154.36527778,0.9959388587772772,0,0.00033,sector_b
2154.36666667,0.996363197496098,0,0.00033,sector_b
2154.36805556,0.9962436552704557,0,0.00033,sector_b
2154.36944444,0.9961022977822491,0,0.00033,sector_b
2154.37083333,0.996299809853569,0,0.00033,sector_b
2154.37222222,0.9958849840696886,0,0.00033,sector_b
2154.37361111,0.9962417121795455,0,0.00033,sector_b
2154.375,0.9969274158422228,0,0.00033,sector_b
2154.37638889,0.9963446198983632,0,0.00033,sector_b
2154.37777778,0.9962704613788895,0,0.00033,sector_b
2154.37916667,0.9968966666522752,0,0.00033,sector_b
2154.38055556,0.9965867421666438,0,0.00033,sector_b
2154.38194444,0.9963005732027599,0,0.00033,sector_b
2154.38333333,0.9967795482232065,0,0.00033,sector_b
2154.38472222,0.9966587041579273,0,0.00033,sector_b
2154.38611111,0.9967762137390895,0,0.00033,sector_b
2154.3875,0.9962852274847113,0,0.00033,sector_b
2154.38888889,0.9964555114818597,0,0.00033,sector_b
2154.39027778,0.9964737558016914,0,0.00033,sector_b
2154.39166667,0.9964332134136586,0,0.00033,sector_b
2154.39305556,0.9962248828094095,0,0.00033,sector_b
2154.39444444,0.9964952293809228,0,0.00033,sector_b
2154.39583333,0.996314744864655,0,0.00033,sector_b
2154.39722222,0.996659221164108,0,0.00033,sector_b
2154.39861111,0.9967637600047373,0,0.00033,sector_b
2154.4,0.9961327069182632,0,0.00033,sector_b
2154.40138889,0.9968940769520828,0,0.00033,sector_b
2154.40277778,0.9963628770604025,0,0.00033,sector_b
2154.40416667,0.9962551657890069,0,0.00033,sector_b
2154.40555556,0.9966933076163234,0,0.00033,sector_b
2154.40694444,0.9963881824880538,0,0.00033,sector_b
2154.40833333,0.9964409730149751,0,0.00033,sector_b
2154.40972222,0.9966916120063385,0,0.00033,sector_b
2154.41111111,0.9966292918899096,0,0.00033,sector_b
2154.4125,0.9958040011146672,0,0.00033,sector_b
2154.41388889,0.996852236139315,0,0.00033,sector_b
2154.41527778,0.9968025911161639,0,0.00033,sector_b
2154.41666667,0.9964384248640676,0,0.00033,sector_b
2154.41805556,0.9962268921083488,0,0.00033,sector_b
2154.41944444,0.9967163743416443,0,0.00033,sector_b
2154.42083333,0.9968854595186089,0,0.00033,sector_b
2154.42222222,0.996774371003718,0,0.00033,sector_b
2154.42361111,0.9967130743541969,0,0.00033,sector_b
2154.425,0.9966704014273546,0,0.00033,sector_b
2154.42638889,0.9970829379119657,0,0.00033,sector_b
2154.42777778,0.9967938528944019,0,0.00033,sector_b
2154.42916667,0.9964429584961696,0,0.00033,sector_b
2154.43055556,0.9968301826098691,0,0.00033,sector_b
2154.43194444,0.9966624301054231,0,0.00033,sector_b
2154.43333333,0.9969834726195489,0,0.00033,sector_b
2154.43472222,0.9971445415456254,0,0.00033,sector_b
2154.43611111,0.9968717275078082,0,0.00033,sector_b
2154.4375,0.9960867158297906,0,0.00033,sector_b
2154.43888889,0.9964657512572622,0,0.00033,sector_b
2154.44027778,0.9966532871175585,0,0.00033,sector_b
2154.44166667,0.997030131103274,0,0.00033,sector_b
2154.44305556,0.9964937647414059,0,0.00033,sector_b
2154.44444444,0.9965334583647787,0,0.00033,sector_b
2154.44583333,0.9968542681637298,0,0.00033,sector_b
2154.44722222,0.99702153102487,0,0.00033,sector_b
2154.44861111,0.9961674558710402,0,0.00033,sector_b
2154.45,0.9972561683741743,0,0.00033,sector_b
2154.45138889,0.9968076999201124,0,0.00033,sector_b
2154.45277778,0.9970542439618567,0,0.00033,sector_b
2154.45416667,0.9965297225082719,0,0.00033,sector_b
2154.45555556,0.997011067537177,0,0.00033,sector_b
2154.45694444,0.9968941602074168,0,0.00033,sector_b
2154.45833333,0.9966106320751034,0,0.00033,sector_b
2154.45972222,0.9968595580252548,0,0.00033,sector_b
2154.46111111,0.9967423629886014,0,0.00033,sector_b
2154.4625,0.9965731761433013,0,0.00033,sector_b
2154.46388889,0.9969547299372906,0,0.00033,sector_b
2154.46527778,0.9967508145044137,0,0.00033,sector_b
2154.46666667,0.9971226460454617,0,0.00033,sector_b
2154.46805556,0.9967650475227113,0,0.00033,sector_b
2154.46944444,0.9967645311356189,0,0.00033,sector_b
2154.47083333,0.9969922404917464,0,0.00033,sector_b
2154.47222222,0.9971473149556757,0,0.00033,sector_b
2154.47361111,0.9971497045191451,0,0.00033,sector_b
2154.475,0.9971180596130721,0,0.00033,sector_b
2154.47638889,0.9969110845052311,0,0.00033,sector_b
2154.47777778,0.996947411212133,0,0.00033,sector_b
2154.47916667,0.9976392040761864,0,0.00033,sector_b
2154.48055556,0.9968729665971019,0,0.00033,sector_b
2154.48194444,0.9973040305523178,0,0.00033,sector_b
2154.48333333,0.9965002013421013,0,0.00033,sector_b
2154.48472222,0.9971567316102133,0,0.00033,sector_b
2154.48611111,0.9965423696204397,0,0.00033,sector_b
2154.4875,0.9971540901525183,0,0.00033,sector_b
2154.48888889,0.9969851157767323,0,0.00033,sector_b
2154.49027778,0.9972209305907462,0,0.00033,sector_b
2154.49166667,0.9971592587399082,0,0.00033,sector_b
2154.49305556,0.9969818654798558,0,0.00033,sector_b
2154.49444444,0.9968933525728597,0,0.00033,sector_b
2154.49583333,0.9971569398280323,0,0.00033,sector_b
2154.49722222,0.9966872739020408,0,0.00033,sector_b
2154.49861111,0.9971081410946189,0,0.00033,sector_b
2154.5,0.997312034988097,0,0.00033,sector_b
2154.50138889,0.9966636054285515,0,0.00033,sector_b
2154.50277778,0.997373807162849,0,0.00033,sector_b
2154.50416667,0.99736497725517,0,0.00033,sector_b
2154.50555556,0.9969881434201131,0,0.00033,sector_b
2154.50694444,0.9968521173476903,0,0.00033,sector_b
2154.50833333,0.9973583968099324,0,0.00033,sector_b
2154.50972222,0.997168334251346,0,0.00033,sector_b
2154.51111111,0.9970390872755068,0,0.00033,sector_b
2154.5125,0.9969816050877867,0,0.00033,sector_b
2154.51388889,0.9972998392903222,0,0.00033,sector_b
2154.51527778,0.9971839445360601,0,0.00033,sector_b
2154.51666667,0.9969846479362702,0,0.00033,sector_b
2154.51805556,0.9969688018730847,0,0.00033,sector_b
2154.51944444,0.9975288988730874,0,0.00033,sector_b
2154.52083333,0.9968758610016013,0,0.00033,sector_b
2154.52222222,0.9964629883827081,0,0.00033,sector_b
2154.52361111,0.9971279629335221,0,0.00033,sector_b
2154.525,0.996826499765306,0,0.00033,sector_b
2154.52638889,0.9971408683048248,0,0.00033,sector_b
2154.52777778,0.9972555323761432,0,0.00033,sector_b
2154.52916667,0.9969819920037073,0,0.00033,sector_b
2154.53055556,0.9974720918475769,0,0.00033,sector_b
2154.53194444,0.9972206071278762,0,0.00033,sector_b
2154.53333333,0.9971355762346342,0,0.00033,sector_b
2154.53472222,0.9975740771256972,0,0.00033,sector_b
2154.53611111,0.9974746756731899,0,0.00033,sector_b
2154.5375,0.9974769527821085,0,0.00033,sector_b
2154.53888889,0.9972662714490209,0,0.00033,sector_b
2154.54027778,0.9972138569265532,0,0.00033,sector_b
2154.54166667,0.996999572633522,0,0.00033,sector_b
2154.54305556,0.9974066390465487,0,0.00033,sector_b
2154.54444444,0.9972631391615152,0,0.00033,sector_b
2154.54583333,0.9970246948512836,0,0.00033,sector_b
2154.54722222,0.996928900660009,0,0.00033,sector_b
2154.54861111,0.9975199387448358,0,0.00033,sector_b
2154.55,0.9971431914878927,0,0.00033,sector_b
2154.55138889,0.9967351351100558,0,0.00033,sector_b
2154.55277778,0.9973426066945186,0,0.00033,sector_b
2154.55416667,0.9975954369892631,0,0.00033,sector_b
2154.55555556,0.9970550411863623,0,0.00033,sector_b
2154.55694444,0.9969260694125945,0,0.00033,sector_b
2154.55833333,0.9974680812573942,0,0.00033,sector_b
2154.55972222,0.9978006022918546,0,0.00033,sector_b
2154.56111111,0.9970009802165933,0,0.00033,sector_b
2154.5625,0.9973252155429106,0,0.00033,sector_b
2154.56388889,0.9976470776267722,0,0.00033,sector_b
2154.56527778,0.9975860493364691,0,0.00033,sector_b
2154.56666667,0.9978305873178903,0,0.00033,sector_b
2154.56805556,0.9972309109743224,0,0.00033,sector_b
2154.56944444,0.9971029513011922,0,0.00033,sector_b
2154.57083333,0.997439853051318,0,0.00033,sector_b
2154.57222222,0.9972737616571314,0,0.00033,sector_b
2154.57361111,0.9972190934768704,0,0.00033,sector_b
2154.575,0.9976427075440177,0,0.00033,sector_b
2154.57638889,0.997484158359352,0,0.00033,sector_b
2154.57777778,0.9974062270643789,2048,0.00033,sector_b
2154.57916667,0.9975540722505092,0,0.00033,sector_b
2154.58055556,0.997594771997878,0,0.00033,sector_b
2154.58194444,0.9974516608934058,0,0.00033,sector_b
2154.58333333,0.9977181472778546,0,0.00033,sector_b
2154.58472222,0.997185146646212,0,0.00033,sector_b
2154.58611111,0.9973766122735803,0,0.00033,sector_b
2154.5875,0.9974977702984581,0,0.00033,sector_b
2154.58888889,0.9975661402114004,0,0.00033,sector_b
2154.59027778,0.9978410571625781,0,0.00033,sector_b
2154.59166667,0.9975269803698058,0,0.00033,sector_b
2154.59305556,0.9978632347873455,0,0.00033,sector_b
2154.59444444,0.9976584492800289,0,0.00033,sector_b
2154.59583333,0.9974919944366571,0,0.00033,sector_b
2154.59722222,0.9976529379688847,0,0.00033,sector_b
2154.59861111,0.9976072389105505,0,0.00033,sector_b
2154.6,0.9976579818176827,0,0.00033,sector_b
2154.60138889,0.997010325180844,0,0.00033,sector_b
2154.60277778,0.9973684465874767,0,0.00033,sector_b
2154.60416667,0.9973680539227342,0,0.00033,sector_b
2154.60555556,0.9974962105219382,0,0.00033,sector_b
2154.60694444,0.997383752323248,0,0.00033,sector_b
2154.60833333,0.9974651635778189,0,0.00033,sector_b
2154.60972222,0.9978967026148979,0,0.00033,sector_b
2154.61111111,0.9977811378315732,0,0.00033,sector_b
2154.6125,0.9974275847072591,0,0.00033,sector_b
2154.61388889,0.9976278238680728,0,0.00033,sector_b
2154.61527778,0.9974955628330144,0,0.00033,sector_b
2154.61666667,0.9978065816009303,0,0.00033,sector_b
2154.61805556,0.9978458703715675,0,0.00033,sector_b
2154.61944444,0.9977444820278174,0,0.00033,sector_b
2154.62083333,0.9975518224260442,0,0.00033,sector_b
2154.62222222,0.997806954879263,0,0.00033,sector_b
2154.62361111,0.9972888036255402,0,0.00033,sector_b
2154.625,0.9980704497038463,0,0.00033,sector_b
2154.62638889,0.9970772756839013,0,0.00033,sector_b
2154.62777778,0.9974666022716344,0,0.00033,sector_b
2154.62916667,0.9974446785686774,0,0.00033,sector_b
2154.63055556,0.9975347031246669,0,0.00033,sector_b
2154.63194444,0.9976059649013483,0,0.00033,sector_b
2154.63333333,0.9985108353233728,0,0.00033,sector_b
2154.63472222,0.9982221528713319,0,0.00033,sector_b
2154.63611111,0.9981328799654917,0,0.00033,sector_b
2154.6375,0.9976302158361093,0,0.00033,sector_b
2154.63888889,0.9980937400229967,0,0.00033,sector_b
2154.64027778,0.9975279474182106,0,0.00033,sector_b
2154.64166667,0.9978851355550218,0,0.00033,sector_b
2154.64305556,0.9977709466363427,0,0.00033,sector_b
2154.64444444,0.9977959939915412,0,0.00033,sector_b
2154.64583333,0.9976581421889104,0,0.00033,sector_b
2154.64722222,0.997694942273854,0,0.00033,sector_b
2154.64861111,0.9976283974490557,0,0.00033,sector_b
2154.65,0.9972416194891528,0,0.00033,sector_b
2154.65138889,0.9981994794544204,0,0.00033,sector_b
2154.65277778,0.9977612888067575,0,0.00033,sector_b
2154.65416667,0.9976581483298649,0,0.00033,sector_b
2154.65555556,0.9982638791340759,0,0.00033,sector_b
2154.65694444,0.9975080155227051,0,0.00033,sector_b
2154.65833333,0.9980264620967308,0,0.00033,sector_b
2154.65972222,0.9979387209485431,0,0.00033,sector_b
2154.66111111,0.9978246445635311,0,0.00033,sector_b
2154.6625,0.9977103100733477,0,0.00033,sector_b
2154.66388889,0.9978498875258792,0,0.00033,sector_b
2154.66527778,0.9977141983881369,0,0.00033,sector_b
2154.66666667,0.9978789665162648,0,0.00033,sector_b
2154.66805556,0.998165557614719,0,0.00033,sector_b
2154.66944444,0.9979892608253522,0,0.00033,sector_b
2154.67083333,0.9982466220406963,0,0.00033,sector_b
2154.67222222,0.9980401546707952,0,0.00033,sector_b
2154.67361111,0.9983322395768686,0,0.00033,sector_b
2154.675,0.9985783491788394,0,0.00033,sector_b
2154.67638889,0.9980070392917549,0,0.00033,sector_b
2154.67777778,0.9978729203564874,0,0.00033,sector_b
2154.67916667,0.9977081006087347,0,0.00033,sector_b
2154.68055556,0.9977937409162153,0,0.00033,sector_b
2154.68194444,0.9983666966115445,0,0.00033,sector_b
2154.68333333,0.9983445729067677,0,0.00033,sector_b
2154.68472222,0.9980018767275679,0,0.00033,sector_b
2154.68611111,0.9985609830424488,0,0.00033,sector_b
2154.6875,0.9984490252388803,0,0.00033,sector_b
2154.68888889,0.9978267281185303,0,0.00033,sector_b
2154.69027778,0.9979389211337855,0,0.00033,sector_b
2154.69166667,0.9975970970189039,0,0.00033,sector_b
2154.69305556,0.9984336255089387,0,0.00033,sector_b
2154.69444444,0.9983916203739855,0,0.00033,sector_b
2154.69583333,0.9978861646754847,0,0.00033,sector_b
2154.69722222,0.9979208223993978,0,0.00033,sector_b
2154.69861111,0.9984093782345455,0,0.00033,sector_b
2154.7,0.9980086586188451,0,0.00033,sector_b
2154.70138889,0.9984410735748982,0,0.00033,sector_b
2154.70277778,0.9981371745647486,0,0.00033,sector_b
2154.70416667,0.9977785030988554,0,0.00033,sector_b
2154.70555556,0.9975785540796749,0,0.00033,sector_b
2154.70694444,0.9985508494569213,0,0.00033,sector_b
2154.70833333,0.9979012146142952,0,0.00033,sector_b
2154.70972222,0.9982363762717543,0,0.00033,sector_b
2154.71111111,0.9986119492542977,0,0.00033,sector_b
2154.7125,0.9982894332978927,0,0.00033,sector_b
2154.71388889,0.9982136846317373,0,0.00033,sector_b
2154.71527778,0.9977506865785916,0,0.00033,sector_b
2154.71666667,0.9980953500444097,0,0.00033,sector_b
2154.71805556,0.9984970697737479,0,0.00033,sector_b
2154.71944444,0.9984694308014829,0,0.00033,sector_b
2154.72083333,0.9983059269545164,0,0.00033,sector_b
2154.72222222,0.9980314627243664,0,0.00033,sector_b
2154.72361111,0.9985937768945836,0,0.00033,sector_b
2154.725,0.9980285634739287,0,0.00033,sector_b
2154.72638889,0.9984530093153637,0,0.00033,sector_b
2154.72777778,0.9986737840547104,0,0.00033,sector_b
2154.72916667,0.9986175843432216,0,0.00033,sector_b
2154.73055556,0.9983041165918501,0,0.00033,sector_b
2154.73194444,0.9986173796689158,0,0.00033,sector_b
2154.73333333,0.9981779073993311,0,0.00033,sector_b
2154.73472222,0.9984355012471225,0,0.00033,sector_b
2154.73611111,0.9983847435416112,0,0.00033,sector_b
2154.7375,0.9981906084717521,0,0.00033,sector_b
2154.73888889,0.9983536306015443,0,0.00033,sector_b
2154.74027778,0.9982142964831483,0,0.00033,sector_b
2154.74166667,0.9983249429894699,0,0.00033,sector_b
2154.74305556,0.9978887018947471,0,0.00033,sector_b
2154.74444444,0.998496829714736,0,0.00033,sector_b
2154.74583333,0.9981882125452439,0,0.00033,sector_b
2154.74722222,0.9986563980041482,0,0.00033,sector_b
2154.74861111,0.9984220922344001,0,0.00033,sector_b
2154.75,0.9984121081042704,0,0.00033,sector_b
2154.75138889,0.9983033064953194,0,0.00033,sector_b
2154.75277778,0.9984273220953778,0,0.00033,sector_b
2154.75416667,0.9983738287286696,0,0.00033,sector_b
2154.75555556,0.9984321727020607,0,0.00033,sector_b
2154.75694444,0.9988881837820122,0,0.00033,sector_b
2154.75833333,0.9991469200745353,0,0.00033,sector_b
2154.75972222,0.9985187012294482,0,0.00033,sector_b
2154.76111111,0.999013033556428,0,0.00033,sector_b
2154.7625,0.9988462314502042,0,0.00033,sector_b
2154.76388889,0.9987954164045797,0,0.00033,sector_b
2154.76527778,0.9985884098792424,0,0.00033,sector_b
2154.76666667,0.9984958694715365,0,0.00033,sector_b
2154.76805556,0.998862699375468,0,0.00033,sector_b
2154.76944444,0.9985226723281752,0,0.00033,sector_b
2154.77083333,0.9989164311466381,0,0.00033,sector_b
2154.77222222,0.9987902951536513,0,0.00033,sector_b
2154.77361111,0.9989245621681269,0,0.00033,sector_b
2154.775,0.9980654698364694,0,0.00033,sector_b
2154.77638889,0.9985286568259458,0,0.00033,sector_b
2154.77777778,0.9988563824614484,0,0.00033,sector_b
2154.77916667,0.9987416927426829,0,0.00033,sector_b
2154.78055556,0.9989948095968789,0,0.00033,sector_b
2154.78194444,0.9986564534306578,0,0.00033,sector_b
2154.78333333,0.9985654999241752,0,0.00033,sector_b
2154.78472222,0.9981635531486244,0,0.00033,sector_b
2154.78611111,0.9988419940655331,0,0.00033,sector_b
2154.7875,0.9988290053364405,0,0.00033,sector_b
2154.78888889,0.998601554480695,0,0.00033,sector_b
2154.79027778,0.9987873997243834,0,0.00033,sector_b
2154.79166667,0.9984455882979932,0,0.00033,sector_b
2154.79305556,0.9988962676232981,0,0.00033,sector_b
2154.79444444,0.9987972617330256,0,0.00033,sector_b
2154.79583333,0.9989431582983513,0,0.00033,sector_b
2154.79722222,0.9987974888540018,0,0.00033,sector_b
2154.79861111,0.9988995157148033,0,0.00033,sector_b
2154.8,0.9986800999423889,0,0.00033,sector_b
2154.80138889,0.9992378343130696,0,0.00033,sector_b
2154.80277778,0.9989792621551042,0,0.00033,sector_b
2154.80416667,0.9986893800816733,0,0.00033,sector_b
2154.80555556,0.9990619954788571,0,0.00033,sector_b
2154.80694444,0.9989438067626512,0,0.00033,sector_b
2154.80833333,0.9982736073715595,0,0.00033,sector_b
2154.80972222,0.9989647387748122,0,0.00033,sector_b
2154.81111111,0.9993945261551653,0,0.00033,sector_b
2154.8125,0.9994609258800793,0,0.00033,sector_b
2154.81388889,0.9991282159391573,0,0.00033,sector_b
2154.81527778,0.9991721273531656,0,0.00033,sector_b
2154.81666667,0.9987026886380392,0,0.00033,sector_b
2154.81805556,0.9988159919291463,0,0.00033,sector_b
2154.81944444,0.9983560060136936,0,0.00033,sector_b
2154.82083333,0.9988435276851904,0,0.00033,sector_b
2154.82222222,0.9993583233235599,0,0.00033,sector_b
2154.82361111,0.9994309075845624,0,0.00033,sector_b
2154.825,0.9986454759565366,0,0.00033,sector_b
2154.82638889,0.9991271069797494,0,0.00033,sector_b
2154.82777778,0.9990148654612006,0,0.00033,sector_b
2154.82916667,0.9988667020702336,0,0.00033,sector_b
2154.83055556,0.9986565823052512,0,0.00033,sector_b
2154.83194444,0.9991873040969979,0,0.00033,sector_b
2154.83333333,0.9993062766993318,0,0.00033,sector_b
2154.83472222,0.9993445203791622,0,0.00033,sector_b
2154.83611111,0.9991672556003665,0,0.00033,sector_b
2154.8375,0.9986203840192324,0,0.00033,sector_b
2154.83888889,0.9995852918828374,0,0.00033,sector_b
2154.84027778,0.9989411307261575,0,0.00033,sector_b
2154.84166667,0.9990376979961217,0,0.00033,sector_b
2154.84305556,0.9993814530137093,0,0.00033,sector_b
2154.84444444,0.9988433427506838,0,0.00033,sector_b
2154.84583333,0.9991180801819457,0,0.00033,sector_b
2154.84722222,0.9990990646851302,0,0.00033,sector_b
2154.84861111,0.999440191054931,0,0.00033,sector_b
2154.85,0.9986753749836519,0,0.00033,sector_b
2154.85138889,0.9992886742053059,0,0.00033,sector_b
2154.85277778,0.9991907510840677,0,0.00033,sector_b
2154.85416667,0.9994625672976032,0,0.00033,sector_b
2154.85555556,0.9986092404444519,0,0.00033,sector_b
2154.85694444,0.9987938878661956,0,0.00033,sector_b
2154.85833333,0.9990323286264433,0,0.00033,sector_b
2154.85972222,0.9995301631153806,0,0.00033,sector_b
2154.86111111,0.9995188151560819,0,0.00033,sector_b
2154.8625,0.9992386383861596,2048,0.00033,sector_b
2154.86388889,0.9993774492140951,0,0.00033,sector_b
2154.86527778,0.9992511899699259,0,0.00033,sector_b
2154.86666667,0.999492992752065,0,0.00033,sector_b
2154.86805556,0.9989059217678685,0,0.00033,sector_b
2154.86944444,0.9994817025404009,0,0.00033,sector_b
2154.87083333,0.9997820563179295,0,0.00033,sector_b
2154.87222222,0.9994113610433452,0,0.00033,sector_b
2154.87361111,0.9992858995381791,0,0.00033,sector_b
2154.875,0.9994387112214805,0,0.00033,sector_b
2154.87638889,0.9996731197592522,0,0.00033,sector_b
2154.87777778,0.9995667153068667,0,0.00033,sector_b
2154.87916667,0.9996174438542756,0,0.00033,sector_b
2154.88055556,0.9994658128639629,0,0.00033,sector_b
2154.88194444,0.9991915187684751,0,0.00033,sector_b
2154.88333333,0.9990682006802395,0,0.00033,sector_b
2154.88472222,0.9996787527319989,0,0.00033,sector_b
2154.88611111,0.9997061591530787,0,0.00033,sector_b
2154.8875,0.999632499188593,0,0.00033,sector_b
2154.88888889,0.9992395296068226,0,0.00033,sector_b
2154.89027778,0.9990853476852867,0,0.00033,sector_b
2154.89166667,0.9995669928379054,0,0.00033,sector_b
2154.89305556,0.9992890364365318,0,0.00033,sector_b
2154.89444444,0.9997715841795765,0,0.00033,sector_b
2154.89583333,0.9992263296078114,4096,0.00033,sector_b
2154.89722222,0.9995289860909049,0,0.00033,sector_b
2154.89861111,0.999570774775372,0,0.00033,sector_b
2154.9,0.9995485298321717,0,0.00033,sector_b
2154.90138889,0.9994962733487663,0,0.00033,sector_b
2154.90277778,0.9998137492119558,0,0.00033,sector_b
2154.90416667,0.9993777078286228,0,0.00033,sector_b
2154.90555556,0.9997905913181008,0,0.00033,sector_b
2154.90694444,0.9997564659374024,0,0.00033,sector_b
2154.90833333,0.9997957448219869,0,0.00033,sector_b
2154.90972222,0.9994969407314873,0,0.00033,sector_b
2154.91111111,0.9994887682370222,0,0.00033,sector_b
2154.9125,0.9997672054644219,0,0.00033,sector_b
2154.91388889,0.9999271320669649,0,0.00033,sector_b
2154.91527778,0.9993541383420121,0,0.00033,sector_b
2154.91666667,0.9996882441013747,0,0.00033,sector_b
2154.91805556,0.9994706080193669,0,0.00033,sector_b
2154.91944444,0.9998878280322655,0,0.00033,sector_b
2154.92083333,0.9995068237470757,0,0.00033,sector_b
2154.92222222,0.9997529023651853,0,0.00033,sector_b
2154.92361111,0.9993968374925564,0,0.00033,sector_b
2154.925,0.999474765257004,0,0.00033,sector_b
2154.92638889,1.00014343019163,0,0.00033,sector_b
2154.92777778,0.9992273137501142,0,0.00033,sector_b
2154.92916667,0.9994886883092075,0,0.00033,sector_b
2154.93055556,0.9998511284660067,0,0.00033,sector_b
2154.93194444,0.999678091975448,0,0.00033,sector_b
2154.93333333,0.9998990023380196,0,0.00033,sector_b
2154.93472222,0.9997380742592263,0,0.00033,sector_b
2154.93611111,0.9997154578504255,0,0.00033,sector_b
2154.9375,1.0003636457924265,0,0.00033,sector_b
2154.93888889,0.999516431525874,0,0.00033,sector_b
2154.94027778,1.000097077053217,0,0.00033,sector_b
2154.94166667,1.000161717277475,0,0.00033,sector_b
2154.94305556,1.000182626503557,0,0.00033,sector_b
2154.94444444,1.000031645974825,0,0.00033,sector_b
2154.94583333,0.9993149210873432,0,0.00033,sector_b
2154.94722222,0.9995362653744593,0,0.00033,sector_b
2154.94861111,0.9997673683874438,0,0.00033,sector_b
2154.95,0.9999587600150216,0,0.00033,sector_b
2154.95138889,0.9999064851896386,0,0.00033,sector_b
2154.95277778,0.9997292374561274,2048,0.00033,sector_b
2154.95416667,1.0000853113077988,0,0.00033,sector_b
2154.95555556,0.9999388951089011,0,0.00033,sector_b
2154.95694444,1.0002363268035699,0,0.00033,sector_b
2154.95833333,1.0003682329548402,0,0.00033,sector_b
2154.95972222,0.9998489390461336,0,0.00033,sector_b
2154.96111111,1.0002624659667994,0,0.00033,sector_b
2154.9625,1.0006126741474006,0,0.00033,sector_b
2154.96388889,1.0001780030547587,0,0.00033,sector_b
2154.96527778,0.9996431341377476,0,0.00033,sector_b
2154.96666667,0.9993014973382482,0,0.00033,sector_b
2154.96805556,0.9996356231450407,0,0.00033,sector_b
2154.96944444,1.000115829403571,0,0.00033,sector_b
2154.97083333,0.9999671337161575,0,0.00033,sector_b
2154.97222222,1.0006677523357028,0,0.00033,sector_b
2154.97361111,1.000277013353767,0,0.00033,sector_b
2154.975,1.0003953451250462,0,0.00033,sector_b
2154.97638889,1.0000863442750534,4096,0.00033,sector_b
2154.97777778,0.9996094506773442,0,0.00033,sector_b
2154.97916667,1.0002779774504116,0,0.00033,sector_b
2154.98055556,1.0000889646122257,0,0.00033,sector_b
2154.98194444,0.999991016458959,0,0.00033,sector_b
2154.98333333,1.0006614929416067,0,0.00033,sector_b
2154.98472222,1.0000754140697607,0,0.00033,sector_b
2154.98611111,1.0001382480334402,0,0.00033,sector_b
2154.9875,1.0000613669614282,0,0.00033,sector_b
2154.98888889,0.9999471941663531,0,0.00033,sector_b
2154.99027778,1.0003723592910165,0,0.00033,sector_b
2154.99166667,0.9998019180092447,0,0.00033,sector_b
2154.99305556,1.0003763521701974,0,0.00033,sector_b
2154.99444444,1.0003055930427112,0,0.00033,sector_b
2154.99583333,1.000185942785261,0,0.00033,sector_b
2154.99722222,1.0003046672250355,0,0.00033,sector_b
2154.99861111,0.9999560093467316,0,0.00033,sector_b
2155.0,1.0003583010719785,0,0.00033,sector_b
2155.00138889,1.0002397626339135,0,0.00033,sector_b
2155.00277778,0.9997690303816176,0,0.00033,sector_b
2155.00416667,0.9998719312114811,0,0.00033,sector_b
2155.00555556,1.0000486956413426,0,0.00033,sector_b
2155.00694444,1.0001402748992976,0,0.00033,sector_b
2155.00833333,1.000040568375658,0,0.00033,sector_b
2155.00972222,1.0006252177056487,0,0.00033,sector_b
2155.01111111,1.0003475837151101,0,0.00033,sector_b
2155.0125,1.0002772540530158,0,0.00033,sector_b
2155.01388889,1.0004943978559921,0,0.00033,sector_b
2155.01527778,1.0001754114781634,0,0.00033,sector_b
2155.01666667,1.0005522584094213,0,0.00033,sector_b
2155.01805556,1.0004116519436759,0,0.00033,sector_b
2155.01944444,1.0005521671325897,0,0.00033,sector_b
2155.02083333,1.0002526407289398,0,0.00033,sector_b
2155.02222222,1.0004742495219754,0,0.00033,sector_b
2155.02361111,1.0007081663100634,0,0.00033,sector_b
2155.025,1.000625602116099,0,0.00033,sector_b
2155.02638889,1.0007945956215942,0,0.00033,sector_b
2155.02777778,1.0008553837880392,0,0.00033,sector_b
2155.02916667,1.0006045974769096,0,0.00033,sector_b
2155.03055556,1.0005364037964044,0,0.00033,sector_b
2155.03194444,1.0005489149935933,0,0.00033,sector_b
2155.03333333,1.0003288010746725,0,0.00033,sector_b
2155.03472222,1.0005054001678688,0,0.00033,sector_b
2155.03611111,1.0004204546942448,0,0.00033,sector_b
2155.0375,1.000610408014127,0,0.00033,sector_b
2155.03888889,1.0007532926012246,0,0.00033,sector_b
2155.04027778,0.9998046993409645,0,0.00033,sector_b
2155.04166667,1.0006525753553535,0,0.00033,sector_b
2155.04305556,1.0001822300984025,0,0.00033,sector_b
2155.04444444,1.000243615268029,0,0.00033,sector_b
2155.04583333,1.0006119104935762,0,0.00033,sector_b
2155.04722222,1.0008802086549404,0,0.00033,sector_b
2155.04861111,1.0011753949743873,0,0.00033,sector_b
2155.05,1.000525242026675,0,0.00033,sector_b
2155.05138889,1.0004049553101098,0,0.00033,sector_b
2155.05277778,1.0012301793514886,0,0.00033,sector_b
2155.05416667,1.0004973896082856,0,0.00033,sector_b
2155.05555556,1.0004409427961811,0,0.00033,sector_b
2155.05694444,1.0007094342921032,0,0.00033,sector_b
2155.05833333,1.0011023577134461,0,0.00033,sector_b
2155.05972222,1.000810852004251,0,0.00033,sector_b
2155.06111111,1.0005071801087588,0,0.00033,sector_b
2155.0625,1.0009265460059265,0,0.00033,sector_b
2155.06388889,1.000720469649388,0,0.00033,sector_b
2155.06527778,1.0004774098079257,0,0.00033,sector_b
2155.06666667,1.0014126468932238,0,0.00033,sector_b
2155.06805556,1.0003442182824334,0,0.00033,sector_b
2155.06944444,1.0012177640899187,0,0.00033,sector_b
2155.07083333,1.0009228457307946,0,0.00033,sector_b
2155.07222222,1.0010284259465496,0,0.00033,sector_b
2155.07361111,1.001012006563862,0,0.00033,sector_b
2155.075,1.0005331122730141,0,0.00033,sector_b
2155.07638889,1.0008400190732643,0,0.00033,sector_b
2155.07777778,1.0006806410010176,0,0.00033,sector_b
2155.07916667,1.0007315592297095,0,0.00033,sector_b
2155.08055556,1.0010041926861541,0,0.00033,sector_b
2155.08194444,1.000794138324383,0,0.00033,sector_b
2155.08333333,1.0007281846166887,0,0.00033,sector_b
2155.08472222,1.0011979443292258,0,0.00033,sector_b
2155.08611111,1.0010282452939194,0,0.00033,sector_b
2155.0875,1.0007945650536711,0,0.00033,sector_b
2155.08888889,1.0007726149571112,0,0.00033,sector_b
2155.09027778,1.00133075835185,0,0.00033,sector_b
2155.09166667,1.0010006949258918,0,0.00033,sector_b
2155.09305556,1.0013885104315994,0,0.00033,sector_b
2155.09444444,1.0014068490449852,0,0.00033,sector_b
2155.09583333,1.0011503500840453,2048,0.00033,sector_b
2155.09722222,1.0013517213053251,0,0.00033,sector_b
2155.09861111,1.000975560496848,0,0.00033,sector_b
2155.1,1.0013369021412062,0,0.00033,sector_b
2155.10138889,1.0013455530423612,0,0.00033,sector_b
2155.10277778,1.0011439026156546,0,0.00033,sector_b
2155.10416667,1.0013433472277145,0,0.00033,sector_b
2155.10555556,1.0011945145188945,0,0.00033,sector_b
2155.10694444,1.0011395606854534,0,0.00033,sector_b
2155.10833333,1.0009735323852027,0,0.00033,sector_b
2155.10972222,1.0010152749672026,0,0.00033,sector_b
2155.11111111,1.0009298180717974,0,0.00033,sector_b
2155.1125,1.0013013841445806,4096,0.00033,sector_b
2155.11388889,1.0013084122596503,0,0.00033,sector_b
2155.11527778,1.0014968288907884,0,0.00033,sector_b
2155.11666667,1.0012456464778106,0,0.00033,sector_b
2155.11805556,1.0016087621265415,0,0.00033,sector_b
2155.11944444,1.0013551613538716,0,0.00033,sector_b
2155.12083333,1.001017387747027,0,0.00033,sector_b
2155.12222222,1.001191665193594,0,0.00033,sector_b
2155.12361111,1.0012642607578612,0,0.00033,sector_b
2155.125,1.001041379541581,0,0.00033,sector_b
2155.12638889,1.0016000680512265,0,0.00033,sector_b
2155.12777778,1.0009053554910445,0,0.00033,sector_b
2155.12916667,1.0014242580052133,0,0.00033,sector_b
2155.13055556,1.0013038016418379,0,0.00033,sector_b
2155.13194444,1.0009262764231168,0,0.00033,sector_b
2155.13333333,1.0008722567765727,0,0.00033,sector_b
2155.13472222,1.0014545202013652,0,0.00033,sector_b
2155.13611111,1.0017233327852515,0,0.00033,sector_b
2155.1375,1.0016384022464566,0,0.00033,sector_b
2155.13888889,1.002075826430903,0,0.00033,sector_b
2155.14027778,1.001607668659369,0,0.00033,sector_b
2155.14166667,1.001484181539782,0,0.00033,sector_b
2155.14305556,1.0015578668548095,0,0.00033,sector_b
2155.14444444,1.0019440519339846,0,0.00033,sector_b
2155.14583333,1.0015578810391037,0,0.00033,sector_b
2155.14722222,1.0010932746091072,0,0.00033,sector_b
2155.14861111,1.0015237539740893,0,0.00033,sector_b
2155.15,1.0013638693527533,0,0.00033,sector_b
2155.15138889,1.0019046576206272,0,0.00033,sector_b
2155.15277778,1.0014873193711937,0,0.00033,sector_b
2155.15416667,1.0011129278986715,0,0.00033,sector_b
2155.15555556,1.0013204013775583,0,0.00033,sector_b
2155.15694444,1.0009645035695955,0,0.00033,sector_b
2155.15833333,1.0017745651744427,0,0.00033,sector_b
2155.15972222,1.001688074432163,0,0.00033,sector_b
2155.16111111,1.001393939020904,0,0.00033,sector_b
2155.1625,1.0014086739891774,0,0.00033,sector_b
2155.16388889,1.001539477742445,0,0.00033,sector_b
2155.16527778,1.0016611921730916,0,0.00033,sector_b
2155.16666667,1.0015159557399167,0,0.00033,sector_b
2155.16805556,1.001717738651124,0,0.00033,sector_b
2155.16944444,1.0012216500859863,0,0.00033,sector_b
2155.17083333,1.0010440352737497,0,0.00033,sector_b
2155.17222222,1.0017041594463978,0,0.00033,sector_b
2155.17361111,1.0015257438598633,0,0.00033,sector_b
2155.175,1.0013739612667913,0,0.00033,sector_b
2155.17638889,1.0020393347542154,0,0.00033,sector_b
2155.17777778,1.001640126974077,0,0.00033,sector_b
2155.17916667,1.0017885983281376,0,0.00033,sector_b
2155.18055556,1.0016877398866415,0,0.00033,sector_b
2155.18194444,1.001595222072856,0,0.00033,sector_b
2155.18333333,1.0015948591156785,0,0.00033,sector_b
2155.18472222,1.0018469609927503,0,0.00033,sector_b
2155.18611111,1.0013266560677345,0,0.00033,sector_b
2155.1875,1.0019805114151636,0,0.00033,sector_b
2155.18888889,1.00147670914866,0,0.00033,sector_b
2155.19027778,1.0019882827698625,0,0.00033,sector_b
2155.19166667,1.0010401693803197,0,0.00033,sector_b
2155.19305556,1.001984349591901,0,0.00033,sector_b
2155.19444444,1.0019695002843085,0,0.00033,sector_b
2155.19583333,1.0022780930827935,0,0.00033,sector_b
2155.19722222,1.0014611398097424,0,0.00033,sector_b
2155.19861111,1.0018052148585426,4096,0.00033,sector_b
2155.2,1.002066726025884,0,0.00033,sector_b
2155.20138889,1.001891852036505,0,0.00033,sector_b
2155.20277778,1.0019130034395833,0,0.00033,sector_b
2155.20416667,1.0017350177857132,0,0.00033,sector_b
2155.20555556,1.0022246375547106,0,0.00033,sector_b
2155.20694444,1.0018890732938142,0,0.00033,sector_b
2155.20833333,1.0019795625749512,0,0.00033,sector_b
2155.20972222,1.0018582036764099,0,0.00033,sector_b
2155.21111111,1.0021513830686306,0,0.00033,sector_b
2155.2125,1.001922284118651,0,0.00033,sector_b
2155.21388889,1.0020522637598799,0,0.00033,sector_b
2155.21527778,1.001874181996643,0,0.00033,sector_b
2155.21666667,1.001627898104221,0,0.00033,sector_b
2155.21805556,1.0014431884575046,0,0.00033,sector_b
2155.21944444,1.0024457942178164,0,0.00033,sector_b
2155.22083333,1.0023219651095834,0,0.00033,sector_b
2155.22222222,1.001718587231009,0,0.00033,sector_b
2155.22361111,1.0019058319576686,0,0.00033,sector_b
2155.225,1.0024138098602655,4096,0.00033,sector_b
2155.22638889,1.0017989748626788,0,0.00033,sector_b
2155.22777778,1.0020864202351087,0,0.00033,sector_b
2155.22916667,1.0016095947445376,0,0.00033,sector_b
2155.23055556,1.0018842089713114,0,0.00033,sector_b
2155.23194444,1.0021062811333012,0,0.00033,sector_b
2155.23333333,1.0021741932020225,0,0.00033,sector_b
2155.23472222,1.001946659574447,0,0.00033,sector_b
2155.23611111,1.0018349197661918,0,0.00033,sector_b
2155.2375,1.0019419143669732,0,0.00033,sector_b
2155.23888889,1.0024792665110849,0,0.00033,sector_b
2155.24027778,1.0018244464194854,0,0.00033,sector_b
2155.24166667,1.0026511585498155,0,0.00033,sector_b
2155.24305556,1.0018559191841614,0,0.00033,sector_b
2155.24444444,1.0021875403723932,0,0.00033,sector_b
2155.24583333,1.0022786834146047,0,0.00033,sector_b
2155.24722222,1.0019554361817904,0,0.00033,sector_b
2155.24861111,1.0024312735128758,0,0.00033,sector_b
2155.25,1.0020779807027973,4096,0.00033,sector_b
2155.25138889,1.002007631206697,0,0.00033,sector_b
2155.25277778,1.0018194421794304,2048,0.00033,sector_b
2155.25416667,1.0023291536171366,0,0.00033,sector_b
2155.25555556,1.0023690115645303,0,0.00033,sector_b
2155.25694444,1.0020258505917092,0,0.00033,sector_b
2155.25833333,1.0024685417204908,0,0.00033,sector_b
2155.25972222,1.002652366482858,0,0.00033,sector_b
2155.26111111,1.0021326186397999,0,0.00033,sector_b
2155.2625,1.0025477287285336,0,0.00033,sector_b
2155.26388889,1.0024967536851181,0,0.00033,sector_b
2155.26527778,1.0026003879317391,0,0.00033,sector_b
2155.26666667,1.002578355407377,0,0.00033,sector_b
2155.26805556,1.0026784860929259,0,0.00033,sector_b
2155.26944444,1.0026335736799221,0,0.00033,sector_b
2155.27083333,1.002170581936722,0,0.00033,sector_b
2155.27222222,1.0027638321832315,0,0.00033,sector_b
2155.27361111,1.0023170758404774,0,0.00033,sector_b
2155.275,1.0021144004135516,0,0.00033,sector_b
2155.27638889,1.0027350561392911,0,0.00033,sector_b
2155.27777778,1.001757092545838,0,0.00033,sector_b
2155.27916667,1.0024813676869189,0,0.00033,sector_b
2155.28055556,1.0027778116879498,0,0.00033,sector_b
2155.28194444,1.0025614799630151,0,0.00033,sector_b
2155.28333333,1.0020102929204184,0,0.00033,sector_b
2155.28472222,1.0020584856695596,0,0.00033,sector_b
2155.28611111,1.002064764661836,0,0.00033,sector_b
2155.2875,1.0023341124394303,0,0.00033,sector_b
2155.28888889,1.0022678366120097,0,0.00033,sector_b
2155.29027778,1.0026171399137316,0,0.00033,sector_b
2155.29166667,1.002909908262894,0,0.00033,sector_b
2155.29305556,1.002792038293748,0,0.00033,sector_b
2155.29444444,1.0026369933846964,0,0.00033,sector_b
2155.29583333,1.0029384981864373,0,0.00033,sector_b
2155.29722222,1.0026166583385634,0,0.00033,sector_b
2155.29861111,1.002264205272805,0,0.00033,sector_b
2155.3,1.0025087469443958,0,0.00033,sector_b
2155.30138889,1.0026092547713736,0,0.00033,sector_b
2155.30277778,1.0025870878065497,0,0.00033,sector_b
2155.30416667,1.0027195752347315,0,0.00033,sector_b
2155.30555556,1.003210927212359,0,0.00033,sector_b
2155.30694444,1.0030217099220096,0,0.00033,sector_b
2155.30833333,1.002206553659961,0,0.00033,sector_b
2155.30972222,1.0026369252804423,0,0.00033,sector_b
2155.31111111,1.0026639406222864,0,0.00033,sector_b
2155.3125,1.002600225068288,0,0.00033,sector_b
2155.31388889,1.0024700309355212,0,0.00033,sector_b
2155.31527778,1.0024857252980204,0,0.00033,sector_b
2155.31666667,1.0025643949906797,0,0.00033,sector_b
2155.31805556,1.0030959973995077,0,0.00033,sector_b
2155.31944444,1.0030527338729682,0,0.00033,sector_b
2155.32083333,1.0021636846855624,0,0.00033,sector_b
2155.32222222,1.0027582900901255,0,0.00033,sector_b
2155.32361111,1.0028433888490316,0,0.00033,sector_b
2155.325,1.0025255761517124,0,0.00033,sector_b
2155.32638889,1.0023442014996131,0,0.00033,sector_b
2155.32777778,1.0031043401507502,0,0.00033,sector_b
2155.32916667,1.0027472680175618,0,0.00033,sector_b
2155.33055556,1.0029238617077736,0,0.00033,sector_b
2155.33194444,1.002466881279763,0,0.00033,sector_b
2155.33333333,1.0027041931561276,0,0.00033,sector_b
2155.33472222,1.0024570268414512,0,0.00033,sector_b
2155.33611111,1.002899216088856,0,0.00033,sector_b
2155.3375,1.0026905714050947,0,0.00033,sector_b
2155.33888889,1.0030635288732572,0,0.00033,sector_b
2155.34027778,1.0026430025636905,0,0.00033,sector_b
2155.34166667,1.0029467459027679,0,0.00033,sector_b
2155.34305556,1.0028493245832706,0,0.00033,sector_b
2155.34444444,1.0029569828854572,0,0.00033,sector_b
2155.34583333,1.0028133995660342,0,0.00033,sector_b
2155.34722222,1.0031552581629986,0,0.00033,sector_b
2155.34861111,1.0030285446867022,0,0.00033,sector_b
2155.35,1.0030475402058379,0,0.00033,sector_b
2155.35138889,1.0025057897306573,0,0.00033,sector_b
2155.35277778,1.0030330742473867,0,0.00033,sector_b
2155.35416667,1.0033658167353725,0,0.00033,sector_b
2155.35555556,1.0025193411573767,0,0.00033,sector_b
2155.35694444,1.0031664241819602,0,0.00033,sector_b
2155.35833333,1.0025475639672563,0,0.00033,sector_b
2155.35972222,1.0030871290122065,0,0.00033,sector_b
2155.36111111,1.0029237639299582,0,0.00033,sector_b
2155.3625,1.00303413401995,0,0.00033,sector_b
2155.36388889,1.0025215926525168,0,0.00033,sector_b
2155.36527778,1.0026948054653404,0,0.00033,sector_b
2155.36666667,1.0033825973042716,0,0.00033,sector_b
2155.36805556,1.0026983839837262,0,0.00033,sector_b
2155.36944444,1.0030235513329124,0,0.00033,sector_b
2155.37083333,1.0030860029213635,0,0.00033,sector_b
2155.37222222,1.003371923931318,0,0.00033,sector_b
2155.37361111,1.0031533843389275,0,0.00033,sector_b
2155.375,1.0029933954662078,0,0.00033,sector_b
2155.37638889,1.0033004298964294,0,0.00033,sector_b
2155.37777778,1.0033136139230554,0,0.00033,sector_b
2155.37916667,1.00358465967365,0,0.00033,sector_b
2155.38055556,1.0030275127904846,0,0.00033,sector_b
2155.38194444,1.0033816724069162,0,0.00033,sector_b
2155.38333333,1.0039707738587178,0,0.00033,sector_b
2155.38472222,1.0034366329231914,0,0.00033,sector_b
2155.38611111,1.0034596368357294,0,0.00033,sector_b
2155.3875,1.0034367267349034,0,0.00033,sector_b
2155.38888889,1.0030037392932325,0,0.00033,sector_b
2155.39027778,1.0034360731884986,0,0.00033,sector_b
2155.39166667,1.0034861459611968,0,0.00033,sector_b
2155.39305556,1.0033357231979356,0,0.00033,sector_b
2155.39444444,1.00349270373378,0,0.00033,sector_b
2155.39583333,1.0033727044411729,0,0.00033,sector_b
2155.39722222,1.0034165351640338,0,0.00033,sector_b
2155.39861111,1.0033752299595657,0,0.00033,sector_b
2155.4,1.0034214928113598,0,0.00033,sector_b
2155.40138889,1.003100329328774,0,0.00033,sector_b
2155.40277778,1.0032168339217684,0,0.00033,sector_b
2155.40416667,1.0031006777173646,0,0.00033,sector_b
2155.40555556,1.0031390489451983,0,0.00033,sector_b
2155.40694444,1.0033853898619978,0,0.00033,sector_b
2155.40833333,1.0033415251517055,4096,0.00033,sector_b
2155.40972222,1.0035478572498495,0,0.00033,sector_b
2155.41111111,1.0038206033502242,0,0.00033,sector_b
2155.4125,1.0036450885388306,0,0.00033,sector_b
2155.41388889,1.003579306419765,2048,0.00033,sector_b
2155.41527778,1.0039607904108614,0,0.00033,sector_b
2155.41666667,1.0034719022565373,0,0.00033,sector_b
2155.41805556,1.00322937908233,0,0.00033,sector_b
2155.41944444,1.0038360875830434,0,0.00033,sector_b
2155.42083333,1.0036041501317652,0,0.00033,sector_b
2155.42222222,1.0034816958815005,0,0.00033,sector_b
2155.42361111,1.0037022634105917,0,0.00033,sector_b
2155.425,1.0032382394270372,0,0.00033,sector_b
2155.42638889,1.003497717952969,0,0.00033,sector_b
2155.42777778,1.0029544065649676,0,0.00033,sector_b
2155.42916667,1.0036274771617681,0,0.00033,sector_b
2155.43055556,1.0030528685817601,0,0.00033,sector_b
2155.43194444,1.003330205782691,0,0.00033,sector_b
2155.43333333,1.0034862350369,0,0.00033,sector_b
2155.43472222,1.0037403637154831,0,0.00033,sector_b
2155.43611111,1.0033974451767949,0,0.00033,sector_b
2155.4375,1.003636016363373,0,0.00033,sector_b
2155.43888889,1.0033974137718158,0,0.00033,sector_b
2155.44027778,1.0036432208620467,0,0.00033,sector_b
2155.44166667,1.003632327280321,0,0.00033,sector_b
2155.44305556,1.0034421130360882,0,0.00033,sector_b
2155.44444444,1.0039571952277906,0,0.00033,sector_b
2155.44583333,1.0032576414735057,0,0.00033,sector_b
2155.44722222,1.0036379936505002,0,0.00033,sector_b
2155.44861111,1.0035181376636375,0,0.00033,sector_b
2155.45,1.0035153471034988,0,0.00033,sector_b
2155.45138889,1.0036991663640866,0,0.00033,sector_b
2155.45277778,1.0037121602027341,0,0.00033,sector_b
2155.45416667,1.003726472034435,0,0.00033,sector_b
2155.45555556,1.0036415379757706,0,0.00033,sector_b
2155.45694444,1.0035762849093668,0,0.00033,sector_b
2155.45833333,1.0036328193880442,0,0.00033,sector_b
2155.45972222,1.0041609585252769,0,0.00033,sector_b
2155.46111111,1.0037507202127602,0,0.00033,sector_b
2155.4625,1.0038621672157555,0,0.00033,sector_b
2155.46388889,1.0034799154671816,0,0.00033,sector_b
2155.46527778,1.0038975687232157,0,0.00033,sector_b
2155.46666667,1.003139869770458,0,0.00033,sector_b
2155.46805556,1.003775734608545,0,0.00033,sector_b
2155.46944444,1.0033333639572308,0,0.00033,sector_b
2155.47083333,1.0037085917303188,0,0.00033,sector_b
2155.47222222,1.0040410358384353,0,0.00033,sector_b
2155.47361111,1.0042520153813441,0,0.00033,sector_b
2155.475,1.0035925976057654,0,0.00033,sector_b
2155.47638889,1.003693037626951,0,0.00033,sector_b
2155.47777778,1.0037414373048335,0,0.00033,sector_b
2155.47916667,1.0033935221274277,0,0.00033,sector_b
2155.48055556,1.0034841743967002,0,0.00033,sector_b
2155.48194444,1.0044377209886297,0,0.00033,sector_b
2155.48333333,1.0038149071940163,0,0.00033,sector_b
2155.48472222,1.003856556987797,0,0.00033,sector_b
2155.48611111,1.0039049233936095,0,0.00033,sector_b
2155.4875,1.0039417401473576,0,0.00033,sector_b
2155.48888889,1.003803570290484,0,0.00033,sector_b
2155.49027778,1.0042781758331008,0,0.00033,sector_b
2155.49166667,1.0040155108621223,0,0.00033,sector_b
2155.49305556,1.0038576943071151,0,0.00033,sector_b
2155.49444444,1.0040039992272627,0,0.00033,sector_b
2155.49583333,1.0037433220381968,0,0.00033,sector_b
2155.49722222,1.0034293023418093,0,0.00033,sector_b
2155.49861111,1.003454082714257,0,0.00033,sector_b
2155.5,1.003511766984703,0,0.00033,sector_b
2155.50138889,1.0037594782673853,0,0.00033,sector_b
2155.50277778,1.0040500153461027,4096,0.00033,sector_b
2155.50416667,1.0039943915569816,0,0.00033,sector_b
2155.50555556,1.0037760117750085,0,0.00033,sector_b
2155.50694444,1.0041861682650646,0,0.00033,sector_b
2155.50833333,1.0039637128596421,0,0.00033,sector_b
2155.50972222,1.0043231079692674,0,0.00033,sector_b
2155.51111111,1.0041615974410183,0,0.00033,sector_b
2155.5125,1.00397431287804,0,0.00033,sector_b
2155.51388889,1.004044497535777,0,0.00033,sector_b
2155.51527778,1.0037231496648986,0,0.00033,sector_b
2155.51666667,1.0034128217288716,0,0.00033,sector_b
2155.51805556,1.004053263969369,0,0.00033,sector_b
2155.51944444,1.0039619183999633,0,0.00033,sector_b
2155.52083333,1.0036459468899959,0,0.00033,sector_b
2155.52222222,1.0037019525778794,0,0.00033,sector_b
2155.52361111,1.003929191225596,0,0.00033,sector_b
2155.525,1.0040912403857007,0,0.00033,sector_b
2155.52638889,1.004621677930972,0,0.00033,sector_b
2155.52777778,1.0039666631761497,0,0.00033,sector_b
2155.52916667,1.004562850950825,0,0.00033,sector_b
2155.53055556,1.0037283748724093,0,0.00033,sector_b
2155.53194444,1.003857455291785,0,0.00033,sector_b
2155.53333333,1.004425227063051,0,0.00033,sector_b
2155.53472222,1.0043463918101936,0,0.00033,sector_b
2155.53611111,1.0041134428972456,0,0.00033,sector_b
2155.5375,1.0038115409791113,0,0.00033,sector_b
2155.53888889,1.0041889395217314,0,0.00033,sector_b
2155.54027778,1.0040096200432107,0,0.00033,sector_b
2155.54166667,1.0040653913888125,0,0.00033,sector_b
2155.54305556,1.0040108390283646,0,0.00033,sector_b
2155.54444444,1.0044980857611094,0,0.00033,sector_b
2155.54583333,1.004580657856717,0,0.00033,sector_b
2155.54722222,1.0044766766121798,0,0.00033,sector_b
2155.54861111,1.0046544238680435,0,0.00033,sector_b
2155.55,1.0043165091011386,0,0.00033,sector_b
2155.55138889,1.0038672075235704,0,0.00033,sector_b
2155.55277778,1.0038183733491222,0,0.00033,sector_b
2155.55416667,1.0040880961758363,0,0.00033,sector_b
2155.55555556,1.0041435162514172,0,0.00033,sector_b
2155.55694444,1.0043047943692858,0,0.00033,sector_b
2155.55833333,1.004222310541831,0,0.00033,sector_b
2155.55972222,1.004176175197713,0,0.00033,sector_b
2155.56111111,1.004736979093044,0,0.00033,sector_b
2155.5625,1.0038549273517627,0,0.00033,sector_b
2155.56388889,1.0041178653463863,0,0.00033,sector_b
2155.56527778,1.0049104403604452,0,0.00033,sector_b
2155.56666667,1.0043023931653365,0,0.00033,sector_b
2155.56805556,1.0040592611644843,0,0.00033,sector_b
2155.56944444,1.0043780162143614,0,0.00033,sector_b
2155.57083333,1.0041124019929224,0,0.00033,sector_b
2155.57222222,1.0044521844185792,0,0.00033,sector_b
2155.57361111,1.004172279391881,0,0.00033,sector_b
2155.575,1.004139973283264,0,0.00033,sector_b
2155.57638889,1.004214306976579,0,0.00033,sector_b
2155.57777778,1.0035300243752825,0,0.00033,sector_b
2155.57916667,1.004341662374718,0,0.00033,sector_b
2155.58055556,1.0045705029185865,0,0.00033,sector_b
2155.58194444,1.004481106587801,0,0.00033,sector_b
2155.58333333,1.0041985835137792,0,0.00033,sector_b
2155.58472222,1.004642352206326,0,0.00033,sector_b
2155.58611111,1.0042343876504498,0,0.00033,sector_b
2155.5875,1.0040424396562757,0,0.00033,sector_b
2155.58888889,1.004296614975072,0,0.00033,sector_b
2155.59027778,1.0043746033045753,0,0.00033,sector_b
2155.59166667,1.0046987834645207,0,0.00033,sector_b
2155.59305556,1.0040012376773677,0,0.00033,sector_b
2155.59444444,1.0043564702502203,0,0.00033,sector_b
2155.59583333,1.0045454139682533,0,0.00033,sector_b
2155.59722222,1.0042016379953214,0,0.00033,sector_b
2155.59861111,1.00469744761467,0,0.00033,sector_b
2155.6,1.004285296207261,0,0.00033,sector_b
2155.60138889,1.0043402500020442,0,0.00033,sector_b
2155.60277778,1.00404998330326,0,0.00033,sector_b
2155.60416667,1.004655269164246,0,0.00033,sector_b
2155.60555556,1.0042211866250546,0,0.00033,sector_b
2155.60694444,1.0041907737192333,0,0.00033,sector_b
2155.60833333,1.0049051782678788,0,0.00033,sector_b
2155.60972222,1.0041774497231046,0,0.00033,sector_b
2155.61111111,1.0043128262744783,0,0.00033,sector_b
2155.6125,1.0047462171483712,0,0.00033,sector_b
2155.61388889,1.0046942664566947,0,0.00033,sector_b
2155.61527778,1.0042360288367755,0,0.00033,sector_b
2155.61666667,1.0041662414178194,0,0.00033,sector_b
2155.61805556,1.0045337005945858,0,0.00033,sector_b
2155.61944444,1.004551632170886,0,0.00033,sector_b
2155.62083333,1.0043336562934198,0,0.00033,sector_b
2155.62222222,1.004565245643976,0,0.00033,sector_b
2155.62361111,1.0045842394776332,0,0.00033,sector_b
2155.625,1.0042306308678468,0,0.00033,sector_b
2155.62638889,1.0042455707879439,0,0.00033,sector_b
2155.62777778,1.0045989525601948,0,0.00033,sector_b
2155.62916667,1.0043066175635351,0,0.00033,sector_b
2155.63055556,1.0045085838356949,0,0.00033,sector_b
2155.63194444,1.0047195032357663,0,0.00033,sector_b
2155.63333333,1.0044262077669601,0,0.00033,sector_b
2155.63472222,1.0044645761244033,0,0.00033,sector_b
2155.63611111,1.0046317058341758,0,0.00033,sector_b
2155.6375,1.0046544305967522,0,0.00033,sector_b
2155.63888889,1.0045481877283438,0,0.00033,sector_b
2155.64027778,1.0046767255715578,0,0.00033,sector_b
2155.64166667,1.0047301003167801,0,0.00033,sector_b
2155.64305556,1.0048821801791308,0,0.00033,sector_b
2155.64444444,1.0046281949216684,0,0.00033,sector_b
2155.64583333,1.004232618650292,0,0.00033,sector_b
2155.64722222,1.0045963028442462,0,0.00033,sector_b
2155.64861111,1.0047514707819094,0,0.00033,sector_b
2155.65,1.0048401566516674,0,0.00033,sector_b
2155.65138889,1.0046909261071364,0,0.00033,sector_b
2155.65277778,1.004746758494413,0,0.00033,sector_b
2155.65416667,1.0046989199856606,0,0.00033,sector_b
2155.65555556,1.0046288001019645,0,0.00033,sector_b
2155.65694444,1.0046884848824753,0,0.00033,sector_b
2155.65833333,1.0048800198189884,0,0.00033,sector_b
2155.65972222,1.0047173910829368,0,0.00033,sector_b
2155.66111111,1.0049103744284575,0,0.00033,sector_b
2155.6625,1.0045710854649512,0,0.00033,sector_b
2155.66388889,1.0053604594909036,0,0.00033,sector_b
2155.66527778,1.0052742161635748,0,0.00033,sector_b
2155.66666667,1.0048744336742745,0,0.00033,sector_b
2155.66805556,1.0047949585431704,0,0.00033,sector_b
2155.66944444,1.004287638249025,0,0.00033,sector_b
2155.67083333,1.0047182985672563,0,0.00033,sector_b
2155.67222222,1.0048158123816306,0,0.00033,sector_b
2155.67361111,1.0050527516670353,0,0.00033,sector_b
2155.675,1.0045382483233662,0,0.00033,sector_b
2155.67638889,1.0051337271281275,0,0.00033,sector_b
2155.67777778,1.0051792367103296,0,0.00033,sector_b
2155.67916667,1.0046584160086451,0,0.00033,sector_b
2155.68055556,1.0022056041848078,0,0.00033,sector_b
2155.68194444,1.0023584956230676,0,0.00033,sector_b
2155.68333333,1.002423951436054,0,0.00033,sector_b
2155.68472222,1.0024060579401475,0,0.00033,sector_b
2155.68611111,1.0029729694802039,0,0.00033,sector_b
2155.6875,1.0026091412109719,0,0.00033,sector_b
2155.68888889,1.0022583760085786,0,0.00033,sector_b
2155.69027778,1.0026096841432517,0,0.00033,sector_b
2155.69166667,1.0021398284658782,0,0.00033,sector_b
2155.69305556,1.0020871726112255,0,0.00033,sector_b
2155.69444444,1.0020612465547494,0,0.00033,sector_b
2155.69583333,1.0022651094710138,0,0.00033,sector_b
2155.69722222,1.0025359880249427,0,0.00033,sector_b
2155.69861111,1.002739544409827,0,0.00033,sector_b
2155.7,1.0025291608452118,0,0.00033,sector_b
2155.70138889,1.0026644702522376,0,0.00033,sector_b
2155.70277778,1.0019967630122844,0,0.00033,sector_b
2155.70416667,1.0024814494616796,0,0.00033,sector_b
2155.70555556,1.002758930460766,0,0.00033,sector_b
2155.70694444,1.002579385002256,0,0.00033,sector_b
2155.70833333,1.0023263272379017,0,0.00033,sector_b
2155.70972222,1.0031038337704639,0,0.00033,sector_b
2155.71111111,1.0027316356105236,0,0.00033,sector_b
2155.7125,1.0026152613312378,0,0.00033,sector_b
2155.71388889,1.0027247288538677,0,0.00033,sector_b
2155.71527778,1.0024358959335078,0,0.00033,sector_b
2155.71666667,1.0024112074889329,0,0.00033,sector_b
2155.71805556,1.0028613688965289,0,0.00033,sector_b
2155.71944444,1.0025221743761406,0,0.00033,sector_b
2155.72083333,1.002070510430704,0,0.00033,sector_b
2155.72222222,1.0023934520140123,0,0.00033,sector_b
2155.72361111,1.0025268561875116,0,0.00033,sector_b
2155.725,1.0027273048521093,0,0.00033,sector_b
2155.72638889,1.0029310327505367,0,0.00033,sector_b
2155.72777778,1.0022808845068127,0,0.00033,sector_b
2155.72916667,1.002599681236866,0,0.00033,sector_b
2155.73055556,1.002523109583579,0,0.00033,sector_b
2155.73194444,1.0023929070860844,0,0.00033,sector_b
2155.73333333,1.002773599340965,0,0.00033,sector_b
2155.73472222,1.0028676958089395,0,0.00033,sector_b
2155.73611111,1.002602265481917,0,0.00033,sector_b
2155.7375,1.0024148011428442,0,0.00033,sector_b
2155.73888889,1.0029316083026982,0,0.00033,sector_b
2155.74027778,1.0024708786932486,0,0.00033,sector_b
2155.74166667,1.0023283172667041,0,0.00033,sector_b
2155.74305556,1.0025589509482655,0,0.00033,sector_b
2155.74444444,1.0029041647927743,0,0.00033,sector_b
2155.74583333,1.0028471832045394,0,0.00033,sector_b
2155.74722222,1.0028476461007785,0,0.00033,sector_b
2155.74861111,1.002034993763597,0,0.00033,sector_b
2155.75,1.0030062525911063,0,0.00033,sector_b
2155.75138889,1.0026964370294504,0,0.00033,sector_b
2155.75277778,1.002369322099271,0,0.00033,sector_b
2155.75416667,1.002877948628078,0,0.00033,sector_b
2155.75555556,1.0025341551588598,0,0.00033,sector_b
2155.75694444,1.003013787019842,0,0.00033,sector_b
2155.75833333,1.0027882903965188,0,0.00033,sector_b
2155.75972222,1.0023378698013674,0,0.00033,sector_b
2155.76111111,1.0026614856735885,0,0.00033,sector_b
2155.7625,1.0027968432991023,0,0.00033,sector_b
2155.76388889,1.003219006145427,0,0.00033,sector_b
2155.76527778,1.0031491554973648,0,0.00033,sector_b
2155.76666667,1.0027748741861569,0,0.00033,sector_b
2155.76805556,1.0023259419793458,0,0.00033,sector_b
2155.76944444,1.0023583865187737,0,0.00033,sector_b
2155.77083333,1.002697770826871,0,0.00033,sector_b
2155.77222222,1.002541133961015,0,0.00033,sector_b
2155.77361111,1.0026153722328692,0,0.00033,sector_b
2155.775,1.002725275906847,0,0.00033,sector_b
2155.77638889,1.0029765719723631,0,0.00033,sector_b
2155.77777778,1.0026960882537022,0,0.00033,sector_b
2155.77916667,1.0025321582180722,0,0.00033,sector_b
2155.78055556,1.0023138220275005,0,0.00033,sector_b
2155.78194444,1.0027694996390946,0,0.00033,sector_b
2155.78333333,1.0029331826770085,0,0.00033,sector_b
2155.78472222,1.0024327569225935,0,0.00033,sector_b
2155.78611111,1.002407734678258,0,0.00033,sector_b
2155.7875,1.0028618725803637,0,0.00033,sector_b
2155.78888889,1.0029558329978965,0,0.00033,sector_b
2155.79027778,1.0025734930842987,0,0.00033,sector_b
2155.79166667,1.0026341668217966,0,0.00033,sector_b
2155.79305556,1.0030178207428064,0,0.00033,sector_b
2155.79444444,1.0029191507312338,0,0.00033,sector_b
2155.79583333,1.0023328284481763,0,0.00033,sector_b
2155.79722222,1.0027824776595593,0,0.00033,sector_b
2155.79861111,1.0027219260464875,0,0.00033,sector_b
2155.8,1.002988308880549,0,0.00033,sector_b
2155.80138889,1.0028301790592349,0,0.00033,sector_b
2155.80277778,1.0028028749386613,0,0.00033,sector_b
2155.80416667,1.0026623397656051,0,0.00033,sector_b
2155.80555556,1.0028949205507836,0,0.00033,sector_b
2155.80694444,1.0028042348536914,0,0.00033,sector_b
2155.80833333,1.0029177674268612,0,0.00033,sector_b
2155.80972222,1.0024607292326257,0,0.00033,sector_b
2155.81111111,1.0028966650310611,0,0.00033,sector_b
2155.8125,1.0026091735451712,0,0.00033,sector_b
2155.81388889,1.0028800319975637,0,0.00033,sector_b
2155.81527778,1.002344397841431,0,0.00033,sector_b
2155.81666667,1.0033538839757403,0,0.00033,sector_b
2155.81805556,1.0029248359955072,0,0.00033,sector_b
2155.81944444,1.0029593086673114,0,0.00033,sector_b
2155.82083333,1.0031520601800026,0,0.00033,sector_b
2155.82222222,1.002738792411588,0,0.00033,sector_b
2155.82361111,1.003042641401535,0,0.00033,sector_b
2155.825,1.0028944385481595,0,0.00033,sector_b
2155.82638889,1.0030241368978785,0,0.00033,sector_b
2155.82777778,1.0027507315898423,0,0.00033,sector_b
2155.82916667,1.0026025950896345,0,0.00033,sector_b
2155.83055556,1.0030318343098394,0,0.00033,sector_b
2155.83194444,1.0026927375464258,0,0.00033,sector_b
2155.83333333,1.0049901245215311,0,0.00033,sector_b
2155.83472222,1.0051779372710783,0,0.00033,sector_b
2155.83611111,1.0052771203017925,0,0.00033,sector_b
2155.8375,1.0050975369847643,0,0.00033,sector_b
2155.83888889,1.0053214621110587,0,0.00033,sector_b
2155.84027778,1.0050601653597657,0,0.00033,sector_b
2155.84166667,1.0056022723631688,0,0.00033,sector_b
2155.84305556,1.0053684172114405,0,0.00033,sector_b
2155.84444444,1.0058376488188325,4096,0.00033,sector_b
2155.84583333,1.0052161499993282,0,0.00033,sector_b
2155.84722222,1.0051732936353392,0,0.00033,sector_b
2155.84861111,1.0053493549529058,0,0.00033,sector_b
2155.85,1.0053671524297185,0,0.00033,sector_b
2155.85138889,1.0054279067402319,0,0.00033,sector_b
2155.85277778,1.0056723189335535,0,0.00033,sector_b
2155.85416667,1.0054226036386897,0,0.00033,sector_b
2155.85555556,1.005494134261446,0,0.00033,sector_b
2155.85694444,1.005245434769345,0,0.00033,sector_b
2155.85833333,1.0056251753962075,0,0.00033,sector_b
2155.85972222,1.0055494026859026,0,0.00033,sector_b
2155.86111111,1.005652064051007,0,0.00033,sector_b
2155.8625,1.0058279569950255,0,0.00033,sector_b
2155.86388889,1.0049697381314002,0,0.00033,sector_b
2155.86527778,1.005507991923388,0,0.00033,sector_b
2155.86666667,1.0056528494379224,0,0.00033,sector_b
2155.86805556,1.0052662444939047,0,0.00033,sector_b
2155.86944444,1.005165700802398,0,0.00033,sector_b
2155.87083333,1.0049987788213905,0,0.00033,sector_b
2155.87222222,1.0054831995723519,0,0.00033,sector_b
2155.87361111,1.0051598301146187,0,0.00033,sector_b
2155.875,1.0055992084098937,0,0.00033,sector_b
2155.87638889,1.0054800734275602,0,0.00033,sector_b
2155.87777778,1.0054479635275064,0,0.00033,sector_b
2155.87916667,1.005574320909745,0,0.00033,sector_b
2155.88055556,1.0052000741499147,0,0.00033,sector_b
2155.88194444,1.0050495309773426,0,0.00033,sector_b
2155.88333333,1.0054824036090944,0,0.00033,sector_b
2155.88472222,1.0054322865218093,0,0.00033,sector_b
2155.88611111,1.00533066305969,0,0.00033,sector_b
2155.8875,1.005583551744178,0,0.00033,sector_b
2155.88888889,1.0057574563257023,0,0.00033,sector_b
2155.89027778,1.0054982399563495,0,0.00033,sector_b
2155.89166667,1.0052543539120506,0,0.00033,sector_b
2155.89305556,1.0054539814075594,0,0.00033,sector_b
2155.89444444,1.0056751954774168,0,0.00033,sector_b
2155.89583333,1.0054953095529682,0,0.00033,sector_b
2155.89722222,1.005462227805619,0,0.00033,sector_b
2155.89861111,1.00504586425091,0,0.00033,sector_b
2155.9,1.0053153282671365,0,0.00033,sector_b
2155.90138889,1.0054051454366133,0,0.00033,sector_b
2155.90277778,1.0053326501485318,0,0.00033,sector_b
2155.90416667,1.005448448033211,0,0.00033,sector_b
2155.90555556,1.0052243683789162,0,0.00033,sector_b
2155.90694444,1.0058704803043628,0,0.00033,sector_b
2155.90833333,1.005418651991948,0,0.00033,sector_b
2155.90972222,1.004885376877953,0,0.00033,sector_b
2155.91111111,1.0058432976965686,0,0.00033,sector_b
2155.9125,1.005407586801467,0,0.00033,sector_b
2155.91388889,1.0062034555754982,0,0.00033,sector_b
2155.91527778,1.0052123578114662,0,0.00033,sector_b
2155.91666667,1.0050584672675476,0,0.00033,sector_b
2155.91805556,1.0051428909019056,0,0.00033,sector_b
2155.91944444,1.0052467382024666,0,0.00033,sector_b
2155.92083333,1.005274077541084,0,0.00033,sector_b
2155.92222222,1.0050389937610622,0,0.00033,sector_b
2155.92361111,1.0055436833117601,0,0.00033,sector_b
2155.925,1.0053744173639003,0,0.00033,sector_b
2155.92638889,1.005998905478732,0,0.00033,sector_b
2155.92777778,1.0053049602134092,0,0.00033,sector_b
2155.92916667,1.0055542021707684,0,0.00033,sector_b
2155.93055556,1.0052811936595663,0,0.00033,sector_b
2155.93194444,1.0054594851625809,0,0.00033,sector_b
2155.93333333,1.0052665592035046,0,0.00033,sector_b
2155.93472222,1.0054691166217293,0,0.00033,sector_b
2155.93611111,1.0052642286592504,0,0.00033,sector_b
2155.9375,1.005082531836455,0,0.00033,sector_b
2155.93888889,1.0051630549277126,0,0.00033,sector_b
2155.94027778,1.0057721646219577,0,0.00033,sector_b
2155.94166667,1.0056041845906685,0,0.00033,sector_b
2155.94305556,1.0055180946695463,0,0.00033,sector_b
2155.94444444,1.0052282282566063,0,0.00033,sector_b
2155.94583333,1.0056133109753222,0,0.00033,sector_b
2155.94722222,1.005447099707447,0,0.00033,sector_b
2155.94861111,1.0059849516166146,0,0.00033,sector_b
2155.95,1.0053944356416198,0,0.00033,sector_b
2155.95138889,1.005691544327126,0,0.00033,sector_b
2155.95277778,1.0056498894973411,0,0.00033,sector_b
2155.95416667,1.00557206054607,0,0.00033,sector_b
2155.95555556,1.0053660094564956,0,0.00033,sector_b
2155.95694444,1.0050956164727696,0,0.00033,sector_b
2155.95833333,1.0055119223441003,0,0.00033,sector_b
2155.95972222,1.00539817228698,0,0.00033,sector_b
2155.96111111,1.0057911130665846,0,0.00033,sector_b
2155.9625,1.0052226065021739,0,0.00033,sector_b
2155.96388889,1.0055123930644803,0,0.00033,sector_b
2155.96527778,1.0056413247088662,0,0.00033,sector_b
2155.96666667,1.0056480204121536,0,0.00033,sector_b
2155.96805556,1.0057197731118404,0,0.00033,sector_b
2155.96944444,1.0054340657015544,0,0.00033,sector_b
2155.97083333,1.0059425120231353,0,0.00033,sector_b
2155.97222222,1.0053830269076773,0,0.00033,sector_b
2155.97361111,1.0059111880924667,0,0.00033,sector_b
2155.975,1.005780132958042,0,0.00033,sector_b
2155.97638889,1.0056353590040008,0,0.00033,sector_b
2155.97777778,1.0052525105151402,0,0.00033,sector_b
2155.97916667,1.0057151563998705,0,0.00033,sector_b
2155.98055556,1.005822099487327,0,0.00033,sector_b
2155.98194444,1.0054494163412002,0,0.00033,sector_b
2155.98333333,1.005658453454695,0,0.00033,sector_b
2155.98472222,1.0054775740695858,0,0.00033,sector_b
2155.98611111,1.0054345768014137,0,0.00033,sector_b
2155.9875,1.0061196027548054,0,0.00033,sector_b
2155.98888889,1.0048991008408346,0,0.00033,sector_b
2155.99027778,1.0055377434142578,0,0.00033,sector_b
2155.99166667,1.0056170678336191,0,0.00033,sector_b
2155.99305556,1.0060333167854514,0,0.00033,sector_b
2155.99444444,1.005470106233753,0,0.00033,sector_b
2155.99583333,1.0053279130878678,0,0.00033,sector_b
2155.99722222,1.0059950945096168,0,0.00033,sector_b
2155.99861111,1.0054935188048393,0,0.00033,sector_b
2156.0,1.005635365641923,0,0.00033,sector_b
2156.00138889,1.0057856373958707,0,0.00033,sector_b
2156.00277778,1.0056922761624116,0,0.00033,sector_b
2156.00416667,1.005381765087909,0,0.00033,sector_b
2156.00555556,1.0056621353579178,0,0.00033,sector_b
2156.00694444,1.005049479674946,0,0.00033,sector_b
2156.00833333,1.0055755853923647,0,0.00033,sector_b
2156.00972222,1.0056026631989943,0,0.00033,sector_b
2156.01111111,1.0055469295779491,0,0.00033,sector_b
2156.0125,1.0053949207811606,0,0.00033,sector_b
2156.01388889,1.0053858844771293,0,0.00033,sector_b
2156.01527778,1.005346965718781,0,0.00033,sector_b
2156.01666667,1.005488168405398,0,0.00033,sector_b
2156.01805556,1.005460048293602,0,0.00033,sector_b
2156.01944444,1.0051326847089208,0,0.00033,sector_b
2156.02083333,1.0053828416418782,0,0.00033,sector_b
2156.02222222,1.005468193366571,0,0.00033,sector_b
2156.02361111,1.005460414302121,0,0.00033,sector_b
2156.025,1.0053199464101716,0,0.00033,sector_b
2156.02638889,1.0050358000053532,0,0.00033,sector_b
2156.02777778,1.0053929905363348,0,0.00033,sector_b
2156.02916667,1.0057500127520447,0,0.00033,sector_b
2156.03055556,1.0058054804721728,0,0.00033,sector_b
2156.03194444,1.0063998260932807,0,0.00033,sector_b
2156.03333333,1.0053056137500347,0,0.00033,sector_b
2156.03472222,1.0056620026629102,0,0.00033,sector_b
2156.03611111,1.0056306816546774,0,0.00033,sector_b
2156.0375,1.0057222215025847,0,0.00033,sector_b
2156.03888889,1.005543640933414,0,0.00033,sector_b
2156.04027778,1.0057294948338396,0,0.00033,sector_b
2156.04166667,1.0053331571186552,0,0.00033,sector_b
2156.04305556,1.0055475390446003,0,0.00033,sector_b
2156.04444444,1.005383324829907,0,0.00033,sector_b
2156.04583333,1.0055021030443576,0,0.00033,sector_b
2156.04722222,1.0055174424822924,0,0.00033,sector_b
2156.04861111,1.0053222061998055,0,0.00033,sector_b
2156.05,1.0054544428689878,0,0.00033,sector_b
2156.05138889,1.0057047847969696,0,0.00033,sector_b
2156.05277778,1.005270771620085,0,0.00033,sector_b
2156.05416667,1.0054934950032244,0,0.00033,sector_b
2156.05555556,1.0061983777226162,0,0.00033,sector_b
2156.05694444,1.005438451629743,0,0.00033,sector_b
2156.05833333,1.0059136471497045,0,0.00033,sector_b
2156.05972222,1.005584975893153,0,0.00033,sector_b
2156.06111111,1.0055820630529357,0,0.00033,sector_b
2156.0625,1.0053762806861128,0,0.00033,sector_b
2156.06388889,1.0054537866686477,0,0.00033,sector_b
2156.06527778,1.0049236586863777,0,0.00033,sector_b
2156.06666667,1.0059330334934238,0,0.00033,sector_b
2156.06805556,1.0058279017925134,0,0.00033,sector_b
2156.06944444,1.005931859536357,0,0.00033,sector_b
2156.07083333,1.005591335034021,0,0.00033,sector_b
2156.07222222,1.0052780068451355,0,0.00033,sector_b
2156.07361111,1.0058787045644413,0,0.00033,sector_b
2156.075,1.0057529842506268,0,0.00033,sector_b
2156.07638889,1.0056482176751456,0,0.00033,sector_b
2156.07777778,1.0059291649165383,0,0.00033,sector_b
2156.07916667,1.0057101263107473,0,0.00033,sector_b
2156.08055556,1.0054026843145816,0,0.00033,sector_b
2156.08194444,1.0054583481415817,0,0.00033,sector_b
2156.08333333,1.0055638437580852,0,0.00033,sector_b
2156.08472222,1.0057234310019385,0,0.00033,sector_b
2156.08611111,1.0057692045347968,0,0.00033,sector_b
2156.0875,1.005703187848397,0,0.00033,sector_b
2156.08888889,1.0049741285393385,0,0.00033,sector_b
2156.09027778,1.0052831911977336,0,0.00033,sector_b
2156.09166667,1.0061705081708856,0,0.00033,sector_b
2156.09305556,1.0052685056727864,0,0.00033,sector_b
2156.09444444,1.0051159048916856,0,0.00033,sector_b
2156.09583333,1.0055552957063132,0,0.00033,sector_b
2156.09722222,1.005964196379869,0,0.00033,sector_b
2156.09861111,1.0052081733820026,0,0.00033,sector_b
2156.1,1.0050674567228124,0,0.00033,sector_b
2156.10138889,1.0057583832687422,0,0.00033,sector_b
2156.10277778,1.005125200221723,0,0.00033,sector_b
2156.10416667,1.0054883722359125,0,0.00033,sector_b
2156.10555556,1.0051320331564635,0,0.00033,sector_b
2156.10694444,1.0055072643453766,0,0.00033,sector_b
2156.10833333,1.0057700636046243,0,0.00033,sector_b
2156.10972222,1.0056446583974539,0,0.00033,sector_b
2156.11111111,1.0057717649141795,0,0.00033,sector_b
2156.1125,1.005238817392558,0,0.00033,sector_b
2156.11388889,1.0051257165269238,0,0.00033,sector_b
2156.11527778,1.0054507170217748,0,0.00033,sector_b
2156.11666667,1.0056621018208067,0,0.00033,sector_b
2156.11805556,1.005381065658051,0,0.00033,sector_b
2156.11944444,1.0055899930125605,0,0.00033,sector_b
2156.12083333,1.005460296213192,0,0.00033,sector_b
2156.12222222,1.0057852486046324,0,0.00033,sector_b
2156.12361111,1.0055898933908367,0,0.00033,sector_b
2156.125,1.0051762107284736,0,0.00033,sector_b
2156.12638889,1.0056562091848276,0,0.00033,sector_b
2156.12777778,1.0057136167919283,0,0.00033,sector_b
2156.12916667,1.0056245813755105,0,0.00033,sector_b
2156.13055556,1.0052601829435353,0,0.00033,sector_b
2156.13194444,1.005368605842808,0,0.00033,sector_b
2156.13333333,1.0059142210553456,0,0.00033,sector_b
2156.13472222,1.0058283192456081,0,0.00033,sector_b
2156.13611111,1.0054405496226748,0,0.00033,sector_b
2156.1375,1.0060481219884474,0,0.00033,sector_b
2156.13888889,1.005159321149396,0,0.00033,sector_b
2156.14027778,1.0052160011994729,0,0.00033,sector_b
2156.14166667,1.0054670141146118,0,0.00033,sector_b
2156.14305556,1.0059043115043753,0,0.00033,sector_b
2156.14444444,1.0051941591631808,0,0.00033,sector_b
2156.14583333,1.0051217446590508,0,0.00033,sector_b
2156.14722222,1.0058071197879386,0,0.00033,sector_b
2156.14861111,1.0050543811336956,0,0.00033,sector_b
2156.15,1.0057834244387496,0,0.00033,sector_b
2156.15138889,1.0053982685435414,0,0.00033,sector_b
2156.15277778,1.005506503680764,0,0.00033,sector_b
2156.15416667,1.0054998781885038,0,0.00033,sector_b
2156.15555556,1.0056319321155596,0,0.00033,sector_b
2156.15694444,1.0052273167888535,0,0.00033,sector_b
2156.15833333,1.0058068514866085,0,0.00033,sector_b
2156.15972222,1.005333975685791,0,0.00033,sector_b
2156.16111111,1.0059226179481369,0,0.00033,sector_b
2156.1625,1.005711970634577,0,0.00033,sector_b
2156.16388889,1.0051050366284509,0,0.00033,sector_b
2156.16527778,1.0056176552070257,0,0.00033,sector_b
2156.16666667,1.0057428936304889,0,0.00033,sector_b
2156.16805556,1.0056497479711264,0,0.00033,sector_b
2156.16944444,1.0051961375870324,0,0.00033,sector_b
2156.17083333,1.0057767953959318,0,0.00033,sector_b
2156.17222222,1.0048135939126117,0,0.00033,sector_b
2156.17361111,1.0057215194559168,0,0.00033,sector_b
2156.175,1.0055498732349475,0,0.00033,sector_b
2156.17638889,1.0058593849158664,0,0.00033,sector_b
2156.17777778,1.0053200068900592,0,0.00033,sector_b
2156.17916667,1.005421411130043,0,0.00033,sector_b
2156.18055556,1.0054772352257857,0,0.00033,sector_b
2156.18194444,1.0057530165338118,0,0.00033,sector_b
2156.18333333,1.0050823829002764,0,0.00033,sector_b
2156.18472222,1.005534147652805,0,0.00033,sector_b
2156.18611111,1.0053462808810216,0,0.00033,sector_b
2156.1875,1.0055326143408505,0,0.00033,sector_b
2156.18888889,1.0050911212239277,0,0.00033,sector_b
2156.19027778,1.0058453944219063,0,0.00033,sector_b
2156.19166667,1.0057453956650857,0,0.00033,sector_b
2156.19305556,1.0049459125510787,0,0.00033,sector_b
2156.19444444,1.0054515899134364,0,0.00033,sector_b
2156.19583333,1.0055484686022704,0,0.00033,sector_b
2156.19722222,1.0054112968791653,0,0.00033,sector_b
2156.19861111,1.0058301974580082,0,0.00033,sector_b
2156.2,1.0055690941084736,0,0.00033,sector_b
2156.20138889,1.0057807098941738,0,0.00033,sector_b
2156.20277778,1.0054875604385456,0,0.00033,sector_b
2156.20416667,1.005161876001046,0,0.00033,sector_b
2156.20555556,1.0053681689439629,0,0.00033,sector_b
2156.20694444,1.0049622625674768,0,0.00033,sector_b
2156.20833333,1.0057414283158028,0,0.00033,sector_b
2156.20972222,1.0050606604498142,0,0.00033,sector_b
2156.21111111,1.0057399843941166,0,0.00033,sector_b
2156.2125,1.0059091270631901,0,0.00033,sector_b
2156.21388889,1.0052270901318676,0,0.00033,sector_b
2156.21527778,1.005679733752322,0,0.00033,sector_b
2156.21666667,1.0055313865980755,0,0.00033,sector_b
2156.21805556,1.0050401760364311,0,0.00033,sector_b
2156.21944444,1.0057636061106616,0,0.00033,sector_b
2156.22083333,1.0053767649731502,0,0.00033,sector_b
2156.22222222,1.005495044616415,0,0.00033,sector_b
2156.22361111,1.005481726323672,0,0.00033,sector_b
2156.225,1.00523399078415,0,0.00033,sector_b
2156.22638889,1.0054171621557062,0,0.00033,sector_b
2156.22777778,1.005818505070326,0,0.00033,sector_b
2156.22916667,1.0051964930691624,0,0.00033,sector_b
2156.23055556,1.0055837714955,0,0.00033,sector_b
2156.23194444,1.0054818995854191,0,0.00033,sector_b
2156.23333333,1.0056939867195542,0,0.00033,sector_b
2156.23472222,1.0049865306526151,0,0.00033,sector_b
2156.23611111,1.0051764403418852,0,0.00033,sector_b
2156.2375,1.005283504728631,0,0.00033,sector_b
2156.23888889,1.005359159922827,0,0.00033,sector_b
2156.24027778,1.0054841253569515,0,0.00033,sector_b
2156.24166667,1.0049890100836498,0,0.00033,sector_b
2156.24305556,1.0056322442694994,0,0.00033,sector_b
2156.24444444,1.0052591331071334,0,0.00033,sector_b
2156.24583333,1.0050527470517978,0,0.00033,sector_b
2156.24722222,1.005475880869975,0,0.00033,sector_b
2156.24861111,1.0054590022911287,0,0.00033,sector_b
2156.25,1.0054758249081948,0,0.00033,sector_b
2156.25138889,1.0049896618207754,0,0.00033,sector_b
2156.25277778,1.0048672165154213,0,0.00033,sector_b
2156.25416667,1.0052921545178481,0,0.00033,sector_b
2156.25555556,1.0048767694390532,0,0.00033,sector_b
2156.25694444,1.0053685403110966,0,0.00033,sector_b
2156.25833333,1.0048861966222695,0,0.00033,sector_b
2156.25972222,1.0054958972709902,0,0.00033,sector_b
2156.26111111,1.0049858821554465,0,0.00033,sector_b
2156.2625,1.0052111446385237,0,0.00033,sector_b
2156.26388889,1.0054779387019965,0,0.00033,sector_b
2156.26527778,1.0057114304034873,0,0.00033,sector_b
2156.26666667,1.0050281285505231,0,0.00033,sector_b
2156.26805556,1.0053669257391626,0,0.00033,sector_b
2156.26944444,1.0051602422858157,0,0.00033,sector_b
2156.27083333,1.0054119951037261,0,0.00033,sector_b
2156.27222222,1.0053585707220603,0,0.00033,sector_b
2156.27361111,1.0050843027585075,0,0.00033,sector_b
2156.275,1.005504251025688,0,0.00033,sector_b
2156.27638889,1.0050158630613901,0,0.00033,sector_b
2156.27777778,1.0054588183692543,0,0.00033,sector_b
2156.27916667,1.0052147871946893,0,0.00033,sector_b
2156.28055556,1.0058186327249823,0,0.00033,sector_b
2156.28194444,1.0048594751247701,0,0.00033,sector_b
2156.28333333,1.0055443765221328,0,0.00033,sector_b
2156.28472222,1.0054347702817976,0,0.00033,sector_b
2156.28611111,1.0052624220400777,0,0.00033,sector_b
2156.2875,1.0052954221246646,0,0.00033,sector_b
2156.28888889,1.0052741986806741,0,0.00033,sector_b
2156.29027778,1.0050442440113732,0,0.00033,sector_b
2156.29166667,1.0051294681272236,0,0.00033,sector_b
2156.29305556,1.0048635022203098,0,0.00033,sector_b
2156.29444444,1.0046222142809527,0,0.00033,sector_b
2156.29583333,1.0053510535626244,0,0.00033,sector_b
2156.29722222,1.0053308571387587,0,0.00033,sector_b
2156.29861111,1.005220803644998,0,0.00033,sector_b
2156.3,1.0051479653744335,0,0.00033,sector_b
2156.30138889,1.0052119249140192,0,0.00033,sector_b
2156.30277778,1.0048370310224655,0,0.00033,sector_b
2156.30416667,1.0055120315920782,0,0.00033,sector_b
2156.30555556,1.0053145016926783,0,0.00033,sector_b
2156.30694444,1.0054384720754943,0,0.00033,sector_b
2156.30833333,1.0047199937220406,0,0.00033,sector_b
2156.30972222,1.0053056510101777,0,0.00033,sector_b
2156.31111111,1.0052097689565698,0,0.00033,sector_b
2156.3125,1.0053268670051922,0,0.00033,sector_b
2156.31388889,1.0047628145223202,0,0.00033,sector_b
2156.31527778,1.0050637051472686,0,0.00033,sector_b
2156.31666667,1.0054124770538515,0,0.00033,sector_b
2156.31805556,1.0054461647787098,0,0.00033,sector_b
2156.31944444,1.0047736807422103,0,0.00033,sector_b
2156.32083333,1.0051925455803992,0,0.00033,sector_b
2156.32222222,1.0051985939925954,0,0.00033,sector_b
2156.32361111,1.005435509202075,0,0.00033,sector_b
2156.325,1.0044779323498236,0,0.00033,sector_b
2156.32638889,1.0052375021295292,0,0.00033,sector_b
2156.32777778,1.0048274671548534,0,0.00033,sector_b
2156.32916667,1.005079391470418,0,0.00033,sector_b
2156.33055556,1.0049937845759331,0,0.00033,sector_b
2156.33194444,1.0053732107635869,0,0.00033,sector_b
2156.33333333,1.005414524139063,0,0.00033,sector_b
2156.33472222,1.005223423477713,0,0.00033,sector_b
2156.33611111,1.0054723147927174,0,0.00033,sector_b
2156.3375,1.0055008031269004,0,0.00033,sector_b
2156.33888889,1.005251515088901,0,0.00033,sector_b
2156.34027778,1.0052445479017948,0,0.00033,sector_b
2156.34166667,1.0048784663277468,0,0.00033,sector_b
2156.34305556,1.0050393381907612,0,0.00033,sector_b
2156.34444444,1.0056092223373017,0,0.00033,sector_b
2156.34583333,1.0052959837057343,0,0.00033,sector_b
2156.34722222,1.0054312558227139,0,0.00033,sector_b
2156.34861111,1.0052006186322178,0,0.00033,sector_b
2156.35,1.004858827927885,0,0.00033,sector_b
2156.35138889,1.0050106375422039,0,0.00033,sector_b
2156.35277778,1.0049824508229608,0,0.00033,sector_b
2156.35416667,1.0048770538259661,0,0.00033,sector_b
2156.35555556,1.0054339566354125,0,0.00033,sector_b
2156.35694444,1.0055486253662733,0,0.00033,sector_b
2156.35833333,1.0045823469657267,0,0.00033,sector_b
2156.35972222,1.005099678781328,0,0.00033,sector_b
2156.36111111,1.005579370036347,0,0.00033,sector_b
2156.3625,1.0052427161707111,0,0.00033,sector_b
2156.36388889,1.005233425293133,0,0.00033,sector_b
2156.36527778,1.0050001742761154,0,0.00033,sector_b
2156.36666667,1.0051806611467282,0,0.00033,sector_b
2156.36805556,1.0050896564384453,0,0.00033,sector_b
2156.36944444,1.004959661068284,0,0.00033,sector_b
2156.37083333,1.0048739273786718,0,0.00033,sector_b
2156.37222222,1.0054239900436277,0,0.00033,sector_b
2156.37361111,1.0050137120154468,0,0.00033,sector_b
2156.375,1.0051878555110547,0,0.00033,sector_b
2156.37638889,1.0051820361210828,0,0.00033,sector_b
2156.37777778,1.0050915873296224,0,0.00033,sector_b
2156.37916667,1.0049628584108363,0,0.00033,sector_b
2156.38055556,1.0050650541318389,0,0.00033,sector_b
2156.38194444,1.0049562962300655,0,0.00033,sector_b
2156.38333333,1.0049089507979554,0,0.00033,sector_b
2156.38472222,1.0050480195778,0,0.00033,sector_b
2156.38611111,1.0052989754810706,0,0.00033,sector_b
2156.3875,1.0052836936712346,0,0.00033,sector_b
2156.38888889,1.0055149251375344,0,0.00033,sector_b
2156.39027778,1.0048447207395894,0,0.00033,sector_b
2156.39166667,1.0050307747681126,0,0.00033,sector_b
2156.39305556,1.0043624117886372,0,0.00033,sector_b
2156.39444444,1.005158418022468,0,0.00033,sector_b
2156.39583333,1.0043810695771769,0,0.00033,sector_b
2156.39722222,1.0049218340314394,0,0.00033,sector_b
2156.39861111,1.0049113416159405,0,0.00033,sector_b
2156.4,1.0046433680236158,0,0.00033,sector_b
2156.40138889,1.0053158459380718,0,0.00033,sector_b
2156.40277778,1.004854319832036,0,0.00033,sector_b
2156.40416667,1.0047287042981687,0,0.00033,sector_b
2156.40555556,1.0049289008424223,0,0.00033,sector_b
2156.40694444,1.005552092762505,0,0.00033,sector_b
2156.40833333,1.0055332811252602,0,0.00033,sector_b
2156.40972222,1.00494824722125,0,0.00033,sector_b
2156.41111111,1.0046098714809792,0,0.00033,sector_b
2156.4125,1.004692026915242,0,0.00033,sector_b
2156.41388889,1.0047448056243768,0,0.00033,sector_b
2156.41527778,1.004805919529514,0,0.00033,sector_b
2156.41666667,1.0050865140940406,0,0.00033,sector_b
2156.41805556,1.004438099321064,0,0.00033,sector_b
2156.41944444,1.0047714257277132,0,0.00033,sector_b
2156.42083333,1.004593656073316,0,0.00033,sector_b
2156.42222222,1.0046156080276194,0,0.00033,sector_b
2156.42361111,1.0047623934080212,0,0.00033,sector_b
2156.425,1.004881735509503,0,0.00033,sector_b
2156.42638889,1.0049863300991138,0,0.00033,sector_b
2156.42777778,1.004764708155462,0,0.00033,sector_b
2156.42916667,1.0051023966469002,0,0.00033,sector_b
2156.43055556,1.004534715851607,0,0.00033,sector_b
2156.43194444,1.004378614428363,0,0.00033,sector_b
2156.43333333,1.0050567492332179,0,0.00033,sector_b
2156.43472222,1.0044795377229447,0,0.00033,sector_b
2156.43611111,1.0050111274665687,0,0.00033,sector_b
2156.4375,1.0048951191810844,0,0.00033,sector_b
2156.43888889,1.0052909352106325,0,0.00033,sector_b
2156.44027778,1.005115488248148,0,0.00033,sector_b
2156.44166667,1.004766075285584,0,0.00033,sector_b
2156.44305556,1.0051981721820713,0,0.00033,sector_b
2156.44444444,1.004815161257863,0,0.00033,sector_b
2156.44583333,1.004972241976029,0,0.00033,sector_b
2156.44722222,1.0045554311163913,0,0.00033,sector_b
2156.44861111,1.0049747175062698,0,0.00033,sector_b
2156.45,1.0047092480877535,0,0.00033,sector_b
2156.45138889,1.0048871039704965,0,0.00033,sector_b
2156.45277778,1.0050317310643642,0,0.00033,sector_b
2156.45416667,1.0047949442611623,0,0.00033,sector_b
2156.45555556,1.0045987952972342,0,0.00033,sector_b
2156.45694444,1.0049715767427372,0,0.00033,sector_b
2156.45833333,1.0053398482376485,0,0.00033,sector_b
2156.45972222,1.0046615565814523,0,0.00033,sector_b
2156.46111111,1.0050334621835766,0,0.00033,sector_b
2156.4625,1.0045934188750485,0,0.00033,sector_b
2156.46388889,1.0044482899796772,0,0.00033,sector_b
2156.46527778,1.0047463911739365,0,0.00033,sector_b
2156.46666667,1.0046545101621405,0,0.00033,sector_b
2156.46805556,1.0044885056676005,0,0.00033,sector_b
2156.46944444,1.004759792549467,0,0.00033,sector_b
2156.47083333,1.0048272345367038,0,0.00033,sector_b
2156.47222222,1.004333891580621,0,0.00033,sector_b
2156.47361111,1.0045894323046647,0,0.00033,sector_b
2156.475,1.005050382448185,0,0.00033,sector_b
2156.47638889,1.004639299304049,0,0.00033,sector_b
2156.47777778,1.0044714784918851,0,0.00033,sector_b
2156.47916667,1.004450320982011,0,0.00033,sector_b
2156.48055556,1.0046211049873257,0,0.00033,sector_b
2156.48194444,1.004058276599734,0,0.00033,sector_b
2156.48333333,1.0047894007704408,0,0.00033,sector_b
2156.48472222,1.0046408928061241,0,0.00033,sector_b
2156.48611111,1.0044502333755634,0,0.00033,sector_b
2156.4875,1.0047740549855015,0,0.00033,sector_b
2156.48888889,1.0047800255118284,0,0.00033,sector_b
2156.49027778,1.0048841245025522,0,0.00033,sector_b
2156.49166667,1.0046705116735548,0,0.00033,sector_b
2156.49305556,1.004362818517182,0,0.00033,sector_b
2156.49444444,1.0045216327838735,0,0.00033,sector_b
2156.49583333,1.0045567253528085,0,0.00033,sector_b
2156.49722222,1.0044219046566227,0,0.00033,sector_b
2156.49861111,1.0047299048679712,0,0.00033,sector_b
2156.5,1.0042065070842217,0,0.00033,sector_b
2156.50138889,1.0047914016699042,0,0.00033,sector_b
2156.50277778,1.0046695025207226,0,0.00033,sector_b
2156.50416667,1.0043166922244726,0,0.00033,sector_b
2156.50555556,1.0044596511488704,0,0.00033,sector_b
2156.50694444,1.0045111161396676,0,0.00033,sector_b
2156.50833333,1.0041680166191964,0,0.00033,sector_b
2156.50972222,1.0042214506593214,0,0.00033,sector_b
2156.51111111,1.0045020536109417,0,0.00033,sector_b
2156.5125,1.0046015908111097,0,0.00033,sector_b
2156.51388889,1.0044536393766035,0,0.00033,sector_b
2156.51527778,1.0041710013444185,0,0.00033,sector_b
2156.51666667,1.004929248905307,0,0.00033,sector_b
2156.51805556,1.0042271800864182,0,0.00033,sector_b
2156.51944444,1.004437560343527,0,0.00033,sector_b
2156.52083333,1.0045840878817056,0,0.00033,sector_b
2156.52222222,1.0045005308689616,0,0.00033,sector_b
2156.52361111,1.0040682165404993,0,0.00033,sector_b
2156.525,1.0042632442132389,0,0.00033,sector_b
2156.52638889,1.0045323514531137,0,0.00033,sector_b
2156.52777778,1.0044339405053253,0,0.00033,sector_b
2156.52916667,1.0040775932920503,0,0.00033,sector_b
2156.53055556,1.004568442389492,0,0.00033,sector_b
2156.53194444,1.0044129645265627,0,0.00033,sector_b
2156.53333333,1.0049313728288831,0,0.00033,sector_b
2156.53472222,1.0045402530646865,0,0.00033,sector_b
2156.53611111,1.004288522176764,0,0.00033,sector_b
2156.5375,1.0044767666987866,0,0.00033,sector_b
2156.53888889,1.0042748509722579,0,0.00033,sector_b
2156.54027778,1.0046553276365646,0,0.00033,sector_b
2156.54166667,1.0043891924489825,0,0.00033,sector_b
2156.54305556,1.0043755399663836,0,0.00033,sector_b
2156.54444444,1.0040378452072354,0,0.00033,sector_b
2156.54583333,1.0039376586215032,0,0.00033,sector_b
2156.54722222,1.0043971136173369,0,0.00033,sector_b
2156.54861111,1.00465283019825,0,0.00033,sector_b
2156.55,1.0043634101018026,0,0.00033,sector_b
2156.55138889,1.004379173709303,0,0.00033,sector_b
2156.55277778,1.0047516443571063,0,0.00033,sector_b
2156.55416667,1.0043014023678272,0,0.00033,sector_b
2156.55555556,1.0041726174409507,0,0.00033,sector_b
2156.55694444,1.004039632543682,0,0.00033,sector_b
2156.55833333,1.0039750959074336,0,0.00033,sector_b
2156.55972222,1.0040975244423729,0,0.00033,sector_b
2156.56111111,1.0044271202835435,0,0.00033,sector_b
2156.5625,1.0044736520679396,0,0.00033,sector_b
2156.56388889,1.0043848029775664,0,0.00033,sector_b
2156.56527778,1.0042116548449542,0,0.00033,sector_b
2156.56666667,1.0044444264847319,0,0.00033,sector_b
2156.56805556,1.0045334567057946,0,0.00033,sector_b
2156.56944444,1.0038097007916416,0,0.00033,sector_b
2156.57083333,1.0042261648545712,0,0.00033,sector_b
2156.57222222,1.0042961198411369,0,0.00033,sector_b
2156.57361111,1.0041429129624153,0,0.00033,sector_b
2156.575,1.0040392536411369,0,0.00033,sector_b
2156.57638889,1.0047167474424696,0,0.00033,sector_b
2156.57777778,1.0038756685973342,0,0.00033,sector_b
2156.57916667,1.004192768856741,0,0.00033,sector_b
2156.58055556,1.0039379021433814,0,0.00033,sector_b
2156.58194444,1.0043221551042303,0,0.00033,sector_b
2156.58333333,1.004235405088001,0,0.00033,sector_b
2156.58472222,1.0036836829680122,0,0.00033,sector_b
2156.58611111,1.0041107861463108,0,0.00033,sector_b
2156.5875,1.0045008964547357,0,0.00033,sector_b
2156.58888889,1.0040256879336844,0,0.00033,sector_b
2156.59027778,1.0040658454300075,0,0.00033,sector_b
2156.59166667,1.0043687502965686,0,0.00033,sector_b
2156.59305556,1.0041012406188305,0,0.00033,sector_b
2156.59444444,1.0042819496767148,0,0.00033,sector_b
2156.59583333,1.0040124883773236,0,0.00033,sector_b
2156.59722222,1.00403461289632,0,0.00033,sector_b
2156.59861111,1.003648657137086,0,0.00033,sector_b
2156.6,1.0040846246439306,0,0.00033,sector_b
2156.60138889,1.003720988056871,0,0.00033,sector_b
2156.60277778,1.0045625310122146,0,0.00033,sector_b
2156.60416667,1.0036355630374456,0,0.00033,sector_b
2156.60555556,1.0036082097601948,0,0.00033,sector_b
2156.60694444,1.003628370366913,0,0.00033,sector_b
2156.60833333,1.004028099360571,0,0.00033,sector_b
2156.60972222,1.004210250949459,0,0.00033,sector_b
2156.61111111,1.0037273261349058,0,0.00033,sector_b
2156.6125,1.003947252631817,0,0.00033,sector_b
2156.61388889,1.0047906050285322,0,0.00033,sector_b
2156.61527778,1.004260620346774,0,0.00033,sector_b
2156.61666667,1.0040408138436805,0,0.00033,sector_b
2156.61805556,1.0042262535919306,0,0.00033,sector_b
2156.61944444,1.0039733816608687,0,0.00033,sector_b
2156.62083333,1.0037046346415275,0,0.00033,sector_b
2156.62222222,1.0038310892608673,0,0.00033,sector_b
2156.62361111,1.0037666526980074,0,0.00033,sector_b
2156.625,1.0041217089861108,0,0.00033,sector_b
2156.62638889,1.0038576917425508,0,0.00033,sector_b
2156.62777778,1.003734429318497,0,0.00033,sector_b
2156.62916667,1.0038569015486687,0,0.00033,sector_b
2156.63055556,1.0040552300223502,0,0.00033,sector_b
2156.63194444,1.0043416777560907,0,0.00033,sector_b
2156.63333333,1.0037904857014415,0,0.00033,sector_b
2156.63472222,1.003937357967742,0,0.00033,sector_b
2156.63611111,1.0040616143408285,0,0.00033,sector_b
2156.6375,1.0039346077268023,0,0.00033,sector_b
2156.63888889,1.0037763009788214,0,0.00033,sector_b
2156.64027778,1.0041345180368433,0,0.00033,sector_b
2156.64166667,1.0037333479733024,0,0.00033,sector_b
2156.64305556,1.0035218678996174,0,0.00033,sector_b
2156.64444444,1.0042827702845931,0,0.00033,sector_b
2156.64583333,1.0036526672190502,0,0.00033,sector_b
2156.64722222,1.0036964860951063,0,0.00033,sector_b
2156.64861111,1.0037627795220718,0,0.00033,sector_b
2156.65,1.0036800278679057,0,0.00033,sector_b
2156.65138889,1.0035434489030668,0,0.00033,sector_b
2156.65277778,1.0036301112963124,0,0.00033,sector_b
2156.65416667,1.0040537634858033,0,0.00033,sector_b
2156.65555556,1.0037886516023526,0,0.00033,sector_b
2156.65694444,1.003604616720344,0,0.00033,sector_b
2156.65833333,1.0038712904001799,0,0.00033,sector_b
2156.65972222,1.0037186342557252,0,0.00033,sector_b
2156.66111111,1.003898309252617,0,0.00033,sector_b
2156.6625,1.0033591581842058,0,0.00033,sector_b
2156.66388889,1.0038065044365458,0,0.00033,sector_b
2156.66527778,1.0037395838068144,0,0.00033,sector_b
2156.66666667,1.0036736099050525,0,0.00033,sector_b
2156.66805556,1.004091428352931,0,0.00033,sector_b
2156.66944444,1.0038043128089778,0,0.00033,sector_b
2156.67083333,1.0037223452076731,0,0.00033,sector_b
2156.67222222,1.0034802995920726,0,0.00033,sector_b
2156.67361111,1.0037847895757885,0,0.00033,sector_b
2156.675,1.003755893227856,0,0.00033,sector_b
2156.67638889,1.0032423216166513,0,0.00033,sector_b
2156.67777778,1.003816940932248,0,0.00033,sector_b
2156.67916667,1.0041340729740333,0,0.00033,sector_b
2156.68055556,1.0039716044055569,0,0.00033,sector_b
2156.68194444,1.0038602497313653,0,0.00033,sector_b
2156.68333333,1.0036006767491568,0,0.00033,sector_b
2156.68472222,1.0035756257796542,0,0.00033,sector_b
2156.68611111,1.0038980805068767,0,0.00033,sector_b
2156.6875,1.0031782498609756,0,0.00033,sector_b
2156.68888889,1.0036688316324802,0,0.00033,sector_b
2156.69027778,1.0036974982771707,0,0.00033,sector_b
2156.69166667,1.0038869715603351,0,0.00033,sector_b
2156.69305556,1.0035655067841556,0,0.00033,sector_b
2156.69444444,1.0037902718881746,0,0.00033,sector_b
2156.69583333,1.0031034248924289,0,0.00033,sector_b
2156.69722222,1.003342294060116,0,0.00033,sector_b
2156.69861111,1.0035233767807117,0,0.00033,sector_b
2156.7,1.0035067210716104,0,0.00033,sector_b
2156.70138889,1.0036137310373618,0,0.00033,sector_b
2156.70277778,1.0039840591131721,0,0.00033,sector_b
2156.70416667,1.0033140712952713,0,0.00033,sector_b
2156.70555556,1.0030581566454333,0,0.00033,sector_b
2156.70694444,1.0034298121049001,0,0.00033,sector_b
2156.70833333,1.0038712495556743,0,0.00033,sector_b
2156.70972222,1.0032021653895677,0,0.00033,sector_b
2156.71111111,1.0033460292583942,0,0.00033,sector_b
2156.7125,1.0033892796813697,0,0.00033,sector_b
2156.71388889,1.0035629443560719,0,0.00033,sector_b
2156.71527778,1.0031209411640702,0,0.00033,sector_b
2156.71666667,1.0039632388448805,0,0.00033,sector_b
2156.71805556,1.0043054888267453,0,0.00033,sector_b
2156.71944444,1.003394103957729,0,0.00033,sector_b
2156.72083333,1.0038071273413252,0,0.00033,sector_b
2156.72222222,1.0034455444403845,0,0.00033,sector_b
2156.72361111,1.003582005603269,0,0.00033,sector_b
2156.725,1.0030345346256775,0,0.00033,sector_b
2156.72638889,1.003486417623084,0,0.00033,sector_b
2156.72777778,1.003295091970725,0,0.00033,sector_b
2156.72916667,1.0028885022389118,0,0.00033,sector_b
2156.73055556,1.0030925927760757,0,0.00033,sector_b
2156.73194444,1.003322045443719,0,0.00033,sector_b
2156.73333333,1.0036802368922184,0,0.00033,sector_b
2156.73472222,1.003679645253654,0,0.00033,sector_b
2156.73611111,1.0033257221502483,0,0.00033,sector_b
2156.7375,1.003302151829267,0,0.00033,sector_b
2156.73888889,1.0036575131076364,0,0.00033,sector_b
2156.74027778,1.0034053762662352,0,0.00033,sector_b
2156.74166667,1.0034792192842148,0,0.00033,sector_b
2156.74305556,1.0034022965112883,0,0.00033,sector_b
2156.74444444,1.0033528692822438,0,0.00033,sector_b
2156.74583333,1.0030941906148985,0,0.00033,sector_b
2156.74722222,1.003272969983039,0,0.00033,sector_b
2156.74861111,1.0033842076080803,0,0.00033,sector_b
2156.75,1.0033018598384316,0,0.00033,sector_b
2156.75138889,1.003392296485661,0,0.00033,sector_b
2156.75277778,1.0030767484319352,0,0.00033,sector_b
2156.75416667,1.002903657313626,0,0.00033,sector_b
2156.75555556,1.0030965640597604,0,0.00033,sector_b
2156.75694444,1.003135036436812,0,0.00033,sector_b
2156.75833333,1.0029245256752546,0,0.00033,sector_b
2156.75972222,1.0030931680972928,0,0.00033,sector_b
2156.76111111,1.0031991208728726,0,0.00033,sector_b
2156.7625,1.0031343500792491,0,0.00033,sector_b
2156.76388889,1.0033713817119123,0,0.00033,sector_b
2156.76527778,1.003090442396307,0,0.00033,sector_b
2156.76666667,1.0031902194378906,0,0.00033,sector_b
2156.76805556,1.0035392872234774,0,0.00033,sector_b
2156.76944444,1.0030862280176454,0,0.00033,sector_b
2156.77083333,1.0032464291118282,0,0.00033,sector_b
2156.77222222,1.0030832232653821,0,0.00033,sector_b
2156.77361111,1.003347774679567,0,0.00033,sector_b
2156.775,1.002779740146495,0,0.00033,sector_b
2156.77638889,1.0027874636475091,0,0.00033,sector_b
2156.77777778,1.0030879369953019,0,0.00033,sector_b
2156.77916667,1.002922735504649,0,0.00033,sector_b
2156.78055556,1.0031117175298243,0,0.00033,sector_b
2156.78194444,1.0033931415048596,0,0.00033,sector_b
2156.78333333,1.0035075137783809,0,0.00033,sector_b
2156.78472222,1.0033571595442998,0,0.00033,sector_b
2156.78611111,1.0033216858620335,0,0.00033,sector_b
2156.7875,1.0033475192511403,0,0.00033,sector_b
2156.78888889,1.0035747205247763,0,0.00033,sector_b
2156.79027778,1.003124222500255,0,0.00033,sector_b
2156.79166667,1.002554730481883,0,0.00033,sector_b
2156.79305556,1.002724428262618,0,0.00033,sector_b
2156.79444444,1.0027526200523977,0,0.00033,sector_b
2156.79583333,1.0025645287962084,0,0.00033,sector_b
2156.79722222,1.0026568573430819,0,0.00033,sector_b
2156.79861111,1.0027284640107823,0,0.00033,sector_b
2156.8,1.002547566637201,0,0.00033,sector_b
2156.80138889,1.0031444864861392,0,0.00033,sector_b
2156.80277778,1.0033738544067994,0,0.00033,sector_b
2156.80416667,1.0025828976685245,0,0.00033,sector_b
2156.80555556,1.0035806849662694,0,0.00033,sector_b
2156.80694444,1.0029673100749514,0,0.00033,sector_b
2156.80833333,1.0030710404257328,0,0.00033,sector_b
2156.80972222,1.0027055281285862,0,0.00033,sector_b
2156.81111111,1.0033048533492293,0,0.00033,sector_b
2156.8125,1.0026571629894854,0,0.00033,sector_b
2156.81388889,1.0032447089780612,0,0.00033,sector_b
2156.81527778,1.0030510478655101,0,0.00033,sector_b
2156.81666667,1.003068995099028,0,0.00033,sector_b
2156.81805556,1.0034852665466647,0,0.00033,sector_b
2156.81944444,1.0027133704372693,0,0.00033,sector_b
2156.82083333,1.0031600865499637,0,0.00033,sector_b
2156.82222222,1.0026260766609179,0,0.00033,sector_b
2156.82361111,1.0023262465533478,0,0.00033,sector_b
2156.825,1.002764515294876,0,0.00033,sector_b
2156.82638889,1.0027579306617664,0,0.00033,sector_b
2156.82777778,1.0034550623824152,0,0.00033,sector_b
2156.82916667,1.0031832537442877,0,0.00033,sector_b
2156.83055556,1.0026982285233894,0,0.00033,sector_b
2156.83194444,1.0030341115910881,0,0.00033,sector_b
2156.83333333,1.0030423076341008,0,0.00033,sector_b
2156.83472222,1.0031430149408544,0,0.00033,sector_b
2156.83611111,1.0030727178778205,0,0.00033,sector_b
2156.8375,1.0031967838067817,4096,0.00033,sector_b
2156.83888889,1.002966469616822,0,0.00033,sector_b
2156.84027778,1.00257172245471,0,0.00033,sector_b
2156.84166667,1.0029599659853246,0,0.00033,sector_b
2156.84305556,1.00286950110815,0,0.00033,sector_b
2156.84444444,1.0028229316492474,0,0.00033,sector_b
2156.84583333,1.0025229827747872,0,0.00033,sector_b
2156.84722222,1.002361430985886,0,0.00033,sector_b
2156.84861111,1.0030941561630982,0,0.00033,sector_b
2156.85,1.0030071959749913,0,0.00033,sector_b
2156.85138889,1.0025909743815884,0,0.00033,sector_b
2156.85277778,1.0027881398146192,0,0.00033,sector_b
2156.85416667,1.0027807838607696,0,0.00033,sector_b
2156.85555556,1.0028978072000434,0,0.00033,sector_b
2156.85694444,1.00264083623604,0,0.00033,sector_b
2156.85833333,1.0026618115560586,0,0.00033,sector_b
2156.85972222,1.003162276581368,0,0.00033,sector_b
2156.86111111,1.002612624646076,0,0.00033,sector_b
2156.8625,1.0026892155853437,0,0.00033,sector_b
2156.86388889,1.00258688593478,0,0.00033,sector_b
2156.86527778,1.0032052923947028,0,0.00033,sector_b
2156.86666667,1.0028938031060255,0,0.00033,sector_b
2156.86805556,1.0028986825773774,0,0.00033,sector_b
2156.86944444,1.0028379380144468,0,0.00033,sector_b
2156.87083333,1.0028688983274352,0,0.00033,sector_b
2156.87222222,1.003108437251112,0,0.00033,sector_b
2156.87361111,1.0024062858155776,0,0.00033,sector_b
2156.875,1.0021536236157087,0,0.00033,sector_b
2156.87638889,1.0026873933525142,0,0.00033,sector_b
2156.87777778,1.0024355285100481,0,0.00033,sector_b
2156.87916667,1.0024727881784765,0,0.00033,sector_b
2156.88055556,1.0028400216439777,0,0.00033,sector_b
2156.88194444,1.0025633029719119,0,0.00033,sector_b
2156.88333333,1.0023739640689402,0,0.00033,sector_b
2156.88472222,1.0030765715334033,0,0.00033,sector_b
2156.88611111,1.0026861956608493,0,0.00033,sector_b
2156.8875,1.0025865287079418,0,0.00033,sector_b
2156.88888889,1.002618506457476,0,0.00033,sector_b
2156.89027778,1.0026695618186399,0,0.00033,sector_b
2156.89166667,1.0025991261077642,0,0.00033,sector_b
2156.89305556,1.0024130153206217,0,0.00033,sector_b
2156.89444444,1.002545639645876,0,0.00033,sector_b
2156.89583333,1.0025670337106936,0,0.00033,sector_b
2156.89722222,1.0026697644323719,0,0.00033,sector_b
2156.89861111,1.0023634081837978,0,0.00033,sector_b
2156.9,1.002895324361823,0,0.00033,sector_b
2156.90138889,1.0025766242034984,0,0.00033,sector_b
2156.90277778,1.0027450936016948,0,0.00033,sector_b
2156.90416667,1.0022312658341688,0,0.00033,sector_b
2156.90555556,1.002482559652503,0,0.00033,sector_b
2156.90694444,1.0024448266163495,0,0.00033,sector_b
2156.90833333,1.0028823473002948,0,0.00033,sector_b
2156.90972222,1.0025897710836091,0,0.00033,sector_b
2156.91111111,1.001908995609271,0,0.00033,sector_b
2156.9125,1.0026573031466428,0,0.00033,sector_b
2156.91388889,1.0023865841383004,0,0.00033,sector_b
2156.91527778,1.0027318344238325,0,0.00033,sector_b
2156.91666667,1.0024940880993272,0,0.00033,sector_b
2156.91805556,1.0028075459538013,0,0.00033,sector_b
2156.91944444,1.0025765159153543,0,0.00033,sector_b
2156.92083333,1.0024681359013121,0,0.00033,sector_b
2156.92222222,1.0027896047856164,0,0.00033,sector_b
2156.92361111,1.0019985817319108,0,0.00033,sector_b
2156.925,1.002465496086764,0,0.00033,sector_b
2156.92638889,1.0024179487362348,0,0.00033,sector_b
2156.92777778,1.00221125602245,0,0.00033,sector_b
2156.92916667,1.0027806062125415,0,0.00033,sector_b
2156.93055556,1.0022315300311242,0,0.00033,sector_b
2156.93194444,1.0023072885983106,0,0.00033,sector_b
2156.93333333,1.0021941080806047,0,0.00033,sector_b
2156.93472222,1.002497851251952,0,0.00033,sector_b
2156.93611111,1.0022014442224072,0,0.00033,sector_b
2156.9375,1.0018834682595963,0,0.00033,sector_b
2156.93888889,1.0026568064077488,0,0.00033,sector_b
2156.94027778,1.0025112867904353,0,0.00033,sector_b
2156.94166667,1.0020978020411986,0,0.00033,sector_b
2156.94305556,1.002014480904938,0,0.00033,sector_b
2156.94444444,1.0020877897960132,0,0.00033,sector_b
2156.94583333,1.002487240408017,0,0.00033,sector_b
2156.94722222,1.0021148817702956,0,0.00033,sector_b
2156.94861111,1.0022836662695462,0,0.00033,sector_b
2156.95,1.0021208162884863,0,0.00033,sector_b
2156.95138889,1.00171210122312,0,0.00033,sector_b
2156.95277778,1.002218474905568,0,0.00033,sector_b
2156.95416667,1.0024725779334422,0,0.00033,sector_b
2156.95555556,1.0024269063058442,0,0.00033,sector_b
2156.95694444,1.0020500424472656,0,0.00033,sector_b
2156.95833333,1.002042918287811,0,0.00033,sector_b
2156.95972222,1.002441924289582,0,0.00033,sector_b
2156.96111111,1.001754086217107,0,0.00033,sector_b
2156.9625,1.0020741398070585,0,0.00033,sector_b
2156.96388889,1.0022108832408454,0,0.00033,sector_b
2156.96527778,1.0021682990386278,0,0.00033,sector_b
2156.96666667,1.0026718049904801,0,0.00033,sector_b
2156.96805556,1.0026200215383803,0,0.00033,sector_b
2156.96944444,1.002105450839211,0,0.00033,sector_b
2156.97083333,1.0022336735637305,0,0.00033,sector_b
2156.97222222,1.0022403189078848,0,0.00033,sector_b
2156.97361111,1.0018375178831973,0,0.00033,sector_b
2156.975,1.001812075249258,0,0.00033,sector_b
2156.97638889,1.0021739409138368,0,0.00033,sector_b
2156.97777778,1.0020941334062194,0,0.00033,sector_b
2156.97916667,1.0023922851396678,0,0.00033,sector_b
2156.98055556,1.0023202762389787,0,0.00033,sector_b
2156.98194444,1.0022476839664265,0,0.00033,sector_b
2156.98333333,1.0021163199762126,0,0.00033,sector_b
2156.98472222,1.0021171223598186,0,0.00033,sector_b
2156.98611111,1.0018993422985771,0,0.00033,sector_b
2156.9875,1.0016085353593556,0,0.00033,sector_b
2156.98888889,1.002161221954363,0,0.00033,sector_b
2156.99027778,1.0021536130112536,0,0.00033,sector_b
2156.99166667,1.0020846016120082,0,0.00033,sector_b
2156.99305556,1.0020035308459134,0,0.00033,sector_b
2156.99444444,1.002478775412383,0,0.00033,sector_b
2156.99583333,1.0019135577900027,0,0.00033,sector_b
2156.99722222,1.0018142478656935,0,0.00033,sector_b
2156.99861111,1.0022206135318663,0,0.00033,sector_b
2157.0,1.0021069585101712,0,0.00033,sector_b
2157.00138889,1.002148916240353,0,0.00033,sector_b
2157.00277778,1.0020697389056445,0,0.00033,sector_b
2157.00416667,1.0022591639417384,0,0.00033,sector_b
2157.00555556,1.002090071537675,0,0.00033,sector_b
2157.00694444,1.0021895032373285,0,0.00033,sector_b
2157.00833333,1.0021172674362029,0,0.00033,sector_b
2157.00972222,1.0016748495902774,0,0.00033,sector_b
2157.01111111,1.0022762200475235,0,0.00033,sector_b
2157.0125,1.002479374272329,0,0.00033,sector_b
2157.01388889,1.0022697828300942,0,0.00033,sector_b
2157.01527778,1.002053944356005,0,0.00033,sector_b
2157.01666667,1.001861506120492,0,0.00033,sector_b
2157.01805556,1.00191608662199,0,0.00033,sector_b
2157.01944444,1.001527824035421,0,0.00033,sector_b
2157.02083333,1.0020692380108576,0,0.00033,sector_b
2157.02222222,1.0020028549739366,0,0.00033,sector_b
2157.02361111,1.0017735135036918,0,0.00033,sector_b
2157.025,1.001820097709941,0,0.00033,sector_b
2157.02638889,1.0021670912061318,0,0.00033,sector_b
2157.02777778,1.001876548914744,0,0.00033,sector_b
2157.02916667,1.0020383810109674,0,0.00033,sector_b
2157.03055556,1.0020382935388636,0,0.00033,sector_b
2157.03194444,1.0017450446603091,0,0.00033,sector_b
2157.03333333,1.001287239187813,0,0.00033,sector_b
2157.03472222,1.0019704295734317,0,0.00033,sector_b
2157.03611111,1.001409856856052,0,0.00033,sector_b
2157.0375,1.0020711676387206,0,0.00033,sector_b
2157.03888889,1.002402222199388,0,0.00033,sector_b
2157.04027778,1.0015554971683769,0,0.00033,sector_b
2157.04166667,1.0016548524423745,0,0.00033,sector_b
2157.04305556,1.001349804449285,0,0.00033,sector_b
2157.04444444,1.0017724247279582,0,0.00033,sector_b
2157.04583333,1.002287158998525,0,0.00033,sector_b
2157.04722222,1.001421841655509,0,0.00033,sector_b
2157.04861111,1.001776411251806,0,0.00033,sector_b
2157.05,1.0019546584778802,2048,0.00033,sector_b
2157.05138889,1.001675280134131,0,0.00033,sector_b
2157.05277778,1.001970100872058,0,0.00033,sector_b
2157.05416667,1.0015066647269881,0,0.00033,sector_b
2157.05555556,1.0016833963405027,0,0.00033,sector_b
2157.05694444,1.001743510857086,0,0.00033,sector_b
2157.05833333,1.001824300533516,0,0.00033,sector_b
2157.05972222,1.0023045607900607,0,0.00033,sector_b
2157.06111111,1.0013829962279064,0,0.00033,sector_b
2157.0625,1.001990711919035,0,0.00033,sector_b
2157.06388889,1.0020237980015576,0,0.00033,sector_b
2157.06527778,1.0016379334489893,0,0.00033,sector_b
2157.06666667,1.0019252040172746,0,0.00033,sector_b
2157.06805556,1.0018643586412537,0,0.00033,sector_b
2157.06944444,1.001634934700236,0,0.00033,sector_b
2157.07083333,1.001569596157959,0,0.00033,sector_b
2157.07222222,1.001252064321342,0,0.00033,sector_b
2157.07361111,1.0015270399502414,0,0.00033,sector_b
2157.075,1.0014240439707673,0,0.00033,sector_b
2157.07638889,1.0011958426730445,0,0.00033,sector_b
2157.07777778,1.001151244682799,0,0.00033,sector_b
2157.07916667,1.0016675148220768,0,0.00033,sector_b
2157.08055556,1.0012376081767411,0,0.00033,sector_b
2157.08194444,1.0011242966263358,0,0.00033,sector_b
2157.08333333,1.0013609580128104,0,0.00033,sector_b
2157.08472222,1.0014733831919314,0,0.00033,sector_b
2157.08611111,1.0019449569188519,0,0.00033,sector_b
2157.0875,1.0017630679572005,0,0.00033,sector_b
2157.08888889,1.0013485490817697,0,0.00033,sector_b
2157.09027778,1.0013415844254177,0,0.00033,sector_b
2157.09166667,1.0015035800524237,0,0.00033,sector_b
2157.09305556,1.0011826493079998,0,0.00033,sector_b
2157.09444444,1.0019602367513702,0,0.00033,sector_b
2157.09583333,1.002020347217874,0,0.00033,sector_b
2157.09722222,1.0013491264930887,0,0.00033,sector_b
2157.09861111,1.001846636795479,0,0.00033,sector_b
2157.1,1.0010221820823484,0,0.00033,sector_b
2157.10138889,1.0016465888539656,0,0.00033,sector_b
2157.10277778,1.0014081113809699,0,0.00033,sector_b
2157.10416667,1.0014723066842208,0,0.00033,sector_b
2157.10555556,1.0016650207631275,0,0.00033,sector_b
2157.10694444,1.0017030156016804,0,0.00033,sector_b
2157.10833333,1.0011974311215108,0,0.00033,sector_b
2157.10972222,1.0021838932897775,0,0.00033,sector_b
2157.11111111,1.0011844878904528,0,0.00033,sector_b
2157.1125,1.001208202333464,0,0.00033,sector_b
2157.11388889,1.0013504764600618,0,0.00033,sector_b
2157.11527778,1.0012604779115002,0,0.00033,sector_b
2157.11666667,1.0011385352404225,0,0.00033,sector_b
2157.11805556,1.0012134504252734,0,0.00033,sector_b
2157.11944444,1.001507796665128,0,0.00033,sector_b
2157.12083333,1.0018904991204378,0,0.00033,sector_b
2157.12222222,1.0012698974039205,0,0.00033,sector_b
2157.12361111,1.0013670783473714,0,0.00033,sector_b
2157.125,1.0016641118465446,0,0.00033,sector_b
2157.12638889,1.0010979515897296,0,0.00033,sector_b
2157.12777778,1.0009896641370526,0,0.00033,sector_b
2157.12916667,1.0013701191340432,0,0.00033,sector_b
2157.13055556,1.0007034549894267,0,0.00033,sector_b
2157.13194444,1.0012705981205303,0,0.00033,sector_b
2157.13333333,1.0009629307287404,0,0.00033,sector_b
2157.13472222,1.0014822054941068,0,0.00033,sector_b
2157.13611111,1.001145675367714,0,0.00033,sector_b
2157.1375,1.0009527261428686,0,0.00033,sector_b
2157.13888889,1.0012285753953452,0,0.00033,sector_b
2157.14027778,1.0017033802223927,0,0.00033,sector_b
2157.14166667,1.001168341987383,0,0.00033,sector_b
2157.14305556,1.0011094053697744,0,0.00033,sector_b
2157.14444444,1.0008762296468372,0,0.00033,sector_b
2157.14583333,1.0014096105882866,0,0.00033,sector_b
2157.14722222,1.0010953072988378,0,0.00033,sector_b
2157.14861111,1.0013838429031157,0,0.00033,sector_b
2157.15,1.001293658014562,0,0.00033,sector_b
2157.15138889,1.0016310329245555,0,0.00033,sector_b
2157.15277778,1.0012837893066635,0,0.00033,sector_b
2157.15416667,1.0007292835946797,0,0.00033,sector_b
2157.15555556,1.0013107861103294,0,0.00033,sector_b
2157.15694444,1.0007122320448092,2048,0.00033,sector_b
2157.15833333,1.0012279766830303,0,0.00033,sector_b
2157.15972222,1.0013452081217051,0,0.00033,sector_b
2157.16111111,1.0015562673071245,0,0.00033,sector_b
2157.1625,1.0009428997640057,0,0.00033,sector_b
2157.16388889,1.001066313071524,0,0.00033,sector_b
2157.16527778,1.0012164466610118,0,0.00033,sector_b
2157.16666667,1.001210861830221,0,0.00033,sector_b
2157.16805556,1.0011384883072676,0,0.00033,sector_b
2157.16944444,1.0009798646098658,0,0.00033,sector_b
2157.17083333,1.0012222030345266,0,0.00033,sector_b
2157.17222222,1.001274924617997,0,0.00033,sector_b
2157.17361111,1.0008653626673165,0,0.00033,sector_b
2157.175,1.0008426239956763,0,0.00033,sector_b
2157.17638889,1.000906817778712,0,0.00033,sector_b
2157.17777778,1.0011177574742018,0,0.00033,sector_b
2157.17916667,1.0009079131602068,0,0.00033,sector_b
2157.18055556,1.0010392213578845,0,0.00033,sector_b
2157.18194444,1.0009659402535305,0,0.00033,sector_b
2157.18333333,1.0017685254400897,0,0.00033,sector_b
2157.18472222,1.0007121704710085,0,0.00033,sector_b
2157.18611111,1.000770725593895,0,0.00033,sector_b
2157.1875,1.0009529951324476,0,0.00033,sector_b
2157.18888889,1.001109857597712,0,0.00033,sector_b
2157.19027778,1.000672744240677,0,0.00033,sector_b
2157.19166667,1.0011046104015406,0,0.00033,sector_b
2157.19305556,1.0010593403380366,0,0.00033,sector_b
2157.19444444,1.0007380159693338,0,0.00033,sector_b
2157.19583333,1.0007141568778175,0,0.00033,sector_b
2157.19722222,1.0012402247046814,0,0.00033,sector_b
2157.19861111,1.0003323013834873,0,0.00033,sector_b
2157.2,1.0014829965620329,0,0.00033,sector_b
2157.20138889,1.0012820782149596,0,0.00033,sector_b
2157.20277778,1.000848150371781,0,0.00033,sector_b
2157.20416667,1.0010326060998358,0,0.00033,sector_b
2157.20555556,1.0007074111597707,0,0.00033,sector_b
2157.20694444,1.0012645671617784,0,0.00033,sector_b
2157.20833333,1.0015016352751946,0,0.00033,sector_b
2157.20972222,1.0012704576087341,0,0.00033,sector_b
2157.21111111,1.001129302296812,0,0.00033,sector_b
2157.2125,1.0012812323030615,0,0.00033,sector_b
2157.21388889,1.0009458352432832,0,0.00033,sector_b
2157.21527778,1.000542147478102,0,0.00033,sector_b
2157.21666667,1.001073075694657,0,0.00033,sector_b
2157.21805556,1.0010689719631685,0,0.00033,sector_b
2157.21944444,1.0010465941070454,0,0.00033,sector_b
2157.22083333,1.0008882695752936,0,0.00033,sector_b
2157.22222222,1.0011699418716904,0,0.00033,sector_b
2157.22361111,1.0008007344022973,0,0.00033,sector_b
2157.225,1.0007599142633774,0,0.00033,sector_b
2157.22638889,1.0011410608401743,0,0.00033,sector_b
2157.22777778,1.0011732921454066,0,0.00033,sector_b
2157.22916667,1.0008406220119925,0,0.00033,sector_b
2157.23055556,1.0010425515049377,0,0.00033,sector_b
2157.23194444,1.0010068617516266,0,0.00033,sector_b
2157.23333333,1.0008664820019115,0,0.00033,sector_b
2157.23472222,1.0012286319705244,0,0.00033,sector_b
2157.23611111,1.0014906871854277,0,0.00033,sector_b
2157.2375,1.0008803031656157,0,0.00033,sector_b
2157.23888889,1.0007861937760285,0,0.00033,sector_b
2157.24027778,1.0010115620019582,0,0.00033,sector_b
2157.24166667,1.00103555352143,0,0.00033,sector_b
2157.24305556,1.000927388417002,0,0.00033,sector_b
2157.24444444,1.00078295430979,0,0.00033,sector_b
2157.24583333,1.0004412482061906,0,0.00033,sector_b
2157.24722222,1.0007683156122387,0,0.00033,sector_b
2157.24861111,1.000822840305284,0,0.00033,sector_b
2157.25,1.0008802784959356,0,0.00033,sector_b
2157.25138889,1.000422797435124,0,0.00033,sector_b
2157.25277778,1.0008311134570327,0,0.00033,sector_b
2157.25416667,1.0007972058581371,0,0.00033,sector_b
2157.25555556,1.0005188302452324,0,0.00033,sector_b
2157.25694444,1.000745837004188,0,0.00033,sector_b
2157.25833333,1.000123210016263,0,0.00033,sector_b
2157.25972222,1.0005392911489235,0,0.00033,sector_b
2157.26111111,1.0002525078955993,0,0.00033,sector_b
2157.2625,1.0005801869170101,0,0.00033,sector_b
2157.26388889,1.0001297789765187,0,0.00033,sector_b
2157.26527778,1.0004050080240765,0,0.00033,sector_b
2157.26666667,1.0005655532609192,0,0.00033,sector_b
2157.26805556,1.0004877718741005,0,0.00033,sector_b
2157.26944444,1.001204578449187,0,0.00033,sector_b
2157.27083333,1.0001663816373734,0,0.00033,sector_b
2157.27222222,1.0006735006649838,0,0.00033,sector_b
2157.27361111,1.000606323084706,0,0.00033,sector_b
2157.275,1.0005285234753898,0,0.00033,sector_b
2157.27638889,1.0007457980552037,0,0.00033,sector_b
2157.27777778,1.001146815164559,0,0.00033,sector_b
2157.27916667,1.0005359531421967,0,0.00033,sector_b
2157.28055556,1.000527578498376,0,0.00033,sector_b
2157.28194444,1.0004207822293463,0,0.00033,sector_b
2157.28333333,1.000557487452378,0,0.00033,sector_b
2157.28472222,1.000514318267109,0,0.00033,sector_b
2157.28611111,1.0008661335327884,0,0.00033,sector_b
2157.2875,1.0005644195489056,0,0.00033,sector_b
2157.28888889,1.0007461734347232,0,0.00033,sector_b
2157.29027778,1.0010145705310298,0,0.00033,sector_b
2157.29166667,1.0009643068792424,0,0.00033,sector_b
2157.29305556,1.0007635793969332,0,0.00033,sector_b
2157.29444444,1.000822064956809,0,0.00033,sector_b
2157.29583333,1.000654587868018,0,0.00033,sector_b
2157.29722222,1.0008909486470448,0,0.00033,sector_b
2157.29861111,1.0001865921221529,0,0.00033,sector_b
2157.3,1.0005763320797088,0,0.00033,sector_b
2157.30138889,1.0000462249608317,0,0.00033,sector_b
2157.30277778,1.0008851808188677,0,0.00033,sector_b
2157.30416667,1.0006891613063886,0,0.00033,sector_b
2157.30555556,1.0003616128466448,0,0.00033,sector_b
2157.30694444,1.0006504298066765,0,0.00033,sector_b
2157.30833333,1.0011382774468836,0,0.00033,sector_b
2157.30972222,1.0004075074050343,0,0.00033,sector_b
2157.31111111,1.0006031889853797,0,0.00033,sector_b
2157.3125,1.000463829974351,0,0.00033,sector_b
2157.31388889,1.000259843141458,0,0.00033,sector_b
2157.31527778,1.0008243325916362,0,0.00033,sector_b
2157.31666667,1.000502517223705,0,0.00033,sector_b
2157.31805556,1.000848796267014,0,0.00033,sector_b
2157.31944444,1.000626498359083,0,0.00033,sector_b
2157.32083333,1.000751917053357,0,0.00033,sector_b
2157.32222222,1.0003418984875725,0,0.00033,sector_b
2157.32361111,1.000002986172553,0,0.00033,sector_b
2157.325,1.0007708474052774,0,0.00033,sector_b
2157.32638889,1.0001398323562973,0,0.00033,sector_b
2157.32777778,1.0008307097563067,0,0.00033,sector_b
2157.32916667,1.0003394537208732,0,0.00033,sector_b
2157.33055556,1.0000985193320107,0,0.00033,sector_b
2157.33194444,1.0007876383973004,0,0.00033,sector_b
2157.33333333,1.0001693656402293,0,0.00033,sector_b
2157.33472222,1.0002729671910264,0,0.00033,sector_b
2157.33611111,1.0008920930897471,0,0.00033,sector_b
2157.3375,1.0003976687113727,0,0.00033,sector_b
2157.33888889,1.000334575734174,0,0.00033,sector_b
2157.34027778,0.9999571453102405,0,0.00033,sector_b
2157.34166667,1.0007073102590702,0,0.00033,sector_b
2157.34305556,1.0002917941555924,0,0.00033,sector_b
2157.34444444,1.0004881446094416,0,0.00033,sector_b
2157.34583333,1.0002869676004427,0,0.00033,sector_b
2157.34722222,1.0000444719855228,0,0.00033,sector_b
2157.34861111,1.0005930905161446,0,0.00033,sector_b
2157.35,1.000523927459173,0,0.00033,sector_b
2157.35138889,1.0005057667802633,0,0.00033,sector_b
2157.35277778,1.0005086170971746,0,0.00033,sector_b
2157.35416667,1.0005037754958883,0,0.00033,sector_b
2157.35555556,1.0008197461954975,0,0.00033,sector_b
2157.35694444,1.001011993029798,0,0.00033,sector_b
2157.35833333,1.0006312433699545,0,0.00033,sector_b
2157.35972222,1.0005754906421571,0,0.00033,sector_b
2157.36111111,1.0006150649793077,0,0.00033,sector_b
2157.3625,0.9998171503417648,0,0.00033,sector_b
2157.36388889,1.0004305000845994,0,0.00033,sector_b
2157.36527778,1.0000605637907656,0,0.00033,sector_b
2157.36666667,1.0000373102095077,0,0.00033,sector_b
2157.36805556,1.0007063994609187,0,0.00033,sector_b
2157.36944444,1.0002846898365008,0,0.00033,sector_b
2157.37083333,1.0008403197006286,0,0.00033,sector_b
2157.37222222,1.00050114436914,0,0.00033,sector_b
2157.37361111,1.000339258070493,0,0.00033,sector_b
2157.375,1.000443837724967,0,0.00033,sector_b
2157.37638889,0.9998196537413009,0,0.00033,sector_b
2157.37777778,1.0001152625035739,0,0.00033,sector_b
2157.37916667,1.000380737001798,0,0.00033,sector_b
2157.38055556,0.9999697375492842,0,0.00033,sector_b
2157.38194444,0.9998860764607443,0,0.00033,sector_b
2157.38333333,1.0006415646312163,0,0.00033,sector_b
2157.38472222,1.000163681698427,0,0.00033,sector_b
2157.38611111,1.0001404493532227,0,0.00033,sector_b
2157.3875,1.0000415499136999,0,0.00033,sector_b
2157.38888889,1.0004047122344637,0,0.00033,sector_b
2157.39027778,1.0003699814657503,0,0.00033,sector_b
2157.39166667,1.000104747203316,0,0.00033,sector_b
2157.39305556,0.9997853301944223,0,0.00033,sector_b
2157.39444444,0.999986713921948,0,0.00033,sector_b
2157.39583333,0.9999415063017317,0,0.00033,sector_b
2157.39722222,0.9997310184393685,0,0.00033,sector_b
2157.39861111,1.0006442226222936,0,0.00033,sector_b
2157.4,1.0004263867805558,0,0.00033,sector_b
2157.40138889,1.000079450681172,0,0.00033,sector_b
2157.40277778,1.0001253202918639,0,0.00033,sector_b
2157.40416667,0.9997409843168116,0,0.00033,sector_b
2157.40555556,1.000172574897563,0,0.00033,sector_b
2157.40694444,1.0004395463374676,0,0.00033,sector_b
2157.40833333,0.9999850363612703,0,0.00033,sector_b
2157.40972222,1.0003525299474136,0,0.00033,sector_b
2157.41111111,0.9999023360236248,0,0.00033,sector_b
2157.4125,1.000093669797514,0,0.00033,sector_b
2157.41388889,1.0005993229656995,0,0.00033,sector_b
2157.41527778,1.0003423897198767,0,0.00033,sector_b
2157.41666667,0.9999040916293365,0,0.00033,sector_b
2157.41805556,1.0001701310403772,0,0.00033,sector_b
2157.41944444,0.9998552774862038,0,0.00033,sector_b
2157.42083333,0.9999207939475829,0,0.00033,sector_b
2157.42222222,1.0003919401988441,0,0.00033,sector_b
2157.42361111,1.0003189862802162,0,0.00033,sector_b
2157.425,0.9995278088626829,0,0.00033,sector_b
2157.42638889,1.0001172576618222,0,0.00033,sector_b
2157.42777778,1.0003227168490174,0,0.00033,sector_b
2157.42916667,1.0000526627814188,0,0.00033,sector_b
2157.43055556,0.9995928201470242,0,0.00033,sector_b
2157.43194444,1.0002588191014594,0,0.00033,sector_b
2157.43333333,0.9997749151001052,0,0.00033,sector_b
2157.43472222,1.0000100561352263,0,0.00033,sector_b
2157.43611111,1.0002013540469274,0,0.00033,sector_b
2157.4375,0.9997997323451603,0,0.00033,sector_b
2157.43888889,1.0006430840438811,0,0.00033,sector_b
2157.44027778,0.9999454471989588,0,0.00033,sector_b
2157.44166667,0.9996542388819064,0,0.00033,sector_b
2157.44305556,0.9997089845738589,0,0.00033,sector_b
2157.44444444,1.0001503928558,0,0.00033,sector_b
2157.44583333,0.9999724403823964,0,0.00033,sector_b
2157.44722222,0.9997192816746985,0,0.00033,sector_b
2157.44861111,1.0001249983249338,0,0.00033,sector_b
2157.45,0.9995906273640037,0,0.00033,sector_b
2157.45138889,1.000415893780041,0,0.00033,sector_b
2157.45277778,1.000569618656308,0,0.00033,sector_b
2157.45416667,0.9999966345723648,0,0.00033,sector_b
2157.45555556,0.9997355268642254,0,0.00033,sector_b
2157.45694444,0.9998238019894853,0,0.00033,sector_b
2157.45833333,1.0000673309081027,0,0.00033,sector_b
2157.45972222,0.9998722803136346,0,0.00033,sector_b
2157.46111111,0.9998457013900789,0,0.00033,sector_b
2157.4625,0.9998980433911221,0,0.00033,sector_b
2157.46388889,0.9995715425408759,0,0.00033,sector_b
2157.46527778,1.0000681748401292,0,0.00033,sector_b
2157.46666667,0.9999880116600761,0,0.00033,sector_b
2157.46805556,1.0001044537985124,0,0.00033,sector_b
2157.46944444,0.9997630811289195,0,0.00033,sector_b
2157.47083333,0.9998511727543608,0,0.00033,sector_b
2157.47222222,0.9999377496274244,0,0.00033,sector_b
2157.47361111,1.0001087445605468,0,0.00033,sector_b
2157.475,0.9999784330300099,0,0.00033,sector_b
2157.47638889,0.9998786230384743,0,0.00033,sector_b
2157.47777778,1.0000266642394493,0,0.00033,sector_b
2157.47916667,0.9998426080559921,0,0.00033,sector_b
2157.48055556,0.9998800119961262,0,0.00033,sector_b
2157.48194444,1.0001407645119695,0,0.00033,sector_b
2157.48333333,0.9998247694897257,0,0.00033,sector_b
2157.48472222,1.000176430543752,0,0.00033,sector_b
2157.48611111,1.0000843925673844,0,0.00033,sector_b
2157.4875,0.9997765940916349,0,0.00033,sector_b
2157.48888889,0.9994268469697468,0,0.00033,sector_b
2157.49027778,0.9992265805774133,0,0.00033,sector_b
2157.49166667,0.9998402258212841,0,0.00033,sector_b
2157.49305556,0.9999619444692874,0,0.00033,sector_b
2157.49444444,0.9995802024255719,0,0.00033,sector_b
2157.49583333,1.0001695635809988,0,0.00033,sector_b
2157.49722222,1.0000592604682712,0,0.00033,sector_b
2157.49861111,1.0000837337735782,0,0.00033,sector_b
2157.5,0.9998601601390433,0,0.00033,sector_b
2157.50138889,0.9999209832901355,0,0.00033,sector_b
2157.50277778,1.0003305451401772,0,0.00033,sector_b
2157.50416667,0.9998549657416975,0,0.00033,sector_b
2157.50555556,1.000061790484432,0,0.00033,sector_b
2157.50694444,1.0002118884718383,0,0.00033,sector_b
2157.50833333,0.9999643036861708,0,0.00033,sector_b
2157.50972222,0.9998736421098244,0,0.00033,sector_b
2157.51111111,0.9995842236421368,0,0.00033,sector_b
2157.5125,1.0000815795236513,0,0.00033,sector_b
2157.51388889,1.0000551986836728,0,0.00033,sector_b
2157.51527778,1.0000243394077921,0,0.00033,sector_b
2157.51666667,1.0000257290574406,0,0.00033,sector_b
2157.51805556,0.9995691724040613,0,0.00033,sector_b
2157.51944444,0.9999331038902084,0,0.00033,sector_b
2157.52083333,0.9994195258609283,0,0.00033,sector_b
2157.52222222,1.0001361019106734,0,0.00033,sector_b
2157.52361111,0.9998648309586962,0,0.00033,sector_b
2157.525,0.9998244048731371,0,0.00033,sector_b
2157.52638889,0.9997105385934469,0,0.00033,sector_b
2157.52777778,1.0001844371435036,0,0.00033,sector_b
2157.52916667,1.0000739867907158,0,0.00033,sector_b
2157.53055556,0.9996210606147207,0,0.00033,sector_b
2157.53194444,0.9997478822244055,0,0.00033,sector_b
2157.53333333,0.9998584087195211,0,0.00033,sector_b
2157.53472222,0.9993609102996096,0,0.00033,sector_b
2157.53611111,0.9994012980229929,0,0.00033,sector_b
2157.5375,0.9997378210656456,0,0.00033,sector_b
2157.53888889,0.9998958495817333,0,0.00033,sector_b
2157.54027778,0.9998842302014432,0,0.00033,sector_b
2157.54166667,0.9994029045886886,0,0.00033,sector_b
2157.54305556,0.9996152936224022,0,0.00033,sector_b
2157.54444444,0.9995971200100457,0,0.00033,sector_b
2157.54583333,1.0002072867246623,0,0.00033,sector_b
2157.54722222,0.999509257644494,0,0.00033,sector_b
2157.54861111,0.9996845015479918,0,0.00033,sector_b
2157.55,0.9995739802529039,0,0.00033,sector_b
2157.55138889,0.9997460996209024,0,0.00033,sector_b
2157.55277778,0.9996819280719335,0,0.00033,sector_b
2157.55416667,0.9995819295411423,0,0.00033,sector_b
2157.55555556,0.9993740001181687,0,0.00033,sector_b
2157.55694444,0.9994303879818116,0,0.00033,sector_b
2157.55833333,0.9992340082444163,0,0.00033,sector_b
2157.55972222,0.9997493985406752,0,0.00033,sector_b
2157.56111111,0.9997774127640181,0,0.00033,sector_b
2157.5625,0.9999709555170203,0,0.00033,sector_b
2157.56388889,0.9991048605335636,0,0.00033,sector_b
2157.56527778,0.9995142898234162,0,0.00033,sector_b
2157.56666667,0.9991695506648733,0,0.00033,sector_b
2157.56805556,0.9993438152519374,0,0.00033,sector_b
2157.56944444,0.9993617560860673,0,0.00033,sector_b
2157.57083333,0.9994135289073263,0,0.00033,sector_b
2157.57222222,0.9996634039649254,0,0.00033,sector_b
2157.57361111,0.9995048376896124,0,0.00033,sector_b
2157.575,0.9996563362429931,0,0.00033,sector_b
2157.57638889,0.9995939711612893,0,0.00033,sector_b
2157.57777778,0.9993315735961439,4096,0.00033,sector_b
2157.57916667,0.9990930995815692,0,0.00033,sector_b
2157.58055556,0.999418906903721,0,0.00033,sector_b
2157.58194444,0.9998060758620193,0,0.00033,sector_b
2157.58333333,1.0000250031359512,0,0.00033,sector_b
2157.58472222,1.0001783245375766,0,0.00033,sector_b
2157.58611111,0.9998170640322918,0,0.00033,sector_b
2157.5875,0.9997503867969557,0,0.00033,sector_b
2157.58888889,0.9995763644356914,0,0.00033,sector_b
2157.59027778,0.9998797989432971,0,0.00033,sector_b
2157.59166667,0.9993775309113317,0,0.00033,sector_b
2157.59305556,0.9996338064824242,0,0.00033,sector_b
2157.59444444,0.999659012699125,0,0.00033,sector_b
2157.59583333,0.9996650126557601,0,0.00033,sector_b
2157.59722222,0.9998052813958285,0,0.00033,sector_b
2157.59861111,0.999606251825275,0,0.00033,sector_b
2157.6,0.9999306943715048,0,0.00033,sector_b
2157.60138889,0.9992823911620214,0,0.00033,sector_b
2157.60277778,0.9996547002821989,0,0.00033,sector_b
2157.60416667,0.9995136746912456,0,0.00033,sector_b
2157.60555556,0.9994067514373901,0,0.00033,sector_b
2157.60694444,0.999791811717051,0,0.00033,sector_b
2157.60833333,0.9990030958505065,0,0.00033,sector_b
2157.60972222,0.9995009742285035,0,0.00033,sector_b
2157.61111111,0.9996748425996914,0,0.00033,sector_b
2157.6125,1.0002205395562465,0,0.00033,sector_b
2157.61388889,0.9992180310362968,0,0.00033,sector_b
2157.61527778,0.9996436289852485,0,0.00033,sector_b
2157.61666667,0.9995673083433627,0,0.00033,sector_b
2157.61805556,0.9994535386719653,0,0.00033,sector_b
2157.61944444,0.9997379818842037,0,0.00033,sector_b
2157.62083333,0.9992197408790322,0,0.00033,sector_b
2157.62222222,0.9993708070811466,0,0.00033,sector_b
2157.62361111,0.9996731677413774,0,0.00033,sector_b
2157.625,0.9996213539198205,0,0.00033,sector_b
2157.62638889,0.9992335326303601,0,0.00033,sector_b
2157.62777778,0.999481561461353,0,0.00033,sector_b
2157.62916667,0.9992743317840949,0,0.00033,sector_b
2157.63055556,0.9996388732319682,0,0.00033,sector_b
2157.63194444,0.9993402438975181,0,0.00033,sector_b
2157.63333333,0.9997819062712163,0,0.00033,sector_b
2157.63472222,0.9994938118123886,0,0.00033,sector_b
2157.63611111,0.999420561905011,0,0.00033,sector_b
2157.6375,0.9997997472085456,0,0.00033,sector_b
2157.63888889,0.9999482973696391,0,0.00033,sector_b
2157.64027778,0.9996140514191385,0,0.00033,sector_b
2157.64166667,0.9995279108188385,0,0.00033,sector_b
2157.64305556,0.9996257158736385,0,0.00033,sector_b
2157.64444444,0.9994966141930224,0,0.00033,sector_b
2157.64583333,0.999510011754922,0,0.00033,sector_b
2157.64722222,0.9998012181042093,0,0.00033,sector_b
2157.64861111,0.9995140740660539,0,0.00033,sector_b
2157.65,0.9997463438032865,0,0.00033,sector_b
2157.65138889,0.9995550104611794,0,0.00033,sector_b
2157.65277778,0.999683974111563,0,0.00033,sector_b
2157.65416667,0.9989632889314092,0,0.00033,sector_b
2157.65555556,0.9992578442405695,0,0.00033,sector_b
2157.65694444,0.9990929113204314,0,0.00033,sector_b
2157.65833333,0.999570830292859,0,0.00033,sector_b
2157.65972222,0.9996317315816071,0,0.00033,sector_b
2157.66111111,0.9995052877332008,0,0.00033,sector_b
2157.6625,0.9993316244587752,0,0.00033,sector_b
2157.66388889,0.9998434227104207,0,0.00033,sector_b
2157.66527778,0.9991417102817506,0,0.00033,sector_b
2157.66666667,0.9987746160475318,0,0.00033,sector_b
2157.66805556,0.9993986842994795,0,0.00033,sector_b
2157.66944444,0.9996207308423842,0,0.00033,sector_b
2157.67083333,0.9990939209334161,0,0.00033,sector_b
2157.67222222,0.9991331733248731,0,0.00033,sector_b
2157.67361111,0.999471626241846,0,0.00033,sector_b
2157.675,0.9993878780537341,0,0.00033,sector_b
2157.67638889,0.999505695697462,0,0.00033,sector_b
2157.67777778,0.9995165641141854,0,0.00033,sector_b
2157.67916667,0.9991772440090546,0,0.00033,sector_b
2157.68055556,0.9994196852544103,0,0.00033,sector_b
2157.68194444,0.9992016502984044,2048,0.00033,sector_b
2157.68333333,0.9995427210679297,0,0.00033,sector_b
2157.68472222,0.9996556627924684,0,0.00033,sector_b
2157.68611111,0.9992233778543218,0,0.00033,sector_b
2157.6875,0.9995897962910109,0,0.00033,sector_b
2157.68888889,0.9994238613993934,0,0.00033,sector_b
2157.69027778,0.9988843330353848,0,0.00033,sector_b
2157.69166667,1.0000062711993851,0,0.00033,sector_b
2157.69305556,0.9991433536531278,0,0.00033,sector_b
2157.69444444,0.9991780993613342,0,0.00033,sector_b
2157.69583333,0.9994389882865171,0,0.00033,sector_b
2157.69722222,0.999023860628953,0,0.00033,sector_b
2157.69861111,0.9991707122688257,0,0.00033,sector_b
2157.7,0.999646391721371,0,0.00033,sector_b
2157.70138889,0.9994381865433137,0,0.00033,sector_b
2157.70277778,0.999541866290481,0,0.00033,sector_b
2157.70416667,0.9994087008362251,0,0.00033,sector_b
2157.70555556,0.9996531997772287,0,0.00033,sector_b
2157.70694444,0.999506913546912,0,0.00033,sector_b
2157.70833333,0.9993965887990582,0,0.00033,sector_b
2157.70972222,0.9990894422730274,0,0.00033,sector_b
2157.71111111,0.9994997306036646,0,0.00033,sector_b
2157.7125,0.9990324854498873,0,0.00033,sector_b
2157.71388889,0.9999026478250292,0,0.00033,sector_b
2157.71527778,0.9991770016650258,0,0.00033,sector_b
2157.71666667,0.9992793997573253,0,0.00033,sector_b
2157.71805556,0.999332179632348,0,0.00033,sector_b
2157.71944444,0.999154007914719,0,0.00033,sector_b
2157.72083333,0.9997540679251332,0,0.00033,sector_b
2157.72222222,0.9987435968558743,0,0.00033,sector_b
2157.72361111,0.9994081100332206,0,0.00033,sector_b
2157.725,0.9991028704504337,0,0.00033,sector_b
2157.72638889,0.9991272615445838,0,0.00033,sector_b
2157.72777778,0.9991625229204394,0,0.00033,sector_b
2157.72916667,0.9992375102961824,0,0.00033,sector_b
2157.73055556,0.999213634730631,0,0.00033,sector_b
2157.73194444,0.9993884282375809,0,0.00033,sector_b
2157.73333333,0.9991271935952489,0,0.00033,sector_b
2157.73472222,0.9992086651859821,0,0.00033,sector_b
2157.73611111,0.9992658339238675,0,0.00033,sector_b
2157.7375,0.9994882686505514,0,0.00033,sector_b
2157.73888889,0.9991467339651848,0,0.00033,sector_b
2157.74027778,0.9993853177034948,0,0.00033,sector_b
2157.74166667,0.9997529531204683,0,0.00033,sector_b
2157.74305556,0.9997950060432882,0,0.00033,sector_b
2157.74444444,0.9990681969738924,0,0.00033,sector_b
2157.74583333,0.9991476124865208,0,0.00033,sector_b
2157.74722222,0.9993585250360755,0,0.00033,sector_b
2157.74861111,0.99911757682796,0,0.00033,sector_b
2157.75,0.999121961814578,0,0.00033,sector_b
2157.75138889,0.9992764966903892,0,0.00033,sector_b
2157.75277778,0.9991767912773483,0,0.00033,sector_b
2157.75416667,0.9989250492480443,0,0.00033,sector_b
2157.75555556,0.9994843731751674,0,0.00033,sector_b
2157.75694444,0.9992957536284516,0,0.00033,sector_b
2157.75833333,0.9994255183085968,0,0.00033,sector_b
2157.75972222,0.9988640641213008,0,0.00033,sector_b
2157.76111111,0.9992662219630546,0,0.00033,sector_b
2157.7625,0.9993278289802409,0,0.00033,sector_b
2157.76388889,0.9993823098490474,0,0.00033,sector_b
2157.76527778,0.9990768940255974,0,0.00033,sector_b
2157.76666667,0.9992605498583084,0,0.00033,sector_b
2157.76805556,0.9993538550077604,0,0.00033,sector_b
2157.76944444,0.9992266732438554,0,0.00033,sector_b
2157.77083333,0.9991152533102023,0,0.00033,sector_b
2157.77222222,0.9994281008334013,0,0.00033,sector_b
2157.77361111,0.9993979081258807,0,0.00033,sector_b
2157.775,0.9994110317540638,0,0.00033,sector_b
2157.77638889,0.998878764060033,0,0.00033,sector_b
2157.77777778,0.9993301874482943,0,0.00033,sector_b
2157.77916667,0.9991221975724526,0,0.00033,sector_b
2157.78055556,0.9992228102490521,0,0.00033,sector_b
2157.78194444,0.9990243303988211,0,0.00033,sector_b
2157.78333333,0.9988090226528903,0,0.00033,sector_b
2157.78472222,0.9989908938968128,0,0.00033,sector_b
2157.78611111,0.9986764498122228,0,0.00033,sector_b
2157.7875,0.9993776719770293,0,0.00033,sector_b
2157.78888889,0.9995258120136082,0,0.00033,sector_b
2157.79027778,0.9994282517979851,0,0.00033,sector_b
2157.79166667,0.9991047278754172,0,0.00033,sector_b
2157.79305556,0.9988610300893227,0,0.00033,sector_b
2157.79444444,0.9988524256341209,0,0.00033,sector_b
2157.79583333,0.999233676767582,0,0.00033,sector_b
2157.79722222,0.9989378997284416,0,0.00033,sector_b
2157.79861111,0.9988772519245488,0,0.00033,sector_b
2157.8,0.9990834970790029,0,0.00033,sector_b
2157.80138889,0.9991618745960723,0,0.00033,sector_b
2157.80277778,0.9992589146442624,0,0.00033,sector_b
2157.80416667,0.9993689702389515,0,0.00033,sector_b
2157.80555556,0.9990498840899544,0,0.00033,sector_b
2157.80694444,0.9990051815832386,0,0.00033,sector_b
2157.80833333,0.9990336127719741,0,0.00033,sector_b
2157.80972222,0.9990256644249694,0,0.00033,sector_b
2157.81111111,0.9997440330213553,0,0.00033,sector_b
2157.8125,0.9991689067981198,0,0.00033,sector_b
2157.81388889,0.9989735550901442,0,0.00033,sector_b
2157.81527778,0.9990276147106167,0,0.00033,sector_b
2157.81666667,0.9990674337328129,0,0.00033,sector_b
2157.81805556,0.9989664341709791,0,0.00033,sector_b
2157.81944444,0.9993339780481356,0,0.00033,sector_b
2157.82083333,0.9993158988087796,0,0.00033,sector_b
2157.82222222,0.9991966366986689,0,0.00033,sector_b
2157.82361111,0.9990395050066231,0,0.00033,sector_b
2157.825,0.999044879625739,0,0.00033,sector_b
2157.82638889,0.9992623823324253,0,0.00033,sector_b
2157.82777778,0.9992713756437577,0,0.00033,sector_b
2157.82916667,0.9987926035228629,0,0.00033,sector_b
2157.83055556,0.9989359245803664,0,0.00033,sector_b
2157.83194444,0.9993243353493478,0,0.00033,sector_b
2157.83333333,0.9989942072344841,0,0.00033,sector_b
2157.83472222,0.9984970150934467,0,0.00033,sector_b
2157.83611111,0.9989554096582507,0,0.00033,sector_b
2157.8375,0.9992335798523948,0,0.00033,sector_b
2157.83888889,1.0000173933734684,0,0.00033,sector_b
2157.84027778,0.9990773948661497,0,0.00033,sector_b
2157.84166667,0.9993491018015006,0,0.00033,sector_b
2157.84305556,0.9990527274188119,0,0.00033,sector_b
2157.84444444,0.9991805845295642,0,0.00033,sector_b
2157.84583333,0.9992151954535616,0,0.00033,sector_b
2157.84722222,0.9992294945977657,0,0.00033,sector_b
2157.84861111,0.9991898723394157,0,0.00033,sector_b
2157.85,0.9994918508164695,0,0.00033,sector_b
2157.85138889,0.9991753487379336,0,0.00033,sector_b
2157.85277778,0.9990676144485073,0,0.00033,sector_b
2157.85416667,0.9997775581763964,0,0.00033,sector_b
2157.85555556,0.999513083853744,0,0.00033,sector_b
2157.85694444,0.9990711090332384,0,0.00033,sector_b
2157.85833333,0.9989181339603753,0,0.00033,sector_b
2157.85972222,0.9987071829116251,0,0.00033,sector_b
2157.86111111,0.9986415821182256,0,0.00033,sector_b
2157.8625,0.998969374538071,0,0.00033,sector_b
2157.86388889,0.9990807057391226,0,0.00033,sector_b
2157.86527778,0.998490408617536,0,0.00033,sector_b
2157.86666667,0.9991585460723038,0,0.00033,sector_b
2157.86805556,0.9993683738595199,0,0.00033,sector_b
2157.86944444,0.9990768634942652,0,0.00033,sector_b
2157.87083333,0.9989450449901973,0,0.00033,sector_b
2157.87222222,0.9994127655465774,0,0.00033,sector_b
2157.87361111,0.9991606010576004,0,0.00033,sector_b
2157.875,0.9992530601754354,0,0.00033,sector_b
2157.87638889,0.9992871316501934,0,0.00033,sector_b
2157.87777778,0.9995783916812336,0,0.00033,sector_b
2157.87916667,0.9993126957771895,0,0.00033,sector_b
2157.88055556,0.9990144721165297,0,0.00033,sector_b
2157.88194444,0.9994964407464574,0,0.00033,sector_b
2157.88333333,0.99937157586508,0,0.00033,sector_b
2157.88472222,0.999312243500772,0,0.00033,sector_b
2157.88611111,0.9988445773214412,0,0.00033,sector_b
2157.8875,0.9989870254176104,0,0.00033,sector_b
2157.88888889,0.9997803761158458,0,0.00033,sector_b
2157.89027778,0.9989214100657777,0,0.00033,sector_b
2157.89166667,0.9991838656257392,0,0.00033,sector_b
2157.89305556,0.9989593088105752,0,0.00033,sector_b
2157.89444444,0.9991445772976983,0,0.00033,sector_b
2157.89583333,0.999492109178305,0,0.00033,sector_b
2157.89722222,0.9992858513320546,0,0.00033,sector_b
2157.89861111,0.9991911258719961,0,0.00033,sector_b
2157.9,0.9986580007419993,0,0.00033,sector_b
2157.90138889,0.9991949324575705,0,0.00033,sector_b
2157.90277778,0.9990782628313257,0,0.00033,sector_b
2157.90416667,0.9992982358365636,0,0.00033,sector_b
2157.90555556,0.9991415126550411,0,0.00033,sector_b
2157.90694444,0.9992008618679595,0,0.00033,sector_b
2157.90833333,0.9994454167423387,0,0.00033,sector_b
2157.90972222,0.9995683015911616,0,0.00033,sector_b
2157.91111111,0.9990479177141454,0,0.00033,sector_b
2157.9125,0.9990997186089478,0,0.00033,sector_b
2157.91388889,0.9990609026964049,0,0.00033,sector_b
2157.91527778,0.9987901478378324,0,0.00033,sector_b
2157.91666667,0.9991617028955857,0,0.00033,sector_b
2157.91805556,0.9995332639874147,0,0.00033,sector_b
2157.91944444,0.9993688647685327,0,0.00033,sector_b
2157.92083333,0.9989490608297172,0,0.00033,sector_b
2157.92222222,0.9993143877825048,0,0.00033,sector_b
2157.92361111,0.9991258604972301,0,0.00033,sector_b
2157.925,0.9990332372149995,0,0.00033,sector_b
2157.92638889,0.999297290768925,0,0.00033,sector_b
2157.92777778,0.9988446738545111,0,0.00033,sector_b
2157.92916667,0.999144603453075,0,0.00033,sector_b
2157.93055556,0.9992488244447508,0,0.00033,sector_b
2157.93194444,0.9995788991139546,0,0.00033,sector_b
2157.93333333,0.9985999283149173,0,0.00033,sector_b
2157.93472222,0.9987974080551358,0,0.00033,sector_b
2157.93611111,0.9988727263672481,0,0.00033,sector_b
2157.9375,0.9990636516060767,0,0.00033,sector_b
2157.93888889,0.9990607156526188,0,0.00033,sector_b
2157.94027778,0.9989295033048073,0,0.00033,sector_b
2157.94166667,0.999311048304883,0,0.00033,sector_b
2157.94305556,0.9988020833102719,0,0.00033,sector_b
2157.94444444,0.9991259767551064,0,0.00033,sector_b
2157.94583333,0.9988915309440981,0,0.00033,sector_b
2157.94722222,0.9991090747451504,0,0.00033,sector_b
2157.94861111,0.9992642075945812,0,0.00033,sector_b
2157.95,0.9988322306084498,0,0.00033,sector_b
2157.95138889,0.9991633508488136,0,0.00033,sector_b
2157.95277778,0.9994301768725025,0,0.00033,sector_b
2157.95416667,0.9989303517289594,0,0.00033,sector_b
2157.95555556,0.9994051839468937,0,0.00033,sector_b
2157.95694444,0.9996877237370685,0,0.00033,sector_b
2157.95833333,0.9990194581831414,0,0.00033,sector_b
2157.95972222,0.9992075684300453,0,0.00033,sector_b
2157.96111111,0.9988843254122933,0,0.00033,sector_b
2157.9625,0.9995011528824046,0,0.00033,sector_b
2157.96388889,0.9991680274950827,0,0.00033,sector_b
2157.96527778,0.9988878694118394,0,0.00033,sector_b
2157.96666667,0.9992300582407095,0,0.00033,sector_b
2157.96805556,0.9988385877342004,0,0.00033,sector_b
2157.96944444,0.9987775289742096,0,0.00033,sector_b
2157.97083333,0.99910038988374,0,0.00033,sector_b
2157.97222222,0.9991478707967145,0,0.00033,sector_b
2157.97361111,0.9991252689904665,0,0.00033,sector_b
2157.975,0.9992588283682695,0,0.00033,sector_b
2157.97638889,0.9992301659321404,0,0.00033,sector_b
2157.97777778,0.9993920820272006,0,0.00033,sector_b
2157.97916667,0.999358998884893,0,0.00033,sector_b
2157.98055556,0.9992619119147068,0,0.00033,sector_b
2157.98194444,0.9992398743462783,0,0.00033,sector_b
2157.98333333,0.9993253543361137,0,0.00033,sector_b
2157.98472222,0.9992967305093107,0,0.00033,sector_b
2157.98611111,0.9990709350172039,0,0.00033,sector_b
2157.9875,0.9990515353950415,0,0.00033,sector_b
2157.98888889,0.9987687658348665,0,0.00033,sector_b
2157.99027778,0.9988134981392659,0,0.00033,sector_b
2157.99166667,0.9993862832864266,0,0.00033,sector_b
2157.99305556,0.9992837222143757,0,0.00033,sector_b
2157.99444444,0.9992402354480424,0,0.00033,sector_b
2157.99583333,0.9990589440468508,0,0.00033,sector_b
2157.99722222,0.9989202503567334,0,0.00033,sector_b
2157.99861111,0.999155323734577,0,0.00033,sector_b
2158.0,0.9992037322848333,0,0.00033,sector_b
2158.00138889,0.9994205909905585,0,0.00033,sector_b
2158.00277778,0.9985848485300208,0,0.00033,sector_b
2158.00416667,0.9986169394594598,0,0.00033,sector_b
2158.00555556,0.998915788232371,0,0.00033,sector_b
2158.00694444,0.9993048426286945,0,0.00033,sector_b
2158.00833333,0.9989764779494762,0,0.00033,sector_b
2158.00972222,0.9989353867270405,0,0.00033,sector_b
2158.01111111,0.9988654642732302,0,0.00033,sector_b
2158.0125,0.9988094664542063,0,0.00033,sector_b
2158.01388889,0.9997021864528347,0,0.00033,sector_b
2158.01527778,0.9986475235189288,0,0.00033,sector_b
2158.01666667,0.9986196150096414,0,0.00033,sector_b
2158.01805556,0.9987762522368617,0,0.00033,sector_b
2158.01944444,0.9992518444725663,0,0.00033,sector_b
2158.02083333,0.9990055058946996,0,0.00033,sector_b
2158.02222222,0.9990815045220189,0,0.00033,sector_b
2158.02361111,0.9993263562509694,0,0.00033,sector_b
2158.025,0.9993782673917824,2048,0.00033,sector_b
2158.02638889,0.9992698801852977,0,0.00033,sector_b
2158.02777778,0.9987650377754287,0,0.00033,sector_b
2158.02916667,0.9987553132661823,0,0.00033,sector_b
2158.03055556,0.9991568606600912,0,0.00033,sector_b
2158.03194444,0.9985526429902023,0,0.00033,sector_b
2158.03333333,0.9992427560086548,0,0.00033,sector_b
2158.03472222,0.9991294517612322,0,0.00033,sector_b
2158.03611111,0.9995041111551313,0,0.00033,sector_b
2158.0375,0.9989317105889861,0,0.00033,sector_b
2158.03888889,0.9989263105349269,0,0.00033,sector_b
2158.04027778,0.9991042599759289,0,0.00033,sector_b
2158.04166667,0.9990190744422807,0,0.00033,sector_b
2158.04305556,0.9988153895639701,0,0.00033,sector_b
2158.04444444,0.9988981069669539,0,0.00033,sector_b
2158.04583333,0.9991921322094633,0,0.00033,sector_b
2158.04722222,0.9993892114573013,0,0.00033,sector_b
2158.04861111,0.9992362665437253,0,0.00033,sector_b
2158.05,0.9992297347755611,0,0.00033,sector_b
2158.05138889,0.9989604990713025,0,0.00033,sector_b
2158.05277778,0.9992495601235714,0,0.00033,sector_b
2158.05416667,0.9991238635336656,0,0.00033,sector_b
2158.05555556,0.9993130754845475,0,0.00033,sector_b
2158.05694444,0.9991891619750987,0,0.00033,sector_b
2158.05833333,0.9987924244752654,0,0.00033,sector_b
2158.05972222,0.9989852524019671,0,0.00033,sector_b
2158.06111111,0.9991172448622658,0,0.00033,sector_b
2158.0625,0.9988945387956542,2048,0.00033,sector_b
2158.06388889,0.9991305561779961,0,0.00033,sector_b
2158.06527778,0.999167695295862,0,0.00033,sector_b
2158.06666667,0.998879456114357,0,0.00033,sector_b
2158.06805556,0.9995032598764232,0,0.00033,sector_b
2158.06944444,0.9991118544595176,0,0.00033,sector_b
2158.07083333,0.9988123331540429,0,0.00033,sector_b
2158.07222222,0.9991491551764567,0,0.00033,sector_b
2158.07361111,0.9989720472608876,0,0.00033,sector_b
2158.075,0.9990584565501369,0,0.00033,sector_b
2158.07638889,0.9986342085029555,0,0.00033,sector_b
2158.07777778,0.9995572095698909,0,0.00033,sector_b
2158.07916667,0.998487596044617,0,0.00033,sector_b
2158.08055556,0.999541672930334,0,0.00033,sector_b
2158.08194444,0.9988892911403332,0,0.00033,sector_b
2158.08333333,0.9989728965223552,0,0.00033,sector_b
2158.08472222,0.9990481738984325,0,0.00033,sector_b
2158.08611111,0.9991387714772888,0,0.00033,sector_b
2158.0875,0.9992949797542623,0,0.00033,sector_b
2158.08888889,0.9987832068940938,0,0.00033,sector_b
2158.09027778,0.9993375223557135,0,0.00033,sector_b
2158.09166667,0.9994903775698271,0,0.00033,sector_b
2158.09305556,0.9990580053969567,0,0.00033,sector_b
2158.09444444,0.9992944679907655,0,0.00033,sector_b
2158.09583333,0.9988557183486952,0,0.00033,sector_b
2158.09722222,0.9989717786230695,0,0.00033,sector_b
2158.09861111,0.9986605631042166,0,0.00033,sector_b
2158.1,0.9994492557442772,0,0.00033,sector_b
2158.10138889,0.9991653777082209,0,0.00033,sector_b
2158.10277778,0.9992223784807931,0,0.00033,sector_b
2158.10416667,0.9991863083891929,0,0.00033,sector_b
2158.10555556,0.999453257276643,0,0.00033,sector_b
2158.10694444,0.9994217028337417,0,0.00033,sector_b
2158.10833333,0.9989319141735117,0,0.00033,sector_b
2158.10972222,0.9987410745630433,0,0.00033,sector_b
2158.11111111,0.9991033126977359,0,0.00033,sector_b
2158.1125,0.9992965748808268,0,0.00033,sector_b
2158.11388889,0.9993249220095165,0,0.00033,sector_b
2158.11527778,0.9989974599091045,0,0.00033,sector_b
2158.11666667,0.9993256870699985,0,0.00033,sector_b
2158.11805556,0.9985920287785782,0,0.00033,sector_b
2158.11944444,0.9989809033362133,0,0.00033,sector_b
2158.12083333,0.9986244461694223,0,0.00033,sector_b
2158.12222222,0.999371399365205,0,0.00033,sector_b
2158.12361111,0.9989335722738463,0,0.00033,sector_b
2158.125,0.9973601789034876,0,0.00033,sector_b
2158.12638889,0.9973874871278763,0,0.00033,sector_b
2158.12777778,0.997453102864983,0,0.00033,sector_b
2158.12916667,0.997847913866343,0,0.00033,sector_b
2158.13055556,0.997900824987827,0,0.00033,sector_b
2158.13194444,0.9969547715774222,0,0.00033,sector_b
2158.13333333,0.9977782693853904,0,0.00033,sector_b
2158.13472222,0.9977665546653258,0,0.00033,sector_b
2158.13611111,0.9977446092424832,0,0.00033,sector_b
2158.1375,0.9973479272156939,0,0.00033,sector_b
2158.13888889,0.9974149611218364,0,0.00033,sector_b
2158.14027778,0.9973581475185723,0,0.00033,sector_b
2158.14166667,0.9972546424911788,0,0.00033,sector_b
2158.14305556,0.9975913446656597,0,0.00033,sector_b
2158.14444444,0.9972379058569116,0,0.00033,sector_b
2158.14583333,0.9976874382730331,0,0.00033,sector_b
2158.14722222,0.9974428804771417,0,0.00033,sector_b
2158.14861111,0.9972258833935294,0,0.00033,sector_b
2158.15,0.997935464168246,0,0.00033,sector_b
2158.15138889,0.9973018339396537,0,0.00033,sector_b
2158.15277778,0.9973703437513218,0,0.00033,sector_b
2158.15416667,0.9974663972982963,0,0.00033,sector_b
2158.15555556,0.9971779172289349,0,0.00033,sector_b
2158.15694444,0.9973005542607355,0,0.00033,sector_b
2158.15833333,0.9975473737857163,0,0.00033,sector_b
2158.15972222,0.9978992254082787,0,0.00033,sector_b
2158.16111111,0.9972856189334445,0,0.00033,sector_b
2158.1625,0.9976536252411883,0,0.00033,sector_b
2158.16388889,0.997791408426488,0,0.00033,sector_b
2158.16527778,0.9975638748057587,0,0.00033,sector_b
2158.16666667,0.9974684645849933,0,0.00033,sector_b
2158.16805556,0.9974888305778224,0,0.00033,sector_b
2158.16944444,0.9976613668046627,0,0.00033,sector_b
2158.17083333,0.997326421193944,0,0.00033,sector_b
2158.17222222,0.9972449357484995,0,0.00033,sector_b
2158.17361111,0.9977314176414382,0,0.00033,sector_b
2158.175,0.997964827621049,0,0.00033,sector_b
2158.17638889,0.9978195636423334,0,0.00033,sector_b
2158.17777778,0.9974583103916026,0,0.00033,sector_b
2158.17916667,0.9969516493110263,0,0.00033,sector_b
2158.18055556,0.9971925001508295,0,0.00033,sector_b
2158.18194444,0.9976787669392481,0,0.00033,sector_b
2158.18333333,0.9972861532714941,0,0.00033,sector_b
2158.18472222,0.9975388986977818,0,0.00033,sector_b
2158.18611111,0.9972449039745799,0,0.00033,sector_b
2158.1875,0.9977483352671556,0,0.00033,sector_b
2158.18888889,0.9971996718766417,0,0.00033,sector_b
2158.19027778,0.9973816087369697,0,0.00033,sector_b
2158.19166667,0.9974468163830883,0,0.00033,sector_b
2158.19305556,0.9975165163313633,0,0.00033,sector_b
2158.19444444,0.9977775931735894,0,0.00033,sector_b
2158.19583333,0.9977083190637723,0,0.00033,sector_b
2158.19722222,0.997340239660621,0,0.00033,sector_b
2158.19861111,0.9975362478685083,0,0.00033,sector_b
2158.2,0.9977199690103019,0,0.00033,sector_b
2158.20138889,0.99758603104184,0,0.00033,sector_b
2158.20277778,0.9974883354961016,2048,0.00033,sector_b
2158.20416667,0.9971765346164831,0,0.00033,sector_b
2158.20555556,0.9971768693201508,0,0.00033,sector_b
2158.20694444,0.9970833421197807,0,0.00033,sector_b
2158.20833333,0.9971168281147502,0,0.00033,sector_b
2158.20972222,0.9973400396980311,0,0.00033,sector_b
2158.21111111,0.9976573210677933,0,0.00033,sector_b
2158.2125,0.9975672938544201,0,0.00033,sector_b
2158.21388889,0.9974108336142345,0,0.00033,sector_b
2158.21527778,0.9975739417365092,0,0.00033,sector_b
2158.21666667,0.9977688031491804,0,0.00033,sector_b
2158.21805556,0.9976294150318075,0,0.00033,sector_b
2158.21944444,0.9975558066342125,0,0.00033,sector_b
2158.22083333,0.9974070303530727,0,0.00033,sector_b
2158.22222222,0.997690463040261,0,0.00033,sector_b
2158.22361111,0.9976073898022509,0,0.00033,sector_b
2158.225,0.9976444815928579,0,0.00033,sector_b
2158.22638889,0.9974862440607809,0,0.00033,sector_b
2158.22777778,0.9974716702135628,0,0.00033,sector_b
2158.22916667,0.9976223807679783,0,0.00033,sector_b
2158.23055556,0.9974077101016027,0,0.00033,sector_b
2158.23194444,0.9968644222388479,0,0.00033,sector_b
2158.23333333,0.9970610063077981,0,0.00033,sector_b
2158.23472222,0.997361963962902,0,0.00033,sector_b
2158.23611111,0.9973969174517631,0,0.00033,sector_b
2158.2375,0.9970487271094481,0,0.00033,sector_b
2158.23888889,0.9975380115365894,0,0.00033,sector_b
2158.24027778,0.9974609785453127,0,0.00033,sector_b
2158.24166667,0.9979268383433975,0,0.00033,sector_b
2158.24305556,0.9974461140022817,0,0.00033,sector_b
2158.24444444,0.9972321621583874,0,0.00033,sector_b
2158.24583333,0.9974407392029687,0,0.00033,sector_b
2158.24722222,0.998140768688815,0,0.00033,sector_b
2158.24861111,0.9971732507262254,0,0.00033,sector_b
2158.25,0.9976928458755321,0,0.00033,sector_b
2158.25138889,0.9971276298796008,0,0.00033,sector_b
2158.25277778,0.9974984184125979,0,0.00033,sector_b
2158.25416667,0.9975555421399636,0,0.00033,sector_b
2158.25555556,0.9974494512959636,0,0.00033,sector_b
2158.25694444,0.9974688389452868,0,0.00033,sector_b
2158.25833333,0.9977386191662629,0,0.00033,sector_b
2158.25972222,0.9971237040053796,0,0.00033,sector_b
2158.26111111,0.997494720313981,0,0.00033,sector_b
2158.2625,0.9972930515788423,0,0.00033,sector_b
2158.26388889,0.9976219956034417,0,0.00033,sector_b
2158.26527778,0.9969235455478649,0,0.00033,sector_b
2158.26666667,0.997608021728367,0,0.00033,sector_b
2158.26805556,0.9973042415410829,0,0.00033,sector_b
2158.26944444,0.998027964500318,0,0.00033,sector_b
2158.27083333,0.9974731390022628,0,0.00033,sector_b
2158.27222222,0.9975362978265832,0,0.00033,sector_b
2158.27361111,0.9978797046602658,0,0.00033,sector_b
2158.275,0.9975730427249961,0,0.00033,sector_b
2158.27638889,0.9989908582380013,0,0.00033,sector_b
2158.27777778,0.9991682224019635,0,0.00033,sector_b
2158.27916667,0.9996262326186643,0,0.00033,sector_b
2158.28055556,0.9992884562879907,0,0.00033,sector_b
2158.28194444,0.9987740927313298,0,0.00033,sector_b
2158.28333333,0.999317919849189,0,0.00033,sector_b
2158.28472222,0.9993366926931048,0,0.00033,sector_b
2158.28611111,0.9991097136820737,0,0.00033,sector_b
2158.2875,0.9990862273973227,0,0.00033,sector_b
2158.28888889,0.9990893108484211,0,0.00033,sector_b
2158.29027778,0.9986296887109734,0,0.00033,sector_b
2158.29166667,0.9992473843376298,0,0.00033,sector_b
2158.29305556,0.9990990447913108,0,0.00033,sector_b
2158.29444444,0.9996486250029474,0,0.00033,sector_b
2158.29583333,0.9991307501424979,0,0.00033,sector_b
2158.29722222,0.9989529235352881,0,0.00033,sector_b
2158.29861111,0.9988143455641401,0,0.00033,sector_b
2158.3,0.9990064285653146,0,0.00033,sector_b
2158.30138889,0.9986983223559924,0,0.00033,sector_b
2158.30277778,0.9995216902914283,0,0.00033,sector_b
2158.30416667,0.9993402994158281,0,0.00033,sector_b
2158.30555556,0.9992887684196283,0,0.00033,sector_b
2158.30694444,0.99912304186933,0,0.00033,sector_b
2158.30833333,0.9987280898267235,0,0.00033,sector_b
2158.30972222,0.99930434989545,4096,0.00033,sector_b
2158.31111111,0.9990853902860314,0,0.00033,sector_b
2158.3125,0.9995473198441971,0,0.00033,sector_b
2158.31388889,0.9989309661589213,0,0.00033,sector_b
2158.31527778,0.998907675441983,0,0.00033,sector_b
2158.31666667,0.9992214152154281,2048,0.00033,sector_b
2158.31805556,0.9993026491853282,0,0.00033,sector_b
2158.31944444,0.9993504359403326,0,0.00033,sector_b
2158.32083333,0.9988164828762982,0,0.00033,sector_b
2158.32222222,0.9993595545452452,0,0.00033,sector_b
2158.32361111,0.999425552063366,0,0.00033,sector_b
2158.325,0.9993102313809402,0,0.00033,sector_b
2158.32638889,0.9993152421731869,0,0.00033,sector_b
2158.32777778,0.9994850733274736,0,0.00033,sector_b
2158.32916667,0.9991759394239699,0,0.00033,sector_b
2158.33055556,0.9989608519851171,0,0.00033,sector_b
2158.33194444,0.9995159990097447,0,0.00033,sector_b
2158.33333333,0.9988816171633758,0,0.00033,sector_b
2158.33472222,0.9990492005034157,0,0.00033,sector_b
2158.33611111,0.9992134449068488,0,0.00033,sector_b
2158.3375,0.9995675915121347,0,0.00033,sector_b
2158.33888889,0.9991661213521543,0,0.00033,sector_b
2158.34027778,0.9994851184185608,0,0.00033,sector_b
2158.34166667,0.998566565396263,0,0.00033,sector_b
2158.34305556,0.9991617701007255,0,0.00033,sector_b
2158.34444444,0.9991652400615787,0,0.00033,sector_b
2158.34583333,0.9996088074060552,0,0.00033,sector_b
2158.34722222,0.9987395749984832,0,0.00033,sector_b
2158.34861111,0.9984077876373755,0,0.00033,sector_b
2158.35,0.9992826219470794,0,0.00033,sector_b
2158.35138889,0.9991366114210491,0,0.00033,sector_b
2158.35277778,0.9990202767011287,0,0.00033,sector_b
2158.35416667,0.999337940328482,0,0.00033,sector_b
2158.35555556,0.9987706861997419,0,0.00033,sector_b
2158.35694444,0.9990143785752575,0,0.00033,sector_b
2158.35833333,0.9993134360252541,0,0.00033,sector_b
2158.35972222,0.9993232784946189,0,0.00033,sector_b
2158.36111111,0.9990689614288749,0,0.00033,sector_b
2158.3625,0.9991189146922694,0,0.00033,sector_b
2158.36388889,0.9993611623586613,0,0.00033,sector_b
2158.36527778,0.9990168635834655,0,0.00033,sector_b
2158.36666667,0.998878199531776,0,0.00033,sector_b
2158.36805556,0.9991177784242138,0,0.00033,sector_b
2158.36944444,0.9990449881267847,0,0.00033,sector_b
2158.37083333,0.9992463437337699,0,0.00033,sector_b
2158.37222222,0.9989442198742016,0,0.00033,sector_b
2158.37361111,0.9990041278536378,0,0.00033,sector_b
2158.375,0.9989868211486871,0,0.00033,sector_b
2158.37638889,0.9987909826908173,0,0.00033,sector_b
2158.37777778,0.9989387221827806,0,0.00033,sector_b
2158.37916667,0.9990946905953106,0,0.00033,sector_b
2158.38055556,0.9989734621336478,0,0.00033,sector_b
2158.38194444,0.9988913990543059,0,0.00033,sector_b
2158.38333333,0.9991461656310284,0,0.00033,sector_b
2158.38472222,0.9992234952899932,0,0.00033,sector_b
2158.38611111,0.9992349646844356,0,0.00033,sector_b
2158.3875,0.9990156420816917,0,0.00033,sector_b
2158.38888889,0.9993579586768206,0,0.00033,sector_b
2158.39027778,0.9990772696044605,0,0.00033,sector_b
2158.39166667,0.9993529729617289,0,0.00033,sector_b
2158.39305556,0.9994917577760597,0,0.00033,sector_b
2158.39444444,0.9990054642500515,0,0.00033,sector_b
2158.39583333,0.9989464676310981,0,0.00033,sector_b
2158.39722222,0.9991781856357299,0,0.00033,sector_b
2158.39861111,0.9991847240924558,0,0.00033,sector_b
2158.4,0.9993354716829458,0,0.00033,sector_b
2158.40138889,0.9988424065827771,0,0.00033,sector_b
2158.40277778,0.9992873920329283,0,0.00033,sector_b
2158.40416667,0.9989048629224928,0,0.00033,sector_b
2158.40555556,0.9995969128878852,0,0.00033,sector_b
2158.40694444,0.9986909774734409,0,0.00033,sector_b
2158.40833333,0.9994150855279088,0,0.00033,sector_b
2158.40972222,0.9986442694186002,0,0.00033,sector_b
2158.41111111,0.9992950700007605,0,0.00033,sector_b
2158.4125,0.998807493125831,0,0.00033,sector_b
2158.41388889,0.9991260933184787,0,0.00033,sector_b
2158.41527778,0.9991402901084662,0,0.00033,sector_b
2158.41666667,0.999121291908014,0,0.00033,sector_b
2158.41805556,0.998967037647512,0,0.00033,sector_b
2158.41944444,0.9988328157238822,0,0.00033,sector_b
2158.42083333,0.9988163250363864,0,0.00033,sector_b
2158.42222222,0.9985338686016073,0,0.00033,sector_b
2158.42361111,0.9994144735912794,0,0.00033,sector_b
2158.425,0.9986446059863386,0,0.00033,sector_b
2158.42638889,0.9989285644964978,0,0.00033,sector_b
2158.42777778,0.9990340729034033,0,0.00033,sector_b
2158.42916667,0.9989534931026643,0,0.00033,sector_b
2158.43055556,0.9993018496439595,0,0.00033,sector_b
2158.43194444,0.9995594355230027,0,0.00033,sector_b
2158.43333333,0.9986304798131218,0,0.00033,sector_b
2158.43472222,0.9991440165739222,0,0.00033,sector_b
2158.43611111,0.9991652746284423,0,0.00033,sector_b
2158.4375,0.9993672241983044,0,0.00033,sector_b
2158.43888889,0.9991039744204911,0,0.00033,sector_b
2158.44027778,0.9991483020703612,0,0.00033,sector_b
2158.44166667,0.9986520515038061,0,0.00033,sector_b
2158.44305556,0.9991874730760893,2048,0.00033,sector_b
2158.44444444,0.9990116427145855,0,0.00033,sector_b
2158.44583333,0.999032887720789,0,0.00033,sector_b
2158.44722222,0.999522333993928,0,0.00033,sector_b
2158.44861111,0.9993394228597945,0,0.00033,sector_b
2158.45,0.9994399242252615,0,0.00033,sector_b
2158.45138889,0.9990454455654111,0,0.00033,sector_b
2158.45277778,0.999181506117104,0,0.00033,sector_b
2158.45416667,0.9988047670071895,0,0.00033,sector_b
2158.45555556,0.9990831394240446,0,0.00033,sector_b
2158.45694444,0.9994071325343007,0,0.00033,sector_b
2158.45833333,0.9992631275680854,0,0.00033,sector_b
2158.45972222,0.9990914994466974,0,0.00033,sector_b
2158.46111111,0.9993063588488825,0,0.00033,sector_b
2158.4625,0.9986529645099893,0,0.00033,sector_b
2158.46388889,0.9996330524142794,0,0.00033,sector_b
2158.46527778,0.9988703592864298,0,0.00033,sector_b
2158.46666667,0.9993593584778893,0,0.00033,sector_b
2158.46805556,0.9987933624957245,0,0.00033,sector_b
2158.46944444,0.998938116270373,0,0.00033,sector_b
2158.47083333,0.9989442574454135,0,0.00033,sector_b
2158.47222222,0.9994715959203085,0,0.00033,sector_b
2158.47361111,0.9989331522052586,0,0.00033,sector_b
2158.475,0.9991107194837284,0,0.00033,sector_b
2158.47638889,0.9991502709776068,0,0.00033,sector_b
2158.47777778,0.9989899578201445,0,0.00033,sector_b
2158.47916667,0.9993807210706704,0,0.00033,sector_b
2158.48055556,0.9994018244555296,0,0.00033,sector_b
2158.48194444,0.9987281817218399,0,0.00033,sector_b
2158.48333333,0.9992219481630659,0,0.00033,sector_b
2158.48472222,0.9989355302518034,0,0.00033,sector_b
2158.48611111,0.9989127049044136,0,0.00033,sector_b
2158.4875,0.9996924246086054,0,0.00033,sector_b
2158.48888889,0.9995071558387248,0,0.00033,sector_b
2158.49027778,0.9988919613719688,0,0.00033,sector_b
2158.49166667,0.9989584851873294,0,0.00033,sector_b
2158.49305556,0.9990100144692576,0,0.00033,sector_b
2158.49444444,0.9990017271751781,0,0.00033,sector_b
2158.49583333,0.999031630818984,0,0.00033,sector_b
2158.49722222,0.9989460303903241,0,0.00033,sector_b
2158.49861111,0.9992552785435527,0,0.00033,sector_b
2158.5,0.9991615573682304,0,0.00033,sector_b
2158.50138889,0.9991422237092102,0,0.00033,sector_b
2158.50277778,0.9989593055416467,0,0.00033,sector_b
2158.50416667,0.9993668953668383,0,0.00033,sector_b
2158.50555556,0.9997790796043116,0,0.00033,sector_b
2158.50694444,0.9992115405663807,0,0.00033,sector_b
2158.50833333,0.9989167147846728,0,0.00033,sector_b
2158.50972222,0.9994966352289077,0,0.00033,sector_b
2158.51111111,0.999004502505278,0,0.00033,sector_b
2158.5125,0.9991031419814815,0,0.00033,sector_b
2158.51388889,0.999186786106861,0,0.00033,sector_b
2158.51527778,0.9993444497253284,0,0.00033,sector_b
2158.51666667,0.9994609772008841,0,0.00033,sector_b
2158.51805556,0.9990885376796428,0,0.00033,sector_b
2158.51944444,0.9987462271667956,0,0.00033,sector_b
2158.52083333,0.9988026524934512,0,0.00033,sector_b
2158.52222222,0.9990998268151794,0,0.00033,sector_b
2158.52361111,0.9987455395191177,0,0.00033,sector_b
2158.525,0.999293376373928,0,0.00033,sector_b
2158.52638889,0.9987546800426893,0,0.00033,sector_b
2158.52777778,0.9989639068154318,0,0.00033,sector_b
2158.52916667,0.9990643601989765,0,0.00033,sector_b
2158.53055556,0.9989864923642521,0,0.00033,sector_b
2158.53194444,0.9995358764414679,0,0.00033,sector_b
2158.53333333,0.9990631116031675,0,0.00033,sector_b
2158.53472222,0.9991317111248826,0,0.00033,sector_b
2158.53611111,0.9993458652237353,0,0.00033,sector_b
2158.5375,0.9990828402361854,0,0.00033,sector_b
2158.53888889,0.9990260800045556,0,0.00033,sector_b
2158.54027778,0.9994461692545092,0,0.00033,sector_b
2158.54166667,0.9993973564946997,0,0.00033,sector_b
2158.54305556,0.9995382102681938,0,0.00033,sector_b
2158.54444444,0.9992992304962489,0,0.00033,sector_b
2158.54583333,0.9997050141560185,0,0.00033,sector_b
2158.54722222,0.9993183084070992,0,0.00033,sector_b
2158.54861111,0.999021947564651,0,0.00033,sector_b
2158.55,0.9990152839447578,0,0.00033,sector_b
2158.55138889,0.9990747638324177,0,0.00033,sector_b
2158.55277778,0.9991804182885803,0,0.00033,sector_b
2158.55416667,0.9992197165945657,0,0.00033,sector_b
2158.55555556,0.9992320043173591,0,0.00033,sector_b
2158.55694444,0.9982179158896056,0,0.00033,sector_b
2158.55833333,0.9992666806020764,0,0.00033,sector_b
2158.55972222,0.9986399805205578,0,0.00033,sector_b
2158.56111111,0.998886680631998,0,0.00033,sector_b
2158.5625,0.998679895127726,0,0.00033,sector_b
2158.56388889,0.9993605859261808,0,0.00033,sector_b
2158.56527778,0.9994190265377554,0,0.00033,sector_b
2158.56666667,0.998453261164018,0,0.00033,sector_b
2158.56805556,0.9995362497559566,0,0.00033,sector_b
2158.56944444,0.9991458810430459,0,0.00033,sector_b
2158.57083333,0.9988659966128902,0,0.00033,sector_b
2158.57222222,0.9991232668100095,0,0.00033,sector_b
2158.57361111,0.9996317487033013,0,0.00033,sector_b
2158.575,0.9991783934799694,0,0.00033,sector_b
2158.57638889,0.9991386114766875,0,0.00033,sector_b
2158.57777778,0.9992156155869727,0,0.00033,sector_b
2158.57916667,0.9998131210493346,0,0.00033,sector_b
2158.58055556,0.9991403143384583,0,0.00033,sector_b
2158.58194444,0.9998228595203131,0,0.00033,sector_b
2158.58333333,0.9989131199507403,0,0.00033,sector_b
2158.58472222,0.9992714576810182,0,0.00033,sector_b
2158.58611111,0.9989493923664573,0,0.00033,sector_b
2158.5875,0.9990874994709535,0,0.00033,sector_b
2158.58888889,0.9993703826310735,0,0.00033,sector_b
2158.59027778,0.9993148080661987,0,0.00033,sector_b
2158.59166667,0.9993703466963743,0,0.00033,sector_b
2158.59305556,0.9993608782366139,0,0.00033,sector_b
2158.59444444,0.9988111933171756,0,0.00033,sector_b
2158.59583333,0.9990988885181492,0,0.00033,sector_b
2158.59722222,0.9991942797158807,0,0.00033,sector_b
2158.59861111,0.9991009453127541,0,0.00033,sector_b
2158.6,0.9994294893611501,0,0.00033,sector_b
2158.60138889,0.999590627398831,0,0.00033,sector_b
2158.60277778,0.9999012201100782,0,0.00033,sector_b
2158.60416667,0.999579277107321,0,0.00033,sector_b
2158.60555556,0.9990068478696897,0,0.00033,sector_b
2158.60694444,0.9989285070785862,0,0.00033,sector_b
2158.60833333,0.9989991906431502,0,0.00033,sector_b
2158.60972222,0.9991082969857602,0,0.00033,sector_b
2158.61111111,0.9991783580067104,0,0.00033,sector_b
2158.6125,0.9987944109492135,0,0.00033,sector_b
2158.61388889,0.9990993306233644,0,0.00033,sector_b
2158.61527778,0.9987645562599888,0,0.00033,sector_b
2158.61666667,0.998804593795161,0,0.00033,sector_b
2158.61805556,0.9988548019819242,0,0.00033,sector_b
2158.61944444,0.9993195339278232,0,0.00033,sector_b
2158.62083333,0.9991559113792478,0,0.00033,sector_b
2158.62222222,0.9988680955442651,0,0.00033,sector_b
2158.62361111,0.9991125292506438,0,0.00033,sector_b
2158.625,0.9989173270022279,0,0.00033,sector_b
2158.62638889,0.9994906277564747,0,0.00033,sector_b
2158.62777778,0.9989284084403467,0,0.00033,sector_b
2158.62916667,0.9991396367726946,0,0.00033,sector_b
2158.63055556,0.999036546522479,0,0.00033,sector_b
2158.63194444,0.9992508428378298,0,0.00033,sector_b
2158.63333333,0.9992940591032772,0,0.00033,sector_b
2158.63472222,0.9989618925170611,0,0.00033,sector_b
2158.63611111,0.9989517822478642,0,0.00033,sector_b
2158.6375,0.999094580774191,0,0.00033,sector_b
2158.63888889,0.9993293656206967,0,0.00033,sector_b
2158.64027778,0.9993321770559344,0,0.00033,sector_b
2158.64166667,0.9990272981805939,0,0.00033,sector_b
2158.64305556,0.9987691894634699,0,0.00033,sector_b
2158.64444444,0.9990027422016071,0,0.00033,sector_b
2158.64583333,0.9988658917734474,0,0.00033,sector_b
2158.64722222,0.9987182130999569,0,0.00033,sector_b
2158.64861111,0.9988638539990129,0,0.00033,sector_b
2158.65,0.9994577293046916,0,0.00033,sector_b
2158.65138889,0.9993770978568787,0,0.00033,sector_b
2158.65277778,0.998944779015286,0,0.00033,sector_b
2158.65416667,0.999173011986387,0,0.00033,sector_b
2158.65555556,0.998893888667484,0,0.00033,sector_b
2158.65694444,0.9989117173601585,0,0.00033,sector_b
2158.65833333,0.9993589708741518,0,0.00033,sector_b
2158.65972222,0.9992014067846319,0,0.00033,sector_b
2158.66111111,0.9988225818844776,0,0.00033,sector_b
2158.6625,0.9988229590510637,0,0.00033,sector_b
2158.66388889,0.9991954311616827,0,0.00033,sector_b
2158.66527778,0.9990871152898702,0,0.00033,sector_b
2158.66666667,0.9994809168087263,0,0.00033,sector_b
2158.66805556,0.9992476622293643,0,0.00033,sector_b
2158.66944444,0.9989523732492366,0,0.00033,sector_b
2158.67083333,0.9991297236156749,0,0.00033,sector_b
2158.67222222,0.9989511167321773,0,0.00033,sector_b
2158.67361111,0.9991621479981023,0,0.00033,sector_b
2158.675,0.998921819276533,0,0.00033,sector_b
2158.67638889,0.9988386979116581,0,0.00033,sector_b
2158.67777778,0.9993021626143742,0,0.00033,sector_b
2158.67916667,0.9987872468821166,0,0.00033,sector_b
2158.68055556,0.9991664499699293,0,0.00033,sector_b
2158.68194444,0.9988416838423098,0,0.00033,sector_b
2158.68333333,0.9994350302130078,0,0.00033,sector_b
2158.68472222,0.9994075086056725,0,0.00033,sector_b
2158.68611111,0.9992390613737148,0,0.00033,sector_b
2158.6875,0.9988658650381188,4096,0.00033,sector_b
2158.68888889,0.9987847077329183,0,0.00033,sector_b
2158.69027778,0.9991976780101067,0,0.00033,sector_b
2158.69166667,0.9987258413187041,0,0.00033,sector_b
2158.69305556,0.9998506214461383,0,0.00033,sector_b
2158.69444444,0.9991338218969237,0,0.00033,sector_b
2158.69583333,0.9990753209032663,0,0.00033,sector_b
2158.69722222,0.9990500609636621,0,0.00033,sector_b
2158.69861111,0.9991055049199782,0,0.00033,sector_b
2158.7,0.9990914447787282,0,0.00033,sector_b
2158.70138889,0.9992663139127589,0,0.00033,sector_b
2158.70277778,0.9989130657511917,0,0.00033,sector_b
2158.70416667,0.9990365847211304,0,0.00033,sector_b
2158.70555556,0.9992133498321916,0,0.00033,sector_b
2158.70694444,0.9989833696208246,0,0.00033,sector_b
2158.70833333,0.9990179984584812,0,0.00033,sector_b
2158.70972222,0.9991101541050481,0,0.00033,sector_b
2158.71111111,0.9989350513994291,0,0.00033,sector_b
2158.7125,0.999198676166595,0,0.00033,sector_b
2158.71388889,0.9988999878941955,0,0.00033,sector_b
2158.71527778,0.9991840980174255,0,0.00033,sector_b
2158.71666667,0.9995644177525292,0,0.00033,sector_b
2158.71805556,0.999119128427751,0,0.00033,sector_b
2158.71944444,0.999001087001921,0,0.00033,sector_b
2158.72083333,0.9991099902656928,0,0.00033,sector_b
2158.72222222,0.9987316936846193,0,0.00033,sector_b
2158.72361111,0.999117444039254,0,0.00033,sector_b
2158.725,0.99916423644084,0,0.00033,sector_b
2158.72638889,0.9994056164799403,0,0.00033,sector_b
2158.72777778,0.9993507161983182,0,0.00033,sector_b
2158.72916667,0.999312293637148,0,0.00033,sector_b
2158.73055556,0.9994193751692155,0,0.00033,sector_b
2158.73194444,0.9989526092725853,0,0.00033,sector_b
2158.73333333,0.9990994761751297,0,0.00033,sector_b
2158.73472222,0.9992929991551108,0,0.00033,sector_b
2158.73611111,0.9991804887015155,0,0.00033,sector_b
2158.7375,0.9987377184720447,0,0.00033,sector_b
2158.73888889,0.9983203408698129,0,0.00033,sector_b
2158.74027778,0.9991076664072314,2048,0.00033,sector_b
2158.74166667,0.9988476167385831,0,0.00033,sector_b
2158.74305556,0.9990181005669014,0,0.00033,sector_b
2158.74444444,0.9990357734734133,0,0.00033,sector_b
2158.74583333,0.9987849701069331,0,0.00033,sector_b
2158.74722222,0.9992877305881361,0,0.00033,sector_b
2158.74861111,0.9989276117498838,0,0.00033,sector_b
2158.75,0.9993870084728701,0,0.00033,sector_b
2158.75138889,0.9991242225765914,0,0.00033,sector_b
2158.75277778,0.9993377825081643,2048,0.00033,sector_b
2158.75416667,0.9988826907762879,0,0.00033,sector_b
2158.75555556,0.9989991748233578,0,0.00033,sector_b
2158.75694444,0.9993838105324591,0,0.00033,sector_b
2158.75833333,0.9986676392031653,0,0.00033,sector_b
2158.75972222,0.9988546227076477,0,0.00033,sector_b
2158.76111111,0.9988547058270955,0,0.00033,sector_b
2158.7625,0.9992376486152946,0,0.00033,sector_b
2158.76388889,0.9990976538705844,0,0.00033,sector_b
2158.76527778,0.9989560774364593,0,0.00033,sector_b
2158.76666667,0.9991912179566085,0,0.00033,sector_b
2158.76805556,0.9993116971699865,0,0.00033,sector_b
2158.76944444,0.998829805523664,0,0.00033,sector_b
2158.77083333,0.9991899538804003,0,0.00033,sector_b
2158.77222222,0.9988790215733877,0,0.00033,sector_b
2158.77361111,0.998989560532476,0,0.00033,sector_b
2158.775,0.9992362776336234,0,0.00033,sector_b
2158.77638889,0.9990038363970077,0,0.00033,sector_b
2158.77777778,0.9991269806116831,0,0.00033,sector_b
2158.77916667,0.9991293772352337,0,0.00033,sector_b
2158.78055556,0.9990880095097725,0,0.00033,sector_b
2158.78194444,0.9986125773603495,0,0.00033,sector_b
2158.78333333,0.9991138018720493,0,0.00033,sector_b
2158.78472222,0.9991240989379181,0,0.00033,sector_b
2158.78611111,0.9992695673957436,0,0.00033,sector_b
2158.7875,0.9988295409506643,0,0.00033,sector_b
2158.78888889,0.9989226956618941,0,0.00033,sector_b
2158.79027778,0.9990171901515608,0,0.00033,sector_b
2158.79166667,0.9990620797087603,0,0.00033,sector_b
2158.79305556,0.9989019627940707,0,0.00033,sector_b
2158.79444444,0.9992057877850573,0,0.00033,sector_b
2158.79583333,0.99904479576038,0,0.00033,sector_b
2158.79722222,0.9988150492691099,0,0.00033,sector_b
2158.79861111,0.9985901411878083,0,0.00033,sector_b
2158.8,0.9988252721588975,0,0.00033,sector_b
2158.80138889,0.9988403985157319,0,0.00033,sector_b
2158.80277778,0.9990923194710049,0,0.00033,sector_b
2158.80416667,0.9995517752164526,0,0.00033,sector_b
2158.80555556,0.9988958932562054,0,0.00033,sector_b
2158.80694444,0.9989606446756757,0,0.00033,sector_b
2158.80833333,0.9985843679107989,0,0.00033,sector_b
2158.80972222,0.9986057743591452,0,0.00033,sector_b
2158.81111111,0.9987403192031419,0,0.00033,sector_b
2158.8125,0.998887577369553,0,0.00033,sector_b
2158.81388889,0.999299126302547,0,0.00033,sector_b
2158.81527778,0.9988850755920744,0,0.00033,sector_b
2158.81666667,0.9990357749240112,0,0.00033,sector_b
2158.81805556,0.9990702989713418,0,0.00033,sector_b
2158.81944444,0.9983405335188729,0,0.00033,sector_b
2158.82083333,0.9989037046419799,0,0.00033,sector_b
2158.82222222,0.9988426621203333,0,0.00033,sector_b
2158.82361111,0.9989849142458957,0,0.00033,sector_b
2158.825,0.9990445706886105,0,0.00033,sector_b
2158.82638889,0.9994441248600123,0,0.00033,sector_b
2158.82777778,0.9991559445526146,0,0.00033,sector_b
2158.82916667,0.9993130892423544,0,0.00033,sector_b
2158.83055556,0.9988611181857489,0,0.00033,sector_b
2158.83194444,0.9992971692398829,0,0.00033,sector_b
2158.83333333,0.9985360943402789,0,0.00033,sector_b
2158.83472222,0.998973293346204,0,0.00033,sector_b
2158.83611111,0.9988826294676122,0,0.00033,sector_b
2158.8375,0.999152968460702,0,0.00033,sector_b
2158.83888889,0.9985282030559619,0,0.00033,sector_b
2158.84027778,0.9988947059208907,0,0.00033,sector_b
2158.84166667,0.9992915187108338,0,0.00033,sector_b
2158.84305556,0.9989545962917981,0,0.00033,sector_b
2158.84444444,0.9987458074500378,0,0.00033,sector_b
2158.84583333,0.9986757578658212,0,0.00033,sector_b
2158.84722222,0.9989318687347712,0,0.00033,sector_b
2158.84861111,0.9987098063780415,0,0.00033,sector_b
2158.85,0.9986468303773028,0,0.00033,sector_b
2158.85138889,0.9988494738116025,0,0.00033,sector_b
2158.85277778,0.9990820134071117,0,0.00033,sector_b
2158.85416667,0.9987330573545901,0,0.00033,sector_b
2158.85555556,0.9992321501026425,0,0.00033,sector_b
2158.85694444,0.9988767946127188,0,0.00033,sector_b
2158.85833333,0.998898456611107,0,0.00033,sector_b
2158.85972222,0.9990031323867807,0,0.00033,sector_b
2158.86111111,0.9986502160625099,0,0.00033,sector_b
2158.8625,0.9986329668452972,0,0.00033,sector_b
2158.86388889,0.9989904040114802,0,0.00033,sector_b
2158.86527778,0.9987136882644827,0,0.00033,sector_b
2158.86666667,0.9985216393871175,0,0.00033,sector_b
2158.86805556,0.9986548512222122,0,0.00033,sector_b
2158.86944444,0.9989406862461494,0,0.00033,sector_b
2158.87083333,0.9985673264850071,0,0.00033,sector_b
2158.87222222,0.9988372641613372,0,0.00033,sector_b
2158.87361111,0.998744640149343,0,0.00033,sector_b
2158.875,0.9987129011946346,0,0.00033,sector_b
2158.87638889,0.9990313965747211,0,0.00033,sector_b
2158.87777778,0.9987297474237753,0,0.00033,sector_b
2158.87916667,0.9986006463756963,0,0.00033,sector_b
2158.88055556,0.9988519738873547,0,0.00033,sector_b
2158.88194444,0.9989021789708857,0,0.00033,sector_b
2158.88333333,0.9985731737275824,0,0.00033,sector_b
2158.88472222,0.9990369544608819,0,0.00033,sector_b
2158.88611111,0.9983961546191554,0,0.00033,sector_b
2158.8875,0.9993787139020923,0,0.00033,sector_b
2158.88888889,0.9991781733608668,0,0.00033,sector_b
2158.89027778,0.9992319345797535,0,0.00033,sector_b
2158.89166667,0.9990115478201456,0,0.00033,sector_b
2158.89305556,0.999097301693195,0,0.00033,sector_b
2158.89444444,0.9987260457601151,0,0.00033,sector_b
2158.89583333,0.9991301039268055,0,0.00033,sector_b
2158.89722222,0.9990411089687803,0,0.00033,sector_b
2158.89861111,0.9987335248472412,0,0.00033,sector_b
2158.9,0.9981884597059604,0,0.00033,sector_b
2158.90138889,0.9985622245057323,0,0.00033,sector_b
2158.90277778,0.9995029660371519,0,0.00033,sector_b
2158.90416667,0.9989348603558427,0,0.00033,sector_b
2158.90555556,0.998801674897717,0,0.00033,sector_b
2158.90694444,0.9992190962858136,0,0.00033,sector_b
2158.90833333,0.9987162668907092,0,0.00033,sector_b
2158.90972222,0.9985479452786512,0,0.00033,sector_b
2158.91111111,0.9989550325352818,0,0.00033,sector_b
2158.9125,0.9989197420077163,0,0.00033,sector_b
2158.91388889,0.9992519336901108,0,0.00033,sector_b
2158.91527778,0.9988249634099977,0,0.00033,sector_b
2158.91666667,0.9985463997996022,0,0.00033,sector_b
2158.91805556,0.9982452810455218,0,0.00033,sector_b
2158.91944444,0.9986775396715798,0,0.00033,sector_b
2158.92083333,0.998701930495972,0,0.00033,sector_b
2158.92222222,0.9987141695017794,0,0.00033,sector_b
2158.92361111,0.9989637439656609,0,0.00033,sector_b
2158.925,0.9986202021110845,0,0.00033,sector_b
2158.92638889,0.99901142845769,0,0.00033,sector_b
2158.92777778,0.9985414243607716,0,0.00033,sector_b
2158.92916667,0.9985787898198669,0,0.00033,sector_b
2158.93055556,0.9985299313742363,0,0.00033,sector_b
2158.93194444,0.9988482943173548,0,0.00033,sector_b
2158.93333333,0.998689529012365,0,0.00033,sector_b
2158.93472222,0.999036312858772,0,0.00033,sector_b
2158.93611111,0.998709746586132,4096,0.00033,sector_b
2158.9375,0.9992538418754076,0,0.00033,sector_b
2158.93888889,0.9985939296079243,0,0.00033,sector_b
2158.94027778,0.9991733778202433,0,0.00033,sector_b
2158.94166667,0.9987165106066173,0,0.00033,sector_b
2158.94305556,0.9990417931711583,0,0.00033,sector_b
2158.94444444,0.9986934868431634,0,0.00033,sector_b
2158.94583333,0.9987092475783972,0,0.00033,sector_b
2158.94722222,0.9991247224748055,0,0.00033,sector_b
2158.94861111,0.9984676206976,0,0.00033,sector_b
2158.95,0.9990537753287057,0,0.00033,sector_b
2158.95138889,0.9987766476623862,0,0.00033,sector_b
2158.95277778,0.9985943348551933,0,0.00033,sector_b
2158.95416667,0.9990112280404041,0,0.00033,sector_b
2158.95555556,0.9987040655163446,0,0.00033,sector_b
2158.95694444,0.9987046734695224,0,0.00033,sector_b
2158.95833333,0.998794622120298,0,0.00033,sector_b
2158.95972222,0.9989233534398888,0,0.00033,sector_b
2158.96111111,0.9987369299964576,0,0.00033,sector_b
2158.9625,0.9988049733614541,0,0.00033,sector_b
2158.96388889,0.9987383529747041,0,0.00033,sector_b
2158.96527778,0.9989712271523834,0,0.00033,sector_b
2158.96666667,0.9988851699075588,0,0.00033,sector_b
2158.96805556,0.9983174047630156,0,0.00033,sector_b
2158.96944444,0.998803107942408,0,0.00033,sector_b
2158.97083333,0.9985315613959306,0,0.00033,sector_b
2158.97222222,0.9987390990145674,0,0.00033,sector_b
2158.97361111,0.9987191625039279,0,0.00033,sector_b
2158.975,0.9988693568718153,0,0.00033,sector_b
2158.97638889,0.9986444268501183,0,0.00033,sector_b
2158.97777778,0.998939004762411,0,0.00033,sector_b
2158.97916667,0.9990610324420661,0,0.00033,sector_b
2158.98055556,0.9988496164598312,0,0.00033,sector_b
2158.98194444,0.99886409618537,0,0.00033,sector_b
2158.98333333,0.9985313483992287,0,0.00033,sector_b
2158.98472222,0.9986696648976071,0,0.00033,sector_b
2158.98611111,0.998502974096632,0,0.00033,sector_b
2158.9875,0.9987638418144442,0,0.00033,sector_b
2158.98888889,0.9988126333554103,0,0.00033,sector_b
2158.99027778,0.9988006537138675,0,0.00033,sector_b
2158.99166667,0.9990152621994612,0,0.00033,sector_b
2158.99305556,0.9992212125019939,0,0.00033,sector_b
2158.99444444,0.9990112649207239,0,0.00033,sector_b
2158.99583333,0.99915052448176,0,0.00033,sector_b
2158.99722222,0.9985515090458736,0,0.00033,sector_b
2158.99861111,0.9987860505530958,0,0.00033,sector_b
2159.0,0.9987254282382837,0,0.00033,sector_b
2159.00138889,0.9983521867734191,0,0.00033,sector_b
2159.00277778,0.9983419500239525,0,0.00033,sector_b
2159.00416667,0.9988657768212802,0,0.00033,sector_b
2159.00555556,0.9990313728553308,0,0.00033,sector_b
2159.00694444,0.998577407237972,0,0.00033,sector_b
2159.00833333,0.99914146025455,0,0.00033,sector_b
2159.00972222,0.9984723585961195,0,0.00033,sector_b
2159.01111111,0.9982090073227502,0,0.00033,sector_b
2159.0125,0.9989860623687793,0,0.00033,sector_b
2159.01388889,0.9983862494968112,0,0.00033,sector_b
2159.01527778,0.9988672230116049,0,0.00033,sector_b
2159.01666667,0.9985515935221858,0,0.00033,sector_b
2159.01805556,0.9985420046360485,0,0.00033,sector_b
2159.01944444,0.9986196880697943,0,0.00033,sector_b
2159.02083333,0.998524603205223,0,0.00033,sector_b
2159.02222222,0.9986451183796844,0,0.00033,sector_b
2159.02361111,0.9985416284903,0,0.00033,sector_b
2159.025,0.9984540073556158,4096,0.00033,sector_b
2159.02638889,0.9980201687076922,0,0.00033,sector_b
2159.02777778,0.9980943701915337,0,0.00033,sector_b
2159.02916667,0.9984856322190987,0,0.00033,sector_b
2159.03055556,0.9991929571329196,0,0.00033,sector_b
2159.03194444,0.9985627115675646,0,0.00033,sector_b
2159.03333333,0.9989850428140528,0,0.00033,sector_b
2159.03472222,0.9986420877233128,0,0.00033,sector_b
2159.03611111,0.9984732978871333,0,0.00033,sector_b
2159.0375,0.9982823415138757,0,0.00033,sector_b
2159.03888889,0.9985567968678057,0,0.00033,sector_b
2159.04027778,0.9985040310965294,0,0.00033,sector_b
2159.04166667,0.9979411181868192,0,0.00033,sector_b
2159.04305556,0.9987451603576373,0,0.00033,sector_b
2159.04444444,0.9990926679681513,0,0.00033,sector_b
2159.04583333,0.9987816429560376,0,0.00033,sector_b
2159.04722222,0.9983809399742516,0,0.00033,sector_b
2159.04861111,0.9981611246715906,0,0.00033,sector_b
2159.05,0.9991132281893822,0,0.00033,sector_b
2159.05138889,0.9983644745707076,0,0.00033,sector_b
2159.05277778,0.9984417021214368,0,0.00033,sector_b
2159.05416667,0.9984675194152632,0,0.00033,sector_b
2159.05555556,0.9984489464462286,0,0.00033,sector_b
2159.05694444,0.998577297785214,2048,0.00033,sector_b
2159.05833333,0.9983608425288938,0,0.00033,sector_b
2159.05972222,0.9989404981735739,0,0.00033,sector_b
2159.06111111,0.9982944960973954,0,0.00033,sector_b
2159.0625,0.9983697809292906,0,0.00033,sector_b
2159.06388889,0.9987985097418048,0,0.00033,sector_b
2159.06527778,0.9986357449717034,0,0.00033,sector_b
2159.06666667,0.998563704753819,0,0.00033,sector_b
2159.06805556,0.9983899626419223,0,0.00033,sector_b
2159.06944444,0.9981061658781518,0,0.00033,sector_b
2159.07083333,0.9982423164945833,0,0.00033,sector_b
2159.07222222,0.9987920243692588,0,0.00033,sector_b
2159.07361111,0.9983579314932504,0,0.00033,sector_b
2159.075,0.9985398451176386,2048,0.00033,sector_b
2159.07638889,0.9985109428570712,0,0.00033,sector_b
2159.07777778,0.9984215267237809,0,0.00033,sector_b
2159.07916667,0.9979648205972229,0,0.00033,sector_b
2159.08055556,0.9985090981201455,0,0.00033,sector_b
2159.08194444,0.9987728158122587,0,0.00033,sector_b
2159.08333333,0.9986119475151233,0,0.00033,sector_b
2159.08472222,0.998377276032203,0,0.00033,sector_b
2159.08611111,0.9980395969208744,0,0.00033,sector_b
2159.0875,0.9984585635274272,0,0.00033,sector_b
2159.08888889,0.9984006735865679,0,0.00033,sector_b
2159.09027778,0.9988393988771848,0,0.00033,sector_b
2159.09166667,0.9990309306245768,0,0.00033,sector_b
2159.09305556,0.9987409266765799,0,0.00033,sector_b
2159.09444444,0.9986701247450873,0,0.00033,sector_b
2159.09583333,0.9988020397895205,0,0.00033,sector_b
2159.09722222,0.9988747018594518,0,0.00033,sector_b
2159.09861111,0.9991400441557613,0,0.00033,sector_b
2159.1,0.9981349168165012,0,0.00033,sector_b
2159.10138889,0.9987319117186041,0,0.00033,sector_b
2159.10277778,0.9987281738226769,0,0.00033,sector_b
2159.10416667,0.9982959987260979,0,0.00033,sector_b
2159.10555556,0.9980075555456502,0,0.00033,sector_b
2159.10694444,0.9990102433963457,0,0.00033,sector_b
2159.10833333,0.9984811890611417,0,0.00033,sector_b
2159.10972222,0.9983680882560396,0,0.00033,sector_b
2159.11111111,0.9984791574505807,0,0.00033,sector_b
2159.1125,0.9981386100627898,0,0.00033,sector_b
2159.11388889,0.9979879289790285,0,0.00033,sector_b
2159.11527778,0.998436224604175,0,0.00033,sector_b
2159.11666667,0.9990310909633432,0,0.00033,sector_b
2159.11805556,0.9980294372269516,0,0.00033,sector_b
2159.11944444,0.9981286875369818,0,0.00033,sector_b
2159.12083333,0.9982453579868675,0,0.00033,sector_b
2159.12222222,0.9982708484017041,0,0.00033,sector_b
2159.12361111,0.9984118949096178,0,0.00033,sector_b
2159.125,0.9977870012582177,0,0.00033,sector_b
2159.12638889,0.9982030678953167,0,0.00033,sector_b
2159.12777778,0.9981994281755833,0,0.00033,sector_b
2159.12916667,0.9986202251920756,0,0.00033,sector_b
2159.13055556,0.9983369309172722,0,0.00033,sector_b
2159.13194444,0.9981807162230472,0,0.00033,sector_b
2159.13333333,0.997877131798488,0,0.00033,sector_b
2159.13472222,0.9982596542057788,0,0.00033,sector_b
2159.13611111,0.9979458015162849,0,0.00033,sector_b
2159.1375,0.9982520085749305,0,0.00033,sector_b
2159.13888889,0.9980637729783912,0,0.00033,sector_b
2159.14027778,0.9986440960057628,0,0.00033,sector_b
2159.14166667,0.9980547061443013,0,0.00033,sector_b
2159.14305556,0.9983304378288163,0,0.00033,sector_b
2159.14444444,0.9980211005011972,0,0.00033,sector_b
2159.14583333,0.9981912068314653,0,0.00033,sector_b
2159.14722222,0.9982967832295949,0,0.00033,sector_b
2159.14861111,0.9983669920876441,0,0.00033,sector_b
2159.15,0.9988897211901938,0,0.00033,sector_b
2159.15138889,0.998597427968595,0,0.00033,sector_b
2159.15277778,0.997981591610498,0,0.00033,sector_b
2159.15416667,0.998249899422266,0,0.00033,sector_b
2159.15555556,0.9981299609390303,0,0.00033,sector_b
2159.15694444,0.9982909866949669,0,0.00033,sector_b
2159.15833333,0.9983047566242148,0,0.00033,sector_b
2159.15972222,0.998284881776097,0,0.00033,sector_b
2159.16111111,0.9981322317624137,0,0.00033,sector_b
2159.1625,0.9980525342009168,0,0.00033,sector_b
2159.16388889,0.9984126664874567,0,0.00033,sector_b
2159.16527778,0.9985052266884339,0,0.00033,sector_b
2159.16666667,0.9982619047951113,0,0.00033,sector_b
2159.16805556,0.9986109704106554,0,0.00033,sector_b
2159.16944444,0.9978128665110784,0,0.00033,sector_b
2159.17083333,0.9984235807448667,0,0.00033,sector_b
2159.17222222,0.9984641412275599,0,0.00033,sector_b
2159.17361111,0.9982993506594023,0,0.00033,sector_b
2159.175,0.9984023902595982,0,0.00033,sector_b
2159.17638889,0.9980414245302663,0,0.00033,sector_b
2159.17777778,0.9979232178052101,0,0.00033,sector_b
2159.17916667,0.9982186438206347,0,0.00033,sector_b
2159.18055556,0.9981342646783712,0,0.00033,sector_b
2159.18194444,0.9983166387661688,0,0.00033,sector_b
2159.18333333,0.998009730083693,0,0.00033,sector_b
2159.18472222,0.9983846273178278,0,0.00033,sector_b
2159.18611111,0.9975878749725017,0,0.00033,sector_b
2159.1875,0.9986929615110244,0,0.00033,sector_b
2159.18888889,0.998445884306114,0,0.00033,sector_b
2159.19027778,0.9984951160641325,0,0.00033,sector_b
2159.19166667,0.9979602673979799,0,0.00033,sector_b
2159.19305556,0.998030495266853,0,0.00033,sector_b
2159.19444444,0.997737532111189,0,0.00033,sector_b
2159.19583333,0.998402982972417,0,0.00033,sector_b
2159.19722222,0.9985220951357486,0,0.00033,sector_b
2159.19861111,0.998466154998183,0,0.00033,sector_b
2159.2,0.9976809330201505,0,0.00033,sector_b
2159.20138889,0.998549637982019,0,0.00033,sector_b
2159.20277778,0.998656787002857,0,0.00033,sector_b
2159.20416667,0.9980953295719819,0,0.00033,sector_b
2159.20555556,0.9978755732628752,0,0.00033,sector_b
2159.20694444,0.9979203282657485,0,0.00033,sector_b
2159.20833333,0.9978291630547228,0,0.00033,sector_b
2159.20972222,0.9980949700171423,0,0.00033,sector_b
2159.21111111,0.9980450655330367,0,0.00033,sector_b
2159.2125,0.9981279579720161,0,0.00033,sector_b
2159.21388889,0.9972982892764772,0,0.00033,sector_b
2159.21527778,0.9979561375205275,0,0.00033,sector_b
2159.21666667,0.9984328773662777,0,0.00033,sector_b
2159.21805556,0.9982026159081598,0,0.00033,sector_b
2159.21944444,0.9983672980072313,0,0.00033,sector_b
2159.22083333,0.9982919119030496,0,0.00033,sector_b
2159.22222222,0.9982441027474561,0,0.00033,sector_b
2159.22361111,0.9981931166610555,0,0.00033,sector_b
2159.225,0.9979090924802452,0,0.00033,sector_b
2159.22638889,0.9982849833619104,0,0.00033,sector_b
2159.22777778,0.9981401707804967,0,0.00033,sector_b
2159.22916667,0.998189304554141,0,0.00033,sector_b
2159.23055556,0.9978921183021561,0,0.00033,sector_b
2159.23194444,0.997898127319348,0,0.00033,sector_b
2159.23333333,0.9983014173626074,2048,0.00033,sector_b
2159.23472222,0.9984863185495089,0,0.00033,sector_b
2159.23611111,0.997851922854657,0,0.00033,sector_b
2159.2375,0.9979369210079351,0,0.00033,sector_b
2159.23888889,0.9980560310701124,0,0.00033,sector_b
2159.24027778,0.9977652495331889,0,0.00033,sector_b
2159.24166667,0.9983634784247146,0,0.00033,sector_b
2159.24305556,0.9980260313023809,0,0.00033,sector_b
2159.24444444,0.9984041639890218,0,0.00033,sector_b
2159.24583333,0.9975258240010401,0,0.00033,sector_b
2159.24722222,0.9978803891500354,0,0.00033,sector_b
2159.24861111,0.9979111579513538,0,0.00033,sector_b
2159.25,0.9975208373520225,0,0.00033,sector_b
2159.25138889,0.9979668069017931,0,0.00033,sector_b
2159.25277778,0.9981277442450484,0,0.00033,sector_b
2159.25416667,0.9975005999374582,0,0.00033,sector_b
2159.25555556,0.9979543646489236,0,0.00033,sector_b
2159.25694444,0.9978322643518124,0,0.00033,sector_b
2159.25833333,0.9986042797447684,0,0.00033,sector_b
2159.25972222,0.9981617517866284,0,0.00033,sector_b
2159.26111111,0.9977739084867624,0,0.00033,sector_b
2159.2625,0.9977709976768304,0,0.00033,sector_b
2159.26388889,0.997941115927274,0,0.00033,sector_b
2159.26527778,0.9979702141230489,0,0.00033,sector_b
2159.26666667,0.998299329116295,0,0.00033,sector_b
2159.26805556,0.997953128819204,0,0.00033,sector_b
2159.26944444,0.9981006779794801,0,0.00033,sector_b
2159.27083333,0.99764664498727,0,0.00033,sector_b
2159.27222222,0.9979781677953439,0,0.00033,sector_b
2159.27361111,0.9972856460979377,0,0.00033,sector_b
2159.275,0.997664657018795,0,0.00033,sector_b
2159.27638889,0.9980809350249578,0,0.00033,sector_b
2159.27777778,0.9979949002748962,0,0.00033,sector_b
2159.27916667,0.9979728834363967,0,0.00033,sector_b
2159.28055556,0.9982024298026743,0,0.00033,sector_b
2159.28194444,0.9979888005483382,0,0.00033,sector_b
2159.28333333,0.9979812224610783,0,0.00033,sector_b
2159.28472222,0.9978535546028509,0,0.00033,sector_b
2159.28611111,0.9981798815822066,0,0.00033,sector_b
2159.2875,0.9977722686968621,0,0.00033,sector_b
2159.28888889,0.9978449369024363,0,0.00033,sector_b
2159.29027778,0.9980206014446334,0,0.00033,sector_b
2159.29166667,0.998078091965075,0,0.00033,sector_b
2159.29305556,0.9979183108076289,0,0.00033,sector_b
2159.29444444,0.9977718531275044,0,0.00033,sector_b
2159.29583333,0.9976961319831035,0,0.00033,sector_b
2159.29722222,0.9976580223742588,0,0.00033,sector_b
2159.29861111,0.9971321401310684,0,0.00033,sector_b
2159.3,0.9982712702688369,0,0.00033,sector_b
2159.30138889,0.9979081487679246,0,0.00033,sector_b
2159.30277778,0.9977426588063679,0,0.00033,sector_b
2159.30416667,0.9976174715837551,0,0.00033,sector_b
2159.30555556,0.9978841083145136,0,0.00033,sector_b
2159.30694444,0.9977630295400123,0,0.00033,sector_b
2159.30833333,0.9975493922653978,0,0.00033,sector_b
2159.30972222,0.9974778457848561,0,0.00033,sector_b
2159.31111111,0.998186070391946,0,0.00033,sector_b
2159.3125,0.9977860821273502,0,0.00033,sector_b
2159.31388889,0.9976846428263948,0,0.00033,sector_b
2159.31527778,0.9979143894601719,0,0.00033,sector_b
2159.31666667,0.997697817862211,0,0.00033,sector_b
2159.31805556,0.9978984299662512,0,0.00033,sector_b
2159.31944444,0.9975712293866729,0,0.00033,sector_b
2159.32083333,0.99831624621332,0,0.00033,sector_b
2159.32222222,0.9981349996915474,0,0.00033,sector_b
2159.32361111,0.9976897367777341,0,0.00033,sector_b
2159.325,0.9977382656069653,0,0.00033,sector_b
2159.32638889,0.9975919646291711,0,0.00033,sector_b
2159.32777778,0.9973571872886893,0,0.00033,sector_b
2159.32916667,0.9979379077388482,0,0.00033,sector_b
2159.33055556,0.9984140731478046,0,0.00033,sector_b
2159.33194444,0.9974122118738183,0,0.00033,sector_b
2159.33333333,0.9975953409741314,0,0.00033,sector_b
2159.33472222,0.9974837508506643,0,0.00033,sector_b
2159.33611111,0.9975528914768176,0,0.00033,sector_b
2159.3375,0.9972146450123238,0,0.00033,sector_b
2159.33888889,0.9982387568080786,0,0.00033,sector_b
2159.34027778,0.9980527352148536,0,0.00033,sector_b
2159.34166667,0.9978501047179111,0,0.00033,sector_b
2159.34305556,0.9980937674072735,0,0.00033,sector_b
2159.34444444,0.9977594876317056,0,0.00033,sector_b
2159.34583333,0.997768639001144,0,0.00033,sector_b
2159.34722222,0.9978106296721315,0,0.00033,sector_b
2159.34861111,0.9975387786219057,4096,0.00033,sector_b
2159.35,0.9979936370766904,0,0.00033,sector_b
2159.35138889,0.9978814579969871,0,0.00033,sector_b
2159.35277778,0.9978993622797642,0,0.00033,sector_b
2159.35416667,0.9978531827485098,0,0.00033,sector_b
2159.35555556,0.9977264711128953,0,0.00033,sector_b
2159.35694444,0.9982345746793828,0,0.00033,sector_b
2159.35833333,0.9984418079642501,0,0.00033,sector_b
2159.35972222,0.9975118676853355,0,0.00033,sector_b
2159.36111111,0.9976325797942063,0,0.00033,sector_b
2159.3625,0.9980682266554318,0,0.00033,sector_b
2159.36388889,0.998087125986561,0,0.00033,sector_b
2159.36527778,0.9973301453879204,0,0.00033,sector_b
2159.36666667,0.9974725843684592,0,0.00033,sector_b
2159.36805556,0.9978725704951403,0,0.00033,sector_b
2159.36944444,0.9976128425006655,0,0.00033,sector_b
2159.37083333,0.9977265624048166,0,0.00033,sector_b
2159.37222222,0.9977968820675003,0,0.00033,sector_b
2159.37361111,0.9977953814155998,0,0.00033,sector_b
2159.375,0.9974366621653127,0,0.00033,sector_b
2159.37638889,0.997606897339018,0,0.00033,sector_b
2159.37777778,0.9975656328144547,0,0.00033,sector_b
2159.37916667,0.9977923883227133,0,0.00033,sector_b
2159.38055556,0.9978877941199304,0,0.00033,sector_b
2159.38194444,0.9974943642835391,0,0.00033,sector_b
2159.38333333,0.9973075195400972,0,0.00033,sector_b
2159.38472222,0.9977854240201492,0,0.00033,sector_b
2159.38611111,0.9973695830128059,0,0.00033,sector_b
2159.3875,0.9977637418885809,0,0.00033,sector_b
2159.38888889,0.9976415201457746,0,0.00033,sector_b
2159.39027778,0.9976665530409983,0,0.00033,sector_b
2159.39166667,0.9974628129244915,0,0.00033,sector_b
2159.39305556,0.9980534295914313,0,0.00033,sector_b
2159.39444444,0.9975818722756885,0,0.00033,sector_b
2159.39583333,0.9975328830672058,0,0.00033,sector_b
2159.39722222,0.9975370563135227,0,0.00033,sector_b
2159.39861111,0.9977951257987643,0,0.00033,sector_b
2159.4,0.9972069383196062,0,0.00033,sector_b
2159.40138889,0.997402452409835,0,0.00033,sector_b
2159.40277778,0.9980200698679765,0,0.00033,sector_b
2159.40416667,0.9974454406880429,0,0.00033,sector_b
2159.40555556,0.9977729626657471,0,0.00033,sector_b
2159.40694444,0.9975745073695345,0,0.00033,sector_b
2159.40833333,0.9977700112473293,0,0.00033,sector_b
2159.40972222,0.9971926503893312,0,0.00033,sector_b
2159.41111111,0.9976370726651707,0,0.00033,sector_b
2159.4125,0.9976535919766201,0,0.00033,sector_b
2159.41388889,0.9971345146384151,0,0.00033,sector_b
2159.41527778,0.9975980083366629,0,0.00033,sector_b
2159.41666667,0.9973316980723653,0,0.00033,sector_b
2159.41805556,0.9975957070348345,0,0.00033,sector_b
2159.41944444,0.99726652838838,0,0.00033,sector_b
2159.42083333,0.9972354099899545,0,0.00033,sector_b
2159.42222222,0.9978801461119953,0,0.00033,sector_b
2159.42361111,0.9974838148196333,0,0.00033,sector_b
2159.425,0.9972965948696169,0,0.00033,sector_b
2159.42638889,0.9971777188566393,0,0.00033,sector_b
2159.42777778,0.9975286047122703,0,0.00033,sector_b
2159.42916667,0.9973096275636933,0,0.00033,sector_b
2159.43055556,0.9970713293656674,0,0.00033,sector_b
2159.43194444,0.9976998173716625,0,0.00033,sector_b
2159.43333333,0.9974876429483331,0,0.00033,sector_b
2159.43472222,0.9973738981381228,0,0.00033,sector_b
2159.43611111,0.9974070537594556,0,0.00033,sector_b
2159.4375,0.9972886248546632,0,0.00033,sector_b
2159.43888889,0.9972616159597991,0,0.00033,sector_b
2159.44027778,0.9977502110823434,0,0.00033,sector_b
2159.44166667,0.997529027837055,0,0.00033,sector_b
2159.44305556,0.9972639481548851,0,0.00033,sector_b
2159.44444444,0.9974981573123093,0,0.00033,sector_b
2159.44583333,0.9971365374041912,0,0.00033,sector_b
2159.44722222,0.9977405711069173,0,0.00033,sector_b
2159.44861111,0.9970985381473343,0,0.00033,sector_b
2159.45,0.9973799616357207,0,0.00033,sector_b
2159.45138889,0.9970859827154227,0,0.00033,sector_b
2159.45277778,0.9969656210204226,0,0.00033,sector_b
2159.45416667,0.9976282101503267,0,0.00033,sector_b
2159.45555556,0.9975264282118556,0,0.00033,sector_b
2159.45694444,0.9971677531684924,0,0.00033,sector_b
2159.45833333,0.9976809105822698,0,0.00033,sector_b
2159.45972222,0.9972407440884304,0,0.00033,sector_b
2159.46111111,0.9974033362343467,0,0.00033,sector_b
2159.4625,0.9974222782290701,0,0.00033,sector_b
2159.46388889,0.9972449454520663,0,0.00033,sector_b
2159.46527778,0.9970856180532525,0,0.00033,sector_b
2159.46666667,0.9970945080630627,0,0.00033,sector_b
2159.46805556,0.9972235574267102,0,0.00033,sector_b
2159.46944444,0.9972035815248368,0,0.00033,sector_b
2159.47083333,0.9978403210560627,0,0.00033,sector_b
2159.47222222,0.9975894463191319,0,0.00033,sector_b
2159.47361111,0.9969866975790064,0,0.00033,sector_b
2159.475,0.9970631374018071,4096,0.00033,sector_b
2159.47638889,0.9973150105364198,0,0.00033,sector_b
2159.47777778,0.9968015312185511,0,0.00033,sector_b
2159.47916667,0.9970569226507325,0,0.00033,sector_b
2159.48055556,0.996946780716356,0,0.00033,sector_b
2159.48194444,0.9971435762039399,0,0.00033,sector_b
2159.48333333,0.9968068168668205,0,0.00033,sector_b
2159.48472222,0.9975680438275681,0,0.00033,sector_b
2159.48611111,0.9970007130781143,0,0.00033,sector_b
2159.4875,0.997314040272557,0,0.00033,sector_b
2159.48888889,0.9976378765300293,0,0.00033,sector_b
2159.49027778,0.9969557693209989,0,0.00033,sector_b
2159.49166667,0.9971934746333599,0,0.00033,sector_b
2159.49305556,0.9967805506057027,0,0.00033,sector_b
2159.49444444,0.9968191444474229,0,0.00033,sector_b
2159.49583333,0.9973506559835942,0,0.00033,sector_b
2159.49722222,0.996747846210353,0,0.00033,sector_b
2159.49861111,0.9969922972722877,0,0.00033,sector_b
2159.5,0.9973698167637653,0,0.00033,sector_b
2159.50138889,0.9969784712101634,0,0.00033,sector_b
2159.50277778,0.9974840210894437,0,0.00033,sector_b
2159.50416667,0.9970040176343032,0,0.00033,sector_b
2159.50555556,0.9975375484538033,0,0.00033,sector_b
2159.50694444,0.9972541206421761,0,0.00033,sector_b
2159.50833333,0.996971045381477,0,0.00033,sector_b
2159.50972222,0.9968438220365409,0,0.00033,sector_b
2159.51111111,0.9968981870250087,0,0.00033,sector_b
2159.5125,0.997722694469032,0,0.00033,sector_b
2159.51388889,0.9973179810990632,0,0.00033,sector_b
2159.51527778,0.9970479329535533,0,0.00033,sector_b
2159.51666667,0.9969426941693054,0,0.00033,sector_b
2159.51805556,0.9968947875222434,0,0.00033,sector_b
2159.51944444,0.9975386520154622,0,0.00033,sector_b
2159.52083333,0.9970556965680532,0,0.00033,sector_b
2159.52222222,0.996530960928606,0,0.00033,sector_b
2159.52361111,0.9972838110849785,0,0.00033,sector_b
2159.525,0.997095657148505,0,0.00033,sector_b
2159.52638889,0.9965031384885393,0,0.00033,sector_b
2159.52777778,0.9971024890091088,0,0.00033,sector_b
2159.52916667,0.9971325961102693,0,0.00033,sector_b
2159.53055556,0.9970687754661226,0,0.00033,sector_b
2159.53194444,0.9973263729389971,0,0.00033,sector_b
2159.53333333,0.997254871165869,0,0.00033,sector_b
2159.53472222,0.9977784280085994,0,0.00033,sector_b
2159.53611111,0.9970802521330482,0,0.00033,sector_b
2159.5375,0.997596797423331,0,0.00033,sector_b
2159.53888889,0.9965909954611116,0,0.00033,sector_b
2159.54027778,0.997334448158139,0,0.00033,sector_b
2159.54166667,0.9970157660636251,0,0.00033,sector_b
2159.54305556,0.9967953549709587,0,0.00033,sector_b
2159.54444444,0.9969250986534967,0,0.00033,sector_b
2159.54583333,0.9968373681375328,0,0.00033,sector_b
2159.54722222,0.9967525334225759,0,0.00033,sector_b
2159.54861111,0.9972638534940989,0,0.00033,sector_b
2159.55,0.9972256716470727,0,0.00033,sector_b
2159.55138889,0.9968898575689575,0,0.00033,sector_b
2159.55277778,0.9969402468639117,0,0.00033,sector_b
2159.55416667,0.9970531016577153,0,0.00033,sector_b
2159.55555556,0.997325994532211,0,0.00033,sector_b
2159.55694444,0.996920631415275,0,0.00033,sector_b
2159.55833333,0.9972551621608838,0,0.00033,sector_b
2159.55972222,0.9966133506775952,0,0.00033,sector_b
2159.56111111,0.9962037449934453,0,0.00033,sector_b
2159.5625,0.9967178950082392,0,0.00033,sector_b
2159.56388889,0.9968662124699321,0,0.00033,sector_b
2159.56527778,0.9970862216199229,0,0.00033,sector_b
2159.56666667,0.9970417479440011,0,0.00033,sector_b
2159.56805556,0.9972727491411861,0,0.00033,sector_b
2159.56944444,0.996839830398813,0,0.00033,sector_b
2159.57083333,0.996901543247328,0,0.00033,sector_b
2159.57222222,0.9967271042532775,0,0.00033,sector_b
2159.57361111,0.9967209803374609,0,0.00033,sector_b
2159.575,0.9963419132698383,0,0.00033,sector_b
2159.57638889,0.9969764520002358,0,0.00033,sector_b
2159.57777778,0.9967393030309046,0,0.00033,sector_b
2159.57916667,0.9966597777475027,0,0.00033,sector_b
2159.58055556,0.9968089189886153,0,0.00033,sector_b
2159.58194444,0.9970897256348145,0,0.00033,sector_b
2159.58333333,0.9974237410907933,0,0.00033,sector_b
2159.58472222,0.9966541522042416,0,0.00033,sector_b
2159.58611111,0.9969306439965364,0,0.00033,sector_b
2159.5875,0.9967813817848148,0,0.00033,sector_b
2159.58888889,0.9964997964319122,0,0.00033,sector_b
2159.59027778,0.9968673546756788,0,0.00033,sector_b
2159.59166667,0.996608529171203,0,0.00033,sector_b
2159.59305556,0.9970541739133187,0,0.00033,sector_b
2159.59444444,0.9968952599723857,0,0.00033,sector_b
2159.59583333,0.9968144450603708,0,0.00033,sector_b
2159.59722222,0.996904150085542,0,0.00033,sector_b
2159.59861111,0.9967795398770926,0,0.00033,sector_b
2159.6,0.9969874191046456,0,0.00033,sector_b
2159.60138889,0.9971603679617161,0,0.00033,sector_b
2159.60277778,0.9964900985968127,0,0.00033,sector_b
2159.60416667,0.9970583058496902,0,0.00033,sector_b
2159.60555556,0.9967071688780149,0,0.00033,sector_b
2159.60694444,0.9969170563577707,0,0.00033,sector_b
2159.60833333,0.9971820709433605,0,0.00033,sector_b
2159.60972222,0.9970171394211597,0,0.00033,sector_b
2159.61111111,0.9968820049032313,0,0.00033,sector_b
2159.6125,0.9969640684270586,0,0.00033,sector_b
2159.61388889,0.9964764844393286,0,0.00033,sector_b
2159.61527778,0.9967405764943269,0,0.00033,sector_b
2159.61666667,0.9965547149430993,0,0.00033,sector_b
2159.61805556,0.9968605187255308,0,0.00033,sector_b
2159.61944444,0.9968330638970444,0,0.00033,sector_b
2159.62083333,0.9968494840741368,0,0.00033,sector_b
2159.62222222,0.9963696706531773,0,0.00033,sector_b
2159.62361111,0.9963350599047553,0,0.00033,sector_b
2159.625,0.9967438858442328,0,0.00033,sector_b
2159.62638889,0.9969670723443288,0,0.00033,sector_b
2159.62777778,0.9965303675055145,0,0.00033,sector_b
2159.62916667,0.9969667118061261,0,0.00033,sector_b
2159.63055556,0.9967780957562697,0,0.00033,sector_b
2159.63194444,0.9971625685159553,0,0.00033,sector_b
2159.63333333,0.9959605605977636,0,0.00033,sector_b
2159.63472222,0.9964739367890061,0,0.00033,sector_b
2159.63611111,0.996300797925153,0,0.00033,sector_b
2159.6375,0.996209037688579,0,0.00033,sector_b
2159.63888889,0.9969291478542505,0,0.00033,sector_b
2159.64027778,0.9967651002554722,0,0.00033,sector_b
2159.64166667,0.9966489393250648,0,0.00033,sector_b
2159.64305556,0.9966382271798161,0,0.00033,sector_b
2159.64444444,0.9969119177521544,0,0.00033,sector_b
2159.64583333,0.9965454726024148,0,0.00033,sector_b
2159.64722222,0.9966273273890249,0,0.00033,sector_b
2159.64861111,0.9970633596379965,0,0.00033,sector_b
2159.65,0.9965744996269905,0,0.00033,sector_b
2159.65138889,0.9965095070643022,0,0.00033,sector_b
2159.65277778,0.9962091159404567,0,0.00033,sector_b
2159.65416667,0.9963718927575343,0,0.00033,sector_b
2159.65555556,0.9966851987969797,0,0.00033,sector_b
2159.65694444,0.996663505389841,0,0.00033,sector_b
2159.65833333,0.9963944746284358,0,0.00033,sector_b
2159.65972222,0.9962097093711091,0,0.00033,sector_b
2159.66111111,0.9963787284158427,0,0.00033,sector_b
2159.6625,0.9965640156164962,0,0.00033,sector_b
2159.66388889,0.996339780471603,0,0.00033,sector_b
2159.66527778,0.9962110996467267,0,0.00033,sector_b
2159.66666667,0.9963411371587443,0,0.00033,sector_b
2159.66805556,0.9966637762820238,0,0.00033,sector_b
2159.66944444,0.9964083532388965,0,0.00033,sector_b
2159.67083333,0.9965465431756791,0,0.00033,sector_b
2159.67222222,0.9965529817619381,0,0.00033,sector_b
2159.67361111,0.9965357305074529,0,0.00033,sector_b
2159.675,0.9967604897048093,0,0.00033,sector_b
2159.67638889,0.9964632657037432,0,0.00033,sector_b
2159.67777778,0.9962871316264215,0,0.00033,sector_b
2159.67916667,0.9966990683256046,0,0.00033,sector_b
2159.68055556,0.996823741159947,0,0.00033,sector_b
2159.68194444,0.9968280053226767,0,0.00033,sector_b
2159.68333333,0.9969768828857501,0,0.00033,sector_b
2159.68472222,0.9962192191179711,0,0.00033,sector_b
2159.68611111,0.9960336672938841,0,0.00033,sector_b
2159.6875,0.9960713228588345,0,0.00033,sector_b
2159.68888889,0.9967352653558305,0,0.00033,sector_b
2159.69027778,0.9963440561585878,0,0.00033,sector_b
2159.69166667,0.9960812545549699,0,0.00033,sector_b
2159.69305556,0.9969619641519125,0,0.00033,sector_b
2159.69444444,0.9969401270833923,0,0.00033,sector_b
2159.69583333,0.9959993766937649,0,0.00033,sector_b
2159.69722222,0.9960949554592511,0,0.00033,sector_b
2159.69861111,0.996839119751674,0,0.00033,sector_b
2159.7,0.9963942007318979,0,0.00033,sector_b
2159.70138889,0.9964114177193514,0,0.00033,sector_b
2159.70277778,0.9963589439556482,0,0.00033,sector_b
2159.70416667,0.9963599698894239,0,0.00033,sector_b
2159.70555556,0.9964602478095695,0,0.00033,sector_b
2159.70694444,0.9966082179022322,0,0.00033,sector_b
2159.70833333,0.9965385937444636,0,0.00033,sector_b
2159.70972222,0.9966644639258639,0,0.00033,sector_b
2159.71111111,0.9962006920196353,0,0.00033,sector_b
2159.7125,0.9969547724502116,0,0.00033,sector_b
2159.71388889,0.9967338949399591,0,0.00033,sector_b
2159.71527778,0.9962071447978569,0,0.00033,sector_b
2159.71666667,0.9964309407349567,0,0.00033,sector_b
2159.71805556,0.9969338010563822,0,0.00033,sector_b
2159.71944444,0.9962079461241063,0,0.00033,sector_b
2159.72083333,0.9963330909963605,0,0.00033,sector_b
2159.72222222,0.9965260615326239,0,0.00033,sector_b
2159.72361111,0.9966689185492879,0,0.00033,sector_b
2159.725,0.9964042509591182,0,0.00033,sector_b
2159.72638889,0.9964895682886916,0,0.00033,sector_b
2159.72777778,0.9964407898706152,0,0.00033,sector_b
2159.72916667,0.9964265307878355,0,0.00033,sector_b
2159.73055556,0.996363705269931,0,0.00033,sector_b
2159.73194444,0.9961315511988259,0,0.00033,sector_b
2159.73333333,0.9958392574726997,0,0.00033,sector_b
2159.73472222,0.9961680145260156,0,0.00033,sector_b
2159.73611111,0.9959337899275349,0,0.00033,sector_b
2159.7375,0.9962114663235969,0,0.00033,sector_b
2159.73888889,0.9966427218396716,0,0.00033,sector_b
2159.74027778,0.9964288894751159,0,0.00033,sector_b
2159.74166667,0.9965336613374021,0,0.00033,sector_b
2159.74305556,0.9962236774412427,0,0.00033,sector_b
2159.74444444,0.9959165351103924,0,0.00033,sector_b
2159.74583333,0.9961457872654589,0,0.00033,sector_b
2159.74722222,0.9965850317190692,0,0.00033,sector_b
2159.74861111,0.9963896580092659,0,0.00033,sector_b
2159.75,0.9961508325530211,0,0.00033,sector_b
2159.75138889,0.995894839445331,0,0.00033,sector_b
2159.75277778,0.9962779259018008,0,0.00033,sector_b
2159.75416667,0.9965058354138948,0,0.00033,sector_b
2159.75555556,0.9956341991348258,0,0.00033,sector_b
2159.75694444,0.9964364632190351,0,0.00033,sector_b
2159.75833333,0.9967586428778134,0,0.00033,sector_b
2159.75972222,0.9965236181120756,0,0.00033,sector_b
2159.76111111,0.9962826152053427,0,0.00033,sector_b
2159.7625,0.9960122419239329,0,0.00033,sector_b
2159.76388889,0.99629423422838,0,0.00033,sector_b
2159.76527778,0.9961278126512713,0,0.00033,sector_b
2159.76666667,0.996471285757287,0,0.00033,sector_b
2159.76805556,0.9958859707930328,0,0.00033,sector_b
2159.76944444,0.996535466320097,0,0.00033,sector_b
2159.77083333,0.9962450942203014,0,0.00033,sector_b
2159.77222222,0.9965264152479173,0,0.00033,sector_b
2159.77361111,0.9964564953902325,0,0.00033,sector_b
2159.775,0.9959574355945425,0,0.00033,sector_b
2159.77638889,0.9955659252314526,0,0.00033,sector_b
2159.77777778,0.9963793822701691,0,0.00033,sector_b
2159.77916667,0.995844068633807,0,0.00033,sector_b
2159.78055556,0.9965756688117071,0,0.00033,sector_b
2159.78194444,0.996000199810271,0,0.00033,sector_b
2159.78333333,0.9958383410488022,0,0.00033,sector_b
2159.78472222,0.9963076587298275,0,0.00033,sector_b
2159.78611111,0.9958489041098657,0,0.00033,sector_b
2159.7875,0.9963246095932581,0,0.00033,sector_b
2159.78888889,0.9959498525037624,0,0.00033,sector_b
2159.79027778,0.9963997905816376,0,0.00033,sector_b
2159.79166667,0.9962896727593877,0,0.00033,sector_b
2159.79305556,0.9963081481835333,0,0.00033,sector_b
2159.79444444,0.9963772879305605,0,0.00033,sector_b
2159.79583333,0.9964236311803004,0,0.00033,sector_b
2159.79722222,0.9960613874970321,0,0.00033,sector_b
2159.79861111,0.9964458905516573,0,0.00033,sector_b
2159.8,0.9958873030753087,0,0.00033,sector_b
2159.80138889,0.9960846211812122,0,0.00033,sector_b
2159.80277778,0.9960872072786834,0,0.00033,sector_b
2159.80416667,0.9958889491326963,0,0.00033,sector_b
2159.80555556,0.9964619845742797,0,0.00033,sector_b
2159.80694444,0.9961877909298738,0,0.00033,sector_b
2159.80833333,0.9959793361503055,0,0.00033,sector_b
2159.80972222,0.9959277581159425,0,0.00033,sector_b
2159.81111111,0.9962211995244996,0,0.00033,sector_b
2159.8125,0.996384505363167,0,0.00033,sector_b
2159.81388889,0.996260694849243,0,0.00033,sector_b
2159.81527778,0.9957633121499391,0,0.00033,sector_b
2159.81666667,0.9962997748922718,0,0.00033,sector_b
2159.81805556,0.9960375715993623,0,0.00033,sector_b
2159.81944444,0.9957256249069122,0,0.00033,sector_b
2159.82083333,0.9961459437616458,0,0.00033,sector_b
2159.82222222,0.9962054860655958,0,0.00033,sector_b
2159.82361111,0.9958055761898901,0,0.00033,sector_b
2159.825,0.9961499404408821,0,0.00033,sector_b
2159.82638889,0.9962520971361734,0,0.00033,sector_b
2159.82777778,0.9960859352664079,0,0.00033,sector_b
2159.82916667,0.995904493044497,0,0.00033,sector_b
2159.83055556,0.9957098134140144,0,0.00033,sector_b
2159.83194444,0.9961176706336048,0,0.00033,sector_b
2159.83333333,0.99618888149066,0,0.00033,sector_b
2159.83472222,0.996077557940976,0,0.00033,sector_b
2159.83611111,0.9956532959175406,0,0.00033,sector_b
2159.8375,0.995880861812294,0,0.00033,sector_b
2159.83888889,0.9962094482547437,0,0.00033,sector_b
2159.84027778,0.996085910293952,0,0.00033,sector_b
2159.84166667,0.9956259954736282,0,0.00033,sector_b
2159.84305556,0.9957279864265645,0,0.00033,sector_b
2159.84444444,0.996368553303154,0,0.00033,sector_b
2159.84583333,0.995157978381104,0,0.00033,sector_b
2159.84722222,0.9961719478697904,0,0.00033,sector_b
2159.84861111,0.9957726762854,0,0.00033,sector_b
2159.85,0.9960724474684017,0,0.00033,sector_b
2159.85138889,0.9959161569217304,0,0.00033,sector_b
2159.85277778,0.9955214558640496,0,0.00033,sector_b
2159.85416667,0.9954246080459381,0,0.00033,sector_b
2159.85555556,0.9959990809357537,0,0.00033,sector_b
2159.85694444,0.9957301697697618,0,0.00033,sector_b
2159.85833333,0.9965069019844826,0,0.00033,sector_b
2159.85972222,0.996069489030919,0,0.00033,sector_b
2159.86111111,0.9959151908547991,0,0.00033,sector_b
2159.8625,0.9962734783093747,0,0.00033,sector_b
2159.86388889,0.9959570186193286,0,0.00033,sector_b
2159.86527778,0.9959297358662139,0,0.00033,sector_b
2159.86666667,0.9957897034883995,0,0.00033,sector_b
2159.86805556,0.995903160148332,0,0.00033,sector_b
2159.86944444,0.9953113425292203,0,0.00033,sector_b
2159.87083333,0.9962371171625064,0,0.00033,sector_b
2159.87222222,0.995684310353168,0,0.00033,sector_b
2159.87361111,0.9958519151885075,0,0.00033,sector_b
2159.875,0.9960291260433585,0,0.00033,sector_b
2159.87638889,0.9956071646806299,0,0.00033,sector_b
2159.87777778,0.996023626554064,0,0.00033,sector_b
2159.87916667,0.9960213152957668,0,0.00033,sector_b
2159.88055556,0.9957527093307778,0,0.00033,sector_b
2159.88194444,0.9962747400684087,0,0.00033,sector_b
2159.88333333,0.9960025346125039,0,0.00033,sector_b
2159.88472222,0.9958525976841709,0,0.00033,sector_b
2159.88611111,0.9954977713042171,0,0.00033,sector_b
2159.8875,0.9964870188871121,0,0.00033,sector_b
2159.88888889,0.9957776020940362,0,0.00033,sector_b
2159.89027778,0.9957832680035476,0,0.00033,sector_b
2159.89166667,0.9961231229006191,0,0.00033,sector_b
2159.89305556,0.9959078763714806,0,0.00033,sector_b
2159.89444444,0.9956608727448536,0,0.00033,sector_b
2159.89583333,0.9957682090881925,0,0.00033,sector_b
2159.89722222,0.9956746110830546,0,0.00033,sector_b
2159.89861111,0.9959035035676398,0,0.00033,sector_b
2159.9,0.9964578374873868,0,0.00033,sector_b
2159.90138889,0.9958204922822071,0,0.00033,sector_b
2159.90277778,0.9958568346094955,0,0.00033,sector_b
2159.90416667,0.9958612947885234,0,0.00033,sector_b
2159.90555556,0.9954534808539722,0,0.00033,sector_b
2159.90694444,0.9959185825110767,0,0.00033,sector_b
2159.90833333,0.995771969922166,0,0.00033,sector_b
2159.90972222,0.9957214013881567,0,0.00033,sector_b
2159.91111111,0.9956860047091423,0,0.00033,sector_b
2159.9125,0.9958496481773502,0,0.00033,sector_b
2159.91388889,0.9956513930015914,0,0.00033,sector_b
2159.91527778,0.9957069899760628,0,0.00033,sector_b
2159.91666667,0.9952024859787028,0,0.00033,sector_b
2159.91805556,0.9954510339603644,0,0.00033,sector_b
2159.91944444,0.9961531422857132,0,0.00033,sector_b
2159.92083333,0.9953289779984443,0,0.00033,sector_b
2159.92222222,0.9955104292349926,0,0.00033,sector_b
2159.92361111,0.9954076858081591,0,0.00033,sector_b
2159.925,0.9959227118855354,0,0.00033,sector_b
2159.92638889,0.995675773311278,0,0.00033,sector_b
2159.92777778,0.9955811197892294,0,0.00033,sector_b
2159.92916667,0.995591660144683,0,0.00033,sector_b
2159.93055556,0.9956494632536725,0,0.00033,sector_b
2159.93194444,0.9959472470479676,0,0.00033,sector_b
2159.93333333,0.995817104372911,0,0.00033,sector_b
2159.93472222,0.9961466214144705,0,0.00033,sector_b
2159.93611111,0.9957199815224673,0,0.00033,sector_b
2159.9375,0.9956847538405728,0,0.00033,sector_b
2159.93888889,0.9954020442726379,0,0.00033,sector_b
2159.94027778,0.9961055572531781,0,0.00033,sector_b
2159.94166667,0.9953530697774835,0,0.00033,sector_b
2159.94305556,0.9960553814853031,0,0.00033,sector_b
2159.94444444,0.9955525040444226,0,0.00033,sector_b
2159.94583333,0.9963000133391615,0,0.00033,sector_b
2159.94722222,0.9959063004937383,0,0.00033,sector_b
2159.94861111,0.9961873343235034,0,0.00033,sector_b
2159.95,0.9956780822737374,0,0.00033,sector_b
2159.95138889,0.9957144085283318,0,0.00033,sector_b
2159.95277778,0.9958098991148606,0,0.00033,sector_b
2159.95416667,0.9954294231052062,0,0.00033,sector_b
2159.95555556,0.9956123309821356,0,0.00033,sector_b
2159.95694444,0.9953747787612215,0,0.00033,sector_b
2159.95833333,0.9955443481741638,0,0.00033,sector_b
2159.95972222,0.9958850328017843,0,0.00033,sector_b
2159.96111111,0.9958127457653997,0,0.00033,sector_b
2159.9625,0.9953958762170054,0,0.00033,sector_b
2159.96388889,0.9954142920462535,0,0.00033,sector_b
2159.96527778,0.9956950780608702,0,0.00033,sector_b
2159.96666667,0.995651956281948,0,0.00033,sector_b
2159.96805556,0.9958568930931334,0,0.00033,sector_b
2159.96944444,0.9957741933833879,0,0.00033,sector_b
2159.97083333,0.9951976127758193,0,0.00033,sector_b
2159.97222222,0.9952537898120956,0,0.00033,sector_b
2159.97361111,0.9959315001283789,0,0.00033,sector_b
2159.975,0.9959648609052414,0,0.00033,sector_b
2159.97638889,0.9953290628901552,0,0.00033,sector_b
2159.97777778,0.9953380141052826,0,0.00033,sector_b
2159.97916667,0.9954393095450986,0,0.00033,sector_b
2159.98055556,0.9958643610785471,0,0.00033,sector_b
2159.98194444,0.995591189715421,0,0.00033,sector_b
2159.98333333,0.9965100603053376,0,0.00033,sector_b
2159.98472222,0.9957797184310343,0,0.00033,sector_b
2159.98611111,0.9956108320925121,0,0.00033,sector_b
2159.9875,0.9953104494074372,0,0.00033,sector_b
2159.98888889,0.9955139659349442,0,0.00033,sector_b
2159.99027778,0.9951515614988842,0,0.00033,sector_b
2159.99166667,0.9955379749160195,0,0.00033,sector_b
2159.99305556,0.9958392568821975,0,0.00033,sector_b
2159.99444444,0.9958936415642767,0,0.00033,sector_b
2159.99583333,0.9956475279953813,0,0.00033,sector_b
2159.99722222,0.9958699448452455,0,0.00033,sector_b
2159.99861111,0.9956351707711156,0,0.00033,sector_b
2160.0,0.9955212255044162,0,0.00033,sector_b
2160.00138889,0.9959215805916573,0,0.00033,sector_b
2160.00277778,0.995565817608847,0,0.00033,sector_b
2160.00416667,0.9952341304516319,0,0.00033,sector_b
2160.00555556,0.9955748580557837,0,0.00033,sector_b
2160.00694444,0.9959724872429183,0,0.00033,sector_b
2160.00833333,0.995120141997506,0,0.00033,sector_b
2160.00972222,0.99581465802279,0,0.00033,sector_b
2160.01111111,0.9958487873462443,0,0.00033,sector_b
2160.0125,0.9951771314072244,0,0.00033,sector_b
2160.01388889,0.9955415818753106,0,0.00033,sector_b
2160.01527778,0.995754896621399,0,0.00033,sector_b
2160.01666667,0.9956466728083397,0,0.00033,sector_b
2160.01805556,0.9959401602613311,0,0.00033,sector_b
2160.01944444,0.9956931472733889,0,0.00033,sector_b
2160.02083333,0.9949275854994202,0,0.00033,sector_b
2160.02222222,0.9955553734776611,0,0.00033,sector_b
2160.02361111,0.9956758814627765,0,0.00033,sector_b
2160.025,0.9954543604275636,0,0.00033,sector_b
2160.02638889,0.9957061379570701,0,0.00033,sector_b
2160.02777778,0.9959440930701607,0,0.00033,sector_b
2160.02916667,0.995196409449396,0,0.00033,sector_b
2160.03055556,0.9958429301872382,0,0.00033,sector_b
2160.03194444,0.9954505233313437,0,0.00033,sector_b
2160.03333333,0.9956027994270625,0,0.00033,sector_b
2160.03472222,0.9958794551336084,0,0.00033,sector_b
2160.03611111,0.9954304870851461,0,0.00033,sector_b
2160.0375,0.9955722230714228,0,0.00033,sector_b
2160.03888889,0.995318377638916,0,0.00033,sector_b
2160.04027778,0.9957860974407124,0,0.00033,sector_b
2160.04166667,0.9956320531636835,0,0.00033,sector_b
2160.04305556,0.9953015499545769,0,0.00033,sector_b
2160.04444444,0.9956584018699887,0,0.00033,sector_b
2160.04583333,0.9953565630817461,0,0.00033,sector_b
2160.04722222,0.9957914295966525,0,0.00033,sector_b
2160.04861111,0.9958659694553589,0,0.00033,sector_b
2160.05,0.995494976679665,0,0.00033,sector_b
2160.05138889,0.9959171682056738,0,0.00033,sector_b
2160.05277778,0.9956052630694898,0,0.00033,sector_b
2160.05416667,0.995780963185764,0,0.00033,sector_b
2160.05555556,0.9959130470138791,0,0.00033,sector_b
2160.05694444,0.9953658577934821,0,0.00033,sector_b
2160.05833333,0.9955078999568284,0,0.00033,sector_b
2160.05972222,0.9955209666988707,0,0.00033,sector_b
2160.06111111,0.9955101348396164,0,0.00033,sector_b
2160.0625,0.9955154728621189,0,0.00033,sector_b
2160.06388889,0.9958292074366747,0,0.00033,sector_b
2160.06527778,0.9949703394663691,0,0.00033,sector_b
2160.06666667,0.9955829049671485,0,0.00033,sector_b
2160.06805556,0.9955977864640182,0,0.00033,sector_b
2160.06944444,0.9957150822836482,0,0.00033,sector_b
2160.07083333,0.9956241912178012,0,0.00033,sector_b
2160.07222222,0.995304153351092,0,0.00033,sector_b
2160.07361111,0.9958612238213014,0,0.00033,sector_b
2160.075,0.9957197684855448,0,0.00033,sector_b
2160.07638889,0.9959034774084302,0,0.00033,sector_b
2160.07777778,0.9956887320713639,0,0.00033,sector_b
2160.07916667,0.9951796326943373,0,0.00033,sector_b
2160.08055556,0.9952263693965285,0,0.00033,sector_b
2160.08194444,0.9957316833917935,0,0.00033,sector_b
2160.08333333,0.9954709374774231,0,0.00033,sector_b
2160.08472222,0.9953016764412578,0,0.00033,sector_b
2160.08611111,0.9959585327125432,0,0.00033,sector_b
2160.0875,0.9954505963943698,0,0.00033,sector_b
2160.08888889,0.9957109486902537,0,0.00033,sector_b
2160.09027778,0.9958131902585705,0,0.00033,sector_b
2160.09166667,0.9951021539208965,0,0.00033,sector_b
2160.09305556,0.9953964383663886,0,0.00033,sector_b
2160.09444444,0.9951374157101384,0,0.00033,sector_b
2160.09583333,0.9951326599704685,0,0.00033,sector_b
2160.09722222,0.9946931623632581,0,0.00033,sector_b
2160.09861111,0.995424396858834,0,0.00033,sector_b
2160.1,0.9951310908908951,0,0.00033,sector_b
2160.10138889,0.9951319314760194,0,0.00033,sector_b
2160.10277778,0.9956232699518267,0,0.00033,sector_b
2160.10416667,0.9955133386242512,0,0.00033,sector_b
2160.10555556,0.9952565920864819,0,0.00033,sector_b
2160.10694444,0.995198992844906,0,0.00033,sector_b
2160.10833333,0.9954872584629747,0,0.00033,sector_b
2160.10972222,0.995245427817666,0,0.00033,sector_b
2160.11111111,0.9954329431712767,0,0.00033,sector_b
2160.1125,0.9954927784106296,0,0.00033,sector_b
2160.11388889,0.9956984054440046,0,0.00033,sector_b
2160.11527778,0.9954123524618151,0,0.00033,sector_b
2160.11666667,0.9948844500179294,0,0.00033,sector_b
2160.11805556,0.9954540967208984,0,0.00033,sector_b
2160.11944444,0.9954734047297481,0,0.00033,sector_b
2160.12083333,0.9956094680676127,0,0.00033,sector_b
2160.12222222,0.9953884004686642,0,0.00033,sector_b
2160.12361111,0.9952038332077838,0,0.00033,sector_b
2160.125,0.9953781639264314,0,0.00033,sector_b
2160.12638889,0.9949490079940757,0,0.00033,sector_b
2160.12777778,0.9950181736599762,0,0.00033,sector_b
2160.12916667,0.9956515996931433,0,0.00033,sector_b
2160.13055556,0.9954425407438932,0,0.00033,sector_b
2160.13194444,0.9955170902739585,0,0.00033,sector_b
2160.13333333,0.9952319188232471,0,0.00033,sector_b
2160.13472222,0.9954896369705182,0,0.00033,sector_b
2160.13611111,0.9952129802128101,0,0.00033,sector_b
2160.1375,0.9951489190384439,0,0.00033,sector_b
2160.13888889,0.9954039259439836,0,0.00033,sector_b
2160.14027778,0.9956159103901767,0,0.00033,sector_b
2160.14166667,0.9951163897701585,0,0.00033,sector_b
2160.14305556,0.9959257170190573,0,0.00033,sector_b
2160.14444444,0.9952500535597825,0,0.00033,sector_b
2160.14583333,0.9956149932378283,0,0.00033,sector_b
2160.14722222,0.9949334835912655,0,0.00033,sector_b
2160.14861111,0.9955596167003607,0,0.00033,sector_b
2160.15,0.9954589375095182,0,0.00033,sector_b
2160.15138889,0.9956967070250344,0,0.00033,sector_b
2160.15277778,0.9953952335173075,0,0.00033,sector_b
2160.15416667,0.9956247434158901,0,0.00033,sector_b
2160.15555556,0.9949907674044804,0,0.00033,sector_b
2160.15694444,0.9954698646620649,0,0.00033,sector_b
2160.15833333,0.995521275063134,0,0.00033,sector_b
2160.15972222,0.9960640847631472,0,0.00033,sector_b
2160.16111111,0.9949636123433944,0,0.00033,sector_b
2160.1625,0.9950446316297015,0,0.00033,sector_b
2160.16388889,0.9955803865987797,0,0.00033,sector_b
2160.16527778,0.9955800555909295,0,0.00033,sector_b
2160.16666667,0.9949967481125813,0,0.00033,sector_b
2160.16805556,0.9954410917242356,0,0.00033,sector_b
2160.16944444,0.9947864154643351,0,0.00033,sector_b
2160.17083333,0.9957223472932021,0,0.00033,sector_b
2160.17222222,0.9958984468117636,0,0.00033,sector_b
2160.17361111,0.9953732823739937,0,0.00033,sector_b
2160.175,0.9954588846227248,0,0.00033,sector_b
2160.17638889,0.9954021795381863,0,0.00033,sector_b
2160.17777778,0.9954340049244805,0,0.00033,sector_b
2160.17916667,0.9954479339549289,0,0.00033,sector_b
2160.18055556,0.9949492362500354,0,0.00033,sector_b
2160.18194444,0.9954692543056493,0,0.00033,sector_b
2160.18333333,0.99521664120493,0,0.00033,sector_b
2160.18472222,0.9950798290252062,0,0.00033,sector_b
2160.18611111,0.9952554587195197,0,0.00033,sector_b
2160.1875,0.9952541139637779,0,0.00033,sector_b
2160.18888889,0.9949636147600484,0,0.00033,sector_b
2160.19027778,0.9951491227918676,0,0.00033,sector_b
2160.19166667,0.9952486232981703,0,0.00033,sector_b
2160.19305556,0.9954619195102306,0,0.00033,sector_b
2160.19444444,0.9950450132430773,0,0.00033,sector_b
2160.19583333,0.995429582493459,0,0.00033,sector_b
2160.19722222,0.9952600971970467,0,0.00033,sector_b
2160.19861111,0.9951803367025503,0,0.00033,sector_b
2160.2,0.9953777787663304,0,0.00033,sector_b
2160.20138889,0.9949048769739303,0,0.00033,sector_b
2160.20277778,0.995106772523561,0,0.00033,sector_b
2160.20416667,0.9953542925119172,0,0.00033,sector_b
2160.20555556,0.9954512770275137,0,0.00033,sector_b
2160.20694444,0.9957069233081963,0,0.00033,sector_b
2160.20833333,0.9948238593569037,0,0.00033,sector_b
2160.20972222,0.9953884166229542,0,0.00033,sector_b
2160.21111111,0.995414846619188,0,0.00033,sector_b
2160.2125,0.9949952966871994,0,0.00033,sector_b
2160.21388889,0.9954370728410211,0,0.00033,sector_b
2160.21527778,0.9954825577127919,0,0.00033,sector_b
2160.21666667,0.9951964535861217,0,0.00033,sector_b
2160.21805556,0.9954180647692443,0,0.00033,sector_b
2160.21944444,0.9954337996081846,0,0.00033,sector_b
2160.22083333,0.9949362772303377,0,0.00033,sector_b
2160.22222222,0.9959300560970716,0,0.00033,sector_b
2160.22361111,0.9952635198719103,0,0.00033,sector_b
2160.225,0.9954335595142144,0,0.00033,sector_b
2160.22638889,0.9953031149952549,0,0.00033,sector_b
2160.22777778,0.9952543305956629,0,0.00033,sector_b
2160.22916667,0.9947616104934328,0,0.00033,sector_b
2160.23055556,0.9956917593095586,0,0.00033,sector_b
2160.23194444,0.9951889019321579,0,0.00033,sector_b
2160.23333333,0.9950315118453975,0,0.00033,sector_b
2160.23472222,0.9955360557560542,0,0.00033,sector_b
2160.23611111,0.9950377009374924,0,0.00033,sector_b
2160.2375,0.9957286429756609,0,0.00033,sector_b
2160.23888889,0.9953003852936548,0,0.00033,sector_b
2160.24027778,0.9950936234446396,0,0.00033,sector_b
2160.24166667,0.9953226806366076,0,0.00033,sector_b
2160.24305556,0.9952932141273012,0,0.00033,sector_b
2160.24444444,0.9953463866635743,0,0.00033,sector_b
2160.24583333,0.9954315455034561,0,0.00033,sector_b
2160.24722222,0.9955232194371818,0,0.00033,sector_b
2160.24861111,0.9956574449692646,0,0.00033,sector_b
2160.25,0.9952652573220991,0,0.00033,sector_b
2160.25138889,0.9951501646237833,0,0.00033,sector_b
2160.25277778,0.9952628043525901,0,0.00033,sector_b
2160.25416667,0.995016213166632,0,0.00033,sector_b
2160.25555556,0.9951815396968566,0,0.00033,sector_b
2160.25694444,0.9954419674127863,0,0.00033,sector_b
2160.25833333,0.9954897833593899,0,0.00033,sector_b
2160.25972222,0.9953944148050183,0,0.00033,sector_b
2160.26111111,0.9955703656614199,0,0.00033,sector_b
2160.2625,0.9956658371028682,0,0.00033,sector_b
2160.26388889,0.9950818911005908,0,0.00033,sector_b
2160.26527778,0.9951810412068373,0,0.00033,sector_b
2160.26666667,0.9954697531082456,0,0.00033,sector_b
2160.26805556,0.9952148429263277,0,0.00033,sector_b
2160.26944444,0.9952421226536965,0,0.00033,sector_b
2160.27083333,0.9955530714596877,0,0.00033,sector_b
2160.27222222,0.9951374052285216,0,0.00033,sector_b
2160.27361111,0.9956409938711037,0,0.00033,sector_b
2160.275,0.9951320057949515,0,0.00033,sector_b
2160.27638889,0.9952386945400453,0,0.00033,sector_b
2160.27777778,0.9952508451080302,0,0.00033,sector_b
2160.27916667,0.9954625416929009,0,0.00033,sector_b
2160.28055556,0.9958866202404202,0,0.00033,sector_b
2160.28194444,0.9952638007148361,0,0.00033,sector_b
2160.28333333,0.9955144500635784,0,0.00033,sector_b
2160.28472222,0.9948231589994925,4096,0.00033,sector_b
2160.28611111,0.9958413790714323,0,0.00033,sector_b
2160.2875,0.9949319776164669,0,0.00033,sector_b
2160.28888889,0.9950499826563625,0,0.00033,sector_b
2160.29027778,0.9956797780792729,0,0.00033,sector_b
2160.29166667,0.9955048130883418,0,0.00033,sector_b
2160.29305556,0.9950653242971356,0,0.00033,sector_b
2160.29444444,0.9952092902531934,0,0.00033,sector_b
2160.29583333,0.9955043296750229,0,0.00033,sector_b
2160.29722222,0.9953834349461234,0,0.00033,sector_b
2160.29861111,0.9960139986107284,0,0.00033,sector_b
2160.3,0.995516967429304,0,0.00033,sector_b
2160.30138889,0.9954883774779284,0,0.00033,sector_b
2160.30277778,0.9952670366298635,0,0.00033,sector_b
2160.30416667,0.9951211832287615,0,0.00033,sector_b
2160.30555556,0.9949660622823879,0,0.00033,sector_b
2160.30694444,0.9954386704751642,0,0.00033,sector_b
2160.30833333,0.9950189293431961,0,0.00033,sector_b
2160.30972222,0.9948989863216893,0,0.00033,sector_b
2160.31111111,0.9956775426951127,0,0.00033,sector_b
2160.3125,0.9956036622445372,0,0.00033,sector_b
2160.31388889,0.9952102056962565,0,0.00033,sector_b
2160.31527778,0.995378512808088,0,0.00033,sector_b
2160.31666667,0.9955945325086376,0,0.00033,sector_b
2160.31805556,0.9953268560493543,0,0.00033,sector_b
2160.31944444,0.9953015175560975,0,0.00033,sector_b
2160.32083333,0.9955158853675202,0,0.00033,sector_b
2160.32222222,0.9951681399715641,0,0.00033,sector_b
2160.32361111,0.9949706887281956,0,0.00033,sector_b
2160.325,0.9949638395966739,0,0.00033,sector_b
2160.32638889,0.9952601319191375,0,0.00033,sector_b
2160.32777778,0.9951720132746484,0,0.00033,sector_b
2160.32916667,0.9952585697443439,0,0.00033,sector_b
2160.33055556,0.9956003827918624,0,0.00033,sector_b
2160.33194444,0.9957440981824313,0,0.00033,sector_b
2160.33333333,0.9952408407819603,0,0.00033,sector_b
2160.33472222,0.9950688763807484,0,0.00033,sector_b
2160.33611111,0.9958748903058264,0,0.00033,sector_b
2160.3375,0.9955237140637464,0,0.00033,sector_b
2160.33888889,0.9950902381751904,0,0.00033,sector_b
2160.34027778,0.9955468366744756,0,0.00033,sector_b
2160.34166667,0.9954759651611069,0,0.00033,sector_b
2160.34305556,0.9952241026538206,0,0.00033,sector_b
2160.34444444,0.9951888344637402,0,0.00033,sector_b
2160.34583333,0.9949105599439607,0,0.00033,sector_b
2160.34722222,0.9958205087116294,0,0.00033,sector_b
2160.34861111,0.9951342125164208,0,0.00033,sector_b
2160.35,0.9951996503342543,0,0.00033,sector_b
2160.35138889,0.9956587534702551,0,0.00033,sector_b
2160.35277778,0.995525866434705,0,0.00033,sector_b
2160.35416667,0.99557068084128,0,0.00033,sector_b
2160.35555556,0.9955573376147944,0,0.00033,sector_b
2160.35694444,0.9953641235623354,0,0.00033,sector_b
2160.35833333,0.9948160755387477,0,0.00033,sector_b
2160.35972222,0.9955715758835821,0,0.00033,sector_b
2160.36111111,0.9953312684835448,0,0.00033,sector_b
2160.3625,0.9952881683029183,0,0.00033,sector_b
2160.36388889,0.995736090010841,0,0.00033,sector_b
2160.36527778,0.9954108263824029,0,0.00033,sector_b
2160.36666667,0.9959336468607466,0,0.00033,sector_b
2160.36805556,0.9952721862785802,0,0.00033,sector_b
2160.36944444,0.9957025745963057,0,0.00033,sector_b
2160.37083333,0.9950107533852719,0,0.00033,sector_b
2160.37222222,0.995325242022413,0,0.00033,sector_b
2160.37361111,0.9953191656673874,0,0.00033,sector_b
2160.375,0.9954153860745119,0,0.00033,sector_b
2160.37638889,0.9958671105141536,0,0.00033,sector_b
2160.37777778,0.9950176463699811,0,0.00033,sector_b
2160.37916667,0.9954452654426442,0,0.00033,sector_b
2160.38055556,0.9951120003994802,0,0.00033,sector_b
2160.38194444,0.9952579161023892,0,0.00033,sector_b
2160.38333333,0.995478213734296,0,0.00033,sector_b
2160.38472222,0.9949905124657821,0,0.00033,sector_b
2160.38611111,0.9949411804984873,0,0.00033,sector_b
2160.3875,0.9953177477210924,0,0.00033,sector_b
2160.38888889,0.9952261058773143,0,0.00033,sector_b
2160.39027778,0.9951067473634722,0,0.00033,sector_b
2160.39166667,0.9952652319939423,0,0.00033,sector_b
2160.39305556,0.9953102699130508,0,0.00033,sector_b
2160.39444444,0.9954134446414624,0,0.00033,sector_b
2160.39583333,0.9948088103075933,0,0.00033,sector_b
2160.39722222,0.9954915657531334,0,0.00033,sector_b
2160.39861111,0.9955943696377678,0,0.00033,sector_b
