time_mjd,flux,quality_flag,flux_err,sector
2162.15,1.0046089692157498,0,0.00033,sector_c
2162.15138889,1.00511065644864,0,0.00033,sector_c
2162.15277778,1.0053088455170274,0,0.00033,sector_c
2162.15416667,1.0050686690867967,0,0.00033,sector_c
2162.15555556,1.005120493524806,0,0.00033,sector_c
2162.15694444,1.0048701959251667,0,0.00033,sector_c
2162.15833333,1.0048548770654133,0,0.00033,sector_c
2162.15972222,1.0051954453049243,0,0.00033,sector_c
2162.16111111,1.004639093565546,0,0.00033,sector_c
2162.1625,1.0050895590738218,0,0.00033,sector_c
2162.16388889,1.0053183198659386,0,0.00033,sector_c
2162.16527778,1.00496890868611,0,0.00033,sector_c
2162.16666667,1.0052643561698966,0,0.00033,sector_c
2162.16805556,1.0050352813778893,0,0.00033,sector_c
2162.16944444,1.0047217804656436,0,0.00033,sector_c
2162.17083333,1.0051469810711386,0,0.00033,sector_c
2162.17222222,1.005025743534515,0,0.00033,sector_c
2162.17361111,1.0049694561865101,0,0.00033,sector_c
2162.175,1.0050136115964254,0,0.00033,sector_c
2162.17638889,1.00520858784134,0,0.00033,sector_c
2162.17777778,1.0045497287618783,0,0.00033,sector_c
2162.17916667,1.004991119960564,0,0.00033,sector_c
2162.18055556,1.0049215909317504,0,0.00033,sector_c
2162.18194444,1.0045680653659155,0,0.00033,sector_c
2162.18333333,1.0052187663818664,0,0.00033,sector_c
2162.18472222,1.0051016530511137,0,0.00033,sector_c
2162.18611111,1.004997572876146,0,0.00033,sector_c
2162.1875,1.005247669618436,0,0.00033,sector_c
2162.18888889,1.0048876771091688,0,0.00033,sector_c
2162.19027778,1.004713038766527,0,0.00033,sector_c
2162.19166667,1.004844986576974,0,0.00033,sector_c
2162.19305556,1.0051889253628925,0,0.00033,sector_c
2162.19444444,1.0052420061365932,0,0.00033,sector_c
2162.19583333,1.0053260996907891,0,0.00033,sector_c
2162.19722222,1.004750183976631,0,0.00033,sector_c
2162.19861111,1.0048912033817787,0,0.00033,sector_c
2162.2,1.0049615805545287,0,0.00033,sector_c
2162.20138889,1.0045122089051588,0,0.00033,sector_c
2162.20277778,1.0050346788150863,0,0.00033,sector_c
2162.20416667,1.0053028964421118,0,0.00033,sector_c
2162.20555556,1.0051281691780416,0,0.00033,sector_c
2162.20694444,1.0051405364640833,0,0.00033,sector_c
2162.20833333,1.0046827826570266,0,0.00033,sector_c
2162.20972222,1.0052527696830162,0,0.00033,sector_c
2162.21111111,1.0050532453255618,0,0.00033,sector_c
2162.2125,1.0053799452841754,0,0.00033,sector_c
2162.21388889,1.004761408914298,0,0.00033,sector_c
2162.21527778,1.005328295390676,0,0.00033,sector_c
2162.21666667,1.0051021036164698,0,0.00033,sector_c
2162.21805556,1.005208544857563,0,0.00033,sector_c
2162.21944444,1.0055152801139942,0,0.00033,sector_c
2162.22083333,1.0049647907618446,0,0.00033,sector_c
2162.22222222,1.0047341903218825,0,0.00033,sector_c
2162.22361111,1.0056264520810407,0,0.00033,sector_c
2162.225,1.0054543122406772,0,0.00033,sector_c
2162.22638889,1.0056030704161676,0,0.00033,sector_c
2162.22777778,1.005193957011356,0,0.00033,sector_c
2162.22916667,1.005247483271062,0,0.00033,sector_c
2162.23055556,1.0046172988826811,0,0.00033,sector_c
2162.23194444,1.0046102806077413,0,0.00033,sector_c
2162.23333333,1.005038451379697,0,0.00033,sector_c
2162.23472222,1.0051397572942267,0,0.00033,sector_c
2162.23611111,1.00531319144501,0,0.00033,sector_c
2162.2375,1.0049106911767478,0,0.00033,sector_c
2162.23888889,1.0049066759070835,0,0.00033,sector_c
2162.24027778,1.004820033956844,0,0.00033,sector_c
2162.24166667,1.0049715038984395,0,0.00033,sector_c
2162.24305556,1.0047757327770688,0,0.00033,sector_c
2162.24444444,1.0050203618494147,0,0.00033,sector_c
2162.24583333,1.004862530416532,0,0.00033,sector_c
2162.24722222,1.0052298312007752,0,0.00033,sector_c
2162.24861111,1.0048936066883247,0,0.00033,sector_c
2162.25,1.0046395420800656,0,0.00033,sector_c
2162.25138889,1.004999843966692,0,0.00033,sector_c
2162.25277778,1.0052331936863839,0,0.00033,sector_c
2162.25416667,1.005186865159285,0,0.00033,sector_c
2162.25555556,1.0051656135384701,0,0.00033,sector_c
2162.25694444,1.0045512665292224,0,0.00033,sector_c
2162.25833333,1.0049022805764098,0,0.00033,sector_c
2162.25972222,1.0050796093212215,0,0.00033,sector_c
2162.26111111,1.005266511857536,0,0.00033,sector_c
2162.2625,1.0050306454277262,0,0.00033,sector_c
2162.26388889,1.0055708579191842,0,0.00033,sector_c
2162.26527778,1.004624508524947,0,0.00033,sector_c
2162.26666667,1.005728205002602,0,0.00033,sector_c
2162.26805556,1.005216487227813,0,0.00033,sector_c
2162.26944444,1.0050392152898078,0,0.00033,sector_c
2162.27083333,1.0050597037097677,0,0.00033,sector_c
2162.27222222,1.0051301070535281,0,0.00033,sector_c
2162.27361111,1.0047642828087284,0,0.00033,sector_c
2162.275,1.004580905953711,0,0.00033,sector_c
2162.27638889,1.0054097523806762,0,0.00033,sector_c
2162.27777778,1.0047530815140802,0,0.00033,sector_c
2162.27916667,1.0053869574852414,0,0.00033,sector_c
2162.28055556,1.004756032035935,0,0.00033,sector_c
2162.28194444,1.0053392826072476,0,0.00033,sector_c
2162.28333333,1.005089201196556,0,0.00033,sector_c
2162.28472222,1.0051857765475292,0,0.00033,sector_c
2162.28611111,1.005475130332665,0,0.00033,sector_c
2162.2875,1.0048444668253786,0,0.00033,sector_c
2162.28888889,1.0050323712051918,0,0.00033,sector_c
2162.29027778,1.0054956478756083,0,0.00033,sector_c
2162.29166667,1.0050712302245264,0,0.00033,sector_c
2162.29305556,1.00488790102364,0,0.00033,sector_c
2162.29444444,1.0050785094099897,0,0.00033,sector_c
2162.29583333,1.0049779310386027,0,0.00033,sector_c
2162.29722222,1.0048783454683938,0,0.00033,sector_c
2162.29861111,1.0054628808873995,0,0.00033,sector_c
2162.3,1.0048477668004094,0,0.00033,sector_c
2162.30138889,1.0048668242014664,0,0.00033,sector_c
2162.30277778,1.0048676937744063,0,0.00033,sector_c
2162.30416667,1.004951342398505,0,0.00033,sector_c
2162.30555556,1.0052180237971269,0,0.00033,sector_c
2162.30694444,1.0053709824075217,0,0.00033,sector_c
2162.30833333,1.0054618014456842,0,0.00033,sector_c
2162.30972222,1.0051200143343355,0,0.00033,sector_c
2162.31111111,1.0053252052091775,0,0.00033,sector_c
2162.3125,1.0050507461890301,0,0.00033,sector_c
2162.31388889,1.0046799580823804,0,0.00033,sector_c
2162.31527778,1.005109827031386,0,0.00033,sector_c
2162.31666667,1.0051351726744457,0,0.00033,sector_c
2162.31805556,1.005249004619888,0,0.00033,sector_c
2162.31944444,1.0051594670314288,0,0.00033,sector_c
2162.32083333,1.00496486933443,0,0.00033,sector_c
2162.32222222,1.0053431358277949,0,0.00033,sector_c
2162.32361111,1.0045260460352239,0,0.00033,sector_c
2162.325,1.005055392619854,0,0.00033,sector_c
2162.32638889,1.005333818518375,0,0.00033,sector_c
2162.32777778,1.0052889434279764,0,0.00033,sector_c
2162.32916667,1.005222285534018,0,0.00033,sector_c
2162.33055556,1.0052888250818819,0,0.00033,sector_c
2162.33194444,1.0050110831930692,0,0.00033,sector_c
2162.33333333,1.0051294048716861,0,0.00033,sector_c
2162.33472222,1.0048790907470084,0,0.00033,sector_c
2162.33611111,1.005295067905524,0,0.00033,sector_c
2162.3375,1.0048368449995484,0,0.00033,sector_c
2162.33888889,1.0056940065148918,0,0.00033,sector_c
2162.34027778,1.0047224766765728,0,0.00033,sector_c
2162.34166667,1.0051536909354586,0,0.00033,sector_c
2162.34305556,1.0053458485819846,0,0.00033,sector_c
2162.34444444,1.0050239996056354,0,0.00033,sector_c
2162.34583333,1.0047980109200172,0,0.00033,sector_c
2162.34722222,1.0052718354066654,0,0.00033,sector_c
2162.34861111,1.0054186208525622,0,0.00033,sector_c
2162.35,1.00486481884258,0,0.00033,sector_c
2162.35138889,1.0052331114925142,0,0.00033,sector_c
2162.35277778,1.0044254228232776,0,0.00033,sector_c
2162.35416667,1.005219071050861,0,0.00033,sector_c
2162.35555556,1.0046480336238623,0,0.00033,sector_c
2162.35694444,1.0054213148205828,0,0.00033,sector_c
2162.35833333,1.0050149938658923,0,0.00033,sector_c
2162.35972222,1.0055703452426443,0,0.00033,sector_c
2162.36111111,1.005012673082266,0,0.00033,sector_c
2162.3625,1.0049475061411857,0,0.00033,sector_c
2162.36388889,1.0049420049339757,0,0.00033,sector_c
2162.36527778,1.0049633747141344,0,0.00033,sector_c
2162.36666667,1.0050548077731416,0,0.00033,sector_c
2162.36805556,1.0051955439203633,0,0.00033,sector_c
2162.36944444,1.004947694362319,0,0.00033,sector_c
2162.37083333,1.0050091415212183,0,0.00033,sector_c
2162.37222222,1.0048702595507168,0,0.00033,sector_c
2162.37361111,1.0056425105809599,0,0.00033,sector_c
2162.375,1.0051919286399709,0,0.00033,sector_c
2162.37638889,1.0048332504516033,0,0.00033,sector_c
2162.37777778,1.005308984184815,0,0.00033,sector_c
2162.37916667,1.005218244288215,0,0.00033,sector_c
2162.38055556,1.0052914470216057,0,0.00033,sector_c
2162.38194444,1.0042959477351523,0,0.00033,sector_c
2162.38333333,1.0053064820062643,0,0.00033,sector_c
2162.38472222,1.0050907340800934,0,0.00033,sector_c
2162.38611111,1.0052122029235262,0,0.00033,sector_c
2162.3875,1.0052488893437193,0,0.00033,sector_c
2162.38888889,1.0048275278126546,0,0.00033,sector_c
2162.39027778,1.0051336458653648,0,0.00033,sector_c
2162.39166667,1.0051415788747307,0,0.00033,sector_c
2162.39305556,1.00540617582343,0,0.00033,sector_c
2162.39444444,1.005275618295888,0,0.00033,sector_c
2162.39583333,1.004721987659177,0,0.00033,sector_c
2162.39722222,1.0051545556740973,0,0.00033,sector_c
2162.39861111,1.0051611099147773,0,0.00033,sector_c
2162.4,1.0051271919156368,0,0.00033,sector_c
2162.40138889,1.004793945631766,0,0.00033,sector_c
2162.40277778,1.0045589775485946,0,0.00033,sector_c
2162.40416667,1.0048509786154014,0,0.00033,sector_c
2162.40555556,1.0051586775008308,0,0.00033,sector_c
2162.40694444,1.0050227714855444,0,0.00033,sector_c
2162.40833333,1.0052972573084058,0,0.00033,sector_c
2162.40972222,1.005388672644902,0,0.00033,sector_c
2162.41111111,1.0050574383784,0,0.00033,sector_c
2162.4125,1.0050719832225992,0,0.00033,sector_c
2162.41388889,1.0053541867807214,0,0.00033,sector_c
2162.41527778,1.0045945995857513,0,0.00033,sector_c
2162.41666667,1.0051711275782005,0,0.00033,sector_c
2162.41805556,1.0051596222372552,0,0.00033,sector_c
2162.41944444,1.0050871971882196,0,0.00033,sector_c
2162.42083333,1.0055325197270282,0,0.00033,sector_c
2162.42222222,1.0053433830245455,0,0.00033,sector_c
2162.42361111,1.0050517944111192,0,0.00033,sector_c
2162.425,1.0047088527183201,0,0.00033,sector_c
2162.42638889,1.0052139120401564,0,0.00033,sector_c
2162.42777778,1.00501733991775,0,0.00033,sector_c
2162.42916667,1.0053091206245133,0,0.00033,sector_c
2162.43055556,1.0054296188250984,0,0.00033,sector_c
2162.43194444,1.0050487759441473,0,0.00033,sector_c
2162.43333333,1.0047651788058214,0,0.00033,sector_c
2162.43472222,1.0051884452697306,0,0.00033,sector_c
2162.43611111,1.0053002013412267,0,0.00033,sector_c
2162.4375,1.0050100833915623,0,0.00033,sector_c
2162.43888889,1.0046965733988311,0,0.00033,sector_c
2162.44027778,1.0051901668265253,0,0.00033,sector_c
2162.44166667,1.0052214607018666,0,0.00033,sector_c
2162.44305556,1.0050953649812102,0,0.00033,sector_c
2162.44444444,1.004818190607624,0,0.00033,sector_c
2162.44583333,1.0048342823109229,0,0.00033,sector_c
2162.44722222,1.004350106224784,0,0.00033,sector_c
2162.44861111,1.0052635250307753,0,0.00033,sector_c
2162.45,1.004920799320038,0,0.00033,sector_c
2162.45138889,1.0053028426499337,0,0.00033,sector_c
2162.45277778,1.0050348734384387,0,0.00033,sector_c
2162.45416667,1.0052164514817832,0,0.00033,sector_c
2162.45555556,1.0052381791176614,0,0.00033,sector_c
2162.45694444,1.0048509445950295,0,0.00033,sector_c
2162.45833333,1.0046975353585155,0,0.00033,sector_c
2162.45972222,1.0046289638272032,0,0.00033,sector_c
2162.46111111,1.0052223466006387,0,0.00033,sector_c
2162.4625,1.004386206755146,0,0.00033,sector_c
2162.46388889,1.0049549644542044,0,0.00033,sector_c
2162.46527778,1.0046681989497879,0,0.00033,sector_c
2162.46666667,1.004618112661214,0,0.00033,sector_c
2162.46805556,1.0050438289024264,0,0.00033,sector_c
2162.46944444,1.0055190938909027,0,0.00033,sector_c
2162.47083333,1.0048498980912606,0,0.00033,sector_c
2162.47222222,1.004783789407281,0,0.00033,sector_c
2162.47361111,1.0048291483354006,0,0.00033,sector_c
2162.475,1.0051207573071161,0,0.00033,sector_c
2162.47638889,1.0052774965674864,0,0.00033,sector_c
2162.47777778,1.005341923603463,0,0.00033,sector_c
2162.47916667,1.0049731423951414,0,0.00033,sector_c
2162.48055556,1.0050113827309235,0,0.00033,sector_c
2162.48194444,1.0050811921898368,0,0.00033,sector_c
2162.48333333,1.0049254309904374,0,0.00033,sector_c
2162.48472222,1.004591731313168,0,0.00033,sector_c
2162.48611111,1.0046756342440877,0,0.00033,sector_c
2162.4875,1.0051779225852655,0,0.00033,sector_c
2162.48888889,1.0051413254244714,0,0.00033,sector_c
2162.49027778,1.004580196520856,0,0.00033,sector_c
2162.49166667,1.0052840011428104,0,0.00033,sector_c
2162.49305556,1.0047346572026146,0,0.00033,sector_c
2162.49444444,1.005278102829943,0,0.00033,sector_c
2162.49583333,1.0046616974802836,0,0.00033,sector_c
2162.49722222,1.0050717072756767,0,0.00033,sector_c
2162.49861111,1.0048291125299784,0,0.00033,sector_c
2162.5,1.004281748182278,0,0.00033,sector_c
2162.50138889,1.0048731623524534,0,0.00033,sector_c
2162.50277778,1.005083746971206,0,0.00033,sector_c
2162.50416667,1.004785798016244,0,0.00033,sector_c
2162.50555556,1.004638244992852,0,0.00033,sector_c
2162.50694444,1.0045406449134464,0,0.00033,sector_c
2162.50833333,1.0053904442553225,0,0.00033,sector_c
2162.50972222,1.0047797421040643,0,0.00033,sector_c
2162.51111111,1.0050237981321923,0,0.00033,sector_c
2162.5125,1.0048663534289153,0,0.00033,sector_c
2162.51388889,1.004512523302686,0,0.00033,sector_c
2162.51527778,1.0049640949076932,0,0.00033,sector_c
2162.51666667,1.0048191613241595,0,0.00033,sector_c
2162.51805556,1.004775413143395,0,0.00033,sector_c
2162.51944444,1.0051018979547726,0,0.00033,sector_c
2162.52083333,1.004765370781178,0,0.00033,sector_c
2162.52222222,1.004846677022695,0,0.00033,sector_c
2162.52361111,1.004934655948183,0,0.00033,sector_c
2162.525,1.004338359602444,0,0.00033,sector_c
2162.52638889,1.0054753514750683,0,0.00033,sector_c
2162.52777778,1.0045970289760668,0,0.00033,sector_c
2162.52916667,1.0044828714905558,0,0.00033,sector_c
2162.53055556,1.005242461191628,0,0.00033,sector_c
2162.53194444,1.00484109076258,0,0.00033,sector_c
2162.53333333,1.0048756667504457,0,0.00033,sector_c
2162.53472222,1.0045948741607211,0,0.00033,sector_c
2162.53611111,1.0052324848056864,0,0.00033,sector_c
2162.5375,1.0050946923557194,0,0.00033,sector_c
2162.53888889,1.0047476388594818,0,0.00033,sector_c
2162.54027778,1.0047825053748145,0,0.00033,sector_c
2162.54166667,1.0053835350849525,0,0.00033,sector_c
2162.54305556,1.0050931464972097,0,0.00033,sector_c
2162.54444444,1.0049604473423528,0,0.00033,sector_c
2162.54583333,1.0047148553925778,0,0.00033,sector_c
2162.54722222,1.004339162375094,0,0.00033,sector_c
2162.54861111,1.0045879799367514,0,0.00033,sector_c
2162.55,1.0052981439527173,0,0.00033,sector_c
2162.55138889,1.0043684148743872,0,0.00033,sector_c
2162.55277778,1.0048669699669506,0,0.00033,sector_c
2162.55416667,1.0046890195529257,0,0.00033,sector_c
2162.55555556,1.0046207417314266,0,0.00033,sector_c
2162.55694444,1.0046409401475345,0,0.00033,sector_c
2162.55833333,1.0049985242804105,0,0.00033,sector_c
2162.55972222,1.0047575723402107,0,0.00033,sector_c
2162.56111111,1.0045184643187022,0,0.00033,sector_c
2162.5625,1.004557157928473,0,0.00033,sector_c
2162.56388889,1.0042236786526553,0,0.00033,sector_c
2162.56527778,1.00475122717801,0,0.00033,sector_c
2162.56666667,1.0052643556861232,0,0.00033,sector_c
2162.56805556,1.0043271703197096,0,0.00033,sector_c
2162.56944444,1.0047772906611938,0,0.00033,sector_c
2162.57083333,1.0045046255997672,0,0.00033,sector_c
2162.57222222,1.0048650191620283,0,0.00033,sector_c
2162.57361111,1.0047641803134855,0,0.00033,sector_c
2162.575,1.0048795236413788,0,0.00033,sector_c
2162.57638889,1.0042428493314026,0,0.00033,sector_c
2162.57777778,1.0048847720011909,0,0.00033,sector_c
2162.57916667,1.0048411464792704,0,0.00033,sector_c
2162.58055556,1.003897402756366,0,0.00033,sector_c
2162.58194444,1.0044528473607561,0,0.00033,sector_c
2162.58333333,1.00462444932354,0,0.00033,sector_c
2162.58472222,1.0045333330041204,0,0.00033,sector_c
2162.58611111,1.0046145395686503,0,0.00033,sector_c
2162.5875,1.0049470508887153,0,0.00033,sector_c
2162.58888889,1.0044140717311525,0,0.00033,sector_c
2162.59027778,1.004491733895164,0,0.00033,sector_c
2162.59166667,1.004850744745923,0,0.00033,sector_c
2162.59305556,1.0045566224797395,0,0.00033,sector_c
2162.59444444,1.0043383551837797,0,0.00033,sector_c
2162.59583333,1.005062360896427,0,0.00033,sector_c
2162.59722222,1.0041227200606861,0,0.00033,sector_c
2162.59861111,1.0044567552477364,0,0.00033,sector_c
2162.6,1.0041828711376357,0,0.00033,sector_c
2162.60138889,1.0046649006302806,0,0.00033,sector_c
2162.60277778,1.0050675778006681,0,0.00033,sector_c
2162.60416667,1.0044646400660497,0,0.00033,sector_c
2162.60555556,1.0049127204503772,0,0.00033,sector_c
2162.60694444,1.0053262631956028,0,0.00033,sector_c
2162.60833333,1.0048414461778947,0,0.00033,sector_c
2162.60972222,1.0038972429493034,0,0.00033,sector_c
2162.61111111,1.004794445033203,0,0.00033,sector_c
2162.6125,1.004481897287897,0,0.00033,sector_c
2162.61388889,1.0043422391342354,0,0.00033,sector_c
2162.61527778,1.0051029975523311,0,0.00033,sector_c
2162.61666667,1.004468080882875,0,0.00033,sector_c
2162.61805556,1.0047732359700765,0,0.00033,sector_c
2162.61944444,1.0054394897171044,0,0.00033,sector_c
2162.62083333,1.005128808114136,0,0.00033,sector_c
2162.62222222,1.0048274550458296,0,0.00033,sector_c
2162.62361111,1.0046170808392134,0,0.00033,sector_c
2162.625,1.0044035431008125,0,0.00033,sector_c
2162.62638889,1.0047142103002926,0,0.00033,sector_c
2162.62777778,1.0044287787792634,0,0.00033,sector_c
2162.62916667,1.0040793620077468,0,0.00033,sector_c
2162.63055556,1.0046368731530406,0,0.00033,sector_c
2162.63194444,1.004662116644289,0,0.00033,sector_c
2162.63333333,1.0043541129474753,0,0.00033,sector_c
2162.63472222,1.004550123504513,0,0.00033,sector_c
2162.63611111,1.004729150913467,0,0.00033,sector_c
2162.6375,1.0043446855092033,0,0.00033,sector_c
2162.63888889,1.004431532549613,0,0.00033,sector_c
2162.64027778,1.0042624069109218,0,0.00033,sector_c
2162.64166667,1.0050098908733316,0,0.00033,sector_c
2162.64305556,1.0043489269845103,0,0.00033,sector_c
2162.64444444,1.0046404560162994,0,0.00033,sector_c
2162.64583333,1.0044466760344861,0,0.00033,sector_c
2162.64722222,1.004344732278964,0,0.00033,sector_c
2162.64861111,1.0043233679308912,0,0.00033,sector_c
2162.65,1.0041817318474118,0,0.00033,sector_c
2162.65138889,1.0041075749841546,0,0.00033,sector_c
2162.65277778,1.0040839057536532,0,0.00033,sector_c
2162.65416667,1.0044617690701847,0,0.00033,sector_c
2162.65555556,1.004465324495183,0,0.00033,sector_c
2162.65694444,1.0044230212654501,0,0.00033,sector_c
2162.65833333,1.004465290245077,0,0.00033,sector_c
2162.65972222,1.0043220994276707,0,0.00033,sector_c
2162.66111111,1.0041492500981666,0,0.00033,sector_c
2162.6625,1.0041010738306573,0,0.00033,sector_c
2162.66388889,1.004144826173712,0,0.00033,sector_c
2162.66527778,1.0041995520859706,0,0.00033,sector_c
2162.66666667,1.0047978980141232,0,0.00033,sector_c
2162.66805556,1.00468212451689,0,0.00033,sector_c
2162.66944444,1.0050152066713465,0,0.00033,sector_c
2162.67083333,1.0044066286380444,0,0.00033,sector_c
2162.67222222,1.0046003876652139,0,0.00033,sector_c
2162.67361111,1.0041445348614797,4096,0.00033,sector_c
2162.675,1.0040689866532237,0,0.00033,sector_c
2162.67638889,1.004548015796467,0,0.00033,sector_c
2162.67777778,1.0049657549383266,0,0.00033,sector_c
2162.67916667,1.0047717647865526,0,0.00033,sector_c
2162.68055556,1.0043657062381366,0,0.00033,sector_c
2162.68194444,1.0040713271993467,0,0.00033,sector_c
2162.68333333,1.0041157441383923,0,0.00033,sector_c
2162.68472222,1.0042251713168568,0,0.00033,sector_c
2162.68611111,1.0043100743152529,0,0.00033,sector_c
2162.6875,1.0046253963567793,0,0.00033,sector_c
2162.68888889,1.004239857639744,0,0.00033,sector_c
2162.69027778,1.0042156860085405,0,0.00033,sector_c
2162.69166667,1.0045085665562659,0,0.00033,sector_c
2162.69305556,1.0043162282128077,0,0.00033,sector_c
2162.69444444,1.0041425672302533,0,0.00033,sector_c
2162.69583333,1.004415288057697,0,0.00033,sector_c
2162.69722222,1.0046942982371598,0,0.00033,sector_c
2162.69861111,1.0046774417354136,0,0.00033,sector_c
2162.7,1.0046361934970816,0,0.00033,sector_c
2162.70138889,1.0040049052136266,0,0.00033,sector_c
2162.70277778,1.0041958986548032,0,0.00033,sector_c
2162.70416667,1.0043930927202407,0,0.00033,sector_c
2162.70555556,1.0042716765139776,0,0.00033,sector_c
2162.70694444,1.0038806095776087,0,0.00033,sector_c
2162.70833333,1.0039886219054834,0,0.00033,sector_c
2162.70972222,1.0039619961101411,0,0.00033,sector_c
2162.71111111,1.0042016847852717,0,0.00033,sector_c
2162.7125,1.0046273146457403,0,0.00033,sector_c
2162.71388889,1.004265785153992,0,0.00033,sector_c
2162.71527778,1.0038236447795854,0,0.00033,sector_c
2162.71666667,1.0036849837617772,0,0.00033,sector_c
2162.71805556,1.0043611898722196,0,0.00033,sector_c
2162.71944444,1.0039956053824917,0,0.00033,sector_c
2162.72083333,1.0043070882907732,0,0.00033,sector_c
2162.72222222,1.0045652826459834,0,0.00033,sector_c
2162.72361111,1.0041980756247164,0,0.00033,sector_c
2162.725,1.0040154379191253,0,0.00033,sector_c
2162.72638889,1.0040080879187077,0,0.00033,sector_c
2162.72777778,1.0043261097771132,0,0.00033,sector_c
2162.72916667,1.0043262131346817,0,0.00033,sector_c
2162.73055556,1.0038182465584211,0,0.00033,sector_c
2162.73194444,1.0040443421828773,0,0.00033,sector_c
2162.73333333,1.004334299348515,0,0.00033,sector_c
2162.73472222,1.0039048848292873,0,0.00033,sector_c
2162.73611111,1.0046451266360166,0,0.00033,sector_c
2162.7375,1.0039068288746917,0,0.00033,sector_c
2162.73888889,1.0037062149761935,0,0.00033,sector_c
2162.74027778,1.0043979851969873,0,0.00033,sector_c
2162.74166667,1.0040588323855102,0,0.00033,sector_c
2162.74305556,1.0038586599805341,0,0.00033,sector_c
2162.74444444,1.0044787674855036,0,0.00033,sector_c
2162.74583333,1.003901470050252,0,0.00033,sector_c
2162.74722222,1.0042675518898043,0,0.00033,sector_c
2162.74861111,1.0044965655252198,0,0.00033,sector_c
2162.75,1.0041775400768047,0,0.00033,sector_c
2162.75138889,1.0037698204176622,0,0.00033,sector_c
2162.75277778,1.0042545288076414,0,0.00033,sector_c
2162.75416667,1.0043377330035963,0,0.00033,sector_c
2162.75555556,1.0036826845232518,0,0.00033,sector_c
2162.75694444,1.0040621842010584,0,0.00033,sector_c
2162.75833333,1.003726009631741,0,0.00033,sector_c
2162.75972222,1.0040251915017295,0,0.00033,sector_c
2162.76111111,1.0043688726206708,0,0.00033,sector_c
2162.7625,1.0039529642306908,0,0.00033,sector_c
2162.76388889,1.0036698548360683,0,0.00033,sector_c
2162.76527778,1.0044030828365003,0,0.00033,sector_c
2162.76666667,1.0041155625591818,0,0.00033,sector_c
2162.76805556,1.0038670575889914,0,0.00033,sector_c
2162.76944444,1.0039710211942006,0,0.00033,sector_c
2162.77083333,1.0039446964821894,0,0.00033,sector_c
2162.77222222,1.0039078939792283,0,0.00033,sector_c
2162.77361111,1.0042222526685027,0,0.00033,sector_c
2162.775,1.0038876008071331,0,0.00033,sector_c
2162.77638889,1.0039401461918889,0,0.00033,sector_c
2162.77777778,1.0041822805989935,0,0.00033,sector_c
2162.77916667,1.0044459976068725,0,0.00033,sector_c
2162.78055556,1.0037936994734165,0,0.00033,sector_c
2162.78194444,1.0036351524790474,0,0.00033,sector_c
2162.78333333,1.0046037154585057,0,0.00033,sector_c
2162.78472222,1.003493236352632,0,0.00033,sector_c
2162.78611111,1.0041249935202583,0,0.00033,sector_c
2162.7875,1.0037396047513054,0,0.00033,sector_c
2162.78888889,1.0041042798494213,0,0.00033,sector_c
2162.79027778,1.0041162425864916,0,0.00033,sector_c
2162.79166667,1.0039322896042335,0,0.00033,sector_c
2162.79305556,1.0038126376641576,0,0.00033,sector_c
2162.79444444,1.0040269947465492,0,0.00033,sector_c
2162.79583333,1.0035824501345516,0,0.00033,sector_c
2162.79722222,1.0034005570219802,0,0.00033,sector_c
2162.79861111,1.0039524603522167,0,0.00033,sector_c
2162.8,1.0035073083777766,0,0.00033,sector_c
2162.80138889,1.0042075665385264,0,0.00033,sector_c
2162.80277778,1.0041865330286197,0,0.00033,sector_c
2162.80416667,1.0038994280016225,0,0.00033,sector_c
2162.80555556,1.0035359214492583,0,0.00033,sector_c
2162.80694444,1.0038167442093568,0,0.00033,sector_c
2162.80833333,1.0041472800156577,0,0.00033,sector_c
2162.80972222,1.004020836188286,0,0.00033,sector_c
2162.81111111,1.0038072904347617,0,0.00033,sector_c
2162.8125,1.004317593850407,0,0.00033,sector_c
2162.81388889,1.0039535937245272,0,0.00033,sector_c
2162.81527778,1.0036194099994538,0,0.00033,sector_c
2162.81666667,1.0041258151811767,0,0.00033,sector_c
2162.81805556,1.0038963468767195,0,0.00033,sector_c
2162.81944444,1.0039841892815426,0,0.00033,sector_c
2162.82083333,1.0039043503689227,0,0.00033,sector_c
2162.82222222,1.0037950271838052,0,0.00033,sector_c
2162.82361111,1.0037970639999543,0,0.00033,sector_c
2162.825,1.0041588770643923,0,0.00033,sector_c
2162.82638889,1.0037571714941733,0,0.00033,sector_c
2162.82777778,1.00378137336182,0,0.00033,sector_c
2162.82916667,1.003758061801143,0,0.00033,sector_c
2162.83055556,1.0036378092915608,0,0.00033,sector_c
2162.83194444,1.003628990773276,0,0.00033,sector_c
2162.83333333,1.0036446505588943,0,0.00033,sector_c
2162.83472222,1.003633693816258,0,0.00033,sector_c
2162.83611111,1.0036314282112073,0,0.00033,sector_c
2162.8375,1.003847255812669,0,0.00033,sector_c
2162.83888889,1.0039810395852191,0,0.00033,sector_c
2162.84027778,1.0036464561437184,0,0.00033,sector_c
2162.84166667,1.003897467534218,0,0.00033,sector_c
2162.84305556,1.0042052721375057,0,0.00033,sector_c
2162.84444444,1.003430297161148,0,0.00033,sector_c
2162.84583333,1.004154546686627,0,0.00033,sector_c
2162.84722222,1.0034037303837349,0,0.00033,sector_c
2162.84861111,1.0037489774021238,0,0.00033,sector_c
2162.85,1.0037472547050184,0,0.00033,sector_c
2162.85138889,1.0038531108880728,0,0.00033,sector_c
2162.85277778,1.0039437808318585,0,0.00033,sector_c
2162.85416667,1.0032425673973668,0,0.00033,sector_c
2162.85555556,1.0035291860271844,0,0.00033,sector_c
2162.85694444,1.0039643670855505,0,0.00033,sector_c
2162.85833333,1.0034664222070508,0,0.00033,sector_c
2162.85972222,1.0037208770518347,0,0.00033,sector_c
2162.86111111,1.0036854574750282,0,0.00033,sector_c
2162.8625,1.0034347721539265,0,0.00033,sector_c
2162.86388889,1.0034342589380667,0,0.00033,sector_c
2162.86527778,1.0037504926487955,0,0.00033,sector_c
2162.86666667,1.0027772884105404,0,0.00033,sector_c
2162.86805556,1.0037928368236357,0,0.00033,sector_c
2162.86944444,1.003567498696259,0,0.00033,sector_c
2162.87083333,1.003659714874126,0,0.00033,sector_c
2162.87222222,1.003539016953536,0,0.00033,sector_c
2162.87361111,1.0032995820014892,0,0.00033,sector_c
2162.875,1.003582173058411,0,0.00033,sector_c
2162.87638889,1.0035352163524214,0,0.00033,sector_c
2162.87777778,1.0039105706563531,0,0.00033,sector_c
2162.87916667,1.0033931305212984,0,0.00033,sector_c
2162.88055556,1.0036482196863505,0,0.00033,sector_c
2162.88194444,1.0031248574246678,0,0.00033,sector_c
2162.88333333,1.004019861488956,0,0.00033,sector_c
2162.88472222,1.0037562872959518,0,0.00033,sector_c
2162.88611111,1.003919406363632,0,0.00033,sector_c
2162.8875,1.0033491674136634,0,0.00033,sector_c
2162.88888889,1.0032345078279943,0,0.00033,sector_c
2162.89027778,1.0034631318749228,0,0.00033,sector_c
2162.89166667,1.0039272768639127,0,0.00033,sector_c
2162.89305556,1.0028137219948292,0,0.00033,sector_c
2162.89444444,1.0033606517210072,0,0.00033,sector_c
2162.89583333,1.003583485219459,0,0.00033,sector_c
2162.89722222,1.003277032271862,0,0.00033,sector_c
2162.89861111,1.0033500928459098,0,0.00033,sector_c
2162.9,1.0031682720188748,0,0.00033,sector_c
2162.90138889,1.0039412043075322,0,0.00033,sector_c
2162.90277778,1.0030478542302095,0,0.00033,sector_c
2162.90416667,1.0030032643672162,0,0.00033,sector_c
2162.90555556,1.0032435346318282,0,0.00033,sector_c
2162.90694444,1.0031095405051713,0,0.00033,sector_c
2162.90833333,1.0033676522742865,0,0.00033,sector_c
2162.90972222,1.004077146477275,0,0.00033,sector_c
2162.91111111,1.0037495222936688,0,0.00033,sector_c
2162.9125,1.003178012975096,0,0.00033,sector_c
2162.91388889,1.003445952115086,0,0.00033,sector_c
2162.91527778,1.0039452250317293,0,0.00033,sector_c
2162.91666667,1.0031110864957773,0,0.00033,sector_c
2162.91805556,1.0036295550205343,0,0.00033,sector_c
2162.91944444,1.003542740411365,0,0.00033,sector_c
2162.92083333,1.0034668792137025,0,0.00033,sector_c
2162.92222222,1.0032958812621116,0,0.00033,sector_c
2162.92361111,1.0035206630202271,0,0.00033,sector_c
2162.925,1.0035025591006306,0,0.00033,sector_c
2162.92638889,1.0029846908897118,0,0.00033,sector_c
2162.92777778,1.0032211741065549,0,0.00033,sector_c
2162.92916667,1.0029936376683735,0,0.00033,sector_c
2162.93055556,1.003384675921944,0,0.00033,sector_c
2162.93194444,1.0031933824795614,0,0.00033,sector_c
2162.93333333,1.0032287039186611,0,0.00033,sector_c
2162.93472222,1.0031039041592678,0,0.00033,sector_c
2162.93611111,1.0034848451499607,0,0.00033,sector_c
2162.9375,1.0032850838075813,0,0.00033,sector_c
2162.93888889,1.0032712909607495,0,0.00033,sector_c
2162.94027778,1.0031442998046343,0,0.00033,sector_c
2162.94166667,1.0032951035281599,0,0.00033,sector_c
2162.94305556,1.0033168602834832,0,0.00033,sector_c
2162.94444444,1.0033496042594334,0,0.00033,sector_c
2162.94583333,1.0032526036101048,0,0.00033,sector_c
2162.94722222,1.0035504196204077,0,0.00033,sector_c
2162.94861111,1.0034946820418185,0,0.00033,sector_c
2162.95,1.0033921862267141,0,0.00033,sector_c
2162.95138889,1.0033533975933147,0,0.00033,sector_c
2162.95277778,1.0035375522669874,0,0.00033,sector_c
2162.95416667,1.003505176307722,0,0.00033,sector_c
2162.95555556,1.00314694297216,0,0.00033,sector_c
2162.95694444,1.0037321974718525,0,0.00033,sector_c
2162.95833333,1.0032749057659596,0,0.00033,sector_c
2162.95972222,1.0033004286496225,0,0.00033,sector_c
2162.96111111,1.0034264270362556,0,0.00033,sector_c
2162.9625,1.0024716501522566,0,0.00033,sector_c
2162.96388889,1.0032415976874345,0,0.00033,sector_c
2162.96527778,1.0029410204521434,0,0.00033,sector_c
2162.96666667,1.0035036859644335,0,0.00033,sector_c
2162.96805556,1.003271254036102,0,0.00033,sector_c
2162.96944444,1.0031214592099145,0,0.00033,sector_c
2162.97083333,1.0032837605538951,0,0.00033,sector_c
2162.97222222,1.0022667580583464,0,0.00033,sector_c
2162.97361111,1.0033796727926254,0,0.00033,sector_c
2162.975,1.0027674332829948,0,0.00033,sector_c
2162.97638889,1.0031030294062675,0,0.00033,sector_c
2162.97777778,1.0027565486962575,0,0.00033,sector_c
2162.97916667,1.0029183368189851,0,0.00033,sector_c
2162.98055556,1.003095010640377,0,0.00033,sector_c
2162.98194444,1.0031695281568815,0,0.00033,sector_c
2162.98333333,1.0031202368707235,0,0.00033,sector_c
2162.98472222,1.0034740416143446,0,0.00033,sector_c
2162.98611111,1.0030953579918191,0,0.00033,sector_c
2162.9875,1.002928905269073,0,0.00033,sector_c
2162.98888889,1.003548732990248,0,0.00033,sector_c
2162.99027778,1.002598107421643,0,0.00033,sector_c
2162.99166667,1.002933513418462,0,0.00033,sector_c
2162.99305556,1.0028002452558316,0,0.00033,sector_c
2162.99444444,1.0029950001046661,0,0.00033,sector_c
2162.99583333,1.0024583279669397,0,0.00033,sector_c
2162.99722222,1.0031281048399951,0,0.00033,sector_c
2162.99861111,1.0026226245569954,0,0.00033,sector_c
2163.0,1.0029983560401183,0,0.00033,sector_c
2163.00138889,1.0033499294056492,0,0.00033,sector_c
2163.00277778,1.0032758938335078,0,0.00033,sector_c
2163.00416667,1.0027177355708465,0,0.00033,sector_c
2163.00555556,1.0033364361117598,0,0.00033,sector_c
2163.00694444,1.0030721840053642,0,0.00033,sector_c
2163.00833333,1.0031514809119422,0,0.00033,sector_c
2163.00972222,1.0028512914744347,0,0.00033,sector_c
2163.01111111,1.00112097746709,2048,0.00033,sector_c
2163.0125,1.002007113303899,0,0.00033,sector_c
2163.01388889,1.0010401180646837,0,0.00033,sector_c
2163.01527778,1.0008512395309523,0,0.00033,sector_c
2163.01666667,1.0009838132629736,0,0.00033,sector_c
2163.01805556,1.001142316871436,0,0.00033,sector_c
2163.01944444,1.0010087497321178,0,0.00033,sector_c
2163.02083333,1.0014187179280045,0,0.00033,sector_c
2163.02222222,1.0012634366986717,0,0.00033,sector_c
2163.02361111,1.0007109395809957,0,0.00033,sector_c
2163.025,1.0011838997905624,0,0.00033,sector_c
2163.02638889,1.0012144303448591,0,0.00033,sector_c
2163.02777778,1.0011878693094634,0,0.00033,sector_c
2163.02916667,1.001016600766793,0,0.00033,sector_c
2163.03055556,1.000805145765807,0,0.00033,sector_c
2163.03194444,1.0010362217413802,0,0.00033,sector_c
2163.03333333,1.0017855903436208,0,0.00033,sector_c
2163.03472222,1.001154750500301,0,0.00033,sector_c
2163.03611111,1.0009707718413325,0,0.00033,sector_c
2163.0375,1.0007928038896086,0,0.00033,sector_c
2163.03888889,1.000770061448306,0,0.00033,sector_c
2163.04027778,1.0009375282018325,0,0.00033,sector_c
2163.04166667,1.001210752042633,0,0.00033,sector_c
2163.04305556,1.000894919480955,0,0.00033,sector_c
2163.04444444,1.0005621903819855,0,0.00033,sector_c
2163.04583333,1.0006802340708252,0,0.00033,sector_c
2163.04722222,1.001434610850546,0,0.00033,sector_c
2163.04861111,1.0013072066515742,0,0.00033,sector_c
2163.05,1.0010807149207486,0,0.00033,sector_c
2163.05138889,1.0006912559201806,0,0.00033,sector_c
2163.05277778,1.0009437507479555,0,0.00033,sector_c
2163.05416667,1.001067658602163,0,0.00033,sector_c
2163.05555556,1.0009929526284806,0,0.00033,sector_c
2163.05694444,1.0006950707027331,0,0.00033,sector_c
2163.05833333,1.0008070609196145,0,0.00033,sector_c
2163.05972222,1.00113485837954,0,0.00033,sector_c
2163.06111111,1.0006326353035544,0,0.00033,sector_c
2163.0625,1.0009049434173947,0,0.00033,sector_c
2163.06388889,1.0007460200484797,0,0.00033,sector_c
2163.06527778,1.0006477482957186,0,0.00033,sector_c
2163.06666667,1.0005779588059283,0,0.00033,sector_c
2163.06805556,1.0010185011398458,0,0.00033,sector_c
2163.06944444,1.000887833177187,0,0.00033,sector_c
2163.07083333,1.00121276037846,2048,0.00033,sector_c
2163.07222222,1.0010984086234118,0,0.00033,sector_c
2163.07361111,1.0015571199441702,0,0.00033,sector_c
2163.075,1.0007215179584958,0,0.00033,sector_c
2163.07638889,1.0011136942814312,0,0.00033,sector_c
2163.07777778,1.000640111221421,0,0.00033,sector_c
2163.07916667,1.0010880863900673,0,0.00033,sector_c
2163.08055556,1.0008824347692404,0,0.00033,sector_c
2163.08194444,1.0010030450985814,0,0.00033,sector_c
2163.08333333,1.0010083973875605,0,0.00033,sector_c
2163.08472222,1.0006287738570305,0,0.00033,sector_c
2163.08611111,1.0009524382180626,0,0.00033,sector_c
2163.0875,1.0004625507253695,0,0.00033,sector_c
2163.08888889,1.0006476200262664,0,0.00033,sector_c
2163.09027778,1.0011492477315735,0,0.00033,sector_c
2163.09166667,1.0006224316622712,0,0.00033,sector_c
2163.09305556,1.0006312074541703,0,0.00033,sector_c
2163.09444444,1.0009592070452513,0,0.00033,sector_c
2163.09583333,1.001130793655674,0,0.00033,sector_c
2163.09722222,1.0006531657549804,0,0.00033,sector_c
2163.09861111,1.0005176268950262,0,0.00033,sector_c
2163.1,1.000438599086725,0,0.00033,sector_c
2163.10138889,1.0007680437303281,0,0.00033,sector_c
2163.10277778,1.0009198158564405,0,0.00033,sector_c
2163.10416667,1.0003358331551264,0,0.00033,sector_c
2163.10555556,1.0004311319549468,0,0.00033,sector_c
2163.10694444,1.0007082134100906,0,0.00033,sector_c
2163.10833333,1.0011400879546126,0,0.00033,sector_c
2163.10972222,1.000892354179028,2048,0.00033,sector_c
2163.11111111,1.000901239513016,0,0.00033,sector_c
2163.1125,1.000773645998493,0,0.00033,sector_c
2163.11388889,1.0007330551785867,0,0.00033,sector_c
2163.11527778,1.0011077048034962,0,0.00033,sector_c
2163.11666667,1.000923345773882,0,0.00033,sector_c
2163.11805556,1.000861418518823,0,0.00033,sector_c
2163.11944444,1.0009280592885816,0,0.00033,sector_c
2163.12083333,1.000759186529872,0,0.00033,sector_c
2163.12222222,1.000498349408157,0,0.00033,sector_c
2163.12361111,1.000775771160868,0,0.00033,sector_c
2163.125,1.0005601045739967,0,0.00033,sector_c
2163.12638889,1.0010396048879686,0,0.00033,sector_c
2163.12777778,1.0009071739896307,0,0.00033,sector_c
2163.12916667,1.000711782978184,0,0.00033,sector_c
2163.13055556,1.000430135651798,0,0.00033,sector_c
2163.13194444,1.0003808247286805,0,0.00033,sector_c
2163.13333333,1.0012045000068581,0,0.00033,sector_c
2163.13472222,1.0005300809005249,0,0.00033,sector_c
2163.13611111,1.0003780152471817,0,0.00033,sector_c
2163.1375,1.000579676235918,0,0.00033,sector_c
2163.13888889,1.000645366922534,0,0.00033,sector_c
2163.14027778,1.0006000180339896,0,0.00033,sector_c
2163.14166667,1.0003737678112103,0,0.00033,sector_c
2163.14305556,1.0006551015493246,0,0.00033,sector_c
2163.14444444,1.0010303505945275,0,0.00033,sector_c
2163.14583333,1.0005201533050314,0,0.00033,sector_c
2163.14722222,1.00046150590869,0,0.00033,sector_c
2163.14861111,1.0004521122882482,0,0.00033,sector_c
2163.15,1.0002098738409908,0,0.00033,sector_c
2163.15138889,1.0007293240685178,0,0.00033,sector_c
2163.15277778,1.0005627437351006,0,0.00033,sector_c
2163.15416667,1.0007009823798274,0,0.00033,sector_c
2163.15555556,1.00086399311066,0,0.00033,sector_c
2163.15694444,1.000319489466497,0,0.00033,sector_c
2163.15833333,1.0005046554726922,0,0.00033,sector_c
2163.15972222,1.000435627290094,0,0.00033,sector_c
2163.16111111,1.000632275932442,0,0.00033,sector_c
2163.1625,1.0002008091040273,0,0.00033,sector_c
2163.16388889,1.0023863473085544,0,0.00033,sector_c
2163.16527778,1.0015046002079082,0,0.00033,sector_c
2163.16666667,1.0023769386589192,0,0.00033,sector_c
2163.16805556,1.002052392702442,0,0.00033,sector_c
2163.16944444,1.0019668400480914,0,0.00033,sector_c
2163.17083333,1.0019944830910579,0,0.00033,sector_c
2163.17222222,1.002130056817474,0,0.00033,sector_c
2163.17361111,1.0020866793638101,0,0.00033,sector_c
2163.175,1.0024016380585927,0,0.00033,sector_c
2163.17638889,1.0017188130709926,0,0.00033,sector_c
2163.17777778,1.0015977362079571,0,0.00033,sector_c
2163.17916667,1.0019619861225486,0,0.00033,sector_c
2163.18055556,1.0019607373746677,0,0.00033,sector_c
2163.18194444,1.001796394597294,0,0.00033,sector_c
2163.18333333,1.001976441189313,0,0.00033,sector_c
2163.18472222,1.0019068130310556,0,0.00033,sector_c
2163.18611111,1.0021383825129582,0,0.00033,sector_c
2163.1875,1.0022256527237394,0,0.00033,sector_c
2163.18888889,1.001970809942027,0,0.00033,sector_c
2163.19027778,1.0019544176069846,0,0.00033,sector_c
2163.19166667,1.0018295792114398,0,0.00033,sector_c
2163.19305556,1.0020663183500118,0,0.00033,sector_c
2163.19444444,1.0023181924648086,0,0.00033,sector_c
2163.19583333,1.0014281659761042,0,0.00033,sector_c
2163.19722222,1.0018152987833078,0,0.00033,sector_c
2163.19861111,1.0016418925773722,0,0.00033,sector_c
2163.2,1.0020916970406544,0,0.00033,sector_c
2163.20138889,1.001730644753951,0,0.00033,sector_c
2163.20277778,1.0016567194493127,0,0.00033,sector_c
2163.20416667,1.0016452223928303,0,0.00033,sector_c
2163.20555556,1.0019573278930962,0,0.00033,sector_c
2163.20694444,1.0017310499932333,0,0.00033,sector_c
2163.20833333,1.0018061061901018,0,0.00033,sector_c
2163.20972222,1.0016910358953224,0,0.00033,sector_c
2163.21111111,1.0015470774741961,0,0.00033,sector_c
2163.2125,1.0018339310629527,0,0.00033,sector_c
2163.21388889,1.0017925272122792,0,0.00033,sector_c
2163.21527778,1.0020637379604906,0,0.00033,sector_c
2163.21666667,1.0016548195339179,0,0.00033,sector_c
2163.21805556,1.0017445573470585,0,0.00033,sector_c
2163.21944444,1.0018033747175275,0,0.00033,sector_c
2163.22083333,1.001797913492205,0,0.00033,sector_c
2163.22222222,1.0018201250675194,0,0.00033,sector_c
2163.22361111,1.0014575823150271,0,0.00033,sector_c
2163.225,1.0014340415692429,0,0.00033,sector_c
2163.22638889,1.0019087365920671,0,0.00033,sector_c
2163.22777778,1.0014843333539656,0,0.00033,sector_c
2163.22916667,1.0016906759637974,0,0.00033,sector_c
2163.23055556,1.0020132414172072,0,0.00033,sector_c
2163.23194444,1.0015481698794282,0,0.00033,sector_c
2163.23333333,1.0011968018562716,0,0.00033,sector_c
2163.23472222,1.0016197233819877,0,0.00033,sector_c
2163.23611111,1.001459274853145,0,0.00033,sector_c
2163.2375,1.0017930105702362,0,0.00033,sector_c
2163.23888889,1.0016296745915965,0,0.00033,sector_c
2163.24027778,1.0016747873315248,0,0.00033,sector_c
2163.24166667,1.0011585400122012,0,0.00033,sector_c
2163.24305556,1.00161470259943,0,0.00033,sector_c
2163.24444444,1.0017859641882187,0,0.00033,sector_c
2163.24583333,1.0013877778143685,0,0.00033,sector_c
2163.24722222,1.0015188689768877,0,0.00033,sector_c
2163.24861111,1.0017381935233318,0,0.00033,sector_c
2163.25,1.0016684308097374,0,0.00033,sector_c
2163.25138889,1.0016049983123827,0,0.00033,sector_c
2163.25277778,1.0013111186171306,0,0.00033,sector_c
2163.25416667,1.0015189772673103,0,0.00033,sector_c
2163.25555556,1.0017327348403808,0,0.00033,sector_c
2163.25694444,1.0015759484209306,0,0.00033,sector_c
2163.25833333,1.001693735249604,0,0.00033,sector_c
2163.25972222,1.0013020345664256,0,0.00033,sector_c
2163.26111111,1.001582414352432,0,0.00033,sector_c
2163.2625,1.001793786828594,0,0.00033,sector_c
2163.26388889,1.0014824850149617,0,0.00033,sector_c
2163.26527778,1.0013897146432706,0,0.00033,sector_c
2163.26666667,1.0018473970304271,0,0.00033,sector_c
2163.26805556,1.0017053470036255,0,0.00033,sector_c
2163.26944444,1.0015370197046574,0,0.00033,sector_c
2163.27083333,1.0013208891445367,0,0.00033,sector_c
2163.27222222,1.0012442074808554,0,0.00033,sector_c
2163.27361111,1.0014340778315047,0,0.00033,sector_c
2163.275,1.0013574083214198,4096,0.00033,sector_c
2163.27638889,1.001477955395546,0,0.00033,sector_c
2163.27777778,1.0012644924336345,0,0.00033,sector_c
2163.27916667,1.0017445136674497,0,0.00033,sector_c
2163.28055556,1.0013635321998249,0,0.00033,sector_c
2163.28194444,1.0011726815338606,0,0.00033,sector_c
2163.28333333,1.0012602800284744,0,0.00033,sector_c
2163.28472222,1.0014810371443768,0,0.00033,sector_c
2163.28611111,1.0015708748558718,0,0.00033,sector_c
2163.2875,1.0012845529551042,0,0.00033,sector_c
2163.28888889,1.0015276449344155,0,0.00033,sector_c
2163.29027778,1.001267851663059,0,0.00033,sector_c
2163.29166667,1.0014225958011922,0,0.00033,sector_c
2163.29305556,1.0018693981458184,0,0.00033,sector_c
2163.29444444,1.0012100921396274,0,0.00033,sector_c
2163.29583333,1.0014232193960788,0,0.00033,sector_c
2163.29722222,1.0017654617738336,0,0.00033,sector_c
2163.29861111,1.0008115427738904,0,0.00033,sector_c
2163.3,1.0010534580181774,0,0.00033,sector_c
2163.30138889,1.0013064166808794,0,0.00033,sector_c
2163.30277778,1.0015853669944437,0,0.00033,sector_c
2163.30416667,1.000929646276143,0,0.00033,sector_c
2163.30555556,1.0014544467655995,0,0.00033,sector_c
2163.30694444,1.001176524567257,0,0.00033,sector_c
2163.30833333,1.0011581699686527,0,0.00033,sector_c
2163.30972222,1.0014802423073976,0,0.00033,sector_c
2163.31111111,1.001305728043932,0,0.00033,sector_c
2163.3125,1.0008290412014964,0,0.00033,sector_c
2163.31388889,1.0011877146876977,0,0.00033,sector_c
2163.31527778,1.0015232764642024,0,0.00033,sector_c
2163.31666667,1.0011714395962947,0,0.00033,sector_c
2163.31805556,1.0010388769118468,0,0.00033,sector_c
2163.31944444,1.0007136110539299,0,0.00033,sector_c
2163.32083333,1.000984774976657,0,0.00033,sector_c
2163.32222222,1.0016659172513134,0,0.00033,sector_c
2163.32361111,1.0009843766700657,0,0.00033,sector_c
2163.325,1.0010371087797703,0,0.00033,sector_c
2163.32638889,1.0016261655418293,0,0.00033,sector_c
2163.32777778,1.001174993208729,0,0.00033,sector_c
2163.32916667,1.0012737162920164,0,0.00033,sector_c
2163.33055556,1.0008574889321824,0,0.00033,sector_c
2163.33194444,1.001078682347298,0,0.00033,sector_c
2163.33333333,1.0008190304119922,0,0.00033,sector_c
2163.33472222,1.0010766852455122,0,0.00033,sector_c
2163.33611111,1.0009416554237915,0,0.00033,sector_c
2163.3375,1.0008623848371627,0,0.00033,sector_c
2163.33888889,1.0008606835043297,0,0.00033,sector_c
2163.34027778,1.001155248598592,0,0.00033,sector_c
2163.34166667,1.00084492014515,0,0.00033,sector_c
2163.34305556,1.0011518454577686,0,0.00033,sector_c
2163.34444444,1.0006795996431501,0,0.00033,sector_c
2163.34583333,1.0009227784728323,0,0.00033,sector_c
2163.34722222,1.001411563962608,0,0.00033,sector_c
2163.34861111,1.001145285705231,0,0.00033,sector_c
2163.35,1.001093333688235,0,0.00033,sector_c
2163.35138889,1.0010795157644288,0,0.00033,sector_c
2163.35277778,1.0009185940863734,0,0.00033,sector_c
2163.35416667,1.001432612895651,0,0.00033,sector_c
2163.35555556,1.0008433746306804,0,0.00033,sector_c
2163.35694444,1.0008674503224786,0,0.00033,sector_c
2163.35833333,1.0010237633521606,0,0.00033,sector_c
2163.35972222,1.0013996754892283,0,0.00033,sector_c
2163.36111111,1.0009681227443896,0,0.00033,sector_c
2163.3625,1.000927868309846,0,0.00033,sector_c
2163.36388889,1.0010668039687758,0,0.00033,sector_c
2163.36527778,1.0012839656259622,0,0.00033,sector_c
2163.36666667,1.0011201863047379,0,0.00033,sector_c
2163.36805556,1.000880625325056,0,0.00033,sector_c
2163.36944444,1.0008840720125831,0,0.00033,sector_c
2163.37083333,1.000728812061872,0,0.00033,sector_c
2163.37222222,1.0008696086411637,0,0.00033,sector_c
2163.37361111,1.0008615131535417,0,0.00033,sector_c
2163.375,1.000839274804332,0,0.00033,sector_c
2163.37638889,1.0007400404134592,0,0.00033,sector_c
2163.37777778,1.0010344407136562,0,0.00033,sector_c
2163.37916667,1.0011977844921802,0,0.00033,sector_c
2163.38055556,1.0008970901627894,0,0.00033,sector_c
2163.38194444,1.0010916532963228,0,0.00033,sector_c
2163.38333333,1.0009462661203488,0,0.00033,sector_c
2163.38472222,1.001399967611395,0,0.00033,sector_c
2163.38611111,1.0008980248274217,0,0.00033,sector_c
2163.3875,1.0011847255702782,0,0.00033,sector_c
2163.38888889,1.0005502478032111,0,0.00033,sector_c
2163.39027778,1.0006800324615712,0,0.00033,sector_c
2163.39166667,1.0009647131326818,0,0.00033,sector_c
2163.39305556,1.0009069715871437,0,0.00033,sector_c
2163.39444444,1.0008995644150613,0,0.00033,sector_c
2163.39583333,1.0007065062471108,0,0.00033,sector_c
2163.39722222,1.0008180057999159,0,0.00033,sector_c
2163.39861111,1.000541878005291,0,0.00033,sector_c
2163.4,1.0005695348731714,0,0.00033,sector_c
2163.40138889,1.0001426364667572,0,0.00033,sector_c
2163.40277778,1.0009557989475364,0,0.00033,sector_c
2163.40416667,1.0005562680438942,0,0.00033,sector_c
2163.40555556,1.000988405118429,0,0.00033,sector_c
2163.40694444,1.0006634776745535,0,0.00033,sector_c
2163.40833333,1.0010436624994385,0,0.00033,sector_c
2163.40972222,1.0009374728937812,0,0.00033,sector_c
2163.41111111,1.0008681982216308,0,0.00033,sector_c
2163.4125,1.0003427970747572,0,0.00033,sector_c
2163.41388889,1.0007101380866104,0,0.00033,sector_c
2163.41527778,1.0007508513365098,0,0.00033,sector_c
2163.41666667,1.0003378604901145,0,0.00033,sector_c
2163.41805556,1.000948556134708,0,0.00033,sector_c
2163.41944444,1.0005293033746816,0,0.00033,sector_c
2163.42083333,1.0003391375984154,0,0.00033,sector_c
2163.42222222,1.0010568543244496,0,0.00033,sector_c
2163.42361111,1.0008846006795014,0,0.00033,sector_c
2163.425,1.000641899092938,0,0.00033,sector_c
2163.42638889,1.0007353713569687,0,0.00033,sector_c
2163.42777778,1.000629885544018,0,0.00033,sector_c
2163.42916667,1.0001662892196916,0,0.00033,sector_c
2163.43055556,1.0005702084428014,0,0.00033,sector_c
2163.43194444,1.0009537789850098,0,0.00033,sector_c
2163.43333333,1.0006980737939022,0,0.00033,sector_c
2163.43472222,1.0004619189515653,0,0.00033,sector_c
2163.43611111,1.0005371238137053,0,0.00033,sector_c
2163.4375,1.0006793489194585,0,0.00033,sector_c
2163.43888889,1.0006032468826849,0,0.00033,sector_c
2163.44027778,1.0001968634346838,0,0.00033,sector_c
2163.44166667,1.000697306133562,0,0.00033,sector_c
2163.44305556,1.0004984709967015,0,0.00033,sector_c
2163.44444444,1.0008943994129749,0,0.00033,sector_c
2163.44583333,1.000400015643516,0,0.00033,sector_c
2163.44722222,1.0008351048006519,0,0.00033,sector_c
2163.44861111,1.0007061338977,0,0.00033,sector_c
2163.45,1.0003418916256166,0,0.00033,sector_c
2163.45138889,1.000630189359264,0,0.00033,sector_c
2163.45277778,1.000759929071914,0,0.00033,sector_c
2163.45416667,1.0004856119853054,0,0.00033,sector_c
2163.45555556,1.0009233660034136,0,0.00033,sector_c
2163.45694444,1.0008003135814265,0,0.00033,sector_c
2163.45833333,1.0006705938564149,0,0.00033,sector_c
2163.45972222,1.0004730580086134,0,0.00033,sector_c
2163.46111111,1.0003084191022356,0,0.00033,sector_c
2163.4625,1.0009628742695005,0,0.00033,sector_c
2163.46388889,1.0007005020305053,0,0.00033,sector_c
2163.46527778,1.0007238572394646,0,0.00033,sector_c
2163.46666667,1.0005002376631045,0,0.00033,sector_c
2163.46805556,1.000598034435459,0,0.00033,sector_c
2163.46944444,1.0003658936600224,0,0.00033,sector_c
2163.47083333,1.0001207297803179,0,0.00033,sector_c
2163.47222222,1.000449393784309,0,0.00033,sector_c
2163.47361111,1.0002572240545635,0,0.00033,sector_c
2163.475,1.0005092642719056,0,0.00033,sector_c
2163.47638889,1.0006203831047222,0,0.00033,sector_c
2163.47777778,1.0005129625686429,0,0.00033,sector_c
2163.47916667,1.0003010806388657,0,0.00033,sector_c
2163.48055556,1.000628100528845,0,0.00033,sector_c
2163.48194444,1.0008001843574215,0,0.00033,sector_c
2163.48333333,1.000361908269254,0,0.00033,sector_c
2163.48472222,0.9998982627399998,0,0.00033,sector_c
2163.48611111,1.0010182961381229,0,0.00033,sector_c
2163.4875,1.000459166734532,0,0.00033,sector_c
2163.48888889,1.0001622448099408,0,0.00033,sector_c
2163.49027778,1.000628533032155,0,0.00033,sector_c
2163.49166667,1.000568591243691,0,0.00033,sector_c
2163.49305556,1.0002758009974204,0,0.00033,sector_c
2163.49444444,1.0005820538641441,0,0.00033,sector_c
2163.49583333,1.0001159979651912,0,0.00033,sector_c
2163.49722222,1.0004768882989359,0,0.00033,sector_c
2163.49861111,1.0002138198380743,0,0.00033,sector_c
2163.5,1.0007463815070037,0,0.00033,sector_c
2163.50138889,1.0002547387820626,0,0.00033,sector_c
2163.50277778,1.0003097411650927,0,0.00033,sector_c
2163.50416667,1.0006960866406522,0,0.00033,sector_c
2163.50555556,0.9998365382902762,0,0.00033,sector_c
2163.50694444,1.0006357765716511,0,0.00033,sector_c
2163.50833333,1.0006160390803904,0,0.00033,sector_c
2163.50972222,1.000842924407012,0,0.00033,sector_c
2163.51111111,1.0006544002367452,0,0.00033,sector_c
2163.5125,1.00066358935464,0,0.00033,sector_c
2163.51388889,1.0003865339060525,0,0.00033,sector_c
2163.51527778,1.000347702694732,0,0.00033,sector_c
2163.51666667,1.0001687898897706,0,0.00033,sector_c
2163.51805556,0.9995895642991185,0,0.00033,sector_c
2163.51944444,0.9999095489411555,0,0.00033,sector_c
2163.52083333,1.0003783268740787,0,0.00033,sector_c
2163.52222222,1.0000365970474394,0,0.00033,sector_c
2163.52361111,1.0003980935384686,0,0.00033,sector_c
2163.525,1.0003287824278047,2048,0.00033,sector_c
2163.52638889,1.0004868717147894,0,0.00033,sector_c
2163.52777778,1.000404414073141,0,0.00033,sector_c
2163.52916667,0.9999138944533411,0,0.00033,sector_c
2163.53055556,0.9998626455234796,0,0.00033,sector_c
2163.53194444,1.0005539076865626,0,0.00033,sector_c
2163.53333333,1.0002218353728265,0,0.00033,sector_c
2163.53472222,1.0002565706840982,0,0.00033,sector_c
2163.53611111,1.0001769324214222,0,0.00033,sector_c
2163.5375,1.0003065324746816,0,0.00033,sector_c
2163.53888889,1.0001293657222747,0,0.00033,sector_c
2163.54027778,1.0004964538825663,0,0.00033,sector_c
2163.54166667,1.0001609512842078,0,0.00033,sector_c
2163.54305556,0.9999557894091955,0,0.00033,sector_c
2163.54444444,0.9998545306597258,0,0.00033,sector_c
2163.54583333,1.0002489031392148,0,0.00033,sector_c
2163.54722222,1.0002858993695283,0,0.00033,sector_c
2163.54861111,1.000096752125148,0,0.00033,sector_c
2163.55,0.9998620387631001,0,0.00033,sector_c
2163.55138889,1.0007013232142052,0,0.00033,sector_c
2163.55277778,0.999952894189585,0,0.00033,sector_c
2163.55416667,1.0001269341688666,0,0.00033,sector_c
2163.55555556,1.0007834900661032,0,0.00033,sector_c
2163.55694444,1.0003206365637802,4096,0.00033,sector_c
2163.55833333,1.0007207223730592,0,0.00033,sector_c
2163.55972222,0.9997817521415105,0,0.00033,sector_c
2163.56111111,1.0005735779435687,0,0.00033,sector_c
2163.5625,1.000117876690434,0,0.00033,sector_c
2163.56388889,1.0000403544048657,0,0.00033,sector_c
2163.56527778,0.9998307904928292,0,0.00033,sector_c
2163.56666667,0.9996975220115,0,0.00033,sector_c
2163.56805556,1.0003746571293828,2048,0.00033,sector_c
2163.56944444,1.0001922592281047,0,0.00033,sector_c
2163.57083333,0.9995877951896036,0,0.00033,sector_c
2163.57222222,0.9999317415369111,0,0.00033,sector_c
2163.57361111,1.0001284889049402,0,0.00033,sector_c
2163.575,1.000016363967982,0,0.00033,sector_c
2163.57638889,0.9997976916348615,0,0.00033,sector_c
2163.57777778,1.0004317402435927,0,0.00033,sector_c
2163.57916667,1.0001371648949666,0,0.00033,sector_c
2163.58055556,1.0000345332967107,0,0.00033,sector_c
2163.58194444,0.9999916591140631,0,0.00033,sector_c
2163.58333333,1.000308461820531,0,0.00033,sector_c
2163.58472222,0.999873081608797,0,0.00033,sector_c
2163.58611111,1.0002097804180228,0,0.00033,sector_c
2163.5875,1.0001043575616153,0,0.00033,sector_c
2163.58888889,1.0003693350831102,0,0.00033,sector_c
2163.59027778,1.000045155469919,0,0.00033,sector_c
2163.59166667,1.0005048808304473,0,0.00033,sector_c
2163.59305556,0.9994743377637594,0,0.00033,sector_c
2163.59444444,0.9996348555161978,0,0.00033,sector_c
2163.59583333,1.000342808918161,0,0.00033,sector_c
2163.59722222,0.9999467630921269,0,0.00033,sector_c
2163.59861111,1.000120122651548,0,0.00033,sector_c
2163.6,0.9999488466151636,0,0.00033,sector_c
2163.60138889,0.9999388463536406,0,0.00033,sector_c
2163.60277778,0.9999875633776146,0,0.00033,sector_c
2163.60416667,1.0001108185290422,0,0.00033,sector_c
2163.60555556,1.000614416898997,0,0.00033,sector_c
2163.60694444,1.0000272338095864,0,0.00033,sector_c
2163.60833333,0.9996340570095729,0,0.00033,sector_c
2163.60972222,1.0001319771076458,0,0.00033,sector_c
2163.61111111,0.9999688151384779,0,0.00033,sector_c
2163.6125,1.0000756697776823,0,0.00033,sector_c
2163.61388889,0.9996938706244256,0,0.00033,sector_c
2163.61527778,1.0001834880401654,0,0.00033,sector_c
2163.61666667,0.999937486645154,0,0.00033,sector_c
2163.61805556,1.0000247375772808,0,0.00033,sector_c
2163.61944444,1.0000414057368612,0,0.00033,sector_c
2163.62083333,1.000116586178173,0,0.00033,sector_c
2163.62222222,1.0001699457011402,0,0.00033,sector_c
2163.62361111,0.9999152187863298,0,0.00033,sector_c
2163.625,1.000319417802238,0,0.00033,sector_c
2163.62638889,1.0002028468229789,0,0.00033,sector_c
2163.62777778,0.9995808767385947,0,0.00033,sector_c
2163.62916667,0.9996187278670952,0,0.00033,sector_c
2163.63055556,1.0001209357066214,0,0.00033,sector_c
2163.63194444,0.9998930266590883,0,0.00033,sector_c
2163.63333333,0.9998775514255148,0,0.00033,sector_c
2163.63472222,0.9993992302697217,0,0.00033,sector_c
2163.63611111,0.9999394699631662,0,0.00033,sector_c
2163.6375,0.9998341918539506,0,0.00033,sector_c
2163.63888889,0.9999800488477063,0,0.00033,sector_c
2163.64027778,0.999778808596743,0,0.00033,sector_c
2163.64166667,0.9998625579548198,0,0.00033,sector_c
2163.64305556,0.999809278918249,0,0.00033,sector_c
2163.64444444,0.9999933493563078,0,0.00033,sector_c
2163.64583333,0.9995951668191285,0,0.00033,sector_c
2163.64722222,0.9997309684696015,0,0.00033,sector_c
2163.64861111,0.9997808426777981,0,0.00033,sector_c
2163.65,0.9994564143453273,0,0.00033,sector_c
2163.65138889,0.9995850107476322,0,0.00033,sector_c
2163.65277778,0.999759568646153,0,0.00033,sector_c
2163.65416667,0.9996949883569295,0,0.00033,sector_c
2163.65555556,0.9996563168586381,0,0.00033,sector_c
2163.65694444,1.0000684977036873,0,0.00033,sector_c
2163.65833333,0.9992009992513571,0,0.00033,sector_c
2163.65972222,1.0005326339897165,0,0.00033,sector_c
2163.66111111,0.9998670413392116,0,0.00033,sector_c
2163.6625,0.9994998060423426,0,0.00033,sector_c
2163.66388889,0.9991645766051618,0,0.00033,sector_c
2163.66527778,0.9997599160159921,0,0.00033,sector_c
2163.66666667,0.9997465225165523,0,0.00033,sector_c
2163.66805556,0.9995165166184262,0,0.00033,sector_c
2163.66944444,1.0000991222201745,0,0.00033,sector_c
2163.67083333,0.9997362653029809,0,0.00033,sector_c
2163.67222222,0.999613720921,0,0.00033,sector_c
2163.67361111,1.00022606531945,0,0.00033,sector_c
2163.675,1.0001260630554893,0,0.00033,sector_c
2163.67638889,0.999672963111559,0,0.00033,sector_c
2163.67777778,0.9996702312551129,0,0.00033,sector_c
2163.67916667,0.999602082991661,0,0.00033,sector_c
2163.68055556,0.9997873946568208,0,0.00033,sector_c
2163.68194444,0.9996702988014567,0,0.00033,sector_c
2163.68333333,0.9994924537755969,0,0.00033,sector_c
2163.68472222,0.9995923528077643,0,0.00033,sector_c
2163.68611111,0.9996180306501107,0,0.00033,sector_c
2163.6875,0.9997943016475231,0,0.00033,sector_c
2163.68888889,0.9995624819218,0,0.00033,sector_c
2163.69027778,0.9997432007607798,0,0.00033,sector_c
2163.69166667,0.9999111165615315,0,0.00033,sector_c
2163.69305556,0.9999947366156928,0,0.00033,sector_c
2163.69444444,1.000383604951365,0,0.00033,sector_c
2163.69583333,0.9996782122470552,0,0.00033,sector_c
2163.69722222,0.9997525448584839,0,0.00033,sector_c
2163.69861111,1.0002875130150588,0,0.00033,sector_c
2163.7,0.9995170012091174,0,0.00033,sector_c
2163.70138889,0.9992675840535736,0,0.00033,sector_c
2163.70277778,0.9996630907336502,0,0.00033,sector_c
2163.70416667,0.9997879227932603,0,0.00033,sector_c
2163.70555556,0.9996021370942832,0,0.00033,sector_c
2163.70694444,0.9997303845659896,0,0.00033,sector_c
2163.70833333,0.9992213772682211,0,0.00033,sector_c
2163.70972222,0.9996825132995025,0,0.00033,sector_c
2163.71111111,0.9993073307421494,0,0.00033,sector_c
2163.7125,0.9994767618199504,0,0.00033,sector_c
2163.71388889,0.9997330909424972,0,0.00033,sector_c
2163.71527778,0.9989864276613696,0,0.00033,sector_c
2163.71666667,0.9999352778559117,0,0.00033,sector_c
2163.71805556,0.9993707375533786,0,0.00033,sector_c
2163.71944444,0.9998254449399362,0,0.00033,sector_c
2163.72083333,0.999731374596785,0,0.00033,sector_c
2163.72222222,0.9994519793169039,0,0.00033,sector_c
2163.72361111,0.999602205083049,0,0.00033,sector_c
2163.725,0.999565443488771,0,0.00033,sector_c
2163.72638889,0.9997486476741219,0,0.00033,sector_c
2163.72777778,0.9995666700508079,0,0.00033,sector_c
2163.72916667,0.9994254636149638,0,0.00033,sector_c
2163.73055556,0.9997546559737336,0,0.00033,sector_c
2163.73194444,0.9997565160293527,0,0.00033,sector_c
2163.73333333,0.9994566578335099,0,0.00033,sector_c
2163.73472222,0.9991784623461428,0,0.00033,sector_c
2163.73611111,0.999547148593452,0,0.00033,sector_c
2163.7375,0.9995548212081176,0,0.00033,sector_c
2163.73888889,0.9992819788100834,0,0.00033,sector_c
2163.74027778,0.9993308675708947,0,0.00033,sector_c
2163.74166667,0.9992087023570864,0,0.00033,sector_c
2163.74305556,0.9995457865312051,0,0.00033,sector_c
2163.74444444,0.9998288390241765,0,0.00033,sector_c
2163.74583333,0.9993189519118792,0,0.00033,sector_c
2163.74722222,0.9995941790670172,0,0.00033,sector_c
2163.74861111,0.9994147899259994,0,0.00033,sector_c
2163.75,0.9999050887125349,0,0.00033,sector_c
2163.75138889,0.9998308044791626,0,0.00033,sector_c
2163.75277778,0.999312598055587,0,0.00033,sector_c
2163.75416667,0.99941619694067,0,0.00033,sector_c
2163.75555556,0.9997087630128115,0,0.00033,sector_c
2163.75694444,0.999494098040711,0,0.00033,sector_c
2163.75833333,0.999925970282076,0,0.00033,sector_c
2163.75972222,0.9997873020699237,0,0.00033,sector_c
2163.76111111,0.999663076133991,0,0.00033,sector_c
2163.7625,0.9997709608906447,0,0.00033,sector_c
2163.76388889,0.9991352927320976,0,0.00033,sector_c
2163.76527778,0.9994889607219726,0,0.00033,sector_c
2163.76666667,1.0002689012769308,0,0.00033,sector_c
2163.76805556,0.9996530961510199,0,0.00033,sector_c
2163.76944444,0.9999326107899722,0,0.00033,sector_c
2163.77083333,0.9992718035410785,0,0.00033,sector_c
2163.77222222,0.999160057948531,0,0.00033,sector_c
2163.77361111,0.99934394987223,0,0.00033,sector_c
2163.775,0.9998990115568862,0,0.00033,sector_c
2163.77638889,0.9991856238514787,0,0.00033,sector_c
2163.77777778,0.9987756888914893,0,0.00033,sector_c
2163.77916667,0.9992415270945664,0,0.00033,sector_c
2163.78055556,0.999504394797712,0,0.00033,sector_c
2163.78194444,0.9994357888303789,0,0.00033,sector_c
2163.78333333,0.9994104766459965,0,0.00033,sector_c
2163.78472222,0.9994911845021479,0,0.00033,sector_c
2163.78611111,0.9991801269179911,0,0.00033,sector_c
2163.7875,0.9991965650162843,0,0.00033,sector_c
2163.78888889,0.9994067993872109,0,0.00033,sector_c
2163.79027778,0.9993877010508093,0,0.00033,sector_c
2163.79166667,0.999024021238757,0,0.00033,sector_c
2163.79305556,0.9987920125288609,0,0.00033,sector_c
2163.79444444,0.9995560979031314,0,0.00033,sector_c
2163.79583333,0.9991650698830302,0,0.00033,sector_c
2163.79722222,0.9998433548171843,0,0.00033,sector_c
2163.79861111,0.9988351382374564,0,0.00033,sector_c
2163.8,0.9993686251440087,0,0.00033,sector_c
2163.80138889,0.9990384627677927,0,0.00033,sector_c
2163.80277778,0.9996243559365373,0,0.00033,sector_c
2163.80416667,0.9990309053455502,0,0.00033,sector_c
2163.80555556,0.9991315592611196,0,0.00033,sector_c
2163.80694444,0.9992781111520403,0,0.00033,sector_c
2163.80833333,0.9987143806691308,0,0.00033,sector_c
2163.80972222,0.9996482705245676,0,0.00033,sector_c
2163.81111111,0.9994444855372429,0,0.00033,sector_c
2163.8125,0.9995931516456723,0,0.00033,sector_c
2163.81388889,0.9990403771572379,0,0.00033,sector_c
2163.81527778,0.9990154401388738,0,0.00033,sector_c
2163.81666667,0.9991901856938592,0,0.00033,sector_c
2163.81805556,0.999485448049717,0,0.00033,sector_c
2163.81944444,0.9992576510316488,0,0.00033,sector_c
2163.82083333,0.9992379900050564,0,0.00033,sector_c
2163.82222222,0.9990249027042549,0,0.00033,sector_c
2163.82361111,0.9994861449367423,0,0.00033,sector_c
2163.825,0.9989903250067953,0,0.00033,sector_c
2163.82638889,0.9993962554667363,0,0.00033,sector_c
2163.82777778,0.9994606890468513,0,0.00033,sector_c
2163.82916667,0.9995611616176454,0,0.00033,sector_c
2163.83055556,0.9990708654308041,0,0.00033,sector_c
2163.83194444,0.9991240716886701,0,0.00033,sector_c
2163.83333333,0.9993170551103769,0,0.00033,sector_c
2163.83472222,0.9994100390520474,0,0.00033,sector_c
2163.83611111,0.9991887296821417,0,0.00033,sector_c
2163.8375,0.9993942109480574,0,0.00033,sector_c
2163.83888889,0.9992841728030839,0,0.00033,sector_c
2163.84027778,0.9990003521225744,0,0.00033,sector_c
2163.84166667,0.9995317735596213,0,0.00033,sector_c
2163.84305556,0.9993801128178159,0,0.00033,sector_c
2163.84444444,0.9993518352969809,0,0.00033,sector_c
2163.84583333,0.9990184543142231,0,0.00033,sector_c
2163.84722222,0.9995271083517113,0,0.00033,sector_c
2163.84861111,0.9989656906638217,0,0.00033,sector_c
2163.85,0.9993578639041091,0,0.00033,sector_c
2163.85138889,0.9990526734880006,0,0.00033,sector_c
2163.85277778,0.9994723132891611,0,0.00033,sector_c
2163.85416667,0.9994124179816578,0,0.00033,sector_c
2163.85555556,0.9992305352823181,0,0.00033,sector_c
2163.85694444,0.9992357763244198,0,0.00033,sector_c
2163.85833333,0.9992772470852973,0,0.00033,sector_c
2163.85972222,0.9993217127697717,0,0.00033,sector_c
2163.86111111,0.999023262766213,0,0.00033,sector_c
2163.8625,0.9995347638831505,0,0.00033,sector_c
2163.86388889,0.9990282538112596,0,0.00033,sector_c
2163.86527778,0.9992912558226417,0,0.00033,sector_c
2163.86666667,0.998977343828106,0,0.00033,sector_c
2163.86805556,0.9986489690058323,0,0.00033,sector_c
2163.86944444,0.9994609254471993,0,0.00033,sector_c
2163.87083333,0.9996760048280361,0,0.00033,sector_c
2163.87222222,0.9992831984457223,0,0.00033,sector_c
2163.87361111,0.9989953594258169,0,0.00033,sector_c
2163.875,0.9992096512608918,0,0.00033,sector_c
2163.87638889,0.9991724185444705,0,0.00033,sector_c
2163.87777778,0.9996358798790215,0,0.00033,sector_c
2163.87916667,0.9991057326932062,0,0.00033,sector_c
2163.88055556,0.9992892842182334,0,0.00033,sector_c
2163.88194444,0.9996412196089123,0,0.00033,sector_c
2163.88333333,0.9989463481471815,0,0.00033,sector_c
2163.88472222,0.9990811068119572,0,0.00033,sector_c
2163.88611111,0.9987137135199822,0,0.00033,sector_c
2163.8875,0.9992419574389277,0,0.00033,sector_c
2163.88888889,0.9991117296999142,0,0.00033,sector_c
2163.89027778,0.9991388582905273,0,0.00033,sector_c
2163.89166667,0.9994102830796041,0,0.00033,sector_c
2163.89305556,0.9992418481749006,0,0.00033,sector_c
2163.89444444,0.999249015792817,0,0.00033,sector_c
2163.89583333,0.9990629735189248,0,0.00033,sector_c
2163.89722222,0.9989067917664094,0,0.00033,sector_c
2163.89861111,0.9989281632835314,0,0.00033,sector_c
2163.9,0.9991965488241953,0,0.00033,sector_c
2163.90138889,0.9988180867219519,0,0.00033,sector_c
2163.90277778,0.998850127483884,0,0.00033,sector_c
2163.90416667,0.9989097788958965,0,0.00033,sector_c
2163.90555556,0.999133467055894,0,0.00033,sector_c
2163.90694444,0.9988247193396969,0,0.00033,sector_c
2163.90833333,0.9992285397617412,0,0.00033,sector_c
2163.90972222,0.999016716640606,0,0.00033,sector_c
2163.91111111,0.9995756838382007,0,0.00033,sector_c
2163.9125,1.0000570272795173,0,0.00033,sector_c
2163.91388889,0.999567879358436,0,0.00033,sector_c
2163.91527778,0.9990164655097952,0,0.00033,sector_c
2163.91666667,0.9991325863133426,0,0.00033,sector_c
2163.91805556,0.9992036506403174,0,0.00033,sector_c
2163.91944444,0.9989400464251725,0,0.00033,sector_c
2163.92083333,0.9987837531105794,0,0.00033,sector_c
2163.92222222,0.9991848247923515,0,0.00033,sector_c
2163.92361111,0.9991900181511955,0,0.00033,sector_c
2163.925,0.9990232055995123,0,0.00033,sector_c
2163.92638889,0.998417190343254,0,0.00033,sector_c
2163.92777778,0.9989294717305065,0,0.00033,sector_c
2163.92916667,0.9993053154569016,0,0.00033,sector_c
2163.93055556,0.9994250510821845,0,0.00033,sector_c
2163.93194444,0.9988286030974318,0,0.00033,sector_c
2163.93333333,0.9990406528949761,0,0.00033,sector_c
2163.93472222,0.99880079944711,0,0.00033,sector_c
2163.93611111,0.9988238273470225,0,0.00033,sector_c
2163.9375,0.9991243170542201,0,0.00033,sector_c
2163.93888889,0.9990439866486015,0,0.00033,sector_c
2163.94027778,0.9985167598116229,0,0.00033,sector_c
2163.94166667,0.9992224572183467,0,0.00033,sector_c
2163.94305556,0.9987862596354274,0,0.00033,sector_c
2163.94444444,0.9987953606615544,0,0.00033,sector_c
2163.94583333,0.9990638905972842,0,0.00033,sector_c
2163.94722222,0.9989544178029309,0,0.00033,sector_c
2163.94861111,0.998819558234087,0,0.00033,sector_c
2163.95,0.9991571194903347,0,0.00033,sector_c
2163.95138889,0.9989070947041323,0,0.00033,sector_c
2163.95277778,0.9993875940546973,0,0.00033,sector_c
2163.95416667,0.9992818072799947,0,0.00033,sector_c
2163.95555556,0.9989099441078203,0,0.00033,sector_c
2163.95694444,0.9987757112948126,0,0.00033,sector_c
2163.95833333,0.9989757458839443,0,0.00033,sector_c
2163.95972222,0.9992284021942145,0,0.00033,sector_c
2163.96111111,0.9985360347281051,0,0.00033,sector_c
2163.9625,0.9990958383615746,0,0.00033,sector_c
2163.96388889,0.9986838312233504,0,0.00033,sector_c
2163.96527778,0.9988472929483833,0,0.00033,sector_c
2163.96666667,0.9988267740830739,0,0.00033,sector_c
2163.96805556,0.9986399844405534,0,0.00033,sector_c
2163.96944444,0.9993074088687788,0,0.00033,sector_c
2163.97083333,0.9989091325079057,0,0.00033,sector_c
2163.97222222,0.9987256696995677,0,0.00033,sector_c
2163.97361111,0.9990787412588036,0,0.00033,sector_c
2163.975,0.9990773453928852,0,0.00033,sector_c
2163.97638889,0.9993885897808115,0,0.00033,sector_c
2163.97777778,0.9987827048187605,0,0.00033,sector_c
2163.97916667,0.9988151154517717,0,0.00033,sector_c
2163.98055556,0.9993201641116654,0,0.00033,sector_c
2163.98194444,0.998664654077042,0,0.00033,sector_c
2163.98333333,0.9987356605830507,0,0.00033,sector_c
2163.98472222,0.9991375237112593,0,0.00033,sector_c
2163.98611111,0.9986231771443891,0,0.00033,sector_c
2163.9875,0.9989704123737596,0,0.00033,sector_c
2163.98888889,0.999110483565956,0,0.00033,sector_c
2163.99027778,0.9990567457495103,0,0.00033,sector_c
2163.99166667,0.9988027175260172,0,0.00033,sector_c
2163.99305556,0.9986548477985698,0,0.00033,sector_c
2163.99444444,0.9995797307360811,0,0.00033,sector_c
2163.99583333,0.9988639460751892,0,0.00033,sector_c
2163.99722222,0.9990699281555013,0,0.00033,sector_c
2163.99861111,0.9991492465549585,0,0.00033,sector_c
2164.0,0.9989996000667569,0,0.00033,sector_c
2164.00138889,0.9992520510029498,0,0.00033,sector_c
2164.00277778,0.9986807768695983,0,0.00033,sector_c
2164.00416667,0.9993614620692824,0,0.00033,sector_c
2164.00555556,0.9982135397725482,0,0.00033,sector_c
2164.00694444,0.9986404972729137,0,0.00033,sector_c
2164.00833333,0.9992112768877868,0,0.00033,sector_c
2164.00972222,0.9990261700043529,0,0.00033,sector_c
2164.01111111,0.9990707037512635,0,0.00033,sector_c
2164.0125,0.9986994821054652,0,0.00033,sector_c
2164.01388889,0.9988065158582513,0,0.00033,sector_c
2164.01527778,0.9991114323407484,0,0.00033,sector_c
2164.01666667,0.9987204285489656,0,0.00033,sector_c
2164.01805556,0.9990421336579404,0,0.00033,sector_c
2164.01944444,0.9987757707602983,0,0.00033,sector_c
2164.02083333,0.9987031772680852,0,0.00033,sector_c
2164.02222222,0.9990639809408556,0,0.00033,sector_c
2164.02361111,0.9990500326949378,0,0.00033,sector_c
2164.025,0.9989391247362218,0,0.00033,sector_c
2164.02638889,0.9990789808647557,0,0.00033,sector_c
2164.02777778,0.9986661388152628,0,0.00033,sector_c
2164.02916667,0.9991691551987945,0,0.00033,sector_c
2164.03055556,0.9983698658002557,0,0.00033,sector_c
2164.03194444,0.9988496330689718,0,0.00033,sector_c
2164.03333333,0.9987753477637248,0,0.00033,sector_c
2164.03472222,0.9990075279623711,0,0.00033,sector_c
2164.03611111,0.9992916803551432,0,0.00033,sector_c
2164.0375,0.9991381113680586,0,0.00033,sector_c
2164.03888889,0.9993045514504341,0,0.00033,sector_c
2164.04027778,0.9986597095839846,0,0.00033,sector_c
2164.04166667,0.9988318464769562,0,0.00033,sector_c
2164.04305556,0.9987239548444928,0,0.00033,sector_c
2164.04444444,0.998424279407008,0,0.00033,sector_c
2164.04583333,0.9991190152230273,0,0.00033,sector_c
2164.04722222,0.9989256473538974,0,0.00033,sector_c
2164.04861111,0.999057298150377,0,0.00033,sector_c
2164.05,0.9987478177144675,0,0.00033,sector_c
2164.05138889,0.9983412041927636,0,0.00033,sector_c
2164.05277778,0.9991020774307477,0,0.00033,sector_c
2164.05416667,0.9990947253981308,0,0.00033,sector_c
2164.05555556,0.9989893711423209,0,0.00033,sector_c
2164.05694444,0.9987687783201856,0,0.00033,sector_c
2164.05833333,0.9988105877453941,0,0.00033,sector_c
2164.05972222,0.9988996248551582,0,0.00033,sector_c
2164.06111111,0.9984420592370801,0,0.00033,sector_c
2164.0625,0.9989189928471093,0,0.00033,sector_c
2164.06388889,0.9989680345712303,0,0.00033,sector_c
2164.06527778,0.9985181504137073,0,0.00033,sector_c
2164.06666667,0.9984926337193769,0,0.00033,sector_c
2164.06805556,0.9990878640118066,0,0.00033,sector_c
2164.06944444,0.9991663152243316,0,0.00033,sector_c
2164.07083333,0.9990073202528037,0,0.00033,sector_c
2164.07222222,0.9987865792264368,0,0.00033,sector_c
2164.07361111,0.9991694823980121,0,0.00033,sector_c
2164.075,0.9991588931339352,0,0.00033,sector_c
2164.07638889,0.9986006174950302,0,0.00033,sector_c
2164.07777778,0.9987800433991998,0,0.00033,sector_c
2164.07916667,0.9991209359685017,0,0.00033,sector_c
2164.08055556,0.9985224771430659,0,0.00033,sector_c
2164.08194444,0.9988787274870417,0,0.00033,sector_c
2164.08333333,0.9991829336363813,0,0.00033,sector_c
2164.08472222,0.9984692774929314,0,0.00033,sector_c
2164.08611111,0.99875212376826,0,0.00033,sector_c
2164.0875,0.9989559407318329,0,0.00033,sector_c
2164.08888889,0.9987769780005267,0,0.00033,sector_c
2164.09027778,0.9987953879992207,0,0.00033,sector_c
2164.09166667,0.998811251794765,0,0.00033,sector_c
2164.09305556,0.9992845122741745,0,0.00033,sector_c
2164.09444444,0.9990205527075022,0,0.00033,sector_c
2164.09583333,0.9988230242866171,0,0.00033,sector_c
2164.09722222,0.9985176661113022,0,0.00033,sector_c
2164.09861111,0.9986849535849025,0,0.00033,sector_c
2164.1,0.9987511671011919,0,0.00033,sector_c
2164.10138889,0.9986127046429486,0,0.00033,sector_c
2164.10277778,0.9987617748795025,0,0.00033,sector_c
2164.10416667,0.9988061816117867,0,0.00033,sector_c
2164.10555556,0.9989254113670796,0,0.00033,sector_c
2164.10694444,0.9990786352006487,0,0.00033,sector_c
2164.10833333,0.9984631889671881,0,0.00033,sector_c
2164.10972222,0.9994055993954203,0,0.00033,sector_c
2164.11111111,0.9988051646103386,0,0.00033,sector_c
2164.1125,0.9990286581399874,0,0.00033,sector_c
2164.11388889,0.9988152609277086,0,0.00033,sector_c
2164.11527778,0.9988310052098769,0,0.00033,sector_c
2164.11666667,0.9987739527504725,0,0.00033,sector_c
2164.11805556,0.9984979221127105,0,0.00033,sector_c
2164.11944444,0.9982033930477245,0,0.00033,sector_c
2164.12083333,0.9988856542507042,0,0.00033,sector_c
2164.12222222,0.998757177728205,0,0.00033,sector_c
2164.12361111,0.9986792405054268,0,0.00033,sector_c
2164.125,0.999595831883469,0,0.00033,sector_c
2164.12638889,0.9987242484068386,0,0.00033,sector_c
2164.12777778,0.9990795849530052,0,0.00033,sector_c
2164.12916667,0.9991123604876937,0,0.00033,sector_c
2164.13055556,0.9982537448548887,0,0.00033,sector_c
2164.13194444,0.998672391343892,0,0.00033,sector_c
2164.13333333,0.9985958187593532,0,0.00033,sector_c
2164.13472222,0.9985900723682429,0,0.00033,sector_c
2164.13611111,0.9987988192876377,0,0.00033,sector_c
2164.1375,0.9990091172314199,0,0.00033,sector_c
2164.13888889,0.9984490765375774,0,0.00033,sector_c
2164.14027778,0.9984485023680053,0,0.00033,sector_c
2164.14166667,0.9991722273284439,0,0.00033,sector_c
2164.14305556,0.9985457918642179,0,0.00033,sector_c
2164.14444444,0.9989802070756716,0,0.00033,sector_c
2164.14583333,0.9989365503554747,0,0.00033,sector_c
2164.14722222,0.9985147430026614,0,0.00033,sector_c
2164.14861111,0.9985675957496348,0,0.00033,sector_c
2164.15,0.998666272019933,0,0.00033,sector_c
2164.15138889,0.9992081803992401,0,0.00033,sector_c
2164.15277778,0.9990984959345512,0,0.00033,sector_c
2164.15416667,0.9983938774457753,0,0.00033,sector_c
2164.15555556,0.9987385272093375,0,0.00033,sector_c
2164.15694444,0.9987036025033708,0,0.00033,sector_c
2164.15833333,0.998204336282634,0,0.00033,sector_c
2164.15972222,0.998727828758634,0,0.00033,sector_c
2164.16111111,0.998499362985607,0,0.00033,sector_c
2164.1625,0.9992571488721252,0,0.00033,sector_c
2164.16388889,0.9994031999855286,0,0.00033,sector_c
2164.16527778,0.9994081548964356,0,0.00033,sector_c
2164.16666667,0.9991810613492802,0,0.00033,sector_c
2164.16805556,0.9989764413621807,0,0.00033,sector_c
2164.16944444,0.9990198073589098,0,0.00033,sector_c
2164.17083333,0.9988712172284584,0,0.00033,sector_c
2164.17222222,0.998888341635286,0,0.00033,sector_c
2164.17361111,0.9986144899758177,0,0.00033,sector_c
2164.175,0.9991346113732081,0,0.00033,sector_c
2164.17638889,0.998640943993144,0,0.00033,sector_c
2164.17777778,0.9989982700339726,0,0.00033,sector_c
2164.17916667,0.9988866028750618,0,0.00033,sector_c
2164.18055556,0.9987362268382374,0,0.00033,sector_c
2164.18194444,0.9993628760661047,0,0.00033,sector_c
2164.18333333,0.9992213295595208,0,0.00033,sector_c
2164.18472222,0.9990142944708078,0,0.00033,sector_c
2164.18611111,0.998933367336497,0,0.00033,sector_c
2164.1875,0.9983230610906719,0,0.00033,sector_c
2164.18888889,0.9986599567498389,0,0.00033,sector_c
2164.19027778,0.9992093672544334,0,0.00033,sector_c
2164.19166667,0.9989962203756555,0,0.00033,sector_c
2164.19305556,0.9988709006909996,0,0.00033,sector_c
2164.19444444,0.998903797294916,0,0.00033,sector_c
2164.19583333,0.999266316906021,0,0.00033,sector_c
2164.19722222,0.9982379233536083,0,0.00033,sector_c
2164.19861111,0.9991870878774463,0,0.00033,sector_c
2164.2,0.9988143555437279,0,0.00033,sector_c
2164.20138889,0.9987175812476146,0,0.00033,sector_c
2164.20277778,0.9985085726332714,0,0.00033,sector_c
2164.20416667,0.9985524123593412,0,0.00033,sector_c
2164.20555556,0.9984669838372071,0,0.00033,sector_c
2164.20694444,0.9989556710915594,0,0.00033,sector_c
2164.20833333,0.9989611369203469,0,0.00033,sector_c
2164.20972222,0.9982572670829757,0,0.00033,sector_c
2164.21111111,0.9989211186819879,0,0.00033,sector_c
2164.2125,0.9989903720897075,0,0.00033,sector_c
2164.21388889,0.9989573055903676,0,0.00033,sector_c
2164.21527778,0.9983860793030731,0,0.00033,sector_c
2164.21666667,0.9992543051831682,0,0.00033,sector_c
2164.21805556,0.9985332830163857,0,0.00033,sector_c
2164.21944444,0.9989175115034404,0,0.00033,sector_c
2164.22083333,0.9987247288642472,0,0.00033,sector_c
2164.22222222,0.9989254580452311,0,0.00033,sector_c
2164.22361111,0.9985660854618316,0,0.00033,sector_c
2164.225,0.9988518011795962,0,0.00033,sector_c
2164.22638889,0.9983637429201929,0,0.00033,sector_c
2164.22777778,0.9990974398515999,0,0.00033,sector_c
2164.22916667,0.9989532016255243,0,0.00033,sector_c
2164.23055556,0.9984904708796896,4096,0.00033,sector_c
2164.23194444,0.9983299237943342,0,0.00033,sector_c
2164.23333333,0.9987163927019043,0,0.00033,sector_c
2164.23472222,0.9988297927573361,0,0.00033,sector_c
2164.23611111,0.999035645240451,0,0.00033,sector_c
2164.2375,0.99867618623237,0,0.00033,sector_c
2164.23888889,0.9991197458269435,0,0.00033,sector_c
2164.24027778,0.9984003991439501,0,0.00033,sector_c
2164.24166667,0.998456749545317,0,0.00033,sector_c
2164.24305556,0.9983824374393769,0,0.00033,sector_c
2164.24444444,0.99895384042161,0,0.00033,sector_c
2164.24583333,0.998634803132732,0,0.00033,sector_c
2164.24722222,0.9987437348476145,0,0.00033,sector_c
2164.24861111,0.9987152064580029,0,0.00033,sector_c
2164.25,0.9986274654445938,0,0.00033,sector_c
2164.25138889,0.9988037907071968,0,0.00033,sector_c
2164.25277778,0.9986980269775574,0,0.00033,sector_c
2164.25416667,0.9986284193503484,0,0.00033,sector_c
2164.25555556,0.9985361316086674,2048,0.00033,sector_c
2164.25694444,0.9986548544677992,0,0.00033,sector_c
2164.25833333,0.9986943223850653,0,0.00033,sector_c
2164.25972222,0.9988041054978001,0,0.00033,sector_c
2164.26111111,0.9985855226925648,0,0.00033,sector_c
2164.2625,0.9990942390742193,0,0.00033,sector_c
2164.26388889,0.9984641983174253,0,0.00033,sector_c
2164.26527778,0.9990459741235979,0,0.00033,sector_c
2164.26666667,0.999138187110022,0,0.00033,sector_c
2164.26805556,0.9985475463624494,0,0.00033,sector_c
2164.26944444,0.9988091889220395,0,0.00033,sector_c
2164.27083333,0.9992148798306217,4096,0.00033,sector_c
2164.27222222,0.9986448889075517,0,0.00033,sector_c
2164.27361111,0.9989702346451778,0,0.00033,sector_c
2164.275,0.9988582065342902,0,0.00033,sector_c
2164.27638889,0.998264403245626,0,0.00033,sector_c
2164.27777778,0.9988796647652946,0,0.00033,sector_c
2164.27916667,0.9989298803110697,0,0.00033,sector_c
2164.28055556,0.9987461881152447,0,0.00033,sector_c
2164.28194444,0.9985368928073668,0,0.00033,sector_c
2164.28333333,0.9985273049368032,0,0.00033,sector_c
2164.28472222,0.998726564839886,0,0.00033,sector_c
2164.28611111,0.9989035678087741,0,0.00033,sector_c
2164.2875,0.9985225037117262,0,0.00033,sector_c
2164.28888889,0.9987749762370125,0,0.00033,sector_c
2164.29027778,0.9985950434449251,0,0.00033,sector_c
2164.29166667,0.9986811991308401,0,0.00033,sector_c
2164.29305556,0.9985630662313029,0,0.00033,sector_c
2164.29444444,0.9989677859665311,0,0.00033,sector_c
2164.29583333,0.9987544559335702,0,0.00033,sector_c
2164.29722222,0.9989765566949556,0,0.00033,sector_c
2164.29861111,0.9987798087040397,0,0.00033,sector_c
2164.3,0.9988987344764475,0,0.00033,sector_c
2164.30138889,0.9986184936342408,0,0.00033,sector_c
2164.30277778,0.9988152328772535,0,0.00033,sector_c
2164.30416667,0.9984622172483115,0,0.00033,sector_c
2164.30555556,0.9990170761589703,0,0.00033,sector_c
2164.30694444,0.9985988076918424,0,0.00033,sector_c
2164.30833333,0.9991680064163236,0,0.00033,sector_c
2164.30972222,0.9987731429721572,0,0.00033,sector_c
2164.31111111,0.9990001538151451,0,0.00033,sector_c
2164.3125,0.9993364869801777,0,0.00033,sector_c
2164.31388889,0.9994248645132586,0,0.00033,sector_c
2164.31527778,0.9991832595381445,0,0.00033,sector_c
2164.31666667,0.9992952298851372,0,0.00033,sector_c
2164.31805556,0.9989724476822209,0,0.00033,sector_c
2164.31944444,0.9989054458050842,0,0.00033,sector_c
2164.32083333,0.9991837125459422,0,0.00033,sector_c
2164.32222222,0.998459989757128,0,0.00033,sector_c
2164.32361111,0.9987214763021297,0,0.00033,sector_c
2164.325,0.9982098956786922,0,0.00033,sector_c
2164.32638889,0.999107054233481,0,0.00033,sector_c
2164.32777778,0.9984683254365805,0,0.00033,sector_c
2164.32916667,0.9992107158834234,0,0.00033,sector_c
2164.33055556,0.998710621020065,0,0.00033,sector_c
2164.33194444,0.9990898751498055,0,0.00033,sector_c
2164.33333333,0.9986620458651743,0,0.00033,sector_c
2164.33472222,0.9990534072492914,0,0.00033,sector_c
2164.33611111,0.9982695706917171,0,0.00033,sector_c
2164.3375,0.9988596767017728,0,0.00033,sector_c
2164.33888889,0.9995633482155862,0,0.00033,sector_c
2164.34027778,0.9984603681774817,0,0.00033,sector_c
2164.34166667,0.9989092066757921,0,0.00033,sector_c
2164.34305556,0.9990871739798425,0,0.00033,sector_c
2164.34444444,0.9981790562462097,0,0.00033,sector_c
2164.34583333,0.998218910355023,0,0.00033,sector_c
2164.34722222,0.9985648428986342,0,0.00033,sector_c
2164.34861111,0.9985935256283158,0,0.00033,sector_c
2164.35,0.9992866839472945,0,0.00033,sector_c
2164.35138889,0.9986506364268181,0,0.00033,sector_c
2164.35277778,0.9987015986707384,0,0.00033,sector_c
2164.35416667,0.9985469916794716,0,0.00033,sector_c
2164.35555556,0.9986467156258271,0,0.00033,sector_c
2164.35694444,0.9985805705251883,0,0.00033,sector_c
2164.35833333,0.9988924685036723,0,0.00033,sector_c
2164.35972222,0.9987804786052901,0,0.00033,sector_c
2164.36111111,0.9987766645797309,0,0.00033,sector_c
2164.3625,0.9988471814765519,0,0.00033,sector_c
2164.36388889,0.9988722124931826,0,0.00033,sector_c
2164.36527778,0.9988105109952952,0,0.00033,sector_c
2164.36666667,0.9988051608427723,0,0.00033,sector_c
2164.36805556,0.9984945905288132,0,0.00033,sector_c
2164.36944444,0.9984788237576377,0,0.00033,sector_c
2164.37083333,0.9987803030483057,0,0.00033,sector_c
2164.37222222,0.9985713432775416,0,0.00033,sector_c
2164.37361111,0.9989004584882011,0,0.00033,sector_c
2164.375,0.9992077063004257,0,0.00033,sector_c
2164.37638889,0.9984960090020856,0,0.00033,sector_c
2164.37777778,0.9988549833643966,0,0.00033,sector_c
2164.37916667,0.9987671658420859,0,0.00033,sector_c
2164.38055556,0.998714047677101,0,0.00033,sector_c
2164.38194444,0.9986894548653337,0,0.00033,sector_c
2164.38333333,0.9983579662521419,0,0.00033,sector_c
2164.38472222,0.9985063491493832,0,0.00033,sector_c
2164.38611111,0.9989810899844608,0,0.00033,sector_c
2164.3875,0.9990591333914772,0,0.00033,sector_c
2164.38888889,0.9992870323151304,0,0.00033,sector_c
2164.39027778,0.9988217280034902,0,0.00033,sector_c
2164.39166667,0.9985292637503508,0,0.00033,sector_c
2164.39305556,0.9989000571543477,0,0.00033,sector_c
2164.39444444,0.9991506442994414,0,0.00033,sector_c
2164.39583333,0.9989886319169717,0,0.00033,sector_c
2164.39722222,0.9985467803040174,0,0.00033,sector_c
2164.39861111,0.998761744434016,0,0.00033,sector_c
2164.4,0.9984391231906786,0,0.00033,sector_c
2164.40138889,0.9984715937086124,0,0.00033,sector_c
2164.40277778,0.9988708459499125,0,0.00033,sector_c
2164.40416667,0.9987764848402555,0,0.00033,sector_c
2164.40555556,0.9987859187662921,0,0.00033,sector_c
2164.40694444,0.9990609896402354,0,0.00033,sector_c
2164.40833333,0.9988327254667067,0,0.00033,sector_c
2164.40972222,0.9990365591286635,0,0.00033,sector_c
2164.41111111,0.9986820781347803,0,0.00033,sector_c
2164.4125,0.9987199398576218,0,0.00033,sector_c
2164.41388889,0.9987385837863171,0,0.00033,sector_c
2164.41527778,0.9986093628678289,0,0.00033,sector_c
2164.41666667,0.9984999247704325,0,0.00033,sector_c
2164.41805556,0.9983047972809084,0,0.00033,sector_c
2164.41944444,0.9989583930778093,0,0.00033,sector_c
2164.42083333,0.9989691123781422,0,0.00033,sector_c
2164.42222222,0.9985634948324156,0,0.00033,sector_c
2164.42361111,0.9989671590233138,0,0.00033,sector_c
2164.425,0.9983633886864943,0,0.00033,sector_c
2164.42638889,0.9989423952497943,0,0.00033,sector_c
2164.42777778,0.9987392847343601,0,0.00033,sector_c
2164.42916667,0.9985256481774529,0,0.00033,sector_c
2164.43055556,0.9984174018669378,0,0.00033,sector_c
2164.43194444,0.9990883949518061,0,0.00033,sector_c
2164.43333333,0.9988981404326244,0,0.00033,sector_c
2164.43472222,0.9988061384947639,0,0.00033,sector_c
2164.43611111,0.9990112290841532,0,0.00033,sector_c
2164.4375,0.9990976748837893,0,0.00033,sector_c
2164.43888889,0.9987928231190314,0,0.00033,sector_c
2164.44027778,0.9986001484574644,0,0.00033,sector_c
2164.44166667,0.999033574519743,0,0.00033,sector_c
2164.44305556,0.9988559701967742,0,0.00033,sector_c
2164.44444444,0.9989041798762842,0,0.00033,sector_c
2164.44583333,0.9988695814362688,0,0.00033,sector_c
2164.44722222,0.9986585072894175,0,0.00033,sector_c
2164.44861111,0.9990155840134345,0,0.00033,sector_c
2164.45,0.9986742330980313,0,0.00033,sector_c
2164.45138889,0.9987674532114904,0,0.00033,sector_c
2164.45277778,0.9988822789114081,0,0.00033,sector_c
2164.45416667,0.9984266211538124,0,0.00033,sector_c
2164.45555556,0.9985261992383156,0,0.00033,sector_c
2164.45694444,0.9989530971028706,0,0.00033,sector_c
2164.45833333,0.9994448726509247,0,0.00033,sector_c
2164.45972222,0.9991681687907893,0,0.00033,sector_c
2164.46111111,0.9988959612206936,0,0.00033,sector_c
2164.4625,0.9987661120600387,0,0.00033,sector_c
2164.46388889,0.9985757450182015,0,0.00033,sector_c
2164.46527778,0.998614385871716,0,0.00033,sector_c
2164.46666667,0.998884033300975,0,0.00033,sector_c
2164.46805556,0.998380278854268,0,0.00033,sector_c
2164.46944444,0.9990275448438451,0,0.00033,sector_c
2164.47083333,0.9985554883562613,0,0.00033,sector_c
2164.47222222,0.9990999701969943,0,0.00033,sector_c
2164.47361111,0.9987845562135732,0,0.00033,sector_c
2164.475,0.9982912242600963,0,0.00033,sector_c
2164.47638889,0.999205313840123,0,0.00033,sector_c
2164.47777778,0.9983697915866682,0,0.00033,sector_c
2164.47916667,0.998553081953483,0,0.00033,sector_c
2164.48055556,0.9989871078629833,0,0.00033,sector_c
2164.48194444,0.9990967507672147,0,0.00033,sector_c
2164.48333333,0.9989665010499497,0,0.00033,sector_c
2164.48472222,0.998416288823186,0,0.00033,sector_c
2164.48611111,0.9990271888077911,0,0.00033,sector_c
2164.4875,0.9987339844585534,0,0.00033,sector_c
2164.48888889,0.998721519468563,0,0.00033,sector_c
2164.49027778,0.9989452347034911,0,0.00033,sector_c
2164.49166667,0.9986677031334453,0,0.00033,sector_c
2164.49305556,0.9994052369156091,0,0.00033,sector_c
2164.49444444,0.9987467209036271,0,0.00033,sector_c
2164.49583333,0.9984284957169746,0,0.00033,sector_c
2164.49722222,0.9989967835624428,0,0.00033,sector_c
2164.49861111,0.9983250212169682,0,0.00033,sector_c
2164.5,0.9984981198213037,0,0.00033,sector_c
2164.50138889,0.9986941467454152,0,0.00033,sector_c
2164.50277778,0.9989554942566614,0,0.00033,sector_c
2164.50416667,0.9990713740502417,0,0.00033,sector_c
2164.50555556,0.9988619254095431,0,0.00033,sector_c
2164.50694444,0.9989396324097046,0,0.00033,sector_c
2164.50833333,0.9990547906717065,0,0.00033,sector_c
2164.50972222,0.9994974612450619,0,0.00033,sector_c
2164.51111111,0.9986706699285393,0,0.00033,sector_c
2164.5125,0.9984778272443005,0,0.00033,sector_c
2164.51388889,0.9988270702377982,0,0.00033,sector_c
2164.51527778,0.9985026980874185,0,0.00033,sector_c
2164.51666667,0.9990341681409711,0,0.00033,sector_c
2164.51805556,0.9987765430089086,0,0.00033,sector_c
2164.51944444,0.9987191614053613,0,0.00033,sector_c
2164.52083333,0.9985516938580672,0,0.00033,sector_c
2164.52222222,0.9992692215941021,0,0.00033,sector_c
2164.52361111,0.9991052934622314,0,0.00033,sector_c
2164.525,0.9991887410688092,0,0.00033,sector_c
2164.52638889,0.9989791497169195,0,0.00033,sector_c
2164.52777778,0.9984722455458761,0,0.00033,sector_c
2164.52916667,0.9989337857785158,0,0.00033,sector_c
2164.53055556,0.9985832843025214,0,0.00033,sector_c
2164.53194444,0.9989283106666894,2048,0.00033,sector_c
2164.53333333,0.998723582097556,0,0.00033,sector_c
2164.53472222,0.9988894936988827,0,0.00033,sector_c
2164.53611111,0.9991168299336789,0,0.00033,sector_c
2164.5375,0.9982979195214702,0,0.00033,sector_c
2164.53888889,0.9988708482148875,0,0.00033,sector_c
2164.54027778,0.9992487234579678,0,0.00033,sector_c
2164.54166667,0.9983927495866218,0,0.00033,sector_c
2164.54305556,0.9984469323203106,0,0.00033,sector_c
2164.54444444,0.9990508835512226,0,0.00033,sector_c
2164.54583333,0.9987540768596317,0,0.00033,sector_c
2164.54722222,0.998874229433217,0,0.00033,sector_c
2164.54861111,0.9989049783151658,0,0.00033,sector_c
2164.55,0.9987036800779526,0,0.00033,sector_c
2164.55138889,0.9984917928516238,0,0.00033,sector_c
2164.55277778,0.9995721964458821,0,0.00033,sector_c
2164.55416667,0.9985177509396957,0,0.00033,sector_c
2164.55555556,0.9985796995901701,0,0.00033,sector_c
2164.55694444,0.9987227187672421,0,0.00033,sector_c
2164.55833333,0.9988756029766165,0,0.00033,sector_c
2164.55972222,0.9990277695393,0,0.00033,sector_c
2164.56111111,0.9988735136021015,0,0.00033,sector_c
2164.5625,0.9989179251641036,0,0.00033,sector_c
2164.56388889,0.9983841837602605,0,0.00033,sector_c
2164.56527778,0.9986004458703688,0,0.00033,sector_c
2164.56666667,0.9987526201396997,0,0.00033,sector_c
2164.56805556,0.9985875214688001,0,0.00033,sector_c
2164.56944444,0.9991122594598373,0,0.00033,sector_c
2164.57083333,0.998705639242679,0,0.00033,sector_c
2164.57222222,0.999058333097582,0,0.00033,sector_c
2164.57361111,0.9986826157850281,0,0.00033,sector_c
2164.575,0.9989998407747062,0,0.00033,sector_c
2164.57638889,0.9989398418845159,0,0.00033,sector_c
2164.57777778,0.998959517025433,0,0.00033,sector_c
2164.57916667,0.9991248596115105,0,0.00033,sector_c
2164.58055556,0.9987807708061496,0,0.00033,sector_c
2164.58194444,0.9988841373166648,0,0.00033,sector_c
2164.58333333,0.9987787119337694,0,0.00033,sector_c
2164.58472222,0.998500835248194,0,0.00033,sector_c
2164.58611111,0.9983555762143399,0,0.00033,sector_c
2164.5875,0.998637422966279,0,0.00033,sector_c
2164.58888889,0.9987724805495195,0,0.00033,sector_c
2164.59027778,0.9989296232897055,0,0.00033,sector_c
2164.59166667,0.9988183904321356,0,0.00033,sector_c
2164.59305556,0.9986110212692462,0,0.00033,sector_c
2164.59444444,0.9992428231361367,0,0.00033,sector_c
2164.59583333,0.9986705689087597,0,0.00033,sector_c
2164.59722222,0.9991153100267913,0,0.00033,sector_c
2164.59861111,0.9985027107584901,0,0.00033,sector_c
2164.6,0.998774305178514,0,0.00033,sector_c
2164.60138889,0.9986522878848723,0,0.00033,sector_c
2164.60277778,0.9990504097894569,0,0.00033,sector_c
2164.60416667,0.9989594279034627,0,0.00033,sector_c
2164.60555556,0.9989475671782486,0,0.00033,sector_c
2164.60694444,0.998717311186299,0,0.00033,sector_c
2164.60833333,0.9987919348758104,0,0.00033,sector_c
2164.60972222,0.9989423684184244,0,0.00033,sector_c
2164.61111111,0.9987132587739097,0,0.00033,sector_c
2164.6125,0.9987906752485397,0,0.00033,sector_c
2164.61388889,0.9989759258680868,0,0.00033,sector_c
2164.61527778,0.9985704430243321,0,0.00033,sector_c
2164.61666667,0.9988034441383773,0,0.00033,sector_c
2164.61805556,0.9988135229843665,0,0.00033,sector_c
2164.61944444,0.9984080831598653,0,0.00033,sector_c
2164.62083333,0.9987252119525473,0,0.00033,sector_c
2164.62222222,0.9984417582527735,0,0.00033,sector_c
2164.62361111,0.9990452461594883,0,0.00033,sector_c
2164.625,0.9987061614237874,0,0.00033,sector_c
2164.62638889,0.9990057234217253,0,0.00033,sector_c
2164.62777778,0.9984775867149137,0,0.00033,sector_c
2164.62916667,0.9985750572515019,0,0.00033,sector_c
2164.63055556,0.9989260603576556,0,0.00033,sector_c
2164.63194444,0.9984637703849977,0,0.00033,sector_c
2164.63333333,0.9990905868219939,0,0.00033,sector_c
2164.63472222,0.9985941900259451,0,0.00033,sector_c
2164.63611111,0.9983464755830054,0,0.00033,sector_c
2164.6375,0.9986897012218842,0,0.00033,sector_c
2164.63888889,0.9984893861803321,0,0.00033,sector_c
2164.64027778,0.9986903899076768,0,0.00033,sector_c
2164.64166667,0.9988632710471944,0,0.00033,sector_c
2164.64305556,0.9985368293709298,0,0.00033,sector_c
2164.64444444,0.9989205803404355,0,0.00033,sector_c
2164.64583333,0.9986482258007836,0,0.00033,sector_c
2164.64722222,0.9984950147198178,0,0.00033,sector_c
2164.64861111,0.999204950470197,0,0.00033,sector_c
2164.65,0.9988001109536557,0,0.00033,sector_c
2164.65138889,0.9987104357500092,0,0.00033,sector_c
2164.65277778,0.9988408147162013,0,0.00033,sector_c
2164.65416667,0.9985423358381632,0,0.00033,sector_c
2164.65555556,0.9988926526759253,0,0.00033,sector_c
2164.65694444,0.9985008180204974,0,0.00033,sector_c
2164.65833333,0.9988486168937615,0,0.00033,sector_c
2164.65972222,0.9989634672110634,0,0.00033,sector_c
2164.66111111,0.9989408455309433,0,0.00033,sector_c
2164.6625,0.9989751916045793,0,0.00033,sector_c
2164.66388889,0.999123398954999,0,0.00033,sector_c
2164.66527778,0.9988458675173173,0,0.00033,sector_c
2164.66666667,0.998469672538952,0,0.00033,sector_c
2164.66805556,0.9989344190070752,0,0.00033,sector_c
2164.66944444,0.9991820452336114,0,0.00033,sector_c
2164.67083333,0.9991366360383911,0,0.00033,sector_c
2164.67222222,0.9988735548871145,0,0.00033,sector_c
2164.67361111,0.9987069832091547,0,0.00033,sector_c
2164.675,0.9993373048233737,0,0.00033,sector_c
2164.67638889,0.9989773371754228,0,0.00033,sector_c
2164.67777778,0.9989464259693448,0,0.00033,sector_c
2164.67916667,0.9989182485901786,0,0.00033,sector_c
2164.68055556,0.9986488529569408,0,0.00033,sector_c
2164.68194444,0.9989925790633364,0,0.00033,sector_c
2164.68333333,0.9990676061135155,0,0.00033,sector_c
2164.68472222,0.9991345463319574,0,0.00033,sector_c
2164.68611111,0.9984678762327183,0,0.00033,sector_c
2164.6875,0.9989303889175533,0,0.00033,sector_c
2164.68888889,0.9990701664821039,0,0.00033,sector_c
2164.69027778,0.9990435137649847,0,0.00033,sector_c
2164.69166667,0.9989165852102609,0,0.00033,sector_c
2164.69305556,0.9987957492236086,0,0.00033,sector_c
2164.69444444,0.9984157497808952,0,0.00033,sector_c
2164.69583333,0.9987865904166239,0,0.00033,sector_c
2164.69722222,0.9988668996604665,4096,0.00033,sector_c
2164.69861111,0.9988416895720217,0,0.00033,sector_c
2164.7,0.9990499660828005,0,0.00033,sector_c
2164.70138889,0.9988193360637004,0,0.00033,sector_c
2164.70277778,0.9987556531471646,0,0.00033,sector_c
2164.70416667,0.9988736349291165,0,0.00033,sector_c
2164.70555556,0.9986249755865968,0,0.00033,sector_c
2164.70694444,0.9987159590766819,0,0.00033,sector_c
2164.70833333,0.9988078275463067,0,0.00033,sector_c
2164.70972222,0.998700959118756,0,0.00033,sector_c
2164.71111111,0.9985588065609188,0,0.00033,sector_c
2164.7125,0.998591913918235,0,0.00033,sector_c
2164.71388889,0.9986551883077686,0,0.00033,sector_c
2164.71527778,0.9988519348939916,0,0.00033,sector_c
2164.71666667,0.9986801659393802,0,0.00033,sector_c
2164.71805556,0.9986124295599331,0,0.00033,sector_c
2164.71944444,0.9988201970380364,0,0.00033,sector_c
2164.72083333,0.9987006350956598,0,0.00033,sector_c
2164.72222222,0.9988629394911577,0,0.00033,sector_c
2164.72361111,0.9988865323838739,0,0.00033,sector_c
2164.725,0.9989019810010795,0,0.00033,sector_c
2164.72638889,0.9989058240140531,0,0.00033,sector_c
2164.72777778,0.9988194730059325,0,0.00033,sector_c
2164.72916667,0.9992204939015379,0,0.00033,sector_c
2164.73055556,0.9986954005683143,0,0.00033,sector_c
2164.73194444,0.9990783125287198,0,0.00033,sector_c
2164.73333333,0.9986594654864704,0,0.00033,sector_c
2164.73472222,0.9985284932148478,0,0.00033,sector_c
2164.73611111,0.9989152456020198,0,0.00033,sector_c
2164.7375,0.9985460064309739,0,0.00033,sector_c
2164.73888889,0.998452047419831,0,0.00033,sector_c
2164.74027778,0.9985796377687478,0,0.00033,sector_c
2164.74166667,0.9989910975687148,0,0.00033,sector_c
2164.74305556,0.9986545716959719,0,0.00033,sector_c
2164.74444444,0.9987998291834884,0,0.00033,sector_c
2164.74583333,0.99874529759741,0,0.00033,sector_c
2164.74722222,0.99872348923234,0,0.00033,sector_c
2164.74861111,0.9984859573195759,0,0.00033,sector_c
2164.75,0.9988347338289119,0,0.00033,sector_c
2164.75138889,0.9988930046934522,0,0.00033,sector_c
2164.75277778,0.9988091456377735,0,0.00033,sector_c
2164.75416667,0.9984660066163167,0,0.00033,sector_c
2164.75555556,0.9992612586608524,0,0.00033,sector_c
2164.75694444,0.9990862179932622,0,0.00033,sector_c
2164.75833333,0.998803245809628,0,0.00033,sector_c
2164.75972222,0.9983892676809147,0,0.00033,sector_c
2164.76111111,0.9990143321891771,0,0.00033,sector_c
2164.7625,0.9992022333626349,0,0.00033,sector_c
2164.76388889,0.9986459139350714,0,0.00033,sector_c
2164.76527778,0.9989775828599953,0,0.00033,sector_c
2164.76666667,0.9984566233087679,0,0.00033,sector_c
2164.76805556,0.998645057848658,0,0.00033,sector_c
2164.76944444,0.9982662909687701,0,0.00033,sector_c
2164.77083333,0.9984195018884189,0,0.00033,sector_c
2164.77222222,0.9986508388219579,0,0.00033,sector_c
2164.77361111,0.9991658692310811,0,0.00033,sector_c
2164.775,0.9984626040541157,0,0.00033,sector_c
2164.77638889,0.998924123583067,0,0.00033,sector_c
2164.77777778,0.9988861538321968,0,0.00033,sector_c
2164.77916667,0.9989903607276612,0,0.00033,sector_c
2164.78055556,0.9989240383682506,0,0.00033,sector_c
2164.78194444,0.9985446277082146,0,0.00033,sector_c
2164.78333333,0.998735328271785,0,0.00033,sector_c
2164.78472222,0.9985735911395742,0,0.00033,sector_c
2164.78611111,0.9988288393308267,0,0.00033,sector_c
2164.7875,0.9992320321770289,0,0.00033,sector_c
2164.78888889,0.9987119279700026,0,0.00033,sector_c
2164.79027778,0.9989529717550845,0,0.00033,sector_c
2164.79166667,0.99897435774657,0,0.00033,sector_c
2164.79305556,0.9988682684221125,0,0.00033,sector_c
2164.79444444,0.9986925668984499,0,0.00033,sector_c
2164.79583333,0.9989292316491336,0,0.00033,sector_c
2164.79722222,0.998896854648388,0,0.00033,sector_c
2164.79861111,0.998975141436482,0,0.00033,sector_c
2164.8,0.998742069057485,0,0.00033,sector_c
2164.80138889,0.9992291374115139,0,0.00033,sector_c
2164.80277778,0.9987666231340501,0,0.00033,sector_c
2164.80416667,0.9989766779034174,0,0.00033,sector_c
2164.80555556,0.9987190111975073,0,0.00033,sector_c
2164.80694444,0.9985473780266546,0,0.00033,sector_c
2164.80833333,0.998936925832861,0,0.00033,sector_c
2164.80972222,0.998908727349925,0,0.00033,sector_c
2164.81111111,0.99877123770592,0,0.00033,sector_c
2164.8125,0.9994400871317928,0,0.00033,sector_c
2164.81388889,0.9985532868946072,0,0.00033,sector_c
2164.81527778,0.9987782185473781,0,0.00033,sector_c
2164.81666667,0.9988517439648407,0,0.00033,sector_c
2164.81805556,0.9988576240193271,0,0.00033,sector_c
2164.81944444,0.9982639067059118,0,0.00033,sector_c
2164.82083333,0.998902569246397,0,0.00033,sector_c
2164.82222222,0.999293574863058,0,0.00033,sector_c
2164.82361111,0.9987584460525395,0,0.00033,sector_c
2164.825,0.9984619925054911,0,0.00033,sector_c
2164.82638889,0.9985614437915693,0,0.00033,sector_c
2164.82777778,0.9987501998714903,0,0.00033,sector_c
2164.82916667,0.9992909756228809,0,0.00033,sector_c
2164.83055556,0.9984569319044824,0,0.00033,sector_c
2164.83194444,0.9983181110202552,0,0.00033,sector_c
2164.83333333,0.9987242908235904,0,0.00033,sector_c
2164.83472222,0.9986394393173142,0,0.00033,sector_c
2164.83611111,0.9988828515861228,0,0.00033,sector_c
2164.8375,0.9990863101718268,0,0.00033,sector_c
2164.83888889,0.9991798165856945,0,0.00033,sector_c
2164.84027778,0.9992208381742544,0,0.00033,sector_c
2164.84166667,0.9987802238911717,0,0.00033,sector_c
2164.84305556,0.9992964282772648,0,0.00033,sector_c
2164.84444444,0.9985426204287032,0,0.00033,sector_c
2164.84583333,0.9986153152749098,0,0.00033,sector_c
2164.84722222,0.998681004397263,0,0.00033,sector_c
2164.84861111,0.998930192488669,0,0.00033,sector_c
2164.85,0.9994294676506715,0,0.00033,sector_c
2164.85138889,0.9985240542054983,0,0.00033,sector_c
2164.85277778,0.9987115098481376,0,0.00033,sector_c
2164.85416667,0.9986494738678737,0,0.00033,sector_c
2164.85555556,0.9990103187436932,0,0.00033,sector_c
2164.85694444,0.9982149887374117,0,0.00033,sector_c
2164.85833333,0.9986524627122968,0,0.00033,sector_c
2164.85972222,0.9985907123825418,0,0.00033,sector_c
2164.86111111,0.9987686937525685,0,0.00033,sector_c
2164.8625,0.9987388571128396,0,0.00033,sector_c
2164.86388889,0.9985828749929435,0,0.00033,sector_c
2164.86527778,0.9992604159217549,0,0.00033,sector_c
2164.86666667,0.9993044215504927,0,0.00033,sector_c
2164.86805556,0.99841802341129,0,0.00033,sector_c
2164.86944444,0.9989346720982015,0,0.00033,sector_c
2164.87083333,0.9989207264223017,0,0.00033,sector_c
2164.87222222,0.9990603367591013,0,0.00033,sector_c
2164.87361111,0.9987125602745773,0,0.00033,sector_c
2164.875,0.9989875905934283,0,0.00033,sector_c
2164.87638889,0.999176379773756,0,0.00033,sector_c
2164.87777778,0.9988579518696652,0,0.00033,sector_c
2164.87916667,0.9990749802248565,0,0.00033,sector_c
2164.88055556,0.9987985531232407,0,0.00033,sector_c
2164.88194444,0.9991116297257439,0,0.00033,sector_c
2164.88333333,0.9987688370491362,0,0.00033,sector_c
2164.88472222,0.9983066262253676,0,0.00033,sector_c
2164.88611111,0.9986832050496905,0,0.00033,sector_c
2164.8875,0.9986984906094791,0,0.00033,sector_c
2164.88888889,0.9988260035596266,0,0.00033,sector_c
2164.89027778,0.9986185244901212,0,0.00033,sector_c
2164.89166667,0.9992532055795175,0,0.00033,sector_c
2164.89305556,0.9982157383052661,0,0.00033,sector_c
2164.89444444,0.9989168821030979,0,0.00033,sector_c
2164.89583333,0.9985592248367201,0,0.00033,sector_c
2164.89722222,0.9989906263950281,0,0.00033,sector_c
2164.89861111,0.998755812304964,0,0.00033,sector_c
2164.9,0.9984228653022643,0,0.00033,sector_c
2164.90138889,0.998484987807275,0,0.00033,sector_c
2164.90277778,0.9989647619006659,0,0.00033,sector_c
2164.90416667,0.9984601543440402,0,0.00033,sector_c
2164.90555556,0.9985670948033223,0,0.00033,sector_c
2164.90694444,0.9987142222364693,0,0.00033,sector_c
2164.90833333,0.9987579382791247,0,0.00033,sector_c
2164.90972222,0.9989342310243924,0,0.00033,sector_c
2164.91111111,0.9991734019872052,0,0.00033,sector_c
2164.9125,0.9990430458465525,0,0.00033,sector_c
2164.91388889,0.9986890712895274,0,0.00033,sector_c
2164.91527778,0.9987467627013753,0,0.00033,sector_c
2164.91666667,0.9993331048335861,0,0.00033,sector_c
2164.91805556,0.9985110613593648,0,0.00033,sector_c
2164.91944444,0.9990515827122538,0,0.00033,sector_c
2164.92083333,0.9987864637606837,0,0.00033,sector_c
2164.92222222,0.9987850975291171,0,0.00033,sector_c
2164.92361111,0.9990483873580224,0,0.00033,sector_c
2164.925,0.9991064291202151,0,0.00033,sector_c
2164.92638889,0.9987894904109418,0,0.00033,sector_c
2164.92777778,0.9988208507751503,0,0.00033,sector_c
2164.92916667,0.9990111350060304,0,0.00033,sector_c
2164.93055556,0.9990448061606063,0,0.00033,sector_c
2164.93194444,0.9988902002168357,0,0.00033,sector_c
2164.93333333,0.9988523038105923,0,0.00033,sector_c
2164.93472222,0.9988722293206114,0,0.00033,sector_c
2164.93611111,0.9988774591063675,0,0.00033,sector_c
2164.9375,0.9989228394788852,0,0.00033,sector_c
2164.93888889,0.9988986703483371,0,0.00033,sector_c
2164.94027778,0.9989902850548614,0,0.00033,sector_c
2164.94166667,0.9988247388667768,0,0.00033,sector_c
2164.94305556,0.999161316521529,0,0.00033,sector_c
2164.94444444,0.9984964870457008,0,0.00033,sector_c
2164.94583333,0.9989872401920356,0,0.00033,sector_c
2164.94722222,0.9989211559891574,0,0.00033,sector_c
2164.94861111,0.9987063387363744,0,0.00033,sector_c
2164.95,0.9989503202969846,0,0.00033,sector_c
2164.95138889,0.9986340690748441,0,0.00033,sector_c
2164.95277778,0.9988559494265423,0,0.00033,sector_c
2164.95416667,0.9988777308138457,0,0.00033,sector_c
2164.95555556,0.9990760347095694,0,0.00033,sector_c
2164.95694444,0.9988850087060257,0,0.00033,sector_c
2164.95833333,0.9991043142015625,0,0.00033,sector_c
2164.95972222,0.9991220381683066,0,0.00033,sector_c
2164.96111111,0.9984143159604861,0,0.00033,sector_c
2164.9625,0.9984045578483384,0,0.00033,sector_c
2164.96388889,0.998651993603521,0,0.00033,sector_c
2164.96527778,0.9987621509555836,0,0.00033,sector_c
2164.96666667,0.9985852363631335,0,0.00033,sector_c
2164.96805556,0.9981299820948945,0,0.00033,sector_c
2164.96944444,0.9985225573280057,0,0.00033,sector_c
2164.97083333,0.9989212467954443,0,0.00033,sector_c
2164.97222222,0.9986411671023726,0,0.00033,sector_c
2164.97361111,0.9992553858614298,0,0.00033,sector_c
2164.975,0.9988258554081388,0,0.00033,sector_c
2164.97638889,0.9989980728142699,0,0.00033,sector_c
2164.97777778,0.9984477133948769,0,0.00033,sector_c
2164.97916667,0.9988554826510351,0,0.00033,sector_c
2164.98055556,0.9990290217458013,0,0.00033,sector_c
2164.98194444,0.9985288918691085,0,0.00033,sector_c
2164.98333333,0.9984758531611265,0,0.00033,sector_c
2164.98472222,0.9989305576036649,0,0.00033,sector_c
2164.98611111,0.9990273626782894,0,0.00033,sector_c
2164.9875,0.9988015838702939,0,0.00033,sector_c
2164.98888889,0.9990868155274275,0,0.00033,sector_c
2164.99027778,0.9988811527821103,0,0.00033,sector_c
2164.99166667,0.9985251642276265,0,0.00033,sector_c
2164.99305556,0.9987363157525626,0,0.00033,sector_c
2164.99444444,0.9988312558838961,0,0.00033,sector_c
2164.99583333,0.9988549326797793,0,0.00033,sector_c
2164.99722222,0.998833565965693,0,0.00033,sector_c
2164.99861111,0.9990932971932224,0,0.00033,sector_c
2165.0,0.9989095189543115,0,0.00033,sector_c
2165.00138889,0.9986164886152346,0,0.00033,sector_c
2165.00277778,0.9986907397840435,0,0.00033,sector_c
2165.00416667,0.9988222695019788,0,0.00033,sector_c
2165.00555556,0.9984799544203501,0,0.00033,sector_c
2165.00694444,0.9991621298154681,0,0.00033,sector_c
2165.00833333,0.9987043677764851,0,0.00033,sector_c
2165.00972222,0.9983970072583529,0,0.00033,sector_c
2165.01111111,0.9992616698500999,0,0.00033,sector_c
2165.0125,0.9988950320226676,0,0.00033,sector_c
2165.01388889,0.9986316209348038,0,0.00033,sector_c
2165.01527778,0.9986445992832496,0,0.00033,sector_c
2165.01666667,0.9989354752107613,0,0.00033,sector_c
2165.01805556,0.998679729849898,0,0.00033,sector_c
2165.01944444,0.9987978929929465,0,0.00033,sector_c
2165.02083333,0.9988316293414239,0,0.00033,sector_c
2165.02222222,0.9982963944071735,0,0.00033,sector_c
2165.02361111,0.9992053438711894,0,0.00033,sector_c
2165.025,0.9986493924136378,0,0.00033,sector_c
2165.02638889,0.9988460492919106,0,0.00033,sector_c
2165.02777778,0.9980415973971906,0,0.00033,sector_c
2165.02916667,0.9986847178745705,0,0.00033,sector_c
2165.03055556,0.9982759779842802,0,0.00033,sector_c
2165.03194444,0.9989651033692133,0,0.00033,sector_c
2165.03333333,0.9984647808315327,0,0.00033,sector_c
2165.03472222,0.9995396865032897,0,0.00033,sector_c
2165.03611111,0.9987111528986111,0,0.00033,sector_c
2165.0375,0.9986232781388669,0,0.00033,sector_c
2165.03888889,0.9986576368462527,0,0.00033,sector_c
2165.04027778,0.9987631365467704,0,0.00033,sector_c
2165.04166667,0.9987553646810259,0,0.00033,sector_c
2165.04305556,0.9984536958808748,4096,0.00033,sector_c
2165.04444444,0.998479883637642,0,0.00033,sector_c
2165.04583333,0.998669336893003,0,0.00033,sector_c
2165.04722222,0.9989254330293936,0,0.00033,sector_c
2165.04861111,0.9988322469936671,0,0.00033,sector_c
2165.05,0.9985938663102653,0,0.00033,sector_c
2165.05138889,0.9992987282059869,0,0.00033,sector_c
2165.05277778,0.9984988444012262,0,0.00033,sector_c
2165.05416667,0.9986855028700189,0,0.00033,sector_c
2165.05555556,0.9986977778925055,0,0.00033,sector_c
2165.05694444,0.998457210926497,0,0.00033,sector_c
2165.05833333,0.998832104843075,0,0.00033,sector_c
2165.05972222,0.999156950842846,0,0.00033,sector_c
2165.06111111,0.9987488125313889,0,0.00033,sector_c
2165.0625,0.9990028536796248,0,0.00033,sector_c
2165.06388889,0.9985008009087004,0,0.00033,sector_c
2165.06527778,0.998581492908569,0,0.00033,sector_c
2165.06666667,0.9987609782973216,0,0.00033,sector_c
2165.06805556,0.9991829302328555,0,0.00033,sector_c
2165.06944444,0.9987358973622972,0,0.00033,sector_c
2165.07083333,0.9984649977381279,0,0.00033,sector_c
2165.07222222,0.9989413237191413,0,0.00033,sector_c
2165.07361111,0.9989032481853283,0,0.00033,sector_c
2165.075,0.998545730788845,0,0.00033,sector_c
2165.07638889,0.9987380208746358,0,0.00033,sector_c
2165.07777778,0.9989306970372424,0,0.00033,sector_c
2165.07916667,0.9987072291239804,0,0.00033,sector_c
2165.08055556,0.9986855760067946,0,0.00033,sector_c
2165.08194444,0.9985112971103739,0,0.00033,sector_c
2165.08333333,0.9982790060689796,0,0.00033,sector_c
2165.08472222,0.9987771774628768,0,0.00033,sector_c
2165.08611111,0.9988643094123776,0,0.00033,sector_c
2165.0875,0.998680054519871,0,0.00033,sector_c
2165.08888889,0.9990154161824858,0,0.00033,sector_c
2165.09027778,0.9990814810845747,0,0.00033,sector_c
2165.09166667,0.9985999917630911,0,0.00033,sector_c
2165.09305556,0.9987519223741929,0,0.00033,sector_c
2165.09444444,0.9986121659401348,0,0.00033,sector_c
2165.09583333,0.9981762290095503,0,0.00033,sector_c
2165.09722222,0.998998744688903,0,0.00033,sector_c
2165.09861111,0.9986642599995189,0,0.00033,sector_c
2165.1,0.9986393331917065,0,0.00033,sector_c
2165.10138889,0.9986336691144174,0,0.00033,sector_c
2165.10277778,0.999141778317069,0,0.00033,sector_c
2165.10416667,0.9985989193431549,0,0.00033,sector_c
2165.10555556,0.9989978960155983,0,0.00033,sector_c
2165.10694444,0.9985172986690536,0,0.00033,sector_c
2165.10833333,0.9987444853665626,0,0.00033,sector_c
2165.10972222,0.9984508317034787,0,0.00033,sector_c
2165.11111111,0.9983293562325102,0,0.00033,sector_c
2165.1125,0.998882724731785,0,0.00033,sector_c
2165.11388889,0.9988161242982548,0,0.00033,sector_c
2165.11527778,0.9983906568101103,0,0.00033,sector_c
2165.11666667,0.9991710863267984,0,0.00033,sector_c
2165.11805556,0.9984820341814947,0,0.00033,sector_c
2165.11944444,0.9989901380990216,0,0.00033,sector_c
2165.12083333,0.9990606751874358,0,0.00033,sector_c
2165.12222222,0.9983898288882683,0,0.00033,sector_c
2165.12361111,0.9982443042171092,0,0.00033,sector_c
2165.125,0.9983728259286738,0,0.00033,sector_c
2165.12638889,0.998702384075574,0,0.00033,sector_c
2165.12777778,0.9988100365251549,0,0.00033,sector_c
2165.12916667,0.9983799645081654,0,0.00033,sector_c
2165.13055556,0.9990421630914786,0,0.00033,sector_c
2165.13194444,0.9984953044191497,0,0.00033,sector_c
2165.13333333,0.9986364658139203,0,0.00033,sector_c
2165.13472222,0.9984489002246183,0,0.00033,sector_c
2165.13611111,0.9982518714693525,0,0.00033,sector_c
2165.1375,0.998276342112775,0,0.00033,sector_c
2165.13888889,0.9985415540105895,0,0.00033,sector_c
2165.14027778,0.998823585328962,0,0.00033,sector_c
2165.14166667,0.9984489396166824,0,0.00033,sector_c
2165.14305556,0.9987212326587893,0,0.00033,sector_c
2165.14444444,0.9984178018907671,0,0.00033,sector_c
2165.14583333,0.9983154439588761,0,0.00033,sector_c
2165.14722222,0.9986390039104355,0,0.00033,sector_c
2165.14861111,0.9986882799233855,0,0.00033,sector_c
2165.15,0.9986028544641118,0,0.00033,sector_c
2165.15138889,0.9984921505675278,0,0.00033,sector_c
2165.15277778,0.9990316267562662,0,0.00033,sector_c
2165.15416667,0.99826771096492,0,0.00033,sector_c
2165.15555556,0.9985198301032248,0,0.00033,sector_c
2165.15694444,0.9987746649873845,0,0.00033,sector_c
2165.15833333,0.9985358792907343,0,0.00033,sector_c
2165.15972222,0.9983032822699969,0,0.00033,sector_c
2165.16111111,0.9983567560466038,0,0.00033,sector_c
2165.1625,0.9987689479423687,0,0.00033,sector_c
2165.16388889,0.998460119480401,0,0.00033,sector_c
2165.16527778,0.9982072602670216,0,0.00033,sector_c
2165.16666667,0.9990653993617564,0,0.00033,sector_c
2165.16805556,0.9986475154958206,0,0.00033,sector_c
2165.16944444,0.9985476026608522,0,0.00033,sector_c
2165.17083333,0.9986657470882987,0,0.00033,sector_c
2165.17222222,0.9988298198904962,0,0.00033,sector_c
2165.17361111,0.998669083569009,4096,0.00033,sector_c
2165.175,0.9986643086954924,0,0.00033,sector_c
2165.17638889,0.9984366847673186,0,0.00033,sector_c
2165.17777778,0.9984036266976953,0,0.00033,sector_c
2165.17916667,0.9983334507620512,0,0.00033,sector_c
2165.18055556,0.9983263606713717,0,0.00033,sector_c
2165.18194444,0.9985390371595508,0,0.00033,sector_c
2165.18333333,0.9987989731515661,0,0.00033,sector_c
2165.18472222,0.9989174612767722,0,0.00033,sector_c
2165.18611111,0.9981924471334629,0,0.00033,sector_c
2165.1875,0.9988509057691043,0,0.00033,sector_c
2165.18888889,0.9989410894394125,0,0.00033,sector_c
2165.19027778,0.9985054945289018,0,0.00033,sector_c
2165.19166667,0.9980665417825437,0,0.00033,sector_c
2165.19305556,0.9986028864578663,0,0.00033,sector_c
2165.19444444,0.998275376063707,0,0.00033,sector_c
2165.19583333,0.9987843672252505,0,0.00033,sector_c
2165.19722222,0.9982146536535761,0,0.00033,sector_c
2165.19861111,0.9985863386714788,0,0.00033,sector_c
2165.2,0.9985219967115821,0,0.00033,sector_c
2165.20138889,0.9987164383604752,0,0.00033,sector_c
2165.20277778,0.9982240532767903,0,0.00033,sector_c
2165.20416667,0.9987124604782336,0,0.00033,sector_c
2165.20555556,0.9981938078764682,0,0.00033,sector_c
2165.20694444,0.9982905884812624,0,0.00033,sector_c
2165.20833333,0.9986420499278327,0,0.00033,sector_c
2165.20972222,0.9982600193379519,0,0.00033,sector_c
2165.21111111,0.9987360433238254,0,0.00033,sector_c
2165.2125,0.9979181528610627,0,0.00033,sector_c
2165.21388889,0.9983809235211849,0,0.00033,sector_c
2165.21527778,0.998430868989875,0,0.00033,sector_c
2165.21666667,0.9987916070850301,0,0.00033,sector_c
2165.21805556,0.9986842296986348,0,0.00033,sector_c
2165.21944444,0.9984813317542931,0,0.00033,sector_c
2165.22083333,0.9983176704690476,0,0.00033,sector_c
2165.22222222,0.9984873640482559,0,0.00033,sector_c
2165.22361111,0.9983589416841004,0,0.00033,sector_c
2165.225,0.9983584008947052,0,0.00033,sector_c
2165.22638889,0.9980107292521467,0,0.00033,sector_c
2165.22777778,0.9983062785609857,0,0.00033,sector_c
2165.22916667,0.9986153782568066,0,0.00033,sector_c
2165.23055556,0.9986352608837511,0,0.00033,sector_c
2165.23194444,0.9986975690626929,0,0.00033,sector_c
2165.23333333,0.9981978345858653,0,0.00033,sector_c
2165.23472222,0.9984148451731132,0,0.00033,sector_c
2165.23611111,0.9981506359737199,0,0.00033,sector_c
2165.2375,0.9983938509258921,0,0.00033,sector_c
2165.23888889,0.9988117022777119,0,0.00033,sector_c
2165.24027778,0.9987778150140574,0,0.00033,sector_c
2165.24166667,0.9985153989163673,0,0.00033,sector_c
2165.24305556,0.9980355473015537,0,0.00033,sector_c
2165.24444444,0.998567051691107,0,0.00033,sector_c
2165.24583333,0.9984782381665743,0,0.00033,sector_c
2165.24722222,0.9979107214203143,0,0.00033,sector_c
2165.24861111,0.998467730712763,0,0.00033,sector_c
2165.25,0.9982207582192739,0,0.00033,sector_c
2165.25138889,0.9984626471233302,0,0.00033,sector_c
2165.25277778,0.9981338073517765,0,0.00033,sector_c
2165.25416667,0.9987101578097662,0,0.00033,sector_c
2165.25555556,0.9976726677408473,0,0.00033,sector_c
2165.25694444,0.9982392952637533,0,0.00033,sector_c
2165.25833333,0.9979413141973369,0,0.00033,sector_c
2165.25972222,0.9983767915967625,0,0.00033,sector_c
2165.26111111,0.9985308324093526,0,0.00033,sector_c
2165.2625,0.9983461165689135,0,0.00033,sector_c
2165.26388889,0.9984783681120327,0,0.00033,sector_c
2165.26527778,0.9987475132834043,0,0.00033,sector_c
2165.26666667,0.9984084923379191,0,0.00033,sector_c
2165.26805556,0.9981640375075277,0,0.00033,sector_c
2165.26944444,0.9986319463657487,0,0.00033,sector_c
2165.27083333,0.9983273574124342,0,0.00033,sector_c
2165.27222222,0.9984740050763903,0,0.00033,sector_c
2165.27361111,0.9985978788069578,0,0.00033,sector_c
2165.275,0.9983065481329876,0,0.00033,sector_c
2165.27638889,0.9984048419502459,0,0.00033,sector_c
2165.27777778,0.9990438985320801,0,0.00033,sector_c
2165.27916667,0.9982845534738692,0,0.00033,sector_c
2165.28055556,0.9987548378384705,0,0.00033,sector_c
2165.28194444,0.9984849466694796,0,0.00033,sector_c
2165.28333333,0.9982275287350693,0,0.00033,sector_c
2165.28472222,0.9985260100337643,0,0.00033,sector_c
2165.28611111,0.9981832795832701,0,0.00033,sector_c
2165.2875,0.9980228563575748,0,0.00033,sector_c
2165.28888889,0.9987623435621797,0,0.00033,sector_c
2165.29027778,0.9989501701726667,0,0.00033,sector_c
2165.29166667,0.9985900007022916,0,0.00033,sector_c
2165.29305556,0.9985387489098304,0,0.00033,sector_c
2165.29444444,0.998025376129011,0,0.00033,sector_c
2165.29583333,0.9981251702090779,0,0.00033,sector_c
2165.29722222,0.9982566671804479,0,0.00033,sector_c
2165.29861111,0.9982599742323726,0,0.00033,sector_c
2165.3,0.9984310096112139,0,0.00033,sector_c
2165.30138889,0.9980951068118444,0,0.00033,sector_c
2165.30277778,0.9984303494241803,0,0.00033,sector_c
2165.30416667,0.99815679554578,0,0.00033,sector_c
2165.30555556,0.998068892082576,0,0.00033,sector_c
2165.30694444,0.998596844599356,0,0.00033,sector_c
2165.30833333,0.9984065465026093,0,0.00033,sector_c
2165.30972222,0.9980821698469604,0,0.00033,sector_c
2165.31111111,0.9981966641289668,0,0.00033,sector_c
2165.3125,0.9979266648701571,0,0.00033,sector_c
2165.31388889,0.9980837544679433,0,0.00033,sector_c
2165.31527778,0.9980264522259131,0,0.00033,sector_c
2165.31666667,0.9986889718887024,0,0.00033,sector_c
2165.31805556,0.9983507199786484,0,0.00033,sector_c
2165.31944444,0.9983313533093541,0,0.00033,sector_c
2165.32083333,0.9978745931873751,0,0.00033,sector_c
2165.32222222,0.9982521929724658,0,0.00033,sector_c
2165.32361111,0.997926801860265,0,0.00033,sector_c
2165.325,0.99762404571891,0,0.00033,sector_c
2165.32638889,0.998163885762836,0,0.00033,sector_c
2165.32777778,0.9985100611926246,0,0.00033,sector_c
2165.32916667,0.998513978291529,0,0.00033,sector_c
2165.33055556,0.9984323562856436,0,0.00033,sector_c
2165.33194444,0.9984727014122103,0,0.00033,sector_c
2165.33333333,0.998320782724285,0,0.00033,sector_c
2165.33472222,0.998133615098245,0,0.00033,sector_c
2165.33611111,0.9982605474003101,0,0.00033,sector_c
2165.3375,0.9984574069854402,0,0.00033,sector_c
2165.33888889,0.9980957012541302,0,0.00033,sector_c
2165.34027778,0.9979066855590005,0,0.00033,sector_c
2165.34166667,0.9981364340733418,0,0.00033,sector_c
2165.34305556,0.9982384909618318,0,0.00033,sector_c
2165.34444444,0.9985116898511569,0,0.00033,sector_c
2165.34583333,0.9982362973283573,0,0.00033,sector_c
2165.34722222,0.9979173993233571,0,0.00033,sector_c
2165.34861111,0.9979433840895345,0,0.00033,sector_c
2165.35,0.9986506096201703,0,0.00033,sector_c
2165.35138889,0.9985059483150586,0,0.00033,sector_c
2165.35277778,0.9983930083312068,0,0.00033,sector_c
2165.35416667,0.9983106230499972,0,0.00033,sector_c
2165.35555556,0.99858628003531,0,0.00033,sector_c
2165.35694444,0.997952625609534,0,0.00033,sector_c
2165.35833333,0.99816407014715,0,0.00033,sector_c
2165.35972222,0.9980991923711623,0,0.00033,sector_c
2165.36111111,0.9979022403990585,0,0.00033,sector_c
2165.3625,0.9983797026880963,0,0.00033,sector_c
2165.36388889,0.9983430820193296,0,0.00033,sector_c
2165.36527778,0.9983512159460869,0,0.00033,sector_c
2165.36666667,0.997947552332012,0,0.00033,sector_c
2165.36805556,0.9982907216281125,0,0.00033,sector_c
2165.36944444,0.9983606345750663,0,0.00033,sector_c
2165.37083333,0.9977780942327923,0,0.00033,sector_c
2165.37222222,0.9976728458999699,0,0.00033,sector_c
2165.37361111,0.9982142685232342,0,0.00033,sector_c
2165.375,0.9980823838363122,0,0.00033,sector_c
2165.37638889,0.9985084525287381,0,0.00033,sector_c
2165.37777778,0.9972993768651617,0,0.00033,sector_c
2165.37916667,0.9979802903831191,0,0.00033,sector_c
2165.38055556,0.9980919858515296,0,0.00033,sector_c
2165.38194444,0.9981073770188721,0,0.00033,sector_c
2165.38333333,0.9981470155869755,0,0.00033,sector_c
2165.38472222,0.9979488094558009,0,0.00033,sector_c
2165.38611111,0.9983153941862839,0,0.00033,sector_c
2165.3875,0.9978248778492518,0,0.00033,sector_c
2165.38888889,0.9979139052587547,0,0.00033,sector_c
2165.39027778,0.9983550632596082,0,0.00033,sector_c
2165.39166667,0.998489755626406,0,0.00033,sector_c
2165.39305556,0.9978672547203358,0,0.00033,sector_c
2165.39444444,0.9977466357528606,0,0.00033,sector_c
2165.39583333,0.9975829227833594,0,0.00033,sector_c
2165.39722222,0.9977765671040997,0,0.00033,sector_c
2165.39861111,0.998175696468605,0,0.00033,sector_c
2165.4,0.9985018524371109,0,0.00033,sector_c
2165.40138889,0.9979477183980916,0,0.00033,sector_c
2165.40277778,0.9980376444208843,0,0.00033,sector_c
2165.40416667,0.9981189238859334,0,0.00033,sector_c
2165.40555556,0.9976919972478077,0,0.00033,sector_c
2165.40694444,0.9983430529410858,0,0.00033,sector_c
2165.40833333,0.9976860575909572,0,0.00033,sector_c
2165.40972222,0.9984209147627143,0,0.00033,sector_c
2165.41111111,0.9981358814806399,0,0.00033,sector_c
2165.4125,0.9984788033255736,0,0.00033,sector_c
2165.41388889,0.9980960935763126,0,0.00033,sector_c
2165.41527778,0.997873026676065,0,0.00033,sector_c
2165.41666667,0.9979366444119304,0,0.00033,sector_c
2165.41805556,0.9980994736767655,0,0.00033,sector_c
2165.41944444,0.9982745993742244,0,0.00033,sector_c
2165.42083333,0.9983326012608905,0,0.00033,sector_c
2165.42222222,0.9985258136124736,0,0.00033,sector_c
2165.42361111,0.9981491019209172,0,0.00033,sector_c
2165.425,0.9982168068267163,0,0.00033,sector_c
2165.42638889,0.9980094580306845,0,0.00033,sector_c
2165.42777778,0.9981389126563105,0,0.00033,sector_c
2165.42916667,0.9983920220992184,0,0.00033,sector_c
2165.43055556,0.9985958639713116,0,0.00033,sector_c
2165.43194444,0.9977640371633553,0,0.00033,sector_c
2165.43333333,0.9980278424451605,0,0.00033,sector_c
2165.43472222,0.9981409948064379,0,0.00033,sector_c
2165.43611111,0.9980997655009204,0,0.00033,sector_c
2165.4375,0.9977864205123018,0,0.00033,sector_c
2165.43888889,0.9974149691706902,0,0.00033,sector_c
2165.44027778,0.9983080621645659,0,0.00033,sector_c
2165.44166667,0.9980100046067364,0,0.00033,sector_c
2165.44305556,0.9982044167462091,0,0.00033,sector_c
2165.44444444,0.9978350265558519,0,0.00033,sector_c
2165.44583333,0.9983733638829186,0,0.00033,sector_c
2165.44722222,0.998010052875169,0,0.00033,sector_c
2165.44861111,0.9980505966557728,0,0.00033,sector_c
2165.45,0.9974714520646183,0,0.00033,sector_c
2165.45138889,0.9983642217634078,0,0.00033,sector_c
2165.45277778,0.9976832463753569,0,0.00033,sector_c
2165.45416667,0.9982615545826832,0,0.00033,sector_c
2165.45555556,0.9955577021492548,0,0.00033,sector_c
2165.45694444,0.9953314533727644,0,0.00033,sector_c
2165.45833333,0.995654868983474,0,0.00033,sector_c
2165.45972222,0.9955725723653865,0,0.00033,sector_c
2165.46111111,0.9956171416237712,0,0.00033,sector_c
2165.4625,0.9953606813788695,0,0.00033,sector_c
2165.46388889,0.9949706462059268,0,0.00033,sector_c
2165.46527778,0.9953775405897413,0,0.00033,sector_c
2165.46666667,0.9959300640161958,0,0.00033,sector_c
2165.46805556,0.9955011874344186,0,0.00033,sector_c
2165.46944444,0.9958933963383735,0,0.00033,sector_c
2165.47083333,0.9948255155400348,0,0.00033,sector_c
2165.47222222,0.9954254574308329,0,0.00033,sector_c
2165.47361111,0.995562782582018,0,0.00033,sector_c
2165.475,0.9943649920038706,0,0.00033,sector_c
2165.47638889,0.9957306189939448,0,0.00033,sector_c
2165.47777778,0.9949777553756018,0,0.00033,sector_c
2165.47916667,0.9955999098352059,0,0.00033,sector_c
2165.48055556,0.99571333451637,0,0.00033,sector_c
2165.48194444,0.9953991702719461,0,0.00033,sector_c
2165.48333333,0.9957354881772739,0,0.00033,sector_c
2165.48472222,0.9953379140456506,0,0.00033,sector_c
2165.48611111,0.9957444595808916,0,0.00033,sector_c
2165.4875,0.9955634709446765,0,0.00033,sector_c
2165.48888889,0.9949526511450107,0,0.00033,sector_c
2165.49027778,0.9951507046580634,0,0.00033,sector_c
2165.49166667,0.9956533938346755,0,0.00033,sector_c
2165.49305556,0.9954723474011576,0,0.00033,sector_c
2165.49444444,0.9958469163701409,0,0.00033,sector_c
2165.49583333,0.9950851297957235,0,0.00033,sector_c
2165.49722222,0.9952204528616153,0,0.00033,sector_c
2165.49861111,0.9952897743344986,0,0.00033,sector_c
2165.5,0.9952812132675564,0,0.00033,sector_c
2165.50138889,0.9952087721574804,0,0.00033,sector_c
2165.50277778,0.9954319508679389,0,0.00033,sector_c
2165.50416667,0.9958959498078184,0,0.00033,sector_c
2165.50555556,0.9956316530445077,0,0.00033,sector_c
2165.50694444,0.9952134670535605,0,0.00033,sector_c
2165.50833333,0.9956379930739263,0,0.00033,sector_c
2165.50972222,0.9956127653906455,0,0.00033,sector_c
2165.51111111,0.9957673424902146,0,0.00033,sector_c
2165.5125,0.995812854834558,0,0.00033,sector_c
2165.51388889,0.9955248841993006,0,0.00033,sector_c
2165.51527778,0.9953008203990614,4096,0.00033,sector_c
2165.51666667,0.9956413060275191,0,0.00033,sector_c
2165.51805556,0.9955885314362525,0,0.00033,sector_c
2165.51944444,0.9951553013466349,0,0.00033,sector_c
2165.52083333,0.9956140207468319,0,0.00033,sector_c
2165.52222222,0.9950171104302976,0,0.00033,sector_c
2165.52361111,0.9956198576826532,0,0.00033,sector_c
2165.525,0.9953385479980942,0,0.00033,sector_c
2165.52638889,0.995326912998789,0,0.00033,sector_c
2165.52777778,0.9954641706721548,0,0.00033,sector_c
2165.52916667,0.9953943057449806,0,0.00033,sector_c
2165.53055556,0.9951761134531221,0,0.00033,sector_c
2165.53194444,0.9956279695333188,0,0.00033,sector_c
2165.53333333,0.9953884390261962,0,0.00033,sector_c
2165.53472222,0.9949366739333985,0,0.00033,sector_c
2165.53611111,0.9950094135263453,0,0.00033,sector_c
2165.5375,0.995420997499658,0,0.00033,sector_c
2165.53888889,0.9953273189813454,0,0.00033,sector_c
2165.54027778,0.9953073670108482,0,0.00033,sector_c
2165.54166667,0.99518489930506,0,0.00033,sector_c
2165.54305556,0.9953843716864089,0,0.00033,sector_c
2165.54444444,0.995078039477307,0,0.00033,sector_c
2165.54583333,0.995119314450199,0,0.00033,sector_c
2165.54722222,0.9952290651932348,0,0.00033,sector_c
2165.54861111,0.995108380381664,0,0.00033,sector_c
2165.55,0.9948560470419501,0,0.00033,sector_c
2165.55138889,0.9953962439169685,0,0.00033,sector_c
2165.55277778,0.9953388556151922,0,0.00033,sector_c
2165.55416667,0.9953327612426071,0,0.00033,sector_c
2165.55555556,0.9954277169394357,0,0.00033,sector_c
2165.55694444,0.9952034085843662,0,0.00033,sector_c
2165.55833333,0.9952650678059343,0,0.00033,sector_c
2165.55972222,0.9949596702065115,0,0.00033,sector_c
2165.56111111,0.9959136762753998,0,0.00033,sector_c
2165.5625,0.9953391783065196,0,0.00033,sector_c
2165.56388889,0.9954380792030619,0,0.00033,sector_c
2165.56527778,0.9955050092236777,0,0.00033,sector_c
2165.56666667,0.9952891848648416,0,0.00033,sector_c
2165.56805556,0.9949750962768881,0,0.00033,sector_c
2165.56944444,0.9948515219706554,0,0.00033,sector_c
2165.57083333,0.9953213991048367,0,0.00033,sector_c
2165.57222222,0.9954570537740278,0,0.00033,sector_c
2165.57361111,0.9953329429290488,0,0.00033,sector_c
2165.575,0.9957885145354389,0,0.00033,sector_c
2165.57638889,0.9951149334612146,0,0.00033,sector_c
2165.57777778,0.9951500029832068,0,0.00033,sector_c
2165.57916667,0.9948328176599945,0,0.00033,sector_c
2165.58055556,0.9949946640048591,0,0.00033,sector_c
2165.58194444,0.9953751935090707,0,0.00033,sector_c
2165.58333333,0.9950961979539988,0,0.00033,sector_c
2165.58472222,0.9953671866175847,0,0.00033,sector_c
2165.58611111,0.9956086631693724,0,0.00033,sector_c
2165.5875,0.9952797108814279,0,0.00033,sector_c
2165.58888889,0.9950432980818689,0,0.00033,sector_c
2165.59027778,0.9949229693957423,0,0.00033,sector_c
2165.59166667,0.9951796805125734,0,0.00033,sector_c
2165.59305556,0.9951838071686077,0,0.00033,sector_c
2165.59444444,0.9953254826403937,0,0.00033,sector_c
2165.59583333,0.9947801924802561,0,0.00033,sector_c
2165.59722222,0.995060308450898,0,0.00033,sector_c
2165.59861111,0.995044005312577,0,0.00033,sector_c
2165.6,0.9952107464881236,0,0.00033,sector_c
2165.60138889,0.9952701547934387,0,0.00033,sector_c
2165.60277778,0.9945382854718975,0,0.00033,sector_c
2165.60416667,0.9949520501539285,0,0.00033,sector_c
2165.60555556,0.9954573480725069,0,0.00033,sector_c
2165.60694444,0.9971926408894418,0,0.00033,sector_c
2165.60833333,0.9973983248871662,0,0.00033,sector_c
2165.60972222,0.9977374536312267,0,0.00033,sector_c
2165.61111111,0.9972117618863854,0,0.00033,sector_c
2165.6125,0.9976305779051552,0,0.00033,sector_c
2165.61388889,0.9973707552918577,0,0.00033,sector_c
2165.61527778,0.9974620009228125,0,0.00033,sector_c
2165.61666667,0.9974679002797812,0,0.00033,sector_c
2165.61805556,0.9975588996508729,0,0.00033,sector_c
2165.61944444,0.9977598465956091,0,0.00033,sector_c
2165.62083333,0.9974742611255202,0,0.00033,sector_c
2165.62222222,0.9973198623379406,0,0.00033,sector_c
2165.62361111,0.997405528780876,0,0.00033,sector_c
2165.625,0.9975335326436983,0,0.00033,sector_c
2165.62638889,0.9971412936420662,0,0.00033,sector_c
2165.62777778,0.9969833768903726,0,0.00033,sector_c
2165.62916667,0.9973981815417652,0,0.00033,sector_c
2165.63055556,0.9971184398078753,0,0.00033,sector_c
2165.63194444,0.9975350472317671,0,0.00033,sector_c
2165.63333333,0.9976550870929534,0,0.00033,sector_c
2165.63472222,0.9976044100410207,0,0.00033,sector_c
2165.63611111,0.9975092903224488,0,0.00033,sector_c
2165.6375,0.9977860967755486,0,0.00033,sector_c
2165.63888889,0.9968340866913258,0,0.00033,sector_c
2165.64027778,0.9975042476539084,0,0.00033,sector_c
2165.64166667,0.9975254588542227,0,0.00033,sector_c
2165.64305556,0.9975381654303036,0,0.00033,sector_c
2165.64444444,0.9972080632373566,0,0.00033,sector_c
2165.64583333,0.9967298126231209,0,0.00033,sector_c
2165.64722222,0.9968314984562665,0,0.00033,sector_c
2165.64861111,0.9970137838221873,0,0.00033,sector_c
2165.65,0.9973117533859603,0,0.00033,sector_c
2165.65138889,0.9979664606019654,0,0.00033,sector_c
2165.65277778,0.9972169859171752,0,0.00033,sector_c
2165.65416667,0.997531908411922,0,0.00033,sector_c
2165.65555556,0.9974117759973514,0,0.00033,sector_c
2165.65694444,0.9976188313443269,0,0.00033,sector_c
2165.65833333,0.997695608150464,0,0.00033,sector_c
2165.65972222,0.9971520101507945,0,0.00033,sector_c
2165.66111111,0.997158814604372,0,0.00033,sector_c
2165.6625,0.9973485155117825,0,0.00033,sector_c
2165.66388889,0.9967899839518333,0,0.00033,sector_c
2165.66527778,0.9971915332459721,0,0.00033,sector_c
2165.66666667,0.9969299638491126,0,0.00033,sector_c
2165.66805556,0.997446006610451,0,0.00033,sector_c
2165.66944444,0.9965090931930963,0,0.00033,sector_c
2165.67083333,0.9974699093416641,0,0.00033,sector_c
2165.67222222,0.9965712001836343,0,0.00033,sector_c
2165.67361111,0.9968433619520062,0,0.00033,sector_c
2165.675,0.9971847495360061,0,0.00033,sector_c
2165.67638889,0.9972482997312067,0,0.00033,sector_c
2165.67777778,0.9970231755845033,0,0.00033,sector_c
2165.67916667,0.9971804600252623,0,0.00033,sector_c
2165.68055556,0.9973277622260286,0,0.00033,sector_c
2165.68194444,0.9971225661768457,0,0.00033,sector_c
2165.68333333,0.9968344970121927,0,0.00033,sector_c
2165.68472222,0.996992035175005,0,0.00033,sector_c
2165.68611111,0.9970916699640745,0,0.00033,sector_c
2165.6875,0.997338692284547,0,0.00033,sector_c
2165.68888889,0.9975782574721583,0,0.00033,sector_c
2165.69027778,0.9968417704787333,2048,0.00033,sector_c
2165.69166667,0.9969218177477417,0,0.00033,sector_c
2165.69305556,0.9972417351729992,0,0.00033,sector_c
2165.69444444,0.9965724744924636,0,0.00033,sector_c
2165.69583333,0.9976389571044189,0,0.00033,sector_c
2165.69722222,0.997813844900403,0,0.00033,sector_c
2165.69861111,0.9971112953333466,0,0.00033,sector_c
2165.7,0.9972329012316327,0,0.00033,sector_c
2165.70138889,0.996846229446303,0,0.00033,sector_c
2165.70277778,0.9966842995591589,0,0.00033,sector_c
2165.70416667,0.9976514631963889,0,0.00033,sector_c
2165.70555556,0.9969637423314964,0,0.00033,sector_c
2165.70694444,0.9970047051023914,0,0.00033,sector_c
2165.70833333,0.9972863929320374,0,0.00033,sector_c
2165.70972222,0.9969677591665909,0,0.00033,sector_c
2165.71111111,0.9971907566133069,0,0.00033,sector_c
2165.7125,0.9972586819158269,0,0.00033,sector_c
2165.71388889,0.997505235593844,0,0.00033,sector_c
2165.71527778,0.9972320581310297,0,0.00033,sector_c
2165.71666667,0.9974028454305667,0,0.00033,sector_c
2165.71805556,0.99736538116542,0,0.00033,sector_c
2165.71944444,0.9968559042593025,0,0.00033,sector_c
2165.72083333,0.9965420164184847,0,0.00033,sector_c
2165.72222222,0.9967752459324608,0,0.00033,sector_c
2165.72361111,0.9967207665904315,0,0.00033,sector_c
2165.725,0.9969572484884304,0,0.00033,sector_c
2165.72638889,0.9970472132408786,0,0.00033,sector_c
2165.72777778,0.9970527723557808,0,0.00033,sector_c
2165.72916667,0.9965819003893104,0,0.00033,sector_c
2165.73055556,0.9966067166013607,0,0.00033,sector_c
2165.73194444,0.9967498587170557,0,0.00033,sector_c
2165.73333333,0.9972937141814032,0,0.00033,sector_c
2165.73472222,0.9969764873695585,0,0.00033,sector_c
2165.73611111,0.9970359245284885,0,0.00033,sector_c
2165.7375,0.9968279089839386,0,0.00033,sector_c
2165.73888889,0.9971735475482926,0,0.00033,sector_c
2165.74027778,0.9967235986136279,0,0.00033,sector_c
2165.74166667,0.9972220476854601,0,0.00033,sector_c
2165.74305556,0.997096333049344,0,0.00033,sector_c
2165.74444444,0.9969021536173008,0,0.00033,sector_c
2165.74583333,0.9971546437189609,0,0.00033,sector_c
2165.74722222,0.9968790679042565,0,0.00033,sector_c
2165.74861111,0.9965037906113989,0,0.00033,sector_c
2165.75,0.9971682603995783,0,0.00033,sector_c
2165.75138889,0.9968800255553434,0,0.00033,sector_c
2165.75277778,0.9966604221657676,0,0.00033,sector_c
2165.75416667,0.9969183379355034,0,0.00033,sector_c
2165.75555556,0.9966006820496077,0,0.00033,sector_c
2165.75694444,0.9970530376389767,0,0.00033,sector_c
2165.75833333,0.9965489827404875,0,0.00033,sector_c
2165.75972222,0.9970893825257016,0,0.00033,sector_c
2165.76111111,0.9967311030457007,0,0.00033,sector_c
2165.7625,0.997187479577168,0,0.00033,sector_c
2165.76388889,0.9969570289434496,0,0.00033,sector_c
2165.76527778,0.9970052798930961,0,0.00033,sector_c
2165.76666667,0.9965067929753115,0,0.00033,sector_c
2165.76805556,0.9972609574055572,0,0.00033,sector_c
2165.76944444,0.9974179991669372,0,0.00033,sector_c
2165.77083333,0.9969026455719968,0,0.00033,sector_c
2165.77222222,0.9975362435894957,0,0.00033,sector_c
2165.77361111,0.996796653489753,0,0.00033,sector_c
2165.775,0.9962520313367679,0,0.00033,sector_c
2165.77638889,0.996986020296919,0,0.00033,sector_c
2165.77777778,0.9970698873416155,0,0.00033,sector_c
2165.77916667,0.9967493496864654,0,0.00033,sector_c
2165.78055556,0.9970429794145688,0,0.00033,sector_c
2165.78194444,0.9971962094878645,0,0.00033,sector_c
2165.78333333,0.9968610079050634,0,0.00033,sector_c
2165.78472222,0.9968950864989056,0,0.00033,sector_c
2165.78611111,0.9970485160476508,0,0.00033,sector_c
2165.7875,0.9967212740205761,0,0.00033,sector_c
2165.78888889,0.9969865035770624,0,0.00033,sector_c
2165.79027778,0.9967619647651186,0,0.00033,sector_c
2165.79166667,0.9966949210832561,0,0.00033,sector_c
2165.79305556,0.9964468070470185,0,0.00033,sector_c
2165.79444444,0.9969619664710744,0,0.00033,sector_c
2165.79583333,0.9964194158843668,0,0.00033,sector_c
2165.79722222,0.9963097828622838,0,0.00033,sector_c
2165.79861111,0.9967591167216221,0,0.00033,sector_c
2165.8,0.9967981950211902,0,0.00033,sector_c
2165.80138889,0.9964838308240057,0,0.00033,sector_c
2165.80277778,0.9969553293990967,0,0.00033,sector_c
2165.80416667,0.9963156032989128,0,0.00033,sector_c
2165.80555556,0.9967721934571473,0,0.00033,sector_c
2165.80694444,0.9964179265256443,0,0.00033,sector_c
2165.80833333,0.9968602511906528,0,0.00033,sector_c
2165.80972222,0.9969994957858694,0,0.00033,sector_c
2165.81111111,0.9967021540666757,0,0.00033,sector_c
2165.8125,0.9969582460534994,0,0.00033,sector_c
2165.81388889,0.9962518479966063,0,0.00033,sector_c
2165.81527778,0.9968849839411357,0,0.00033,sector_c
2165.81666667,0.9963385919274809,0,0.00033,sector_c
2165.81805556,0.996561561623981,0,0.00033,sector_c
2165.81944444,0.9967801082076233,0,0.00033,sector_c
2165.82083333,0.9969544333199362,0,0.00033,sector_c
2165.82222222,0.9969532782076286,0,0.00033,sector_c
2165.82361111,0.9966517417015214,0,0.00033,sector_c
2165.825,0.9968782283606037,0,0.00033,sector_c
2165.82638889,0.9962199767438541,0,0.00033,sector_c
2165.82777778,0.9965857081234568,0,0.00033,sector_c
2165.82916667,0.996604781787438,0,0.00033,sector_c
2165.83055556,0.9969545210709483,0,0.00033,sector_c
2165.83194444,0.9966372249300358,0,0.00033,sector_c
2165.83333333,0.9965340140538234,0,0.00033,sector_c
2165.83472222,0.9965845755785085,0,0.00033,sector_c
2165.83611111,0.9967706885768137,0,0.00033,sector_c
2165.8375,0.9969079778604281,0,0.00033,sector_c
2165.83888889,0.996940224329616,0,0.00033,sector_c
2165.84027778,0.9970879939040583,0,0.00033,sector_c
2165.84166667,0.9969305270469102,0,0.00033,sector_c
2165.84305556,0.9962047004310148,0,0.00033,sector_c
2165.84444444,0.9965649904767524,0,0.00033,sector_c
2165.84583333,0.9960688310528104,0,0.00033,sector_c
2165.84722222,0.9967528712849033,0,0.00033,sector_c
2165.84861111,0.9965523534364422,0,0.00033,sector_c
2165.85,0.9964943753016589,0,0.00033,sector_c
2165.85138889,0.9971459261006106,0,0.00033,sector_c
2165.85277778,0.996468619167866,0,0.00033,sector_c
2165.85416667,0.9966986496890485,0,0.00033,sector_c
2165.85555556,0.9967761324975563,0,0.00033,sector_c
2165.85694444,0.9968740913448838,0,0.00033,sector_c
2165.85833333,0.9962732662600592,0,0.00033,sector_c
2165.85972222,0.9967183642753144,0,0.00033,sector_c
2165.86111111,0.9967916472815621,0,0.00033,sector_c
2165.8625,0.9968583925820429,0,0.00033,sector_c
2165.86388889,0.9961880123658898,0,0.00033,sector_c
2165.86527778,0.9961301441734676,0,0.00033,sector_c
2165.86666667,0.9965461823731073,0,0.00033,sector_c
2165.86805556,0.9967352967774977,0,0.00033,sector_c
2165.86944444,0.9967678380548368,0,0.00033,sector_c
2165.87083333,0.9970696567663284,0,0.00033,sector_c
2165.87222222,0.9971261504081841,0,0.00033,sector_c
2165.87361111,0.9966228103129172,0,0.00033,sector_c
2165.875,0.9963823716831532,0,0.00033,sector_c
2165.87638889,0.9970582675458008,0,0.00033,sector_c
2165.87777778,0.9969076449311582,0,0.00033,sector_c
2165.87916667,0.9960947428100353,0,0.00033,sector_c
2165.88055556,0.9963937662916558,0,0.00033,sector_c
2165.88194444,0.9961326395509694,0,0.00033,sector_c
2165.88333333,0.9959594281611743,0,0.00033,sector_c
2165.88472222,0.9965384876110022,0,0.00033,sector_c
2165.88611111,0.9962246147818284,0,0.00033,sector_c
2165.8875,0.9963040140204086,0,0.00033,sector_c
2165.88888889,0.9971553214902761,0,0.00033,sector_c
2165.89027778,0.9966546634304163,0,0.00033,sector_c
2165.89166667,0.996606773044002,2048,0.00033,sector_c
2165.89305556,0.9964915842330044,0,0.00033,sector_c
2165.89444444,0.9965395577424274,0,0.00033,sector_c
2165.89583333,0.9961981068630158,0,0.00033,sector_c
2165.89722222,0.9967041509045107,0,0.00033,sector_c
2165.89861111,0.9969360326971262,0,0.00033,sector_c
2165.9,0.9965293348175158,0,0.00033,sector_c
2165.90138889,0.9963962808949244,0,0.00033,sector_c
2165.90277778,0.9965080621893542,0,0.00033,sector_c
2165.90416667,0.9962374665526691,0,0.00033,sector_c
2165.90555556,0.9961873403902299,0,0.00033,sector_c
2165.90694444,0.9961822486553364,0,0.00033,sector_c
2165.90833333,0.996508686242912,0,0.00033,sector_c
2165.90972222,0.9958622874899896,0,0.00033,sector_c
2165.91111111,0.9962226175947854,0,0.00033,sector_c
2165.9125,0.9961131065441975,0,0.00033,sector_c
2165.91388889,0.9961151895368275,0,0.00033,sector_c
2165.91527778,0.9966722575399486,0,0.00033,sector_c
2165.91666667,0.9963251281830073,0,0.00033,sector_c
2165.91805556,0.9965362286841434,0,0.00033,sector_c
2165.91944444,0.9962740184907506,0,0.00033,sector_c
2165.92083333,0.9965395850074409,0,0.00033,sector_c
2165.92222222,0.996106143067943,0,0.00033,sector_c
2165.92361111,0.9962904876193779,0,0.00033,sector_c
2165.925,0.9964896537021706,0,0.00033,sector_c
2165.92638889,0.9966212394658039,0,0.00033,sector_c
2165.92777778,0.996014714527586,0,0.00033,sector_c
2165.92916667,0.9961819068713975,0,0.00033,sector_c
2165.93055556,0.9965593667780472,0,0.00033,sector_c
2165.93194444,0.9965431421941833,0,0.00033,sector_c
2165.93333333,0.9960516485084027,0,0.00033,sector_c
2165.93472222,0.9963494958936591,0,0.00033,sector_c
2165.93611111,0.9961476671305384,0,0.00033,sector_c
2165.9375,0.9960495981116179,0,0.00033,sector_c
2165.93888889,0.9959450534856555,0,0.00033,sector_c
2165.94027778,0.9963498204328208,0,0.00033,sector_c
2165.94166667,0.995746822935199,0,0.00033,sector_c
2165.94305556,0.9960378808739936,0,0.00033,sector_c
2165.94444444,0.9960793968021128,0,0.00033,sector_c
2165.94583333,0.996468235380437,0,0.00033,sector_c
2165.94722222,0.9959059244561665,0,0.00033,sector_c
2165.94861111,0.9966148977364391,0,0.00033,sector_c
2165.95,0.9958957720304557,0,0.00033,sector_c
2165.95138889,0.9964885170309257,2048,0.00033,sector_c
2165.95277778,0.9962438416221175,0,0.00033,sector_c
2165.95416667,0.9961586136340264,0,0.00033,sector_c
2165.95555556,0.9964777651496344,0,0.00033,sector_c
2165.95694444,0.995870938242502,0,0.00033,sector_c
2165.95833333,0.9962163474659117,0,0.00033,sector_c
2165.95972222,0.9963973601487762,0,0.00033,sector_c
2165.96111111,0.9961338559049476,0,0.00033,sector_c
2165.9625,0.9960909108235009,0,0.00033,sector_c
2165.96388889,0.9966018075663174,0,0.00033,sector_c
2165.96527778,0.996547670407521,0,0.00033,sector_c
2165.96666667,0.9961422247209825,0,0.00033,sector_c
2165.96805556,0.9959411861561177,0,0.00033,sector_c
2165.96944444,0.9959627713746843,0,0.00033,sector_c
2165.97083333,0.9962744945269875,0,0.00033,sector_c
2165.97222222,0.9960693403334154,0,0.00033,sector_c
2165.97361111,0.9962018002780793,0,0.00033,sector_c
2165.975,0.9951998358513816,0,0.00033,sector_c
2165.97638889,0.9963677322213578,0,0.00033,sector_c
2165.97777778,0.9961974584103336,0,0.00033,sector_c
2165.97916667,0.9957892101863345,0,0.00033,sector_c
2165.98055556,0.996027145936308,0,0.00033,sector_c
2165.98194444,0.9961150113094384,0,0.00033,sector_c
2165.98333333,0.9962188574661364,0,0.00033,sector_c
2165.98472222,0.9963656475019408,0,0.00033,sector_c
2165.98611111,0.9957066643270488,0,0.00033,sector_c
2165.9875,0.996015700021322,0,0.00033,sector_c
2165.98888889,0.9963440528347831,0,0.00033,sector_c
2165.99027778,0.9961990586600556,0,0.00033,sector_c
2165.99166667,0.9963746291395926,0,0.00033,sector_c
2165.99305556,0.9957713593356784,0,0.00033,sector_c
2165.99444444,0.9960193569243877,0,0.00033,sector_c
2165.99583333,0.9962269498328392,0,0.00033,sector_c
2165.99722222,0.995808563578074,0,0.00033,sector_c
2165.99861111,0.9958394398247529,0,0.00033,sector_c
2166.0,0.9959157146291266,0,0.00033,sector_c
2166.00138889,0.9963349682128999,0,0.00033,sector_c
2166.00277778,0.9964353654538545,0,0.00033,sector_c
2166.00416667,0.9957104165022861,0,0.00033,sector_c
2166.00555556,0.9959580417359732,0,0.00033,sector_c
2166.00694444,0.9960564426217721,0,0.00033,sector_c
2166.00833333,0.9957559273751372,0,0.00033,sector_c
2166.00972222,0.9961583411587306,0,0.00033,sector_c
2166.01111111,0.9957391683517892,0,0.00033,sector_c
2166.0125,0.9956591404882759,0,0.00033,sector_c
2166.01388889,0.9962013931867052,0,0.00033,sector_c
2166.01527778,0.9961515235626669,0,0.00033,sector_c
2166.01666667,0.9962360675905231,0,0.00033,sector_c
2166.01805556,0.9955268540939448,0,0.00033,sector_c
2166.01944444,0.9954370496270781,0,0.00033,sector_c
2166.02083333,0.9965217350534366,0,0.00033,sector_c
2166.02222222,0.9960509033728925,0,0.00033,sector_c
2166.02361111,0.9959941840499765,0,0.00033,sector_c
2166.025,0.9962610321919494,0,0.00033,sector_c
2166.02638889,0.9960129752345704,0,0.00033,sector_c
2166.02777778,0.9954266000052847,0,0.00033,sector_c
2166.02916667,0.9963431699058668,0,0.00033,sector_c
2166.03055556,0.9960691357008757,0,0.00033,sector_c
2166.03194444,0.9957537831720201,0,0.00033,sector_c
2166.03333333,0.9956535568025773,0,0.00033,sector_c
2166.03472222,0.9959299160568401,0,0.00033,sector_c
2166.03611111,0.9956320913620582,0,0.00033,sector_c
2166.0375,0.9963473029496743,0,0.00033,sector_c
2166.03888889,0.9957003431828688,0,0.00033,sector_c
2166.04027778,0.9959846871942539,0,0.00033,sector_c
2166.04166667,0.9960849701970814,0,0.00033,sector_c
2166.04305556,0.9959178169465948,0,0.00033,sector_c
2166.04444444,0.9958230877497676,0,0.00033,sector_c
2166.04583333,0.996211225890374,0,0.00033,sector_c
2166.04722222,0.9956317569484463,0,0.00033,sector_c
2166.04861111,0.9960337203022537,0,0.00033,sector_c
2166.05,0.9958737519240441,0,0.00033,sector_c
2166.05138889,0.9963130534263256,0,0.00033,sector_c
2166.05277778,0.9962074895942041,0,0.00033,sector_c
2166.05416667,0.996157868857193,0,0.00033,sector_c
2166.05555556,0.9962883372779953,0,0.00033,sector_c
2166.05694444,0.9962963263223771,0,0.00033,sector_c
2166.05833333,0.9958297560764844,0,0.00033,sector_c
2166.05972222,0.9961366827321587,0,0.00033,sector_c
2166.06111111,0.9958805309665244,0,0.00033,sector_c
2166.0625,0.9960935962156651,0,0.00033,sector_c
2166.06388889,0.9958971117045737,0,0.00033,sector_c
2166.06527778,0.9961932076234853,0,0.00033,sector_c
2166.06666667,0.9958778062912408,0,0.00033,sector_c
2166.06805556,0.9959715260177664,2048,0.00033,sector_c
2166.06944444,0.9952887328951275,0,0.00033,sector_c
2166.07083333,0.9959847077050682,0,0.00033,sector_c
2166.07222222,0.9959579268203285,0,0.00033,sector_c
2166.07361111,0.9954460361327767,0,0.00033,sector_c
2166.075,0.9960163737002973,0,0.00033,sector_c
2166.07638889,0.9957387155976923,0,0.00033,sector_c
2166.07777778,0.9960013829238472,0,0.00033,sector_c
2166.07916667,0.9960696910890543,0,0.00033,sector_c
2166.08055556,0.9959495333292485,0,0.00033,sector_c
2166.08194444,0.9958950837350373,0,0.00033,sector_c
2166.08333333,0.9952567029041662,0,0.00033,sector_c
2166.08472222,0.9953981912448364,0,0.00033,sector_c
2166.08611111,0.9957596925670111,0,0.00033,sector_c
2166.0875,0.9958620935848539,0,0.00033,sector_c
2166.08888889,0.9958336491166309,0,0.00033,sector_c
2166.09027778,0.9961529179021503,0,0.00033,sector_c
2166.09166667,0.9957740131236787,0,0.00033,sector_c
2166.09305556,0.995716799948044,0,0.00033,sector_c
2166.09444444,0.9959373556139589,0,0.00033,sector_c
2166.09583333,0.9955429967165911,0,0.00033,sector_c
2166.09722222,0.9957488316831251,0,0.00033,sector_c
2166.09861111,0.9961305648341156,0,0.00033,sector_c
2166.1,0.9957606342456958,0,0.00033,sector_c
2166.10138889,0.9961903564884557,0,0.00033,sector_c
2166.10277778,0.9954961612141326,0,0.00033,sector_c
2166.10416667,0.9955333768899499,0,0.00033,sector_c
2166.10555556,0.9959475901489281,0,0.00033,sector_c
2166.10694444,0.9958286016086104,0,0.00033,sector_c
2166.10833333,0.995340094762135,0,0.00033,sector_c
2166.10972222,0.9959840908784922,0,0.00033,sector_c
2166.11111111,0.9957572438455273,0,0.00033,sector_c
2166.1125,0.9953483620458566,0,0.00033,sector_c
2166.11388889,0.9953586223190354,0,0.00033,sector_c
2166.11527778,0.9960260675351283,0,0.00033,sector_c
2166.11666667,0.9954895507370838,0,0.00033,sector_c
2166.11805556,0.9956578476110439,0,0.00033,sector_c
2166.11944444,0.9958575274566387,0,0.00033,sector_c
2166.12083333,0.9955716714125111,0,0.00033,sector_c
2166.12222222,0.9954451006219389,0,0.00033,sector_c
2166.12361111,0.9956627739008284,0,0.00033,sector_c
2166.125,0.9955699343600043,0,0.00033,sector_c
2166.12638889,0.9953984166568112,0,0.00033,sector_c
2166.12777778,0.9959234438204051,0,0.00033,sector_c
2166.12916667,0.9958874120982959,0,0.00033,sector_c
2166.13055556,0.9958931905086866,0,0.00033,sector_c
2166.13194444,0.9960385146037729,0,0.00033,sector_c
2166.13333333,0.99594552337262,0,0.00033,sector_c
2166.13472222,0.9953700724158531,0,0.00033,sector_c
2166.13611111,0.994840351607077,0,0.00033,sector_c
2166.1375,0.9955976188133793,0,0.00033,sector_c
2166.13888889,0.9958212810009502,0,0.00033,sector_c
2166.14027778,0.9956859380988403,0,0.00033,sector_c
2166.14166667,0.9954189269886128,0,0.00033,sector_c
2166.14305556,0.9953800832866171,0,0.00033,sector_c
2166.14444444,0.9953688214277966,0,0.00033,sector_c
2166.14583333,0.9957657876710038,0,0.00033,sector_c
2166.14722222,0.9956861065564689,0,0.00033,sector_c
2166.14861111,0.9958111928922457,0,0.00033,sector_c
2166.15,0.9954770259393361,0,0.00033,sector_c
2166.15138889,0.9955918427613005,0,0.00033,sector_c
2166.15277778,0.9960805969439317,0,0.00033,sector_c
2166.15416667,0.9962078536241411,0,0.00033,sector_c
2166.15555556,0.9960206781890986,0,0.00033,sector_c
2166.15694444,0.9952408260375971,0,0.00033,sector_c
2166.15833333,0.9961804648578995,0,0.00033,sector_c
2166.15972222,0.9960647351050098,0,0.00033,sector_c
2166.16111111,0.9955571108733271,0,0.00033,sector_c
2166.1625,0.9956523496175831,0,0.00033,sector_c
2166.16388889,0.9950210325208443,0,0.00033,sector_c
2166.16527778,0.9961543132477113,0,0.00033,sector_c
2166.16666667,0.9960798190281088,0,0.00033,sector_c
2166.16805556,0.9956341845120896,0,0.00033,sector_c
2166.16944444,0.9956980068097315,0,0.00033,sector_c
2166.17083333,0.9957767388832318,0,0.00033,sector_c
2166.17222222,0.9956865328587345,0,0.00033,sector_c
2166.17361111,0.9959507688114819,0,0.00033,sector_c
2166.175,0.9958024073577798,0,0.00033,sector_c
2166.17638889,0.995882445801909,0,0.00033,sector_c
2166.17777778,0.9954352535606449,0,0.00033,sector_c
2166.17916667,0.9950015230473428,0,0.00033,sector_c
2166.18055556,0.9956610991584599,0,0.00033,sector_c
2166.18194444,0.995555158729201,0,0.00033,sector_c
2166.18333333,0.9951910923325479,0,0.00033,sector_c
2166.18472222,0.995454778101468,0,0.00033,sector_c
2166.18611111,0.9958436254117495,0,0.00033,sector_c
2166.1875,0.9952800559286402,0,0.00033,sector_c
2166.18888889,0.9956086111451058,0,0.00033,sector_c
2166.19027778,0.9954102649250941,0,0.00033,sector_c
2166.19166667,0.9957370060777911,0,0.00033,sector_c
2166.19305556,0.9954414816768413,0,0.00033,sector_c
2166.19444444,0.9958296079675636,0,0.00033,sector_c
2166.19583333,0.9953240333699903,0,0.00033,sector_c
2166.19722222,0.9955563914599989,0,0.00033,sector_c
2166.19861111,0.9952182206125932,0,0.00033,sector_c
2166.2,0.9954796098326477,0,0.00033,sector_c
2166.20138889,0.9953827311121028,0,0.00033,sector_c
2166.20277778,0.9958288960200162,0,0.00033,sector_c
2166.20416667,0.9959671243048671,0,0.00033,sector_c
2166.20555556,0.9953166070795683,0,0.00033,sector_c
2166.20694444,0.9958176296305932,0,0.00033,sector_c
2166.20833333,0.9955389236559935,0,0.00033,sector_c
2166.20972222,0.9951923984122314,0,0.00033,sector_c
2166.21111111,0.9953895143951779,0,0.00033,sector_c
2166.2125,0.9954479695276818,0,0.00033,sector_c
2166.21388889,0.9952515438452911,0,0.00033,sector_c
2166.21527778,0.9957936212835521,0,0.00033,sector_c
2166.21666667,0.9952909935317421,0,0.00033,sector_c
2166.21805556,0.9953209506001096,0,0.00033,sector_c
2166.21944444,0.995407797846807,0,0.00033,sector_c
2166.22083333,0.9949636528717969,0,0.00033,sector_c
2166.22222222,0.995836981343923,0,0.00033,sector_c
2166.22361111,0.995550407065208,0,0.00033,sector_c
2166.225,0.9956953785640296,0,0.00033,sector_c
2166.22638889,0.9954911161806943,0,0.00033,sector_c
2166.22777778,0.9957718134020831,0,0.00033,sector_c
2166.22916667,0.9952175018388636,0,0.00033,sector_c
2166.23055556,0.9952428067347073,0,0.00033,sector_c
2166.23194444,0.9956166676386556,0,0.00033,sector_c
2166.23333333,0.9952756762355973,0,0.00033,sector_c
2166.23472222,0.9952679623171883,0,0.00033,sector_c
2166.23611111,0.9952809722654333,0,0.00033,sector_c
2166.2375,0.9952020893180338,0,0.00033,sector_c
2166.23888889,0.995317282860376,0,0.00033,sector_c
2166.24027778,0.9960110839723664,0,0.00033,sector_c
2166.24166667,0.9954101648525729,0,0.00033,sector_c
2166.24305556,0.9953594119287354,0,0.00033,sector_c
2166.24444444,0.9955852163201468,0,0.00033,sector_c
2166.24583333,0.995728517114941,0,0.00033,sector_c
2166.24722222,0.9948087727586754,0,0.00033,sector_c
2166.24861111,0.9950867470592146,0,0.00033,sector_c
2166.25,0.9953919453731792,0,0.00033,sector_c
2166.25138889,0.9952790013565528,0,0.00033,sector_c
2166.25277778,0.99538829242239,0,0.00033,sector_c
2166.25416667,0.9950426015460669,0,0.00033,sector_c
2166.25555556,0.9956755383228482,0,0.00033,sector_c
2166.25694444,0.9953993779730789,0,0.00033,sector_c
2166.25833333,0.9958280131133863,0,0.00033,sector_c
2166.25972222,0.994809475803311,0,0.00033,sector_c
2166.26111111,0.995264368092017,0,0.00033,sector_c
2166.2625,0.9953774306376951,0,0.00033,sector_c
2166.26388889,0.9955164263992046,0,0.00033,sector_c
2166.26527778,0.9958844616015161,0,0.00033,sector_c
2166.26666667,0.9953154839200952,0,0.00033,sector_c
2166.26805556,0.995131718695215,0,0.00033,sector_c
2166.26944444,0.9953819091357325,0,0.00033,sector_c
2166.27083333,0.9955424816107004,0,0.00033,sector_c
2166.27222222,0.9954036755106709,0,0.00033,sector_c
2166.27361111,0.9952663719591545,0,0.00033,sector_c
2166.275,0.9949605116401649,0,0.00033,sector_c
2166.27638889,0.9953378820627931,0,0.00033,sector_c
2166.27777778,0.9950314214496959,0,0.00033,sector_c
2166.27916667,0.9961637755354056,0,0.00033,sector_c
2166.28055556,0.9952638021923528,0,0.00033,sector_c
2166.28194444,0.9951401720352522,0,0.00033,sector_c
2166.28333333,0.9951643597522477,0,0.00033,sector_c
2166.28472222,0.9953053916665607,0,0.00033,sector_c
2166.28611111,0.9951840309844018,0,0.00033,sector_c
2166.2875,0.9955232482461286,0,0.00033,sector_c
2166.28888889,0.9950935438912197,0,0.00033,sector_c
2166.29027778,0.9953942737295426,0,0.00033,sector_c
2166.29166667,0.9951994418554482,0,0.00033,sector_c
2166.29305556,0.9956056623635987,0,0.00033,sector_c
2166.29444444,0.9949677989607562,0,0.00033,sector_c
2166.29583333,0.9953653025851675,0,0.00033,sector_c
2166.29722222,0.9948863991878302,0,0.00033,sector_c
2166.29861111,0.9951096626846383,0,0.00033,sector_c
2166.3,0.9953921651211172,0,0.00033,sector_c
2166.30138889,0.995960424794476,0,0.00033,sector_c
2166.30277778,0.9954283598593293,0,0.00033,sector_c
2166.30416667,0.9957507651707306,0,0.00033,sector_c
2166.30555556,0.9953516486421141,0,0.00033,sector_c
2166.30694444,0.9950180362476431,0,0.00033,sector_c
2166.30833333,0.9956076359096943,0,0.00033,sector_c
2166.30972222,0.9949975510900702,0,0.00033,sector_c
2166.31111111,0.994649906022814,0,0.00033,sector_c
2166.3125,0.9953889411891459,0,0.00033,sector_c
2166.31388889,0.9953249331107834,0,0.00033,sector_c
2166.31527778,0.9951127566949018,0,0.00033,sector_c
2166.31666667,0.9954125813354924,0,0.00033,sector_c
2166.31805556,0.9959438064396924,0,0.00033,sector_c
2166.31944444,0.9952463517293885,0,0.00033,sector_c
2166.32083333,0.9948960469383413,0,0.00033,sector_c
2166.32222222,0.9954286287376967,0,0.00033,sector_c
2166.32361111,0.9952065379886776,0,0.00033,sector_c
2166.325,0.9956154656040999,0,0.00033,sector_c
2166.32638889,0.9948814617314764,0,0.00033,sector_c
2166.32777778,0.9951018106067555,0,0.00033,sector_c
2166.32916667,0.9951786765585117,0,0.00033,sector_c
2166.33055556,0.9952885083927439,0,0.00033,sector_c
2166.33194444,0.9951268337171667,0,0.00033,sector_c
2166.33333333,0.995193490925005,0,0.00033,sector_c
2166.33472222,0.9957711959517396,0,0.00033,sector_c
2166.33611111,0.9951815037263098,0,0.00033,sector_c
2166.3375,0.9952099492895806,0,0.00033,sector_c
2166.33888889,0.9955981139333687,0,0.00033,sector_c
2166.34027778,0.9954780115418793,0,0.00033,sector_c
2166.34166667,0.9951025537643436,0,0.00033,sector_c
2166.34305556,0.9949794793816781,0,0.00033,sector_c
2166.34444444,0.99535665455183,0,0.00033,sector_c
2166.34583333,0.995501344057676,0,0.00033,sector_c
2166.34722222,0.9949929313441448,0,0.00033,sector_c
2166.34861111,0.9951814575401159,0,0.00033,sector_c
2166.35,0.9948539087549105,0,0.00033,sector_c
2166.35138889,0.995311974589161,0,0.00033,sector_c
2166.35277778,0.9953237035850325,0,0.00033,sector_c
2166.35416667,0.9956285303862309,0,0.00033,sector_c
2166.35555556,0.9953223510607533,0,0.00033,sector_c
2166.35694444,0.9952575554545123,0,0.00033,sector_c
2166.35833333,0.9955473897950511,0,0.00033,sector_c
2166.35972222,0.995173943198291,0,0.00033,sector_c
2166.36111111,0.9954591738522606,0,0.00033,sector_c
2166.3625,0.9956002503500433,0,0.00033,sector_c
2166.36388889,0.9949005554526787,0,0.00033,sector_c
2166.36527778,0.9950507720096781,0,0.00033,sector_c
2166.36666667,0.9952717646870657,0,0.00033,sector_c
2166.36805556,0.9954861406059978,0,0.00033,sector_c
2166.36944444,0.995434957439724,0,0.00033,sector_c
2166.37083333,0.9956501690894922,0,0.00033,sector_c
2166.37222222,0.9952562795262081,0,0.00033,sector_c
2166.37361111,0.9949299504165833,0,0.00033,sector_c
2166.375,0.99486000955274,0,0.00033,sector_c
2166.37638889,0.9952917804214886,0,0.00033,sector_c
2166.37777778,0.9948290639460521,0,0.00033,sector_c
2166.37916667,0.9951313912262276,0,0.00033,sector_c
2166.38055556,0.9950755723504731,0,0.00033,sector_c
2166.38194444,0.9956819451296856,0,0.00033,sector_c
2166.38333333,0.9949103939680892,0,0.00033,sector_c
2166.38472222,0.9955815035136272,0,0.00033,sector_c
2166.38611111,0.9948247963130366,0,0.00033,sector_c
2166.3875,0.995541649474366,0,0.00033,sector_c
2166.38888889,0.9950277969258315,0,0.00033,sector_c
2166.39027778,0.9953332622897817,0,0.00033,sector_c
2166.39166667,0.9953124076633061,0,0.00033,sector_c
2166.39305556,0.9949652415620824,0,0.00033,sector_c
2166.39444444,0.9950043376837109,0,0.00033,sector_c
2166.39583333,0.9949383904406772,0,0.00033,sector_c
2166.39722222,0.9952690587163349,0,0.00033,sector_c
2166.39861111,0.994984525154834,0,0.00033,sector_c
2166.4,0.9947226408019685,0,0.00033,sector_c
2166.40138889,0.9951350949036696,0,0.00033,sector_c
2166.40277778,0.9953094459999515,0,0.00033,sector_c
2166.40416667,0.9945841450840046,0,0.00033,sector_c
2166.40555556,0.9956462670836128,0,0.00033,sector_c
2166.40694444,0.9951072756453591,0,0.00033,sector_c
2166.40833333,0.9948317546275866,0,0.00033,sector_c
2166.40972222,0.9948313887395194,0,0.00033,sector_c
2166.41111111,0.9958077411751131,0,0.00033,sector_c
2166.4125,0.9950507160051261,0,0.00033,sector_c
2166.41388889,0.9952547388373046,0,0.00033,sector_c
2166.41527778,0.9953234814551404,0,0.00033,sector_c
2166.41666667,0.9953766877768991,0,0.00033,sector_c
2166.41805556,0.9948968746897652,0,0.00033,sector_c
2166.41944444,0.9950593027538017,0,0.00033,sector_c
2166.42083333,0.9951237731298506,0,0.00033,sector_c
2166.42222222,0.9956057728700345,0,0.00033,sector_c
2166.42361111,0.9949595379019537,0,0.00033,sector_c
2166.425,0.9948663964034097,0,0.00033,sector_c
2166.42638889,0.995660221466837,0,0.00033,sector_c
2166.42777778,0.9951873918711716,0,0.00033,sector_c
2166.42916667,0.9948933796040994,0,0.00033,sector_c
2166.43055556,0.9951256668887224,0,0.00033,sector_c
2166.43194444,0.9954860285974999,0,0.00033,sector_c
2166.43333333,0.9948227092701131,0,0.00033,sector_c
2166.43472222,0.9950731415931098,0,0.00033,sector_c
2166.43611111,0.9951085787953575,0,0.00033,sector_c
2166.4375,0.9957036255652912,0,0.00033,sector_c
2166.43888889,0.9955113462991894,0,0.00033,sector_c
2166.44027778,0.995366607852652,0,0.00033,sector_c
2166.44166667,0.9947756961965092,0,0.00033,sector_c
2166.44305556,0.9951376346839377,0,0.00033,sector_c
2166.44444444,0.995056268536306,0,0.00033,sector_c
2166.44583333,0.9953084684334795,0,0.00033,sector_c
2166.44722222,0.9952990616525115,0,0.00033,sector_c
2166.44861111,0.9947057958859822,0,0.00033,sector_c
2166.45,0.9952545927911838,0,0.00033,sector_c
2166.45138889,0.994896667981547,0,0.00033,sector_c
2166.45277778,0.9949064950944991,0,0.00033,sector_c
2166.45416667,0.9952544979407653,0,0.00033,sector_c
2166.45555556,0.9948640172262987,0,0.00033,sector_c
2166.45694444,0.9953569547012073,0,0.00033,sector_c
2166.45833333,0.9950725420716091,0,0.00033,sector_c
2166.45972222,0.9950259365227789,0,0.00033,sector_c
2166.46111111,0.995086933924676,0,0.00033,sector_c
2166.4625,0.9951031096926828,0,0.00033,sector_c
2166.46388889,0.9949394766299144,0,0.00033,sector_c
2166.46527778,0.9952292396250448,0,0.00033,sector_c
2166.46666667,0.9950611677278257,0,0.00033,sector_c
2166.46805556,0.9951925311777707,0,0.00033,sector_c
2166.46944444,0.994759012487063,0,0.00033,sector_c
2166.47083333,0.9952200674881245,0,0.00033,sector_c
2166.47222222,0.9952053076656923,0,0.00033,sector_c
2166.47361111,0.9950206389028682,0,0.00033,sector_c
2166.475,0.9948650690156848,0,0.00033,sector_c
2166.47638889,0.9951242420707304,0,0.00033,sector_c
2166.47777778,0.9951384365004042,0,0.00033,sector_c
2166.47916667,0.9952128235032245,0,0.00033,sector_c
2166.48055556,0.9946420623517466,0,0.00033,sector_c
2166.48194444,0.9955452587467187,0,0.00033,sector_c
2166.48333333,0.9951642084857149,0,0.00033,sector_c
2166.48472222,0.9951030622469537,0,0.00033,sector_c
2166.48611111,0.9949184823875747,0,0.00033,sector_c
2166.4875,0.9950953803487914,0,0.00033,sector_c
2166.48888889,0.9954632179671505,0,0.00033,sector_c
2166.49027778,0.994929690820749,0,0.00033,sector_c
2166.49166667,0.9951415516536644,0,0.00033,sector_c
2166.49305556,0.9954881728565215,0,0.00033,sector_c
2166.49444444,0.9951224642371561,0,0.00033,sector_c
2166.49583333,0.9953182048550795,0,0.00033,sector_c
2166.49722222,0.9953990537968818,2048,0.00033,sector_c
2166.49861111,0.994856946814473,0,0.00033,sector_c
2166.5,0.9952771379283973,0,0.00033,sector_c
2166.50138889,0.9950132682369933,0,0.00033,sector_c
2166.50277778,0.9955536954996834,0,0.00033,sector_c
2166.50416667,0.9952218029651538,0,0.00033,sector_c
2166.50555556,0.9948150971433859,2048,0.00033,sector_c
2166.50694444,0.9952707292183101,0,0.00033,sector_c
2166.50833333,0.9952551783624954,0,0.00033,sector_c
2166.50972222,0.9950848028203149,0,0.00033,sector_c
2166.51111111,0.9952301202410614,0,0.00033,sector_c
2166.5125,0.9948370184235342,0,0.00033,sector_c
2166.51388889,0.9955330116768248,0,0.00033,sector_c
2166.51527778,0.9950732352328252,0,0.00033,sector_c
2166.51666667,0.9953964244932869,0,0.00033,sector_c
2166.51805556,0.9954638628885146,0,0.00033,sector_c
2166.51944444,0.9953848141893327,0,0.00033,sector_c
2166.52083333,0.9952990933280228,0,0.00033,sector_c
2166.52222222,0.9954420108783718,0,0.00033,sector_c
2166.52361111,0.995165480569129,0,0.00033,sector_c
2166.525,0.995397001450362,0,0.00033,sector_c
2166.52638889,0.99502872292495,0,0.00033,sector_c
2166.52777778,0.9955190860380252,0,0.00033,sector_c
2166.52916667,0.995241036057604,0,0.00033,sector_c
2166.53055556,0.9955509805971164,0,0.00033,sector_c
2166.53194444,0.9949436321041931,0,0.00033,sector_c
2166.53333333,0.9948973106448568,0,0.00033,sector_c
2166.53472222,0.995096383104123,0,0.00033,sector_c
2166.53611111,0.9951367918945189,0,0.00033,sector_c
2166.5375,0.9954086195395392,0,0.00033,sector_c
2166.53888889,0.9953918664832633,0,0.00033,sector_c
2166.54027778,0.9948020598879844,0,0.00033,sector_c
2166.54166667,0.9951065137023749,0,0.00033,sector_c
2166.54305556,0.9952095224033048,0,0.00033,sector_c
2166.54444444,0.9952598131289472,0,0.00033,sector_c
2166.54583333,0.9953021855625499,0,0.00033,sector_c
2166.54722222,0.9950537085720617,0,0.00033,sector_c
2166.54861111,0.9953686017010269,0,0.00033,sector_c
2166.55,0.9953650994284612,0,0.00033,sector_c
2166.55138889,0.995481331426722,0,0.00033,sector_c
2166.55277778,0.9953323116489682,0,0.00033,sector_c
2166.55416667,0.9951561271214144,0,0.00033,sector_c
2166.55555556,0.9949386121249274,0,0.00033,sector_c
2166.55694444,0.9950249829576209,0,0.00033,sector_c
2166.55833333,0.995074365576083,0,0.00033,sector_c
2166.55972222,0.9950580040742818,0,0.00033,sector_c
2166.56111111,0.9953185992663731,0,0.00033,sector_c
2166.5625,0.9954468405400745,0,0.00033,sector_c
2166.56388889,0.9952782444645092,0,0.00033,sector_c
2166.56527778,0.9946525420377532,0,0.00033,sector_c
2166.56666667,0.995406022514345,0,0.00033,sector_c
2166.56805556,0.9957248675417909,0,0.00033,sector_c
2166.56944444,0.9949457116717475,0,0.00033,sector_c
2166.57083333,0.9948620152064009,0,0.00033,sector_c
2166.57222222,0.9950576471497389,0,0.00033,sector_c
2166.57361111,0.9951302279697536,0,0.00033,sector_c
2166.575,0.9954122073027596,0,0.00033,sector_c
2166.57638889,0.9954115839924798,2048,0.00033,sector_c
2166.57777778,0.9955572756478266,0,0.00033,sector_c
2166.57916667,0.9951287444607712,0,0.00033,sector_c
2166.58055556,0.9952268586657332,0,0.00033,sector_c
2166.58194444,0.9950411014586734,0,0.00033,sector_c
2166.58333333,0.9949877108640978,0,0.00033,sector_c
2166.58472222,0.9955032294002224,0,0.00033,sector_c
2166.58611111,0.9953611423331318,0,0.00033,sector_c
2166.5875,0.9950349169425328,0,0.00033,sector_c
2166.58888889,0.9956229883232011,0,0.00033,sector_c
2166.59027778,0.9953221127597537,0,0.00033,sector_c
2166.59166667,0.9955319968822205,0,0.00033,sector_c
2166.59305556,0.9955770113210956,0,0.00033,sector_c
2166.59444444,0.994958013840927,0,0.00033,sector_c
2166.59583333,0.994951656185295,0,0.00033,sector_c
2166.59722222,0.9947510706197844,0,0.00033,sector_c
2166.59861111,0.9952182661074874,0,0.00033,sector_c
2166.6,0.9955340199637995,0,0.00033,sector_c
2166.60138889,0.9960196281319653,0,0.00033,sector_c
2166.60277778,0.9956729537738357,0,0.00033,sector_c
2166.60416667,0.9954176971955127,0,0.00033,sector_c
2166.60555556,0.9951161434050109,0,0.00033,sector_c
2166.60694444,0.9946452164355706,0,0.00033,sector_c
2166.60833333,0.9953381588730853,0,0.00033,sector_c
2166.60972222,0.9956637322401726,0,0.00033,sector_c
2166.61111111,0.9952146924737724,0,0.00033,sector_c
2166.6125,0.9950926102344525,0,0.00033,sector_c
2166.61388889,0.9957456689028966,0,0.00033,sector_c
2166.61527778,0.9950160130443996,0,0.00033,sector_c
2166.61666667,0.9951331797043241,0,0.00033,sector_c
2166.61805556,0.9957096045516204,0,0.00033,sector_c
2166.61944444,0.9949468520841991,0,0.00033,sector_c
2166.62083333,0.9949358768543519,0,0.00033,sector_c
2166.62222222,0.9953001392637824,0,0.00033,sector_c
2166.62361111,0.995169309106468,0,0.00033,sector_c
2166.625,0.9952362046400363,0,0.00033,sector_c
2166.62638889,0.9951044866018924,0,0.00033,sector_c
2166.62777778,0.9951996324421424,0,0.00033,sector_c
2166.62916667,0.9955881398655233,0,0.00033,sector_c
2166.63055556,0.9957453215668274,0,0.00033,sector_c
2166.63194444,0.9956173039800835,0,0.00033,sector_c
2166.63333333,0.9950692558180242,0,0.00033,sector_c
2166.63472222,0.9951944124889344,0,0.00033,sector_c
2166.63611111,0.9948901481921804,0,0.00033,sector_c
2166.6375,0.9951583025737836,0,0.00033,sector_c
2166.63888889,0.9952775296260647,0,0.00033,sector_c
2166.64027778,0.9952107863033928,0,0.00033,sector_c
2166.64166667,0.9950137329228937,0,0.00033,sector_c
2166.64305556,0.9953425099433547,0,0.00033,sector_c
2166.64444444,0.9951213036332321,0,0.00033,sector_c
2166.64583333,0.9950172724217353,0,0.00033,sector_c
2166.64722222,0.9947478443950779,0,0.00033,sector_c
2166.64861111,0.9954097131173089,0,0.00033,sector_c
2166.65,0.9957047457753619,0,0.00033,sector_c
2166.65138889,0.9949551966126741,0,0.00033,sector_c
2166.65277778,0.9957239341084781,0,0.00033,sector_c
2166.65416667,0.9953359425296389,0,0.00033,sector_c
2166.65555556,0.9950419015399413,0,0.00033,sector_c
2166.65694444,0.9951409707449825,0,0.00033,sector_c
2166.65833333,0.9948115683304165,0,0.00033,sector_c
2166.65972222,0.9954472360305994,0,0.00033,sector_c
2166.66111111,0.9958086538541681,0,0.00033,sector_c
2166.6625,0.9955728599974274,0,0.00033,sector_c
2166.66388889,0.9952037225611541,0,0.00033,sector_c
2166.66527778,0.9955310283239022,0,0.00033,sector_c
2166.66666667,0.9949797427669559,0,0.00033,sector_c
2166.66805556,0.9952057250975979,0,0.00033,sector_c
2166.66944444,0.9953330248223835,0,0.00033,sector_c
2166.67083333,0.9952208231669252,0,0.00033,sector_c
2166.67222222,0.9954238267526676,0,0.00033,sector_c
2166.67361111,0.9958599650418211,0,0.00033,sector_c
2166.675,0.9955698991915647,0,0.00033,sector_c
2166.67638889,0.9951766188330032,0,0.00033,sector_c
2166.67777778,0.995021579054795,0,0.00033,sector_c
2166.67916667,0.9954097540684671,0,0.00033,sector_c
2166.68055556,0.9957589474739388,0,0.00033,sector_c
2166.68194444,0.9957615290865625,0,0.00033,sector_c
2166.68333333,0.9956450645460485,0,0.00033,sector_c
2166.68472222,0.9956823262676195,0,0.00033,sector_c
2166.68611111,0.9958375584052275,0,0.00033,sector_c
2166.6875,0.9948325289946702,0,0.00033,sector_c
2166.68888889,0.9952794236318424,0,0.00033,sector_c
2166.69027778,0.9949131476145532,0,0.00033,sector_c
2166.69166667,0.9952815873941704,0,0.00033,sector_c
2166.69305556,0.995322488221835,0,0.00033,sector_c
2166.69444444,0.9954292200867394,0,0.00033,sector_c
2166.69583333,0.9957117014162905,0,0.00033,sector_c
2166.69722222,0.9950712558905923,0,0.00033,sector_c
2166.69861111,0.9957277747917672,0,0.00033,sector_c
2166.7,0.9954256529347812,0,0.00033,sector_c
2166.70138889,0.995425958849534,0,0.00033,sector_c
2166.70277778,0.9953692346949323,0,0.00033,sector_c
2166.70416667,0.9958357305364423,0,0.00033,sector_c
2166.70555556,0.9953375846865004,0,0.00033,sector_c
2166.70694444,0.9957853344026812,0,0.00033,sector_c
2166.70833333,0.9951916096847773,0,0.00033,sector_c
2166.70972222,0.9954081405724647,0,0.00033,sector_c
2166.71111111,0.9952293828596114,0,0.00033,sector_c
2166.7125,0.9960044022396742,0,0.00033,sector_c
2166.71388889,0.9954166830086278,0,0.00033,sector_c
2166.71527778,0.9956288518337472,0,0.00033,sector_c
2166.71666667,0.9954597828958645,0,0.00033,sector_c
2166.71805556,0.9952842400169611,0,0.00033,sector_c
2166.71944444,0.9954779856272604,0,0.00033,sector_c
2166.72083333,0.9955228969407142,0,0.00033,sector_c
2166.72222222,0.9953812898199303,0,0.00033,sector_c
2166.72361111,0.9956073076662129,0,0.00033,sector_c
2166.725,0.9950962382873907,0,0.00033,sector_c
2166.72638889,0.9955594283809787,0,0.00033,sector_c
2166.72777778,0.9958657359995227,0,0.00033,sector_c
2166.72916667,0.9948390228946827,0,0.00033,sector_c
2166.73055556,0.9955820624660622,0,0.00033,sector_c
2166.73194444,0.9952707268988581,0,0.00033,sector_c
2166.73333333,0.9956057287078242,0,0.00033,sector_c
2166.73472222,0.9955127317405239,0,0.00033,sector_c
2166.73611111,0.995712130829888,0,0.00033,sector_c
2166.7375,0.9956837256758027,0,0.00033,sector_c
2166.73888889,0.995063070913043,0,0.00033,sector_c
2166.74027778,0.9953942785974847,0,0.00033,sector_c
2166.74166667,0.9955543388554772,0,0.00033,sector_c
2166.74305556,0.9958533466987924,0,0.00033,sector_c
2166.74444444,0.9951254215758244,0,0.00033,sector_c
2166.74583333,0.9951949251239962,0,0.00033,sector_c
2166.74722222,0.9957517800240172,0,0.00033,sector_c
2166.74861111,0.9957318081540525,0,0.00033,sector_c
2166.75,0.9955395408457753,0,0.00033,sector_c
2166.75138889,0.9952945968701713,0,0.00033,sector_c
2166.75277778,0.9947453018052446,0,0.00033,sector_c
2166.75416667,0.9960034023211596,0,0.00033,sector_c
2166.75555556,0.9954935611860555,0,0.00033,sector_c
2166.75694444,0.9952890867718406,0,0.00033,sector_c
2166.75833333,0.9952884354646021,0,0.00033,sector_c
2166.75972222,0.9953384923971489,0,0.00033,sector_c
2166.76111111,0.9951547799982978,0,0.00033,sector_c
2166.7625,0.9957050225114136,0,0.00033,sector_c
2166.76388889,0.9954784130703748,0,0.00033,sector_c
2166.76527778,0.9957413972515474,0,0.00033,sector_c
2166.76666667,0.9953804288820995,0,0.00033,sector_c
2166.76805556,0.9956179646216479,0,0.00033,sector_c
2166.76944444,0.9959893440602839,0,0.00033,sector_c
2166.77083333,0.995177835234495,0,0.00033,sector_c
2166.77222222,0.9957790696373401,0,0.00033,sector_c
2166.77361111,0.9954975650793372,0,0.00033,sector_c
2166.775,0.9954250490682612,0,0.00033,sector_c
2166.77638889,0.9954573252023655,0,0.00033,sector_c
2166.77777778,0.9953760211715648,0,0.00033,sector_c
2166.77916667,0.995687010582083,0,0.00033,sector_c
2166.78055556,0.9959737103425288,0,0.00033,sector_c
2166.78194444,0.9956574378284957,0,0.00033,sector_c
2166.78333333,0.9955808087207195,0,0.00033,sector_c
2166.78472222,0.995269457636619,0,0.00033,sector_c
2166.78611111,0.9956192126216428,0,0.00033,sector_c
2166.7875,0.9950416743516759,0,0.00033,sector_c
2166.78888889,0.9958924952368715,0,0.00033,sector_c
2166.79027778,0.9957143983838487,0,0.00033,sector_c
2166.79166667,0.9955414609977339,0,0.00033,sector_c
2166.79305556,0.9953429183073336,0,0.00033,sector_c
2166.79444444,0.9959293968984132,0,0.00033,sector_c
2166.79583333,0.995622491401248,0,0.00033,sector_c
2166.79722222,0.9959366438851933,0,0.00033,sector_c
2166.79861111,0.9959374216842288,0,0.00033,sector_c
2166.8,0.9954178731428857,0,0.00033,sector_c
2166.80138889,0.9959013477956224,0,0.00033,sector_c
2166.80277778,0.9953348484986408,0,0.00033,sector_c
2166.80416667,0.9961524439886367,0,0.00033,sector_c
2166.80555556,0.9957219442268281,0,0.00033,sector_c
2166.80694444,0.9955299658762701,0,0.00033,sector_c
2166.80833333,0.9957607175248111,0,0.00033,sector_c
2166.80972222,0.995457731316387,0,0.00033,sector_c
2166.81111111,0.9954591457365263,0,0.00033,sector_c
2166.8125,0.9960580054472635,0,0.00033,sector_c
2166.81388889,0.9958493373714121,0,0.00033,sector_c
2166.81527778,0.9954978104001778,0,0.00033,sector_c
2166.81666667,0.9958380592543935,0,0.00033,sector_c
2166.81805556,0.9956332167514993,0,0.00033,sector_c
2166.81944444,0.9962599994446286,0,0.00033,sector_c
2166.82083333,0.9956681486907409,0,0.00033,sector_c
2166.82222222,0.9958287641509596,0,0.00033,sector_c
2166.82361111,0.9955041201272824,0,0.00033,sector_c
2166.825,0.9960061371496807,0,0.00033,sector_c
2166.82638889,0.9955513618428447,0,0.00033,sector_c
2166.82777778,0.9956695540664612,0,0.00033,sector_c
2166.82916667,0.9956544578533136,0,0.00033,sector_c
2166.83055556,0.9959226017023038,0,0.00033,sector_c
2166.83194444,0.9954300017777136,0,0.00033,sector_c
2166.83333333,0.9957453774267903,0,0.00033,sector_c
2166.83472222,0.995307587818673,0,0.00033,sector_c
2166.83611111,0.9956701380066156,0,0.00033,sector_c
2166.8375,0.9957439697165047,0,0.00033,sector_c
2166.83888889,0.9953570419176014,0,0.00033,sector_c
2166.84027778,0.9958608079332618,0,0.00033,sector_c
2166.84166667,0.9966892473214195,0,0.00033,sector_c
2166.84305556,0.995567097676291,0,0.00033,sector_c
2166.84444444,0.9960078996162761,0,0.00033,sector_c
2166.84583333,0.9962420068364446,0,0.00033,sector_c
2166.84722222,0.9956791656771856,0,0.00033,sector_c
2166.84861111,0.9958291632645161,0,0.00033,sector_c
2166.85,0.9963117586595582,0,0.00033,sector_c
2166.85138889,0.9957323517620249,0,0.00033,sector_c
2166.85277778,0.9953464963039805,0,0.00033,sector_c
2166.85416667,0.9958936148446961,0,0.00033,sector_c
2166.85555556,0.9957297374384152,0,0.00033,sector_c
2166.85694444,0.996412737481313,0,0.00033,sector_c
2166.85833333,0.995937584929196,0,0.00033,sector_c
2166.85972222,0.995906822248267,0,0.00033,sector_c
2166.86111111,0.9955996888527441,0,0.00033,sector_c
2166.8625,0.9959122144713581,0,0.00033,sector_c
2166.86388889,0.9957866297115897,0,0.00033,sector_c
2166.86527778,0.9959411453288424,0,0.00033,sector_c
2166.86666667,0.9964137918277493,0,0.00033,sector_c
2166.86805556,0.9959429918108934,0,0.00033,sector_c
2166.86944444,0.9961872072336138,0,0.00033,sector_c
2166.87083333,0.9952720548477235,0,0.00033,sector_c
2166.87222222,0.9964295074409661,0,0.00033,sector_c
2166.87361111,0.9959730656586065,0,0.00033,sector_c
2166.875,0.9960441284700615,0,0.00033,sector_c
2166.87638889,0.9961083662538374,0,0.00033,sector_c
2166.87777778,0.9958843684061114,0,0.00033,sector_c
2166.87916667,0.9956536020420365,0,0.00033,sector_c
2166.88055556,0.9963743907493341,0,0.00033,sector_c
2166.88194444,0.9958641702863613,0,0.00033,sector_c
2166.88333333,0.996130785703554,0,0.00033,sector_c
2166.88472222,0.9956371670338617,0,0.00033,sector_c
2166.88611111,0.9957996054817733,0,0.00033,sector_c
2166.8875,0.9955456185439352,0,0.00033,sector_c
2166.88888889,0.9956500021523547,0,0.00033,sector_c
2166.89027778,0.9957973184537339,0,0.00033,sector_c
2166.89166667,0.9961031833197731,0,0.00033,sector_c
2166.89305556,0.9966187711787367,0,0.00033,sector_c
2166.89444444,0.9959900484704614,0,0.00033,sector_c
2166.89583333,0.9960665688283236,0,0.00033,sector_c
2166.89722222,0.9960211903166231,0,0.00033,sector_c
2166.89861111,0.9955758671638562,0,0.00033,sector_c
2166.9,0.9963350494518197,0,0.00033,sector_c
2166.90138889,0.9957600336411265,0,0.00033,sector_c
2166.90277778,0.9962806540922786,0,0.00033,sector_c
2166.90416667,0.9964312762116235,0,0.00033,sector_c
2166.90555556,0.9955569876251077,0,0.00033,sector_c
2166.90694444,0.9962687622674374,0,0.00033,sector_c
2166.90833333,0.9964116853160319,0,0.00033,sector_c
2166.90972222,0.996667408314581,0,0.00033,sector_c
2166.91111111,0.9956914902729982,0,0.00033,sector_c
2166.9125,0.9963832751922944,0,0.00033,sector_c
2166.91388889,0.9966205512314923,0,0.00033,sector_c
2166.91527778,0.9965652104380682,0,0.00033,sector_c
2166.91666667,0.9956286415451812,0,0.00033,sector_c
2166.91805556,0.9960950218017652,0,0.00033,sector_c
2166.91944444,0.9962962563995312,0,0.00033,sector_c
2166.92083333,0.995907616884539,0,0.00033,sector_c
2166.92222222,0.9962781561796668,0,0.00033,sector_c
2166.92361111,0.9956720858168759,0,0.00033,sector_c
2166.925,0.9959460209702016,0,0.00033,sector_c
2166.92638889,0.9959174591350697,0,0.00033,sector_c
2166.92777778,0.9964404443210698,0,0.00033,sector_c
2166.92916667,0.9963291619701559,0,0.00033,sector_c
2166.93055556,0.9964888660548731,0,0.00033,sector_c
2166.93194444,0.996320500596726,0,0.00033,sector_c
2166.93333333,0.9955096010711367,0,0.00033,sector_c
2166.93472222,0.9961427364313832,0,0.00033,sector_c
2166.93611111,0.9960958473151104,0,0.00033,sector_c
2166.9375,0.9964062481692824,0,0.00033,sector_c
2166.93888889,0.9956118163298125,0,0.00033,sector_c
2166.94027778,0.996063350194992,0,0.00033,sector_c
2166.94166667,0.9962928633028081,0,0.00033,sector_c
2166.94305556,0.9959140717298806,0,0.00033,sector_c
2166.94444444,0.9953602316511487,0,0.00033,sector_c
2166.94583333,0.9958857048733623,0,0.00033,sector_c
2166.94722222,0.9965793208697789,0,0.00033,sector_c
2166.94861111,0.9964379649825612,0,0.00033,sector_c
2166.95,0.9965447919213378,0,0.00033,sector_c
2166.95138889,0.9964900034353901,0,0.00033,sector_c
2166.95277778,0.9967607160526939,0,0.00033,sector_c
2166.95416667,0.9964128494986875,0,0.00033,sector_c
2166.95555556,0.9960801050320928,0,0.00033,sector_c
2166.95694444,0.9965908853100893,0,0.00033,sector_c
2166.95833333,0.9962135136156691,0,0.00033,sector_c
2166.95972222,0.996523239109509,0,0.00033,sector_c
2166.96111111,0.9965945256237797,0,0.00033,sector_c
2166.9625,0.9961099214262973,0,0.00033,sector_c
2166.96388889,0.9963379588726224,0,0.00033,sector_c
2166.96527778,0.996343877895447,0,0.00033,sector_c
2166.96666667,0.9963007336619989,0,0.00033,sector_c
2166.96805556,0.996542682560049,0,0.00033,sector_c
2166.96944444,0.9965014501080086,0,0.00033,sector_c
2166.97083333,0.996273616895953,0,0.00033,sector_c
2166.97222222,0.9963778371231423,0,0.00033,sector_c
2166.97361111,0.995927453496244,0,0.00033,sector_c
2166.975,0.9965322670448932,0,0.00033,sector_c
2166.97638889,0.9961382149002063,0,0.00033,sector_c
2166.97777778,0.9961582144967027,0,0.00033,sector_c
2166.97916667,0.9965760226623818,0,0.00033,sector_c
2166.98055556,0.9962384111478991,0,0.00033,sector_c
2166.98194444,0.9967111445225706,0,0.00033,sector_c
2166.98333333,0.9960890487489885,0,0.00033,sector_c
2166.98472222,0.9965072332236435,0,0.00033,sector_c
2166.98611111,0.9965251633703178,4096,0.00033,sector_c
2166.9875,0.9967055166528648,0,0.00033,sector_c
2166.98888889,0.9961594968204045,0,0.00033,sector_c
2166.99027778,0.9956320197741712,0,0.00033,sector_c
2166.99166667,0.9967714239480421,0,0.00033,sector_c
2166.99305556,0.9966027865936148,0,0.00033,sector_c
2166.99444444,0.9966258535041186,0,0.00033,sector_c
2166.99583333,0.9970192290451543,0,0.00033,sector_c
2166.99722222,0.9961257099571623,4096,0.00033,sector_c
2166.99861111,0.9964422670460312,0,0.00033,sector_c
2167.0,0.9963351909702288,0,0.00033,sector_c
2167.00138889,0.9967003461139787,0,0.00033,sector_c
2167.00277778,0.9962241718277188,0,0.00033,sector_c
2167.00416667,0.9966834378767049,0,0.00033,sector_c
2167.00555556,0.9969724352919751,0,0.00033,sector_c
2167.00694444,0.9966004802850116,0,0.00033,sector_c
2167.00833333,0.9965160411242364,0,0.00033,sector_c
2167.00972222,0.996688532410356,0,0.00033,sector_c
2167.01111111,0.9969277994970407,0,0.00033,sector_c
2167.0125,0.9964301855811875,0,0.00033,sector_c
2167.01388889,0.9967115044154814,0,0.00033,sector_c
2167.01527778,0.9963864165224189,0,0.00033,sector_c
2167.01666667,0.9963248752951346,0,0.00033,sector_c
2167.01805556,0.9967606928289261,0,0.00033,sector_c
2167.01944444,0.9967330550986571,0,0.00033,sector_c
2167.02083333,0.9962874867262311,0,0.00033,sector_c
2167.02222222,0.9965618255968378,0,0.00033,sector_c
2167.02361111,0.9969747302759131,0,0.00033,sector_c
2167.025,0.9961556655959383,0,0.00033,sector_c
2167.02638889,0.9966288750961722,0,0.00033,sector_c
2167.02777778,0.9970130349583993,0,0.00033,sector_c
2167.02916667,0.996645529548893,0,0.00033,sector_c
2167.03055556,0.996808877931795,0,0.00033,sector_c
2167.03194444,0.9967549703853035,0,0.00033,sector_c
2167.03333333,0.9972364312729417,0,0.00033,sector_c
2167.03472222,0.9965846372893454,2048,0.00033,sector_c
2167.03611111,0.9973911372952216,0,0.00033,sector_c
2167.0375,0.9964181526729872,0,0.00033,sector_c
2167.03888889,0.9972711656354437,0,0.00033,sector_c
2167.04027778,0.9969266524272817,0,0.00033,sector_c
2167.04166667,0.9969053816701384,0,0.00033,sector_c
2167.04305556,0.996857961542557,0,0.00033,sector_c
2167.04444444,0.996377737615748,0,0.00033,sector_c
2167.04583333,0.9964727950877759,0,0.00033,sector_c
2167.04722222,0.9969447297134383,0,0.00033,sector_c
2167.04861111,0.9970360123048455,0,0.00033,sector_c
2167.05,0.9963563453617192,0,0.00033,sector_c
2167.05138889,0.9964167600497974,0,0.00033,sector_c
2167.05277778,0.99694133347223,0,0.00033,sector_c
2167.05416667,0.9970220976832709,0,0.00033,sector_c
2167.05555556,0.9964581957901554,0,0.00033,sector_c
2167.05694444,0.9968393861836582,0,0.00033,sector_c
2167.05833333,0.9963595496142067,0,0.00033,sector_c
2167.05972222,0.9966799245522499,0,0.00033,sector_c
2167.06111111,0.996820250791699,0,0.00033,sector_c
2167.0625,0.996752860349751,0,0.00033,sector_c
2167.06388889,0.9971640442725804,0,0.00033,sector_c
2167.06527778,0.9973250734152028,0,0.00033,sector_c
2167.06666667,0.9967247078702117,0,0.00033,sector_c
2167.06805556,0.9964499453649354,0,0.00033,sector_c
2167.06944444,0.9972101778008498,0,0.00033,sector_c
2167.07083333,0.9966070629808609,0,0.00033,sector_c
2167.07222222,0.9966739569210235,0,0.00033,sector_c
2167.07361111,0.9965280330445373,0,0.00033,sector_c
2167.075,0.9968081956368158,0,0.00033,sector_c
2167.07638889,0.9964089234225251,0,0.00033,sector_c
2167.07777778,0.9964787481339978,0,0.00033,sector_c
2167.07916667,0.9967968053097392,0,0.00033,sector_c
2167.08055556,0.9966990398473297,0,0.00033,sector_c
2167.08194444,0.997218897321223,0,0.00033,sector_c
2167.08333333,0.9970612347046993,0,0.00033,sector_c
2167.08472222,0.9969756322193312,0,0.00033,sector_c
2167.08611111,0.9964778518285713,0,0.00033,sector_c
2167.0875,0.9971996325270317,0,0.00033,sector_c
2167.08888889,0.9967371076769774,0,0.00033,sector_c
2167.09027778,0.997073607625077,0,0.00033,sector_c
2167.09166667,0.9971502536284094,0,0.00033,sector_c
2167.09305556,0.9970802507476492,0,0.00033,sector_c
2167.09444444,0.9973954336893537,0,0.00033,sector_c
2167.09583333,0.9970241584325162,0,0.00033,sector_c
2167.09722222,0.9964685580617212,0,0.00033,sector_c
2167.09861111,0.9971930990158068,0,0.00033,sector_c
2167.1,0.9973231498551967,0,0.00033,sector_c
2167.10138889,0.9972114283723557,0,0.00033,sector_c
2167.10277778,0.9976009106682356,0,0.00033,sector_c
2167.10416667,0.9971437415329848,0,0.00033,sector_c
2167.10555556,0.9971763396686811,0,0.00033,sector_c
2167.10694444,0.9969488579229666,0,0.00033,sector_c
2167.10833333,0.9968807038393025,0,0.00033,sector_c
2167.10972222,0.9971352592305436,0,0.00033,sector_c
2167.11111111,0.9968586826051321,0,0.00033,sector_c
2167.1125,0.9967449347310189,0,0.00033,sector_c
2167.11388889,0.996935485980968,0,0.00033,sector_c
2167.11527778,0.9970876273858204,0,0.00033,sector_c
2167.11666667,0.9969586072478195,0,0.00033,sector_c
2167.11805556,0.9972701051312297,0,0.00033,sector_c
2167.11944444,0.996958519994144,0,0.00033,sector_c
2167.12083333,0.9971672780255315,0,0.00033,sector_c
2167.12222222,0.9972689565537216,0,0.00033,sector_c
2167.12361111,0.9973446607876545,0,0.00033,sector_c
2167.125,0.9971603644878466,0,0.00033,sector_c
2167.12638889,0.997060718224145,0,0.00033,sector_c
2167.12777778,0.9971298004456121,0,0.00033,sector_c
2167.12916667,0.9972212400909812,0,0.00033,sector_c
2167.13055556,0.9968591273445682,0,0.00033,sector_c
2167.13194444,0.997249012971533,0,0.00033,sector_c
2167.13333333,0.9974568581703386,0,0.00033,sector_c
2167.13472222,0.9968299676800919,0,0.00033,sector_c
2167.13611111,0.9968341102859345,0,0.00033,sector_c
2167.1375,0.9971380177788948,0,0.00033,sector_c
2167.13888889,0.997456637806456,0,0.00033,sector_c
2167.14027778,0.9976739035096792,0,0.00033,sector_c
2167.14166667,0.9966113915280169,0,0.00033,sector_c
2167.14305556,0.9976543407308913,0,0.00033,sector_c
2167.14444444,0.9971006155273309,0,0.00033,sector_c
2167.14583333,0.9976462020091804,0,0.00033,sector_c
2167.14722222,0.9971687694934598,0,0.00033,sector_c
2167.14861111,0.9972919548460962,0,0.00033,sector_c
2167.15,0.9975334666462102,0,0.00033,sector_c
2167.15138889,0.9976197599021934,0,0.00033,sector_c
2167.15277778,0.9973671857319708,0,0.00033,sector_c
2167.15416667,0.9971958721067141,0,0.00033,sector_c
2167.15555556,0.9974870138747651,0,0.00033,sector_c
2167.15694444,0.9972475710355132,0,0.00033,sector_c
2167.15833333,0.9973874892782593,0,0.00033,sector_c
2167.15972222,0.9972497702043797,0,0.00033,sector_c
2167.16111111,0.9974707950420346,0,0.00033,sector_c
2167.1625,0.9971411726635171,0,0.00033,sector_c
2167.16388889,0.9973959415975877,0,0.00033,sector_c
2167.16527778,0.9972652638668101,0,0.00033,sector_c
2167.16666667,0.997601319168287,0,0.00033,sector_c
2167.16805556,0.9975488296388251,0,0.00033,sector_c
2167.16944444,0.9978495716430873,0,0.00033,sector_c
2167.17083333,0.9970703854378776,0,0.00033,sector_c
2167.17222222,0.9973360332027638,0,0.00033,sector_c
2167.17361111,0.9975850890901373,0,0.00033,sector_c
2167.175,0.9972885205023019,0,0.00033,sector_c
2167.17638889,0.9978642063037653,0,0.00033,sector_c
2167.17777778,0.9971622206506037,0,0.00033,sector_c
2167.17916667,0.9973613379036359,0,0.00033,sector_c
2167.18055556,0.9975693205282355,0,0.00033,sector_c
2167.18194444,0.9973184046726381,0,0.00033,sector_c
2167.18333333,0.9980410152057666,0,0.00033,sector_c
2167.18472222,0.9976562463993385,0,0.00033,sector_c
2167.18611111,0.9976395196657897,0,0.00033,sector_c
2167.1875,0.9977833705197051,0,0.00033,sector_c
2167.18888889,0.9973219368323046,0,0.00033,sector_c
2167.19027778,0.9980253695582347,0,0.00033,sector_c
2167.19166667,0.997230410348803,0,0.00033,sector_c
2167.19305556,0.9980489295525764,0,0.00033,sector_c
2167.19444444,0.9978351064792417,0,0.00033,sector_c
2167.19583333,0.9978965196617874,0,0.00033,sector_c
2167.19722222,0.9974071855921559,0,0.00033,sector_c
2167.19861111,0.9979689488802148,0,0.00033,sector_c
2167.2,0.9981078013189342,0,0.00033,sector_c
2167.20138889,0.9978371758493967,0,0.00033,sector_c
2167.20277778,0.9978323601598844,0,0.00033,sector_c
2167.20416667,0.9976278023886986,0,0.00033,sector_c
2167.20555556,0.9978386349646989,0,0.00033,sector_c
2167.20694444,0.9976240033282557,0,0.00033,sector_c
2167.20833333,0.9977869958887803,0,0.00033,sector_c
2167.20972222,0.9973829937333714,0,0.00033,sector_c
2167.21111111,0.9978826415382686,0,0.00033,sector_c
2167.2125,0.997854054223988,0,0.00033,sector_c
2167.21388889,0.9978937379879657,0,0.00033,sector_c
2167.21527778,0.9982693361815983,0,0.00033,sector_c
2167.21666667,0.9978873525477796,0,0.00033,sector_c
2167.21805556,0.9978764212953627,0,0.00033,sector_c
2167.21944444,0.9980451831507834,0,0.00033,sector_c
2167.22083333,0.9981324238003126,0,0.00033,sector_c
2167.22222222,0.9980939710967741,0,0.00033,sector_c
2167.22361111,0.9979638758838992,0,0.00033,sector_c
2167.225,0.9978789978682047,0,0.00033,sector_c
2167.22638889,0.9978422405930087,0,0.00033,sector_c
2167.22777778,0.9975385850255434,0,0.00033,sector_c
2167.22916667,0.997993044731422,0,0.00033,sector_c
2167.23055556,0.9982743662658776,0,0.00033,sector_c
2167.23194444,0.9977855235984201,0,0.00033,sector_c
2167.23333333,0.9977185461027497,0,0.00033,sector_c
2167.23472222,0.9974328206261344,0,0.00033,sector_c
2167.23611111,0.9982232989842105,0,0.00033,sector_c
2167.2375,0.9982917306265978,0,0.00033,sector_c
2167.23888889,0.9975805879716039,0,0.00033,sector_c
2167.24027778,0.9982727317822782,0,0.00033,sector_c
2167.24166667,0.9974737672260648,0,0.00033,sector_c
2167.24305556,0.9977943506296659,0,0.00033,sector_c
2167.24444444,0.9974752628004736,0,0.00033,sector_c
2167.24583333,0.9982705479359454,0,0.00033,sector_c
2167.24722222,0.9982230703911659,0,0.00033,sector_c
2167.24861111,0.9977600600100403,0,0.00033,sector_c
2167.25,0.9980925401905519,0,0.00033,sector_c
2167.25138889,0.9981784580123074,0,0.00033,sector_c
2167.25277778,0.9976369974773203,0,0.00033,sector_c
2167.25416667,0.9981788443884705,0,0.00033,sector_c
2167.25555556,0.9981196665176756,0,0.00033,sector_c
2167.25694444,0.9980027275334507,0,0.00033,sector_c
2167.25833333,0.9978401771175701,0,0.00033,sector_c
2167.25972222,0.9986672040388722,0,0.00033,sector_c
2167.26111111,0.9982925500677763,0,0.00033,sector_c
2167.2625,0.9977802325694616,0,0.00033,sector_c
2167.26388889,0.9980329221075992,0,0.00033,sector_c
2167.26527778,0.9980748991523559,0,0.00033,sector_c
2167.26666667,0.9978040540693283,0,0.00033,sector_c
2167.26805556,0.9982316285647126,0,0.00033,sector_c
2167.26944444,0.9983378978351012,0,0.00033,sector_c
2167.27083333,0.9976497399388097,0,0.00033,sector_c
2167.27222222,0.9976122074476907,0,0.00033,sector_c
2167.27361111,0.9978813075795686,0,0.00033,sector_c
2167.275,0.997967790457785,0,0.00033,sector_c
2167.27638889,0.9981694523484361,0,0.00033,sector_c
2167.27777778,0.9985261832260095,0,0.00033,sector_c
2167.27916667,0.9979865564131741,0,0.00033,sector_c
2167.28055556,0.9983019837736202,0,0.00033,sector_c
2167.28194444,0.9982071975081116,0,0.00033,sector_c
2167.28333333,0.9983055010890145,0,0.00033,sector_c
2167.28472222,0.9978874383954662,0,0.00033,sector_c
2167.28611111,0.9983989227302018,0,0.00033,sector_c
2167.2875,0.9983576837868311,0,0.00033,sector_c
2167.28888889,0.9978848869676795,0,0.00033,sector_c
2167.29027778,0.9983411860345286,0,0.00033,sector_c
2167.29166667,0.9982003320824774,0,0.00033,sector_c
2167.29305556,0.9980464032162795,0,0.00033,sector_c
2167.29444444,0.9982978499157679,0,0.00033,sector_c
2167.29583333,0.9983405369910713,0,0.00033,sector_c
2167.29722222,0.9982741398232159,0,0.00033,sector_c
2167.29861111,0.998272046349706,0,0.00033,sector_c
2167.3,0.9981388047929668,0,0.00033,sector_c
2167.30138889,0.9985320607386641,0,0.00033,sector_c
2167.30277778,0.9984799128602246,0,0.00033,sector_c
2167.30416667,0.9984972496109397,0,0.00033,sector_c
2167.30555556,0.9987104715810853,0,0.00033,sector_c
2167.30694444,0.9984132102983597,0,0.00033,sector_c
2167.30833333,0.9983977367604973,0,0.00033,sector_c
2167.30972222,0.9988498899205456,0,0.00033,sector_c
2167.31111111,0.9980669673510782,0,0.00033,sector_c
2167.3125,0.9978358957305654,0,0.00033,sector_c
2167.31388889,0.9982506108827056,0,0.00033,sector_c
2167.31527778,0.9987227377877689,0,0.00033,sector_c
2167.31666667,0.9986533134447406,0,0.00033,sector_c
2167.31805556,0.9991998516757621,0,0.00033,sector_c
2167.31944444,0.9983562726942118,0,0.00033,sector_c
2167.32083333,0.998069427953688,0,0.00033,sector_c
2167.32222222,0.9985865151575894,0,0.00033,sector_c
2167.32361111,0.998621237998755,0,0.00033,sector_c
2167.325,0.9984997242694367,0,0.00033,sector_c
2167.32638889,0.9986547893433989,0,0.00033,sector_c
2167.32777778,0.9988645362450512,0,0.00033,sector_c
2167.32916667,0.9986722244814198,0,0.00033,sector_c
2167.33055556,0.9986360133102055,0,0.00033,sector_c
2167.33194444,0.9979475914270562,0,0.00033,sector_c
2167.33333333,0.9987149489465984,0,0.00033,sector_c
2167.33472222,0.9991184670201437,0,0.00033,sector_c
2167.33611111,0.998506752192091,0,0.00033,sector_c
2167.3375,0.9986902508930643,0,0.00033,sector_c
2167.33888889,0.9982664474813319,0,0.00033,sector_c
2167.34027778,0.9986578199770002,0,0.00033,sector_c
2167.34166667,0.9987951496345413,0,0.00033,sector_c
2167.34305556,0.9989839246701341,0,0.00033,sector_c
2167.34444444,0.998920329200024,0,0.00033,sector_c
2167.34583333,0.9987116121562756,0,0.00033,sector_c
2167.34722222,0.9987726637309093,0,0.00033,sector_c
2167.34861111,0.998698971419657,0,0.00033,sector_c
2167.35,0.9990633110678971,0,0.00033,sector_c
2167.35138889,0.9988491440654995,0,0.00033,sector_c
2167.35277778,0.9989482196218129,0,0.00033,sector_c
2167.35416667,0.9993176918861206,4096,0.00033,sector_c
2167.35555556,0.999228624816828,0,0.00033,sector_c
2167.35694444,0.9986192212656203,0,0.00033,sector_c
2167.35833333,0.9989884880137769,0,0.00033,sector_c
2167.35972222,0.998670645401228,0,0.00033,sector_c
2167.36111111,0.9991730009762873,0,0.00033,sector_c
2167.3625,0.9989665112446373,0,0.00033,sector_c
2167.36388889,0.9987517314374798,0,0.00033,sector_c
2167.36527778,0.998858675074604,0,0.00033,sector_c
2167.36666667,0.9986528391228555,0,0.00033,sector_c
2167.36805556,0.9991043497757663,0,0.00033,sector_c
2167.36944444,0.9989987153088563,0,0.00033,sector_c
2167.37083333,0.9991752980294425,0,0.00033,sector_c
2167.37222222,0.9989651676729795,0,0.00033,sector_c
2167.37361111,0.9989159458801629,0,0.00033,sector_c
2167.375,0.9991485845314854,0,0.00033,sector_c
2167.37638889,0.9991087755437862,0,0.00033,sector_c
2167.37777778,0.9988794910706436,0,0.00033,sector_c
2167.37916667,0.9989766110310462,0,0.00033,sector_c
2167.38055556,0.9990206779778057,0,0.00033,sector_c
2167.38194444,0.9993705929467097,0,0.00033,sector_c
2167.38333333,0.9995256581488426,0,0.00033,sector_c
2167.38472222,0.9989657251435649,0,0.00033,sector_c
2167.38611111,0.9990466953661407,0,0.00033,sector_c
2167.3875,0.9989779541568946,0,0.00033,sector_c
2167.38888889,0.9990799075570963,0,0.00033,sector_c
2167.39027778,0.9985473274551097,0,0.00033,sector_c
2167.39166667,0.9991612259360565,0,0.00033,sector_c
2167.39305556,0.9989492592518312,0,0.00033,sector_c
2167.39444444,0.9992654683754377,0,0.00033,sector_c
2167.39583333,0.9993724702318529,0,0.00033,sector_c
2167.39722222,0.9995373060340283,0,0.00033,sector_c
2167.39861111,0.9994754863190041,0,0.00033,sector_c
2167.4,0.9984899230741202,0,0.00033,sector_c
2167.40138889,0.9992279902907747,0,0.00033,sector_c
2167.40277778,0.9991243519486059,0,0.00033,sector_c
2167.40416667,0.9990365918636549,0,0.00033,sector_c
2167.40555556,0.9992062657883815,0,0.00033,sector_c
2167.40694444,0.9989434983972818,0,0.00033,sector_c
2167.40833333,0.9993485633783971,0,0.00033,sector_c
2167.40972222,0.9996058508356883,0,0.00033,sector_c
2167.41111111,0.9991935671848771,0,0.00033,sector_c
2167.4125,0.9991478537245111,0,0.00033,sector_c
2167.41388889,0.9992404540690447,0,0.00033,sector_c
2167.41527778,0.9991397223390527,0,0.00033,sector_c
2167.41666667,0.9986762292147722,0,0.00033,sector_c
2167.41805556,0.9991336988215712,0,0.00033,sector_c
2167.41944444,0.9995126813369333,0,0.00033,sector_c
2167.42083333,0.9993935581241982,0,0.00033,sector_c
2167.42222222,0.9993652156288628,0,0.00033,sector_c
2167.42361111,0.999270799070147,0,0.00033,sector_c
2167.425,0.9991160861760994,0,0.00033,sector_c
2167.42638889,0.9992953294580785,0,0.00033,sector_c
2167.42777778,0.9990516143550695,0,0.00033,sector_c
2167.42916667,0.9991740759927361,0,0.00033,sector_c
2167.43055556,0.9994018718373726,0,0.00033,sector_c
2167.43194444,0.9997553374373342,0,0.00033,sector_c
2167.43333333,0.999145674827325,0,0.00033,sector_c
2167.43472222,0.9989824088067616,0,0.00033,sector_c
2167.43611111,0.9994451763212365,0,0.00033,sector_c
2167.4375,0.9993963542787567,0,0.00033,sector_c
2167.43888889,0.9990730775952374,0,0.00033,sector_c
2167.44027778,0.9994668196239465,0,0.00033,sector_c
2167.44166667,0.9993004969989286,0,0.00033,sector_c
2167.44305556,0.9993196914835837,0,0.00033,sector_c
2167.44444444,0.9995723426109979,0,0.00033,sector_c
2167.44583333,0.9990808769201153,0,0.00033,sector_c
2167.44722222,0.9993719466356954,0,0.00033,sector_c
2167.44861111,0.999759237277593,0,0.00033,sector_c
2167.45,0.9996311812514298,0,0.00033,sector_c
2167.45138889,0.9990531001562653,0,0.00033,sector_c
2167.45277778,0.9988098629705285,0,0.00033,sector_c
2167.45416667,0.9995610925005212,0,0.00033,sector_c
2167.45555556,0.9997723031814018,0,0.00033,sector_c
2167.45694444,0.9991492090286079,0,0.00033,sector_c
2167.45833333,0.9998764709471755,0,0.00033,sector_c
2167.45972222,0.9997488920719411,0,0.00033,sector_c
2167.46111111,0.9993592671340142,0,0.00033,sector_c
2167.4625,0.9993435152147292,0,0.00033,sector_c
2167.46388889,0.9993432258093643,0,0.00033,sector_c
2167.46527778,0.9997985740515996,0,0.00033,sector_c
2167.46666667,0.9994694319754827,0,0.00033,sector_c
2167.46805556,0.9996476280178713,0,0.00033,sector_c
2167.46944444,0.999383098750959,0,0.00033,sector_c
2167.47083333,0.9993191370032057,0,0.00033,sector_c
2167.47222222,0.9996379004493274,0,0.00033,sector_c
2167.47361111,0.9997823134793908,0,0.00033,sector_c
2167.475,1.0000386086216508,0,0.00033,sector_c
2167.47638889,0.9994920115807323,0,0.00033,sector_c
2167.47777778,0.9998101982865004,0,0.00033,sector_c
2167.47916667,1.0001116760215718,0,0.00033,sector_c
2167.48055556,1.0004464478324981,0,0.00033,sector_c
2167.48194444,0.9995835695194475,0,0.00033,sector_c
2167.48333333,0.9996556270259511,0,0.00033,sector_c
2167.48472222,0.9991448719231455,0,0.00033,sector_c
2167.48611111,0.999787246116862,0,0.00033,sector_c
2167.4875,0.9999133064860051,0,0.00033,sector_c
2167.48888889,0.9997855046265662,0,0.00033,sector_c
2167.49027778,0.9997644285687151,0,0.00033,sector_c
2167.49166667,0.9996588900255986,0,0.00033,sector_c
2167.49305556,1.0002036658191256,0,0.00033,sector_c
2167.49444444,1.0003484938050187,0,0.00033,sector_c
2167.49583333,0.9999314342528994,0,0.00033,sector_c
2167.49722222,0.9997211459250667,0,0.00033,sector_c
2167.49861111,0.9999842866934674,0,0.00033,sector_c
2167.5,1.0001764479073951,0,0.00033,sector_c
2167.50138889,0.9997420335718723,0,0.00033,sector_c
2167.50277778,1.000048768745193,0,0.00033,sector_c
2167.50416667,0.9998852855651609,0,0.00033,sector_c
2167.50555556,0.9999362900543505,0,0.00033,sector_c
2167.50694444,0.999702598151294,0,0.00033,sector_c
2167.50833333,1.000088980717034,0,0.00033,sector_c
2167.50972222,1.0005703211829842,0,0.00033,sector_c
2167.51111111,0.9998914725725275,0,0.00033,sector_c
2167.5125,1.0005917867602174,0,0.00033,sector_c
2167.51388889,0.9998401629177717,0,0.00033,sector_c
2167.51527778,1.0000898942232184,0,0.00033,sector_c
2167.51666667,0.9999115549055368,0,0.00033,sector_c
2167.51805556,0.9999887511982622,0,0.00033,sector_c
2167.51944444,1.000303600536867,0,0.00033,sector_c
2167.52083333,1.0004638227276736,0,0.00033,sector_c
2167.52222222,1.0001587533830762,0,0.00033,sector_c
2167.52361111,0.9999016686226343,0,0.00033,sector_c
2167.525,0.9997325404045588,0,0.00033,sector_c
2167.52638889,0.9995890861390174,0,0.00033,sector_c
2167.52777778,1.000184577940326,0,0.00033,sector_c
2167.52916667,1.000016866553512,0,0.00033,sector_c
2167.53055556,1.0002676960527168,0,0.00033,sector_c
2167.53194444,1.0005472241573137,0,0.00033,sector_c
2167.53333333,1.0002190115077303,0,0.00033,sector_c
2167.53472222,1.0004509742148358,0,0.00033,sector_c
2167.53611111,1.0000322120467933,0,0.00033,sector_c
2167.5375,1.000255204411684,0,0.00033,sector_c
2167.53888889,1.0000926296713761,0,0.00033,sector_c
2167.54027778,1.0008913857140325,0,0.00033,sector_c
2167.54166667,1.0002270155286328,0,0.00033,sector_c
2167.54305556,1.000299116374121,0,0.00033,sector_c
2167.54444444,1.0005831645883527,0,0.00033,sector_c
2167.54583333,1.0003423998486418,0,0.00033,sector_c
2167.54722222,1.0005114040536556,0,0.00033,sector_c
2167.54861111,1.0009293465072342,0,0.00033,sector_c
2167.55,1.0001422171923293,0,0.00033,sector_c
2167.55138889,0.9999576823713977,0,0.00033,sector_c
2167.55277778,1.0004186981802288,0,0.00033,sector_c
2167.55416667,1.000404018075396,0,0.00033,sector_c
2167.55555556,0.999982694859606,0,0.00033,sector_c
2167.55694444,1.0006627018878034,0,0.00033,sector_c
2167.55833333,1.0002927013909395,0,0.00033,sector_c
2167.55972222,1.0007759180220315,0,0.00033,sector_c
2167.56111111,1.0002161490610508,0,0.00033,sector_c
2167.5625,1.0000294572121238,0,0.00033,sector_c
2167.56388889,1.0001025219592368,0,0.00033,sector_c
2167.56527778,1.0000772584195148,0,0.00033,sector_c
2167.56666667,1.000038721142812,0,0.00033,sector_c
2167.56805556,1.0000127502761758,0,0.00033,sector_c
2167.56944444,1.0007565291013047,0,0.00033,sector_c
2167.57083333,1.000444659999444,0,0.00033,sector_c
2167.57222222,1.000360722912589,0,0.00033,sector_c
2167.57361111,1.000546876879423,0,0.00033,sector_c
2167.575,1.000349606208985,0,0.00033,sector_c
2167.57638889,1.0007269812495596,0,0.00033,sector_c
2167.57777778,1.0003442433334,0,0.00033,sector_c
2167.57916667,1.0008561608069038,0,0.00033,sector_c
2167.58055556,1.00007594261829,0,0.00033,sector_c
2167.58194444,1.0002364569798554,0,0.00033,sector_c
2167.58333333,1.0001718085061728,0,0.00033,sector_c
2167.58472222,1.0003195239922937,0,0.00033,sector_c
2167.58611111,1.0003431817683754,0,0.00033,sector_c
2167.5875,1.0005288980109135,0,0.00033,sector_c
2167.58888889,1.0007236648168607,0,0.00033,sector_c
2167.59027778,1.000560863667063,0,0.00033,sector_c
2167.59166667,1.0005862174896434,0,0.00033,sector_c
2167.59305556,1.0002482830549948,0,0.00033,sector_c
2167.59444444,1.0001172598642045,0,0.00033,sector_c
2167.59583333,1.0011820019690056,0,0.00033,sector_c
2167.59722222,1.000449344358628,0,0.00033,sector_c
2167.59861111,1.0002103322176819,0,0.00033,sector_c
2167.6,1.000478376758109,0,0.00033,sector_c
2167.60138889,1.0011644983680807,0,0.00033,sector_c
2167.60277778,1.0008067764751702,0,0.00033,sector_c
2167.60416667,1.0007984060851542,0,0.00033,sector_c
2167.60555556,1.0009321388191565,0,0.00033,sector_c
2167.60694444,1.0003556053017773,0,0.00033,sector_c
2167.60833333,1.0003286032912526,0,0.00033,sector_c
2167.60972222,1.0010358350093695,0,0.00033,sector_c
2167.61111111,1.0004654639607045,0,0.00033,sector_c
2167.6125,1.0006596429241392,0,0.00033,sector_c
2167.61388889,1.0009451781770597,0,0.00033,sector_c
2167.61527778,1.0011847255399995,0,0.00033,sector_c
2167.61666667,1.000962930529899,0,0.00033,sector_c
2167.61805556,1.0007193244167576,0,0.00033,sector_c
2167.61944444,1.001183557719404,0,0.00033,sector_c
2167.62083333,1.00109091219872,0,0.00033,sector_c
2167.62222222,1.0007429897900375,0,0.00033,sector_c
2167.62361111,1.001206005229706,0,0.00033,sector_c
2167.625,1.0012007910094438,0,0.00033,sector_c
2167.62638889,1.0004909153728052,0,0.00033,sector_c
2167.62777778,1.0012102288408937,0,0.00033,sector_c
2167.62916667,1.000497430114408,0,0.00033,sector_c
2167.63055556,1.000887520659053,0,0.00033,sector_c
2167.63194444,1.0012898422045806,0,0.00033,sector_c
2167.63333333,1.0011559181402072,0,0.00033,sector_c
2167.63472222,1.0009159535969725,0,0.00033,sector_c
2167.63611111,1.0004394300871045,0,0.00033,sector_c
2167.6375,1.000643030612062,0,0.00033,sector_c
2167.63888889,1.0008767748988623,0,0.00033,sector_c
2167.64027778,1.0009754442207721,0,0.00033,sector_c
2167.64166667,1.0008404130195812,0,0.00033,sector_c
2167.64305556,1.0007221454669615,0,0.00033,sector_c
2167.64444444,1.0010396662853673,0,0.00033,sector_c
2167.64583333,1.0011265544458257,0,0.00033,sector_c
2167.64722222,1.00055272973409,0,0.00033,sector_c
2167.64861111,1.000664246959958,0,0.00033,sector_c
2167.65,1.0009238611882447,0,0.00033,sector_c
2167.65138889,1.0011398761929085,0,0.00033,sector_c
2167.65277778,1.001099848387263,0,0.00033,sector_c
2167.65416667,1.0012301454882935,0,0.00033,sector_c
2167.65555556,1.0015526938302552,0,0.00033,sector_c
2167.65694444,1.0013062455070028,0,0.00033,sector_c
2167.65833333,1.0008614768411452,0,0.00033,sector_c
2167.65972222,1.0010745721601308,0,0.00033,sector_c
2167.66111111,1.0012935335589854,0,0.00033,sector_c
2167.6625,1.0004916156612558,0,0.00033,sector_c
2167.66388889,1.0016812413245637,0,0.00033,sector_c
2167.66527778,1.001141712273943,0,0.00033,sector_c
2167.66666667,1.0011575612155292,0,0.00033,sector_c
2167.66805556,1.0014319259225908,0,0.00033,sector_c
2167.66944444,1.0008930958102111,0,0.00033,sector_c
2167.67083333,1.0014393797697392,0,0.00033,sector_c
2167.67222222,1.000911268907924,0,0.00033,sector_c
2167.67361111,1.001419881556038,0,0.00033,sector_c
2167.675,1.00061084314663,0,0.00033,sector_c
2167.67638889,1.001028050258571,0,0.00033,sector_c
2167.67777778,1.0009688791729743,0,0.00033,sector_c
2167.67916667,1.0014838224665465,0,0.00033,sector_c
2167.68055556,1.0012124756662273,0,0.00033,sector_c
2167.68194444,1.0013439029636764,0,0.00033,sector_c
2167.68333333,1.0013638454575562,0,0.00033,sector_c
2167.68472222,1.0010333107572043,0,0.00033,sector_c
2167.68611111,1.0012413991523754,0,0.00033,sector_c
2167.6875,1.0010823225304735,0,0.00033,sector_c
2167.68888889,1.0012712919911686,0,0.00033,sector_c
2167.69027778,1.0013518911213577,0,0.00033,sector_c
2167.69166667,1.0011927205923783,0,0.00033,sector_c
2167.69305556,1.0011818762982383,0,0.00033,sector_c
2167.69444444,1.001448709034041,0,0.00033,sector_c
2167.69583333,1.0010453908031969,0,0.00033,sector_c
2167.69722222,1.0011697501328956,0,0.00033,sector_c
2167.69861111,1.0012445122976765,0,0.00033,sector_c
2167.7,1.001189397693454,0,0.00033,sector_c
2167.70138889,1.0016235842020762,0,0.00033,sector_c
2167.70277778,1.0016377260648242,0,0.00033,sector_c
2167.70416667,1.0012430677485724,0,0.00033,sector_c
2167.70555556,1.0013008515297477,0,0.00033,sector_c
2167.70694444,1.0015494349844514,0,0.00033,sector_c
2167.70833333,1.0015848857982415,0,0.00033,sector_c
2167.70972222,1.0013290102722514,0,0.00033,sector_c
2167.71111111,1.00160977154816,0,0.00033,sector_c
2167.7125,1.0013093535108657,0,0.00033,sector_c
2167.71388889,1.0012643050050047,0,0.00033,sector_c
2167.71527778,1.001341582134087,0,0.00033,sector_c
2167.71666667,1.0016179377280576,0,0.00033,sector_c
2167.71805556,1.0012327152350275,0,0.00033,sector_c
2167.71944444,1.001638427997426,0,0.00033,sector_c
2167.72083333,1.0015608383166053,0,0.00033,sector_c
2167.72222222,1.001985845395081,0,0.00033,sector_c
2167.72361111,1.0017645943067919,0,0.00033,sector_c
2167.725,1.0012547855158445,0,0.00033,sector_c
2167.72638889,1.0016681906040725,2048,0.00033,sector_c
2167.72777778,1.0016592477839086,0,0.00033,sector_c
2167.72916667,1.0016018306114856,0,0.00033,sector_c
2167.73055556,1.001556748288351,0,0.00033,sector_c
2167.73194444,1.0013789170944802,0,0.00033,sector_c
2167.73333333,1.0015282478550007,0,0.00033,sector_c
2167.73472222,1.001245754506677,0,0.00033,sector_c
2167.73611111,1.001788210299,0,0.00033,sector_c
2167.7375,1.0017831405590392,0,0.00033,sector_c
2167.73888889,1.0018888133125818,0,0.00033,sector_c
2167.74027778,1.0018764992330855,0,0.00033,sector_c
2167.74166667,1.0020846362917488,0,0.00033,sector_c
2167.74305556,1.0017482332598715,0,0.00033,sector_c
2167.74444444,1.0018790725957578,0,0.00033,sector_c
2167.74583333,1.002167131801146,0,0.00033,sector_c
2167.74722222,1.0013509311426543,0,0.00033,sector_c
2167.74861111,1.0015209305471657,0,0.00033,sector_c
2167.75,1.00208742806333,0,0.00033,sector_c
2167.75138889,1.0016357777265248,0,0.00033,sector_c
2167.75277778,1.002475523081984,0,0.00033,sector_c
2167.75416667,1.0017946421492787,0,0.00033,sector_c
2167.75555556,1.0022792372970817,0,0.00033,sector_c
2167.75694444,1.001750764051877,0,0.00033,sector_c
2167.75833333,1.0012713850498338,0,0.00033,sector_c
2167.75972222,1.0017548440390187,0,0.00033,sector_c
2167.76111111,1.0022729073394883,0,0.00033,sector_c
2167.7625,1.0020319362120416,0,0.00033,sector_c
2167.76388889,1.0014445712957212,0,0.00033,sector_c
2167.76527778,1.0019461832027572,0,0.00033,sector_c
2167.76666667,1.0017352759857323,0,0.00033,sector_c
2167.76805556,1.0015900429827873,0,0.00033,sector_c
2167.76944444,1.0023609335743064,0,0.00033,sector_c
2167.77083333,1.0021104083861054,0,0.00033,sector_c
2167.77222222,1.0024795356347964,0,0.00033,sector_c
2167.77361111,1.0018723733866586,0,0.00033,sector_c
2167.775,1.0017280269270117,0,0.00033,sector_c
2167.77638889,1.00233163569713,0,0.00033,sector_c
2167.77777778,1.0024591498148308,0,0.00033,sector_c
2167.77916667,1.002755438490748,0,0.00033,sector_c
2167.78055556,1.0021385651068457,0,0.00033,sector_c
2167.78194444,1.0019761535019565,0,0.00033,sector_c
2167.78333333,1.0018357821406851,0,0.00033,sector_c
2167.78472222,1.0016945376277744,0,0.00033,sector_c
2167.78611111,1.0014259422785263,0,0.00033,sector_c
2167.7875,1.002225509458546,0,0.00033,sector_c
2167.78888889,1.0020619367947343,0,0.00033,sector_c
2167.79027778,1.0022925890886791,0,0.00033,sector_c
2167.79166667,1.0026402322564267,0,0.00033,sector_c
2167.79305556,1.002002452837599,0,0.00033,sector_c
2167.79444444,1.001623420121937,0,0.00033,sector_c
2167.79583333,1.0020043756210133,0,0.00033,sector_c
2167.79722222,1.0025308767328966,0,0.00033,sector_c
2167.79861111,1.0021832015216317,0,0.00033,sector_c
2167.8,1.0018346343236642,0,0.00033,sector_c
2167.80138889,1.0025938966733232,0,0.00033,sector_c
2167.80277778,1.0018287277904279,0,0.00033,sector_c
2167.80416667,1.0021047559410832,0,0.00033,sector_c
2167.80555556,1.002251922325944,0,0.00033,sector_c
2167.80694444,1.0022378561547778,0,0.00033,sector_c
2167.80833333,1.0022550310662282,0,0.00033,sector_c
2167.80972222,1.00230416515585,0,0.00033,sector_c
2167.81111111,1.0024871237738804,0,0.00033,sector_c
2167.8125,1.002565799168418,0,0.00033,sector_c
2167.81388889,1.0019815630883944,0,0.00033,sector_c
2167.81527778,1.0023580881726057,0,0.00033,sector_c
2167.81666667,1.0021778609319496,0,0.00033,sector_c
2167.81805556,1.002118570862011,2048,0.00033,sector_c
2167.81944444,1.001917312343848,0,0.00033,sector_c
2167.82083333,1.0021375713950933,0,0.00033,sector_c
2167.82222222,1.0020619723611903,0,0.00033,sector_c
2167.82361111,1.0025089522421342,0,0.00033,sector_c
2167.825,1.0020198039488268,0,0.00033,sector_c
2167.82638889,1.0023862563025971,0,0.00033,sector_c
2167.82777778,1.00234169878795,0,0.00033,sector_c
2167.82916667,1.0024740599222082,0,0.00033,sector_c
2167.83055556,1.0027334949793083,0,0.00033,sector_c
2167.83194444,1.0025840907737023,0,0.00033,sector_c
2167.83333333,1.0028352223700603,0,0.00033,sector_c
2167.83472222,1.002681130561942,0,0.00033,sector_c
2167.83611111,1.002014593626678,0,0.00033,sector_c
2167.8375,1.0025895064162924,0,0.00033,sector_c
2167.83888889,1.002039071604648,0,0.00033,sector_c
2167.84027778,1.0023479658889491,0,0.00033,sector_c
2167.84166667,1.0022726148778722,0,0.00033,sector_c
2167.84305556,1.002252507433051,0,0.00033,sector_c
2167.84444444,1.0025126163352462,0,0.00033,sector_c
2167.84583333,1.001960350888112,0,0.00033,sector_c
2167.84722222,1.002303114902889,0,0.00033,sector_c
2167.84861111,1.0023426460244482,0,0.00033,sector_c
2167.85,1.0025763895486537,0,0.00033,sector_c
2167.85138889,1.0025815433545229,0,0.00033,sector_c
2167.85277778,1.0026187826061115,0,0.00033,sector_c
2167.85416667,1.0019758757164066,0,0.00033,sector_c
2167.85555556,1.0023516245173818,0,0.00033,sector_c
2167.85694444,1.0028099235039938,0,0.00033,sector_c
2167.85833333,1.0022834361207575,0,0.00033,sector_c
2167.85972222,1.0026656808490582,0,0.00033,sector_c
2167.86111111,1.0027424228606292,0,0.00033,sector_c
2167.8625,1.0022928355514646,0,0.00033,sector_c
2167.86388889,1.0026598271646983,0,0.00033,sector_c
2167.86527778,1.002528989565315,0,0.00033,sector_c
2167.86666667,1.0029557443411958,0,0.00033,sector_c
2167.86805556,1.0029022458912493,0,0.00033,sector_c
2167.86944444,1.0023221766008126,0,0.00033,sector_c
2167.87083333,1.002593312259858,0,0.00033,sector_c
2167.87222222,1.0028239943984787,0,0.00033,sector_c
2167.87361111,1.0027257286755082,0,0.00033,sector_c
2167.875,1.0027109974089559,0,0.00033,sector_c
2167.87638889,1.0025589116022573,0,0.00033,sector_c
2167.87777778,1.0021490165911109,0,0.00033,sector_c
2167.87916667,1.002594413764242,0,0.00033,sector_c
2167.88055556,1.002767405902958,0,0.00033,sector_c
2167.88194444,1.0030686323005749,0,0.00033,sector_c
2167.88333333,1.002489264056711,0,0.00033,sector_c
2167.88472222,1.00279660933755,0,0.00033,sector_c
2167.88611111,1.00238388683268,0,0.00033,sector_c
2167.8875,1.0031171174389957,0,0.00033,sector_c
2167.88888889,1.0029840341163123,0,0.00033,sector_c
2167.89027778,1.0026710657371094,0,0.00033,sector_c
2167.89166667,1.002595251037235,0,0.00033,sector_c
2167.89305556,1.0026698737409743,0,0.00033,sector_c
2167.89444444,1.0026477947524592,0,0.00033,sector_c
2167.89583333,1.0032518482529915,0,0.00033,sector_c
2167.89722222,1.002718918241528,0,0.00033,sector_c
2167.89861111,1.0010707344202594,0,0.00033,sector_c
2167.9,1.0019463878624548,0,0.00033,sector_c
2167.90138889,1.0012985557656318,0,0.00033,sector_c
2167.90277778,1.0009886404240502,0,0.00033,sector_c
2167.90416667,1.0013312959827965,0,0.00033,sector_c
2167.90555556,1.0015456540213494,0,0.00033,sector_c
2167.90694444,1.0014140635445024,0,0.00033,sector_c
2167.90833333,1.0015033659632253,0,0.00033,sector_c
2167.90972222,1.001205435474666,0,0.00033,sector_c
2167.91111111,1.0015673588763603,0,0.00033,sector_c
2167.9125,1.0014543303910477,0,0.00033,sector_c
2167.91388889,1.0015356528960635,0,0.00033,sector_c
2167.91527778,1.0015395962110671,0,0.00033,sector_c
2167.91666667,1.0008825230449137,0,0.00033,sector_c
2167.91805556,1.0015833237627172,0,0.00033,sector_c
2167.91944444,1.0013271342016827,0,0.00033,sector_c
2167.92083333,1.001274159455932,0,0.00033,sector_c
2167.92222222,1.0015081770112186,0,0.00033,sector_c
2167.92361111,1.000955898094249,0,0.00033,sector_c
2167.925,1.0014223997135996,0,0.00033,sector_c
2167.92638889,1.0009426039456706,0,0.00033,sector_c
2167.92777778,1.0013243640040255,0,0.00033,sector_c
2167.92916667,1.0015940267036398,0,0.00033,sector_c
2167.93055556,1.0012080954580205,0,0.00033,sector_c
2167.93194444,1.0013178537441254,0,0.00033,sector_c
2167.93333333,1.0015463863061165,0,0.00033,sector_c
2167.93472222,1.0020498522341963,0,0.00033,sector_c
2167.93611111,1.001579594907159,0,0.00033,sector_c
2167.9375,1.0018086950904967,0,0.00033,sector_c
2167.93888889,1.0012589043816267,0,0.00033,sector_c
2167.94027778,1.0015728405715592,0,0.00033,sector_c
2167.94166667,1.0018894507282146,0,0.00033,sector_c
2167.94305556,1.0014361817952142,2048,0.00033,sector_c
2167.94444444,1.0014170997707468,0,0.00033,sector_c
2167.94583333,1.0013916266441223,0,0.00033,sector_c
2167.94722222,1.0019341593193998,0,0.00033,sector_c
2167.94861111,1.0019549093695648,0,0.00033,sector_c
2167.95,1.0011435209466975,0,0.00033,sector_c
2167.95138889,1.0016110680317856,0,0.00033,sector_c
2167.95277778,1.0013481441640486,0,0.00033,sector_c
2167.95416667,1.0017863341387927,0,0.00033,sector_c
2167.95555556,1.0018608778290015,0,0.00033,sector_c
2167.95694444,1.0013142140988045,0,0.00033,sector_c
2167.95833333,1.0017922473283707,0,0.00033,sector_c
2167.95972222,1.001856166836135,0,0.00033,sector_c
2167.96111111,1.0015093585412431,0,0.00033,sector_c
2167.9625,1.001516048880742,0,0.00033,sector_c
2167.96388889,1.0015710709012386,0,0.00033,sector_c
2167.96527778,1.0013193309946076,0,0.00033,sector_c
2167.96666667,1.0020142710570012,0,0.00033,sector_c
2167.96805556,1.001640228097414,0,0.00033,sector_c
2167.96944444,1.0014846705752574,0,0.00033,sector_c
2167.97083333,1.0018879678811818,0,0.00033,sector_c
2167.97222222,1.0014993318898258,0,0.00033,sector_c
2167.97361111,1.0017116572231712,0,0.00033,sector_c
2167.975,1.0014275494274971,0,0.00033,sector_c
2167.97638889,1.001950907948632,0,0.00033,sector_c
2167.97777778,1.0018490041067336,0,0.00033,sector_c
2167.97916667,1.0015886521295776,0,0.00033,sector_c
2167.98055556,1.0013605472454414,0,0.00033,sector_c
2167.98194444,1.0015825369454596,0,0.00033,sector_c
2167.98333333,1.002036472483862,0,0.00033,sector_c
2167.98472222,1.0019442101413412,0,0.00033,sector_c
2167.98611111,1.0019189391675674,0,0.00033,sector_c
2167.9875,1.0014723221589916,0,0.00033,sector_c
2167.98888889,1.0024100975922798,0,0.00033,sector_c
2167.99027778,1.0017739048157401,0,0.00033,sector_c
2167.99166667,1.0017497581723198,0,0.00033,sector_c
2167.99305556,1.0019924476078168,0,0.00033,sector_c
2167.99444444,1.0020908405925275,0,0.00033,sector_c
2167.99583333,1.0022180386410666,0,0.00033,sector_c
2167.99722222,1.002055452059642,0,0.00033,sector_c
2167.99861111,1.001952741809207,0,0.00033,sector_c
2168.0,1.0023345999991968,0,0.00033,sector_c
2168.00138889,1.001472033204624,0,0.00033,sector_c
2168.00277778,1.001369114266575,0,0.00033,sector_c
2168.00416667,1.0023404379323058,0,0.00033,sector_c
2168.00555556,1.0019249782994324,0,0.00033,sector_c
2168.00694444,1.001604471797513,0,0.00033,sector_c
2168.00833333,1.001903931656282,0,0.00033,sector_c
2168.00972222,1.0026272940224046,0,0.00033,sector_c
2168.01111111,1.0020327623926057,0,0.00033,sector_c
2168.0125,1.0017751778590902,0,0.00033,sector_c
2168.01388889,1.0016243463630359,0,0.00033,sector_c
2168.01527778,1.0020088183900666,0,0.00033,sector_c
2168.01666667,1.0028000422521506,0,0.00033,sector_c
2168.01805556,1.0017332645979167,0,0.00033,sector_c
2168.01944444,1.0017557208805776,0,0.00033,sector_c
2168.02083333,1.0023534413210766,0,0.00033,sector_c
2168.02222222,1.001938881234044,0,0.00033,sector_c
2168.02361111,1.0020228868121266,0,0.00033,sector_c
2168.025,1.0021305367910978,0,0.00033,sector_c
2168.02638889,1.0022053219351144,0,0.00033,sector_c
2168.02777778,1.002510373814484,0,0.00033,sector_c
2168.02916667,1.0020080639066904,0,0.00033,sector_c
2168.03055556,1.0023947745714288,0,0.00033,sector_c
2168.03194444,1.0021848365248747,0,0.00033,sector_c
2168.03333333,1.0023047875005728,0,0.00033,sector_c
2168.03472222,1.001833463376508,0,0.00033,sector_c
2168.03611111,1.002362187738377,0,0.00033,sector_c
2168.0375,1.0025279243695688,0,0.00033,sector_c
2168.03888889,1.0017553129095307,0,0.00033,sector_c
2168.04027778,1.0020271595573202,0,0.00033,sector_c
2168.04166667,1.0016822605637405,0,0.00033,sector_c
2168.04305556,1.002226930201319,0,0.00033,sector_c
2168.04444444,1.002256166167312,0,0.00033,sector_c
2168.04583333,1.002049110626446,0,0.00033,sector_c
2168.04722222,1.001634987915415,0,0.00033,sector_c
2168.04861111,1.0017753398813343,0,0.00033,sector_c
2168.05,1.0037729759535028,0,0.00033,sector_c
2168.05138889,1.0036250537634988,0,0.00033,sector_c
2168.05277778,1.0038723762763708,0,0.00033,sector_c
2168.05416667,1.0034253733714764,0,0.00033,sector_c
2168.05555556,1.0037321554063998,0,0.00033,sector_c
2168.05694444,1.003959080135047,0,0.00033,sector_c
2168.05833333,1.0035885339880055,0,0.00033,sector_c
2168.05972222,1.0035306988835166,0,0.00033,sector_c
2168.06111111,1.0041427355436379,0,0.00033,sector_c
2168.0625,1.0039998669996724,0,0.00033,sector_c
2168.06388889,1.0035612401174845,0,0.00033,sector_c
2168.06527778,1.0036890176522941,0,0.00033,sector_c
2168.06666667,1.0036984437613004,0,0.00033,sector_c
2168.06805556,1.003920286885117,0,0.00033,sector_c
2168.06944444,1.0036609849893332,0,0.00033,sector_c
2168.07083333,1.003930853412911,0,0.00033,sector_c
2168.07222222,1.0037630090832057,0,0.00033,sector_c
2168.07361111,1.0039632615929046,0,0.00033,sector_c
2168.075,1.0041739971783417,0,0.00033,sector_c
2168.07638889,1.004177300403543,0,0.00033,sector_c
2168.07777778,1.0038983260704881,0,0.00033,sector_c
2168.07916667,1.0042468185381273,0,0.00033,sector_c
2168.08055556,1.0036260110719781,0,0.00033,sector_c
2168.08194444,1.004004037335624,0,0.00033,sector_c
2168.08333333,1.0039047853286895,0,0.00033,sector_c
2168.08472222,1.0040657324554054,0,0.00033,sector_c
2168.08611111,1.0042211899152427,0,0.00033,sector_c
2168.0875,1.0039849712471776,0,0.00033,sector_c
2168.08888889,1.0041847801548303,0,0.00033,sector_c
2168.09027778,1.0038590646599765,0,0.00033,sector_c
2168.09166667,1.003717141973164,0,0.00033,sector_c
2168.09305556,1.0039937093920657,0,0.00033,sector_c
2168.09444444,1.0040630879460464,0,0.00033,sector_c
2168.09583333,1.0035753338548172,0,0.00033,sector_c
2168.09722222,1.004190051816387,0,0.00033,sector_c
2168.09861111,1.0041347179458653,0,0.00033,sector_c
2168.1,1.0035999940137565,0,0.00033,sector_c
2168.10138889,1.004481949584829,0,0.00033,sector_c
2168.10277778,1.0037066714992307,0,0.00033,sector_c
2168.10416667,1.004439391337207,0,0.00033,sector_c
2168.10555556,1.0041843903504668,0,0.00033,sector_c
2168.10694444,1.0038281330782477,0,0.00033,sector_c
2168.10833333,1.0040292129077764,0,0.00033,sector_c
2168.10972222,1.004165524611293,0,0.00033,sector_c
2168.11111111,1.0042201132028228,0,0.00033,sector_c
2168.1125,1.0040126259271198,0,0.00033,sector_c
2168.11388889,1.0037663747590218,0,0.00033,sector_c
2168.11527778,1.004148858023001,0,0.00033,sector_c
2168.11666667,1.0035772639057028,0,0.00033,sector_c
2168.11805556,1.0042594369321611,0,0.00033,sector_c
2168.11944444,1.0042098619023527,0,0.00033,sector_c
2168.12083333,1.0039353486027112,0,0.00033,sector_c
2168.12222222,1.0038357266199114,0,0.00033,sector_c
2168.12361111,1.0043323842482417,0,0.00033,sector_c
2168.125,1.0044194793871408,0,0.00033,sector_c
2168.12638889,1.0049603171576458,0,0.00033,sector_c
2168.12777778,1.0040900492794294,0,0.00033,sector_c
2168.12916667,1.0037121704671477,0,0.00033,sector_c
2168.13055556,1.004385716602512,0,0.00033,sector_c
2168.13194444,1.004271549019644,0,0.00033,sector_c
2168.13333333,1.00456921733898,0,0.00033,sector_c
2168.13472222,1.0040510703142689,0,0.00033,sector_c
2168.13611111,1.0043963282630308,0,0.00033,sector_c
2168.1375,1.0046138909842313,0,0.00033,sector_c
2168.13888889,1.0043308824655495,0,0.00033,sector_c
2168.14027778,1.0043092190272087,0,0.00033,sector_c
2168.14166667,1.004128221411107,0,0.00033,sector_c
2168.14305556,1.004886432739846,0,0.00033,sector_c
2168.14444444,1.0042526699711465,0,0.00033,sector_c
2168.14583333,1.00382107571164,0,0.00033,sector_c
2168.14722222,1.0048142239361186,0,0.00033,sector_c
2168.14861111,1.004465441082608,0,0.00033,sector_c
2168.15,1.0043698787149256,0,0.00033,sector_c
2168.15138889,1.0046057150711307,0,0.00033,sector_c
2168.15277778,1.0040600563159086,0,0.00033,sector_c
2168.15416667,1.0041074323520833,0,0.00033,sector_c
2168.15555556,1.0046151549056712,0,0.00033,sector_c
2168.15694444,1.0040255648645908,0,0.00033,sector_c
2168.15833333,1.0044799314028519,0,0.00033,sector_c
2168.15972222,1.0047051304220493,0,0.00033,sector_c
2168.16111111,1.0042310837737982,0,0.00033,sector_c
2168.1625,1.0040765881574993,0,0.00033,sector_c
2168.16388889,1.004289267276815,0,0.00033,sector_c
2168.16527778,1.0041441498349992,0,0.00033,sector_c
2168.16666667,1.0044465248965666,0,0.00033,sector_c
2168.16805556,1.0047487656727334,0,0.00033,sector_c
2168.16944444,1.0040687362561527,0,0.00033,sector_c
2168.17083333,1.004296925468703,0,0.00033,sector_c
2168.17222222,1.0044830235141105,0,0.00033,sector_c
2168.17361111,1.0045682026441451,0,0.00033,sector_c
2168.175,1.003925881584781,0,0.00033,sector_c
2168.17638889,1.0036629423552281,0,0.00033,sector_c
2168.17777778,1.0045044537782206,0,0.00033,sector_c
2168.17916667,1.0047471785795972,0,0.00033,sector_c
2168.18055556,1.0042907812339645,0,0.00033,sector_c
2168.18194444,1.0047829624314926,0,0.00033,sector_c
2168.18333333,1.0045160437120173,0,0.00033,sector_c
2168.18472222,1.0042756350273585,0,0.00033,sector_c
2168.18611111,1.00440226810071,0,0.00033,sector_c
2168.1875,1.0044374790769912,4096,0.00033,sector_c
2168.18888889,1.004654165926779,0,0.00033,sector_c
2168.19027778,1.004517532826698,0,0.00033,sector_c
2168.19166667,1.0043157484197545,0,0.00033,sector_c
2168.19305556,1.0048497482494818,0,0.00033,sector_c
2168.19444444,1.0041239139517857,0,0.00033,sector_c
2168.19583333,1.0048307249119874,0,0.00033,sector_c
2168.19722222,1.0047306831091276,0,0.00033,sector_c
2168.19861111,1.0042878029243063,0,0.00033,sector_c
2168.2,1.005009751730523,0,0.00033,sector_c
2168.20138889,1.0041479259389159,0,0.00033,sector_c
2168.20277778,1.00457915215065,0,0.00033,sector_c
2168.20416667,1.0046846424908842,0,0.00033,sector_c
2168.20555556,1.004752712686917,0,0.00033,sector_c
2168.20694444,1.0043720927370083,0,0.00033,sector_c
2168.20833333,1.0044667693303793,0,0.00033,sector_c
2168.20972222,1.0043097706078892,0,0.00033,sector_c
2168.21111111,1.004541388077002,0,0.00033,sector_c
2168.2125,1.0049154632406563,0,0.00033,sector_c
2168.21388889,1.0045123208345068,0,0.00033,sector_c
2168.21527778,1.0045893485686324,0,0.00033,sector_c
2168.21666667,1.0046041955797786,0,0.00033,sector_c
2168.21805556,1.0048760047661247,0,0.00033,sector_c
2168.21944444,1.0044462186760612,0,0.00033,sector_c
2168.22083333,1.0045872029432263,0,0.00033,sector_c
2168.22222222,1.0045749320989124,0,0.00033,sector_c
2168.22361111,1.0044418117551415,0,0.00033,sector_c
2168.225,1.0048118628158362,0,0.00033,sector_c
2168.22638889,1.0047548701391884,0,0.00033,sector_c
2168.22777778,1.0046844872411385,0,0.00033,sector_c
2168.22916667,1.0042594748876863,0,0.00033,sector_c
2168.23055556,1.0045088205216972,0,0.00033,sector_c
2168.23194444,1.0049286903987629,0,0.00033,sector_c
2168.23333333,1.0047163395258218,0,0.00033,sector_c
2168.23472222,1.0042552114030023,0,0.00033,sector_c
2168.23611111,1.0044927180056873,0,0.00033,sector_c
2168.2375,1.0047900169079478,0,0.00033,sector_c
2168.23888889,1.0037399296942402,0,0.00033,sector_c
2168.24027778,1.0046148446778913,0,0.00033,sector_c
2168.24166667,1.0045725923433646,0,0.00033,sector_c
2168.24305556,1.004623727428528,0,0.00033,sector_c
2168.24444444,1.004435125415422,0,0.00033,sector_c
2168.24583333,1.0048735903309982,0,0.00033,sector_c
2168.24722222,1.0051740854726603,0,0.00033,sector_c
2168.24861111,1.0046430549218626,0,0.00033,sector_c
2168.25,1.0043298591230305,0,0.00033,sector_c
2168.25138889,1.0044327923189695,0,0.00033,sector_c
2168.25277778,1.0041033127891856,0,0.00033,sector_c
2168.25416667,1.004717898315504,0,0.00033,sector_c
2168.25555556,1.0046359464508325,0,0.00033,sector_c
2168.25694444,1.0049268687917454,0,0.00033,sector_c
2168.25833333,1.0049399062637616,0,0.00033,sector_c
2168.25972222,1.004949289277366,0,0.00033,sector_c
2168.26111111,1.004459217199126,0,0.00033,sector_c
2168.2625,1.004898087964113,0,0.00033,sector_c
2168.26388889,1.0050304609587821,0,0.00033,sector_c
2168.26527778,1.0040751529641172,0,0.00033,sector_c
2168.26666667,1.0046988264713583,0,0.00033,sector_c
2168.26805556,1.0050908775884877,0,0.00033,sector_c
2168.26944444,1.0047915929914313,0,0.00033,sector_c
2168.27083333,1.0048696193274123,0,0.00033,sector_c
2168.27222222,1.0050009146025307,0,0.00033,sector_c
2168.27361111,1.0052900784530514,0,0.00033,sector_c
2168.275,1.0043914034075514,0,0.00033,sector_c
2168.27638889,1.0044821624278002,0,0.00033,sector_c
2168.27777778,1.0049497957667173,0,0.00033,sector_c
2168.27916667,1.0048209646386503,0,0.00033,sector_c
2168.28055556,1.004844106640568,0,0.00033,sector_c
2168.28194444,1.0049747881747766,0,0.00033,sector_c
2168.28333333,1.0045523684446687,0,0.00033,sector_c
2168.28472222,1.0047235351553037,0,0.00033,sector_c
2168.28611111,1.0047919231258655,0,0.00033,sector_c
2168.2875,1.0046424437546384,0,0.00033,sector_c
2168.28888889,1.0047504957159237,0,0.00033,sector_c
2168.29027778,1.004851873192829,0,0.00033,sector_c
2168.29166667,1.0049848792104692,0,0.00033,sector_c
2168.29305556,1.0047756485802029,0,0.00033,sector_c
2168.29444444,1.0047891096664274,0,0.00033,sector_c
2168.29583333,1.004486102150879,0,0.00033,sector_c
2168.29722222,1.0045531572224964,0,0.00033,sector_c
2168.29861111,1.0049975603774561,0,0.00033,sector_c
2168.3,1.0047882647185769,0,0.00033,sector_c
2168.30138889,1.0047405840056791,0,0.00033,sector_c
2168.30277778,1.0046018108315082,0,0.00033,sector_c
2168.30416667,1.0051616317295402,0,0.00033,sector_c
2168.30555556,1.0051243429179761,0,0.00033,sector_c
2168.30694444,1.0046234148163733,0,0.00033,sector_c
2168.30833333,1.0044387395088534,0,0.00033,sector_c
2168.30972222,1.0047566039767306,0,0.00033,sector_c
2168.31111111,1.0046781829972105,0,0.00033,sector_c
2168.3125,1.0046209701585835,0,0.00033,sector_c
2168.31388889,1.0048980370001779,0,0.00033,sector_c
2168.31527778,1.0046309232762758,0,0.00033,sector_c
2168.31666667,1.0053369165624277,0,0.00033,sector_c
2168.31805556,1.0046565538940468,0,0.00033,sector_c
2168.31944444,1.0048484871718961,0,0.00033,sector_c
2168.32083333,1.0048407729113311,0,0.00033,sector_c
2168.32222222,1.0050923629527524,0,0.00033,sector_c
2168.32361111,1.0046680958129928,0,0.00033,sector_c
2168.325,1.004783319533694,0,0.00033,sector_c
2168.32638889,1.0051545902489423,0,0.00033,sector_c
2168.32777778,1.0047944090296441,0,0.00033,sector_c
2168.32916667,1.0049635453724028,0,0.00033,sector_c
2168.33055556,1.00497656826375,0,0.00033,sector_c
2168.33194444,1.0051513139969321,0,0.00033,sector_c
2168.33333333,1.0047628928030357,0,0.00033,sector_c
2168.33472222,1.0049811200937864,0,0.00033,sector_c
2168.33611111,1.0045894169658285,0,0.00033,sector_c
2168.3375,1.0052359630569798,0,0.00033,sector_c
2168.33888889,1.004903863961864,0,0.00033,sector_c
2168.34027778,1.0047874099386649,0,0.00033,sector_c
2168.34166667,1.0051616830523187,0,0.00033,sector_c
2168.34305556,1.0050326806263832,0,0.00033,sector_c
2168.34444444,1.0049082951212107,0,0.00033,sector_c
2168.34583333,1.0053081300712314,0,0.00033,sector_c
2168.34722222,1.004560505024596,0,0.00033,sector_c
2168.34861111,1.005027695848968,0,0.00033,sector_c
2168.35,1.0050972865885608,0,0.00033,sector_c
2168.35138889,1.0049454950839807,0,0.00033,sector_c
2168.35277778,1.0052262959394418,0,0.00033,sector_c
2168.35416667,1.0051341665329767,0,0.00033,sector_c
2168.35555556,1.004932433136076,0,0.00033,sector_c
2168.35694444,1.0051696772774699,0,0.00033,sector_c
2168.35833333,1.00460910240406,0,0.00033,sector_c
2168.35972222,1.0045186655835088,0,0.00033,sector_c
2168.36111111,1.0050818943483346,0,0.00033,sector_c
2168.3625,1.004496855552971,0,0.00033,sector_c
2168.36388889,1.0046185165582844,0,0.00033,sector_c
2168.36527778,1.0051615583985485,0,0.00033,sector_c
2168.36666667,1.0051257857350142,0,0.00033,sector_c
2168.36805556,1.0049111132762927,0,0.00033,sector_c
2168.36944444,1.0053133257232885,0,0.00033,sector_c
2168.37083333,1.0043083394186716,0,0.00033,sector_c
2168.37222222,1.0052110073825509,0,0.00033,sector_c
2168.37361111,1.0050622718781046,0,0.00033,sector_c
2168.375,1.005145226206651,0,0.00033,sector_c
2168.37638889,1.0051666369046066,0,0.00033,sector_c
2168.37777778,1.0048326076963676,0,0.00033,sector_c
2168.37916667,1.0050503667513886,0,0.00033,sector_c
2168.38055556,1.0047327590234898,0,0.00033,sector_c
2168.38194444,1.0052552991778922,0,0.00033,sector_c
2168.38333333,1.0052332479115786,0,0.00033,sector_c
2168.38472222,1.0053604180306577,0,0.00033,sector_c
2168.38611111,1.005179212048652,0,0.00033,sector_c
2168.3875,1.0046719096622867,0,0.00033,sector_c
2168.38888889,1.00514328634226,0,0.00033,sector_c
2168.39027778,1.0047816142421309,0,0.00033,sector_c
2168.39166667,1.0054018687926627,0,0.00033,sector_c
2168.39305556,1.0048647446405632,0,0.00033,sector_c
2168.39444444,1.0048936888609354,0,0.00033,sector_c
2168.39583333,1.0051807980133556,0,0.00033,sector_c
2168.39722222,1.00485158175787,0,0.00033,sector_c
2168.39861111,1.0051750321193547,0,0.00033,sector_c
2168.4,1.0047900453677954,0,0.00033,sector_c
2168.40138889,1.0044728438171244,0,0.00033,sector_c
2168.40277778,1.0053566800224203,0,0.00033,sector_c
2168.40416667,1.0049497389467306,0,0.00033,sector_c
2168.40555556,1.0052255013012248,0,0.00033,sector_c
2168.40694444,1.005026468028499,0,0.00033,sector_c
2168.40833333,1.005165805171816,0,0.00033,sector_c
2168.40972222,1.0048396541849047,0,0.00033,sector_c
2168.41111111,1.004899678419943,0,0.00033,sector_c
2168.4125,1.0047372681296418,0,0.00033,sector_c
2168.41388889,1.0047075608528453,0,0.00033,sector_c
2168.41527778,1.0051981026344943,0,0.00033,sector_c
2168.41666667,1.0054878451170028,0,0.00033,sector_c
2168.41805556,1.0050451842619008,0,0.00033,sector_c
2168.41944444,1.0054517118565656,0,0.00033,sector_c
2168.42083333,1.00482328667838,0,0.00033,sector_c
2168.42222222,1.0049420412443395,0,0.00033,sector_c
2168.42361111,1.0047251912424615,0,0.00033,sector_c
2168.425,1.0057307057274774,0,0.00033,sector_c
2168.42638889,1.0051361822736764,0,0.00033,sector_c
2168.42777778,1.0053839910826459,0,0.00033,sector_c
2168.42916667,1.005029935891334,0,0.00033,sector_c
2168.43055556,1.0047503403172846,0,0.00033,sector_c
2168.43194444,1.005240019973415,0,0.00033,sector_c
2168.43333333,1.0053976242045926,0,0.00033,sector_c
2168.43472222,1.0052451806969451,0,0.00033,sector_c
2168.43611111,1.0048136999052446,0,0.00033,sector_c
2168.4375,1.005082525275353,0,0.00033,sector_c
2168.43888889,1.0047367109907197,0,0.00033,sector_c
2168.44027778,1.0045119397255249,0,0.00033,sector_c
2168.44166667,1.0055352630180898,0,0.00033,sector_c
2168.44305556,1.0051207115431315,0,0.00033,sector_c
2168.44444444,1.0055396194917314,0,0.00033,sector_c
2168.44583333,1.005497432584605,0,0.00033,sector_c
2168.44722222,1.0052658441962339,0,0.00033,sector_c
2168.44861111,1.0055369054710557,0,0.00033,sector_c
2168.45,1.0051837673512602,0,0.00033,sector_c
2168.45138889,1.0045021050491423,0,0.00033,sector_c
2168.45277778,1.004732951874358,0,0.00033,sector_c
2168.45416667,1.0052406942118164,0,0.00033,sector_c
2168.45555556,1.0052750297181516,0,0.00033,sector_c
2168.45694444,1.0051120377869531,0,0.00033,sector_c
2168.45833333,1.0050522180604806,0,0.00033,sector_c
2168.45972222,1.004911523945566,0,0.00033,sector_c
2168.46111111,1.005465236563254,0,0.00033,sector_c
2168.4625,1.0053577055127878,0,0.00033,sector_c
2168.46388889,1.005578103772493,0,0.00033,sector_c
2168.46527778,1.0054428052757352,0,0.00033,sector_c
2168.46666667,1.0053214770248655,0,0.00033,sector_c
2168.46805556,1.0057879147212274,0,0.00033,sector_c
2168.46944444,1.004998848926746,0,0.00033,sector_c
2168.47083333,1.005153925615442,0,0.00033,sector_c
2168.47222222,1.005444319354781,0,0.00033,sector_c
2168.47361111,1.0050528497865017,0,0.00033,sector_c
2168.475,1.0053556001881414,0,0.00033,sector_c
2168.47638889,1.0050275073210488,0,0.00033,sector_c
2168.47777778,1.005206600780693,0,0.00033,sector_c
2168.47916667,1.0052191911380615,0,0.00033,sector_c
2168.48055556,1.0049117875755462,0,0.00033,sector_c
2168.48194444,1.0048006835388061,0,0.00033,sector_c
2168.48333333,1.004772664128966,0,0.00033,sector_c
2168.48472222,1.0050409007593688,0,0.00033,sector_c
2168.48611111,1.0052368368952536,0,0.00033,sector_c
2168.4875,1.005576864448709,0,0.00033,sector_c
2168.48888889,1.0053858006243501,0,0.00033,sector_c
2168.49027778,1.005030049253907,0,0.00033,sector_c
2168.49166667,1.0050899466828231,0,0.00033,sector_c
2168.49305556,1.0053749919630102,0,0.00033,sector_c
2168.49444444,1.0053252163358897,0,0.00033,sector_c
2168.49583333,1.005267197592718,0,0.00033,sector_c
2168.49722222,1.0053503935098282,0,0.00033,sector_c
2168.49861111,1.0054475650004342,0,0.00033,sector_c
2168.5,1.0049439128563675,0,0.00033,sector_c
2168.50138889,1.0048808632585575,0,0.00033,sector_c
2168.50277778,1.004880113557083,0,0.00033,sector_c
2168.50416667,1.0058239662852992,0,0.00033,sector_c
2168.50555556,1.005473371821123,0,0.00033,sector_c
2168.50694444,1.0045653298673176,0,0.00033,sector_c
2168.50833333,1.0050668711182216,0,0.00033,sector_c
2168.50972222,1.0051403901672258,0,0.00033,sector_c
2168.51111111,1.0048469507041586,0,0.00033,sector_c
2168.5125,1.0048354387888534,0,0.00033,sector_c
2168.51388889,1.0052730987176395,0,0.00033,sector_c
2168.51527778,1.004736686006927,0,0.00033,sector_c
2168.51666667,1.0048914200910188,0,0.00033,sector_c
2168.51805556,1.0050576398423336,0,0.00033,sector_c
2168.51944444,1.0053980696015978,0,0.00033,sector_c
2168.52083333,1.0048710037155524,0,0.00033,sector_c
2168.52222222,1.0053537885986161,0,0.00033,sector_c
2168.52361111,1.005239849879108,0,0.00033,sector_c
2168.525,1.0049172480680701,0,0.00033,sector_c
2168.52638889,1.005119018362278,0,0.00033,sector_c
2168.52777778,1.005179709007517,0,0.00033,sector_c
2168.52916667,1.0051375085891587,0,0.00033,sector_c
2168.53055556,1.0051379742296769,0,0.00033,sector_c
2168.53194444,1.0052017400827302,0,0.00033,sector_c
2168.53333333,1.0052009337436338,0,0.00033,sector_c
2168.53472222,1.0053057602318383,0,0.00033,sector_c
2168.53611111,1.005056924113533,0,0.00033,sector_c
2168.5375,1.0055525344540637,0,0.00033,sector_c
2168.53888889,1.005467050370529,0,0.00033,sector_c
2168.54027778,1.004910271931982,0,0.00033,sector_c
2168.54166667,1.0051442846978829,0,0.00033,sector_c
2168.54305556,1.005470632093236,0,0.00033,sector_c
2168.54444444,1.005344876971809,0,0.00033,sector_c
2168.54583333,1.0054724556773929,0,0.00033,sector_c
2168.54722222,1.0049647479262696,0,0.00033,sector_c
2168.54861111,1.005360091582726,0,0.00033,sector_c
2168.55,1.005055173494913,0,0.00033,sector_c
2168.55138889,1.0047443292534866,0,0.00033,sector_c
2168.55277778,1.0051024897831453,0,0.00033,sector_c
2168.55416667,1.0049653112173296,0,0.00033,sector_c
2168.55555556,1.0052646327061743,0,0.00033,sector_c
2168.55694444,1.0046903688134887,0,0.00033,sector_c
2168.55833333,1.0051806803905068,0,0.00033,sector_c
2168.55972222,1.0050144559995708,0,0.00033,sector_c
2168.56111111,1.0049685328148459,0,0.00033,sector_c
2168.5625,1.005102015309512,0,0.00033,sector_c
2168.56388889,1.0057891364095985,0,0.00033,sector_c
2168.56527778,1.005082660279359,0,0.00033,sector_c
2168.56666667,1.0044753064851801,0,0.00033,sector_c
2168.56805556,1.0051026738389564,0,0.00033,sector_c
2168.56944444,1.0057141964086915,0,0.00033,sector_c
2168.57083333,1.005135937950067,0,0.00033,sector_c
2168.57222222,1.0053954104906302,0,0.00033,sector_c
2168.57361111,1.0046513024660204,0,0.00033,sector_c
2168.575,1.0053638049450502,0,0.00033,sector_c
2168.57638889,1.0047405053877458,0,0.00033,sector_c
2168.57777778,1.0046810176692005,0,0.00033,sector_c
2168.57916667,1.004964599617847,0,0.00033,sector_c
2168.58055556,1.004599337412094,0,0.00033,sector_c
2168.58194444,1.0053979911500597,0,0.00033,sector_c
2168.58333333,1.0048751451729925,0,0.00033,sector_c
2168.58472222,1.0050945826514621,0,0.00033,sector_c
2168.58611111,1.0050466088439078,0,0.00033,sector_c
2168.5875,1.0056462050682806,0,0.00033,sector_c
2168.58888889,1.0052732235739212,0,0.00033,sector_c
2168.59027778,1.0052633700299882,0,0.00033,sector_c
2168.59166667,1.0051630092261832,0,0.00033,sector_c
2168.59305556,1.0051154178766397,0,0.00033,sector_c
2168.59444444,1.0052989012102853,0,0.00033,sector_c
2168.59583333,1.004842384650989,0,0.00033,sector_c
2168.59722222,1.0050429443130708,0,0.00033,sector_c
2168.59861111,1.0045241926204589,0,0.00033,sector_c
2168.6,1.0054247321360146,0,0.00033,sector_c
2168.60138889,1.0051461088783595,0,0.00033,sector_c
2168.60277778,1.0054925833836361,0,0.00033,sector_c
2168.60416667,1.0055949965027715,0,0.00033,sector_c
2168.60555556,1.0052268783934595,0,0.00033,sector_c
2168.60694444,1.005718710651949,0,0.00033,sector_c
2168.60833333,1.0054032821935113,0,0.00033,sector_c
2168.60972222,1.0055015715659676,0,0.00033,sector_c
2168.61111111,1.0052139857216127,0,0.00033,sector_c
2168.6125,1.0051055353485887,0,0.00033,sector_c
2168.61388889,1.0056362108036745,0,0.00033,sector_c
2168.61527778,1.0055801161082476,0,0.00033,sector_c
2168.61666667,1.0053332420354075,0,0.00033,sector_c
2168.61805556,1.0056375484779363,0,0.00033,sector_c
2168.61944444,1.004678579695002,0,0.00033,sector_c
2168.62083333,1.0055715832100844,0,0.00033,sector_c
2168.62222222,1.0051300165132047,0,0.00033,sector_c
2168.62361111,1.0058735555783587,0,0.00033,sector_c
2168.625,1.0055281564173766,0,0.00033,sector_c
2168.62638889,1.0049551632073728,0,0.00033,sector_c
2168.62777778,1.0049666549737555,0,0.00033,sector_c
2168.62916667,1.0053709183214676,0,0.00033,sector_c
2168.63055556,1.0051200693546323,0,0.00033,sector_c
2168.63194444,1.0051475055289678,0,0.00033,sector_c
2168.63333333,1.0055377025651906,0,0.00033,sector_c
2168.63472222,1.0054973890236303,0,0.00033,sector_c
2168.63611111,1.0049666732794893,0,0.00033,sector_c
2168.6375,1.0051140349672831,0,0.00033,sector_c
2168.63888889,1.0049867922052047,0,0.00033,sector_c
2168.64027778,1.0054604345119873,0,0.00033,sector_c
2168.64166667,1.0055018415055785,0,0.00033,sector_c
2168.64305556,1.0051980728989642,0,0.00033,sector_c
2168.64444444,1.0050555267767616,0,0.00033,sector_c
2168.64583333,1.0053938843206471,0,0.00033,sector_c
2168.64722222,1.0050623545229416,0,0.00033,sector_c
2168.64861111,1.0050428179354316,0,0.00033,sector_c
2168.65,1.004974860284508,0,0.00033,sector_c
2168.65138889,1.004718285861034,0,0.00033,sector_c
2168.65277778,1.0052125634396294,0,0.00033,sector_c
2168.65416667,1.004898824511155,0,0.00033,sector_c
2168.65555556,1.0053674194733235,0,0.00033,sector_c
2168.65694444,1.005589680433958,0,0.00033,sector_c
2168.65833333,1.0052277650228312,0,0.00033,sector_c
2168.65972222,1.0050512850822784,0,0.00033,sector_c
2168.66111111,1.0050101405182004,0,0.00033,sector_c
2168.6625,1.0047455086512713,0,0.00033,sector_c
2168.66388889,1.0050755365562736,4096,0.00033,sector_c
2168.66527778,1.0052678569833577,0,0.00033,sector_c
2168.66666667,1.0048843063264379,0,0.00033,sector_c
2168.66805556,1.0055860944396866,0,0.00033,sector_c
2168.66944444,1.0053526307861251,0,0.00033,sector_c
2168.67083333,1.0050534406372391,0,0.00033,sector_c
2168.67222222,1.005113123442536,0,0.00033,sector_c
2168.67361111,1.0050909154191379,0,0.00033,sector_c
2168.675,1.0050392645684445,0,0.00033,sector_c
2168.67638889,1.005203606000724,0,0.00033,sector_c
2168.67777778,1.004518459415895,0,0.00033,sector_c
2168.67916667,1.0049617589379474,0,0.00033,sector_c
2168.68055556,1.005219358821783,0,0.00033,sector_c
2168.68194444,1.0051865504113426,0,0.00033,sector_c
2168.68333333,1.0048490848934415,0,0.00033,sector_c
2168.68472222,1.0052213462652346,0,0.00033,sector_c
2168.68611111,1.0051104082970062,0,0.00033,sector_c
2168.6875,1.0048874168738893,0,0.00033,sector_c
2168.68888889,1.0051710731321217,0,0.00033,sector_c
2168.69027778,1.0047405504851792,0,0.00033,sector_c
2168.69166667,1.0047459406530395,0,0.00033,sector_c
2168.69305556,1.0051844966909305,0,0.00033,sector_c
2168.69444444,1.0051827869757892,0,0.00033,sector_c
2168.69583333,1.0051235536831724,0,0.00033,sector_c
2168.69722222,1.0051175580780682,0,0.00033,sector_c
2168.69861111,1.004888084607726,0,0.00033,sector_c
2168.7,1.0049866331711854,0,0.00033,sector_c
2168.70138889,1.005291223031923,0,0.00033,sector_c
2168.70277778,1.0049449304233766,0,0.00033,sector_c
2168.70416667,1.0053695632857393,0,0.00033,sector_c
2168.70555556,1.0053906884174024,0,0.00033,sector_c
2168.70694444,1.0054965534678448,0,0.00033,sector_c
2168.70833333,1.0055903177157826,0,0.00033,sector_c
2168.70972222,1.0052190268674177,0,0.00033,sector_c
2168.71111111,1.005001721362709,0,0.00033,sector_c
2168.7125,1.0049052034537684,0,0.00033,sector_c
2168.71388889,1.0049396027232063,0,0.00033,sector_c
2168.71527778,1.005218415316737,0,0.00033,sector_c
2168.71666667,1.004938267291552,0,0.00033,sector_c
2168.71805556,1.0049299062807049,0,0.00033,sector_c
2168.71944444,1.0048009348760347,0,0.00033,sector_c
2168.72083333,1.005198612312342,0,0.00033,sector_c
2168.72222222,1.0056924781715775,0,0.00033,sector_c
2168.72361111,1.0050231568696024,0,0.00033,sector_c
2168.725,1.0048776771769665,0,0.00033,sector_c
2168.72638889,1.0048991137682335,0,0.00033,sector_c
2168.72777778,1.0049186498387834,0,0.00033,sector_c
2168.72916667,1.0049667923634966,0,0.00033,sector_c
2168.73055556,1.00559365790802,0,0.00033,sector_c
2168.73194444,1.0049020202270575,0,0.00033,sector_c
2168.73333333,1.0053121019409808,0,0.00033,sector_c
2168.73472222,1.0049698532578308,0,0.00033,sector_c
2168.73611111,1.005048392232059,0,0.00033,sector_c
2168.7375,1.0050281934567828,0,0.00033,sector_c
2168.73888889,1.0050995907733404,0,0.00033,sector_c
2168.74027778,1.0047305851589206,0,0.00033,sector_c
2168.74166667,1.0051825390696707,0,0.00033,sector_c
2168.74305556,1.0051531657876251,0,0.00033,sector_c
2168.74444444,1.0051738874077096,0,0.00033,sector_c
2168.74583333,1.004281033973256,0,0.00033,sector_c
2168.74722222,1.004958430382729,0,0.00033,sector_c
2168.74861111,1.0045859822650478,0,0.00033,sector_c
2168.75,1.004844387301221,0,0.00033,sector_c
2168.75138889,1.0045508156599228,0,0.00033,sector_c
2168.75277778,1.0053412569881106,0,0.00033,sector_c
2168.75416667,1.004863440092284,0,0.00033,sector_c
2168.75555556,1.005113342777078,0,0.00033,sector_c
2168.75694444,1.0050270954224263,0,0.00033,sector_c
2168.75833333,1.0045653747591614,0,0.00033,sector_c
2168.75972222,1.004748739283749,0,0.00033,sector_c
2168.76111111,1.0046643241256372,0,0.00033,sector_c
2168.7625,1.0052057593458057,0,0.00033,sector_c
2168.76388889,1.0046843891975992,0,0.00033,sector_c
2168.76527778,1.004890977250293,0,0.00033,sector_c
2168.76666667,1.0052321162937874,0,0.00033,sector_c
2168.76805556,1.004919610663557,0,0.00033,sector_c
2168.76944444,1.0049522182604052,0,0.00033,sector_c
2168.77083333,1.0051206787224085,0,0.00033,sector_c
2168.77222222,1.0050041476542912,0,0.00033,sector_c
2168.77361111,1.0050618818365264,0,0.00033,sector_c
2168.775,1.004865017092387,0,0.00033,sector_c
2168.77638889,1.004599553258524,0,0.00033,sector_c
2168.77777778,1.005385963434869,0,0.00033,sector_c
2168.77916667,1.004833242090119,0,0.00033,sector_c
2168.78055556,1.0046625799307902,0,0.00033,sector_c
2168.78194444,1.0047778737719746,0,0.00033,sector_c
2168.78333333,1.0051205657401383,0,0.00033,sector_c
2168.78472222,1.0048984458033727,0,0.00033,sector_c
2168.78611111,1.0046394478749863,0,0.00033,sector_c
2168.7875,1.004661187711105,0,0.00033,sector_c
2168.78888889,1.0051101473113324,0,0.00033,sector_c
2168.79027778,1.0046563454500541,0,0.00033,sector_c
2168.79166667,1.0051387290459042,0,0.00033,sector_c
2168.79305556,1.004758935774369,0,0.00033,sector_c
2168.79444444,1.0052780316057213,0,0.00033,sector_c
2168.79583333,1.0050712119410568,0,0.00033,sector_c
2168.79722222,1.004472980312397,0,0.00033,sector_c
2168.79861111,1.0046037934939527,0,0.00033,sector_c
2168.8,1.004770627307867,0,0.00033,sector_c
2168.80138889,1.0049440718168525,0,0.00033,sector_c
2168.80277778,1.0051895266816304,0,0.00033,sector_c
2168.80416667,1.0054473942036688,0,0.00033,sector_c
2168.80555556,1.0047997214821958,0,0.00033,sector_c
2168.80694444,1.004166689402163,0,0.00033,sector_c
2168.80833333,1.0048281063364297,0,0.00033,sector_c
2168.80972222,1.0051534318542732,0,0.00033,sector_c
2168.81111111,1.005395270323502,0,0.00033,sector_c
2168.8125,1.0046415023151158,0,0.00033,sector_c
2168.81388889,1.0046835157265557,0,0.00033,sector_c
2168.81527778,1.0048223097758542,0,0.00033,sector_c
2168.81666667,1.0051744653198778,0,0.00033,sector_c
2168.81805556,1.0049698437205452,0,0.00033,sector_c
2168.81944444,1.004698241408577,0,0.00033,sector_c
2168.82083333,1.0046036037026,0,0.00033,sector_c
2168.82222222,1.0048647197936453,0,0.00033,sector_c
2168.82361111,1.004697672458426,0,0.00033,sector_c
2168.825,1.0046742400471111,0,0.00033,sector_c
2168.82638889,1.0045227523044788,0,0.00033,sector_c
2168.82777778,1.0049994286971684,0,0.00033,sector_c
2168.82916667,1.0044430627322598,0,0.00033,sector_c
2168.83055556,1.0050330527973006,0,0.00033,sector_c
2168.83194444,1.0043204947776747,0,0.00033,sector_c
2168.83333333,1.0046122538838653,0,0.00033,sector_c
2168.83472222,1.00507038008103,0,0.00033,sector_c
2168.83611111,1.0051897358432262,0,0.00033,sector_c
2168.8375,1.0052574277272899,0,0.00033,sector_c
2168.83888889,1.0050522783854108,0,0.00033,sector_c
2168.84027778,1.004899976663797,0,0.00033,sector_c
2168.84166667,1.0051070054063924,0,0.00033,sector_c
2168.84305556,1.0046361672241948,0,0.00033,sector_c
2168.84444444,1.0049113024913432,0,0.00033,sector_c
2168.84583333,1.0046645280540325,0,0.00033,sector_c
2168.84722222,1.0046306051506424,0,0.00033,sector_c
2168.84861111,1.0049232443901568,0,0.00033,sector_c
2168.85,1.0046205871242964,0,0.00033,sector_c
2168.85138889,1.0047036333586632,0,0.00033,sector_c
2168.85277778,1.0043267839446055,0,0.00033,sector_c
2168.85416667,1.0044891128446618,0,0.00033,sector_c
2168.85555556,1.0050444092824404,0,0.00033,sector_c
2168.85694444,1.0049116791026742,0,0.00033,sector_c
2168.85833333,1.0043988968759985,0,0.00033,sector_c
2168.85972222,1.0043463297864237,0,0.00033,sector_c
2168.86111111,1.0047483010649274,0,0.00033,sector_c
2168.8625,1.0045568543073884,0,0.00033,sector_c
2168.86388889,1.0047035262052568,0,0.00033,sector_c
2168.86527778,1.004997926430242,0,0.00033,sector_c
2168.86666667,1.004857265631642,0,0.00033,sector_c
2168.86805556,1.0046137426548976,0,0.00033,sector_c
2168.86944444,1.0049520629302002,0,0.00033,sector_c
2168.87083333,1.0043544947538077,0,0.00033,sector_c
2168.87222222,1.004737910628924,0,0.00033,sector_c
2168.87361111,1.0048907301566825,0,0.00033,sector_c
2168.875,1.0042018021140047,0,0.00033,sector_c
2168.87638889,1.0046935576609306,0,0.00033,sector_c
2168.87777778,1.0044207769932072,0,0.00033,sector_c
2168.87916667,1.0044680713522567,0,0.00033,sector_c
2168.88055556,1.0042286597059913,0,0.00033,sector_c
2168.88194444,1.0042589164225748,0,0.00033,sector_c
2168.88333333,1.005157146474244,0,0.00033,sector_c
2168.88472222,1.0048612727705957,0,0.00033,sector_c
2168.88611111,1.0047863179002066,0,0.00033,sector_c
2168.8875,1.0048193634012563,0,0.00033,sector_c
2168.88888889,1.0047248962711912,0,0.00033,sector_c
2168.89027778,1.004480356403727,0,0.00033,sector_c
2168.89166667,1.004538248535492,0,0.00033,sector_c
2168.89305556,1.0045235029086441,0,0.00033,sector_c
2168.89444444,1.0045784487685008,0,0.00033,sector_c
2168.89583333,1.005174299638136,0,0.00033,sector_c
2168.89722222,1.00481212873649,0,0.00033,sector_c
2168.89861111,1.0045543343894154,0,0.00033,sector_c
2168.9,1.0046330010692646,0,0.00033,sector_c
2168.90138889,1.004463168765815,0,0.00033,sector_c
2168.90277778,1.0043940535352138,0,0.00033,sector_c
2168.90416667,1.004442034680221,0,0.00033,sector_c
2168.90555556,1.004860653930601,0,0.00033,sector_c
2168.90694444,1.0046280189477343,0,0.00033,sector_c
2168.90833333,1.0046283126621736,0,0.00033,sector_c
2168.90972222,1.0042558870350353,0,0.00033,sector_c
2168.91111111,1.0042025413743068,0,0.00033,sector_c
2168.9125,1.0048541564060016,0,0.00033,sector_c
2168.91388889,1.0046756176006875,0,0.00033,sector_c
2168.91527778,1.004593181713273,0,0.00033,sector_c
2168.91666667,1.0042438690794167,0,0.00033,sector_c
2168.91805556,1.0044429051162378,0,0.00033,sector_c
2168.91944444,1.0045827222467347,0,0.00033,sector_c
2168.92083333,1.004358029142683,0,0.00033,sector_c
2168.92222222,1.0047515716896018,0,0.00033,sector_c
2168.92361111,1.004944580541454,0,0.00033,sector_c
2168.925,1.0047673343062242,0,0.00033,sector_c
2168.92638889,1.004979077616616,0,0.00033,sector_c
2168.92777778,1.0048001323431033,0,0.00033,sector_c
2168.92916667,1.0044937874382258,0,0.00033,sector_c
2168.93055556,1.004405843198092,0,0.00033,sector_c
2168.93194444,1.0045076215304436,0,0.00033,sector_c
2168.93333333,1.0046623346134702,0,0.00033,sector_c
2168.93472222,1.0043584929222937,0,0.00033,sector_c
2168.93611111,1.0044442042353698,0,0.00033,sector_c
2168.9375,1.004039763300566,0,0.00033,sector_c
2168.93888889,1.0036647241593393,0,0.00033,sector_c
2168.94027778,1.004079023986194,0,0.00033,sector_c
2168.94166667,1.0045709319862,0,0.00033,sector_c
2168.94305556,1.0045602918688166,0,0.00033,sector_c
2168.94444444,1.0042066707600237,0,0.00033,sector_c
2168.94583333,1.0044936027057736,0,0.00033,sector_c
2168.94722222,1.004826907751168,0,0.00033,sector_c
2168.94861111,1.004392943249213,0,0.00033,sector_c
2168.95,1.0045468153703538,0,0.00033,sector_c
2168.95138889,1.0043171868619265,0,0.00033,sector_c
2168.95277778,1.0046202186901303,0,0.00033,sector_c
2168.95416667,1.00408371286358,0,0.00033,sector_c
2168.95555556,1.0044912406150925,0,0.00033,sector_c
2168.95694444,1.0043280267266073,0,0.00033,sector_c
2168.95833333,1.004512093321093,0,0.00033,sector_c
2168.95972222,1.0042840691277706,0,0.00033,sector_c
2168.96111111,1.0041533969662517,0,0.00033,sector_c
2168.9625,1.004472115590601,0,0.00033,sector_c
2168.96388889,1.0042868873746484,0,0.00033,sector_c
2168.96527778,1.0046063354513186,0,0.00033,sector_c
2168.96666667,1.0045382117769686,0,0.00033,sector_c
2168.96805556,1.004248549786129,0,0.00033,sector_c
2168.96944444,1.00431971906522,0,0.00033,sector_c
2168.97083333,1.004580088641652,0,0.00033,sector_c
2168.97222222,1.0042820276933935,0,0.00033,sector_c
2168.97361111,1.0039664765270644,0,0.00033,sector_c
2168.975,1.0040204887728408,0,0.00033,sector_c
2168.97638889,1.0040627929487462,0,0.00033,sector_c
2168.97777778,1.0046360746356144,0,0.00033,sector_c
2168.97916667,1.0042294793611148,0,0.00033,sector_c
2168.98055556,1.0044546496364708,0,0.00033,sector_c
2168.98194444,1.0043673310093775,0,0.00033,sector_c
2168.98333333,1.0045547048808243,0,0.00033,sector_c
2168.98472222,1.003821578628699,0,0.00033,sector_c
2168.98611111,1.0043645884496881,0,0.00033,sector_c
2168.9875,1.0040230144192508,0,0.00033,sector_c
2168.98888889,1.0043195346103064,0,0.00033,sector_c
2168.99027778,1.0044044482255572,0,0.00033,sector_c
2168.99166667,1.0041013229831472,0,0.00033,sector_c
2168.99305556,1.0038446001770607,0,0.00033,sector_c
2168.99444444,1.004285717465252,0,0.00033,sector_c
2168.99583333,1.0041959887200556,0,0.00033,sector_c
2168.99722222,1.004359576349445,0,0.00033,sector_c
2168.99861111,1.0046396882058841,0,0.00033,sector_c
2169.0,1.0043427600465331,0,0.00033,sector_c
2169.00138889,1.0039753271396281,0,0.00033,sector_c
2169.00277778,1.0042035255596473,0,0.00033,sector_c
2169.00416667,1.0041815965800276,0,0.00033,sector_c
2169.00555556,1.003851375323936,0,0.00033,sector_c
2169.00694444,1.0039924140000132,0,0.00033,sector_c
2169.00833333,1.004457095690302,0,0.00033,sector_c
2169.00972222,1.003981612673081,0,0.00033,sector_c
2169.01111111,1.0040703616646351,0,0.00033,sector_c
2169.0125,1.0045023461767575,0,0.00033,sector_c
2169.01388889,1.004408139902011,0,0.00033,sector_c
2169.01527778,1.0041651146788493,0,0.00033,sector_c
2169.01666667,1.003673620194875,0,0.00033,sector_c
2169.01805556,1.0046072610803933,0,0.00033,sector_c
2169.01944444,1.003956814858176,0,0.00033,sector_c
2169.02083333,1.0043345198625413,0,0.00033,sector_c
2169.02222222,1.004191466167966,0,0.00033,sector_c
2169.02361111,1.0039513969062404,0,0.00033,sector_c
2169.025,1.0043537436640655,0,0.00033,sector_c
2169.02638889,1.0041589141280192,0,0.00033,sector_c
2169.02777778,1.0038954090936076,0,0.00033,sector_c
2169.02916667,1.0040204487024416,0,0.00033,sector_c
2169.03055556,1.004215712198901,0,0.00033,sector_c
2169.03194444,1.0035665039746153,0,0.00033,sector_c
2169.03333333,1.0036558166595968,0,0.00033,sector_c
2169.03472222,1.003852219846109,0,0.00033,sector_c
2169.03611111,1.003916248468637,0,0.00033,sector_c
2169.0375,1.0039627041633357,0,0.00033,sector_c
2169.03888889,1.0041620685254367,0,0.00033,sector_c
2169.04027778,1.0041425643723318,0,0.00033,sector_c
2169.04166667,1.0045768705571017,0,0.00033,sector_c
2169.04305556,1.0038400283626372,0,0.00033,sector_c
2169.04444444,1.0040621565908452,0,0.00033,sector_c
2169.04583333,1.0043356251218543,0,0.00033,sector_c
2169.04722222,1.0037647052286538,0,0.00033,sector_c
2169.04861111,1.0039093953871185,0,0.00033,sector_c
2169.05,1.0039836930425416,0,0.00033,sector_c
2169.05138889,1.0039916503369986,0,0.00033,sector_c
2169.05277778,1.0038707196053522,0,0.00033,sector_c
2169.05416667,1.0040108451477652,0,0.00033,sector_c
2169.05555556,1.003970739450472,0,0.00033,sector_c
2169.05694444,1.0045012926992027,0,0.00033,sector_c
2169.05833333,1.0038342154062447,0,0.00033,sector_c
2169.05972222,1.0038463745137858,0,0.00033,sector_c
2169.06111111,1.0042100629437694,0,0.00033,sector_c
2169.0625,1.003893367769817,0,0.00033,sector_c
2169.06388889,1.0043192945113624,0,0.00033,sector_c
2169.06527778,1.0039584176591176,0,0.00033,sector_c
2169.06666667,1.003956017789473,0,0.00033,sector_c
2169.06805556,1.0034764273815373,0,0.00033,sector_c
2169.06944444,1.0036244467058315,0,0.00033,sector_c
2169.07083333,1.0039839768922862,0,0.00033,sector_c
2169.07222222,1.0042075967646444,0,0.00033,sector_c
2169.07361111,1.0038090063633383,0,0.00033,sector_c
2169.075,1.003960177186017,0,0.00033,sector_c
2169.07638889,1.0040857421370724,0,0.00033,sector_c
2169.07777778,1.0039562785012501,0,0.00033,sector_c
2169.07916667,1.0040198840312033,0,0.00033,sector_c
2169.08055556,1.0040025807541566,0,0.00033,sector_c
2169.08194444,1.004137348663,0,0.00033,sector_c
2169.08333333,1.0040368376552165,0,0.00033,sector_c
2169.08472222,1.0036907741934034,0,0.00033,sector_c
2169.08611111,1.0043012828447906,0,0.00033,sector_c
2169.0875,1.004276556602391,0,0.00033,sector_c
2169.08888889,1.0039030454981228,0,0.00033,sector_c
2169.09027778,1.0038662072618623,0,0.00033,sector_c
2169.09166667,1.0043020891732237,0,0.00033,sector_c
2169.09305556,1.0034780792016964,0,0.00033,sector_c
2169.09444444,1.004011900780548,0,0.00033,sector_c
2169.09583333,1.003570219063649,0,0.00033,sector_c
2169.09722222,1.0037116707629798,0,0.00033,sector_c
2169.09861111,1.0037487595576196,0,0.00033,sector_c
2169.1,1.0038231082617168,0,0.00033,sector_c
2169.10138889,1.0040127970521842,0,0.00033,sector_c
2169.10277778,1.0037556742404588,0,0.00033,sector_c
2169.10416667,1.0039165768109426,0,0.00033,sector_c
2169.10555556,1.0035517372814766,0,0.00033,sector_c
2169.10694444,1.0035583626187612,0,0.00033,sector_c
2169.10833333,1.0039784941012477,0,0.00033,sector_c
2169.10972222,1.003925891293402,0,0.00033,sector_c
2169.11111111,1.0036089141089073,0,0.00033,sector_c
2169.1125,1.003770800704156,0,0.00033,sector_c
2169.11388889,1.0035164212614436,0,0.00033,sector_c
2169.11527778,1.004027366978479,0,0.00033,sector_c
2169.11666667,1.0040670031585033,0,0.00033,sector_c
2169.11805556,1.0036722301223167,0,0.00033,sector_c
2169.11944444,1.0036349458116585,0,0.00033,sector_c
2169.12083333,1.003900817963666,0,0.00033,sector_c
2169.12222222,1.0036697844210625,0,0.00033,sector_c
2169.12361111,1.0033703206258284,0,0.00033,sector_c
2169.125,1.0039195572473183,0,0.00033,sector_c
2169.12638889,1.0037867498703135,0,0.00033,sector_c
2169.12777778,1.0035712399456027,0,0.00033,sector_c
2169.12916667,1.00378767884666,0,0.00033,sector_c
2169.13055556,1.0035519121011194,0,0.00033,sector_c
2169.13194444,1.0034818801891532,0,0.00033,sector_c
2169.13333333,1.0039011929252,0,0.00033,sector_c
2169.13472222,1.0035558420026929,0,0.00033,sector_c
2169.13611111,1.0032380506553562,0,0.00033,sector_c
2169.1375,1.003206405062576,0,0.00033,sector_c
2169.13888889,1.003588392482981,0,0.00033,sector_c
2169.14027778,1.0033744384869834,0,0.00033,sector_c
2169.14166667,1.0039694634472272,0,0.00033,sector_c
2169.14305556,1.0034925006741835,0,0.00033,sector_c
2169.14444444,1.0033585972751755,0,0.00033,sector_c
2169.14583333,1.0035694020941854,0,0.00033,sector_c
2169.14722222,1.0032738858059589,0,0.00033,sector_c
2169.14861111,1.0037239745664106,0,0.00033,sector_c
2169.15,1.0038458411458098,0,0.00033,sector_c
2169.15138889,1.003713417556456,0,0.00033,sector_c
2169.15277778,1.004104141108889,0,0.00033,sector_c
2169.15416667,1.0037204887269706,0,0.00033,sector_c
2169.15555556,1.003335928668677,0,0.00033,sector_c
2169.15694444,1.0038084439804469,0,0.00033,sector_c
2169.15833333,1.0034235253615456,0,0.00033,sector_c
2169.15972222,1.0034854634694617,0,0.00033,sector_c
2169.16111111,1.0035629848823213,0,0.00033,sector_c
2169.1625,1.0034289718717377,0,0.00033,sector_c
2169.16388889,1.0032892724011186,0,0.00033,sector_c
2169.16527778,1.0033437149808666,0,0.00033,sector_c
2169.16666667,1.0040345426176494,0,0.00033,sector_c
2169.16805556,1.003347447653846,0,0.00033,sector_c
2169.16944444,1.0031046613689842,0,0.00033,sector_c
2169.17083333,1.0034837944007604,0,0.00033,sector_c
2169.17222222,1.0035817503175406,0,0.00033,sector_c
2169.17361111,1.0033663706262663,0,0.00033,sector_c
2169.175,1.003462879934445,0,0.00033,sector_c
2169.17638889,1.0030301485688873,0,0.00033,sector_c
2169.17777778,1.0035262257697777,0,0.00033,sector_c
2169.17916667,1.0032759909567042,0,0.00033,sector_c
2169.18055556,1.0035304719766391,0,0.00033,sector_c
2169.18194444,1.003588119275378,0,0.00033,sector_c
2169.18333333,1.0037844616234575,0,0.00033,sector_c
2169.18472222,1.0031542570760885,0,0.00033,sector_c
2169.18611111,1.0036457619630077,0,0.00033,sector_c
2169.1875,1.0038942164343656,0,0.00033,sector_c
2169.18888889,1.0033478031437169,0,0.00033,sector_c
2169.19027778,1.0035040369713537,0,0.00033,sector_c
2169.19166667,1.0037430138013295,0,0.00033,sector_c
2169.19305556,1.0033149314587566,0,0.00033,sector_c
2169.19444444,1.0035283072972045,0,0.00033,sector_c
2169.19583333,1.003562450711268,0,0.00033,sector_c
2169.19722222,1.0032985770700424,0,0.00033,sector_c
2169.19861111,1.0030790483965775,0,0.00033,sector_c
2169.2,1.0035371570649563,0,0.00033,sector_c
2169.20138889,1.0034945723906643,0,0.00033,sector_c
2169.20277778,1.003773024392341,0,0.00033,sector_c
2169.20416667,1.0029149045155155,0,0.00033,sector_c
2169.20555556,1.0031829233495155,0,0.00033,sector_c
2169.20694444,1.0032495373652768,0,0.00033,sector_c
2169.20833333,1.0032329060424379,0,0.00033,sector_c
2169.20972222,1.0034500113464964,0,0.00033,sector_c
2169.21111111,1.0029292206565121,0,0.00033,sector_c
2169.2125,1.0035035869705018,0,0.00033,sector_c
2169.21388889,1.0033161902989522,0,0.00033,sector_c
2169.21527778,1.0030126428172905,4096,0.00033,sector_c
2169.21666667,1.0032432809761311,0,0.00033,sector_c
2169.21805556,1.002879961075958,0,0.00033,sector_c
2169.21944444,1.0032989882642995,0,0.00033,sector_c
2169.22083333,1.0027334339428704,0,0.00033,sector_c
2169.22222222,1.0032214512941444,0,0.00033,sector_c
2169.22361111,1.0028562923551954,0,0.00033,sector_c
2169.225,1.003176320725767,0,0.00033,sector_c
2169.22638889,1.0031927868477193,0,0.00033,sector_c
2169.22777778,1.0031531998868977,0,0.00033,sector_c
2169.22916667,1.0031483506758547,0,0.00033,sector_c
2169.23055556,1.0034566388078725,0,0.00033,sector_c
2169.23194444,1.0030336571169258,0,0.00033,sector_c
2169.23333333,1.002851726455912,0,0.00033,sector_c
2169.23472222,1.0030065071695526,0,0.00033,sector_c
2169.23611111,1.002619587450254,0,0.00033,sector_c
2169.2375,1.0027830151452466,0,0.00033,sector_c
2169.23888889,1.002963333226019,0,0.00033,sector_c
2169.24027778,1.003162683036599,0,0.00033,sector_c
2169.24166667,1.0029724641533613,0,0.00033,sector_c
2169.24305556,1.0029013183160589,0,0.00033,sector_c
2169.24444444,1.0031459872032347,0,0.00033,sector_c
2169.24583333,1.0035008170636184,0,0.00033,sector_c
2169.24722222,1.0031020685826657,0,0.00033,sector_c
2169.24861111,1.0026599662333942,0,0.00033,sector_c
2169.25,1.0031304020624285,0,0.00033,sector_c
2169.25138889,1.0029743725385885,0,0.00033,sector_c
2169.25277778,1.0029015060934032,0,0.00033,sector_c
2169.25416667,1.0029926624728815,0,0.00033,sector_c
2169.25555556,1.0031654585103296,0,0.00033,sector_c
2169.25694444,1.0029559747912666,0,0.00033,sector_c
2169.25833333,1.0031839826588658,0,0.00033,sector_c
2169.25972222,1.0027038991095083,0,0.00033,sector_c
2169.26111111,1.002352427572323,0,0.00033,sector_c
2169.2625,1.0032982764522669,0,0.00033,sector_c
2169.26388889,1.0031292871983009,0,0.00033,sector_c
2169.26527778,1.002427392319146,0,0.00033,sector_c
2169.26666667,1.0031741662496698,0,0.00033,sector_c
2169.26805556,1.0029940994978992,0,0.00033,sector_c
2169.26944444,1.0029276008285988,0,0.00033,sector_c
2169.27083333,1.0026495290791644,0,0.00033,sector_c
2169.27222222,1.0032613073310996,0,0.00033,sector_c
2169.27361111,1.0028058702284801,0,0.00033,sector_c
2169.275,1.0032211125657124,0,0.00033,sector_c
2169.27638889,1.0026288789007725,0,0.00033,sector_c
2169.27777778,1.0026222586345521,0,0.00033,sector_c
2169.27916667,1.0030917861380757,0,0.00033,sector_c
2169.28055556,1.0030500277912318,0,0.00033,sector_c
2169.28194444,1.0030343773061912,0,0.00033,sector_c
2169.28333333,1.0031580275371845,0,0.00033,sector_c
2169.28472222,1.003074400875223,0,0.00033,sector_c
2169.28611111,1.0029505358800954,0,0.00033,sector_c
2169.2875,1.0028401269949363,0,0.00033,sector_c
2169.28888889,1.0028632980394134,0,0.00033,sector_c
2169.29027778,1.0025287860117948,0,0.00033,sector_c
2169.29166667,1.0031877122618906,0,0.00033,sector_c
2169.29305556,1.0032539887821394,0,0.00033,sector_c
2169.29444444,1.0027411696755684,0,0.00033,sector_c
2169.29583333,1.0024962794581693,0,0.00033,sector_c
2169.29722222,1.0032110076664769,0,0.00033,sector_c
2169.29861111,1.0024458099146842,0,0.00033,sector_c
2169.3,1.0025276654509951,0,0.00033,sector_c
2169.30138889,1.0024706811712711,0,0.00033,sector_c
2169.30277778,1.0026592776653964,0,0.00033,sector_c
2169.30416667,1.0025273179484147,0,0.00033,sector_c
2169.30555556,1.0028359074700273,0,0.00033,sector_c
2169.30694444,1.0028416878792343,0,0.00033,sector_c
2169.30833333,1.0027723777960684,0,0.00033,sector_c
2169.30972222,1.0026772960599808,0,0.00033,sector_c
2169.31111111,1.0028275861386788,0,0.00033,sector_c
2169.3125,1.0031571575984826,0,0.00033,sector_c
2169.31388889,1.0025063181320997,0,0.00033,sector_c
2169.31527778,1.0027432223379285,0,0.00033,sector_c
2169.31666667,1.0025183055721647,0,0.00033,sector_c
2169.31805556,1.003379256993071,0,0.00033,sector_c
2169.31944444,1.002039899927462,0,0.00033,sector_c
2169.32083333,1.00272786412525,0,0.00033,sector_c
2169.32222222,1.0028335658255942,0,0.00033,sector_c
2169.32361111,1.0026531514397647,0,0.00033,sector_c
2169.325,1.00296198762035,0,0.00033,sector_c
2169.32638889,1.0029825919512598,0,0.00033,sector_c
2169.32777778,1.0027561971271088,0,0.00033,sector_c
2169.32916667,1.0024813555170924,0,0.00033,sector_c
2169.33055556,1.0032264724079578,0,0.00033,sector_c
2169.33194444,1.0021076165961624,0,0.00033,sector_c
2169.33333333,1.0033384735003905,4096,0.00033,sector_c
2169.33472222,1.0027474658314313,0,0.00033,sector_c
2169.33611111,1.0024984960846117,0,0.00033,sector_c
2169.3375,1.0024169352761192,0,0.00033,sector_c
2169.33888889,1.0022439246287693,0,0.00033,sector_c
2169.34027778,1.002633593274202,0,0.00033,sector_c
2169.34166667,1.0026581640594192,0,0.00033,sector_c
2169.34305556,1.0027204195914283,0,0.00033,sector_c
2169.34444444,1.0026607940320889,0,0.00033,sector_c
2169.34583333,1.002332302540251,0,0.00033,sector_c
2169.34722222,1.0027117073734866,0,0.00033,sector_c
2169.34861111,1.0028837751843174,0,0.00033,sector_c
2169.35,1.0026500830131317,0,0.00033,sector_c
2169.35138889,1.001973668587499,0,0.00033,sector_c
2169.35277778,1.002264100665006,0,0.00033,sector_c
2169.35416667,1.002604003050227,0,0.00033,sector_c
2169.35555556,1.0026173682564603,0,0.00033,sector_c
2169.35694444,1.0027577693320824,0,0.00033,sector_c
2169.35833333,1.002342315488326,0,0.00033,sector_c
2169.35972222,1.0026118514031594,0,0.00033,sector_c
2169.36111111,1.0023963711454322,0,0.00033,sector_c
2169.3625,1.0027176139780987,0,0.00033,sector_c
2169.36388889,1.0024960768246018,0,0.00033,sector_c
2169.36527778,1.002369045996224,0,0.00033,sector_c
2169.36666667,1.001984975751783,0,0.00033,sector_c
2169.36805556,1.002472399414625,0,0.00033,sector_c
2169.36944444,1.002064385279668,0,0.00033,sector_c
2169.37083333,1.002271836659247,0,0.00033,sector_c
2169.37222222,1.0022930268089492,0,0.00033,sector_c
2169.37361111,1.0028333593135506,0,0.00033,sector_c
2169.375,1.002470384054172,0,0.00033,sector_c
2169.37638889,1.002094025011577,0,0.00033,sector_c
2169.37777778,1.0027791924724527,0,0.00033,sector_c
2169.37916667,1.0025618059661496,0,0.00033,sector_c
2169.38055556,1.0020867473076245,0,0.00033,sector_c
2169.38194444,1.001898702076526,0,0.00033,sector_c
2169.38333333,1.0023748889966473,0,0.00033,sector_c
2169.38472222,1.00253542181166,0,0.00033,sector_c
2169.38611111,1.0026370220288743,0,0.00033,sector_c
2169.3875,1.001932425095359,0,0.00033,sector_c
2169.38888889,1.002404046510167,0,0.00033,sector_c
2169.39027778,1.0026304102709778,0,0.00033,sector_c
2169.39166667,1.0025809276661717,0,0.00033,sector_c
2169.39305556,1.0026356440639892,0,0.00033,sector_c
2169.39444444,1.0023401501776426,0,0.00033,sector_c
2169.39583333,1.0021581600470089,0,0.00033,sector_c
2169.39722222,1.0024687132302101,0,0.00033,sector_c
2169.39861111,1.0025075583978948,0,0.00033,sector_c
2169.4,1.0020680753150104,0,0.00033,sector_c
2169.40138889,1.0027276839416777,0,0.00033,sector_c
2169.40277778,1.0024772759703493,0,0.00033,sector_c
2169.40416667,1.0020717889139938,0,0.00033,sector_c
2169.40555556,1.00258550019033,0,0.00033,sector_c
2169.40694444,1.0020445104109903,0,0.00033,sector_c
2169.40833333,1.0020479437710779,0,0.00033,sector_c
2169.40972222,1.0026306920043364,0,0.00033,sector_c
2169.41111111,1.0019969318308506,0,0.00033,sector_c
2169.4125,1.0018968809864928,0,0.00033,sector_c
2169.41388889,1.0019395581704478,0,0.00033,sector_c
2169.41527778,1.0022795858922553,0,0.00033,sector_c
2169.41666667,1.0024498667074533,0,0.00033,sector_c
2169.41805556,1.0023875520377723,0,0.00033,sector_c
2169.41944444,1.0017970195928814,0,0.00033,sector_c
2169.42083333,1.0018625569120079,0,0.00033,sector_c
2169.42222222,1.002408066764791,0,0.00033,sector_c
2169.42361111,1.0016135661238317,0,0.00033,sector_c
2169.425,1.0019617256827031,0,0.00033,sector_c
2169.42638889,1.002053538598262,0,0.00033,sector_c
2169.42777778,1.00204119758412,0,0.00033,sector_c
2169.42916667,1.0020572391102938,0,0.00033,sector_c
2169.43055556,1.0020687584795178,0,0.00033,sector_c
2169.43194444,1.0019285306047214,0,0.00033,sector_c
2169.43333333,1.0025489864297323,0,0.00033,sector_c
2169.43472222,1.0019758301987154,0,0.00033,sector_c
2169.43611111,1.002142233740101,0,0.00033,sector_c
2169.4375,1.0023254540741113,0,0.00033,sector_c
2169.43888889,1.002133914546941,0,0.00033,sector_c
2169.44027778,1.0020654303650796,0,0.00033,sector_c
2169.44166667,1.002020817696048,0,0.00033,sector_c
2169.44305556,1.0019781940502255,0,0.00033,sector_c
2169.44444444,1.0022670651827525,0,0.00033,sector_c
2169.44583333,1.0020153336549316,2048,0.00033,sector_c
2169.44722222,1.0018781849958236,0,0.00033,sector_c
2169.44861111,1.0017888145013545,0,0.00033,sector_c
2169.45,1.001799194753854,0,0.00033,sector_c
2169.45138889,1.0020172478246114,0,0.00033,sector_c
2169.45277778,1.0018442685445106,0,0.00033,sector_c
2169.45416667,1.0022951076446542,0,0.00033,sector_c
2169.45555556,1.0018746011481114,0,0.00033,sector_c
2169.45694444,1.001980148870942,0,0.00033,sector_c
2169.45833333,1.0020689407335033,0,0.00033,sector_c
2169.45972222,1.0017156604583866,0,0.00033,sector_c
2169.46111111,1.0021072296175784,0,0.00033,sector_c
2169.4625,1.0017783100201665,0,0.00033,sector_c
2169.46388889,1.0026678110227243,0,0.00033,sector_c
2169.46527778,1.0015124075124073,0,0.00033,sector_c
2169.46666667,1.002305997843941,0,0.00033,sector_c
2169.46805556,1.0018591139123718,0,0.00033,sector_c
2169.46944444,1.0017068437216228,0,0.00033,sector_c
2169.47083333,1.0018714575367063,0,0.00033,sector_c
2169.47222222,1.0019110595129623,0,0.00033,sector_c
2169.47361111,1.0017959887014662,0,0.00033,sector_c
2169.475,1.0017411180201712,0,0.00033,sector_c
2169.47638889,1.002024246562941,0,0.00033,sector_c
2169.47777778,1.0022429640374833,0,0.00033,sector_c
2169.47916667,1.0021483927409043,0,0.00033,sector_c
2169.48055556,1.0017695901101746,0,0.00033,sector_c
2169.48194444,1.001808947890792,0,0.00033,sector_c
2169.48333333,1.002083339740439,0,0.00033,sector_c
2169.48472222,1.00170288335854,0,0.00033,sector_c
2169.48611111,1.0018246909386916,0,0.00033,sector_c
2169.4875,1.0014748167300391,0,0.00033,sector_c
2169.48888889,1.0015819423318202,0,0.00033,sector_c
2169.49027778,1.0021533077716123,0,0.00033,sector_c
2169.49166667,1.0018773496661755,0,0.00033,sector_c
2169.49305556,1.001558694323103,0,0.00033,sector_c
2169.49444444,1.001368500378424,0,0.00033,sector_c
2169.49583333,1.0018175361142458,0,0.00033,sector_c
2169.49722222,1.0016262210969429,0,0.00033,sector_c
2169.49861111,1.001857958153462,0,0.00033,sector_c
2169.5,1.0015784197293829,0,0.00033,sector_c
2169.50138889,1.0017441352661687,0,0.00033,sector_c
2169.50277778,1.0016145118596556,0,0.00033,sector_c
2169.50416667,1.0021081294915197,0,0.00033,sector_c
2169.50555556,1.0016189421213797,0,0.00033,sector_c
2169.50694444,1.001910397382693,0,0.00033,sector_c
2169.50833333,1.0017388557020606,0,0.00033,sector_c
2169.50972222,1.001458221989807,0,0.00033,sector_c
2169.51111111,1.0019945737404763,0,0.00033,sector_c
2169.5125,1.0015561099209926,0,0.00033,sector_c
2169.51388889,1.0017073269298098,0,0.00033,sector_c
2169.51527778,1.0017354726079735,0,0.00033,sector_c
2169.51666667,1.0016176117090487,0,0.00033,sector_c
2169.51805556,1.0013386472751113,0,0.00033,sector_c
2169.51944444,1.0018159566388039,0,0.00033,sector_c
2169.52083333,1.0015975106822481,0,0.00033,sector_c
2169.52222222,1.0020987909450327,0,0.00033,sector_c
2169.52361111,1.0011804411417986,0,0.00033,sector_c
2169.525,1.0013658494177509,0,0.00033,sector_c
2169.52638889,1.0013047501357704,0,0.00033,sector_c
2169.52777778,1.0018931116491736,0,0.00033,sector_c
2169.52916667,1.0017658735636632,0,0.00033,sector_c
2169.53055556,1.0014270828256306,0,0.00033,sector_c
2169.53194444,1.00155040172146,0,0.00033,sector_c
2169.53333333,1.0015835036689054,0,0.00033,sector_c
2169.53472222,1.00133906749224,0,0.00033,sector_c
2169.53611111,1.0019870793695087,0,0.00033,sector_c
2169.5375,1.0016561285438077,0,0.00033,sector_c
2169.53888889,1.0017620392919524,0,0.00033,sector_c
2169.54027778,1.001420167501243,0,0.00033,sector_c
2169.54166667,1.0011807068232912,0,0.00033,sector_c
2169.54305556,1.0010185723849223,0,0.00033,sector_c
2169.54444444,1.0020831994280288,0,0.00033,sector_c
2169.54583333,1.000838655994131,0,0.00033,sector_c
2169.54722222,1.0020279055130077,0,0.00033,sector_c
2169.54861111,1.0016822671854098,0,0.00033,sector_c
2169.55,1.0017824250237355,0,0.00033,sector_c
2169.55138889,1.0009998685852197,0,0.00033,sector_c
2169.55277778,1.0010500807533356,0,0.00033,sector_c
2169.55416667,1.0008424826137312,0,0.00033,sector_c
2169.55555556,1.0007601613129502,0,0.00033,sector_c
2169.55694444,1.001062474404743,0,0.00033,sector_c
2169.55833333,1.0013833764266427,0,0.00033,sector_c
2169.55972222,1.001347675237849,0,0.00033,sector_c
2169.56111111,1.0012408472930054,0,0.00033,sector_c
2169.5625,1.0015367372995698,0,0.00033,sector_c
2169.56388889,1.0017448092794676,0,0.00033,sector_c
2169.56527778,1.0011226349098648,0,0.00033,sector_c
2169.56666667,1.0011183858688668,0,0.00033,sector_c
2169.56805556,1.0014364400192086,0,0.00033,sector_c
2169.56944444,1.00075477850206,0,0.00033,sector_c
2169.57083333,1.0014698501955173,0,0.00033,sector_c
2169.57222222,1.00142100230972,0,0.00033,sector_c
2169.57361111,1.0016665808657739,0,0.00033,sector_c
2169.575,1.0014249782253133,0,0.00033,sector_c
2169.57638889,1.0009767645069905,0,0.00033,sector_c
2169.57777778,1.0011875161706303,0,0.00033,sector_c
2169.57916667,1.001499643879278,0,0.00033,sector_c
2169.58055556,1.0014090815421564,0,0.00033,sector_c
2169.58194444,1.0011809875920634,0,0.00033,sector_c
2169.58333333,1.0013604585854359,0,0.00033,sector_c
2169.58472222,1.0012183073200107,0,0.00033,sector_c
2169.58611111,1.0015067651089025,0,0.00033,sector_c
2169.5875,1.0018817080252769,0,0.00033,sector_c
2169.58888889,1.000574902243305,0,0.00033,sector_c
2169.59027778,1.001326022439258,0,0.00033,sector_c
2169.59166667,1.000904678440421,0,0.00033,sector_c
2169.59305556,1.0013730110485803,0,0.00033,sector_c
2169.59444444,1.0010651796612462,0,0.00033,sector_c
2169.59583333,1.0015704089752502,0,0.00033,sector_c
2169.59722222,1.0014126167712825,0,0.00033,sector_c
2169.59861111,1.0011732882567994,0,0.00033,sector_c
2169.6,1.0013863527714675,0,0.00033,sector_c
2169.60138889,1.0013347179797611,0,0.00033,sector_c
2169.60277778,1.0014124383142051,0,0.00033,sector_c
2169.60416667,1.0012382036471872,0,0.00033,sector_c
2169.60555556,1.0013798047636695,0,0.00033,sector_c
2169.60694444,1.0013537303551459,0,0.00033,sector_c
2169.60833333,1.001792618728773,0,0.00033,sector_c
2169.60972222,1.001489492759252,0,0.00033,sector_c
2169.61111111,1.0013492352753344,0,0.00033,sector_c
2169.6125,1.0011522474209051,0,0.00033,sector_c
2169.61388889,1.0007899171525196,0,0.00033,sector_c
2169.61527778,1.001000150257633,0,0.00033,sector_c
2169.61666667,1.0012559763764768,0,0.00033,sector_c
2169.61805556,1.0012233263292005,0,0.00033,sector_c
2169.61944444,1.0014967511373158,0,0.00033,sector_c
2169.62083333,1.0012720266910218,0,0.00033,sector_c
2169.62222222,1.0008773875231267,0,0.00033,sector_c
2169.62361111,1.0011580347558386,0,0.00033,sector_c
2169.625,1.0009328265475088,0,0.00033,sector_c
2169.62638889,1.00104159644138,0,0.00033,sector_c
2169.62777778,1.000881452601349,0,0.00033,sector_c
2169.62916667,1.001053514107183,0,0.00033,sector_c
2169.63055556,1.0016406002575637,0,0.00033,sector_c
2169.63194444,1.0014150276701752,0,0.00033,sector_c
2169.63333333,1.0004537293016178,0,0.00033,sector_c
2169.63472222,1.0007835752267773,0,0.00033,sector_c
2169.63611111,1.001520464450703,0,0.00033,sector_c
2169.6375,1.0014725568010787,0,0.00033,sector_c
2169.63888889,1.0011329661411297,0,0.00033,sector_c
2169.64027778,1.0011339444838012,0,0.00033,sector_c
2169.64166667,1.0009400365204708,0,0.00033,sector_c
2169.64305556,1.001225089863843,0,0.00033,sector_c
2169.64444444,1.001191862490845,0,0.00033,sector_c
2169.64583333,1.001531490240368,0,0.00033,sector_c
2169.64722222,1.001051016386391,0,0.00033,sector_c
2169.64861111,1.0007348985313327,0,0.00033,sector_c
2169.65,1.0007400468093297,0,0.00033,sector_c
2169.65138889,1.0009869647884497,0,0.00033,sector_c
2169.65277778,1.0012527609836936,0,0.00033,sector_c
2169.65416667,1.0007875244021296,0,0.00033,sector_c
2169.65555556,1.0012066588824318,0,0.00033,sector_c
2169.65694444,1.0009166849642361,0,0.00033,sector_c
2169.65833333,1.0006949163180219,0,0.00033,sector_c
2169.65972222,1.0012356946740903,0,0.00033,sector_c
2169.66111111,1.0008734381219133,0,0.00033,sector_c
2169.6625,1.0011490018217353,0,0.00033,sector_c
2169.66388889,1.0013265770681123,0,0.00033,sector_c
2169.66527778,1.0004779135134274,0,0.00033,sector_c
2169.66666667,1.0014689540398083,0,0.00033,sector_c
2169.66805556,1.0011534375402076,0,0.00033,sector_c
2169.66944444,1.001033189076306,0,0.00033,sector_c
2169.67083333,1.0011384725755055,0,0.00033,sector_c
2169.67222222,1.000952375973978,0,0.00033,sector_c
2169.67361111,1.0007645612970115,0,0.00033,sector_c
2169.675,1.0007274689420886,0,0.00033,sector_c
2169.67638889,1.0009269982832631,0,0.00033,sector_c
2169.67777778,1.0013390916774028,0,0.00033,sector_c
2169.67916667,1.0008580337151098,0,0.00033,sector_c
2169.68055556,1.0009497716448665,0,0.00033,sector_c
2169.68194444,1.0011632301056252,0,0.00033,sector_c
2169.68333333,1.0006523687839692,0,0.00033,sector_c
2169.68472222,1.0007526273318297,0,0.00033,sector_c
2169.68611111,1.0008594329747686,0,0.00033,sector_c
2169.6875,1.0008448565393844,0,0.00033,sector_c
2169.68888889,1.0003291501105582,0,0.00033,sector_c
2169.69027778,1.0010198211465378,0,0.00033,sector_c
2169.69166667,1.0009508558508438,0,0.00033,sector_c
2169.69305556,1.000801645084557,0,0.00033,sector_c
2169.69444444,1.0016241646419268,0,0.00033,sector_c
2169.69583333,1.001061638636456,0,0.00033,sector_c
2169.69722222,1.000812999571638,0,0.00033,sector_c
2169.69861111,1.0006450130003541,0,0.00033,sector_c
2169.7,1.0007858407534975,0,0.00033,sector_c
2169.70138889,1.0007815004031635,0,0.00033,sector_c
2169.70277778,1.0010324939436,0,0.00033,sector_c
2169.70416667,1.0008101369414981,0,0.00033,sector_c
2169.70555556,1.000415929329941,0,0.00033,sector_c
2169.70694444,1.0009099521662952,0,0.00033,sector_c
2169.70833333,1.000528101601921,0,0.00033,sector_c
2169.70972222,1.00099596196163,0,0.00033,sector_c
2169.71111111,1.0003607854419165,0,0.00033,sector_c
2169.7125,1.0009469705436513,0,0.00033,sector_c
2169.71388889,1.0010464705242017,0,0.00033,sector_c
2169.71527778,1.0008195367977406,0,0.00033,sector_c
2169.71666667,1.0004084747695332,0,0.00033,sector_c
2169.71805556,1.0005504902676556,0,0.00033,sector_c
2169.71944444,1.0007595745241487,0,0.00033,sector_c
2169.72083333,1.0012417488311571,0,0.00033,sector_c
2169.72222222,1.0012046902329903,0,0.00033,sector_c
2169.72361111,1.0005659529904054,0,0.00033,sector_c
2169.725,1.0005330107482981,0,0.00033,sector_c
2169.72638889,1.0007728263061773,0,0.00033,sector_c
2169.72777778,1.0007801633127662,0,0.00033,sector_c
2169.72916667,1.0003687530882976,0,0.00033,sector_c
2169.73055556,1.0005172223450336,0,0.00033,sector_c
2169.73194444,1.000329767115533,0,0.00033,sector_c
2169.73333333,1.0007955931381893,0,0.00033,sector_c
2169.73472222,1.00056847618363,0,0.00033,sector_c
2169.73611111,1.000287944711239,0,0.00033,sector_c
2169.7375,1.0006166796787552,0,0.00033,sector_c
2169.73888889,1.0009620271518038,0,0.00033,sector_c
2169.74027778,1.0001590667492644,0,0.00033,sector_c
2169.74166667,1.0006802827659633,4096,0.00033,sector_c
2169.74305556,1.000402357893301,0,0.00033,sector_c
2169.74444444,1.0010876695979831,0,0.00033,sector_c
2169.74583333,1.0005852296059328,0,0.00033,sector_c
2169.74722222,1.0009468154582033,0,0.00033,sector_c
2169.74861111,1.0008431554201307,0,0.00033,sector_c
2169.75,1.0006267629235075,0,0.00033,sector_c
2169.75138889,1.0003548315853825,0,0.00033,sector_c
2169.75277778,1.0004597579846697,0,0.00033,sector_c
2169.75416667,1.000106897038783,0,0.00033,sector_c
2169.75555556,1.000497346218612,0,0.00033,sector_c
2169.75694444,1.0005638834835995,0,0.00033,sector_c
2169.75833333,1.0005461173176533,0,0.00033,sector_c
2169.75972222,1.0008852436299434,0,0.00033,sector_c
2169.76111111,1.0004851367036447,0,0.00033,sector_c
2169.7625,1.000702954105825,0,0.00033,sector_c
2169.76388889,1.0006873168542327,0,0.00033,sector_c
2169.76527778,1.0005397495107953,0,0.00033,sector_c
2169.76666667,1.0005391305891997,0,0.00033,sector_c
2169.76805556,1.0008573176483704,0,0.00033,sector_c
2169.76944444,0.9998485565079388,0,0.00033,sector_c
2169.77083333,0.9999073958247219,0,0.00033,sector_c
2169.77222222,1.0003250911822539,0,0.00033,sector_c
2169.77361111,1.0000954457876547,0,0.00033,sector_c
2169.775,1.0008655571231022,0,0.00033,sector_c
2169.77638889,1.0003494746185708,0,0.00033,sector_c
2169.77777778,1.0004832959962868,0,0.00033,sector_c
2169.77916667,1.0006548922366338,0,0.00033,sector_c
2169.78055556,1.0012614156802793,0,0.00033,sector_c
2169.78194444,1.0010165198821306,0,0.00033,sector_c
2169.78333333,0.9999647078955806,0,0.00033,sector_c
2169.78472222,1.0000452364258332,0,0.00033,sector_c
2169.78611111,1.0003133833828448,0,0.00033,sector_c
2169.7875,1.0001599891087625,0,0.00033,sector_c
2169.78888889,1.0006613835030689,0,0.00033,sector_c
2169.79027778,1.000427274398761,0,0.00033,sector_c
2169.79166667,1.0003340687340678,0,0.00033,sector_c
2169.79305556,0.9999599482306757,0,0.00033,sector_c
2169.79444444,1.0003090763087572,0,0.00033,sector_c
2169.79583333,1.0007995459686159,0,0.00033,sector_c
2169.79722222,1.000384103618867,0,0.00033,sector_c
2169.79861111,1.0003900676541713,0,0.00033,sector_c
2169.8,1.0006362173484762,0,0.00033,sector_c
2169.80138889,1.0002472651944216,0,0.00033,sector_c
2169.80277778,1.0003753151859098,0,0.00033,sector_c
2169.80416667,1.0004532497458,0,0.00033,sector_c
2169.80555556,1.0009455841953487,0,0.00033,sector_c
2169.80694444,1.001230146923763,0,0.00033,sector_c
2169.80833333,1.0004262501572045,0,0.00033,sector_c
2169.80972222,1.0003875060605105,0,0.00033,sector_c
2169.81111111,1.0002293784043632,0,0.00033,sector_c
2169.8125,0.9996867963504685,0,0.00033,sector_c
2169.81388889,1.0004673560669042,0,0.00033,sector_c
2169.81527778,0.9999110507877762,0,0.00033,sector_c
2169.81666667,1.000082095425556,0,0.00033,sector_c
2169.81805556,1.0005673629870553,0,0.00033,sector_c
2169.81944444,1.0005700055661952,0,0.00033,sector_c
2169.82083333,0.9999045706619668,0,0.00033,sector_c
2169.82222222,1.0000611825077015,0,0.00033,sector_c
2169.82361111,1.0001889560353299,0,0.00033,sector_c
2169.825,0.9999750383216601,0,0.00033,sector_c
2169.82638889,1.000447129420744,0,0.00033,sector_c
2169.82777778,0.9999550584133063,0,0.00033,sector_c
2169.82916667,1.0002762013844944,0,0.00033,sector_c
2169.83055556,1.0004541569748588,0,0.00033,sector_c
2169.83194444,1.0002601585185276,0,0.00033,sector_c
2169.83333333,1.0002499122799962,0,0.00033,sector_c
2169.83472222,1.000269621085078,0,0.00033,sector_c
2169.83611111,0.9999620574024365,0,0.00033,sector_c
2169.8375,1.0002797532895311,0,0.00033,sector_c
2169.83888889,1.0002493162349961,0,0.00033,sector_c
2169.84027778,1.0007124560273468,0,0.00033,sector_c
2169.84166667,1.0000898680574246,0,0.00033,sector_c
2169.84305556,0.9998537091021866,0,0.00033,sector_c
2169.84444444,0.9999874860686203,0,0.00033,sector_c
2169.84583333,1.0004756491774511,0,0.00033,sector_c
2169.84722222,1.0002495520721286,0,0.00033,sector_c
2169.84861111,1.0002340762426507,0,0.00033,sector_c
2169.85,1.0001786020269812,0,0.00033,sector_c
2169.85138889,1.0001641121911446,0,0.00033,sector_c
2169.85277778,1.0001755088253155,0,0.00033,sector_c
2169.85416667,0.9999693844790862,0,0.00033,sector_c
2169.85555556,1.0000318908502301,0,0.00033,sector_c
2169.85694444,0.9998107071721624,0,0.00033,sector_c
2169.85833333,1.0002979179670577,0,0.00033,sector_c
2169.85972222,1.000205772047931,0,0.00033,sector_c
2169.86111111,0.9998604788732914,0,0.00033,sector_c
2169.8625,1.0003419863239587,0,0.00033,sector_c
2169.86388889,1.0004108861398224,0,0.00033,sector_c
2169.86527778,1.0000534490808426,0,0.00033,sector_c
2169.86666667,1.000025297719584,0,0.00033,sector_c
2169.86805556,1.00039071181025,0,0.00033,sector_c
2169.86944444,0.9999845889589921,0,0.00033,sector_c
2169.87083333,0.9999286602273209,0,0.00033,sector_c
2169.87222222,1.0003991196564253,0,0.00033,sector_c
2169.87361111,1.0004015459628668,0,0.00033,sector_c
2169.875,1.00046368268431,0,0.00033,sector_c
2169.87638889,1.000168460203178,0,0.00033,sector_c
2169.87777778,0.9999852607046077,0,0.00033,sector_c
2169.87916667,0.9997364598207256,0,0.00033,sector_c
2169.88055556,1.000025647020042,0,0.00033,sector_c
2169.88194444,0.9999938470251453,0,0.00033,sector_c
2169.88333333,0.9998166298304638,0,0.00033,sector_c
2169.88472222,0.9996964640024115,0,0.00033,sector_c
2169.88611111,0.9998592374004692,0,0.00033,sector_c
2169.8875,1.000426568153024,0,0.00033,sector_c
2169.88888889,0.9995593201864743,0,0.00033,sector_c
2169.89027778,1.0001036247326878,0,0.00033,sector_c
2169.89166667,0.9998160803208984,0,0.00033,sector_c
2169.89305556,0.999449329036618,0,0.00033,sector_c
2169.89444444,1.0001524700186106,0,0.00033,sector_c
2169.89583333,0.9996298697519324,0,0.00033,sector_c
2169.89722222,1.0002659111287653,0,0.00033,sector_c
2169.89861111,1.000585319113854,0,0.00033,sector_c
