# source station=44013 product=stdmet extract=2024-04 local_slice
#YY  MM DD hh mm WDIR WSPD GST  WVHT   DPD   APD MWD   PRES  ATMP  WTMP  DEWP  VIS  TIDE
#yr  mo dy hr mn degT m/s  m/s     m   sec   sec degT   hPa  degC  degC  degC   mi    ft
2024 04 01 00 00 167  2.6  3.3 99.00 99.00 99.00 999 1012.2   6.2   6.0   2.7 99.0 99.00
2024 04 01 00 10 153  3.2  3.7  0.38 10.81  5.96  87 1012.4   6.3   6.0   2.5 99.0 99.00
2024 04 01 00 20 150  2.8  3.4 99.00 99.00 99.00 999 1012.5   6.3   5.9   2.7 99.0 99.00
2024 04 01 00 30 147  2.8  3.3 99.00 99.00 99.00 999 1012.7   6.2   6.0   2.9 99.0 99.00
2024 04 01 00 40 147  2.9  3.4  0.35 11.43  4.56  41 1012.9   6.2   6.0   3.1 99.0 99.00
2024 04 01 00 50 156  3.1  3.8 99.00 99.00 99.00 999 1013.0   6.1   5.9   3.1 99.0 99.00
2024 04 01 01 00 170  3.0  3.8 99.00 99.00 99.00 999 1013.2   6.1   5.8   3.0 99.0 99.00
2024 04 01 01 10 175  3.0  3.7  0.38 10.81  4.58  57 1013.2   6.1   5.8   3.2 99.0 99.00
2024 04 01 01 20 168  2.8  3.5 99.00 99.00 99.00 999 1013.3   6.1   5.9   3.2 99.0 99.00
2024 04 01 01 30 173  2.0  2.9 99.00 99.00 99.00 999 1013.5   6.0   5.9   3.4 99.0 99.00
2024 04 01 01 40 173  2.5  3.2  0.39 10.00  4.60  94 1013.5   6.0   5.9   3.4 99.0 99.00
2024 04 01 01 50 178  2.4  2.8 99.00 99.00 99.00 999 1013.6   6.0   5.8   3.4 99.0 99.00
2024 04 01 02 00 171  2.6  3.4 99.00 99.00 99.00 999 1013.7   6.0   5.8   3.5 99.0 99.00
2024 04 01 02 10 176  2.7  3.4  0.36 10.00  5.02  53 1013.8   6.0   5.8   3.6 99.0 99.00
2024 04 01 02 20 172  2.8  3.5 99.00 99.00 99.00 999 1013.8   6.0   5.8   3.5 99.0 99.00
2024 04 01 02 30 178  2.8  3.6 99.00 99.00 99.00 999 1014.0   6.0   5.8   3.5 99.0 99.00
2024 04 01 02 40 179  2.9  3.7  0.38 10.81  5.41 100 1014.0   6.0   5.7   3.5 99.0 99.00
2024 04 01 02 50 172  2.7  3.2 99.00 99.00 99.00 999 1014.1   6.0   5.6   3.7 99.0 99.00
2024 04 01 03 00 167  2.9  3.5 99.00 99.00 99.00 999 1014.1   5.9   5.8   3.7 99.0 99.00
2024 04 01 03 10 176  2.6  3.6  0.32 10.00  5.21  96 1014.0   5.9   5.7   3.8 99.0 99.00
2024 04 01 03 20 182  3.4  4.0 99.00 99.00 99.00 999 1014.2   5.9   5.6   3.8 99.0 99.00
2024 04 01 03 30 201  2.7  3.5 99.00 99.00 99.00 999 1014.5   5.9   5.5   3.8 99.0 99.00
2024 04 01 03 40 198  4.1  5.5  0.34 10.81  5.48  58 1014.6   6.0   5.6   3.9 99.0 99.00
2024 04 01 03 50 194  3.8  5.3 99.00 99.00 99.00 999 1014.7   6.1   5.6   3.8 99.0 99.00
2024 04 01 04 00 197  4.1  5.1 99.00 99.00 99.00 999 1014.6   6.2   5.5   3.8 99.0 99.00
2024 04 01 04 10 195  3.3  4.0  0.39 10.00  5.87  60 1014.7   6.2   5.5   3.7 99.0 99.00
2024 04 01 04 20 196  2.7  3.5 99.00 99.00 99.00 999 1014.8   6.1   5.5   3.7 99.0 99.00
2024 04 01 04 30 191  1.3  2.4 99.00 99.00 99.00 999 1014.7   6.0   5.5   3.8 99.0 99.00
2024 04 01 04 40 173  1.5  2.0  0.39 10.00  5.92  86 1014.9   5.9   5.5   4.0 99.0 99.00
2024 04 01 04 50 123  1.2  1.7 99.00 99.00 99.00 999 1014.9   5.8   5.5   4.2 99.0 99.00
2024 04 01 05 00 166  1.0  1.4 99.00 99.00 99.00 999 1014.9   5.7   5.4   4.0 99.0 99.00
2024 04 01 05 10 174  1.6  2.5  0.38 10.81  6.58  97 1015.1   5.8   5.4   4.0 99.0 99.00
2024 04 01 05 20 191  2.1  2.5 99.00 99.00 99.00 999 1015.1   5.8   5.4   4.1 99.0 99.00
2024 04 01 05 30 199  1.1  1.6 99.00 99.00 99.00 999 1015.1   5.9   5.3   3.9 99.0 99.00
2024 04 01 05 40 224  0.8  1.2  0.37 10.81  6.32 100 1015.1   5.8   5.3   3.7 99.0 99.00
2024 04 01 05 50 240  1.2  1.6 99.00 99.00 99.00 999 1015.3   5.9   5.3   3.5 99.0 99.00
2024 04 01 06 00 242  1.7  2.1 99.00 99.00 99.00 999 1015.4   6.0   5.3   3.4 99.0 99.00
2024 04 01 06 10 255  1.9  2.2  0.34 10.81  6.07  97 1015.4   6.1   5.2   3.1 99.0 99.00
2024 04 01 06 20 271  1.9  2.2 99.00 99.00 99.00 999 1015.3   6.2   5.2   3.1 99.0 99.00
2024 04 01 06 30 288  2.1  2.5 99.00 99.00 99.00 999 1015.4   6.2   5.2   2.8 99.0 99.00
2024 04 01 06 40 291  1.7  2.3  0.35 10.81  6.10  80 1015.4   6.3 999.0   2.7 99.0 99.00
2024 04 01 06 50 285  1.5  1.8 99.00 99.00 99.00 999 1015.4   6.2   5.2   2.6 99.0 99.00
2024 04 01 07 00 276  1.2  1.5 99.00 99.00 99.00 999 1015.4   6.2   5.2   2.6 99.0 99.00
2024 04 01 07 10 283  1.0  1.3  0.35 12.12  5.82 106 1015.3   6.1   5.1   2.7 99.0 99.00
2024 04 01 07 20 276  0.9  1.3 99.00 99.00 99.00 999 1015.4   6.0   5.1   2.8 99.0 99.00
2024 04 01 07 30  32  0.8  2.9 99.00 99.00 99.00 999 1015.4   5.7   5.1   2.8 99.0 99.00
2024 04 01 07 40  70  1.5  2.2  0.37 10.81  5.98  94 1015.4   5.8   5.1   2.6 99.0 99.00
2024 04 01 07 50  96  1.0  1.9 99.00 99.00 99.00 999 1015.4   5.9   5.0   2.3 99.0 99.00
2024 04 01 08 00 116  1.2  1.5 99.00 99.00 99.00 999 1015.4   6.2   5.0   2.0 99.0 99.00
2024 04 01 08 10 131  2.1  3.0  0.40 11.43  6.34  75 1015.5   6.1   5.0   2.4 99.0 99.00
2024 04 01 08 20 145  2.8  3.2 99.00 99.00 99.00 999 1015.6   5.7   5.1   3.2 99.0 99.00
2024 04 01 08 30 156  2.6  3.0 99.00 99.00 99.00 999 1015.5   5.6   5.1   3.3 99.0 99.00
2024 04 01 08 40 159  2.5  2.9  0.36 10.81  5.80  84 1015.4   5.7   5.1   3.4 99.0 99.00
2024 04 01 08 50 157  2.3  2.9 99.00 99.00 99.00 999 1014.9   5.6   5.1   3.5 99.0 99.00
2024 04 01 09 00 156  2.2  2.9 99.00 99.00 99.00 999 1014.7   5.6   5.1   3.7 99.0 99.00
2024 04 01 09 10 165  2.0  2.3  0.40 10.81  6.99  99 1014.9   5.6   5.1   3.8 99.0 99.00
2024 04 01 09 20 171  1.9  2.5 99.00 99.00 99.00 999 1015.1   5.6   5.1   3.8 99.0 99.00
2024 04 01 09 30 188  1.7  2.1 99.00 99.00 99.00 999 1015.1   5.6   5.1   3.9 99.0 99.00
2024 04 01 09 40 203  1.6  2.2  0.40 10.81  6.98 107 1015.5   5.5   5.1   3.9 99.0 99.00
2024 04 01 09 50 195  1.6  2.0 99.00 99.00 99.00 999 1015.4   5.4   5.1   3.9 99.0 99.00
2024 04 01 10 00 177  1.4  1.8 99.00 99.00 99.00 999 1015.5   5.4   5.0   4.0 99.0 99.00
2024 04 01 10 10 137  1.1  2.4  0.39 12.12  6.49 104 1015.5   5.3   5.0   3.9 99.0 99.00
2024 04 01 10 20 126  1.6  2.3 99.00 99.00 99.00 999 1015.9   5.3   5.1   4.2 99.0 99.00
2024 04 01 10 30 139  1.3  1.9 99.00 99.00 99.00 999 1016.3   5.3   5.1   4.3 99.0 99.00
2024 04 01 10 40 157  0.7  1.5  0.37 11.43  6.45  71 1016.7   5.3   5.1   4.4 99.0 99.00
2024 04 01 10 50 174  0.0  0.0 99.00 99.00 99.00 999 1016.7   5.3   5.1   4.4 99.0 99.00
2024 04 01 11 00 127  1.2  2.8 99.00 99.00 99.00 999 1016.9   5.2   5.2   4.4 99.0 99.00
2024 04 01 11 10 135  0.1  1.3  0.42 12.90  6.76  66 1017.1   5.3   5.2   4.5 99.0 99.00
2024 04 01 11 20 111  0.7  1.8 99.00 99.00 99.00 999 1017.3   5.3   5.2   4.6 99.0 99.00
2024 04 01 11 30  98  1.2  1.8 99.00 99.00 99.00 999 1017.3   5.3   5.2   4.6 99.0 99.00
2024 04 01 11 40 101  1.2  2.0  0.41 12.12  6.19  59 1017.2   5.4   5.2   4.7 99.0 99.00
2024 04 01 11 50 125  0.9  1.5 99.00 99.00 99.00 999 1017.2   5.4   5.2   4.6 99.0 99.00
2024 04 01 12 00 108  1.7  2.5 99.00 99.00 99.00 999 1017.1   5.4   5.3   4.5 99.0 99.00
2024 04 01 12 10 105  2.1  2.7  0.36 11.43  5.64  74 1017.1   5.4   5.3   4.4 99.0 99.00
2024 04 01 12 20 105  2.6  3.4 99.00 99.00 99.00 999 1016.9   5.5   5.3   4.6 99.0 99.00
2024 04 01 12 30 111  3.3  4.0 99.00 99.00 99.00 999 1016.6   5.4   5.3   4.3 99.0 99.00
2024 04 01 12 40 115  3.8  4.8  0.40 12.90  6.78  65 1016.6   5.5   5.3   4.2 99.0 99.00
2024 04 01 12 50 119  3.9  4.6 99.00 99.00 99.00 999 1016.5   5.6   5.3   4.0 99.0 99.00
2024 04 01 13 00 116  3.9  4.5 99.00 99.00 99.00 999 1016.6   5.7   5.3   3.7 99.0 99.00
2024 04 01 13 10 115  4.1  4.9  0.36 10.81  6.77  82 1016.3   5.8   5.3   3.3 99.0 99.00
2024 04 01 13 20 120  4.3  5.0 99.00 99.00 99.00 999 1016.5   5.9   5.4   3.4 99.0 99.00
2024 04 01 13 30 120  4.2  5.0 99.00 99.00 99.00 999 1016.7   5.9   5.4   3.3 99.0 99.00
2024 04 01 13 40 120  4.3  5.1  0.37 10.81  7.66  71 1016.5   5.8   5.4   3.4 99.0 99.00
2024 04 01 13 50 128  4.1  4.9 99.00 99.00 99.00 999 1016.7   5.8   5.4   3.5 99.0 99.00
2024 04 01 14 00 125  4.0  4.7 99.00 99.00 99.00 999 1016.9   5.8   5.4   3.5 99.0 99.00
2024 04 01 14 10 116  4.2  5.1  0.39 10.81  7.14  13 1016.8   5.9   5.4   3.6 99.0 99.00
2024 04 01 14 20 119  4.3  5.0 99.00 99.00 99.00 999 1016.8   5.9   5.3   3.7 99.0 99.00
2024 04 01 14 30 114  4.0  4.8 99.00 99.00 99.00 999 1017.0   5.9   5.3   3.8 99.0 99.00
2024 04 01 14 40 118  3.6  4.1  0.41 11.43  6.18  56 1017.0   5.9   5.4   3.7 99.0 99.00
2024 04 01 14 50 115  3.8  4.5 99.00 99.00 99.00 999 1016.6   5.9   5.4   3.8 99.0 99.00
2024 04 01 15 00 114  3.8  4.5 99.00 99.00 99.00 999 1016.5   5.9   5.4   3.9 99.0 99.00
2024 04 01 15 10 115  4.1  4.8  0.40 12.90  5.53  33 1016.0   5.9   5.4   3.9 99.0 99.00
2024 04 01 15 20 115  4.1  4.9 99.00 99.00 99.00 999 1016.0   5.9   5.4   3.9 99.0 99.00
2024 04 01 15 30 120  3.9  4.6 99.00 99.00 99.00 999 1015.8   5.9   5.4   4.0 99.0 99.00
2024 04 01 15 40 118  4.1  4.7  0.43 10.00  5.54  98 1015.9   5.9   5.4   4.0 99.0 99.00
2024 04 01 15 50 120  4.5  5.8 99.00 99.00 99.00 999 1015.6   5.9   5.4   3.9 99.0 99.00
2024 04 01 16 00 122  4.5  5.4 99.00 99.00 99.00 999 1015.7   5.9   5.4   3.7 99.0 99.00
2024 04 01 16 10 119  4.1  4.9  0.43 10.81  5.07 101 1015.6   6.0   5.4   3.6 99.0 99.00
2024 04 01 16 20 111  3.6  4.4 99.00 99.00 99.00 999 1015.5   6.0   5.5   3.7 99.0 99.00
2024 04 01 16 30 103  3.7  4.5 99.00 99.00 99.00 999 1015.3   5.9   5.5   3.8 99.0 99.00
2024 04 01 16 40 107  3.8  4.5  0.45 11.43  3.90 126 1015.2   5.9   5.5   3.7 99.0 99.00
2024 04 01 16 50 114  3.8  4.6 99.00 99.00 99.00 999 1015.1   5.9   5.5   3.7 99.0 99.00
2024 04 01 17 00 115  3.5  4.4 99.00 99.00 99.00 999 1015.1   5.9   5.5   3.8 99.0 99.00
2024 04 01 17 10 117  4.0  5.1  0.46 11.43  3.80 127 1014.7   5.9   5.5   4.0 99.0 99.00
2024 04 01 17 20 119  4.2  5.4 99.00 99.00 99.00 999 1014.6   5.8   5.5   3.9 99.0 99.00
2024 04 01 17 30 118  5.0  6.1 99.00 99.00 99.00 999 1014.5   5.8   5.5   3.8 99.0 99.00
2024 04 01 17 40 113  4.7  5.4  0.50 10.00  3.68  55 1014.4   5.8   5.5   3.7 99.0 99.00
2024 04 01 17 50 108  4.5  5.4 99.00 99.00 99.00 999 1014.3   5.8   5.5   3.8 99.0 99.00
2024 04 01 18 00 105  4.5  5.4 99.00 99.00 99.00 999 1014.1   5.8   5.5   3.8 99.0 99.00
2024 04 01 18 10 106  4.5  5.4  0.47 12.12  3.88  99 1013.9   5.8   5.5   3.8 99.0 99.00
2024 04 01 18 20 107  4.6  5.3 99.00 99.00 99.00 999 1013.7   5.8   5.5   3.8 99.0 99.00
2024 04 01 18 30 111  4.9  5.8 99.00 99.00 99.00 999 1013.4   5.8   5.5   3.8 99.0 99.00
2024 04 01 18 40 112  4.8  5.7  0.52 12.12  3.67  98 1013.2   5.8   5.5   4.0 99.0 99.00
2024 04 01 18 50 118  5.3  6.4 99.00 99.00 99.00 999 1012.7   5.8   5.5   4.0 99.0 99.00
2024 04 01 19 00 124  5.7  6.7 99.00 99.00 99.00 999 1012.5   5.8   5.5   4.0 99.0 99.00
2024 04 01 19 10 129  5.4  6.5  0.49 13.79  3.38 101 1012.5   6.0   5.5   4.2 99.0 99.00
2024 04 01 19 20 130  5.6  6.4 99.00 99.00 99.00 999 1012.1   6.1   5.5   4.1 99.0 99.00
2024 04 01 19 30 126  5.2  6.1 99.00 99.00 99.00 999 1012.2   6.1   5.5   4.2 99.0 99.00
2024 04 01 19 40 123  4.7  5.5  0.49 12.90  3.29 162 1012.3   6.2   5.5   4.3 99.0 99.00
2024 04 01 19 50 120  4.2  5.0 99.00 99.00 99.00 999 1012.5   6.2   5.5   4.4 99.0 99.00
2024 04 01 20 00 127  4.4  5.1 99.00 99.00 99.00 999 1012.5   6.1   5.4   4.4 99.0 99.00
2024 04 01 20 10 122  4.3  5.3  0.58 11.43  3.62  66 1012.2   6.1   5.4   4.5 99.0 99.00
2024 04 01 20 20 112  4.0  4.6 99.00 99.00 99.00 999 1012.2   6.0   5.4   4.6 99.0 99.00
2024 04 01 20 30 120  3.7  4.7 99.00 99.00 99.00 999 1012.5   5.9   5.3   4.6 99.0 99.00
2024 04 01 20 40 121  3.4  4.1  0.55 12.90  3.77  34 1012.5   5.9   5.4   4.7 99.0 99.00
2024 04 01 20 50 106  3.1  3.5 99.00 99.00 99.00 999 1012.4   5.9   5.4   4.7 99.0 99.00
2024 04 01 21 00 113  3.2  3.7 99.00 99.00 99.00 999 1012.4   5.7   5.3   4.7 99.0 99.00
2024 04 01 21 10 113  3.1  3.8  0.52 12.90  3.53  54 1012.5   5.7   5.3   4.8 99.0 99.00
2024 04 01 21 20 113  3.1  3.5 99.00 99.00 99.00 999 1012.5   5.7   5.3   4.9 99.0 99.00
2024 04 01 21 30 115  3.4  3.9 99.00 99.00 99.00 999 1012.5   5.7   5.3   4.9 99.0 99.00
2024 04 01 21 40 119  3.6  4.4  0.53 13.79  3.88 348 1012.4   5.6   5.3   4.9 99.0 99.00
2024 04 01 21 50 118  3.4  4.0 99.00 99.00 99.00 999 1012.3   5.6   5.3   4.9 99.0 99.00
2024 04 01 22 00 116  3.3  3.8 99.00 99.00 99.00 999 1012.5   5.7   5.2   5.0 99.0 99.00
2024 04 01 22 10 113  3.2  3.9  0.52 11.43  3.91  92 1012.6   5.7   5.2   5.1 99.0 99.00
2024 04 01 22 20 115  3.6  4.3 99.00 99.00 99.00 999 1012.4   5.7   5.2   5.1 99.0 99.00
2024 04 01 22 30 123  3.8  4.4 99.00 99.00 99.00 999 1012.4   5.7   5.3   5.1 99.0 99.00
2024 04 01 22 40 119  3.7  4.3  0.48 12.12  3.93  59 1012.4   5.7   5.3   5.1 99.0 99.00
2024 04 01 22 50 124  3.5  4.3 99.00 99.00 99.00 999 1012.5   5.7   5.3   5.1 99.0 99.00
2024 04 01 23 00 137  3.2  4.0 99.00 99.00 99.00 999 1012.6   5.7   5.5   5.1 99.0 99.00
2024 04 01 23 10 136  3.0  3.6  0.48 13.79  4.13  22 1012.7   5.8   5.5   5.2 99.0 99.00
2024 04 01 23 20 137  2.7  3.3 99.00 99.00 99.00 999 1012.9   5.8   5.5   5.1 99.0 99.00
2024 04 01 23 30 138  2.4  2.8 99.00 99.00 99.00 999 1013.0   5.8   5.5   5.1 99.0 99.00
2024 04 01 23 40 148  2.1  2.7  0.50 12.90  3.90  59 1013.2   5.8   5.5   5.1 99.0 99.00
2024 04 01 23 50 137  1.5  2.0 99.00 99.00 99.00 999 1013.3   5.8   5.4   5.1 99.0 99.00
2024 04 02 00 00 145  1.6  2.0 99.00 99.00 99.00 999 1013.2   5.7   5.4   5.0 99.0 99.00
2024 04 02 00 10 120  2.1  2.9  0.48 11.43  3.94 104 1013.4   5.7   5.4   5.0 99.0 99.00
2024 04 02 00 20 126  2.3  2.9 99.00 99.00 99.00 999 1013.5   5.7   5.3   5.1 99.0 99.00
2024 04 02 00 30 127  2.1  2.4 99.00 99.00 99.00 999 1013.7   5.6   5.3   5.0 99.0 99.00
2024 04 02 00 40 132  2.2  2.6  0.48 12.12  4.20  63 1013.8   5.6   5.3   5.0 99.0 99.00
2024 04 02 00 50 126  2.2  2.7 99.00 99.00 99.00 999 1014.0   5.6   5.2   5.0 99.0 99.00
2024 04 02 01 00 120  2.0  2.4 99.00 99.00 99.00 999 1014.1   5.6 999.0   5.0 99.0 99.00
2024 04 02 01 10 153  2.6  3.3  0.51 12.12  4.47  41 1014.1   5.6   5.2   5.0 99.0 99.00
2024 04 02 01 20 163  2.8  3.4 99.00 99.00 99.00 999 1014.2   5.8   5.2   5.1 99.0 99.00
2024 04 02 01 30 171  2.3  2.9 99.00 99.00 99.00 999 1014.3   5.8   5.2   5.1 99.0 99.00
2024 04 02 01 40 173  2.3  2.9  0.49 11.43  4.64  59 1014.3   5.9   5.2   5.2 99.0 99.00
2024 04 02 01 50 174  2.2  2.8 99.00 99.00 99.00 999 1014.3   6.0   5.2   5.2 99.0 99.00
2024 04 02 02 00 187  2.3  2.9 99.00 99.00 99.00 999 1014.4   6.1   5.1   5.2 99.0 99.00
2024 04 02 02 10 189  2.5  3.2  0.47 12.12  4.45  68 1014.5   6.2   5.1   5.2 99.0 99.00
2024 04 02 02 20 194  2.9  3.4 99.00 99.00 99.00 999 1014.6   6.3   5.1   5.2 99.0 99.00
2024 04 02 02 30 185  2.9  3.5 99.00 99.00 99.00 999 1014.7   6.3   5.1   5.1 99.0 99.00
2024 04 02 02 40 195  2.6  3.3  0.48 13.79  4.87  63 1014.6   6.3   5.0   5.2 99.0 99.00
2024 04 02 02 50 184  2.0  2.3 99.00 99.00 99.00 999 1014.6   6.3   5.0   5.0 99.0 99.00
2024 04 02 03 00 168  1.8  2.2 99.00 99.00 99.00 999 1014.5   6.1   5.0   4.9 99.0 99.00
2024 04 02 03 10 167  1.9  2.1  0.46 10.81  4.64  61 1014.6   6.1   5.0   5.0 99.0 99.00
2024 04 02 03 20 141  1.9  2.2 99.00 99.00 99.00 999 1014.5   5.9   4.9   4.8 99.0 99.00
2024 04 02 03 30 142  2.1  2.4 99.00 99.00 99.00 999 1014.5   5.7   4.9   4.9 99.0 99.00
2024 04 02 03 40 167  1.9  2.3  0.47 10.00  4.86  75 1014.7   5.8   4.9   4.9 99.0 99.00
2024 04 02 03 50 148  1.7  1.9 99.00 99.00 99.00 999 1014.7   5.7   5.0   4.8 99.0 99.00
2024 04 02 04 00 129  1.7  2.0 99.00 99.00 99.00 999 1014.6   5.7   5.1   4.8 99.0 99.00
2024 04 02 04 10 140  1.9  2.4  0.45 10.00  5.14  93 1014.3   5.7   5.1   4.8 99.0 99.00
2024 04 02 04 20 143  2.2  2.5 99.00 99.00 99.00 999 1014.1   5.5   5.1   4.6 99.0 99.00
2024 04 02 04 30 148  2.5  2.9 99.00 99.00 99.00 999 1014.2   5.5   5.1   4.7 99.0 99.00
2024 04 02 04 40 146  2.3  2.7  0.45 12.12  4.89  77 1014.4   5.6   5.1   4.7 99.0 99.00
2024 04 02 04 50 158  2.0  2.5 99.00 99.00 99.00 999 1014.4   5.6   5.1   4.7 99.0 99.00
2024 04 02 05 00 159  1.9  2.5 99.00 99.00 99.00 999 1014.5   5.6   5.1   4.7 99.0 99.00
2024 04 02 05 10 167  1.6  1.9  0.46 10.81  4.93  79 1014.5   5.5   5.1   4.7 99.0 99.00
2024 04 02 05 20 186  1.9  2.4 99.00 99.00 99.00 999 1014.6   5.5   5.1   4.8 99.0 99.00
2024 04 02 05 30 181  2.0  2.4 99.00 99.00 99.00 999 1014.6   5.6   5.1   4.9 99.0 99.00
2024 04 02 05 40 190  2.0  2.5  0.48 14.81  4.92  39 1014.5   5.6   5.1   4.9 99.0 99.00
2024 04 02 05 50 221  0.8  2.0 99.00 99.00 99.00 999 1014.6   5.6   5.1   4.8 99.0 99.00
2024 04 02 06 00 272  0.9  3.8 99.00 99.00 99.00 999 1014.7   5.6   5.1   4.7 99.0 99.00
2024 04 02 06 10 302  1.1  3.0  0.45 11.43  5.00 120 1014.5   5.5   5.1   4.7 99.0 99.00
2024 04 02 06 20 318  2.3  3.9 99.00 99.00 99.00 999 1014.6   5.5   5.1   4.7 99.0 99.00
2024 04 02 06 30 352  3.8  4.9 99.00 99.00 99.00 999 1014.7   5.5   5.0   4.7 99.0 99.00
2024 04 02 06 40 346  5.1  6.4  0.46 10.00  5.08  91 1014.7   5.1   5.0   4.5 99.0 99.00
2024 04 02 06 50 357  4.6  5.6 99.00 99.00 99.00 999 1014.9   5.1   5.1   4.8 99.0 99.00
2024 04 02 07 00   7  5.2  6.1 99.00 99.00 99.00 999 1014.9   5.1   5.1   4.9 99.0 99.00
2024 04 02 07 10   9  5.8  7.0  0.45 13.79  4.55  46 1014.8   5.0   5.1   4.9 99.0 99.00
2024 04 02 07 20  11  6.0  7.2 99.00 99.00 99.00 999 1014.8   4.9   5.0   4.9 99.0 99.00
2024 04 02 07 30  11  6.6  7.8 99.00 99.00 99.00 999 1015.0   4.8   5.0   4.8 99.0 99.00
2024 04 02 07 40  15  6.6  8.1  0.53 12.90  3.46  83 1015.1   4.9   5.0   4.9 99.0 99.00
2024 04 02 07 50  12  6.6  8.0 99.00 99.00 99.00 999 1015.2   4.9   5.0   4.9 99.0 99.00
2024 04 02 08 00  16  6.2  7.5 99.00 99.00 99.00 999 1015.2   4.8   5.0   4.8 99.0 99.00
2024 04 02 08 10  20  6.1  7.6  0.61 12.90  3.25  62 1015.3   4.5   5.0   4.5 99.0 99.00
2024 04 02 08 20  26  6.1  7.6 99.00 99.00 99.00 999 1015.1   4.5   5.0   4.5 99.0 99.00
2024 04 02 08 30  23  5.6  6.7 99.00 99.00 99.00 999 1015.4   4.5   4.9   4.5 99.0 99.00
2024 04 02 08 40  32  5.4  6.8  0.58  2.60  3.11  28 1015.2   4.6   4.9   4.6 99.0 99.00
2024 04 02 08 50  33  5.4  6.6 99.00 99.00 99.00 999 1015.4   4.5   5.0   4.5 99.0 99.00
2024 04 02 09 00  31  6.3  7.4 99.00 99.00 99.00 999 1015.4   4.5   5.0   4.5 99.0 99.00
2024 04 02 09 10  36  6.1  7.6  0.62 13.79  3.34 115 1015.1   4.5   5.0   4.5 99.0 99.00
2024 04 02 09 20  36  5.7  7.1 99.00 99.00 99.00 999 1015.4   4.6   5.0   4.6 99.0 99.00
2024 04 02 09 30  39  5.3  7.1 99.00 99.00 99.00 999 1015.6   4.7   5.0   4.7 99.0 99.00
2024 04 02 09 40  38  5.0  5.9  0.58 11.43  3.64 111 1015.7   4.7   5.0   4.7 99.0 99.00
2024 04 02 09 50  37  4.8  5.7 99.00 99.00 99.00 999 1015.9   4.7   5.0   4.7 99.0 99.00
2024 04 02 10 00  29  4.9  5.8 99.00 99.00 99.00 999 1016.0   4.8   5.1   4.8 99.0 99.00
2024 04 02 10 10  20  5.0  6.2  0.56 12.90  3.17 110 1016.3   4.9   5.1   4.9 99.0 99.00
2024 04 02 10 20  21  4.9  5.9 99.00 99.00 99.00 999 1016.3   4.9   5.1   4.9 99.0 99.00
2024 04 02 10 30  12  6.0  7.1 99.00 99.00 99.00 999 1016.4   4.9   5.1   4.8 99.0 99.00
2024 04 02 10 40  15  6.4  7.7  0.56 10.00  3.35  91 1016.5   4.9   5.1   4.6 99.0 99.00
2024 04 02 10 50  20  5.9  7.0 99.00 99.00 99.00 999 1016.6   4.9   5.1   4.4 99.0 99.00
2024 04 02 11 00  15  5.0  6.6 99.00 99.00 99.00 999 1016.7   5.1   5.1   4.5 99.0 99.00
2024 04 02 11 10  17  5.4  6.5  0.61  2.74  3.15  36 1016.8   5.1   5.2   4.3 99.0 99.00
2024 04 02 11 20  20  5.2  6.3 99.00 99.00 99.00 999 1016.8   5.2   5.2   4.3 99.0 99.00
2024 04 02 11 30  18  5.3  6.1 99.00 99.00 99.00 999 1017.0   5.2   5.2   4.3 99.0 99.00
2024 04 02 11 40  14  5.0  5.9  0.59 12.90  3.36  93 1017.1   5.2   5.3   4.2 99.0 99.00
2024 04 02 11 50  12  5.3  6.3 99.00 99.00 99.00 999 1017.1   5.2   5.3   4.2 99.0 99.00
2024 04 02 12 00  13  5.5  6.7 99.00 99.00 99.00 999 1016.9   5.2   5.3   4.3 99.0 99.00
2024 04 02 12 10  16  5.6  6.6  0.57 12.12  3.52  72 1017.0   5.2   5.4   4.2 99.0 99.00
2024 04 02 12 20  18  5.5  6.6 99.00 99.00 99.00 999 1017.1   5.2   5.4   4.1 99.0 99.00
2024 04 02 12 30  18  5.7  7.1 99.00 99.00 99.00 999 1017.1   5.2   5.4   4.0 99.0 99.00
2024 04 02 12 40  16  5.8  7.5  0.62 12.90  3.41  77 1017.1   5.3   5.4   4.1 99.0 99.00
2024 04 02 12 50  17  6.5  8.1 99.00 99.00 99.00 999 1017.1   5.3   5.4   4.1 99.0 99.00
2024 04 02 13 00  17  6.8  8.1 99.00 99.00 99.00 999 1017.1   5.3   5.4   4.1 99.0 99.00
2024 04 02 13 10  15  6.6  8.0  0.68 12.90  3.25 102 1017.1   5.3   5.4   4.1 99.0 99.00
2024 04 02 13 20  11  7.3  8.6 99.00 99.00 99.00 999 1017.3   5.2   5.4   4.0 99.0 99.00
2024 04 02 13 30  10  7.0  8.4 99.00 99.00 99.00 999 1017.5   5.1   5.4   3.8 99.0 99.00
2024 04 02 13 40   9  7.1  8.6  0.65 11.43  3.39  76 1017.5   5.1   5.4   3.8 99.0 99.00
2024 04 02 13 50   7  7.5  8.9 99.00 99.00 99.00 999 1017.7   5.1   5.4   3.9 99.0 99.00
2024 04 02 14 00   7  7.4  9.0 99.00 99.00 99.00 999 1017.9   5.1   5.4   3.8 99.0 99.00
2024 04 02 14 10   9  7.2  9.1  0.72  3.03  3.38  31 1017.7   5.1   5.4   3.9 99.0 99.00
2024 04 02 14 20   8  7.7  9.4 99.00 99.00 99.00 999 1017.9   5.1   5.4   3.9 99.0 99.00
2024 04 02 14 30   6  7.2  8.5 99.00 99.00 99.00 999 1018.0   5.1   5.4   3.9 99.0 99.00
2024 04 02 14 40   5  7.2  8.9  0.74 10.00  3.43  79 1018.3   5.0   5.4   3.7 99.0 99.00
2024 04 02 14 50   4  7.3  8.6 99.00 99.00 99.00 999 1018.3   5.0   5.4   3.8 99.0 99.00
2024 04 02 15 00   7  7.2  8.5 99.00 99.00 99.00 999 1018.3   5.0   5.4   3.7 99.0 99.00
2024 04 02 15 10   8  6.9  8.4  0.71  3.13  3.38  38 1018.4   5.0   5.4   3.8 99.0 99.00
2024 04 02 15 20  11  6.9  8.3 99.00 99.00 99.00 999 1018.3   5.0   5.4   3.7 99.0 99.00
2024 04 02 15 30  14  7.1  8.4 99.00 99.00 99.00 999 1018.2   5.0   5.5   3.7 99.0 99.00
2024 04 02 15 40  15  7.3  9.0  0.77  3.57  3.33  23 1017.9   5.1   5.5   3.8 99.0 99.00
2024 04 02 15 50  16  7.5  8.8 99.00 99.00 99.00 999 1017.7   5.1   5.5   3.8 99.0 99.00
2024 04 02 16 00  20  7.0  8.6 99.00 99.00 99.00 999 1017.6   5.1   5.5   3.9 99.0 99.00
2024 04 02 16 10  18  6.9  8.8  0.76  3.70  3.42  29 1017.6   5.1   5.5   3.9 99.0 99.00
2024 04 02 16 20  21  7.0  9.0 99.00 99.00 99.00 999 1017.4   5.1   5.5   3.9 99.0 99.00
2024 04 02 16 30  22  7.1  8.4 99.00 99.00 99.00 999 1017.4   5.1   5.5   3.9 99.0 99.00
2024 04 02 16 40  21  6.7  7.9  0.76  3.45  3.44  23 1017.4   5.1   5.5   3.9 99.0 99.00
2024 04 02 16 50  27  6.6  8.0 99.00 99.00 99.00 999 1017.2   5.1   5.6   3.9 99.0 99.00
2024 04 02 17 00  29  6.4  7.6 99.00 99.00 99.00 999 1017.1   5.2   5.6   3.9 99.0 99.00
2024 04 02 17 10  30  6.6  8.1  0.80  3.57  3.52  43 1017.1   5.2   5.6   3.7 99.0 99.00
2024 04 02 17 20  33  6.8  8.2 99.00 99.00 99.00 999 1017.0   5.2   5.6   3.7 99.0 99.00
2024 04 02 17 30  32  6.5  7.9 99.00 99.00 99.00 999 1016.8   5.2   5.6   3.7 99.0 99.00
2024 04 02 17 40  32  7.0  8.2  0.77  3.45  3.42  34 1016.6   5.2   5.6   3.7 99.0 99.00
2024 04 02 17 50  32  7.0  8.2 99.00 99.00 99.00 999 1016.5   5.2   5.6   3.7 99.0 99.00
2024 04 02 18 00  32  6.9  8.4 99.00 99.00 99.00 999 1016.5   5.2   5.6   3.8 99.0 99.00
2024 04 02 18 10  35  6.4  7.5  0.83  3.70  3.46  25 1016.4   5.2   5.6   3.9 99.0 99.00
2024 04 02 18 20  34  6.7  7.8 99.00 99.00 99.00 999 1016.3   5.2   5.6   4.0 99.0 99.00
2024 04 02 18 30  37  6.6  7.9 99.00 99.00 99.00 999 1016.1   5.2   5.6   4.1 99.0 99.00
2024 04 02 18 40  39  6.6  8.0  0.82  3.33  3.34  35 1016.0   5.2   5.6   4.2 99.0 99.00
2024 04 02 18 50  37  6.2  7.3 99.00 99.00 99.00 999 1016.0   5.2   5.6   4.2 99.0 99.00
2024 04 02 19 00  43  6.0  7.1 99.00 99.00 99.00 999 1015.9   5.2   5.7   4.3 99.0 99.00
2024 04 02 19 10  42  5.9  7.2  0.72  3.13  3.42  35 1015.9   5.3   5.7   4.3 99.0 99.00
2024 04 02 19 20  44  6.0  7.1 99.00 99.00 99.00 999 1015.9   5.3   5.7   4.3 99.0 99.00
2024 04 02 19 30  44  6.1  7.5 99.00 99.00 99.00 999 1015.9   5.3   5.7   4.4 99.0 99.00
2024 04 02 19 40  48  6.1  6.9  0.72  4.55  3.41  33 1015.8   5.3   5.7   4.4 99.0 99.00
2024 04 02 19 50  50  6.0  7.2 99.00 99.00 99.00 999 1015.7   5.3   5.7   4.5 99.0 99.00
2024 04 02 20 00  51  6.1  7.2 99.00 99.00 99.00 999 1015.7   5.3   5.7   4.5 99.0 99.00
2024 04 02 20 10  51  6.3  7.3  0.71  3.33  3.43  32 1015.7   5.3   5.7   4.5 99.0 99.00
2024 04 02 20 20  54  6.0  7.1 99.00 99.00 99.00 999 1015.5   5.3   5.7   4.5 99.0 99.00
2024 04 02 20 30  55  5.8  7.5 99.00 99.00 99.00 999 1015.4   5.3   5.7   4.5 99.0 99.00
2024 04 02 20 40  59  5.8  6.8  0.71  2.86  3.36  50 1015.1   5.3   5.7   4.5 99.0 99.00
2024 04 02 20 50  62  5.8  6.9 99.00 99.00 99.00 999 1015.2   5.3   5.7   4.6 99.0 99.00
2024 04 02 21 00  66  5.5  6.7 99.00 99.00 99.00 999 1015.4   5.3   5.7   4.6 99.0 99.00
2024 04 02 21 10  62  5.2  6.3  0.65 13.79  3.38  88 1015.4   5.4   5.7   4.8 99.0 99.00
2024 04 02 21 20  61  5.1  6.0 99.00 99.00 99.00 999 1015.4   5.4   5.7   4.8 99.0 99.00
2024 04 02 21 30  67  4.9  6.0 99.00 99.00 99.00 999 1015.3   5.4   5.7   4.9 99.0 99.00
2024 04 02 21 40  64  5.1  6.0  0.66 12.90  3.47  70 1015.1   5.4   5.7   4.9 99.0 99.00
2024 04 02 21 50  64  5.5  6.4 99.00 99.00 99.00 999 1014.9   5.4   5.6   4.9 99.0 99.00
2024 04 02 22 00  66  5.7  7.2 99.00 99.00 99.00 999 1014.7   5.4   5.6   5.0 99.0 99.00
2024 04 02 22 10  69  6.2  7.5  0.64 10.81  3.45 113 1014.5   5.4   5.6   5.0 99.0 99.00
2024 04 02 22 20  69  6.2  7.5 99.00 99.00 99.00 999 1014.6   5.4   5.6   5.0 99.0 99.00
2024 04 02 22 30  73  6.0  7.1 99.00 99.00 99.00 999 1014.6   5.4   5.6   5.0 99.0 99.00
2024 04 02 22 40  77  6.1  7.3  0.68 12.12  3.43  96 1014.6   5.4   5.6   4.9 99.0 99.00
2024 04 02 22 50  87  5.9  8.1 99.00 99.00 99.00 999 1014.9   5.4   5.6   4.9 99.0 99.00
2024 04 02 23 00  89  6.2  7.7 99.00 99.00 99.00 999 1015.4   5.4   5.6   4.6 99.0 99.00
2024 04 02 23 10  92  6.3  7.5  0.68  3.45  3.37  57 1015.1   5.5   5.6   4.3 99.0 99.00
2024 04 02 23 20  92  6.6  7.9 99.00 99.00 99.00 999 1015.1   5.5   5.6   4.2 99.0 99.00
2024 04 02 23 30  91  6.9  8.4 99.00 99.00 99.00 999 1015.2   5.5   5.6   4.2 99.0 99.00
2024 04 02 23 40  86  6.6  7.8  0.65  2.94  3.32  74 1015.6   5.5   5.6   4.2 99.0 99.00
2024 04 02 23 50  87  6.4  8.2 99.00 99.00 99.00 999 1015.7   5.5   5.6   4.1 99.0 99.00
2024 04 03 00 00  88  6.9  8.1 99.00 99.00 99.00 999 1016.0   5.4   5.6   3.9 99.0 99.00
2024 04 03 00 10  93  6.8  8.1  0.71  3.33  3.39  70 1016.0   5.4   5.6   3.7 99.0 99.00
2024 04 03 00 20  93  7.1  8.2 99.00 99.00 99.00 999 1016.2   5.4   5.6   3.5 99.0 99.00
2024 04 03 00 30  96  6.4  7.6 99.00 99.00 99.00 999 1016.3   5.4   5.6   3.4 99.0 99.00
2024 04 03 00 40  96  6.9  8.1  0.72 12.90  3.54 106 1016.4   5.4   5.6   3.1 99.0 99.00
2024 04 03 00 50 102  7.1  8.6 99.00 99.00 99.00 999 1016.4   5.4   5.6   2.8 99.0 99.00
2024 04 03 01 00 105  6.8  8.3 99.00 99.00 99.00 999 1016.3   5.4   5.6   2.8 99.0 99.00
2024 04 03 01 10 109  7.1  9.1  0.75  3.57  3.49  78 1016.3   5.4   5.6   2.9 99.0 99.00
2024 04 03 01 20 118  7.3  8.9 99.00 99.00 99.00 999 1016.3   5.4   5.6   2.7 99.0 99.00
2024 04 03 01 30 114  6.8  8.5 99.00 99.00 99.00 999 1016.5   5.4   5.6   2.7 99.0 99.00
2024 04 03 01 40 116  6.5  8.1  0.83  3.57  3.52  85 1016.5   5.4   5.6   2.6 99.0 99.00
2024 04 03 01 50 121  5.9  7.2 99.00 99.00 99.00 999 1016.4   5.4   5.6   2.5 99.0 99.00
2024 04 03 02 00 122  5.7  6.9 99.00 99.00 99.00 999 1016.4   5.4   5.6   2.6 99.0 99.00
2024 04 03 02 10 124  6.1  7.4  0.84  4.00  3.50  61 1016.4   5.4   5.6   2.4 99.0 99.00
2024 04 03 02 20 137  6.0  7.5 99.00 99.00 99.00 999 1016.5   5.3   5.6   0.6 99.0 99.00
2024 04 03 02 30 143  5.5  6.8 99.00 99.00 99.00 999 1016.3   5.3   5.5   1.1 99.0 99.00
2024 04 03 02 40 160  5.5  6.5  0.84  3.85  3.60  73 1016.3   5.1   5.5   1.4 99.0 99.00
2024 04 03 02 50 157  5.4  6.6 99.00 99.00 99.00 999 1016.0   4.9   5.5   1.4 99.0 99.00
2024 04 03 03 00 151  4.3  6.0 99.00 99.00 99.00 999 1016.5   4.9   5.5   1.4 99.0 99.00
2024 04 03 03 10 149  4.3  5.2  0.89  4.35  3.68  65 1016.2   5.0   5.5   1.2 99.0 99.00
2024 04 03 03 20 145  3.8  4.6 99.00 99.00 99.00 999 1015.9   5.0   5.5   1.4 99.0 99.00
2024 04 03 03 30 145  3.6  4.5 99.00 99.00 99.00 999 1016.1   5.0   5.5   1.1 99.0 99.00
2024 04 03 03 40 140  3.8  4.6  0.83  4.35  3.77  71 1015.9   5.0   5.5   0.8 99.0 99.00
2024 04 03 03 50 142  3.0  3.7 99.00 99.00 99.00 999 1015.9   5.0   5.5   1.2 99.0 99.00
2024 04 03 04 00 155  2.4  3.2 99.00 99.00 99.00 999 1015.9   5.0   5.5   1.4 99.0 99.00
2024 04 03 04 10 154  1.6  2.2  0.87  4.35  3.98  77 1015.7   4.9   5.5   1.2 99.0 99.00
2024 04 03 04 20 166  1.7  2.2 99.00 99.00 99.00 999 1015.7   4.9   5.5   1.4 99.0 99.00
2024 04 03 04 30 170  1.8  2.3 99.00 99.00 99.00 999 1015.4   4.9   5.5   1.4 99.0 99.00
2024 04 03 04 40 150  1.6  2.3  0.78  4.35  4.05  85 1015.1   4.9   5.5   1.0 99.0 99.00
2024 04 03 04 50 159  1.4  2.0 99.00 99.00 99.00 999 1014.9   4.9   5.5   1.1 99.0 99.00
2024 04 03 05 00 162  1.1  1.9 99.00 99.00 99.00 999 1015.0   4.9   5.5   0.7 99.0 99.00
2024 04 03 05 10 175  0.3  1.1  0.81  4.35  4.06  84 1015.1   4.9   5.5   0.7 99.0 99.00
2024 04 03 05 20 219  0.1  0.8 99.00 99.00 99.00 999 1015.1   4.9   5.5   0.8 99.0 99.00
2024 04 03 05 30 250  0.5  1.2 99.00 99.00 99.00 999 1015.2   4.9   5.5   0.7 99.0 99.00
2024 04 03 05 40 279  0.2  0.9  0.77  4.55  4.21  81 1015.2   4.9   5.5   0.6 99.0 99.00
2024 04 03 05 50 345  0.8  1.5 99.00 99.00 99.00 999 1015.4   5.0   5.5   0.9 99.0 99.00
2024 04 03 06 00 354  1.3  1.7 99.00 99.00 99.00 999 1015.4   5.0   5.5   1.0 99.0 99.00
2024 04 03 06 10 360  1.7  2.7  0.75  4.55  4.13  84 1015.0   5.0   5.5   1.2 99.0 99.00
2024 04 03 06 20  11  2.2  2.6 99.00 99.00 99.00 999 1014.8   5.0   5.5   1.4 99.0 99.00
2024 04 03 06 30  14  2.4  3.2 99.00 99.00 99.00 999 1014.6   5.0   5.5   1.7 99.0 99.00
2024 04 03 06 40  30  3.2  4.0 99.00 99.00 99.00 999 1014.3   5.0   5.5   1.6 99.0 99.00
2024 04 03 06 50  39  3.5  4.3 99.00 99.00 99.00 999 1014.3   5.0   5.5   1.5 99.0 99.00
2024 04 03 07 00  40  3.8  4.5 99.00 99.00 99.00 999 1014.1   5.0   5.5   1.6 99.0 99.00
2024 04 03 07 10  36  4.6  5.7  0.70  4.17  4.06  90 1013.8   5.1   5.5   2.0 99.0 99.00
2024 04 03 07 20  41  4.8  5.8 99.00 99.00 99.00 999 1013.7   5.1   5.5   2.3 99.0 99.00
2024 04 03 07 30  41  4.9  6.2 99.00 99.00 99.00 999 1013.5   5.1   5.5   2.3 99.0 99.00
2024 04 03 07 40  43  5.4  6.7  0.68  4.17  4.09  92 1013.3   5.1   5.5   1.7 99.0 99.00
2024 04 03 07 50  42  5.8  7.2 99.00 99.00 99.00 999 1013.5   5.2   5.5   2.3 99.0 99.00
2024 04 03 08 00  42  5.9  7.1 99.00 99.00 99.00 999 1013.6   5.1   5.5   2.4 99.0 99.00
2024 04 03 08 10  43  6.6  8.1  0.66  4.17  3.69  87 1013.5   5.1   5.5   2.3 99.0 99.00
2024 04 03 08 20  44  7.3  8.7 99.00 99.00 99.00 999 1013.3   5.1   5.5   2.5 99.0 99.00
2024 04 03 08 30  49  7.4  9.2 99.00 99.00 99.00 999 1013.0   5.1   5.5   2.7 99.0 99.00
2024 04 03 08 40  53  6.9  8.4  0.71  4.00  3.52  93 1013.0   5.1   5.5   3.0 99.0 99.00
2024 04 03 08 50  51  6.9  8.3 99.00 99.00 99.00 999 1013.1   5.1   5.5   2.9 99.0 99.00
2024 04 03 09 00  50  7.3  8.8 99.00 99.00 99.00 999 1013.1   5.1   5.5   2.8 99.0 99.00
2024 04 03 09 10  51  7.1  8.3  0.76  3.85  3.41  92 1013.2   5.2   5.5   3.0 99.0 99.00
2024 04 03 09 20  53  7.5  9.2 99.00 99.00 99.00 999 1013.5   5.2   5.5   3.0 99.0 99.00
2024 04 03 09 30  55  7.5  9.2 99.00 99.00 99.00 999 1013.4   5.2   5.5   3.1 99.0 99.00
2024 04 03 09 40  58  8.0  9.7  0.74  4.00  3.41 105 1013.4   5.1   5.5   2.9 99.0 99.00
2024 04 03 09 50  58  7.4  8.9 99.00 99.00 99.00 999 1013.5   5.1   5.5   2.9 99.0 99.00
2024 04 03 10 00  59  7.7  9.0 99.00 99.00 99.00 999 1013.6   5.1   5.5   2.9 99.0 99.00
2024 04 03 10 10  58  7.5  9.4  0.82  3.45  3.43  84 1013.8   5.1   5.5   2.7 99.0 99.00
2024 04 03 10 20  55  7.3  8.7 99.00 99.00 99.00 999 1014.1   5.2   5.5   2.8 99.0 99.00
2024 04 03 10 30  57  7.4  8.9 99.00 99.00 99.00 999 1014.0   5.2   5.5   2.8 99.0 99.00
2024 04 03 10 40  62  7.7  9.0  0.89  3.70  3.44  79 1014.1   5.2   5.5   2.7 99.0 99.00
2024 04 03 10 50  63  7.6  9.7 99.00 99.00 99.00 999 1013.8   5.2   5.5   2.9 99.0 99.00
2024 04 03 11 00  62  8.6 10.0 99.00 99.00 99.00 999 1013.7   5.2   5.5   2.8 99.0 99.00
2024 04 03 11 10  62  8.5 10.2  0.86  3.70  3.52  93 1013.7   5.2   5.5   2.5 99.0 99.00
2024 04 03 11 20  62  8.4  9.8 99.00 99.00 99.00 999 1013.5   5.2   5.5   2.4 99.0 99.00
2024 04 03 11 30  63  8.4 10.5 99.00 99.00 99.00 999 1013.8   5.2   5.5   1.8 99.0 99.00
2024 04 03 11 40  63  8.1  9.7  0.95  3.70  3.46  80 1013.9   5.2   5.5   1.6 99.0 99.00
2024 04 03 11 50  66  8.1  9.7 99.00 99.00 99.00 999 1013.8   5.3   5.5   1.4 99.0 99.00
2024 04 03 12 00  66  8.1  9.8 99.00 99.00 99.00 999 1013.8   5.3   5.5   1.4 99.0 99.00
2024 04 03 12 10  67  7.9  9.5  0.94  4.00  3.49  84 1014.0   5.3   5.5   1.6 99.0 99.00
2024 04 03 12 20  68  7.6  9.9 99.00 99.00 99.00 999 1014.5   5.3   5.5   1.5 99.0 99.00
2024 04 03 12 30  69  7.5  9.1 99.00 99.00 99.00 999 1014.6   5.4   5.5   1.6 99.0 99.00
2024 04 03 12 40  70  7.4  9.4  0.97  4.17  3.53  73 1014.9   5.4   5.5   1.5 99.0 99.00
2024 04 03 12 50  71  7.1  8.5 99.00 99.00 99.00 999 1015.0   5.4   5.5   1.6 99.0 99.00
2024 04 03 13 00  70  7.2  8.7 99.00 99.00 99.00 999 1015.0   5.4   5.4   1.5 99.0 99.00
2024 04 03 13 10  72  7.2  8.5  0.95  4.00  3.60  81 1014.9   5.5   5.4   1.6 99.0 99.00
2024 04 03 13 20  73  7.9  9.1 99.00 99.00 99.00 999 1014.8   5.4   5.4   1.5 99.0 99.00
2024 04 03 13 30  72  7.8  9.6 99.00 99.00 99.00 999 1014.4   5.4   5.4   1.7 99.0 99.00
2024 04 03 13 40  70  7.9  9.5  0.99  4.35  3.61  80 1014.6   5.4   5.4   1.9 99.0 99.00
2024 04 03 13 50  71  7.7  9.7 99.00 99.00 99.00 999 1014.6   5.4   5.4   2.0 99.0 99.00
2024 04 03 14 00  70  7.6  9.4 99.00 99.00 99.00 999 1014.7   5.4   5.4   2.1 99.0 99.00
2024 04 03 14 10  70  7.9  9.2  0.96  4.35  3.62  69 1014.6   5.4   5.4   2.2 99.0 99.00
2024 04 03 14 20  70  7.9  9.6 99.00 99.00 99.00 999 1014.7   5.4   5.4   2.3 99.0 99.00
2024 04 03 14 30  72  8.4 10.1 99.00 99.00 99.00 999 1014.4   5.4   5.4   2.3 99.0 99.00
2024 04 03 14 40  71  9.2 11.2  1.05  4.55  3.72  79 1014.3   5.3   5.4   2.3 99.0 99.00
2024 04 03 14 50  72  9.0 11.1 99.00 99.00 99.00 999 1014.2   5.3   5.5   2.4 99.0 99.00
2024 04 03 15 00  73  8.9 10.9 99.00 99.00 99.00 999 1014.4   5.3   5.5   2.5 99.0 99.00
2024 04 03 15 10  73  8.4 10.3  1.11  4.55  3.86  76 1014.6   5.3   5.5   2.5 99.0 99.00
2024 04 03 15 20  73  8.8 11.1 99.00 99.00 99.00 999 1014.6   5.3   5.5   2.5 99.0 99.00
2024 04 03 15 30  72  8.6 10.1 99.00 99.00 99.00 999 1014.8   5.3   5.5   2.6 99.0 99.00
2024 04 03 15 40  74  8.2 10.0  1.12  4.76  3.77  88 1014.9   5.4   5.4   2.7 99.0 99.00
2024 04 03 15 50  74  8.4 10.8 99.00 99.00 99.00 999 1014.7   5.4   5.4   2.7 99.0 99.00
2024 04 03 16 00  72  9.1 11.8 99.00 99.00 99.00 999 1014.6   5.4   5.4   2.7 99.0 99.00
2024 04 03 16 10  74  9.1 11.1  1.21  4.76  3.89  93 1014.6   5.3   5.4   2.7 99.0 99.00
2024 04 03 16 20  78  9.9 11.8 99.00 99.00 99.00 999 1014.7   5.3   5.4   2.6 99.0 99.00
2024 04 03 16 30  78  9.9 12.1 99.00 99.00 99.00 999 1014.5   5.3   5.4   2.6 99.0 99.00
2024 04 03 16 40  79 10.5 13.2  1.30  4.35  3.97  76 1014.8   5.2   5.4   2.4 99.0 99.00
2024 04 03 16 50  82  9.2 11.4 99.00 99.00 99.00 999 1015.3   5.0   5.4   2.5 99.0 99.00
2024 04 03 17 00  77  9.4 11.5 99.00 99.00 99.00 999 1015.1   5.0   5.3   2.7 99.0 99.00
2024 04 03 17 10  73  9.8 12.3  1.41  4.76  4.12  81 1014.6   4.9   5.4   2.8 99.0 99.00
2024 04 03 17 20  71 10.7 13.3 99.00 99.00 99.00 999 1014.2   4.9   5.3   2.7 99.0 99.00
2024 04 03 17 30  69 11.2 13.5 99.00 99.00 99.00 999 1014.2   4.9   5.3   2.7 99.0 99.00
2024 04 03 17 40  69 10.9 13.5  1.48  5.26  4.25  68 1014.3   4.7   5.3   2.7 99.0 99.00
2024 04 03 17 50  71 10.3 12.3 99.00 99.00 99.00 999 1014.4   4.7   5.3   2.9 99.0 99.00
2024 04 03 18 00  74 10.7 13.5 99.00 99.00 99.00 999 1013.9   4.7   5.3   3.0 99.0 99.00
2024 04 03 18 10  75 11.2 13.9  1.68  5.56  4.38  72 1013.5   4.7   5.3   2.8 99.0 99.00
2024 04 03 18 20  74 11.4 14.5 99.00 99.00 99.00 999 1013.0   4.6   5.3   2.8 99.0 99.00
2024 04 03 18 30  75 11.7 15.6 99.00 99.00 99.00 999 1012.4   4.6   5.3   2.8 99.0 99.00
2024 04 03 18 40  74 11.6 14.4  1.87  5.88  4.55  70 1012.7   4.5   5.2   2.8 99.0 99.00
2024 04 03 18 50  73 11.5 14.8 99.00 99.00 99.00 999 1012.6   4.5   5.2   2.8 99.0 99.00
2024 04 03 19 00  74 11.5 14.7 99.00 99.00 99.00 999 1012.3   4.5   5.2   2.8 99.0 99.00
2024 04 03 19 10  74 12.5 16.5  1.92  6.25  4.67  84 1012.2   4.4   5.2   2.7 99.0 99.00
2024 04 03 19 20  76 12.1 15.7 99.00 99.00 99.00 999 1012.3   4.3   5.2   2.6 99.0 99.00
2024 04 03 19 30  77 11.5 14.1 99.00 99.00 99.00 999 1012.6   4.3   5.2   2.7 99.0 99.00
2024 04 03 19 40  76 11.1 13.9  2.28  6.25  4.98  80 1012.4   4.3   5.2   2.8 99.0 99.00
2024 04 03 19 50  76 11.6 14.4 99.00 99.00 99.00 999 1012.0   4.3   5.2   2.8 99.0 99.00
2024 04 03 20 00  75 11.2 13.6 99.00 99.00 99.00 999 1011.9   4.3   5.2   2.9 99.0 99.00
2024 04 03 20 10  75 11.8 14.6  2.37  6.67  5.01  73 1011.6   4.3   5.1   2.9 99.0 99.00
2024 04 03 20 20  76 11.6 14.7 99.00 99.00 99.00 999 1011.3   4.2   5.1   2.7 99.0 99.00
2024 04 03 20 30  75 11.9 15.2 99.00 99.00 99.00 999 1011.0   4.2   5.1   2.6 99.0 99.00
2024 04 03 20 40  76 12.2 16.3  2.51  6.67  5.19  53 1011.2   4.2   5.1   2.5 99.0 99.00
2024 04 03 20 50  77 12.4 15.8 99.00 99.00 99.00 999 1011.1   4.2   5.1   2.3 99.0 99.00
2024 04 03 21 00  77 12.5 15.7 99.00 99.00 99.00 999 1011.3   4.2   5.1   2.3 99.0 99.00
2024 04 03 21 10  78 12.0 15.8  2.56  6.67  5.28  81 1011.0   4.2   5.1   2.2 99.0 99.00
2024 04 03 21 20  77 12.3 15.8 99.00 99.00 99.00 999 1010.8   4.1   5.1   2.3 99.0 99.00
2024 04 03 21 30  81 12.6 15.7 99.00 99.00 99.00 999 1011.4   4.1   5.1   2.3 99.0 99.00
2024 04 03 21 40  84 12.3 15.7  2.68  6.67  5.37  85 1010.7   4.1   5.1   2.5 99.0 99.00
2024 04 03 21 50  82 12.7 16.6 99.00 99.00 99.00 999 1011.0   4.0   5.1   2.2 99.0 99.00
2024 04 03 22 00  83 12.5 15.7 99.00 99.00 99.00 999 1010.8   4.0   5.1   2.3 99.0 99.00
2024 04 03 22 10  86 12.1 16.3  2.95  7.14  5.50  77 1010.8   4.0   5.1   2.4 99.0 99.00
2024 04 03 22 20  86 12.7 15.6 99.00 99.00 99.00 999 1010.1   4.0   5.1   2.4 99.0 99.00
2024 04 03 22 30  84 13.1 16.8 99.00 99.00 99.00 999 1009.9   3.9   5.1   2.3 99.0 99.00
2024 04 03 22 40  84 12.6 16.1  2.65  7.69  5.40  90 1009.8   4.0   5.1   2.5 99.0 99.00
2024 04 03 22 50  85 12.5 16.0 99.00 99.00 99.00 999 1009.6   4.0   5.1   2.6 99.0 99.00
2024 04 03 23 00  87 13.0 17.3 99.00 99.00 99.00 999 1009.9   4.0   5.1   2.4 99.0 99.00
2024 04 03 23 10  89 12.8 16.7  3.17  7.14  5.77  77 1009.6   4.1   5.1   2.2 99.0 99.00
2024 04 03 23 20  86 13.2 17.0 99.00 99.00 99.00 999 1009.7   4.0   5.1   2.1 99.0 99.00
2024 04 03 23 30  85 12.4 15.2 99.00 99.00 99.00 999 1009.7   4.0   5.1   2.3 99.0 99.00
2024 04 03 23 40  85 12.4 15.8  3.25  7.14  5.82  85 1009.4   4.0   5.1   2.4 99.0 99.00
2024 04 03 23 50  88 12.1 16.0 99.00 99.00 99.00 999 1009.5   4.0   5.1   2.5 99.0 99.00
2024 04 04 00 00  88 12.2 15.2 99.00 99.00 99.00 999 1009.1   4.1   5.1   2.6 99.0 99.00
2024 04 04 00 10  87 12.7 16.4  3.14  7.69  5.90  81 1009.3   4.0   5.1   2.6 99.0 99.00
2024 04 04 00 20  88 12.8 15.7 99.00 99.00 99.00 999 1008.7   4.1   5.1   2.9 99.0 99.00
2024 04 04 00 30  84 12.5 15.8 99.00 99.00 99.00 999 1009.3   4.0   5.1   2.7 99.0 99.00
2024 04 04 00 40  86 12.7 17.3  3.41  7.69  6.10  87 1008.9   4.1   5.1   2.7 99.0 99.00
2024 04 04 00 50  85 12.7 16.3 99.00 99.00 99.00 999 1008.6   4.2   5.1   2.8 99.0 99.00
2024 04 04 01 00  86 12.4 17.2 99.00 99.00 99.00 999 1008.8   4.2   5.1   2.9 99.0 99.00
2024 04 04 01 10  83 12.6 16.3  3.50  7.69  6.10  92 1008.5   4.2   5.0   2.9 99.0 99.00
2024 04 04 01 20  85 13.0 17.2 99.00 99.00 99.00 999 1008.5   4.3   5.0   3.0 99.0 99.00
2024 04 04 01 30  84 13.3 16.8 99.00 99.00 99.00 999 1008.8   4.3   5.0   2.9 99.0 99.00
2024 04 04 01 40  84 12.6 17.3  3.48  8.33  6.13  94 1009.5   4.3   5.0   2.9 99.0 99.00
2024 04 04 01 50  85 12.2 15.9 99.00 99.00 99.00 999 1008.7   4.4   5.0   2.9 99.0 99.00
2024 04 04 02 00  82 12.6 16.2 99.00 99.00 99.00 999 1008.0   4.3   5.0   3.0 99.0 99.00
2024 04 04 02 10  77 13.3 16.7  3.43  8.33  6.16  87 1007.4   4.0   5.0   3.1 99.0 99.00
2024 04 04 02 20  79 13.3 16.5 99.00 99.00 99.00 999 1007.3   4.0   5.0   3.1 99.0 99.00
2024 04 04 02 30  76 13.4 17.1 99.00 99.00 99.00 999 1006.7   3.9   5.0   3.1 99.0 99.00
2024 04 04 02 40  80 13.0 16.3  3.75  8.33  6.35  92 1006.8   4.0   5.0   3.2 99.0 99.00
2024 04 04 02 50  77 14.2 19.4 99.00 99.00 99.00 999 1006.2   4.0   5.0   3.2 99.0 99.00
2024 04 04 03 00  77 13.9 18.4 99.00 99.00 99.00 999 1006.3   4.0   5.0   3.0 99.0 99.00
2024 04 04 03 10  77 14.1 18.3  3.94  9.09  6.45  99 1006.0   4.1   5.0   3.0 99.0 99.00
2024 04 04 03 20  77 14.2 19.1 99.00 99.00 99.00 999 1005.6   4.0   5.0   2.9 99.0 99.00
2024 04 04 03 30  76 14.2 17.9 99.00 99.00 99.00 999 1005.1   4.0   5.0   3.0 99.0 99.00
2024 04 04 03 40  75 14.8 19.0  3.90  9.09  6.60  93 1005.0   4.0   5.0   3.1 99.0 99.00
2024 04 04 03 50  73 14.0 18.4 99.00 99.00 99.00 999 1004.9   4.0   5.0   3.1 99.0 99.00
2024 04 04 04 00  73 14.0 17.5 99.00 99.00 99.00 999 1005.2   4.0   5.0   3.0 99.0 99.00
2024 04 04 04 10  74 13.2 17.1  3.93  9.09  6.51 100 1005.3   4.0   5.0   3.1 99.0 99.00
2024 04 04 04 20  71 13.7 18.0 99.00 99.00 99.00 999 1004.7   4.0   5.0   3.1 99.0 99.00
2024 04 04 04 30  71 14.7 18.8 99.00 99.00 99.00 999 1003.9   3.7   5.0   3.0 99.0 99.00
2024 04 04 04 40  68 14.3 18.9  4.34  8.33  6.74  90 1003.5   3.7   5.0   3.3 99.0 99.00
2024 04 04 04 50  67 14.4 18.7 99.00 99.00 99.00 999 1003.5   3.6   5.0   3.2 99.0 99.00
2024 04 04 05 00  66 14.1 19.2 99.00 99.00 99.00 999 1003.5   3.7   5.0   3.1 99.0 99.00
2024 04 04 05 10  64 14.8 19.2  4.70  9.09  7.03 105 1003.1   3.7   5.0   3.1 99.0 99.00
2024 04 04 05 20  65 14.4 17.9 99.00 99.00 99.00 999 1002.7   3.7   5.0   3.2 99.0 99.00
2024 04 04 05 30  64 15.3 19.1 99.00 99.00 99.00 999 1002.1   3.6   5.0   3.0 99.0 99.00
2024 04 04 05 40  63 14.8 18.7  4.45  9.09  7.07  97 1001.9   3.6   5.0   3.1 99.0 99.00
2024 04 04 05 50  66 14.7 19.5 99.00 99.00 99.00 999 1001.3   3.6   5.0   3.2 99.0 99.00
2024 04 04 06 00  64 16.3 21.2 99.00 99.00 99.00 999 1001.2   3.5   5.0   3.0 99.0 99.00
2024 04 04 06 10  67 15.7 20.3  5.03  9.09  7.39  93 1001.1   3.4   4.9   3.0 99.0 99.00
2024 04 04 06 20  68 16.8 22.5 99.00 99.00 99.00 999 1000.1   3.4   4.9   3.0 99.0 99.00
2024 04 04 06 30  69 16.5 21.9 99.00 99.00 99.00 999 1000.3   3.3   4.9   3.0 99.0 99.00
2024 04 04 06 40  67 16.4 22.6  4.62  9.09  6.98  98  999.8   3.3   4.9   3.0 99.0 99.00
2024 04 04 06 50  63 16.1 20.0 99.00 99.00 99.00 999  999.5   3.3   5.0   3.0 99.0 99.00
2024 04 04 07 00  67 16.2 22.5 99.00 99.00 99.00 999  999.5   3.4   4.9   3.0 99.0 99.00
2024 04 04 07 10  67 15.6 21.2  5.11  9.09  7.51  90  999.8   3.3   4.9   2.9 99.0 99.00
2024 04 04 07 20  66 15.2 20.2 99.00 99.00 99.00 999  999.5   3.3   5.0   2.9 99.0 99.00
2024 04 04 07 30  65 15.3 21.9 99.00 99.00 99.00 999  999.5   3.3   4.9   2.9 99.0 99.00
2024 04 04 07 40  69 15.8 21.4  5.48 10.00  7.70  89  999.3   3.3   4.9   2.8 99.0 99.00
2024 04 04 07 50  68 15.3 20.4 99.00 99.00 99.00 999  999.1   3.4   4.9   2.7 99.0 99.00
2024 04 04 08 00  68 15.0 19.8 99.00 99.00 99.00 999  999.3   3.5   4.9   2.5 99.0 99.00
2024 04 04 08 10  66 14.9 19.4  5.22 10.00  7.66  96  999.0   3.3   4.9   2.8 99.0 99.00
2024 04 04 08 20  66 15.8 20.3 99.00 99.00 99.00 999  998.3   3.2   4.9   2.7 99.0 99.00
2024 04 04 08 30  66 16.1 20.7 99.00 99.00 99.00 999  998.6   3.0   4.9   2.3 99.0 99.00
2024 04 04 08 40  65 15.3 21.0  5.36 10.00  7.68  82  999.1   3.0   4.9   2.5 99.0 99.00
2024 04 04 08 50  67 15.1 20.5 99.00 99.00 99.00 999  998.6   2.8   4.9   2.5 99.0 99.00
2024 04 04 09 00  68 16.0 19.8 99.00 99.00 99.00 999  998.3   2.8   4.9   2.4 99.0 99.00
2024 04 04 09 10  66 15.4 20.9  5.64 10.81  7.77  83  998.0   2.8   4.9   2.4 99.0 99.00
2024 04 04 09 20  63 15.0 20.6 99.00 99.00 99.00 999  998.1   2.6   4.9   2.3 99.0 99.00
2024 04 04 09 30  63 15.3 21.1 99.00 99.00 99.00 999  997.8   2.4   4.9   2.2 99.0 99.00
2024 04 04 09 40  63 14.7 20.0  5.74 10.81  7.92  87  997.7   2.5   4.9   2.5 99.0 99.00
2024 04 04 09 50  62 15.5 20.6 99.00 99.00 99.00 999  997.4   2.4   4.9   2.4 99.0 99.00
2024 04 04 10 00  59 15.1 19.9 99.00 99.00 99.00 999  997.1   2.4   4.9   2.4 99.0 99.00
2024 04 04 10 10  60 15.7 19.8  6.31 10.81  8.14  88  996.6   2.3   4.9   2.3 99.0 99.00
2024 04 04 10 20  61 15.3 19.9 99.00 99.00 99.00 999  995.9   2.4   4.9   2.4 99.0 99.00
2024 04 04 10 30  59 16.0 20.6 99.00 99.00 99.00 999  995.6   2.3   4.9   2.3 99.0 99.00
2024 04 04 10 40  61 15.5 21.1  5.89 11.43  8.12  88  995.5   2.4   4.9   2.4 99.0 99.00
2024 04 04 10 50  60 15.5 21.2 99.00 99.00 99.00 999  995.3   2.4   4.9   2.4 99.0 99.00
2024 04 04 11 00  62 15.6 20.0 99.00 99.00 99.00 999  995.5   2.5   4.9   2.5 99.0 99.00
2024 04 04 11 10  60 15.4 21.6  5.69 10.00  8.11  84  995.0   2.6   4.9   2.5 99.0 99.00
2024 04 04 11 20  59 15.1 20.8 99.00 99.00 99.00 999  994.6   2.6   4.9   2.4 99.0 99.00
2024 04 04 11 30  58 15.3 19.9 99.00 99.00 99.00 999  994.2   2.7   4.9   2.4 99.0 99.00
2024 04 04 11 40  58 16.5 21.4  6.29 11.43  8.42  83  993.8   2.7   4.9   2.2 99.0 99.00
2024 04 04 11 50  58 16.2 21.7 99.00 99.00 99.00 999  993.2   2.9   4.9   2.2 99.0 99.00
2024 04 04 12 00  57 16.4 21.5 99.00 99.00 99.00 999  993.1   2.8   4.9   2.3 99.0 99.00
2024 04 04 12 10  55 16.0 21.7  6.73 12.12  8.75  91  992.8   2.8   4.9   2.3 99.0 99.00
2024 04 04 12 20  54 16.5 21.5 99.00 99.00 99.00 999  992.1   2.9   4.9   2.3 99.0 99.00
2024 04 04 12 30  54 16.1 20.7 99.00 99.00 99.00 999  991.4   3.1   4.9   2.4 99.0 99.00
2024 04 04 12 40  58 16.5 23.0  6.30 11.43  8.37  83  991.3   3.4   4.9   2.4 99.0 99.00
2024 04 04 12 50  60 16.4 22.8 99.00 99.00 99.00 999  991.3   3.5   4.9   2.5 99.0 99.00
2024 04 04 13 00  61 16.8 23.4 99.00 99.00 99.00 999  990.7   3.4   4.9   2.4 99.0 99.00
2024 04 04 13 10  62 17.4 23.7  6.65 12.12  8.63  95  990.6   3.3   4.9   2.6 99.0 99.00
2024 04 04 13 20  64 17.1 24.2 99.00 99.00 99.00 999  990.5   3.2   4.9   2.7 99.0 99.00
2024 04 04 13 30  65 17.2 23.7 99.00 99.00 99.00 999  990.8   3.2   4.9   3.0 99.0 99.00
2024 04 04 13 40  66 17.4 23.6  6.68 11.43  8.36  83  990.4   3.2   4.9   3.0 99.0 99.00
2024 04 04 13 50  65 17.1 24.6 99.00 99.00 99.00 999  990.7   3.2   4.9   3.2 99.0 99.00
2024 04 04 14 00  66 16.5 23.1 99.00 99.00 99.00 999  991.0   3.3   4.9   3.1 99.0 99.00
2024 04 04 14 10  60 14.1 19.6  7.04 12.90  8.98  86  991.1   3.5   4.9   2.9 99.0 99.00
2024 04 04 14 20  61 14.7 21.7 99.00 99.00 99.00 999  991.2   3.6   4.9   2.8 99.0 99.00
2024 04 04 14 30  61 12.5 17.9 99.00 99.00 99.00 999  991.5   3.7   4.9   2.7 99.0 99.00
2024 04 04 14 40  60 12.3 16.8  6.50 12.12  8.64  78  991.4   3.8   4.9   2.5 99.0 99.00
2024 04 04 14 50  53 11.4 15.7 99.00 99.00 99.00 999  991.1   3.8   5.0   2.8 99.0 99.00
2024 04 04 15 00  52 11.6 17.2 99.00 99.00 99.00 999  990.8   3.8   5.0   2.9 99.0 99.00
2024 04 04 15 10  50 11.6 15.9  6.69 12.12  8.72  72  990.4   3.8   5.0   3.0 99.0 99.00
2024 04 04 15 20  50 12.0 17.2 99.00 99.00 99.00 999  990.0   3.9   5.0   3.2 99.0 99.00
2024 04 04 15 30  45 11.3 15.7 99.00 99.00 99.00 999  989.6   3.9 999.0   3.4 99.0 99.00
2024 04 04 15 40  49 12.2 16.6  6.99 12.12  9.17  90  989.4   3.9 999.0   3.6 99.0 99.00
2024 04 04 15 50  52 12.3 17.3 99.00 99.00 99.00 999  989.3   4.0 999.0   3.7 99.0 99.00
2024 04 04 16 00  50 11.8 16.0 99.00 99.00 99.00 999  989.0   4.0 999.0   3.8 99.0 99.00
2024 04 04 16 10  48 11.5 15.5  7.13 12.90  9.34  90  988.8   4.1 999.0   4.0 99.0 99.00
2024 04 04 16 20  46 11.6 15.3 99.00 99.00 99.00 999  988.6   4.1 999.0   4.0 99.0 99.00
2024 04 04 16 30  44 11.5 14.9 99.00 99.00 99.00 999  988.4   4.2 999.0   4.2 99.0 99.00
2024 04 04 16 40  42 11.4 14.4  6.55 12.90  9.03  78  988.3   4.3 999.0   4.3 99.0 99.00
2024 04 04 16 50  39 10.6 14.5 99.00 99.00 99.00 999  988.2   4.4 999.0   4.4 99.0 99.00
2024 04 04 17 00  38 10.6 14.4 99.00 99.00 99.00 999  988.1   4.4 999.0   4.4 99.0 99.00
2024 04 04 17 10  37 10.4 14.4  6.98 12.90  9.20  74  987.9   4.4 999.0   4.4 99.0 99.00
2024 04 04 17 20  38 11.1 15.4 99.00 99.00 99.00 999  987.6   4.4 999.0   4.4 99.0 99.00
2024 04 04 17 30  32 10.8 13.9 99.00 99.00 99.00 999  987.5   4.4 999.0   4.4 99.0 99.00
2024 04 04 17 40  33 10.8 14.2  6.02 12.90  8.50  85  987.4   4.5 999.0   4.5 99.0 99.00
2024 04 04 17 50  29 11.1 14.2 99.00 99.00 99.00 999  987.2   4.4 999.0   4.4 99.0 99.00
2024 04 04 18 00  27 10.9 14.0 99.00 99.00 99.00 999  987.1   4.4 999.0   4.4 99.0 99.00
2024 04 04 18 10  23 11.4 14.3  6.25 12.12  8.96  85  986.9   4.4 999.0   4.4 99.0 99.00
2024 04 04 18 20  18 11.9 15.2 99.00 99.00 99.00 999  986.7   4.4 999.0   4.4 99.0 99.00
2024 04 04 18 30  17 11.9 15.3 99.00 99.00 99.00 999  986.7   4.3 999.0   4.3 99.0 99.00
2024 04 04 18 40  14 12.3 16.3  6.70 11.43  8.96  89  986.8   4.3 999.0   4.3 99.0 99.00
2024 04 04 18 50  14 12.5 16.0 99.00 99.00 99.00 999  986.7   4.2 999.0   4.2 99.0 99.00
2024 04 04 19 00  10 12.8 16.0 99.00 99.00 99.00 999  986.7   4.3 999.0   4.3 99.0 99.00
2024 04 04 19 10  12 13.1 16.7  6.32 13.79  8.95  76  986.8   4.3 999.0   4.3 99.0 99.00
2024 04 04 19 20  10 12.8 16.5 99.00 99.00 99.00 999  986.9   4.3 999.0   4.3 99.0 99.00
2024 04 04 19 30   6 12.7 16.4 99.00 99.00 99.00 999  987.0   4.3 999.0   4.3 99.0 99.00
2024 04 04 19 40   4 12.9 16.6  5.45 12.90  8.23  79  987.0   4.3 999.0   4.3 99.0 99.00
2024 04 04 19 50 360 12.8 15.9 99.00 99.00 99.00 999  987.4   4.3 999.0   4.2 99.0 99.00
2024 04 04 20 00 357 12.6 17.2 99.00 99.00 99.00 999  987.5   4.4 999.0   4.2 99.0 99.00
2024 04 04 20 10 354 12.7 16.0  5.55 12.90  8.27  78  987.7   4.4 999.0   4.1 99.0 99.00
2024 04 04 20 20 354 12.4 16.0 99.00 99.00 99.00 999  987.9   4.3 999.0   4.0 99.0 99.00
2024 04 04 20 30 352 12.6 16.4 99.00 99.00 99.00 999  988.0   4.3 999.0   4.0 99.0 99.00
2024 04 04 20 40 349 13.7 18.0  5.48 11.43  8.10  88  988.3   4.0 999.0   3.8 99.0 99.00
2024 04 04 20 50 350 14.0 18.0 99.00 99.00 99.00 999  988.6   3.9 999.0   3.7 99.0 99.00
2024 04 04 21 00 348 13.8 17.5 99.00 99.00 99.00 999  988.6   3.8 999.0   3.7 99.0 99.00
2024 04 04 21 10 347 14.6 19.1  5.88 12.12  8.45  93  989.0   3.5 999.0   3.4 99.0 99.00
2024 04 04 21 20 345 14.1 18.6 99.00 99.00 99.00 999  989.3   3.5 999.0   3.4 99.0 99.00
2024 04 04 21 30 343 13.8 18.6 99.00 99.00 99.00 999  989.5   3.4 999.0   3.3 99.0 99.00
2024 04 04 21 40 338 13.9 18.3  5.38 13.79  8.38  71  989.8   3.2 999.0   3.1 99.0 99.00
2024 04 04 21 50 334 14.1 18.3 99.00 99.00 99.00 999  990.3   3.0 999.0   2.8 99.0 99.00
2024 04 04 22 00 332 14.0 18.0 99.00 99.00 99.00 999  990.7   2.9 999.0   2.7 99.0 99.00
2024 04 04 22 10 328 13.3 17.9  5.36 12.90  8.17  79  990.9   2.6 999.0   2.3 99.0 99.00
2024 04 04 22 20 320 13.1 17.5 99.00 99.00 99.00 999  991.3   2.3 999.0   2.0 99.0 99.00
2024 04 04 22 30 312 11.4 15.2 99.00 99.00 99.00 999  991.7   2.2 999.0   1.9 99.0 99.00
2024 04 04 22 40 305 10.9 14.6  4.88 12.12  7.86  71  991.9   2.0 999.0   1.7 99.0 99.00
2024 04 04 22 50 302 10.7 14.3 99.00 99.00 99.00 999  992.2   1.9 999.0   1.7 99.0 99.00
2024 04 04 23 00 300 10.6 15.1 99.00 99.00 99.00 999  992.3   1.9 999.0   1.8 99.0 99.00
2024 04 04 23 10 299 11.2 14.9  4.59 12.12  7.75  74  992.4   1.8 999.0   1.7 99.0 99.00
2024 04 04 23 20 299 11.1 14.8 99.00 99.00 99.00 999  992.4   1.9 999.0   1.8 99.0 99.00
2024 04 04 23 30 300 11.1 15.4 99.00 99.00 99.00 999  992.5   1.9 999.0   1.8 99.0 99.00
2024 04 04 23 40 304 11.7 15.3  4.43 12.90  7.56  81  992.4   1.9 999.0   1.7 99.0 99.00
2024 04 04 23 50 304 12.2 17.0 99.00 99.00 99.00 999  992.6   1.9 999.0   1.6 99.0 99.00
2024 04 05 00 00 299 11.9 15.6 99.00 99.00 99.00 999  992.8   2.0 999.0   1.6 99.0 99.00
2024 04 05 00 10 297 12.0 15.9  4.32 12.90  7.56  77  993.1   2.0 999.0   1.5 99.0 99.00
2024 04 05 00 20 296 11.7 15.3 99.00 99.00 99.00 999  993.3   2.1 999.0   1.5 99.0 99.00
2024 04 05 00 30 296 11.8 16.9 99.00 99.00 99.00 999  993.5   2.2 999.0   1.4 99.0 99.00
2024 04 05 00 40 298 11.9 17.1  4.56 11.43  7.77  81  993.5   2.2 999.0   1.2 99.0 99.00
2024 04 05 00 50 298 11.8 15.1 99.00 99.00 99.00 999  993.6   2.3 999.0   1.3 99.0 99.00
2024 04 05 01 00 296 11.7 15.3 99.00 99.00 99.00 999  993.7   2.3 999.0   1.2 99.0 99.00
2024 04 05 01 10 297 11.6 15.2  4.21 13.79  7.95  71  993.7   2.3 999.0   1.2 99.0 99.00
2024 04 05 01 20 302 11.8 15.7 99.00 99.00 99.00 999  993.9   2.3 999.0   1.2 99.0 99.00
2024 04 05 01 30 296 11.8 15.2 99.00 99.00 99.00 999  994.0   2.3 999.0   1.1 99.0 99.00
2024 04 05 01 40 298 11.7 15.2  4.13 12.90  7.76  80  993.9   2.3 999.0   1.1 99.0 99.00
2024 04 05 01 50 299 11.8 15.2 99.00 99.00 99.00 999  994.0   2.3 999.0   1.0 99.0 99.00
2024 04 05 02 00 300 11.3 14.4 99.00 99.00 99.00 999  994.0   2.4 999.0   1.0 99.0 99.00
2024 04 05 02 10 296 11.2 14.2  3.53 12.90  7.32  66  994.1   2.5 999.0   1.0 99.0 99.00
2024 04 05 02 20 298 11.3 14.3 99.00 99.00 99.00 999  994.2   2.5 999.0   0.9 99.0 99.00
2024 04 05 02 30 299 11.1 14.4 99.00 99.00 99.00 999  994.3   2.6 999.0   0.8 99.0 99.00
2024 04 05 02 40 301 10.7 14.8  3.89 12.90  7.82  81  994.3   2.6 999.0   0.8 99.0 99.00
2024 04 05 02 50 301 10.7 15.1 99.00 99.00 99.00 999  994.4   2.6 999.0   0.7 99.0 99.00
2024 04 05 03 00 302 10.4 13.4 99.00 99.00 99.00 999  994.4   2.7 999.0   0.9 99.0 99.00
2024 04 05 03 10 301 10.2 13.4  3.58 12.90  7.30  66  994.4   2.7 999.0   0.8 99.0 99.00
2024 04 05 03 20 300 10.1 13.8 99.00 99.00 99.00 999  994.7   2.7 999.0   0.8 99.0 99.00
2024 04 05 03 30 297 10.0 13.1 99.00 99.00 99.00 999  994.8   2.7 999.0   0.6 99.0 99.00
2024 04 05 03 40 294  9.5 13.0  3.46 12.90  7.42  66  994.9   2.8 999.0   0.9 99.0 99.00
2024 04 05 03 50 296  9.7 12.8 99.00 99.00 99.00 999  995.0   2.7 999.0   0.7 99.0 99.00
2024 04 05 04 00 297  9.7 12.6 99.00 99.00 99.00 999  994.9   2.8 999.0   0.7 99.0 99.00
2024 04 05 04 10 294 10.0 12.9  3.23 12.90  7.19  72  995.1   2.7 999.0   0.6 99.0 99.00
2024 04 05 04 20 291  9.6 12.6 99.00 99.00 99.00 999  995.1   2.8 999.0   0.8 99.0 99.00
2024 04 05 04 30 292  9.6 12.4 99.00 99.00 99.00 999  995.3   2.8 999.0   0.8 99.0 99.00
2024 04 05 04 40 287  9.6 12.7  3.07 12.12  7.14  82  995.2   2.8 999.0   0.8 99.0 99.00
2024 04 05 04 50 292 10.2 13.4 99.00 99.00 99.00 999  995.2   2.7 999.0   0.7 99.0 99.00
2024 04 05 05 00 291  9.6 13.8 99.00 99.00 99.00 999  995.2   2.7 999.0   0.9 99.0 99.00
2024 04 05 05 10 288  9.7 13.3  3.61 12.90  8.02  78  995.2   2.8 999.0   1.0 99.0 99.00
2024 04 05 05 20 290  9.6 12.6 99.00 99.00 99.00 999  995.3   2.7 999.0   1.1 99.0 99.00
2024 04 05 05 30 291 10.1 13.0 99.00 99.00 99.00 999  995.3   2.6 999.0   1.0 99.0 99.00
2024 04 05 05 40 288  9.9 13.3  3.04 10.81  7.05  67  995.5   2.6 999.0   1.1 99.0 99.00
2024 04 05 05 50 288  9.7 12.7 99.00 99.00 99.00 999  995.4   2.6 999.0   1.1 99.0 99.00
2024 04 05 06 00 285  9.9 13.4 99.00 99.00 99.00 999  995.6   2.6 999.0   1.1 99.0 99.00
2024 04 05 06 10 282  9.9 12.9  3.19 12.12  7.43  80  995.7   2.6 999.0   1.0 99.0 99.00
2024 04 05 06 20 285 10.3 14.2 99.00 99.00 99.00 999  995.6   2.7 999.0   1.0 99.0 99.00
2024 04 05 06 30 285 10.1 14.3 99.00 99.00 99.00 999  995.6   2.8 999.0   0.9 99.0 99.00
2024 04 05 06 40 287 10.3 13.7  2.92 12.12  7.13  75  995.6   2.8 999.0   0.9 99.0 99.00
2024 04 05 06 50 286 10.1 12.8 99.00 99.00 99.00 999  995.6   2.9 999.0   1.0 99.0 99.00
2024 04 05 07 00 284 10.1 13.1 99.00 99.00 99.00 999  995.6   2.9 999.0   1.0 99.0 99.00
2024 04 05 07 10 284 10.4 13.8  3.21 12.12  7.57  68  995.6   2.9 999.0   0.9 99.0 99.00
2024 04 05 07 20 285 10.2 13.6 99.00 99.00 99.00 999  995.6   2.9 999.0   0.9 99.0 99.00
2024 04 05 07 30 284 10.4 14.2 99.00 99.00 99.00 999  995.7   2.9 999.0   0.9 99.0 99.00
2024 04 05 07 40 281  9.9 13.2  2.84 12.12  6.94  70  995.8   3.0 999.0   1.1 99.0 99.00
2024 04 05 07 50 284 10.0 13.3 99.00 99.00 99.00 999  995.8   2.9 999.0   0.9 99.0 99.00
2024 04 05 08 00 282 10.1 13.2 99.00 99.00 99.00 999  995.8   2.9 999.0   0.9 99.0 99.00
2024 04 05 08 10 280 10.3 13.2  2.72 12.12  6.94  75  995.9   3.0 999.0   1.0 99.0 99.00
2024 04 05 08 20 283 10.4 13.9 99.00 99.00 99.00 999  995.9   2.9 999.0   0.8 99.0 99.00
2024 04 05 08 30 284 10.1 14.1 99.00 99.00 99.00 999  995.8   3.0 999.0   1.0 99.0 99.00
2024 04 05 08 40 283 10.0 13.1  2.88 12.12  7.20  83  995.9   3.0 999.0   0.9 99.0 99.00
2024 04 05 08 50 281 10.2 14.6 99.00 99.00 99.00 999  996.0   3.0 999.0   1.0 99.0 99.00
2024 04 05 09 00 284 10.3 13.3 99.00 99.00 99.00 999  996.0   3.0 999.0   1.0 99.0 99.00
2024 04 05 09 10 282  9.8 13.2  2.46 11.43  6.51  80  996.1   3.0 999.0   1.1 99.0 99.00
2024 04 05 09 20 281 10.0 13.4 99.00 99.00 99.00 999  996.1   2.9 999.0   1.1 99.0 99.00
2024 04 05 09 30 278 10.0 12.5 99.00 99.00 99.00 999  996.2   2.8 999.0   1.1 99.0 99.00
2024 04 05 09 40 278 10.0 12.7  2.29 11.43  6.45  75  996.2   2.8 999.0   1.1 99.0 99.00
2024 04 05 09 50 280  9.5 12.5 99.00 99.00 99.00 999  996.3   2.9 999.0   1.3 99.0 99.00
2024 04 05 10 00 277  9.5 11.7 99.00 99.00 99.00 999  996.3   2.9 999.0   1.2 99.0 99.00
2024 04 05 10 10 277  9.6 12.1  2.26 12.12  6.36  67  996.5   2.9 999.0   1.2 99.0 99.00
2024 04 05 10 20 275  9.9 12.7 99.00 99.00 99.00 999  996.5   2.9 999.0   1.1 99.0 99.00
2024 04 05 10 30 276 10.0 12.9 99.00 99.00 99.00 999  996.6   2.8 999.0   1.0 99.0 99.00
2024 04 05 10 40 273  9.7 13.2  2.13 12.12  6.08  83  996.6   2.7 999.0   0.8 99.0 99.00
2024 04 05 10 50 270  9.7 12.4 99.00 99.00 99.00 999  996.7   2.8 999.0   0.9 99.0 99.00
2024 04 05 11 00 272  9.6 12.6 99.00 99.00 99.00 999  996.8   2.8 999.0   0.8 99.0 99.00
2024 04 05 11 10 272  9.8 12.4  2.10 12.12  6.33  88  996.8   2.8 999.0   0.7 99.0 99.00
2024 04 05 11 20 271  9.7 12.7 99.00 99.00 99.00 999  996.8   2.7 999.0   0.6 99.0 99.00
2024 04 05 11 30 273  9.6 12.3 99.00 99.00 99.00 999  996.8   2.7 999.0   0.5 99.0 99.00
2024 04 05 11 40 273  9.0 11.5  1.95 11.43  5.85 113  996.8   2.8 999.0   0.6 99.0 99.00
2024 04 05 11 50 271  9.2 12.7 99.00 99.00 99.00 999  996.8   2.8 999.0   0.4 99.0 99.00
2024 04 05 12 00 269  9.3 12.0 99.00 99.00 99.00 999  996.8   2.9 999.0   0.3 99.0 99.00
2024 04 05 12 10 271  9.3 12.0  1.97 12.12  6.10  79  996.9   3.0 999.0   0.2 99.0 99.00
2024 04 05 12 20 274  9.2 11.5 99.00 99.00 99.00 999  996.8   3.1 999.0   0.3 99.0 99.00
2024 04 05 12 30 273  9.9 12.4 99.00 99.00 99.00 999  996.8   3.1 999.0   0.0 99.0 99.00
2024 04 05 12 40 273  9.3 12.0  1.83 12.12  5.86  68  996.8   3.1 999.0   0.0 99.0 99.00
2024 04 05 12 50 278  9.0 11.8 99.00 99.00 99.00 999  996.8   3.2 999.0   0.1 99.0 99.00
2024 04 05 13 00 281  9.1 12.0 99.00 99.00 99.00 999  996.8   3.3 999.0  -0.1 99.0 99.00
2024 04 05 13 10 283  9.3 12.5  2.02 11.43  6.15  71  996.8   3.3 999.0  -0.1 99.0 99.00
2024 04 05 13 20 281  9.2 11.9 99.00 99.00 99.00 999  996.8   3.3 999.0  -0.1 99.0 99.00
2024 04 05 13 30 283  9.0 12.0 99.00 99.00 99.00 999  996.9   3.4 999.0   0.1 99.0 99.00
2024 04 05 13 40 284  9.2 11.2  1.99 11.43  6.08  65  996.9   3.3 999.0  -0.2 99.0 99.00
2024 04 05 13 50 283  9.1 11.9 99.00 99.00 99.00 999  997.0   3.4 999.0  -0.1 99.0 99.00
2024 04 05 14 00 288  8.9 11.0 99.00 99.00 99.00 999  997.1   3.4 999.0  -0.2 99.0 99.00
2024 04 05 14 10 284  8.9 11.1  1.83 11.43  5.87  99  997.1   3.5 999.0  -0.1 99.0 99.00
2024 04 05 14 20 284  8.4 10.9 99.00 99.00 99.00 999  997.1   3.6 999.0  -0.1 99.0 99.00
2024 04 05 14 30 284  8.2 10.7 99.00 99.00 99.00 999  997.3   3.8 999.0   0.2 99.0 99.00
2024 04 05 14 40 283  8.3 11.2  1.85 11.43  6.11  80  997.4   3.9 999.0   0.1 99.0 99.00
2024 04 05 14 50 287  8.4 10.3 99.00 99.00 99.00 999  997.5   4.0 999.0   0.0 99.0 99.00
2024 04 05 15 00 285  8.2 10.2 99.00 99.00 99.00 999  997.6   4.1 999.0   0.0 99.0 99.00
2024 04 05 15 10 287  8.1  9.7  1.84 11.43  6.10  77  997.6   4.2 999.0  -0.1 99.0 99.00
2024 04 05 15 20 293  8.0  9.9 99.00 99.00 99.00 999  997.6   4.3 999.0  -0.1 99.0 99.00
2024 04 05 15 30 291  7.7  9.4 99.00 99.00 99.00 999  997.6   4.4 999.0   0.1 99.0 99.00
2024 04 05 15 40 292  7.4  9.0 99.00 99.00 99.00 999  997.7   4.4 999.0   0.2 99.0 99.00
2024 04 05 15 50 287  8.2 10.3 99.00 99.00 99.00 999  997.7   4.5 999.0   0.0 99.0 99.00
2024 04 05 16 00 287  7.9  9.8 99.00 99.00 99.00 999  997.8   4.6 999.0   0.0 99.0 99.00
2024 04 05 16 10 282  7.7 10.0  1.70 11.43  6.07  77  997.9   4.7 999.0  -0.1 99.0 99.00
2024 04 05 16 20 282  7.4  9.2 99.00 99.00 99.00 999  997.9   4.8 999.0   0.0 99.0 99.00
2024 04 05 16 30 285  7.7  9.8 99.00 99.00 99.00 999  997.9   4.9 999.0   0.0 99.0 99.00
2024 04 05 16 40 287  7.1  9.2  1.73 11.43  6.22  82  998.0   4.9 999.0   0.1 99.0 99.00
2024 04 05 16 50 289  7.2  9.2 99.00 99.00 99.00 999  998.0   5.0 999.0   0.3 99.0 99.00
2024 04 05 17 00 296  7.3  9.1 99.00 99.00 99.00 999  998.0   5.0 999.0   0.3 99.0 99.00
2024 04 05 17 10 303  7.7 10.0  1.57 10.81  6.12  84  998.0   5.0 999.0   0.4 99.0 99.00
2024 04 05 17 20 300  6.9  9.1 99.00 99.00 99.00 999  998.1   5.0 999.0   0.5 99.0 99.00
2024 04 05 17 30 296  7.5  9.6 99.00 99.00 99.00 999  998.2   5.1 999.0   0.5 99.0 99.00
2024 04 05 17 40 295  8.6 10.6  1.70 11.43  6.36  78  998.2   5.1 999.0   0.4 99.0 99.00
2024 04 05 17 50 298  8.6 10.8 99.00 99.00 99.00 999  998.3   5.0 999.0   0.3 99.0 99.00
2024 04 05 18 00 298  7.4  9.3 99.00 99.00 99.00 999  998.3   5.0 999.0   0.5 99.0 99.00
2024 04 05 18 10 293  7.5  9.6  1.47 12.12  5.88  78  998.3   5.2 999.0   0.5 99.0 99.00
2024 04 05 18 20 290  7.1  9.3 99.00 99.00 99.00 999  998.4   5.3 999.0   0.8 99.0 99.00
2024 04 05 18 30 283  7.9 10.0 99.00 99.00 99.00 999  998.5   5.2 999.0   0.6 99.0 99.00
2024 04 05 18 40 281  8.0  9.6  1.56 10.81  5.72  87  998.5   5.3 999.0   0.5 99.0 99.00
2024 04 05 18 50 282  7.7  9.9 99.00 99.00 99.00 999  998.6   5.4 999.0   0.6 99.0 99.00
2024 04 05 19 00 287  7.8 10.7 99.00 99.00 99.00 999  998.6   5.5 999.0   0.7 99.0 99.00
2024 04 05 19 10 290  7.8 10.1  1.70 12.12  6.41  74  998.6   5.5 999.0   0.8 99.0 99.00
2024 04 05 19 20 282  8.0 10.4 99.00 99.00 99.00 999  998.6   5.5 999.0   0.6 99.0 99.00
2024 04 05 19 30 283  7.5  9.9 99.00 99.00 99.00 999  998.6   5.5 999.0   0.6 99.0 99.00
2024 04 05 19 40 280  7.6  9.7  1.50 10.81  5.67  92  998.5   5.6 999.0   0.7 99.0 99.00
2024 04 05 19 50 285  7.5  9.2 99.00 99.00 99.00 999  998.5   5.7 999.0   0.7 99.0 99.00
2024 04 05 20 00 279  7.0  8.9 99.00 99.00 99.00 999  998.6   5.7 999.0   1.1 99.0 99.00
2024 04 05 20 10 279  8.0 10.1  1.54 10.81  6.17  68  998.7   5.7 999.0   1.0 99.0 99.00
2024 04 05 20 20 282  7.9  9.7 99.00 99.00 99.00 999  998.8   5.7 999.0   0.8 99.0 99.00
2024 04 05 20 30 280  7.2  9.0 99.00 99.00 99.00 999  998.8   5.8 999.0   1.2 99.0 99.00
2024 04 05 20 40 281  7.4 10.3  1.46 11.43  5.98  91  998.8   5.8 999.0   1.1 99.0 99.00
2024 04 05 20 50 284  6.7  8.7 99.00 99.00 99.00 999  999.0   5.8 999.0   1.2 99.0 99.00
2024 04 05 21 00 288  6.9  8.9 99.00 99.00 99.00 999  999.1   5.8 999.0   1.3 99.0 99.00
2024 04 05 21 10 289  6.9  8.7  1.40 11.43  5.73  80  999.3   5.9 999.0   1.3 99.0 99.00
2024 04 05 21 20 289  6.6  8.5 99.00 99.00 99.00 999  999.4   5.9 999.0   1.4 99.0 99.00
2024 04 05 21 30 287  7.0  9.5 99.00 99.00 99.00 999  999.5   5.9 999.0   1.5 99.0 99.00
2024 04 05 21 40 290  7.9 10.3  1.49 10.81  5.84  90  999.6   6.0 999.0   1.2 99.0 99.00
2024 04 05 21 50 286  7.3  8.9 99.00 99.00 99.00 999  999.7   5.9 999.0   1.4 99.0 99.00
2024 04 05 22 00 283  7.7  9.8 99.00 99.00 99.00 999  999.8   5.9 999.0   1.3 99.0 99.00
2024 04 05 22 10 282  7.5  9.5  1.49 12.12  5.93  87  999.9   5.8 999.0   1.4 99.0 99.00
2024 04 05 22 20 285  7.5  9.5 99.00 99.00 99.00 999 1000.0   5.8 999.0   1.4 99.0 99.00
2024 04 05 22 30 287  8.2 10.3 99.00 99.00 99.00 999 1000.1   5.9 999.0   1.3 99.0 99.00
2024 04 05 22 40 281  7.6  9.7  1.27 10.81  5.18  88 1000.1   5.8 999.0   1.6 99.0 99.00
2024 04 05 22 50 282  8.1 10.9 99.00 99.00 99.00 999 1000.1   5.8 999.0   1.4 99.0 99.00
2024 04 05 23 00 286  8.6 10.6 99.00 99.00 99.00 999 1000.2   5.7 999.0   1.3 99.0 99.00
2024 04 05 23 10 285  8.2 10.5  1.37 10.81  5.22  93 1000.3   5.7 999.0   1.4 99.0 99.00
2024 04 05 23 20 285  8.5 10.7 99.00 99.00 99.00 999 1000.4   5.8 999.0   1.2 99.0 99.00
2024 04 05 23 30 282  7.7 10.8 99.00 99.00 99.00 999 1000.4   5.7 999.0   1.4 99.0 99.00
2024 04 05 23 40 281  8.0 10.6  1.25 10.00  5.02 105 1000.5   5.7 999.0   1.4 99.0 99.00
2024 04 05 23 50 282  8.6 10.8 99.00 99.00 99.00 999 1000.6   5.7 999.0   1.4 99.0 99.00
2024 04 06 00 00 280  8.3 11.3 99.00 99.00 99.00 999 1000.7   5.6 999.0   1.3 99.0 99.00
2024 04 06 00 10 278  7.8 10.3  1.25 10.81  4.92 104 1000.8   5.6 999.0   1.6 99.0 99.00
2024 04 06 00 20 278  7.7  9.8 99.00 99.00 99.00 999 1000.9   5.5 999.0   1.5 99.0 99.00
2024 04 06 00 30 280  8.1 10.3 99.00 99.00 99.00 999 1001.0   5.5 999.0   1.5 99.0 99.00
2024 04 06 00 40 279  8.2 10.9  1.13 10.81  4.64  85 1001.1   5.5 999.0   1.4 99.0 99.00
2024 04 06 00 50 279  8.3 11.2 99.00 99.00 99.00 999 1001.1   5.5 999.0   1.4 99.0 99.00
2024 04 06 01 00 282  8.1 11.8 99.00 99.00 99.00 999 1001.2   5.5 999.0   1.5 99.0 99.00
2024 04 06 01 10 284  8.7 10.7  1.09 10.81  4.75  96 1001.2   5.4 999.0   1.3 99.0 99.00
2024 04 06 01 20 288  8.2 10.3 99.00 99.00 99.00 999 1001.2   5.4 999.0   1.4 99.0 99.00
2024 04 06 01 30 288  8.6 10.7 99.00 99.00 99.00 999 1001.2   5.3 999.0   1.4 99.0 99.00
2024 04 06 01 40 288  8.3 10.8  1.03 10.81  4.41  97 1001.2   5.2 999.0   1.4 99.0 99.00
2024 04 06 01 50 289  8.5 10.3 99.00 99.00 99.00 999 1001.2   5.1 999.0   1.5 99.0 99.00
2024 04 06 02 00 286  8.6 11.0 99.00 99.00 99.00 999 1001.2   5.0 999.0   1.7 99.0 99.00
2024 04 06 02 10 282  8.3 10.7  1.07 10.81  4.46  73 1001.2   4.9 999.0   1.6 99.0 99.00
2024 04 06 02 20 284  8.3 10.0 99.00 99.00 99.00 999 1001.2   5.0 999.0   1.7 99.0 99.00
2024 04 06 02 30 286  8.1 10.0 99.00 99.00 99.00 999 1001.2   5.0 999.0   1.7 99.0 99.00
2024 04 06 02 40 288  8.3  9.9  1.09 10.81  4.60  83 1001.1   5.0 999.0   1.7 99.0 99.00
2024 04 06 02 50 292  7.6  9.8 99.00 99.00 99.00 999 1001.2   5.0 999.0   1.8 99.0 99.00
2024 04 06 03 00 283  7.3  9.1 99.00 99.00 99.00 999 1001.2   5.0 999.0   1.7 99.0 99.00
2024 04 06 03 10 281  6.9  8.1  0.99 10.81  4.30  82 1001.3   5.1 999.0   1.9 99.0 99.00
2024 04 06 03 20 281  7.0  8.8 99.00 99.00 99.00 999 1001.4   5.1 999.0   1.8 99.0 99.00
2024 04 06 03 30 284  6.7  8.6 99.00 99.00 99.00 999 1001.4   5.1 999.0   1.6 99.0 99.00
2024 04 06 03 40 290  6.6  8.0  1.03 10.81  4.56  90 1001.4   5.1 999.0   1.6 99.0 99.00
2024 04 06 03 50 289  6.5  8.1 99.00 99.00 99.00 999 1001.5   5.1 999.0   1.6 99.0 99.00
2024 04 06 04 00 296  6.3  7.8 99.00 99.00 99.00 999 1001.5   5.1 999.0   1.6 99.0 99.00
2024 04 06 04 10 299  6.8  8.6  0.96 10.81  4.35  82 1001.6   5.0 999.0   1.6 99.0 99.00
2024 04 06 04 20 302  7.3  8.9 99.00 99.00 99.00 999 1001.7   4.8 999.0   1.6 99.0 99.00
2024 04 06 04 30 306  6.9  8.4 99.00 99.00 99.00 999 1001.7   4.6 999.0   1.6 99.0 99.00
2024 04 06 04 40 301  6.2  7.5  0.91 10.81  4.43  82 1001.7   4.6 999.0   1.7 99.0 99.00
2024 04 06 04 50 311  5.7  7.0 99.00 99.00 99.00 999 1001.8   4.6 999.0   1.7 99.0 99.00
2024 04 06 05 00 335  4.9  6.8 99.00 99.00 99.00 999 1001.9   4.5 999.0   1.8 99.0 99.00
2024 04 06 05 10 336  4.0  5.1  0.93 10.81  4.87  83 1001.8   4.3 999.0   1.7 99.0 99.00
2024 04 06 05 20 339  4.0  5.2 99.00 99.00 99.00 999 1001.9   4.4 999.0   1.4 99.0 99.00
2024 04 06 05 30 358  2.9  3.8 99.00 99.00 99.00 999 1001.9   4.2 999.0   1.1 99.0 99.00
2024 04 06 05 40 350  2.3  2.9  0.91 10.00  5.48  80 1001.7   4.1 999.0   1.2 99.0 99.00
2024 04 06 05 50 337  2.2  2.8 99.00 99.00 99.00 999 1001.7   4.2 999.0   1.5 99.0 99.00
2024 04 06 06 00 320  2.3  3.3 99.00 99.00 99.00 999 1001.7   4.3 999.0   1.6 99.0 99.00
2024 04 06 06 10 303  2.9  4.2  0.84 10.00  5.22  88 1001.7   4.4 999.0   1.6 99.0 99.00
2024 04 06 06 20 312  4.0  5.5 99.00 99.00 99.00 999 1001.8   4.5 999.0   1.8 99.0 99.00
2024 04 06 06 30 313  5.5  7.6 99.00 99.00 99.00 999 1001.9   4.5 999.0   1.9 99.0 99.00
2024 04 06 06 40 323  5.7  7.3  0.87 10.00  5.45  94 1001.9   4.4 999.0   2.1 99.0 99.00
2024 04 06 06 50 314  6.7  8.1 99.00 99.00 99.00 999 1001.9   4.1 999.0   2.0 99.0 99.00
2024 04 06 07 00 313  6.2  7.6 99.00 99.00 99.00 999 1002.0   4.0 999.0   2.0 99.0 99.00
2024 04 06 07 10 323  6.2  7.4  0.88 10.00  5.20  86 1002.0   4.1 999.0   2.1 99.0 99.00
2024 04 06 07 20 321  5.9  7.2 99.00 99.00 99.00 999 1002.0   4.1 999.0   2.0 99.0 99.00
2024 04 06 07 30 320  5.8  7.1 99.00 99.00 99.00 999 1002.1   4.1 999.0   1.9 99.0 99.00
2024 04 06 07 40 317  6.0  7.7  0.92 10.81  5.09 103 1002.1   4.1 999.0   2.0 99.0 99.00
2024 04 06 07 50 315  5.5  6.7 99.00 99.00 99.00 999 1002.1   4.0 999.0   2.0 99.0 99.00
2024 04 06 08 00 316  5.6  7.7 99.00 99.00 99.00 999 1002.1   4.1 999.0   1.8 99.0 99.00
2024 04 06 08 10 317  6.1  8.7  0.93  9.09  5.06  92 1002.2   4.1 999.0   1.5 99.0 99.00
2024 04 06 08 20 319  6.1  8.0 99.00 99.00 99.00 999 1002.2   4.1 999.0   1.6 99.0 99.00
2024 04 06 08 30 317  6.7  8.2 99.00 99.00 99.00 999 1002.3   4.1 999.0   1.5 99.0 99.00
2024 04 06 08 40 320  7.0  8.6  0.92 10.81  4.88  68 1002.4   4.0 999.0   1.6 99.0 99.00
2024 04 06 08 50 324  6.9  8.6 99.00 99.00 99.00 999 1002.4   3.9 999.0   1.6 99.0 99.00
2024 04 06 09 00 324  6.0  7.2 99.00 99.00 99.00 999 1002.5   3.8 999.0   1.5 99.0 99.00
2024 04 06 09 10 325  6.1  7.4  0.97 10.00  4.84  87 1002.6   3.9 999.0   1.3 99.0 99.00
2024 04 06 09 20 324  6.5  7.9 99.00 99.00 99.00 999 1002.7   3.9 999.0   1.2 99.0 99.00
2024 04 06 09 30 323  6.9  8.6 99.00 99.00 99.00 999 1002.8   4.0 999.0   1.4 99.0 99.00
2024 04 06 09 40 319  7.0  8.4  0.98 10.81  4.65  79 1002.9   3.8 999.0   1.0 99.0 99.00
2024 04 06 09 50 317  7.1  9.0 99.00 99.00 99.00 999 1003.0   3.8 999.0   0.9 99.0 99.00
2024 04 06 10 00 317  7.4  9.3 99.00 99.00 99.00 999 1003.1   3.8 999.0   0.8 99.0 99.00
2024 04 06 10 10 325  7.5  9.1  1.00 10.00  4.58  75 1003.2   3.7 999.0   0.7 99.0 99.00
2024 04 06 10 20 324  7.3  9.0 99.00 99.00 99.00 999 1003.3   3.7 999.0   0.8 99.0 99.00
2024 04 06 10 30 321  7.2  8.6 99.00 99.00 99.00 999 1003.4   3.6 999.0   0.7 99.0 99.00
2024 04 06 10 40 320  7.4  9.2  1.15 10.00  4.52  82 1003.6   3.6 999.0   0.8 99.0 99.00
2024 04 06 10 50 322  7.2  9.4 99.00 99.00 99.00 999 1003.7   3.6 999.0   0.7 99.0 99.00
2024 04 06 11 00 330  7.8 10.0 99.00 99.00 99.00 999 1003.7   3.6 999.0   0.5 99.0 99.00
2024 04 06 11 10 340  8.1 10.4  1.19 10.81  4.51  96 1003.8   3.5 999.0   0.6 99.0 99.00
2024 04 06 11 20 335  7.5  9.5 99.00 99.00 99.00 999 1003.8   3.5 999.0   0.6 99.0 99.00
2024 04 06 11 30 331  7.2  9.4 99.00 99.00 99.00 999 1003.8   3.5 999.0   0.6 99.0 99.00
2024 04 06 11 40 329  7.0  8.6  1.27 10.00  4.42  61 1003.7   3.5 999.0   0.3 99.0 99.00
2024 04 06 11 50 326  6.6  8.0 99.00 99.00 99.00 999 1003.9   3.5 999.0   0.2 99.0 99.00
2024 04 06 12 00 318  6.1  7.5 99.00 99.00 99.00 999 1003.9   3.5 999.0   0.4 99.0 99.00
2024 04 06 12 10 317  6.6  8.4  1.28 10.81  4.64  87 1004.0   3.5 999.0   0.2 99.0 99.00
2024 04 06 12 20 316  7.0  8.8 99.00 99.00 99.00 999 1003.9   3.5 999.0  -0.1 99.0 99.00
2024 04 06 12 30 319  7.7  9.2 99.00 99.00 99.00 999 1003.9   3.5 999.0  -0.2 99.0 99.00
2024 04 06 12 40 332  7.8  9.9  1.26 11.43  4.57  92 1003.9   3.6 999.0  -0.1 99.0 99.00
2024 04 06 12 50 332  8.1 10.4 99.00 99.00 99.00 999 1003.9   3.7 999.0  -0.1 99.0 99.00
2024 04 06 13 00 335  8.1  9.9 99.00 99.00 99.00 999 1003.9   3.7 999.0  -0.2 99.0 99.00
2024 04 06 13 10 337  8.2 10.6  1.27 10.81  4.47  86 1004.0   3.8 999.0   0.0 99.0 99.00
2024 04 06 13 20 343  8.6 11.3 99.00 99.00 99.00 999 1004.1   3.7 999.0   0.0 99.0 99.00
2024 04 06 13 30 345  8.8 10.7 99.00 99.00 99.00 999 1004.2   3.8 999.0   0.1 99.0 99.00
2024 04 06 13 40 346  9.0 11.5  1.25 10.81  4.37 109 1004.4   3.8 999.0   0.2 99.0 99.00
2024 04 06 13 50 346  8.5 11.8 99.00 99.00 99.00 999 1004.6   3.8 999.0   0.2 99.0 99.00
2024 04 06 14 00 346  8.9 11.2 99.00 99.00 99.00 999 1004.8   3.6 999.0   0.6 99.0 99.00
2024 04 06 14 10 340  8.7 10.4  1.35 11.43  4.43  92 1004.9   3.4 999.0   0.8 99.0 99.00
2024 04 06 14 20 333  8.3 11.2 99.00 99.00 99.00 999 1005.0   3.5 999.0   0.9 99.0 99.00
2024 04 06 14 30 330  7.9  9.5 99.00 99.00 99.00 999 1005.0   3.4 999.0   0.9 99.0 99.00
2024 04 06 14 40 336  8.7 10.4  1.36 10.81  4.47  91 1005.1   3.4 999.0   0.9 99.0 99.00
2024 04 06 14 50 340  8.7 11.2 99.00 99.00 99.00 999 1005.2   3.4 999.0   1.3 99.0 99.00
2024 04 06 15 00 339  8.2 11.1 99.00 99.00 99.00 999 1005.2   3.2 999.0   1.3 99.0 99.00
2024 04 06 15 10 340  8.5 10.5  1.50 10.81  4.48  66 1005.2   3.3 999.0   1.3 99.0 99.00
2024 04 06 15 20 343  8.9 11.3 99.00 99.00 99.00 999 1005.2   3.3 999.0   1.3 99.0 99.00
2024 04 06 15 30 338  8.9 11.2 99.00 99.00 99.00 999 1005.3   3.3 999.0   1.4 99.0 99.00
2024 04 06 15 40 346  9.0 11.2  1.50 10.81  4.52 102 1005.3   3.4 999.0   1.3 99.0 99.00
2024 04 06 15 50 338  8.8 12.1 99.00 99.00 99.00 999 1005.4   3.4 999.0   1.3 99.0 99.00
2024 04 06 16 00 340  8.6 11.2 99.00 99.00 99.00 999 1005.5   3.3 999.0   1.5 99.0 99.00
2024 04 06 16 10 335  8.4 10.2  1.46 10.00  4.62  87 1005.5   3.3 999.0   1.5 99.0 99.00
2024 04 06 16 20 342  8.5 11.1 99.00 99.00 99.00 999 1005.7   3.3 999.0   1.6 99.0 99.00
2024 04 06 16 30 341  7.9  9.8 99.00 99.00 99.00 999 1005.7   3.1 999.0   1.6 99.0 99.00
2024 04 06 16 40 339  7.3  9.0  1.55 10.00  4.96  84 1005.8   3.0 999.0   1.7 99.0 99.00
2024 04 06 16 50 335  8.0 10.2 99.00 99.00 99.00 999 1005.8   3.1 999.0   1.7 99.0 99.00
2024 04 06 17 00 338  8.3 10.4 99.00 99.00 99.00 999 1005.9   3.3 999.0   1.9 99.0 99.00
2024 04 06 17 10 340  8.4 11.1  1.49 10.00  4.91  99 1005.9   3.4 999.0   1.7 99.0 99.00
2024 04 06 17 20 356  9.0 12.0 99.00 99.00 99.00 999 1006.0   3.6 999.0   1.8 99.0 99.00
2024 04 06 17 30 351  9.1 11.7 99.00 99.00 99.00 999 1006.0   3.9 999.0   1.6 99.0 99.00
2024 04 06 17 40 338  8.8 11.3  1.57 10.00  4.91  88 1006.1   3.9 999.0   1.7 99.0 99.00
2024 04 06 17 50 346  8.9 11.7 99.00 99.00 99.00 999 1006.1   3.9 999.0   1.7 99.0 99.00
2024 04 06 18 00 347  8.5 10.3 99.00 99.00 99.00 999 1006.1   4.1 999.0   1.7 99.0 99.00
2024 04 06 18 10 347  8.6 10.6  1.45 10.00  4.52  80 1006.2   4.2 999.0   1.7 99.0 99.00
2024 04 06 18 20 357  8.2 11.2 99.00 99.00 99.00 999 1006.2   4.3 999.0   1.7 99.0 99.00
2024 04 06 18 30 355  8.1 10.0 99.00 99.00 99.00 999 1006.3   4.4 999.0   1.8 99.0 99.00
2024 04 06 18 40 356  9.3 11.2  1.60 10.00  4.91  91 1006.3   4.4 999.0   1.7 99.0 99.00
2024 04 06 18 50 351  8.7 12.2 99.00 99.00 99.00 999 1006.4   4.4 999.0   2.0 99.0 99.00
2024 04 06 19 00 345  8.1 10.4 99.00 99.00 99.00 999 1006.5   4.5 999.0   2.0 99.0 99.00
2024 04 06 19 10 343  7.5  9.7  1.61 10.00  5.13  91 1006.5   4.5 999.0   2.0 99.0 99.00
2024 04 06 19 20 347  6.9  9.0 99.00 99.00 99.00 999 1006.5   4.5 999.0   1.9 99.0 99.00
2024 04 06 19 30 357  8.2 10.8 99.00 99.00 99.00 999 1006.6   4.7 999.0   1.7 99.0 99.00
2024 04 06 19 40 355  7.7  9.7  1.61 10.00  5.04  78 1006.7   4.8 999.0   1.9 99.0 99.00
2024 04 06 19 50 349  8.4 10.6 99.00 99.00 99.00 999 1006.9   4.9 999.0   1.9 99.0 99.00
2024 04 06 20 00 330  9.0 12.0 99.00 99.00 99.00 999 1007.1   4.4 999.0   2.2 99.0 99.00
2024 04 06 20 10 331  9.3 11.7  1.77  9.09  5.21  81 1007.1   3.9 999.0   2.2 99.0 99.00
2024 04 06 20 20 340  9.2 11.3 99.00 99.00 99.00 999 1007.1   3.9 999.0   2.1 99.0 99.00
2024 04 06 20 30 340  8.3 10.2 99.00 99.00 99.00 999 1007.1   4.1 999.0   2.3 99.0 99.00
2024 04 06 20 40 340  7.6  9.2  1.81 10.00  5.24  75 1007.2   4.3 999.0   2.4 99.0 99.00
2024 04 06 20 50 337  8.0 10.3 99.00 99.00 99.00 999 1007.2   4.7 999.0   2.6 99.0 99.00
2024 04 06 21 00 338  9.0 10.8 99.00 99.00 99.00 999 1007.3   4.8 999.0   2.4 99.0 99.00
2024 04 06 21 10 343  8.7 11.2  1.73 10.00  5.42  86 1007.5   4.7 999.0   2.3 99.0 99.00
2024 04 06 21 20 347  8.5 12.1 99.00 99.00 99.00 999 1007.5   4.8 999.0   2.5 99.0 99.00
2024 04 06 21 30 353  9.2 12.2 99.00 99.00 99.00 999 1007.7   5.0 999.0   2.4 99.0 99.00
2024 04 06 21 40   2 10.0 14.7  1.65 10.00  5.09  89 1007.8   4.9 999.0   2.3 99.0 99.00
2024 04 06 21 50 347  9.3 14.5 99.00 99.00 99.00 999 1008.0   4.4 999.0   2.3 99.0 99.00
2024 04 06 22 00 343  7.8  9.5 99.00 99.00 99.00 999 1008.0   4.4 999.0   2.6 99.0 99.00
2024 04 06 22 10 344  8.8 11.2  1.79  9.09  5.00  87 1008.1   4.7 999.0   2.2 99.0 99.00
2024 04 06 22 20 350  9.2 12.0 99.00 99.00 99.00 999 1008.1   4.9 999.0   2.2 99.0 99.00
2024 04 06 22 30 352  9.2 11.4 99.00 99.00 99.00 999 1008.3   4.9 999.0   2.2 99.0 99.00
2024 04 06 22 40 356  9.4 12.0  1.72  9.09  4.99  82 1008.4   5.0 999.0   2.1 99.0 99.00
2024 04 06 22 50 351  9.9 12.3 99.00 99.00 99.00 999 1008.5   5.0 999.0   2.1 99.0 99.00
2024 04 06 23 00 356 10.3 13.1 99.00 99.00 99.00 999 1008.6   5.0 999.0   2.2 99.0 99.00
2024 04 06 23 10   5 11.1 13.7  1.82  9.09  4.98  80 1008.8   4.8 999.0   2.3 99.0 99.00
2024 04 06 23 20   7 11.2 14.4 99.00 99.00 99.00 999 1008.8   4.6 999.0   2.3 99.0 99.00
2024 04 06 23 30 353 10.8 13.1 99.00 99.00 99.00 999 1008.9   4.5 999.0   2.2 99.0 99.00
2024 04 06 23 40   5 11.3 14.5  2.06 10.00  5.30  80 1009.2   4.7 999.0   2.1 99.0 99.00
2024 04 06 23 50   4 10.2 13.2 99.00 99.00 99.00 999 1009.3   4.7 999.0   2.3 99.0 99.00
2024 04 07 00 00 357  9.8 12.0 99.00 99.00 99.00 999 1009.4   4.8 999.0   2.4 99.0 99.00
2024 04 07 00 10 354 10.6 13.3  2.05  9.09  5.36  84 1009.5   4.7 999.0   2.0 99.0 99.00
2024 04 07 00 20 355  9.6 12.2 99.00 99.00 99.00 999 1009.6   4.8 999.0   2.3 99.0 99.00
2024 04 07 00 30 357 10.9 14.6 99.00 99.00 99.00 999 1009.7   4.8 999.0   2.1 99.0 99.00
2024 04 07 00 40 360 10.9 13.5  1.94 10.00  5.05  96 1009.7   4.7 999.0   1.9 99.0 99.00
2024 04 07 00 50 355 10.5 13.8 99.00 99.00 99.00 999 1009.8   4.7 999.0   2.1 99.0 99.00
2024 04 07 01 00 356 11.1 14.7 99.00 99.00 99.00 999 1009.8   4.6 999.0   2.0 99.0 99.00
2024 04 07 01 10 356 10.7 14.1  1.97  7.69  5.06  55 1009.9   4.6 999.0   2.1 99.0 99.00
2024 04 07 01 20   2 10.9 13.8 99.00 99.00 99.00 999 1009.9   4.6 999.0   2.1 99.0 99.00
2024 04 07 01 30   3 11.0 13.8 99.00 99.00 99.00 999 1009.9   4.6 999.0   2.2 99.0 99.00
2024 04 07 01 40 358 12.5 16.0  2.02 10.00  5.19  83 1010.0   4.4 999.0   2.0 99.0 99.00
2024 04 07 01 50 357 11.1 13.9 99.00 99.00 99.00 999 1010.1   4.3 999.0   2.0 99.0 99.00
2024 04 07 02 00 356 11.4 14.8 99.00 99.00 99.00 999 1010.2   4.3 999.0   2.0 99.0 99.00
2024 04 07 02 10   3 11.7 14.2  2.12  7.14  5.22  53 1010.3   4.3 999.0   2.0 99.0 99.00
2024 04 07 02 20   6 11.6 15.6 99.00 99.00 99.00 999 1010.4   4.2 999.0   2.0 99.0 99.00
2024 04 07 02 30   4 10.6 12.9 99.00 99.00 99.00 999 1010.4   4.2 999.0   2.1 99.0 99.00
2024 04 07 02 40 358 10.4 14.0  2.30  7.14  5.33  44 1010.5   4.2 999.0   2.1 99.0 99.00
2024 04 07 02 50 355 10.3 13.0 99.00 99.00 99.00 999 1010.7   4.1 999.0   2.2 99.0 99.00
2024 04 07 03 00 354 10.6 14.3 99.00 99.00 99.00 999 1010.7   3.9 999.0   2.2 99.0 99.00
2024 04 07 03 10 360 10.8 13.8  2.35  7.69  5.58  53 1010.8   3.9 999.0   2.0 99.0 99.00
2024 04 07 03 20   2 11.2 15.1 99.00 99.00 99.00 999 1010.8   4.0 999.0   2.0 99.0 99.00
2024 04 07 03 30   1 11.0 13.9 99.00 99.00 99.00 999 1010.9   4.1 999.0   2.0 99.0 99.00
2024 04 07 03 40   1 11.1 14.3  2.36  7.69  5.46  60 1010.8   4.0 999.0   2.0 99.0 99.00
2024 04 07 03 50   7 11.4 14.1 99.00 99.00 99.00 999 1010.9   3.9 999.0   1.8 99.0 99.00
2024 04 07 04 00   5 11.3 14.6 99.00 99.00 99.00 999 1011.0   4.0 999.0   1.9 99.0 99.00
2024 04 07 04 10   6 11.0 13.7  2.45  7.69  5.48  58 1011.1   3.9 999.0   1.9 99.0 99.00
2024 04 07 04 20   6 11.8 15.7 99.00 99.00 99.00 999 1011.2   3.7 999.0   1.8 99.0 99.00
2024 04 07 04 30   8 11.5 14.3 99.00 99.00 99.00 999 1011.3   3.9 999.0   1.7 99.0 99.00
2024 04 07 04 40  11 12.0 15.6  2.43  7.69  5.51  59 1011.4   3.8 999.0   1.6 99.0 99.00
2024 04 07 04 50   9 11.6 14.2 99.00 99.00 99.00 999 1011.5   3.7 999.0   1.8 99.0 99.00
2024 04 07 05 00   7 11.1 14.3 99.00 99.00 99.00 999 1011.6   3.6 999.0   1.9 99.0 99.00
2024 04 07 05 10  10 11.2 14.9  2.44  7.14  5.52  56 1011.8   3.7 999.0   1.9 99.0 99.00
2024 04 07 05 20  13 11.2 14.1 99.00 99.00 99.00 999 1011.7   3.5 999.0   1.6 99.0 99.00
2024 04 07 05 30  11 11.1 13.5 99.00 99.00 99.00 999 1011.7   3.5 999.0   1.7 99.0 99.00
2024 04 07 05 40  10 10.5 13.4  2.39  7.69  5.40  51 1011.7   3.5 999.0   2.0 99.0 99.00
2024 04 07 05 50   8 11.0 13.8 99.00 99.00 99.00 999 1011.7   3.6 999.0   1.9 99.0 99.00
2024 04 07 06 00   6 10.9 13.9 99.00 99.00 99.00 999 1011.8   3.6 999.0   1.8 99.0 99.00
2024 04 07 06 10  10 11.5 14.7  2.46  7.14  5.46  52 1011.8   3.5 999.0   1.7 99.0 99.00
2024 04 07 06 20   8 11.1 14.1 99.00 99.00 99.00 999 1012.0   3.3 999.0   1.6 99.0 99.00
2024 04 07 06 30   8 11.2 14.1 99.00 99.00 99.00 999 1012.0   3.4 999.0   1.5 99.0 99.00
2024 04 07 06 40   8 10.9 14.8  2.36  7.69  5.57  52 1012.0   3.5 999.0   1.4 99.0 99.00
2024 04 07 06 50   9 10.6 13.2 99.00 99.00 99.00 999 1012.1   3.5 999.0   1.3 99.0 99.00
2024 04 07 07 00   5 10.8 14.1 99.00 99.00 99.00 999 1012.1   3.5 999.0   1.5 99.0 99.00
2024 04 07 07 10   6 11.0 14.6  2.30  7.69  5.41  64 1012.2   3.4 999.0   1.4 99.0 99.00
2024 04 07 07 20   8 10.8 13.9 99.00 99.00 99.00 999 1012.3   3.5 999.0   1.2 99.0 99.00
2024 04 07 07 30   2 11.0 13.6 99.00 99.00 99.00 999 1012.4   3.4 999.0   1.4 99.0 99.00
2024 04 07 07 40   5 11.2 13.9  2.42  8.33  5.60  67 1012.4   3.3 999.0   1.2 99.0 99.00
2024 04 07 07 50  10 10.6 13.2 99.00 99.00 99.00 999 1012.4   3.5 999.0   1.1 99.0 99.00
2024 04 07 08 00   7 10.7 13.7 99.00 99.00 99.00 999 1012.4   3.6 999.0   1.1 99.0 99.00
2024 04 07 08 10   6 10.6 13.4  2.33  7.69  5.48  60 1012.5   3.5 999.0   1.1 99.0 99.00
2024 04 07 08 20   7 11.1 13.7 99.00 99.00 99.00 999 1012.6   3.5 999.0   0.8 99.0 99.00
2024 04 07 08 30   8 10.7 13.3 99.00 99.00 99.00 999 1012.7   3.5 999.0   0.7 99.0 99.00
2024 04 07 08 40   5 10.5 13.6  2.37  7.69  5.45  60 1012.8   3.4 999.0   0.7 99.0 99.00
2024 04 07 08 50   5 10.4 12.8 99.00 99.00 99.00 999 1012.9   3.3 999.0   0.8 99.0 99.00
2024 04 07 09 00   5 10.2 12.9 99.00 99.00 99.00 999 1013.0   3.4 999.0   0.8 99.0 99.00
2024 04 07 09 10   7 10.2 12.8  2.49  8.33  5.62  62 1013.1   3.4 999.0   0.6 99.0 99.00
2024 04 07 09 20   3 10.3 12.8 99.00 99.00 99.00 999 1013.2   3.5 999.0   0.7 99.0 99.00
2024 04 07 09 30   2 10.0 13.1 99.00 99.00 99.00 999 1013.4   3.4 999.0   0.8 99.0 99.00
2024 04 07 09 40   7 10.1 12.7  2.38  8.33  5.42  67 1013.5   3.4 999.0   0.7 99.0 99.00
2024 04 07 09 50   5 10.0 12.3 99.00 99.00 99.00 999 1013.6   3.5 999.0   0.6 99.0 99.00
2024 04 07 10 00 359 10.2 12.8 99.00 99.00 99.00 999 1013.7   3.5 999.0   0.3 99.0 99.00
2024 04 07 10 10 359 10.5 12.7  2.45  8.33  5.69  66 1013.8   3.6 999.0   0.1 99.0 99.00
2024 04 07 10 20 359  9.2 12.0 99.00 99.00 99.00 999 1013.9   3.6 999.0   0.4 99.0 99.00
2024 04 07 10 30   2  9.8 12.7 99.00 99.00 99.00 999 1014.1   3.6 999.0   0.4 99.0 99.00
2024 04 07 10 40 350  9.5 12.8  2.46  7.14  5.71  59 1014.2   3.3 999.0   0.5 99.0 99.00
2024 04 07 10 50 350  9.3 13.3 99.00 99.00 99.00 999 1014.4   3.3 999.0   0.5 99.0 99.00
2024 04 07 11 00 347  9.4 12.0 99.00 99.00 99.00 999 1014.4   3.0 999.0   0.4 99.0 99.00
2024 04 07 11 10 357  9.2 11.9  2.30  7.14  5.45  58 1014.6   3.2 999.0   0.5 99.0 99.00
2024 04 07 11 20 357  9.5 12.0 99.00 99.00 99.00 999 1014.7   3.1 999.0   0.2 99.0 99.00
2024 04 07 11 30 352  8.9 11.7 99.00 99.00 99.00 999 1014.9   3.2 999.0   0.2 99.0 99.00
2024 04 07 11 40 355  9.0 11.6  2.36  9.09  5.61  68 1014.9   3.4 999.0   0.2 99.0 99.00
2024 04 07 11 50 358  9.2 11.8 99.00 99.00 99.00 999 1014.9   3.4 999.0   0.0 99.0 99.00
2024 04 07 12 00 360  9.6 12.9 99.00 99.00 99.00 999 1015.0   3.5 999.0  -0.1 99.0 99.00
2024 04 07 12 10 360  9.6 11.8  2.47  7.69  5.68  55 1015.1   3.5 999.0  -0.4 99.0 99.00
2024 04 07 12 20 357  9.7 11.9 99.00 99.00 99.00 999 1015.1   3.5 999.0  -0.3 99.0 99.00
2024 04 07 12 30   1  9.7 12.3 99.00 99.00 99.00 999 1015.2   3.5 999.0  -0.4 99.0 99.00
2024 04 07 12 40   1  9.5 11.8  2.27  7.14  5.38  51 1015.3   3.6 999.0  -0.4 99.0 99.00
2024 04 07 12 50 357  9.5 12.2 99.00 99.00 99.00 999 1015.3   3.6 999.0  -0.4 99.0 99.00
2024 04 07 13 00   2  9.7 11.9 99.00 99.00 99.00 999 1015.4   3.6 999.0  -0.5 99.0 99.00
2024 04 07 13 10   4  9.7 12.6  2.35  8.33  5.45  56 1015.4   3.6 999.0  -0.4 99.0 99.00
2024 04 07 13 20   1  9.3 11.7 99.00 99.00 99.00 999 1015.6   3.6 999.0  -0.6 99.0 99.00
2024 04 07 13 30   7  9.0 11.8 99.00 99.00 99.00 999 1015.7   3.6 999.0  -0.4 99.0 99.00
2024 04 07 13 40   7  9.5 12.0  2.34  7.69  5.54  54 1015.8   3.6 999.0  -0.6 99.0 99.00
2024 04 07 13 50   7  9.3 12.4 99.00 99.00 99.00 999 1015.8   3.6 999.0  -0.5 99.0 99.00
2024 04 07 14 00   5  9.4 11.9 99.00 99.00 99.00 999 1016.0   3.6 999.0  -0.6 99.0 99.00
2024 04 07 14 10   3  9.4 11.6  2.38  8.33  5.57  66 1016.1   3.6 999.0  -0.7 99.0 99.00
2024 04 07 14 20   2  8.9 11.8 99.00 99.00 99.00 999 1016.3   3.7 999.0  -0.5 99.0 99.00
2024 04 07 14 30   7  8.9 11.3 99.00 99.00 99.00 999 1016.3   3.5 999.0  -0.6 99.0 99.00
2024 04 07 14 40   5  8.8 11.6  2.31  8.33  5.48  52 1016.3   3.5 999.0  -0.6 99.0 99.00
2024 04 07 14 50   2  8.3 12.2 99.00 99.00 99.00 999 1016.4   3.6 999.0  -0.4 99.0 99.00
2024 04 07 15 00   7  8.3 10.8 99.00 99.00 99.00 999 1016.5   3.7 999.0  -0.1 99.0 99.00
2024 04 07 15 10 355  8.1 10.3  2.29  6.67  5.52  65 1016.5   3.7 999.0  -0.3 99.0 99.00
2024 04 07 15 20   5  8.8 10.8 99.00 99.00 99.00 999 1016.6   3.8 999.0  -0.5 99.0 99.00
2024 04 07 15 30   9  9.0 11.2 99.00 99.00 99.00 999 1016.7   3.9 999.0  -0.4 99.0 99.00
2024 04 07 15 40   8  9.1 11.6  2.24  8.33  5.52  59 1016.7   3.9 999.0  -0.5 99.0 99.00
2024 04 07 15 50  13  8.5 10.6 99.00 99.00 99.00 999 1016.8   3.9 999.0  -0.3 99.0 99.00
2024 04 07 16 00  13  8.6 10.7 99.00 99.00 99.00 999 1016.8   4.0 999.0  -0.3 99.0 99.00
2024 04 07 16 10  14  8.5 10.6  2.30  8.33  5.74  59 1016.7   4.0 999.0  -0.2 99.0 99.00
2024 04 07 16 20  13  8.3 10.0 99.00 99.00 99.00 999 1016.8   4.0 999.0  -0.3 99.0 99.00
2024 04 07 16 30  15  7.6  9.6 99.00 99.00 99.00 999 1016.8   4.1 999.0  -0.1 99.0 99.00
2024 04 07 16 40  17  7.4  9.6  2.21  7.69  5.65  55 1016.9   4.0 999.0  -0.2 99.0 99.00
2024 04 07 16 50  21  7.6  9.2 99.00 99.00 99.00 999 1016.8   4.0 999.0  -0.3 99.0 99.00
2024 04 07 17 00  17  7.7  9.5 99.00 99.00 99.00 999 1016.9   4.1 999.0  -0.1 99.0 99.00
2024 04 07 17 10  16  7.4  9.5  2.12  7.14  5.68  54 1016.9   4.1 999.0  -0.2 99.0 99.00
2024 04 07 17 20  20  7.2  9.1 99.00 99.00 99.00 999 1016.9   4.1 999.0  -0.3 99.0 99.00
2024 04 07 17 30  23  7.2  9.1 99.00 99.00 99.00 999 1017.1   4.2 999.0  -0.2 99.0 99.00
2024 04 07 17 40  23  6.4  8.7  2.29  7.69  5.90  49 1017.1   4.3 999.0   0.1 99.0 99.00
2024 04 07 17 50  28  6.4  8.0 99.00 99.00 99.00 999 1017.0   4.3 999.0  -0.1 99.0 99.00
2024 04 07 18 00  26  6.2  8.3 99.00 99.00 99.00 999 1017.1   4.3 999.0   0.0 99.0 99.00
2024 04 07 18 10  26  5.9  7.6  2.06  7.69  5.79  53 1016.9   4.3 999.0   0.1 99.0 99.00
2024 04 07 18 20  24  6.1  7.6 99.00 99.00 99.00 999 1017.0   4.4 999.0   0.2 99.0 99.00
2024 04 07 18 30  28  5.7  7.4 99.00 99.00 99.00 999 1016.9   4.4 999.0   0.4 99.0 99.00
2024 04 07 18 40  33  5.7  7.1  2.02  8.33  5.76  64 1016.8   4.4 999.0   0.2 99.0 99.00
2024 04 07 18 50  31  5.3  7.0 99.00 99.00 99.00 999 1016.8   4.4 999.0   0.2 99.0 99.00
2024 04 07 19 00  31  4.5  6.1 99.00 99.00 99.00 999 1016.8   4.4 999.0   0.3 99.0 99.00
2024 04 07 19 10  33  4.5  6.3  2.09  7.69  5.90  56 1016.8   4.4 999.0   0.2 99.0 99.00
2024 04 07 19 20  36  4.5  6.0 99.00 99.00 99.00 999 1016.8   4.4 999.0   0.2 99.0 99.00
2024 04 07 19 30  34  4.3  5.8 99.00 99.00 99.00 999 1016.9   4.5 999.0   0.4 99.0 99.00
2024 04 07 19 40  35  4.0  5.6  1.98  7.69  5.96  57 1017.0   4.5 999.0   0.5 99.0 99.00
2024 04 07 19 50  28  3.9  5.1 99.00 99.00 99.00 999 1017.0   4.5 999.0   0.3 99.0 99.00
2024 04 07 20 00  39  3.6  5.4 99.00 99.00 99.00 999 1017.0   4.5 999.0   0.4 99.0 99.00
2024 04 07 20 10  41  3.8  5.8  1.97  7.69  6.10  61 1017.0   4.6 999.0   0.6 99.0 99.00
2024 04 07 20 20  45  4.1  5.6 99.00 99.00 99.00 999 1017.0   4.6 999.0   0.6 99.0 99.00
2024 04 07 20 30  46  5.2  6.6 99.00 99.00 99.00 999 1017.1   4.7 999.0   0.6 99.0 99.00
2024 04 07 20 40  49  5.6  7.0  1.86  8.33  5.92  76 1017.1   4.7 999.0   0.8 99.0 99.00
2024 04 07 20 50  51  5.8  7.7 99.00 99.00 99.00 999 1017.2   4.7 999.0   0.9 99.0 99.00
2024 04 07 21 00  53  5.5  7.6 99.00 99.00 99.00 999 1017.3   4.8 999.0   1.0 99.0 99.00
2024 04 07 21 10  57  5.4  6.6  1.68  7.69  5.74  58 1017.3   4.8 999.0   0.9 99.0 99.00
2024 04 07 21 20  58  4.9  6.3 99.00 99.00 99.00 999 1017.3   4.8 999.0   1.0 99.0 99.00
2024 04 07 21 30  57  4.4  6.0 99.00 99.00 99.00 999 1017.4   4.8 999.0   1.1 99.0 99.00
2024 04 07 21 40  55  4.3  5.5  1.81  8.33  5.86  57 1017.4   4.8 999.0   0.9 99.0 99.00
2024 04 07 21 50  50  3.8  5.4 99.00 99.00 99.00 999 1017.5   4.9 999.0   1.3 99.0 99.00
2024 04 07 22 00  47  3.1  5.0 99.00 99.00 99.00 999 1017.7   4.9 999.0   1.2 99.0 99.00
2024 04 07 22 10  42  2.2  3.4  1.74  8.33  6.00  70 1017.7   4.9 999.0   1.1 99.0 99.00
2024 04 07 22 20  22  1.0  2.5 99.00 99.00 99.00 999 1017.6   4.9 999.0   1.2 99.0 99.00
2024 04 07 22 30  15  0.3  1.1 99.00 99.00 99.00 999 1017.6   4.9 999.0   1.1 99.0 99.00
2024 04 07 22 40 248  0.5  2.4  1.65  7.69  5.86  57 1017.5   4.9 999.0   1.3 99.0 99.00
2024 04 07 22 50 224  1.7  3.7 99.00 99.00 99.00 999 1017.6   4.9 999.0   1.7 99.0 99.00
2024 04 07 23 00 217  1.8  3.7 99.00 99.00 99.00 999 1017.6   4.9 999.0   1.6 99.0 99.00
2024 04 07 23 10 239  0.7  3.1  1.71  8.33  5.88  68 1017.7   4.9 999.0   1.1 99.0 99.00
2024 04 07 23 20 271  0.7  2.4 99.00 99.00 99.00 999 1017.8   5.0 999.0   0.6 99.0 99.00
2024 04 07 23 30 256  1.4  2.9 99.00 99.00 99.00 999 1017.8   5.2 999.0   1.6 99.0 99.00
2024 04 07 23 40 226  1.4  2.8  1.60  8.33  5.90  64 1017.7   5.0 999.0   1.9 99.0 99.00
2024 04 07 23 50 235  1.3  2.7 99.00 99.00 99.00 999 1017.7   4.9 999.0   2.2 99.0 99.00
2024 04 08 00 00 239  1.3  2.9 99.00 99.00 99.00 999 1017.8   4.9 999.0   2.4 99.0 99.00
2024 04 08 00 10 254  0.7  2.1  1.66  7.69  5.92  60 1017.8   4.8 999.0   2.5 99.0 99.00
2024 04 08 00 20 263  0.7  2.2 99.00 99.00 99.00 999 1017.9   4.8 999.0   2.6 99.0 99.00
2024 04 08 00 30 262  0.8  1.8 99.00 99.00 99.00 999 1017.9   4.7 999.0   2.7 99.0 99.00
2024 04 08 00 40 251  1.3  2.5  1.52  8.33  5.94  61 1017.9   4.7 999.0   2.9 99.0 99.00
2024 04 08 00 50 245  1.8  3.4 99.00 99.00 99.00 999 1017.9   4.7 999.0   2.9 99.0 99.00
2024 04 08 01 00 241  1.8  3.4 99.00 99.00 99.00 999 1017.8   4.7 999.0   2.8 99.0 99.00
2024 04 08 01 10 233  1.8  3.2  1.41  8.33  5.72  69 1017.8   4.8 999.0   2.7 99.0 99.00
2024 04 08 01 20 229  1.5  2.7 99.00 99.00 99.00 999 1017.9   4.8 999.0   2.6 99.0 99.00
2024 04 08 01 30 226  1.4  2.4 99.00 99.00 99.00 999 1017.8   4.8 999.0   2.6 99.0 99.00
2024 04 08 01 40 225  1.6  2.6  1.27  7.14  5.71  55 1017.7   4.8 999.0   2.5 99.0 99.00
2024 04 08 01 50 231  1.6  2.8 99.00 99.00 99.00 999 1017.7   4.9 999.0   2.6 99.0 99.00
2024 04 08 02 00 239  2.1  3.5 99.00 99.00 99.00 999 1017.8   4.9 999.0   2.8 99.0 99.00
2024 04 08 02 10 243  2.5  3.8  1.44  7.69  5.94  69 1017.8   4.9 999.0   2.9 99.0 99.00
2024 04 08 02 20 242  2.9  4.3 99.00 99.00 99.00 999 1017.8   4.9 999.0   2.9 99.0 99.00
2024 04 08 02 30 249  2.7  4.0 99.00 99.00 99.00 999 1017.8   4.9 999.0   2.8 99.0 99.00
2024 04 08 02 40 248  3.0  4.5  1.50  8.33  6.11  71 1017.9   4.9 999.0   2.7 99.0 99.00
2024 04 08 02 50 252  3.1  4.9 99.00 99.00 99.00 999 1017.8   4.9 999.0   2.5 99.0 99.00
2024 04 08 03 00 249  3.5  5.4 99.00 99.00 99.00 999 1017.9   4.9 999.0   2.4 99.0 99.00
2024 04 08 03 10 249  3.5  5.0  1.38  7.69  6.13  65 1017.9   4.9 999.0   2.3 99.0 99.00
2024 04 08 03 20 249  3.7  5.2 99.00 99.00 99.00 999 1017.9   5.0 999.0   2.3 99.0 99.00
2024 04 08 03 30 245  4.1  5.0 99.00 99.00 99.00 999 1017.8   5.0 999.0   2.4 99.0 99.00
2024 04 08 03 40 246  3.8  5.3  1.30  7.14  6.18  61 1017.8   5.0 999.0   2.6 99.0 99.00
2024 04 08 03 50 246  4.1  5.4 99.00 99.00 99.00 999 1017.9   5.0 999.0   2.4 99.0 99.00
2024 04 08 04 00 252  3.6  5.6 99.00 99.00 99.00 999 1017.9   5.0 999.0   2.4 99.0 99.00
2024 04 08 04 10 249  3.1  4.2  1.12  7.69  5.98  62 1018.0   5.0 999.0   2.6 99.0 99.00
2024 04 08 04 20 250  3.9  5.4 99.00 99.00 99.00 999 1017.9   5.0 999.0   1.9 99.0 99.00
2024 04 08 04 30 247  4.4  5.6 99.00 99.00 99.00 999 1017.9   5.0 999.0   2.1 99.0 99.00
2024 04 08 04 40 252  4.4  5.9  1.14  7.14  6.07  57 1017.8   4.9 999.0   2.0 99.0 99.00
2024 04 08 04 50 253  4.5  6.0 99.00 99.00 99.00 999 1017.9   4.9 999.0   2.1 99.0 99.00
2024 04 08 05 00 255  4.2  5.6 99.00 99.00 99.00 999 1017.9   4.8 999.0   2.0 99.0 99.00
2024 04 08 05 10 260  4.4  5.6  1.28  7.69  6.37  61 1017.9   4.7 999.0   2.3 99.0 99.00
2024 04 08 05 20 262  4.4  5.6 99.00 99.00 99.00 999 1017.8   4.8 999.0   2.5 99.0 99.00
2024 04 08 05 30 267  4.2  5.6 99.00 99.00 99.00 999 1017.7   4.8 999.0   2.7 99.0 99.00
2024 04 08 05 40 274  4.1  5.3  1.11  7.14  6.24  60 1017.7   5.0 999.0   2.8 99.0 99.00
2024 04 08 05 50 278  4.2  5.5 99.00 99.00 99.00 999 1017.9   5.1 999.0   2.8 99.0 99.00
2024 04 08 06 00 281  4.4  5.5 99.00 99.00 99.00 999 1017.9   5.2 999.0   2.6 99.0 99.00
2024 04 08 06 10 283  4.6  6.1  1.08  7.69  6.18  63 1018.0   5.2 999.0   2.6 99.0 99.00
2024 04 08 06 20 287  4.7  6.0 99.00 99.00 99.00 999 1017.9   5.1 999.0   2.5 99.0 99.00
2024 04 08 06 30 294  4.2  5.5 99.00 99.00 99.00 999 1018.0   5.1 999.0   2.2 99.0 99.00
2024 04 08 06 40 304  4.1  5.2  1.00  7.69  6.19  54 1017.9   5.1 999.0   2.1 99.0 99.00
2024 04 08 06 50 308  4.5  5.6 99.00 99.00 99.00 999 1017.8   5.1 999.0   1.6 99.0 99.00
2024 04 08 07 00 312  4.2  5.1 99.00 99.00 99.00 999 1017.9   5.1 999.0   1.5 99.0 99.00
2024 04 08 07 10 303  3.8  4.6  0.99  9.09  6.30  81 1017.9   5.1 999.0   1.8 99.0 99.00
2024 04 08 07 20 300  3.6  4.6 99.00 99.00 99.00 999 1018.0   5.0 999.0   1.9 99.0 99.00
2024 04 08 07 30 301  3.9  5.1 99.00 99.00 99.00 999 1018.1   5.1 999.0   1.8 99.0 99.00
2024 04 08 07 40 306  4.0  5.0  1.11  7.69  6.61  72 1018.1   5.1 999.0   1.7 99.0 99.00
2024 04 08 07 50 301  4.5  5.9 99.00 99.00 99.00 999 1018.1   5.1 999.0   1.6 99.0 99.00
2024 04 08 08 00 300  4.4  5.6 99.00 99.00 99.00 999 1018.2   5.1 999.0   1.4 99.0 99.00
2024 04 08 08 10 290  4.6  5.9  1.11  7.14  6.38  65 1018.4   5.1 999.0   1.4 99.0 99.00
2024 04 08 08 20 290  4.6  6.0 99.00 99.00 99.00 999 1018.5   5.1 999.0   1.2 99.0 99.00
2024 04 08 08 30 292  4.2  5.0 99.00 99.00 99.00 999 1018.6   5.1 999.0   1.3 99.0 99.00
2024 04 08 08 40 302  4.4  5.8  1.23  7.14  6.29  53 1018.5   5.1 999.0   1.2 99.0 99.00
2024 04 08 08 50 303  4.7  5.8 99.00 99.00 99.00 999 1018.5   5.1 999.0   1.0 99.0 99.00
2024 04 08 09 00 302  4.9  6.1 99.00 99.00 99.00 999 1018.6   5.1 999.0   1.0 99.0 99.00
2024 04 08 09 10 307  4.8  6.0  1.30  7.69  6.13  77 1018.5   5.1 999.0   0.8 99.0 99.00
2024 04 08 09 20 312  4.1  5.4 99.00 99.00 99.00 999 1018.5   5.0 999.0   1.0 99.0 99.00
2024 04 08 09 30 314  4.2  5.1 99.00 99.00 99.00 999 1018.6   5.1 999.0   0.9 99.0 99.00
2024 04 08 09 40 314  4.5  5.8  1.28  8.33  5.89  81 1018.7   5.1 999.0   1.0 99.0 99.00
2024 04 08 09 50 306  3.9  5.1 99.00 99.00 99.00 999 1018.8   5.2 999.0   0.9 99.0 99.00
2024 04 08 10 00 299  3.9  5.2 99.00 99.00 99.00 999 1018.9   5.1 999.0   1.2 99.0 99.00
2024 04 08 10 10 302  4.3  5.7  1.37  9.09  6.26  85 1019.0   5.0 999.0   0.8 99.0 99.00
2024 04 08 10 20 290  3.8  5.0 99.00 99.00 99.00 999 1019.1   5.1 999.0   1.1 99.0 99.00
2024 04 08 10 30 292  3.9  5.1 99.00 99.00 99.00 999 1019.1   5.0 999.0   0.9 99.0 99.00
2024 04 08 10 40 294  4.0  5.3  1.32  9.09  6.30  89 1019.2   5.1 999.0   0.9 99.0 99.00
2024 04 08 10 50 287  4.0  5.3 99.00 99.00 99.00 999 1019.3   5.1 999.0   0.9 99.0 99.00
2024 04 08 11 00 285  3.9  5.6 99.00 99.00 99.00 999 1019.3   5.2 999.0   1.0 99.0 99.00
2024 04 08 11 10 282  3.8  5.0  1.45  9.09  6.52  82 1019.4   5.3 999.0   1.2 99.0 99.00
2024 04 08 11 20 275  4.0  5.5 99.00 99.00 99.00 999 1019.3   5.2 999.0   1.7 99.0 99.00
2024 04 08 11 30 278  4.3  5.8 99.00 99.00 99.00 999 1019.3   5.1 999.0   1.1 99.0 99.00
2024 04 08 11 40 279  3.8  5.6  1.34  8.33  6.39  84 1019.3   5.2 999.0   1.2 99.0 99.00
2024 04 08 11 50 272  2.9  4.5 99.00 99.00 99.00 999 1019.3   5.2 999.0   1.3 99.0 99.00
2024 04 08 12 00 277  2.9  4.2 99.00 99.00 99.00 999 1019.3   5.2 999.0   1.5 99.0 99.00
2024 04 08 12 10 275  3.3  4.5  1.42  8.33  6.60  82 1019.2   5.2 999.0   1.0 99.0 99.00
2024 04 08 12 20 271  3.4  4.8 99.00 99.00 99.00 999 1019.2   5.2 999.0   1.1 99.0 99.00
2024 04 08 12 30 276  3.2  5.0 99.00 99.00 99.00 999 1019.2   5.2 999.0   1.0 99.0 99.00
2024 04 08 12 40 272  3.4  4.8  1.39  9.09  6.55  77 1019.2   5.3 999.0   1.4 99.0 99.00
2024 04 08 12 50 277  3.5  4.6 99.00 99.00 99.00 999 1019.3   5.3 999.0   1.6 99.0 99.00
2024 04 08 13 00 275  3.5  5.2 99.00 99.00 99.00 999 1019.3   5.2 999.0   1.6 99.0 99.00
2024 04 08 13 10 269  3.6  5.0  1.63  8.33  6.80  89 1019.4   5.2 999.0   1.7 99.0 99.00
2024 04 08 13 20 267  4.0  5.3 99.00 99.00 99.00 999 1019.4   5.3 999.0   1.6 99.0 99.00
2024 04 08 13 30 268  4.0  5.5 99.00 99.00 99.00 999 1019.4   5.4 999.0   1.7 99.0 99.00
2024 04 08 13 40 266  3.5  5.4  1.48  9.09  6.59  80 1019.4   5.5 999.0   1.7 99.0 99.00
2024 04 08 13 50 256  3.4  4.7 99.00 99.00 99.00 999 1019.4   5.6 999.0   2.0 99.0 99.00
2024 04 08 14 00 255  3.3  4.9 99.00 99.00 99.00 999 1019.3   5.7 999.0   2.0 99.0 99.00
2024 04 08 14 10 262  3.2  4.9  1.53 10.00  7.19  85 1019.3   5.9 999.0   1.8 99.0 99.00
2024 04 08 14 20 258  2.7  4.4 99.00 99.00 99.00 999 1019.2   6.0 999.0   2.0 99.0 99.00
2024 04 08 14 30 247  2.8  4.2 99.00 99.00 99.00 999 1019.1   6.1 999.0   1.9 99.0 99.00
2024 04 08 14 40 233  3.0  4.5  1.56 10.00  7.20  74 1019.1   6.1 999.0   2.1 99.0 99.00
2024 04 08 14 50 234  3.6  5.6 99.00 99.00 99.00 999 1019.1   6.3 999.0   2.2 99.0 99.00
2024 04 08 15 00 234  3.3  4.9 99.00 99.00 99.00 999 1019.0   6.5 999.0   2.1 99.0 99.00
2024 04 08 15 10 238  3.3  4.8  1.49  9.09  7.23  74 1018.9   6.7 999.0   2.0 99.0 99.00
2024 04 08 15 20 235  2.8  4.3 99.00 99.00 99.00 999 1019.0   6.8 999.0   2.2 99.0 99.00
2024 04 08 15 30 231  2.8  4.0 99.00 99.00 99.00 999 1018.9   6.9 999.0   2.4 99.0 99.00
2024 04 08 15 40 231  2.7  4.3  1.56  9.09  7.53  79 1018.8   7.1 999.0   2.4 99.0 99.00
2024 04 08 15 50 234  2.8  4.2 99.00 99.00 99.00 999 1018.7   7.3 999.0   2.2 99.0 99.00
2024 04 08 16 00 224  2.8  4.2 99.00 99.00 99.00 999 1018.5   7.5 999.0   2.1 99.0 99.00
2024 04 08 16 10 221  3.0  4.4  1.55 11.43  7.64  78 1018.5   7.8 999.0   1.7 99.0 99.00
2024 04 08 16 20 214  2.5  3.4 99.00 99.00 99.00 999 1018.4   7.8 999.0   2.1 99.0 99.00
2024 04 08 16 30 206  2.2  3.3 99.00 99.00 99.00 999 1018.3   7.6 999.0   2.6 99.0 99.00
2024 04 08 16 40 197  1.9  3.2  1.47 11.43  7.33  78 1018.2   7.7 999.0   2.7 99.0 99.00
2024 04 08 16 50 185  1.8  2.5 99.00 99.00 99.00 999 1018.3   7.7 999.0   3.0 99.0 99.00
2024 04 08 17 00 167  2.2  2.9 99.00 99.00 99.00 999 1018.2   7.7 999.0   3.0 99.0 99.00
2024 04 08 17 10 158  2.6  3.2  1.39 12.12  7.70  72 1018.1   7.9 999.0   3.3 99.0 99.00
2024 04 08 17 20 154  3.1  3.8 99.00 99.00 99.00 999 1017.9   8.0 999.0   2.3 99.0 99.00
2024 04 08 17 30 152  3.1  3.6 99.00 99.00 99.00 999 1017.8   8.8 999.0   0.1 99.0 99.00
2024 04 08 17 40 155  3.0  3.4  1.33 11.43  7.47  69 1017.7   8.9 999.0   0.4 99.0 99.00
2024 04 08 17 50 150  2.9  3.5 99.00 99.00 99.00 999 1017.6   8.9 999.0   0.6 99.0 99.00
2024 04 08 18 00 135  2.9  3.5 99.00 99.00 99.00 999 1017.4   8.7 999.0   2.3 99.0 99.00
2024 04 08 18 10 130  3.0  3.7  1.43 11.43  7.93  69 1017.2   8.2 999.0   3.3 99.0 99.00
2024 04 08 18 20 131  3.1  3.8 99.00 99.00 99.00 999 1017.0   8.5 999.0   2.1 99.0 99.00
2024 04 08 18 30 145  3.4  4.8 99.00 99.00 99.00 999 1017.0   8.3 999.0   3.4 99.0 99.00
2024 04 08 18 40 156  4.2  5.0  1.48 11.43  8.29  70 1016.7   8.0 999.0   3.4 99.0 99.00
2024 04 08 18 50 145  4.1  5.3 99.00 99.00 99.00 999 1016.5   8.2 999.0   2.6 99.0 99.00
2024 04 08 19 00 160  4.6  5.6 99.00 99.00 99.00 999 1016.4   8.3 999.0   2.2 99.0 99.00
2024 04 08 19 10 159  4.9  5.8  1.67 10.81  8.79  72 1016.3   8.2 999.0   2.3 99.0 99.00
2024 04 08 19 20 159  4.9  5.7 99.00 99.00 99.00 999 1016.2   7.9 999.0   2.6 99.0 99.00
2024 04 08 19 30 158  4.6  5.3 99.00 99.00 99.00 999 1015.9   7.8 999.0   2.6 99.0 99.00
2024 04 08 19 40 159  4.5  5.3  1.88 10.81  9.19  68 1015.9   7.7 999.0   2.8 99.0 99.00
2024 04 08 19 50 160  5.2  6.1 99.00 99.00 99.00 999 1015.8   7.8 999.0   2.5 99.0 99.00
2024 04 08 20 00 163  4.5  5.5 99.00 99.00 99.00 999 1015.7   7.8 999.0   2.5 99.0 99.00
2024 04 08 20 10 162  4.5  5.0  1.66 11.43  8.72  74 1015.8   7.8 999.0   2.5 99.0 99.00
2024 04 08 20 20 160  4.6  5.8 99.00 99.00 99.00 999 1015.8   7.8 999.0   2.7 99.0 99.00
2024 04 08 20 30 167  5.1  6.0 99.00 99.00 99.00 999 1015.8   7.8 999.0   2.5 99.0 99.00
2024 04 08 20 40 168  5.2  6.0  1.69 10.81  8.55  76 1015.7   8.0 999.0   2.3 99.0 99.00
2024 04 08 20 50 169  5.5  6.9 99.00 99.00 99.00 999 1015.6   8.1 999.0   2.2 99.0 99.00
2024 04 08 21 00 166  4.8  6.1 99.00 99.00 99.00 999 1015.6   8.2 999.0   2.3 99.0 99.00
2024 04 08 21 10 161  4.9  6.0  1.78 10.81  7.75  66 1015.5   8.3 999.0   2.5 99.0 99.00
2024 04 08 21 20 161  4.9  6.2 99.00 99.00 99.00 999 1015.4   8.2 999.0   2.8 99.0 99.00
2024 04 08 21 30 163  4.6  5.8 99.00 99.00 99.00 999 1015.5   8.0 999.0   3.0 99.0 99.00
2024 04 08 21 40 165  4.3  5.4  1.63 10.00  7.53  70 1015.5   8.0 999.0   3.4 99.0 99.00
2024 04 08 21 50 165  4.3  5.3 99.00 99.00 99.00 999 1015.4   8.1 999.0   3.4 99.0 99.00
2024 04 08 22 00 169  3.9  4.6 99.00 99.00 99.00 999 1015.4   8.0 999.0   3.6 99.0 99.00
2024 04 08 22 10 171  3.8  4.5  1.64 10.81  7.94  70 1015.3   8.0 999.0   3.9 99.0 99.00
2024 04 08 22 20 172  3.6  4.3 99.00 99.00 99.00 999 1015.3   7.9 999.0   4.1 99.0 99.00
2024 04 08 22 30 175  3.5  4.0 99.00 99.00 99.00 999 1015.3   7.7 999.0   4.2 99.0 99.00
2024 04 08 22 40 177  3.2  4.1  1.80 10.00  8.22  64 1015.3   7.9 999.0   4.3 99.0 99.00
2024 04 08 22 50 181  3.1  4.0 99.00 99.00 99.00 999 1015.3   7.9 999.0   4.4 99.0 99.00
2024 04 08 23 00 184  2.8  3.5 99.00 99.00 99.00 999 1015.2   8.1 999.0   4.3 99.0 99.00
2024 04 08 23 10 190  3.0  4.0  1.79 10.81  8.63  79 1015.2   8.6 999.0   3.9 99.0 99.00
2024 04 08 23 20 203  3.0  4.3 99.00 99.00 99.00 999 1015.3   8.8 999.0   3.6 99.0 99.00
2024 04 08 23 30 225  2.7  4.3 99.00 99.00 99.00 999 1015.3   9.0 999.0   3.2 99.0 99.00
2024 04 08 23 40 246  3.0  5.0  1.68 10.81  8.23  80 1015.3   9.7 999.0   2.7 99.0 99.00
2024 04 08 23 50 254  3.4  5.2 99.00 99.00 99.00 999 1015.3  10.1 999.0   2.4 99.0 99.00
2024 04 09 00 00 237  2.6  4.6 99.00 99.00 99.00 999 1015.4   9.7 999.0   2.9 99.0 99.00
2024 04 09 00 10 223  3.3  4.7  1.58  9.09  8.19  87 1015.4   8.6 999.0   3.6 99.0 99.00
2024 04 09 00 20 224  3.6  5.0 99.00 99.00 99.00 999 1015.4   9.2 999.0   3.1 99.0 99.00
2024 04 09 00 30 220  4.0  5.9 99.00 99.00 99.00 999 1015.5   9.6 999.0   2.8 99.0 99.00
2024 04 09 00 40 222  3.7  5.1  1.52 10.81  8.06  77 1015.5   9.4 999.0   3.0 99.0 99.00
2024 04 09 00 50 225  3.2  4.4 99.00 99.00 99.00 999 1015.6   8.9 999.0   3.2 99.0 99.00
2024 04 09 01 00 233  4.3  5.9 99.00 99.00 99.00 999 1015.5   8.7 999.0   3.2 99.0 99.00
2024 04 09 01 10 236  4.4  5.6  1.35  9.09  7.80  84 1015.6   9.0 999.0   3.1 99.0 99.00
2024 04 09 01 20 240  4.2  5.4 99.00 99.00 99.00 999 1015.5   9.0 999.0   3.3 99.0 99.00
2024 04 09 01 30 237  4.2  5.5 99.00 99.00 99.00 999 1015.3   9.0 999.0   3.2 99.0 99.00
2024 04 09 01 40 234  4.4  5.8  1.26 11.43  7.68 107 1015.3   9.1 999.0   2.9 99.0 99.00
2024 04 09 01 50 234  4.0  5.3 99.00 99.00 99.00 999 1015.2   8.6 999.0   3.3 99.0 99.00
2024 04 09 02 00 232  3.9  6.1 99.00 99.00 99.00 999 1015.1   8.2 999.0   3.5 99.0 99.00
2024 04 09 02 10 230  4.2  5.6  1.22 11.43  7.51  99 1015.2   8.7 999.0   3.3 99.0 99.00
2024 04 09 02 20 234  3.4  4.6 99.00 99.00 99.00 999 1015.2   8.1 999.0   3.7 99.0 99.00
2024 04 09 02 30 235  4.1  5.3 99.00 99.00 99.00 999 1015.2   8.5 999.0   3.3 99.0 99.00
2024 04 09 02 40 234  4.2  5.3  1.29 11.43  7.74  89 1015.3   8.7 999.0   3.2 99.0 99.00
2024 04 09 02 50 233  3.5  5.1 99.00 99.00 99.00 999 1015.3   8.3 999.0   3.4 99.0 99.00
2024 04 09 03 00 235  3.1  4.0 99.00 99.00 99.00 999 1015.3   8.0 999.0   3.6 99.0 99.00
2024 04 09 03 10 237  3.3  4.1  1.17 10.81  7.41  79 1015.2   8.0 999.0   3.5 99.0 99.00
2024 04 09 03 20 232  3.4  4.5 99.00 99.00 99.00 999 1015.3   8.0 999.0   3.5 99.0 99.00
2024 04 09 03 30 227  3.3  4.3 99.00 99.00 99.00 999 1015.3   8.1 999.0   3.5 99.0 99.00
2024 04 09 03 40 233  3.1  4.0  1.01  9.09  6.89  91 1015.2   8.0 999.0   3.6 99.0 99.00
2024 04 09 03 50 237  3.0  3.8 99.00 99.00 99.00 999 1015.4   7.9 999.0   3.6 99.0 99.00
2024 04 09 04 00 233  2.9  4.0 99.00 99.00 99.00 999 1015.4   7.8 999.0   3.7 99.0 99.00
2024 04 09 04 10 239  2.5  3.5  1.00 11.43  7.09  66 1015.4   7.8 999.0   3.5 99.0 99.00
2024 04 09 04 20 244  2.4  3.4 99.00 99.00 99.00 999 1015.4   7.8 999.0   3.4 99.0 99.00
2024 04 09 04 30 241  2.8  3.9 99.00 99.00 99.00 999 1015.4   7.8 999.0   3.5 99.0 99.00
2024 04 09 04 40 237  2.6  3.5  0.98 11.43  7.22  73 1015.5   7.6 999.0   3.5 99.0 99.00
2024 04 09 04 50 232  2.6  3.4 99.00 99.00 99.00 999 1015.6   7.2 999.0   3.8 99.0 99.00
2024 04 09 05 00 237  2.8  3.9 99.00 99.00 99.00 999 1015.6   7.3 999.0   3.6 99.0 99.00
2024 04 09 05 10 242  3.2  4.2  1.02 10.81  7.26  89 1015.6   7.8 999.0   3.1 99.0 99.00
2024 04 09 05 20 243  3.2  4.3 99.00 99.00 99.00 999 1015.5   8.0 999.0   3.1 99.0 99.00
2024 04 09 05 30 239  3.2  4.0 99.00 99.00 99.00 999 1015.5   7.6 999.0   3.3 99.0 99.00
2024 04 09 05 40 243  3.3  4.3  0.93 11.43  7.19  79 1015.5   7.6 999.0   3.3 99.0 99.00
2024 04 09 05 50 250  3.3  4.3 99.00 99.00 99.00 999 1015.5   7.7 999.0   3.0 99.0 99.00
2024 04 09 06 00 250  3.6  4.6 99.00 99.00 99.00 999 1015.5   7.9 999.0   2.8 99.0 99.00
2024 04 09 06 10 249  3.5  4.3  0.96 11.43  7.32  65 1015.4   7.9 999.0   2.9 99.0 99.00
2024 04 09 06 20 249  3.1  4.0 99.00 99.00 99.00 999 1015.4   7.7 999.0   2.9 99.0 99.00
2024 04 09 06 30 257  2.8  4.2 99.00 99.00 99.00 999 1015.4   7.6 999.0   3.1 99.0 99.00
2024 04 09 06 40 258  2.4  3.7  1.10 11.43  7.96  90 1015.3   7.7 999.0   3.0 99.0 99.00
2024 04 09 06 50 249  2.7  3.8 99.00 99.00 99.00 999 1015.2   7.5 999.0   3.1 99.0 99.00
2024 04 09 07 00 242  3.3  4.6 99.00 99.00 99.00 999 1015.2   7.4 999.0   3.4 99.0 99.00
2024 04 09 07 10 242  3.3  4.5  1.08 10.81  8.03  71 1015.3   7.5 999.0   3.1 99.0 99.00
2024 04 09 07 20 244  3.7  4.9 99.00 99.00 99.00 999 1015.3   7.6 999.0   2.9 99.0 99.00
2024 04 09 07 30 244  3.8  5.6 99.00 99.00 99.00 999 1015.4   7.7 999.0   2.8 99.0 99.00
2024 04 09 07 40 248  3.9  5.1  1.04 10.81  8.11  65 1015.3   7.8 999.0   2.6 99.0 99.00
2024 04 09 07 50 254  3.8  5.1 99.00 99.00 99.00 999 1015.1   7.8 999.0   2.6 99.0 99.00
2024 04 09 08 00 252  4.1  5.6 99.00 99.00 99.00 999 1015.1   8.0 999.0   2.3 99.0 99.00
2024 04 09 08 10 257  3.3  4.6  1.12 10.81  8.42  78 1015.2   7.7 999.0   2.5 99.0 99.00
2024 04 09 08 20 256  3.6  4.5 99.00 99.00 99.00 999 1015.1   7.6 999.0   2.7 99.0 99.00
2024 04 09 08 30 258  3.5  4.5 99.00 99.00 99.00 999 1015.2   7.6 999.0   2.8 99.0 99.00
2024 04 09 08 40 257  3.6  4.6  0.98 10.81  8.34  60 1015.4   7.5 999.0   2.8 99.0 99.00
2024 04 09 08 50 257  3.6  4.6 99.00 99.00 99.00 999 1015.4   7.4 999.0   3.2 99.0 99.00
2024 04 09 09 00 263  3.2  4.4 99.00 99.00 99.00 999 1015.4   7.3 999.0   3.2 99.0 99.00
2024 04 09 09 10 262  3.3  4.3  1.14 10.81  8.83  72 1015.3   7.3 999.0   3.1 99.0 99.00
2024 04 09 09 20 266  3.2  4.5 99.00 99.00 99.00 999 1015.4   7.3 999.0   3.1 99.0 99.00
2024 04 09 09 30 259  3.3  4.3 99.00 99.00 99.00 999 1015.3   7.2 999.0   3.0 99.0 99.00
2024 04 09 09 40 255  3.2  4.4  1.20 10.00  8.95  80 1015.3   7.2 999.0   2.9 99.0 99.00
2024 04 09 09 50 257  3.3  4.7 99.00 99.00 99.00 999 1015.3   7.2 999.0   3.0 99.0 99.00
2024 04 09 10 00 256  3.3  4.6 99.00 99.00 99.00 999 1015.3   7.0 999.0   3.1 99.0 99.00
2024 04 09 10 10 259  3.0  4.0  1.27 10.00  8.82  73 1015.2   7.0 999.0   2.9 99.0 99.00
2024 04 09 10 20 261  2.6  3.6 99.00 99.00 99.00 999 1015.4   7.0 999.0   2.9 99.0 99.00
2024 04 09 10 30 261  2.7  3.8 99.00 99.00 99.00 999 1015.5   7.0 999.0   3.1 99.0 99.00
2024 04 09 10 40 264  2.5  3.3  1.11 10.00  8.56  83 1015.5   6.9 999.0   3.1 99.0 99.00
2024 04 09 10 50 271  2.1  3.2 99.00 99.00 99.00 999 1015.7   6.9 999.0   3.2 99.0 99.00
2024 04 09 11 00 275  2.0  2.8 99.00 99.00 99.00 999 1015.8   6.9 999.0   3.3 99.0 99.00
2024 04 09 11 10 283  1.9  3.0  1.13 10.00  8.51  62 1015.7   6.8 999.0   3.3 99.0 99.00
2024 04 09 11 20 285  2.1  3.0 99.00 99.00 99.00 999 1015.9   6.8 999.0   3.3 99.0 99.00
2024 04 09 11 30 278  2.4  3.4 99.00 99.00 99.00 999 1016.1   6.9 999.0   3.3 99.0 99.00
2024 04 09 11 40 274  2.3  3.4  1.23 10.00  8.57  72 1016.2   7.1 999.0   3.1 99.0 99.00
2024 04 09 11 50 272  1.6  2.7 99.00 99.00 99.00 999 1016.0   7.1 999.0   3.1 99.0 99.00
2024 04 09 12 00 268  1.6  2.2 99.00 99.00 99.00 999 1016.1   7.1 999.0   3.1 99.0 99.00
2024 04 09 12 10 275  1.8  2.7  0.99 10.00  7.57  81 1016.3   7.0 999.0   3.4 99.0 99.00
2024 04 09 12 20 302  1.5  2.4 99.00 99.00 99.00 999 1016.2   7.0 999.0   3.5 99.0 99.00
2024 04 09 12 30 313  1.7  2.5 99.00 99.00 99.00 999 1016.3   6.8 999.0   3.6 99.0 99.00
2024 04 09 12 40 320  1.7  2.4  1.11  9.09  7.91  74 1016.3   6.8 999.0   3.6 99.0 99.00
2024 04 09 12 50 286  1.7  2.6 99.00 99.00 99.00 999 1016.4   6.9 999.0   3.7 99.0 99.00
2024 04 09 13 00 303  1.9  2.5 99.00 99.00 99.00 999 1016.5   7.0 999.0   3.4 99.0 99.00
2024 04 09 13 10 279  1.6  2.7  0.94  9.09  7.64  92 1016.6   7.1 999.0   3.6 99.0 99.00
2024 04 09 13 20 302  2.1  2.8 99.00 99.00 99.00 999 1016.6   6.9 999.0   3.4 99.0 99.00
2024 04 09 13 30 293  2.1  2.8 99.00 99.00 99.00 999 1016.8   7.1 999.0   3.4 99.0 99.00
2024 04 09 13 40 294  2.1  2.8  0.90 10.81  7.59  90 1016.8   7.2 999.0   3.5 99.0 99.00
2024 04 09 13 50 309  2.2  2.7 99.00 99.00 99.00 999 1016.9   7.3 999.0   3.3 99.0 99.00
2024 04 09 14 00 313  2.1  2.7 99.00 99.00 99.00 999 1017.1   7.4 999.0   3.5 99.0 99.00
2024 04 09 14 10 311  2.2  2.6  0.94 10.81  7.93  93 1017.1   7.4 999.0   3.5 99.0 99.00
2024 04 09 14 20 318  2.1  2.6 99.00 99.00 99.00 999 1017.1   7.5 999.0   3.7 99.0 99.00
2024 04 09 14 30 329  1.9  2.4 99.00 99.00 99.00 999 1017.3   7.5 999.0   3.6 99.0 99.00
2024 04 09 14 40 354  2.0  2.5  0.91 10.81  7.99  88 1017.4   7.5 999.0   3.9 99.0 99.00
2024 04 09 14 50   3  2.6  3.5 99.00 99.00 99.00 999 1017.3   7.3 999.0   3.5 99.0 99.00
2024 04 09 15 00   4  3.3  4.4 99.00 99.00 99.00 999 1017.2   7.6 999.0   2.7 99.0 99.00
2024 04 09 15 10   3  3.9  4.5  0.85 11.43  7.65  78 1017.1   7.6 999.0   2.3 99.0 99.00
2024 04 09 15 20   9  3.5  4.4 99.00 99.00 99.00 999 1017.0   7.4 999.0   2.4 99.0 99.00
2024 04 09 15 30  12  3.1  3.7 99.00 99.00 99.00 999 1016.9   7.4 999.0   2.4 99.0 99.00
2024 04 09 15 40  10  3.3  4.0  0.85 10.81  7.57  78 1017.1   7.4 999.0   2.5 99.0 99.00
2024 04 09 15 50  13  3.5  4.4 99.00 99.00 99.00 999 1017.3   7.3 999.0   2.5 99.0 99.00
2024 04 09 16 00  18  3.3  4.2 99.00 99.00 99.00 999 1017.2   7.3 999.0   2.6 99.0 99.00
2024 04 09 16 10  23  4.2  5.1  0.73 11.43  6.78 115 1017.3   7.3 999.0   2.6 99.0 99.00
2024 04 09 16 20  24  4.6  5.5 99.00 99.00 99.00 999 1017.4   7.2 999.0   2.5 99.0 99.00
2024 04 09 16 30  20  4.4  5.3 99.00 99.00 99.00 999 1017.7   7.1 999.0   2.9 99.0 99.00
2024 04 09 16 40  19  4.1  5.0  0.85 10.81  6.26  74 1017.7   7.0 999.0   3.2 99.0 99.00
2024 04 09 16 50  21  4.5  5.5 99.00 99.00 99.00 999 1017.7   6.9 999.0   3.4 99.0 99.00
2024 04 09 17 00  28  4.8  5.6 99.00 99.00 99.00 999 1017.6   6.9 999.0   3.5 99.0 99.00
2024 04 09 17 10  30  5.0  5.8  0.70 10.00  5.50  76 1017.7   6.9 999.0   3.5 99.0 99.00
2024 04 09 17 20  33  5.0  6.0 99.00 99.00 99.00 999 1017.8   6.8 999.0   3.5 99.0 99.00
2024 04 09 17 30  35  5.4  6.4 99.00 99.00 99.00 999 1017.9   6.8 999.0   3.5 99.0 99.00
2024 04 09 17 40  38  5.2  6.2  0.69 10.00  5.67  80 1017.8   6.8 999.0   3.5 99.0 99.00
2024 04 09 17 50  42  5.1  6.0 99.00 99.00 99.00 999 1017.8   6.8 999.0   3.6 99.0 99.00
2024 04 09 18 00  48  4.6  5.5 99.00 99.00 99.00 999 1018.1   6.8 999.0   3.7 99.0 99.00
2024 04 09 18 10  52  4.3  5.3  0.75 11.43  5.90  55 1018.0   6.8 999.0   3.8 99.0 99.00
2024 04 09 18 20  59  4.4  5.7 99.00 99.00 99.00 999 1018.0   6.7 999.0   3.8 99.0 99.00
2024 04 09 18 30  56  5.1  6.5 99.00 99.00 99.00 999 1017.9   6.7 999.0   3.9 99.0 99.00
2024 04 09 18 40  59  5.2  6.4  0.73 10.81  6.08  63 1018.0   6.6 999.0   3.9 99.0 99.00
2024 04 09 18 50  63  5.7  6.8 99.00 99.00 99.00 999 1017.9   6.6 999.0   3.8 99.0 99.00
2024 04 09 19 00  71  5.7  6.6 99.00 99.00 99.00 999 1017.9   6.7 999.0   3.9 99.0 99.00
2024 04 09 19 10  75  5.7  6.6  0.73 10.81  5.73  54 1017.8   6.7 999.0   3.9 99.0 99.00
2024 04 09 19 20  76  5.8  7.1 99.00 99.00 99.00 999 1017.8   6.6 999.0   3.9 99.0 99.00
2024 04 09 19 30  81  5.8  6.8 99.00 99.00 99.00 999 1018.0   6.6 999.0   3.9 99.0 99.00
2024 04 09 19 40  84  6.1  7.7  0.76 10.00  5.24  60 1017.8   6.6 999.0   3.9 99.0 99.00
2024 04 09 19 50  86  6.3  7.7 99.00 99.00 99.00 999 1018.0   6.6 999.0   3.9 99.0 99.00
2024 04 09 20 00  85  6.9  8.2 99.00 99.00 99.00 999 1017.9   6.6 999.0   3.9 99.0 99.00
2024 04 09 20 10  89  7.2  8.5  0.72 10.00  4.43  58 1017.9   6.6 999.0   3.9 99.0 99.00
2024 04 09 20 20  88  7.2  8.7 99.00 99.00 99.00 999 1017.9   6.5 999.0   3.9 99.0 99.00
2024 04 09 20 30  92  6.9  8.4 99.00 99.00 99.00 999 1018.0   6.5 999.0   3.9 99.0 99.00
2024 04 09 20 40  96  6.7  7.9  0.74 10.00  4.24  59 1018.0   6.5 999.0   4.0 99.0 99.00
2024 04 09 20 50  96  6.9  8.4 99.00 99.00 99.00 999 1018.0   6.5 999.0   4.1 99.0 99.00
2024 04 09 21 00  98  7.3  8.8 99.00 99.00 99.00 999 1017.9   6.4 999.0   4.0 99.0 99.00
2024 04 09 21 10  96  7.9 10.0  0.79 10.00  3.89  66 1017.5   6.4 999.0   4.1 99.0 99.00
2024 04 09 21 20  97  8.0 10.0 99.00 99.00 99.00 999 1017.4   6.4 999.0   4.0 99.0 99.00
2024 04 09 21 30 100  7.7  9.4 99.00 99.00 99.00 999 1017.4   6.4 999.0   3.9 99.0 99.00
2024 04 09 21 40 103  7.3  9.0  0.88 10.00  4.32  65 1017.7   6.4 999.0   3.8 99.0 99.00
2024 04 09 21 50 108  6.6  8.3 99.00 99.00 99.00 999 1017.8   6.4 999.0   3.7 99.0 99.00
2024 04 09 22 00 118  6.2  7.7 99.00 99.00 99.00 999 1018.1   6.4 999.0   3.6 99.0 99.00
2024 04 09 22 10 120  5.8  7.1  0.83  9.09  4.08  78 1018.2   6.4 999.0   3.4 99.0 99.00
2024 04 09 22 20 115  5.7  6.8 99.00 99.00 99.00 999 1018.1   6.4 999.0   3.4 99.0 99.00
2024 04 09 22 30 120  5.8  7.1 99.00 99.00 99.00 999 1018.3   6.4 999.0   3.3 99.0 99.00
2024 04 09 22 40 131  5.1  6.6  0.88 10.00  4.25  69 1018.9   6.3 999.0   3.4 99.0 99.00
2024 04 09 22 50 180  4.0  5.4 99.00 99.00 99.00 999 1019.2   6.3 999.0   3.8 99.0 99.00
2024 04 09 23 00 173  3.6  4.6 99.00 99.00 99.00 999 1019.1   6.2 999.0   3.9 99.0 99.00
2024 04 09 23 10 149  3.8  4.9  0.84 10.00  4.37  70 1019.0   6.2 999.0   3.8 99.0 99.00
2024 04 09 23 20 136  4.2  5.2 99.00 99.00 99.00 999 1018.9   6.1 999.0   3.6 99.0 99.00
2024 04 09 23 30 133  4.6  5.7 99.00 99.00 99.00 999 1018.8   6.1 999.0   3.6 99.0 99.00
2024 04 09 23 40 133  4.4  5.5  0.90  9.09  4.50  75 1019.0   6.1 999.0   3.7 99.0 99.00
2024 04 09 23 50 130  4.4  5.5 99.00 99.00 99.00 999 1019.0   6.1 999.0   3.9 99.0 99.00
2024 04 10 00 00 130  3.9  4.9 99.00 99.00 99.00 999 1019.1   6.0 999.0   4.0 99.0 99.00
2024 04 10 00 10 130  3.7  4.4  0.99 10.00  4.61  72 1019.1   6.0 999.0   4.2 99.0 99.00
2024 04 10 00 20 126  3.5  4.1 99.00 99.00 99.00 999 1019.3   5.9 999.0   4.3 99.0 99.00
2024 04 10 00 30 115  3.6  4.3 99.00 99.00 99.00 999 1019.3   5.9 999.0   4.4 99.0 99.00
2024 04 10 00 40 111  3.5  4.4  0.97 10.00  4.65  75 1019.4   5.9 999.0   4.5 99.0 99.00
2024 04 10 00 50  96  3.9  4.8 99.00 99.00 99.00 999 1019.4   5.9 999.0   4.5 99.0 99.00
2024 04 10 01 00  90  4.1  5.0 99.00 99.00 99.00 999 1019.6   5.9 999.0   4.5 99.0 99.00
2024 04 10 01 10  89  4.4  5.4  1.01 10.00  4.90  72 1019.6   5.9 999.0   4.2 99.0 99.00
2024 04 10 01 20 110  3.5  4.4 99.00 99.00 99.00 999 1019.6   6.0 999.0   4.2 99.0 99.00
2024 04 10 01 30 106  4.2  5.4 99.00 99.00 99.00 999 1019.5   5.9 999.0   4.2 99.0 99.00
2024 04 10 01 40 111  4.5  5.4  0.92 10.00  4.92  81 1019.5   5.9 999.0   4.1 99.0 99.00
2024 04 10 01 50 114  4.7  5.7 99.00 99.00 99.00 999 1019.4   5.9 999.0   4.0 99.0 99.00
2024 04 10 02 00 118  4.8  5.6 99.00 99.00 99.00 999 1019.4   5.9 999.0   4.1 99.0 99.00
2024 04 10 02 10 121  4.4  5.5  1.02 10.00  5.17  68 1019.5   5.9 999.0   4.0 99.0 99.00
2024 04 10 02 20 127  3.9  4.9 99.00 99.00 99.00 999 1019.6   5.9 999.0   3.9 99.0 99.00
2024 04 10 02 30 127  3.5  4.4 99.00 99.00 99.00 999 1019.5   5.9 999.0   3.9 99.0 99.00
2024 04 10 02 40 121  3.5  4.4  0.89 10.00  4.82  81 1019.5   5.9 999.0   4.1 99.0 99.00
2024 04 10 02 50 117  3.7  4.5 99.00 99.00 99.00 999 1019.6   5.9 999.0   4.1 99.0 99.00
2024 04 10 03 00 120  4.0  4.7 99.00 99.00 99.00 999 1019.6   5.9 999.0   3.8 99.0 99.00
2024 04 10 03 10 124  3.9  4.8  0.91 10.81  5.10  72 1019.7   6.0 999.0   3.7 99.0 99.00
2024 04 10 03 20 122  4.1  4.9 99.00 99.00 99.00 999 1019.8   6.0 999.0   3.6 99.0 99.00
2024 04 10 03 30 118  4.1  5.0 99.00 99.00 99.00 999 1019.8   6.0 999.0   3.4 99.0 99.00
2024 04 10 03 40 119  3.9  4.9  0.81 10.00  4.76  80 1020.0   6.0 999.0   3.5 99.0 99.00
2024 04 10 03 50 125  4.0  5.0 99.00 99.00 99.00 999 1020.0   6.0 999.0   3.5 99.0 99.00
2024 04 10 04 00 121  4.1  5.1 99.00 99.00 99.00 999 1019.9   6.0 999.0   3.6 99.0 99.00
2024 04 10 04 10 120  4.1  4.9  0.91 10.81  4.95  70 1019.9   5.9 999.0   3.7 99.0 99.00
2024 04 10 04 20 114  4.1  5.2 99.00 99.00 99.00 999 1019.9   5.9 999.0   3.7 99.0 99.00
2024 04 10 04 30 107  3.8  4.9 99.00 99.00 99.00 999 1020.1   5.9 999.0   3.9 99.0 99.00
2024 04 10 04 40 104  3.6  4.5  0.89 10.00  4.79  72 1020.1   5.8 999.0   4.2 99.0 99.00
2024 04 10 04 50 112  4.1  5.1 99.00 99.00 99.00 999 1020.0   5.7 999.0   4.2 99.0 99.00
2024 04 10 05 00 113  4.2  5.1 99.00 99.00 99.00 999 1020.1   5.7 999.0   4.2 99.0 99.00
2024 04 10 05 10 113  4.2  5.1  0.89 10.00  4.79  72 1020.1   5.7 999.0   4.2 99.0 99.00
2024 04 10 05 20 122  4.2  5.2 99.00 99.00 99.00 999 1020.2   5.7 999.0   4.3 99.0 99.00
2024 04 10 05 30 119  4.4  5.4 99.00 99.00 99.00 999 1020.2   5.7 999.0   4.3 99.0 99.00
2024 04 10 05 40 120  4.2  5.0  0.86 10.81  4.84  69 1020.3   5.7 999.0   4.3 99.0 99.00
2024 04 10 05 50 122  4.3  5.4 99.00 99.00 99.00 999 1020.2   5.7 999.0   4.3 99.0 99.00
2024 04 10 06 00 125  4.3  5.2 99.00 99.00 99.00 999 1020.2   5.7 999.0   4.3 99.0 99.00
2024 04 10 06 10 124  4.3  5.3  0.85 10.81  4.68  74 1020.3   5.8 999.0   4.4 99.0 99.00
2024 04 10 06 20 129  4.3  5.4 99.00 99.00 99.00 999 1020.3   5.8 999.0   4.3 99.0 99.00
2024 04 10 06 30 127  4.2  5.3 99.00 99.00 99.00 999 1020.3   5.8 999.0   4.3 99.0 99.00
2024 04 10 06 40 133  4.2  5.0  0.80 10.81  4.44  72 1020.3   5.8 999.0   4.3 99.0 99.00
2024 04 10 06 50 138  4.0  5.0 99.00 99.00 99.00 999 1020.1   5.8 999.0   4.2 99.0 99.00
2024 04 10 07 00 133  4.4  5.4 99.00 99.00 99.00 999 1020.1   5.9 999.0   3.9 99.0 99.00
2024 04 10 07 10 131  4.8  5.7  0.84 10.81  4.71  69 1020.1   6.0 999.0   3.7 99.0 99.00
2024 04 10 07 20 132  4.8  5.8 99.00 99.00 99.00 999 1020.2   6.0 999.0   3.8 99.0 99.00
2024 04 10 07 30 137  5.0  5.9 99.00 99.00 99.00 999 1020.2   6.0 999.0   3.8 99.0 99.00
2024 04 10 07 40 137  5.0  6.1  0.80 10.00  4.43  75 1020.1   6.0 999.0   3.8 99.0 99.00
2024 04 10 07 50 131  5.1  6.3 99.00 99.00 99.00 999 1019.8   5.9 999.0   3.8 99.0 99.00
2024 04 10 08 00 131  5.3  6.8 99.00 99.00 99.00 999 1019.7   5.9 999.0   3.9 99.0 99.00
2024 04 10 08 10 132  5.6  6.7  0.78 10.00  4.11  74 1019.7   5.9 999.0   4.0 99.0 99.00
2024 04 10 08 20 134  5.5  6.8 99.00 99.00 99.00 999 1019.8   5.9 999.0   4.0 99.0 99.00
2024 04 10 08 30 137  5.5  6.6 99.00 99.00 99.00 999 1019.8   5.9 999.0   3.8 99.0 99.00
2024 04 10 08 40 141  5.8  7.1  0.84 10.00  4.20  85 1019.8   6.0 999.0   3.7 99.0 99.00
2024 04 10 08 50 139  5.7  6.9 99.00 99.00 99.00 999 1019.8   6.0 999.0   3.7 99.0 99.00
2024 04 10 09 00 141  5.9  7.2 99.00 99.00 99.00 999 1019.7   6.1 999.0   3.7 99.0 99.00
2024 04 10 09 10 146  5.9  7.4  0.86 10.00  4.02  79 1019.8   6.1 999.0   3.7 99.0 99.00
2024 04 10 09 20 151  5.7  7.0 99.00 99.00 99.00 999 1020.1   6.1 999.0   3.6 99.0 99.00
2024 04 10 09 30 154  5.3  6.4 99.00 99.00 99.00 999 1020.3   6.1 999.0   3.6 99.0 99.00
2024 04 10 09 40 168  5.3  6.6  0.87 10.00  4.00  73 1020.6   6.2 999.0   3.6 99.0 99.00
2024 04 10 09 50 166  5.2  6.2 99.00 99.00 99.00 999 1020.6   6.2 999.0   3.8 99.0 99.00
2024 04 10 10 00 162  4.9  5.9 99.00 99.00 99.00 999 1020.6   6.1 999.0   3.6 99.0 99.00
2024 04 10 10 10 159  4.6  5.6  0.89 10.00  4.37  82 1020.7   6.2 999.0   3.4 99.0 99.00
2024 04 10 10 20 159  4.5  5.4 99.00 99.00 99.00 999 1020.9   6.2 999.0   3.3 99.0 99.00
2024 04 10 10 30 156  4.2  5.0 99.00 99.00 99.00 999 1020.8   6.2 999.0   3.4 99.0 99.00
2024 04 10 10 40 153  4.2  5.1  0.88  9.09  4.21  78 1020.9   6.2 999.0   3.4 99.0 99.00
2024 04 10 10 50 151  4.2  5.1 99.00 99.00 99.00 999 1020.9   6.2 999.0   3.4 99.0 99.00
2024 04 10 11 00 151  4.2  5.3 99.00 99.00 99.00 999 1020.9   6.3 999.0   3.5 99.0 99.00
2024 04 10 11 10 149  4.6  5.8  1.06  9.09  4.74  82 1020.7   6.3 999.0   3.4 99.0 99.00
2024 04 10 11 20 148  4.8  6.1 99.00 99.00 99.00 999 1020.8   6.4 999.0   3.3 99.0 99.00
2024 04 10 11 30 141  4.2  5.3 99.00 99.00 99.00 999 1021.0   6.4 999.0   3.4 99.0 99.00
2024 04 10 11 40 138  4.1  5.1  0.97  9.09  4.61  89 1021.0   6.4 999.0   3.3 99.0 99.00
2024 04 10 11 50 146  4.2  5.3 99.00 99.00 99.00 999 1021.0   6.4 999.0   3.2 99.0 99.00
2024 04 10 12 00 149  3.6  4.5 99.00 99.00 99.00 999 1021.2   6.5 999.0   3.4 99.0 99.00
2024 04 10 12 10 144  3.2  4.1  0.95  9.09  4.71  88 1021.2   6.4 999.0   3.4 99.0 99.00
2024 04 10 12 20 135  2.8  3.7 99.00 99.00 99.00 999 1021.1   6.5 999.0   3.5 99.0 99.00
2024 04 10 12 30 142  2.9  3.5 99.00 99.00 99.00 999 1020.9   6.5 999.0   3.6 99.0 99.00
2024 04 10 12 40 139  3.2  3.8  0.96  9.09  4.50  76 1020.9   6.5 999.0   3.6 99.0 99.00
2024 04 10 12 50 138  3.3  4.2 99.00 99.00 99.00 999 1020.9   6.5 999.0   3.6 99.0 99.00
2024 04 10 13 00 142  3.2  3.9 99.00 99.00 99.00 999 1020.9   6.5 999.0   3.4 99.0 99.00
2024 04 10 13 10 148  3.3  4.4  0.94  8.33  4.65  80 1020.8   6.5 999.0   3.4 99.0 99.00
2024 04 10 13 20 147  3.2  3.9 99.00 99.00 99.00 999 1021.0   6.5 999.0   3.5 99.0 99.00
2024 04 10 13 30 142  2.8  3.4 99.00 99.00 99.00 999 1020.8   6.5 999.0   3.5 99.0 99.00
2024 04 10 13 40 142  3.1  3.9  0.90  9.09  4.66  66 1020.7   6.4 999.0   3.6 99.0 99.00
2024 04 10 13 50 128  3.1  4.2 99.00 99.00 99.00 999 1021.0   6.5 999.0   3.6 99.0 99.00
2024 04 10 14 00 123  2.8  3.5 99.00 99.00 99.00 999 1020.9   6.5 999.0   3.6 99.0 99.00
2024 04 10 14 10 112  2.8  3.5  0.90  7.69  4.58  86 1020.9   6.5 999.0   3.7 99.0 99.00
2024 04 10 14 20 108  2.7  3.6 99.00 99.00 99.00 999 1021.0   6.6 999.0   3.8 99.0 99.00
2024 04 10 14 30 101  2.9  3.8 99.00 99.00 99.00 999 1021.0   6.6 999.0   3.8 99.0 99.00
2024 04 10 14 40 104  3.4  4.1  0.92  9.09  4.65  83 1021.0   6.7 999.0   3.9 99.0 99.00
2024 04 10 14 50 108  3.9  5.3 99.00 99.00 99.00 999 1020.8   6.7 999.0   3.9 99.0 99.00
2024 04 10 15 00 111  4.6  5.8 99.00 99.00 99.00 999 1020.6   6.7 999.0   3.8 99.0 99.00
2024 04 10 15 10 118  5.2  6.2  0.84 10.00  4.61  99 1020.4   6.7 999.0   4.1 99.0 99.00
2024 04 10 15 20 119  5.1  6.1 99.00 99.00 99.00 999 1020.4   6.7 999.0   4.0 99.0 99.00
2024 04 10 15 30 114  5.3  6.1 99.00 99.00 99.00 999 1020.1   6.7 999.0   4.1 99.0 99.00
2024 04 10 15 40 114  5.4  6.4  0.92  9.09  4.61  78 1020.0   6.7 999.0   4.1 99.0 99.00
2024 04 10 15 50 115  5.7  7.0 99.00 99.00 99.00 999 1020.0   7.0 999.0   3.9 99.0 99.00
2024 04 10 16 00 121  6.4  7.9 99.00 99.00 99.00 999 1019.9   7.3 999.0   3.7 99.0 99.00
2024 04 10 16 10 126  6.6  8.3  0.88  9.09  4.36  74 1019.8   7.3 999.0   3.8 99.0 99.00
2024 04 10 16 20 130  7.1  8.8 99.00 99.00 99.00 999 1019.9   7.4 999.0   3.7 99.0 99.00
2024 04 10 16 30 127  7.6  9.6 99.00 99.00 99.00 999 1019.9   7.6 999.0   3.6 99.0 99.00
2024 04 10 16 40 123  7.3  8.5  0.93  4.00  3.99  79 1019.8   7.6 999.0   3.8 99.0 99.00
2024 04 10 16 50 122  7.3  8.5 99.00 99.00 99.00 999 1019.6   7.6 999.0   3.9 99.0 99.00
2024 04 10 17 00 118  6.9  8.8 99.00 99.00 99.00 999 1019.6   7.5 999.0   4.0 99.0 99.00
2024 04 10 17 10 115  6.5  7.8  0.87 10.81  3.96  84 1019.5   7.5 999.0   4.2 99.0 99.00
2024 04 10 17 20 125  7.1  9.0 99.00 99.00 99.00 999 1019.4   7.5 999.0   4.5 99.0 99.00
2024 04 10 17 30 131  7.4  9.0 99.00 99.00 99.00 999 1019.5   7.6 999.0   4.6 99.0 99.00
2024 04 10 17 40 130  7.5  9.1  0.91  3.57  3.80  98 1019.5   7.7 999.0   4.8 99.0 99.00
2024 04 10 17 50 127  7.0  8.4 99.00 99.00 99.00 999 1019.5   7.6 999.0   5.0 99.0 99.00
2024 04 10 18 00 125  6.9  8.2 99.00 99.00 99.00 999 1019.3   7.6 999.0   5.2 99.0 99.00
2024 04 10 18 10 129  7.1  8.5  0.92 10.81  3.73  98 1019.3   7.6 999.0   5.4 99.0 99.00
2024 04 10 18 20 129  7.4  8.7 99.00 99.00 99.00 999 1019.3   7.7 999.0   5.5 99.0 99.00
2024 04 10 18 30 128  7.7  9.1 99.00 99.00 99.00 999 1019.2   7.7 999.0   5.6 99.0 99.00
2024 04 10 18 40 126  7.5  8.7  0.90  3.45  3.62 120 1019.3   7.6 999.0   5.6 99.0 99.00
2024 04 10 18 50 124  7.5  8.9 99.00 99.00 99.00 999 1019.3   7.6 999.0   5.8 99.0 99.00
2024 04 10 19 00 125  7.2  9.0 99.00 99.00 99.00 999 1019.5   7.5 999.0   5.8 99.0 99.00
2024 04 10 19 10 126  7.0  8.5  0.93  3.33  3.77 130 1019.6   7.6 999.0   5.9 99.0 99.00
2024 04 10 19 20 128  6.9  8.3 99.00 99.00 99.00 999 1019.6   7.6 999.0   5.9 99.0 99.00
2024 04 10 19 30 131  7.1  8.5 99.00 99.00 99.00 999 1019.7   7.8 999.0   6.1 99.0 99.00
2024 04 10 19 40 134  7.3  8.6  0.97  3.70  3.79 131 1019.6   7.7 999.0   6.0 99.0 99.00
2024 04 10 19 50 133  7.7  9.0 99.00 99.00 99.00 999 1019.5   7.7 999.0   6.0 99.0 99.00
2024 04 10 20 00 133  7.6  8.8 99.00 99.00 99.00 999 1019.6   7.7 999.0   6.1 99.0 99.00
2024 04 10 20 10 132  7.4  8.6  1.02  3.57  3.81 143 1019.4   7.7 999.0   6.1 99.0 99.00
2024 04 10 20 20 129  7.5  9.1 99.00 99.00 99.00 999 1019.5   7.7 999.0   6.1 99.0 99.00
2024 04 10 20 30 128  7.6  9.2 99.00 99.00 99.00 999 1019.4   7.7 999.0   6.1 99.0 99.00
2024 04 10 20 40 127  7.4  8.8  0.93  3.57  3.70 149 1019.4   7.6 999.0   6.1 99.0 99.00
2024 04 10 20 50 124  7.1  8.6 99.00 99.00 99.00 999 1019.5   7.5 999.0   6.0 99.0 99.00
2024 04 10 21 00 120  7.1  8.3 99.00 99.00 99.00 999 1019.4   7.5 999.0   6.1 99.0 99.00
2024 04 10 21 10 117  6.8  8.1  0.91  3.85  3.74 141 1019.6   7.3 999.0   6.0 99.0 99.00
2024 04 10 21 20 118  7.1  8.4 99.00 99.00 99.00 999 1019.5   7.2 999.0   6.1 99.0 99.00
2024 04 10 21 30 120  7.1  8.7 99.00 99.00 99.00 999 1019.6   7.1 999.0   6.0 99.0 99.00
2024 04 10 21 40 118  6.7  8.0  0.93  3.45  3.74 136 1019.7   7.1 999.0   6.0 99.0 99.00
2024 04 10 21 50 120  6.6  7.9 99.00 99.00 99.00 999 1019.6   7.1 999.0   6.0 99.0 99.00
2024 04 10 22 00 119  6.2  7.4 99.00 99.00 99.00 999 1019.6   7.1 999.0   6.0 99.0 99.00
2024 04 10 22 10 119  6.9  8.1  0.89 10.81  3.85  74 1019.6   6.9 999.0   5.9 99.0 99.00
2024 04 10 22 20 122  7.5  9.1 99.00 99.00 99.00 999 1019.6   6.9 999.0   5.9 99.0 99.00
2024 04 10 22 30 123  7.4  8.9 99.00 99.00 99.00 999 1019.5   6.9 999.0   5.9 99.0 99.00
2024 04 10 22 40 121  7.1  8.8  1.00 10.00  3.82  77 1019.6   6.9 999.0   5.9 99.0 99.00
2024 04 10 22 50 122  6.9  8.3 99.00 99.00 99.00 999 1019.6   7.0 999.0   5.8 99.0 99.00
2024 04 10 23 00 121  6.7  8.1 99.00 99.00 99.00 999 1019.8   6.9 999.0   5.7 99.0 99.00
2024 04 10 23 10 120  7.1  8.4  0.95 10.81  3.83  69 1019.8   6.8 999.0   5.7 99.0 99.00
2024 04 10 23 20 121  7.4  9.0 99.00 99.00 99.00 999 1019.9   6.9 999.0   5.8 99.0 99.00
2024 04 10 23 30 120  7.4  8.9 99.00 99.00 99.00 999 1019.8   6.8 999.0   5.7 99.0 99.00
2024 04 10 23 40 119  7.3  8.6  0.94 10.00  3.80  74 1019.8   6.8 999.0   5.7 99.0 99.00
2024 04 10 23 50 116  7.4  8.9 99.00 99.00 99.00 999 1019.9   6.7 999.0   5.7 99.0 99.00
2024 04 11 00 00 117  6.9  8.2 99.00 99.00 99.00 999 1020.1   6.7 999.0   5.7 99.0 99.00
2024 04 11 00 10 118  7.4  8.9  0.89 10.00  3.72  46 1020.0   6.7 999.0   5.7 99.0 99.00
2024 04 11 00 30 119  7.7  9.4 99.00 99.00 99.00 999 1020.2   6.7 999.0   5.8 99.0 99.00
2024 04 11 00 40 120  7.3  8.9 99.00 99.00 99.00 999 1020.2   6.7 999.0   5.7 99.0 99.00
2024 04 11 00 50 120  6.9  8.1 99.00 99.00 99.00 999 1020.1   6.6 999.0   5.7 99.0 99.00
2024 04 11 01 00 119  6.9  8.4 99.00 99.00 99.00 999 1020.1   6.6 999.0   5.7 99.0 99.00
2024 04 11 01 10 118  6.9  8.1  0.86 10.00  3.86  94 1020.1   6.6 999.0   5.7 99.0 99.00
2024 04 11 01 20 119  6.4  7.9 99.00 99.00 99.00 999 1020.3   6.7 999.0   5.7 99.0 99.00
2024 04 11 01 30 116  6.1  7.2 99.00 99.00 99.00 999 1020.2   6.7 999.0   5.7 99.0 99.00
2024 04 11 01 40 115  6.4  7.5  0.86  9.09  3.85 101 1020.1   6.6 999.0   5.7 99.0 99.00
2024 04 11 01 50 113  6.2  7.4 99.00 99.00 99.00 999 1020.1   6.5 999.0   5.6 99.0 99.00
2024 04 11 02 00 109  5.7  7.0 99.00 99.00 99.00 999 1020.1   6.5 999.0   5.7 99.0 99.00
2024 04 11 02 10 106  5.5  6.8  0.84  9.09  3.96  81 1020.1   6.5 999.0   5.7 99.0 99.00
2024 04 11 02 20 102  5.1  6.4 99.00 99.00 99.00 999 1020.0   6.5 999.0   5.7 99.0 99.00
2024 04 11 02 30  96  4.9  6.3 99.00 99.00 99.00 999 1020.1   6.5 999.0   5.7 99.0 99.00
2024 04 11 02 40  83  4.1  5.3  0.86  5.00  4.09 102 1020.1   6.4 999.0   5.6 99.0 99.00
2024 04 11 02 50  84  4.6  5.7 99.00 99.00 99.00 999 1020.0   6.4 999.0   5.7 99.0 99.00
2024 04 11 03 00  78  4.3  5.3 99.00 99.00 99.00 999 1020.1   6.4 999.0   5.7 99.0 99.00
2024 04 11 03 10  79  4.6  6.0  0.87  9.09  4.33  91 1019.8   6.3 999.0   5.6 99.0 99.00
2024 04 11 03 20  80  4.6  5.6 99.00 99.00 99.00 999 1019.8   6.3 999.0   5.7 99.0 99.00
2024 04 11 03 30  88  4.7  5.6 99.00 99.00 99.00 999 1019.8   6.4 999.0   5.8 99.0 99.00
2024 04 11 03 40  86  5.2  6.6  0.87  5.56  4.63 102 1019.5   6.4 999.0   5.7 99.0 99.00
2024 04 11 03 50  85  5.2  6.4 99.00 99.00 99.00 999 1019.3   6.4 999.0   5.7 99.0 99.00
2024 04 11 04 00  88  5.4  7.1 99.00 99.00 99.00 999 1019.1   6.4 999.0   5.8 99.0 99.00
2024 04 11 04 10  88  5.5  6.8  0.89  5.56  4.48 106 1018.9   6.4 999.0   5.8 99.0 99.00
2024 04 11 04 20  93  5.3  6.9 99.00 99.00 99.00 999 1018.7   6.3 999.0   5.8 99.0 99.00
2024 04 11 04 30  94  5.7  7.1 99.00 99.00 99.00 999 1018.7   6.3 999.0   5.8 99.0 99.00
2024 04 11 04 40  94  5.4  6.9  0.87  5.26  4.49 104 1018.6   6.4 999.0   5.8 99.0 99.00
2024 04 11 04 50  94  5.5  6.9 99.00 99.00 99.00 999 1018.7   6.4 999.0   5.7 99.0 99.00
2024 04 11 05 00  93  5.1  6.2 99.00 99.00 99.00 999 1018.4   6.4 999.0   5.7 99.0 99.00
2024 04 11 05 10  96  4.9  6.3  0.92  7.14  4.50  88 1018.4   6.5 999.0   5.8 99.0 99.00
2024 04 11 05 20  95  5.4  6.8 99.00 99.00 99.00 999 1018.2   6.4 999.0   5.8 99.0 99.00
2024 04 11 05 30  90  5.4  7.0 99.00 99.00 99.00 999 1018.2   6.5 999.0   5.9 99.0 99.00
2024 04 11 05 40  89  5.0  6.4  1.00  5.56  4.76 104 1018.4   6.4 999.0   5.8 99.0 99.00
2024 04 11 05 50  89  4.7  6.0 99.00 99.00 99.00 999 1018.3   6.4 999.0   5.9 99.0 99.00
2024 04 11 06 00  89  4.5  5.4 99.00 99.00 99.00 999 1018.4   6.4 999.0   5.9 99.0 99.00
2024 04 11 06 10  94  4.3  5.3  0.97  5.56  4.61 110 1018.3   6.5 999.0   6.0 99.0 99.00
2024 04 11 06 20  88  4.0  4.9 99.00 99.00 99.00 999 1018.2   6.5 999.0   6.0 99.0 99.00
2024 04 11 06 30  94  3.9  5.0 99.00 99.00 99.00 999 1018.2   6.5 999.0   6.1 99.0 99.00
2024 04 11 06 40  97  3.7  4.7  0.96  5.26  4.54 101 1018.0   6.5 999.0   6.1 99.0 99.00
2024 04 11 06 50  82  3.2  3.9 99.00 99.00 99.00 999 1017.9   6.5 999.0   6.1 99.0 99.00
2024 04 11 07 00  69  3.1  3.9 99.00 99.00 99.00 999 1017.9   6.5 999.0   6.2 99.0 99.00
2024 04 11 07 10  80  3.3  4.2  0.96  6.67  4.91 100 1017.9   6.5 999.0   6.3 99.0 99.00
2024 04 11 07 20  75  3.2  3.9 99.00 99.00 99.00 999 1017.7   6.5 999.0   6.4 99.0 99.00
2024 04 11 07 30  78  3.5  4.6 99.00 99.00 99.00 999 1017.7   6.4 999.0   6.4 99.0 99.00
2024 04 11 07 40  75  3.2  4.2  1.02  5.88  5.06 116 1017.6   6.4 999.0   6.4 99.0 99.00
2024 04 11 07 50  73  3.2  4.2 99.00 99.00 99.00 999 1017.7   6.4 999.0   6.4 99.0 99.00
2024 04 11 08 00  74  3.0  4.0 99.00 99.00 99.00 999 1017.6   6.4 999.0   6.4 99.0 99.00
2024 04 11 08 10  75  2.9  3.9  0.96  6.25  4.87  98 1017.6   6.3 999.0   6.3 99.0 99.00
2024 04 11 08 20  73  2.6  3.4 99.00 99.00 99.00 999 1017.6   6.3 999.0   6.3 99.0 99.00
2024 04 11 08 30  71  2.4  3.3 99.00 99.00 99.00 999 1017.5   6.3 999.0   6.3 99.0 99.00
2024 04 11 08 40  74  2.4  3.3  1.03  6.25  5.14 110 1017.5   6.3 999.0   6.3 99.0 99.00
2024 04 11 08 50  79  1.8  2.9 99.00 99.00 99.00 999 1017.6   6.3 999.0   6.3 99.0 99.00
2024 04 11 09 00  64  2.4  3.2 99.00 99.00 99.00 999 1017.6   6.3 999.0   6.3 99.0 99.00
2024 04 11 09 10  53  2.1  3.0  0.97  6.25  4.97  88 1017.7   6.3 999.0   6.3 99.0 99.00
2024 04 11 09 20  42  2.2  3.0 99.00 99.00 99.00 999 1017.6   6.3 999.0   6.3 99.0 99.00
2024 04 11 09 30  44  2.0  2.7 99.00 99.00 99.00 999 1017.7   6.3 999.0   6.3 99.0 99.00
2024 04 11 09 40  33  2.0  2.6  0.95  7.14  5.08  82 1017.5   6.3 999.0   6.3 99.0 99.00
2024 04 11 09 50   2  2.5  3.3 99.00 99.00 99.00 999 1017.6   6.3 999.0   6.3 99.0 99.00
2024 04 11 10 00 359  2.6  3.1 99.00 99.00 99.00 999 1017.8   6.3 999.0   6.3 99.0 99.00
2024 04 11 10 10 353  2.6  3.5  1.00  6.67  5.29 100 1017.9   6.3 999.0   6.3 99.0 99.00
2024 04 11 10 20 353  3.1  3.8 99.00 99.00 99.00 999 1018.0   6.4 999.0   6.4 99.0 99.00
2024 04 11 10 30   2  3.0  3.8 99.00 99.00 99.00 999 1018.1   6.4 999.0   6.4 99.0 99.00
2024 04 11 10 40  14  3.1  3.7  1.03  6.67  5.49 100 1018.1   6.3 999.0   6.3 99.0 99.00
2024 04 11 10 50  18  3.1  3.9 99.00 99.00 99.00 999 1018.3   6.2 999.0   6.2 99.0 99.00
2024 04 11 11 00  26  2.5  3.2 99.00 99.00 99.00 999 1018.4   6.2 999.0   6.2 99.0 99.00
2024 04 11 11 10  40  1.9  2.7  1.01  6.25  5.34 102 1018.4   6.2 999.0   6.2 99.0 99.00
2024 04 11 11 20  43  1.6  2.2 99.00 99.00 99.00 999 1018.6   6.2 999.0   6.2 99.0 99.00
2024 04 11 11 30  33  1.3  2.0 99.00 99.00 99.00 999 1018.6   6.2 999.0   6.2 99.0 99.00
2024 04 11 11 40  39  1.7  2.4  1.01  6.67  5.22 100 1018.5   6.2 999.0   6.2 99.0 99.00
2024 04 11 11 50  39  1.7  2.3 99.00 99.00 99.00 999 1018.5   6.2 999.0   6.2 99.0 99.00
2024 04 11 12 00  48  1.2  2.1 99.00 99.00 99.00 999 1018.7   6.2 999.0   6.2 99.0 99.00
2024 04 11 12 10  46  1.0  1.6  0.99  6.67  5.22  99 1018.6   6.2 999.0   6.2 99.0 99.00
2024 04 11 12 20  17  1.1  2.0 99.00 99.00 99.00 999 1018.4   6.2 999.0   6.2 99.0 99.00
2024 04 11 12 30   1  1.6  2.1 99.00 99.00 99.00 999 1018.7   6.2 999.0   6.2 99.0 99.00
2024 04 11 12 40 360  1.3  2.0  1.04  6.67  5.24  99 1018.8   6.3 999.0   6.3 99.0 99.00
2024 04 11 12 50  12  1.2  1.8 99.00 99.00 99.00 999 1018.8   6.3 999.0   6.3 99.0 99.00
2024 04 11 13 00  21  1.1  2.0 99.00 99.00 99.00 999 1018.9   6.3 999.0   6.3 99.0 99.00
2024 04 11 13 10  24  2.2  3.0  1.07  6.67  5.23  99 1018.7   6.2 999.0   6.2 99.0 99.00
2024 04 11 13 20  27  2.5  3.0 99.00 99.00 99.00 999 1019.0   6.2 999.0   6.2 99.0 99.00
2024 04 11 13 30  29  0.6  2.2 99.00 99.00 99.00 999 1019.3   6.2 999.0   6.2 99.0 99.00
2024 04 11 13 40  12  0.9  2.3  1.02  6.67  5.27  89 1019.2   6.2 999.0   6.2 99.0 99.00
2024 04 11 13 50  15  2.0  2.4 99.00 99.00 99.00 999 1019.3   6.2 999.0   6.2 99.0 99.00
2024 04 11 14 00  10  2.2  2.8 99.00 99.00 99.00 999 1019.1   6.2 999.0   6.2 99.0 99.00
2024 04 11 14 10  15  2.2  2.8  1.00  6.67  5.28 106 1019.2   6.2 999.0   6.2 99.0 99.00
2024 04 11 14 20  29  2.0  2.6 99.00 99.00 99.00 999 1019.2   6.0 999.0   6.0 99.0 99.00
2024 04 11 14 30  43  2.0  3.2 99.00 99.00 99.00 999 1019.0   6.0 999.0   6.0 99.0 99.00
2024 04 11 14 40  41  1.8  2.7  0.98  6.67  5.11 107 1019.1   6.1 999.0   6.1 99.0 99.00
2024 04 11 14 50  25  1.3  2.0 99.00 99.00 99.00 999 1019.0   6.1 999.0   6.1 99.0 99.00
2024 04 11 15 00  29  1.8  2.3 99.00 99.00 99.00 999 1018.8   6.1 999.0   6.1 99.0 99.00
2024 04 11 15 10  26  1.6  2.2  1.00  6.25  5.06 101 1018.7   6.1 999.0   6.1 99.0 99.00
2024 04 11 15 20  16  1.5  2.1 99.00 99.00 99.00 999 1018.7   6.0 999.0   6.0 99.0 99.00
2024 04 11 15 30   9  1.3  1.9 99.00 99.00 99.00 999 1018.7   6.1 999.0   6.1 99.0 99.00
2024 04 11 15 40   2  1.4  2.2  1.07  6.67  5.24  97 1018.6   6.0 999.0   6.0 99.0 99.00
2024 04 11 15 50 358  1.5  2.7 99.00 99.00 99.00 999 1018.7   6.0 999.0   6.0 99.0 99.00
2024 04 11 16 00   2  1.7  2.4 99.00 99.00 99.00 999 1018.3   6.1 999.0   6.1 99.0 99.00
2024 04 11 16 10  11  2.5  3.2  1.03  6.67  5.25 103 1018.2   6.1 999.0   6.1 99.0 99.00
2024 04 11 16 20  13  2.8  3.4 99.00 99.00 99.00 999 1018.0   6.1 999.0   6.1 99.0 99.00
2024 04 11 16 30  26  2.5  3.2 99.00 99.00 99.00 999 1017.9   6.1 999.0   6.1 99.0 99.00
2024 04 11 16 40  31  2.3  3.2  1.16  6.67  5.39 101 1017.9   6.2 999.0   6.2 99.0 99.00
2024 04 11 16 50  33  2.4  3.0 99.00 99.00 99.00 999 1017.8   6.2 999.0   6.2 99.0 99.00
2024 04 11 17 00  28  1.7  2.9 99.00 99.00 99.00 999 1017.7   6.2 999.0   6.2 99.0 99.00
2024 04 11 17 10  26  2.9  4.0  1.23  6.67  5.44 106 1017.4   6.2 999.0   6.2 99.0 99.00
2024 04 11 17 20  34  3.9  4.9 99.00 99.00 99.00 999 1017.2   6.2 999.0   6.2 99.0 99.00
2024 04 11 17 30  34  3.9  5.1 99.00 99.00 99.00 999 1017.3   6.2 999.0   6.2 99.0 99.00
2024 04 11 17 40  49  2.8  3.9  1.15  6.25  5.41 103 1017.6   6.3 999.0   6.3 99.0 99.00
2024 04 11 17 50  57  1.4  2.2 99.00 99.00 99.00 999 1017.5   6.3 999.0   6.3 99.0 99.00
2024 04 11 18 00  43  1.8  2.4 99.00 99.00 99.00 999 1017.2   6.3 999.0   6.3 99.0 99.00
2024 04 11 18 10  37  1.4  2.4  1.21  7.14  5.67 104 1017.3   6.2 999.0   6.2 99.0 99.00
2024 04 11 18 20  41  1.4  2.1 99.00 99.00 99.00 999 1017.3   6.3 999.0   6.3 99.0 99.00
2024 04 11 18 30  46  1.3  2.2 99.00 99.00 99.00 999 1017.1   6.3 999.0   6.3 99.0 99.00
2024 04 11 18 40  44  0.9  2.2  1.16  7.14  5.50 107 1017.2   6.3 999.0   6.3 99.0 99.00
2024 04 11 18 50  74  0.1  0.8 99.00 99.00 99.00 999 1017.1   6.3 999.0   6.3 99.0 99.00
2024 04 11 19 00  50  1.1  2.3 99.00 99.00 99.00 999 1016.8   6.4 999.0   6.4 99.0 99.00
2024 04 11 19 10  50  1.6  2.1  1.24  7.14  5.71  94 1016.8   6.3 999.0   6.3 99.0 99.00
2024 04 11 19 20  50  1.7  2.9 99.00 99.00 99.00 999 1016.5   6.3 999.0   6.3 99.0 99.00
2024 04 11 19 30  40  2.4  3.5 99.00 99.00 99.00 999 1016.1   6.4 999.0   6.4 99.0 99.00
2024 04 11 19 40  50  2.5  3.5  1.06  8.33  5.60  89 1016.0   6.4 999.0   6.4 99.0 99.00
2024 04 11 19 50  61  2.3  3.0 99.00 99.00 99.00 999 1016.2   6.4 999.0   6.4 99.0 99.00
2024 04 11 20 00  87  2.2  2.9 99.00 99.00 99.00 999 1016.2   6.4 999.0   6.4 99.0 99.00
2024 04 11 20 10  90  2.2  3.2  1.15  7.69  5.91 106 1016.4   6.4 999.0   6.4 99.0 99.00
2024 04 11 20 20 111  1.8  2.7 99.00 99.00 99.00 999 1016.5   6.5 999.0   6.5 99.0 99.00
2024 04 11 20 30 111  1.4  2.4 99.00 99.00 99.00 999 1016.7   6.4 999.0   6.4 99.0 99.00
2024 04 11 20 40 117  1.6  2.5  1.10  7.69  5.75  99 1016.8   6.5 999.0   6.5 99.0 99.00
2024 04 11 20 50 131  2.0  2.8 99.00 99.00 99.00 999 1016.9   6.5 999.0   6.5 99.0 99.00
2024 04 11 21 00 142  1.6  2.3 99.00 99.00 99.00 999 1016.7   6.5 999.0   6.5 99.0 99.00
2024 04 11 21 10 157  0.6  2.1  1.17  7.69  5.93  96 1016.9   6.5 999.0   6.5 99.0 99.00
2024 04 11 21 20 277  0.0  0.7 99.00 99.00 99.00 999 1016.6   6.5 999.0   6.5 99.0 99.00
2024 04 11 21 30   1  0.2  1.0 99.00 99.00 99.00 999 1016.5   6.5 999.0   6.5 99.0 99.00
2024 04 11 21 40  18  0.9  2.0  1.20  7.69  5.95 100 1016.3   6.6 999.0   6.6 99.0 99.00
2024 04 11 21 50   7  1.2  1.8 99.00 99.00 99.00 999 1016.3   6.5 999.0   6.5 99.0 99.00
2024 04 11 22 00  20  1.8  2.3 99.00 99.00 99.00 999 1016.3   6.5 999.0   6.5 99.0 99.00
2024 04 11 22 10  16  1.8  2.8  1.22  7.69  6.12  98 1016.0   6.5 999.0   6.5 99.0 99.00
2024 04 11 22 20  42  2.3  3.2 99.00 99.00 99.00 999 1016.0   6.5 999.0   6.5 99.0 99.00
2024 04 11 22 30  70  3.0  3.8 99.00 99.00 99.00 999 1015.9   6.6 999.0   6.6 99.0 99.00
2024 04 11 22 40  73  2.9  3.8  1.18  8.33  6.17 104 1015.8   6.6 999.0   6.6 99.0 99.00
2024 04 11 22 50  57  1.7  2.9 99.00 99.00 99.00 999 1015.8   6.7 999.0   6.7 99.0 99.00
2024 04 11 23 00  69  2.4  3.4 99.00 99.00 99.00 999 1015.7   6.7 999.0   6.7 99.0 99.00
2024 04 11 23 10  74  2.9  4.0  1.12  7.14  5.88  93 1015.4   6.6 999.0   6.6 99.0 99.00
2024 04 11 23 20  81  3.5  4.6 99.00 99.00 99.00 999 1015.3   6.7 999.0   6.7 99.0 99.00
2024 04 11 23 30  83  3.5  4.6 99.00 99.00 99.00 999 1015.4   6.8 999.0   6.8 99.0 99.00
2024 04 11 23 40  87  4.1  5.1  1.21  8.33  5.96  94 1015.3   6.9 999.0   6.9 99.0 99.00
2024 04 11 23 50  95  3.4  4.1 99.00 99.00 99.00 999 1015.4   7.0 999.0   7.0 99.0 99.00
2024 04 12 00 00  99  3.8  4.6 99.00 99.00 99.00 999 1015.2   7.3 999.0   7.3 99.0 99.00
2024 04 12 00 10 104  4.2  5.3  1.17  7.69  6.01  99 1015.1   7.5 999.0   7.5 99.0 99.00
2024 04 12 00 20 103  4.8  6.3 99.00 99.00 99.00 999 1014.9   7.6 999.0   7.6 99.0 99.00
2024 04 12 00 30 104  4.5  6.0 99.00 99.00 99.00 999 1014.7   7.9 999.0   7.9 99.0 99.00
2024 04 12 00 40 113  4.7  5.6  1.10  7.69  5.65  95 1014.8   8.2 999.0   8.2 99.0 99.00
2024 04 12 00 50 127  5.4  6.7 99.00 99.00 99.00 999 1014.8   8.3 999.0   8.3 99.0 99.00
2024 04 12 01 00 131  6.3  7.8 99.00 99.00 99.00 999 1014.6   8.6 999.0   8.6 99.0 99.00
2024 04 12 01 10 131  6.7  8.1  1.14  7.14  5.58 106 1014.7   8.5 999.0   8.5 99.0 99.00
2024 04 12 01 20 133  6.7  7.7 99.00 99.00 99.00 999 1014.6   8.6 999.0   8.6 99.0 99.00
2024 04 12 01 30 135  6.6  8.1 99.00 99.00 99.00 999 1014.6   8.6 999.0   8.6 99.0 99.00
2024 04 12 01 40 136  7.0  8.6  1.25  7.69  5.23 100 1014.4   8.5 999.0   8.5 99.0 99.00
2024 04 12 01 50 136  7.5  8.9 99.00 99.00 99.00 999 1014.3   8.5 999.0   8.5 99.0 99.00
2024 04 12 02 00 138  7.5  8.7 99.00 99.00 99.00 999 1014.2   8.3 999.0   8.3 99.0 99.00
2024 04 12 02 10 139  7.6  9.3  1.31  7.69  4.89 100 1014.1   8.3 999.0   8.3 99.0 99.00
2024 04 12 02 20 141  7.8  9.2 99.00 99.00 99.00 999 1014.0   8.4 999.0   8.4 99.0 99.00
2024 04 12 02 30 142  7.6  9.2 99.00 99.00 99.00 999 1013.9   8.2 999.0   8.2 99.0 99.00
2024 04 12 02 40 142  7.0  8.6  1.30  7.14  4.76  97 1013.9   8.1 999.0   8.1 99.0 99.00
2024 04 12 02 50 142  7.2  8.7 99.00 99.00 99.00 999 1013.7   8.2 999.0   8.2 99.0 99.00
2024 04 12 03 00 138  7.4  8.8 99.00 99.00 99.00 999 1013.6   8.3 999.0   8.3 99.0 99.00
2024 04 12 03 10 137  7.8  9.5  1.36  7.14  4.87 108 1013.4   8.4 999.0   8.4 99.0 99.00
2024 04 12 03 20 136  7.7  8.9 99.00 99.00 99.00 999 1013.3   8.4 999.0   8.4 99.0 99.00
2024 04 12 03 30 135  7.5  8.9 99.00 99.00 99.00 999 1013.1   8.4 999.0   8.4 99.0 99.00
2024 04 12 03 40 135  7.4  8.7  1.24  7.14  4.72 123 1012.9   8.3 999.0   8.3 99.0 99.00
2024 04 12 03 50 138  8.0  9.6 99.00 99.00 99.00 999 1012.6   8.4 999.0   8.4 99.0 99.00
2024 04 12 04 00 139  8.0  9.5 99.00 99.00 99.00 999 1012.6   8.3 999.0   8.3 99.0 99.00
2024 04 12 04 10 139  7.7  9.2  1.35  7.69  4.77 103 1012.5   8.4 999.0   8.4 99.0 99.00
2024 04 12 04 20 138  7.6  9.1 99.00 99.00 99.00 999 1012.4   8.4 999.0   8.4 99.0 99.00
2024 04 12 04 30 139  7.5  9.2 99.00 99.00 99.00 999 1012.3   8.5 999.0   8.5 99.0 99.00
2024 04 12 04 40 134  7.3  8.9  1.33  6.67  4.68 108 1012.0   8.3 999.0   8.3 99.0 99.00
2024 04 12 04 50 136  7.2  8.5 99.00 99.00 99.00 999 1012.1   8.4 999.0   8.4 99.0 99.00
2024 04 12 05 00 136  7.0  8.5 99.00 99.00 99.00 999 1011.9   8.4 999.0   8.4 99.0 99.00
2024 04 12 05 10 136  7.6  9.4  1.28  7.69  4.68 107 1011.7   8.4 999.0   8.4 99.0 99.00
2024 04 12 05 20 134  8.1  9.5 99.00 99.00 99.00 999 1011.5   8.5 999.0   8.5 99.0 99.00
2024 04 12 05 30 137  7.9  9.4 99.00 99.00 99.00 999 1011.4   8.6 999.0   8.6 99.0 99.00
2024 04 12 05 40 135  7.7  9.5  1.27  7.14  4.47  99 1011.1   8.6 999.0   8.6 99.0 99.00
2024 04 12 05 50 132  7.8  9.6 99.00 99.00 99.00 999 1010.9   8.6 999.0   8.6 99.0 99.00
2024 04 12 06 00 134  8.4 10.5 99.00 99.00 99.00 999 1010.8   8.6 999.0   8.6 99.0 99.00
2024 04 12 06 10 131  7.9  9.5  1.29  7.14  4.42  99 1010.5   8.4 999.0   8.4 99.0 99.00
2024 04 12 06 20 129  7.5  9.1 99.00 99.00 99.00 999 1010.4   8.3 999.0   8.3 99.0 99.00
2024 04 12 06 30 130  7.7  9.3 99.00 99.00 99.00 999 1010.1   8.3 999.0   8.3 99.0 99.00
2024 04 12 06 40 130  7.6  9.4  1.32  7.14  4.38 100 1009.9   8.4 999.0   8.4 99.0 99.00
2024 04 12 06 50 132  7.4  9.0 99.00 99.00 99.00 999 1009.7   8.5 999.0   8.5 99.0 99.00
2024 04 12 07 00 132  7.7  9.5 99.00 99.00 99.00 999 1009.4   8.5 999.0   8.5 99.0 99.00
2024 04 12 07 10 130  7.6  8.7  1.20  7.69  4.23 109 1009.2   8.6 999.0   8.6 99.0 99.00
2024 04 12 07 20 129  7.0  8.4 99.00 99.00 99.00 999 1009.1   8.5 999.0   8.5 99.0 99.00
2024 04 12 07 30 129  6.6  8.0 99.00 99.00 99.00 999 1008.9   8.4 999.0   8.4 99.0 99.00
2024 04 12 07 40 131  6.7  8.2  1.16  7.14  4.45  92 1008.7   8.5 999.0   8.5 99.0 99.00
2024 04 12 07 50 129  6.8  8.2 99.00 99.00 99.00 999 1008.4   8.5 999.0   8.5 99.0 99.00
2024 04 12 08 00 130  7.4  8.9 99.00 99.00 99.00 999 1008.0   8.6 999.0   8.6 99.0 99.00
2024 04 12 08 10 133  7.9  9.6  1.10  7.14  4.43  98 1007.9   8.8 999.0   8.8 99.0 99.00
2024 04 12 08 20 133  8.3  9.8 99.00 99.00 99.00 999 1007.7   8.8 999.0   8.8 99.0 99.00
2024 04 12 08 30 133  8.3  9.7 99.00 99.00 99.00 999 1007.5   8.8 999.0   8.8 99.0 99.00
2024 04 12 08 40 131  8.4 10.0  1.19  7.14  4.21 106 1007.2   8.9 999.0   8.9 99.0 99.00
2024 04 12 08 50 129  8.2  9.6 99.00 99.00 99.00 999 1007.0   8.9 999.0   8.9 99.0 99.00
2024 04 12 09 00 133  8.3 10.0 99.00 99.00 99.00 999 1006.8   8.9 999.0   8.9 99.0 99.00
2024 04 12 09 10 137  9.1 11.1  1.32  7.69  4.24 104 1006.6   9.2 999.0   9.2 99.0 99.00
2024 04 12 09 20 141 10.3 14.4 99.00 99.00 99.00 999 1006.4  10.1 999.0  10.1 99.0 99.00
2024 04 12 09 30 141 10.2 12.1 99.00 99.00 99.00 999 1006.3   9.8 999.0   9.8 99.0 99.00
2024 04 12 09 40 139 10.4 12.5  1.35  7.69  4.11  92 1006.4   9.5 999.0   9.5 99.0 99.00
2024 04 12 09 50 140  9.6 11.3 99.00 99.00 99.00 999 1006.1   9.0 999.0   9.0 99.0 99.00
2024 04 12 10 00 138  9.4 11.9 99.00 99.00 99.00 999 1005.9   9.1 999.0   9.1 99.0 99.00
2024 04 12 10 10 140 10.1 12.1  1.37  4.55  4.20 146 1005.7   9.5 999.0   9.5 99.0 99.00
2024 04 12 10 20 139 10.2 13.3 99.00 99.00 99.00 999 1005.5   9.8 999.0   9.8 99.0 99.00
2024 04 12 10 30 144 12.2 15.2 99.00 99.00 99.00 999 1005.3  10.1 999.0  10.1 99.0 99.00
2024 04 12 10 40 144 11.4 14.0  1.63  5.00  4.32 136 1005.1  10.0 999.0  10.0 99.0 99.00
2024 04 12 10 50 143 11.7 14.6 99.00 99.00 99.00 999 1004.8   9.9 999.0   9.9 99.0 99.00
2024 04 12 11 00 142 12.2 15.2 99.00 99.00 99.00 999 1004.7  10.1 999.0  10.1 99.0 99.00
2024 04 12 11 10 141 11.8 14.6  1.65  5.26  4.44 146 1004.5   9.9 999.0   9.9 99.0 99.00
2024 04 12 11 20 139 11.5 13.7 99.00 99.00 99.00 999 1004.4   9.8 999.0   9.8 99.0 99.00
2024 04 12 11 30 139 11.5 13.8 99.00 99.00 99.00 999 1004.2   9.8 999.0   9.8 99.0 99.00
2024 04 12 11 40 138 11.4 14.0  1.72  5.56  4.46 133 1003.9   9.8 999.0   9.8 99.0 99.00
2024 04 12 11 50 138 11.6 15.0 99.00 99.00 99.00 999 1003.7   9.8 999.0   9.8 99.0 99.00
2024 04 12 12 00 144 12.3 14.7 99.00 99.00 99.00 999 1003.7  10.0 999.0  10.0 99.0 99.00
2024 04 12 12 10 146 12.6 16.9  1.81  5.00  4.76 148 1003.3  10.1 999.0  10.1 99.0 99.00
2024 04 12 12 20 148 12.7 15.7 99.00 99.00 99.00 999 1003.3  10.1 999.0  10.1 99.0 99.00
2024 04 12 12 30 145 12.5 16.0 99.00 99.00 99.00 999 1002.9  10.1 999.0  10.1 99.0 99.00
2024 04 12 12 40 144 12.3 15.7  2.16  6.25  4.95 136 1002.7  10.0 999.0  10.0 99.0 99.00
2024 04 12 12 50 147 12.0 15.2 99.00 99.00 99.00 999 1002.5   9.9 999.0   9.9 99.0 99.00
2024 04 12 13 00 149 13.0 15.9 99.00 99.00 99.00 999 1002.7  10.2 999.0  10.2 99.0 99.00
2024 04 12 13 10 153 12.6 15.7  2.15  5.56  5.00 148 1002.8  10.4 999.0  10.4 99.0 99.00
2024 04 12 13 20 152 12.0 15.0 99.00 99.00 99.00 999 1002.5  10.2 999.0  10.2 99.0 99.00
2024 04 12 13 30 152 12.3 16.2 99.00 99.00 99.00 999 1002.1  10.3 999.0  10.3 99.0 99.00
2024 04 12 13 40 151 12.4 16.7  2.38  5.88  5.09 138 1002.1  10.4 999.0  10.4 99.0 99.00
2024 04 12 13 50 151 12.6 15.8 99.00 99.00 99.00 999 1002.0  10.4 999.0  10.4 99.0 99.00
2024 04 12 14 00 151 12.5 15.5 99.00 99.00 99.00 999 1001.9  10.4 999.0  10.4 99.0 99.00
2024 04 12 14 10 151 12.6 15.7  2.59  6.67  5.25 123 1001.8  10.3 999.0  10.3 99.0 99.00
2024 04 12 14 20 151 12.8 16.2 99.00 99.00 99.00 999 1001.3  10.5 999.0  10.5 99.0 99.00
2024 04 12 14 30 151 12.3 15.1 99.00 99.00 99.00 999 1001.0  10.5 999.0  10.5 99.0 99.00
2024 04 12 14 40 148 11.2 13.6  2.33  6.25  5.18 140 1000.5  10.3 999.0  10.3 99.0 99.00
2024 04 12 14 50 147 10.6 13.3 99.00 99.00 99.00 999 1000.2  10.1 999.0  10.1 99.0 99.00
2024 04 12 15 00 147 11.5 14.7 99.00 99.00 99.00 999 1000.0  10.3 999.0  10.3 99.0 99.00
2024 04 12 15 10 145 11.8 14.6  2.45  6.25  5.21 137  999.9  10.2 999.0  10.2 99.0 99.00
2024 04 12 15 20 147 10.9 13.8 99.00 99.00 99.00 999  999.8  10.2 999.0  10.2 99.0 99.00
2024 04 12 15 30 153 10.4 12.9 99.00 99.00 99.00 999  999.7  10.3 999.0  10.3 99.0 99.00
2024 04 12 15 40 156 10.1 12.9  2.44  6.67  5.32 143  999.4  10.4 999.0  10.4 99.0 99.00
2024 04 12 15 50 159 10.1 13.2 99.00 99.00 99.00 999  999.0  10.4 999.0  10.4 99.0 99.00
2024 04 12 16 00 159 10.9 13.2 99.00 99.00 99.00 999  998.6  10.5 999.0  10.5 99.0 99.00
2024 04 12 16 10 158 10.8 13.2  2.30  6.67  5.17 137  998.5  10.3 999.0  10.3 99.0 99.00
2024 04 12 16 20 156 10.5 12.8 99.00 99.00 99.00 999  998.1  10.2 999.0  10.2 99.0 99.00
2024 04 12 16 30 152 10.5 13.4 99.00 99.00 99.00 999  997.9  10.0 999.0  10.0 99.0 99.00
2024 04 12 16 40 153  9.8 12.4  2.37  7.14  5.27 117  997.6   9.8 999.0   9.8 99.0 99.00
2024 04 12 16 50 148  8.6 10.8 99.00 99.00 99.00 999  997.6   9.5 999.0   9.5 99.0 99.00
2024 04 12 17 00 143  8.2  9.6 99.00 99.00 99.00 999  997.6   9.1 999.0   9.1 99.0 99.00
2024 04 12 17 10 152  7.6  9.3  2.38  6.67  5.45 141  997.5   9.0 999.0   9.0 99.0 99.00
2024 04 12 17 20 155  6.9 10.2 99.00 99.00 99.00 999  997.2   9.3 999.0   9.3 99.0 99.00
2024 04 12 17 30 158  9.4 12.1 99.00 99.00 99.00 999  997.0  10.3 999.0   9.7 99.0 99.00
2024 04 12 17 40 149 10.4 14.6  2.13  6.67  5.12 132  996.9  10.2 999.0   9.5 99.0 99.00
2024 04 12 17 50 148 12.0 14.8 99.00 99.00 99.00 999  996.7  10.3 999.0   9.9 99.0 99.00
2024 04 12 18 00 151 11.5 15.2 99.00 99.00 99.00 999  996.3  10.1 999.0   9.9 99.0 99.00
2024 04 12 18 10 153 11.2 13.9  2.20  6.67  5.10 134  996.2   9.9 999.0   9.7 99.0 99.00
2024 04 12 18 20 152 11.5 14.1 99.00 99.00 99.00 999  996.3   9.8 999.0   9.7 99.0 99.00
2024 04 12 18 30 154 10.8 13.9 99.00 99.00 99.00 999  996.2   9.6 999.0   9.5 99.0 99.00
2024 04 12 18 40 149 10.3 13.6  2.42  6.67  5.39 133  995.3   9.4 999.0   9.3 99.0 99.00
2024 04 12 18 50 150 10.2 12.2 99.00 99.00 99.00 999  995.8   9.4 999.0   9.4 99.0 99.00
2024 04 12 19 00 151 10.6 13.2 99.00 99.00 99.00 999  995.8   9.5 999.0   9.4 99.0 99.00
2024 04 12 19 10 154 10.7 13.2  2.26  7.14  5.41 102  995.7   9.6 999.0   9.5 99.0 99.00
2024 04 12 19 20 152 10.6 13.2 99.00 99.00 99.00 999  995.5   9.6 999.0   9.5 99.0 99.00
2024 04 12 19 30 149 10.9 13.4 99.00 99.00 99.00 999  995.3   9.5 999.0   9.5 99.0 99.00
2024 04 12 19 40 151 11.2 13.9  2.42  6.67  5.58 130  995.3   9.4 999.0   9.4 99.0 99.00
2024 04 12 19 50 152 11.4 14.3 99.00 99.00 99.00 999  995.2   9.3 999.0   9.3 99.0 99.00
2024 04 12 20 00 153 10.8 13.6 99.00 99.00 99.00 999  995.2   9.3 999.0   9.3 99.0 99.00
2024 04 12 20 10 157  9.8 12.5  2.27  6.25  5.37 144  995.2   9.3 999.0   9.3 99.0 99.00
2024 04 12 20 20 157  9.7 12.4 99.00 99.00 99.00 999  994.9   9.4 999.0   9.3 99.0 99.00
2024 04 12 20 30 157  9.3 11.5 99.00 99.00 99.00 999  994.8   9.2 999.0   9.0 99.0 99.00
2024 04 12 20 40 155  9.0 11.3  2.14  5.88  5.29 139  994.7   9.0 999.0   8.8 99.0 99.00
2024 04 12 20 50 158  8.6 10.5 99.00 99.00 99.00 999  994.8   9.2 999.0   9.1 99.0 99.00
2024 04 12 21 00 159  8.5 11.1 99.00 99.00 99.00 999  994.8   9.4 999.0   9.1 99.0 99.00
2024 04 12 21 10 159  7.9  9.7  2.03  6.25  5.27 130  994.8   9.5 999.0   9.1 99.0 99.00
2024 04 12 21 20 161  7.8  9.5 99.00 99.00 99.00 999  994.8   9.4 999.0   9.0 99.0 99.00
2024 04 12 21 30 158  9.1 11.2 99.00 99.00 99.00 999  995.0   9.5 999.0   9.1 99.0 99.00
2024 04 12 21 40 162  9.9 12.1  2.02  5.88  5.44 136  995.1   9.6 999.0   9.1 99.0 99.00
2024 04 12 21 50 162  9.6 11.8 99.00 99.00 99.00 999  995.0   9.4 999.0   8.9 99.0 99.00
2024 04 12 22 00 169  9.2 11.0 99.00 99.00 99.00 999  995.6   9.1 999.0   8.6 99.0 99.00
2024 04 12 22 10 179  8.8 10.9  2.04  9.09  5.30 100  996.0   8.9 999.0   8.5 99.0 99.00
2024 04 12 22 20 190  8.0  9.9 99.00 99.00 99.00 999  996.1   9.5 999.0   8.8 99.0 99.00
2024 04 12 22 30 193  7.0  8.5 99.00 99.00 99.00 999  996.5   9.4 999.0   8.5 99.0 99.00
2024 04 12 22 40 185  7.4 10.7  1.93  5.56  5.31 132  996.5   9.8 999.0   8.8 99.0 99.00
2024 04 12 22 50 182  7.3  9.0 99.00 99.00 99.00 999  996.6   9.8 999.0   8.5 99.0 99.00
2024 04 12 23 00 180  7.2  8.9 99.00 99.00 99.00 999  996.8   9.5 999.0   8.2 99.0 99.00
2024 04 12 23 10 177  7.9  9.9  1.87  9.09  5.29 106  997.0   9.5 999.0   8.3 99.0 99.00
2024 04 12 23 20 172  6.9  8.5 99.00 99.00 99.00 999  997.3   9.1 999.0   7.9 99.0 99.00
2024 04 12 23 30 163  6.8  8.8 99.00 99.00 99.00 999  997.4   8.6 999.0   7.7 99.0 99.00
2024 04 12 23 40 166  6.8  8.6  1.84  8.33  5.35  95  997.6   8.4 999.0   7.6 99.0 99.00
2024 04 12 23 50 167  6.8  8.2 99.00 99.00 99.00 999  997.8   8.4 999.0   7.7 99.0 99.00
2024 04 13 00 00 165  7.4  9.0 99.00 99.00 99.00 999  998.1   8.2 999.0   7.5 99.0 99.00
2024 04 13 00 10 166  7.5  8.8  1.85  9.09  5.32  99  998.3   8.2 999.0   7.4 99.0 99.00
2024 04 13 00 20 165  7.4  8.9 99.00 99.00 99.00 999  998.4   8.3 999.0   7.4 99.0 99.00
2024 04 13 00 30 167  8.0 10.2 99.00 99.00 99.00 999  998.6   8.2 999.0   7.3 99.0 99.00
2024 04 13 00 40 167  8.1  9.5  1.73  8.33  5.47 105  998.9   8.2 999.0   7.3 99.0 99.00
2024 04 13 00 50 168  8.2 10.0 99.00 99.00 99.00 999  999.0   8.3 999.0   7.4 99.0 99.00
2024 04 13 01 00 171  8.3  9.8 99.00 99.00 99.00 999  999.2   8.2 999.0   7.2 99.0 99.00
2024 04 13 01 10 171  8.1  9.7  1.70  8.33  5.27 106  999.4   8.2 999.0   7.2 99.0 99.00
2024 04 13 01 20 174  8.1  9.5 99.00 99.00 99.00 999  999.5   8.1 999.0   7.1 99.0 99.00
2024 04 13 01 30 178  7.9  9.4 99.00 99.00 99.00 999  999.6   8.1 999.0   7.0 99.0 99.00
2024 04 13 01 40 184  7.5  9.2  1.59  8.33  5.08 102  999.6   8.0 999.0   6.8 99.0 99.00
2024 04 13 01 50 185  7.9  9.5 99.00 99.00 99.00 999  999.7   8.3 999.0   6.9 99.0 99.00
2024 04 13 02 00 190  7.7  9.8 99.00 99.00 99.00 999  999.6   8.6 999.0   6.9 99.0 99.00
2024 04 13 02 10 188  7.5  9.6  1.65  7.69  5.33 100  999.8   8.6 999.0   6.9 99.0 99.00
2024 04 13 02 20 187  7.1  8.9 99.00 99.00 99.00 999  999.8   8.6 999.0   6.8 99.0 99.00
2024 04 13 02 30 185  7.0  8.0 99.00 99.00 99.00 999  999.8   8.5 999.0   6.8 99.0 99.00
2024 04 13 02 40 181  6.8  8.2  1.59  8.33  5.41  97  999.8   8.5 999.0   6.9 99.0 99.00
2024 04 13 02 50 178  6.3  7.7 99.00 99.00 99.00 999  999.8   8.3 999.0   6.8 99.0 99.00
2024 04 13 03 00 181  6.3  8.4 99.00 99.00 99.00 999  999.8   8.3 999.0   6.9 99.0 99.00
2024 04 13 03 10 179  5.8  6.9  1.59  7.69  5.38 102  999.8   8.1 999.0   6.9 99.0 99.00
2024 04 13 03 20 173  5.7  6.9 99.00 99.00 99.00 999  999.5   7.9 999.0   6.7 99.0 99.00
2024 04 13 03 30 172  5.6  6.8 99.00 99.00 99.00 999  999.6   7.7 999.0   6.7 99.0 99.00
2024 04 13 03 40 174  5.3  6.3  1.58  8.33  5.41  97  999.5   7.7 999.0   6.7 99.0 99.00
2024 04 13 03 50 168  5.2  6.1 99.00 99.00 99.00 999  999.7   7.6 999.0   6.7 99.0 99.00
2024 04 13 04 00 168  5.4  6.3 99.00 99.00 99.00 999  999.7   7.6 999.0   6.7 99.0 99.00
2024 04 13 04 10 173  5.4  6.8  1.53  8.33  5.61 105  999.7   7.6 999.0   6.7 99.0 99.00
2024 04 13 04 20 175  6.1  7.6 99.00 99.00 99.00 999  999.6   7.6 999.0   6.6 99.0 99.00
2024 04 13 04 30 177  6.5  7.8 99.00 99.00 99.00 999  999.6   7.6 999.0   6.6 99.0 99.00
2024 04 13 04 40 179  6.1  7.4  1.48  8.33  5.39  95  999.6   7.6 999.0   6.6 99.0 99.00
2024 04 13 04 50 180  6.6  8.1 99.00 99.00 99.00 999  999.4   7.7 999.0   6.6 99.0 99.00
2024 04 13 05 00 177  6.5  7.8 99.00 99.00 99.00 999  999.4   7.7 999.0   6.5 99.0 99.00
2024 04 13 05 10 180  6.2  7.1  1.53  8.33  5.44  99  999.4   7.6 999.0   6.4 99.0 99.00
2024 04 13 05 20 177  6.0  7.2 99.00 99.00 99.00 999  999.3   7.5 999.0   6.4 99.0 99.00
2024 04 13 05 30 176  6.1  7.1 99.00 99.00 99.00 999  999.3   7.5 999.0   6.4 99.0 99.00
2024 04 13 05 40 173  6.5  7.9  1.51  7.69  5.52 102  999.0   7.5 999.0   6.4 99.0 99.00
2024 04 13 05 50 172  5.8  6.9 99.00 99.00 99.00 999  999.2   7.4 999.0   6.2 99.0 99.00
2024 04 13 06 00 169  5.7  6.9 99.00 99.00 99.00 999  999.1   7.3 999.0   6.2 99.0 99.00
2024 04 13 06 10 166  5.5  6.5  1.59  7.69  5.83  87  999.0   7.2 999.0   6.2 99.0 99.00
2024 04 13 06 20 164  5.3  6.3 99.00 99.00 99.00 999  998.8   7.0 999.0   6.1 99.0 99.00
2024 04 13 06 30 166  5.6  7.5 99.00 99.00 99.00 999  998.7   7.0 999.0   6.2 99.0 99.00
2024 04 13 06 40 167  6.7  8.3  1.61  9.09  5.66 111  998.5   7.1 999.0   6.2 99.0 99.00
2024 04 13 06 50 167  7.4  8.7 99.00 99.00 99.00 999  998.4   7.1 999.0   6.1 99.0 99.00
2024 04 13 07 00 168  7.2  8.9 99.00 99.00 99.00 999  998.5   7.2 999.0   6.1 99.0 99.00
2024 04 13 07 10 169  6.9  8.2  1.71  7.69  5.80  95  998.3   7.1 999.0   6.0 99.0 99.00
2024 04 13 07 20 172  6.6  7.9 99.00 99.00 99.00 999  998.3   7.1 999.0   6.1 99.0 99.00
2024 04 13 07 30 169  7.5  9.1 99.00 99.00 99.00 999  998.4   7.1 999.0   6.1 99.0 99.00
2024 04 13 07 40 169  8.2 10.0  1.62  8.33  5.41  99  998.4   7.1 999.0   6.1 99.0 99.00
2024 04 13 07 50 170  7.9  9.7 99.00 99.00 99.00 999  998.2   7.1 999.0   6.0 99.0 99.00
2024 04 13 08 00 175  7.0  8.3 99.00 99.00 99.00 999  998.2   7.1 999.0   6.0 99.0 99.00
2024 04 13 08 10 173  6.4  7.8  1.63  8.33  5.53  97  997.9   7.1 999.0   6.0 99.0 99.00
2024 04 13 08 20 179  5.5  6.7 99.00 99.00 99.00 999  997.7   7.0 999.0   6.0 99.0 99.00
2024 04 13 08 30 172  4.9  6.0 99.00 99.00 99.00 999  997.6   7.0 999.0   5.9 99.0 99.00
2024 04 13 08 40 173  4.7  5.8  1.71 10.81  5.92 106  997.5   6.9 999.0   5.9 99.0 99.00
2024 04 13 08 50 162  4.8  5.6 99.00 99.00 99.00 999  997.5   7.0 999.0   5.9 99.0 99.00
2024 04 13 09 00 164  5.2  6.3 99.00 99.00 99.00 999  997.6   6.9 999.0   5.9 99.0 99.00
2024 04 13 09 10 172  6.2  7.2  1.78  9.09  6.48 101  997.8   7.1 999.0   6.0 99.0 99.00
2024 04 13 09 20 176  6.2  7.5 99.00 99.00 99.00 999  997.7   7.2 999.0   6.0 99.0 99.00
2024 04 13 09 30 178  6.1  7.5 99.00 99.00 99.00 999  997.4   7.2 999.0   5.9 99.0 99.00
2024 04 13 09 40 168  6.1  7.1  1.75 11.43  6.46  90  997.6   7.3 999.0   6.0 99.0 99.00
2024 04 13 09 50 174  6.4  7.8 99.00 99.00 99.00 999  997.4   7.2 999.0   6.0 99.0 99.00
2024 04 13 10 00 179  5.9  7.0 99.00 99.00 99.00 999  997.3   7.0 999.0   5.8 99.0 99.00
2024 04 13 10 10 181  6.0  7.0  1.66 10.00  6.17  88  997.5   6.8 999.0   5.9 99.0 99.00
2024 04 13 10 20 177  5.6  6.8 99.00 99.00 99.00 999  997.8   7.1 999.0   6.0 99.0 99.00
2024 04 13 10 30 168  5.2  6.3 99.00 99.00 99.00 999  997.7   7.1 999.0   5.9 99.0 99.00
2024 04 13 10 40 162  4.9  5.8  1.60 10.00  6.07  86  997.9   6.7 999.0   5.8 99.0 99.00
2024 04 13 10 50 162  4.9  6.1 99.00 99.00 99.00 999  998.0   6.8 999.0   6.0 99.0 99.00
2024 04 13 11 00 156  4.9  7.0 99.00 99.00 99.00 999  997.9   6.9 999.0   5.9 99.0 99.00
2024 04 13 11 10 146  5.2  7.6  1.61 12.90  6.60 108  997.8   6.8 999.0   5.9 99.0 99.00
2024 04 13 11 20 150  5.0  6.7 99.00 99.00 99.00 999  997.9   6.6 999.0   5.8 99.0 99.00
2024 04 13 11 30 144  6.1  7.9 99.00 99.00 99.00 999  997.8   6.8 999.0   6.0 99.0 99.00
2024 04 13 11 40 147  6.8  8.8  1.72 12.90  6.67  80  997.7   6.8 999.0   6.0 99.0 99.00
2024 04 13 11 50 154  7.3  8.9 99.00 99.00 99.00 999  997.7   7.3 999.0   6.1 99.0 99.00
2024 04 13 12 00 154  7.0  8.6 99.00 99.00 99.00 999  997.6   7.3 999.0   6.0 99.0 99.00
2024 04 13 12 10 156  6.9  8.6  1.63 12.90  6.16  81  997.4   7.3 999.0   6.0 99.0 99.00
2024 04 13 12 20 157  6.4  7.6 99.00 99.00 99.00 999  997.4   7.3 999.0   6.0 99.0 99.00
2024 04 13 12 30 154  6.2  7.4 99.00 99.00 99.00 999  997.4   7.2 999.0   5.9 99.0 99.00
2024 04 13 12 40 156  6.4  7.7  1.46 10.81  5.74  87  997.4   7.1 999.0   5.9 99.0 99.00
2024 04 13 12 50 157  6.5  8.0 99.00 99.00 99.00 999  997.3   7.1 999.0   6.0 99.0 99.00
2024 04 13 13 00 165  6.1  7.3 99.00 99.00 99.00 999  997.3   7.3 999.0   6.1 99.0 99.00
2024 04 13 13 10 171  5.6  6.9  1.44 10.00  5.87  88  997.2   7.5 999.0   6.1 99.0 99.00
2024 04 13 13 20 181  5.2  6.3 99.00 99.00 99.00 999  997.2   7.6 999.0   6.0 99.0 99.00
2024 04 13 13 30 188  4.7  5.9 99.00 99.00 99.00 999  997.1   7.9 999.0   6.0 99.0 99.00
2024 04 13 13 40 189  4.2  5.3  1.43 12.12  6.08  76  997.2   8.0 999.0   6.0 99.0 99.00
2024 04 13 13 50 195  3.8  4.6 99.00 99.00 99.00 999  997.1   7.8 999.0   5.9 99.0 99.00
2024 04 13 14 00 200  2.8  3.6 99.00 99.00 99.00 999  997.1   7.7 999.0   5.9 99.0 99.00
2024 04 13 14 10 211  3.2  4.2  1.61 10.81  6.32  73  997.1   7.8 999.0   5.8 99.0 99.00
2024 04 13 14 20 233  3.0  4.1 99.00 99.00 99.00 999  997.1   8.4 999.0   5.5 99.0 99.00
2024 04 13 14 30 246  2.8  4.3 99.00 99.00 99.00 999  997.1   8.3 999.0   5.3 99.0 99.00
2024 04 13 14 40 253  3.4  5.1  1.62  9.09  6.70  81  997.0   8.6 999.0   5.1 99.0 99.00
2024 04 13 14 50 254  3.7  5.3 99.00 99.00 99.00 999  996.9   8.6 999.0   5.0 99.0 99.00
2024 04 13 15 00 255  3.6  5.7 99.00 99.00 99.00 999  996.9   8.5 999.0   5.0 99.0 99.00
2024 04 13 15 10 254  3.9  5.4  1.61 10.00  6.82  80  996.8   8.7 999.0   4.8 99.0 99.00
2024 04 13 15 20 257  4.9  8.1 99.00 99.00 99.00 999  996.6   8.8 999.0   4.7 99.0 99.00
2024 04 13 15 30 253  6.0  7.9 99.00 99.00 99.00 999  996.6   9.1 999.0   4.4 99.0 99.00
2024 04 13 15 40 246  5.7  7.8  1.65 10.00  6.31  81  996.6   9.0 999.0   4.5 99.0 99.00
2024 04 13 15 50 231  4.0  5.8 99.00 99.00 99.00 999  996.5   8.4 999.0   4.5 99.0 99.00
2024 04 13 16 00 243  4.5  5.9 99.00 99.00 99.00 999  996.5   8.6 999.0   4.4 99.0 99.00
2024 04 13 16 10 253  4.0  5.6  1.61 10.00  6.37  81  996.4   8.7 999.0   4.6 99.0 99.00
2024 04 13 16 20 262  4.7  8.9 99.00 99.00 99.00 999  996.3   8.7 999.0   4.6 99.0 99.00
2024 04 13 16 30 267  7.5 10.4 99.00 99.00 99.00 999  996.4   9.0 999.0   4.5 99.0 99.00
2024 04 13 16 40 263  6.8  9.5  1.71 10.81  6.48  91  996.4   8.7 999.0   4.6 99.0 99.00
2024 04 13 16 50 256  6.8  9.2 99.00 99.00 99.00 999  996.3   8.6 999.0   4.3 99.0 99.00
2024 04 13 17 00 250  6.4  8.1 99.00 99.00 99.00 999  996.3   8.6 999.0   4.0 99.0 99.00
2024 04 13 17 10 243  6.2  7.9  1.68  9.09  6.05  83  996.3   8.7 999.0   3.6 99.0 99.00
2024 04 13 17 20 244  6.8 10.8 99.00 99.00 99.00 999  996.1   9.0 999.0   3.3 99.0 99.00
2024 04 13 17 30 249  7.9 10.6 99.00 99.00 99.00 999  996.1   9.1 999.0   3.3 99.0 99.00
2024 04 13 17 40 244  6.8  8.9  1.72 10.00  5.86  87  996.1   9.0 999.0   3.5 99.0 99.00
2024 04 13 17 50 246  6.1  8.7 99.00 99.00 99.00 999  996.2   8.9 999.0   3.7 99.0 99.00
2024 04 13 18 00 268  9.5 12.7 99.00 99.00 99.00 999  996.1   9.0 999.0   4.0 99.0 99.00
2024 04 13 18 10 274  7.4 11.5  1.52  9.09  5.18  82  996.1   8.4 999.0   4.3 99.0 99.00
2024 04 13 18 20 271  5.4  7.5 99.00 99.00 99.00 999  996.1   8.2 999.0   4.4 99.0 99.00
2024 04 13 18 30 260  4.3  5.9 99.00 99.00 99.00 999  996.1   8.1 999.0   4.5 99.0 99.00
2024 04 13 18 40 252  5.9  9.1  1.57 10.00  5.81  98  996.1   8.4 999.0   4.0 99.0 99.00
2024 04 13 18 50 246  7.9 10.0 99.00 99.00 99.00 999  996.1   8.9 999.0   3.4 99.0 99.00
2024 04 13 19 00 240  6.9  8.9 99.00 99.00 99.00 999  996.1   8.6 999.0   3.9 99.0 99.00
2024 04 13 19 10 235  6.0  7.7  1.41 10.81  5.61  99  996.0   8.6 999.0   3.9 99.0 99.00
2024 04 13 19 20 237  5.0  6.7 99.00 99.00 99.00 999  996.1   8.6 999.0   4.1 99.0 99.00
2024 04 13 19 30 235  5.6  7.3 99.00 99.00 99.00 999  996.2   8.7 999.0   3.9 99.0 99.00
2024 04 13 19 40 247  6.1  8.1  1.32 10.81  5.79  95  996.2   9.1 999.0   3.2 99.0 99.00
2024 04 13 19 50 264  6.4  8.5 99.00 99.00 99.00 999  996.2   9.2 999.0   3.5 99.0 99.00
2024 04 13 20 00 256  4.8  6.8 99.00 99.00 99.00 999  996.4   8.7 999.0   4.0 99.0 99.00
2024 04 13 20 10 259  6.4 11.1  1.36 11.43  5.51  87  996.5   8.9 999.0   3.3 99.0 99.00
2024 04 13 20 20 277 10.5 13.9 99.00 99.00 99.00 999  996.6   9.5 999.0   2.5 99.0 99.00
2024 04 13 20 30 284  9.5 13.0 99.00 99.00 99.00 999  996.7   9.2 999.0   2.3 99.0 99.00
2024 04 13 20 40 283  7.9 10.7  1.46 12.12  4.93 115  996.9   9.0 999.0   2.9 99.0 99.00
2024 04 13 20 50 279  8.1  9.8 99.00 99.00 99.00 999  997.1   9.1 999.0   2.9 99.0 99.00
2024 04 13 21 00 264  6.5  8.2 99.00 99.00 99.00 999  997.3   8.8 999.0   3.3 99.0 99.00
2024 04 13 21 10 253  8.6 12.2  1.41 11.43  4.76  99  997.4   9.0 999.0   3.1 99.0 99.00
2024 04 13 21 20 254  9.7 12.0 99.00 99.00 99.00 999  997.5   8.9 999.0   3.0 99.0 99.00
2024 04 13 21 30 246  9.6 12.4 99.00 99.00 99.00 999  997.6   8.9 999.0   3.2 99.0 99.00
2024 04 13 21 40 243  8.2 10.6  1.51 11.43  4.77 100  997.8   8.5 999.0   3.3 99.0 99.00
2024 04 13 21 50 251  7.7  9.7 99.00 99.00 99.00 999  998.0   8.6 999.0   3.3 99.0 99.00
2024 04 13 22 00 263  8.1 10.0 99.00 99.00 99.00 999  998.1   8.9 999.0   2.8 99.0 99.00
2024 04 13 22 10 265  8.7 10.8  1.47 10.81  4.94 100  998.3   8.9 999.0   2.6 99.0 99.00
2024 04 13 22 20 263  8.6 11.0 99.00 99.00 99.00 999  998.4   8.9 999.0   2.6 99.0 99.00
2024 04 13 22 30 260  8.9 11.5 99.00 99.00 99.00 999  998.7   9.0 999.0   2.4 99.0 99.00
2024 04 13 22 40 260  7.7 10.7  1.45 10.81  4.82 105  998.9   8.7 999.0   2.9 99.0 99.00
2024 04 13 22 50 265  7.3  9.6 99.00 99.00 99.00 999  999.1   8.5 999.0   2.9 99.0 99.00
2024 04 13 23 00 268  8.4 10.6 99.00 99.00 99.00 999  999.3   8.7 999.0   2.5 99.0 99.00
2024 04 13 23 10 278  8.6 10.4  1.34 11.43  4.79  86  999.5   8.9 999.0   2.5 99.0 99.00
2024 04 13 23 20 277  9.1 11.9 99.00 99.00 99.00 999  999.8   8.8 999.0   2.4 99.0 99.00
2024 04 13 23 30 282  8.8 13.0 99.00 99.00 99.00 999 1000.1   8.8 999.0   2.3 99.0 99.00
2024 04 13 23 40 284  8.3 11.6  1.42 10.00  4.64  97 1000.3   8.8 999.0   2.2 99.0 99.00
2024 04 13 23 50 274  8.0 10.5 99.00 99.00 99.00 999 1000.6   8.5 999.0   2.6 99.0 99.00
2024 04 14 00 00 267  7.5  9.5 99.00 99.00 99.00 999 1000.9   8.5 999.0   2.6 99.0 99.00
2024 04 14 00 10 266  8.6 12.2  1.42 11.43  4.89  98 1001.1   8.5 999.0   2.7 99.0 99.00
2024 04 14 00 20 268  9.6 12.2 99.00 99.00 99.00 999 1001.4   8.5 999.0   2.5 99.0 99.00
2024 04 14 00 30 267  9.1 11.7 99.00 99.00 99.00 999 1001.7   8.5 999.0   2.5 99.0 99.00
2024 04 14 00 40 265  9.5 12.0  1.43 11.43  4.90  80 1001.8   8.4 999.0   2.8 99.0 99.00
2024 04 14 00 50 263  9.3 12.1 99.00 99.00 99.00 999 1002.0   8.2 999.0   2.8 99.0 99.00
2024 04 14 01 00 262  9.2 11.6 99.00 99.00 99.00 999 1002.2   8.2 999.0   2.8 99.0 99.00
2024 04 14 01 10 264  9.5 12.0  1.43 10.81  4.92  76 1002.5   8.2 999.0   2.8 99.0 99.00
2024 04 14 01 20 266  9.4 12.0 99.00 99.00 99.00 999 1002.6   8.2 999.0   3.0 99.0 99.00
2024 04 14 01 30 268  8.9 11.7 99.00 99.00 99.00 999 1002.8   8.2 999.0   3.0 99.0 99.00
2024 04 14 01 40 265  8.2 10.7  1.56 10.81  5.15  93 1002.9   8.0 999.0   3.1 99.0 99.00
2024 04 14 01 50 269  8.7 11.3 99.00 99.00 99.00 999 1003.2   8.1 999.0   3.1 99.0 99.00
2024 04 14 02 00 264  8.3 11.2 99.00 99.00 99.00 999 1003.2   8.0 999.0   3.3 99.0 99.00
2024 04 14 02 10 263  8.9 12.0  1.28 10.81  4.84  80 1003.4   8.1 999.0   3.1 99.0 99.00
2024 04 14 02 20 263  7.5  9.5 99.00 99.00 99.00 999 1003.5   7.9 999.0   3.3 99.0 99.00
2024 04 14 02 30 256  7.6 10.0 99.00 99.00 99.00 999 1003.6   7.8 999.0   3.5 99.0 99.00
2024 04 14 02 40 260  8.7 11.8  1.46 11.43  5.20  74 1003.6   7.9 999.0   3.3 99.0 99.00
2024 04 14 02 50 258  9.1 12.0 99.00 99.00 99.00 999 1003.9   8.0 999.0   3.3 99.0 99.00
2024 04 14 03 00 259  9.3 11.3 99.00 99.00 99.00 999 1004.0   7.9 999.0   3.3 99.0 99.00
2024 04 14 03 10 259  8.8 11.3  1.37 11.43  5.02  89 1004.1   7.9 999.0   3.3 99.0 99.00
2024 04 14 03 20 268  8.3 10.5 99.00 99.00 99.00 999 1004.2   7.8 999.0   3.4 99.0 99.00
2024 04 14 03 30 259  7.3 10.0 99.00 99.00 99.00 999 1004.3   7.7 999.0   3.7 99.0 99.00
2024 04 14 03 40 256  7.4  9.4  1.34 11.43  5.05  96 1004.5   7.5 999.0   3.7 99.0 99.00
2024 04 14 03 50 258  7.4 12.0 99.00 99.00 99.00 999 1004.5   7.7 999.0   3.7 99.0 99.00
2024 04 14 04 00 253  7.8 10.1 99.00 99.00 99.00 999 1004.5   7.6 999.0   3.7 99.0 99.00
2024 04 14 04 10 258  8.0 10.7  1.39 10.81  5.44  89 1004.7   7.6 999.0   3.6 99.0 99.00
2024 04 14 04 20 261  7.3 10.0 99.00 99.00 99.00 999 1004.7   7.6 999.0   3.8 99.0 99.00
2024 04 14 04 30 261  6.7  8.6 99.00 99.00 99.00 999 1004.8   7.4 999.0   3.9 99.0 99.00
2024 04 14 04 40 261  6.4  8.6  1.31 10.81  5.17  83 1004.8   7.5 999.0   3.9 99.0 99.00
2024 04 14 04 50 260  7.7 10.7 99.00 99.00 99.00 999 1004.8   7.6 999.0   3.6 99.0 99.00
2024 04 14 05 00 268  6.6  8.9 99.00 99.00 99.00 999 1005.0   7.5 999.0   3.8 99.0 99.00
2024 04 14 05 10 263  6.5  8.8  1.21 10.81  4.90  95 1005.0   7.5 999.0   3.8 99.0 99.00
2024 04 14 05 20 268  8.0 12.4 99.00 99.00 99.00 999 1005.1   7.7 999.0   3.7 99.0 99.00
2024 04 14 05 30 274  9.8 12.6 99.00 99.00 99.00 999 1005.3   7.9 999.0   3.2 99.0 99.00
2024 04 14 05 40 285  8.3 10.6  1.32 10.81  4.95  92 1005.4   7.6 999.0   3.6 99.0 99.00
2024 04 14 05 50 303  7.1  9.0 99.00 99.00 99.00 999 1005.6   7.2 999.0   3.9 99.0 99.00
2024 04 14 06 00 303  7.0  9.0 99.00 99.00 99.00 999 1005.7   7.0 999.0   4.0 99.0 99.00
2024 04 14 06 10 300  7.5 11.3  1.27 10.81  4.82  90 1005.7   7.0 999.0   4.0 99.0 99.00
2024 04 14 06 20 298  6.7  9.5 99.00 99.00 99.00 999 1005.8   6.8 999.0   4.1 99.0 99.00
2024 04 14 06 30 304  6.2  8.2 99.00 99.00 99.00 999 1005.9   6.8 999.0   4.2 99.0 99.00
2024 04 14 06 40 299  6.0  7.4  1.13 11.43  4.83  95 1006.0   6.7 999.0   4.2 99.0 99.00
2024 04 14 06 50 292  5.9  8.5 99.00 99.00 99.00 999 1006.0   6.8 999.0   4.2 99.0 99.00
2024 04 14 07 00 293  6.8  9.3 99.00 99.00 99.00 999 1006.1   7.1 999.0   4.0 99.0 99.00
2024 04 14 07 10 295  6.1  7.7  1.16 11.43  5.01 102 1006.4   7.0 999.0   4.1 99.0 99.00
2024 04 14 07 20 293  5.3  7.4 99.00 99.00 99.00 999 1006.4   6.9 999.0   4.3 99.0 99.00
2024 04 14 07 30 288  6.1  7.9 99.00 99.00 99.00 999 1006.6   7.0 999.0   4.0 99.0 99.00
2024 04 14 07 40 293  6.0  7.5  1.14 11.43  4.95 109 1006.7   7.2 999.0   4.0 99.0 99.00
2024 04 14 07 50 295  5.2  6.5 99.00 99.00 99.00 999 1006.8   7.1 999.0   4.1 99.0 99.00
2024 04 14 08 00 296  4.4  6.0 99.00 99.00 99.00 999 1007.0   7.0 999.0   4.2 99.0 99.00
2024 04 14 08 10 292  4.2  5.5  0.98 10.00  4.88 127 1007.2   6.9 999.0   4.2 99.0 99.00
2024 04 14 08 20 297  3.7  5.1 99.00 99.00 99.00 999 1007.4   6.8 999.0   4.3 99.0 99.00
2024 04 14 08 30 300  3.2  4.1 99.00 99.00 99.00 999 1007.5   6.7 999.0   4.4 99.0 99.00
2024 04 14 08 40 296  3.5  4.8  1.09 12.12  6.04 103 1007.5   6.8 999.0   4.4 99.0 99.00
2024 04 14 08 50 289  4.4  5.7 99.00 99.00 99.00 999 1007.7   7.0 999.0   4.2 99.0 99.00
2024 04 14 09 00 283  4.9  6.6 99.00 99.00 99.00 999 1007.7   7.1 999.0   4.0 99.0 99.00
2024 04 14 09 10 283  4.8  6.8  1.15 10.81  6.30  98 1007.9   7.0 999.0   4.0 99.0 99.00
2024 04 14 09 20 281  5.0  6.8 99.00 99.00 99.00 999 1008.0   7.1 999.0   4.0 99.0 99.00
2024 04 14 09 30 278  4.5  5.8 99.00 99.00 99.00 999 1008.3   7.0 999.0   4.1 99.0 99.00
2024 04 14 09 40 278  5.0  6.9  1.04 10.81  5.76  94 1008.4   7.0 999.0   4.0 99.0 99.00
2024 04 14 09 50 277  6.4  8.3 99.00 99.00 99.00 999 1008.6   7.2 999.0   3.7 99.0 99.00
2024 04 14 10 00 273  6.5  8.0 99.00 99.00 99.00 999 1008.6   7.3 999.0   3.6 99.0 99.00
2024 04 14 10 10 270  5.9  7.5  1.05 11.43  5.35  84 1008.6   7.3 999.0   3.7 99.0 99.00
2024 04 14 10 20 271  5.7  6.9 99.00 99.00 99.00 999 1008.8   7.3 999.0   3.6 99.0 99.00
2024 04 14 10 30 267  5.6  7.0 99.00 99.00 99.00 999 1009.0   7.3 999.0   3.8 99.0 99.00
2024 04 14 10 40 261  5.0  6.4  0.97 10.81  5.12 105 1009.0   7.1 999.0   3.9 99.0 99.00
2024 04 14 10 50 260  5.9  7.4 99.00 99.00 99.00 999 1009.3   7.2 999.0   3.8 99.0 99.00
2024 04 14 11 00 258  6.9  9.1 99.00 99.00 99.00 999 1009.3   7.3 999.0   3.6 99.0 99.00
2024 04 14 11 10 259  6.9  8.4  1.02 12.12  4.87 100 1009.3   7.3 999.0   3.5 99.0 99.00
2024 04 14 11 20 261  7.2  9.1 99.00 99.00 99.00 999 1009.3   7.3 999.0   3.4 99.0 99.00
2024 04 14 11 30 265  7.3  8.9 99.00 99.00 99.00 999 1009.5   7.3 999.0   3.3 99.0 99.00
2024 04 14 11 40 264  7.1  8.7  1.08 11.43  5.15  76 1009.5   7.3 999.0   3.3 99.0 99.00
2024 04 14 11 50 265  7.5  9.2 99.00 99.00 99.00 999 1009.6   7.3 999.0   3.2 99.0 99.00
2024 04 14 12 00 266  8.0  9.9 99.00 99.00 99.00 999 1009.7   7.3 999.0   3.3 99.0 99.00
2024 04 14 12 10 269  8.3 10.2  1.10 11.43  4.90  87 1009.7   7.4 999.0   3.1 99.0 99.00
2024 04 14 12 20 272  8.9 11.4 99.00 99.00 99.00 999 1010.0   7.5 999.0   2.9 99.0 99.00
2024 04 14 12 30 269  8.5 10.6 99.00 99.00 99.00 999 1010.2   7.5 999.0   2.8 99.0 99.00
2024 04 14 12 40 271  7.8  9.7  1.12 10.81  4.59 104 1010.3   7.6 999.0   2.8 99.0 99.00
2024 04 14 12 50 270  6.9  9.1 99.00 99.00 99.00 999 1010.4   7.6 999.0   3.1 99.0 99.00
2024 04 14 13 00 272  6.3  8.4 99.00 99.00 99.00 999 1010.5   7.5 999.0   3.2 99.0 99.00
2024 04 14 13 10 269  6.0  7.6  1.15 11.43  5.11  76 1010.6   7.5 999.0   3.2 99.0 99.00
2024 04 14 13 20 264  5.7  7.6 99.00 99.00 99.00 999 1010.5   7.6 999.0   3.0 99.0 99.00
2024 04 14 13 30 258  5.6  6.9 99.00 99.00 99.00 999 1010.4   7.6 999.0   3.1 99.0 99.00
2024 04 14 13 40 262  6.0  7.4  1.03 12.12  4.61  80 1010.3   7.6 999.0   3.2 99.0 99.00
2024 04 14 13 50 265  6.3  7.9 99.00 99.00 99.00 999 1010.4   7.7 999.0   3.1 99.0 99.00
2024 04 14 14 00 262  5.9  7.7 99.00 99.00 99.00 999 1010.4   7.8 999.0   3.1 99.0 99.00
2024 04 14 14 10 261  5.7  7.9  1.00 10.81  5.11  95 1010.4   7.8 999.0   3.2 99.0 99.00
2024 04 14 14 20 262  6.5  8.2 99.00 99.00 99.00 999 1010.4   8.0 999.0   2.9 99.0 99.00
2024 04 14 14 30 252  5.1  6.7 99.00 99.00 99.00 999 1010.3   8.0 999.0   3.0 99.0 99.00
2024 04 14 14 40 255  5.0  6.5  1.17 11.43  5.82  61 1010.3   8.1 999.0   2.9 99.0 99.00
2024 04 14 14 50 254  4.4  5.6 99.00 99.00 99.00 999 1010.2   8.3 999.0   3.1 99.0 99.00
2024 04 14 15 00 261  4.4  5.9 99.00 99.00 99.00 999 1010.1   8.0 999.0   3.4 99.0 99.00
2024 04 14 15 10 266  5.3  7.0  0.93 11.43  5.65  76 1010.2   8.4 999.0   3.1 99.0 99.00
2024 04 14 15 20 264  5.3  6.7 99.00 99.00 99.00 999 1010.1   8.5 999.0   3.1 99.0 99.00
2024 04 14 15 30 266  5.9  8.2 99.00 99.00 99.00 999 1009.9   8.5 999.0   3.0 99.0 99.00
2024 04 14 15 40 269  6.3  8.7  1.02 10.81  5.61  81 1010.1   8.8 999.0   2.6 99.0 99.00
2024 04 14 15 50 260  6.1  8.0 99.00 99.00 99.00 999 1009.9   9.0 999.0   2.6 99.0 99.00
2024 04 14 16 00 256  5.6  7.2 99.00 99.00 99.00 999 1009.9   8.8 999.0   2.8 99.0 99.00
2024 04 14 16 10 261  5.2  8.4  1.15 11.43  5.89  73 1009.9   9.1 999.0   2.4 99.0 99.00
2024 04 14 16 20 255  3.7  4.9 99.00 99.00 99.00 999 1009.8   8.9 999.0   3.0 99.0 99.00
2024 04 14 16 30 254  3.6  4.6 99.00 99.00 99.00 999 1009.8   8.7 999.0   3.4 99.0 99.00
2024 04 14 16 40 262  3.7  4.8  1.02 11.43  6.91  64 1009.7   8.5 999.0   3.6 99.0 99.00
2024 04 14 16 50 257  3.7  4.7 99.00 99.00 99.00 999 1009.6   9.0 999.0   3.1 99.0 99.00
2024 04 14 17 00 258  3.3  4.1 99.00 99.00 99.00 999 1009.4   9.5 999.0   3.0 99.0 99.00
2024 04 14 17 10 265  4.0  5.6  1.07 10.81  7.60  99 1009.4   9.2 999.0   3.2 99.0 99.00
2024 04 14 17 20 264  3.4  4.6 99.00 99.00 99.00 999 1009.2   9.6 999.0   2.7 99.0 99.00
2024 04 14 17 30 252  3.3  5.4 99.00 99.00 99.00 999 1009.1   9.8 999.0   2.8 99.0 99.00
2024 04 14 17 40 246  4.7  6.1  1.09 10.81  7.41  78 1008.9  10.0 999.0   2.8 99.0 99.00
2024 04 14 17 50 243  3.9  5.3 99.00 99.00 99.00 999 1009.0   9.9 999.0   3.2 99.0 99.00
2024 04 14 18 00 247  6.9  9.7 99.00 99.00 99.00 999 1008.9  10.1 999.0   2.8 99.0 99.00
2024 04 14 18 10 243  7.3  9.3  1.05 11.43  6.73  85 1008.7  10.8 999.0   2.5 99.0 99.00
2024 04 14 18 20 239  6.6  8.1 99.00 99.00 99.00 999 1008.6  10.5 999.0   2.9 99.0 99.00
2024 04 14 18 30 248  7.4 10.2 99.00 99.00 99.00 999 1008.4  10.5 999.0   3.2 99.0 99.00
2024 04 14 18 40 243  7.2  9.1  1.02 10.81  5.33  96 1008.4  10.1 999.0   3.6 99.0 99.00
2024 04 14 18 50 251  6.1  8.5 99.00 99.00 99.00 999 1008.0   9.9 999.0   3.6 99.0 99.00
2024 04 14 19 00 250  6.7  8.6 99.00 99.00 99.00 999 1007.8  10.0 999.0   3.8 99.0 99.00
2024 04 14 19 10 244  5.3  6.9  1.11 12.12  5.45  92 1007.5   9.6 999.0   4.0 99.0 99.00
2024 04 14 19 20 243  4.3  5.6 99.00 99.00 99.00 999 1007.1   9.3 999.0   4.1 99.0 99.00
2024 04 14 19 30 245  3.7  4.6 99.00 99.00 99.00 999 1006.9   9.4 999.0   4.1 99.0 99.00
2024 04 14 19 40 237  3.7  4.5  1.14 12.90  5.75  89 1007.0   9.3 999.0   4.0 99.0 99.00
2024 04 14 19 50 226  3.7  4.5 99.00 99.00 99.00 999 1007.0   9.1 999.0   4.2 99.0 99.00
2024 04 14 20 00 218  3.4  4.5 99.00 99.00 99.00 999 1006.9   9.0 999.0   4.2 99.0 99.00
2024 04 14 20 10 215  2.6  3.5  1.24 12.90  6.54  77 1006.9   8.9 999.0   4.2 99.0 99.00
2024 04 14 20 20 214  2.6  3.4 99.00 99.00 99.00 999 1006.8   9.0 999.0   4.4 99.0 99.00
2024 04 14 20 30 226  3.1  5.3 99.00 99.00 99.00 999 1006.9   8.8 999.0   4.5 99.0 99.00
2024 04 14 20 40 238  5.1  6.5  1.13 12.12  6.64  90 1007.1   9.7 999.0   4.3 99.0 99.00
2024 04 14 20 50 230  4.8  6.1 99.00 99.00 99.00 999 1006.7   9.7 999.0   4.3 99.0 99.00
2024 04 14 21 00 235  3.9  5.0 99.00 99.00 99.00 999 1007.0   9.4 999.0   4.4 99.0 99.00
2024 04 14 21 10 228  4.0  5.0  1.12 12.12  6.81  85 1006.8   9.2 999.0   4.5 99.0 99.00
2024 04 14 21 20 223  3.9  4.6 99.00 99.00 99.00 999 1006.8   9.4 999.0   4.4 99.0 99.00
2024 04 14 21 30 216  3.4  4.6 99.00 99.00 99.00 999 1007.1   9.2 999.0   4.6 99.0 99.00
2024 04 14 21 40 213  3.1  3.9  1.20 11.43  7.00  93 1006.9   8.8 999.0   4.7 99.0 99.00
2024 04 14 21 50 212  3.2  4.0 99.00 99.00 99.00 999 1007.2   8.9 999.0   4.7 99.0 99.00
2024 04 14 22 00 203  2.8  3.4 99.00 99.00 99.00 999 1007.5   8.5 999.0   4.9 99.0 99.00
2024 04 14 22 10 208  2.9  3.8  1.34 11.43  7.85  90 1007.6   8.2 999.0   5.1 99.0 99.00
2024 04 14 22 20 205  3.6  4.3 99.00 99.00 99.00 999 1007.8   8.5 999.0   5.0 99.0 99.00
2024 04 14 22 30 200  3.2  4.5 99.00 99.00 99.00 999 1007.8   8.7 999.0   5.0 99.0 99.00
2024 04 14 22 40 188  3.1  4.0  1.14 12.12  7.77  85 1007.7   8.6 999.0   5.0 99.0 99.00
2024 04 14 22 50 179  3.1  4.0 99.00 99.00 99.00 999 1007.2   8.5 999.0   5.1 99.0 99.00
2024 04 14 23 00 151  2.5  3.3 99.00 99.00 99.00 999 1006.9   8.2 999.0   5.2 99.0 99.00
2024 04 14 23 10 137  2.8  3.8  1.00 10.81  7.71 102 1006.9   7.9 999.0   5.3 99.0 99.00
2024 04 14 23 20 139  3.6  4.4 99.00 99.00 99.00 999 1006.9   7.7 999.0   5.3 99.0 99.00
2024 04 14 23 30 147  3.7  4.7 99.00 99.00 99.00 999 1007.0   7.6 999.0   5.5 99.0 99.00
2024 04 14 23 40 148  4.2  5.3  1.09 10.81  8.18  91 1006.9   7.5 999.0   5.6 99.0 99.00
2024 04 14 23 50 143  4.2  5.0 99.00 99.00 99.00 999 1006.6   7.6 999.0   5.7 99.0 99.00
2024 04 15 00 00 142  4.4  5.3 99.00 99.00 99.00 999 1006.3   7.7 999.0   5.7 99.0 99.00
2024 04 15 00 10 138  4.7  5.9  1.01 11.43  8.20  81 1006.4   7.7 999.0   5.8 99.0 99.00
2024 04 15 00 20 139  4.4  5.8 99.00 99.00 99.00 999 1006.5   7.7 999.0   5.8 99.0 99.00
2024 04 15 00 30 150  5.0  6.5 99.00 99.00 99.00 999 1006.8   7.8 999.0   5.7 99.0 99.00
2024 04 15 00 40 156  4.7  5.8  1.09 11.43  8.06  77 1007.0   7.6 999.0   5.6 99.0 99.00
2024 04 15 00 50 164  5.3  6.3 99.00 99.00 99.00 999 1006.8   7.7 999.0   5.7 99.0 99.00
2024 04 15 01 00 164  5.3  6.4 99.00 99.00 99.00 999 1006.8   7.7 999.0   5.6 99.0 99.00
2024 04 15 01 10 170  5.2  6.0  1.02 10.81  6.69  67 1006.9   7.7 999.0   5.6 99.0 99.00
2024 04 15 01 20 168  5.7  6.6 99.00 99.00 99.00 999 1006.9   8.0 999.0   5.6 99.0 99.00
2024 04 15 01 30 170  5.8  6.6 99.00 99.00 99.00 999 1006.6   8.0 999.0   5.6 99.0 99.00
2024 04 15 01 40 170  4.8  5.8  0.96 12.12  5.34  67 1006.8   8.0 999.0   5.6 99.0 99.00
2024 04 15 01 50 170  4.4  5.6 99.00 99.00 99.00 999 1006.6   8.1 999.0   5.6 99.0 99.00
2024 04 15 02 00 151  4.2  5.1 99.00 99.00 99.00 999 1006.9   7.8 999.0   5.5 99.0 99.00
2024 04 15 02 10 145  3.3  4.1  0.88 12.12  5.58  99 1006.8   7.4 999.0   5.6 99.0 99.00
2024 04 15 02 20 132  3.5  4.3 99.00 99.00 99.00 999 1006.7   7.2 999.0   5.7 99.0 99.00
2024 04 15 02 30 140  4.1  4.9 99.00 99.00 99.00 999 1006.6   7.0 999.0   5.7 99.0 99.00
2024 04 15 02 40 149  3.9  5.0  0.92 10.81  6.19  99 1006.8   7.1 999.0   5.7 99.0 99.00
2024 04 15 02 50 153  3.5  4.5 99.00 99.00 99.00 999 1006.5   7.2 999.0   5.8 99.0 99.00
2024 04 15 03 00 146  4.0  5.1 99.00 99.00 99.00 999 1006.3   7.0 999.0   5.7 99.0 99.00
2024 04 15 03 10 150  4.7  5.5  1.07 11.43  6.99  82 1006.1   7.1 999.0   5.8 99.0 99.00
2024 04 15 03 20 151  4.2  5.4 99.00 99.00 99.00 999 1006.1   7.1 999.0   5.8 99.0 99.00
2024 04 15 03 30 147  3.9  4.6 99.00 99.00 99.00 999 1005.8   7.1 999.0   5.9 99.0 99.00
2024 04 15 03 40 148  4.0  5.0  1.01 12.12  7.09  93 1005.9   7.0 999.0   5.8 99.0 99.00
2024 04 15 03 50 164  4.4  5.3 99.00 99.00 99.00 999 1006.1   7.1 999.0   5.9 99.0 99.00
2024 04 15 04 00 158  4.0  5.0 99.00 99.00 99.00 999 1005.8   7.2 999.0   5.9 99.0 99.00
2024 04 15 04 10 162  3.0  4.1  0.98 11.43  7.27  73 1005.8   7.3 999.0   5.8 99.0 99.00
2024 04 15 04 20 156  2.8  3.8 99.00 99.00 99.00 999 1005.0   7.2 999.0   5.7 99.0 99.00
2024 04 15 04 30 152  3.1  4.0 99.00 99.00 99.00 999 1004.9   7.1 999.0   5.8 99.0 99.00
2024 04 15 04 40 141  2.5  3.3  0.97 12.12  7.41  73 1004.9   7.1 999.0   5.8 99.0 99.00
2024 04 15 04 50 157  3.8  5.1 99.00 99.00 99.00 999 1005.0   7.1 999.0   5.8 99.0 99.00
2024 04 15 05 00 164  4.2  5.1 99.00 99.00 99.00 999 1005.1   7.2 999.0   5.7 99.0 99.00
2024 04 15 05 10 165  3.7  4.3  1.06 12.12  7.88  76 1005.0   7.2 999.0   5.6 99.0 99.00
2024 04 15 05 20 177  3.6  4.3 99.00 99.00 99.00 999 1005.1   7.2 999.0   5.7 99.0 99.00
2024 04 15 05 30 192  3.0  4.0 99.00 99.00 99.00 999 1005.2   7.3 999.0   5.8 99.0 99.00
2024 04 15 05 40 198  2.4  3.0  1.00 12.12  7.68  90 1005.0   7.3 999.0   5.8 99.0 99.00
2024 04 15 05 50 195  2.0  2.7 99.00 99.00 99.00 999 1005.0   7.2 999.0   5.8 99.0 99.00
2024 04 15 06 00 197  2.1  2.8 99.00 99.00 99.00 999 1005.0   7.0 999.0   5.8 99.0 99.00
2024 04 15 06 10 193  1.4  2.3  0.97 10.81  7.52  80 1004.9   6.9 999.0   5.8 99.0 99.00
2024 04 15 06 20 192  1.0  1.7 99.00 99.00 99.00 999 1004.9   6.9 999.0   5.8 99.0 99.00
2024 04 15 06 30 209  0.0  0.1 99.00 99.00 99.00 999 1004.7   7.0 999.0   5.9 99.0 99.00
2024 04 15 06 40 195  0.2  1.2  0.89 10.81  7.22  89 1004.7   6.9 999.0   5.8 99.0 99.00
2024 04 15 06 50 205  0.5  1.3 99.00 99.00 99.00 999 1004.8   7.0 999.0   5.9 99.0 99.00
2024 04 15 07 00 211  0.0  0.8 99.00 99.00 99.00 999 1005.0   7.0 999.0   6.0 99.0 99.00
2024 04 15 07 10 224  0.5  1.5  0.95 11.43  7.72  75 1005.1   7.0 999.0   5.9 99.0 99.00
2024 04 15 07 20 226  1.2  2.0 99.00 99.00 99.00 999 1005.2   7.2 999.0   6.0 99.0 99.00
2024 04 15 07 30 216  1.8  2.5 99.00 99.00 99.00 999 1005.0   7.1 999.0   6.0 99.0 99.00
2024 04 15 07 40 233  1.7  2.7  0.87 11.43  7.50  79 1005.1   7.1 999.0   6.0 99.0 99.00
2024 04 15 07 50 242  2.1  2.9 99.00 99.00 99.00 999 1005.3   7.1 999.0   5.9 99.0 99.00
2024 04 15 08 00 248  2.5  3.2 99.00 99.00 99.00 999 1005.6   7.3 999.0   6.0 99.0 99.00
2024 04 15 08 10 247  2.7  3.7  0.94 12.12  7.92  97 1005.9   7.3 999.0   6.0 99.0 99.00
2024 04 15 08 20 236  2.6  3.2 99.00 99.00 99.00 999 1006.1   7.2 999.0   6.0 99.0 99.00
2024 04 15 08 30 229  2.5  3.2 99.00 99.00 99.00 999 1006.1   7.2 999.0   6.0 99.0 99.00
2024 04 15 08 40 218  2.0  2.7  0.83 10.81  7.34  96 1006.1   7.1 999.0   6.0 99.0 99.00
2024 04 15 08 50 203  1.8  2.5 99.00 99.00 99.00 999 1006.3   7.0 999.0   6.0 99.0 99.00
2024 04 15 09 00 188  2.2  2.8 99.00 99.00 99.00 999 1006.5   6.9 999.0   6.0 99.0 99.00
2024 04 15 09 10 188  2.2  2.8  0.77 10.81  6.97 114 1006.7   6.7 999.0   6.0 99.0 99.00
2024 04 15 09 20 198  1.5  2.3 99.00 99.00 99.00 999 1006.7   6.7 999.0   6.0 99.0 99.00
2024 04 15 09 30 196  2.2  2.7 99.00 99.00 99.00 999 1006.8   6.6 999.0   5.9 99.0 99.00
2024 04 15 09 40 209  2.1  2.5  0.77 11.43  7.33 111 1006.7   6.7 999.0   6.0 99.0 99.00
2024 04 15 09 50 204  2.0  2.6 99.00 99.00 99.00 999 1006.7   6.7 999.0   6.0 99.0 99.00
2024 04 15 10 00 200  1.5  2.0 99.00 99.00 99.00 999 1006.8   6.7 999.0   5.9 99.0 99.00
2024 04 15 10 10 216  1.2  1.9  0.85 11.43  7.61  83 1006.9   6.7 999.0   6.0 99.0 99.00
2024 04 15 10 20 207  1.2  1.8 99.00 99.00 99.00 999 1006.8   6.7 999.0   5.9 99.0 99.00
2024 04 15 10 30 179  0.2  1.3 99.00 99.00 99.00 999 1006.6   6.7 999.0   5.9 99.0 99.00
2024 04 15 10 40 208  0.0  0.0  0.79 10.81  7.35  88 1006.8   6.7 999.0   5.9 99.0 99.00
2024 04 15 10 50 241  0.4  1.7 99.00 99.00 99.00 999 1007.1   6.8 999.0   6.0 99.0 99.00
2024 04 15 11 00 216  2.1  2.9 99.00 99.00 99.00 999 1007.5   6.9 999.0   6.0 99.0 99.00
2024 04 15 11 10 221  2.0  2.8  0.91 10.81  7.63  87 1007.6   6.9 999.0   6.0 99.0 99.00
2024 04 15 11 20 217  2.1  2.7 99.00 99.00 99.00 999 1007.8   7.0 999.0   6.0 99.0 99.00
2024 04 15 11 30 219  2.1  2.7 99.00 99.00 99.00 999 1007.9   7.0 999.0   6.0 99.0 99.00
2024 04 15 11 40 231  1.6  2.3  0.84 10.81  7.46  86 1007.8   7.0 999.0   6.0 99.0 99.00
2024 04 15 11 50 255  1.4  1.9 99.00 99.00 99.00 999 1007.7   7.0 999.0   6.1 99.0 99.00
2024 04 15 12 00 277  1.3  1.8 99.00 99.00 99.00 999 1007.8   7.0 999.0   6.1 99.0 99.00
2024 04 15 12 10 274  1.2  1.9  0.80 10.81  7.50  87 1007.8   7.1 999.0   6.1 99.0 99.00
2024 04 15 12 20 235  2.1  3.1 99.00 99.00 99.00 999 1008.1   7.0 999.0   6.0 99.0 99.00
2024 04 15 12 30 224  3.7  4.5 99.00 99.00 99.00 999 1008.6   7.1 999.0   6.3 99.0 99.00
2024 04 15 12 40 222  3.1  4.4  0.79 10.81  7.62  83 1008.6   7.3 999.0   6.5 99.0 99.00
2024 04 15 12 50 218  2.6  3.3 99.00 99.00 99.00 999 1008.9   7.2 999.0   6.4 99.0 99.00
2024 04 15 13 00 230  2.5  3.1 99.00 99.00 99.00 999 1008.8   7.1 999.0   6.4 99.0 99.00
2024 04 15 13 10 233  2.4  3.5  0.91 10.81  7.54  89 1009.1   7.3 999.0   6.6 99.0 99.00
2024 04 15 13 20 239  2.4  3.0 99.00 99.00 99.00 999 1009.2   7.5 999.0   6.7 99.0 99.00
2024 04 15 13 30 241  2.0  2.5 99.00 99.00 99.00 999 1009.4   7.6 999.0   6.8 99.0 99.00
2024 04 15 13 40 250  1.0  2.3  0.84 10.00  8.19  92 1009.3   7.7 999.0   6.8 99.0 99.00
2024 04 15 13 50 160  0.1  1.0 99.00 99.00 99.00 999 1009.3   7.9 999.0   6.9 99.0 99.00
2024 04 15 14 00 170  0.6  1.6 99.00 99.00 99.00 999 1009.4   8.2 999.0   7.0 99.0 99.00
2024 04 15 14 10 147  1.4  2.1  0.86 10.81  8.31  68 1009.5   8.4 999.0   7.1 99.0 99.00
2024 04 15 14 20 138  1.2  2.0 99.00 99.00 99.00 999 1009.4   8.5 999.0   7.1 99.0 99.00
2024 04 15 14 30 121  1.4  2.0 99.00 99.00 99.00 999 1009.3   8.3 999.0   7.0 99.0 99.00
2024 04 15 14 40 127  1.6  2.4  0.79 10.00  8.10  84 1009.3   8.3 999.0   7.1 99.0 99.00
2024 04 15 14 50 132  1.8  2.2 99.00 99.00 99.00 999 1009.2   8.3 999.0   7.1 99.0 99.00
2024 04 15 15 00 136  1.9  2.4 99.00 99.00 99.00 999 1009.1   8.5 999.0   7.3 99.0 99.00
2024 04 15 15 10 149  2.2  2.9  0.95 10.81  8.75  86 1009.2   8.8 999.0   7.5 99.0 99.00
2024 04 15 15 20 152  2.0  2.5 99.00 99.00 99.00 999 1009.3   8.6 999.0   7.4 99.0 99.00
2024 04 15 15 30 137  1.5  2.1 99.00 99.00 99.00 999 1009.0   8.5 999.0   7.3 99.0 99.00
2024 04 15 15 40 140  1.9  2.5  0.84 10.00  8.38  95 1009.0   8.8 999.0   7.5 99.0 99.00
2024 04 15 15 50 150  2.2  2.7 99.00 99.00 99.00 999 1008.9   9.0 999.0   7.6 99.0 99.00
2024 04 15 16 00 143  2.3  2.9 99.00 99.00 99.00 999 1008.8   9.4 999.0   7.6 99.0 99.00
2024 04 15 16 10 133  1.9  2.5  0.81 10.81  8.29  90 1008.7   9.7 999.0   7.6 99.0 99.00
2024 04 15 16 20 143  2.2  2.8 99.00 99.00 99.00 999 1008.5   9.7 999.0   7.9 99.0 99.00
2024 04 15 16 30 146  3.1  4.0 99.00 99.00 99.00 999 1008.6   9.4 999.0   7.8 99.0 99.00
2024 04 15 16 40 147  2.6  3.5  0.87 10.81  8.45  79 1008.6   9.4 999.0   7.7 99.0 99.00
2024 04 15 16 50 138  2.2  2.9 99.00 99.00 99.00 999 1008.5   9.6 999.0   7.8 99.0 99.00
2024 04 15 17 00 136  2.7  3.4 99.00 99.00 99.00 999 1008.3   9.5 999.0   7.7 99.0 99.00
2024 04 15 17 10 130  3.6  4.6  0.91 10.81  8.17  89 1008.0   9.8 999.0   7.8 99.0 99.00
2024 04 15 17 20 132  4.0  4.9 99.00 99.00 99.00 999 1007.9  10.0 999.0   7.8 99.0 99.00
2024 04 15 17 30 132  3.8  5.0 99.00 99.00 99.00 999 1007.8   9.7 999.0   7.7 99.0 99.00
2024 04 15 17 40 131  3.9  4.5  0.94 10.81  8.13  83 1007.9   9.6 999.0   7.7 99.0 99.00
2024 04 15 17 50 124  3.3  4.5 99.00 99.00 99.00 999 1008.0   9.8 999.0   7.7 99.0 99.00
2024 04 15 18 00 117  2.9  3.9 99.00 99.00 99.00 999 1008.0   9.3 999.0   7.6 99.0 99.00
2024 04 15 18 10 123  3.6  4.8  0.92 10.00  8.57  87 1007.9   9.3 999.0   7.6 99.0 99.00
2024 04 15 18 20 133  4.2  5.4 99.00 99.00 99.00 999 1007.8   9.2 999.0   7.6 99.0 99.00
2024 04 15 18 30 135  4.6  5.4 99.00 99.00 99.00 999 1007.7   9.2 999.0   7.6 99.0 99.00
2024 04 15 18 40 142  4.7  5.5  0.90 10.81  8.28  80 1007.7   9.2 999.0   7.5 99.0 99.00
2024 04 15 18 50 141  4.6  5.8 99.00 99.00 99.00 999 1007.6   9.5 999.0   7.5 99.0 99.00
2024 04 15 19 00 144  4.9  5.8 99.00 99.00 99.00 999 1007.6   9.7 999.0   7.4 99.0 99.00
2024 04 15 19 10 133  4.3  5.4  0.76 10.00  7.69  85 1007.5   9.9 999.0   7.4 99.0 99.00
2024 04 15 19 20 121  3.6  5.1 99.00 99.00 99.00 999 1007.5  10.0 999.0   7.3 99.0 99.00
2024 04 15 19 30 120  3.7  4.9 99.00 99.00 99.00 999 1007.5  10.0 999.0   7.3 99.0 99.00
2024 04 15 19 40 138  3.7  4.9  0.89 10.00  8.02  85 1007.4   9.9 999.0   7.3 99.0 99.00
2024 04 15 19 50 143  4.7  5.6 99.00 99.00 99.00 999 1007.3  10.0 999.0   7.2 99.0 99.00
2024 04 15 20 00 141  4.8  5.7 99.00 99.00 99.00 999 1007.4  10.2 999.0   7.3 99.0 99.00
2024 04 15 20 10 149  4.2  5.1  0.73 10.81  7.38  72 1007.4  10.2 999.0   7.4 99.0 99.00
2024 04 15 20 20 167  3.4  5.3 99.00 99.00 99.00 999 1007.6  10.3 999.0   7.4 99.0 99.00
2024 04 15 20 30 169  2.5  3.7 99.00 99.00 99.00 999 1007.7  10.5 999.0   7.4 99.0 99.00
2024 04 15 20 40 159  3.7  5.5  0.87 10.00  7.39  74 1007.9  10.8 999.0   7.4 99.0 99.00
2024 04 15 20 50 164  2.7  4.3 99.00 99.00 99.00 999 1008.2  10.6 999.0   7.3 99.0 99.00
2024 04 15 21 00 211  1.3  2.2 99.00 99.00 99.00 999 1008.3  10.1 999.0   7.3 99.0 99.00
2024 04 15 21 10 178  1.4  2.0  0.75 10.81  6.56  94 1008.4  10.3 999.0   7.3 99.0 99.00
2024 04 15 21 20 177  1.9  2.6 99.00 99.00 99.00 999 1008.7  10.0 999.0   7.3 99.0 99.00
2024 04 15 21 30 179  1.5  2.5 99.00 99.00 99.00 999 1009.0  10.3 999.0   7.4 99.0 99.00
2024 04 15 21 40 210  1.2  2.7  0.75 10.81  6.58  76 1009.1  11.4 999.0   7.4 99.0 99.00
2024 04 15 21 50 125  0.8  7.0 99.00 99.00 99.00 999 1009.0  12.2 999.0   7.0 99.0 99.00
2024 04 15 22 00 290  2.9  5.8 99.00 99.00 99.00 999 1009.2  13.6 999.0   6.0 99.0 99.00
2024 04 15 22 10 285  6.0  7.5  0.72  9.09  5.98  94 1009.3  12.9 999.0   5.7 99.0 99.00
2024 04 15 22 20 287  6.5  8.5 99.00 99.00 99.00 999 1009.4  13.1 999.0   5.5 99.0 99.00
2024 04 15 22 30 293  4.8  5.8 99.00 99.00 99.00 999 1009.5  12.4 999.0   5.7 99.0 99.00
2024 04 15 22 40 301  5.3  6.2  0.86 10.00  4.72  87 1009.6  11.9 999.0   5.6 99.0 99.00
2024 04 15 22 50 308  4.3  5.7 99.00 99.00 99.00 999 1009.9  11.8 999.0   5.5 99.0 99.00
2024 04 15 23 00 305  3.5  4.5 99.00 99.00 99.00 999 1010.1  10.9 999.0   5.6 99.0 99.00
2024 04 15 23 10 308  3.6  4.5  0.90 10.81  4.33  68 1010.3  10.5 999.0   5.7 99.0 99.00
2024 04 15 23 20 316  4.1  5.0 99.00 99.00 99.00 999 1010.6  11.1 999.0   5.2 99.0 99.00
2024 04 15 23 30 308  4.9  6.8 99.00 99.00 99.00 999 1010.8  11.7 999.0   4.9 99.0 99.00
2024 04 15 23 40 312  6.1  7.6  0.92 10.00  4.29  96 1011.0  12.1 999.0   4.6 99.0 99.00
2024 04 15 23 50 319  5.9  7.4 99.00 99.00 99.00 999 1011.3  12.3 999.0   4.6 99.0 99.00
2024 04 16 00 00 337  4.3  5.6 99.00 99.00 99.00 999 1011.7  11.2 999.0   5.3 99.0 99.00
2024 04 16 00 10 360  1.7  3.3  0.94 10.00  4.42  82 1012.0  10.4 999.0   6.0 99.0 99.00
2024 04 16 00 20  59  0.0  0.6 99.00 99.00 99.00 999 1012.3  10.2 999.0   6.1 99.0 99.00
2024 04 16 00 30  68  0.6  1.5 99.00 99.00 99.00 999 1012.7   9.7 999.0   6.2 99.0 99.00
2024 04 16 00 40  30  2.3  3.9  0.86 10.81  4.79  90 1012.9   9.5 999.0   6.4 99.0 99.00
2024 04 16 00 50  15  3.8  4.5 99.00 99.00 99.00 999 1013.1   9.5 999.0   6.2 99.0 99.00
2024 04 16 01 00   8  4.2  4.8 99.00 99.00 99.00 999 1013.3   9.6 999.0   6.1 99.0 99.00
2024 04 16 01 10   5  3.7  4.5  0.82 10.00  4.53  90 1013.7   9.7 999.0   6.1 99.0 99.00
2024 04 16 01 20   2  3.8  4.3 99.00 99.00 99.00 999 1014.1   9.9 999.0   6.1 99.0 99.00
2024 04 16 01 30 360  3.4  4.1 99.00 99.00 99.00 999 1014.4   9.9 999.0   6.0 99.0 99.00
2024 04 16 01 40   5  3.7  4.3  0.80 10.00  4.94  93 1014.2   9.8 999.0   6.0 99.0 99.00
2024 04 16 01 50   2  3.6  4.0 99.00 99.00 99.00 999 1014.5   9.4 999.0   6.1 99.0 99.00
2024 04 16 02 00   6  3.5  4.0 99.00 99.00 99.00 999 1014.3  10.0 999.0   5.9 99.0 99.00
2024 04 16 02 10   9  2.6  4.3  0.75 10.00  4.87  93 1014.4  10.3 999.0   5.8 99.0 99.00
2024 04 16 02 20  12  3.0  3.9 99.00 99.00 99.00 999 1014.4  10.5 999.0   5.7 99.0 99.00
2024 04 16 02 30 358  1.9  2.9 99.00 99.00 99.00 999 1014.9  10.4 999.0   5.7 99.0 99.00
2024 04 16 02 40 352  2.6  3.8  0.71 10.00  4.97  87 1014.3   9.6 999.0   5.8 99.0 99.00
2024 04 16 02 50 325  2.3  3.4 99.00 99.00 99.00 999 1015.1   9.3 999.0   5.9 99.0 99.00
2024 04 16 03 00 342  2.3  3.5 99.00 99.00 99.00 999 1014.2   9.9 999.0   5.6 99.0 99.00
2024 04 16 03 10 357  3.5  4.3  0.73  9.09  5.43 102 1014.0  10.0 999.0   5.6 99.0 99.00
2024 04 16 03 20 341  3.7  4.4 99.00 99.00 99.00 999 1014.7  10.2 999.0   5.4 99.0 99.00
2024 04 16 03 30 344  3.2  3.9 99.00 99.00 99.00 999 1013.8  10.0 999.0   5.6 99.0 99.00
2024 04 16 03 40 350  3.9  4.5  0.68 10.00  5.60  85 1013.9   9.9 999.0   5.5 99.0 99.00
2024 04 16 03 50 322  2.5  3.8 99.00 99.00 99.00 999 1014.6  10.0 999.0   5.5 99.0 99.00
2024 04 16 04 00 289  1.9  2.5 99.00 99.00 99.00 999 1015.1   9.9 999.0   5.5 99.0 99.00
2024 04 16 04 10 299  2.5  3.1  0.62 11.43  6.01  88 1014.5   9.8 999.0   5.7 99.0 99.00
2024 04 16 04 20 316  2.3  3.1 99.00 99.00 99.00 999 1014.9   9.2 999.0   5.7 99.0 99.00
2024 04 16 04 30 297  2.2  2.9 99.00 99.00 99.00 999 1015.0   9.5 999.0   5.6 99.0 99.00
2024 04 16 04 40 323  2.2  2.9  0.70 10.81  6.69  88 1014.8   9.4 999.0   5.7 99.0 99.00
2024 04 16 04 50 341  2.2  2.8 99.00 99.00 99.00 999 1014.8   8.8 999.0   5.8 99.0 99.00
2024 04 16 05 00 341  2.3  2.8 99.00 99.00 99.00 999 1014.6   8.9 999.0   5.8 99.0 99.00
2024 04 16 05 10 285  1.7  2.5  0.71 10.81  6.91  76 1015.0   8.8 999.0   5.8 99.0 99.00
2024 04 16 05 20 316  2.3  2.8 99.00 99.00 99.00 999 1014.9   8.8 999.0   5.8 99.0 99.00
2024 04 16 05 30 276  2.4  3.2 99.00 99.00 99.00 999 1015.3   8.7 999.0   5.8 99.0 99.00
2024 04 16 05 40 332  3.6  4.5  0.81 10.00  7.46  86 1014.4   8.6 999.0   5.9 99.0 99.00
2024 04 16 05 50 281  2.7  3.6 99.00 99.00 99.00 999 1015.2   8.8 999.0   5.8 99.0 99.00
2024 04 16 06 00 317  2.7  3.4 99.00 99.00 99.00 999 1014.6   8.7 999.0   5.8 99.0 99.00
2024 04 16 06 10 315  2.9  3.5  0.73 10.00  7.12  84 1014.7   8.7 999.0   5.7 99.0 99.00
2024 04 16 06 20 312  3.0  3.8 99.00 99.00 99.00 999 1014.4   8.8 999.0   5.6 99.0 99.00
2024 04 16 06 30 294  2.8  3.8 99.00 99.00 99.00 999 1014.9   8.7 999.0   5.6 99.0 99.00
2024 04 16 06 40 308  2.9  3.6  0.71 10.81  7.08  74 1014.4   8.6 999.0   5.7 99.0 99.00
2024 04 16 06 50 310  3.1  3.8 99.00 99.00 99.00 999 1014.6   8.6 999.0   5.7 99.0 99.00
2024 04 16 07 00 310  3.0  3.9 99.00 99.00 99.00 999 1014.6   8.6 999.0   5.6 99.0 99.00
2024 04 16 07 10 299  2.3  3.2  0.72 10.81  7.14  91 1014.6   8.5 999.0   5.7 99.0 99.00
2024 04 16 07 20 298  2.2  2.8 99.00 99.00 99.00 999 1014.7   8.3 999.0   5.7 99.0 99.00
2024 04 16 07 30 296  2.4  3.1 99.00 99.00 99.00 999 1014.9   8.3 999.0   5.7 99.0 99.00
2024 04 16 07 40 287  2.5  3.1  0.66 10.81  6.79  97 1014.9   8.2 999.0   5.8 99.0 99.00
2024 04 16 07 50 284  2.6  3.2 99.00 99.00 99.00 999 1014.9   8.2 999.0   5.7 99.0 99.00
2024 04 16 08 00 283  2.6  3.5 99.00 99.00 99.00 999 1014.9   8.2 999.0   5.7 99.0 99.00
2024 04 16 08 10 279  2.8  3.8  0.70 11.43  7.19  62 1015.1   8.3 999.0   5.6 99.0 99.00
2024 04 16 08 20 281  2.8  3.5 99.00 99.00 99.00 999 1015.0   8.2 999.0   5.8 99.0 99.00
2024 04 16 08 30 274  2.7  3.3 99.00 99.00 99.00 999 1015.1   8.0 999.0   5.9 99.0 99.00
2024 04 16 08 40 283  2.4  3.0  0.69 10.00  6.86  82 1015.0   8.0 999.0   6.0 99.0 99.00
2024 04 16 08 50 282  2.4  2.9 99.00 99.00 99.00 999 1015.1   7.9 999.0   5.8 99.0 99.00
2024 04 16 09 00 280  2.7  3.3 99.00 99.00 99.00 999 1015.1   7.9 999.0   5.8 99.0 99.00
2024 04 16 09 10 280  3.2  4.0  0.58 11.43  6.65 103 1015.1   8.1 999.0   5.8 99.0 99.00
2024 04 16 09 20 274  3.6  4.4 99.00 99.00 99.00 999 1015.2   8.3 999.0   5.6 99.0 99.00
2024 04 16 09 30 264  3.1  3.9 99.00 99.00 99.00 999 1015.4   8.2 999.0   5.5 99.0 99.00
2024 04 16 09 40 265  3.1  3.9  0.66 10.81  6.91 102 1015.5   8.0 999.0   5.8 99.0 99.00
2024 04 16 09 50 270  3.4  4.2 99.00 99.00 99.00 999 1015.7   8.0 999.0   5.6 99.0 99.00
2024 04 16 10 00 266  3.5  4.4 99.00 99.00 99.00 999 1015.8   8.2 999.0   5.4 99.0 99.00
2024 04 16 10 10 263  2.8  3.4  0.68 10.00  7.21  92 1015.8   8.2 999.0   5.5 99.0 99.00
2024 04 16 10 20 264  3.0  3.9 99.00 99.00 99.00 999 1016.1   8.1 999.0   5.7 99.0 99.00
2024 04 16 10 30 265  3.4  4.1 99.00 99.00 99.00 999 1016.3   8.0 999.0   5.8 99.0 99.00
2024 04 16 10 40 266  3.6  4.4  0.62 10.00  6.94  88 1016.3   8.1 999.0   5.9 99.0 99.00
2024 04 16 10 50 260  3.6  4.5 99.00 99.00 99.00 999 1016.5   8.0 999.0   5.8 99.0 99.00
2024 04 16 11 00 259  3.7  4.6 99.00 99.00 99.00 999 1016.5   8.0 999.0   5.8 99.0 99.00
2024 04 16 11 10 253  3.4  4.3  0.67 10.81  6.92  95 1016.6   7.9 999.0   5.9 99.0 99.00
2024 04 16 11 20 259  3.7  4.6 99.00 99.00 99.00 999 1016.8   7.9 999.0   5.9 99.0 99.00
2024 04 16 11 30 263  4.0  4.6 99.00 99.00 99.00 999 1016.9   8.1 999.0   5.7 99.0 99.00
2024 04 16 11 40 263  3.8  4.6  0.72 10.81  7.53  92 1017.0   8.1 999.0   5.6 99.0 99.00
2024 04 16 11 50 269  3.5  4.3 99.00 99.00 99.00 999 1017.1   8.0 999.0   5.6 99.0 99.00
2024 04 16 12 00 271  3.7  4.8 99.00 99.00 99.00 999 1017.2   8.1 999.0   5.4 99.0 99.00
2024 04 16 12 10 999 99.0 99.0 99.00 99.00 99.00 999 1017.4 999.0 999.0 999.0 99.0 99.00
2024 04 16 12 20 275  4.0  5.2 99.00 99.00 99.00 999 1017.4   7.9 999.0   5.5 99.0 99.00
2024 04 16 12 30 274  3.8  4.8 99.00 99.00 99.00 999 1017.3   8.0 999.0   5.4 99.0 99.00
2024 04 16 12 40 276  4.2  5.1  0.68 10.81  7.34 101 1017.4   8.2 999.0   4.9 99.0 99.00
2024 04 16 12 50 279  3.7  4.6 99.00 99.00 99.00 999 1017.4   8.4 999.0   4.8 99.0 99.00
2024 04 16 13 00 273  3.5  4.3 99.00 99.00 99.00 999 1017.4   8.3 999.0   4.9 99.0 99.00
2024 04 16 13 10 270  3.4  4.4  0.67 10.00  7.14  88 1017.6   8.3 999.0   5.0 99.0 99.00
2024 04 16 13 20 268  3.3  4.2 99.00 99.00 99.00 999 1017.8   8.3 999.0   5.1 99.0 99.00
2024 04 16 13 30 273  3.5  4.3 99.00 99.00 99.00 999 1017.9   8.2 999.0   5.1 99.0 99.00
2024 04 16 13 40 281  3.5  4.2  0.60 10.81  7.05  71 1018.0   8.4 999.0   5.0 99.0 99.00
2024 04 16 13 50 286  3.2  4.1 99.00 99.00 99.00 999 1018.1   8.4 999.0   5.0 99.0 99.00
2024 04 16 14 00 286  2.9  3.6 99.00 99.00 99.00 999 1018.2   8.5 999.0   5.1 99.0 99.00
2024 04 16 14 10 281  2.4  3.3  0.65 10.81  7.36  81 1018.2   8.5 999.0   5.0 99.0 99.00
2024 04 16 14 20 274  2.7  3.3 99.00 99.00 99.00 999 1018.2   8.6 999.0   5.2 99.0 99.00
2024 04 16 14 30 257  2.6  3.2 99.00 99.00 99.00 999 1018.2   8.8 999.0   5.2 99.0 99.00
2024 04 16 14 40 245  2.4  3.2  0.63 10.00  7.42  90 1018.1   8.8 999.0   5.1 99.0 99.00
2024 04 16 14 50 242  2.3  2.9 99.00 99.00 99.00 999 1018.1   9.0 999.0   5.2 99.0 99.00
2024 04 16 15 00 237  2.3  2.8 99.00 99.00 99.00 999 1018.0   9.0 999.0   5.4 99.0 99.00
2024 04 16 15 10 235  2.3  2.9  0.64 10.00  7.72  84 1017.9   9.1 999.0   5.2 99.0 99.00
2024 04 16 15 20 230  2.4  3.0 99.00 99.00 99.00 999 1017.7   9.4 999.0   5.1 99.0 99.00
2024 04 16 15 30 223  2.6  3.0 99.00 99.00 99.00 999 1017.7   9.4 999.0   5.3 99.0 99.00
2024 04 16 15 40 219  2.4  2.9  0.65 10.00  7.68  75 1017.6   9.6 999.0   5.1 99.0 99.00
2024 04 16 15 50 215  2.0  2.7 99.00 99.00 99.00 999 1017.5   9.8 999.0   5.2 99.0 99.00
2024 04 16 16 00 206  1.9  2.3 99.00 99.00 99.00 999 1017.4   9.8 999.0   5.3 99.0 99.00
2024 04 16 16 10 209  2.3  2.9  0.59 10.00  7.52  66 1017.3   9.9 999.0   5.1 99.0 99.00
2024 04 16 16 20 208  2.6  3.0 99.00 99.00 99.00 999 1017.2  10.6 999.0   3.9 99.0 99.00
2024 04 16 16 30 199  1.9  2.5 99.00 99.00 99.00 999 1017.2  11.3 999.0   3.0 99.0 99.00
2024 04 16 16 40 191  1.7  2.0  0.63 10.81  7.65  66 1017.1  11.2 999.0   4.5 99.0 99.00
2024 04 16 16 50 170  1.3  1.7 99.00 99.00 99.00 999 1017.1  11.5 999.0   4.3 99.0 99.00
2024 04 16 17 00 155  1.2  1.7 99.00 99.00 99.00 999 1017.1  11.5 999.0   5.3 99.0 99.00
2024 04 16 17 10 167  1.6  2.3  0.67  9.09  7.75 100 1017.1  11.7 999.0   5.6 99.0 99.00
2024 04 16 17 20 172  1.6  2.5 99.00 99.00 99.00 999 1017.1  12.2 999.0   4.9 99.0 99.00
2024 04 16 17 30 163  1.6  1.9 99.00 99.00 99.00 999 1017.2  12.1 999.0   6.1 99.0 99.00
2024 04 16 17 40 138  2.0  2.8  0.73  9.09  8.00  85 1017.1  12.0 999.0   6.5 99.0 99.00
2024 04 16 17 50 146  2.4  3.0 99.00 99.00 99.00 999 1017.1  11.5 999.0   7.2 99.0 99.00
2024 04 16 18 00 134  2.4  2.8 99.00 99.00 99.00 999 1017.1  11.1 999.0   7.0 99.0 99.00
2024 04 16 18 10 132  2.1  2.6  0.69  9.09  7.95  96 1017.1  11.0 999.0   7.4 99.0 99.00
2024 04 16 18 20 145  2.7  3.4 99.00 99.00 99.00 999 1017.1  11.0 999.0   7.2 99.0 99.00
2024 04 16 18 30 148  2.8  3.4 99.00 99.00 99.00 999 1017.2  11.0 999.0   6.9 99.0 99.00
2024 04 16 18 40 140  2.2  2.8  0.71  9.09  7.87  81 1017.1  10.9 999.0   7.3 99.0 99.00
2024 04 16 18 50 111  1.6  2.2 99.00 99.00 99.00 999 1017.1  10.8 999.0   7.4 99.0 99.00
2024 04 16 19 00 124  2.1  3.1 99.00 99.00 99.00 999 1017.0  11.2 999.0   5.6 99.0 99.00
2024 04 16 19 10 153  2.1  2.7  0.82 10.00  7.89  94 1017.0  12.5 999.0   4.9 99.0 99.00
2024 04 16 19 20 134  2.2  2.8 99.00 99.00 99.00 999 1016.9  12.1 999.0   6.3 99.0 99.00
2024 04 16 19 30 120  2.1  2.8 99.00 99.00 99.00 999 1016.8  11.5 999.0   6.5 99.0 99.00
2024 04 16 19 40 131  2.5  3.2  0.75  9.09  7.56  88 1016.9  11.5 999.0   6.7 99.0 99.00
2024 04 16 19 50 146  2.4  3.2 99.00 99.00 99.00 999 1016.7  11.7 999.0   7.1 99.0 99.00
2024 04 16 20 00 154  1.9  3.0 99.00 99.00 99.00 999 1016.6  12.1 999.0   6.3 99.0 99.00
2024 04 16 20 10 154  3.1  4.1  0.74  9.09  7.39 102 1016.6  12.0 999.0   7.3 99.0 99.00
2024 04 16 20 20 118  3.7  6.0 99.00 99.00 99.00 999 1016.7  11.1 999.0   7.0 99.0 99.00
2024 04 16 20 30 131  3.9  5.3 99.00 99.00 99.00 999 1016.8  10.5 999.0   6.5 99.0 99.00
2024 04 16 20 40 144  4.8  6.4  0.81 10.00  7.65  93 1016.8  10.4 999.0   6.2 99.0 99.00
2024 04 16 20 50 166  4.5  5.4 99.00 99.00 99.00 999 1016.8  10.2 999.0   5.9 99.0 99.00
2024 04 16 21 00 146  3.6  4.7 99.00 99.00 99.00 999 1017.1  10.1 999.0   6.2 99.0 99.00
2024 04 16 21 10 125  3.6  4.9  0.69  9.09  6.09  85 1017.1  10.0 999.0   6.2 99.0 99.00
2024 04 16 21 20 140  3.6  4.4 99.00 99.00 99.00 999 1017.1  10.0 999.0   6.3 99.0 99.00
2024 04 16 21 30 129  3.4  4.1 99.00 99.00 99.00 999 1017.1   9.9 999.0   6.4 99.0 99.00
2024 04 16 21 40 125  3.3  4.3  0.64 10.00  6.37  88 1017.2   9.8 999.0   6.5 99.0 99.00
2024 04 16 21 50 120  3.2  4.0 99.00 99.00 99.00 999 1017.3   9.6 999.0   6.8 99.0 99.00
2024 04 16 22 00 125  3.3  4.0 99.00 99.00 99.00 999 1017.2   9.5 999.0   6.8 99.0 99.00
2024 04 16 22 10 124  3.0  3.5  0.66 10.00  5.90  99 1017.2   9.6 999.0   6.9 99.0 99.00
2024 04 16 22 20 134  3.6  4.4 99.00 99.00 99.00 999 1017.3   9.7 999.0   6.4 99.0 99.00
2024 04 16 22 30 142  3.1  4.0 99.00 99.00 99.00 999 1017.2   9.9 999.0   6.2 99.0 99.00
2024 04 16 22 40 117  2.8  3.4  0.67 10.00  5.67  84 1017.4   9.9 999.0   6.4 99.0 99.00
2024 04 16 22 50 117  2.7  3.7 99.00 99.00 99.00 999 1017.4   9.5 999.0   6.5 99.0 99.00
2024 04 16 23 00 126  1.7  4.1 99.00 99.00 99.00 999 1017.5   9.8 999.0   6.5 99.0 99.00
2024 04 16 23 10 143  2.3  3.2  0.67  9.09  5.37 109 1017.7   9.7 999.0   6.6 99.0 99.00
2024 04 16 23 20 151  3.1  3.9 99.00 99.00 99.00 999 1017.7  10.0 999.0   6.1 99.0 99.00
2024 04 16 23 30 153  3.0  3.8 99.00 99.00 99.00 999 1017.9  10.0 999.0   6.1 99.0 99.00
2024 04 16 23 40 145  2.6  3.4  0.62  9.09  5.09  87 1018.0   9.9 999.0   6.2 99.0 99.00
2024 04 16 23 50 127  2.4  2.9 99.00 99.00 99.00 999 1018.1   9.6 999.0   6.4 99.0 99.00
2024 04 17 00 00 138  2.2  2.7 99.00 99.00 99.00 999 1018.2   9.5 999.0   6.7 99.0 99.00
2024 04 17 00 10 153  2.4  2.8  0.65 10.81  5.39  85 1018.4   9.4 999.0   6.9 99.0 99.00
2024 04 17 00 20 159  2.3  2.6 99.00 99.00 99.00 999 1018.6   9.3 999.0   6.7 99.0 99.00
2024 04 17 00 30 166  2.2  2.7 99.00 99.00 99.00 999 1018.6   9.3 999.0   6.6 99.0 99.00
2024 04 17 00 40 169  2.2  2.7  0.62  9.09  5.89  99 1018.9   9.2 999.0   6.5 99.0 99.00
2024 04 17 00 50 156  2.0  2.5 99.00 99.00 99.00 999 1019.0   9.2 999.0   6.3 99.0 99.00
2024 04 17 01 00 148  2.0  2.4 99.00 99.00 99.00 999 1019.0   9.3 999.0   6.3 99.0 99.00
2024 04 17 01 10 119  2.1  2.6  0.55  9.09  5.72  99 1019.1   9.2 999.0   6.6 99.0 99.00
2024 04 17 01 20 127  2.2  2.6 99.00 99.00 99.00 999 1019.3   9.2 999.0   6.6 99.0 99.00
2024 04 17 01 30 139  2.4  2.7 99.00 99.00 99.00 999 1019.2   9.3 999.0   6.4 99.0 99.00
2024 04 17 01 40 143  2.2  2.6  0.56  9.09  6.19  77 1019.3   9.3 999.0   6.5 99.0 99.00
2024 04 17 01 50 149  1.9  2.4 99.00 99.00 99.00 999 1019.2   9.2 999.0   6.3 99.0 99.00
2024 04 17 02 00 153  1.4  1.8 99.00 99.00 99.00 999 1019.3   9.2 999.0   6.4 99.0 99.00
2024 04 17 02 10 147  1.4  2.2  0.61 10.81  6.74  74 1019.6   9.4 999.0   6.0 99.0 99.00
2024 04 17 02 20 132  1.1  1.9 99.00 99.00 99.00 999 1019.6   9.5 999.0   5.8 99.0 99.00
2024 04 17 02 30 107  0.5  1.8 99.00 99.00 99.00 999 1019.8   9.8 999.0   5.7 99.0 99.00
2024 04 17 02 40 113  0.4  2.2  0.64  8.33  6.76 106 1019.9   9.7 999.0   5.6 99.0 99.00
2024 04 17 02 50 342  0.3  1.3 99.00 99.00 99.00 999 1020.0   9.8 999.0   5.5 99.0 99.00
2024 04 17 03 00 345  0.7  1.5 99.00 99.00 99.00 999 1020.1   9.9 999.0   5.4 99.0 99.00
2024 04 17 03 10 342  2.0  3.3  0.54 10.00  6.97  63 1020.4   9.9 999.0   5.8 99.0 99.00
2024 04 17 03 20 349  3.1  3.7 99.00 99.00 99.00 999 1020.6   9.1 999.0   6.3 99.0 99.00
2024 04 17 03 30   3  3.6  4.1 99.00 99.00 99.00 999 1021.0   9.1 999.0   6.3 99.0 99.00
2024 04 17 03 40   5  4.1  5.6  0.54  9.09  7.00  92 1021.2   9.1 999.0   6.2 99.0 99.00
2024 04 17 03 50  17  5.0  5.9 99.00 99.00 99.00 999 1021.3   9.5 999.0   5.8 99.0 99.00
2024 04 17 04 00  26  4.1  5.6 99.00 99.00 99.00 999 1021.5   9.8 999.0   5.6 99.0 99.00
2024 04 17 04 10  28  4.6  5.4  0.63  9.09  7.33  95 1021.6  10.0 999.0   5.3 99.0 99.00
2024 04 17 04 20  32  4.7  5.6 99.00 99.00 99.00 999 1021.7  10.1 999.0   5.2 99.0 99.00
2024 04 17 04 30  29  4.7  5.9 99.00 99.00 99.00 999 1021.9   9.7 999.0   5.5 99.0 99.00
2024 04 17 04 40  43  5.9  7.6  0.57 10.00  7.01  83 1022.0   9.7 999.0   5.2 99.0 99.00
2024 04 17 04 50  43  6.1  7.2 99.00 99.00 99.00 999 1022.2   9.6 999.0   5.2 99.0 99.00
2024 04 17 05 00  47  7.2  9.4 99.00 99.00 99.00 999 1022.1   9.5 999.0   4.6 99.0 99.00
2024 04 17 05 10  53  7.0  9.0  0.65 10.00  4.43  72 1022.1   9.3 999.0   4.2 99.0 99.00
2024 04 17 05 20  49  7.3  8.8 99.00 99.00 99.00 999 1022.2   9.1 999.0   3.9 99.0 99.00
2024 04 17 05 30  47  7.1  8.9 99.00 99.00 99.00 999 1022.2   9.0 999.0   3.9 99.0 99.00
2024 04 17 05 40  47  6.4  7.9  0.70  9.09  3.89  99 1022.2   8.8 999.0   4.1 99.0 99.00
2024 04 17 05 50  48  5.9  7.2 99.00 99.00 99.00 999 1022.2   8.6 999.0   4.3 99.0 99.00
2024 04 17 06 00  50  5.8  7.0 99.00 99.00 99.00 999 1022.2   8.5 999.0   4.3 99.0 99.00
2024 04 17 06 10  52  5.6  6.6  0.78 10.00  4.02  79 1022.0   8.4 999.0   4.3 99.0 99.00
2024 04 17 06 20  50  5.5  6.9 99.00 99.00 99.00 999 1022.0   8.4 999.0   4.4 99.0 99.00
2024 04 17 06 30  50  5.1  6.3 99.00 99.00 99.00 999 1022.0   8.3 999.0   4.5 99.0 99.00
2024 04 17 06 40  47  5.1  6.3  0.82  9.09  4.07 103 1022.0   8.2 999.0   4.5 99.0 99.00
2024 04 17 06 50  47  5.2  6.6 99.00 99.00 99.00 999 1022.0   8.1 999.0   4.5 99.0 99.00
2024 04 17 07 00  44  5.8  7.4 99.00 99.00 99.00 999 1021.9   8.1 999.0   4.4 99.0 99.00
2024 04 17 07 10  41  7.7  9.1  0.81  8.33  3.86  95 1021.9   8.2 999.0   3.9 99.0 99.00
2024 04 17 07 20  41  7.9  9.6 99.00 99.00 99.00 999 1022.0   8.0 999.0   3.9 99.0 99.00
2024 04 17 07 30  35  8.0  9.5 99.00 99.00 99.00 999 1022.1   7.8 999.0   3.4 99.0 99.00
2024 04 17 07 40  36  7.6  9.5  0.86 10.00  3.93  63 1022.1   7.7 999.0   3.5 99.0 99.00
2024 04 17 07 50  40  7.5  9.1 99.00 99.00 99.00 999 1022.1   7.6 999.0   3.2 99.0 99.00
2024 04 17 08 00  40  7.5  9.7 99.00 99.00 99.00 999 1022.1   7.5 999.0   3.1 99.0 99.00
2024 04 17 08 10  36  7.6  9.4  0.90  9.09  3.86  88 1022.2   7.4 999.0   2.7 99.0 99.00
2024 04 17 08 20  35  7.5  9.7 99.00 99.00 99.00 999 1022.1   7.4 999.0   2.6 99.0 99.00
2024 04 17 08 30  38  7.4  8.8 99.00 99.00 99.00 999 1022.4   7.3 999.0   2.3 99.0 99.00
2024 04 17 08 40  36  7.1  8.9  1.00  9.09  3.86  83 1022.4   7.3 999.0   2.2 99.0 99.00
2024 04 17 08 50  34  7.5  8.9 99.00 99.00 99.00 999 1022.4   7.2 999.0   2.0 99.0 99.00
2024 04 17 09 00  35  7.3  9.0 99.00 99.00 99.00 999 1022.7   7.2 999.0   1.3 99.0 99.00
2024 04 17 09 10  32  7.4  9.2  1.11  9.09  3.86 106 1022.6   7.2 999.0   1.1 99.0 99.00
2024 04 17 09 20  31  7.0  8.6 99.00 99.00 99.00 999 1022.9   7.1 999.0   1.4 99.0 99.00
2024 04 17 09 30  27  6.8  8.5 99.00 99.00 99.00 999 1023.0   7.0 999.0   1.4 99.0 99.00
2024 04 17 09 40  31  6.8  8.2  1.11  9.09  3.96 118 1023.2   7.0 999.0   0.9 99.0 99.00
2024 04 17 09 50  27  6.6  8.1 99.00 99.00 99.00 999 1023.3   7.0 999.0   0.8 99.0 99.00
2024 04 17 10 00  29  6.2  7.6 99.00 99.00 99.00 999 1023.5   6.9 999.0   0.9 99.0 99.00
2024 04 17 10 10  35  5.9  7.3  1.11  4.00  3.96  52 1023.6   6.9 999.0   1.2 99.0 99.00
2024 04 17 10 20  27  5.9  7.1 99.00 99.00 99.00 999 1023.5   6.9 999.0   1.5 99.0 99.00
2024 04 17 10 30  29  5.9  7.1 99.00 99.00 99.00 999 1023.7   6.8 999.0   1.4 99.0 99.00
2024 04 17 10 40  33  5.7  6.6  1.08  9.09  4.06 113 1023.5   6.8 999.0   1.7 99.0 99.00
2024 04 17 10 50  32  5.7  6.9 99.00 99.00 99.00 999 1023.6   6.8 999.0   1.8 99.0 99.00
2024 04 17 11 00  32  5.4  6.5 99.00 99.00 99.00 999 1023.6   6.8 999.0   2.1 99.0 99.00
2024 04 17 11 10  36  4.4  5.5  0.98  4.76  3.96  33 1023.7   6.9 999.0   2.3 99.0 99.00
2024 04 17 11 20  48  4.0  5.2 99.00 99.00 99.00 999 1023.7   6.9 999.0   2.0 99.0 99.00
2024 04 17 11 30  46  3.9  4.8 99.00 99.00 99.00 999 1023.7   6.9 999.0   1.9 99.0 99.00
2024 04 17 11 40  58  3.6  4.6  1.04  4.55  4.16  41 1023.7   6.9 999.0   1.7 99.0 99.00
2024 04 17 11 50  47  4.2  5.1 99.00 99.00 99.00 999 1023.7   6.9 999.0   1.7 99.0 99.00
2024 04 17 12 00  42  4.1  5.4 99.00 99.00 99.00 999 1023.7   6.8 999.0   1.7 99.0 99.00
2024 04 17 12 10  34  3.7  5.1  0.98 10.00  4.25 106 1023.8   6.8 999.0   0.6 99.0 99.00
2024 04 17 12 20  21  3.8  4.9 99.00 99.00 99.00 999 1023.9   6.8 999.0   0.7 99.0 99.00
2024 04 17 12 30  19  4.2  5.4 99.00 99.00 99.00 999 1023.7   6.7 999.0   0.7 99.0 99.00
2024 04 17 12 40  25  4.1  5.1  0.93  4.76  4.26  36 1024.0   6.7 999.0   0.3 99.0 99.00
2024 04 17 12 50  19  3.6  4.8 99.00 99.00 99.00 999 1024.0   6.6 999.0   0.2 99.0 99.00
2024 04 17 13 00  31  3.6  4.4 99.00 99.00 99.00 999 1023.9   6.6 999.0   0.1 99.0 99.00
2024 04 17 13 10  25  2.9  3.8  0.90  4.76  4.29  32 1024.1   6.6 999.0   0.5 99.0 99.00
2024 04 17 13 20  36  2.8  3.9 99.00 99.00 99.00 999 1024.0   6.6 999.0   0.7 99.0 99.00
2024 04 17 13 30  26  2.4  3.0 99.00 99.00 99.00 999 1024.0   6.6 999.0   0.8 99.0 99.00
2024 04 17 13 40  17  2.7  3.5  0.78  9.09  4.18 101 1023.9   6.5 999.0   0.7 99.0 99.00
2024 04 17 13 50  22  2.4  3.4 99.00 99.00 99.00 999 1024.0   6.6 999.0   1.1 99.0 99.00
2024 04 17 14 00  38  2.5  3.3 99.00 99.00 99.00 999 1023.9   6.5 999.0   0.8 99.0 99.00
2024 04 17 14 10  39  2.5  3.3  0.75  8.33  4.41  87 1023.9   6.5 999.0   0.6 99.0 99.00
2024 04 17 14 20  45  2.1  3.2 99.00 99.00 99.00 999 1023.8   6.5 999.0   0.5 99.0 99.00
2024 04 17 14 30  52  2.5  3.2 99.00 99.00 99.00 999 1023.7   6.5 999.0   0.4 99.0 99.00
2024 04 17 14 40  69  2.7  3.5  0.73  8.33  4.24 107 1023.6   6.5 999.0   0.4 99.0 99.00
2024 04 17 14 50  77  2.6  3.5 99.00 99.00 99.00 999 1023.6   6.5 999.0   0.2 99.0 99.00
2024 04 17 15 00  83  2.8  3.8 99.00 99.00 99.00 999 1023.3   6.4 999.0  -0.1 99.0 99.00
2024 04 17 15 10  86  2.8  4.1  0.70  9.09  4.42  81 1023.3   6.4 999.0   0.0 99.0 99.00
2024 04 17 15 20  89  2.9  4.0 99.00 99.00 99.00 999 1023.3   6.4 999.0  -0.2 99.0 99.00
2024 04 17 15 30  88  2.9  3.5 99.00 99.00 99.00 999 1023.3   6.4 999.0   0.0 99.0 99.00
2024 04 17 15 40  88  2.9  3.6  0.67  9.09  4.47  77 1023.1   6.4 999.0  -0.1 99.0 99.00
2024 04 17 15 50 109  2.7  3.8 99.00 99.00 99.00 999 1023.1   6.4 999.0  -0.2 99.0 99.00
2024 04 17 16 00 116  3.0  4.0 99.00 99.00 99.00 999 1023.1   6.4 999.0   0.0 99.0 99.00
2024 04 17 16 10 122  3.3  4.3  0.67  9.09  4.59  78 1023.1   6.4 999.0   0.1 99.0 99.00
2024 04 17 16 20 120  3.1  4.1 99.00 99.00 99.00 999 1023.1   6.4 999.0   0.3 99.0 99.00
2024 04 17 16 30 113  3.4  4.3 99.00 99.00 99.00 999 1023.0   6.4 999.0   0.2 99.0 99.00
2024 04 17 16 40 111  3.7  4.8  0.62  8.33  4.61  81 1022.8   6.3 999.0   0.1 99.0 99.00
2024 04 17 16 50 113  4.4  5.4 99.00 99.00 99.00 999 1022.7   6.3 999.0   0.2 99.0 99.00
2024 04 17 17 00 105  4.6  5.4 99.00 99.00 99.00 999 1022.6   6.4 999.0   0.4 99.0 99.00
2024 04 17 17 10 107  4.9  5.7  0.60  8.33  4.63  93 1022.3   6.3 999.0   0.0 99.0 99.00
2024 04 17 17 20 113  4.8  5.8 99.00 99.00 99.00 999 1022.2   6.4 999.0   0.5 99.0 99.00
2024 04 17 17 30 111  5.4  6.5 99.00 99.00 99.00 999 1022.1   6.4 999.0   0.6 99.0 99.00
2024 04 17 17 40 107  5.3  6.2  0.64  9.09  4.75  90 1022.0   6.3 999.0   0.3 99.0 99.00
2024 04 17 17 50 106  5.3  6.3 99.00 99.00 99.00 999 1022.0   6.4 999.0   0.4 99.0 99.00
2024 04 17 18 00 112  5.4  6.3 99.00 99.00 99.00 999 1022.1   6.4 999.0   0.4 99.0 99.00
2024 04 17 18 10 120  5.2  6.3  0.66  9.09  4.60  89 1022.0   6.4 999.0   0.5 99.0 99.00
2024 04 17 18 20 119  5.3  6.3 99.00 99.00 99.00 999 1021.9   6.4 999.0   0.4 99.0 99.00
2024 04 17 18 30 116  5.8  7.0 99.00 99.00 99.00 999 1021.7   6.4 999.0   0.9 99.0 99.00
2024 04 17 18 40 111  5.8  6.9  0.69  9.09  4.27  85 1021.5   6.4 999.0   1.1 99.0 99.00
2024 04 17 18 50 112  5.9  6.9 99.00 99.00 99.00 999 1021.4   6.4 999.0   1.2 99.0 99.00
2024 04 17 19 00 113  5.8  6.9 99.00 99.00 99.00 999 1021.3   6.5 999.0   1.5 99.0 99.00
2024 04 17 19 10 110  6.2  7.4  0.69  9.09  3.84 113 1021.2   6.5 999.0   1.3 99.0 99.00
2024 04 17 19 20 115  6.3  7.3 99.00 99.00 99.00 999 1021.1   6.5 999.0   1.3 99.0 99.00
2024 04 17 19 30 115  6.4  7.4 99.00 99.00 99.00 999 1021.0   6.5 999.0   1.7 99.0 99.00
2024 04 17 19 40 117  6.6  8.4  0.81  9.09  3.94  74 1020.7   6.5 999.0   1.8 99.0 99.00
2024 04 17 19 50 119  7.0  8.4 99.00 99.00 99.00 999 1020.6   6.5 999.0   1.9 99.0 99.00
2024 04 17 20 00 123  7.3  8.5 99.00 99.00 99.00 999 1020.4   6.5 999.0   2.0 99.0 99.00
2024 04 17 20 10 123  7.2  8.5  0.80  9.09  3.74  94 1020.5   6.5 999.0   2.0 99.0 99.00
2024 04 17 20 20 123  7.0  8.4 99.00 99.00 99.00 999 1020.4   6.6 999.0   2.3 99.0 99.00
2024 04 17 20 30 125  7.0  8.5 99.00 99.00 99.00 999 1020.4   6.6 999.0   2.3 99.0 99.00
2024 04 17 20 40 120  7.0  8.4  0.82  9.09  3.84  91 1020.2   6.6 999.0   2.4 99.0 99.00
2024 04 17 20 50 119  7.0  8.6 99.00 99.00 99.00 999 1020.1   6.7 999.0   2.6 99.0 99.00
2024 04 17 21 00 123  7.4  8.4 99.00 99.00 99.00 999 1020.2   6.7 999.0   2.7 99.0 99.00
2024 04 17 21 10 117  7.0  8.4  0.77  2.94  3.63 103 1020.1   6.7 999.0   3.0 99.0 99.00
2024 04 17 21 20 116  7.2  8.2 99.00 99.00 99.00 999 1020.2   6.7 999.0   2.8 99.0 99.00
2024 04 17 21 30 121  7.1  8.5 99.00 99.00 99.00 999 1020.3   6.8 999.0   3.1 99.0 99.00
2024 04 17 21 40 121  7.1  8.5  0.81  9.09  3.48  66 1020.3   6.8 999.0   3.2 99.0 99.00
2024 04 17 21 50 123  7.0  8.3 99.00 99.00 99.00 999 1020.4   6.8 999.0   3.3 99.0 99.00
2024 04 17 22 00 125  7.1  8.8 99.00 99.00 99.00 999 1020.4   6.8 999.0   3.2 99.0 99.00
2024 04 17 22 10 125  6.9  8.5  0.80  9.09  3.63  82 1020.4   6.8 999.0   3.6 99.0 99.00
2024 04 17 22 20 127  7.0  8.2 99.00 99.00 99.00 999 1020.4   6.8 999.0   3.7 99.0 99.00
2024 04 17 22 30 129  6.5  7.9 99.00 99.00 99.00 999 1020.4   6.9 999.0   4.0 99.0 99.00
2024 04 17 22 40 126  6.2  7.5  0.86  3.23  3.59 119 1020.4   7.0 999.0   4.3 99.0 99.00
2024 04 17 22 50 127  5.7  6.9 99.00 99.00 99.00 999 1020.4   7.0 999.0   4.6 99.0 99.00
2024 04 17 23 00 131  6.6  7.9 99.00 99.00 99.00 999 1020.4   7.2 999.0   3.9 99.0 99.00
2024 04 17 23 10 129  6.3  7.7  0.80  3.45  3.58  91 1020.3   7.3 999.0   4.0 99.0 99.00
2024 04 17 23 20 125  6.3  7.5 99.00 99.00 99.00 999 1020.5   7.3 999.0   3.9 99.0 99.00
2024 04 17 23 30 127  6.2  7.7 99.00 99.00 99.00 999 1020.6   7.3 999.0   4.2 99.0 99.00
2024 04 17 23 40 124  6.4  7.8  0.84  3.33  3.46 112 1020.6   7.2 999.0   4.5 99.0 99.00
2024 04 17 23 50 120  6.2  7.5 99.00 99.00 99.00 999 1020.7   6.9 999.0   4.5 99.0 99.00
2024 04 18 00 00 119  6.1  7.7 99.00 99.00 99.00 999 1020.7   6.9 999.0   4.5 99.0 99.00
2024 04 18 00 10 122  6.1  7.3  0.85  3.45  3.58 109 1020.8   7.0 999.0   4.5 99.0 99.00
2024 04 18 00 20 123  5.9  7.0 99.00 99.00 99.00 999 1021.0   7.0 999.0   4.5 99.0 99.00
2024 04 18 00 30 121  5.8  7.0 99.00 99.00 99.00 999 1021.0   7.0 999.0   4.5 99.0 99.00
2024 04 18 00 40 124  5.7  6.8  0.81  3.70  3.57  98 1021.2   7.0 999.0   4.5 99.0 99.00
2024 04 18 00 50 129  5.7  6.9 99.00 99.00 99.00 999 1021.4   7.0 999.0   4.3 99.0 99.00
2024 04 18 01 00 129  5.7  6.9 99.00 99.00 99.00 999 1021.5   7.0 999.0   4.2 99.0 99.00
2024 04 18 01 10 130  5.4  6.6  0.75  3.85  3.55 101 1021.6   7.0 999.0   4.4 99.0 99.00
2024 04 18 01 20 138  5.7  6.9 99.00 99.00 99.00 999 1021.6   7.0 999.0   3.9 99.0 99.00
2024 04 18 01 30 137  5.3  6.7 99.00 99.00 99.00 999 1021.7   7.1 999.0   3.8 99.0 99.00
2024 04 18 01 40 136  5.5  6.4  0.72  3.85  3.49 109 1021.8   7.0 999.0   3.6 99.0 99.00
2024 04 18 01 50 139  4.9  5.9 99.00 99.00 99.00 999 1021.8   7.0 999.0   3.9 99.0 99.00
2024 04 18 02 00 134  5.0  6.0 99.00 99.00 99.00 999 1021.7   6.9 999.0   3.8 99.0 99.00
2024 04 18 02 10 132  5.0  6.0  0.71  3.85  3.62 103 1021.7   7.0 999.0   3.8 99.0 99.00
2024 04 18 02 20 139  5.0  6.1 99.00 99.00 99.00 999 1021.8   7.0 999.0   3.9 99.0 99.00
2024 04 18 02 30 151  5.0  6.1 99.00 99.00 99.00 999 1021.8   7.0 999.0   3.7 99.0 99.00
2024 04 18 02 40 150  4.6  5.4  0.72  3.57  3.71 130 1021.8   7.0 999.0   3.9 99.0 99.00
2024 04 18 02 50 165  4.5  5.3 99.00 99.00 99.00 999 1022.0   7.0 999.0   3.9 99.0 99.00
2024 04 18 03 00 174  4.6  5.6 99.00 99.00 99.00 999 1022.0   7.0 999.0   3.9 99.0 99.00
2024 04 18 03 10 171  4.3  5.3  0.70  9.09  3.75  88 1022.0   7.0 999.0   4.1 99.0 99.00
2024 04 18 03 20 175  4.2  5.0 99.00 99.00 99.00 999 1022.0   7.0 999.0   4.3 99.0 99.00
2024 04 18 03 30 180  4.1  5.0 99.00 99.00 99.00 999 1022.2   7.0 999.0   4.6 99.0 99.00
2024 04 18 03 40 184  4.0  4.7  0.65  7.69  3.60  89 1022.2   7.0 999.0   4.6 99.0 99.00
2024 04 18 03 50 188  3.9  4.9 99.00 99.00 99.00 999 1022.2   7.0 999.0   4.5 99.0 99.00
2024 04 18 04 00 195  4.2  5.3 99.00 99.00 99.00 999 1022.2   7.1 999.0   4.5 99.0 99.00
2024 04 18 04 10 189  3.7  4.4  0.59  8.33  3.66  93 1022.2   7.1 999.0   4.5 99.0 99.00
2024 04 18 04 20 185  3.4  4.4 99.00 99.00 99.00 999 1022.3   7.1 999.0   4.5 99.0 99.00
2024 04 18 04 30 186  3.3  4.0 99.00 99.00 99.00 999 1022.1   7.1 999.0   4.4 99.0 99.00
2024 04 18 04 40 190  3.3  4.0  0.58  9.09  3.76  72 1022.0   7.1 999.0   4.2 99.0 99.00
2024 04 18 04 50 191  2.8  3.4 99.00 99.00 99.00 999 1022.0   7.1 999.0   4.3 99.0 99.00
2024 04 18 05 00 182  2.4  2.9 99.00 99.00 99.00 999 1021.7   7.1 999.0   4.2 99.0 99.00
2024 04 18 05 10 178  2.4  2.8  0.56  8.33  3.89  88 1021.6   7.1 999.0   4.2 99.0 99.00
2024 04 18 05 20 173  2.2  2.5 99.00 99.00 99.00 999 1021.5   7.1 999.0   4.3 99.0 99.00
2024 04 18 05 30 176  1.9  2.3 99.00 99.00 99.00 999 1021.4   7.1 999.0   4.5 99.0 99.00
2024 04 18 05 40 164  1.6  1.9  0.53  9.09  4.10  91 1021.2   7.1 999.0   4.5 99.0 99.00
2024 04 18 05 50 139  1.5  1.9 99.00 99.00 99.00 999 1021.1   7.1 999.0   4.8 99.0 99.00
2024 04 18 06 00 122  1.5  2.0 99.00 99.00 99.00 999 1020.9   7.1 999.0   5.0 99.0 99.00
2024 04 18 06 10 105  1.9  2.3  0.51  7.69  4.13  93 1020.9   7.0 999.0   5.0 99.0 99.00
2024 04 18 06 20  99  2.2  3.0 99.00 99.00 99.00 999 1020.6   7.0 999.0   5.1 99.0 99.00
2024 04 18 06 30  93  2.9  3.7 99.00 99.00 99.00 999 1020.5   7.0 999.0   5.1 99.0 99.00
2024 04 18 06 40  84  3.5  4.0  0.49  8.33  4.44  75 1020.3   7.0 999.0   5.0 99.0 99.00
2024 04 18 06 50  88  3.4  4.0 99.00 99.00 99.00 999 1020.2   7.1 999.0   4.8 99.0 99.00
2024 04 18 07 00  86  3.6  4.1 99.00 99.00 99.00 999 1020.1   7.1 999.0   4.6 99.0 99.00
2024 04 18 07 10  91  3.4  4.3  0.50  9.09  4.40  79 1020.2   7.1 999.0   4.6 99.0 99.00
2024 04 18 07 20  96  3.0  3.6 99.00 99.00 99.00 999 1020.3   7.1 999.0   4.5 99.0 99.00
2024 04 18 07 30  91  3.2  4.0 99.00 99.00 99.00 999 1020.3   7.1 999.0   4.4 99.0 99.00
2024 04 18 07 40 100  3.3  4.0  0.53  9.09  4.60  97 1020.2   7.1 999.0   4.2 99.0 99.00
2024 04 18 07 50  85  3.4  4.3 99.00 99.00 99.00 999 1020.1   7.1 999.0   4.2 99.0 99.00
2024 04 18 08 00  84  3.9  4.7 99.00 99.00 99.00 999 1020.0   7.1 999.0   4.3 99.0 99.00
2024 04 18 08 10  80  4.3  5.5  0.50  8.33  4.67  81 1020.0   7.1 999.0   4.6 99.0 99.00
2024 04 18 08 20  67  4.7  5.6 99.00 99.00 99.00 999 1020.1   7.1 999.0   4.9 99.0 99.00
2024 04 18 08 30  57  5.8  7.2 99.00 99.00 99.00 999 1020.3   7.1 999.0   5.2 99.0 99.00
2024 04 18 08 40  50  6.1  7.4  0.49  7.69  4.44  81 1020.4   7.1 999.0   5.6 99.0 99.00
2024 04 18 08 50  57  6.5  7.9 99.00 99.00 99.00 999 1020.3   7.1 999.0   5.1 99.0 99.00
2024 04 18 09 00  62  6.7  7.9 99.00 99.00 99.00 999 1020.3   7.1 999.0   4.3 99.0 99.00
2024 04 18 09 10  66  7.0  8.4  0.55  8.33  3.64  92 1020.2   7.0 999.0   4.3 99.0 99.00
2024 04 18 09 20  71  7.0  8.1 99.00 99.00 99.00 999 1020.1   7.0 999.0   4.0 99.0 99.00
2024 04 18 09 30  73  6.7  8.0 99.00 99.00 99.00 999 1020.3   6.9 999.0   4.1 99.0 99.00
2024 04 18 09 40  72  6.3  7.7  0.64  7.69  3.37  93 1020.6   6.9 999.0   3.7 99.0 99.00
2024 04 18 09 50  70  6.1  7.2 99.00 99.00 99.00 999 1020.7   7.0 999.0   3.9 99.0 99.00
2024 04 18 10 00  72  5.8  7.2 99.00 99.00 99.00 999 1020.7   6.9 999.0   3.7 99.0 99.00
2024 04 18 10 10  72  6.1  7.1  0.68  2.94  3.20  70 1020.7   6.9 999.0   3.6 99.0 99.00
2024 04 18 10 20  72  6.0  7.4 99.00 99.00 99.00 999 1020.7   6.9 999.0   3.4 99.0 99.00
2024 04 18 10 30  78  6.1  7.6 99.00 99.00 99.00 999 1020.8   6.9 999.0   2.7 99.0 99.00
2024 04 18 10 40  80  6.0  7.7  0.70  2.94  3.22  73 1021.0   6.9 999.0   2.7 99.0 99.00
2024 04 18 10 50  84  5.7  7.0 99.00 99.00 99.00 999 1020.9   6.9 999.0   3.0 99.0 99.00
2024 04 18 11 00  84  5.9  7.3 99.00 99.00 99.00 999 1021.1   6.9 999.0   3.1 99.0 99.00
2024 04 18 11 10  83  6.1  7.2  0.72  3.03  3.33  74 1021.2   6.9 999.0   2.9 99.0 99.00
2024 04 18 11 20  89  5.9  7.4 99.00 99.00 99.00 999 1021.2   6.9 999.0   3.0 99.0 99.00
2024 04 18 11 30  88  5.7  7.2 99.00 99.00 99.00 999 1021.5   6.9 999.0   3.1 99.0 99.00
2024 04 18 11 40  87  5.7  6.9  0.69 11.43  3.45 117 1021.6   6.9 999.0   3.3 99.0 99.00
2024 04 18 11 50  87  5.3  6.3 99.00 99.00 99.00 999 1021.6   6.9 999.0   3.6 99.0 99.00
2024 04 18 12 00  87  5.6  6.6 99.00 99.00 99.00 999 1021.5   6.9 999.0   3.5 99.0 99.00
2024 04 18 12 10  84  5.4  6.7  0.67  2.94  3.31  81 1021.4   6.9 999.0   3.9 99.0 99.00
2024 04 18 12 20  81  5.6  6.6 99.00 99.00 99.00 999 1021.5   6.9 999.0   4.1 99.0 99.00
2024 04 18 12 30  78  5.6  6.8 99.00 99.00 99.00 999 1021.4   6.8 999.0   4.0 99.0 99.00
2024 04 18 12 40  78  5.5  7.1  0.67  2.94  3.31  81 1021.4   6.8 999.0   4.0 99.0 99.00
2024 04 18 12 50  82  5.9  6.9 99.00 99.00 99.00 999 1021.4   6.8 999.0   3.4 99.0 99.00
2024 04 18 13 00  81  5.8  7.4 99.00 99.00 99.00 999 1021.3   6.8 999.0   3.1 99.0 99.00
2024 04 18 13 10  84  5.4  6.6  0.63  3.13  3.21  79 1021.3   6.9 999.0   3.1 99.0 99.00
2024 04 18 13 20  83  5.0  6.0 99.00 99.00 99.00 999 1021.5   6.9 999.0   3.1 99.0 99.00
2024 04 18 13 30  81  4.9  6.1 99.00 99.00 99.00 999 1021.6   6.9 999.0   2.8 99.0 99.00
2024 04 18 13 40  84  5.2  6.2  0.63  3.23  3.41  92 1021.6   7.0 999.0   2.7 99.0 99.00
2024 04 18 13 50  83  5.5  6.8 99.00 99.00 99.00 999 1021.5   7.0 999.0   3.0 99.0 99.00
2024 04 18 14 00  84  5.3  6.4 99.00 99.00 99.00 999 1021.5   7.0 999.0   3.2 99.0 99.00
2024 04 18 14 10  82  4.8  5.9  0.65  3.23  3.48  91 1021.6   6.9 999.0   3.5 99.0 99.00
2024 04 18 14 20  87  4.3  5.3 99.00 99.00 99.00 999 1021.6   6.9 999.0   3.7 99.0 99.00
2024 04 18 14 30  86  4.7  5.6 99.00 99.00 99.00 999 1021.6   6.9 999.0   3.6 99.0 99.00
2024 04 18 14 40  86  5.1  6.2  0.61  3.03  3.32  95 1021.5   6.9 999.0   3.7 99.0 99.00
2024 04 18 14 50  86  5.0  6.1 99.00 99.00 99.00 999 1021.4   6.9 999.0   3.9 99.0 99.00
2024 04 18 15 00  82  4.9  6.0 99.00 99.00 99.00 999 1021.4   6.9 999.0   4.2 99.0 99.00
2024 04 18 15 10  81  5.2  6.2  0.66  3.23  3.58  88 1021.5   6.9 999.0   4.1 99.0 99.00
2024 04 18 15 20  80  5.2  6.2 99.00 99.00 99.00 999 1021.5   6.9 999.0   4.1 99.0 99.00
2024 04 18 15 30  83  5.2  6.1 99.00 99.00 99.00 999 1021.5   6.9 999.0   3.9 99.0 99.00
2024 04 18 15 40  83  4.3  5.3  0.66  3.57  3.49 116 1021.5   6.9 999.0   4.0 99.0 99.00
2024 04 18 15 50  83  4.4  6.0 99.00 99.00 99.00 999 1021.4   6.9 999.0   4.1 99.0 99.00
2024 04 18 16 00  84  4.3  5.4 99.00 99.00 99.00 999 1021.4   6.9 999.0   4.1 99.0 99.00
2024 04 18 16 10  87  4.7  5.5  0.68  3.33  3.54 120 1021.5   7.0 999.0   3.8 99.0 99.00
2024 04 18 16 20  84  3.9  4.8 99.00 99.00 99.00 999 1021.5   7.0 999.0   3.9 99.0 99.00
2024 04 18 16 30  86  4.2  5.3 99.00 99.00 99.00 999 1021.4   7.0 999.0   4.0 99.0 99.00
2024 04 18 16 40  90  4.4  5.5  0.77  3.57  3.61 121 1021.5   7.0 999.0   3.9 99.0 99.00
2024 04 18 16 50  92  4.4  5.3 99.00 99.00 99.00 999 1021.5   7.0 999.0   3.9 99.0 99.00
2024 04 18 17 00  90  4.5  5.4 99.00 99.00 99.00 999 1021.6   7.0 999.0   3.9 99.0 99.00
2024 04 18 17 10  93  4.5  5.5  0.76  4.17  3.79  73 1021.5   7.1 999.0   4.0 99.0 99.00
2024 04 18 17 20  97  4.6  5.4 99.00 99.00 99.00 999 1021.6   7.1 999.0   3.9 99.0 99.00
2024 04 18 17 30  94  4.4  5.5 99.00 99.00 99.00 999 1021.8   7.1 999.0   3.9 99.0 99.00
2024 04 18 17 40  94  3.8  4.9  0.81 11.43  3.86  77 1021.9   7.1 999.0   4.0 99.0 99.00
2024 04 18 17 50  84  3.7  4.6 99.00 99.00 99.00 999 1021.8   7.1 999.0   4.2 99.0 99.00
2024 04 18 18 00  82  3.8  4.7 99.00 99.00 99.00 999 1021.8   7.1 999.0   4.2 99.0 99.00
2024 04 18 18 10  79  3.8  4.8  0.75  4.00  3.74  83 1021.7   7.1 999.0   4.2 99.0 99.00
2024 04 18 18 20  76  4.1  4.9 99.00 99.00 99.00 999 1021.6   7.0 999.0   4.1 99.0 99.00
2024 04 18 18 30  73  3.8  4.6 99.00 99.00 99.00 999 1021.6   7.0 999.0   4.2 99.0 99.00
2024 04 18 18 40  71  3.6  4.6  0.77 11.43  3.93  88 1021.6   7.0 999.0   4.2 99.0 99.00
2024 04 18 18 50  69  3.8  4.5 99.00 99.00 99.00 999 1021.5   7.0 999.0   4.1 99.0 99.00
2024 04 18 19 00  68  3.3  4.1 99.00 99.00 99.00 999 1021.5   7.1 999.0   4.2 99.0 99.00
2024 04 18 19 10  59  3.1  3.9  0.73 11.43  3.79 104 1021.5   7.1 999.0   4.2 99.0 99.00
2024 04 18 19 20  52  3.2  4.1 99.00 99.00 99.00 999 1021.5   7.1 999.0   4.4 99.0 99.00
2024 04 18 19 30  42  3.6  4.8 99.00 99.00 99.00 999 1021.6   7.1 999.0   4.5 99.0 99.00
2024 04 18 19 40  43  4.4  5.1  0.72  4.35  3.88  89 1021.6   7.0 999.0   4.4 99.0 99.00
2024 04 18 19 50  38  4.2  5.0 99.00 99.00 99.00 999 1021.6   7.0 999.0   4.7 99.0 99.00
2024 04 18 20 00  33  4.5  5.3 99.00 99.00 99.00 999 1021.7   7.0 999.0   4.8 99.0 99.00
2024 04 18 20 10  34  4.5  5.3  0.77  4.17  3.94  96 1021.8   6.9 999.0   4.8 99.0 99.00
2024 04 18 20 20  36  4.4  5.3 99.00 99.00 99.00 999 1021.8   6.9 999.0   5.0 99.0 99.00
2024 04 18 20 30  34  4.1  5.0 99.00 99.00 99.00 999 1021.8   6.9 999.0   5.0 99.0 99.00
2024 04 18 20 40  34  4.4  5.4  0.74  4.17  3.85  89 1021.9   6.8 999.0   5.0 99.0 99.00
2024 04 18 20 50  32  4.1  4.8 99.00 99.00 99.00 999 1022.0   6.8 999.0   5.1 99.0 99.00
2024 04 18 21 00  31  3.7  4.4 99.00 99.00 99.00 999 1022.1   6.8 999.0   5.1 99.0 99.00
2024 04 18 21 10  27  3.8  4.5  0.73  4.17  3.90  77 1022.1   6.8 999.0   5.2 99.0 99.00
2024 04 18 21 20  26  4.0  4.7 99.00 99.00 99.00 999 1022.0   6.8 999.0   5.1 99.0 99.00
2024 04 18 21 30  32  4.0  5.3 99.00 99.00 99.00 999 1022.0   6.8 999.0   5.1 99.0 99.00
2024 04 18 21 40  35  4.1  5.0  0.71  4.00  3.91  79 1022.0   6.8 999.0   5.1 99.0 99.00
2024 04 18 21 50  37  4.1  5.2 99.00 99.00 99.00 999 1022.0   6.7 999.0   5.1 99.0 99.00
2024 04 18 22 00  35  4.2  5.2 99.00 99.00 99.00 999 1022.1   6.7 999.0   5.2 99.0 99.00
2024 04 18 22 10  32  4.1  4.9  0.70  4.17  3.90  62 1022.0   6.6 999.0   5.2 99.0 99.00
2024 04 18 22 20  36  4.2  4.9 99.00 99.00 99.00 999 1021.9   6.6 999.0   5.3 99.0 99.00
2024 04 18 22 30  33  4.0  5.0 99.00 99.00 99.00 999 1022.0   6.6 999.0   5.4 99.0 99.00
2024 04 18 22 40  28  3.8  4.7  0.69 10.00  3.80  74 1022.0   6.6 999.0   5.4 99.0 99.00
2024 04 18 22 50  28  3.7  4.2 99.00 99.00 99.00 999 1022.0   6.6 999.0   5.4 99.0 99.00
2024 04 18 23 00  24  3.6  4.4 99.00 99.00 99.00 999 1022.0   6.6 999.0   5.4 99.0 99.00
2024 04 18 23 10  17  3.4  4.3  0.67 10.81  3.79  71 1022.0   6.6 999.0   5.3 99.0 99.00
2024 04 18 23 20  15  3.2  3.8 99.00 99.00 99.00 999 1022.1   6.6 999.0   5.2 99.0 99.00
2024 04 18 23 30   3  3.2  3.9 99.00 99.00 99.00 999 1022.2   6.6 999.0   5.0 99.0 99.00
2024 04 18 23 40  10  3.0  3.8  0.68  4.00  3.84  79 1022.1   6.7 999.0   5.0 99.0 99.00
2024 04 18 23 50   5  3.1  3.7 99.00 99.00 99.00 999 1022.2   6.7 999.0   4.8 99.0 99.00
2024 04 19 00 00 360  3.1  3.7 99.00 99.00 99.00 999 1022.4   6.8 999.0   4.9 99.0 99.00
2024 04 19 00 10   8  3.4  4.0  0.64  4.00  3.88  62 1022.2   6.7 999.0   5.0 99.0 99.00
2024 04 19 00 20  20  3.9  4.6 99.00 99.00 99.00 999 1022.2   6.7 999.0   4.9 99.0 99.00
2024 04 19 00 30  29  4.2  5.1 99.00 99.00 99.00 999 1021.7   6.7 999.0   4.9 99.0 99.00
2024 04 19 00 40  48  4.6  5.5  0.65 12.12  3.99 124 1021.5   6.7 999.0   5.0 99.0 99.00
2024 04 19 00 50  56  4.9  6.0 99.00 99.00 99.00 999 1021.3   6.7 999.0   4.9 99.0 99.00
2024 04 19 01 00  56  5.0  6.2 99.00 99.00 99.00 999 1021.6   6.8 999.0   4.7 99.0 99.00
2024 04 19 01 10  52  5.0  5.9  0.60  4.17  3.88  65 1021.4   6.8 999.0   4.8 99.0 99.00
2024 04 19 01 20  57  4.8  6.0 99.00 99.00 99.00 999 1021.5   6.8 999.0   4.7 99.0 99.00
2024 04 19 01 30  47  3.7  6.0 99.00 99.00 99.00 999 1022.3   6.8 999.0   4.7 99.0 99.00
2024 04 19 01 40  18  2.9  4.0  0.59 11.43  3.86  85 1022.3   6.9 999.0   4.9 99.0 99.00
2024 04 19 01 50  33  3.4  4.3 99.00 99.00 99.00 999 1022.3   6.9 999.0   4.9 99.0 99.00
2024 04 19 02 00  41  3.4  4.1 99.00 99.00 99.00 999 1022.4   6.9 999.0   4.7 99.0 99.00
2024 04 19 02 10  25  2.6  3.2  0.61  4.00  3.81  71 1022.6   7.0 999.0   4.6 99.0 99.00
2024 04 19 02 20   8  2.6  3.2 99.00 99.00 99.00 999 1022.8   7.0 999.0   4.6 99.0 99.00
2024 04 19 02 30  18  3.0  3.7 99.00 99.00 99.00 999 1022.6   7.0 999.0   4.6 99.0 99.00
2024 04 19 02 40  31  3.0  3.8  0.61  4.00  3.82  70 1022.7   7.0 999.0   4.8 99.0 99.00
2024 04 19 02 50  20  2.7  3.2 99.00 99.00 99.00 999 1022.7   7.0 999.0   4.7 99.0 99.00
2024 04 19 03 00  32  2.8  3.3 99.00 99.00 99.00 999 1022.6   7.0 999.0   4.6 99.0 99.00
2024 04 19 03 10  36  3.2  3.8  0.61  4.00  3.88  65 1022.6   7.0 999.0   4.8 99.0 99.00
2024 04 19 03 20  30  3.0  3.5 99.00 99.00 99.00 999 1022.8   6.9 999.0   4.6 99.0 99.00
2024 04 19 03 30  37  2.9  3.5 99.00 99.00 99.00 999 1022.8   7.0 999.0   4.7 99.0 99.00
2024 04 19 03 40  33  3.0  3.5  0.65  4.17  3.95  66 1022.7   6.9 999.0   4.7 99.0 99.00
2024 04 19 03 50  37  3.0  3.7 99.00 99.00 99.00 999 1022.7   6.9 999.0   4.6 99.0 99.00
2024 04 19 04 00  41  3.2  3.7 99.00 99.00 99.00 999 1022.6   6.9 999.0   4.5 99.0 99.00
2024 04 19 04 10  49  3.2  3.9  0.61  4.17  3.98  47 1022.5   6.9 999.0   4.8 99.0 99.00
2024 04 19 04 20  42  3.2  3.8 99.00 99.00 99.00 999 1022.7   6.9 999.0   4.6 99.0 99.00
2024 04 19 04 30  43  3.2  3.8 99.00 99.00 99.00 999 1022.6   6.9 999.0   4.7 99.0 99.00
2024 04 19 04 40  45  3.4  3.9  0.61 11.43  4.11  84 1022.6   6.9 999.0   4.7 99.0 99.00
2024 04 19 04 50  55  3.5  4.3 99.00 99.00 99.00 999 1022.3   6.9 999.0   4.8 99.0 99.00
2024 04 19 05 00  57  3.5  4.3 99.00 99.00 99.00 999 1022.3   6.9 999.0   4.8 99.0 99.00
2024 04 19 05 10  63  3.3  4.2  0.58  3.85  3.83  55 1022.3   6.8 999.0   4.7 99.0 99.00
2024 04 19 05 20  66  3.2  3.8 99.00 99.00 99.00 999 1022.1   6.8 999.0   4.7 99.0 99.00
2024 04 19 05 30  68  2.8  3.4 99.00 99.00 99.00 999 1022.1   6.8 999.0   4.8 99.0 99.00
2024 04 19 05 40  79  2.6  3.3  0.55 11.43  3.95  48 1022.1   6.8 999.0   4.9 99.0 99.00
2024 04 19 05 50  78  2.1  2.8 99.00 99.00 99.00 999 1022.1   6.8 999.0   4.7 99.0 99.00
2024 04 19 06 00  81  1.9  2.4 99.00 99.00 99.00 999 1022.1   6.9 999.0   4.5 99.0 99.00
2024 04 19 06 10  70  1.9  2.3  0.54 11.43  3.94 109 1022.1   6.9 999.0   4.6 99.0 99.00
2024 04 19 06 20  50  2.0  2.4 99.00 99.00 99.00 999 1022.2   6.9 999.0   4.6 99.0 99.00
2024 04 19 06 30  59  2.4  2.9 99.00 99.00 99.00 999 1022.2   6.9 999.0   4.4 99.0 99.00
2024 04 19 06 40  59  2.8  3.3  0.59 10.81  4.07  86 1022.3   6.9 999.0   4.5 99.0 99.00
2024 04 19 06 50  61  3.0  3.7 99.00 99.00 99.00 999 1022.2   6.9 999.0   4.6 99.0 99.00
2024 04 19 07 00  63  3.2  3.9 99.00 99.00 99.00 999 1022.2   6.9 999.0   4.6 99.0 99.00
2024 04 19 07 10  60  3.2  3.8  0.56  4.00  4.12  75 1022.3   6.8 999.0   4.5 99.0 99.00
2024 04 19 07 20  55  2.9  3.5 99.00 99.00 99.00 999 1022.3   6.8 999.0   4.5 99.0 99.00
2024 04 19 07 30  52  2.9  3.4 99.00 99.00 99.00 999 1022.3   6.8 999.0   4.6 99.0 99.00
2024 04 19 07 40  44  3.1  3.7  0.59  3.85  4.21  64 1022.3   6.8 999.0   4.5 99.0 99.00
2024 04 19 07 50  48  2.7  3.3 99.00 99.00 99.00 999 1022.2   6.8 999.0   4.5 99.0 99.00
2024 04 19 08 00  49  2.2  2.8 99.00 99.00 99.00 999 1022.3   6.8 999.0   4.4 99.0 99.00
2024 04 19 08 10  45  2.2  2.6  0.58  4.00  4.14  68 1022.4   6.8 999.0   4.4 99.0 99.00
2024 04 19 08 20  41  2.1  2.5 99.00 99.00 99.00 999 1022.3   6.8 999.0   4.5 99.0 99.00
2024 04 19 08 30  40  2.2  2.7 99.00 99.00 99.00 999 1022.3   6.8 999.0   4.3 99.0 99.00
2024 04 19 08 40  34  2.5  3.0  0.58 11.43  4.17  65 1022.4   6.8 999.0   4.4 99.0 99.00
2024 04 19 08 50  39  2.8  3.4 99.00 99.00 99.00 999 1022.5   6.8 999.0   4.4 99.0 99.00
2024 04 19 09 00  49  2.9  3.5 99.00 99.00 99.00 999 1022.5   6.8 999.0   4.4 99.0 99.00
2024 04 19 09 10  57  2.9  3.5  0.61 11.43  4.33  73 1022.5   6.8 999.0   4.3 99.0 99.00
2024 04 19 09 20  61  2.8  3.5 99.00 99.00 99.00 999 1022.4   6.8 999.0   4.3 99.0 99.00
2024 04 19 09 30  60  2.7  3.0 99.00 99.00 99.00 999 1022.3   6.8 999.0   4.4 99.0 99.00
2024 04 19 09 40  58  2.9  3.3  0.59 10.81  4.27  86 1022.3   6.8 999.0   4.4 99.0 99.00
2024 04 19 09 50  63  3.1  3.8 99.00 99.00 99.00 999 1022.2   6.8 999.0   4.6 99.0 99.00
2024 04 19 10 00  62  3.5  4.4 99.00 99.00 99.00 999 1022.2   6.7 999.0   4.5 99.0 99.00
2024 04 19 10 10  63  3.9  4.7  0.57 11.43  4.39  97 1022.0   6.7 999.0   4.7 99.0 99.00
2024 04 19 10 20  70  3.8  4.5 99.00 99.00 99.00 999 1022.1   6.7 999.0   4.9 99.0 99.00
2024 04 19 10 30  72  3.7  4.6 99.00 99.00 99.00 999 1022.1   6.7 999.0   4.9 99.0 99.00
2024 04 19 10 40  80  3.4  4.1  0.53 11.43  4.17  95 1022.2   6.7 999.0   4.8 99.0 99.00
2024 04 19 10 50  89  3.3  4.0 99.00 99.00 99.00 999 1022.4   6.8 999.0   4.7 99.0 99.00
2024 04 19 11 00  93  3.0  3.6 99.00 99.00 99.00 999 1022.7   6.9 999.0   4.5 99.0 99.00
2024 04 19 11 10  96  2.9  3.5  0.51 10.81  4.12 323 1022.7   7.0 999.0   4.3 99.0 99.00
2024 04 19 11 20 100  2.8  3.4 99.00 99.00 99.00 999 1022.8   7.2 999.0   4.3 99.0 99.00
2024 04 19 11 30  96  2.8  3.6 99.00 99.00 99.00 999 1022.9   7.0 999.0   4.2 99.0 99.00
2024 04 19 11 40 127  1.6  2.4  0.55 10.00  4.20  94 1023.1   6.9 999.0   4.2 99.0 99.00
2024 04 19 11 50 127  1.4  1.8 99.00 99.00 99.00 999 1023.4   6.9 999.0   4.2 99.0 99.00
2024 04 19 12 00 123  1.3  1.8 99.00 99.00 99.00 999 1023.3   6.9 999.0   4.3 99.0 99.00
2024 04 19 12 10 114  1.9  2.3  0.56 10.81  4.24  59 1023.2   6.9 999.0   4.3 99.0 99.00
2024 04 19 12 20 110  1.9  2.3 99.00 99.00 99.00 999 1023.1   6.9 999.0   4.4 99.0 99.00
2024 04 19 12 30 106  2.2  2.8 99.00 99.00 99.00 999 1022.9   6.9 999.0   4.6 99.0 99.00
2024 04 19 12 40  97  2.4  2.9  0.54 10.81  3.93  80 1023.0   6.9 999.0   4.6 99.0 99.00
2024 04 19 12 50  98  2.5  3.0 99.00 99.00 99.00 999 1022.9   6.9 999.0   4.7 99.0 99.00
2024 04 19 13 00  99  2.4  3.0 99.00 99.00 99.00 999 1022.9   6.9 999.0   4.8 99.0 99.00
2024 04 19 13 10 108  2.1  2.7  0.55 11.43  4.25  67 1022.9   6.9 999.0   4.7 99.0 99.00
2024 04 19 13 20 109  2.5  3.0 99.00 99.00 99.00 999 1022.7   7.0 999.0   4.8 99.0 99.00
2024 04 19 13 30 110  2.6  3.1 99.00 99.00 99.00 999 1022.6   6.9 999.0   4.8 99.0 99.00
2024 04 19 13 40 108  2.6  3.3  0.55 10.81  4.32  73 1022.6   7.0 999.0   4.9 99.0 99.00
2024 04 19 13 50 106  3.0  3.5 99.00 99.00 99.00 999 1022.5   6.9 999.0   4.9 99.0 99.00
2024 04 19 14 00 106  3.2  3.7 99.00 99.00 99.00 999 1022.4   7.0 999.0   5.1 99.0 99.00
2024 04 19 14 10  99  3.3  4.1  0.51 11.43  4.17  76 1022.4   7.0 999.0   5.2 99.0 99.00
2024 04 19 14 20  97  3.9  4.8 99.00 99.00 99.00 999 1022.4   7.0 999.0   5.3 99.0 99.00
2024 04 19 14 30 104  4.1  4.8 99.00 99.00 99.00 999 1022.3   7.0 999.0   5.2 99.0 99.00
2024 04 19 14 40 105  3.8  4.6  0.49 10.81  4.35  67 1022.5   7.0 999.0   5.3 99.0 99.00
2024 04 19 14 50 112  4.1  5.0 99.00 99.00 99.00 999 1022.6   7.0 999.0   5.2 99.0 99.00
2024 04 19 15 00 112  4.4  5.3 99.00 99.00 99.00 999 1022.5   7.0 999.0   5.3 99.0 99.00
2024 04 19 15 10 109  4.4  5.1  0.46 11.43  4.26  53 1022.5   7.0 999.0   5.3 99.0 99.00
2024 04 19 15 20 115  4.4  5.1 99.00 99.00 99.00 999 1022.4   7.0 999.0   5.2 99.0 99.00
2024 04 19 15 30 115  4.2  5.0 99.00 99.00 99.00 999 1022.4   7.0 999.0   5.1 99.0 99.00
2024 04 19 15 40 118  4.2  4.9  0.45 10.81  3.85  53 1022.1   7.1 999.0   5.2 99.0 99.00
2024 04 19 15 50 113  4.4  5.4 99.00 99.00 99.00 999 1022.0   7.1 999.0   5.2 99.0 99.00
2024 04 19 16 00 114  4.5  5.3 99.00 99.00 99.00 999 1022.0   7.1 999.0   5.2 99.0 99.00
2024 04 19 16 10 112  4.5  5.4  0.48 10.81  3.79 104 1022.0   7.1 999.0   5.1 99.0 99.00
2024 04 19 16 20 108  4.8  5.8 99.00 99.00 99.00 999 1021.8   7.1 999.0   5.0 99.0 99.00
2024 04 19 16 30 113  4.7  5.7 99.00 99.00 99.00 999 1021.9   7.1 999.0   5.0 99.0 99.00
2024 04 19 16 40 113  4.7  5.5  0.50 10.81  3.56  72 1021.7   7.1 999.0   4.9 99.0 99.00
2024 04 19 16 50 113  4.4  5.3 99.00 99.00 99.00 999 1021.7   7.1 999.0   5.1 99.0 99.00
2024 04 19 17 00 118  4.1  4.9 99.00 99.00 99.00 999 1021.8   7.1 999.0   5.0 99.0 99.00
2024 04 19 17 10 120  4.1  5.0  0.49 10.81  3.71  85 1021.9   7.2 999.0   5.0 99.0 99.00
2024 04 19 17 20 114  4.7  5.9 99.00 99.00 99.00 999 1021.4   7.2 999.0   4.8 99.0 99.00
2024 04 19 17 30 108  5.6  6.5 99.00 99.00 99.00 999 1021.2   7.2 999.0   4.8 99.0 99.00
2024 04 19 17 40 105  6.3  7.5  0.50 10.00  3.82  94 1021.1   7.1 999.0   4.9 99.0 99.00
2024 04 19 17 50 106  6.4  7.6 99.00 99.00 99.00 999 1021.0   7.2 999.0   5.0 99.0 99.00
2024 04 19 18 00 108  7.0  8.5 99.00 99.00 99.00 999 1020.8   7.2 999.0   4.9 99.0 99.00
2024 04 19 18 10 109  7.1  8.7  0.52 10.00  3.49  96 1020.7   7.2 999.0   4.8 99.0 99.00
2024 04 19 18 20 109  7.4  8.9 99.00 99.00 99.00 999 1020.3   7.2 999.0   4.8 99.0 99.00
2024 04 19 18 30 109  7.4  9.1 99.00 99.00 99.00 999 1020.3   7.2 999.0   4.8 99.0 99.00
2024 04 19 18 40 113  7.5  8.7  0.61 10.00  3.18  47 1020.1   7.2 999.0   4.6 99.0 99.00
2024 04 19 18 50 114  7.0  8.9 99.00 99.00 99.00 999 1020.1   7.3 999.0   4.7 99.0 99.00
2024 04 19 19 00 115  6.8  8.1 99.00 99.00 99.00 999 1019.9   7.3 999.0   4.8 99.0 99.00
2024 04 19 19 10 115  6.8  8.3  0.64 10.81  3.29  83 1020.0   7.4 999.0   4.8 99.0 99.00
2024 04 19 19 20 121  6.1  7.6 99.00 99.00 99.00 999 1020.1   7.5 999.0   4.7 99.0 99.00
2024 04 19 19 30 124  6.0  7.2 99.00 99.00 99.00 999 1020.0   7.6 999.0   4.6 99.0 99.00
2024 04 19 19 40 124  6.2  7.4  0.64 10.00  3.29  93 1020.0   7.6 999.0   4.5 99.0 99.00
2024 04 19 19 50 127  6.5  7.9 99.00 99.00 99.00 999 1019.8   7.6 999.0   4.6 99.0 99.00
2024 04 19 20 00 128  6.5  7.9 99.00 99.00 99.00 999 1019.8   7.6 999.0   4.6 99.0 99.00
2024 04 19 20 10 125  6.7  7.9  0.66 10.81  3.32  98 1019.6   7.6 999.0   4.5 99.0 99.00
2024 04 19 20 20 124  7.4  8.8 99.00 99.00 99.00 999 1019.5   7.6 999.0   4.4 99.0 99.00
2024 04 19 20 30 124  7.7  9.5 99.00 99.00 99.00 999 1019.2   7.6 999.0   4.5 99.0 99.00
2024 04 19 20 40 124  7.9  9.1  0.70 10.81  3.27 116 1019.2   7.6 999.0   4.5 99.0 99.00
2024 04 19 20 50 124  8.1  9.6 99.00 99.00 99.00 999 1019.1   7.6 999.0   4.4 99.0 99.00
2024 04 19 21 00 124  7.8  9.1 99.00 99.00 99.00 999 1019.0   7.6 999.0   4.4 99.0 99.00
2024 04 19 21 10 127  7.6  9.2  0.68  3.03  3.30 104 1019.0   7.7 999.0   4.6 99.0 99.00
2024 04 19 21 20 130  7.3  8.8 99.00 99.00 99.00 999 1018.7   7.8 999.0   4.8 99.0 99.00
2024 04 19 21 30 130  7.7  9.2 99.00 99.00 99.00 999 1018.5   7.8 999.0   4.7 99.0 99.00
2024 04 19 21 40 130  7.6  9.1  0.71 10.00  3.31  68 1018.4   7.9 999.0   5.1 99.0 99.00
2024 04 19 21 50 132  7.9  9.3 99.00 99.00 99.00 999 1018.2   8.1 999.0   4.4 99.0 99.00
2024 04 19 22 00 136  8.0  9.7 99.00 99.00 99.00 999 1018.3   8.2 999.0   4.0 99.0 99.00
2024 04 19 22 10 139  7.7  9.4  0.69  3.03  3.20 110 1018.3   8.2 999.0   4.1 99.0 99.00
2024 04 19 22 20 142  7.6  9.2 99.00 99.00 99.00 999 1018.3   8.2 999.0   4.1 99.0 99.00
2024 04 19 22 30 147  7.5  9.6 99.00 99.00 99.00 999 1018.2   8.1 999.0   4.2 99.0 99.00
2024 04 19 22 40 145  7.7  9.6  0.74  3.03  3.20 120 1018.3   8.2 999.0   4.1 99.0 99.00
2024 04 19 22 50 149  7.5  9.0 99.00 99.00 99.00 999 1018.4   8.1 999.0   4.4 99.0 99.00
2024 04 19 23 00 153  7.0  8.7 99.00 99.00 99.00 999 1018.4   8.1 999.0   4.4 99.0 99.00
2024 04 19 23 10 157  6.8  8.2  0.74  3.03  3.20 144 1018.5   8.1 999.0   4.4 99.0 99.00
2024 04 19 23 20 154  7.3  8.9 99.00 99.00 99.00 999 1018.5   8.1 999.0   4.3 99.0 99.00
2024 04 19 23 30 157  7.1  8.6 99.00 99.00 99.00 999 1018.4   8.1 999.0   4.2 99.0 99.00
2024 04 19 23 40 157  7.2  8.7  0.74  3.23  3.29 145 1018.5   8.2 999.0   4.0 99.0 99.00
2024 04 19 23 50 160  6.6  7.9 99.00 99.00 99.00 999 1018.4   8.1 999.0   4.3 99.0 99.00
2024 04 20 00 00 161  6.4  7.7 99.00 99.00 99.00 999 1018.2   8.0 999.0   4.4 99.0 99.00
2024 04 20 00 10 157  6.5  7.5  0.72  3.23  3.29 143 1018.2   8.0 999.0   4.6 99.0 99.00
2024 04 20 00 20 161  6.3  7.5 99.00 99.00 99.00 999 1018.4   7.9 999.0   4.6 99.0 99.00
2024 04 20 00 30 166  5.8  7.1 99.00 99.00 99.00 999 1018.8   7.9 999.0   4.8 99.0 99.00
2024 04 20 00 40 172  5.4  6.5  0.71  3.33  3.31 141 1018.7   7.9 999.0   4.9 99.0 99.00
2024 04 20 00 50 166  5.1  6.1 99.00 99.00 99.00 999 1018.7   7.8 999.0   5.2 99.0 99.00
2024 04 20 01 00 167  4.5  5.5 99.00 99.00 99.00 999 1018.7   7.8 999.0   5.4 99.0 99.00
2024 04 20 01 10 165  4.3  5.0  0.65  3.03  3.33 142 1018.7   7.8 999.0   5.4 99.0 99.00
2024 04 20 01 20 172  3.8  4.4 99.00 99.00 99.00 999 1018.6   7.8 999.0   5.4 99.0 99.00
2024 04 20 01 30 188  4.0  4.7 99.00 99.00 99.00 999 1018.8   7.9 999.0   5.0 99.0 99.00
2024 04 20 01 40 192  4.3  5.4  0.60  3.13  3.42 136 1018.9   8.1 999.0   4.5 99.0 99.00
2024 04 20 01 50 195  4.8  5.9 99.00 99.00 99.00 999 1018.8   8.2 999.0   4.4 99.0 99.00
2024 04 20 02 00 192  4.4  5.4 99.00 99.00 99.00 999 1018.7   8.2 999.0   4.5 99.0 99.00
2024 04 20 02 10 193  4.1  5.0  0.57 10.81  3.36  65 1018.6   8.1 999.0   4.7 99.0 99.00
2024 04 20 02 20 189  4.2  5.0 99.00 99.00 99.00 999 1018.6   8.1 999.0   4.6 99.0 99.00
2024 04 20 02 30 186  4.2  5.1 99.00 99.00 99.00 999 1018.3   8.0 999.0   4.7 99.0 99.00
2024 04 20 02 40 182  4.2  4.8  0.57 10.81  3.40 283 1018.2   8.0 999.0   4.8 99.0 99.00
2024 04 20 02 50 180  4.3  4.8 99.00 99.00 99.00 999 1018.1   7.9 999.0   4.8 99.0 99.00
2024 04 20 03 00 181  4.0  4.5 99.00 99.00 99.00 999 1018.1   7.9 999.0   4.8 99.0 99.00
2024 04 20 03 10 179  4.0  5.0  0.52  3.45  3.48 124 1017.9   7.9 999.0   4.9 99.0 99.00
2024 04 20 03 20 171  4.1  4.8 99.00 99.00 99.00 999 1017.7   7.9 999.0   4.9 99.0 99.00
2024 04 20 03 30 162  3.8  4.9 99.00 99.00 99.00 999 1017.6   7.9 999.0   5.1 99.0 99.00
2024 04 20 03 40 173  3.4  3.8  0.48 11.43  3.53  86 1017.6   7.8 999.0   5.2 99.0 99.00
2024 04 20 03 50 171  3.8  4.4 99.00 99.00 99.00 999 1017.4   7.8 999.0   5.1 99.0 99.00
2024 04 20 04 00 175  4.1  4.8 99.00 99.00 99.00 999 1017.3   7.7 999.0   5.1 99.0 99.00
2024 04 20 04 10 180  4.2  4.7  0.53 10.81  3.83  98 1017.3   7.8 999.0   4.9 99.0 99.00
2024 04 20 04 20 176  3.9  4.5 99.00 99.00 99.00 999 1017.3   7.8 999.0   4.8 99.0 99.00
2024 04 20 04 30 186  4.0  4.6 99.00 99.00 99.00 999 1017.3   7.8 999.0   4.9 99.0 99.00
2024 04 20 04 40 185  4.2  4.9  0.49 10.81  3.57  78 1017.3   7.8 999.0   4.9 99.0 99.00
2024 04 20 04 50 184  4.2  4.9 99.00 99.00 99.00 999 1017.3   7.9 999.0   4.8 99.0 99.00
2024 04 20 05 00 187  4.2  4.9 99.00 99.00 99.00 999 1017.1   7.9 999.0   4.8 99.0 99.00
2024 04 20 05 10 185  4.7  5.9  0.48 10.81  3.63  41 1016.9   7.9 999.0   4.7 99.0 99.00
2024 04 20 05 20 179  4.7  5.7 99.00 99.00 99.00 999 1016.7   7.9 999.0   4.7 99.0 99.00
2024 04 20 05 30 176  4.1  5.8 99.00 99.00 99.00 999 1016.6   7.8 999.0   4.9 99.0 99.00
2024 04 20 05 40 180  3.6  4.6  0.47 10.81  3.66  29 1016.6   7.9 999.0   5.0 99.0 99.00
2024 04 20 05 50 172  3.5  4.4 99.00 99.00 99.00 999 1016.4   7.8 999.0   5.3 99.0 99.00
2024 04 20 06 00 168  3.4  4.3 99.00 99.00 99.00 999 1016.2   7.7 999.0   5.6 99.0 99.00
2024 04 20 06 10 166  3.9  4.8  0.44 10.00  3.71  85 1016.1   7.6 999.0   6.0 99.0 99.00
2024 04 20 06 20 174  4.4  5.3 99.00 99.00 99.00 999 1016.1   7.6 999.0   5.9 99.0 99.00
2024 04 20 06 30 174  4.5  5.4 99.00 99.00 99.00 999 1016.0   7.6 999.0   5.7 99.0 99.00
2024 04 20 06 40 171  4.8  5.7  0.45 10.00  3.76  70 1015.8   7.7 999.0   5.8 99.0 99.00
2024 04 20 06 50 167  4.7  5.3 99.00 99.00 99.00 999 1015.7   7.6 999.0   5.7 99.0 99.00
2024 04 20 07 00 171  4.4  5.2 99.00 99.00 99.00 999 1015.7   7.6 999.0   5.8 99.0 99.00
2024 04 20 07 10 173  4.3  5.3  0.46 10.00  3.58  92 1015.7   7.7 999.0   6.0 99.0 99.00
2024 04 20 07 20 177  4.0  4.8 99.00 99.00 99.00 999 1015.6   7.7 999.0   6.1 99.0 99.00
2024 04 20 07 30 176  3.9  4.5 99.00 99.00 99.00 999 1015.6   7.7 999.0   6.2 99.0 99.00
2024 04 20 07 40 177  3.9  4.6  0.46 10.81  3.52  55 1015.6   7.7 999.0   6.3 99.0 99.00
2024 04 20 07 50 180  3.8  4.4 99.00 99.00 99.00 999 1015.6   7.7 999.0   6.4 99.0 99.00
2024 04 20 08 00 179  3.8  4.5 99.00 99.00 99.00 999 1015.4   7.7 999.0   6.4 99.0 99.00
2024 04 20 08 10 179  3.9  4.5  0.50 10.00  3.66  93 1015.4   7.8 999.0   6.5 99.0 99.00
2024 04 20 08 20 188  3.8  4.4 99.00 99.00 99.00 999 1015.4   7.8 999.0   6.4 99.0 99.00
2024 04 20 08 30 186  4.2  5.2 99.00 99.00 99.00 999 1015.2   7.9 999.0   6.5 99.0 99.00
2024 04 20 08 40 184  4.4  5.1  0.47 10.00  3.60  80 1015.0   7.9 999.0   6.5 99.0 99.00
2024 04 20 08 50 189  4.4  5.3 99.00 99.00 99.00 999 1015.0   7.9 999.0   6.7 99.0 99.00
2024 04 20 09 00 191  4.2  5.3 99.00 99.00 99.00 999 1014.9   7.9 999.0   6.8 99.0 99.00
2024 04 20 09 10 185  4.3  5.4  0.48 10.00  3.60 115 1014.9   7.8 999.0   6.8 99.0 99.00
2024 04 20 09 20 179  4.5  5.3 99.00 99.00 99.00 999 1014.8   7.8 999.0   7.0 99.0 99.00
2024 04 20 09 30 182  4.5  5.3 99.00 99.00 99.00 999 1014.8   7.8 999.0   7.2 99.0 99.00
2024 04 20 09 40 179  4.4  5.5  0.47 10.81  3.51 125 1014.8   7.7 999.0   7.2 99.0 99.00
2024 04 20 09 50 177  4.6  5.8 99.00 99.00 99.00 999 1014.7   7.7 999.0   7.3 99.0 99.00
2024 04 20 10 00 172  4.8  5.6 99.00 99.00 99.00 999 1014.6   7.7 999.0   7.4 99.0 99.00
2024 04 20 10 10 166  4.6  5.4  0.49  9.09  3.51  94 1014.5   7.6 999.0   7.4 99.0 99.00
2024 04 20 10 20 164  4.8  5.8 99.00 99.00 99.00 999 1014.4   7.6 999.0   7.5 99.0 99.00
2024 04 20 10 30 155  4.7  5.6 99.00 99.00 99.00 999 1014.0   7.6 999.0   7.5 99.0 99.00
2024 04 20 10 40 156  5.0  5.9  0.49 10.00  3.60  78 1014.1   7.6 999.0   7.6 99.0 99.00
2024 04 20 10 50 170  4.6  5.6 99.00 99.00 99.00 999 1014.4   7.6 999.0   7.6 99.0 99.00
2024 04 20 11 00 173  4.6  5.4 99.00 99.00 99.00 999 1014.4   7.6 999.0   7.6 99.0 99.00
2024 04 20 11 10 171  4.6  5.4  0.47  9.09  3.42  89 1014.4   7.6 999.0   7.6 99.0 99.00
2024 04 20 11 20 174  4.7  5.4 99.00 99.00 99.00 999 1014.3   7.6 999.0   7.6 99.0 99.00
2024 04 20 11 30 175  4.6  5.6 99.00 99.00 99.00 999 1014.3   7.6 999.0   7.6 99.0 99.00
2024 04 20 11 40 172  5.0  6.0  0.51 10.81  3.36  88 1014.0   7.6 999.0   7.6 99.0 99.00
2024 04 20 11 50 166  4.4  5.1 99.00 99.00 99.00 999 1014.1   7.6 999.0   7.6 99.0 99.00
2024 04 20 12 00 171  4.1  4.9 99.00 99.00 99.00 999 1013.9   7.5 999.0   7.5 99.0 99.00
2024 04 20 12 10 169  4.0  4.9  0.49 11.43  3.35 226 1013.8   7.5 999.0   7.5 99.0 99.00
2024 04 20 12 20 175  3.8  4.6 99.00 99.00 99.00 999 1014.0   7.5 999.0   7.5 99.0 99.00
2024 04 20 12 30 189  3.4  4.0 99.00 99.00 99.00 999 1014.3   7.5 999.0   7.5 99.0 99.00
2024 04 20 12 40 185  3.0  3.6  0.50 10.81  3.58  60 1014.0   7.5 999.0   7.5 99.0 99.00
2024 04 20 12 50 172  3.2  3.9 99.00 99.00 99.00 999 1013.6   7.5 999.0   7.5 99.0 99.00
2024 04 20 13 00 163  3.3  4.2 99.00 99.00 99.00 999 1013.5   7.5 999.0   7.5 99.0 99.00
2024 04 20 13 10 161  3.5  4.6  0.51 10.81  3.43 106 1013.0   7.5 999.0   7.5 99.0 99.00
2024 04 20 13 20 163  3.3  4.3 99.00 99.00 99.00 999 1013.2   7.5 999.0   7.5 99.0 99.00
2024 04 20 13 30 176  3.4  4.3 99.00 99.00 99.00 999 1013.5   7.5 999.0   7.5 99.0 99.00
2024 04 20 13 40 184  3.9  4.9  0.47 10.00  3.54  47 1013.6   7.6 999.0   7.6 99.0 99.00
2024 04 20 13 50 184  4.0  4.8 99.00 99.00 99.00 999 1013.2   7.7 999.0   7.7 99.0 99.00
2024 04 20 14 00 185  2.8  3.6 99.00 99.00 99.00 999 1013.0   7.7 999.0   7.7 99.0 99.00
2024 04 20 14 10 186  2.8  3.7  0.47 10.00  3.75 100 1013.1   7.7 999.0   7.7 99.0 99.00
2024 04 20 14 20 193  3.5  4.0 99.00 99.00 99.00 999 1013.5   7.7 999.0   7.7 99.0 99.00
2024 04 20 14 30 198  3.8  4.5 99.00 99.00 99.00 999 1013.4   7.7 999.0   7.7 99.0 99.00
2024 04 20 14 40 177  3.2  4.0  0.47 10.81  3.48  91 1012.7   7.8 999.0   7.8 99.0 99.00
2024 04 20 14 50 173  2.8  3.4 99.00 99.00 99.00 999 1012.7   7.7 999.0   7.7 99.0 99.00
2024 04 20 15 00 182  2.9  3.6 99.00 99.00 99.00 999 1012.9   7.7 999.0   7.7 99.0 99.00
2024 04 20 15 10 187  3.2  3.7  0.45 10.81  3.71 100 1012.8   7.7 999.0   7.7 99.0 99.00
2024 04 20 15 20 181  2.6  3.1 99.00 99.00 99.00 999 1012.5   7.7 999.0   7.7 99.0 99.00
2024 04 20 15 30 157  3.1  3.6 99.00 99.00 99.00 999 1011.8   7.7 999.0   7.7 99.0 99.00
2024 04 20 15 40 175  3.0  3.8  0.45 10.81  3.83 126 1012.4   7.7 999.0   7.7 99.0 99.00
2024 04 20 15 50 185  2.5  3.0 99.00 99.00 99.00 999 1011.8   7.8 999.0   7.8 99.0 99.00
2024 04 20 16 00 162  2.3  2.8 99.00 99.00 99.00 999 1011.1   7.8 999.0   7.8 99.0 99.00
2024 04 20 16 10 145  3.0  3.5  0.43 10.00  3.91  80 1010.8   7.7 999.0   7.7 99.0 99.00
2024 04 20 16 20 170  2.9  3.4 99.00 99.00 99.00 999 1011.1   7.7 999.0   7.7 99.0 99.00
2024 04 20 16 30 208  2.9  3.5 99.00 99.00 99.00 999 1011.5   7.8 999.0   7.8 99.0 99.00
2024 04 20 16 40 217  2.5  3.2  0.41 10.81  3.93  74 1011.4   7.8 999.0   7.8 99.0 99.00
2024 04 20 16 50 206  2.6  3.0 99.00 99.00 99.00 999 1011.3   8.0 999.0   8.0 99.0 99.00
2024 04 20 17 00 207  2.3  2.7 99.00 99.00 99.00 999 1011.1   8.0 999.0   8.0 99.0 99.00
2024 04 20 17 10 200  2.2  2.5  0.41 10.81  3.97  78 1011.0   8.0 999.0   8.0 99.0 99.00
2024 04 20 17 20 191  2.5  2.9 99.00 99.00 99.00 999 1010.9   7.9 999.0   7.9 99.0 99.00
2024 04 20 17 30 185  2.7  3.2 99.00 99.00 99.00 999 1010.6   8.1 999.0   8.1 99.0 99.00
2024 04 20 17 40 182  2.9  3.4  0.42 10.00  4.01  95 1010.5   8.2 999.0   8.2 99.0 99.00
2024 04 20 17 50 209  1.9  2.3 99.00 99.00 99.00 999 1010.5   8.3 999.0   8.3 99.0 99.00
2024 04 20 18 00 219  1.8  2.1 99.00 99.00 99.00 999 1010.5   8.4 999.0   8.4 99.0 99.00
2024 04 20 18 10 237  1.2  1.7  0.37  9.09  3.88  73 1010.6   8.4 999.0   8.4 99.0 99.00
2024 04 20 18 20 254  1.5  1.8 99.00 99.00 99.00 999 1010.3   8.5 999.0   8.5 99.0 99.00
2024 04 20 18 30 245  1.1  1.4 99.00 99.00 99.00 999 1010.1   8.6 999.0   8.6 99.0 99.00
2024 04 20 18 40 230  1.1  1.5  0.38 10.00  4.08  85 1010.0   8.7 999.0   8.7 99.0 99.00
2024 04 20 18 50 203  1.1  1.4 99.00 99.00 99.00 999 1009.8   8.9 999.0   8.8 99.0 99.00
2024 04 20 19 00 190  1.0  1.3 99.00 99.00 99.00 999 1009.6   9.2 999.0   9.0 99.0 99.00
2024 04 20 19 10 181  1.3  2.4  0.35 10.81  4.23 340 1009.4   9.1 999.0   8.9 99.0 99.00
2024 04 20 19 20 168  2.3  2.8 99.00 99.00 99.00 999 1009.1   9.2 999.0   9.0 99.0 99.00
2024 04 20 19 30 164  2.5  2.9 99.00 99.00 99.00 999 1008.9   9.2 999.0   8.9 99.0 99.00
2024 04 20 19 40 172  2.1  2.4  0.34 11.43  4.26 100 1008.9   9.1 999.0   8.8 99.0 99.00
2024 04 20 19 50 163  2.2  2.5 99.00 99.00 99.00 999 1008.7   9.1 999.0   8.8 99.0 99.00
2024 04 20 20 00 157  1.9  2.4 99.00 99.00 99.00 999 1008.6   9.0 999.0   8.7 99.0 99.00
2024 04 20 20 10 157  2.1  2.5  0.37 10.81  5.06  75 1008.6   9.1 999.0   8.8 99.0 99.00
2024 04 20 20 20 160  2.2  2.6 99.00 99.00 99.00 999 1008.3   9.1 999.0   8.8 99.0 99.00
2024 04 20 20 30 160  2.0  2.4 99.00 99.00 99.00 999 1008.4   9.1 999.0   8.8 99.0 99.00
2024 04 20 20 40 170  1.8  2.3  0.38 10.81  5.08  62 1008.3   9.1 999.0   8.8 99.0 99.00
2024 04 20 20 50 162  1.3  1.6 99.00 99.00 99.00 999 1008.3   9.1 999.0   8.8 99.0 99.00
2024 04 20 21 00 152  0.4  1.2 99.00 99.00 99.00 999 1008.4   9.2 999.0   8.9 99.0 99.00
2024 04 20 21 10 138  0.2  1.1  0.45 10.00  5.39  88 1008.5   9.2 999.0   8.8 99.0 99.00
2024 04 20 21 20 171  1.6  2.4 99.00 99.00 99.00 999 1008.8   9.2 999.0   8.8 99.0 99.00
2024 04 20 21 30 151  1.1  1.7 99.00 99.00 99.00 999 1009.0   9.2 999.0   8.9 99.0 99.00
2024 04 20 21 40 181  2.7  3.7  0.46 10.81  5.55  98 1008.9   9.3 999.0   9.0 99.0 99.00
2024 04 20 21 50 164  3.4  4.3 99.00 99.00 99.00 999 1008.9   9.3 999.0   9.0 99.0 99.00
2024 04 20 22 00 177  4.5  6.5 99.00 99.00 99.00 999 1008.9   9.7 999.0   8.0 99.0 99.00
2024 04 20 22 10 166  5.0  5.8  0.48 10.00  5.53  59 1008.9  10.0 999.0   7.7 99.0 99.00
2024 04 20 22 20 159  4.2  5.0 99.00 99.00 99.00 999 1008.7   9.7 999.0   8.3 99.0 99.00
2024 04 20 22 30 156  4.1  4.9 99.00 99.00 99.00 999 1008.5   9.8 999.0   8.2 99.0 99.00
2024 04 20 22 40 157  4.2  4.8  0.52 10.81  6.04  76 1008.6   9.6 999.0   8.3 99.0 99.00
2024 04 20 22 50 163  3.8  4.6 99.00 99.00 99.00 999 1008.8   9.6 999.0   8.5 99.0 99.00
2024 04 20 23 00 169  3.8  4.8 99.00 99.00 99.00 999 1008.9   9.5 999.0   8.2 99.0 99.00
2024 04 20 23 10 170  3.9  4.5  0.50 10.81  5.72  95 1008.8   9.5 999.0   8.0 99.0 99.00
2024 04 20 23 20 171  4.0  4.6 99.00 99.00 99.00 999 1008.8   9.4 999.0   7.8 99.0 99.00
2024 04 20 23 30 171  4.2  5.3 99.00 99.00 99.00 999 1009.0   9.5 999.0   7.9 99.0 99.00
2024 04 20 23 40 172  3.9  4.7  0.52 10.81  5.63  78 1009.1   9.4 999.0   8.1 99.0 99.00
2024 04 20 23 50 176  3.5  4.0 99.00 99.00 99.00 999 1009.2   9.2 999.0   8.5 99.0 99.00
2024 04 21 00 00 186  3.4  3.9 99.00 99.00 99.00 999 1009.4   9.1 999.0   8.6 99.0 99.00
2024 04 21 00 10 195  3.2  3.6  0.50 10.00  5.47  63 1009.6   9.2 999.0   8.7 99.0 99.00
2024 04 21 00 20 200  2.9  3.3 99.00 99.00 99.00 999 1009.8   9.3 999.0   8.8 99.0 99.00
2024 04 21 00 30 215  3.9  5.0 99.00 99.00 99.00 999 1009.9   9.5 999.0   9.2 99.0 99.00
2024 04 21 00 40 233  4.1  5.3  0.49 10.81  5.51  62 1010.1  10.4 999.0   9.8 99.0 99.00
2024 04 21 00 50 249  3.7  5.5 99.00 99.00 99.00 999 1010.3  10.5 999.0   9.4 99.0 99.00
2024 04 21 01 00 281  5.4  7.6 99.00 99.00 99.00 999 1010.5  10.7 999.0   6.7 99.0 99.00
2024 04 21 01 10 294  6.8  8.0  0.52 10.81  5.81  86 1010.7  11.3 999.0   4.5 99.0 99.00
2024 04 21 01 20 294  7.0  9.6 99.00 99.00 99.00 999 1011.0  11.0 999.0   4.4 99.0 99.00
2024 04 21 01 30 304  9.6 12.2 99.00 99.00 99.00 999 1011.2  11.0 999.0   4.0 99.0 99.00
2024 04 21 01 40 310 10.5 13.8  0.62 10.81  3.50 106 1011.5  10.5 999.0   4.1 99.0 99.00
2024 04 21 01 50 310 11.2 14.2 99.00 99.00 99.00 999 1011.6  10.1 999.0   3.8 99.0 99.00
2024 04 21 02 00 308  8.5 11.1 99.00 99.00 99.00 999 1011.6   9.8 999.0   4.0 99.0 99.00
2024 04 21 02 10 303  6.9  8.9  0.81  3.13  3.32 301 1011.9   9.5 999.0   4.3 99.0 99.00
2024 04 21 02 20 298  7.6  9.0 99.00 99.00 99.00 999 1012.1   9.5 999.0   4.1 99.0 99.00
2024 04 21 02 30 300  7.7  9.3 99.00 99.00 99.00 999 1012.2   9.4 999.0   4.0 99.0 99.00
2024 04 21 02 40 300  8.0 10.7  0.91  3.85  3.51 306 1012.3   9.4 999.0   3.4 99.0 99.00
2024 04 21 02 50 297  6.6  8.6 99.00 99.00 99.00 999 1012.4   9.2 999.0   3.8 99.0 99.00
2024 04 21 03 00 290  6.3  7.5 99.00 99.00 99.00 999 1012.4   9.0 999.0   3.9 99.0 99.00
2024 04 21 03 10 286  7.1  9.6  0.92  3.85  3.50 295 1012.5   9.1 999.0   3.3 99.0 99.00
2024 04 21 03 20 291  7.9 10.5 99.00 99.00 99.00 999 1012.7   9.2 999.0   2.3 99.0 99.00
2024 04 21 03 30 287  7.0  9.1 99.00 99.00 99.00 999 1012.8   9.0 999.0   2.6 99.0 99.00
2024 04 21 03 40 281  6.7  9.7  0.82  3.70  3.53 302 1012.9   8.7 999.0   3.4 99.0 99.00
2024 04 21 03 50 286  8.0 10.2 99.00 99.00 99.00 999 1013.1   8.7 999.0   2.9 99.0 99.00
2024 04 21 04 00 288  8.8 11.1 99.00 99.00 99.00 999 1013.1   8.6 999.0   2.4 99.0 99.00
2024 04 21 04 10 288  8.1  9.8  0.88  3.33  3.40 292 1013.2   8.6 999.0   2.2 99.0 99.00
2024 04 21 04 20 291  8.2 10.1 99.00 99.00 99.00 999 1013.2   8.5 999.0   1.8 99.0 99.00
2024 04 21 04 30 293  8.7 10.7 99.00 99.00 99.00 999 1013.2   8.5 999.0   1.3 99.0 99.00
2024 04 21 04 40 295  8.1 10.2  0.87  3.23  3.27 293 1013.1   8.4 999.0   1.6 99.0 99.00
2024 04 21 04 50 296  8.1 10.4 99.00 99.00 99.00 999 1013.2   8.3 999.0   1.3 99.0 99.00
2024 04 21 05 00 297  7.7  9.7 99.00 99.00 99.00 999 1013.1   8.2 999.0   1.4 99.0 99.00
2024 04 21 05 10 296  7.9 10.1  0.84  3.45  3.26 280 1013.2   8.1 999.0   1.0 99.0 99.00
2024 04 21 05 20 297  7.4  9.1 99.00 99.00 99.00 999 1013.3   8.0 999.0   1.0 99.0 99.00
2024 04 21 05 30 296  7.2  8.5 99.00 99.00 99.00 999 1013.4   8.0 999.0   1.1 99.0 99.00
2024 04 21 05 40 292  7.4  9.6  0.80  3.45  3.26 284 1013.5   7.9 999.0   1.0 99.0 99.00
2024 04 21 05 50 295  7.4  9.1 99.00 99.00 99.00 999 1013.5   7.8 999.0   0.7 99.0 99.00
2024 04 21 06 00 295  6.6  8.7 99.00 99.00 99.00 999 1013.6   7.7 999.0   0.9 99.0 99.00
2024 04 21 06 10 296  6.6  8.1  0.76  3.23  3.32 282 1013.6   7.7 999.0   0.8 99.0 99.00
2024 04 21 06 20 292  6.8  8.7 99.00 99.00 99.00 999 1013.5   7.6 999.0   1.0 99.0 99.00
2024 04 21 06 30 293  6.3  7.7 99.00 99.00 99.00 999 1013.5   7.4 999.0   1.0 99.0 99.00
2024 04 21 06 40 294  6.6  8.1  0.74 10.00  3.26 102 1013.5   7.4 999.0   0.7 99.0 99.00
2024 04 21 06 50 294  6.3  7.7 99.00 99.00 99.00 999 1013.7   7.3 999.0   0.6 99.0 99.00
2024 04 21 07 00 294  6.4  7.9 99.00 99.00 99.00 999 1013.6   7.2 999.0   0.5 99.0 99.00
2024 04 21 07 10 291  7.0  8.4  0.73  3.45  3.29 286 1013.5   7.2 999.0   0.4 99.0 99.00
2024 04 21 07 20 295  6.9  8.2 99.00 99.00 99.00 999 1013.6   7.1 999.0   0.5 99.0 99.00
2024 04 21 07 30 302  7.4  9.5 99.00 99.00 99.00 999 1013.3   7.1 999.0   0.5 99.0 99.00
2024 04 21 07 40 295  7.4  9.8  0.72  3.33  3.35 284 1013.5   7.0 999.0   0.6 99.0 99.00
2024 04 21 07 50 292  6.8  8.4 99.00 99.00 99.00 999 1013.6   6.9 999.0   0.4 99.0 99.00
2024 04 21 08 00 296  6.9  8.7 99.00 99.00 99.00 999 1013.3   6.9 999.0   0.4 99.0 99.00
2024 04 21 08 10 301  7.9  9.5  0.73  3.33  3.29 278 1013.4   6.8 999.0   0.0 99.0 99.00
2024 04 21 08 20 299  7.4  9.3 99.00 99.00 99.00 999 1013.4   6.7 999.0   0.1 99.0 99.00
2024 04 21 08 30 300  7.5  8.9 99.00 99.00 99.00 999 1013.6   6.6 999.0   0.0 99.0 99.00
2024 04 21 08 40 299  7.3  8.9  0.73  3.13  3.46 289 1013.8   6.6 999.0  -0.3 99.0 99.00
2024 04 21 08 50 295  6.5  8.0 99.00 99.00 99.00 999 1013.6   6.5 999.0   0.0 99.0 99.00
2024 04 21 09 00 298  6.4  8.2 99.00 99.00 99.00 999 1013.6   6.5 999.0   0.2 99.0 99.00
2024 04 21 09 10 300  6.4  8.0  0.71  3.45  3.60 283 1013.5   6.4 999.0  -0.2 99.0 99.00
2024 04 21 09 20 299  6.7  8.0 99.00 99.00 99.00 999 1013.5   6.4 999.0  -0.5 99.0 99.00
2024 04 21 09 30 301  6.0  7.1 99.00 99.00 99.00 999 1013.5   6.3 999.0  -0.3 99.0 99.00
2024 04 21 09 40 296  6.3  7.7  0.69  3.45  3.59 289 1013.6   6.3 999.0  -0.4 99.0 99.00
2024 04 21 09 50 299  6.3  8.1 99.00 99.00 99.00 999 1013.7   6.3 999.0  -0.4 99.0 99.00
2024 04 21 10 00 298  6.6  8.3 99.00 99.00 99.00 999 1013.6   6.2 999.0  -0.2 99.0 99.00
2024 04 21 10 10 298  6.3  8.4  0.74  3.33  3.58 292 1013.8   6.2 999.0  -0.5 99.0 99.00
2024 04 21 10 20 292  6.0  7.6 99.00 99.00 99.00 999 1014.2   6.1 999.0  -0.5 99.0 99.00
2024 04 21 10 30 285  5.7  7.1 99.00 99.00 99.00 999 1014.4   6.1 999.0  -0.5 99.0 99.00
2024 04 21 10 40 278  5.5  6.8  0.69  8.33  3.67  99 1014.6   6.0 999.0  -0.4 99.0 99.00
2024 04 21 10 50 276  6.0  7.2 99.00 99.00 99.00 999 1014.8   6.1 999.0  -0.5 99.0 99.00
2024 04 21 11 00 277  5.2  6.6 99.00 99.00 99.00 999 1014.9   6.1 999.0   0.1 99.0 99.00
2024 04 21 11 10 280  5.6  6.9  0.68  8.33  3.79  92 1014.9   6.0 999.0  -0.1 99.0 99.00
2024 04 21 11 20 283  5.5  7.2 99.00 99.00 99.00 999 1014.9   6.0 999.0  -0.1 99.0 99.00
2024 04 21 11 30 281  5.5  7.3 99.00 99.00 99.00 999 1015.0   5.9 999.0  -0.2 99.0 99.00
2024 04 21 11 40 281  5.2  6.3  0.70  8.33  3.84  83 1014.9   5.9 999.0   0.0 99.0 99.00
2024 04 21 11 50 278  5.5  6.9 99.00 99.00 99.00 999 1014.8   5.9 999.0  -0.1 99.0 99.00
2024 04 21 12 00 279  5.4  6.8 99.00 99.00 99.00 999 1014.9   5.9 999.0  -0.2 99.0 99.00
2024 04 21 12 10 275  5.4  6.6  0.69  8.33  3.96  84 1014.9   5.9 999.0  -0.3 99.0 99.00
2024 04 21 12 20 275  5.5  6.6 99.00 99.00 99.00 999 1014.9   5.9 999.0  -0.3 99.0 99.00
2024 04 21 12 30 277  5.6  6.6 99.00 99.00 99.00 999 1014.9   5.9 999.0  -0.2 99.0 99.00
2024 04 21 12 40 276  5.5  6.6  0.64  8.33  3.62  83 1014.8   5.9 999.0  -0.3 99.0 99.00
2024 04 21 12 50 275  5.1  6.2 99.00 99.00 99.00 999 1014.7   6.0 999.0   0.0 99.0 99.00
2024 04 21 13 00 271  5.2  6.1 99.00 99.00 99.00 999 1014.6   6.1 999.0  -0.1 99.0 99.00
2024 04 21 13 10 275  4.9  6.1  0.58  8.33  3.85  67 1014.5   6.2 999.0  -0.1 99.0 99.00
2024 04 21 13 20 282  4.9  5.8 99.00 99.00 99.00 999 1014.4   6.3 999.0  -0.4 99.0 99.00
2024 04 21 13 30 273  4.7  5.7 99.00 99.00 99.00 999 1014.4   6.4 999.0   0.0 99.0 99.00
2024 04 21 13 40 272  4.3  5.4  0.57  8.33  3.52  80 1014.4   6.4 999.0   0.0 99.0 99.00
2024 04 21 13 50 278  4.8  5.8 99.00 99.00 99.00 999 1014.1   6.5 999.0   0.0 99.0 99.00
2024 04 21 14 00 279  4.8  5.9 99.00 99.00 99.00 999 1014.1   6.5 999.0   0.1 99.0 99.00
2024 04 21 14 10 279  4.1  5.3  0.53  8.33  3.67  92 1014.1   6.7 999.0   0.2 99.0 99.00
2024 04 21 14 20 285  4.1  4.9 99.00 99.00 99.00 999 1013.9   6.7 999.0   0.1 99.0 99.00
2024 04 21 14 30 285  3.8  4.6 99.00 99.00 99.00 999 1013.9   6.8 999.0   0.8 99.0 99.00
2024 04 21 14 40 283  3.4  4.2  0.52  7.69  3.84 101 1013.9   6.9 999.0   0.7 99.0 99.00
2024 04 21 14 50 276  3.3  4.5 99.00 99.00 99.00 999 1013.6   7.0 999.0   0.4 99.0 99.00
2024 04 21 15 00 271  2.9  3.9 99.00 99.00 99.00 999 1013.5   7.1 999.0   0.5 99.0 99.00
2024 04 21 15 10 251  2.6  3.4  0.46  9.09  3.69  88 1013.5   7.1 999.0   1.2 99.0 99.00
2024 04 21 15 20 245  3.2  3.8 99.00 99.00 99.00 999 1013.7   7.1 999.0   1.1 99.0 99.00
2024 04 21 15 30 237  3.3  4.2 99.00 99.00 99.00 999 1013.6   7.2 999.0   1.1 99.0 99.00
2024 04 21 15 40 235  2.5  3.3  0.42  8.33  3.68 116 1013.5   7.2 999.0   1.3 99.0 99.00
2024 04 21 15 50 253  1.9  2.7 99.00 99.00 99.00 999 1013.2   7.3 999.0   0.8 99.0 99.00
2024 04 21 16 00 263  1.5  2.1 99.00 99.00 99.00 999 1013.2   7.3 999.0   1.0 99.0 99.00
2024 04 21 16 10 238  1.1  1.5  0.38  8.33  4.30  95 1013.2   7.3 999.0   0.8 99.0 99.00
2024 04 21 16 20 215  0.3  0.9 99.00 99.00 99.00 999 1013.2   7.4 999.0   1.3 99.0 99.00
2024 04 21 16 30 156  1.2  2.9 99.00 99.00 99.00 999 1013.0   7.5 999.0   1.7 99.0 99.00
2024 04 21 16 40 148  2.6  3.7  0.39  7.69  5.44  96 1012.9   7.4 999.0   1.0 99.0 99.00
2024 04 21 16 50 146  4.1  5.4 99.00 99.00 99.00 999 1012.7   7.4 999.0   1.3 99.0 99.00
2024 04 21 17 00 148  3.6  4.8 99.00 99.00 99.00 999 1012.6   7.4 999.0   1.7 99.0 99.00
2024 04 21 17 10 149  3.7  4.8  0.33  7.69  5.61  79 1012.4   7.4 999.0   1.7 99.0 99.00
2024 04 21 17 20 150  4.1  4.7 99.00 99.00 99.00 999 1012.3   7.4 999.0   1.4 99.0 99.00
2024 04 21 17 30 148  4.2  5.0 99.00 99.00 99.00 999 1012.2   7.4 999.0   1.1 99.0 99.00
2024 04 21 17 40 151  4.7  5.4  0.36 10.00  6.32  74 1012.2   7.5 999.0   1.0 99.0 99.00
2024 04 21 17 50 153  4.3  5.3 99.00 99.00 99.00 999 1012.1   7.5 999.0   1.2 99.0 99.00
2024 04 21 18 00 146  4.6  5.3 99.00 99.00 99.00 999 1012.0   7.4 999.0   1.7 99.0 99.00
2024 04 21 18 10 142  4.4  5.3  0.32  9.09  6.18 117 1011.9   7.2 999.0   1.9 99.0 99.00
2024 04 21 18 20 138  4.6  5.8 99.00 99.00 99.00 999 1011.8   7.1 999.0   1.7 99.0 99.00
2024 04 21 18 30 141  3.7  4.6 99.00 99.00 99.00 999 1011.9   7.1 999.0   1.8 99.0 99.00
2024 04 21 18 40 135  4.2  5.1  0.34 10.81  6.39  79 1011.7   7.1 999.0   1.6 99.0 99.00
2024 04 21 18 50 135  3.4  4.7 99.00 99.00 99.00 999 1011.6   7.1 999.0   1.8 99.0 99.00
2024 04 21 19 00 137  2.8  4.0 99.00 99.00 99.00 999 1011.5   7.2 999.0   2.1 99.0 99.00
2024 04 21 19 10 134  2.1  3.2  0.35 10.00  5.50  48 1011.3   7.2 999.0   2.3 99.0 99.00
2024 04 21 19 20 132  2.4  4.6 99.00 99.00 99.00 999 1011.2   7.3 999.0   2.1 99.0 99.00
2024 04 21 19 30 140  1.7  4.1 99.00 99.00 99.00 999 1011.0   7.7 999.0   1.8 99.0 99.00
2024 04 21 19 40 255  2.2  5.2  0.37 10.00  4.82  66 1010.9   8.2 999.0   1.3 99.0 99.00
2024 04 21 19 50 269  5.8  7.1 99.00 99.00 99.00 999 1010.8   8.7 999.0   1.2 99.0 99.00
2024 04 21 20 00 276  5.1  6.0 99.00 99.00 99.00 999 1010.6   8.9 999.0   1.9 99.0 99.00
2024 04 21 20 10 274  6.1  7.1  0.55 10.81  3.22  64 1010.5   8.9 999.0   1.4 99.0 99.00
2024 04 21 20 20 271  5.6  6.7 99.00 99.00 99.00 999 1010.5   8.9 999.0   1.7 99.0 99.00
2024 04 21 20 30 265  5.4  6.5 99.00 99.00 99.00 999 1010.6   8.9 999.0   1.9 99.0 99.00
2024 04 21 20 40 258  5.5  7.0  0.59  2.86  3.22 272 1010.5   9.0 999.0   1.4 99.0 99.00
2024 04 21 20 50 261  5.5  6.6 99.00 99.00 99.00 999 1010.6   9.0 999.0   1.9 99.0 99.00
2024 04 21 21 00 259  5.9  7.4 99.00 99.00 99.00 999 1010.5   9.0 999.0   1.8 99.0 99.00
2024 04 21 21 10 264  6.1  7.2  0.60  2.94  3.31 274 1010.5   8.9 999.0   2.0 99.0 99.00
2024 04 21 21 20 270  5.9  7.5 99.00 99.00 99.00 999 1010.6   8.8 999.0   2.4 99.0 99.00
2024 04 21 21 30 268  6.0  8.4 99.00 99.00 99.00 999 1010.5   8.7 999.0   2.2 99.0 99.00
2024 04 21 21 40 272  6.3  8.4  0.62  2.86  3.32 275 1010.5   8.7 999.0   2.2 99.0 99.00
2024 04 21 21 50 284  7.2  9.0 99.00 99.00 99.00 999 1010.4   8.7 999.0   1.6 99.0 99.00
2024 04 21 22 00 280  7.1  9.4 99.00 99.00 99.00 999 1010.4   8.6 999.0   1.5 99.0 99.00
2024 04 21 22 10 274  7.4  9.4  0.75  3.23  3.26 278 1010.5   8.6 999.0   1.4 99.0 99.00
2024 04 21 22 20 274  6.7  8.2 99.00 99.00 99.00 999 1010.5   8.6 999.0   1.2 99.0 99.00
2024 04 21 22 30 277  7.2  8.9 99.00 99.00 99.00 999 1010.5   8.6 999.0   0.7 99.0 99.00
2024 04 21 22 40 279  7.3  9.0  0.76  3.13  3.35 279 1010.6   8.6 999.0   1.0 99.0 99.00
2024 04 21 22 50 281  7.3  9.0 99.00 99.00 99.00 999 1010.6   8.5 999.0   0.7 99.0 99.00
2024 04 21 23 00 279  7.0  8.8 99.00 99.00 99.00 999 1010.7   8.5 999.0   0.6 99.0 99.00
2024 04 21 23 10 280  6.2  7.6  0.80  3.45  3.44 279 1010.8   8.4 999.0   1.0 99.0 99.00
2024 04 21 23 20 281  5.8  7.7 99.00 99.00 99.00 999 1010.9   8.4 999.0   1.2 99.0 99.00
2024 04 21 23 30 282  6.3  8.4 99.00 99.00 99.00 999 1011.0   8.4 999.0   1.0 99.0 99.00
2024 04 21 23 40 280  6.6  7.9  0.72  3.45  3.44 293 1011.2   8.5 999.0   0.8 99.0 99.00
2024 04 21 23 50 279  6.6  8.0 99.00 99.00 99.00 999 1011.2   8.4 999.0   1.1 99.0 99.00
2024 04 22 00 00 279  6.4  8.0 99.00 99.00 99.00 999 1011.3   8.4 999.0   1.3 99.0 99.00
2024 04 22 00 10 277  6.4  7.8  0.71  3.23  3.32 283 1011.5   8.4 999.0   1.2 99.0 99.00
2024 04 22 00 20 277  6.4  7.8 99.00 99.00 99.00 999 1011.4   8.4 999.0   1.1 99.0 99.00
2024 04 22 00 30 280  6.2  7.4 99.00 99.00 99.00 999 1011.5   8.3 999.0   1.2 99.0 99.00
2024 04 22 00 40 280  6.0  7.6  0.68  3.45  3.46 288 1011.6   8.3 999.0   1.1 99.0 99.00
2024 04 22 00 50 283  5.9  7.4 99.00 99.00 99.00 999 1011.6   8.3 999.0   1.2 99.0 99.00
2024 04 22 01 00 281  6.1  8.4 99.00 99.00 99.00 999 1011.7   8.2 999.0   1.2 99.0 99.00
2024 04 22 01 10 281  6.2  7.5  0.65  3.23  3.33 293 1011.6   8.2 999.0   0.9 99.0 99.00
2024 04 22 01 20 281  6.2  7.8 99.00 99.00 99.00 999 1011.7   8.2 999.0   1.2 99.0 99.00
2024 04 22 01 30 282  5.9  7.2 99.00 99.00 99.00 999 1011.6   8.1 999.0   1.3 99.0 99.00
2024 04 22 01 40 284  5.7  6.8  0.65  3.23  3.29 285 1011.6   8.1 999.0   1.4 99.0 99.00
2024 04 22 01 50 286  6.1  7.6 99.00 99.00 99.00 999 1011.6   8.1 999.0   0.9 99.0 99.00
2024 04 22 02 00 284  6.1  7.6 99.00 99.00 99.00 999 1011.6   8.0 999.0   1.0 99.0 99.00
2024 04 22 02 10 284  6.5  7.9  0.63  3.23  3.30 285 1011.6   8.0 999.0   0.9 99.0 99.00
2024 04 22 02 20 281  6.2  7.9 99.00 99.00 99.00 999 1011.6   8.0 999.0   0.7 99.0 99.00
2024 04 22 02 30 278  5.7  7.1 99.00 99.00 99.00 999 1011.6   7.9 999.0   1.1 99.0 99.00
2024 04 22 02 40 277  5.1  6.0  0.61  3.13  3.39 282 1011.7   7.8 999.0   1.5 99.0 99.00
2024 04 22 02 50 277  5.1  6.1 99.00 99.00 99.00 999 1011.7   7.8 999.0   1.3 99.0 99.00
2024 04 22 03 00 275  5.2  6.4 99.00 99.00 99.00 999 1011.6   7.8 999.0   1.3 99.0 99.00
2024 04 22 03 10 273  5.3  6.4  0.55  2.94  3.38 285 1011.6   7.7 999.0   1.2 99.0 99.00
2024 04 22 03 20 276  5.3  6.5 99.00 99.00 99.00 999 1011.6   7.7 999.0   1.2 99.0 99.00
2024 04 22 03 30 274  5.5  6.9 99.00 99.00 99.00 999 1011.7   7.7 999.0   1.3 99.0 99.00
2024 04 22 03 40 269  5.7  7.2  0.55  2.94  3.23 282 1011.8   7.7 999.0   1.1 99.0 99.00
2024 04 22 03 50 274  6.8  8.4 99.00 99.00 99.00 999 1011.7   7.7 999.0   0.7 99.0 99.00
2024 04 22 04 00 276  7.1  8.5 99.00 99.00 99.00 999 1011.8   7.7 999.0   0.9 99.0 99.00
2024 04 22 04 10 276  7.4  9.4  0.58  2.86  3.22 273 1011.9   7.6 999.0   0.7 99.0 99.00
2024 04 22 04 20 278  7.4  9.2 99.00 99.00 99.00 999 1012.0   7.6 999.0   0.7 99.0 99.00
2024 04 22 04 30 275  7.6  9.4 99.00 99.00 99.00 999 1012.0   7.6 999.0   0.5 99.0 99.00
2024 04 22 04 40 277  8.0  9.8  0.63  2.86  3.13 277 1011.9   7.6 999.0   0.3 99.0 99.00
2024 04 22 04 50 278  7.7  9.6 99.00 99.00 99.00 999 1011.8   7.5 999.0   0.4 99.0 99.00
2024 04 22 05 00 275  7.9  9.9 99.00 99.00 99.00 999 1012.0   7.4 999.0   0.4 99.0 99.00
2024 04 22 05 10 275  8.6 10.5  0.68  3.23  3.21 273 1012.1   7.4 999.0   0.2 99.0 99.00
2024 04 22 05 20 278  7.8 10.5 99.00 99.00 99.00 999 1012.0   7.3 999.0   0.1 99.0 99.00
2024 04 22 05 30 279  7.5  8.9 99.00 99.00 99.00 999 1012.1   7.2 999.0   0.0 99.0 99.00
2024 04 22 05 40 278  7.7  9.6  0.77  3.45  3.26 274 1011.9   7.1 999.0   0.4 99.0 99.00
2024 04 22 05 50 278  7.4  9.1 99.00 99.00 99.00 999 1011.9   7.0 999.0   0.3 99.0 99.00
2024 04 22 06 00 278  7.1  8.6 99.00 99.00 99.00 999 1011.8   7.0 999.0   0.4 99.0 99.00
2024 04 22 06 10 274  6.9  8.5  0.75  3.45  3.22 276 1011.9   7.0 999.0   0.4 99.0 99.00
2024 04 22 06 20 273  6.8  8.2 99.00 99.00 99.00 999 1011.8   7.0 999.0   0.2 99.0 99.00
2024 04 22 06 30 273  7.0  8.5 99.00 99.00 99.00 999 1011.8   7.0 999.0   0.2 99.0 99.00
2024 04 22 06 40 274  6.8  8.4  0.67  3.23  3.23 280 1011.8   7.0 999.0   0.0 99.0 99.00
2024 04 22 06 50 274  7.1  9.0 99.00 99.00 99.00 999 1011.8   7.0 999.0  -0.1 99.0 99.00
2024 04 22 07 00 273  7.0  8.9 99.00 99.00 99.00 999 1012.0   6.9 999.0   0.0 99.0 99.00
2024 04 22 07 10 273  7.6  9.3  0.66  3.33  3.25 272 1012.1   6.9 999.0  -0.4 99.0 99.00
2024 04 22 07 20 273  7.3  9.1 99.00 99.00 99.00 999 1012.2   6.8 999.0  -0.3 99.0 99.00
2024 04 22 07 30 272  7.4  8.9 99.00 99.00 99.00 999 1012.1   6.8 999.0  -0.3 99.0 99.00
2024 04 22 07 40 274  7.4  9.2  0.68  3.33  3.20 281 1012.3   6.8 999.0  -0.1 99.0 99.00
2024 04 22 07 50 276  7.4  9.3 99.00 99.00 99.00 999 1012.4   6.8 999.0  -0.1 99.0 99.00
2024 04 22 08 00 274  7.6  9.0 99.00 99.00 99.00 999 1012.5   6.7 999.0  -0.1 99.0 99.00
2024 04 22 08 10 276  7.3  9.0  0.65  3.23  3.14 282 1012.5   6.7 999.0   0.2 99.0 99.00
2024 04 22 08 20 276  7.2  8.9 99.00 99.00 99.00 999 1012.6   6.6 999.0  -0.1 99.0 99.00
2024 04 22 08 30 278  7.2  8.6 99.00 99.00 99.00 999 1012.6   6.6 999.0  -0.4 99.0 99.00
2024 04 22 08 40 280  7.1  8.6  0.66  3.33  3.17 279 1012.7   6.6 999.0  -0.3 99.0 99.00
2024 04 22 08 50 276  7.2  9.1 99.00 99.00 99.00 999 1012.7   6.6 999.0  -0.2 99.0 99.00
2024 04 22 09 00 276  7.0  8.5 99.00 99.00 99.00 999 1012.7   6.6 999.0   0.0 99.0 99.00
2024 04 22 09 10 274  7.2  8.7  0.69  3.23  3.23 283 1012.9   6.6 999.0  -0.3 99.0 99.00
2024 04 22 09 20 274  6.8  8.6 99.00 99.00 99.00 999 1013.0   6.6 999.0   0.0 99.0 99.00
2024 04 22 09 30 276  7.0  8.9 99.00 99.00 99.00 999 1013.3   6.5 999.0  -0.3 99.0 99.00
2024 04 22 09 40 276  6.9  8.4  0.65  3.33  3.28 279 1013.5   6.5 999.0  -0.4 99.0 99.00
2024 04 22 09 50 277  6.7  8.6 99.00 99.00 99.00 999 1013.5   6.4 999.0  -0.3 99.0 99.00
2024 04 22 10 00 278  7.1  8.4 99.00 99.00 99.00 999 1013.6   6.4 999.0  -0.1 99.0 99.00
2024 04 22 10 10 279  7.1  8.8  0.60  3.33  3.40 281 1013.8   6.4 999.0   0.1 99.0 99.00
2024 04 22 10 20 277  6.7  8.1 99.00 99.00 99.00 999 1013.9   6.3 999.0   0.4 99.0 99.00
2024 04 22 10 30 280  7.1  8.8 99.00 99.00 99.00 999 1014.0   6.3 999.0   0.2 99.0 99.00
2024 04 22 10 40 280  7.5  8.9  0.59  3.13  3.32 285 1014.1   6.3 999.0   0.2 99.0 99.00
2024 04 22 10 50 284  7.5  9.3 99.00 99.00 99.00 999 1014.4   6.3 999.0   0.1 99.0 99.00
2024 04 22 11 00 294  7.6  9.4 99.00 99.00 99.00 999 1014.6   6.3 999.0  -0.2 99.0 99.00
2024 04 22 11 10 292  7.6  9.4  0.62  3.33  3.25 285 1014.6   6.3 999.0  -0.4 99.0 99.00
2024 04 22 11 20 295  7.0  8.5 99.00 99.00 99.00 999 1014.7   6.2 999.0  -0.3 99.0 99.00
2024 04 22 11 30 295  6.8  8.7 99.00 99.00 99.00 999 1014.8   6.1 999.0  -0.3 99.0 99.00
2024 04 22 11 40 296  6.7  8.8  0.65  3.23  3.26 293 1014.8   6.1 999.0  -0.8 99.0 99.00
2024 04 22 11 50 298  6.3  7.7 99.00 99.00 99.00 999 1014.9   5.9 999.0  -1.1 99.0 99.00
2024 04 22 12 00 308  7.1  9.6 99.00 99.00 99.00 999 1014.9   5.8 999.0  -1.4 99.0 99.00
2024 04 22 12 10 318  8.5 10.4  0.66  3.33  3.29 290 1014.9   5.8 999.0  -2.9 99.0 99.00
2024 04 22 12 20 317  8.1 10.6 99.00 99.00 99.00 999 1015.1   5.8 999.0  -3.0 99.0 99.00
2024 04 22 12 30 315  7.8  9.6 99.00 99.00 99.00 999 1015.1   5.7 999.0  -2.8 99.0 99.00
2024 04 22 12 40 312  8.7 10.8  0.65  3.13  3.16 287 1015.1   5.7 999.0  -3.1 99.0 99.00
2024 04 22 12 50 309  7.6 10.2 99.00 99.00 99.00 999 1015.3   5.7 999.0  -2.8 99.0 99.00
2024 04 22 13 00 306  6.2  7.8 99.00 99.00 99.00 999 1015.3   5.8 999.0  -2.0 99.0 99.00
2024 04 22 13 10 302  6.2  7.3  0.60  3.23  3.14 293 1015.4   5.8 999.0  -2.2 99.0 99.00
2024 04 22 13 20 300  5.5  7.2 99.00 99.00 99.00 999 1015.5   5.8 999.0  -2.1 99.0 99.00
2024 04 22 13 30 303  5.3  6.7 99.00 99.00 99.00 999 1015.6   5.9 999.0  -2.3 99.0 99.00
2024 04 22 13 40 300  6.8  8.5  0.57  3.03  3.11 299 1015.5   6.1 999.0  -3.8 99.0 99.00
2024 04 22 13 50 311  6.8  9.1 99.00 99.00 99.00 999 1015.8   6.1 999.0  -3.5 99.0 99.00
2024 04 22 14 00 304  7.3  9.5 99.00 99.00 99.00 999 1016.0   6.3 999.0  -4.3 99.0 99.00
2024 04 22 14 10 302  7.3  9.2  0.74  3.23  3.18 298 1016.0   6.3 999.0  -5.1 99.0 99.00
2024 04 22 14 20 303  7.1  8.8 99.00 99.00 99.00 999 1016.1   6.3 999.0  -5.0 99.0 99.00
2024 04 22 14 30 302  7.5  8.9 99.00 99.00 99.00 999 1016.1   6.3 999.0  -5.6 99.0 99.00
2024 04 22 14 40 305  6.4  7.7  0.83  3.57  3.34 288 1016.1   6.4 999.0  -5.2 99.0 99.00
2024 04 22 14 50 306  6.3  8.3 99.00 99.00 99.00 999 1016.2   6.4 999.0  -4.8 99.0 99.00
2024 04 22 15 00 306  5.9  7.1 99.00 99.00 99.00 999 1016.3   6.5 999.0  -5.1 99.0 99.00
2024 04 22 15 10 307  6.4  8.1  0.79  3.57  3.33 300 1016.2   6.6 999.0  -4.5 99.0 99.00
2024 04 22 15 20 320  6.5  8.5 99.00 99.00 99.00 999 1016.2   6.5 999.0  -5.3 99.0 99.00
2024 04 22 15 30 323  5.0  6.9 99.00 99.00 99.00 999 1016.3   6.5 999.0  -4.9 99.0 99.00
2024 04 22 15 40 317  6.3  8.8  0.75  3.57  3.29 313 1016.2   6.6 999.0  -5.5 99.0 99.00
2024 04 22 15 50 318  5.3  6.7 99.00 99.00 99.00 999 1016.3   6.7 999.0  -5.1 99.0 99.00
2024 04 22 16 00 325  5.3  6.4 99.00 99.00 99.00 999 1016.3   6.8 999.0  -4.8 99.0 99.00
2024 04 22 16 10 321  5.7  7.1  0.66  3.45  3.27 298 1016.3   7.0 999.0  -4.6 99.0 99.00
2024 04 22 16 20 313  5.4  6.8 99.00 99.00 99.00 999 1016.3   7.1 999.0  -3.4 99.0 99.00
2024 04 22 16 30 305  4.3  5.8 99.00 99.00 99.00 999 1016.3   7.2 999.0  -3.6 99.0 99.00
2024 04 22 16 40 298  3.6  4.9  0.61  3.13  3.12 315 1016.3   7.2 999.0  -4.7 99.0 99.00
2024 04 22 16 50 290  2.1  3.2 99.00 99.00 99.00 999 1016.4   7.2 999.0  -3.9 99.0 99.00
2024 04 22 17 00 289  1.7  2.9 99.00 99.00 99.00 999 1016.4   7.2 999.0  -4.4 99.0 99.00
2024 04 22 17 10 260  2.1  3.1  0.56  3.13  3.14 311 1016.5   7.5 999.0  -4.3 99.0 99.00
2024 04 22 17 20 223  1.6  2.3 99.00 99.00 99.00 999 1016.5   7.4 999.0  -4.2 99.0 99.00
2024 04 22 17 30 185  1.4  2.2 99.00 99.00 99.00 999 1016.5   7.5 999.0  -4.2 99.0 99.00
2024 04 22 17 40 210  0.8  1.3  0.52  2.94  3.09 311 1016.5   7.6 999.0  -2.6 99.0 99.00
2024 04 22 17 50 249  1.0  1.9 99.00 99.00 99.00 999 1016.6   7.9 999.0  -4.4 99.0 99.00
2024 04 22 18 00 260  0.2  1.3 99.00 99.00 99.00 999 1016.6   8.0 999.0  -4.3 99.0 99.00
2024 04 22 18 10 276  0.0  0.0  0.50 10.00  3.14  83 1016.6   8.2 999.0  -4.3 99.0 99.00
2024 04 22 18 20 197  0.0  0.6 99.00 99.00 99.00 999 1016.5   8.5 999.0  -3.8 99.0 99.00
2024 04 22 18 30 204  0.9  1.5 99.00 99.00 99.00 999 1016.6   8.4 999.0  -3.0 99.0 99.00
2024 04 22 18 40 203  0.3  0.9  0.47  2.60  3.05 317 1016.6   8.5 999.0  -2.9 99.0 99.00
2024 04 22 18 50 217  0.7  1.2 99.00 99.00 99.00 999 1016.6   8.6 999.0  -3.2 99.0 99.00
2024 04 22 19 00 180  0.4  2.3 99.00 99.00 99.00 999 1016.6   8.8 999.0  -3.0 99.0 99.00
2024 04 22 19 10 106  3.7  5.8  0.46  2.60  3.27 315 1016.7   8.0 999.0  -1.3 99.0 99.00
2024 04 22 19 20 111  4.9  6.0 99.00 99.00 99.00 999 1016.7   7.3 999.0   0.0 99.0 99.00
2024 04 22 19 30 113  5.2  6.3 99.00 99.00 99.00 999 1016.8   7.1 999.0   0.1 99.0 99.00
2024 04 22 19 40 119  5.2  6.1  0.42 10.00  3.54  85 1016.8   7.0 999.0  -0.3 99.0 99.00
2024 04 22 19 50 126  5.3  6.2 99.00 99.00 99.00 999 1016.9   7.1 999.0  -0.3 99.0 99.00
2024 04 22 20 00 124  5.0  6.1 99.00 99.00 99.00 999 1016.8   7.1 999.0  -0.1 99.0 99.00
2024 04 22 20 10 116  5.4  6.3  0.36  9.09  3.52 100 1016.9   7.1 999.0  -0.4 99.0 99.00
2024 04 22 20 20 119  5.0  6.0 99.00 99.00 99.00 999 1016.9   7.2 999.0   0.2 99.0 99.00
2024 04 22 20 30 123  5.0  5.8 99.00 99.00 99.00 999 1017.1   7.2 999.0   0.1 99.0 99.00
2024 04 22 20 40 118  4.6  5.6  0.39 10.00  3.68  84 1017.0   7.2 999.0   0.2 99.0 99.00
2024 04 22 20 50 107  4.4  5.2 99.00 99.00 99.00 999 1017.1   7.3 999.0   0.7 99.0 99.00
2024 04 22 21 00 107  4.4  5.2 99.00 99.00 99.00 999 1017.1   7.3 999.0   1.0 99.0 99.00
2024 04 22 21 10 102  4.3  4.9  0.36  9.09  3.55 101 1017.2   7.4 999.0   0.8 99.0 99.00
2024 04 22 21 20 104  4.5  5.4 99.00 99.00 99.00 999 1017.2   7.3 999.0   1.1 99.0 99.00
2024 04 22 21 30 102  4.3  5.0 99.00 99.00 99.00 999 1017.2   7.3 999.0   1.3 99.0 99.00
2024 04 22 21 40 106  3.6  4.8  0.34 10.00  4.27  56 1017.2   7.5 999.0   1.1 99.0 99.00
2024 04 22 21 50 105  3.3  3.9 99.00 99.00 99.00 999 1017.2   7.6 999.0   1.6 99.0 99.00
2024 04 22 22 00 106  3.0  3.7 99.00 99.00 99.00 999 1017.2   7.6 999.0   1.7 99.0 99.00
2024 04 22 22 10 100  2.8  3.3  0.34 10.81  4.17  70 1017.4   7.6 999.0   1.8 99.0 99.00
2024 04 22 22 20 144  3.3  4.3 99.00 99.00 99.00 999 1017.4   7.6 999.0   2.3 99.0 99.00
2024 04 22 22 30 131  3.1  4.2 99.00 99.00 99.00 999 1017.5   7.6 999.0   2.1 99.0 99.00
2024 04 22 22 40 147  3.5  4.5  0.32 10.00  5.03  86 1017.7   7.6 999.0   2.7 99.0 99.00
2024 04 22 22 50 144  3.1  3.7 99.00 99.00 99.00 999 1017.7   7.6 999.0   2.5 99.0 99.00
2024 04 22 23 00 154  3.2  3.7 99.00 99.00 99.00 999 1017.9   7.5 999.0   2.6 99.0 99.00
2024 04 22 23 10 163  3.9  4.8  0.32  9.09  5.34 127 1018.0   7.5 999.0   2.3 99.0 99.00
2024 04 22 23 20 169  4.1  4.9 99.00 99.00 99.00 999 1018.1   7.6 999.0   2.4 99.0 99.00
2024 04 22 23 30 175  4.6  5.4 99.00 99.00 99.00 999 1018.3   7.5 999.0   3.1 99.0 99.00
2024 04 23 05 40 194  3.3  4.1  0.32  7.69  3.52  85 1021.1 999.0 999.0 999.0 99.0 99.00
2024 04 23 05 50 191  3.5  4.1 99.00 99.00 99.00 999 1021.2   6.7   7.3   3.8 99.0 99.00
2024 04 23 06 00 201  3.1  4.0 99.00 99.00 99.00 999 1021.1   6.7   7.3   3.8 99.0 99.00
2024 04 23 06 10 205  3.0  3.8  0.35 10.00  3.78  84 1021.1   6.7   7.3   3.8 99.0 99.00
2024 04 23 06 20 201  3.1  4.3 99.00 99.00 99.00 999 1021.0   6.7   7.3   3.9 99.0 99.00
2024 04 23 06 30 187  3.1  3.5 99.00 99.00 99.00 999 1021.1   6.6   7.3   3.8 99.0 99.00
2024 04 23 06 40 189  3.0  4.0  0.39 10.81  3.94  89 1021.1   6.5   7.3   3.8 99.0 99.00
2024 04 23 06 50 196  3.0  3.7 99.00 99.00 99.00 999 1021.2   6.5   7.3   4.0 99.0 99.00
2024 04 23 07 00 185  3.6  4.8 99.00 99.00 99.00 999 1021.4   6.4   7.3   3.8 99.0 99.00
2024 04 23 07 10 215  2.8  3.6  0.36 10.00  3.74  69 1021.4   6.4   7.3   3.9 99.0 99.00
2024 04 23 07 20 230  2.7  3.4 99.00 99.00 99.00 999 1021.3   6.4   7.3   3.8 99.0 99.00
2024 04 23 07 30 220  2.6  3.5 99.00 99.00 99.00 999 1021.5   6.4   7.3   3.9 99.0 99.00
2024 04 23 07 40 227  1.5  2.1  0.32  9.09  3.57  81 1021.4   6.3   7.3   3.9 99.0 99.00
2024 04 23 07 50 247  1.5  2.2 99.00 99.00 99.00 999 1021.5   6.3   7.3   3.9 99.0 99.00
2024 04 23 08 00 209  1.7  2.5 99.00 99.00 99.00 999 1021.8   6.3   7.3   3.8 99.0 99.00
2024 04 23 08 10 176  2.4  3.4  0.32 10.00  3.75  80 1021.8   6.4   7.3   4.2 99.0 99.00
2024 04 23 08 20 174  2.8  3.5 99.00 99.00 99.00 999 1021.8   6.3   7.3   4.1 99.0 99.00
2024 04 23 08 30 191  3.3  4.1 99.00 99.00 99.00 999 1021.9   6.4   7.3   4.2 99.0 99.00
2024 04 23 08 40 199  3.4  4.4  0.32 10.00  3.74  82 1022.2   6.3   7.3   4.4 99.0 99.00
2024 04 23 08 50 206  3.7  4.7 99.00 99.00 99.00 999 1022.2   6.3   7.2   4.3 99.0 99.00
2024 04 23 09 00 213  3.7  4.4 99.00 99.00 99.00 999 1022.1   6.2   7.2   4.3 99.0 99.00
2024 04 23 09 10 219  3.0  3.8  0.28 10.00  3.58  59 1022.0   6.2   7.3   4.2 99.0 99.00
2024 04 23 09 20 213  2.5  3.2 99.00 99.00 99.00 999 1022.1   6.1   7.3   4.1 99.0 99.00
2024 04 23 09 30 198  2.3  2.9 99.00 99.00 99.00 999 1022.3   6.0   7.2   4.1 99.0 99.00
2024 04 23 09 40 187  2.7  3.2  0.30 10.00  4.00  90 1022.4   6.1   7.2   4.2 99.0 99.00
2024 04 23 09 50 182  2.4  3.2 99.00 99.00 99.00 999 1022.4   6.1   7.2   4.2 99.0 99.00
2024 04 23 10 00 171  1.9  2.8 99.00 99.00 99.00 999 1022.4   6.1   7.2   4.2 99.0 99.00
2024 04 23 10 10 223  2.2  3.2  0.31 10.00  3.95  49 1022.6   6.1   7.2   4.1 99.0 99.00
2024 04 23 10 20 221  2.2  2.6 99.00 99.00 99.00 999 1022.7   6.2   7.2   4.2 99.0 99.00
2024 04 23 10 30 237  1.7  2.2 99.00 99.00 99.00 999 1022.9   6.1   7.2   4.2 99.0 99.00
2024 04 23 10 40 208  1.9  2.7  0.30  9.09  3.92  87 1023.0   6.1   7.2   4.4 99.0 99.00
2024 04 23 10 50 186  2.9  4.0 99.00 99.00 99.00 999 1023.1   6.2   7.2   4.4 99.0 99.00
2024 04 23 11 00 198  2.8  3.4 99.00 99.00 99.00 999 1023.3   6.1   7.2   4.2 99.0 99.00
2024 04 23 11 10 187  3.1  3.9  0.32  9.09  4.74  67 1023.5   6.2   7.2   4.3 99.0 99.00
2024 04 23 11 20 177  3.3  3.9 99.00 99.00 99.00 999 1023.7   6.2   7.2   4.4 99.0 99.00
2024 04 23 11 30 173  3.6  4.7 99.00 99.00 99.00 999 1023.7   6.2   7.2   4.6 99.0 99.00
2024 04 23 11 40 168  3.4  4.3  0.31  9.09  4.75  80 1023.8   6.1   7.2   5.0 99.0 99.00
2024 04 23 11 50 177  3.4  3.9 99.00 99.00 99.00 999 1023.8   6.1   7.2   5.0 99.0 99.00
2024 04 23 12 00 173  3.8  4.5 99.00 99.00 99.00 999 1023.7   6.2   7.2   4.9 99.0 99.00
2024 04 23 12 10 174  4.0  4.9  0.33 10.81  4.78  82 1023.8   6.2   7.2   4.9 99.0 99.00
2024 04 23 12 20 173  3.9  4.5 99.00 99.00 99.00 999 1023.7   6.3   7.3   5.0 99.0 99.00
2024 04 23 12 30 173  3.5  4.3 99.00 99.00 99.00 999 1023.8   6.3   7.3   5.0 99.0 99.00
2024 04 23 12 40 172  3.0  3.8  0.32  8.33  4.55  86 1023.7   6.3   7.3   4.8 99.0 99.00
2024 04 23 12 50 174  2.3  2.9 99.00 99.00 99.00 999 1023.4   6.3   7.3   4.8 99.0 99.00
2024 04 23 13 00 179  2.1  2.7 99.00 99.00 99.00 999 1023.4   6.4   7.3   4.9 99.0 99.00
2024 04 23 13 10 175  2.0  2.4  0.32 10.00  4.79  83 1023.4   6.4   7.3   4.7 99.0 99.00
2024 04 23 13 20 170  1.9  2.3 99.00 99.00 99.00 999 1023.3   6.5   7.3   4.7 99.0 99.00
2024 04 23 13 30 156  1.9  2.2 99.00 99.00 99.00 999 1023.3   6.6   7.4   4.8 99.0 99.00
2024 04 23 13 40 147  2.0  2.6  0.31 10.00  4.27  73 1023.3   6.7   7.5   5.0 99.0 99.00
2024 04 23 13 50 135  2.4  3.3 99.00 99.00 99.00 999 1023.3   6.7   7.4   5.1 99.0 99.00
2024 04 23 14 00 132  2.5  3.1 99.00 99.00 99.00 999 1023.2   6.7   7.5   5.1 99.0 99.00
2024 04 23 14 10 131  3.2  3.9  0.32 10.00  5.04  79 1023.2   6.8   7.5   5.3 99.0 99.00
2024 04 23 14 20 128  3.4  4.2 99.00 99.00 99.00 999 1023.2   6.8   7.5   5.4 99.0 99.00
2024 04 23 14 30 128  3.9  4.7 99.00 99.00 99.00 999 1023.1   6.8   7.5   5.5 99.0 99.00
2024 04 23 14 40 130  4.0  4.5  0.28  8.33  4.84  98 1023.0   6.9   7.5   5.5 99.0 99.00
2024 04 23 14 50 129  3.9  4.7 99.00 99.00 99.00 999 1022.9   6.9   7.5   5.5 99.0 99.00
2024 04 23 15 00 127  3.9  4.7 99.00 99.00 99.00 999 1022.9   6.9   7.6   5.5 99.0 99.00
2024 04 23 15 10 125  4.1  4.8  0.30 10.00  5.17  94 1022.7   7.0   7.6   5.4 99.0 99.00
2024 04 23 15 20 122  4.3  5.2 99.00 99.00 99.00 999 1022.6   7.1   7.6   5.3 99.0 99.00
2024 04 23 15 30 120  4.8  5.8 99.00 99.00 99.00 999 1022.4   7.2   7.6   5.1 99.0 99.00
2024 04 23 15 40 119  5.2  6.1  0.31  7.14  5.20  97 1022.4   7.2   7.7   5.2 99.0 99.00
2024 04 23 15 50 120  5.5  6.8 99.00 99.00 99.00 999 1022.2   7.3   7.6   5.3 99.0 99.00
2024 04 23 16 00 122  5.8  6.7 99.00 99.00 99.00 999 1022.0   7.3   7.6   5.1 99.0 99.00
2024 04 23 16 10 124  6.0  6.9  0.33 10.81  3.98 293 1021.8   7.5   7.6   4.5 99.0 99.00
2024 04 23 16 20 125  6.3  7.6 99.00 99.00 99.00 999 1021.7   7.8   7.6   3.7 99.0 99.00
2024 04 23 16 30 129  6.8  8.1 99.00 99.00 99.00 999 1021.6   8.0   7.5   3.2 99.0 99.00
2024 04 23 16 40 130  7.3  8.6  0.38 10.81  2.88 102 1021.5   8.1   7.5   3.3 99.0 99.00
2024 04 23 16 50 132  7.6  9.0 99.00 99.00 99.00 999 1021.3   8.1   7.6   3.5 99.0 99.00
2024 04 23 17 00 132  8.1  9.7 99.00 99.00 99.00 999 1021.1   8.2   7.5   3.3 99.0 99.00
2024 04 23 17 10 131  8.2  9.8  0.53  2.60  2.86 140 1021.0   8.1   7.5   3.3 99.0 99.00
2024 04 23 17 20 133  8.6 10.6 99.00 99.00 99.00 999 1020.9   8.1   7.5   3.5 99.0 99.00
2024 04 23 17 30 134  8.6 10.5 99.00 99.00 99.00 999 1020.8   8.1   7.5   3.7 99.0 99.00
2024 04 23 17 40 136  8.5 10.3  0.61  2.60  2.90 141 1020.7   8.1   7.5   3.8 99.0 99.00
2024 04 23 17 50 135  8.8 10.7 99.00 99.00 99.00 999 1020.5   8.1   7.5   3.7 99.0 99.00
2024 04 23 18 00 138  8.9 10.6 99.00 99.00 99.00 999 1020.4   8.1   7.5   3.5 99.0 99.00
2024 04 23 18 10 138  9.1 11.2  0.66  2.94  3.06 138 1020.2   8.2   7.5   2.8 99.0 99.00
2024 04 23 18 20 139  9.2 11.2 99.00 99.00 99.00 999 1020.1   8.2   7.5   2.6 99.0 99.00
2024 04 23 18 30 138  9.2 11.2 99.00 99.00 99.00 999 1020.0   8.2   7.5   2.5 99.0 99.00
2024 04 23 18 40 139  9.2 11.0  0.79  3.45  3.22 151 1019.7   8.2   7.5   2.3 99.0 99.00
2024 04 23 18 50 137  9.2 11.1 99.00 99.00 99.00 999 1019.5   8.1   7.4   2.9 99.0 99.00
2024 04 23 19 00 138  9.3 11.3 99.00 99.00 99.00 999 1019.3   7.9   7.4   2.7 99.0 99.00
2024 04 23 19 10 140  8.7 10.7  0.87  3.85  3.42 139 1019.1   7.9   7.4   2.6 99.0 99.00
2024 04 23 19 20 141  8.8 10.9 99.00 99.00 99.00 999 1018.8   8.0   7.4   1.6 99.0 99.00
2024 04 23 19 30 141  8.9 11.1 99.00 99.00 99.00 999 1018.6   8.1   7.4   0.6 99.0 99.00
2024 04 23 19 40 142  9.0 10.8  1.03  3.85  3.50 154 1018.5   8.2   7.4   0.3 99.0 99.00
2024 04 23 19 50 143  8.5 10.1 99.00 99.00 99.00 999 1018.3   8.2   7.4   0.5 99.0 99.00
2024 04 23 20 00 143  8.2 10.2 99.00 99.00 99.00 999 1018.3   8.2   7.4   0.8 99.0 99.00
2024 04 23 20 10 145  7.8  9.3  1.00  4.00  3.58 153 1018.3   8.2   7.3   0.9 99.0 99.00
2024 04 23 20 20 146  7.5  9.3 99.00 99.00 99.00 999 1018.1   8.2   7.3   1.4 99.0 99.00
2024 04 23 20 30 145  7.3  9.0 99.00 99.00 99.00 999 1018.1   8.2   7.3   1.7 99.0 99.00
2024 04 23 20 40 144  7.4  9.3  0.95  3.85  3.62 150 1018.0   8.1   7.3   1.7 99.0 99.00
2024 04 23 20 50 140  7.7  9.3 99.00 99.00 99.00 999 1018.1   8.0   7.3   1.8 99.0 99.00
2024 04 23 21 00 139  8.1  9.5 99.00 99.00 99.00 999 1018.0   8.0   7.3   1.7 99.0 99.00
2024 04 23 21 10 136  8.0  9.4  0.96  4.00  3.63 146 1018.0   8.0   7.2   1.6 99.0 99.00
2024 04 23 21 20 135  7.6  9.4 99.00 99.00 99.00 999 1018.0   8.1   7.2   1.5 99.0 99.00
2024 04 23 21 30 137  7.7  9.4 99.00 99.00 99.00 999 1018.0   8.2   7.2   1.2 99.0 99.00
2024 04 23 21 40 139  7.8  9.4  0.80  3.70  3.53 159 1018.0   8.2   7.2   1.3 99.0 99.00
2024 04 23 21 50 138  8.0  9.5 99.00 99.00 99.00 999 1018.0   8.1   7.2   1.2 99.0 99.00
2024 04 23 22 00 140  8.0  9.7 99.00 99.00 99.00 999 1018.0   8.1   7.2   1.5 99.0 99.00
2024 04 23 22 10 139  7.7  9.5  0.83  3.70  3.43 148 1018.0   8.0   7.2   2.6 99.0 99.00
2024 04 23 22 20 137  7.7  9.7 99.00 99.00 99.00 999 1017.7   7.9   7.2   2.9 99.0 99.00
2024 04 23 22 30 141  8.1 10.1 99.00 99.00 99.00 999 1017.6   8.0   7.2   2.4 99.0 99.00
2024 04 23 22 40 142  8.9 10.7  0.83  3.70  3.41 128 1017.5   8.1   7.2   1.8 99.0 99.00
2024 04 23 22 50 143  8.7 10.6 99.00 99.00 99.00 999 1017.3   8.0   7.2   1.6 99.0 99.00
2024 04 23 23 00 145  8.9 10.6 99.00 99.00 99.00 999 1017.4   8.0   7.2   1.4 99.0 99.00
2024 04 23 23 10 150  8.7 10.1  0.82  3.57  3.41 147 1017.5   8.1   7.2   1.4 99.0 99.00
2024 04 23 23 20 154  8.0  9.5 99.00 99.00 99.00 999 1017.8   8.1   7.2   1.5 99.0 99.00
2024 04 23 23 30 157  7.3  8.5 99.00 99.00 99.00 999 1017.9   8.1   7.2   1.7 99.0 99.00
2024 04 23 23 40 157  6.6  7.7  0.84  3.57  3.44 147 1018.0   8.0   7.2   2.4 99.0 99.00
2024 04 23 23 50 159  5.9  7.6 99.00 99.00 99.00 999 1018.1   7.9   7.2   3.1 99.0 99.00
2024 04 24 00 00 168  5.1  6.0 99.00 99.00 99.00 999 1018.1   8.0   7.2   3.5 99.0 99.00
2024 04 24 00 10 174  4.8  5.9  0.81  3.70  3.57 149 1017.8   8.2   7.2   3.4 99.0 99.00
2024 04 24 00 20 175  5.3  6.2 99.00 99.00 99.00 999 1017.8   8.4   7.1   2.6 99.0 99.00
2024 04 24 00 30 167  5.6  6.6 99.00 99.00 99.00 999 1017.8   8.4   7.2   2.5 99.0 99.00
2024 04 24 00 40 167  5.6  6.5  0.74  3.70  3.55 131 1017.8   8.2   7.1   2.6 99.0 99.00
2024 04 24 00 50 166  5.2  6.1 99.00 99.00 99.00 999 1017.6   8.1   7.1   2.6 99.0 99.00
2024 04 24 01 00 168  5.1  6.2 99.00 99.00 99.00 999 1017.5   8.0   7.1   2.5 99.0 99.00
2024 04 24 01 10 167  5.0  5.9  0.68  3.57  3.56 140 1017.4   7.9   7.1   2.4 99.0 99.00
2024 04 24 01 20 158  5.1  6.4 99.00 99.00 99.00 999 1017.3   7.8   7.1   2.5 99.0 99.00
2024 04 24 01 30 158  5.6  6.6 99.00 99.00 99.00 999 1017.2   7.8   7.1   2.0 99.0 99.00
2024 04 24 01 40 162  5.7  7.0  0.59  3.33  3.47 137 1017.2   7.8   7.1   1.8 99.0 99.00
2024 04 24 01 50 163  5.6  6.8 99.00 99.00 99.00 999 1017.1   7.6   7.1   2.9 99.0 99.00
2024 04 24 02 00 170  5.9  7.1 99.00 99.00 99.00 999 1017.2   7.6   7.1   2.7 99.0 99.00
2024 04 24 02 10 172  5.8  7.0  0.60  3.45  3.44 142 1017.1   7.5   7.1   2.9 99.0 99.00
2024 04 24 02 20 173  5.6  6.7 99.00 99.00 99.00 999 1017.0   7.4   7.1   3.0 99.0 99.00
2024 04 24 02 30 179  6.1  7.9 99.00 99.00 99.00 999 1017.0   7.4   7.1   2.0 99.0 99.00
2024 04 24 02 40 186  6.0  7.5  0.60  3.45  3.26 140 1016.9   7.3   7.1   1.0 99.0 99.00
2024 04 24 02 50 191  6.1  7.2 99.00 99.00 99.00 999 1016.7   7.1   7.1   0.6 99.0 99.00
2024 04 24 03 00 203  5.9  6.9 99.00 99.00 99.00 999 1016.7   7.0   7.1   0.3 99.0 99.00
2024 04 24 03 10 196  5.7  7.0  0.59  3.45  3.34 135 1016.6   7.0   7.1   0.4 99.0 99.00
2024 04 24 03 20 186  5.1  6.7 99.00 99.00 99.00 999 1016.3   6.8   7.1   0.5 99.0 99.00
2024 04 24 03 30 182  4.7  5.7 99.00 99.00 99.00 999 1016.3   6.8   7.1   0.7 99.0 99.00
2024 04 24 03 40 184  5.0  5.9  0.54  3.33  3.32 135 1016.3   6.7 999.0   0.5 99.0 99.00
2024 04 24 03 50 194  5.3  6.3 99.00 99.00 99.00 999 1016.3   6.7   7.1   0.7 99.0 99.00
2024 04 24 04 00 199  5.7  6.8 99.00 99.00 99.00 999 1016.2   6.6   7.1   0.8 99.0 99.00
2024 04 24 04 10 194  5.5  6.7  0.54  3.70  3.32 119 1016.2   6.6   7.1   1.2 99.0 99.00
2024 04 24 04 20 186  5.4  6.4 99.00 99.00 99.00 999 1015.9   6.5   7.1   1.1 99.0 99.00
2024 04 24 04 30 179  5.5  6.6 99.00 99.00 99.00 999 1015.6   6.5   7.1   1.3 99.0 99.00
2024 04 24 04 40 180  5.6  6.7  0.52 10.00  3.40 106 1015.5   6.6   7.1   1.6 99.0 99.00
2024 04 24 04 50 182  5.6  6.7 99.00 99.00 99.00 999 1015.5   6.6   7.1   1.9 99.0 99.00
2024 04 24 05 00 182  5.5  6.6 99.00 99.00 99.00 999 1015.4   6.5   7.1   2.0 99.0 99.00
2024 04 24 05 10 182  5.5  6.8  0.53 10.00  3.46  83 1015.4   6.5   7.1   2.0 99.0 99.00
2024 04 24 05 20 186  5.4  6.4 99.00 99.00 99.00 999 1015.4   6.5   7.1   2.2 99.0 99.00
2024 04 24 05 30 184  5.5  6.4 99.00 99.00 99.00 999 1015.3   6.4   7.1   2.2 99.0 99.00
2024 04 24 05 40 180  5.6  6.5  0.53  3.70  3.37 113 1015.2   6.3   7.1   2.0 99.0 99.00
2024 04 24 05 50 179  5.3  6.2 99.00 99.00 99.00 999 1015.1   6.3   7.1   1.9 99.0 99.00
2024 04 24 06 00 181  5.2  6.4 99.00 99.00 99.00 999 1014.8   6.4   7.1   2.2 99.0 99.00
2024 04 24 06 10 182  5.4  6.6  0.50  3.33  3.34 131 1014.8   6.3   7.1   2.1 99.0 99.00
2024 04 24 06 20 184  5.4  6.7 99.00 99.00 99.00 999 1014.5   6.2   7.1   2.2 99.0 99.00
2024 04 24 06 30 182  5.5  6.4 99.00 99.00 99.00 999 1014.4   6.2   7.1   2.3 99.0 99.00
2024 04 24 06 40 178  5.4  6.4  0.51  3.70  3.27 113 1014.1   6.3   7.1   2.4 99.0 99.00
2024 04 24 06 50 178  5.5  6.5 99.00 99.00 99.00 999 1013.9   6.2   7.1   2.3 99.0 99.00
2024 04 24 07 00 173  5.6  6.9 99.00 99.00 99.00 999 1013.6   6.2   7.1   2.5 99.0 99.00
2024 04 24 07 10 173  5.8  6.8  0.49  3.23  3.27 131 1013.7   6.1   7.1   2.4 99.0 99.00
2024 04 24 07 20 177  5.4  6.6 99.00 99.00 99.00 999 1013.7   6.2   7.1   2.5 99.0 99.00
2024 04 24 07 30 179  5.7  7.0 99.00 99.00 99.00 999 1013.4   6.3   7.1   2.5 99.0 99.00
2024 04 24 07 40 178  6.1  7.2  0.49 10.00  3.28 106 1013.4   6.3   7.1   2.5 99.0 99.00
2024 04 24 07 50 183  6.0  7.2 99.00 99.00 99.00 999 1013.3   6.3   7.1   2.4 99.0 99.00
2024 04 24 08 00 183  6.0  7.2 99.00 99.00 99.00 999 1013.1   6.4   7.1   2.5 99.0 99.00
2024 04 24 08 10 182  6.0  7.1  0.50  3.23  3.36 138 1013.0   6.4   7.1   2.5 99.0 99.00
2024 04 24 08 20 178  5.9  7.1 99.00 99.00 99.00 999 1012.8   6.3   7.1   2.5 99.0 99.00
2024 04 24 08 30 182  5.8  6.8 99.00 99.00 99.00 999 1012.9   6.3   7.1   2.6 99.0 99.00
2024 04 24 08 40 187  5.9  7.1  0.51  3.23  3.26 142 1012.9   6.3   7.1   2.4 99.0 99.00
2024 04 24 08 50 185  5.8  7.1 99.00 99.00 99.00 999 1012.7   6.4   7.1   2.5 99.0 99.00
2024 04 24 09 00 183  6.1  7.6 99.00 99.00 99.00 999 1012.6   6.4   7.1   2.6 99.0 99.00
2024 04 24 09 10 183  5.9  7.1  0.52  3.23  3.34 144 1012.3   6.5   7.1   2.8 99.0 99.00
2024 04 24 09 20 180  6.0  7.2 99.00 99.00 99.00 999 1012.2   6.5   7.1   2.4 99.0 99.00
2024 04 24 09 30 189  5.5  6.8 99.00 99.00 99.00 999 1012.6   6.6   7.1   2.8 99.0 99.00
2024 04 24 09 40 192  5.3  6.2  0.54 10.81  3.63 155 1012.4   6.6   7.0   2.7 99.0 99.00
2024 04 24 09 50 193  5.4  6.7 99.00 99.00 99.00 999 1012.4   6.6   7.0   2.7 99.0 99.00
2024 04 24 10 00 188  5.1  6.1 99.00 99.00 99.00 999 1012.3   6.7   7.0   2.8 99.0 99.00
2024 04 24 10 10 189  4.8  5.8  0.55 10.81  3.62  60 1012.3   6.7   7.0   2.7 99.0 99.00
2024 04 24 10 20 190  4.8  5.7 99.00 99.00 99.00 999 1012.4   6.8   7.0   2.9 99.0 99.00
2024 04 24 10 30 187  5.1  6.1 99.00 99.00 99.00 999 1012.0   6.9   7.0   2.8 99.0 99.00
2024 04 24 10 40 178  4.9  5.9  0.53 10.00  3.64  85 1011.6   6.9   7.0   2.8 99.0 99.00
2024 04 24 10 50 170  5.7  6.8 99.00 99.00 99.00 999 1011.3   7.0   7.1   2.9 99.0 99.00
2024 04 24 11 00 163  5.9  6.9 99.00 99.00 99.00 999 1011.1   7.0   7.0   3.1 99.0 99.00
2024 04 24 11 10 155  6.3  7.7  0.58 10.00  3.72 105 1011.0   7.0   7.1   3.5 99.0 99.00
2024 04 24 11 20 173  6.4  7.7 99.00 99.00 99.00 999 1011.4   7.1   7.1   3.3 99.0 99.00
2024 04 24 11 30 180  5.7  7.1 99.00 99.00 99.00 999 1011.4   7.2   7.1   3.2 99.0 99.00
2024 04 24 11 40 184  5.8  7.0  0.65  7.14  3.79 110 1011.5   7.3   7.0   3.2 99.0 99.00
2024 04 24 11 50 183  5.6  6.8 99.00 99.00 99.00 999 1011.4   7.3   7.1   3.4 99.0 99.00
2024 04 24 12 00 183  5.6  6.5 99.00 99.00 99.00 999 1011.5   7.2   7.1   3.4 99.0 99.00
2024 04 24 12 10 180  5.0  6.5  0.75  8.33  4.22  98 1011.3   7.2   7.1   3.4 99.0 99.00
2024 04 24 12 20 177  5.1  6.3 99.00 99.00 99.00 999 1011.0   7.2   7.0   3.7 99.0 99.00
2024 04 24 12 30 173  5.2  6.1 99.00 99.00 99.00 999 1010.9   7.3   7.0   3.7 99.0 99.00
2024 04 24 12 40 171  5.4  6.5  0.86  7.14  4.34 102 1010.7   7.4   7.0   3.5 99.0 99.00
2024 04 24 12 50 172  5.9  7.1 99.00 99.00 99.00 999 1010.5   7.5   7.0   3.3 99.0 99.00
2024 04 24 13 00 175  6.0  7.0 99.00 99.00 99.00 999 1010.5   7.6   7.0   3.2 99.0 99.00
2024 04 24 13 10 176  5.9  6.8  0.90  9.09  4.50 101 1010.6   7.7   7.0   3.3 99.0 99.00
2024 04 24 13 20 177  5.6  6.7 99.00 99.00 99.00 999 1010.4   7.8   7.0   3.5 99.0 99.00
2024 04 24 13 30 173  5.9  6.8 99.00 99.00 99.00 999 1010.4   7.8   7.0   3.6 99.0 99.00
2024 04 24 13 40 171  6.1  7.1  1.00  7.69  4.62  95 1010.2   7.8   7.0   3.6 99.0 99.00
2024 04 24 13 50 179  5.5  6.4 99.00 99.00 99.00 999 1010.2   7.8   7.0   3.7 99.0 99.00
2024 04 24 14 00 183  5.1  6.0 99.00 99.00 99.00 999 1010.2   7.9   7.0   3.9 99.0 99.00
2024 04 24 14 10 193  4.7  6.0  1.07  7.14  4.71  94 1010.3   7.9   7.1   4.0 99.0 99.00
2024 04 24 14 20 200  4.5  5.4 99.00 99.00 99.00 999 1010.4   8.2   7.0   3.8 99.0 99.00
2024 04 24 14 30 194  3.7  4.9 99.00 99.00 99.00 999 1010.2   8.3   7.0   3.7 99.0 99.00
2024 04 24 14 40 203  4.2  5.3  1.07  7.69  4.79  98 1010.4   8.5   7.0   3.5 99.0 99.00
2024 04 24 14 50 207  4.5  6.0 99.00 99.00 99.00 999 1010.1   8.6   7.0   3.7 99.0 99.00
2024 04 24 15 00 199  4.9  6.4 99.00 99.00 99.00 999 1010.2   8.8   7.0   3.7 99.0 99.00
2024 04 24 15 10 197  4.6  5.9  1.02  7.14  4.72 101 1010.0   8.6   7.0   4.1 99.0 99.00
2024 04 24 15 20 201  4.1  5.0 99.00 99.00 99.00 999 1009.9   8.6   7.0   4.2 99.0 99.00
2024 04 24 15 30 207  3.3  4.8 99.00 99.00 99.00 999 1009.7   8.5   7.0   4.3 99.0 99.00
2024 04 24 15 40 214  3.6  4.6  1.10  7.69  4.97 104 1009.6   8.6   7.1   4.5 99.0 99.00
2024 04 24 15 50 209  4.0  4.7 99.00 99.00 99.00 999 1009.6   8.7   7.0   4.7 99.0 99.00
2024 04 24 16 00 213  4.3  5.5 99.00 99.00 99.00 999 1009.7   8.6   7.0   4.8 99.0 99.00
2024 04 24 16 10 214  5.4  7.4  1.09 10.00  4.97 104 1009.3   8.9   7.0   4.6 99.0 99.00
2024 04 24 16 20 212  4.2  5.5 99.00 99.00 99.00 999 1009.1   8.9   7.0   4.8 99.0 99.00
2024 04 24 16 30 212  3.4  4.5 99.00 99.00 99.00 999 1009.2   8.6   7.0   5.0 99.0 99.00
2024 04 24 16 40 216  3.8  4.9  1.16 10.81  5.16 102 1009.3   8.5   7.0   5.2 99.0 99.00
2024 04 24 16 50 216  4.1  5.0 99.00 99.00 99.00 999 1009.1   8.4   7.0   5.4 99.0 99.00
2024 04 24 17 00 208  4.1  4.9 99.00 99.00 99.00 999 1009.1   8.3   7.0   5.5 99.0 99.00
2024 04 24 17 10 209  3.5  4.6  1.20 10.00  5.56  96 1009.1   8.3   7.0   5.6 99.0 99.00
2024 04 24 17 20 207  3.3  4.1 99.00 99.00 99.00 999 1008.9   8.4   7.0   5.7 99.0 99.00
2024 04 24 17 30 211  3.5  4.1 99.00 99.00 99.00 999 1008.8   8.4   7.0   5.8 99.0 99.00
2024 04 24 17 40 209  3.5  4.6  1.22 10.00  5.70 105 1009.0   8.5   7.1   5.8 99.0 99.00
2024 04 24 17 50 224  3.8  4.9 99.00 99.00 99.00 999 1009.1   8.6   7.1   5.8 99.0 99.00
2024 04 24 18 00 222  2.8  3.9 99.00 99.00 99.00 999 1008.8   8.7   7.1   5.9 99.0 99.00
2024 04 24 18 10 211  2.3  3.0  1.36 10.00  6.45  99 1009.0   8.7   7.2   6.0 99.0 99.00
2024 04 24 18 20 213  1.9  2.7 99.00 99.00 99.00 999 1008.9   8.7   7.3   6.0 99.0 99.00
2024 04 24 18 30 205  2.2  3.0 99.00 99.00 99.00 999 1008.8   9.0   7.3   5.9 99.0 99.00
2024 04 24 18 40 207  2.3  3.2  1.38 10.00  6.67  98 1008.8   9.5   7.5   5.9 99.0 99.00
2024 04 24 18 50 233  2.9  4.4 99.00 99.00 99.00 999 1008.7   9.7   7.5   5.9 99.0 99.00
2024 04 24 19 00 246  2.6  4.4 99.00 99.00 99.00 999 1008.7  10.0   7.6   6.1 99.0 99.00
2024 04 24 19 10 248  2.3  3.4  1.32  9.09  6.86  88 1008.5   9.8   7.6   6.2 99.0 99.00
2024 04 24 19 20 245  2.4  3.7 99.00 99.00 99.00 999 1008.4  10.0   7.7   6.2 99.0 99.00
2024 04 24 19 30 238  2.4  3.6 99.00 99.00 99.00 999 1008.3  10.1   7.9   6.1 99.0 99.00
2024 04 24 19 40 228  1.6  2.8  1.23  9.09  6.63  98 1008.2  10.8   7.9   5.6 99.0 99.00
2024 04 24 19 50 172  0.4  1.7 99.00 99.00 99.00 999 1008.0  11.2   7.8   5.5 99.0 99.00
2024 04 24 20 00 161  1.1  2.2 99.00 99.00 99.00 999 1008.0  11.5   8.1   5.2 99.0 99.00
2024 04 24 20 10 169  1.1  2.0  1.16  8.33  6.60 105 1008.0  11.7   8.4   5.5 99.0 99.00
2024 04 24 20 20 172  1.9  2.8 99.00 99.00 99.00 999 1008.1  12.0   8.4   5.4 99.0 99.00
2024 04 24 20 30 170  1.9  2.8 99.00 99.00 99.00 999 1008.4  11.5   8.4   6.1 99.0 99.00
2024 04 24 20 40 277  7.7 12.7  1.21  9.09  7.02 104 1009.1  11.9   7.8   6.4 99.0 99.00
2024 04 24 20 50 302  7.8 10.6 99.00 99.00 99.00 999 1009.2  11.3   7.5   6.9 99.0 99.00
2024 04 24 21 00 299  6.3  8.9 99.00 99.00 99.00 999 1009.4  10.8   7.3   6.7 99.0 99.00
2024 04 24 21 10 298  4.6  6.3  1.26  8.33  6.18 100 1009.6  10.5   7.4   6.8 99.0 99.00
2024 04 24 21 20 290  4.2  5.7 99.00 99.00 99.00 999 1009.8  10.2   7.4   6.8 99.0 99.00
2024 04 24 21 30 280  4.1  5.4 99.00 99.00 99.00 999 1009.9  10.2   7.4   6.9 99.0 99.00
2024 04 24 21 40 263  3.7  5.2  1.22  7.69  6.25 100 1010.0   9.8   7.4   6.8 99.0 99.00
2024 04 24 21 50 267  4.0  5.5 99.00 99.00 99.00 999 1010.3   9.8   7.4   6.8 99.0 99.00
2024 04 24 22 00 270  4.3  6.0 99.00 99.00 99.00 999 1010.6  10.2   7.4   6.5 99.0 99.00
2024 04 24 22 10 276  5.5  8.4  1.13  8.33  6.07  98 1010.8  10.6   7.4   6.3 99.0 99.00
2024 04 24 22 20 291  7.4  9.8 99.00 99.00 99.00 999 1011.2  11.0   7.3   6.4 99.0 99.00
2024 04 24 22 30 305  7.2  8.9 99.00 99.00 99.00 999 1011.4  11.3   7.3   5.9 99.0 99.00
2024 04 24 22 40 294  4.6  6.6  1.19 10.00  5.48  97 1011.6  10.8   7.3   6.1 99.0 99.00
2024 04 24 22 50 281  3.9  5.4 99.00 99.00 99.00 999 1011.8   9.7   7.3   6.2 99.0 99.00
2024 04 24 23 00 300  5.6  6.9 99.00 99.00 99.00 999 1012.0  10.4   7.3   6.2 99.0 99.00
2024 04 24 23 10 304  4.7  7.2  1.19 10.81  5.13  87 1012.3  10.2   7.3   6.3 99.0 99.00
2024 04 24 23 20 305  6.5  8.2 99.00 99.00 99.00 999 1012.5  10.8   7.3   6.3 99.0 99.00
2024 04 24 23 30 308  6.6  8.4 99.00 99.00 99.00 999 1012.8  10.8   7.2   6.3 99.0 99.00
2024 04 24 23 40 320  7.2 10.0  1.19 10.81  4.84 108 1013.2  10.5   7.2   6.1 99.0 99.00
2024 04 24 23 50 319  9.4 12.3 99.00 99.00 99.00 999 1013.6  10.5   7.2   5.0 99.0 99.00
2024 04 25 00 00 322  9.0 12.2 99.00 99.00 99.00 999 1014.0  10.4   7.2   4.8 99.0 99.00
2024 04 25 00 10 321  9.4 12.3  1.30 10.00  5.04 109 1014.4   9.8   7.2   4.5 99.0 99.00
2024 04 25 00 20 322  9.4 12.1 99.00 99.00 99.00 999 1014.7   9.5 999.0   3.8 99.0 99.00
2024 04 25 00 30 320 10.4 13.3 99.00 99.00 99.00 999 1015.2   9.4   7.1   3.2 99.0 99.00
2024 04 25 00 40 316 11.5 14.6  1.45 10.00  4.91  99 1015.7   9.2   7.1   2.6 99.0 99.00
2024 04 25 00 50 314 10.1 12.7 99.00 99.00 99.00 999 1016.1   8.9   7.1   2.6 99.0 99.00
2024 04 25 01 00 312  9.9 12.7 99.00 99.00 99.00 999 1016.4   8.7   7.1   2.3 99.0 99.00
2024 04 25 01 10 311 10.1 12.7  1.51  9.09  4.78 100 1016.6   8.5   7.1   2.2 99.0 99.00
2024 04 25 01 20 320  7.9 10.4 99.00 99.00 99.00 999 1017.1   8.3   7.2   2.7 99.0 99.00
2024 04 25 01 30 322  7.5 10.0 99.00 99.00 99.00 999 1017.4   8.1   7.2   2.6 99.0 99.00
2024 04 25 01 40 326  8.1 10.8  1.51 10.81  4.84 102 1017.7   7.9   7.1   2.3 99.0 99.00
2024 04 25 01 50 326  9.5 14.1 99.00 99.00 99.00 999 1018.0   7.6   7.1   1.9 99.0 99.00
2024 04 25 02 00 328 10.2 14.0 99.00 99.00 99.00 999 1018.4   7.1   7.1   1.3 99.0 99.00
2024 04 25 02 10 327 11.9 15.1  1.63  9.09  4.75  95 1018.7   6.8   7.1  -0.4 99.0 99.00
2024 04 25 02 20 320 11.9 14.9 99.00 99.00 99.00 999 1018.8   6.2   7.0  -2.2 99.0 99.00
2024 04 25 02 30 319 11.5 13.9 99.00 99.00 99.00 999 1019.0   5.9   7.0  -2.0 99.0 99.00
2024 04 25 02 40 324 11.0 13.9  1.62  9.09  4.53  81 1019.2   5.7   7.0  -1.6 99.0 99.00
2024 04 25 02 50 327 10.6 14.1 99.00 99.00 99.00 999 1019.5   5.5   7.0  -1.9 99.0 99.00
2024 04 25 03 00 332 10.7 13.7 99.00 99.00 99.00 999 1019.7   5.2   7.0  -2.4 99.0 99.00
2024 04 25 03 10 337 11.6 14.6  1.74 10.00  4.64 108 1019.8   5.0   7.0  -2.8 99.0 99.00
2024 04 25 03 20 335 11.7 14.6 99.00 99.00 99.00 999 1020.2   4.7   7.0  -3.4 99.0 99.00
2024 04 25 03 30 335 11.5 15.4 99.00 99.00 99.00 999 1020.3   4.5   7.0  -3.7 99.0 99.00
2024 04 25 03 40 326 11.8 14.4  1.67  4.35  4.60 341 1020.7   4.3   7.0  -3.8 99.0 99.00
2024 04 25 03 50 328 11.1 14.9 99.00 99.00 99.00 999 1021.1   4.2   7.0  -4.0 99.0 99.00
2024 04 25 04 00 331 10.5 12.8 99.00 99.00 99.00 999 1021.1   4.1   7.0  -3.6 99.0 99.00
2024 04 25 04 10 331 10.3 12.9  1.60 10.00  4.76 116 1021.2   4.1   7.0  -3.6 99.0 99.00
2024 04 25 04 20 335 10.0 12.9 99.00 99.00 99.00 999 1021.6   4.0   7.0  -3.9 99.0 99.00
2024 04 25 04 30 335  9.5 12.1 99.00 99.00 99.00 999 1021.8   3.9   6.9  -4.2 99.0 99.00
2024 04 25 04 40 331  9.4 11.9  1.52 10.81  4.59 102 1021.9   3.9   6.9  -4.3 99.0 99.00
2024 04 25 04 50 334  8.7 11.2 99.00 99.00 99.00 999 1022.3   3.8   6.9  -4.6 99.0 99.00
2024 04 25 05 00 335  8.0 10.3 99.00 99.00 99.00 999 1022.4   3.7   6.9  -5.2 99.0 99.00
2024 04 25 05 10 333  7.9  9.7  1.49  9.09  4.56 117 1022.6   3.7   6.8  -5.1 99.0 99.00
2024 04 25 05 20 334  7.7 10.6 99.00 99.00 99.00 999 1022.7   3.6   6.8  -5.1 99.0 99.00
2024 04 25 05 30 333  7.6  9.7 99.00 99.00 99.00 999 1022.8   3.6   6.7  -5.3 99.0 99.00
2024 04 25 05 40 335  7.4  9.6  1.33  9.09  4.53 102 1022.9   3.6   6.7  -5.1 99.0 99.00
2024 04 25 05 50 339  7.8  9.7 99.00 99.00 99.00 999 1022.9   3.5   6.7  -5.5 99.0 99.00
2024 04 25 06 00 333  7.7 10.5 99.00 99.00 99.00 999 1022.9   3.6   6.7  -4.9 99.0 99.00
2024 04 25 06 10 329  7.7 10.8  1.35 10.00  4.78  95 1023.0   3.5   6.7  -5.4 99.0 99.00
2024 04 25 06 20 333  7.6  9.9 99.00 99.00 99.00 999 1022.9   3.4   6.8  -5.6 99.0 99.00
2024 04 25 06 30 325  8.0  9.7 99.00 99.00 99.00 999 1023.0   3.5   6.8  -5.0 99.0 99.00
2024 04 25 06 40 329  8.2 10.3  1.41 10.00  4.86 117 1023.1   3.4   6.8  -5.2 99.0 99.00
2024 04 25 06 50 333  8.5 10.3 99.00 99.00 99.00 999 1023.1   3.3   6.8  -5.4 99.0 99.00
2024 04 25 07 00 334  7.9 10.3 99.00 99.00 99.00 999 1023.3   3.3   6.8  -5.3 99.0 99.00
2024 04 25 07 10 335  7.6 10.1  1.51  9.09  4.91 100 1023.4   3.3   6.8  -5.0 99.0 99.00
2024 04 25 07 20 335  8.0 10.0 99.00 99.00 99.00 999 1023.5   3.3   6.8  -5.1 99.0 99.00
2024 04 25 07 30 338  8.2 10.1 99.00 99.00 99.00 999 1023.6   3.2   6.9  -5.7 99.0 99.00
2024 04 25 07 40 335  8.2 10.2  1.38  9.09  4.74  95 1023.6   3.1   6.8  -5.7 99.0 99.00
2024 04 25 07 50 339  8.3 10.2 99.00 99.00 99.00 999 1023.8   3.1   6.9  -5.5 99.0 99.00
2024 04 25 08 00 339  8.3 10.3 99.00 99.00 99.00 999 1023.9   3.1   6.9  -5.3 99.0 99.00
2024 04 25 08 10 340  8.3 10.2  1.33  9.09  4.57  92 1024.0   3.1   6.9  -5.6 99.0 99.00
2024 04 25 08 20 335  8.5 10.5 99.00 99.00 99.00 999 1024.1   3.0   6.9  -5.8 99.0 99.00
2024 04 25 08 30 335  8.0  9.7 99.00 99.00 99.00 999 1024.3   3.0   6.8  -5.6 99.0 99.00
2024 04 25 08 40 337  7.7  9.8  1.29  9.09  4.63  85 1024.4   2.9   6.8  -5.6 99.0 99.00
2024 04 25 08 50 339  7.9  9.7 99.00 99.00 99.00 999 1024.6   2.8   6.9  -6.1 99.0 99.00
2024 04 25 09 00 342  7.5  9.8 99.00 99.00 99.00 999 1024.7   2.8   6.9  -5.7 99.0 99.00
2024 04 25 09 10 336  7.4  9.3  1.31  9.09  4.69  93 1024.9   2.8   6.9  -5.8 99.0 99.00
2024 04 25 09 20 335  7.3  9.1 99.00 99.00 99.00 999 1024.9   2.7   6.9  -5.8 99.0 99.00
2024 04 25 09 30 337  7.3  9.0 99.00 99.00 99.00 999 1025.1   2.6   6.8  -6.2 99.0 99.00
2024 04 25 09 40 331  7.3  8.7  1.24  5.88  4.58  36 1025.4   2.6   6.8  -6.0 99.0 99.00
2024 04 25 09 50 333  7.0  8.4 99.00 99.00 99.00 999 1025.4   2.5   6.8  -6.3 99.0 99.00
2024 04 25 10 00 334  6.6  8.4 99.00 99.00 99.00 999 1025.5   2.6   6.8  -6.0 99.0 99.00
2024 04 25 10 10 333  6.8  8.4  1.26  5.88  4.66  32 1025.7   2.6   6.8  -5.9 99.0 99.00
2024 04 25 10 20 332  6.6  8.2 99.00 99.00 99.00 999 1025.9   2.7   6.8  -5.7 99.0 99.00
2024 04 25 10 30 332  6.5  8.1 99.00 99.00 99.00 999 1026.1   2.5   6.8  -6.4 99.0 99.00
2024 04 25 10 40 334  6.3  7.9  1.10  6.25  4.44  44 1026.3   2.5   6.8  -6.7 99.0 99.00
2024 04 25 10 50 330  6.4  8.4 99.00 99.00 99.00 999 1026.5   2.4   6.8  -6.7 99.0 99.00
2024 04 25 11 00 328  6.4  8.4 99.00 99.00 99.00 999 1026.5   2.4   6.8  -6.6 99.0 99.00
2024 04 25 11 10 330  6.2  8.3  1.15  8.33  4.66  82 1026.7   2.4   6.8  -6.4 99.0 99.00
2024 04 25 11 20 331  6.3  8.1 99.00 99.00 99.00 999 1026.8   2.4   6.8  -6.4 99.0 99.00
2024 04 25 11 30 330  6.4  8.2 99.00 99.00 99.00 999 1027.0   2.3   6.8  -6.7 99.0 99.00
2024 04 25 11 40 328  6.4  7.7  1.08  5.88  4.46  42 1027.2   2.3   6.8  -6.7 99.0 99.00
2024 04 25 11 50 329  6.0  7.2 99.00 99.00 99.00 999 1027.3   2.3   6.8  -6.9 99.0 99.00
2024 04 25 12 00 327  6.1  8.0 99.00 99.00 99.00 999 1027.4   2.2   6.8  -7.0 99.0 99.00
2024 04 25 12 10 333  5.8  7.5  1.13  6.67  4.62  68 1027.5   2.3   6.8  -6.7 99.0 99.00
2024 04 25 12 20 333  5.4  7.0 99.00 99.00 99.00 999 1027.6   2.3   6.8  -6.8 99.0 99.00
2024 04 25 12 30 329  5.5  6.8 99.00 99.00 99.00 999 1027.8   2.3   6.8  -6.9 99.0 99.00
2024 04 25 12 40 332  5.3  6.9  1.09  8.33  4.78  95 1027.9   2.3   6.8  -7.2 99.0 99.00
2024 04 25 12 50 327  4.8  6.4 99.00 99.00 99.00 999 1028.1   2.3   6.8  -7.0 99.0 99.00
2024 04 25 13 00 330  4.5  5.9 99.00 99.00 99.00 999 1028.3   2.4   6.8  -7.0 99.0 99.00
2024 04 25 13 10 330  3.9  5.5  1.10  8.33  4.96  90 1028.4   2.5   6.8  -6.9 99.0 99.00
2024 04 25 13 20 330  3.3  4.9 99.00 99.00 99.00 999 1028.5   2.5   6.9  -6.8 99.0 99.00
2024 04 25 13 30 330  2.6  4.0 99.00 99.00 99.00 999 1028.6   2.4   6.9  -7.4 99.0 99.00
2024 04 25 13 40 334  2.2  3.3  1.02  9.09  5.02  93 1028.7   2.5   6.9  -7.1 99.0 99.00
2024 04 25 13 50 331  2.0  3.5 99.00 99.00 99.00 999 1028.7   2.5   6.9  -7.4 99.0 99.00
2024 04 25 14 00 334  1.8  3.3 99.00 99.00 99.00 999 1028.8   2.5   6.9  -7.3 99.0 99.00
2024 04 25 14 10 306  1.0  2.8  1.08  8.33  5.20 103 1028.8   2.5   7.0  -7.3 99.0 99.00
2024 04 25 14 20 323  1.6  2.8 99.00 99.00 99.00 999 1028.9   2.6   7.0  -7.1 99.0 99.00
2024 04 25 14 30 339  1.1  2.5 99.00 99.00 99.00 999 1028.9   2.6   7.0  -7.3 99.0 99.00
2024 04 25 14 40 263  1.4  2.5  1.04  9.09  5.43  88 1029.1   2.7   7.1  -7.0 99.0 99.00
2024 04 25 14 50 295  1.4  2.5 99.00 99.00 99.00 999 1029.0   2.7   7.1  -7.1 99.0 99.00
2024 04 25 15 00 301  0.7  1.8 99.00 99.00 99.00 999 1029.0   2.7   7.2  -7.4 99.0 99.00
2024 04 25 15 10 304  0.6  2.2  1.04 10.00  5.47  89 1029.0   2.7   7.3  -7.5 99.0 99.00
2024 04 25 15 20 259  0.3  1.5 99.00 99.00 99.00 999 1029.0   2.8   7.3  -7.6 99.0 99.00
2024 04 25 15 30 236  1.5  2.7 99.00 99.00 99.00 999 1028.9   2.9   7.4  -7.6 99.0 99.00
2024 04 25 15 40 216  1.0  2.0  1.05  8.33  5.67  90 1028.9   2.9   7.5  -7.4 99.0 99.00
2024 04 25 15 50 205  1.4  3.2 99.00 99.00 99.00 999 1028.7   3.0   7.6  -7.4 99.0 99.00
2024 04 25 16 00 196  1.5  3.4 99.00 99.00 99.00 999 1028.6   2.9   7.6  -7.3 99.0 99.00
2024 04 25 16 10 187  1.8  2.8  1.04 10.00  5.96  91 1028.5   3.0   7.6  -6.9 99.0 99.00
2024 04 25 16 20 176  2.3  3.3 99.00 99.00 99.00 999 1028.4   3.2   7.8  -6.9 99.0 99.00
2024 04 25 16 30 183  2.2  3.3 99.00 99.00 99.00 999 1028.3   3.3   7.9  -7.1 99.0 99.00
2024 04 25 16 40 163  2.6  3.5  1.01 10.00  6.13  84 1028.3   3.3   7.8  -6.6 99.0 99.00
2024 04 25 16 50 149  2.5  3.4 99.00 99.00 99.00 999 1028.1   3.4   7.7  -6.5 99.0 99.00
2024 04 25 17 00 158  2.3  3.2 99.00 99.00 99.00 999 1027.9   3.5   7.7  -6.4 99.0 99.00
2024 04 25 17 10 149  2.3  3.3  0.97  9.09  5.86  92 1027.8   3.6   7.6  -6.7 99.0 99.00
2024 04 25 17 20 153  1.9  3.0 99.00 99.00 99.00 999 1027.7   3.7   7.7  -8.1 99.0 99.00
2024 04 25 17 30 152  2.5  3.8 99.00 99.00 99.00 999 1027.6   4.1   7.7  -7.1 99.0 99.00
2024 04 25 17 40 149  2.5  3.3  0.98  9.09  6.09  80 1027.6   4.1   7.8  -6.8 99.0 99.00
2024 04 25 17 50 151  2.4  3.3 99.00 99.00 99.00 999 1027.5   4.3   7.6  -6.1 99.0 99.00
2024 04 25 18 00 150  2.9  3.7 99.00 99.00 99.00 999 1027.4   4.5   7.5  -6.3 99.0 99.00
2024 04 25 18 10 131  3.0  4.4  0.87 10.00  5.77  79 1027.3   4.8   7.6  -5.6 99.0 99.00
2024 04 25 18 20 124  4.1  4.9 99.00 99.00 99.00 999 1027.1   4.7   7.4  -4.9 99.0 99.00
2024 04 25 18 30 125  4.1  5.0 99.00 99.00 99.00 999 1027.0   4.8   7.5  -4.9 99.0 99.00
2024 04 25 18 40 122  4.6  5.7  0.86 10.00  5.94  71 1027.0   5.0   7.7  -4.5 99.0 99.00
2024 04 25 18 50 120  5.2  6.0 99.00 99.00 99.00 999 1026.8   4.8   7.6  -3.6 99.0 99.00
2024 04 25 19 00 121  5.2  6.2 99.00 99.00 99.00 999 1026.7   4.9   7.5  -3.6 99.0 99.00
2024 04 25 19 10 116  5.8  6.9  0.81 10.00  5.70  72 1026.6   5.0   7.2  -3.1 99.0 99.00
2024 04 25 19 20 118  6.2  7.6 99.00 99.00 99.00 999 1026.4   4.9   7.1  -2.8 99.0 99.00
2024 04 25 19 30 117  6.0  7.2 99.00 99.00 99.00 999 1026.4   5.0   7.1  -2.6 99.0 99.00
2024 04 25 19 40 113  5.9  7.3  0.82 10.00  5.07  76 1026.2   5.1   7.2  -2.0 99.0 99.00
2024 04 25 19 50 117  6.0  7.1 99.00 99.00 99.00 999 1026.2   5.2   7.1  -1.6 99.0 99.00
2024 04 25 20 00 117  6.1  6.9 99.00 99.00 99.00 999 1026.2   5.2   7.1  -2.3 99.0 99.00
2024 04 25 20 10 121  5.9  6.9  0.77 10.00  4.37  75 1026.2   5.4   7.3  -1.6 99.0 99.00
2024 04 25 20 20 128  5.7  6.7 99.00 99.00 99.00 999 1026.1   5.6   7.5  -1.0 99.0 99.00
2024 04 25 20 30 133  6.3  7.6 99.00 99.00 99.00 999 1026.2   5.6   7.5  -1.4 99.0 99.00
2024 04 25 20 40 136  6.3  7.4  0.79  9.09  4.32  85 1026.2   5.8   7.5  -0.9 99.0 99.00
2024 04 25 20 50 138  6.8  8.2 99.00 99.00 99.00 999 1026.1   5.7   7.5  -0.4 99.0 99.00
2024 04 25 21 00 136  6.7  7.8 99.00 99.00 99.00 999 1026.1   5.7   7.5  -1.3 99.0 99.00
2024 04 25 21 10 139  6.4  7.7  0.79  9.09  4.09  75 1026.2   5.9   7.4  -1.0 99.0 99.00
2024 04 25 21 20 138  6.5  7.8 99.00 99.00 99.00 999 1026.2   5.9   7.4  -1.1 99.0 99.00
2024 04 25 21 30 137  6.5  7.5 99.00 99.00 99.00 999 1026.2   5.9   7.3  -0.9 99.0 99.00
2024 04 25 21 40 136  6.5  7.6  0.75  8.33  3.87  88 1026.1   5.9   7.2  -0.8 99.0 99.00
2024 04 25 21 50 138  6.5  7.5 99.00 99.00 99.00 999 1026.1   5.9   7.3  -1.0 99.0 99.00
2024 04 25 22 00 135  6.0  7.1 99.00 99.00 99.00 999 1026.1   6.0   7.3  -1.0 99.0 99.00
2024 04 25 22 10 137  5.7  7.0  0.72  9.09  3.76  64 1025.9   6.2   7.3  -1.1 99.0 99.00
2024 04 25 22 20 139  5.8  6.9 99.00 99.00 99.00 999 1026.0   6.3   7.3  -1.3 99.0 99.00
2024 04 25 22 30 150  6.4  8.4 99.00 99.00 99.00 999 1026.2   6.5   7.3  -1.5 99.0 99.00
2024 04 25 22 40 147  6.4  7.6  0.73  9.09  3.78  81 1026.2   6.6   7.3  -2.1 99.0 99.00
2024 04 25 22 50 151  7.0  8.0 99.00 99.00 99.00 999 1026.2   6.6   7.2  -2.7 99.0 99.00
2024 04 25 23 00 155  7.0  8.1 99.00 99.00 99.00 999 1026.3   6.6   7.2  -1.4 99.0 99.00
2024 04 25 23 10 153  6.8  8.2  0.75  8.33  3.64  80 1026.4   6.5   7.3  -0.8 99.0 99.00
2024 04 25 23 20 152  7.0  8.1 99.00 99.00 99.00 999 1026.5   6.6   7.3  -0.6 99.0 99.00
2024 04 25 23 30 154  7.4  8.9 99.00 99.00 99.00 999 1026.7   6.6   7.3  -0.6 99.0 99.00
2024 04 25 23 40 155  7.2  8.9  0.75  8.33  3.37  88 1026.9   6.6   7.2  -0.3 99.0 99.00
2024 04 25 23 50 154  7.1  8.6 99.00 99.00 99.00 999 1027.0   6.6   7.2  -1.3 99.0 99.00
2024 04 26 00 00 152  6.9  8.1 99.00 99.00 99.00 999 1027.2   6.6   7.2  -1.0 99.0 99.00
2024 04 26 00 10 151  6.9  8.0  0.74  3.23  3.62 156 1027.3   6.6   7.2  -1.0 99.0 99.00
2024 04 26 00 20 150  6.6  7.9 99.00 99.00 99.00 999 1027.4   6.6   7.2  -0.7 99.0 99.00
2024 04 26 00 30 150  6.3  7.7 99.00 99.00 99.00 999 1027.5   6.7   7.2  -0.4 99.0 99.00
2024 04 26 00 40 154  6.3  7.5  0.78  3.23  3.64 154 1027.7   6.8   7.2  -0.1 99.0 99.00
2024 04 26 00 50 155  5.9  7.4 99.00 99.00 99.00 999 1027.9   6.8   7.1   0.3 99.0 99.00
2024 04 26 01 00 169  5.6  6.9 99.00 99.00 99.00 999 1028.1   6.9   7.1   0.4 99.0 99.00
2024 04 26 01 10 172  5.5  6.5  0.72  3.03  3.56 139 1028.2   6.8   7.1   0.2 99.0 99.00
2024 04 26 01 20 176  5.3  6.3 99.00 99.00 99.00 999 1028.4   6.7   7.1   0.4 99.0 99.00
2024 04 26 01 30 183  5.2  6.2 99.00 99.00 99.00 999 1028.4   6.6   7.1   0.7 99.0 99.00
2024 04 26 01 40 182  5.2  6.3  0.65  8.33  3.63  84 1028.5   6.5   7.0   0.8 99.0 99.00
2024 04 26 01 50 181  5.4  6.8 99.00 99.00 99.00 999 1028.6   6.3   7.0   0.6 99.0 99.00
2024 04 26 02 00 188  5.3  6.2 99.00 99.00 99.00 999 1028.8   6.2   7.0   0.5 99.0 99.00
2024 04 26 02 10 192  5.4  6.5  0.64  8.33  3.72  69 1028.8   6.1   7.0   0.7 99.0 99.00
2024 04 26 02 20 197  5.2  6.3 99.00 99.00 99.00 999 1028.9   6.0   7.0   0.5 99.0 99.00
2024 04 26 02 30 199  4.8  5.8 99.00 99.00 99.00 999 1029.0   5.9   7.0   0.5 99.0 99.00
2024 04 26 02 40 201  4.7  5.6  0.65 10.00  3.67  75 1029.1   5.9   7.0   0.6 99.0 99.00
2024 04 26 02 50 199  4.8  6.2 99.00 99.00 99.00 999 1029.1   5.8   7.0   0.6 99.0 99.00
2024 04 26 03 00 196  5.2  6.4 99.00 99.00 99.00 999 1029.1   5.7   7.0   0.4 99.0 99.00
2024 04 26 03 10 202  5.1  6.4  0.60  7.69  3.81  83 1029.1   5.7   7.0   0.6 99.0 99.00
2024 04 26 03 20 208  5.0  6.0 99.00 99.00 99.00 999 1029.2   5.7   7.0   0.7 99.0 99.00
2024 04 26 03 30 205  5.0  6.0 99.00 99.00 99.00 999 1029.3   5.6   7.0   0.7 99.0 99.00
2024 04 26 03 40 204  4.7  6.2  0.60  8.33  3.69  96 1029.4   5.5   6.9   0.5 99.0 99.00
2024 04 26 03 50 196  5.0  5.9 99.00 99.00 99.00 999 1029.5   5.5   7.0   0.7 99.0 99.00
2024 04 26 04 00 200  4.5  5.5 99.00 99.00 99.00 999 1029.5   5.4   7.0   0.6 99.0 99.00
2024 04 26 04 10 208  4.4  5.4  0.55  8.33  3.98  77 1029.5   5.4   7.0   0.7 99.0 99.00
2024 04 26 04 20 202  4.6  5.6 99.00 99.00 99.00 999 1029.5   5.4   7.1   0.8 99.0 99.00
2024 04 26 04 30 206  4.5  5.7 99.00 99.00 99.00 999 1029.6   5.3   7.1   0.9 99.0 99.00
2024 04 26 04 40 211  4.5  5.8  0.58  7.69  4.23  81 1029.7   5.4   7.1   1.2 99.0 99.00
2024 04 26 04 50 218  4.7  5.8 99.00 99.00 99.00 999 1029.7   5.2   7.1   1.0 99.0 99.00
2024 04 26 05 00 226  3.9  5.4 99.00 99.00 99.00 999 1029.7   5.1   7.1   1.0 99.0 99.00
2024 04 26 05 10 225  3.7  4.8  0.53  8.33  4.14  73 1029.7   5.0   7.1   0.8 99.0 99.00
2024 04 26 05 20 233  3.6  4.8 99.00 99.00 99.00 999 1029.8   5.1   7.1   1.1 99.0 99.00
2024 04 26 05 30 234  3.8  4.6 99.00 99.00 99.00 999 1029.8   5.1   7.1   1.0 99.0 99.00
2024 04 26 05 40 240  3.8  4.5  0.53  8.33  4.48  89 1029.7   5.1   7.1   1.1 99.0 99.00
2024 04 26 05 50 240  3.5  4.8 99.00 99.00 99.00 999 1029.7   5.2   7.1   1.3 99.0 99.00
2024 04 26 06 00 239  3.7  4.8 99.00 99.00 99.00 999 1029.5   5.3   7.0   1.5 99.0 99.00
2024 04 26 06 10 234  4.7  5.6  0.45  8.33  4.28  95 1029.4   5.4   7.1   1.5 99.0 99.00
2024 04 26 06 20 235  4.3  5.4 99.00 99.00 99.00 999 1029.4   5.4   7.1   1.6 99.0 99.00
2024 04 26 06 30 234  3.6  4.5 99.00 99.00 99.00 999 1029.5   5.4   7.1   1.7 99.0 99.00
2024 04 26 06 40 240  3.6  4.8  0.43 10.00  4.50  94 1029.5   5.4   7.1   1.6 99.0 99.00
2024 04 26 06 50 248  3.5  4.4 99.00 99.00 99.00 999 1029.5   5.4   7.1   1.9 99.0 99.00
2024 04 26 07 00 249  3.9  4.8 99.00 99.00 99.00 999 1029.6   5.4   7.1   1.6 99.0 99.00
2024 04 26 07 10 248  4.4  5.2  0.45  9.09  4.31  84 1029.6   5.5   7.1   1.5 99.0 99.00
2024 04 26 07 20 246  4.2  5.0 99.00 99.00 99.00 999 1029.7   5.5   7.1   1.6 99.0 99.00
2024 04 26 07 30 245  4.2  5.0 99.00 99.00 99.00 999 1029.8   5.6   7.1   1.6 99.0 99.00
2024 04 26 07 40 249  3.9  4.8  0.42  9.09  3.97  82 1030.0   5.6   7.1   1.7 99.0 99.00
2024 04 26 07 50 261  4.2  5.4 99.00 99.00 99.00 999 1030.0   5.6   7.1   1.6 99.0 99.00
2024 04 26 08 00 260  4.8  5.8 99.00 99.00 99.00 999 1030.1   5.6   7.1   1.9 99.0 99.00
2024 04 26 08 10 261  4.8  6.0  0.39 10.00  3.71  85 1030.2   5.5   7.1   2.1 99.0 99.00
2024 04 26 08 20 262  4.5  5.6 99.00 99.00 99.00 999 1030.3   5.5   7.1   2.0 99.0 99.00
2024 04 26 08 30 270  4.2  5.5 99.00 99.00 99.00 999 1030.4   5.6   7.1   2.1 99.0 99.00
2024 04 26 08 40 265  4.1  5.0  0.39  9.09  3.57  88 1030.6   5.6   7.1   1.8 99.0 99.00
2024 04 26 08 50 272  4.0  4.9 99.00 99.00 99.00 999 1030.6   5.5   7.1   1.7 99.0 99.00
2024 04 26 09 00 279  3.7  4.7 99.00 99.00 99.00 999 1030.7   5.5   7.1   2.1 99.0 99.00
2024 04 26 09 10 295  3.7  4.8  0.42  7.69  3.57  98 1030.9   5.6   7.1   1.4 99.0 99.00
2024 04 26 09 20 303  3.7  4.7 99.00 99.00 99.00 999 1031.1   5.4   7.0   0.9 99.0 99.00
2024 04 26 09 30 293  3.9  4.6 99.00 99.00 99.00 999 1031.1   5.2   7.0   1.0 99.0 99.00
2024 04 26 09 40 302  3.9  5.0  0.40  9.09  4.09  90 1031.3   5.0   7.0   1.0 99.0 99.00
2024 04 26 09 50 303  3.8  4.9 99.00 99.00 99.00 999 1031.5   4.8   7.0   1.0 99.0 99.00
2024 04 26 10 00 312  2.9  3.7 99.00 99.00 99.00 999 1031.6   4.7   7.0   0.9 99.0 99.00
2024 04 26 10 10 310  3.1  3.9  0.38  9.09  4.21  95 1031.8   4.7   7.0   1.0 99.0 99.00
2024 04 26 10 20 319  3.2  3.9 99.00 99.00 99.00 999 1031.9   4.9   7.0   1.2 99.0 99.00
2024 04 26 10 30 325  3.3  4.2 99.00 99.00 99.00 999 1032.0   4.8   7.0   1.1 99.0 99.00
2024 04 26 10 40 330  3.2  4.0  0.34  9.09  4.46  87 1032.1   4.9   7.0   1.3 99.0 99.00
2024 04 26 10 50 339  3.7  4.5 99.00 99.00 99.00 999 1032.3   5.1   7.0   1.1 99.0 99.00
2024 04 26 11 00 350  3.9  4.9 99.00 99.00 99.00 999 1032.5   5.2   7.0   1.0 99.0 99.00
2024 04 26 11 10 355  4.0  4.6  0.32  9.09  4.94  98 1032.5   5.1   7.0   1.0 99.0 99.00
2024 04 26 11 20 357  4.1  4.9 99.00 99.00 99.00 999 1032.6   5.0   7.0   1.6 99.0 99.00
2024 04 26 11 30   6  3.7  4.4 99.00 99.00 99.00 999 1032.7   5.0   7.0   1.7 99.0 99.00
2024 04 26 11 40   4  4.2  5.0  0.33  9.09  5.90  83 1032.7   5.1   7.0   2.3 99.0 99.00
2024 04 26 11 50   1  4.1  4.8 99.00 99.00 99.00 999 1032.7   5.2   7.0   3.0 99.0 99.00
2024 04 26 12 00   4  4.2  5.0 99.00 99.00 99.00 999 1032.7   5.4   7.0   3.4 99.0 99.00
2024 04 26 12 10   6  4.4  5.5  0.33  8.33  5.12 106 1032.9   5.9   7.0   3.8 99.0 99.00
2024 04 26 12 20   5  4.7  5.5 99.00 99.00 99.00 999 1033.0   6.1   7.0   3.9 99.0 99.00
2024 04 26 12 30  23  5.3  7.1 99.00 99.00 99.00 999 1033.0   6.6   7.1   1.9 99.0 99.00
2024 04 26 12 40  31  5.9  7.0  0.37 10.00  4.11 276 1033.2   6.7   7.1   1.0 99.0 99.00
2024 04 26 12 50  38  5.8  7.2 99.00 99.00 99.00 999 1033.2   6.7   7.1   0.7 99.0 99.00
2024 04 26 13 00  38  5.8  7.0 99.00 99.00 99.00 999 1033.3   6.7   7.1   1.0 99.0 99.00
2024 04 26 13 10  36  5.9  7.3  0.46  8.33  3.20  79 1033.5   6.7   7.1   0.6 99.0 99.00
2024 04 26 13 20  38  5.4  6.5 99.00 99.00 99.00 999 1033.5   6.7   7.1   0.9 99.0 99.00
2024 04 26 13 30  40  5.5  6.4 99.00 99.00 99.00 999 1033.5   6.7   7.1   0.2 99.0 99.00
2024 04 26 13 40  43  5.2  6.0  0.45 10.00  3.14  61 1033.7   6.7   7.1  -0.1 99.0 99.00
2024 04 26 13 50  52  4.9  5.9 99.00 99.00 99.00 999 1033.7   6.7   7.1  -0.2 99.0 99.00
2024 04 26 14 00  50  4.7  5.7 99.00 99.00 99.00 999 1033.8   6.7   7.1  -1.0 99.0 99.00
2024 04 26 14 10  51  4.2  5.1  0.45  7.69  3.36 103 1033.7   6.7   7.1  -0.6 99.0 99.00
2024 04 26 14 20  49  4.4  5.2 99.00 99.00 99.00 999 1033.8   6.7   7.1  -0.7 99.0 99.00
2024 04 26 14 30  50  4.3  5.1 99.00 99.00 99.00 999 1033.8   6.7   7.1  -0.6 99.0 99.00
2024 04 26 14 40  56  3.9  4.8  0.49  9.09  3.44  93 1033.8   6.6   7.2  -0.3 99.0 99.00
2024 04 26 14 50  51  4.0  4.8 99.00 99.00 99.00 999 1033.7   6.6   7.2  -0.8 99.0 99.00
2024 04 26 15 00  55  3.7  4.5 99.00 99.00 99.00 999 1033.8   6.6   7.1  -0.4 99.0 99.00
2024 04 26 15 10  51  3.7  4.3  0.48 10.00  3.55  66 1033.8   6.6   7.2  -0.9 99.0 99.00
2024 04 26 15 20  56  3.4  4.0 99.00 99.00 99.00 999 1033.8   6.6   7.2  -0.8 99.0 99.00
2024 04 26 15 30  56  3.3  4.0 99.00 99.00 99.00 999 1033.7   6.6   7.2  -1.4 99.0 99.00
2024 04 26 15 40  54  3.1  3.7  0.49  8.33  3.70  90 1033.6   6.6   7.2  -1.6 99.0 99.00
2024 04 26 15 50  62  2.8  3.5 99.00 99.00 99.00 999 1033.5   6.6   7.3  -2.0 99.0 99.00
2024 04 26 16 00  71  2.4  3.0 99.00 99.00 99.00 999 1033.3   6.6   7.3  -2.3 99.0 99.00
2024 04 26 16 10  67  2.3  3.2  0.47 10.00  3.75  67 1033.3   6.6   7.3  -2.0 99.0 99.00
2024 04 26 16 20  62  2.4  3.2 99.00 99.00 99.00 999 1033.3   6.6   7.3  -2.0 99.0 99.00
2024 04 26 16 30  73  2.7  3.5 99.00 99.00 99.00 999 1033.2   6.6   7.5  -1.6 99.0 99.00
2024 04 26 16 40  82  2.8  3.7  0.50  7.69  3.81  49 1033.0   6.6   7.5  -1.1 99.0 99.00
2024 04 26 16 50  81  3.0  4.0 99.00 99.00 99.00 999 1033.0   6.6   7.6  -1.5 99.0 99.00
2024 04 26 17 00  92  2.9  3.7 99.00 99.00 99.00 999 1032.9   6.6   7.6  -1.3 99.0 99.00
2024 04 26 17 10  93  3.0  3.7  0.51  8.33  4.09  71 1032.9   6.6   7.6  -1.5 99.0 99.00
2024 04 26 17 20 100  3.0  3.9 99.00 99.00 99.00 999 1032.9   6.6   7.7  -1.3 99.0 99.00
2024 04 26 17 30 100  3.4  4.2 99.00 99.00 99.00 999 1032.8   6.6   7.8  -1.4 99.0 99.00
2024 04 26 17 40 106  3.6  4.4  0.49  3.45  3.75  30 1032.7   6.6   7.9  -1.2 99.0 99.00
2024 04 26 17 50 116  3.7  4.5 99.00 99.00 99.00 999 1032.8   6.7   7.9  -1.3 99.0 99.00
2024 04 26 18 00 119  3.8  4.6 99.00 99.00 99.00 999 1032.8   6.7   7.9  -1.6 99.0 99.00
2024 04 26 18 10 117  3.9  4.8  0.46 10.00  3.79  80 1032.7   6.7   7.9  -1.8 99.0 99.00
2024 04 26 18 20 123  3.8  4.5 99.00 99.00 99.00 999 1032.7   6.8   7.8  -1.9 99.0 99.00
2024 04 26 18 30 125  3.7  4.6 99.00 99.00 99.00 999 1032.7   6.8   7.9  -2.0 99.0 99.00
2024 04 26 18 40 135  3.7  4.4  0.45  9.09  3.91  95 1032.7   6.8   8.0  -1.5 99.0 99.00
2024 04 26 18 50 131  3.9  4.5 99.00 99.00 99.00 999 1032.5   6.8   8.0  -1.2 99.0 99.00
2024 04 26 19 00 132  3.9  4.6 99.00 99.00 99.00 999 1032.3   6.8   7.9  -1.1 99.0 99.00
2024 04 26 19 10 137  4.1  4.9  0.42  3.57  3.57  32 1032.2   6.8   7.8  -0.9 99.0 99.00
2024 04 26 19 20 140  4.2  5.0 99.00 99.00 99.00 999 1032.1   6.8   7.8  -1.2 99.0 99.00
2024 04 26 19 30 143  4.3  5.0 99.00 99.00 99.00 999 1032.0   6.9   7.8  -1.0 99.0 99.00
2024 04 26 19 40 150  4.5  5.3  0.42  3.45  3.83  28 1032.1   6.9   7.8  -0.9 99.0 99.00
2024 04 26 19 50 151  4.2  5.0 99.00 99.00 99.00 999 1032.1   6.9   7.7  -0.6 99.0 99.00
2024 04 26 20 00 154  4.5  5.3 99.00 99.00 99.00 999 1032.1   7.0   7.7  -0.3 99.0 99.00
2024 04 26 20 10 154  4.7  5.4  0.40  9.09  4.08  86 1032.2   7.0   7.7  -0.4 99.0 99.00
2024 04 26 20 20 154  4.5  5.3 99.00 99.00 99.00 999 1032.2   7.0   7.5   0.0 99.0 99.00
2024 04 26 20 30 152  4.8  5.5 99.00 99.00 99.00 999 1032.3   7.0   7.7   0.3 99.0 99.00
2024 04 26 20 40 157  5.0  5.8  0.33  9.09  3.99  99 1032.3   7.0   7.7   0.1 99.0 99.00
2024 04 26 20 50 157  5.3  6.3 99.00 99.00 99.00 999 1032.2   7.0   7.6   0.4 99.0 99.00
2024 04 26 21 00 156  5.1  6.1 99.00 99.00 99.00 999 1032.1   7.0   7.5   0.5 99.0 99.00
2024 04 26 21 10 159  5.4  6.3  0.34  9.09  3.99  77 1032.1   7.0   7.6   0.5 99.0 99.00
2024 04 26 21 20 159  5.1  5.9 99.00 99.00 99.00 999 1032.2   7.0   7.6   0.6 99.0 99.00
2024 04 26 21 30 157  5.2  6.5 99.00 99.00 99.00 999 1032.1   7.1   7.6   0.5 99.0 99.00
2024 04 26 21 40 155  5.4  6.1  0.38  9.09  3.47  82 1032.0   7.1   7.5   0.4 99.0 99.00
2024 04 26 21 50 155  5.5  7.0 99.00 99.00 99.00 999 1032.2   7.1   7.5   0.0 99.0 99.00
2024 04 26 22 00 155  5.3  6.1 99.00 99.00 99.00 999 1032.3   7.2   7.4  -0.1 99.0 99.00
2024 04 26 22 10 155  5.0  5.9  0.34  7.69  3.11 105 1032.3   7.3   7.4   0.2 99.0 99.00
2024 04 26 22 20 158  5.0  6.1 99.00 99.00 99.00 999 1032.3   7.3   7.3   0.6 99.0 99.00
2024 04 26 22 30 166  5.5  6.6 99.00 99.00 99.00 999 1032.3   7.3   7.3   0.9 99.0 99.00
2024 04 26 22 40 172  6.4  8.1  0.39  9.09  3.06  81 1032.4   7.3   7.2   1.3 99.0 99.00
2024 04 26 22 50 181  6.7  8.1 99.00 99.00 99.00 999 1032.4   7.3   7.3   1.6 99.0 99.00
2024 04 26 23 00 178  6.3  8.0 99.00 99.00 99.00 999 1032.5   7.4   7.2   1.2 99.0 99.00
2024 04 26 23 10 172  6.1  7.5  0.39  9.09  3.02 107 1032.4   7.5   7.2   1.2 99.0 99.00
2024 04 26 23 20 170  6.0  7.1 99.00 99.00 99.00 999 1032.4   7.5   7.2   0.7 99.0 99.00
2024 04 26 23 30 159  5.4  6.6 99.00 99.00 99.00 999 1032.2   7.6   7.2   0.5 99.0 99.00
2024 04 26 23 40 157  5.5  6.8  0.45  9.09  3.19 103 1032.3   7.6   7.2   0.3 99.0 99.00
2024 04 26 23 50 160  5.6  6.7 99.00 99.00 99.00 999 1032.2   7.7   7.3   0.3 99.0 99.00
2024 04 27 00 00 160  5.4  6.5 99.00 99.00 99.00 999 1032.3   7.8   7.3   0.0 99.0 99.00
2024 04 27 00 10 159  5.0  6.0  0.42  2.47  2.91 167 1032.3   7.9   7.3   0.2 99.0 99.00
2024 04 27 00 20 163  5.4  6.6 99.00 99.00 99.00 999 1032.4   8.0   7.3  -0.4 99.0 99.00
2024 04 27 00 30 168  5.7  7.0 99.00 99.00 99.00 999 1032.4   8.0   7.3  -0.5 99.0 99.00
2024 04 27 00 40 169  5.8  7.1  0.44  8.33  3.25  86 1032.5   8.0   7.3  -0.4 99.0 99.00
2024 04 27 00 50 170  5.6  6.9 99.00 99.00 99.00 999 1032.7   8.0   7.3   0.1 99.0 99.00
2024 04 27 01 00 170  5.7  6.6 99.00 99.00 99.00 999 1032.7   8.0   7.3   0.7 99.0 99.00
2024 04 27 01 10 172  5.6  6.7  0.45  8.33  3.06  83 1032.6   7.9   7.3   2.1 99.0 99.00
2024 04 27 01 20 176  5.1  6.4 99.00 99.00 99.00 999 1032.7   7.8   7.3   3.0 99.0 99.00
2024 04 27 01 30 183  5.1  6.0 99.00 99.00 99.00 999 1032.7   7.8   7.3   2.9 99.0 99.00
2024 04 27 01 40 178  4.5  5.4  0.44  8.33  3.38  86 1032.7   7.7   7.3   2.8 99.0 99.00
2024 04 27 01 50 178  4.7  5.6 99.00 99.00 99.00 999 1032.8   7.7   7.4   2.6 99.0 99.00
2024 04 27 02 00 179  4.4  5.2 99.00 99.00 99.00 999 1032.8   7.7   7.4   2.5 99.0 99.00
2024 04 27 02 10 181  4.3  5.4  0.39  8.33  3.49  91 1032.8   7.6   7.4   2.3 99.0 99.00
2024 04 27 02 20 188  4.4  5.4 99.00 99.00 99.00 999 1032.8   7.6   7.4   2.3 99.0 99.00
2024 04 27 02 30 185  4.1  5.0 99.00 99.00 99.00 999 1033.0   7.5   7.3   2.0 99.0 99.00
2024 04 27 02 40 191  3.8  4.7  0.40  9.09  3.36  65 1033.1   7.4   7.3   2.1 99.0 99.00
2024 04 27 02 50 198  3.9  4.6 99.00 99.00 99.00 999 1033.1   7.4   7.3   1.8 99.0 99.00
2024 04 27 03 00 203  3.6  4.3 99.00 99.00 99.00 999 1033.1   7.3   7.3   1.7 99.0 99.00
2024 04 27 03 10 201  3.9  4.5  0.38  8.33  3.35  91 1033.2   7.3   7.3   1.1 99.0 99.00
2024 04 27 03 20 200  3.9  4.7 99.00 99.00 99.00 999 1033.3   7.2   7.3   0.7 99.0 99.00
2024 04 27 03 30 201  3.8  4.7 99.00 99.00 99.00 999 1033.4   7.2   7.3   0.8 99.0 99.00
2024 04 27 03 40 203  4.0  5.0  0.34  7.69  3.78  92 1033.5   7.1   7.3   0.5 99.0 99.00
2024 04 27 03 50 207  4.3  5.2 99.00 99.00 99.00 999 1033.5   7.1   7.3   0.0 99.0 99.00
2024 04 27 04 00 203  3.8  4.7 99.00 99.00 99.00 999 1033.6   7.0   7.3   0.0 99.0 99.00
2024 04 27 04 10 208  3.9  4.6  0.34  8.33  3.96  91 1033.5   7.0   7.3   0.2 99.0 99.00
2024 04 27 04 20 206  4.2  5.4 99.00 99.00 99.00 999 1033.5   6.9   7.3   0.5 99.0 99.00
2024 04 27 04 30 200  4.4  5.4 99.00 99.00 99.00 999 1033.5   6.8   7.3   0.6 99.0 99.00
2024 04 27 04 40 202  4.3  5.1  0.35  9.09  3.58 100 1033.5   6.8   7.3   0.9 99.0 99.00
2024 04 27 04 50 202  4.2  5.2 99.00 99.00 99.00 999 1033.5   6.8   7.3   1.2 99.0 99.00
2024 04 27 05 00 204  4.3  5.2 99.00 99.00 99.00 999 1033.5   6.7   7.3   1.2 99.0 99.00
2024 04 27 05 10 204  4.1  5.3  0.32  8.33  4.04  93 1033.4   6.6   7.3   1.1 99.0 99.00
2024 04 27 05 20 202  4.1  4.8 99.00 99.00 99.00 999 1033.2   6.6   7.3   1.1 99.0 99.00
2024 04 27 05 30 203  4.0  4.8 99.00 99.00 99.00 999 1033.2   6.6   7.3   1.2 99.0 99.00
2024 04 27 05 40 203  4.0  4.9  0.34  8.33  4.13  90 1033.0   6.6   7.3   1.0 99.0 99.00
2024 04 27 05 50 204  3.9  4.9 99.00 99.00 99.00 999 1033.0   6.6   7.3   1.0 99.0 99.00
2024 04 27 06 00 207  3.8  4.6 99.00 99.00 99.00 999 1033.0   6.5   7.3   0.9 99.0 99.00
2024 04 27 06 10 205  3.8  4.7  0.32  8.33  4.11  96 1033.0   6.5   7.3   0.9 99.0 99.00
2024 04 27 06 20 210  3.7  4.6 99.00 99.00 99.00 999 1032.9   6.5   7.2   0.9 99.0 99.00
2024 04 27 06 30 217  3.9  4.8 99.00 99.00 99.00 999 1033.0   6.5   7.3   0.5 99.0 99.00
2024 04 27 06 40 222  3.9  4.8  0.31  9.09  4.30  89 1033.0   6.5   7.2   0.7 99.0 99.00
2024 04 27 06 50 215  3.9  4.7 99.00 99.00 99.00 999 1033.0   6.4   7.2   0.4 99.0 99.00
2024 04 27 07 00 212  3.8  4.5 99.00 99.00 99.00 999 1033.0   6.3   7.2   0.2 99.0 99.00
2024 04 27 07 10 221  4.0  5.0  0.32 10.81  4.28  91 1033.0   6.2   7.2   0.2 99.0 99.00
2024 04 27 07 20 223  3.9  4.7 99.00 99.00 99.00 999 1033.1   6.2   7.2   0.5 99.0 99.00
2024 04 27 07 30 227  3.8  4.7 99.00 99.00 99.00 999 1033.1   6.1   7.2   0.7 99.0 99.00
2024 04 27 07 40 226  3.9  4.8  0.30  8.33  4.36  86 1033.2   6.1   7.2   0.7 99.0 99.00
2024 04 27 07 50 222  3.7  4.5 99.00 99.00 99.00 999 1033.3   6.1   7.2   0.8 99.0 99.00
2024 04 27 08 00 218  3.4  4.3 99.00 99.00 99.00 999 1033.2   6.0   7.2   0.9 99.0 99.00
2024 04 27 08 10 207  3.5  4.1  0.29  8.33  4.54 101 1033.2   5.9   7.2   0.7 99.0 99.00
2024 04 27 08 20 206  3.6  4.5 99.00 99.00 99.00 999 1033.2   5.8   7.2   0.7 99.0 99.00
2024 04 27 08 30 217  3.6  4.6 99.00 99.00 99.00 999 1033.2   5.9   7.2   1.4 99.0 99.00
2024 04 27 08 40 213  4.1  4.9  0.29  8.33  4.83  84 1033.2   5.7   7.2   1.3 99.0 99.00
2024 04 27 08 50 213  4.0  4.8 99.00 99.00 99.00 999 1033.3   5.6   7.2   1.5 99.0 99.00
2024 04 27 09 00 213  3.8  4.3 99.00 99.00 99.00 999 1033.3   5.6   7.2   1.3 99.0 99.00
2024 04 27 09 10 211  3.7  4.4  0.26  9.09  4.57 101 1033.3   5.7   7.2   1.2 99.0 99.00
2024 04 27 09 20 216  3.6  4.3 99.00 99.00 99.00 999 1033.4   5.7   7.2   1.2 99.0 99.00
2024 04 27 09 30 220  3.6  4.5 99.00 99.00 99.00 999 1033.2   5.7   7.2   1.4 99.0 99.00
2024 04 27 09 40 231  4.3  5.4  0.27  9.09  4.43  77 1033.1   5.9   7.2   1.4 99.0 99.00
2024 04 27 09 50 237  4.5  5.9 99.00 99.00 99.00 999 1033.2   6.0   7.2   1.8 99.0 99.00
2024 04 27 10 00 239  5.2  6.7 99.00 99.00 99.00 999 1033.3   6.1   7.2   1.9 99.0 99.00
2024 04 27 10 10 240  5.7  7.1  0.31  8.33  3.23  89 1033.5   6.1 999.0   1.8 99.0 99.00
2024 04 27 10 20 243  6.0  7.2 99.00 99.00 99.00 999 1033.8   6.2   7.2   2.1 99.0 99.00
2024 04 27 10 30 244  6.5  8.0 99.00 99.00 99.00 999 1034.1   6.2   7.2   2.3 99.0 99.00
2024 04 27 10 40 244  6.9  8.1  0.41  2.35  2.75 237 1034.3   6.2   7.2   2.3 99.0 99.00
2024 04 27 10 50 242  6.9  8.0 99.00 99.00 99.00 999 1034.3   6.2   7.2   2.1 99.0 99.00
2024 04 27 11 00 239  6.2  7.9 99.00 99.00 99.00 999 1034.6   6.2 999.0   2.5 99.0 99.00
2024 04 27 11 10 239  6.3  7.5  0.47  2.74  2.91 254 1034.7   6.2   7.2   2.5 99.0 99.00
2024 04 27 11 20 239  6.1  7.4 99.00 99.00 99.00 999 1034.6   6.2   7.2   2.6 99.0 99.00
2024 04 27 11 30 237  6.0  7.0 99.00 99.00 99.00 999 1034.6   6.2   7.2   2.5 99.0 99.00
2024 04 27 11 40 236  5.8  7.1  0.43  2.60  2.83 251 1034.6   6.3   7.2   2.5 99.0 99.00
2024 04 27 11 50 230  5.6  6.9 99.00 99.00 99.00 999 1034.5   6.3   7.2   2.6 99.0 99.00
2024 04 27 12 00 234  5.9  7.2 99.00 99.00 99.00 999 1034.6   6.4   7.2   2.6 99.0 99.00
2024 04 27 12 10 234  5.2  6.4  0.44  2.74  2.91 245 1034.5   6.5   7.2   2.5 99.0 99.00
2024 04 27 12 20 235  4.6  5.8 99.00 99.00 99.00 999 1034.7   6.5   7.2   2.5 99.0 99.00
2024 04 27 12 30 235  4.2  5.0 99.00 99.00 99.00 999 1034.6   6.6   7.2   2.6 99.0 99.00
2024 04 27 12 40 241  4.3  5.3  0.34  8.33  3.16  94 1034.6   6.6   7.2   2.4 99.0 99.00
2024 04 27 12 50 239  4.5  5.3 99.00 99.00 99.00 999 1034.6   6.8   7.2   2.7 99.0 99.00
2024 04 27 13 00 243  3.9  5.0 99.00 99.00 99.00 999 1034.5   6.9   7.2   2.8 99.0 99.00
2024 04 27 13 10 247  3.5  4.6  0.34  8.33  3.63 100 1034.5   7.0   7.3   2.9 99.0 99.00
2024 04 27 13 20 250  3.8  4.8 99.00 99.00 99.00 999 1034.6   7.1   7.3   3.0 99.0 99.00
2024 04 27 13 30 247  3.8  4.5 99.00 99.00 99.00 999 1034.5   7.2   7.3   3.3 99.0 99.00
2024 04 27 13 40 244  3.3  4.2  0.31  9.09  3.48  77 1034.4   7.3   7.3   3.1 99.0 99.00
2024 04 27 13 50 241  3.0  3.8 99.00 99.00 99.00 999 1034.4   7.4   7.3   3.4 99.0 99.00
2024 04 27 14 00 240  2.8  3.5 99.00 99.00 99.00 999 1034.3   7.5   7.4   3.7 99.0 99.00
2024 04 27 14 10 240  2.6  3.4  0.33  8.33  4.04  89 1034.1   7.5   7.4   3.8 99.0 99.00
2024 04 27 14 20 240  2.2  2.8 99.00 99.00 99.00 999 1034.1   7.6   7.5   3.8 99.0 99.00
2024 04 27 14 30 243  2.1  2.7 99.00 99.00 99.00 999 1034.1   7.7   7.6   4.0 99.0 99.00
2024 04 27 14 40 240  1.6  2.4  0.31  9.09  4.23  76 1033.9   7.8   7.5   4.1 99.0 99.00
2024 04 27 14 50 248  0.6  1.2 99.00 99.00 99.00 999 1033.9   8.0   7.6   4.1 99.0 99.00
2024 04 27 15 00 249  0.8  1.4 99.00 99.00 99.00 999 1033.8   8.2   7.6   4.1 99.0 99.00
2024 04 27 15 10 264  1.2  1.5  0.31  8.33  5.02  91 1033.8   8.2   7.8   4.1 99.0 99.00
2024 04 27 15 20 278  1.1  1.7 99.00 99.00 99.00 999 1033.7   8.3   7.7   4.4 99.0 99.00
2024 04 27 15 30 300  0.7  1.1 99.00 99.00 99.00 999 1033.4   8.4   7.9   4.1 99.0 99.00
2024 04 27 15 40 318  0.4  0.8  0.28  8.33  5.38 110 1033.2   8.4   7.8   3.8 99.0 99.00
2024 04 27 15 50  35  0.0  0.0 99.00 99.00 99.00 999 1033.0   8.5   8.0   3.9 99.0 99.00
2024 04 27 16 00  64  0.0  0.0 99.00 99.00 99.00 999 1032.9   8.8   7.9   3.6 99.0 99.00
2024 04 27 16 10  72  0.5  1.8  0.29  8.33  6.06 103 1032.7   9.0   7.9   3.2 99.0 99.00
2024 04 27 16 20  77  1.5  2.0 99.00 99.00 99.00 999 1032.6   9.1   8.0   3.2 99.0 99.00
2024 04 27 16 30  81  2.0  2.5 99.00 99.00 99.00 999 1032.5   9.1   8.6   3.4 99.0 99.00
2024 04 27 16 40  85  2.2  2.8  0.28  8.33  6.16 102 1032.4   9.0   8.9   3.2 99.0 99.00
2024 04 27 16 50  88  2.7  3.3 99.00 99.00 99.00 999 1032.2   9.0   8.6   3.1 99.0 99.00
2024 04 27 17 00  96  3.0  3.8 99.00 99.00 99.00 999 1032.0   8.9   8.6   3.6 99.0 99.00
2024 04 27 17 10 106  3.5  4.2  0.28  7.69  6.97  96 1031.8   8.8   8.6   4.1 99.0 99.00
2024 04 27 17 20 116  3.5  4.4 99.00 99.00 99.00 999 1031.7   8.8   8.5   4.1 99.0 99.00
2024 04 27 17 30 115  3.3  3.9 99.00 99.00 99.00 999 1031.6   8.8   8.7   4.2 99.0 99.00
2024 04 27 17 40 117  3.2  3.9  0.30  8.33  4.93 101 1031.5   8.9   8.8   4.2 99.0 99.00
2024 04 27 17 50 120  3.4  4.0 99.00 99.00 99.00 999 1031.4   8.9   8.3   4.8 99.0 99.00
2024 04 27 18 00 124  3.5  4.4 99.00 99.00 99.00 999 1031.3   8.9   8.2   4.9 99.0 99.00
2024 04 27 18 10 128  4.1  5.2  0.28  8.33  6.63 111 1031.2   8.9   8.1   5.7 99.0 99.00
2024 04 27 18 20 131  4.7  5.5 99.00 99.00 99.00 999 1031.0   8.7   8.2   5.9 99.0 99.00
2024 04 27 18 30 118  4.7  5.5 99.00 99.00 99.00 999 1030.8   8.6   8.3   5.5 99.0 99.00
2024 04 27 18 40 124  5.0  6.0  0.29  8.33  6.54 104 1030.5   8.5   8.2   5.7 99.0 99.00
2024 04 27 18 50 120  4.7  5.5 99.00 99.00 99.00 999 1030.3   8.5   8.1   5.7 99.0 99.00
2024 04 27 19 00 117  4.3  5.0 99.00 99.00 99.00 999 1030.2   8.6   8.2   5.3 99.0 99.00
2024 04 27 19 10 119  4.5  5.4  0.28  8.33  6.23  86 1030.0   8.8   8.3   5.0 99.0 99.00
2024 04 27 19 20 120  4.9  5.8 99.00 99.00 99.00 999 1029.7   8.9   8.2   5.1 99.0 99.00
2024 04 27 19 30 124  5.7  6.8 99.00 99.00 99.00 999 1029.6   9.1   7.9   5.2 99.0 99.00
2024 04 27 19 40 123  5.8  7.0  0.31 10.81  5.81 116 1029.4   9.2   8.0   5.1 99.0 99.00
2024 04 27 19 50 124  6.1  7.2 99.00 99.00 99.00 999 1029.1   9.3   7.8   5.1 99.0 99.00
2024 04 27 20 00 122  5.9  6.9 99.00 99.00 99.00 999 1029.0   9.3   8.0   5.3 99.0 99.00
2024 04 27 20 10 120  5.8  6.8  0.35  7.69  3.74 107 1028.9   9.2   8.0   5.3 99.0 99.00
2024 04 27 20 20 120  5.6  6.5 99.00 99.00 99.00 999 1028.7   9.3   8.1   5.3 99.0 99.00
2024 04 27 20 30 125  5.5  6.1 99.00 99.00 99.00 999 1028.6   9.2   8.1   5.5 99.0 99.00
2024 04 27 20 40 134  5.5  6.4  0.33 10.81  3.27 104 1028.4   9.2   8.3   5.5 99.0 99.00
2024 04 27 20 50 140  6.0  6.9 99.00 99.00 99.00 999 1028.4   9.5   8.2   5.1 99.0 99.00
2024 04 27 21 00 139  5.8  6.7 99.00 99.00 99.00 999 1028.4   9.8   7.9   5.0 99.0 99.00
2024 04 27 21 10 142  5.3  6.3  0.35  8.33  3.45  96 1028.4   9.8   7.8   4.9 99.0 99.00
2024 04 27 21 20 147  5.3  6.4 99.00 99.00 99.00 999 1028.3   9.8   7.7   5.2 99.0 99.00
2024 04 27 21 30 167  4.5  5.9 99.00 99.00 99.00 999 1028.2  10.0   7.8   5.1 99.0 99.00
2024 04 27 21 40 201  5.6  7.1  0.38 10.81  3.18  97 1028.1  11.1   7.7   3.9 99.0 99.00
2024 04 27 21 50 194  5.5  6.3 99.00 99.00 99.00 999 1028.1  10.9   7.6   4.1 99.0 99.00
2024 04 27 22 00 188  5.7  6.7 99.00 99.00 99.00 999 1028.1  11.3   7.6   3.7 99.0 99.00
2024 04 27 22 10 187  5.7  6.6  0.40  8.33  3.22  77 1028.0  11.1   7.5   3.8 99.0 99.00
2024 04 27 22 20 178  5.7  6.6 99.00 99.00 99.00 999 1027.9  10.9   7.6   4.1 99.0 99.00
2024 04 27 22 30 180  6.0  7.1 99.00 99.00 99.00 999 1027.9  10.9   7.7   3.9 99.0 99.00
2024 04 27 22 40 177  5.5  6.5  0.43  3.13  3.08 140 1027.9  10.6   7.6   4.1 99.0 99.00
2024 04 27 22 50 173  5.4  6.3 99.00 99.00 99.00 999 1027.8  10.3   7.5   4.3 99.0 99.00
2024 04 27 23 00 175  5.8  6.7 99.00 99.00 99.00 999 1027.7  10.6   7.4   3.8 99.0 99.00
2024 04 27 23 10 170  5.7  6.4  0.46  3.13  3.10 155 1027.5  10.4   7.4   3.8 99.0 99.00
2024 04 27 23 20 169  5.7  6.5 99.00 99.00 99.00 999 1027.4  10.1   7.3   4.0 99.0 99.00
2024 04 27 23 30 167  5.7  6.6 99.00 99.00 99.00 999 1027.4   9.9   7.2   4.1 99.0 99.00
2024 04 27 23 40 171  5.9  6.7  0.54  7.69  3.09  80 1027.4  10.2   7.2   3.6 99.0 99.00
2024 04 27 23 50 174  5.8  6.5 99.00 99.00 99.00 999 1027.5  10.0   7.2   3.6 99.0 99.00
2024 04 28 00 00 179  6.1  7.2 99.00 99.00 99.00 999 1027.3  10.4   7.2   3.2 99.0 99.00
2024 04 28 00 10 181  5.9  6.9  0.50  7.69  3.23  83 1027.2  10.4   7.2   3.0 99.0 99.00
2024 04 28 00 20 185  5.8  6.5 99.00 99.00 99.00 999 1027.2  10.2   7.3   3.3 99.0 99.00
2024 04 28 00 30 192  6.0  6.7 99.00 99.00 99.00 999 1027.3  10.1   7.3   3.2 99.0 99.00
2024 04 28 00 40 199  5.9  6.8  0.52 10.00  3.18  71 1027.2  10.1   7.3   2.9 99.0 99.00
2024 04 28 00 50 202  5.8  7.1 99.00 99.00 99.00 999 1027.3  10.0   7.3   2.8 99.0 99.00
2024 04 28 01 00 206  5.3  6.1 99.00 99.00 99.00 999 1027.3   9.8   7.3   3.0 99.0 99.00
2024 04 28 01 10 206  5.4  6.0  0.48  8.33  3.13 108 1027.4   9.8   7.3   3.0 99.0 99.00
2024 04 28 01 20 208  4.9  6.0 99.00 99.00 99.00 999 1027.5   9.6   7.3   3.0 99.0 99.00
2024 04 28 01 30 211  5.3  6.5 99.00 99.00 99.00 999 1027.5   9.7   7.3   2.5 99.0 99.00
2024 04 28 01 40 213  5.8  6.9  0.51  2.60  3.04 210 1027.4   9.7   7.3   2.5 99.0 99.00
2024 04 28 01 50 214  6.3  7.6 99.00 99.00 99.00 999 1027.4   9.6   7.3   2.4 99.0 99.00
2024 04 28 02 00 214  6.0  7.0 99.00 99.00 99.00 999 1027.5   9.5   7.3   2.4 99.0 99.00
2024 04 28 02 10 214  6.0  7.1  0.58  2.86  3.10 206 1027.5   9.4   7.3   2.4 99.0 99.00
2024 04 28 02 20 215  6.1  7.2 99.00 99.00 99.00 999 1027.4   9.4   7.3   2.4 99.0 99.00
2024 04 28 02 30 219  5.8  6.9 99.00 99.00 99.00 999 1027.3   9.3   7.3   2.4 99.0 99.00
2024 04 28 02 40 217  5.4  6.4  0.65  3.13  3.28 192 1027.2   9.2   7.3   2.4 99.0 99.00
2024 04 28 02 50 221  5.6  6.8 99.00 99.00 99.00 999 1027.1   9.3   7.3   2.3 99.0 99.00
2024 04 28 03 00 222  5.5  7.1 99.00 99.00 99.00 999 1027.0   9.2   7.3   2.4 99.0 99.00
2024 04 28 03 10 225  5.8  7.0  0.62  3.13  3.24 189 1026.8   9.2   7.3   2.2 99.0 99.00
2024 04 28 03 20 226  5.9  6.9 99.00 99.00 99.00 999 1026.8   9.2   7.3   2.1 99.0 99.00
2024 04 28 03 30 228  6.1  8.7 99.00 99.00 99.00 999 1026.8   9.2 999.0   1.9 99.0 99.00
2024 04 28 03 40 231  5.8  6.8  0.61  2.94  3.33 200 1026.7   9.1   7.3   2.0 99.0 99.00
2024 04 28 03 50 230  5.5  6.5 99.00 99.00 99.00 999 1026.7   9.0   7.3   2.0 99.0 99.00
2024 04 28 04 00 231  5.6  6.6 99.00 99.00 99.00 999 1026.6   9.0   7.3   1.9 99.0 99.00
2024 04 28 04 10 230  5.1  6.6  0.62  3.03  3.46 213 1026.6   9.0 999.0   1.9 99.0 99.00
2024 04 28 04 20 227  4.6  5.5 99.00 99.00 99.00 999 1026.6   8.8   7.3   2.1 99.0 99.00
2024 04 28 04 30 221  4.5  5.5 99.00 99.00 99.00 999 1026.6   8.8   7.3   2.1 99.0 99.00
2024 04 28 04 40 212  4.2  5.2  0.59  3.13  3.34 215 1026.6   8.7   7.3   1.9 99.0 99.00
2024 04 28 04 50 207  3.9  4.9 99.00 99.00 99.00 999 1026.5   8.7   7.3   2.1 99.0 99.00
2024 04 28 05 00 205  3.8  4.6 99.00 99.00 99.00 999 1026.4   8.5   7.3   2.5 99.0 99.00
2024 04 28 05 10 206  3.8  4.5  0.57  2.86  3.42 223 1026.3   8.4   7.3   2.8 99.0 99.00
2024 04 28 05 20 209  3.9  4.5 99.00 99.00 99.00 999 1026.2   8.3   7.3   2.8 99.0 99.00
2024 04 28 05 30 207  3.8  4.4 99.00 99.00 99.00 999 1025.8   8.3   7.3   2.9 99.0 99.00
2024 04 28 05 40 206  3.9  4.5  0.51 10.81  3.48  77 1025.9   8.2   7.3   3.0 99.0 99.00
2024 04 28 05 50 211  3.9  4.5 99.00 99.00 99.00 999 1026.0   8.2   7.2   3.0 99.0 99.00
2024 04 28 06 00 214  3.8  4.4 99.00 99.00 99.00 999 1025.9   8.2   7.2   3.0 99.0 99.00
2024 04 28 06 10 208  3.7  4.3  0.48 10.81  3.53 105 1025.7   8.3   7.2   3.1 99.0 99.00
2024 04 28 06 20 213  3.8  4.5 99.00 99.00 99.00 999 1025.7   8.4   7.2   3.1 99.0 99.00
2024 04 28 06 30 231  4.4  5.8 99.00 99.00 99.00 999 1025.7   8.6   7.2   2.6 99.0 99.00
2024 04 28 06 40 257  7.1  9.2  0.47 10.00  3.44  86 1025.7   8.7   7.2   3.1 99.0 99.00
2024 04 28 06 50 258  7.2  8.9 99.00 99.00 99.00 999 1025.6   8.4   7.2   3.4 99.0 99.00
2024 04 28 07 00 254  7.1  8.4 99.00 99.00 99.00 999 1025.7   8.2   7.2   3.6 99.0 99.00
2024 04 28 07 10 252  7.4  9.6  0.52  2.60  3.01 250 1025.6   8.0   7.2   3.8 99.0 99.00
2024 04 28 07 20 251  7.3  8.9 99.00 99.00 99.00 999 1025.6   7.8   7.2   3.6 99.0 99.00
2024 04 28 07 30 249  7.2  8.7 99.00 99.00 99.00 999 1025.5   7.7   7.2   3.7 99.0 99.00
2024 04 28 07 40 246  6.7  7.9  0.62  3.03  3.13 259 1025.6   7.5   7.2   4.1 99.0 99.00
2024 04 28 07 50 238  6.7  8.1 99.00 99.00 99.00 999 1025.5   7.4   7.2   4.0 99.0 99.00
2024 04 28 08 00 234  5.8  7.5 99.00 99.00 99.00 999 1025.3   7.3   7.2   4.0 99.0 99.00
2024 04 28 08 10 234  5.9  7.5  0.63  3.45  3.19 262 1025.2   7.2   7.2   3.9 99.0 99.00
2024 04 28 08 20 233  5.6  6.8 99.00 99.00 99.00 999 1025.1   7.2   7.2   3.9 99.0 99.00
2024 04 28 08 30 235  5.6  6.4 99.00 99.00 99.00 999 1025.0   7.1   7.2   3.8 99.0 99.00
2024 04 28 08 40 234  5.2  6.2  0.56  2.94  3.06 258 1025.0   7.1   7.2   3.9 99.0 99.00
2024 04 28 08 50 233  4.7  5.8 99.00 99.00 99.00 999 1025.1   7.1   7.2   4.0 99.0 99.00
2024 04 28 09 00 231  4.6  5.5 99.00 99.00 99.00 999 1024.9   7.1   7.2   4.2 99.0 99.00
2024 04 28 09 10 231  5.0  6.1  0.52  2.86  3.21 261 1024.9   7.2   7.2   4.1 99.0 99.00
2024 04 28 09 20 227  4.3  5.3 99.00 99.00 99.00 999 1024.8   7.2   7.2   4.2 99.0 99.00
2024 04 28 09 30 221  3.8  4.7 99.00 99.00 99.00 999 1024.9   7.2   7.2   4.4 99.0 99.00
2024 04 28 09 40 218  4.1  5.6  0.46 10.81  3.39  84 1024.7   7.3   7.2   4.3 99.0 99.00
2024 04 28 09 50 225  5.0  6.4 99.00 99.00 99.00 999 1024.9   7.5   7.2   4.1 99.0 99.00
2024 04 28 10 00 222  4.6  6.2 99.00 99.00 99.00 999 1024.8   7.5   7.2   4.1 99.0 99.00
2024 04 28 10 10 215  5.1  6.5  0.47 10.81  3.22  86 1024.6   7.4   7.2   3.9 99.0 99.00
2024 04 28 10 20 203  4.2  5.5 99.00 99.00 99.00 999 1024.9   7.3   7.2   4.2 99.0 99.00
2024 04 28 10 30 200  4.0  4.8 99.00 99.00 99.00 999 1024.9   7.3   7.2   4.3 99.0 99.00
2024 04 28 10 40 202  3.8  4.7  0.45 10.00  3.35  98 1024.8   7.4   7.2   4.3 99.0 99.00
2024 04 28 10 50 200  4.3  5.3 99.00 99.00 99.00 999 1024.7   7.5   7.2   4.2 99.0 99.00
2024 04 28 11 00 208  4.7  5.7 99.00 99.00 99.00 999 1024.8   7.5   7.2   4.1 99.0 99.00
2024 04 28 11 10 208  4.6  5.8  0.44  9.09  3.22  70 1024.6   7.5   7.2   4.2 99.0 99.00
2024 04 28 11 20 203  4.8  5.8 99.00 99.00 99.00 999 1024.5   7.5   7.2   4.1 99.0 99.00
2024 04 28 11 30 201  4.7  5.8 99.00 99.00 99.00 999 1024.6   7.5   7.2   4.1 99.0 99.00
2024 04 28 11 40 199  4.2  5.0  0.41 10.00  3.46  87 1024.4   7.6   7.2   4.3 99.0 99.00
2024 04 28 11 50 197  4.3  5.3 99.00 99.00 99.00 999 1024.4   7.6 999.0   4.2 99.0 99.00
2024 04 28 12 00 197  4.2  5.2 99.00 99.00 99.00 999 1024.4   7.6   7.2   4.4 99.0 99.00
2024 04 28 12 10 195  3.8  4.5  0.44 10.81  3.46  79 1024.4   7.6   7.3   4.4 99.0 99.00
2024 04 28 12 20 191  3.1  3.9 99.00 99.00 99.00 999 1024.4   7.8   7.3   4.8 99.0 99.00
2024 04 28 12 30 190  2.4  3.6 99.00 99.00 99.00 999 1024.3   7.9   7.3   5.3 99.0 99.00
2024 04 28 12 40 194  2.3  2.8  0.47 10.00  3.84  64 1024.2   7.9   7.3   5.2 99.0 99.00
2024 04 28 12 50 186  2.7  3.3 99.00 99.00 99.00 999 1023.8   8.1   7.4   5.3 99.0 99.00
2024 04 28 13 00 179  2.4  2.9 99.00 99.00 99.00 999 1023.6   8.1   7.4   5.6 99.0 99.00
2024 04 28 13 10 184  3.1  4.0  0.44  9.09  4.05  95 1023.2   8.1   7.5   5.8 99.0 99.00
2024 04 28 13 20 203  3.4  4.7 99.00 99.00 99.00 999 1023.4   8.3   7.5   5.8 99.0 99.00
2024 04 28 13 30 220  3.9  5.1 99.00 99.00 99.00 999 1023.4   8.7   7.5   5.9 99.0 99.00
2024 04 28 13 40 223  3.8  4.4  0.45 10.00  4.43  86 1023.5   8.7   7.5   6.0 99.0 99.00
2024 04 28 13 50 227  3.3  4.2 99.00 99.00 99.00 999 1023.5   8.7   7.5   6.1 99.0 99.00
2024 04 28 14 00 221  3.2  4.0 99.00 99.00 99.00 999 1023.2   8.7   7.6   6.1 99.0 99.00
2024 04 28 14 10 215  3.2  4.2  0.49 10.00  3.98  70 1023.0   8.8   7.6   6.2 99.0 99.00
2024 04 28 14 20 208  3.3  4.1 99.00 99.00 99.00 999 1022.7   8.8   7.7   6.2 99.0 99.00
2024 04 28 14 30 209  2.7  3.4 99.00 99.00 99.00 999 1022.5   8.9   7.7   6.4 99.0 99.00
2024 04 28 14 40 212  2.8  3.9  0.51  9.09  3.72  82 1022.6   8.9   7.7   6.5 99.0 99.00
2024 04 28 14 50 220  2.9  3.5 99.00 99.00 99.00 999 1022.7   9.0   7.8   6.6 99.0 99.00
2024 04 28 15 00 222  2.5  4.2 99.00 99.00 99.00 999 1022.6   8.9   7.9   6.7 99.0 99.00
2024 04 28 15 10 217  2.5  3.4  0.50 10.81  3.84  51 1022.5   9.1   7.9   6.6 99.0 99.00
2024 04 28 15 20 205  2.2  2.8 99.00 99.00 99.00 999 1022.2   9.0   7.9   6.8 99.0 99.00
2024 04 28 15 30 186  2.3  3.2 99.00 99.00 99.00 999 1022.3   9.2   8.0   6.8 99.0 99.00
2024 04 28 15 40 257  0.2  1.4  0.52 10.81  3.99  84 1022.6   9.5   8.0   6.9 99.0 99.00
2024 04 28 15 50  62  0.0  0.1 99.00 99.00 99.00 999 1022.4   9.7   8.0   6.9 99.0 99.00
2024 04 28 16 00 111  0.7  1.7 99.00 99.00 99.00 999 1022.0   9.5   8.1   6.7 99.0 99.00
2024 04 28 16 10 100  1.0  1.8  0.53 10.00  4.14 104 1021.9   9.3   8.1   6.9 99.0 99.00
2024 04 28 16 20  95  0.6  1.2 99.00 99.00 99.00 999 1021.6   9.2   8.1   7.2 99.0 99.00
2024 04 28 16 30 103  1.4  2.2 99.00 99.00 99.00 999 1021.4   9.2   8.2   7.1 99.0 99.00
2024 04 28 16 40 119  3.2  4.4  0.52  9.09  4.28  99 1020.8   9.0   8.2   7.1 99.0 99.00
2024 04 28 16 50 135  3.8  5.1 99.00 99.00 99.00 999 1020.5   8.7   8.2   7.1 99.0 99.00
2024 04 28 17 00 155  4.1  5.3 99.00 99.00 99.00 999 1020.4   8.8   8.2   7.0 99.0 99.00
2024 04 28 17 10 151  4.7  5.6  0.43 10.00  4.20  96 1020.2   8.8   8.2   7.1 99.0 99.00
2024 04 28 17 20 153  5.4  6.7 99.00 99.00 99.00 999 1020.0   8.8   8.2   7.0 99.0 99.00
2024 04 28 17 30 150  5.2  6.4 99.00 99.00 99.00 999 1019.9   8.8   8.1   7.0 99.0 99.00
2024 04 28 17 40 149  4.9  5.8  0.48  9.09  3.87  74 1019.6   9.0   8.1   7.1 99.0 99.00
2024 04 28 17 50 145  5.2  6.6 99.00 99.00 99.00 999 1019.1   9.0   8.0   7.1 99.0 99.00
2024 04 28 18 00 144  5.5  7.1 99.00 99.00 99.00 999 1018.9   9.1   8.2   7.2 99.0 99.00
2024 04 28 18 10 146  6.1  7.5  0.53 10.00  3.90  96 1018.7   9.2   8.2   7.2 99.0 99.00
2024 04 28 18 20 148  5.9  7.2 99.00 99.00 99.00 999 1018.8   9.3   8.2   7.3 99.0 99.00
2024 04 28 18 30 151  5.5  6.5 99.00 99.00 99.00 999 1018.4   9.4   8.2   7.4 99.0 99.00
2024 04 28 18 40 154  5.3  6.9  0.56 10.81  3.49  38 1018.5   9.4   8.2   7.5 99.0 99.00
2024 04 28 18 50 156  5.4  7.5 99.00 99.00 99.00 999 1018.2   9.4   8.3   7.5 99.0 99.00
2024 04 28 19 00 152  4.9  6.8 99.00 99.00 99.00 999 1018.0   9.4   8.2   7.5 99.0 99.00
2024 04 28 19 10 162  4.1  5.6  0.57 10.81  3.97  78 1017.8   9.4   8.2   7.6 99.0 99.00
2024 04 28 19 20 152  4.4  6.1 99.00 99.00 99.00 999 1017.5   9.4   8.2   7.6 99.0 99.00
2024 04 28 19 30 158  4.0  5.1 99.00 99.00 99.00 999 1017.2   9.4   8.2   7.6 99.0 99.00
2024 04 28 19 40 144  3.4  4.4  0.57 10.00  3.90  49 1017.1   9.3   8.3   7.6 99.0 99.00
2024 04 28 19 50 138  3.6  4.8 99.00 99.00 99.00 999 1016.7   9.3   8.3   7.7 99.0 99.00
2024 04 28 20 00 142  3.6  4.6 99.00 99.00 99.00 999 1016.7   9.4   8.4   7.8 99.0 99.00
2024 04 28 20 10 135  2.7  3.2  0.55 10.81  4.09  59 1016.8   9.4   8.5   7.8 99.0 99.00
2024 04 28 20 20 137  1.9  3.0 99.00 99.00 99.00 999 1016.9   9.4   8.5   7.8 99.0 99.00
2024 04 28 20 30 123  2.2  3.2 99.00 99.00 99.00 999 1016.7   9.4   8.5   7.9 99.0 99.00
2024 04 28 20 40 123  2.8  3.3  0.57 10.00  4.45  79 1016.5   9.5   8.5   8.0 99.0 99.00
2024 04 28 20 50 118  3.1  3.8 99.00 99.00 99.00 999 1016.4   9.4   8.4   7.9 99.0 99.00
2024 04 28 21 00 121  3.1  3.8 99.00 99.00 99.00 999 1016.4   9.4   8.4   7.9 99.0 99.00
2024 04 28 21 10 119  3.0  3.8  0.55 10.00  4.66  91 1016.6   9.3   8.4   8.0 99.0 99.00
2024 04 28 21 20 125  3.3  3.9 99.00 99.00 99.00 999 1016.3   9.4   8.4   8.0 99.0 99.00
2024 04 28 21 30 129  3.6  4.4 99.00 99.00 99.00 999 1016.4   9.4   8.3   8.1 99.0 99.00
2024 04 28 21 40 136  3.6  4.3  0.59  9.09  5.13  84 1016.4   9.4   8.3   8.1 99.0 99.00
2024 04 28 21 50 138  3.7  4.6 99.00 99.00 99.00 999 1016.1   9.4   8.3   8.1 99.0 99.00
2024 04 28 22 00 145  4.2  4.7 99.00 99.00 99.00 999 1016.0   9.4   8.3   8.2 99.0 99.00
2024 04 28 22 10 151  4.3  4.9  0.54  8.33  4.85  85 1016.0   9.4   8.2   8.2 99.0 99.00
2024 04 28 22 20 157  3.9  4.4 99.00 99.00 99.00 999 1015.9   9.3   8.2   8.2 99.0 99.00
2024 04 28 22 30 148  3.8  4.4 99.00 99.00 99.00 999 1015.9   9.3   8.2   8.2 99.0 99.00
2024 04 28 22 40 145  3.5  3.9  0.55  9.09  5.30  86 1015.8   9.4   8.2   8.2 99.0 99.00
2024 04 28 22 50 142  3.2  3.7 99.00 99.00 99.00 999 1015.9   9.5   8.1   8.3 99.0 99.00
2024 04 28 23 00 136  3.0  3.6 99.00 99.00 99.00 999 1015.8   9.8   8.1   8.4 99.0 99.00
2024 04 28 23 10 136  3.5  4.2  0.56  8.33  5.05  98 1015.6   9.8   8.2   8.4 99.0 99.00
2024 04 28 23 20 149  3.6  4.1 99.00 99.00 99.00 999 1015.7  10.1   8.1   8.5 99.0 99.00
2024 04 28 23 30 154  3.5  4.0 99.00 99.00 99.00 999 1015.7  10.3   8.1   8.6 99.0 99.00
2024 04 28 23 40 162  3.1  3.6  0.60 10.00  5.62  71 1015.6  10.2   8.1   8.5 99.0 99.00
2024 04 28 23 50 161  3.0  3.5 99.00 99.00 99.00 999 1015.8  10.2   8.2   8.6 99.0 99.00
2024 04 29 00 00 159  3.1  3.7 99.00 99.00 99.00 999 1015.9  10.2   8.3   8.8 99.0 99.00
2024 04 29 00 10 150  2.5  3.3  0.56  9.09  5.32  86 1015.9  10.4   8.4   8.9 99.0 99.00
2024 04 29 00 20 127  2.6  3.4 99.00 99.00 99.00 999 1015.9   9.8   8.4   8.5 99.0 99.00
2024 04 29 00 30 145  2.9  3.7 99.00 99.00 99.00 999 1015.7   9.4   8.4   8.4 99.0 99.00
2024 04 29 00 40 157  3.4  4.0  0.58 10.00  5.26  66 1015.6   9.6   8.4   8.6 99.0 99.00
2024 04 29 00 50 167  3.4  3.8 99.00 99.00 99.00 999 1015.4   9.7   8.4   8.6 99.0 99.00
2024 04 29 01 00 176  3.4  3.9 99.00 99.00 99.00 999 1015.4  10.0   8.4   8.8 99.0 99.00
2024 04 29 01 10 184  3.8  4.3  0.60 10.81  5.35  77 1015.4  10.3   8.4   8.9 99.0 99.00
2024 04 29 01 20 188  3.9  4.4 99.00 99.00 99.00 999 1015.3  10.5   8.4   9.0 99.0 99.00
2024 04 29 01 30 191  4.0  4.5 99.00 99.00 99.00 999 1015.1  10.6   8.4   9.2 99.0 99.00
2024 04 29 01 40 196  3.9  4.4  0.60  9.09  5.61  81 1015.1  10.7   8.4   9.3 99.0 99.00
2024 04 29 01 50 199  4.0  4.5 99.00 99.00 99.00 999 1014.9  10.9   8.4   9.5 99.0 99.00
2024 04 29 02 00 199  3.8  4.3 99.00 99.00 99.00 999 1014.8  10.5   8.4   9.3 99.0 99.00
2024 04 29 02 10 203  3.5  4.2  0.60  8.33  5.65  88 1014.8  10.4   8.4   9.3 99.0 99.00
2024 04 29 02 20 194  4.0  4.4 99.00 99.00 99.00 999 1014.5  10.6   8.4   9.7 99.0 99.00
2024 04 29 02 30 193  3.5  4.0 99.00 99.00 99.00 999 1014.3  10.5   8.4   9.5 99.0 99.00
2024 04 29 02 40 208  4.1  5.3  0.59  8.33  5.44  98 1014.0  10.5   8.4   9.7 99.0 99.00
2024 04 29 02 50 219  4.2  4.8 99.00 99.00 99.00 999 1013.9  11.4   8.4  10.1 99.0 99.00
2024 04 29 03 00 223  3.7  4.6 99.00 99.00 99.00 999 1013.8  11.2   8.4   9.8 99.0 99.00
2024 04 29 03 10 229  4.5  5.7  0.68  8.33  6.06 101 1013.7  11.4   8.4  10.3 99.0 99.00
2024 04 29 03 20 225  4.3  5.0 99.00 99.00 99.00 999 1013.4  12.0   8.4  10.5 99.0 99.00
2024 04 29 03 30 226  4.4  5.3 99.00 99.00 99.00 999 1013.3  11.6   8.4  10.3 99.0 99.00
2024 04 29 03 40 231  4.6  5.5  0.69  8.33  6.03 100 1013.5  11.4   8.4  10.2 99.0 99.00
2024 04 29 03 50 237  3.9  4.8 99.00 99.00 99.00 999 1013.5  11.4 999.0  10.2 99.0 99.00
2024 04 29 04 00 240  4.3  5.3 99.00 99.00 99.00 999 1013.3  11.3   8.3  10.3 99.0 99.00
2024 04 29 04 10 241  4.3  5.1  0.65 10.00  5.57  87 1013.2  11.3   8.3  10.2 99.0 99.00
2024 04 29 04 20 247  4.4  5.3 99.00 99.00 99.00 999 1013.3  11.2   8.2  10.3 99.0 99.00
2024 04 29 04 30 244  4.3  5.8 99.00 99.00 99.00 999 1013.0  11.4   8.2  10.5 99.0 99.00
2024 04 29 04 40 245  5.1  6.2  0.60 10.81  4.99  97 1012.9  11.8   8.1  10.7 99.0 99.00
2024 04 29 04 50 249  5.2  6.6 99.00 99.00 99.00 999 1013.0  11.9   8.0  10.8 99.0 99.00
2024 04 29 05 00 248  5.0  6.5 99.00 99.00 99.00 999 1012.9  12.0   8.0  10.9 99.0 99.00
2024 04 29 05 10 248  6.3  7.9  0.66 10.00  5.03  87 1012.8  12.1   7.9  11.0 99.0 99.00
2024 04 29 05 20 253  6.7  8.1 99.00 99.00 99.00 999 1012.8  12.3   7.9  11.0 99.0 99.00
2024 04 29 05 30 257  6.7  7.9 99.00 99.00 99.00 999 1012.8  12.2   7.9  11.0 99.0 99.00
2024 04 29 05 40 259  6.0  7.5  0.74 10.00  4.57 100 1012.6  11.9   7.9  10.8 99.0 99.00
2024 04 29 05 50 256  5.5  6.9 99.00 99.00 99.00 999 1012.5  11.8   7.8  10.8 99.0 99.00
2024 04 29 06 00 260  5.5  6.5 99.00 99.00 99.00 999 1012.7  11.8   7.8  10.8 99.0 99.00
2024 04 29 06 10 254  5.3  6.3  0.65  9.09  4.64  89 1012.5  11.9   7.8  11.0 99.0 99.00
2024 04 29 06 20 254  4.9  6.3 99.00 99.00 99.00 999 1012.6  11.9   7.8  11.0 99.0 99.00
2024 04 29 06 30 252  4.1  5.0 99.00 99.00 99.00 999 1012.5  11.6   7.7  10.8 99.0 99.00
2024 04 29 06 40 261  3.7  4.8  0.73  9.09  5.31  98 1012.5  11.3   7.7  10.6 99.0 99.00
2024 04 29 06 50 273  3.4  4.4 99.00 99.00 99.00 999 1012.6  11.2   7.7  10.6 99.0 99.00
2024 04 29 07 00 329  3.0  4.8 99.00 99.00 99.00 999 1012.9  10.6   7.8  10.0 99.0 99.00
2024 04 29 07 10  14  4.6  6.2  0.74  9.09  6.34  99 1013.1   9.3   7.8   8.4 99.0 99.00
2024 04 29 07 20   7  5.6  7.1 99.00 99.00 99.00 999 1013.1   8.9   7.8   8.0 99.0 99.00
2024 04 29 07 30   5  5.2  6.9 99.00 99.00 99.00 999 1013.1   9.2   7.8   7.8 99.0 99.00
2024 04 29 07 40   6  4.5  5.4  0.68 10.00  6.45 102 1013.1   9.1   7.8   7.7 99.0 99.00
2024 04 29 07 50  15  4.5  5.3 99.00 99.00 99.00 999 1013.1   9.0   7.9   7.8 99.0 99.00
2024 04 29 08 00  21  3.8  5.2 99.00 99.00 99.00 999 1013.1   8.8   8.0   7.8 99.0 99.00
2024 04 29 08 10  23  2.6  3.1  0.65  9.09  6.11 108 1013.1   8.7   8.0   7.8 99.0 99.00
2024 04 29 08 20  12  3.2  3.8 99.00 99.00 99.00 999 1013.4   8.6   8.1   7.8 99.0 99.00
2024 04 29 08 30   7  2.7  3.7 99.00 99.00 99.00 999 1013.5   8.6   8.1   7.9 99.0 99.00
2024 04 29 08 40  12  2.2  2.9  0.70  9.09  6.97  96 1013.5   8.6   8.1   7.9 99.0 99.00
2024 04 29 08 50   9  2.2  2.8 99.00 99.00 99.00 999 1013.5   8.5   8.1   7.8 99.0 99.00
2024 04 29 09 00 355  1.6  2.1 99.00 99.00 99.00 999 1013.8   8.5   8.1   7.8 99.0 99.00
2024 04 29 09 10 338  1.9  2.3  0.71  9.09  6.48  92 1014.1   8.4   8.1   7.7 99.0 99.00
2024 04 29 09 20 347  1.7  2.4 99.00 99.00 99.00 999 1014.3   8.5   8.1   7.8 99.0 99.00
2024 04 29 09 30 349  1.5  2.0 99.00 99.00 99.00 999 1014.2   8.5   8.1   7.8 99.0 99.00
2024 04 29 09 40 336  1.6  2.1  0.75  9.09  6.62 101 1014.3   8.6   8.1   7.8 99.0 99.00
2024 04 29 09 50 328  1.4  1.8 99.00 99.00 99.00 999 1014.4   8.6   8.1   7.8 99.0 99.00
2024 04 29 10 00 354  1.1  1.6 99.00 99.00 99.00 999 1014.3   8.7   8.1   7.8 99.0 99.00
2024 04 29 10 10  40  1.5  1.9  0.64 10.00  6.22  80 1014.4   8.9   8.0   7.8 99.0 99.00
2024 04 29 10 20  22  0.7  1.4 99.00 99.00 99.00 999 1014.5   8.9   8.0   7.7 99.0 99.00
2024 04 29 10 30  30  0.7  1.1 99.00 99.00 99.00 999 1014.8   9.0   8.1   7.8 99.0 99.00
2024 04 29 10 40 350  0.2  0.8  0.67  9.09  6.87  82 1014.9   9.0   8.0   7.7 99.0 99.00
2024 04 29 10 50 322  0.8  1.2 99.00 99.00 99.00 999 1015.1   9.0   8.0   7.6 99.0 99.00
2024 04 29 11 00 259  1.2  2.9 99.00 99.00 99.00 999 1015.1   9.1   8.0   7.7 99.0 99.00
2024 04 29 11 10 267  1.1  1.9  0.64  9.09  7.15  92 1015.2   9.0   8.0   7.8 99.0 99.00
2024 04 29 11 20 269  0.9  1.8 99.00 99.00 99.00 999 1015.3   9.1   8.0   7.7 99.0 99.00
2024 04 29 11 30 267  1.2  1.8 99.00 99.00 99.00 999 1015.3   9.3   8.1   7.8 99.0 99.00
2024 04 29 11 40  77  0.0  0.6  0.64 10.00  7.60  77 1015.2   9.7   8.1   7.8 99.0 99.00
2024 04 29 11 50 274  0.0  0.0 99.00 99.00 99.00 999 1015.2   9.8   8.1   7.9 99.0 99.00
2024 04 29 12 00 321  0.0  0.3 99.00 99.00 99.00 999 1015.1  10.5   8.1   8.2 99.0 99.00
2024 04 29 12 10 341  0.0  0.3  0.65 10.00  7.44  79 1015.3  10.5   8.1   7.8 99.0 99.00
2024 04 29 12 20 261  1.5  3.8 99.00 99.00 99.00 999 1015.4  10.6   8.2   7.8 99.0 99.00
2024 04 29 12 30 224  1.5  3.3 99.00 99.00 99.00 999 1015.6   9.1   8.2   7.9 99.0 99.00
2024 04 29 12 40 205  0.4  1.8  0.72 10.00  7.74  69 1015.8   9.6   8.2   8.1 99.0 99.00
2024 04 29 12 50  38  0.5  1.4 99.00 99.00 99.00 999 1016.0   9.8   8.2   8.0 99.0 99.00
2024 04 29 13 00 351  0.5  1.0 99.00 99.00 99.00 999 1016.3   9.7   8.2   8.0 99.0 99.00
2024 04 29 13 10 356  1.5  4.0  0.73 10.00  7.89  82 1016.5   9.9   8.4   8.4 99.0 99.00
2024 04 29 13 20  14  3.9  5.4 99.00 99.00 99.00 999 1016.5  11.2   8.5   9.8 99.0 99.00
2024 04 29 13 30  33  5.3  6.6 99.00 99.00 99.00 999 1016.7  11.0   8.3   9.1 99.0 99.00
2024 04 29 13 40  34  5.6  7.0  0.65  9.09  7.67  85 1016.4  10.5   8.4   8.4 99.0 99.00
2024 04 29 13 50  31  6.1  7.3 99.00 99.00 99.00 999 1016.6  10.3   8.3   8.2 99.0 99.00
2024 04 29 14 00  37  5.7  6.9 99.00 99.00 99.00 999 1016.8  10.0   8.2   8.2 99.0 99.00
2024 04 29 14 10  41  5.8  6.7  0.62  9.09  6.13  90 1016.8   9.7   8.2   8.1 99.0 99.00
2024 04 29 14 20  47  5.2  6.4 99.00 99.00 99.00 999 1017.0   9.5   8.3   8.2 99.0 99.00
2024 04 29 14 30  56  4.8  5.7 99.00 99.00 99.00 999 1017.5   9.4   8.3   8.0 99.0 99.00
2024 04 29 14 40  65  5.0  6.3  0.74  8.33  5.51 101 1017.5   9.4   8.3   7.7 99.0 99.00
2024 04 29 14 50  64  5.1  6.7 99.00 99.00 99.00 999 1017.4   9.4   8.4   7.7 99.0 99.00
2024 04 29 15 00  64  4.8  5.8 99.00 99.00 99.00 999 1017.3   9.2   8.4   7.7 99.0 99.00
2024 04 29 15 10  64  4.3  5.3  0.68  8.33  5.20  87 1017.5   9.1   8.5   7.8 99.0 99.00
2024 04 29 15 20  76  4.0  4.9 99.00 99.00 99.00 999 1017.4   9.0   8.5   7.6 99.0 99.00
2024 04 29 15 30  80  3.6  4.6 99.00 99.00 99.00 999 1017.4   9.0   8.5   7.6 99.0 99.00
2024 04 29 15 40  86  2.9  4.0  0.78  7.69  5.92  94 1017.4   9.0   8.5   7.5 99.0 99.00
2024 04 29 15 50 108  2.0  2.7 99.00 99.00 99.00 999 1017.5   9.0   8.4   7.5 99.0 99.00
2024 04 29 16 00  83  1.6  2.5 99.00 99.00 99.00 999 1017.6   9.2   8.7   7.5 99.0 99.00
2024 04 29 16 10  76  1.5  2.7  0.81 10.00  5.60  93 1017.5   9.3   8.7   7.4 99.0 99.00
2024 04 29 16 20  74  1.8  2.8 99.00 99.00 99.00 999 1017.5   9.3   8.6   7.3 99.0 99.00
2024 04 29 16 30 166  1.9  2.5 99.00 99.00 99.00 999 1017.4   9.2   8.6   7.3 99.0 99.00
2024 04 29 16 40 175  2.3  3.0  0.77 10.00  5.57  84 1017.4   9.0   8.6   7.4 99.0 99.00
2024 04 29 16 50 128  1.9  2.8 99.00 99.00 99.00 999 1017.3   9.2   8.6   7.1 99.0 99.00
2024 04 29 17 00 156  1.7  2.4 99.00 99.00 99.00 999 1017.6   9.5   8.6   6.8 99.0 99.00
2024 04 29 17 10 161  2.0  2.8  0.78 10.00  5.92  73 1017.7   9.6   8.7   6.9 99.0 99.00
2024 04 29 17 20 150  2.0  2.8 99.00 99.00 99.00 999 1017.5   9.6   8.6   6.6 99.0 99.00
2024 04 29 17 30 147  1.7  2.5 99.00 99.00 99.00 999 1017.6   9.7   8.5   6.8 99.0 99.00
2024 04 29 17 40 118  1.9  2.8  0.76  9.09  5.65  77 1017.5   9.7   8.6   6.7 99.0 99.00
2024 04 29 17 50 148  2.0  2.5 99.00 99.00 99.00 999 1017.5   9.5   8.7   6.9 99.0 99.00
2024 04 29 18 00 152  2.1  2.7 99.00 99.00 99.00 999 1017.4   9.4   8.7   7.1 99.0 99.00
2024 04 29 18 10 155  2.0  2.5  0.73 10.00  5.08  92 1017.6   9.4   8.7   7.2 99.0 99.00
2024 04 29 18 20 171  2.2  3.0 99.00 99.00 99.00 999 1017.5   9.3   8.7   7.5 99.0 99.00
2024 04 29 18 30 164  2.6  3.2 99.00 99.00 99.00 999 1017.2   9.3   8.7   7.7 99.0 99.00
2024 04 29 18 40 170  2.7  3.3  0.78 10.00  5.10  87 1017.0   9.2   8.7   7.6 99.0 99.00
2024 04 29 18 50 167  3.1  3.9 99.00 99.00 99.00 999 1016.8   9.2   8.7   7.5 99.0 99.00
2024 04 29 19 00 161  3.2  3.7 99.00 99.00 99.00 999 1016.7   9.2   8.6   7.5 99.0 99.00
2024 04 29 19 10 165  3.4  4.2  0.71 11.43  5.40  98 1016.7   9.1   8.5   7.4 99.0 99.00
2024 04 29 19 20 171  3.0  3.7 99.00 99.00 99.00 999 1016.8   9.1   8.5   7.4 99.0 99.00
2024 04 29 19 30 162  2.6  3.3 99.00 99.00 99.00 999 1017.0   9.1   8.4   7.4 99.0 99.00
2024 04 29 19 40 169  1.9  2.6  0.71 10.00  5.93  69 1017.0   9.1   8.4   7.5 99.0 99.00
2024 04 29 19 50 169  1.8  2.3 99.00 99.00 99.00 999 1017.0   9.1   8.5   7.6 99.0 99.00
2024 04 29 20 00 173  1.4  1.9 99.00 99.00 99.00 999 1017.2   9.1   8.7   7.6 99.0 99.00
2024 04 29 20 10 181  1.4  1.7  0.77 10.00  6.39  79 1017.1   9.1   8.7   7.6 99.0 99.00
2024 04 29 20 20 181  1.6  2.2 99.00 99.00 99.00 999 1017.0   9.1   8.9   7.6 99.0 99.00
2024 04 29 20 30 187  1.6  2.0 99.00 99.00 99.00 999 1017.1   9.2   9.0   7.6 99.0 99.00
2024 04 29 20 40 186  1.5  2.1  0.80 11.43  6.66  88 1017.2   9.2   9.0   7.7 99.0 99.00
2024 04 29 20 50 192  1.8  2.4 99.00 99.00 99.00 999 1017.3   9.2   8.9   7.7 99.0 99.00
2024 04 29 21 00 193  2.2  2.9 99.00 99.00 99.00 999 1017.4   9.2   8.9   7.7 99.0 99.00
2024 04 29 21 10 186  2.2  2.7  0.79 11.43  6.72  75 1017.3   9.2   8.9   7.7 99.0 99.00
2024 04 29 21 20 182  2.5  3.1 99.00 99.00 99.00 999 1017.3   9.3   8.8   7.6 99.0 99.00
2024 04 29 21 30 183  3.2  3.8 99.00 99.00 99.00 999 1017.2   9.3   8.8   7.3 99.0 99.00
2024 04 29 21 40 172  2.9  3.7  0.91 11.43  7.32  72 1017.2   9.4   8.8   7.1 99.0 99.00
2024 04 29 21 50 159  2.1  2.7 99.00 99.00 99.00 999 1017.3   9.5   8.7   7.0 99.0 99.00
2024 04 29 22 00 166  2.3  3.0 99.00 99.00 99.00 999 1017.2   9.5   8.7   7.1 99.0 99.00
2024 04 29 22 10 164  2.3  2.9  0.80 10.81  7.00  84 1017.1   9.4   8.7   7.2 99.0 99.00
2024 04 29 22 20 155  2.2  3.1 99.00 99.00 99.00 999 1017.0   9.4   8.8   7.3 99.0 99.00
2024 04 29 22 30 158  2.7  3.3 99.00 99.00 99.00 999 1016.9   9.3   8.8   7.3 99.0 99.00
2024 04 29 22 40 169  2.8  3.4  0.86 11.43  7.33  73 1017.0   9.3   8.7   7.2 99.0 99.00
2024 04 29 22 50 176  3.4  4.2 99.00 99.00 99.00 999 1017.1   9.4   8.8   7.2 99.0 99.00
2024 04 29 23 00 181  3.6  4.3 99.00 99.00 99.00 999 1017.0   9.4   8.8   7.2 99.0 99.00
2024 04 29 23 10 183  3.6  4.2  0.82 10.81  7.25  75 1017.2   9.5   8.8   7.3 99.0 99.00
2024 04 29 23 20 181  3.6  4.4 99.00 99.00 99.00 999 1017.2   9.5   8.8   7.2 99.0 99.00
2024 04 29 23 30 185  3.3  4.0 99.00 99.00 99.00 999 1017.4   9.5   8.8   7.1 99.0 99.00
2024 04 29 23 40 186  3.3  3.8  0.86 10.81  7.78  74 1017.4   9.6   8.8   6.9 99.0 99.00
2024 04 29 23 50 183  3.8  4.4 99.00 99.00 99.00 999 1017.5   9.8   8.8   6.7 99.0 99.00
2024 04 30 00 00 177  3.9  4.5 99.00 99.00 99.00 999 1017.6   9.8   8.7   6.6 99.0 99.00
2024 04 30 00 10 172  3.9  4.5  0.74 11.43  7.52  74 1017.8   9.9   8.8   6.6 99.0 99.00
2024 04 30 00 20 173  3.8  4.4 99.00 99.00 99.00 999 1017.8  10.0   8.8   6.7 99.0 99.00
2024 04 30 00 30 171  3.9  4.4 99.00 99.00 99.00 999 1017.9   9.9   8.8   6.8 99.0 99.00
2024 04 30 00 40 164  3.5  4.3  0.87 10.81  8.11  69 1018.0  10.0   8.8   6.7 99.0 99.00
2024 04 30 00 50 165  3.3  4.0 99.00 99.00 99.00 999 1018.1  10.2   8.7   6.7 99.0 99.00
2024 04 30 01 00 176  3.0  3.5 99.00 99.00 99.00 999 1018.1  10.0   8.7   6.6 99.0 99.00
2024 04 30 01 10 179  3.0  3.4  0.81 10.00  7.78  66 1018.1  10.1   8.7   6.6 99.0 99.00
2024 04 30 01 20 164  2.5  3.3 99.00 99.00 99.00 999 1018.2  10.0   8.6   6.8 99.0 99.00
2024 04 30 01 30 150  1.8  2.5 99.00 99.00 99.00 999 1018.3   9.5   8.6   7.2 99.0 99.00
2024 04 30 01 40 172  2.6  3.2  0.88 10.00  8.11  73 1018.3   9.4   8.6   7.1 99.0 99.00
2024 04 30 01 50 177  3.0  3.4 99.00 99.00 99.00 999 1018.2   9.7   8.5   7.0 99.0 99.00
2024 04 30 02 00 181  2.7  3.2 99.00 99.00 99.00 999 1018.2   9.7   8.5   7.0 99.0 99.00
2024 04 30 02 10 172  2.5  3.0  0.97 10.81  8.35  79 1018.1   9.7   8.5   7.1 99.0 99.00
2024 04 30 02 20 175  3.0  3.6 99.00 99.00 99.00 999 1018.1   9.8   8.4   7.0 99.0 99.00
2024 04 30 02 30 164  3.0  3.8 99.00 99.00 99.00 999 1018.1   9.8   8.4   7.0 99.0 99.00
2024 04 30 02 40 172  2.8  3.3  1.08 10.00  8.53  79 1018.1   9.7   8.3   7.0 99.0 99.00
2024 04 30 02 50 176  2.3  2.9 99.00 99.00 99.00 999 1018.1   9.7   8.4   7.0 99.0 99.00
2024 04 30 03 00 178  1.8  2.3 99.00 99.00 99.00 999 1018.1   9.8   8.4   7.2 99.0 99.00
2024 04 30 03 10 174  1.5  1.9  0.96 10.00  8.32  84 1018.1   9.6   8.3   7.3 99.0 99.00
2024 04 30 03 20 178  1.6  2.0 99.00 99.00 99.00 999 1018.3   9.5   8.3   7.3 99.0 99.00
2024 04 30 03 30 178  1.9  2.5 99.00 99.00 99.00 999 1018.1   9.4   8.3   7.2 99.0 99.00
2024 04 30 03 40 181  2.5  3.4  1.04 10.00  8.37  77 1018.3   9.4   8.3   7.1 99.0 99.00
2024 04 30 03 50 196  2.3  2.9 99.00 99.00 99.00 999 1018.3   9.5   8.3   7.1 99.0 99.00
2024 04 30 04 00 202  2.4  3.2 99.00 99.00 99.00 999 1018.3   9.5   8.3   7.1 99.0 99.00
2024 04 30 04 10 198  2.4  3.0  0.97 10.00  7.88  71 1018.3   9.7   8.4   7.1 99.0 99.00
2024 04 30 04 20 204  2.4  3.0 99.00 99.00 99.00 999 1018.3   9.5   8.4   7.2 99.0 99.00
2024 04 30 04 30 200  2.2  2.9 99.00 99.00 99.00 999 1018.3   9.6   8.4   7.3 99.0 99.00
2024 04 30 04 40 185  2.0  2.7  0.93 10.81  8.15  72 1018.3   9.7   8.4   7.4 99.0 99.00
2024 04 30 04 50 175  1.9  2.3 99.00 99.00 99.00 999 1018.2   9.7   8.3   7.4 99.0 99.00
2024 04 30 05 00 155  1.8  2.2 99.00 99.00 99.00 999 1018.1   9.6   8.3   7.6 99.0 99.00
2024 04 30 05 10 145  1.6  2.0  0.84 10.81  7.87  70 1018.1   9.4   8.3   7.6 99.0 99.00
2024 04 30 05 20 148  1.4  2.0 99.00 99.00 99.00 999 1018.1   9.2   8.3   7.5 99.0 99.00
2024 04 30 05 30 165  1.9  2.6 99.00 99.00 99.00 999 1018.1   9.3   8.4   7.6 99.0 99.00
2024 04 30 05 40 169  1.8  2.5  0.95 10.00  8.30  79 1018.1   9.3   8.4   7.6 99.0 99.00
2024 04 30 05 50 158  1.6  2.0 99.00 99.00 99.00 999 1017.9   9.3   8.4   7.6 99.0 99.00
2024 04 30 06 00 130  2.2  2.9 99.00 99.00 99.00 999 1017.8   9.2   8.4   7.7 99.0 99.00
2024 04 30 06 10 127  2.1  3.0  0.83 10.00  7.72  78 1017.7   9.0   8.4   7.7 99.0 99.00
2024 04 30 06 20 124  2.5  3.0 99.00 99.00 99.00 999 1017.5   9.0   8.4   7.8 99.0 99.00
2024 04 30 06 30 127  2.8  3.5 99.00 99.00 99.00 999 1017.5   9.0   8.4   7.8 99.0 99.00
2024 04 30 06 40 131  2.6  3.3  0.86 10.81  8.09  81 1017.2   9.1   8.5   7.7 99.0 99.00
2024 04 30 06 50 117  2.2  2.9 99.00 99.00 99.00 999 1017.2   9.1   8.5   7.7 99.0 99.00
2024 04 30 07 00 113  2.2  2.8 99.00 99.00 99.00 999 1017.2   9.1   8.5   7.7 99.0 99.00
2024 04 30 07 10 109  2.3  3.2  0.82  9.09  7.90  86 1017.0   9.1   8.6   7.7 99.0 99.00
2024 04 30 07 20  97  2.7  3.5 99.00 99.00 99.00 999 1017.1   9.0   8.6   7.7 99.0 99.00
2024 04 30 07 30  95  2.7  3.4 99.00 99.00 99.00 999 1017.2   9.1   8.6   7.6 99.0 99.00
2024 04 30 07 40  95  3.0  3.7  0.81 10.00  7.95  88 1017.3   9.0   8.6   7.5 99.0 99.00
2024 04 30 07 50  92  2.6  3.5 99.00 99.00 99.00 999 1017.5   9.1   8.4   7.5 99.0 99.00
2024 04 30 08 00  86  2.1  2.9 99.00 99.00 99.00 999 1017.9   9.1   8.4   7.6 99.0 99.00
2024 04 30 08 10  68  2.5  3.4  0.77 10.81  7.92  74 1017.8   9.0   8.4   7.7 99.0 99.00
2024 04 30 08 20  72  3.0  4.0 99.00 99.00 99.00 999 1017.6   8.8   8.4   7.7 99.0 99.00
2024 04 30 08 30  77  2.7  3.9 99.00 99.00 99.00 999 1017.9   8.8   8.5   7.8 99.0 99.00
2024 04 30 08 40  73  2.7  4.8  0.73 10.00  7.87  83 1017.8   8.8   8.6   7.8 99.0 99.00
2024 04 30 08 50  64  4.0  5.3 99.00 99.00 99.00 999 1018.0   8.8   8.6   7.7 99.0 99.00
2024 04 30 09 00  74  3.1  4.1 99.00 99.00 99.00 999 1018.2   8.9   8.6   7.7 99.0 99.00
2024 04 30 09 10  76  3.3  4.2  0.74 10.00  8.07  95 1018.2   8.9   8.5   7.6 99.0 99.00
2024 04 30 09 20  48  2.8  3.5 99.00 99.00 99.00 999 1018.6   8.9   8.4   7.5 99.0 99.00
2024 04 30 09 30  68  3.8  5.1 99.00 99.00 99.00 999 1018.2   8.9   8.2   7.5 99.0 99.00
2024 04 30 09 40  57  3.6  4.4  0.66 10.81  7.87  93 1018.6   8.9   8.1   7.3 99.0 99.00
2024 04 30 09 50  59  4.2  5.5 99.00 99.00 99.00 999 1018.7   9.0   8.1   7.2 99.0 99.00
2024 04 30 10 00  72  3.8  4.9 99.00 99.00 99.00 999 1018.6   9.0   8.2   7.0 99.0 99.00
2024 04 30 10 10  74  3.7  5.1  0.72 10.81  8.06  74 1019.0   9.1   8.3   7.0 99.0 99.00
2024 04 30 10 20 129  3.4  6.5 99.00 99.00 99.00 999 1018.9   8.9   8.3   7.2 99.0 99.00
2024 04 30 10 30 135  2.2  3.6 99.00 99.00 99.00 999 1019.3   8.6   8.3   7.3 99.0 99.00
2024 04 30 10 40 146  2.3  3.5  0.67 10.81  8.01  83 1019.1   8.7   8.4   7.3 99.0 99.00
2024 04 30 10 50 122  2.9  3.5 99.00 99.00 99.00 999 1018.7   8.6   8.2   7.3 99.0 99.00
2024 04 30 11 00 110  3.3  4.6 99.00 99.00 99.00 999 1018.8   8.5   8.3   7.5 99.0 99.00
2024 04 30 11 10 124  3.0  4.0  0.65 10.81  7.80  72 1018.3   8.4   8.4   7.5 99.0 99.00
2024 04 30 11 20 103  2.4  3.7 99.00 99.00 99.00 999 1018.7   8.4   8.4   7.6 99.0 99.00
2024 04 30 11 30  93  1.6  2.4 99.00 99.00 99.00 999 1018.8   8.4   8.3   7.6 99.0 99.00
2024 04 30 11 40  79  1.9  2.5  0.63 10.00  7.78  69 1018.9   8.3   8.2   7.6 99.0 99.00
2024 04 30 11 50  53  2.0  2.7 99.00 99.00 99.00 999 1019.1   8.3   8.2   7.6 99.0 99.00
2024 04 30 12 00  77  2.1  2.9 99.00 99.00 99.00 999 1019.1   8.4   8.2   7.7 99.0 99.00
2024 04 30 12 10  71  2.5  3.5  0.66  9.09  7.57  74 1019.1   8.4   8.2   7.6 99.0 99.00
2024 04 30 12 20  68  2.5  3.4 99.00 99.00 99.00 999 1019.2   8.4   8.2   7.7 99.0 99.00
2024 04 30 12 30  63  3.2  3.9 99.00 99.00 99.00 999 1019.0   8.4   8.2   7.6 99.0 99.00
2024 04 30 12 40  65  3.1  3.9  0.61 10.00  7.65  73 1019.1   8.3   8.2   7.6 99.0 99.00
2024 04 30 12 50  74  3.2  4.4 99.00 99.00 99.00 999 1019.2   8.3   8.2   7.6 99.0 99.00
2024 04 30 13 00  73  3.5  4.8 99.00 99.00 99.00 999 1019.2   8.2   8.1   7.5 99.0 99.00
2024 04 30 13 10  73  4.0  5.3  0.70 10.00  8.33  70 1019.1   8.2   8.0   7.5 99.0 99.00
2024 04 30 13 20  83  4.6  5.8 99.00 99.00 99.00 999 1019.2   8.2   8.0   7.5 99.0 99.00
2024 04 30 13 30  92  4.4  5.4 99.00 99.00 99.00 999 1019.3   8.2   8.0   7.4 99.0 99.00
2024 04 30 13 40 103  4.5  5.7  0.72 10.00  7.95  63 1019.1   8.2   8.1   7.3 99.0 99.00
2024 04 30 13 50 105  5.3  6.4 99.00 99.00 99.00 999 1019.0   8.4   8.1   7.2 99.0 99.00
2024 04 30 14 00 112  5.3  6.4 99.00 99.00 99.00 999 1019.1   8.4   8.2   7.0 99.0 99.00
2024 04 30 14 10 117  5.8  7.1  0.81  9.09  7.57  76 1019.1   8.5   8.3   6.7 99.0 99.00
2024 04 30 14 20 121  6.3  8.1 99.00 99.00 99.00 999 1019.1   8.6   8.3   6.3 99.0 99.00
2024 04 30 14 30 117  6.6  8.0 99.00 99.00 99.00 999 1019.0   8.7   8.3   6.0 99.0 99.00
2024 04 30 14 40 116  6.9  8.4  0.84 10.00  5.36  77 1018.9   8.6   8.3   6.1 99.0 99.00
2024 04 30 14 50 116  6.8  8.7 99.00 99.00 99.00 999 1018.9   8.5   8.2   5.6 99.0 99.00
2024 04 30 15 00 116  6.4  7.7 99.00 99.00 99.00 999 1019.3   8.4   8.3   5.2 99.0 99.00
2024 04 30 15 10 108  5.7  7.2  0.85 10.00  4.25  81 1019.9   8.4   8.2   4.9 99.0 99.00
2024 04 30 15 20  99  5.5  7.1 99.00 99.00 99.00 999 1020.0   8.4   8.2   4.0 99.0 99.00
2024 04 30 15 30 101  5.3  6.5 99.00 99.00 99.00 999 1019.8   8.3   8.1   4.4 99.0 99.00
2024 04 30 15 40  96  5.3  6.8  0.84  9.09  4.82  73 1019.5   8.2   8.0   4.5 99.0 99.00
2024 04 30 15 50  91  5.1  6.4 99.00 99.00 99.00 999 1019.1   8.2   8.0   4.7 99.0 99.00
2024 04 30 16 00 101  5.6  7.6 99.00 99.00 99.00 999 1018.5   8.1   8.0   4.8 99.0 99.00
2024 04 30 16 10 114  6.5  8.0  0.88  9.09  4.79  76 1018.0   8.1   8.1   4.6 99.0 99.00
2024 04 30 16 20 126  7.2  8.6 99.00 99.00 99.00 999 1017.4   8.1   8.1   4.6 99.0 99.00
2024 04 30 16 30 131  7.9  9.3 99.00 99.00 99.00 999 1017.2   8.1   8.1   4.4 99.0 99.00
2024 04 30 16 40 134  7.8  9.5  0.98  8.33  4.84  76 1017.4   8.1   8.0   4.2 99.0 99.00
2024 04 30 16 50 127  7.4  8.9 99.00 99.00 99.00 999 1017.7   8.1   8.0   3.8 99.0 99.00
2024 04 30 17 00 128  7.8  9.7 99.00 99.00 99.00 999 1017.0   8.1   8.0   3.7 99.0 99.00
2024 04 30 17 10 132  8.2 10.0  0.90  9.09  4.15  74 1016.6   8.1   8.0   3.9 99.0 99.00
2024 04 30 17 20 135  8.3  9.9 99.00 99.00 99.00 999 1016.2   8.1   8.0   4.0 99.0 99.00
2024 04 30 17 30 136  8.5 10.2 99.00 99.00 99.00 999 1016.3   8.1   8.0   4.0 99.0 99.00
2024 04 30 17 40 133  7.7  9.7  0.93  8.33  4.15  84 1016.3   8.1   8.0   4.1 99.0 99.00
2024 04 30 17 50 131  7.0  9.1 99.00 99.00 99.00 999 1016.4   8.2   8.0   3.9 99.0 99.00
2024 04 30 18 00 136  6.3  8.1 99.00 99.00 99.00 999 1016.4   8.3   8.0   4.5 99.0 99.00
2024 04 30 18 10 140  6.0  7.0  0.91  8.33  3.95  88 1016.6   8.3   8.0   4.7 99.0 99.00
2024 04 30 18 20 140  6.0  7.6 99.00 99.00 99.00 999 1016.7   8.4   8.0   4.4 99.0 99.00
2024 04 30 18 30 137  5.7  7.0 99.00 99.00 99.00 999 1016.7   8.4   8.1   4.2 99.0 99.00
2024 04 30 18 40 133  5.0  6.8  0.95  8.33  4.27  99 1016.6   8.4   8.1   4.3 99.0 99.00
2024 04 30 18 50 127  4.8  5.8 99.00 99.00 99.00 999 1016.4   8.4   8.1   4.5 99.0 99.00
2024 04 30 19 00 122  4.8  5.9 99.00 99.00 99.00 999 1016.3   8.4   8.1   4.6 99.0 99.00
2024 04 30 19 10 117  4.8  5.9  0.84  8.33  4.24  90 1016.3   8.4   8.1   4.7 99.0 99.00
2024 04 30 19 20 111  4.8  6.0 99.00 99.00 99.00 999 1016.1   8.4   8.2   4.8 99.0 99.00
2024 04 30 19 30 105  4.8  5.9 99.00 99.00 99.00 999 1015.8   8.4   8.2   4.9 99.0 99.00
2024 04 30 19 40  98  4.7  5.9  0.79  9.09  4.21  91 1015.9   8.4   8.2   5.2 99.0 99.00
2024 04 30 19 50  91  4.8  6.0 99.00 99.00 99.00 999 1015.6   8.2   8.2   5.5 99.0 99.00
2024 04 30 20 00  99  6.2  7.3 99.00 99.00 99.00 999 1015.4   8.1   8.2   5.3 99.0 99.00
2024 04 30 20 10 101  6.3  7.4  0.75  8.33  4.21  93 1015.3   8.1   8.2   5.3 99.0 99.00
2024 04 30 20 20 101  6.4  8.1 99.00 99.00 99.00 999 1015.2   8.0   8.2   5.1 99.0 99.00
2024 04 30 20 30 104  6.9  8.2 99.00 99.00 99.00 999 1015.1   8.0   8.2   5.0 99.0 99.00
2024 04 30 20 40 104  7.1  8.5  0.78 10.81  4.04  99 1015.0   8.0   8.2   4.9 99.0 99.00
2024 04 30 20 50 104  7.0  8.8 99.00 99.00 99.00 999 1015.0   8.0   8.2   5.1 99.0 99.00
2024 04 30 21 00 105  7.4  9.0 99.00 99.00 99.00 999 1014.8   8.0   8.2   5.2 99.0 99.00
2024 04 30 21 10 109  7.4  9.4  0.87  8.33  4.09 108 1014.8   8.0   8.1   5.2 99.0 99.00
2024 04 30 21 20 111  7.3  8.7 99.00 99.00 99.00 999 1014.8   8.0   8.2   5.2 99.0 99.00
2024 04 30 21 30 113  7.3  9.1 99.00 99.00 99.00 999 1014.9   8.0   8.2   5.2 99.0 99.00
2024 04 30 21 40 115  7.0  8.9  0.87 10.00  3.89  76 1014.9   8.0   8.2   5.3 99.0 99.00
2024 04 30 21 50 116  7.1  8.6 99.00 99.00 99.00 999 1014.9   8.0   8.2   5.3 99.0 99.00
2024 04 30 22 00 111  6.8  8.2 99.00 99.00 99.00 999 1014.8   7.9   8.2   5.2 99.0 99.00
2024 04 30 22 10 111  6.6  8.0  0.92  3.70  3.95 133 1014.8   8.0   8.2   5.4 99.0 99.00
2024 04 30 22 20 112  6.9  8.5 99.00 99.00 99.00 999 1014.8   7.9   8.2   5.3 99.0 99.00
2024 04 30 22 30 115  7.3  8.8 99.00 99.00 99.00 999 1014.8   8.0   8.2   5.3 99.0 99.00
2024 04 30 22 40 118  6.4  8.1  0.89  3.85  3.91 110 1014.7   8.0   8.2   5.4 99.0 99.00
2024 04 30 22 50 119  6.5  7.8 99.00 99.00 99.00 999 1014.8   8.0   8.2   5.3 99.0 99.00
2024 04 30 23 00 120  6.8  8.4 99.00 99.00 99.00 999 1014.6   8.0   8.1   5.3 99.0 99.00
2024 04 30 23 10 118  6.9  8.5  0.89 10.00  4.06  77 1014.6   8.0   8.1   5.5 99.0 99.00
2024 04 30 23 20 115  7.0  8.7 99.00 99.00 99.00 999 1014.5   8.0   8.1   5.4 99.0 99.00
2024 04 30 23 30 119  6.6  8.0 99.00 99.00 99.00 999 1014.3   8.0   8.1   5.5 99.0 99.00
2024 04 30 23 40 120  7.3  8.7  0.90  4.00  3.93 116 1014.3   8.0   8.1   5.6 99.0 99.00
2024 04 30 23 50 117  7.2  8.7 99.00 99.00 99.00 999 1014.3   8.0   8.1   5.6 99.0 99.00
