time_mjd,flux,quality_flag,flux_err,sector
2144.51963339,0.9947874580407488,0,0.00033,sector_a
2144.52102228,0.9951539934943967,0,0.00033,sector_a
2144.52241117,0.995111569456628,0,0.00033,sector_a
2144.52380006,0.9946211482240938,0,0.00033,sector_a
2144.52518895,0.9946759926980719,0,0.00033,sector_a
2144.52657783,0.9946071499056645,0,0.00033,sector_a
2144.52796672,0.9949097375001639,0,0.00033,sector_a
2144.52935561,0.9947299160976317,0,0.00033,sector_a
2144.5307445,0.9949501455390528,0,0.00033,sector_a
2144.53213339,0.9942191734793826,0,0.00033,sector_a
2144.53352228,0.9951704683925275,0,0.00033,sector_a
2144.53491117,0.9947002475244828,0,0.00033,sector_a
2144.53630006,0.9949131717964538,0,0.00033,sector_a
2144.53768895,0.9946798480880411,0,0.00033,sector_a
2144.53907783,0.9946073634848557,0,0.00033,sector_a
2144.54046672,0.9948386098996502,0,0.00033,sector_a
2144.54185561,0.9949352344224012,0,0.00033,sector_a
2144.5432445,0.9946430974835656,0,0.00033,sector_a
2144.54463339,0.9946524645886411,0,0.00033,sector_a
2144.54602228,0.994882682884971,0,0.00033,sector_a
2144.54741117,0.9944424381589526,0,0.00033,sector_a
2144.54880006,0.9942575561572985,0,0.00033,sector_a
2144.55018895,0.994787632219903,0,0.00033,sector_a
2144.55157783,0.9944847364462022,0,0.00033,sector_a
2144.55296672,0.9941302608686917,0,0.00033,sector_a
2144.55435561,0.9944354864019175,0,0.00033,sector_a
2144.5557445,0.9945279631675578,0,0.00033,sector_a
2144.55713339,0.9943202667344495,0,0.00033,sector_a
2144.55852228,0.9942319503980822,0,0.00033,sector_a
2144.55991117,0.9946555796736222,0,0.00033,sector_a
2144.56130006,0.9948920356349604,0,0.00033,sector_a
2144.56268895,0.9945710176123821,0,0.00033,sector_a
2144.56407783,0.9944235805052574,0,0.00033,sector_a
2144.56546672,0.9947350824681658,0,0.00033,sector_a
2144.56685561,0.9948236111029158,0,0.00033,sector_a
2144.5682445,0.994534287077142,0,0.00033,sector_a
2144.56963339,0.9947663061170481,0,0.00033,sector_a
2144.57102228,0.9949013174943502,0,0.00033,sector_a
2144.57241117,0.9945468819584942,0,0.00033,sector_a
2144.57380006,0.9943725670039548,0,0.00033,sector_a
2144.57518895,0.9946932193394301,0,0.00033,sector_a
2144.57657783,0.9946607200744088,0,0.00033,sector_a
2144.57796672,0.994894609177512,0,0.00033,sector_a
2144.57935561,0.9942227976179795,0,0.00033,sector_a
2144.5807445,0.9943927715732711,0,0.00033,sector_a
2144.58213339,0.9943388837523073,0,0.00033,sector_a
2144.58352228,0.9940835980274935,4096,0.00033,sector_a
2144.58491117,0.9946000799444206,0,0.00033,sector_a
2144.58630006,0.9947080239601952,0,0.00033,sector_a
2144.58768895,0.9943489425366442,0,0.00033,sector_a
2144.58907783,0.9949393544018194,0,0.00033,sector_a
2144.59046672,0.994777085983517,0,0.00033,sector_a
2144.59185561,0.9947181910621795,0,0.00033,sector_a
2144.5932445,0.9946505866689926,0,0.00033,sector_a
2144.59463339,0.9948012837790211,0,0.00033,sector_a
2144.59602228,0.9941563341716873,0,0.00033,sector_a
2144.59741117,0.9946967856909458,0,0.00033,sector_a
2144.59880006,0.9946892644199069,0,0.00033,sector_a
2144.60018895,0.9940211319107254,0,0.00033,sector_a
2144.60157783,0.994608872490144,0,0.00033,sector_a
2144.60296672,0.9944372017399132,0,0.00033,sector_a
2144.60435561,0.994721766491058,0,0.00033,sector_a
2144.6057445,0.994375627932495,0,0.00033,sector_a
2144.60713339,0.9944890879294417,0,0.00033,sector_a
2144.60852228,0.9945858286606353,0,0.00033,sector_a
2144.60991117,0.9942401166967856,0,0.00033,sector_a
2144.61130006,0.9946487216586121,0,0.00033,sector_a
2144.61268895,0.9944473744514692,0,0.00033,sector_a
2144.61407783,0.9946103138029546,0,0.00033,sector_a
2144.61546672,0.9943219636310007,0,0.00033,sector_a
2144.61685561,0.9947678790270618,0,0.00033,sector_a
2144.6182445,0.9946288686348354,0,0.00033,sector_a
2144.61963339,0.994405239609695,0,0.00033,sector_a
2144.62102228,0.9946277142322153,0,0.00033,sector_a
2144.62241117,0.9947991823869548,0,0.00033,sector_a
2144.62380006,0.9949436699271061,0,0.00033,sector_a
2144.62518895,0.9939972343952459,0,0.00033,sector_a
2144.62657783,0.9946808128929854,0,0.00033,sector_a
2144.62796672,0.9945594605501711,0,0.00033,sector_a
2144.62935561,0.9943986709637697,0,0.00033,sector_a
2144.6307445,0.9941388016733501,0,0.00033,sector_a
2144.63213339,0.9947684018244451,0,0.00033,sector_a
2144.63352228,0.9940588288427669,0,0.00033,sector_a
2144.63491117,0.9945665920164551,0,0.00033,sector_a
2144.63630006,0.994768107493103,0,0.00033,sector_a
2144.63768895,0.99395141961077,0,0.00033,sector_a
2144.63907783,0.9943103700192357,0,0.00033,sector_a
2144.64046672,0.9940242477196272,0,0.00033,sector_a
2144.64185561,0.9944549224603509,0,0.00033,sector_a
2144.6432445,0.9948063767220383,0,0.00033,sector_a
2144.64463339,0.9949447172689173,0,0.00033,sector_a
2144.64602228,0.9938760249781686,0,0.00033,sector_a
2144.64741117,0.9942086923143177,0,0.00033,sector_a
2144.64880006,0.9945624572742982,0,0.00033,sector_a
2144.65018895,0.9948034812276964,0,0.00033,sector_a
2144.65157783,0.9944749937835836,0,0.00033,sector_a
2144.65296672,0.9941439358087606,0,0.00033,sector_a
2144.65435561,0.9944318644589966,0,0.00033,sector_a
2144.6557445,0.9943398292577557,0,0.00033,sector_a
2144.65713339,0.9942832559852325,0,0.00033,sector_a
2144.65852228,0.994130478015341,0,0.00033,sector_a
2144.65991117,0.9944403949982147,0,0.00033,sector_a
2144.66130006,0.9944140067399678,0,0.00033,sector_a
2144.66268895,0.9942976089275446,0,0.00033,sector_a
2144.66407783,0.9942574218155725,0,0.00033,sector_a
2144.66546672,0.993955573637585,0,0.00033,sector_a
2144.66685561,0.994175082868548,0,0.00033,sector_a
2144.6682445,0.9946448857069478,0,0.00033,sector_a
2144.66963339,0.994249597222533,0,0.00033,sector_a
2144.67102228,0.9938957180393375,0,0.00033,sector_a
2144.67241117,0.9946683630719646,0,0.00033,sector_a
2144.67380006,0.9944390852689811,0,0.00033,sector_a
2144.67518895,0.9948767732880902,0,0.00033,sector_a
2144.67657783,0.9942999164455875,2048,0.00033,sector_a
2144.67796672,0.9941491355940004,0,0.00033,sector_a
2144.67935561,0.9938688991741246,0,0.00033,sector_a
2144.6807445,0.9946408370489855,0,0.00033,sector_a
2144.68213339,0.9949855543727968,0,0.00033,sector_a
2144.68352228,0.9940321644650066,0,0.00033,sector_a
2144.68491117,0.9940767830871836,0,0.00033,sector_a
2144.68630006,0.9944208481761095,0,0.00033,sector_a
2144.68768895,0.9940173726098933,0,0.00033,sector_a
2144.68907783,0.9941700733970082,0,0.00033,sector_a
2144.69046672,0.9941438419486102,0,0.00033,sector_a
2144.69185561,0.9942915181697008,0,0.00033,sector_a
2144.6932445,0.9945402984606054,0,0.00033,sector_a
2144.69463339,0.994235914301435,0,0.00033,sector_a
2144.69602228,0.9944830227739366,0,0.00033,sector_a
2144.69741117,0.9941041581442576,0,0.00033,sector_a
2144.69880006,0.9943095162566536,0,0.00033,sector_a
2144.70018895,0.993615041702868,0,0.00033,sector_a
2144.70157783,0.9938037782351947,0,0.00033,sector_a
2144.70296672,0.9944286448690333,0,0.00033,sector_a
2144.70435561,0.9940365793499263,0,0.00033,sector_a
2144.7057445,0.9943602361032674,0,0.00033,sector_a
2144.70713339,0.9943457617602077,0,0.00033,sector_a
2144.70852228,0.994560195620729,0,0.00033,sector_a
2144.70991117,0.994413337002363,0,0.00033,sector_a
2144.71130006,0.9944668397488621,0,0.00033,sector_a
2144.71268895,0.9941468867095891,0,0.00033,sector_a
2144.71407783,0.9939787142047594,0,0.00033,sector_a
2144.71546672,0.9939654837989208,0,0.00033,sector_a
2144.71685561,0.9940297610408689,0,0.00033,sector_a
2144.7182445,0.9938461611909246,0,0.00033,sector_a
2144.71963339,0.9940053360760376,0,0.00033,sector_a
2144.72102228,0.9941288148445283,0,0.00033,sector_a
2144.72241117,0.994221306416844,2048,0.00033,sector_a
2144.72380006,0.9940520935537676,0,0.00033,sector_a
2144.72518895,0.9936044867210095,0,0.00033,sector_a
2144.72657783,0.9941190207413881,0,0.00033,sector_a
2144.72796672,0.9941985059012178,0,0.00033,sector_a
2144.72935561,0.9944352184807256,0,0.00033,sector_a
2144.7307445,0.9942895305857707,0,0.00033,sector_a
2144.73213339,0.993943702257277,0,0.00033,sector_a
2144.73352228,0.9939174195668051,0,0.00033,sector_a
2144.73491117,0.9946792292902056,0,0.00033,sector_a
2144.73630006,0.9943243128436359,0,0.00033,sector_a
2144.73768895,0.9946214568779221,0,0.00033,sector_a
2144.73907783,0.9947011050393038,0,0.00033,sector_a
2144.74046672,0.9938720112904554,0,0.00033,sector_a
2144.74185561,0.9942051716253498,0,0.00033,sector_a
2144.7432445,0.994221811868927,0,0.00033,sector_a
2144.74463339,0.9942464528266027,0,0.00033,sector_a
2144.74602228,0.9942377377588455,0,0.00033,sector_a
2144.74741117,0.9941388316277824,0,0.00033,sector_a
2144.74880006,0.9941272711994608,0,0.00033,sector_a
2144.75018895,0.9936540812232928,0,0.00033,sector_a
2144.75157783,0.9940247426382903,0,0.00033,sector_a
2144.75296672,0.9938580027556243,0,0.00033,sector_a
2144.75435561,0.9940989296123481,0,0.00033,sector_a
2144.7557445,0.9939290087275046,0,0.00033,sector_a
2144.75713339,0.9942294116489938,0,0.00033,sector_a
2144.75852228,0.9942818788666449,0,0.00033,sector_a
2144.75991117,0.9941352910564372,0,0.00033,sector_a
2144.76130006,0.9941337115240856,4096,0.00033,sector_a
2144.76268895,0.9940675445141425,0,0.00033,sector_a
2144.76407783,0.9939124788326424,0,0.00033,sector_a
2144.76546672,0.9939881524640548,0,0.00033,sector_a
2144.76685561,0.9938917903231721,0,0.00033,sector_a
2144.7682445,0.9941355738748742,0,0.00033,sector_a
2144.76963339,0.9940272633686632,0,0.00033,sector_a
2144.77102228,0.99418245519066,0,0.00033,sector_a
2144.77241117,0.993644062101218,0,0.00033,sector_a
2144.77380006,0.9942610596595812,0,0.00033,sector_a
2144.77518895,0.9937953325282478,0,0.00033,sector_a
2144.77657783,0.9937997024129296,0,0.00033,sector_a
2144.77796672,0.9939464393497952,0,0.00033,sector_a
2144.77935561,0.9938404057232602,0,0.00033,sector_a
2144.7807445,0.994076106572626,0,0.00033,sector_a
2144.78213339,0.9938302716043043,0,0.00033,sector_a
2144.78352228,0.9936880383911416,0,0.00033,sector_a
2144.78491117,0.9937471298482136,0,0.00033,sector_a
2144.78630006,0.9943477806865619,0,0.00033,sector_a
2144.78768895,0.99398929662603,0,0.00033,sector_a
2144.78907783,0.993646483021539,0,0.00033,sector_a
2144.79046672,0.9939722326256525,0,0.00033,sector_a
2144.79185561,0.9935307257034423,0,0.00033,sector_a
2144.7932445,0.9944639814038465,0,0.00033,sector_a
2144.79463339,0.9935325692979371,0,0.00033,sector_a
2144.79602228,0.9940900027283452,0,0.00033,sector_a
2144.79741117,0.9941047043441731,0,0.00033,sector_a
2144.79880006,0.9935430325989578,0,0.00033,sector_a
2144.80018895,0.9940296662576502,0,0.00033,sector_a
2144.80157783,0.9942213595673455,0,0.00033,sector_a
2144.80296672,0.9940696435171826,0,0.00033,sector_a
2144.80435561,0.9940083865630376,0,0.00033,sector_a
2144.8057445,0.9941976372000823,0,0.00033,sector_a
2144.80713339,0.9939735401055765,0,0.00033,sector_a
2144.80852228,0.9940192912205753,0,0.00033,sector_a
2144.80991117,0.9938862268460935,0,0.00033,sector_a
2144.81130006,0.9940952342785059,0,0.00033,sector_a
2144.81268895,0.9936513723927614,0,0.00033,sector_a
2144.81407783,0.9941332936777738,0,0.00033,sector_a
2144.81546672,0.9937667642569876,0,0.00033,sector_a
2144.81685561,0.9935995232229303,0,0.00033,sector_a
2144.8182445,0.9940038421414014,0,0.00033,sector_a
2144.81963339,0.9943722750657392,0,0.00033,sector_a
2144.82102228,0.9941642013248703,0,0.00033,sector_a
2144.82241117,0.9937472422506317,0,0.00033,sector_a
2144.82380006,0.9940837825753082,0,0.00033,sector_a
2144.82518895,0.9937578578920784,0,0.00033,sector_a
2144.82657783,0.9938470305391844,0,0.00033,sector_a
2144.82796672,0.9939035524475031,0,0.00033,sector_a
2144.82935561,0.9932264008415832,0,0.00033,sector_a
2144.8307445,0.9939256205657253,0,0.00033,sector_a
2144.83213339,0.9935804333887263,0,0.00033,sector_a
2144.83352228,0.993670216947258,0,0.00033,sector_a
2144.83491117,0.9934494329340003,0,0.00033,sector_a
2144.83630006,0.9934344087559349,0,0.00033,sector_a
2144.83768895,0.9935917229763447,0,0.00033,sector_a
2144.83907783,0.9940838053947411,0,0.00033,sector_a
2144.84046672,0.9943159400442182,0,0.00033,sector_a
2144.84185561,0.9938392105726735,0,0.00033,sector_a
2144.8432445,0.9941487982430585,0,0.00033,sector_a
2144.84463339,0.9937660202512074,0,0.00033,sector_a
2144.84602228,0.9933014297881195,0,0.00033,sector_a
2144.84741117,0.993875615499691,0,0.00033,sector_a
2144.84880006,0.9939552863757982,0,0.00033,sector_a
2144.85018895,0.9937073676137982,0,0.00033,sector_a
2144.85157783,0.9939088878415313,0,0.00033,sector_a
2144.85296672,0.993981475012352,0,0.00033,sector_a
2144.85435561,0.9935763087991462,0,0.00033,sector_a
2144.8557445,0.9934014624990811,0,0.00033,sector_a
2144.85713339,0.9937499475069189,0,0.00033,sector_a
2144.85852228,0.9937497338724804,0,0.00033,sector_a
2144.85991117,0.9937070268233554,0,0.00033,sector_a
2144.86130006,0.994079152887624,0,0.00033,sector_a
2144.86268895,0.9942828495307797,0,0.00033,sector_a
2144.86407783,0.9936799940238462,0,0.00033,sector_a
2144.86546672,0.9939893236126486,0,0.00033,sector_a
2144.86685561,0.9940540858689686,0,0.00033,sector_a
2144.8682445,0.9939873084764621,0,0.00033,sector_a
2144.86963339,0.9940779300854174,0,0.00033,sector_a
2144.87102228,0.9936726646096352,0,0.00033,sector_a
2144.87241117,0.9939858274731179,0,0.00033,sector_a
2144.87380006,0.9943425752057111,0,0.00033,sector_a
2144.87518895,0.9939977950165209,0,0.00033,sector_a
2144.87657783,0.9935962566999577,0,0.00033,sector_a
2144.87796672,0.993937054546652,0,0.00033,sector_a
2144.87935561,0.9941174395510202,0,0.00033,sector_a
2144.8807445,0.9938643771753376,0,0.00033,sector_a
2144.88213339,0.9936004067157518,0,0.00033,sector_a
2144.88352228,0.994187329344039,0,0.00033,sector_a
2144.88491117,0.9934024498773348,0,0.00033,sector_a
2144.88630006,0.9938904715573126,0,0.00033,sector_a
2144.88768895,0.9937421213263887,0,0.00033,sector_a
2144.88907783,0.9934095721215903,0,0.00033,sector_a
2144.89046672,0.9940824025515623,0,0.00033,sector_a
2144.89185561,0.9938355334053557,0,0.00033,sector_a
2144.8932445,0.9934085997766678,0,0.00033,sector_a
2144.89463339,0.9939009757661139,0,0.00033,sector_a
2144.89602228,0.993608842463778,0,0.00033,sector_a
2144.89741117,0.9931941187831044,0,0.00033,sector_a
2144.89880006,0.9935312253553241,0,0.00033,sector_a
2144.90018895,0.9937951426939722,0,0.00033,sector_a
2144.90157783,0.9938965849110097,0,0.00033,sector_a
2144.90296672,0.9937621963912449,0,0.00033,sector_a
2144.90435561,0.9937257448811623,0,0.00033,sector_a
2144.9057445,0.9938419667099795,0,0.00033,sector_a
2144.90713339,0.9936485774236834,0,0.00033,sector_a
2144.90852228,0.9940344896643574,0,0.00033,sector_a
2144.90991117,0.9937438641230025,0,0.00033,sector_a
2144.91130006,0.9937818550501137,0,0.00033,sector_a
2144.91268895,0.9938483037790543,0,0.00033,sector_a
2144.91407783,0.9933982063677691,0,0.00033,sector_a
2144.91546672,0.9934929742209134,0,0.00033,sector_a
2144.91685561,0.9941169145666451,0,0.00033,sector_a
2144.9182445,0.9937801641059356,0,0.00033,sector_a
2144.91963339,0.9936045210423402,0,0.00033,sector_a
2144.92102228,0.9937766554422026,0,0.00033,sector_a
2144.92241117,0.993543583000411,0,0.00033,sector_a
2144.92380006,0.9937538436456702,0,0.00033,sector_a
2144.92518895,0.9934868197588033,0,0.00033,sector_a
2144.92657783,0.9937479782457685,0,0.00033,sector_a
2144.92796672,0.9932263763254684,0,0.00033,sector_a
2144.92935561,0.9940382414287072,0,0.00033,sector_a
2144.9307445,0.9935194173357402,0,0.00033,sector_a
2144.93213339,0.9932177704898685,0,0.00033,sector_a
2144.93352228,0.9935953256908371,0,0.00033,sector_a
2144.93491117,0.9935516166504714,0,0.00033,sector_a
2144.93630006,0.9936956722652358,0,0.00033,sector_a
2144.93768895,0.993329846587916,0,0.00033,sector_a
2144.93907783,0.9937593341457306,0,0.00033,sector_a
2144.94046672,0.9946601807072593,0,0.00033,sector_a
2144.94185561,0.9932851037684934,0,0.00033,sector_a
2144.9432445,0.9937352510901967,0,0.00033,sector_a
2144.94463339,0.9935512604954233,0,0.00033,sector_a
2144.94602228,0.9936897742129833,0,0.00033,sector_a
2144.94741117,0.9931261305701494,0,0.00033,sector_a
2144.94880006,0.9933087588004865,2048,0.00033,sector_a
2144.95018895,0.99375736156914,0,0.00033,sector_a
2144.95157783,0.9936155265065433,0,0.00033,sector_a
2144.95296672,0.9940817880672405,0,0.00033,sector_a
2144.95435561,0.9934242271443171,0,0.00033,sector_a
2144.9557445,0.9936680905556193,0,0.00033,sector_a
2144.95713339,0.9944325762285531,0,0.00033,sector_a
2144.95852228,0.9934002278369823,0,0.00033,sector_a
2144.95991117,0.9933592057853777,0,0.00033,sector_a
2144.96130006,0.9936001481946789,0,0.00033,sector_a
2144.96268895,0.9935952238772653,0,0.00033,sector_a
2144.96407783,0.9938417964684054,0,0.00033,sector_a
2144.96546672,0.993639450461417,0,0.00033,sector_a
2144.96685561,0.9933890332208726,0,0.00033,sector_a
2144.9682445,0.9936578807216873,0,0.00033,sector_a
2144.96963339,0.9943352637075353,0,0.00033,sector_a
2144.97102228,0.9939503386693908,0,0.00033,sector_a
2144.97241117,0.9928130316289824,0,0.00033,sector_a
2144.97380006,0.9935500827280064,0,0.00033,sector_a
2144.97518895,0.9933426421633991,0,0.00033,sector_a
2144.97657783,0.9937597326618796,0,0.00033,sector_a
2144.97796672,0.9935348286260564,0,0.00033,sector_a
2144.97935561,0.9941223520860946,0,0.00033,sector_a
2144.9807445,0.9938398097668066,0,0.00033,sector_a
2144.98213339,0.9938262548305775,0,0.00033,sector_a
2144.98352228,0.9936270718315577,0,0.00033,sector_a
2144.98491117,0.9935614502312352,0,0.00033,sector_a
2144.98630006,0.993665897341954,0,0.00033,sector_a
2144.98768895,0.9939312504623872,0,0.00033,sector_a
2144.98907783,0.993716138224186,0,0.00033,sector_a
2144.99046672,0.9934661407400759,0,0.00033,sector_a
2144.99185561,0.9939194421725439,0,0.00033,sector_a
2144.9932445,0.9936141818437334,0,0.00033,sector_a
2144.99463339,0.9935366430801711,0,0.00033,sector_a
2144.99602228,0.9933347860487103,0,0.00033,sector_a
2144.99741117,0.9933959019224518,0,0.00033,sector_a
2144.99880006,0.9933743068112625,0,0.00033,sector_a
2145.00018895,0.9927685720306014,0,0.00033,sector_a
2145.00157783,0.9938331931098473,0,0.00033,sector_a
2145.00296672,0.9937051460386267,0,0.00033,sector_a
2145.00435561,0.9934846047426991,0,0.00033,sector_a
2145.0057445,0.9938355562104468,0,0.00033,sector_a
2145.00713339,0.9936634096859692,0,0.00033,sector_a
2145.00852228,0.9936429164569026,0,0.00033,sector_a
2145.00991117,0.9928440603574735,0,0.00033,sector_a
2145.01130006,0.993469878438262,0,0.00033,sector_a
2145.01268895,0.9936822767735226,0,0.00033,sector_a
2145.01407783,0.9939821292674642,0,0.00033,sector_a
2145.01546672,0.9940448648670337,0,0.00033,sector_a
2145.01685561,0.9939269945995219,0,0.00033,sector_a
2145.0182445,0.993200699083175,0,0.00033,sector_a
2145.01963339,0.9929088039124945,0,0.00033,sector_a
2145.02102228,0.9936820978344831,0,0.00033,sector_a
2145.02241117,0.9935283255792091,0,0.00033,sector_a
2145.02380006,0.9937883472037783,0,0.00033,sector_a
2145.02518895,0.9934818361955143,0,0.00033,sector_a
2145.02657783,0.9935768791438176,0,0.00033,sector_a
2145.02796672,0.9930936271759673,0,0.00033,sector_a
2145.02935561,0.993637355591994,0,0.00033,sector_a
2145.0307445,0.9933856425758678,0,0.00033,sector_a
2145.03213339,0.9936065237839847,0,0.00033,sector_a
2145.03352228,0.9936354878120007,0,0.00033,sector_a
2145.03491117,0.9934723707138082,0,0.00033,sector_a
2145.03630006,0.993592248561442,0,0.00033,sector_a
2145.03768895,0.9934980981855658,0,0.00033,sector_a
2145.03907783,0.993712860528582,0,0.00033,sector_a
2145.04046672,0.993639161813501,0,0.00033,sector_a
2145.04185561,0.9933438549631044,0,0.00033,sector_a
2145.0432445,0.9933308774385899,0,0.00033,sector_a
2145.04463339,0.9939821639238647,0,0.00033,sector_a
2145.04602228,0.9934639101313966,0,0.00033,sector_a
2145.04741117,0.9937685155724165,0,0.00033,sector_a
2145.04880006,0.9935994226783291,0,0.00033,sector_a
2145.05018895,0.9933298012189533,0,0.00033,sector_a
2145.05157783,0.9932765308952105,0,0.00033,sector_a
2145.05296672,0.9935183823926441,0,0.00033,sector_a
2145.05435561,0.9935551269099218,0,0.00033,sector_a
2145.0557445,0.9936538148386151,0,0.00033,sector_a
2145.05713339,0.993125593836173,0,0.00033,sector_a
2145.05852228,0.9933123789702882,0,0.00033,sector_a
2145.05991117,0.9934508957617679,0,0.00033,sector_a
2145.06130006,0.9939242490938265,0,0.00033,sector_a
2145.06268895,0.9928137831493785,0,0.00033,sector_a
2145.06407783,0.993596191303648,0,0.00033,sector_a
2145.06546672,0.9933206470845063,0,0.00033,sector_a
2145.06685561,0.9935912784843342,0,0.00033,sector_a
2145.0682445,0.9933313846795202,0,0.00033,sector_a
2145.06963339,0.993569872078348,0,0.00033,sector_a
2145.07102228,0.9939045685223024,0,0.00033,sector_a
2145.07241117,0.9935643300860564,0,0.00033,sector_a
2145.07380006,0.9935852053676627,0,0.00033,sector_a
2145.07518895,0.9935669650563567,0,0.00033,sector_a
2145.07657783,0.9932512017005625,0,0.00033,sector_a
2145.07796672,0.9936120723006162,0,0.00033,sector_a
2145.07935561,0.9934004412871569,0,0.00033,sector_a
2145.0807445,0.9932302627543014,0,0.00033,sector_a
2145.08213339,0.9934455266530244,0,0.00033,sector_a
2145.08352228,0.9933914700656532,0,0.00033,sector_a
2145.08491117,0.9936648892352787,0,0.00033,sector_a
2145.08630006,0.9934407372727886,0,0.00033,sector_a
2145.08768895,0.9933033191719969,0,0.00033,sector_a
2145.08907783,0.9938580790392172,0,0.00033,sector_a
2145.09046672,0.9937260129826465,0,0.00033,sector_a
2145.09185561,0.9938036594524801,0,0.00033,sector_a
2145.0932445,0.9936171662817747,0,0.00033,sector_a
2145.09463339,0.9934152013423745,0,0.00033,sector_a
2145.09602228,0.9933274819980077,0,0.00033,sector_a
2145.09741117,0.993365537512627,0,0.00033,sector_a
2145.09880006,0.993708044131929,0,0.00033,sector_a
2145.10018895,0.9934729752392828,0,0.00033,sector_a
2145.10157783,0.9930254113369722,0,0.00033,sector_a
2145.10296672,0.9934286428724696,0,0.00033,sector_a
2145.10435561,0.9930420690856525,0,0.00033,sector_a
2145.1057445,0.9934840264933282,0,0.00033,sector_a
2145.10713339,0.9930995339671401,0,0.00033,sector_a
2145.10852228,0.9930817343819114,0,0.00033,sector_a
2145.10991117,0.9934678854257543,0,0.00033,sector_a
2145.11130006,0.993411843515581,0,0.00033,sector_a
2145.11268895,0.9929675242858259,0,0.00033,sector_a
2145.11407783,0.9936414079505795,0,0.00033,sector_a
2145.11546672,0.9940366738491158,0,0.00033,sector_a
2145.11685561,0.9930153367798221,0,0.00033,sector_a
2145.1182445,0.9939388088857566,0,0.00033,sector_a
2145.11963339,0.9932358126856626,0,0.00033,sector_a
2145.12102228,0.9932892049139439,4096,0.00033,sector_a
2145.12241117,0.9933766322504193,0,0.00033,sector_a
2145.12380006,0.9930212272767263,0,0.00033,sector_a
2145.12518895,0.9937888586051518,0,0.00033,sector_a
2145.12657783,0.9935622691727121,0,0.00033,sector_a
2145.12796672,0.9932131336445986,0,0.00033,sector_a
2145.12935561,0.9933451989995746,0,0.00033,sector_a
2145.1307445,0.9929974536783327,0,0.00033,sector_a
2145.13213339,0.9933239298270126,0,0.00033,sector_a
2145.13352228,0.9936827233240109,0,0.00033,sector_a
2145.13491117,0.9929395981455773,0,0.00033,sector_a
2145.13630006,0.9932970416414079,0,0.00033,sector_a
2145.13768895,0.9934596143014943,0,0.00033,sector_a
2145.13907783,0.9937113573679752,0,0.00033,sector_a
2145.14046672,0.9937950147042209,0,0.00033,sector_a
2145.14185561,0.9932885372062015,0,0.00033,sector_a
2145.1432445,0.9932086620973486,0,0.00033,sector_a
2145.14463339,0.9935414540398922,0,0.00033,sector_a
2145.14602228,0.9933130390464822,0,0.00033,sector_a
2145.14741117,0.9933273673769262,0,0.00033,sector_a
2145.14880006,0.9937160608229749,0,0.00033,sector_a
2145.15018895,0.99388618678437,0,0.00033,sector_a
2145.15157783,0.993486968106837,0,0.00033,sector_a
2145.15296672,0.9933581842851497,0,0.00033,sector_a
2145.15435561,0.9935714512583662,0,0.00033,sector_a
2145.1557445,0.9928825012310607,0,0.00033,sector_a
2145.15713339,0.9934054179677542,0,0.00033,sector_a
2145.15852228,0.9931131025360087,0,0.00033,sector_a
2145.15991117,0.9940786545177868,0,0.00033,sector_a
2145.16130006,0.9936108357137717,0,0.00033,sector_a
2145.16268895,0.9934483426612825,0,0.00033,sector_a
2145.16407783,0.9933539307569449,0,0.00033,sector_a
2145.16546672,0.9927037733022891,0,0.00033,sector_a
2145.16685561,0.993607168812911,0,0.00033,sector_a
2145.1682445,0.993863443833664,0,0.00033,sector_a
2145.16963339,0.9932028023862779,0,0.00033,sector_a
2145.17102228,0.9935978911145404,0,0.00033,sector_a
2145.17241117,0.9936085303116157,0,0.00033,sector_a
2145.17380006,0.9929724373572517,0,0.00033,sector_a
2145.17518895,0.9936676297940809,0,0.00033,sector_a
2145.17657783,0.9937846851275629,0,0.00033,sector_a
2145.17796672,0.9934690593387092,0,0.00033,sector_a
2145.17935561,0.9933871469952972,0,0.00033,sector_a
2145.1807445,0.9936252353655748,0,0.00033,sector_a
2145.18213339,0.9929729767129791,0,0.00033,sector_a
2145.18352228,0.9934303032811789,0,0.00033,sector_a
2145.18491117,0.993699211928217,0,0.00033,sector_a
2145.18630006,0.9930559404377226,0,0.00033,sector_a
2145.18768895,0.9936815830909332,0,0.00033,sector_a
2145.18907783,0.9932864143590615,0,0.00033,sector_a
2145.19046672,0.9928207573318817,0,0.00033,sector_a
2145.19185561,0.9933736643890693,0,0.00033,sector_a
2145.1932445,0.9931310424417045,0,0.00033,sector_a
2145.19463339,0.9934924806233522,0,0.00033,sector_a
2145.19602228,0.9930748176055039,0,0.00033,sector_a
2145.19741117,0.9936970383746158,0,0.00033,sector_a
2145.19880006,0.9931960474277728,0,0.00033,sector_a
2145.20018895,0.9935026736360012,0,0.00033,sector_a
2145.20157783,0.9932365676108773,0,0.00033,sector_a
2145.20296672,0.9933124718197606,0,0.00033,sector_a
2145.20435561,0.9937365963027068,0,0.00033,sector_a
2145.2057445,0.9934632145253917,0,0.00033,sector_a
2145.20713339,0.9932923755485885,0,0.00033,sector_a
2145.20852228,0.9930526251833369,0,0.00033,sector_a
2145.20991117,0.9937279116131381,0,0.00033,sector_a
2145.21130006,0.9936084051646941,0,0.00033,sector_a
2145.21268895,0.9933118958252757,0,0.00033,sector_a
2145.21407783,0.9934715756037525,0,0.00033,sector_a
2145.21546672,0.9931153045351118,0,0.00033,sector_a
2145.21685561,0.9931195824295171,0,0.00033,sector_a
2145.2182445,0.9931725742181146,0,0.00033,sector_a
2145.21963339,0.9935030492237992,0,0.00033,sector_a
2145.22102228,0.9934871243422592,0,0.00033,sector_a
2145.22241117,0.9931958156389323,0,0.00033,sector_a
2145.22380006,0.9936113054083238,0,0.00033,sector_a
2145.22518895,0.9936246858842592,0,0.00033,sector_a
2145.22657783,0.9934536442734961,0,0.00033,sector_a
2145.22796672,0.993696252223549,0,0.00033,sector_a
2145.22935561,0.9933253305314673,0,0.00033,sector_a
2145.2307445,0.9933744498641229,0,0.00033,sector_a
2145.23213339,0.9935388151619255,0,0.00033,sector_a
2145.23352228,0.9933972165630955,0,0.00033,sector_a
2145.23491117,0.9936293900309754,0,0.00033,sector_a
2145.23630006,0.9930567157799123,0,0.00033,sector_a
2145.23768895,0.993807056922855,0,0.00033,sector_a
2145.23907783,0.993189481798173,0,0.00033,sector_a
2145.24046672,0.993362532804393,0,0.00033,sector_a
2145.24185561,0.9930233619266888,0,0.00033,sector_a
2145.2432445,0.9935775771188592,0,0.00033,sector_a
2145.24463339,0.9937666495622797,0,0.00033,sector_a
2145.24602228,0.9937103359626132,0,0.00033,sector_a
2145.24741117,0.99364427481066,0,0.00033,sector_a
2145.24880006,0.992975432064292,0,0.00033,sector_a
2145.25018895,0.9931929428663264,0,0.00033,sector_a
2145.25157783,0.9932829654164248,0,0.00033,sector_a
2145.25296672,0.9931513060045354,0,0.00033,sector_a
2145.25435561,0.9937279502329429,0,0.00033,sector_a
2145.2557445,0.9934658305827004,0,0.00033,sector_a
2145.25713339,0.993407916048869,0,0.00033,sector_a
2145.25852228,0.9935518901644073,0,0.00033,sector_a
2145.25991117,0.9931495526347585,0,0.00033,sector_a
2145.26130006,0.9931623090620464,0,0.00033,sector_a
2145.26268895,0.9931704947181013,0,0.00033,sector_a
2145.26407783,0.9935573102682136,0,0.00033,sector_a
2145.26546672,0.9935143112573126,0,0.00033,sector_a
2145.26685561,0.9935812335813764,0,0.00033,sector_a
2145.2682445,0.99372203394695,0,0.00033,sector_a
2145.26963339,0.9930407769953308,0,0.00033,sector_a
2145.27102228,0.9932646329614333,0,0.00033,sector_a
2145.27241117,0.9934636478151403,0,0.00033,sector_a
2145.27380006,0.9930454704572836,0,0.00033,sector_a
2145.27518895,0.9932749064745053,0,0.00033,sector_a
2145.27657783,0.9937086562826836,0,0.00033,sector_a
2145.27796672,0.993734296862995,0,0.00033,sector_a
2145.27935561,0.9937278784264543,0,0.00033,sector_a
2145.2807445,0.9934393051248588,0,0.00033,sector_a
2145.28213339,0.9933687846381193,0,0.00033,sector_a
2145.28352228,0.9937312935502542,0,0.00033,sector_a
2145.28491117,0.9933255925724311,0,0.00033,sector_a
2145.28630006,0.9935255629221125,0,0.00033,sector_a
2145.28768895,0.9938028724090686,0,0.00033,sector_a
2145.28907783,0.9933298285497303,0,0.00033,sector_a
2145.29046672,0.9932627635777996,0,0.00033,sector_a
2145.29185561,0.9934320799045079,0,0.00033,sector_a
2145.2932445,0.9936032514736234,0,0.00033,sector_a
2145.29463339,0.9935717970867851,0,0.00033,sector_a
2145.29602228,0.993481395826591,0,0.00033,sector_a
2145.29741117,0.99359460221729,0,0.00033,sector_a
2145.29880006,0.9929919817145199,0,0.00033,sector_a
2145.30018895,0.9932003555350063,0,0.00033,sector_a
2145.30157783,0.9934877498460334,0,0.00033,sector_a
2145.30296672,0.9931831337279883,0,0.00033,sector_a
2145.30435561,0.9930686184347085,0,0.00033,sector_a
2145.3057445,0.9931072419595044,0,0.00033,sector_a
2145.30713339,0.9931895057886135,0,0.00033,sector_a
2145.30852228,0.9933977948264192,0,0.00033,sector_a
2145.30991117,0.9931626246285367,0,0.00033,sector_a
2145.31130006,0.9935159395574109,0,0.00033,sector_a
2145.31268895,0.993926334644608,0,0.00033,sector_a
2145.31407783,0.9934112964994598,0,0.00033,sector_a
2145.31546672,0.9938108035514155,0,0.00033,sector_a
2145.31685561,0.9935359207464514,0,0.00033,sector_a
2145.3182445,0.9931428973048771,0,0.00033,sector_a
2145.31963339,0.9933859572649899,0,0.00033,sector_a
2145.32102228,0.9931841583265626,0,0.00033,sector_a
2145.32241117,0.9936754301284375,0,0.00033,sector_a
2145.32380006,0.9931388937415068,0,0.00033,sector_a
2145.32518895,0.9938334491316252,0,0.00033,sector_a
2145.32657783,0.9936264057999016,0,0.00033,sector_a
2145.32796672,0.992899666862397,0,0.00033,sector_a
2145.32935561,0.9936869459163508,0,0.00033,sector_a
2145.3307445,0.9939036076578248,0,0.00033,sector_a
2145.33213339,0.9932488653308582,0,0.00033,sector_a
2145.33352228,0.9937475476319725,0,0.00033,sector_a
2145.33491117,0.9929696113292994,0,0.00033,sector_a
2145.33630006,0.9935452594377373,0,0.00033,sector_a
2145.33768895,0.9930109801188581,0,0.00033,sector_a
2145.33907783,0.993612768351972,0,0.00033,sector_a
2145.34046672,0.9929786152534438,0,0.00033,sector_a
2145.34185561,0.9927436033275712,0,0.00033,sector_a
2145.3432445,0.9935932914592303,0,0.00033,sector_a
2145.34463339,0.9941245891283096,0,0.00033,sector_a
2145.34602228,0.9933188033783783,0,0.00033,sector_a
2145.34741117,0.9937196643346956,0,0.00033,sector_a
2145.34880006,0.9935198604767642,0,0.00033,sector_a
2145.35018895,0.9933999397071813,0,0.00033,sector_a
2145.35157783,0.9936645045730941,0,0.00033,sector_a
2145.35296672,0.9939537627272494,0,0.00033,sector_a
2145.35435561,0.9931497619393524,0,0.00033,sector_a
2145.3557445,0.9936552137917717,0,0.00033,sector_a
2145.35713339,0.9935957017664803,0,0.00033,sector_a
2145.35852228,0.9931020045938685,0,0.00033,sector_a
2145.35991117,0.993954714306805,0,0.00033,sector_a
2145.36130006,0.9940502059419253,0,0.00033,sector_a
2145.36268895,0.9932394159512793,0,0.00033,sector_a
2145.36407783,0.9939946272148488,0,0.00033,sector_a
2145.36546672,0.9935255753559676,0,0.00033,sector_a
2145.36685561,0.9934660006699169,0,0.00033,sector_a
2145.3682445,0.993934548076036,0,0.00033,sector_a
2145.36963339,0.9935791521514821,0,0.00033,sector_a
2145.37102228,0.9926878652099212,0,0.00033,sector_a
2145.37241117,0.9930242463859051,0,0.00033,sector_a
2145.37380006,0.992961936849328,0,0.00033,sector_a
2145.37518895,0.9928532714389071,0,0.00033,sector_a
2145.37657783,0.9922130064104332,0,0.00033,sector_a
2145.37796672,0.9921668783418779,0,0.00033,sector_a
2145.37935561,0.9929244709214861,0,0.00033,sector_a
2145.3807445,0.9923516901330326,0,0.00033,sector_a
2145.38213339,0.9926547837140375,0,0.00033,sector_a
2145.38352228,0.9923145213885745,0,0.00033,sector_a
2145.38491117,0.9925658990586362,0,0.00033,sector_a
2145.38630006,0.9922613829130541,0,0.00033,sector_a
2145.38768895,0.9930779690754923,0,0.00033,sector_a
2145.38907783,0.9923383441771829,0,0.00033,sector_a
2145.39046672,0.9925916171422307,0,0.00033,sector_a
2145.39185561,0.9925752321181597,0,0.00033,sector_a
2145.3932445,0.9929678043555292,0,0.00033,sector_a
2145.39463339,0.9922347112309398,0,0.00033,sector_a
2145.39602228,0.9926251489318415,0,0.00033,sector_a
2145.39741117,0.9925781178494475,0,0.00033,sector_a
2145.39880006,0.9927873179366143,0,0.00033,sector_a
2145.40018895,0.992773355429213,0,0.00033,sector_a
2145.40157783,0.9925136102443234,0,0.00033,sector_a
2145.40296672,0.9927128285314923,0,0.00033,sector_a
2145.40435561,0.9925431495320046,0,0.00033,sector_a
2145.4057445,0.9927814369752096,0,0.00033,sector_a
2145.40713339,0.9926239773523563,0,0.00033,sector_a
2145.40852228,0.9924714921945467,0,0.00033,sector_a
2145.40991117,0.9926497039759703,0,0.00033,sector_a
2145.41130006,0.9927616645199773,0,0.00033,sector_a
2145.41268895,0.9932966538821004,0,0.00033,sector_a
2145.41407783,0.9925270802371348,0,0.00033,sector_a
2145.41546672,0.9927529245326326,0,0.00033,sector_a
2145.41685561,0.9930791623665604,0,0.00033,sector_a
2145.4182445,0.9920900933685848,0,0.00033,sector_a
2145.41963339,0.9921864151264179,0,0.00033,sector_a
2145.42102228,0.9923441431451693,0,0.00033,sector_a
2145.42241117,0.9926475001971677,0,0.00033,sector_a
2145.42380006,0.9933652153253436,0,0.00033,sector_a
2145.42518895,0.9927941567143945,0,0.00033,sector_a
2145.42657783,0.9930254039198246,0,0.00033,sector_a
2145.42796672,0.992627557438108,0,0.00033,sector_a
2145.42935561,0.992002488192758,0,0.00033,sector_a
2145.4307445,0.9920471312614447,0,0.00033,sector_a
2145.43213339,0.992982799314763,0,0.00033,sector_a
2145.43352228,0.9927519993051472,0,0.00033,sector_a
2145.43491117,0.9923393283548736,0,0.00033,sector_a
2145.43630006,0.9930184441918731,0,0.00033,sector_a
2145.43768895,0.9922773900834716,0,0.00033,sector_a
2145.43907783,0.9930286051300085,0,0.00033,sector_a
2145.44046672,0.9931201294607368,0,0.00033,sector_a
2145.44185561,0.9925023569799245,0,0.00033,sector_a
2145.4432445,0.9924090050775601,0,0.00033,sector_a
2145.44463339,0.9929584765723103,0,0.00033,sector_a
2145.44602228,0.9924181881786267,0,0.00033,sector_a
2145.44741117,0.9929690180095221,0,0.00033,sector_a
2145.44880006,0.992395860608578,0,0.00033,sector_a
2145.45018895,0.9929595039778387,0,0.00033,sector_a
2145.45157783,0.9927625360741893,0,0.00033,sector_a
2145.45296672,0.9926179636148614,0,0.00033,sector_a
2145.45435561,0.9924912549456317,0,0.00033,sector_a
2145.4557445,0.99281148956022,0,0.00033,sector_a
2145.45713339,0.9922179624919519,0,0.00033,sector_a
2145.45852228,0.9926735932276288,0,0.00033,sector_a
2145.45991117,0.9926429126421364,0,0.00033,sector_a
2145.46130006,0.992946766095129,0,0.00033,sector_a
2145.46268895,0.9924087620188989,0,0.00033,sector_a
2145.46407783,0.9932426176804381,0,0.00033,sector_a
2145.46546672,0.9926786525972293,0,0.00033,sector_a
2145.46685561,0.9924502654311347,0,0.00033,sector_a
2145.4682445,0.9931601284275132,0,0.00033,sector_a
2145.46963339,0.9932407380295517,0,0.00033,sector_a
2145.47102228,0.9927256490663876,0,0.00033,sector_a
2145.47241117,0.9925318496489445,0,0.00033,sector_a
2145.47380006,0.9927889866275216,0,0.00033,sector_a
2145.47518895,0.9925943352020613,0,0.00033,sector_a
2145.47657783,0.9927034567087621,0,0.00033,sector_a
2145.47796672,0.9932303789133204,0,0.00033,sector_a
2145.47935561,0.9929069604935181,0,0.00033,sector_a
2145.4807445,0.992841164978482,0,0.00033,sector_a
2145.48213339,0.9929005815733573,0,0.00033,sector_a
2145.48352228,0.9927906934274382,0,0.00033,sector_a
2145.48491117,0.993045874957396,0,0.00033,sector_a
2145.48630006,0.9930597315472266,0,0.00033,sector_a
2145.48768895,0.9927133209588538,0,0.00033,sector_a
2145.48907783,0.9928495946760294,0,0.00033,sector_a
2145.49046672,0.9934993253686417,0,0.00033,sector_a
2145.49185561,0.9929449252583236,0,0.00033,sector_a
2145.4932445,0.9936982178188631,0,0.00033,sector_a
2145.49463339,0.9943275667192338,0,0.00033,sector_a
2145.49602228,0.9937597074025433,0,0.00033,sector_a
2145.49741117,0.9934532520077252,0,0.00033,sector_a
2145.49880006,0.9939528264496682,0,0.00033,sector_a
2145.50018895,0.9935154567558129,0,0.00033,sector_a
2145.50157783,0.9936316670268409,0,0.00033,sector_a
2145.50296672,0.9938657587297685,0,0.00033,sector_a
2145.50435561,0.9937424081887983,0,0.00033,sector_a
2145.5057445,0.9935676590021656,0,0.00033,sector_a
2145.50713339,0.9936307167533356,0,0.00033,sector_a
2145.50852228,0.9936224056865679,0,0.00033,sector_a
2145.50991117,0.9941186665705442,0,0.00033,sector_a
2145.51130006,0.9935938547293404,0,0.00033,sector_a
2145.51268895,0.9936391309080985,0,0.00033,sector_a
2145.51407783,0.9943737259332396,0,0.00033,sector_a
2145.51546672,0.9936515842252656,0,0.00033,sector_a
2145.51685561,0.9942273437610318,0,0.00033,sector_a
2145.5182445,0.9941823974262426,0,0.00033,sector_a
2145.51963339,0.9937749246057214,0,0.00033,sector_a
2145.52102228,0.9934239851813453,0,0.00033,sector_a
2145.52241117,0.9939519954542367,0,0.00033,sector_a
2145.52380006,0.9940172543306023,0,0.00033,sector_a
2145.52518895,0.9941036613873371,0,0.00033,sector_a
2145.52657783,0.9938565943876667,0,0.00033,sector_a
2145.52796672,0.9941775450475765,0,0.00033,sector_a
2145.52935561,0.9942333913686424,0,0.00033,sector_a
2145.5307445,0.9935527030521949,0,0.00033,sector_a
2145.53213339,0.9942520428741013,0,0.00033,sector_a
2145.53352228,0.993904531192788,0,0.00033,sector_a
2145.53491117,0.9937011412458321,0,0.00033,sector_a
2145.53630006,0.9937742411292294,0,0.00033,sector_a
2145.53768895,0.99439310146928,0,0.00033,sector_a
2145.53907783,0.9941468510776533,0,0.00033,sector_a
2145.54046672,0.9933743483250987,0,0.00033,sector_a
2145.54185561,0.9939026248744479,0,0.00033,sector_a
2145.5432445,0.993844091433718,0,0.00033,sector_a
2145.54463339,0.9938380947007524,0,0.00033,sector_a
2145.54602228,0.9937476024619899,0,0.00033,sector_a
2145.54741117,0.9934875653729347,0,0.00033,sector_a
2145.54880006,0.9941406511261273,0,0.00033,sector_a
2145.55018895,0.9936403555971624,0,0.00033,sector_a
2145.55157783,0.9938039522636887,0,0.00033,sector_a
2145.55296672,0.99374300804761,0,0.00033,sector_a
2145.55435561,0.993712014469646,0,0.00033,sector_a
2145.5557445,0.9941280577272372,0,0.00033,sector_a
2145.55713339,0.9940315716001406,0,0.00033,sector_a
2145.55852228,0.9937395300312755,0,0.00033,sector_a
2145.55991117,0.99366794582338,0,0.00033,sector_a
2145.56130006,0.9938052713856734,0,0.00033,sector_a
2145.56268895,0.9942117058695731,0,0.00033,sector_a
2145.56407783,0.9939804458086966,4096,0.00033,sector_a
2145.56546672,0.9940147170866444,0,0.00033,sector_a
2145.56685561,0.9938618507300441,0,0.00033,sector_a
2145.5682445,0.9938858300200313,0,0.00033,sector_a
2145.56963339,0.9940229858323264,0,0.00033,sector_a
2145.57102228,0.9934505287127193,0,0.00033,sector_a
2145.57241117,0.9944224151868614,0,0.00033,sector_a
2145.57380006,0.9937548669934235,0,0.00033,sector_a
2145.57518895,0.9938206645045045,0,0.00033,sector_a
2145.57657783,0.9943589740819505,0,0.00033,sector_a
2145.57796672,0.9940508958450596,0,0.00033,sector_a
2145.57935561,0.9940048343524786,0,0.00033,sector_a
2145.5807445,0.9938341751779627,0,0.00033,sector_a
2145.58213339,0.993564847841557,0,0.00033,sector_a
2145.58352228,0.9940582477296892,0,0.00033,sector_a
2145.58491117,0.9943456410420516,0,0.00033,sector_a
2145.58630006,0.9937635862822789,0,0.00033,sector_a
2145.58768895,0.9944016000510703,0,0.00033,sector_a
2145.58907783,0.993708984871745,0,0.00033,sector_a
2145.59046672,0.9938236346231755,0,0.00033,sector_a
2145.59185561,0.9941753975011098,0,0.00033,sector_a
2145.5932445,0.9940383733167267,0,0.00033,sector_a
2145.59463339,0.9942364279336523,0,0.00033,sector_a
2145.59602228,0.9938399339214321,0,0.00033,sector_a
2145.59741117,0.9937633856786396,0,0.00033,sector_a
2145.59880006,0.9935341767708474,0,0.00033,sector_a
2145.60018895,0.9937246076196258,0,0.00033,sector_a
2145.60157783,0.9937650460521654,0,0.00033,sector_a
2145.60296672,0.9936715323809291,0,0.00033,sector_a
2145.60435561,0.9941621954562365,0,0.00033,sector_a
2145.6057445,0.9938946990922847,0,0.00033,sector_a
2145.60713339,0.9935286419693864,0,0.00033,sector_a
2145.60852228,0.9947855344089047,0,0.00033,sector_a
2145.60991117,0.9938612119582243,0,0.00033,sector_a
2145.61130006,0.9937482571151883,0,0.00033,sector_a
2145.61268895,0.994451786203032,0,0.00033,sector_a
2145.61407783,0.9944358297280972,0,0.00033,sector_a
2145.61546672,0.9937920126109865,0,0.00033,sector_a
2145.61685561,0.9937065699762624,0,0.00033,sector_a
2145.6182445,0.9938441800636887,0,0.00033,sector_a
2145.61963339,0.9944453856374703,0,0.00033,sector_a
2145.62102228,0.9940469244714165,0,0.00033,sector_a
2145.62241117,0.9939126069632005,0,0.00033,sector_a
2145.62380006,0.9941360799683893,0,0.00033,sector_a
2145.62518895,0.994486196742807,0,0.00033,sector_a
2145.62657783,0.9937649648607306,0,0.00033,sector_a
2145.62796672,0.9940516073361082,0,0.00033,sector_a
2145.62935561,0.993776748520515,0,0.00033,sector_a
2145.6307445,0.9947773920788524,0,0.00033,sector_a
2145.63213339,0.9946834018371781,0,0.00033,sector_a
2145.63352228,0.9944456985564132,0,0.00033,sector_a
2145.63491117,0.9941471385122509,0,0.00033,sector_a
2145.63630006,0.9943741811611643,0,0.00033,sector_a
2145.63768895,0.9936062136456707,0,0.00033,sector_a
2145.63907783,0.9942773455717004,0,0.00033,sector_a
2145.64046672,0.9938310054566499,0,0.00033,sector_a
2145.64185561,0.9938393979278254,0,0.00033,sector_a
2145.6432445,0.9940182306068519,0,0.00033,sector_a
2145.64463339,0.9941227296678938,0,0.00033,sector_a
2145.64602228,0.9943868251823139,0,0.00033,sector_a
2145.64741117,0.9944275042178318,0,0.00033,sector_a
2145.64880006,0.9943101497976,0,0.00033,sector_a
2145.65018895,0.993977491466218,0,0.00033,sector_a
2145.65157783,0.9944365031353192,0,0.00033,sector_a
2145.65296672,0.9942186997593401,0,0.00033,sector_a
2145.65435561,0.9945883839874542,0,0.00033,sector_a
2145.6557445,0.9940064952318034,0,0.00033,sector_a
2145.65713339,0.9934949775968412,0,0.00033,sector_a
2145.65852228,0.9941406077521169,0,0.00033,sector_a
2145.65991117,0.9948818627105918,0,0.00033,sector_a
2145.66130006,0.9944162648835644,0,0.00033,sector_a
2145.66268895,0.9942359926335882,0,0.00033,sector_a
2145.66407783,0.9945432961824741,0,0.00033,sector_a
2145.66546672,0.9944422592365151,0,0.00033,sector_a
2145.66685561,0.9944360507088275,0,0.00033,sector_a
2145.6682445,0.9941686062295796,0,0.00033,sector_a
2145.66963339,0.9943392676117114,0,0.00033,sector_a
2145.67102228,0.9943798310500211,0,0.00033,sector_a
2145.67241117,0.994149126406097,0,0.00033,sector_a
2145.67380006,0.994021418510616,0,0.00033,sector_a
2145.67518895,0.9943791973891669,0,0.00033,sector_a
2145.67657783,0.9946170619578975,0,0.00033,sector_a
2145.67796672,0.9945327828674609,0,0.00033,sector_a
2145.67935561,0.9944955099350561,0,0.00033,sector_a
2145.6807445,0.9945040797561467,0,0.00033,sector_a
2145.68213339,0.9950920844999951,0,0.00033,sector_a
2145.68352228,0.9944470401450441,0,0.00033,sector_a
2145.68491117,0.9946717691217208,2048,0.00033,sector_a
2145.68630006,0.9949337289889295,0,0.00033,sector_a
2145.68768895,0.994406357982181,0,0.00033,sector_a
2145.68907783,0.9944713447716462,0,0.00033,sector_a
2145.69046672,0.9946954022332832,0,0.00033,sector_a
2145.69185561,0.9948814245351724,0,0.00033,sector_a
2145.6932445,0.9945023746650009,0,0.00033,sector_a
2145.69463339,0.9945221932734776,0,0.00033,sector_a
2145.69602228,0.9944518432065885,0,0.00033,sector_a
2145.69741117,0.9940947169228548,0,0.00033,sector_a
2145.69880006,0.9947511249927037,0,0.00033,sector_a
2145.70018895,0.9943733883489027,0,0.00033,sector_a
2145.70157783,0.9939687639492029,0,0.00033,sector_a
2145.70296672,0.9944155998143057,0,0.00033,sector_a
2145.70435561,0.9939783498460721,0,0.00033,sector_a
2145.7057445,0.9941865801384173,0,0.00033,sector_a
2145.70713339,0.9944797919986137,0,0.00033,sector_a
2145.70852228,0.9942231594130213,0,0.00033,sector_a
2145.70991117,0.9947870158053483,0,0.00033,sector_a
2145.71130006,0.9940820099044098,0,0.00033,sector_a
2145.71268895,0.9945733862304349,0,0.00033,sector_a
2145.71407783,0.9946621008031924,0,0.00033,sector_a
2145.71546672,0.9949210911982789,0,0.00033,sector_a
2145.71685561,0.9947767012263956,0,0.00033,sector_a
2145.7182445,0.9945899730026841,0,0.00033,sector_a
2145.71963339,0.9945534075821494,0,0.00033,sector_a
2145.72102228,0.9945207298747141,0,0.00033,sector_a
2145.72241117,0.9948622083330552,0,0.00033,sector_a
2145.72380006,0.9943657246728459,0,0.00033,sector_a
2145.72518895,0.9947017846323061,0,0.00033,sector_a
2145.72657783,0.9945359883688609,0,0.00033,sector_a
2145.72796672,0.994635898214794,0,0.00033,sector_a
2145.72935561,0.9945013776845296,0,0.00033,sector_a
2145.7307445,0.9951790265806102,0,0.00033,sector_a
2145.73213339,0.9944035286886677,0,0.00033,sector_a
2145.73352228,0.9946647891856382,0,0.00033,sector_a
2145.73491117,0.9946775767531006,0,0.00033,sector_a
2145.73630006,0.9947769763109406,0,0.00033,sector_a
2145.73768895,0.9947392392561581,0,0.00033,sector_a
2145.73907783,0.9947384127704917,0,0.00033,sector_a
2145.74046672,0.9949008939211081,0,0.00033,sector_a
2145.74185561,0.9942110078990555,0,0.00033,sector_a
2145.7432445,0.9946416320497932,0,0.00033,sector_a
2145.74463339,0.9942999163030866,0,0.00033,sector_a
2145.74602228,0.9947169310733034,0,0.00033,sector_a
2145.74741117,0.9943271477787641,0,0.00033,sector_a
2145.74880006,0.9943960187965158,0,0.00033,sector_a
2145.75018895,0.9946544051802815,0,0.00033,sector_a
2145.75157783,0.9950689136591563,0,0.00033,sector_a
2145.75296672,0.9948461715762846,0,0.00033,sector_a
2145.75435561,0.9947741416157068,0,0.00033,sector_a
2145.7557445,0.9950906244504858,0,0.00033,sector_a
2145.75713339,0.9944396587030498,0,0.00033,sector_a
2145.75852228,0.9941251699165452,0,0.00033,sector_a
2145.75991117,0.9945989211429503,0,0.00033,sector_a
2145.76130006,0.9946463657964505,0,0.00033,sector_a
2145.76268895,0.9950766586770138,0,0.00033,sector_a
2145.76407783,0.9953365913585965,0,0.00033,sector_a
2145.76546672,0.9943719906997079,0,0.00033,sector_a
2145.76685561,0.9954447204552944,0,0.00033,sector_a
2145.7682445,0.99519584310707,0,0.00033,sector_a
2145.76963339,0.994999357859323,0,0.00033,sector_a
2145.77102228,0.9948743779435861,0,0.00033,sector_a
2145.77241117,0.9954574072590117,0,0.00033,sector_a
2145.77380006,0.9948074479235474,0,0.00033,sector_a
2145.77518895,0.9946590640780644,0,0.00033,sector_a
2145.77657783,0.9948374730127332,0,0.00033,sector_a
2145.77796672,0.9944219784880478,0,0.00033,sector_a
2145.77935561,0.9949443954784568,0,0.00033,sector_a
2145.7807445,0.9947883568561866,0,0.00033,sector_a
2145.78213339,0.9949185533140189,0,0.00033,sector_a
2145.78352228,0.9949337484714514,0,0.00033,sector_a
2145.78491117,0.9945433343336807,0,0.00033,sector_a
2145.78630006,0.9952152951559307,0,0.00033,sector_a
2145.78768895,0.9945695626801879,0,0.00033,sector_a
2145.78907783,0.9951093734848617,0,0.00033,sector_a
2145.79046672,0.9944215484198843,0,0.00033,sector_a
2145.79185561,0.9949787289663187,0,0.00033,sector_a
2145.7932445,0.9946521351394487,0,0.00033,sector_a
2145.79463339,0.9949007474258386,0,0.00033,sector_a
2145.79602228,0.9947134807931386,0,0.00033,sector_a
2145.79741117,0.9942916456871175,0,0.00033,sector_a
2145.79880006,0.9945979573918007,0,0.00033,sector_a
2145.80018895,0.9949364266419689,0,0.00033,sector_a
2145.80157783,0.9950990489954438,0,0.00033,sector_a
2145.80296672,0.9945201082241287,0,0.00033,sector_a
2145.80435561,0.9943435910072196,0,0.00033,sector_a
2145.8057445,0.9947015843264729,0,0.00033,sector_a
2145.80713339,0.9948937808645321,0,0.00033,sector_a
2145.80852228,0.9947828686775895,0,0.00033,sector_a
2145.80991117,0.9947406704410211,0,0.00033,sector_a
2145.81130006,0.9952127644173707,0,0.00033,sector_a
2145.81268895,0.9952522787240234,0,0.00033,sector_a
2145.81407783,0.995196773624669,0,0.00033,sector_a
2145.81546672,0.9947337121268192,0,0.00033,sector_a
2145.81685561,0.9950249782831405,0,0.00033,sector_a
2145.8182445,0.9949566974970957,0,0.00033,sector_a
2145.81963339,0.9946185444957591,0,0.00033,sector_a
2145.82102228,0.995272655924242,0,0.00033,sector_a
2145.82241117,0.9950575294464011,0,0.00033,sector_a
2145.82380006,0.9949044840879968,0,0.00033,sector_a
2145.82518895,0.9954445459028725,0,0.00033,sector_a
2145.82657783,0.9952688935007136,0,0.00033,sector_a
2145.82796672,0.9953021090976172,0,0.00033,sector_a
2145.82935561,0.9954058563194896,0,0.00033,sector_a
2145.8307445,0.9952782711029134,0,0.00033,sector_a
2145.83213339,0.9947304325329142,0,0.00033,sector_a
2145.83352228,0.994983287672046,0,0.00033,sector_a
2145.83491117,0.9953805150219499,0,0.00033,sector_a
2145.83630006,0.9948918097469948,0,0.00033,sector_a
2145.83768895,0.9951249363572248,0,0.00033,sector_a
2145.83907783,0.9952334379830093,0,0.00033,sector_a
2145.84046672,0.9955332215673691,0,0.00033,sector_a
2145.84185561,0.9955007884874346,0,0.00033,sector_a
2145.8432445,0.9953962310838715,0,0.00033,sector_a
2145.84463339,0.9951000305029961,0,0.00033,sector_a
2145.84602228,0.9954159669560682,0,0.00033,sector_a
2145.84741117,0.9953152520590062,0,0.00033,sector_a
2145.84880006,0.9951296790242347,0,0.00033,sector_a
2145.85018895,0.9955627599884319,0,0.00033,sector_a
2145.85157783,0.9953287122032527,0,0.00033,sector_a
2145.85296672,0.9949861874214536,0,0.00033,sector_a
2145.85435561,0.9955600713395402,0,0.00033,sector_a
2145.8557445,0.9951417553550838,0,0.00033,sector_a
2145.85713339,0.9953870986747742,0,0.00033,sector_a
2145.85852228,0.9948017334368868,0,0.00033,sector_a
2145.85991117,0.9952308203608567,0,0.00033,sector_a
2145.86130006,0.9949790124430524,0,0.00033,sector_a
2145.86268895,0.9949792950106673,0,0.00033,sector_a
2145.86407783,0.994724420046937,0,0.00033,sector_a
2145.86546672,0.9958672754231984,0,0.00033,sector_a
2145.86685561,0.9952329255441201,0,0.00033,sector_a
2145.8682445,0.9953494072698137,0,0.00033,sector_a
2145.86963339,0.9956007713975038,0,0.00033,sector_a
2145.87102228,0.9952642609885939,0,0.00033,sector_a
2145.87241117,0.9954500019704386,0,0.00033,sector_a
2145.87380006,0.9949335503246939,0,0.00033,sector_a
2145.87518895,0.9953769652592432,0,0.00033,sector_a
2145.87657783,0.9952139863041658,0,0.00033,sector_a
2145.87796672,0.9954779627305997,0,0.00033,sector_a
2145.87935561,0.9953964198190426,0,0.00033,sector_a
2145.8807445,0.9949657169083881,0,0.00033,sector_a
2145.88213339,0.9948431418788699,0,0.00033,sector_a
2145.88352228,0.9950854583300569,0,0.00033,sector_a
2145.88491117,0.9955840551324613,0,0.00033,sector_a
2145.88630006,0.9955046809474183,0,0.00033,sector_a
2145.88768895,0.9955065610871344,0,0.00033,sector_a
2145.88907783,0.9948362822742033,0,0.00033,sector_a
2145.89046672,0.9946566837543966,0,0.00033,sector_a
2145.89185561,0.9952430675365139,0,0.00033,sector_a
2145.8932445,0.9953325972718938,0,0.00033,sector_a
2145.89463339,0.9952648391875117,0,0.00033,sector_a
2145.89602228,0.9955411510508692,0,0.00033,sector_a
2145.89741117,0.9954020196793117,0,0.00033,sector_a
2145.89880006,0.995125962061268,0,0.00033,sector_a
2145.90018895,0.9952197620704821,0,0.00033,sector_a
2145.90157783,0.9955143289361847,0,0.00033,sector_a
2145.90296672,0.9955027616131985,0,0.00033,sector_a
2145.90435561,0.995469792261686,0,0.00033,sector_a
2145.9057445,0.9961336452470948,0,0.00033,sector_a
2145.90713339,0.9954334267986185,0,0.00033,sector_a
2145.90852228,0.9955488393607677,0,0.00033,sector_a
2145.90991117,0.9952445416551844,0,0.00033,sector_a
2145.91130006,0.9954311250744848,0,0.00033,sector_a
2145.91268895,0.9956866979395399,0,0.00033,sector_a
2145.91407783,0.9957069651446399,0,0.00033,sector_a
2145.91546672,0.9955123791979454,0,0.00033,sector_a
2145.91685561,0.9956753437140748,0,0.00033,sector_a
2145.9182445,0.9955884979934574,0,0.00033,sector_a
2145.91963339,0.9950546125979699,0,0.00033,sector_a
2145.92102228,0.9946726415261108,0,0.00033,sector_a
2145.92241117,0.9962450643424662,0,0.00033,sector_a
2145.92380006,0.9958390493482187,0,0.00033,sector_a
2145.92518895,0.9955989698653501,0,0.00033,sector_a
2145.92657783,0.9951366985071914,0,0.00033,sector_a
2145.92796672,0.9952747158309259,0,0.00033,sector_a
2145.92935561,0.9960200190034385,0,0.00033,sector_a
2145.9307445,0.9948682036285187,0,0.00033,sector_a
2145.93213339,0.995566624310353,0,0.00033,sector_a
2145.93352228,0.9959091932944532,0,0.00033,sector_a
2145.93491117,0.9957146726932545,0,0.00033,sector_a
2145.93630006,0.9958944971137436,0,0.00033,sector_a
2145.93768895,0.9956550069083723,0,0.00033,sector_a
2145.93907783,0.9963705391081414,0,0.00033,sector_a
2145.94046672,0.9954211641887656,0,0.00033,sector_a
2145.94185561,0.9953362242734909,0,0.00033,sector_a
2145.9432445,0.9958031760298516,0,0.00033,sector_a
2145.94463339,0.9961352630223189,0,0.00033,sector_a
2145.94602228,0.9957280185009727,0,0.00033,sector_a
2145.94741117,0.9960460916814713,0,0.00033,sector_a
2145.94880006,0.9956124522344313,0,0.00033,sector_a
2145.95018895,0.9954379404427082,0,0.00033,sector_a
2145.95157783,0.9961705398488478,0,0.00033,sector_a
2145.95296672,0.9962265608069054,0,0.00033,sector_a
2145.95435561,0.9962253705327813,0,0.00033,sector_a
2145.9557445,0.9956821711655826,0,0.00033,sector_a
2145.95713339,0.9954902254565716,0,0.00033,sector_a
2145.95852228,0.9954950748095941,0,0.00033,sector_a
2145.95991117,0.9957684312376105,0,0.00033,sector_a
2145.96130006,0.9960032556316261,0,0.00033,sector_a
2145.96268895,0.9959915991673055,0,0.00033,sector_a
2145.96407783,0.9954562695107039,0,0.00033,sector_a
2145.96546672,0.9959214376250038,0,0.00033,sector_a
2145.96685561,0.9958806538421267,0,0.00033,sector_a
2145.9682445,0.9959098392756794,0,0.00033,sector_a
2145.96963339,0.9958868963818821,0,0.00033,sector_a
2145.97102228,0.9958459360051789,0,0.00033,sector_a
2145.97241117,0.9960775467002968,0,0.00033,sector_a
2145.97380006,0.9959559202398597,0,0.00033,sector_a
2145.97518895,0.9959924983810594,0,0.00033,sector_a
2145.97657783,0.9957449693167199,0,0.00033,sector_a
2145.97796672,0.9960582102294935,0,0.00033,sector_a
2145.97935561,0.9959224952152573,0,0.00033,sector_a
2145.9807445,0.9953732117799526,0,0.00033,sector_a
2145.98213339,0.9961099206597528,0,0.00033,sector_a
2145.98352228,0.9959095720797156,0,0.00033,sector_a
2145.98491117,0.9962520158715246,0,0.00033,sector_a
2145.98630006,0.9959563634261169,0,0.00033,sector_a
2145.98768895,0.9959840510122542,0,0.00033,sector_a
2145.98907783,0.9960792535494098,0,0.00033,sector_a
2145.99046672,0.9960257957404226,0,0.00033,sector_a
2145.99185561,0.9959131239869149,0,0.00033,sector_a
2145.9932445,0.9955453305974932,0,0.00033,sector_a
2145.99463339,0.9965725554617785,0,0.00033,sector_a
2145.99602228,0.9956237321738545,0,0.00033,sector_a
2145.99741117,0.9959793692759935,0,0.00033,sector_a
2145.99880006,0.9962670907755862,0,0.00033,sector_a
2146.00018895,0.9961998469475124,0,0.00033,sector_a
2146.00157783,0.9962615208998181,0,0.00033,sector_a
2146.00296672,0.9963273159330218,0,0.00033,sector_a
2146.00435561,0.9964749576501474,0,0.00033,sector_a
2146.0057445,0.9962137365454802,0,0.00033,sector_a
2146.00713339,0.9969536544374905,0,0.00033,sector_a
2146.00852228,0.9958653498652001,0,0.00033,sector_a
2146.00991117,0.9962220952695132,0,0.00033,sector_a
2146.01130006,0.9960667276871004,0,0.00033,sector_a
2146.01268895,0.996024478686189,0,0.00033,sector_a
2146.01407783,0.996266915214477,0,0.00033,sector_a
2146.01546672,0.9966041655092652,0,0.00033,sector_a
2146.01685561,0.9960063901001099,0,0.00033,sector_a
2146.0182445,0.9960155844941901,0,0.00033,sector_a
2146.01963339,0.9964269257437786,0,0.00033,sector_a
2146.02102228,0.9963858171487979,0,0.00033,sector_a
2146.02241117,0.9967911138076393,0,0.00033,sector_a
2146.02380006,0.9965402044496341,0,0.00033,sector_a
2146.02518895,0.9963261528962337,0,0.00033,sector_a
2146.02657783,0.9961791251592615,0,0.00033,sector_a
2146.02796672,0.9963411185805586,0,0.00033,sector_a
2146.02935561,0.9962412926365904,0,0.00033,sector_a
2146.0307445,0.9959176493317154,0,0.00033,sector_a
2146.03213339,0.9963117149194518,0,0.00033,sector_a
2146.03352228,0.9962699223005677,0,0.00033,sector_a
2146.03491117,0.9962634053446012,0,0.00033,sector_a
2146.03630006,0.9962178834654621,0,0.00033,sector_a
2146.03768895,0.9968208953922754,0,0.00033,sector_a
2146.03907783,0.9965522293047957,0,0.00033,sector_a
2146.04046672,0.9966292080614687,0,0.00033,sector_a
2146.04185561,0.9962063630734427,0,0.00033,sector_a
2146.0432445,0.9960998143002034,0,0.00033,sector_a
2146.04463339,0.996316590968649,0,0.00033,sector_a
2146.04602228,0.9964738012900328,0,0.00033,sector_a
2146.04741117,0.9963184446009178,0,0.00033,sector_a
2146.04880006,0.9963721210690275,0,0.00033,sector_a
2146.05018895,0.9967037232217608,0,0.00033,sector_a
2146.05157783,0.9965280219294903,0,0.00033,sector_a
2146.05296672,0.9961784411015576,0,0.00033,sector_a
2146.05435561,0.9963438641767198,0,0.00033,sector_a
2146.0557445,0.9962893440378152,0,0.00033,sector_a
2146.05713339,0.9965338817761611,0,0.00033,sector_a
2146.05852228,0.9961661648421415,0,0.00033,sector_a
2146.05991117,0.9964527348727449,0,0.00033,sector_a
2146.06130006,0.9967065250865549,0,0.00033,sector_a
2146.06268895,0.9965304418052376,0,0.00033,sector_a
2146.06407783,0.9962763397285925,0,0.00033,sector_a
2146.06546672,0.9963694677080442,0,0.00033,sector_a
2146.06685561,0.996586732790644,0,0.00033,sector_a
2146.0682445,0.9966970405522001,0,0.00033,sector_a
2146.06963339,0.9968060329343812,0,0.00033,sector_a
2146.07102228,0.9965408818496271,0,0.00033,sector_a
2146.07241117,0.9962226111774702,0,0.00033,sector_a
2146.07380006,0.9970003513638794,0,0.00033,sector_a
2146.07518895,0.9966946861196637,0,0.00033,sector_a
2146.07657783,0.996734914718478,0,0.00033,sector_a
2146.07796672,0.996716708118711,0,0.00033,sector_a
2146.07935561,0.9963506271773085,0,0.00033,sector_a
2146.0807445,0.9965616923165219,0,0.00033,sector_a
2146.08213339,0.9967331151788197,0,0.00033,sector_a
2146.08352228,0.9969602159131671,0,0.00033,sector_a
2146.08491117,0.996697940255835,0,0.00033,sector_a
2146.08630006,0.9958175250676159,0,0.00033,sector_a
2146.08768895,0.9966335655607754,0,0.00033,sector_a
2146.08907783,0.9968099322252121,0,0.00033,sector_a
2146.09046672,0.997083535198338,0,0.00033,sector_a
2146.09185561,0.9969304838585024,0,0.00033,sector_a
2146.0932445,0.9974386547052554,0,0.00033,sector_a
2146.09463339,0.9971503048850474,0,0.00033,sector_a
2146.09602228,0.9971389395264874,0,0.00033,sector_a
2146.09741117,0.99703569053195,0,0.00033,sector_a
2146.09880006,0.9963947563795329,0,0.00033,sector_a
2146.10018895,0.997029152328575,0,0.00033,sector_a
2146.10157783,0.9969699853189005,0,0.00033,sector_a
2146.10296672,0.996665007353538,0,0.00033,sector_a
2146.10435561,0.9969867289837197,0,0.00033,sector_a
2146.1057445,0.9969497132761191,0,0.00033,sector_a
2146.10713339,0.9967126475252767,0,0.00033,sector_a
2146.10852228,0.9968185132905799,0,0.00033,sector_a
2146.10991117,0.9967895616987793,0,0.00033,sector_a
2146.11130006,0.9969380513230836,0,0.00033,sector_a
2146.11268895,0.9967648805022078,0,0.00033,sector_a
2146.11407783,0.9970465931351201,0,0.00033,sector_a
2146.11546672,0.9963673602069274,0,0.00033,sector_a
2146.11685561,0.9968356236873882,0,0.00033,sector_a
2146.1182445,0.9964531412870127,0,0.00033,sector_a
2146.11963339,0.9967999434824228,0,0.00033,sector_a
2146.12102228,0.9970902104406539,0,0.00033,sector_a
2146.12241117,0.9969618437839917,0,0.00033,sector_a
2146.12380006,0.9969351500324882,0,0.00033,sector_a
2146.12518895,0.9969957365065815,0,0.00033,sector_a
2146.12657783,0.997426292804146,0,0.00033,sector_a
2146.12796672,0.9966874511796641,0,0.00033,sector_a
2146.12935561,0.9972561473753744,0,0.00033,sector_a
2146.1307445,0.9965944464939908,0,0.00033,sector_a
2146.13213339,0.996897492759209,0,0.00033,sector_a
2146.13352228,0.9970845972385121,0,0.00033,sector_a
2146.13491117,0.9968107442567887,0,0.00033,sector_a
2146.13630006,0.9971170890246054,0,0.00033,sector_a
2146.13768895,0.9972741312693255,0,0.00033,sector_a
2146.13907783,0.996746307209955,0,0.00033,sector_a
2146.14046672,0.9970693597779976,0,0.00033,sector_a
2146.14185561,0.996996065048673,0,0.00033,sector_a
2146.1432445,0.9965686867383124,0,0.00033,sector_a
2146.14463339,0.9970701148841135,0,0.00033,sector_a
2146.14602228,0.9969096321639115,0,0.00033,sector_a
2146.14741117,0.9975184748287778,0,0.00033,sector_a
2146.14880006,0.996908907398927,0,0.00033,sector_a
2146.15018895,0.9976404618299006,0,0.00033,sector_a
2146.15157783,0.9970257998122697,0,0.00033,sector_a
2146.15296672,0.997728411329586,0,0.00033,sector_a
2146.15435561,0.997347336657151,0,0.00033,sector_a
2146.1557445,0.9973339721966769,0,0.00033,sector_a
2146.15713339,0.9974430930718278,0,0.00033,sector_a
2146.15852228,0.9974807478776618,0,0.00033,sector_a
2146.15991117,0.9976316424685152,0,0.00033,sector_a
2146.16130006,0.9977345088582271,0,0.00033,sector_a
2146.16268895,0.9971629108681611,0,0.00033,sector_a
2146.16407783,0.996920603512375,0,0.00033,sector_a
2146.16546672,0.9965332105751388,0,0.00033,sector_a
2146.16685561,0.9971835429773015,0,0.00033,sector_a
2146.1682445,0.9975155252301084,0,0.00033,sector_a
2146.16963339,0.9974192893506535,0,0.00033,sector_a
2146.17102228,0.9973563025369994,0,0.00033,sector_a
2146.17241117,0.9972367082819462,0,0.00033,sector_a
2146.17380006,0.997166288499336,0,0.00033,sector_a
2146.17518895,0.9972767909167534,0,0.00033,sector_a
2146.17657783,0.9974758764899744,0,0.00033,sector_a
2146.17796672,0.9968836268712926,0,0.00033,sector_a
2146.17935561,0.997592578910484,0,0.00033,sector_a
2146.1807445,0.9969908863946949,0,0.00033,sector_a
2146.18213339,0.9973657287356177,0,0.00033,sector_a
2146.18352228,0.9972431678530833,0,0.00033,sector_a
2146.18491117,0.9973281687485867,2048,0.00033,sector_a
2146.18630006,0.9971490787306314,0,0.00033,sector_a
2146.18768895,0.9971296735001075,0,0.00033,sector_a
2146.18907783,0.9973987647371513,4096,0.00033,sector_a
2146.19046672,0.9971703043068262,0,0.00033,sector_a
2146.19185561,0.9981732824404167,0,0.00033,sector_a
2146.1932445,0.9973787823281164,0,0.00033,sector_a
2146.19463339,0.9973222910572186,0,0.00033,sector_a
2146.19602228,0.9973629017691588,0,0.00033,sector_a
2146.19741117,0.997227547678393,0,0.00033,sector_a
2146.19880006,0.9968506463086447,0,0.00033,sector_a
2146.20018895,0.9974776312320858,0,0.00033,sector_a
2146.20157783,0.9976470881852667,0,0.00033,sector_a
2146.20296672,0.9971499832780772,0,0.00033,sector_a
2146.20435561,0.997583509166642,0,0.00033,sector_a
2146.2057445,0.9972541598995035,0,0.00033,sector_a
2146.20713339,0.9975938150439773,0,0.00033,sector_a
2146.20852228,0.9977153495369038,0,0.00033,sector_a
2146.20991117,0.9977616405004545,0,0.00033,sector_a
2146.21130006,0.9977585117759146,0,0.00033,sector_a
2146.21268895,0.9974504527712899,0,0.00033,sector_a
2146.21407783,0.9979050318700514,0,0.00033,sector_a
2146.21546672,0.9975441260936133,0,0.00033,sector_a
2146.21685561,0.9977785757679548,0,0.00033,sector_a
2146.2182445,0.9978888790560551,0,0.00033,sector_a
2146.21963339,0.9976174442097637,0,0.00033,sector_a
2146.22102228,0.9973539781623179,0,0.00033,sector_a
2146.22241117,0.9978964557486014,0,0.00033,sector_a
2146.22380006,0.997422907548617,0,0.00033,sector_a
2146.22518895,0.9974972833288782,0,0.00033,sector_a
2146.22657783,0.9974491225794773,0,0.00033,sector_a
2146.22796672,0.9980048645198124,0,0.00033,sector_a
2146.22935561,0.9977343191812937,0,0.00033,sector_a
2146.2307445,0.9971614923069131,0,0.00033,sector_a
2146.23213339,0.9980079962488729,0,0.00033,sector_a
2146.23352228,0.9983931965301328,0,0.00033,sector_a
2146.23491117,0.9983284897285222,0,0.00033,sector_a
2146.23630006,0.997676573096953,0,0.00033,sector_a
2146.23768895,0.9978683789981311,0,0.00033,sector_a
2146.23907783,0.9980003283928036,0,0.00033,sector_a
2146.24046672,0.998119165197004,0,0.00033,sector_a
2146.24185561,0.9978899017128553,0,0.00033,sector_a
2146.2432445,0.9975848537322167,0,0.00033,sector_a
2146.24463339,0.9981138059870733,0,0.00033,sector_a
2146.24602228,0.9980859180228115,0,0.00033,sector_a
2146.24741117,0.9975522824166065,0,0.00033,sector_a
2146.24880006,0.9978332188952577,0,0.00033,sector_a
2146.25018895,0.9980225459530895,0,0.00033,sector_a
2146.25157783,0.9979576462174264,0,0.00033,sector_a
2146.25296672,0.998116474749131,0,0.00033,sector_a
2146.25435561,0.9982036402014627,0,0.00033,sector_a
2146.2557445,0.9981437969021278,0,0.00033,sector_a
2146.25713339,0.9979711999354651,0,0.00033,sector_a
2146.25852228,0.9976368921930706,0,0.00033,sector_a
2146.25991117,0.9981982899456779,0,0.00033,sector_a
2146.26130006,0.9984295042567419,0,0.00033,sector_a
2146.26268895,0.9986016324997384,0,0.00033,sector_a
2146.26407783,0.9980503943504436,0,0.00033,sector_a
2146.26546672,0.9980610102616175,0,0.00033,sector_a
2146.26685561,0.9984873368720318,0,0.00033,sector_a
2146.2682445,0.9984965201578724,0,0.00033,sector_a
2146.26963339,0.9982003119858065,0,0.00033,sector_a
2146.27102228,0.9983158128516554,0,0.00033,sector_a
2146.27241117,0.9979143700628791,0,0.00033,sector_a
2146.27380006,0.998302447967718,0,0.00033,sector_a
2146.27518895,0.9979189069047474,0,0.00033,sector_a
2146.27657783,0.9981209368804254,0,0.00033,sector_a
2146.27796672,0.9981384818734353,0,0.00033,sector_a
2146.27935561,0.9980530707775467,0,0.00033,sector_a
2146.2807445,0.9976044075385841,0,0.00033,sector_a
2146.28213339,0.9979757580704042,0,0.00033,sector_a
2146.28352228,0.9983118475680701,0,0.00033,sector_a
2146.28491117,0.9982129273222538,0,0.00033,sector_a
2146.28630006,0.9981311794886008,0,0.00033,sector_a
2146.28768895,0.998372906247387,0,0.00033,sector_a
2146.28907783,0.9984571765399867,0,0.00033,sector_a
2146.29046672,0.9985131144989957,0,0.00033,sector_a
2146.29185561,0.9980611236390052,0,0.00033,sector_a
2146.2932445,0.9983044885293803,0,0.00033,sector_a
2146.29463339,0.9982163162235181,0,0.00033,sector_a
2146.29602228,0.9980753661100137,0,0.00033,sector_a
2146.29741117,0.9979136800028946,0,0.00033,sector_a
2146.29880006,0.9983166935312512,0,0.00033,sector_a
2146.30018895,0.998111283323685,0,0.00033,sector_a
2146.30157783,0.9989701835583518,0,0.00033,sector_a
2146.30296672,0.9983511248506087,0,0.00033,sector_a
2146.30435561,0.998327423759459,0,0.00033,sector_a
2146.3057445,0.9982904904770513,0,0.00033,sector_a
2146.30713339,0.9989385566519409,0,0.00033,sector_a
2146.30852228,0.9981612477969489,0,0.00033,sector_a
2146.30991117,0.9983914646908256,0,0.00033,sector_a
2146.31130006,0.9982326248573974,0,0.00033,sector_a
2146.31268895,0.9984248140613061,0,0.00033,sector_a
2146.31407783,0.9984612965670241,0,0.00033,sector_a
2146.31546672,0.9987906201181651,0,0.00033,sector_a
2146.31685561,0.998097993953794,2048,0.00033,sector_a
2146.3182445,0.9985003032055682,0,0.00033,sector_a
2146.31963339,0.9989703806420619,0,0.00033,sector_a
2146.32102228,0.9983866627356701,0,0.00033,sector_a
2146.32241117,0.9984913506899433,0,0.00033,sector_a
2146.32380006,0.9983043386949687,0,0.00033,sector_a
2146.32518895,0.9978312229762232,0,0.00033,sector_a
2146.32657783,0.9985467098196461,0,0.00033,sector_a
2146.32796672,0.9989168542987279,0,0.00033,sector_a
2146.32935561,0.9984683541429199,0,0.00033,sector_a
2146.3307445,0.9980939809355848,0,0.00033,sector_a
2146.33213339,0.9986973049641793,0,0.00033,sector_a
2146.33352228,0.9986565259320547,0,0.00033,sector_a
2146.33491117,0.9989262185642691,0,0.00033,sector_a
2146.33630006,0.9989127483605208,0,0.00033,sector_a
2146.33768895,0.9985938656951627,0,0.00033,sector_a
2146.33907783,0.9987932021221472,0,0.00033,sector_a
2146.34046672,0.9981891424067907,0,0.00033,sector_a
2146.34185561,0.9990165650524631,0,0.00033,sector_a
2146.3432445,0.9987684968165199,0,0.00033,sector_a
2146.34463339,0.9990320529047129,0,0.00033,sector_a
2146.34602228,0.9990375017742434,0,0.00033,sector_a
2146.34741117,0.9986712302426616,0,0.00033,sector_a
2146.34880006,0.9987216119210234,0,0.00033,sector_a
2146.35018895,0.9985302903437396,0,0.00033,sector_a
2146.35157783,0.9982084256478516,0,0.00033,sector_a
2146.35296672,0.998761837669542,0,0.00033,sector_a
2146.35435561,0.9988536014580037,0,0.00033,sector_a
2146.3557445,0.9985183519780191,0,0.00033,sector_a
2146.35713339,0.9990334867446306,0,0.00033,sector_a
2146.35852228,0.9988735615340494,0,0.00033,sector_a
2146.35991117,0.9989848177846342,0,0.00033,sector_a
2146.36130006,0.9986541276862637,0,0.00033,sector_a
2146.36268895,0.9983873888039145,0,0.00033,sector_a
2146.36407783,0.9991111028355567,0,0.00033,sector_a
2146.36546672,0.9990762049980456,0,0.00033,sector_a
2146.36685561,0.9988862217546038,0,0.00033,sector_a
2146.3682445,0.9988109077949694,0,0.00033,sector_a
2146.36963339,0.9988631078476371,0,0.00033,sector_a
2146.37102228,0.9989141917405046,0,0.00033,sector_a
2146.37241117,0.998821930903782,0,0.00033,sector_a
2146.37380006,0.9984132041536361,0,0.00033,sector_a
2146.37518895,0.9992077469234154,2048,0.00033,sector_a
2146.37657783,0.9985815034153396,0,0.00033,sector_a
2146.37796672,0.9989187385154241,0,0.00033,sector_a
2146.37935561,0.9989379676966484,0,0.00033,sector_a
2146.3807445,0.9991089064771038,0,0.00033,sector_a
2146.38213339,0.9985959635555135,0,0.00033,sector_a
2146.38352228,0.9993977211655743,0,0.00033,sector_a
2146.38491117,0.9992553686136284,0,0.00033,sector_a
2146.38630006,0.9992994488586391,0,0.00033,sector_a
2146.38768895,0.9994508066924155,0,0.00033,sector_a
2146.38907783,0.9988845567226511,0,0.00033,sector_a
2146.39046672,0.9982423160077524,0,0.00033,sector_a
2146.39185561,0.9992255404217446,0,0.00033,sector_a
2146.3932445,0.9995120398642422,0,0.00033,sector_a
2146.39463339,0.9994822173049623,0,0.00033,sector_a
2146.39602228,0.9990189900577436,0,0.00033,sector_a
2146.39741117,0.9991554827286495,0,0.00033,sector_a
2146.39880006,0.9992732969840535,0,0.00033,sector_a
2146.40018895,0.9986993013466219,0,0.00033,sector_a
2146.40157783,0.9990307568497832,0,0.00033,sector_a
2146.40296672,0.999051475747911,0,0.00033,sector_a
2146.40435561,0.99968518699918,0,0.00033,sector_a
2146.4057445,0.9990715503692161,0,0.00033,sector_a
2146.40713339,0.9997059686294237,0,0.00033,sector_a
2146.40852228,0.9992820964548579,0,0.00033,sector_a
2146.40991117,0.998821026260965,0,0.00033,sector_a
2146.41130006,0.9999236276370604,0,0.00033,sector_a
2146.41268895,0.9990427558991222,0,0.00033,sector_a
2146.41407783,0.9995002939812364,0,0.00033,sector_a
2146.41546672,0.9998171965511149,0,0.00033,sector_a
2146.41685561,0.9992018192937678,0,0.00033,sector_a
2146.4182445,0.9990191319719668,0,0.00033,sector_a
2146.41963339,0.9996671879992811,0,0.00033,sector_a
2146.42102228,0.9994060885247341,0,0.00033,sector_a
2146.42241117,0.9990561643269044,0,0.00033,sector_a
2146.42380006,0.9991091311633675,0,0.00033,sector_a
2146.42518895,0.9993148168461787,0,0.00033,sector_a
2146.42657783,0.9997059060927138,0,0.00033,sector_a
2146.42796672,0.9993676671686919,0,0.00033,sector_a
2146.42935561,0.9996433760378474,0,0.00033,sector_a
2146.4307445,0.9999349414342175,0,0.00033,sector_a
2146.43213339,0.9998396957838915,0,0.00033,sector_a
2146.43352228,0.9998988580796814,0,0.00033,sector_a
2146.43491117,0.9998533529408113,0,0.00033,sector_a
2146.43630006,0.9990701190420499,0,0.00033,sector_a
2146.43768895,0.9998750220280157,0,0.00033,sector_a
2146.43907783,0.9996366842429149,0,0.00033,sector_a
2146.44046672,0.9995219604930178,0,0.00033,sector_a
2146.44185561,0.9992651929906687,0,0.00033,sector_a
2146.4432445,0.9991360792290612,0,0.00033,sector_a
2146.44463339,0.9992820038300396,0,0.00033,sector_a
2146.44602228,0.9995992440094343,0,0.00033,sector_a
2146.44741117,0.9992883191413496,0,0.00033,sector_a
2146.44880006,0.999400852289614,0,0.00033,sector_a
2146.45018895,0.9994689119356159,0,0.00033,sector_a
2146.45157783,0.999840349753528,0,0.00033,sector_a
2146.45296672,0.9995832008143741,0,0.00033,sector_a
2146.45435561,0.9996371364996225,0,0.00033,sector_a
2146.4557445,1.0000614704416042,0,0.00033,sector_a
2146.45713339,0.9996123207128726,0,0.00033,sector_a
2146.45852228,0.9998822026215519,0,0.00033,sector_a
2146.45991117,0.9994305208431726,0,0.00033,sector_a
2146.46130006,0.999830877893925,0,0.00033,sector_a
2146.46268895,0.9997843370735583,0,0.00033,sector_a
2146.46407783,0.9998121279808019,0,0.00033,sector_a
2146.46546672,0.9996446094994921,0,0.00033,sector_a
2146.46685561,0.9994987927110432,0,0.00033,sector_a
2146.4682445,0.9997156608810729,0,0.00033,sector_a
2146.46963339,0.9996806682251415,0,0.00033,sector_a
2146.47102228,1.00011322104366,0,0.00033,sector_a
2146.47241117,1.0000902475808469,0,0.00033,sector_a
2146.47380006,0.9995116410152098,0,0.00033,sector_a
2146.47518895,1.0000360693726873,0,0.00033,sector_a
2146.47657783,0.9997382808652727,0,0.00033,sector_a
2146.47796672,1.0000132931584558,0,0.00033,sector_a
2146.47935561,0.9997621519732106,0,0.00033,sector_a
2146.4807445,0.9994970885835924,0,0.00033,sector_a
2146.48213339,1.0002059365733638,0,0.00033,sector_a
2146.48352228,1.0000602253074051,0,0.00033,sector_a
2146.48491117,0.9996025938320866,0,0.00033,sector_a
2146.48630006,0.9994283971216981,0,0.00033,sector_a
2146.48768895,0.9998206187408301,0,0.00033,sector_a
2146.48907783,0.9996514966107262,0,0.00033,sector_a
2146.49046672,0.9998927307720529,0,0.00033,sector_a
2146.49185561,1.0001805209071715,0,0.00033,sector_a
2146.4932445,1.0004304062420677,0,0.00033,sector_a
2146.49463339,0.9999313794987978,0,0.00033,sector_a
2146.49602228,1.0004291666716605,0,0.00033,sector_a
2146.49741117,1.0003817504622476,0,0.00033,sector_a
2146.49880006,0.9999463251019056,0,0.00033,sector_a
2146.50018895,0.9996134269959875,0,0.00033,sector_a
2146.50157783,1.0003314319039347,0,0.00033,sector_a
2146.50296672,1.0002755758824327,0,0.00033,sector_a
2146.50435561,1.0007762772911537,0,0.00033,sector_a
2146.5057445,1.0005300360668608,0,0.00033,sector_a
2146.50713339,1.0003610006141501,0,0.00033,sector_a
2146.50852228,1.000627026885754,0,0.00033,sector_a
2146.50991117,0.999873194418105,0,0.00033,sector_a
2146.51130006,1.0002332780189511,0,0.00033,sector_a
2146.51268895,1.0001148932359867,0,0.00033,sector_a
2146.51407783,1.0006916926069278,0,0.00033,sector_a
2146.51546672,1.0003744211265597,0,0.00033,sector_a
2146.51685561,0.9993718939267435,0,0.00033,sector_a
2146.5182445,1.0006247373216892,0,0.00033,sector_a
2146.51963339,0.9999995607615464,0,0.00033,sector_a
2146.52102228,1.0004836594176383,0,0.00033,sector_a
2146.52241117,1.0001444576491823,0,0.00033,sector_a
2146.52380006,1.0003596138695332,0,0.00033,sector_a
2146.52518895,1.0004815412476749,0,0.00033,sector_a
2146.52657783,1.0003704764691708,0,0.00033,sector_a
2146.52796672,1.0000614737879086,0,0.00033,sector_a
2146.52935561,1.0007328583465918,0,0.00033,sector_a
2146.5307445,1.000464693141249,0,0.00033,sector_a
2146.53213339,1.000361258339924,0,0.00033,sector_a
2146.53352228,1.0005761089772052,0,0.00033,sector_a
2146.53491117,1.0002409029403714,0,0.00033,sector_a
2146.53630006,1.0009313214149906,0,0.00033,sector_a
2146.53768895,1.000478638136797,0,0.00033,sector_a
2146.53907783,1.000530439504291,2048,0.00033,sector_a
2146.54046672,1.0005376661539356,0,0.00033,sector_a
2146.54185561,1.0001972821065828,0,0.00033,sector_a
2146.5432445,1.0001363927528568,0,0.00033,sector_a
2146.54463339,1.000538405003729,0,0.00033,sector_a
2146.54602228,1.000588640465675,0,0.00033,sector_a
2146.54741117,1.0008792216110713,0,0.00033,sector_a
2146.54880006,1.0006410426087748,0,0.00033,sector_a
2146.55018895,1.000222028444255,0,0.00033,sector_a
2146.55157783,1.000686724628953,0,0.00033,sector_a
2146.55296672,1.0007833522220446,0,0.00033,sector_a
2146.55435561,1.000844850591644,0,0.00033,sector_a
2146.5557445,1.0006697200903278,0,0.00033,sector_a
2146.55713339,1.0002465291905842,0,0.00033,sector_a
2146.55852228,1.0009260590965576,0,0.00033,sector_a
2146.55991117,1.0004082156252578,0,0.00033,sector_a
2146.56130006,1.0007861056725809,0,0.00033,sector_a
2146.56268895,1.0001972941891364,0,0.00033,sector_a
2146.56407783,1.000864141988711,0,0.00033,sector_a
2146.56546672,1.0004425046414847,0,0.00033,sector_a
2146.56685561,1.0009776708934608,0,0.00033,sector_a
2146.5682445,1.0011808034822076,0,0.00033,sector_a
2146.56963339,1.001026594758685,0,0.00033,sector_a
2146.57102228,1.0003842927145676,0,0.00033,sector_a
2146.57241117,1.0004591959680826,0,0.00033,sector_a
2146.57380006,1.0004919949862587,0,0.00033,sector_a
2146.57518895,1.0009335462593836,0,0.00033,sector_a
2146.57657783,1.000857020976709,0,0.00033,sector_a
2146.57796672,1.0008168693303594,0,0.00033,sector_a
2146.57935561,1.0008713731716934,0,0.00033,sector_a
2146.5807445,1.0009593250253184,0,0.00033,sector_a
2146.58213339,1.0009916182412317,0,0.00033,sector_a
2146.58352228,1.0012945656346166,0,0.00033,sector_a
2146.58491117,1.00081793246103,0,0.00033,sector_a
2146.58630006,1.0009027947168143,0,0.00033,sector_a
2146.58768895,1.000338271958799,0,0.00033,sector_a
2146.58907783,1.0004994020740015,0,0.00033,sector_a
2146.59046672,1.0006880275920003,0,0.00033,sector_a
2146.59185561,1.00056213965373,0,0.00033,sector_a
2146.5932445,1.000968201015274,0,0.00033,sector_a
2146.59463339,1.0012100426101656,0,0.00033,sector_a
2146.59602228,1.0008086157912734,0,0.00033,sector_a
2146.59741117,1.0008066899204582,2048,0.00033,sector_a
2146.59880006,1.0008114208369594,0,0.00033,sector_a
2146.60018895,1.00100343836831,2048,0.00033,sector_a
2146.60157783,1.0008263300837492,0,0.00033,sector_a
2146.60296672,1.0011105022439073,0,0.00033,sector_a
2146.60435561,1.0010874102521312,0,0.00033,sector_a
2146.6057445,1.0011116912080178,0,0.00033,sector_a
2146.60713339,1.001241318203347,0,0.00033,sector_a
2146.60852228,1.0010482820980409,0,0.00033,sector_a
2146.60991117,1.0010918621691123,0,0.00033,sector_a
2146.61130006,1.0015564043922824,0,0.00033,sector_a
2146.61268895,1.0010630573991768,0,0.00033,sector_a
2146.61407783,1.0013114456497354,0,0.00033,sector_a
2146.61546672,1.0011152328623758,0,0.00033,sector_a
2146.61685561,1.0009839137278866,0,0.00033,sector_a
2146.6182445,1.000996307269265,0,0.00033,sector_a
2146.61963339,1.0009067889179002,0,0.00033,sector_a
2146.62102228,1.001151965611666,0,0.00033,sector_a
2146.62241117,1.000991727206476,0,0.00033,sector_a
2146.62380006,1.0010546232403783,0,0.00033,sector_a
2146.62518895,1.0015267796088023,0,0.00033,sector_a
2146.62657783,1.0011602123029515,4096,0.00033,sector_a
2146.62796672,1.001529107708984,0,0.00033,sector_a
2146.62935561,1.001296452104098,2048,0.00033,sector_a
2146.6307445,1.0014756911654523,0,0.00033,sector_a
2146.63213339,1.001075524546647,0,0.00033,sector_a
2146.63352228,1.001300011809072,0,0.00033,sector_a
2146.63491117,1.0020089503195335,0,0.00033,sector_a
2146.63630006,1.001514845138718,0,0.00033,sector_a
2146.63768895,1.001576296141499,0,0.00033,sector_a
2146.63907783,1.0013728202745087,0,0.00033,sector_a
2146.64046672,1.0015597561512075,0,0.00033,sector_a
2146.64185561,1.0010064002464667,0,0.00033,sector_a
2146.6432445,1.0011056757468786,0,0.00033,sector_a
2146.64463339,1.001476178010185,0,0.00033,sector_a
2146.64602228,1.0015978862228863,0,0.00033,sector_a
2146.64741117,1.0012655781728814,0,0.00033,sector_a
2146.64880006,1.0013400206048249,0,0.00033,sector_a
2146.65018895,1.0013033410326524,0,0.00033,sector_a
2146.65157783,1.0013641452315922,0,0.00033,sector_a
2146.65296672,1.0010926748611997,0,0.00033,sector_a
2146.65435561,1.0010396706055327,0,0.00033,sector_a
2146.6557445,1.0014300038298583,0,0.00033,sector_a
2146.65713339,1.0009783818886298,0,0.00033,sector_a
2146.65852228,1.0012029734874677,0,0.00033,sector_a
2146.65991117,1.0013041171541055,0,0.00033,sector_a
2146.66130006,1.0012061645071622,0,0.00033,sector_a
2146.66268895,1.0015796169708204,0,0.00033,sector_a
2146.66407783,1.001399948233245,0,0.00033,sector_a
2146.66546672,1.0015141148382762,0,0.00033,sector_a
2146.66685561,1.0012657859955905,0,0.00033,sector_a
2146.6682445,1.0013527633761878,0,0.00033,sector_a
2146.66963339,1.0017159084307155,0,0.00033,sector_a
2146.67102228,1.0016860493579456,0,0.00033,sector_a
2146.67241117,1.0014660698533753,0,0.00033,sector_a
2146.67380006,1.001710115637752,0,0.00033,sector_a
2146.67518895,1.0016727264370344,0,0.00033,sector_a
2146.67657783,1.0016767765487105,0,0.00033,sector_a
2146.67796672,1.0020906304235497,0,0.00033,sector_a
2146.67935561,1.0015438379898771,0,0.00033,sector_a
2146.6807445,1.0017854823064847,0,0.00033,sector_a
2146.68213339,1.0017980459856295,0,0.00033,sector_a
2146.68352228,1.0016264817426344,0,0.00033,sector_a
2146.68491117,1.0013778437025858,0,0.00033,sector_a
2146.68630006,1.0019094032707403,0,0.00033,sector_a
2146.68768895,1.0018012084624388,0,0.00033,sector_a
2146.68907783,1.001753691193656,0,0.00033,sector_a
2146.69046672,1.0017582024061695,0,0.00033,sector_a
2146.69185561,1.0017695257079642,0,0.00033,sector_a
2146.6932445,1.001525097963083,0,0.00033,sector_a
2146.69463339,1.0018690601226956,0,0.00033,sector_a
2146.69602228,1.0012942477530355,0,0.00033,sector_a
2146.69741117,1.001803577998309,0,0.00033,sector_a
2146.69880006,1.0014037347624873,0,0.00033,sector_a
2146.70018895,1.001735912974206,0,0.00033,sector_a
2146.70157783,1.0020465971455095,0,0.00033,sector_a
2146.70296672,1.0017855482266818,0,0.00033,sector_a
2146.70435561,1.0017356836422784,0,0.00033,sector_a
2146.7057445,1.0020256385051132,0,0.00033,sector_a
2146.70713339,1.0018182923165957,0,0.00033,sector_a
2146.70852228,1.0017913672037668,0,0.00033,sector_a
2146.70991117,1.0018073609578204,0,0.00033,sector_a
2146.71130006,1.0023527186839882,0,0.00033,sector_a
2146.71268895,1.0021273039242,0,0.00033,sector_a
2146.71407783,1.0020878528750548,0,0.00033,sector_a
2146.71546672,1.0016318887629396,0,0.00033,sector_a
2146.71685561,1.0021503761611352,0,0.00033,sector_a
2146.7182445,1.0016268744183938,0,0.00033,sector_a
2146.71963339,1.0021350124671298,0,0.00033,sector_a
2146.72102228,1.0017002447503653,0,0.00033,sector_a
2146.72241117,1.0025712360376031,0,0.00033,sector_a
2146.72380006,1.0015650166371866,0,0.00033,sector_a
2146.72518895,1.002390479666738,0,0.00033,sector_a
2146.72657783,1.0022846203328961,0,0.00033,sector_a
2146.72796672,1.001575239511109,0,0.00033,sector_a
2146.72935561,1.002016879660149,0,0.00033,sector_a
2146.7307445,1.002500640089046,0,0.00033,sector_a
2146.73213339,1.0024263131579818,0,0.00033,sector_a
2146.73352228,1.0016559109427523,0,0.00033,sector_a
2146.73491117,1.0019866343243173,0,0.00033,sector_a
2146.73630006,1.0018156247166978,0,0.00033,sector_a
2146.73768895,1.0018693146568707,0,0.00033,sector_a
2146.73907783,1.0019883958456899,0,0.00033,sector_a
2146.74046672,1.0026956506989526,0,0.00033,sector_a
2146.74185561,1.0022294136753256,0,0.00033,sector_a
2146.7432445,1.0021408189214858,0,0.00033,sector_a
2146.74463339,1.0021223082368556,0,0.00033,sector_a
2146.74602228,1.0024144923080238,0,0.00033,sector_a
2146.74741117,1.0024334509091664,0,0.00033,sector_a
2146.74880006,1.00199462179682,0,0.00033,sector_a
2146.75018895,1.002674759269014,0,0.00033,sector_a
2146.75157783,1.0019727752147405,0,0.00033,sector_a
2146.75296672,1.002210329514259,0,0.00033,sector_a
2146.75435561,1.0024260170440862,0,0.00033,sector_a
2146.7557445,1.0027908002375105,0,0.00033,sector_a
2146.75713339,1.0022269162627808,0,0.00033,sector_a
2146.75852228,1.0024158569102557,0,0.00033,sector_a
2146.75991117,1.0027124393374267,0,0.00033,sector_a
2146.76130006,1.0025342595695315,0,0.00033,sector_a
2146.76268895,1.002687302859624,0,0.00033,sector_a
2146.76407783,1.0026743842175039,0,0.00033,sector_a
2146.76546672,1.002468429912681,0,0.00033,sector_a
2146.76685561,1.0025842442841018,0,0.00033,sector_a
2146.7682445,1.0026762320370042,0,0.00033,sector_a
2146.76963339,1.002423782448692,0,0.00033,sector_a
2146.77102228,1.0028909954224303,0,0.00033,sector_a
2146.77241117,1.0018994118792022,0,0.00033,sector_a
2146.77380006,1.0022096634097621,0,0.00033,sector_a
2146.77518895,1.002883609273794,0,0.00033,sector_a
2146.77657783,1.0026108728587741,0,0.00033,sector_a
2146.77796672,1.0023229667463907,0,0.00033,sector_a
2146.77935561,1.0026210782085534,0,0.00033,sector_a
2146.7807445,1.0028314151856876,4096,0.00033,sector_a
2146.78213339,1.0023826286510629,0,0.00033,sector_a
2146.78352228,1.0027660567258045,0,0.00033,sector_a
2146.78491117,1.002528796282656,0,0.00033,sector_a
2146.78630006,1.0025431670925533,0,0.00033,sector_a
2146.78768895,1.002567462264208,0,0.00033,sector_a
2146.78907783,1.0029099583522496,0,0.00033,sector_a
2146.79046672,1.0022972045699503,0,0.00033,sector_a
2146.79185561,1.0025196879639926,0,0.00033,sector_a
2146.7932445,1.0028199519214276,0,0.00033,sector_a
2146.79463339,1.0023050613926137,0,0.00033,sector_a
2146.79602228,1.0022156277802676,0,0.00033,sector_a
2146.79741117,1.0028294003430296,0,0.00033,sector_a
2146.79880006,1.0026824040589608,0,0.00033,sector_a
2146.80018895,1.002652628912128,0,0.00033,sector_a
2146.80157783,1.0027455300660582,0,0.00033,sector_a
2146.80296672,1.0024453407687064,0,0.00033,sector_a
2146.80435561,1.0035448722153253,0,0.00033,sector_a
2146.8057445,1.0024656520969883,0,0.00033,sector_a
2146.80713339,1.0026311174331957,0,0.00033,sector_a
2146.80852228,1.0023667898509272,0,0.00033,sector_a
2146.80991117,1.0026601765614467,0,0.00033,sector_a
2146.81130006,1.0032157352160536,0,0.00033,sector_a
2146.81268895,1.0028054910334636,0,0.00033,sector_a
2146.81407783,1.002978516989464,0,0.00033,sector_a
2146.81546672,1.0026884004689345,0,0.00033,sector_a
2146.81685561,1.0033431702384628,0,0.00033,sector_a
2146.8182445,1.0028931706628499,0,0.00033,sector_a
2146.81963339,1.0025095227848648,0,0.00033,sector_a
2146.82102228,1.003086387503859,0,0.00033,sector_a
2146.82241117,1.0027790494791418,0,0.00033,sector_a
2146.82380006,1.0030642225125066,0,0.00033,sector_a
2146.82518895,1.0029449700447852,0,0.00033,sector_a
2146.82657783,1.002991497796563,0,0.00033,sector_a
2146.82796672,1.0029676825632132,0,0.00033,sector_a
2146.82935561,1.002687616558331,0,0.00033,sector_a
2146.8307445,1.0025322394697433,0,0.00033,sector_a
2146.83213339,1.0032377314195489,0,0.00033,sector_a
2146.83352228,1.0029382410541463,0,0.00033,sector_a
2146.83491117,1.0030678196559522,0,0.00033,sector_a
2146.83630006,1.0028696272520936,0,0.00033,sector_a
2146.83768895,1.002444673219427,0,0.00033,sector_a
2146.83907783,1.0026652701842107,0,0.00033,sector_a
2146.84046672,1.003425117335773,0,0.00033,sector_a
2146.84185561,1.0028261681616806,0,0.00033,sector_a
2146.8432445,1.0029505040169548,0,0.00033,sector_a
2146.84463339,1.00265841058879,0,0.00033,sector_a
2146.84602228,1.002933064935722,0,0.00033,sector_a
2146.84741117,1.00298804606513,0,0.00033,sector_a
2146.84880006,1.0030418504012297,0,0.00033,sector_a
2146.85018895,1.003094788380159,0,0.00033,sector_a
2146.85157783,1.002950130573495,0,0.00033,sector_a
2146.85296672,1.002977636892545,0,0.00033,sector_a
2146.85435561,1.0031461084063071,0,0.00033,sector_a
2146.8557445,1.0032518399033865,0,0.00033,sector_a
2146.85713339,1.003133186479629,0,0.00033,sector_a
2146.85852228,1.0036723919745794,0,0.00033,sector_a
2146.85991117,1.0032534736127259,0,0.00033,sector_a
2146.86130006,1.003252567076461,0,0.00033,sector_a
2146.86268895,1.003035241617724,0,0.00033,sector_a
2146.86407783,1.00351794596597,0,0.00033,sector_a
2146.86546672,1.002955220484,0,0.00033,sector_a
2146.86685561,1.002800195223868,0,0.00033,sector_a
2146.8682445,1.0029916253366793,0,0.00033,sector_a
2146.86963339,1.0034494516788142,0,0.00033,sector_a
2146.87102228,1.0029670996548468,0,0.00033,sector_a
2146.87241117,1.0036612439777401,0,0.00033,sector_a
2146.87380006,1.003304041436652,0,0.00033,sector_a
2146.87518895,1.0028972960325506,0,0.00033,sector_a
2146.87657783,1.0032690801217956,0,0.00033,sector_a
2146.87796672,1.0038439892515312,0,0.00033,sector_a
2146.87935561,1.0031152240670085,0,0.00033,sector_a
2146.8807445,1.00300069689807,0,0.00033,sector_a
2146.88213339,1.0035222895064524,0,0.00033,sector_a
2146.88352228,1.0037559641437697,0,0.00033,sector_a
2146.88491117,1.003686164138346,0,0.00033,sector_a
2146.88630006,1.0033209958726999,0,0.00033,sector_a
2146.88768895,1.003476895538669,0,0.00033,sector_a
2146.88907783,1.0035267527943006,0,0.00033,sector_a
2146.89046672,1.003775855541898,0,0.00033,sector_a
2146.89185561,1.0040601226209211,0,0.00033,sector_a
2146.8932445,1.003439693885322,0,0.00033,sector_a
2146.89463339,1.0038450220039425,0,0.00033,sector_a
2146.89602228,1.00339626717421,0,0.00033,sector_a
2146.89741117,1.0036688419360864,0,0.00033,sector_a
2146.89880006,1.0032539626937929,0,0.00033,sector_a
2146.90018895,1.003312658204484,0,0.00033,sector_a
2146.90157783,1.0036541596961868,0,0.00033,sector_a
2146.90296672,1.0032981222289434,0,0.00033,sector_a
2146.90435561,1.00380888495449,0,0.00033,sector_a
2146.9057445,1.003417633011471,0,0.00033,sector_a
2146.90713339,1.0036047868708882,0,0.00033,sector_a
2146.90852228,1.0035709826342991,0,0.00033,sector_a
2146.90991117,1.0035122886632286,0,0.00033,sector_a
2146.91130006,1.0036535678434313,0,0.00033,sector_a
2146.91268895,1.0039303394210548,0,0.00033,sector_a
2146.91407783,1.0045088568690503,0,0.00033,sector_a
2146.91546672,1.0033183141158435,0,0.00033,sector_a
2146.91685561,1.0037458952358438,0,0.00033,sector_a
2146.9182445,1.0036239272650098,0,0.00033,sector_a
2146.91963339,1.0034285688812437,0,0.00033,sector_a
2146.92102228,1.0037756608286514,0,0.00033,sector_a
2146.92241117,1.0034606471496617,0,0.00033,sector_a
2146.92380006,1.003695976853687,0,0.00033,sector_a
2146.92518895,1.0040761570371182,0,0.00033,sector_a
2146.92657783,1.003174331845546,0,0.00033,sector_a
2146.92796672,1.003820692313244,0,0.00033,sector_a
2146.92935561,1.0038875811585564,0,0.00033,sector_a
2146.9307445,1.0035055696055941,0,0.00033,sector_a
2146.93213339,1.003931445161895,0,0.00033,sector_a
2146.93352228,1.0038943126936348,0,0.00033,sector_a
2146.93491117,1.0037092805890084,0,0.00033,sector_a
2146.93630006,1.0041574500575838,0,0.00033,sector_a
2146.93768895,1.0034631138397456,0,0.00033,sector_a
2146.93907783,1.0040203208551206,0,0.00033,sector_a
2146.94046672,1.0037859228015307,0,0.00033,sector_a
2146.94185561,1.0035665931502193,0,0.00033,sector_a
2146.9432445,1.00382371219002,0,0.00033,sector_a
2146.94463339,1.0037866718029818,0,0.00033,sector_a
2146.94602228,1.004124764134258,0,0.00033,sector_a
2146.94741117,1.003487855438674,0,0.00033,sector_a
2146.94880006,1.0038630220432887,0,0.00033,sector_a
2146.95018895,1.0038009321265353,0,0.00033,sector_a
2146.95157783,1.0043798883584365,0,0.00033,sector_a
2146.95296672,1.003637363685915,4096,0.00033,sector_a
2146.95435561,1.0042577616970272,0,0.00033,sector_a
2146.9557445,1.0034804014482102,0,0.00033,sector_a
2146.95713339,1.0040792853366518,0,0.00033,sector_a
2146.95852228,1.003955613273172,0,0.00033,sector_a
2146.95991117,1.0041102231931442,0,0.00033,sector_a
2146.96130006,1.0038183389072144,0,0.00033,sector_a
2146.96268895,1.003479601904439,0,0.00033,sector_a
2146.96407783,1.003603866392546,0,0.00033,sector_a
2146.96546672,1.0044146048044342,0,0.00033,sector_a
2146.96685561,1.0041174300115574,0,0.00033,sector_a
2146.9682445,1.0038263883094467,0,0.00033,sector_a
2146.96963339,1.0043309342027331,0,0.00033,sector_a
2146.97102228,1.003880983965225,0,0.00033,sector_a
2146.97241117,1.0038933474209797,0,0.00033,sector_a
2146.97380006,1.0037712387877575,0,0.00033,sector_a
2146.97518895,1.0044511732442267,0,0.00033,sector_a
2146.97657783,1.004681598135225,0,0.00033,sector_a
2146.97796672,1.00387279674675,0,0.00033,sector_a
2146.97935561,1.004234268723432,0,0.00033,sector_a
2146.9807445,1.0044375944729127,0,0.00033,sector_a
2146.98213339,1.0047667149390664,0,0.00033,sector_a
2146.98352228,1.0035135213631319,0,0.00033,sector_a
2146.98491117,1.0042350041228696,0,0.00033,sector_a
2146.98630006,1.0043867176811354,0,0.00033,sector_a
2146.98768895,1.0038022551375154,0,0.00033,sector_a
2146.98907783,1.0043413056458441,0,0.00033,sector_a
2146.99046672,1.0042928797647768,0,0.00033,sector_a
2146.99185561,1.0044507165108154,0,0.00033,sector_a
2146.9932445,1.0040956217149852,0,0.00033,sector_a
2146.99463339,1.0043862437335558,2048,0.00033,sector_a
2146.99602228,1.0041103720099458,0,0.00033,sector_a
2146.99741117,1.0044600803213661,0,0.00033,sector_a
2146.99880006,1.0043452857629016,0,0.00033,sector_a
2147.00018895,1.0042060203621563,0,0.00033,sector_a
2147.00157783,1.0039257436320825,0,0.00033,sector_a
2147.00296672,1.0047940894058578,0,0.00033,sector_a
2147.00435561,1.004653744071578,0,0.00033,sector_a
2147.0057445,1.004600140555812,0,0.00033,sector_a
2147.00713339,1.0041782994970194,0,0.00033,sector_a
2147.00852228,1.0042767928400103,0,0.00033,sector_a
2147.00991117,1.0048531029260195,0,0.00033,sector_a
2147.01130006,1.0046044784444224,0,0.00033,sector_a
2147.01268895,1.0041681330496628,0,0.00033,sector_a
2147.01407783,1.0044302302898143,0,0.00033,sector_a
2147.01546672,1.004467464411035,0,0.00033,sector_a
2147.01685561,1.0043825402908093,0,0.00033,sector_a
2147.0182445,1.0041848887359048,0,0.00033,sector_a
2147.01963339,1.004811074295482,0,0.00033,sector_a
2147.02102228,1.0046353876189331,0,0.00033,sector_a
2147.02241117,1.004425806860793,0,0.00033,sector_a
2147.02380006,1.0040511919218054,0,0.00033,sector_a
2147.02518895,1.0043388954639734,0,0.00033,sector_a
2147.02657783,1.004511704219996,0,0.00033,sector_a
2147.02796672,1.0047666153664374,0,0.00033,sector_a
2147.02935561,1.0044307152705894,0,0.00033,sector_a
2147.0307445,1.0048552411620535,0,0.00033,sector_a
2147.03213339,1.0045948158229263,0,0.00033,sector_a
2147.03352228,1.0043576789870197,0,0.00033,sector_a
2147.03491117,1.0037947516571786,0,0.00033,sector_a
2147.03630006,1.0042584396454761,0,0.00033,sector_a
2147.03768895,1.0041804500545268,0,0.00033,sector_a
2147.03907783,1.0045659581755615,0,0.00033,sector_a
2147.04046672,1.0047120576380129,0,0.00033,sector_a
2147.04185561,1.0050187143702127,0,0.00033,sector_a
2147.0432445,1.0046364716769385,0,0.00033,sector_a
2147.04463339,1.0043261581261984,0,0.00033,sector_a
2147.04602228,1.005319653033117,0,0.00033,sector_a
2147.04741117,1.0047586133262323,0,0.00033,sector_a
2147.04880006,1.004608046493897,0,0.00033,sector_a
2147.05018895,1.0046187683393015,0,0.00033,sector_a
2147.05157783,1.0043240425394835,0,0.00033,sector_a
2147.05296672,1.0048910604791395,0,0.00033,sector_a
2147.05435561,1.0048280362646265,0,0.00033,sector_a
2147.0557445,1.0051786269265532,0,0.00033,sector_a
2147.05713339,1.0050527676086616,0,0.00033,sector_a
2147.05852228,1.0049977320769554,0,0.00033,sector_a
2147.05991117,1.0051172908242587,0,0.00033,sector_a
2147.06130006,1.00469572479916,0,0.00033,sector_a
2147.06268895,1.0046614388104345,0,0.00033,sector_a
2147.06407783,1.00478213474068,0,0.00033,sector_a
2147.06546672,1.0044574861782969,0,0.00033,sector_a
2147.06685561,1.0047766671458305,0,0.00033,sector_a
2147.0682445,1.004734811843768,0,0.00033,sector_a
2147.06963339,1.0050246979282806,0,0.00033,sector_a
2147.07102228,1.004843647506193,0,0.00033,sector_a
2147.07241117,1.0043236786579903,0,0.00033,sector_a
2147.07380006,1.0048768493795714,0,0.00033,sector_a
2147.07518895,1.005275115750539,0,0.00033,sector_a
2147.07657783,1.0043749042308834,0,0.00033,sector_a
2147.07796672,1.0046864247174196,0,0.00033,sector_a
2147.07935561,1.0049140105215133,0,0.00033,sector_a
2147.0807445,1.0045480819323207,0,0.00033,sector_a
2147.08213339,1.0047758132351179,0,0.00033,sector_a
2147.08352228,1.0049554478832419,0,0.00033,sector_a
2147.08491117,1.0045804967517644,0,0.00033,sector_a
2147.08630006,1.0050424673266203,0,0.00033,sector_a
2147.08768895,1.005084822820769,0,0.00033,sector_a
2147.08907783,1.0046252313918542,0,0.00033,sector_a
2147.09046672,1.0049980256602753,0,0.00033,sector_a
2147.09185561,1.00530294213213,0,0.00033,sector_a
2147.0932445,1.004961456183963,0,0.00033,sector_a
2147.09463339,1.0051427642163135,0,0.00033,sector_a
2147.09602228,1.005210943840063,0,0.00033,sector_a
2147.09741117,1.0049751269787008,0,0.00033,sector_a
2147.09880006,1.0053260799268284,0,0.00033,sector_a
2147.10018895,1.0051687349165483,0,0.00033,sector_a
2147.10157783,1.0047934715011235,0,0.00033,sector_a
2147.10296672,1.0052272587288336,0,0.00033,sector_a
2147.10435561,1.0053332170401423,0,0.00033,sector_a
2147.1057445,1.0053264294352633,0,0.00033,sector_a
2147.10713339,1.0049307642400516,0,0.00033,sector_a
2147.10852228,1.0052497809177117,0,0.00033,sector_a
2147.10991117,1.0055153853451704,0,0.00033,sector_a
2147.11130006,1.0052056389951605,0,0.00033,sector_a
2147.11268895,1.0054826615034176,0,0.00033,sector_a
2147.11407783,1.0055251521813764,0,0.00033,sector_a
2147.11546672,1.0051606840707978,0,0.00033,sector_a
2147.11685561,1.0053657434502612,0,0.00033,sector_a
2147.1182445,1.0051092971769497,0,0.00033,sector_a
2147.11963339,1.005499564091258,0,0.00033,sector_a
2147.12102228,1.0051848730300743,0,0.00033,sector_a
2147.12241117,1.0050660846440138,0,0.00033,sector_a
2147.12380006,1.0052226215600577,0,0.00033,sector_a
2147.12518895,1.00521919091957,0,0.00033,sector_a
2147.12657783,1.0053562063531267,0,0.00033,sector_a
2147.12796672,1.0053891890085578,0,0.00033,sector_a
2147.12935561,1.0049424225591272,0,0.00033,sector_a
2147.1307445,1.0050958023467749,0,0.00033,sector_a
2147.13213339,1.005388642618035,0,0.00033,sector_a
2147.13352228,1.0054322385588994,0,0.00033,sector_a
2147.13491117,1.0053312496285753,0,0.00033,sector_a
2147.13630006,1.0060544187895,2048,0.00033,sector_a
2147.13768895,1.005640087736743,0,0.00033,sector_a
2147.13907783,1.0053152664141258,0,0.00033,sector_a
2147.14046672,1.0055503740500522,0,0.00033,sector_a
2147.14185561,1.0057308181163123,0,0.00033,sector_a
2147.1432445,1.0054682642698756,0,0.00033,sector_a
2147.14463339,1.004886919075633,0,0.00033,sector_a
2147.14602228,1.0054126594109414,0,0.00033,sector_a
2147.14741117,1.0054093573506344,0,0.00033,sector_a
2147.14880006,1.0060020368155682,0,0.00033,sector_a
2147.15018895,1.004899972873014,0,0.00033,sector_a
2147.15157783,1.0058571889460666,0,0.00033,sector_a
2147.15296672,1.0053901544203425,0,0.00033,sector_a
2147.15435561,1.0057042594804875,0,0.00033,sector_a
2147.1557445,1.0053713097426913,0,0.00033,sector_a
2147.15713339,1.005511792958572,0,0.00033,sector_a
2147.15852228,1.0057890928293232,0,0.00033,sector_a
2147.15991117,1.0055053618298908,0,0.00033,sector_a
2147.16130006,1.0057864158628844,0,0.00033,sector_a
2147.16268895,1.0054780248045652,0,0.00033,sector_a
2147.16407783,1.0053953166255634,0,0.00033,sector_a
2147.16546672,1.0054581659838604,0,0.00033,sector_a
2147.16685561,1.005387939599232,0,0.00033,sector_a
2147.1682445,1.0055044541407514,0,0.00033,sector_a
2147.16963339,1.0059288308096168,0,0.00033,sector_a
2147.17102228,1.0052290967837332,0,0.00033,sector_a
2147.17241117,1.0051010645065699,0,0.00033,sector_a
2147.17380006,1.0055701049486756,0,0.00033,sector_a
2147.17518895,1.006056247832525,0,0.00033,sector_a
2147.17657783,1.0058868930338785,0,0.00033,sector_a
2147.17796672,1.0059734061946015,0,0.00033,sector_a
2147.17935561,1.005962430068047,0,0.00033,sector_a
2147.1807445,1.0054173233160917,0,0.00033,sector_a
2147.18213339,1.0056638906572144,0,0.00033,sector_a
2147.18352228,1.0048948556028463,0,0.00033,sector_a
2147.18491117,1.0054783856957397,0,0.00033,sector_a
2147.18630006,1.0058282358098627,0,0.00033,sector_a
2147.18768895,1.0052313238797195,0,0.00033,sector_a
2147.18907783,1.0050993533983317,0,0.00033,sector_a
2147.19046672,1.005321747118096,0,0.00033,sector_a
2147.19185561,1.0057559422703741,0,0.00033,sector_a
2147.1932445,1.0060308835281078,0,0.00033,sector_a
2147.19463339,1.0064375933621958,0,0.00033,sector_a
2147.19602228,1.0061231982574634,0,0.00033,sector_a
2147.19741117,1.0053073995391861,0,0.00033,sector_a
2147.19880006,1.005091337172911,0,0.00033,sector_a
2147.20018895,1.0057923389666823,0,0.00033,sector_a
2147.20157783,1.0060563040678467,0,0.00033,sector_a
2147.20296672,1.0053158251044603,0,0.00033,sector_a
2147.20435561,1.0056318839766407,0,0.00033,sector_a
2147.2057445,1.0056615339714812,0,0.00033,sector_a
2147.20713339,1.0058063741344825,0,0.00033,sector_a
2147.20852228,1.005755806903139,0,0.00033,sector_a
2147.20991117,1.0059600248906444,0,0.00033,sector_a
2147.21130006,1.0061208577213976,0,0.00033,sector_a
2147.21268895,1.0058540192027827,0,0.00033,sector_a
2147.21407783,1.0060532019519153,0,0.00033,sector_a
2147.21546672,1.0064103198018355,0,0.00033,sector_a
2147.21685561,1.0055751234902237,0,0.00033,sector_a
2147.2182445,1.005576946936817,0,0.00033,sector_a
2147.21963339,1.0060219451733605,0,0.00033,sector_a
2147.22102228,1.006407048544573,0,0.00033,sector_a
2147.22241117,1.0059441540585132,0,0.00033,sector_a
2147.22380006,1.0062124169899067,0,0.00033,sector_a
2147.22518895,1.0058290382111725,0,0.00033,sector_a
2147.22657783,1.0061807488575818,0,0.00033,sector_a
2147.22796672,1.005757742421342,0,0.00033,sector_a
2147.22935561,1.0061310468950808,0,0.00033,sector_a
2147.2307445,1.0060618224967617,0,0.00033,sector_a
2147.23213339,1.0060705651605637,0,0.00033,sector_a
2147.23352228,1.0063545421258238,0,0.00033,sector_a
2147.23491117,1.0062770619425734,0,0.00033,sector_a
2147.23630006,1.0058194023323097,0,0.00033,sector_a
2147.23768895,1.006243952710169,0,0.00033,sector_a
2147.23907783,1.0055292922393133,4096,0.00033,sector_a
2147.24046672,1.0062909922112317,0,0.00033,sector_a
2147.24185561,1.0067929574878347,0,0.00033,sector_a
2147.2432445,1.0061806001470235,0,0.00033,sector_a
2147.24463339,1.0061832342832502,0,0.00033,sector_a
2147.24602228,1.0060677611677615,0,0.00033,sector_a
2147.24741117,1.0062919944490436,0,0.00033,sector_a
2147.24880006,1.0059416941696642,0,0.00033,sector_a
2147.25018895,1.0062649084495554,0,0.00033,sector_a
2147.25157783,1.0060098834399913,0,0.00033,sector_a
2147.25296672,1.005976010598811,0,0.00033,sector_a
2147.25435561,1.0061383783366018,0,0.00033,sector_a
2147.2557445,1.0060955456558895,0,0.00033,sector_a
2147.25713339,1.0056349627192365,0,0.00033,sector_a
2147.25852228,1.0067109517887523,0,0.00033,sector_a
2147.25991117,1.0061772022024016,0,0.00033,sector_a
2147.26130006,1.0056715676365855,0,0.00033,sector_a
2147.26268895,1.006456402366812,0,0.00033,sector_a
2147.26407783,1.0061549039545823,0,0.00033,sector_a
2147.26546672,1.0062282955690538,0,0.00033,sector_a
2147.26685561,1.006377133496523,0,0.00033,sector_a
2147.2682445,1.0059365890952634,0,0.00033,sector_a
2147.26963339,1.0053710057447762,0,0.00033,sector_a
2147.27102228,1.0061753124218815,0,0.00033,sector_a
2147.27241117,1.006279061228627,0,0.00033,sector_a
2147.27380006,1.006499996369091,0,0.00033,sector_a
2147.27518895,1.0060152420693578,0,0.00033,sector_a
2147.27657783,1.0061604070814154,0,0.00033,sector_a
2147.27796672,1.0063548071872095,0,0.00033,sector_a
2147.27935561,1.0061623111965519,0,0.00033,sector_a
2147.2807445,1.00618890305268,0,0.00033,sector_a
2147.28213339,1.0063379690215952,0,0.00033,sector_a
2147.28352228,1.0059955368171336,0,0.00033,sector_a
2147.28491117,1.006725767434082,0,0.00033,sector_a
2147.28630006,1.0060317250733217,0,0.00033,sector_a
2147.28768895,1.0063078107155896,0,0.00033,sector_a
2147.28907783,1.0062131342920195,0,0.00033,sector_a
2147.29046672,1.0061148378310807,0,0.00033,sector_a
2147.29185561,1.0064705701128178,0,0.00033,sector_a
2147.2932445,1.0066114738333207,0,0.00033,sector_a
2147.29463339,1.006743619800431,0,0.00033,sector_a
2147.29602228,1.0065065357287206,0,0.00033,sector_a
2147.29741117,1.0062256224374788,0,0.00033,sector_a
2147.29880006,1.0066002462527064,0,0.00033,sector_a
2147.30018895,1.0059617349840464,0,0.00033,sector_a
2147.30157783,1.0063873730632793,0,0.00033,sector_a
2147.30296672,1.006527339168228,0,0.00033,sector_a
2147.30435561,1.0065463625961544,0,0.00033,sector_a
2147.3057445,1.006073050771253,0,0.00033,sector_a
2147.30713339,1.0059832891437945,0,0.00033,sector_a
2147.30852228,1.0068749982583551,0,0.00033,sector_a
2147.30991117,1.006273586546326,0,0.00033,sector_a
2147.31130006,1.0059626340397663,0,0.00033,sector_a
2147.31268895,1.0060838379434824,0,0.00033,sector_a
2147.31407783,1.0064416419564197,0,0.00033,sector_a
2147.31546672,1.0067752526608293,0,0.00033,sector_a
2147.31685561,1.0064510251716632,0,0.00033,sector_a
2147.3182445,1.0067948717028712,0,0.00033,sector_a
2147.31963339,1.0065290353019396,0,0.00033,sector_a
2147.32102228,1.0066046877622372,0,0.00033,sector_a
2147.32241117,1.0067551481885821,0,0.00033,sector_a
2147.32380006,1.0063811474448092,0,0.00033,sector_a
2147.32518895,1.006576278855623,0,0.00033,sector_a
2147.32657783,1.0063916679684073,0,0.00033,sector_a
2147.32796672,1.006328806563949,0,0.00033,sector_a
2147.32935561,1.0066978579462977,0,0.00033,sector_a
2147.3307445,1.006291043573171,0,0.00033,sector_a
2147.33213339,1.0065502574687581,0,0.00033,sector_a
2147.33352228,1.0063131717617133,0,0.00033,sector_a
2147.33491117,1.006516519867395,0,0.00033,sector_a
2147.33630006,1.0064005649816403,0,0.00033,sector_a
2147.33768895,1.0068613376654958,0,0.00033,sector_a
2147.33907783,1.0065838228639143,0,0.00033,sector_a
2147.34046672,1.0065897833036634,0,0.00033,sector_a
2147.34185561,1.0070362082348738,0,0.00033,sector_a
2147.3432445,1.005770327113706,0,0.00033,sector_a
2147.34463339,1.0062743201016509,0,0.00033,sector_a
2147.34602228,1.005825515050423,0,0.00033,sector_a
2147.34741117,1.006596974396225,0,0.00033,sector_a
2147.34880006,1.0067279979014518,0,0.00033,sector_a
2147.35018895,1.0067918693273776,0,0.00033,sector_a
2147.35157783,1.006693166291549,0,0.00033,sector_a
2147.35296672,1.006380248481751,0,0.00033,sector_a
2147.35435561,1.0071216636542208,0,0.00033,sector_a
2147.3557445,1.0067226567121046,0,0.00033,sector_a
2147.35713339,1.0065706201697644,0,0.00033,sector_a
2147.35852228,1.0063361349035476,0,0.00033,sector_a
2147.35991117,1.0067741998444042,0,0.00033,sector_a
2147.36130006,1.0065253261098932,0,0.00033,sector_a
2147.36268895,1.0065433007122748,0,0.00033,sector_a
2147.36407783,1.0067336284847477,0,0.00033,sector_a
2147.36546672,1.0067431109999394,0,0.00033,sector_a
2147.36685561,1.0064586782300038,0,0.00033,sector_a
2147.3682445,1.0070459188082617,0,0.00033,sector_a
2147.36963339,1.0064208165613708,0,0.00033,sector_a
2147.37102228,1.0063951165235498,0,0.00033,sector_a
2147.37241117,1.006800473262757,0,0.00033,sector_a
2147.37380006,1.006756343102249,0,0.00033,sector_a
2147.37518895,1.006746658820297,0,0.00033,sector_a
2147.37657783,1.0066182274001074,0,0.00033,sector_a
2147.37796672,1.006751743897317,0,0.00033,sector_a
2147.37935561,1.0065886323187623,0,0.00033,sector_a
2147.3807445,1.0062910908251503,0,0.00033,sector_a
2147.38213339,1.0069650569271174,0,0.00033,sector_a
2147.38352228,1.0064818916100453,0,0.00033,sector_a
2147.38491117,1.006707948156862,0,0.00033,sector_a
2147.38630006,1.0069831711724029,0,0.00033,sector_a
2147.38768895,1.006791643688546,0,0.00033,sector_a
2147.38907783,1.0075591309316316,0,0.00033,sector_a
2147.39046672,1.0064058308677502,0,0.00033,sector_a
2147.39185561,1.0065945108662322,0,0.00033,sector_a
2147.3932445,1.0068350775605377,0,0.00033,sector_a
2147.39463339,1.0071964941354115,4096,0.00033,sector_a
2147.39602228,1.0067533345600255,0,0.00033,sector_a
2147.39741117,1.0064283710261708,0,0.00033,sector_a
2147.39880006,1.0071556063149267,0,0.00033,sector_a
2147.40018895,1.0065836259374545,0,0.00033,sector_a
2147.40157783,1.0067923847635545,0,0.00033,sector_a
2147.40296672,1.0071009277185512,0,0.00033,sector_a
2147.40435561,1.0066728305057746,0,0.00033,sector_a
2147.4057445,1.0067399278698166,0,0.00033,sector_a
2147.40713339,1.0070091286730884,0,0.00033,sector_a
2147.40852228,1.006821645890478,0,0.00033,sector_a
2147.40991117,1.0069650379306536,0,0.00033,sector_a
2147.41130006,1.0066258714940843,0,0.00033,sector_a
2147.41268895,1.0068636332283958,0,0.00033,sector_a
2147.41407783,1.0065972975834774,0,0.00033,sector_a
2147.41546672,1.0064729099090448,0,0.00033,sector_a
2147.41685561,1.007406641689253,0,0.00033,sector_a
2147.4182445,1.0070482569043655,0,0.00033,sector_a
2147.41963339,1.0071837067962386,0,0.00033,sector_a
2147.42102228,1.0066620549706795,0,0.00033,sector_a
2147.42241117,1.006931023990243,0,0.00033,sector_a
2147.42380006,1.0068875185706652,0,0.00033,sector_a
2147.42518895,1.0065532153208336,0,0.00033,sector_a
2147.42657783,1.0071100324477567,0,0.00033,sector_a
2147.42796672,1.0067608824018899,0,0.00033,sector_a
2147.42935561,1.0069122281546046,0,0.00033,sector_a
2147.4307445,1.0065501830282086,0,0.00033,sector_a
2147.43213339,1.0072589507051344,0,0.00033,sector_a
2147.43352228,1.0071994477109265,0,0.00033,sector_a
2147.43491117,1.0071026758181436,0,0.00033,sector_a
2147.43630006,1.0067441252691403,0,0.00033,sector_a
2147.43768895,1.0068537424038124,0,0.00033,sector_a
2147.43907783,1.007352648821987,0,0.00033,sector_a
2147.44046672,1.0069389071143178,0,0.00033,sector_a
2147.44185561,1.0070969869520654,0,0.00033,sector_a
2147.4432445,1.0070674946746516,0,0.00033,sector_a
2147.44463339,1.0067207018963615,0,0.00033,sector_a
2147.44602228,1.0074664984515853,0,0.00033,sector_a
2147.44741117,1.006490012989954,0,0.00033,sector_a
2147.44880006,1.0071139766961525,0,0.00033,sector_a
2147.45018895,1.0070324932491923,0,0.00033,sector_a
2147.45157783,1.0066097515181767,0,0.00033,sector_a
2147.45296672,1.0071614383259864,0,0.00033,sector_a
2147.45435561,1.007219813401087,0,0.00033,sector_a
2147.4557445,1.0070943188868415,0,0.00033,sector_a
2147.45713339,1.0068537443177277,0,0.00033,sector_a
2147.45852228,1.0072171565192134,0,0.00033,sector_a
2147.45991117,1.0074089128428498,0,0.00033,sector_a
2147.46130006,1.007164330371361,0,0.00033,sector_a
2147.46268895,1.0075907027574913,0,0.00033,sector_a
2147.46407783,1.0073541602074403,0,0.00033,sector_a
2147.46546672,1.0073346485924053,0,0.00033,sector_a
2147.46685561,1.0075140616109721,0,0.00033,sector_a
2147.4682445,1.006945125967853,0,0.00033,sector_a
2147.46963339,1.0069898913183035,0,0.00033,sector_a
2147.47102228,1.0072857068459073,0,0.00033,sector_a
2147.47241117,1.007292259397448,0,0.00033,sector_a
2147.47380006,1.0075749154711997,0,0.00033,sector_a
2147.47518895,1.007478577916212,0,0.00033,sector_a
2147.47657783,1.0072125007878312,0,0.00033,sector_a
2147.47796672,1.00723018294043,0,0.00033,sector_a
2147.47935561,1.007097492666066,0,0.00033,sector_a
2147.4807445,1.0070780999695719,0,0.00033,sector_a
2147.48213339,1.0070594015179068,0,0.00033,sector_a
2147.48352228,1.0074446213724668,0,0.00033,sector_a
2147.48491117,1.0070652430944722,0,0.00033,sector_a
2147.48630006,1.0071033058731815,0,0.00033,sector_a
2147.48768895,1.007252828129266,0,0.00033,sector_a
2147.48907783,1.0070703106754177,0,0.00033,sector_a
2147.49046672,1.0071554176521824,0,0.00033,sector_a
2147.49185561,1.0066139641997178,0,0.00033,sector_a
2147.4932445,1.0073355103193675,0,0.00033,sector_a
2147.49463339,1.0071510559166448,0,0.00033,sector_a
2147.49602228,1.0072960884700175,0,0.00033,sector_a
2147.49741117,1.007351376875551,0,0.00033,sector_a
2147.49880006,1.0067347084971685,0,0.00033,sector_a
2147.50018895,1.0079332946263029,0,0.00033,sector_a
2147.50157783,1.007312290357417,0,0.00033,sector_a
2147.50296672,1.007325242033946,0,0.00033,sector_a
2147.50435561,1.006783064155947,0,0.00033,sector_a
2147.5057445,1.0074647359033009,0,0.00033,sector_a
2147.50713339,1.007413540383546,0,0.00033,sector_a
2147.50852228,1.007204890554409,0,0.00033,sector_a
2147.50991117,1.007382512828914,0,0.00033,sector_a
2147.51130006,1.0076797706154053,0,0.00033,sector_a
2147.51268895,1.007234180949457,0,0.00033,sector_a
2147.51407783,1.0070818857623554,0,0.00033,sector_a
2147.51546672,1.007714482509389,0,0.00033,sector_a
2147.51685561,1.0074225024057857,0,0.00033,sector_a
2147.5182445,1.0073046110926305,0,0.00033,sector_a
2147.51963339,1.0080042662908586,0,0.00033,sector_a
2147.52102228,1.0074101390350503,0,0.00033,sector_a
2147.52241117,1.0073220749911274,0,0.00033,sector_a
2147.52380006,1.0074501608303041,0,0.00033,sector_a
2147.52518895,1.0072679812581966,0,0.00033,sector_a
2147.52657783,1.0074449876458618,0,0.00033,sector_a
2147.52796672,1.0074313196203235,0,0.00033,sector_a
2147.52935561,1.007210200058315,0,0.00033,sector_a
2147.5307445,1.0073255043089633,0,0.00033,sector_a
2147.53213339,1.007489165915592,0,0.00033,sector_a
2147.53352228,1.0075136758865506,0,0.00033,sector_a
2147.53491117,1.0075738353411,0,0.00033,sector_a
2147.53630006,1.0076346977626067,0,0.00033,sector_a
2147.53768895,1.007488794311753,0,0.00033,sector_a
2147.53907783,1.0075679461752005,0,0.00033,sector_a
2147.54046672,1.0073207576057588,0,0.00033,sector_a
2147.54185561,1.0073594203182739,0,0.00033,sector_a
2147.5432445,1.0077259881484257,0,0.00033,sector_a
2147.54463339,1.0068860232731607,0,0.00033,sector_a
2147.54602228,1.0075464871037145,0,0.00033,sector_a
2147.54741117,1.0083316043007409,0,0.00033,sector_a
2147.54880006,1.0069315221040185,0,0.00033,sector_a
2147.55018895,1.0078733077566355,0,0.00033,sector_a
2147.55157783,1.0069644405005234,0,0.00033,sector_a
2147.55296672,1.0075605286271447,0,0.00033,sector_a
2147.55435561,1.0079165412101234,0,0.00033,sector_a
2147.5557445,1.0078808471181238,0,0.00033,sector_a
2147.55713339,1.0072134175140182,0,0.00033,sector_a
2147.55852228,1.0071062099824504,0,0.00033,sector_a
2147.55991117,1.0070706940664864,0,0.00033,sector_a
2147.56130006,1.0076769743974623,0,0.00033,sector_a
2147.56268895,1.0073699790295083,0,0.00033,sector_a
2147.56407783,1.0074842848127024,0,0.00033,sector_a
2147.56546672,1.0075583820675693,0,0.00033,sector_a
2147.56685561,1.0076043031984783,0,0.00033,sector_a
2147.5682445,1.007642798966003,0,0.00033,sector_a
2147.56963339,1.007531055499791,0,0.00033,sector_a
2147.57102228,1.0070504320541642,0,0.00033,sector_a
2147.57241117,1.0079112630717866,0,0.00033,sector_a
2147.57380006,1.0067384044353043,0,0.00033,sector_a
2147.57518895,1.0078571258143414,0,0.00033,sector_a
2147.57657783,1.0073459847487904,0,0.00033,sector_a
2147.57796672,1.0074632034211033,0,0.00033,sector_a
2147.57935561,1.0073759483100209,0,0.00033,sector_a
2147.5807445,1.0074224186942846,0,0.00033,sector_a
2147.58213339,1.0075235532134414,0,0.00033,sector_a
2147.58352228,1.0074549824377572,0,0.00033,sector_a
2147.58491117,1.00722966471101,0,0.00033,sector_a
2147.58630006,1.007778641846647,0,0.00033,sector_a
2147.58768895,1.0073822082248534,0,0.00033,sector_a
2147.58907783,1.0079243324934903,0,0.00033,sector_a
2147.59046672,1.0075092413107463,0,0.00033,sector_a
2147.59185561,1.00735819935748,0,0.00033,sector_a
2147.5932445,1.0076819087235989,0,0.00033,sector_a
2147.59463339,1.0078119984306013,0,0.00033,sector_a
2147.59602228,1.0073084012891056,0,0.00033,sector_a
2147.59741117,1.0074914162342405,0,0.00033,sector_a
2147.59880006,1.0079741521872814,0,0.00033,sector_a
2147.60018895,1.0072986722699657,0,0.00033,sector_a
2147.60157783,1.0073439552983559,0,0.00033,sector_a
2147.60296672,1.0076322958725925,0,0.00033,sector_a
2147.60435561,1.0072491707044384,0,0.00033,sector_a
2147.6057445,1.006902881373029,0,0.00033,sector_a
2147.60713339,1.0071295700090448,0,0.00033,sector_a
2147.60852228,1.0077049555058708,0,0.00033,sector_a
2147.60991117,1.007787069870363,0,0.00033,sector_a
2147.61130006,1.0077731515761994,0,0.00033,sector_a
2147.61268895,1.0077202339055127,0,0.00033,sector_a
2147.61407783,1.0072691890393448,0,0.00033,sector_a
2147.61546672,1.007807616496774,0,0.00033,sector_a
2147.61685561,1.0079440392988117,0,0.00033,sector_a
2147.6182445,1.0074296236312383,0,0.00033,sector_a
2147.61963339,1.0078923745718915,0,0.00033,sector_a
2147.62102228,1.007529208625739,0,0.00033,sector_a
2147.62241117,1.0076887414523554,0,0.00033,sector_a
2147.62380006,1.0077419013044677,0,0.00033,sector_a
2147.62518895,1.007226393010399,0,0.00033,sector_a
2147.62657783,1.0080562658726706,0,0.00033,sector_a
2147.62796672,1.0074096829659098,0,0.00033,sector_a
2147.62935561,1.0076243947932515,0,0.00033,sector_a
2147.6307445,1.007517796842078,0,0.00033,sector_a
2147.63213339,1.0077876727864714,0,0.00033,sector_a
2147.63352228,1.0077836621793008,0,0.00033,sector_a
2147.63491117,1.0076719239696919,0,0.00033,sector_a
2147.63630006,1.0080651558579423,0,0.00033,sector_a
2147.63768895,1.007751663105406,0,0.00033,sector_a
2147.63907783,1.0075639710856228,0,0.00033,sector_a
2147.64046672,1.0068726279770752,0,0.00033,sector_a
2147.64185561,1.0076032524213703,0,0.00033,sector_a
2147.6432445,1.007604057728104,0,0.00033,sector_a
2147.64463339,1.0074445760303194,0,0.00033,sector_a
2147.64602228,1.0074506354392867,0,0.00033,sector_a
2147.64741117,1.0078607878049726,0,0.00033,sector_a
2147.64880006,1.007990334713177,0,0.00033,sector_a
2147.65018895,1.0082313279854815,0,0.00033,sector_a
2147.65157783,1.008023713521788,0,0.00033,sector_a
2147.65296672,1.0075087133281975,0,0.00033,sector_a
2147.65435561,1.0077815747517644,0,0.00033,sector_a
2147.6557445,1.0073310398568234,0,0.00033,sector_a
2147.65713339,1.0079203351814388,0,0.00033,sector_a
2147.65852228,1.007818824042509,0,0.00033,sector_a
2147.65991117,1.0075506001640784,0,0.00033,sector_a
2147.66130006,1.0076949577485934,0,0.00033,sector_a
2147.66268895,1.0076572435193714,0,0.00033,sector_a
2147.66407783,1.0075519926836247,0,0.00033,sector_a
2147.66546672,1.0081028986553553,0,0.00033,sector_a
2147.66685561,1.0086053560427093,0,0.00033,sector_a
2147.6682445,1.007969398321677,0,0.00033,sector_a
2147.66963339,1.0080378177615312,0,0.00033,sector_a
2147.67102228,1.0077892321234703,0,0.00033,sector_a
2147.67241117,1.0076492433227373,0,0.00033,sector_a
2147.67380006,1.0083646173608007,0,0.00033,sector_a
2147.67518895,1.0076502022347493,0,0.00033,sector_a
2147.67657783,1.0078662391169841,0,0.00033,sector_a
2147.67796672,1.0077246576257637,0,0.00033,sector_a
2147.67935561,1.007926095669701,0,0.00033,sector_a
2147.6807445,1.007749529027552,0,0.00033,sector_a
2147.68213339,1.0079320190203307,0,0.00033,sector_a
2147.68352228,1.0074138430032331,0,0.00033,sector_a
2147.68491117,1.007742761555077,0,0.00033,sector_a
2147.68630006,1.0081572815009034,0,0.00033,sector_a
2147.68768895,1.007486721809289,0,0.00033,sector_a
2147.68907783,1.0075917090559399,0,0.00033,sector_a
2147.69046672,1.0081648340411247,0,0.00033,sector_a
2147.69185561,1.0078967443817115,0,0.00033,sector_a
2147.6932445,1.008085182872162,0,0.00033,sector_a
2147.69463339,1.0071617712740306,0,0.00033,sector_a
2147.69602228,1.0078313670090921,0,0.00033,sector_a
2147.69741117,1.0074357378188925,0,0.00033,sector_a
2147.69880006,1.0074055399579434,0,0.00033,sector_a
2147.70018895,1.0079127390845035,0,0.00033,sector_a
2147.70157783,1.0081314765555072,0,0.00033,sector_a
2147.70296672,1.0073828356191157,0,0.00033,sector_a
2147.70435561,1.007493926739209,0,0.00033,sector_a
2147.7057445,1.007642692526831,0,0.00033,sector_a
2147.70713339,1.0077730153837676,0,0.00033,sector_a
2147.70852228,1.0074376638290763,0,0.00033,sector_a
2147.70991117,1.008446365789452,0,0.00033,sector_a
2147.71130006,1.0079796300755433,0,0.00033,sector_a
2147.71268895,1.0077158077877468,0,0.00033,sector_a
2147.71407783,1.0076732713435252,0,0.00033,sector_a
2147.71546672,1.0084729156380952,0,0.00033,sector_a
2147.71685561,1.0084514921998304,0,0.00033,sector_a
2147.7182445,1.0076874355410497,0,0.00033,sector_a
2147.71963339,1.007924098564754,0,0.00033,sector_a
2147.72102228,1.008182076524446,0,0.00033,sector_a
2147.72241117,1.0074977305926023,0,0.00033,sector_a
2147.72380006,1.007667216815211,0,0.00033,sector_a
2147.72518895,1.008213275437273,0,0.00033,sector_a
2147.72657783,1.0076408131085015,0,0.00033,sector_a
2147.72796672,1.007716113110402,0,0.00033,sector_a
2147.72935561,1.0074606114979343,0,0.00033,sector_a
2147.7307445,1.0076270960646403,0,0.00033,sector_a
2147.73213339,1.0080351625566473,0,0.00033,sector_a
2147.73352228,1.0076126478111067,0,0.00033,sector_a
2147.73491117,1.007478417018312,0,0.00033,sector_a
2147.73630006,1.0076703026460425,0,0.00033,sector_a
2147.73768895,1.0083467575650245,0,0.00033,sector_a
2147.73907783,1.0078997748770298,0,0.00033,sector_a
2147.74046672,1.0076937223722573,0,0.00033,sector_a
2147.74185561,1.0078961116346936,0,0.00033,sector_a
2147.7432445,1.0079791326526049,0,0.00033,sector_a
2147.74463339,1.0078901858480276,0,0.00033,sector_a
2147.74602228,1.0073489530980582,0,0.00033,sector_a
2147.74741117,1.0079430134684888,0,0.00033,sector_a
2147.74880006,1.0078001982412403,0,0.00033,sector_a
2147.75018895,1.0080991383883593,0,0.00033,sector_a
2147.75157783,1.0074822326684725,0,0.00033,sector_a
2147.75296672,1.008159722227312,0,0.00033,sector_a
2147.75435561,1.0077262184287963,0,0.00033,sector_a
2147.7557445,1.0073861792685321,0,0.00033,sector_a
2147.75713339,1.008243211245914,0,0.00033,sector_a
2147.75852228,1.0077244294914858,0,0.00033,sector_a
2147.75991117,1.00797628329686,0,0.00033,sector_a
2147.76130006,1.0078267093848923,0,0.00033,sector_a
2147.76268895,1.00818158077571,0,0.00033,sector_a
2147.76407783,1.0081862476593233,0,0.00033,sector_a
2147.76546672,1.008190400444312,0,0.00033,sector_a
2147.76685561,1.008078721459734,0,0.00033,sector_a
2147.7682445,1.0074232178402234,0,0.00033,sector_a
2147.76963339,1.0074055229682677,0,0.00033,sector_a
2147.77102228,1.007937357690697,0,0.00033,sector_a
2147.77241117,1.0076131895757658,0,0.00033,sector_a
2147.77380006,1.0080146975435849,0,0.00033,sector_a
2147.77518895,1.0079312633569693,0,0.00033,sector_a
2147.77657783,1.0074867110560772,0,0.00033,sector_a
2147.77796672,1.0075943161132874,0,0.00033,sector_a
2147.77935561,1.0075679427510902,0,0.00033,sector_a
2147.7807445,1.0076386422809955,0,0.00033,sector_a
2147.78213339,1.0078318149569425,0,0.00033,sector_a
2147.78352228,1.0080836561882751,0,0.00033,sector_a
2147.78491117,1.0082705406578247,0,0.00033,sector_a
2147.78630006,1.0076196185108979,0,0.00033,sector_a
2147.78768895,1.007735671138413,0,0.00033,sector_a
2147.78907783,1.0083347886488505,0,0.00033,sector_a
2147.79046672,1.0081495649773242,0,0.00033,sector_a
2147.79185561,1.0079640906466418,0,0.00033,sector_a
2147.7932445,1.0072360334961938,0,0.00033,sector_a
2147.79463339,1.0076155058438747,0,0.00033,sector_a
2147.79602228,1.0079458603022147,0,0.00033,sector_a
2147.79741117,1.0077353243246059,0,0.00033,sector_a
2147.79880006,1.0084653717252035,0,0.00033,sector_a
2147.80018895,1.0079295378301247,0,0.00033,sector_a
2147.80157783,1.0079849517457369,0,0.00033,sector_a
2147.80296672,1.0075951177430211,0,0.00033,sector_a
2147.80435561,1.0076116266219923,0,0.00033,sector_a
2147.8057445,1.0077191535147743,0,0.00033,sector_a
2147.80713339,1.0077314381248872,0,0.00033,sector_a
2147.80852228,1.0078431298364305,0,0.00033,sector_a
2147.80991117,1.0080157779271672,0,0.00033,sector_a
2147.81130006,1.0079780121268174,0,0.00033,sector_a
2147.81268895,1.0081949402612222,0,0.00033,sector_a
2147.81407783,1.007530018055886,0,0.00033,sector_a
2147.81546672,1.0079727602655943,0,0.00033,sector_a
2147.81685561,1.0079817494955423,0,0.00033,sector_a
2147.8182445,1.0083637741769769,0,0.00033,sector_a
2147.81963339,1.007853632157308,0,0.00033,sector_a
2147.82102228,1.0080082766509781,0,0.00033,sector_a
2147.82241117,1.0076858720491824,0,0.00033,sector_a
2147.82380006,1.0080370656224653,0,0.00033,sector_a
2147.82518895,1.008030449974344,0,0.00033,sector_a
2147.82657783,1.0077409053212396,0,0.00033,sector_a
2147.82796672,1.0077950190345806,0,0.00033,sector_a
2147.82935561,1.0079107354126144,0,0.00033,sector_a
2147.8307445,1.0080844557321136,0,0.00033,sector_a
2147.83213339,1.0075956868827212,0,0.00033,sector_a
2147.83352228,1.0081717234331535,0,0.00033,sector_a
2147.83491117,1.0078279433369108,0,0.00033,sector_a
2147.83630006,1.008459833449448,0,0.00033,sector_a
2147.83768895,1.0083362569867462,0,0.00033,sector_a
2147.83907783,1.0078089408465492,0,0.00033,sector_a
2147.84046672,1.0077465086033295,0,0.00033,sector_a
2147.84185561,1.0086198517690934,0,0.00033,sector_a
2147.8432445,1.0081029633562932,0,0.00033,sector_a
2147.84463339,1.0080857625228643,0,0.00033,sector_a
2147.84602228,1.0078056633913643,0,0.00033,sector_a
2147.84741117,1.0078890938283287,0,0.00033,sector_a
2147.84880006,1.0081541302583097,0,0.00033,sector_a
2147.85018895,1.0081008007789665,0,0.00033,sector_a
2147.85157783,1.007692547587857,0,0.00033,sector_a
2147.85296672,1.0082789562895786,0,0.00033,sector_a
2147.85435561,1.0080146054638306,0,0.00033,sector_a
2147.8557445,1.0076584510875866,0,0.00033,sector_a
2147.85713339,1.0082094533540624,0,0.00033,sector_a
2147.85852228,1.0078784078133811,0,0.00033,sector_a
2147.85991117,1.0081498443542882,0,0.00033,sector_a
2147.86130006,1.007771700715444,0,0.00033,sector_a
2147.86268895,1.0080310267652954,0,0.00033,sector_a
2147.86407783,1.007469342846891,0,0.00033,sector_a
2147.86546672,1.0080343597279637,0,0.00033,sector_a
2147.86685561,1.0074988961021298,0,0.00033,sector_a
2147.8682445,1.0079751568099369,0,0.00033,sector_a
2147.86963339,1.0072118425744727,0,0.00033,sector_a
2147.87102228,1.007910880209063,0,0.00033,sector_a
2147.87241117,1.0081334303559997,0,0.00033,sector_a
2147.87380006,1.008066154108472,0,0.00033,sector_a
2147.87518895,1.008267275234424,0,0.00033,sector_a
2147.87657783,1.007625425585046,0,0.00033,sector_a
2147.87796672,1.0083722270451412,0,0.00033,sector_a
2147.87935561,1.0083827449706422,0,0.00033,sector_a
2147.8807445,1.0075891445226433,0,0.00033,sector_a
2147.88213339,1.007703569925132,0,0.00033,sector_a
2147.88352228,1.0077667464062077,0,0.00033,sector_a
2147.88491117,1.0079215594157218,0,0.00033,sector_a
2147.88630006,1.0079803881198561,0,0.00033,sector_a
2147.88768895,1.0072299936533724,0,0.00033,sector_a
2147.88907783,1.0080951231346837,0,0.00033,sector_a
2147.89046672,1.007855014322902,0,0.00033,sector_a
2147.89185561,1.0076389915567805,0,0.00033,sector_a
2147.8932445,1.008194940146182,0,0.00033,sector_a
2147.89463339,1.0078287372641315,0,0.00033,sector_a
2147.89602228,1.0082469411850676,0,0.00033,sector_a
2147.89741117,1.0080760738977157,0,0.00033,sector_a
2147.89880006,1.0078346241593914,0,0.00033,sector_a
2147.90018895,1.0082559382887915,0,0.00033,sector_a
2147.90157783,1.0081519755950874,0,0.00033,sector_a
2147.90296672,1.0077810514935435,0,0.00033,sector_a
2147.90435561,1.007467934458454,0,0.00033,sector_a
2147.9057445,1.0077684455185092,0,0.00033,sector_a
2147.90713339,1.0080966490387167,0,0.00033,sector_a
2147.90852228,1.0078546435523652,0,0.00033,sector_a
2147.90991117,1.008419550072044,0,0.00033,sector_a
2147.91130006,1.0079945170128912,0,0.00033,sector_a
2147.91268895,1.0079752833699835,0,0.00033,sector_a
2147.91407783,1.0080336791568656,0,0.00033,sector_a
2147.91546672,1.0076698091379372,0,0.00033,sector_a
2147.91685561,1.007884003613742,0,0.00033,sector_a
2147.9182445,1.0077312154782452,0,0.00033,sector_a
2147.91963339,1.0072542857916138,0,0.00033,sector_a
2147.92102228,1.0074145130069392,0,0.00033,sector_a
2147.92241117,1.008124240184174,0,0.00033,sector_a
2147.92380006,1.007789951418207,0,0.00033,sector_a
2147.92518895,1.0078800933667702,0,0.00033,sector_a
2147.92657783,1.0074966149429148,0,0.00033,sector_a
2147.92796672,1.0077470034941232,0,0.00033,sector_a
2147.92935561,1.0081334884010162,0,0.00033,sector_a
2147.9307445,1.0079389213398209,0,0.00033,sector_a
2147.93213339,1.007764318462681,0,0.00033,sector_a
2147.93352228,1.0083419603157646,0,0.00033,sector_a
2147.93491117,1.0078921590661871,0,0.00033,sector_a
2147.93630006,1.0078095282499389,0,0.00033,sector_a
2147.93768895,1.0082306394940952,0,0.00033,sector_a
2147.93907783,1.0074168768836071,0,0.00033,sector_a
2147.94046672,1.0080613402314058,0,0.00033,sector_a
2147.94185561,1.007590163464487,0,0.00033,sector_a
2147.9432445,1.0076813914871807,0,0.00033,sector_a
2147.94463339,1.0077098736552044,0,0.00033,sector_a
2147.94602228,1.0079384298436378,0,0.00033,sector_a
2147.94741117,1.0079313116208104,0,0.00033,sector_a
2147.94880006,1.0079856659147597,0,0.00033,sector_a
2147.95018895,1.0079578732099244,0,0.00033,sector_a
2147.95157783,1.0082936540881748,0,0.00033,sector_a
2147.95296672,1.0083740318850625,0,0.00033,sector_a
2147.95435561,1.0080960225102882,0,0.00033,sector_a
2147.9557445,1.0081084555778506,0,0.00033,sector_a
2147.95713339,1.0077878350448248,0,0.00033,sector_a
2147.95852228,1.0075823572268714,0,0.00033,sector_a
2147.95991117,1.0080584417129757,0,0.00033,sector_a
2147.96130006,1.0079005310592704,0,0.00033,sector_a
2147.96268895,1.0081313214517598,0,0.00033,sector_a
2147.96407783,1.0073732168203766,0,0.00033,sector_a
2147.96546672,1.008642736397013,0,0.00033,sector_a
2147.96685561,1.0075270997397476,0,0.00033,sector_a
2147.9682445,1.007894562110823,0,0.00033,sector_a
2147.96963339,1.0081630858407866,0,0.00033,sector_a
2147.97102228,1.0074917573533901,0,0.00033,sector_a
2147.97241117,1.007724825366641,0,0.00033,sector_a
2147.97380006,1.007309729723367,0,0.00033,sector_a
2147.97518895,1.0074747497376202,0,0.00033,sector_a
2147.97657783,1.0073302745716692,0,0.00033,sector_a
2147.97796672,1.0079050733090322,0,0.00033,sector_a
2147.97935561,1.0079573471391505,0,0.00033,sector_a
2147.9807445,1.0077835043546584,0,0.00033,sector_a
2147.98213339,1.0082281393027657,0,0.00033,sector_a
2147.98352228,1.0082620533766353,0,0.00033,sector_a
2147.98491117,1.0078669137449363,0,0.00033,sector_a
2147.98630006,1.007805179702218,0,0.00033,sector_a
2147.98768895,1.0077886373178684,0,0.00033,sector_a
2147.98907783,1.0077367791948535,0,0.00033,sector_a
2147.99046672,1.008231628331838,0,0.00033,sector_a
2147.99185561,1.0079286652766903,0,0.00033,sector_a
2147.9932445,1.0077664799081592,0,0.00033,sector_a
2147.99463339,1.0077944640279108,0,0.00033,sector_a
2147.99602228,1.008011032519508,0,0.00033,sector_a
2147.99741117,1.0077430824738116,0,0.00033,sector_a
2147.99880006,1.0079425840949732,0,0.00033,sector_a
2148.00018895,1.0078421899439245,0,0.00033,sector_a
2148.00157783,1.0082328880580942,0,0.00033,sector_a
2148.00296672,1.0081761301719816,0,0.00033,sector_a
2148.00435561,1.0074478342889952,0,0.00033,sector_a
2148.0057445,1.0078005822872569,0,0.00033,sector_a
2148.00713339,1.0080448281225265,0,0.00033,sector_a
2148.00852228,1.0077158068116943,0,0.00033,sector_a
2148.00991117,1.0080693017185964,0,0.00033,sector_a
2148.01130006,1.0079336403410322,0,0.00033,sector_a
2148.01268895,1.0080044680501241,0,0.00033,sector_a
2148.01407783,1.0078177644420234,0,0.00033,sector_a
2148.01546672,1.0079194829474283,0,0.00033,sector_a
2148.01685561,1.007979588303658,0,0.00033,sector_a
2148.0182445,1.007415424085886,0,0.00033,sector_a
2148.01963339,1.0075699656084733,0,0.00033,sector_a
2148.02102228,1.0075392674830095,0,0.00033,sector_a
2148.02241117,1.0082988538121134,0,0.00033,sector_a
2148.02380006,1.0079078930056042,0,0.00033,sector_a
2148.02518895,1.00792565613716,0,0.00033,sector_a
2148.02657783,1.0078675734790912,0,0.00033,sector_a
2148.02796672,1.007670661737816,0,0.00033,sector_a
2148.02935561,1.0076047629054183,0,0.00033,sector_a
2148.0307445,1.0080520371202233,0,0.00033,sector_a
2148.03213339,1.0077055911658532,0,0.00033,sector_a
2148.03352228,1.0082539921052776,0,0.00033,sector_a
2148.03491117,1.0078620293365712,0,0.00033,sector_a
2148.03630006,1.007830679702191,0,0.00033,sector_a
2148.03768895,1.0077410254335508,0,0.00033,sector_a
2148.03907783,1.007779875417783,0,0.00033,sector_a
2148.04046672,1.0078082725467896,0,0.00033,sector_a
2148.04185561,1.0082251931482618,0,0.00033,sector_a
2148.0432445,1.0084521607154684,0,0.00033,sector_a
2148.04463339,1.007467413007353,0,0.00033,sector_a
2148.04602228,1.0078620930220514,0,0.00033,sector_a
2148.04741117,1.0079874417177972,0,0.00033,sector_a
2148.04880006,1.007531656161945,0,0.00033,sector_a
2148.05018895,1.0076054954288487,0,0.00033,sector_a
2148.05157783,1.0076527309597054,0,0.00033,sector_a
2148.05296672,1.007101902004292,0,0.00033,sector_a
2148.05435561,1.0079600272183287,0,0.00033,sector_a
2148.0557445,1.0077617276205482,0,0.00033,sector_a
2148.05713339,1.0077463131042976,0,0.00033,sector_a
2148.05852228,1.0077932633234916,0,0.00033,sector_a
2148.05991117,1.0078380455312033,0,0.00033,sector_a
2148.06130006,1.0084164333304686,0,0.00033,sector_a
2148.06268895,1.007814250430125,0,0.00033,sector_a
2148.06407783,1.0079955597087715,0,0.00033,sector_a
2148.06546672,1.0076123824487155,0,0.00033,sector_a
2148.06685561,1.007855392485071,0,0.00033,sector_a
2148.0682445,1.007665460124084,0,0.00033,sector_a
2148.06963339,1.0077094324679463,0,0.00033,sector_a
2148.07102228,1.0074950678720163,0,0.00033,sector_a
2148.07241117,1.0075171262630407,0,0.00033,sector_a
2148.07380006,1.007872314778061,0,0.00033,sector_a
2148.07518895,1.007951342436939,0,0.00033,sector_a
2148.07657783,1.0078686873107918,0,0.00033,sector_a
2148.07796672,1.0075480135982513,0,0.00033,sector_a
2148.07935561,1.0078231494205687,0,0.00033,sector_a
2148.0807445,1.007019221174477,0,0.00033,sector_a
2148.08213339,1.0079942634222243,0,0.00033,sector_a
2148.08352228,1.0077160300171033,0,0.00033,sector_a
2148.08491117,1.0078003440162056,0,0.00033,sector_a
2148.08630006,1.008048937820597,0,0.00033,sector_a
2148.08768895,1.0076006975785445,0,0.00033,sector_a
2148.08907783,1.0079861076875254,0,0.00033,sector_a
2148.09046672,1.0075906542044142,0,0.00033,sector_a
2148.09185561,1.0078645692264636,0,0.00033,sector_a
2148.0932445,1.007594673642681,0,0.00033,sector_a
2148.09463339,1.0077918753311417,0,0.00033,sector_a
2148.09602228,1.0081115328048216,0,0.00033,sector_a
2148.09741117,1.007518447700221,0,0.00033,sector_a
2148.09880006,1.0075270799642808,0,0.00033,sector_a
2148.10018895,1.0076041126348885,0,0.00033,sector_a
2148.10157783,1.0077778436906273,0,0.00033,sector_a
2148.10296672,1.0084628988866324,0,0.00033,sector_a
2148.10435561,1.0075255580347382,0,0.00033,sector_a
2148.1057445,1.0071119932425858,0,0.00033,sector_a
2148.10713339,1.0074989927453322,0,0.00033,sector_a
2148.10852228,1.0072351493911884,0,0.00033,sector_a
2148.10991117,1.0075199749789892,0,0.00033,sector_a
2148.11130006,1.0076791517730546,0,0.00033,sector_a
2148.11268895,1.007402231277435,0,0.00033,sector_a
2148.11407783,1.0074773093578349,0,0.00033,sector_a
2148.11546672,1.0071410299949235,0,0.00033,sector_a
2148.11685561,1.007713624889072,0,0.00033,sector_a
2148.1182445,1.0074496742396524,0,0.00033,sector_a
2148.11963339,1.0079619386571952,0,0.00033,sector_a
2148.12102228,1.0079490929267862,0,0.00033,sector_a
2148.12241117,1.0074070178076813,0,0.00033,sector_a
2148.12380006,1.0075442192697623,0,0.00033,sector_a
2148.12518895,1.0076603627083969,0,0.00033,sector_a
2148.12657783,1.0078550178708336,0,0.00033,sector_a
2148.12796672,1.0071696399744074,0,0.00033,sector_a
2148.12935561,1.0076160951704995,0,0.00033,sector_a
2148.1307445,1.0081563720324775,0,0.00033,sector_a
2148.13213339,1.0076052965610525,0,0.00033,sector_a
2148.13352228,1.0076894482894991,0,0.00033,sector_a
2148.13491117,1.007624526428999,0,0.00033,sector_a
2148.13630006,1.0072864938058732,0,0.00033,sector_a
2148.13768895,1.007884928537241,0,0.00033,sector_a
2148.13907783,1.0076904894313827,0,0.00033,sector_a
2148.14046672,1.007657808622843,0,0.00033,sector_a
2148.14185561,1.0078128007932738,0,0.00033,sector_a
2148.1432445,1.0078266399336517,0,0.00033,sector_a
2148.14463339,1.0070705098264552,0,0.00033,sector_a
2148.14602228,1.0077345860212392,4096,0.00033,sector_a
2148.14741117,1.0074323653970123,0,0.00033,sector_a
2148.14880006,1.0076377086947872,0,0.00033,sector_a
2148.15018895,1.0073891838903075,0,0.00033,sector_a
2148.15157783,1.0073432831650726,0,0.00033,sector_a
2148.15296672,1.0078505450847348,0,0.00033,sector_a
2148.15435561,1.0075777689318322,0,0.00033,sector_a
2148.1557445,1.007497547633772,0,0.00033,sector_a
2148.15713339,1.0074928189207546,0,0.00033,sector_a
2148.15852228,1.0075931127987574,0,0.00033,sector_a
2148.15991117,1.0075626344263617,0,0.00033,sector_a
2148.16130006,1.0068997865825804,0,0.00033,sector_a
2148.16268895,1.007316115544643,0,0.00033,sector_a
2148.16407783,1.0074913039901068,0,0.00033,sector_a
2148.16546672,1.0077638079476676,0,0.00033,sector_a
2148.16685561,1.0079334213022766,0,0.00033,sector_a
2148.1682445,1.007285908315121,0,0.00033,sector_a
2148.16963339,1.008088587661056,0,0.00033,sector_a
2148.17102228,1.0075684195422765,0,0.00033,sector_a
2148.17241117,1.007676066202503,0,0.00033,sector_a
2148.17380006,1.0073858390219765,0,0.00033,sector_a
2148.17518895,1.0073626446667399,0,0.00033,sector_a
2148.17657783,1.007932342447881,0,0.00033,sector_a
2148.17796672,1.0074646680126538,0,0.00033,sector_a
2148.17935561,1.007494000871462,0,0.00033,sector_a
2148.1807445,1.0078445609528786,0,0.00033,sector_a
2148.18213339,1.007999661546403,0,0.00033,sector_a
2148.18352228,1.007092150604641,0,0.00033,sector_a
2148.18491117,1.0074565833491211,0,0.00033,sector_a
2148.18630006,1.0075030102212503,0,0.00033,sector_a
2148.18768895,1.00801171153492,0,0.00033,sector_a
2148.18907783,1.008191215234169,0,0.00033,sector_a
2148.19046672,1.0074817370300164,0,0.00033,sector_a
2148.19185561,1.0075972387740144,0,0.00033,sector_a
2148.1932445,1.0077320260332168,0,0.00033,sector_a
2148.19463339,1.0078087730600935,0,0.00033,sector_a
2148.19602228,1.0073927172944837,0,0.00033,sector_a
2148.19741117,1.0077193323756508,0,0.00033,sector_a
2148.19880006,1.0072790682680697,0,0.00033,sector_a
2148.20018895,1.0067209016991039,0,0.00033,sector_a
2148.20157783,1.0070808656534704,0,0.00033,sector_a
2148.20296672,1.0075249441537752,0,0.00033,sector_a
2148.20435561,1.007680868059763,0,0.00033,sector_a
2148.2057445,1.0068235621359063,0,0.00033,sector_a
2148.20713339,1.0069471318440588,0,0.00033,sector_a
2148.20852228,1.00744178431028,0,0.00033,sector_a
2148.20991117,1.006498811886632,0,0.00033,sector_a
2148.21130006,1.007600237305062,0,0.00033,sector_a
2148.21268895,1.007730144937847,0,0.00033,sector_a
2148.21407783,1.0065998884600948,0,0.00033,sector_a
2148.21546672,1.0076484879508951,0,0.00033,sector_a
2148.21685561,1.0073755608946524,0,0.00033,sector_a
2148.2182445,1.00782405704881,0,0.00033,sector_a
2148.21963339,1.0075015255058506,0,0.00033,sector_a
2148.22102228,1.0073518544293825,0,0.00033,sector_a
2148.22241117,1.0074490134599405,0,0.00033,sector_a
2148.22380006,1.0076753043159608,0,0.00033,sector_a
2148.22518895,1.0074613799672874,0,0.00033,sector_a
2148.22657783,1.0074156247957684,0,0.00033,sector_a
2148.22796672,1.0069954328475583,0,0.00033,sector_a
2148.22935561,1.007532262336299,0,0.00033,sector_a
2148.2307445,1.007401496766525,0,0.00033,sector_a
2148.23213339,1.0079053553883943,0,0.00033,sector_a
2148.23352228,1.0073815204902072,0,0.00033,sector_a
2148.23491117,1.0073568482301165,0,0.00033,sector_a
2148.23630006,1.0072014224080228,0,0.00033,sector_a
2148.23768895,1.0075762740990493,0,0.00033,sector_a
2148.23907783,1.0073118741432074,0,0.00033,sector_a
2148.24046672,1.0071672402266556,0,0.00033,sector_a
2148.24185561,1.007810730132434,0,0.00033,sector_a
2148.2432445,1.007856792387724,0,0.00033,sector_a
2148.24463339,1.007225424108235,0,0.00033,sector_a
2148.24602228,1.0070608711984792,0,0.00033,sector_a
2148.24741117,1.0076610163430832,0,0.00033,sector_a
2148.24880006,1.007105514829956,0,0.00033,sector_a
2148.25018895,1.0081288165460576,0,0.00033,sector_a
2148.25157783,1.0072934121311439,0,0.00033,sector_a
2148.25296672,1.007597775638353,0,0.00033,sector_a
2148.25435561,1.0069585465630921,0,0.00033,sector_a
2148.2557445,1.0073088438062008,0,0.00033,sector_a
2148.25713339,1.0076215642126398,0,0.00033,sector_a
2148.25852228,1.0074335899872524,0,0.00033,sector_a
2148.25991117,1.0071546648248944,0,0.00033,sector_a
2148.26130006,1.0079907519185887,0,0.00033,sector_a
2148.26268895,1.007504572560893,0,0.00033,sector_a
2148.26407783,1.007228114696942,0,0.00033,sector_a
2148.26546672,1.0071180160630113,0,0.00033,sector_a
2148.26685561,1.0072075732882642,0,0.00033,sector_a
2148.2682445,1.0076588300297278,0,0.00033,sector_a
2148.26963339,1.0070574368090146,0,0.00033,sector_a
2148.27102228,1.0072790324273062,0,0.00033,sector_a
2148.27241117,1.0070346322218569,0,0.00033,sector_a
2148.27380006,1.0076135123271228,0,0.00033,sector_a
2148.27518895,1.0072103255824416,0,0.00033,sector_a
2148.27657783,1.0074940326172204,0,0.00033,sector_a
2148.27796672,1.0074064019451598,0,0.00033,sector_a
2148.27935561,1.0070788936669712,0,0.00033,sector_a
2148.2807445,1.0074345773869753,0,0.00033,sector_a
2148.28213339,1.007497225284783,0,0.00033,sector_a
2148.28352228,1.0069054404231816,0,0.00033,sector_a
2148.28491117,1.0074213288270957,0,0.00033,sector_a
2148.28630006,1.0082202431235314,0,0.00033,sector_a
2148.28768895,1.0071304244522261,0,0.00033,sector_a
2148.28907783,1.0073892166008702,0,0.00033,sector_a
2148.29046672,1.006828679413674,0,0.00033,sector_a
2148.29185561,1.0073292872416721,0,0.00033,sector_a
2148.2932445,1.007029199381372,0,0.00033,sector_a
2148.29463339,1.0074062715771654,0,0.00033,sector_a
2148.29602228,1.0071709358995906,0,0.00033,sector_a
2148.29741117,1.0068487645337045,0,0.00033,sector_a
2148.29880006,1.0074856398389693,0,0.00033,sector_a
2148.30018895,1.0071097849237391,0,0.00033,sector_a
2148.30157783,1.0068795698552355,0,0.00033,sector_a
2148.30296672,1.0071795539634736,0,0.00033,sector_a
2148.30435561,1.006883451750271,0,0.00033,sector_a
2148.3057445,1.00726260822091,0,0.00033,sector_a
2148.30713339,1.0071282164679316,0,0.00033,sector_a
2148.30852228,1.007036636668759,0,0.00033,sector_a
2148.30991117,1.0073243477814149,0,0.00033,sector_a
2148.31130006,1.0067706529032285,0,0.00033,sector_a
2148.31268895,1.0074005626701117,0,0.00033,sector_a
2148.31407783,1.0065551966426005,0,0.00033,sector_a
2148.31546672,1.007569999097536,0,0.00033,sector_a
2148.31685561,1.0071625369287294,0,0.00033,sector_a
2148.3182445,1.007031618048405,0,0.00033,sector_a
2148.31963339,1.0068932140216105,0,0.00033,sector_a
2148.32102228,1.0072506550219247,0,0.00033,sector_a
2148.32241117,1.0070458472437385,0,0.00033,sector_a
2148.32380006,1.007035568892715,0,0.00033,sector_a
2148.32518895,1.0073724677538067,0,0.00033,sector_a
2148.32657783,1.0069529386700908,0,0.00033,sector_a
2148.32796672,1.0070037752590757,0,0.00033,sector_a
2148.32935561,1.0071868397298886,0,0.00033,sector_a
2148.3307445,1.0073635745182146,0,0.00033,sector_a
2148.33213339,1.0070126393082028,0,0.00033,sector_a
2148.33352228,1.0070950484850392,0,0.00033,sector_a
2148.33491117,1.0070577713992763,0,0.00033,sector_a
2148.33630006,1.0072496659907157,0,0.00033,sector_a
2148.33768895,1.0074559574955602,0,0.00033,sector_a
2148.33907783,1.0067647512038684,0,0.00033,sector_a
2148.34046672,1.0069860924352145,0,0.00033,sector_a
2148.34185561,1.0070052700103758,0,0.00033,sector_a
2148.3432445,1.0071803097172982,0,0.00033,sector_a
2148.34463339,1.007432754444773,0,0.00033,sector_a
2148.34602228,1.0069979663482662,0,0.00033,sector_a
2148.34741117,1.0070576938302431,0,0.00033,sector_a
2148.34880006,1.007312531587977,0,0.00033,sector_a
2148.35018895,1.0066344765222797,0,0.00033,sector_a
2148.35157783,1.0067634144639994,0,0.00033,sector_a
2148.35296672,1.0068483771923007,0,0.00033,sector_a
2148.35435561,1.006968500489754,0,0.00033,sector_a
2148.3557445,1.0070302663813624,0,0.00033,sector_a
2148.35713339,1.0068126927243257,0,0.00033,sector_a
2148.35852228,1.0074507827691024,0,0.00033,sector_a
2148.35991117,1.0067485002160264,0,0.00033,sector_a
2148.36130006,1.0068858036905506,0,0.00033,sector_a
2148.36268895,1.0072455738658799,0,0.00033,sector_a
2148.36407783,1.007151147280543,0,0.00033,sector_a
2148.36546672,1.0069225635352017,0,0.00033,sector_a
2148.36685561,1.0070276040001385,0,0.00033,sector_a
2148.3682445,1.0071474572423824,0,0.00033,sector_a
2148.36963339,1.0069061888522288,0,0.00033,sector_a
2148.37102228,1.0070881089774866,0,0.00033,sector_a
2148.37241117,1.006638298790701,0,0.00033,sector_a
2148.37380006,1.0069127335238603,0,0.00033,sector_a
2148.37518895,1.0064209414651264,0,0.00033,sector_a
2148.37657783,1.0066277028838995,0,0.00033,sector_a
2148.37796672,1.006550962797432,0,0.00033,sector_a
2148.37935561,1.007224046542617,0,0.00033,sector_a
2148.3807445,1.0067318406171268,0,0.00033,sector_a
2148.38213339,1.0069421277773716,0,0.00033,sector_a
2148.38352228,1.0065890917049858,0,0.00033,sector_a
2148.38491117,1.0067881188977554,0,0.00033,sector_a
2148.38630006,1.006760467065047,0,0.00033,sector_a
2148.38768895,1.0065907720974474,0,0.00033,sector_a
2148.38907783,1.0070715858941985,0,0.00033,sector_a
2148.39046672,1.0063496026075816,0,0.00033,sector_a
2148.39185561,1.0069938648819805,0,0.00033,sector_a
2148.3932445,1.0075654263325637,0,0.00033,sector_a
2148.39463339,1.006570500556241,0,0.00033,sector_a
2148.39602228,1.0068062779312954,0,0.00033,sector_a
2148.39741117,1.0063481950102264,0,0.00033,sector_a
2148.39880006,1.0067771902153222,0,0.00033,sector_a
2148.40018895,1.0062847437087303,0,0.00033,sector_a
2148.40157783,1.0069502620918567,0,0.00033,sector_a
2148.40296672,1.006625063632223,0,0.00033,sector_a
2148.40435561,1.0062331783272291,0,0.00033,sector_a
2148.4057445,1.0063835238663215,0,0.00033,sector_a
2148.40713339,1.0062934925238303,0,0.00033,sector_a
2148.40852228,1.0066573525929863,0,0.00033,sector_a
2148.40991117,1.006974800936954,0,0.00033,sector_a
2148.41130006,1.006611948055186,0,0.00033,sector_a
2148.41268895,1.0063830302885466,0,0.00033,sector_a
2148.41407783,1.006473575357119,0,0.00033,sector_a
2148.41546672,1.0067382564620724,0,0.00033,sector_a
2148.41685561,1.0060042685352968,0,0.00033,sector_a
2148.4182445,1.006858100982306,0,0.00033,sector_a
2148.41963339,1.006799721479854,0,0.00033,sector_a
2148.42102228,1.0059773679878152,0,0.00033,sector_a
2148.42241117,1.0070078983774973,0,0.00033,sector_a
2148.42380006,1.0061973203560604,0,0.00033,sector_a
2148.42518895,1.0065955860354892,0,0.00033,sector_a
2148.42657783,1.006986620982822,0,0.00033,sector_a
2148.42796672,1.0061764685528802,0,0.00033,sector_a
2148.42935561,1.0061095358685916,0,0.00033,sector_a
2148.4307445,1.00631072992103,0,0.00033,sector_a
2148.43213339,1.0063143865097286,0,0.00033,sector_a
2148.43352228,1.0065777192110963,0,0.00033,sector_a
2148.43491117,1.0064607314710123,0,0.00033,sector_a
2148.43630006,1.0064624775762516,0,0.00033,sector_a
2148.43768895,1.006460286914377,0,0.00033,sector_a
2148.43907783,1.0065396372792783,0,0.00033,sector_a
2148.44046672,1.00634117310797,0,0.00033,sector_a
2148.44185561,1.006672995100895,0,0.00033,sector_a
2148.4432445,1.0065724455972056,0,0.00033,sector_a
2148.44463339,1.0062763726096364,0,0.00033,sector_a
2148.44602228,1.007082423499892,0,0.00033,sector_a
2148.44741117,1.0061917821276687,0,0.00033,sector_a
2148.44880006,1.006759539189567,0,0.00033,sector_a
2148.45018895,1.0063302983383169,0,0.00033,sector_a
2148.45157783,1.0066407782478959,0,0.00033,sector_a
2148.45296672,1.0066812558747187,0,0.00033,sector_a
2148.45435561,1.0067724069342914,0,0.00033,sector_a
2148.4557445,1.0069269200667066,0,0.00033,sector_a
2148.45713339,1.0062743775537857,0,0.00033,sector_a
2148.45852228,1.0073266627922721,0,0.00033,sector_a
2148.45991117,1.0066198319186936,0,0.00033,sector_a
2148.46130006,1.0062661482427524,0,0.00033,sector_a
2148.46268895,1.0061047889711932,0,0.00033,sector_a
2148.46407783,1.0071580109056468,0,0.00033,sector_a
2148.46546672,1.0069523323696377,0,0.00033,sector_a
2148.46685561,1.0064715078127995,0,0.00033,sector_a
2148.4682445,1.0066886308533032,0,0.00033,sector_a
2148.46963339,1.0068416047722952,0,0.00033,sector_a
2148.47102228,1.006487701091594,0,0.00033,sector_a
2148.47241117,1.0063324650476893,0,0.00033,sector_a
2148.47380006,1.0064377221895284,0,0.00033,sector_a
2148.47518895,1.006681877630546,0,0.00033,sector_a
2148.47657783,1.00644202071766,0,0.00033,sector_a
2148.47796672,1.006077883280837,0,0.00033,sector_a
2148.47935561,1.0066396217597064,0,0.00033,sector_a
2148.4807445,1.0059234167530562,0,0.00033,sector_a
2148.48213339,1.0061965143453933,0,0.00033,sector_a
2148.48352228,1.0067595254875894,0,0.00033,sector_a
2148.48491117,1.006466894590239,0,0.00033,sector_a
2148.48630006,1.0064593866632205,0,0.00033,sector_a
2148.48768895,1.0064166767154028,0,0.00033,sector_a
2148.48907783,1.0066752829242556,0,0.00033,sector_a
2148.49046672,1.0063589469291863,0,0.00033,sector_a
2148.49185561,1.0058087827257904,0,0.00033,sector_a
2148.4932445,1.0064308214547213,0,0.00033,sector_a
2148.49463339,1.0054766103448856,0,0.00033,sector_a
2148.49602228,1.0057606229905987,0,0.00033,sector_a
2148.49741117,1.0067945377105894,0,0.00033,sector_a
2148.49880006,1.006632375412208,0,0.00033,sector_a
2148.50018895,1.006195419377236,0,0.00033,sector_a
2148.50157783,1.0063002964081622,0,0.00033,sector_a
2148.50296672,1.006339785330105,0,0.00033,sector_a
2148.50435561,1.0065956813485544,0,0.00033,sector_a
2148.5057445,1.006081012735061,0,0.00033,sector_a
2148.50713339,1.0060435194233892,0,0.00033,sector_a
2148.50852228,1.0061093598939417,0,0.00033,sector_a
2148.50991117,1.0063222739057485,0,0.00033,sector_a
2148.51130006,1.006351712461183,0,0.00033,sector_a
2148.51268895,1.0061567817560508,0,0.00033,sector_a
2148.51407783,1.0064807590609932,0,0.00033,sector_a
2148.51546672,1.0059638131563153,0,0.00033,sector_a
2148.51685561,1.0062282158445148,0,0.00033,sector_a
2148.5182445,1.0060453906099744,0,0.00033,sector_a
2148.51963339,1.005948897000582,0,0.00033,sector_a
2148.52102228,1.0065818879581723,0,0.00033,sector_a
2148.52241117,1.0061326096109888,0,0.00033,sector_a
2148.52380006,1.0059293525777022,0,0.00033,sector_a
2148.52518895,1.006222474972785,0,0.00033,sector_a
2148.52657783,1.005917551346641,0,0.00033,sector_a
2148.52796672,1.0063686547829216,0,0.00033,sector_a
2148.52935561,1.0064347591400384,0,0.00033,sector_a
2148.5307445,1.0064785827743008,0,0.00033,sector_a
2148.53213339,1.0058752437681069,0,0.00033,sector_a
2148.53352228,1.0061298666231815,0,0.00033,sector_a
2148.53491117,1.0066933372717533,0,0.00033,sector_a
2148.53630006,1.0060973929739194,0,0.00033,sector_a
2148.53768895,1.0065144303599876,0,0.00033,sector_a
2148.53907783,1.0065827370016591,0,0.00033,sector_a
2148.54046672,1.0057439199537803,0,0.00033,sector_a
2148.54185561,1.006479537520638,0,0.00033,sector_a
2148.5432445,1.0063418036315068,0,0.00033,sector_a
2148.54463339,1.0063706895570284,0,0.00033,sector_a
2148.54602228,1.0065969595140754,0,0.00033,sector_a
2148.54741117,1.0062382714606097,0,0.00033,sector_a
2148.54880006,1.006122463809254,4096,0.00033,sector_a
2148.55018895,1.006268291222702,0,0.00033,sector_a
2148.55157783,1.0059879986168405,0,0.00033,sector_a
2148.55296672,1.006221944620315,0,0.00033,sector_a
2148.55435561,1.0054972333103935,0,0.00033,sector_a
2148.5557445,1.0065616668728465,0,0.00033,sector_a
2148.55713339,1.0059078015453802,0,0.00033,sector_a
2148.55852228,1.00620778786654,0,0.00033,sector_a
2148.55991117,1.0061356850534535,0,0.00033,sector_a
2148.56130006,1.0060694281768647,0,0.00033,sector_a
2148.56268895,1.006064751823593,0,0.00033,sector_a
2148.56407783,1.006044521357871,0,0.00033,sector_a
2148.56546672,1.0055500305013327,0,0.00033,sector_a
2148.56685561,1.0058559934088405,0,0.00033,sector_a
2148.5682445,1.0063473928129028,0,0.00033,sector_a
2148.56963339,1.0057061257923348,0,0.00033,sector_a
2148.57102228,1.0056898777443,0,0.00033,sector_a
2148.57241117,1.006590487244038,0,0.00033,sector_a
2148.57380006,1.0063237654198862,0,0.00033,sector_a
2148.57518895,1.0064185830395924,0,0.00033,sector_a
2148.57657783,1.0059608726081313,0,0.00033,sector_a
2148.57796672,1.0060345750512327,0,0.00033,sector_a
2148.57935561,1.0061686573128281,0,0.00033,sector_a
2148.5807445,1.0061045855496262,0,0.00033,sector_a
2148.58213339,1.0059116627065514,0,0.00033,sector_a
2148.58352228,1.0055111699375063,0,0.00033,sector_a
2148.58491117,1.005712819932413,0,0.00033,sector_a
2148.58630006,1.0054842405605833,0,0.00033,sector_a
2148.58768895,1.006357979565527,0,0.00033,sector_a
2148.58907783,1.0057859670742335,0,0.00033,sector_a
2148.59046672,1.0058415209322853,0,0.00033,sector_a
2148.59185561,1.005967031546377,0,0.00033,sector_a
2148.5932445,1.005883355074048,0,0.00033,sector_a
2148.59463339,1.0060220967246871,0,0.00033,sector_a
2148.59602228,1.005685818254513,0,0.00033,sector_a
2148.59741117,1.0054213554220834,0,0.00033,sector_a
2148.59880006,1.0063498346526525,0,0.00033,sector_a
2148.60018895,1.0056386832127777,0,0.00033,sector_a
2148.60157783,1.0056990141646067,0,0.00033,sector_a
2148.60296672,1.0056003289081448,0,0.00033,sector_a
2148.60435561,1.0056636332266213,0,0.00033,sector_a
2148.6057445,1.0058185147014755,0,0.00033,sector_a
2148.60713339,1.0060188576220068,0,0.00033,sector_a
2148.60852228,1.0054978488446176,0,0.00033,sector_a
2148.60991117,1.00587352635505,0,0.00033,sector_a
2148.61130006,1.005591628834349,0,0.00033,sector_a
2148.61268895,1.0061188404416959,0,0.00033,sector_a
2148.61407783,1.0054182169373442,0,0.00033,sector_a
2148.61546672,1.0057904225700292,0,0.00033,sector_a
2148.61685561,1.0059578419348036,0,0.00033,sector_a
2148.6182445,1.005360222142369,0,0.00033,sector_a
2148.61963339,1.0057712243446209,0,0.00033,sector_a
2148.62102228,1.0057742596307524,0,0.00033,sector_a
2148.62241117,1.0054983049278536,0,0.00033,sector_a
2148.62380006,1.0056564791506597,0,0.00033,sector_a
2148.62518895,1.0059924484152434,0,0.00033,sector_a
2148.62657783,1.005773303100183,0,0.00033,sector_a
2148.62796672,1.0055784930384846,0,0.00033,sector_a
2148.62935561,1.0056297983912506,0,0.00033,sector_a
2148.6307445,1.0058087192467606,0,0.00033,sector_a
2148.63213339,1.0060346903410882,0,0.00033,sector_a
2148.63352228,1.005892893177048,0,0.00033,sector_a
2148.63491117,1.0058673252987054,0,0.00033,sector_a
2148.63630006,1.006096425513481,2048,0.00033,sector_a
2148.63768895,1.0052075189960334,0,0.00033,sector_a
2148.63907783,1.0052309222874891,0,0.00033,sector_a
2148.64046672,1.004986665922261,0,0.00033,sector_a
2148.64185561,1.005859292044877,0,0.00033,sector_a
2148.6432445,1.0049677995167108,0,0.00033,sector_a
2148.64463339,1.0055959685897442,0,0.00033,sector_a
2148.64602228,1.0058144183089435,0,0.00033,sector_a
2148.64741117,1.0051986404625697,0,0.00033,sector_a
2148.64880006,1.0053993516915065,0,0.00033,sector_a
2148.65018895,1.0055045377958078,0,0.00033,sector_a
2148.65157783,1.0057777595950046,0,0.00033,sector_a
2148.65296672,1.0051352544347196,0,0.00033,sector_a
2148.65435561,1.005646949883101,0,0.00033,sector_a
2148.6557445,1.0048264315188995,0,0.00033,sector_a
2148.65713339,1.0046624853354453,0,0.00033,sector_a
2148.65852228,1.004659449807943,0,0.00033,sector_a
2148.65991117,1.0049600461964923,0,0.00033,sector_a
2148.66130006,1.0046627254908909,0,0.00033,sector_a
2148.66268895,1.0045865993630732,0,0.00033,sector_a
2148.66407783,1.0044912053429926,0,0.00033,sector_a
2148.66546672,1.004761992564747,0,0.00033,sector_a
2148.66685561,1.0044896308581572,0,0.00033,sector_a
2148.6682445,1.00474804118171,0,0.00033,sector_a
2148.66963339,1.0045848228391157,0,0.00033,sector_a
2148.67102228,1.0048673748988863,0,0.00033,sector_a
2148.67241117,1.0043192588092476,0,0.00033,sector_a
2148.67380006,1.0045558380675896,0,0.00033,sector_a
2148.67518895,1.0046257630710804,0,0.00033,sector_a
2148.67657783,1.0046365664102406,0,0.00033,sector_a
2148.67796672,1.0048315093455733,0,0.00033,sector_a
2148.67935561,1.0046165917106546,0,0.00033,sector_a
2148.6807445,1.0047530349228126,0,0.00033,sector_a
2148.68213339,1.0050428367463764,0,0.00033,sector_a
2148.68352228,1.004721082972536,0,0.00033,sector_a
2148.68491117,1.0041792512978527,0,0.00033,sector_a
2148.68630006,1.004068242090609,0,0.00033,sector_a
2148.68768895,1.0046504932068139,0,0.00033,sector_a
2148.68907783,1.0043489699714505,0,0.00033,sector_a
2148.69046672,1.0045293542531357,0,0.00033,sector_a
2148.69185561,1.00439157522673,0,0.00033,sector_a
2148.6932445,1.0048003579870646,0,0.00033,sector_a
2148.69463339,1.00476272767622,0,0.00033,sector_a
2148.69602228,1.0041018398028894,0,0.00033,sector_a
2148.69741117,1.0044879024009001,0,0.00033,sector_a
2148.69880006,1.0043193708340294,0,0.00033,sector_a
2148.70018895,1.0040288452407256,0,0.00033,sector_a
2148.70157783,1.0045710276636912,0,0.00033,sector_a
2148.70296672,1.0043415953009984,0,0.00033,sector_a
2148.70435561,1.0044989442742531,0,0.00033,sector_a
2148.7057445,1.005062422464328,0,0.00033,sector_a
2148.70713339,1.0047327382673557,0,0.00033,sector_a
2148.70852228,1.0046624824817287,0,0.00033,sector_a
2148.70991117,1.004230857562591,0,0.00033,sector_a
2148.71130006,1.0040062073888363,0,0.00033,sector_a
2148.71268895,1.004680891932098,0,0.00033,sector_a
2148.71407783,1.004238199929816,0,0.00033,sector_a
2148.71546672,1.004328455120005,0,0.00033,sector_a
2148.71685561,1.0042030187284783,0,0.00033,sector_a
2148.7182445,1.0043292757462194,0,0.00033,sector_a
2148.71963339,1.0049690483007574,0,0.00033,sector_a
2148.72102228,1.0041980965837747,0,0.00033,sector_a
2148.72241117,1.0041999157005155,0,0.00033,sector_a
2148.72380006,1.0043284502906786,0,0.00033,sector_a
2148.72518895,1.0043441260117543,0,0.00033,sector_a
2148.72657783,1.0039200096949836,0,0.00033,sector_a
2148.72796672,1.0037513126770707,0,0.00033,sector_a
2148.72935561,1.0040780871681347,0,0.00033,sector_a
2148.7307445,1.0041740262667704,0,0.00033,sector_a
2148.73213339,1.0040051870363158,0,0.00033,sector_a
2148.73352228,1.0039371284060778,0,0.00033,sector_a
2148.73491117,1.0039463836702438,0,0.00033,sector_a
2148.73630006,1.004091292866882,0,0.00033,sector_a
2148.73768895,1.0041603229390677,0,0.00033,sector_a
2148.73907783,1.0037289620266014,0,0.00033,sector_a
2148.74046672,1.0040242766234178,0,0.00033,sector_a
2148.74185561,1.0042698410992363,0,0.00033,sector_a
2148.7432445,1.0041276927574945,0,0.00033,sector_a
2148.74463339,1.00377392918221,0,0.00033,sector_a
2148.74602228,1.004047127849555,0,0.00033,sector_a
2148.74741117,1.0041339865855268,0,0.00033,sector_a
2148.74880006,1.0043470867200937,0,0.00033,sector_a
2148.75018895,1.0036688037487405,0,0.00033,sector_a
2148.75157783,1.0043081669449017,0,0.00033,sector_a
2148.75296672,1.0039794581734565,0,0.00033,sector_a
2148.75435561,1.0041582389501362,0,0.00033,sector_a
2148.7557445,1.0042848699012894,0,0.00033,sector_a
2148.75713339,1.0038424592455015,0,0.00033,sector_a
2148.75852228,1.0038527996148565,0,0.00033,sector_a
2148.75991117,1.0040391016449766,0,0.00033,sector_a
2148.76130006,1.0042662758996728,0,0.00033,sector_a
2148.76268895,1.0039033989084074,0,0.00033,sector_a
2148.76407783,1.003652534224261,0,0.00033,sector_a
2148.76546672,1.0038456491062773,0,0.00033,sector_a
2148.76685561,1.0041398753640416,0,0.00033,sector_a
2148.7682445,1.004349155487397,0,0.00033,sector_a
2148.76963339,1.0038753780341292,0,0.00033,sector_a
2148.77102228,1.003918625917158,0,0.00033,sector_a
2148.77241117,1.0039515157895789,0,0.00033,sector_a
2148.77380006,1.0039562454221718,0,0.00033,sector_a
2148.77518895,1.0037215859153321,0,0.00033,sector_a
2148.77657783,1.0038551736144823,0,0.00033,sector_a
2148.77796672,1.0049509257805243,0,0.00033,sector_a
2148.77935561,1.0049119764497652,0,0.00033,sector_a
2148.7807445,1.0048818288274122,0,0.00033,sector_a
2148.78213339,1.0045872962247484,0,0.00033,sector_a
2148.78352228,1.004707214745646,0,0.00033,sector_a
2148.78491117,1.004654023872897,0,0.00033,sector_a
2148.78630006,1.0051387531631566,0,0.00033,sector_a
2148.78768895,1.005243578091751,0,0.00033,sector_a
2148.78907783,1.0049260805037794,0,0.00033,sector_a
2148.79046672,1.005267870184954,0,0.00033,sector_a
2148.79185561,1.0047340773141564,0,0.00033,sector_a
2148.7932445,1.0047279443662298,0,0.00033,sector_a
2148.79463339,1.004439706370573,0,0.00033,sector_a
2148.79602228,1.0048580299647092,0,0.00033,sector_a
2148.79741117,1.0046597933229382,0,0.00033,sector_a
2148.79880006,1.0048049397204804,0,0.00033,sector_a
2148.80018895,1.0049075007758799,0,0.00033,sector_a
2148.80157783,1.004697077927209,0,0.00033,sector_a
2148.80296672,1.0044445661626031,0,0.00033,sector_a
2148.80435561,1.0047373781271016,0,0.00033,sector_a
2148.8057445,1.004722293756173,0,0.00033,sector_a
2148.80713339,1.0047429155320329,0,0.00033,sector_a
2148.80852228,1.004915434020183,0,0.00033,sector_a
2148.80991117,1.004660867042805,0,0.00033,sector_a
2148.81130006,1.0046388658929573,0,0.00033,sector_a
2148.81268895,1.0051875084344022,0,0.00033,sector_a
2148.81407783,1.0049969331307358,0,0.00033,sector_a
2148.81546672,1.0046662154154251,0,0.00033,sector_a
2148.81685561,1.0044247505872912,0,0.00033,sector_a
2148.8182445,1.00455328914554,0,0.00033,sector_a
2148.81963339,1.0047757511764004,0,0.00033,sector_a
2148.82102228,1.0048967527035249,0,0.00033,sector_a
2148.82241117,1.0053236491329656,0,0.00033,sector_a
2148.82380006,1.0045806421507046,0,0.00033,sector_a
2148.82518895,1.0046842210651015,0,0.00033,sector_a
2148.82657783,1.004536105423957,0,0.00033,sector_a
2148.82796672,1.0046502049409052,0,0.00033,sector_a
2148.82935561,1.0045145809720812,0,0.00033,sector_a
2148.8307445,1.004317229491263,0,0.00033,sector_a
2148.83213339,1.0048898976640088,0,0.00033,sector_a
2148.83352228,1.0046348897428587,0,0.00033,sector_a
2148.83491117,1.0049484073013542,0,0.00033,sector_a
2148.83630006,1.0044455412633162,0,0.00033,sector_a
2148.83768895,1.004650813769559,0,0.00033,sector_a
2148.83907783,1.004752940563759,0,0.00033,sector_a
2148.84046672,1.0040435173020663,0,0.00033,sector_a
2148.84185561,1.0041908325684725,0,0.00033,sector_a
2148.8432445,1.004757233957382,0,0.00033,sector_a
2148.84463339,1.0045698721434155,0,0.00033,sector_a
2148.84602228,1.0040264853837657,0,0.00033,sector_a
2148.84741117,1.0043232424539883,0,0.00033,sector_a
2148.84880006,1.0042294591427006,0,0.00033,sector_a
2148.85018895,1.0043796016969797,0,0.00033,sector_a
2148.85157783,1.0049336293446076,0,0.00033,sector_a
2148.85296672,1.0043400576869064,0,0.00033,sector_a
2148.85435561,1.0050526391317691,0,0.00033,sector_a
2148.8557445,1.0044148521680134,0,0.00033,sector_a
2148.85713339,1.0042742189357108,0,0.00033,sector_a
2148.85852228,1.0049035735013891,0,0.00033,sector_a
2148.85991117,1.004725097458843,0,0.00033,sector_a
2148.86130006,1.0048373902890435,0,0.00033,sector_a
2148.86268895,1.0049866783483312,0,0.00033,sector_a
2148.86407783,1.0047360565024734,0,0.00033,sector_a
2148.86546672,1.004772955105417,0,0.00033,sector_a
2148.86685561,1.0039520345041824,0,0.00033,sector_a
2148.8682445,1.0041924686795032,0,0.00033,sector_a
2148.86963339,1.004535886565787,0,0.00033,sector_a
2148.87102228,1.0044631628947251,0,0.00033,sector_a
2148.87241117,1.0045988971994826,0,0.00033,sector_a
2148.87380006,1.0042606946082606,0,0.00033,sector_a
2148.87518895,1.004693127388394,0,0.00033,sector_a
2148.87657783,1.0049370706256393,0,0.00033,sector_a
2148.87796672,1.0045335336734893,0,0.00033,sector_a
2148.87935561,1.0045962933249475,0,0.00033,sector_a
2148.8807445,1.0044980257680647,0,0.00033,sector_a
2148.88213339,1.0046076318863224,0,0.00033,sector_a
2148.88352228,1.0044028989607061,0,0.00033,sector_a
2148.88491117,1.004196861316854,0,0.00033,sector_a
2148.88630006,1.0043837012789971,0,0.00033,sector_a
2148.88768895,1.0043517931706245,0,0.00033,sector_a
2148.88907783,1.0038914869785218,0,0.00033,sector_a
2148.89046672,1.0043716420442017,0,0.00033,sector_a
2148.89185561,1.0043067725133559,0,0.00033,sector_a
2148.8932445,1.0043494561077368,0,0.00033,sector_a
2148.89463339,1.0041324800003464,0,0.00033,sector_a
2148.89602228,1.0044102191453435,0,0.00033,sector_a
2148.89741117,1.0044419946048733,0,0.00033,sector_a
2148.89880006,1.0040657116697116,0,0.00033,sector_a
2148.90018895,1.0043432507980647,0,0.00033,sector_a
2148.90157783,1.0044621826773228,0,0.00033,sector_a
2148.90296672,1.0044442574011077,0,0.00033,sector_a
2148.90435561,1.0039754128731333,0,0.00033,sector_a
2148.9057445,1.0039389454804952,0,0.00033,sector_a
2148.90713339,1.004220950272347,0,0.00033,sector_a
2148.90852228,1.0039158189555395,0,0.00033,sector_a
2148.90991117,1.0048895616047764,0,0.00033,sector_a
2148.91130006,1.0039642740954267,0,0.00033,sector_a
2148.91268895,1.0039597651542718,0,0.00033,sector_a
2148.91407783,1.004350382363434,0,0.00033,sector_a
2148.91546672,1.0040328700508077,0,0.00033,sector_a
2148.91685561,1.0035052282819001,0,0.00033,sector_a
2148.9182445,1.0041051118998114,0,0.00033,sector_a
2148.91963339,1.0038635844485038,0,0.00033,sector_a
2148.92102228,1.0039830661684885,0,0.00033,sector_a
2148.92241117,1.0036723458634544,0,0.00033,sector_a
2148.92380006,1.0038601444555113,0,0.00033,sector_a
2148.92518895,1.0040560194164134,0,0.00033,sector_a
2148.92657783,1.004071149443157,0,0.00033,sector_a
2148.92796672,1.0037755000541955,0,0.00033,sector_a
2148.92935561,1.0038765868066042,0,0.00033,sector_a
2148.9307445,1.003830422995643,0,0.00033,sector_a
2148.93213339,1.0040963085369974,0,0.00033,sector_a
2148.93352228,1.0040078168684528,0,0.00033,sector_a
2148.93491117,1.0036952070173095,0,0.00033,sector_a
2148.93630006,1.0042100994377192,0,0.00033,sector_a
2148.93768895,1.003831161179755,0,0.00033,sector_a
2148.93907783,1.0041236445630053,0,0.00033,sector_a
2148.94046672,1.0037547023837805,0,0.00033,sector_a
2148.94185561,1.0040821564693596,0,0.00033,sector_a
2148.9432445,1.003958874978566,0,0.00033,sector_a
2148.94463339,1.0039992397209905,0,0.00033,sector_a
2148.94602228,1.0041153580581954,0,0.00033,sector_a
2148.94741117,1.004089664384315,0,0.00033,sector_a
2148.94880006,1.0040064253150776,0,0.00033,sector_a
2148.95018895,1.0039982138281196,0,0.00033,sector_a
2148.95157783,1.0035941337712526,0,0.00033,sector_a
2148.95296672,1.0039185373137622,0,0.00033,sector_a
2148.95435561,1.0033248392177563,0,0.00033,sector_a
2148.9557445,1.0033033372278528,0,0.00033,sector_a
2148.95713339,1.003828960532338,2048,0.00033,sector_a
2148.95852228,1.003846000359858,0,0.00033,sector_a
2148.95991117,1.0043132249106432,0,0.00033,sector_a
2148.96130006,1.0040766305059354,0,0.00033,sector_a
2148.96268895,1.0041917288582811,0,0.00033,sector_a
2148.96407783,1.0037927095863213,0,0.00033,sector_a
2148.96546672,1.00399345565061,0,0.00033,sector_a
2148.96685561,1.0041855782382842,0,0.00033,sector_a
2148.9682445,1.0040029755508513,0,0.00033,sector_a
2148.96963339,1.0039478594026015,0,0.00033,sector_a
2148.97102228,1.0038717683492653,0,0.00033,sector_a
2148.97241117,1.0035820437941816,0,0.00033,sector_a
2148.97380006,1.003582295854216,0,0.00033,sector_a
2148.97518895,1.0034264865289972,0,0.00033,sector_a
2148.97657783,1.0039280163645048,0,0.00033,sector_a
2148.97796672,1.0037332849395038,0,0.00033,sector_a
2148.97935561,1.0036145716935436,0,0.00033,sector_a
2148.9807445,1.0038922813754125,0,0.00033,sector_a
2148.98213339,1.0036283286723606,0,0.00033,sector_a
2148.98352228,1.0040685889971028,0,0.00033,sector_a
2148.98491117,1.004300264861909,0,0.00033,sector_a
2148.98630006,1.003890399713752,0,0.00033,sector_a
2148.98768895,1.003567672395047,0,0.00033,sector_a
2148.98907783,1.0033376881706,0,0.00033,sector_a
2148.99046672,1.0043002903900684,0,0.00033,sector_a
2148.99185561,1.0038614082958615,0,0.00033,sector_a
2148.9932445,1.0034043475322025,0,0.00033,sector_a
2148.99463339,1.004019027871737,0,0.00033,sector_a
2148.99602228,1.003253647451361,0,0.00033,sector_a
2148.99741117,1.0035853955027727,0,0.00033,sector_a
2148.99880006,1.0036341395458115,0,0.00033,sector_a
2149.00018895,1.0035929090126146,0,0.00033,sector_a
2149.00157783,1.003369848074277,0,0.00033,sector_a
2149.00296672,1.004340717804947,0,0.00033,sector_a
2149.00435561,1.0035602922745799,0,0.00033,sector_a
2149.0057445,1.003769250822747,0,0.00033,sector_a
2149.00713339,1.0036654585441656,0,0.00033,sector_a
2149.00852228,1.003205293310445,0,0.00033,sector_a
2149.00991117,1.0034889413667891,0,0.00033,sector_a
2149.01130006,1.0036916199800667,0,0.00033,sector_a
2149.01268895,1.0038843510651676,0,0.00033,sector_a
2149.01407783,1.0035232568494414,0,0.00033,sector_a
2149.01546672,1.0037132567612053,0,0.00033,sector_a
2149.01685561,1.0035104026384751,0,0.00033,sector_a
2149.0182445,1.003760035607456,0,0.00033,sector_a
2149.01963339,1.0029033743310656,0,0.00033,sector_a
2149.02102228,1.0037488410634856,0,0.00033,sector_a
2149.02241117,1.003402395026584,0,0.00033,sector_a
2149.02380006,1.0034067716713486,0,0.00033,sector_a
2149.02518895,1.0027710517798256,0,0.00033,sector_a
2149.02657783,1.003257734274903,0,0.00033,sector_a
2149.02796672,1.0037158732303995,0,0.00033,sector_a
2149.02935561,1.0041800646445294,0,0.00033,sector_a
2149.0307445,1.0033357062117756,0,0.00033,sector_a
2149.03213339,1.0033402646826854,0,0.00033,sector_a
2149.03352228,1.003652812619614,0,0.00033,sector_a
2149.03491117,1.0035889480364197,0,0.00033,sector_a
2149.03630006,1.0033386136572175,0,0.00033,sector_a
2149.03768895,1.0034478875714508,0,0.00033,sector_a
2149.03907783,1.0033808244950613,0,0.00033,sector_a
2149.04046672,1.0036521380729455,0,0.00033,sector_a
2149.04185561,1.003693476141285,0,0.00033,sector_a
2149.0432445,1.0039548231155029,0,0.00033,sector_a
2149.04463339,1.0037135315156573,0,0.00033,sector_a
2149.04602228,1.0036367081906856,0,0.00033,sector_a
2149.04741117,1.0034875618708063,0,0.00033,sector_a
2149.04880006,1.0036973669960785,0,0.00033,sector_a
2149.05018895,1.003155524975499,0,0.00033,sector_a
2149.05157783,1.0040223153269132,0,0.00033,sector_a
2149.05296672,1.0034933203967684,0,0.00033,sector_a
2149.05435561,1.0038008245804577,0,0.00033,sector_a
2149.0557445,1.0031790015477724,0,0.00033,sector_a
2149.05713339,1.0036801874739896,0,0.00033,sector_a
2149.05852228,1.0034975779196258,0,0.00033,sector_a
2149.05991117,1.0033269232233601,0,0.00033,sector_a
2149.06130006,1.003185306045431,0,0.00033,sector_a
2149.06268895,1.0031189993378666,0,0.00033,sector_a
2149.06407783,1.0038578186386786,0,0.00033,sector_a
2149.06546672,1.0036895523834077,0,0.00033,sector_a
2149.06685561,1.003374411621035,0,0.00033,sector_a
2149.0682445,1.0033894686521407,0,0.00033,sector_a
2149.06963339,1.0031252638871573,0,0.00033,sector_a
2149.07102228,1.0028086841451358,0,0.00033,sector_a
2149.07241117,1.002813856690387,0,0.00033,sector_a
2149.07380006,1.00313623569793,0,0.00033,sector_a
2149.07518895,1.0032553213578883,0,0.00033,sector_a
2149.07657783,1.002964337396454,2048,0.00033,sector_a
2149.07796672,1.003506097890824,0,0.00033,sector_a
2149.07935561,1.003420373172227,0,0.00033,sector_a
2149.0807445,1.003314008300394,0,0.00033,sector_a
2149.08213339,1.0027709182221063,0,0.00033,sector_a
2149.08352228,1.0031944591630813,0,0.00033,sector_a
2149.08491117,1.0032387281195332,0,0.00033,sector_a
2149.08630006,1.0028876964298823,0,0.00033,sector_a
2149.08768895,1.0026222610045443,0,0.00033,sector_a
2149.08907783,1.003760183437323,0,0.00033,sector_a
2149.09046672,1.0033912586870835,0,0.00033,sector_a
2149.09185561,1.0031030757657897,0,0.00033,sector_a
2149.0932445,1.0036496242375221,0,0.00033,sector_a
2149.09463339,1.0035064636382647,0,0.00033,sector_a
2149.09602228,1.00331387428641,0,0.00033,sector_a
2149.09741117,1.003244508209158,0,0.00033,sector_a
2149.09880006,1.0033919900302375,0,0.00033,sector_a
2149.10018895,1.0035758226792475,0,0.00033,sector_a
2149.10157783,1.0031790877732305,0,0.00033,sector_a
2149.10296672,1.0030877863972756,0,0.00033,sector_a
2149.10435561,1.0033078216080102,0,0.00033,sector_a
2149.1057445,1.0023495950325478,0,0.00033,sector_a
2149.10713339,1.0031550691066888,0,0.00033,sector_a
2149.10852228,1.0030093337366282,0,0.00033,sector_a
2149.10991117,1.0031110920302762,0,0.00033,sector_a
2149.11130006,1.0030571463433553,0,0.00033,sector_a
2149.11268895,1.0031958428857939,0,0.00033,sector_a
2149.11407783,1.0031234914251923,0,0.00033,sector_a
2149.11546672,1.0031058952085345,0,0.00033,sector_a
2149.11685561,1.0030426736548788,0,0.00033,sector_a
2149.1182445,1.0031997409842006,0,0.00033,sector_a
2149.11963339,1.0029232245122663,0,0.00033,sector_a
2149.12102228,1.0033331195564108,0,0.00033,sector_a
2149.12241117,1.0025797418638733,0,0.00033,sector_a
2149.12380006,1.0031006550295958,0,0.00033,sector_a
2149.12518895,1.0031630134805924,0,0.00033,sector_a
2149.12657783,1.002673416332497,0,0.00033,sector_a
2149.12796672,1.0029016470699375,2048,0.00033,sector_a
2149.12935561,1.0033855394546731,0,0.00033,sector_a
2149.1307445,1.0029708155996715,0,0.00033,sector_a
2149.13213339,1.0027534634912953,0,0.00033,sector_a
2149.13352228,1.002158699317895,0,0.00033,sector_a
2149.13491117,1.003081444894625,0,0.00033,sector_a
2149.13630006,1.0030075405201566,0,0.00033,sector_a
2149.13768895,1.0031426140024122,0,0.00033,sector_a
2149.13907783,1.003538448514598,0,0.00033,sector_a
2149.14046672,1.0029563773698615,0,0.00033,sector_a
2149.14185561,1.0029877601424444,0,0.00033,sector_a
2149.1432445,1.002751005506662,0,0.00033,sector_a
2149.14463339,1.0029187581468542,0,0.00033,sector_a
2149.14602228,1.0029207509595086,0,0.00033,sector_a
2149.14741117,1.0031331359777564,0,0.00033,sector_a
2149.14880006,1.0030696741786962,0,0.00033,sector_a
2149.15018895,1.0026935429123993,0,0.00033,sector_a
2149.15157783,1.0027671850146198,0,0.00033,sector_a
2149.15296672,1.0032792055069937,0,0.00033,sector_a
2149.15435561,1.0026173320071097,0,0.00033,sector_a
2149.1557445,1.0030881722172913,0,0.00033,sector_a
2149.15713339,1.0033265658904282,0,0.00033,sector_a
2149.15852228,1.0030477200656498,0,0.00033,sector_a
2149.15991117,1.0029284893802373,0,0.00033,sector_a
2149.16130006,1.003232620418526,0,0.00033,sector_a
2149.16268895,1.0029423997212548,0,0.00033,sector_a
2149.16407783,1.0028337812693113,0,0.00033,sector_a
2149.16546672,1.0027723655123355,0,0.00033,sector_a
2149.16685561,1.0031436247825782,0,0.00033,sector_a
2149.1682445,1.0030096988427364,0,0.00033,sector_a
2149.16963339,1.0032404382874354,0,0.00033,sector_a
2149.17102228,1.002706864409142,0,0.00033,sector_a
2149.17241117,1.0027062070709878,0,0.00033,sector_a
2149.17380006,1.0026647000866464,0,0.00033,sector_a
2149.17518895,1.00285809251386,0,0.00033,sector_a
2149.17657783,1.002578745113468,0,0.00033,sector_a
2149.17796672,1.0030248053396078,0,0.00033,sector_a
2149.17935561,1.0028534022734124,0,0.00033,sector_a
2149.1807445,1.002476624440732,0,0.00033,sector_a
2149.18213339,1.001914304331013,0,0.00033,sector_a
2149.18352228,1.0022260630795632,4096,0.00033,sector_a
2149.18491117,1.0031330460321275,0,0.00033,sector_a
2149.18630006,1.002706093363379,0,0.00033,sector_a
2149.18768895,1.0027574667159667,0,0.00033,sector_a
2149.18907783,1.0025901376015756,0,0.00033,sector_a
2149.19046672,1.0028123880245001,0,0.00033,sector_a
2149.19185561,1.0021571362414974,0,0.00033,sector_a
2149.1932445,1.0021277522596854,0,0.00033,sector_a
2149.19463339,1.002222705106161,0,0.00033,sector_a
2149.19602228,1.0026925076480362,0,0.00033,sector_a
2149.19741117,1.002863879050162,0,0.00033,sector_a
2149.19880006,1.00279264779729,0,0.00033,sector_a
2149.20018895,1.0026173348319078,0,0.00033,sector_a
2149.20157783,1.0022870111688287,0,0.00033,sector_a
2149.20296672,1.0028616621507498,0,0.00033,sector_a
2149.20435561,1.002552723212604,0,0.00033,sector_a
2149.2057445,1.002619015273423,0,0.00033,sector_a
2149.20713339,1.0025969766218283,0,0.00033,sector_a
2149.20852228,1.0024794842510287,0,0.00033,sector_a
2149.20991117,1.0024010631949718,0,0.00033,sector_a
2149.21130006,1.002431237769208,0,0.00033,sector_a
2149.21268895,1.0022280577542535,0,0.00033,sector_a
2149.21407783,1.002652413765672,0,0.00033,sector_a
2149.21546672,1.0025272871777198,0,0.00033,sector_a
2149.21685561,1.0028539138002335,0,0.00033,sector_a
2149.2182445,1.0020547819985053,0,0.00033,sector_a
2149.21963339,1.0028833717863206,0,0.00033,sector_a
2149.22102228,1.0025281555231367,0,0.00033,sector_a
2149.22241117,1.0024958079413213,0,0.00033,sector_a
2149.22380006,1.0023088606946937,0,0.00033,sector_a
2149.22518895,1.002298739145113,0,0.00033,sector_a
2149.22657783,1.002102351076299,0,0.00033,sector_a
2149.22796672,1.0027654568650162,0,0.00033,sector_a
2149.22935561,1.0024470265819416,0,0.00033,sector_a
2149.2307445,1.002700984435721,0,0.00033,sector_a
2149.23213339,1.0027249758691943,0,0.00033,sector_a
2149.23352228,1.002346524179802,0,0.00033,sector_a
2149.23491117,1.0024129264045483,0,0.00033,sector_a
2149.23630006,1.002376145865661,0,0.00033,sector_a
2149.23768895,1.0027535288024563,0,0.00033,sector_a
2149.23907783,1.0024960137326302,0,0.00033,sector_a
2149.24046672,1.0024996532960788,0,0.00033,sector_a
2149.24185561,1.0026475074931542,0,0.00033,sector_a
2149.2432445,1.002417727952098,0,0.00033,sector_a
2149.24463339,1.0030044939753937,0,0.00033,sector_a
2149.24602228,1.002165587315482,0,0.00033,sector_a
2149.24741117,1.0027698572727035,0,0.00033,sector_a
2149.24880006,1.0028052632783413,0,0.00033,sector_a
2149.25018895,1.0020855167741534,0,0.00033,sector_a
2149.25157783,1.0026401458586043,0,0.00033,sector_a
2149.25296672,1.0024705023995195,0,0.00033,sector_a
2149.25435561,1.002629017372765,0,0.00033,sector_a
2149.2557445,1.0020420618408767,0,0.00033,sector_a
2149.25713339,1.0024400280641383,0,0.00033,sector_a
2149.25852228,1.0020907279222584,0,0.00033,sector_a
2149.25991117,1.0022656004112036,0,0.00033,sector_a
2149.26130006,1.0027493071789308,0,0.00033,sector_a
2149.26268895,1.002307245073001,0,0.00033,sector_a
2149.26407783,1.001707714345447,0,0.00033,sector_a
2149.26546672,1.0019398781064301,0,0.00033,sector_a
2149.26685561,1.0020056465821916,0,0.00033,sector_a
2149.2682445,1.0026025488458936,0,0.00033,sector_a
2149.26963339,1.002116046296683,0,0.00033,sector_a
2149.27102228,1.001868739174314,0,0.00033,sector_a
2149.27241117,1.0026107081131352,0,0.00033,sector_a
2149.27380006,1.0023615031371937,0,0.00033,sector_a
2149.27518895,1.0023805147019087,0,0.00033,sector_a
2149.27657783,1.0020542842902789,0,0.00033,sector_a
2149.27796672,1.0026710373374483,2048,0.00033,sector_a
2149.27935561,1.0022302624971955,4096,0.00033,sector_a
2149.2807445,1.001705333944455,0,0.00033,sector_a
2149.28213339,1.0019327115137762,0,0.00033,sector_a
2149.28352228,1.0020087817514411,0,0.00033,sector_a
2149.28491117,1.0021929393064788,0,0.00033,sector_a
2149.28630006,1.002445484878974,0,0.00033,sector_a
2149.28768895,1.0020212025246698,0,0.00033,sector_a
2149.28907783,1.0020499079184952,0,0.00033,sector_a
2149.29046672,1.0028287338323638,0,0.00033,sector_a
2149.29185561,1.0022280584350258,0,0.00033,sector_a
2149.2932445,1.0020502534399036,0,0.00033,sector_a
2149.29463339,1.0022009387645787,0,0.00033,sector_a
2149.29602228,1.0018345240989468,0,0.00033,sector_a
2149.29741117,1.00232833071063,0,0.00033,sector_a
2149.29880006,1.0024430596203613,0,0.00033,sector_a
2149.30018895,1.0020022922612604,0,0.00033,sector_a
2149.30157783,1.0024391848148504,0,0.00033,sector_a
2149.30296672,1.0020708264562734,0,0.00033,sector_a
2149.30435561,1.002226364862745,0,0.00033,sector_a
2149.3057445,1.00193146927229,0,0.00033,sector_a
2149.30713339,1.001908339108175,0,0.00033,sector_a
2149.30852228,1.0017062283534002,0,0.00033,sector_a
2149.30991117,1.0021809981914953,0,0.00033,sector_a
2149.31130006,1.0020333973296203,0,0.00033,sector_a
2149.31268895,1.00203545365839,0,0.00033,sector_a
2149.31407783,1.001783828696546,0,0.00033,sector_a
2149.31546672,1.0017663618059578,0,0.00033,sector_a
2149.31685561,1.0019098782976767,0,0.00033,sector_a
2149.3182445,1.0022118774102593,0,0.00033,sector_a
2149.31963339,1.0021582211851985,0,0.00033,sector_a
2149.32102228,1.0018763495166387,0,0.00033,sector_a
2149.32241117,1.0021431843407094,0,0.00033,sector_a
2149.32380006,1.0025466239748075,0,0.00033,sector_a
2149.32518895,1.002077629843473,0,0.00033,sector_a
2149.32657783,1.0026076591057551,0,0.00033,sector_a
2149.32796672,1.002156468320544,0,0.00033,sector_a
2149.32935561,1.0024013914872847,0,0.00033,sector_a
2149.3307445,1.0018741429990652,0,0.00033,sector_a
2149.33213339,1.002344407811004,0,0.00033,sector_a
2149.33352228,1.0016776420219284,0,0.00033,sector_a
2149.33491117,1.0020709729594248,0,0.00033,sector_a
2149.33630006,1.0019026994991165,0,0.00033,sector_a
2149.33768895,1.001430996790708,0,0.00033,sector_a
2149.33907783,1.0016014823934591,0,0.00033,sector_a
2149.34046672,1.0022940648249195,0,0.00033,sector_a
2149.34185561,1.0021079985247257,0,0.00033,sector_a
2149.3432445,1.0023269340369259,0,0.00033,sector_a
2149.34463339,1.0020126266339822,0,0.00033,sector_a
2149.34602228,1.0011386924075583,0,0.00033,sector_a
2149.34741117,1.0020150457023818,0,0.00033,sector_a
2149.34880006,1.001779128877602,0,0.00033,sector_a
2149.35018895,1.0017911191567483,0,0.00033,sector_a
2149.35157783,1.0017998103208479,0,0.00033,sector_a
2149.35296672,1.0017047526479834,0,0.00033,sector_a
2149.35435561,1.0016441880775442,0,0.00033,sector_a
2149.3557445,1.0022542527514557,0,0.00033,sector_a
2149.35713339,1.002025163703538,0,0.00033,sector_a
2149.35852228,1.0017107645786076,0,0.00033,sector_a
2149.35991117,1.0017691674751008,2048,0.00033,sector_a
2149.36130006,1.0021536963548285,0,0.00033,sector_a
2149.36268895,1.001981320122905,0,0.00033,sector_a
2149.36407783,1.001922926063541,0,0.00033,sector_a
2149.36546672,1.0015185764606427,0,0.00033,sector_a
2149.36685561,1.001733935759513,4096,0.00033,sector_a
2149.3682445,1.001531335715234,0,0.00033,sector_a
2149.36963339,1.0013061534235226,0,0.00033,sector_a
2149.37102228,1.002086863740741,0,0.00033,sector_a
2149.37241117,1.001738271744576,0,0.00033,sector_a
2149.37380006,1.0017083896400671,0,0.00033,sector_a
2149.37518895,1.0015485964524715,0,0.00033,sector_a
2149.37657783,1.0020231311896242,0,0.00033,sector_a
2149.37796672,1.0023908704411801,0,0.00033,sector_a
2149.37935561,1.0019624235305415,0,0.00033,sector_a
2149.3807445,1.0020526732700774,0,0.00033,sector_a
2149.38213339,1.0014374669988928,0,0.00033,sector_a
2149.38352228,1.0018292169417362,0,0.00033,sector_a
2149.38491117,1.0018349327596943,0,0.00033,sector_a
2149.38630006,1.0021847829362514,0,0.00033,sector_a
2149.38768895,1.0017639866501835,0,0.00033,sector_a
2149.38907783,1.0014908956638109,0,0.00033,sector_a
2149.39046672,1.001730382428981,0,0.00033,sector_a
2149.39185561,1.0016210559133154,0,0.00033,sector_a
2149.3932445,1.0021414342084534,0,0.00033,sector_a
2149.39463339,1.0019165631990916,0,0.00033,sector_a
2149.39602228,1.0018197332924037,0,0.00033,sector_a
2149.39741117,1.001768283269369,0,0.00033,sector_a
2149.39880006,1.0019481137397517,0,0.00033,sector_a
2149.40018895,1.0015682243347912,0,0.00033,sector_a
2149.40157783,1.0014423457425126,0,0.00033,sector_a
2149.40296672,1.00116651667991,0,0.00033,sector_a
2149.40435561,1.0020193556513863,0,0.00033,sector_a
2149.4057445,1.0018225849300204,0,0.00033,sector_a
2149.40713339,1.001854532177445,0,0.00033,sector_a
2149.40852228,1.0016803670737566,0,0.00033,sector_a
2149.40991117,1.0021277777920177,0,0.00033,sector_a
2149.41130006,1.0013813662213484,0,0.00033,sector_a
2149.41268895,1.0019870723577193,0,0.00033,sector_a
2149.41407783,1.001407614272515,0,0.00033,sector_a
2149.41546672,1.0015110319879619,0,0.00033,sector_a
2149.41685561,1.0012907370976791,0,0.00033,sector_a
2149.4182445,1.001650544588736,0,0.00033,sector_a
2149.41963339,1.00153785617962,0,0.00033,sector_a
2149.42102228,1.0017336763157096,0,0.00033,sector_a
2149.42241117,1.0014426830555536,0,0.00033,sector_a
2149.42380006,1.0012105299171141,0,0.00033,sector_a
2149.42518895,1.0017532473623767,0,0.00033,sector_a
2149.42657783,1.0019487194228465,0,0.00033,sector_a
2149.42796672,1.001788273582415,2048,0.00033,sector_a
2149.42935561,1.0015608319644556,0,0.00033,sector_a
2149.4307445,1.0016831092110592,0,0.00033,sector_a
2149.43213339,1.0010882176315334,0,0.00033,sector_a
2149.43352228,1.0014641113079592,0,0.00033,sector_a
2149.43491117,1.0018766751148391,0,0.00033,sector_a
2149.43630006,1.001674445506602,0,0.00033,sector_a
2149.43768895,1.0013004977262212,0,0.00033,sector_a
2149.43907783,1.0017734089150494,0,0.00033,sector_a
2149.44046672,1.001490582353195,0,0.00033,sector_a
2149.44185561,1.0017263548747084,0,0.00033,sector_a
2149.4432445,1.0011215495658672,0,0.00033,sector_a
2149.44463339,1.0013623780337273,0,0.00033,sector_a
2149.44602228,1.0015949963714454,0,0.00033,sector_a
2149.44741117,1.0015828759452758,0,0.00033,sector_a
2149.44880006,1.001647223470506,0,0.00033,sector_a
2149.45018895,1.0014833570551271,0,0.00033,sector_a
2149.45157783,1.0014250228523527,0,0.00033,sector_a
2149.45296672,1.0016066964857897,0,0.00033,sector_a
2149.45435561,1.0017108198071736,0,0.00033,sector_a
2149.4557445,1.0010390930138409,0,0.00033,sector_a
2149.45713339,1.0013673056284895,0,0.00033,sector_a
2149.45852228,1.001394501372451,0,0.00033,sector_a
2149.45991117,1.001489882400336,0,0.00033,sector_a
2149.46130006,1.0017230793471161,0,0.00033,sector_a
2149.46268895,1.0010625628598866,0,0.00033,sector_a
2149.46407783,1.0015773864506703,0,0.00033,sector_a
2149.46546672,1.0009384447123657,0,0.00033,sector_a
2149.46685561,1.0012060484484557,0,0.00033,sector_a
2149.4682445,1.0012651787999873,0,0.00033,sector_a
2149.46963339,1.0013297332403144,0,0.00033,sector_a
2149.47102228,1.0012285147466158,0,0.00033,sector_a
2149.47241117,1.0012502326861559,0,0.00033,sector_a
2149.47380006,1.0012927769424933,0,0.00033,sector_a
2149.47518895,1.0013068289852005,0,0.00033,sector_a
2149.47657783,1.0008616833946995,0,0.00033,sector_a
2149.47796672,1.0009797004929284,0,0.00033,sector_a
2149.47935561,1.0012431973793696,0,0.00033,sector_a
2149.4807445,1.0015069820086062,0,0.00033,sector_a
2149.48213339,1.0016340377159674,0,0.00033,sector_a
2149.48352228,1.0021443971487862,0,0.00033,sector_a
2149.48491117,1.0013727092659206,0,0.00033,sector_a
2149.48630006,1.0011174012967843,0,0.00033,sector_a
2149.48768895,1.001381034471587,0,0.00033,sector_a
2149.48907783,1.001515671912527,0,0.00033,sector_a
2149.49046672,1.0013587740663064,0,0.00033,sector_a
2149.49185561,1.0010188121505488,0,0.00033,sector_a
2149.4932445,1.0012807136170414,0,0.00033,sector_a
2149.49463339,1.001291656773445,0,0.00033,sector_a
2149.49602228,1.000904946279157,0,0.00033,sector_a
2149.49741117,1.0009553512312737,0,0.00033,sector_a
2149.49880006,1.001620806786326,0,0.00033,sector_a
2149.50018895,1.0006596247716848,0,0.00033,sector_a
2149.50157783,1.0013223104766116,0,0.00033,sector_a
2149.50296672,1.0011971352394595,0,0.00033,sector_a
2149.50435561,1.001650767239544,0,0.00033,sector_a
2149.5057445,1.001428654170091,0,0.00033,sector_a
2149.50713339,1.001012284716928,0,0.00033,sector_a
2149.50852228,1.0015984350043692,0,0.00033,sector_a
2149.50991117,1.0010857357164695,0,0.00033,sector_a
2149.51130006,1.0017908959426376,0,0.00033,sector_a
2149.51268895,1.001692230062008,0,0.00033,sector_a
2149.51407783,1.0012033685019615,0,0.00033,sector_a
2149.51546672,1.0014355461227036,0,0.00033,sector_a
2149.51685561,1.0012659816883762,0,0.00033,sector_a
2149.5182445,1.0009581182514558,0,0.00033,sector_a
2149.51963339,1.0015000522222348,0,0.00033,sector_a
2149.52102228,1.0013171785403527,0,0.00033,sector_a
2149.52241117,1.0014300739581656,0,0.00033,sector_a
2149.52380006,1.0014859510081142,0,0.00033,sector_a
2149.52518895,1.0015764632710513,0,0.00033,sector_a
2149.52657783,1.0014661148744008,0,0.00033,sector_a
2149.52796672,1.0011479960151868,0,0.00033,sector_a
2149.52935561,1.0011919096329196,0,0.00033,sector_a
2149.5307445,1.0012771342006643,0,0.00033,sector_a
2149.53213339,1.0011236132103543,0,0.00033,sector_a
2149.53352228,1.0010862924754893,0,0.00033,sector_a
2149.53491117,1.0016639014603856,0,0.00033,sector_a
2149.53630006,1.0012774679469396,0,0.00033,sector_a
2149.53768895,1.0016627959708047,0,0.00033,sector_a
2149.53907783,1.0009172005606402,0,0.00033,sector_a
2149.54046672,1.0011142081524205,0,0.00033,sector_a
2149.54185561,1.00099962803049,0,0.00033,sector_a
2149.5432445,1.0010067558748441,0,0.00033,sector_a
2149.54463339,1.001029507421191,0,0.00033,sector_a
2149.54602228,1.0010703793864828,0,0.00033,sector_a
2149.54741117,1.0009785386911152,0,0.00033,sector_a
2149.54880006,1.0015943906824356,0,0.00033,sector_a
2149.55018895,1.001276342536036,0,0.00033,sector_a
2149.55157783,1.0008768930147454,0,0.00033,sector_a
2149.55296672,1.0009268887157976,0,0.00033,sector_a
2149.55435561,1.0012796622289801,0,0.00033,sector_a
2149.5557445,1.0012187508746917,0,0.00033,sector_a
2149.55713339,1.00089331394461,0,0.00033,sector_a
2149.55852228,1.001313645959987,0,0.00033,sector_a
2149.55991117,1.0006547806210466,0,0.00033,sector_a
2149.56130006,1.0009157598004015,0,0.00033,sector_a
2149.56268895,1.0015203959869805,0,0.00033,sector_a
2149.56407783,1.000313652778005,0,0.00033,sector_a
2149.56546672,1.0009745818790232,0,0.00033,sector_a
2149.56685561,1.0012997685613336,0,0.00033,sector_a
2149.5682445,1.0009804626529994,0,0.00033,sector_a
2149.56963339,1.0007988887308081,0,0.00033,sector_a
2149.57102228,1.000763483629234,0,0.00033,sector_a
2149.57241117,1.0004280827565075,0,0.00033,sector_a
2149.57380006,1.0006322043981775,0,0.00033,sector_a
2149.57518895,1.0010129256081328,0,0.00033,sector_a
2149.57657783,1.0008315557381862,0,0.00033,sector_a
2149.57796672,1.0009807160526902,0,0.00033,sector_a
2149.57935561,1.000937588600338,0,0.00033,sector_a
2149.5807445,1.001052863174255,4096,0.00033,sector_a
2149.58213339,1.00050845308894,0,0.00033,sector_a
2149.58352228,1.00087816595384,0,0.00033,sector_a
2149.58491117,1.000864523739251,0,0.00033,sector_a
2149.58630006,1.0008669427405226,0,0.00033,sector_a
2149.58768895,1.0007018882025343,0,0.00033,sector_a
2149.58907783,1.000335273400323,0,0.00033,sector_a
2149.59046672,1.0011127822332093,0,0.00033,sector_a
2149.59185561,1.0011584883142686,0,0.00033,sector_a
2149.5932445,1.0015846977299807,0,0.00033,sector_a
2149.59463339,1.0011249558434048,0,0.00033,sector_a
2149.59602228,1.0013728191955444,0,0.00033,sector_a
2149.59741117,1.001077463102513,0,0.00033,sector_a
2149.59880006,1.000802041683427,0,0.00033,sector_a
2149.60018895,1.0010397512676028,0,0.00033,sector_a
2149.60157783,1.0005737646129524,0,0.00033,sector_a
2149.60296672,1.0009595195331962,0,0.00033,sector_a
2149.60435561,1.0008569516304324,0,0.00033,sector_a
2149.6057445,1.0005897246442472,0,0.00033,sector_a
2149.60713339,1.0012159352589503,0,0.00033,sector_a
2149.60852228,1.0011822417320873,0,0.00033,sector_a
2149.60991117,1.000995324574426,0,0.00033,sector_a
2149.61130006,1.0010885026314373,0,0.00033,sector_a
2149.61268895,1.001313978449486,0,0.00033,sector_a
2149.61407783,1.0008156721360781,0,0.00033,sector_a
2149.61546672,1.0004727363476837,0,0.00033,sector_a
2149.61685561,1.0005786682950668,0,0.00033,sector_a
2149.6182445,1.0010312266947943,0,0.00033,sector_a
2149.61963339,1.0008967681384453,0,0.00033,sector_a
2149.62102228,1.0004160023684914,0,0.00033,sector_a
2149.62241117,1.001189764965021,0,0.00033,sector_a
2149.62380006,1.000878068415139,0,0.00033,sector_a
2149.62518895,1.0012613053800188,0,0.00033,sector_a
2149.62657783,1.001122287930834,0,0.00033,sector_a
2149.62796672,1.0006836707211226,0,0.00033,sector_a
2149.62935561,1.0008260904043311,0,0.00033,sector_a
2149.6307445,1.0005910617936813,0,0.00033,sector_a
2149.63213339,1.0005569776688987,0,0.00033,sector_a
2149.63352228,1.000702730370849,0,0.00033,sector_a
2149.63491117,1.0009195770913544,0,0.00033,sector_a
2149.63630006,1.0011559612981988,0,0.00033,sector_a
2149.63768895,1.0005240067129018,0,0.00033,sector_a
2149.63907783,1.0009614609040085,0,0.00033,sector_a
2149.64046672,1.000773152995676,0,0.00033,sector_a
2149.64185561,1.0006967556787343,0,0.00033,sector_a
2149.6432445,1.0010666657919007,0,0.00033,sector_a
2149.64463339,1.0006503686884585,0,0.00033,sector_a
2149.64602228,1.0011270737302569,0,0.00033,sector_a
2149.64741117,1.0006476088069272,0,0.00033,sector_a
2149.64880006,1.000479557874932,0,0.00033,sector_a
2149.65018895,1.0009442497838175,0,0.00033,sector_a
2149.65157783,1.0003217553598904,0,0.00033,sector_a
2149.65296672,1.0003927061332603,0,0.00033,sector_a
2149.65435561,1.0006658231297827,0,0.00033,sector_a
2149.6557445,1.00071378352974,0,0.00033,sector_a
2149.65713339,1.000633878624975,0,0.00033,sector_a
2149.65852228,1.000155129350467,0,0.00033,sector_a
2149.65991117,1.0003280475096181,0,0.00033,sector_a
2149.66130006,1.0008372242026304,0,0.00033,sector_a
2149.66268895,1.0008403031035058,0,0.00033,sector_a
2149.66407783,1.0004049060255396,0,0.00033,sector_a
2149.66546672,1.0007552830521227,0,0.00033,sector_a
2149.66685561,1.0007338980541396,0,0.00033,sector_a
2149.6682445,1.0009547991058723,0,0.00033,sector_a
2149.66963339,1.0004635493812384,0,0.00033,sector_a
2149.67102228,1.0010685361457483,0,0.00033,sector_a
2149.67241117,1.0005739971838794,0,0.00033,sector_a
2149.67380006,1.0010555868111353,0,0.00033,sector_a
2149.67518895,1.0009067957996867,0,0.00033,sector_a
2149.67657783,1.0003634739084477,0,0.00033,sector_a
2149.67796672,1.0005538729904806,0,0.00033,sector_a
2149.67935561,1.0007153533081714,0,0.00033,sector_a
2149.6807445,1.0009141156868446,0,0.00033,sector_a
2149.68213339,1.000241086144379,0,0.00033,sector_a
2149.68352228,1.0004829280775078,0,0.00033,sector_a
2149.68491117,1.0007908050016308,0,0.00033,sector_a
2149.68630006,1.0007461367350363,0,0.00033,sector_a
2149.68768895,1.0003155060309312,0,0.00033,sector_a
2149.68907783,1.0003535354233537,0,0.00033,sector_a
2149.69046672,1.0007186319115533,0,0.00033,sector_a
2149.69185561,1.0003091480256394,0,0.00033,sector_a
2149.6932445,1.0006545978242738,0,0.00033,sector_a
2149.69463339,1.0008404389122993,0,0.00033,sector_a
2149.69602228,1.0005850496661588,0,0.00033,sector_a
2149.69741117,0.9998289543551174,0,0.00033,sector_a
2149.69880006,1.0008985948068574,0,0.00033,sector_a
2149.70018895,1.000887755749771,0,0.00033,sector_a
2149.70157783,1.0009574915094548,0,0.00033,sector_a
2149.70296672,1.0007974365890255,0,0.00033,sector_a
2149.70435561,1.0000844490474847,0,0.00033,sector_a
2149.7057445,1.0009438051022237,0,0.00033,sector_a
2149.70713339,1.0006406873807359,0,0.00033,sector_a
2149.70852228,1.0008020058960108,0,0.00033,sector_a
2149.70991117,1.0004915085995918,0,0.00033,sector_a
2149.71130006,1.0004632884662035,0,0.00033,sector_a
2149.71268895,1.0004609819399086,0,0.00033,sector_a
2149.71407783,1.0009673533186971,0,0.00033,sector_a
2149.71546672,1.000594394127215,0,0.00033,sector_a
2149.71685561,1.0004569219447301,0,0.00033,sector_a
2149.7182445,1.0001520448034762,0,0.00033,sector_a
2149.71963339,1.0006358115118161,0,0.00033,sector_a
2149.72102228,1.0005035308554016,0,0.00033,sector_a
2149.72241117,1.0005394730145223,0,0.00033,sector_a
2149.72380006,1.0007668726375716,0,0.00033,sector_a
2149.72518895,1.000688998630771,0,0.00033,sector_a
2149.72657783,1.0004838416751545,0,0.00033,sector_a
2149.72796672,1.0005387529055751,0,0.00033,sector_a
2149.72935561,1.0004993029091929,0,0.00033,sector_a
2149.7307445,1.000669962322279,0,0.00033,sector_a
2149.73213339,1.0006581661959373,0,0.00033,sector_a
2149.73352228,1.000500329560583,0,0.00033,sector_a
2149.73491117,1.0002178663816879,0,0.00033,sector_a
2149.73630006,1.0006878854258443,0,0.00033,sector_a
2149.73768895,1.0006992972072226,0,0.00033,sector_a
2149.73907783,1.0001450313231168,0,0.00033,sector_a
2149.74046672,1.000547439198888,0,0.00033,sector_a
2149.74185561,1.000326817249073,4096,0.00033,sector_a
2149.7432445,0.9998202022384716,0,0.00033,sector_a
2149.74463339,1.0004131995120567,0,0.00033,sector_a
2149.74602228,1.0006863379643247,0,0.00033,sector_a
2149.74741117,1.0002127306040236,0,0.00033,sector_a
2149.74880006,1.0002152396419761,0,0.00033,sector_a
2149.75018895,1.000692381391626,0,0.00033,sector_a
2149.75157783,1.000095787732452,0,0.00033,sector_a
2149.75296672,1.0001357769833599,0,0.00033,sector_a
2149.75435561,1.000305279726552,0,0.00033,sector_a
2149.7557445,1.000563607528448,0,0.00033,sector_a
2149.75713339,1.000560656550743,0,0.00033,sector_a
2149.75852228,1.0002338166031657,0,0.00033,sector_a
2149.75991117,1.0002905304952943,0,0.00033,sector_a
2149.76130006,1.0003973903943473,0,0.00033,sector_a
2149.76268895,1.0002596150929328,0,0.00033,sector_a
2149.76407783,1.0001226803171994,0,0.00033,sector_a
2149.76546672,1.0000544904794564,0,0.00033,sector_a
2149.76685561,1.0005542827655043,0,0.00033,sector_a
2149.7682445,1.0002899028861312,0,0.00033,sector_a
2149.76963339,1.00114621870355,0,0.00033,sector_a
2149.77102228,1.0005168983513364,0,0.00033,sector_a
2149.77241117,1.0001288206744656,0,0.00033,sector_a
2149.77380006,1.0003349394359042,0,0.00033,sector_a
2149.77518895,1.0004255670836144,0,0.00033,sector_a
2149.77657783,1.000437302409159,0,0.00033,sector_a
2149.77796672,1.000446537624522,0,0.00033,sector_a
2149.77935561,1.0004443022283207,0,0.00033,sector_a
2149.7807445,1.0002751842853304,0,0.00033,sector_a
2149.78213339,1.0004910646090122,0,0.00033,sector_a
2149.78352228,1.0009157939039215,0,0.00033,sector_a
2149.78491117,1.0001784592504699,0,0.00033,sector_a
2149.78630006,1.0001909132349673,0,0.00033,sector_a
2149.78768895,1.000491146882968,0,0.00033,sector_a
2149.78907783,1.0006369543932516,0,0.00033,sector_a
2149.79046672,1.000513288318435,0,0.00033,sector_a
2149.79185561,1.000620626350857,0,0.00033,sector_a
2149.7932445,1.0002632555584463,0,0.00033,sector_a
2149.79463339,1.000208606091169,0,0.00033,sector_a
2149.79602228,1.0004515066255364,0,0.00033,sector_a
2149.79741117,1.0004529297307023,0,0.00033,sector_a
2149.79880006,1.0007274776427633,0,0.00033,sector_a
2149.80018895,1.000691784643479,0,0.00033,sector_a
2149.80157783,0.9997435073743042,0,0.00033,sector_a
2149.80296672,1.0004657659110725,0,0.00033,sector_a
2149.80435561,1.000057894337547,0,0.00033,sector_a
2149.8057445,0.9996525159411926,0,0.00033,sector_a
2149.80713339,1.0003458160552872,0,0.00033,sector_a
2149.80852228,1.0001851604396672,0,0.00033,sector_a
2149.80991117,1.000130985918394,0,0.00033,sector_a
2149.81130006,0.9998657243706606,0,0.00033,sector_a
2149.81268895,0.999936564214785,0,0.00033,sector_a
2149.81407783,1.0001558392505234,0,0.00033,sector_a
2149.81546672,0.9997942509488672,0,0.00033,sector_a
2149.81685561,1.000176993091953,0,0.00033,sector_a
2149.8182445,1.0002347776400595,0,0.00033,sector_a
2149.81963339,1.0001563855193296,0,0.00033,sector_a
2149.82102228,1.0002783738940062,0,0.00033,sector_a
2149.82241117,1.0001718265596582,0,0.00033,sector_a
2149.82380006,0.9998625090071267,0,0.00033,sector_a
2149.82518895,0.9998943595122486,0,0.00033,sector_a
2149.82657783,1.000216215256157,0,0.00033,sector_a
2149.82796672,1.000444016325788,0,0.00033,sector_a
2149.82935561,1.0002125819934946,0,0.00033,sector_a
2149.8307445,1.0000264802792462,0,0.00033,sector_a
2149.83213339,1.0002091028495756,0,0.00033,sector_a
2149.83352228,0.9996538496998306,0,0.00033,sector_a
2149.83491117,0.9998770235779264,0,0.00033,sector_a
2149.83630006,1.0000452378076534,0,0.00033,sector_a
2149.83768895,1.0001288507904247,0,0.00033,sector_a
2149.83907783,1.000051900601188,0,0.00033,sector_a
2149.84046672,1.0000630956481908,0,0.00033,sector_a
2149.84185561,0.9998033382540091,0,0.00033,sector_a
2149.8432445,0.9999707615191522,2048,0.00033,sector_a
2149.84463339,1.0001961876138639,0,0.00033,sector_a
2149.84602228,0.9996089155985219,0,0.00033,sector_a
2149.84741117,0.9997837373257449,0,0.00033,sector_a
2149.84880006,1.0000179524258215,0,0.00033,sector_a
2149.85018895,1.0005249330089512,0,0.00033,sector_a
2149.85157783,1.0002962430656879,0,0.00033,sector_a
2149.85296672,1.000540306313457,0,0.00033,sector_a
2149.85435561,1.000474545955475,0,0.00033,sector_a
2149.8557445,0.9999710255537575,0,0.00033,sector_a
2149.85713339,1.0000730345870592,0,0.00033,sector_a
2149.85852228,0.9997608730271546,0,0.00033,sector_a
2149.85991117,1.0004130004678526,4096,0.00033,sector_a
2149.86130006,1.0002848505166917,0,0.00033,sector_a
2149.86268895,1.0002428482086794,0,0.00033,sector_a
2149.86407783,1.000259064698779,0,0.00033,sector_a
2149.86546672,1.000198956868853,0,0.00033,sector_a
2149.86685561,1.0001249787315827,0,0.00033,sector_a
2149.8682445,1.0001400786458983,0,0.00033,sector_a
2149.86963339,1.0003974991577245,0,0.00033,sector_a
2149.87102228,0.9998358843903622,0,0.00033,sector_a
2149.87241117,0.999760499192533,0,0.00033,sector_a
2149.87380006,1.0000495437732333,0,0.00033,sector_a
2149.87518895,1.000368823772087,0,0.00033,sector_a
2149.87657783,1.0001084508047038,0,0.00033,sector_a
2149.87796672,0.9999805903530852,0,0.00033,sector_a
2149.87935561,1.0002669424494575,0,0.00033,sector_a
2149.8807445,1.0000619351598314,0,0.00033,sector_a
2149.88213339,0.9994970637711584,0,0.00033,sector_a
2149.88352228,0.9997427689333678,0,0.00033,sector_a
2149.88491117,0.9994366083601464,0,0.00033,sector_a
2149.88630006,0.9999550388681838,0,0.00033,sector_a
2149.88768895,0.9998882494569389,0,0.00033,sector_a
2149.88907783,1.0001320992733194,0,0.00033,sector_a
2149.89046672,1.000595280920455,0,0.00033,sector_a
2149.89185561,0.9998361644196951,0,0.00033,sector_a
2149.8932445,1.0000012112655212,0,0.00033,sector_a
2149.89463339,0.9998891295690547,0,0.00033,sector_a
2149.89602228,0.9992077475184937,0,0.00033,sector_a
2149.89741117,0.9997761371504331,0,0.00033,sector_a
2149.89880006,0.9997844307619487,0,0.00033,sector_a
2149.90018895,1.0000581815694471,0,0.00033,sector_a
2149.90157783,0.9997443272030849,0,0.00033,sector_a
2149.90296672,0.9996146574091833,0,0.00033,sector_a
2149.90435561,1.000135488221346,0,0.00033,sector_a
2149.9057445,0.9999495964732237,0,0.00033,sector_a
2149.90713339,0.9997147897945686,0,0.00033,sector_a
2149.90852228,0.9997495804832784,0,0.00033,sector_a
2149.90991117,0.9998736688373732,0,0.00033,sector_a
2149.91130006,1.0001823993368733,0,0.00033,sector_a
2149.91268895,1.0003470888023047,0,0.00033,sector_a
2149.91407783,0.9995826385691586,0,0.00033,sector_a
2149.91546672,1.0002688907430999,0,0.00033,sector_a
2149.91685561,0.9999555899305683,0,0.00033,sector_a
2149.9182445,1.0000376449476456,0,0.00033,sector_a
2149.91963339,1.000204480094088,0,0.00033,sector_a
2149.92102228,0.9996613359946792,0,0.00033,sector_a
2149.92241117,1.0001663383370154,0,0.00033,sector_a
2149.92380006,0.9995593092307995,0,0.00033,sector_a
2149.92518895,0.9997900095340227,0,0.00033,sector_a
2149.92657783,0.9996796461612973,0,0.00033,sector_a
2149.92796672,1.000383652333218,0,0.00033,sector_a
2149.92935561,1.0003673873599246,0,0.00033,sector_a
2149.9307445,1.000118141877454,0,0.00033,sector_a
2149.93213339,1.0000472048974525,0,0.00033,sector_a
2149.93352228,0.9997522389950952,2048,0.00033,sector_a
2149.93491117,1.0003824529568899,0,0.00033,sector_a
2149.93630006,1.0002833710175474,0,0.00033,sector_a
2149.93768895,1.0001415532432731,0,0.00033,sector_a
2149.93907783,0.9998565148612077,0,0.00033,sector_a
2149.94046672,0.9997873724505124,0,0.00033,sector_a
2149.94185561,0.9998579598609976,0,0.00033,sector_a
2149.9432445,1.000248612728314,0,0.00033,sector_a
2149.94463339,0.9996119912859829,0,0.00033,sector_a
2149.94602228,0.9999050046485377,0,0.00033,sector_a
2149.94741117,1.000324397812394,0,0.00033,sector_a
2149.94880006,1.0001125932217778,0,0.00033,sector_a
2149.95018895,1.000348443521884,0,0.00033,sector_a
2149.95157783,0.9999761643063435,0,0.00033,sector_a
2149.95296672,0.9999772605838112,0,0.00033,sector_a
2149.95435561,1.0002397018361946,0,0.00033,sector_a
2149.9557445,1.0000336849641276,0,0.00033,sector_a
2149.95713339,0.9999447771583841,0,0.00033,sector_a
2149.95852228,0.9997044673296058,4096,0.00033,sector_a
2149.95991117,0.9994311619811149,0,0.00033,sector_a
2149.96130006,1.000254948444121,0,0.00033,sector_a
2149.96268895,0.9997219103506669,0,0.00033,sector_a
2149.96407783,0.999627737975803,0,0.00033,sector_a
2149.96546672,1.000073018297275,0,0.00033,sector_a
2149.96685561,0.9995825726007095,0,0.00033,sector_a
2149.9682445,0.9994507923655063,0,0.00033,sector_a
2149.96963339,0.9996650576884718,0,0.00033,sector_a
2149.97102228,0.9998030788074146,0,0.00033,sector_a
2149.97241117,0.9998930760561963,0,0.00033,sector_a
2149.97380006,0.999956641652996,0,0.00033,sector_a
2149.97518895,1.000080667230822,0,0.00033,sector_a
2149.97657783,0.9997761675818069,0,0.00033,sector_a
2149.97796672,0.9999070042389965,0,0.00033,sector_a
2149.97935561,0.999771595809902,0,0.00033,sector_a
2149.9807445,0.9996220825762787,0,0.00033,sector_a
2149.98213339,0.9999081793377292,0,0.00033,sector_a
2149.98352228,0.9998915251794599,0,0.00033,sector_a
2149.98491117,1.0003043253691315,0,0.00033,sector_a
2149.98630006,0.9999535097366388,0,0.00033,sector_a
2149.98768895,0.9995910012180954,0,0.00033,sector_a
2149.98907783,0.9999467062126057,0,0.00033,sector_a
2149.99046672,0.999708791713966,0,0.00033,sector_a
2149.99185561,1.000212373875621,0,0.00033,sector_a
2149.9932445,0.9992996669866023,0,0.00033,sector_a
2149.99463339,0.9995856072662399,0,0.00033,sector_a
2149.99602228,0.9995831852037628,0,0.00033,sector_a
2149.99741117,0.9997962273528892,0,0.00033,sector_a
2149.99880006,0.9997239516143135,0,0.00033,sector_a
2150.00018895,0.9993166205978824,0,0.00033,sector_a
2150.00157783,0.9992378554524101,4096,0.00033,sector_a
2150.00296672,0.9998011852916225,0,0.00033,sector_a
2150.00435561,1.0001533778116674,0,0.00033,sector_a
2150.0057445,1.0001469270088819,0,0.00033,sector_a
2150.00713339,0.9996311215881586,0,0.00033,sector_a
2150.00852228,0.9998658598221513,0,0.00033,sector_a
2150.00991117,0.9994959997260765,0,0.00033,sector_a
2150.01130006,0.9993328857386404,0,0.00033,sector_a
2150.01268895,1.000068814418396,0,0.00033,sector_a
2150.01407783,0.999913856076597,0,0.00033,sector_a
2150.01546672,0.999631532080148,0,0.00033,sector_a
2150.01685561,0.9996176443538731,0,0.00033,sector_a
2150.0182445,0.9999715757530035,0,0.00033,sector_a
2150.01963339,0.9998038331001049,0,0.00033,sector_a
2150.02102228,0.9996192193035781,0,0.00033,sector_a
2150.02241117,0.9997871385881668,0,0.00033,sector_a
2150.02380006,0.9997036093883842,0,0.00033,sector_a
2150.02518895,0.9995907072807956,0,0.00033,sector_a
2150.02657783,0.9995023372042141,0,0.00033,sector_a
2150.02796672,0.999953036567255,0,0.00033,sector_a
2150.02935561,0.9995642280299161,0,0.00033,sector_a
2150.0307445,0.9993660850710063,0,0.00033,sector_a
2150.03213339,1.000188008782359,0,0.00033,sector_a
2150.03352228,1.0000303025563968,0,0.00033,sector_a
2150.03491117,0.9998275821973556,0,0.00033,sector_a
2150.03630006,0.999662064699821,0,0.00033,sector_a
2150.03768895,0.9997313472082765,2048,0.00033,sector_a
2150.03907783,0.9992740795493747,0,0.00033,sector_a
2150.04046672,0.9996659039007365,0,0.00033,sector_a
2150.04185561,0.9997437004809676,0,0.00033,sector_a
2150.0432445,0.9996096981097915,0,0.00033,sector_a
2150.04463339,0.9997818406432524,0,0.00033,sector_a
2150.04602228,0.9994473586159266,0,0.00033,sector_a
2150.04741117,0.9997054881732943,0,0.00033,sector_a
2150.04880006,0.9992197973633019,0,0.00033,sector_a
2150.05018895,0.9996417181432563,0,0.00033,sector_a
2150.05157783,0.9994763074714141,0,0.00033,sector_a
2150.05296672,0.9992766289670367,0,0.00033,sector_a
2150.05435561,0.9995295151670214,0,0.00033,sector_a
2150.0557445,0.9996416505152378,0,0.00033,sector_a
2150.05713339,0.9994688257455235,0,0.00033,sector_a
2150.05852228,0.9998849800709373,0,0.00033,sector_a
2150.05991117,0.9994345733745478,0,0.00033,sector_a
2150.06130006,0.9998811645451248,0,0.00033,sector_a
2150.06268895,0.9998209293215181,0,0.00033,sector_a
2150.06407783,0.9994510367988882,0,0.00033,sector_a
2150.06546672,1.000008509523211,0,0.00033,sector_a
2150.06685561,0.9992368366663481,0,0.00033,sector_a
2150.0682445,0.9997549462332596,0,0.00033,sector_a
2150.06963339,0.9996233693250633,0,0.00033,sector_a
2150.07102228,0.9998122569070713,0,0.00033,sector_a
2150.07241117,0.999168513293619,0,0.00033,sector_a
2150.07380006,0.9992685788598933,0,0.00033,sector_a
2150.07518895,0.9993641113462763,0,0.00033,sector_a
2150.07657783,0.9995944349402575,0,0.00033,sector_a
2150.07796672,0.9996088756999436,0,0.00033,sector_a
2150.07935561,0.9995873686789921,0,0.00033,sector_a
2150.0807445,0.9995077218154946,0,0.00033,sector_a
2150.08213339,0.9993819285765961,0,0.00033,sector_a
2150.08352228,0.9991967248339003,0,0.00033,sector_a
2150.08491117,0.9994518047504594,0,0.00033,sector_a
2150.08630006,0.9997117205520054,0,0.00033,sector_a
2150.08768895,0.9998423824964436,0,0.00033,sector_a
2150.08907783,0.9994215950450265,0,0.00033,sector_a
2150.09046672,0.9998518001122866,0,0.00033,sector_a
2150.09185561,0.999183039472938,0,0.00033,sector_a
2150.0932445,0.9997647163047984,0,0.00033,sector_a
2150.09463339,0.9992505276031113,0,0.00033,sector_a
2150.09602228,0.9996127738733235,0,0.00033,sector_a
2150.09741117,0.9992807182896205,0,0.00033,sector_a
2150.09880006,0.9992740581441503,0,0.00033,sector_a
2150.10018895,0.9993877244134206,0,0.00033,sector_a
2150.10157783,0.9999240210553311,0,0.00033,sector_a
2150.10296672,0.999349119857715,0,0.00033,sector_a
2150.10435561,0.9996994602025815,0,0.00033,sector_a
2150.1057445,0.9995688138668617,0,0.00033,sector_a
2150.10713339,0.9996063966783455,0,0.00033,sector_a
2150.10852228,0.9996065963368166,0,0.00033,sector_a
2150.10991117,0.9996904890300359,0,0.00033,sector_a
2150.11130006,0.9991863561886642,0,0.00033,sector_a
2150.11268895,0.9995248894905707,0,0.00033,sector_a
2150.11407783,0.9996058379108306,0,0.00033,sector_a
2150.11546672,0.999347870485193,0,0.00033,sector_a
2150.11685561,0.9996025926317299,0,0.00033,sector_a
2150.1182445,0.9992227964638067,0,0.00033,sector_a
2150.11963339,0.999698318135486,0,0.00033,sector_a
2150.12102228,0.9993048711467692,0,0.00033,sector_a
2150.12241117,0.999417796625061,0,0.00033,sector_a
2150.12380006,0.9997085313153964,0,0.00033,sector_a
2150.12518895,0.9997849059577543,0,0.00033,sector_a
2150.12657783,0.999331033372087,0,0.00033,sector_a
2150.12796672,0.9993091279460353,0,0.00033,sector_a
2150.12935561,0.9997518769119963,0,0.00033,sector_a
2150.1307445,0.9986897344744853,0,0.00033,sector_a
2150.13213339,0.9998423545210774,0,0.00033,sector_a
2150.13352228,0.9998270331916332,0,0.00033,sector_a
2150.13491117,0.9991787024366413,0,0.00033,sector_a
2150.13630006,0.9997940061622552,0,0.00033,sector_a
2150.13768895,0.9995645002359262,0,0.00033,sector_a
2150.13907783,0.9995880328554767,0,0.00033,sector_a
2150.14046672,0.9988255820582267,0,0.00033,sector_a
2150.14185561,0.9993226570615793,0,0.00033,sector_a
2150.1432445,0.9994017414804125,0,0.00033,sector_a
2150.14463339,0.9993396652847275,0,0.00033,sector_a
2150.14602228,0.9993429887075419,0,0.00033,sector_a
2150.14741117,0.9993682157844361,0,0.00033,sector_a
2150.14880006,0.9986589345390323,0,0.00033,sector_a
2150.15018895,0.9993864595858502,0,0.00033,sector_a
2150.15157783,0.9992486616349298,0,0.00033,sector_a
2150.15296672,0.9994116805706015,0,0.00033,sector_a
2150.15435561,0.999297196403225,0,0.00033,sector_a
2150.1557445,0.9994296332360421,0,0.00033,sector_a
2150.15713339,0.9995054717762684,0,0.00033,sector_a
2150.15852228,0.9999115978077207,0,0.00033,sector_a
2150.15991117,0.9991970238851504,0,0.00033,sector_a
2150.16130006,0.9998826946711907,0,0.00033,sector_a
2150.16268895,0.9993510443532606,0,0.00033,sector_a
2150.16407783,0.9991698299246153,0,0.00033,sector_a
2150.16546672,0.9990152721406551,0,0.00033,sector_a
2150.16685561,0.9996462239934224,0,0.00033,sector_a
2150.1682445,0.9989914364452711,0,0.00033,sector_a
2150.16963339,0.9996540991545974,0,0.00033,sector_a
2150.17102228,0.9994965804394499,0,0.00033,sector_a
2150.17241117,0.9992433287787548,0,0.00033,sector_a
2150.17380006,0.999213823699559,0,0.00033,sector_a
2150.17518895,0.9995269266354974,0,0.00033,sector_a
2150.17657783,0.9994336277244775,0,0.00033,sector_a
2150.17796672,0.9995921974621339,0,0.00033,sector_a
2150.17935561,0.9993858455719172,0,0.00033,sector_a
2150.1807445,0.9992430956825327,0,0.00033,sector_a
2150.18213339,0.9995284270176975,0,0.00033,sector_a
2150.18352228,0.999050284872645,0,0.00033,sector_a
2150.18491117,0.9996080013545894,0,0.00033,sector_a
2150.18630006,0.9993883260572268,0,0.00033,sector_a
2150.18768895,0.9990645226522673,0,0.00033,sector_a
2150.18907783,0.9990895067107266,2048,0.00033,sector_a
2150.19046672,0.9992767929219578,0,0.00033,sector_a
2150.19185561,0.9988644181943281,0,0.00033,sector_a
2150.1932445,0.9997429923942197,0,0.00033,sector_a
2150.19463339,0.9996238965042907,0,0.00033,sector_a
2150.19602228,0.9990555077615828,0,0.00033,sector_a
2150.19741117,0.9993222803338835,0,0.00033,sector_a
2150.19880006,0.9998167110764462,0,0.00033,sector_a
2150.20018895,0.9994592232388009,0,0.00033,sector_a
2150.20157783,0.9990670602288287,0,0.00033,sector_a
2150.20296672,0.9987506896596198,0,0.00033,sector_a
2150.20435561,0.9988901735875778,0,0.00033,sector_a
2150.2057445,0.9996665193176671,0,0.00033,sector_a
2150.20713339,0.9994233329138079,0,0.00033,sector_a
2150.20852228,0.9989732813083366,0,0.00033,sector_a
2150.20991117,0.999526281403156,0,0.00033,sector_a
2150.21130006,0.9992288604833083,0,0.00033,sector_a
2150.21268895,0.9991424257252501,0,0.00033,sector_a
2150.21407783,0.9991801827274603,0,0.00033,sector_a
2150.21546672,0.9991935012577926,0,0.00033,sector_a
2150.21685561,0.9997803815092076,0,0.00033,sector_a
2150.2182445,0.9990557936588288,0,0.00033,sector_a
2150.21963339,0.9992032942254608,0,0.00033,sector_a
2150.22102228,0.9996803709016402,0,0.00033,sector_a
2150.22241117,0.9997254466104336,0,0.00033,sector_a
2150.22380006,0.9990361933389829,0,0.00033,sector_a
2150.22518895,0.9998761326348163,0,0.00033,sector_a
2150.22657783,0.9996074425484088,0,0.00033,sector_a
2150.22796672,0.9988895140831314,0,0.00033,sector_a
2150.22935561,0.9997977329703155,0,0.00033,sector_a
2150.2307445,0.9988863727672352,0,0.00033,sector_a
2150.23213339,0.9994816721804622,0,0.00033,sector_a
2150.23352228,0.9989719870374436,0,0.00033,sector_a
2150.23491117,0.998795351190049,0,0.00033,sector_a
2150.23630006,0.9995219593678505,0,0.00033,sector_a
2150.23768895,0.999400774074958,0,0.00033,sector_a
2150.23907783,0.9992585537283585,0,0.00033,sector_a
2150.24046672,0.999332201645191,0,0.00033,sector_a
2150.24185561,0.9992483536489616,0,0.00033,sector_a
2150.2432445,0.999202641805847,0,0.00033,sector_a
2150.24463339,0.9989755944729494,0,0.00033,sector_a
2150.24602228,0.9994315786474007,0,0.00033,sector_a
2150.24741117,0.9992735075760505,0,0.00033,sector_a
2150.24880006,0.9991973444056862,0,0.00033,sector_a
2150.25018895,0.9991050322565692,0,0.00033,sector_a
2150.25157783,0.999182440293706,0,0.00033,sector_a
2150.25296672,0.998836921312073,0,0.00033,sector_a
2150.25435561,0.9991698548831895,0,0.00033,sector_a
2150.2557445,0.9989800348812375,0,0.00033,sector_a
2150.25713339,0.9996075760986435,0,0.00033,sector_a
2150.25852228,0.9989843771368063,0,0.00033,sector_a
2150.25991117,0.9991213433462396,0,0.00033,sector_a
2150.26130006,0.9992484722368288,0,0.00033,sector_a
2150.26268895,0.999462554211681,0,0.00033,sector_a
2150.26407783,0.9993674442760038,0,0.00033,sector_a
2150.26546672,0.999241497186785,0,0.00033,sector_a
2150.26685561,0.9998346491788299,0,0.00033,sector_a
2150.2682445,0.999227969349182,0,0.00033,sector_a
2150.26963339,0.9993199447033859,0,0.00033,sector_a
2150.27102228,0.9999868117479738,0,0.00033,sector_a
2150.27241117,0.9989785327986783,0,0.00033,sector_a
2150.27380006,0.9994909167761812,0,0.00033,sector_a
2150.27518895,0.9993443639764413,0,0.00033,sector_a
2150.27657783,0.9988531290893795,0,0.00033,sector_a
2150.27796672,0.9990434915598695,4096,0.00033,sector_a
2150.27935561,0.9994457592819512,0,0.00033,sector_a
2150.2807445,0.9988090258890682,0,0.00033,sector_a
2150.28213339,0.9991581497725142,0,0.00033,sector_a
2150.28352228,0.9994665219732918,0,0.00033,sector_a
2150.28491117,0.9991390918965675,0,0.00033,sector_a
2150.28630006,0.9992770111362687,0,0.00033,sector_a
2150.28768895,0.9990148204599101,0,0.00033,sector_a
2150.28907783,0.9990247646427672,0,0.00033,sector_a
2150.29046672,0.999025079949483,0,0.00033,sector_a
2150.29185561,0.9990960114762331,0,0.00033,sector_a
2150.2932445,0.9993668857610277,0,0.00033,sector_a
2150.29463339,0.9992102883945005,0,0.00033,sector_a
2150.29602228,0.9997344802314266,0,0.00033,sector_a
2150.29741117,0.9993376343577193,0,0.00033,sector_a
2150.29880006,0.9992594337809362,0,0.00033,sector_a
2150.30018895,0.9998044292221387,0,0.00033,sector_a
2150.30157783,0.9991472935169435,0,0.00033,sector_a
2150.30296672,0.9989512560670071,0,0.00033,sector_a
2150.30435561,0.9992157874446937,0,0.00033,sector_a
2150.3057445,0.9988681523088577,0,0.00033,sector_a
2150.30713339,0.9993122174750183,0,0.00033,sector_a
2150.30852228,0.9995457217413517,0,0.00033,sector_a
2150.30991117,0.9993415142752181,0,0.00033,sector_a
2150.31130006,0.9990483955418169,0,0.00033,sector_a
2150.31268895,0.9991196280693404,0,0.00033,sector_a
2150.31407783,0.9992918783065313,0,0.00033,sector_a
2150.31546672,0.9994832557626117,0,0.00033,sector_a
2150.31685561,0.9990420424789702,0,0.00033,sector_a
2150.3182445,0.9990355246903994,0,0.00033,sector_a
2150.31963339,0.9994508425342086,0,0.00033,sector_a
2150.32102228,0.9992074840269947,2048,0.00033,sector_a
2150.32241117,0.9992402605922026,0,0.00033,sector_a
2150.32380006,0.9992766586256784,0,0.00033,sector_a
2150.32518895,0.9989252422826649,0,0.00033,sector_a
2150.32657783,0.9990969133802662,0,0.00033,sector_a
2150.32796672,0.9994310874897808,0,0.00033,sector_a
2150.32935561,0.9990901142347637,0,0.00033,sector_a
2150.3307445,0.9990765852281163,0,0.00033,sector_a
2150.33213339,0.9992126695469,0,0.00033,sector_a
2150.33352228,0.9992356069196106,0,0.00033,sector_a
2150.33491117,0.9998316959847248,0,0.00033,sector_a
2150.33630006,0.9988982526110479,0,0.00033,sector_a
2150.33768895,0.99916012568678,0,0.00033,sector_a
2150.33907783,0.9996794623584465,0,0.00033,sector_a
2150.34046672,0.9991263767412528,0,0.00033,sector_a
2150.34185561,0.9992202240387822,0,0.00033,sector_a
2150.3432445,0.998708382467317,0,0.00033,sector_a
2150.34463339,0.9993810803985601,0,0.00033,sector_a
2150.34602228,0.9993505885753692,0,0.00033,sector_a
2150.34741117,0.9993342947663786,0,0.00033,sector_a
2150.34880006,0.9990537659030304,0,0.00033,sector_a
2150.35018895,0.9992048190983018,0,0.00033,sector_a
2150.35157783,0.9990811200244472,0,0.00033,sector_a
2150.35296672,0.9993340797289698,0,0.00033,sector_a
2150.35435561,0.9990918467915401,0,0.00033,sector_a
2150.3557445,0.9993119977991489,0,0.00033,sector_a
2150.35713339,0.9987197706202553,0,0.00033,sector_a
2150.35852228,0.9989977498480811,2048,0.00033,sector_a
2150.35991117,0.9982949355671987,0,0.00033,sector_a
2150.36130006,0.9990436201817909,0,0.00033,sector_a
2150.36268895,0.9992969977336998,0,0.00033,sector_a
2150.36407783,0.9990086755719745,0,0.00033,sector_a
2150.36546672,0.9997317308014618,0,0.00033,sector_a
2150.36685561,0.9988000755379322,0,0.00033,sector_a
2150.3682445,0.9989798373852105,0,0.00033,sector_a
2150.36963339,0.9988146151020754,0,0.00033,sector_a
2150.37102228,0.998929752775151,0,0.00033,sector_a
2150.37241117,0.9989367419170909,0,0.00033,sector_a
2150.37380006,0.9986552226618479,0,0.00033,sector_a
2150.37518895,0.9987907242195699,0,0.00033,sector_a
2150.37657783,0.9996251614274151,0,0.00033,sector_a
2150.37796672,0.9989856792412594,0,0.00033,sector_a
2150.37935561,0.9993099163077861,0,0.00033,sector_a
2150.3807445,0.9987008196707489,0,0.00033,sector_a
2150.38213339,0.9990196288592305,0,0.00033,sector_a
2150.38352228,0.9991989877756868,0,0.00033,sector_a
2150.38491117,0.9989996228508989,0,0.00033,sector_a
2150.38630006,0.9989027287158998,0,0.00033,sector_a
2150.38768895,0.9989908253368411,0,0.00033,sector_a
2150.38907783,0.9990488536677656,0,0.00033,sector_a
2150.39046672,0.9992703286297487,0,0.00033,sector_a
2150.39185561,0.9993719129075473,0,0.00033,sector_a
2150.3932445,0.9986673935445307,0,0.00033,sector_a
2150.39463339,0.9984598734648833,0,0.00033,sector_a
2150.39602228,0.9989762683417355,0,0.00033,sector_a
2150.39741117,0.9990286979404756,0,0.00033,sector_a
2150.39880006,0.9992247274399221,0,0.00033,sector_a
2150.40018895,0.9993201386207615,0,0.00033,sector_a
2150.40157783,0.9988360867111926,0,0.00033,sector_a
2150.40296672,0.9995924173068345,0,0.00033,sector_a
2150.40435561,0.9990883203935672,0,0.00033,sector_a
2150.4057445,0.9985227643425094,0,0.00033,sector_a
2150.40713339,0.9992795797266784,0,0.00033,sector_a
2150.40852228,0.9990875608200182,0,0.00033,sector_a
2150.40991117,0.9990880220283345,0,0.00033,sector_a
2150.41130006,0.9985630500869076,0,0.00033,sector_a
2150.41268895,0.9989193634007809,0,0.00033,sector_a
2150.41407783,0.9990460210080209,0,0.00033,sector_a
2150.41546672,0.9989567049524797,0,0.00033,sector_a
2150.41685561,0.9991886615892993,0,0.00033,sector_a
2150.4182445,0.9993450426947944,0,0.00033,sector_a
2150.41963339,0.999417466612324,0,0.00033,sector_a
2150.42102228,0.9993393746331185,0,0.00033,sector_a
2150.42241117,0.9989478610099283,0,0.00033,sector_a
2150.42380006,0.9994652857075428,0,0.00033,sector_a
2150.42518895,0.9990574804540021,0,0.00033,sector_a
2150.42657783,0.9992205463625567,0,0.00033,sector_a
2150.42796672,0.9989128565264089,0,0.00033,sector_a
2150.42935561,0.9985902507810328,0,0.00033,sector_a
2150.4307445,0.9983450140305832,0,0.00033,sector_a
2150.43213339,0.9990259113258786,0,0.00033,sector_a
2150.43352228,0.998783520974145,0,0.00033,sector_a
2150.43491117,0.9989680205276875,0,0.00033,sector_a
2150.43630006,0.9992165296438227,0,0.00033,sector_a
2150.43768895,0.9985400881441103,0,0.00033,sector_a
2150.43907783,0.9984729577131639,0,0.00033,sector_a
2150.44046672,0.9990337132074796,0,0.00033,sector_a
2150.44185561,0.9990608885937259,0,0.00033,sector_a
2150.4432445,0.9988811938469723,0,0.00033,sector_a
2150.44463339,0.9988088776245335,0,0.00033,sector_a
2150.44602228,0.9985096461884907,0,0.00033,sector_a
2150.44741117,0.9989267415408628,0,0.00033,sector_a
2150.44880006,0.9987418030783876,0,0.00033,sector_a
2150.45018895,0.9990665781759369,0,0.00033,sector_a
2150.45157783,0.9992079459264177,0,0.00033,sector_a
2150.45296672,0.9987872637105419,0,0.00033,sector_a
2150.45435561,0.9990557605925112,0,0.00033,sector_a
2150.4557445,0.998989401119573,0,0.00033,sector_a
2150.45713339,0.999130559618429,0,0.00033,sector_a
2150.45852228,0.9993603808028222,0,0.00033,sector_a
2150.45991117,0.999115290337177,0,0.00033,sector_a
2150.46130006,0.9991270657257207,0,0.00033,sector_a
2150.46268895,0.9991483867993968,0,0.00033,sector_a
2150.46407783,0.9988065122399229,0,0.00033,sector_a
2150.46546672,0.9989211137105252,0,0.00033,sector_a
2150.46685561,0.9990169686592231,0,0.00033,sector_a
2150.4682445,0.9992635819919544,0,0.00033,sector_a
2150.46963339,0.9992768016118835,0,0.00033,sector_a
2150.47102228,0.9995469373640925,0,0.00033,sector_a
2150.47241117,0.9986084434227123,0,0.00033,sector_a
2150.47380006,0.9988987556483985,0,0.00033,sector_a
2150.47518895,0.9984274309242764,0,0.00033,sector_a
2150.47657783,0.9987563922941259,0,0.00033,sector_a
2150.47796672,0.9984461785520671,0,0.00033,sector_a
2150.47935561,0.9992265905336455,0,0.00033,sector_a
2150.4807445,0.999109792906124,0,0.00033,sector_a
2150.48213339,0.9985983846899691,0,0.00033,sector_a
2150.48352228,0.9989887563943118,0,0.00033,sector_a
2150.48491117,0.9990986589305044,0,0.00033,sector_a
2150.48630006,0.9993751369690014,0,0.00033,sector_a
2150.48768895,0.9991198718363501,0,0.00033,sector_a
2150.48907783,0.99892200872694,0,0.00033,sector_a
2150.49046672,0.9988591530682367,0,0.00033,sector_a
2150.49185561,0.999056794087235,0,0.00033,sector_a
2150.4932445,0.998965129271384,0,0.00033,sector_a
2150.49463339,0.9987451850935416,0,0.00033,sector_a
2150.49602228,0.998536576904878,0,0.00033,sector_a
2150.49741117,0.9991677310015972,0,0.00033,sector_a
2150.49880006,0.9986712807520668,0,0.00033,sector_a
2150.50018895,0.9987945630875937,0,0.00033,sector_a
2150.50157783,0.9990901899747463,0,0.00033,sector_a
2150.50296672,0.9988499813933863,0,0.00033,sector_a
2150.50435561,0.9991789267554902,0,0.00033,sector_a
2150.5057445,0.9985489327801195,0,0.00033,sector_a
2150.50713339,0.9990712520240933,0,0.00033,sector_a
2150.50852228,0.9984870683736919,0,0.00033,sector_a
2150.50991117,0.9984367857479329,0,0.00033,sector_a
2150.51130006,0.998562414644872,0,0.00033,sector_a
2150.51268895,0.9988833156997408,0,0.00033,sector_a
2150.51407783,0.9986603727111342,0,0.00033,sector_a
2150.51546672,0.9984621109509899,0,0.00033,sector_a
2150.51685561,0.9991784637895932,0,0.00033,sector_a
2150.5182445,0.9985740834889038,0,0.00033,sector_a
2150.51963339,0.998808347512502,0,0.00033,sector_a
2150.52102228,0.9989084950166055,0,0.00033,sector_a
2150.52241117,0.998703295624795,0,0.00033,sector_a
2150.52380006,0.9989342938112279,0,0.00033,sector_a
2150.52518895,0.999003541303914,0,0.00033,sector_a
2150.52657783,0.99880082703274,0,0.00033,sector_a
2150.52796672,0.9991166218364924,0,0.00033,sector_a
2150.52935561,0.9986598861579623,0,0.00033,sector_a
2150.5307445,0.9985277220919552,0,0.00033,sector_a
2150.53213339,0.9988772113049982,0,0.00033,sector_a
2150.53352228,0.9985487810295381,0,0.00033,sector_a
2150.53491117,0.9989211835050401,0,0.00033,sector_a
2150.53630006,0.9987856434372689,0,0.00033,sector_a
2150.53768895,0.9986814199542602,0,0.00033,sector_a
2150.53907783,0.9989709069213653,0,0.00033,sector_a
2150.54046672,0.9989566503928847,0,0.00033,sector_a
2150.54185561,0.9979804175836894,0,0.00033,sector_a
2150.5432445,0.998714146488704,0,0.00033,sector_a
2150.54463339,0.9988397064578616,0,0.00033,sector_a
2150.54602228,0.9989349700854141,0,0.00033,sector_a
2150.54741117,0.9986445640888707,0,0.00033,sector_a
2150.54880006,0.9984745117395917,0,0.00033,sector_a
2150.55018895,0.9988267813174249,0,0.00033,sector_a
2150.55157783,0.9989797600656309,0,0.00033,sector_a
2150.55296672,0.9982142719699042,0,0.00033,sector_a
2150.55435561,0.9983669577848362,0,0.00033,sector_a
2150.5557445,0.9986196921479619,0,0.00033,sector_a
2150.55713339,0.9980596400243428,0,0.00033,sector_a
2150.55852228,0.9986125044113147,0,0.00033,sector_a
2150.55991117,0.9990058840056367,0,0.00033,sector_a
2150.56130006,0.998478054827262,0,0.00033,sector_a
2150.56268895,0.9988108786723304,0,0.00033,sector_a
2150.56407783,0.9985226672644849,0,0.00033,sector_a
2150.56546672,0.998885765347096,0,0.00033,sector_a
2150.56685561,0.9989469007207165,0,0.00033,sector_a
2150.5682445,0.9991270149232317,0,0.00033,sector_a
2150.56963339,0.9987822039398712,0,0.00033,sector_a
2150.57102228,0.9990524439337367,0,0.00033,sector_a
2150.57241117,0.9988686233956982,0,0.00033,sector_a
2150.57380006,0.998622567043023,0,0.00033,sector_a
2150.57518895,0.9991638535317291,0,0.00033,sector_a
2150.57657783,0.9985833039801096,0,0.00033,sector_a
2150.57796672,0.9987953688221999,0,0.00033,sector_a
2150.57935561,0.9994287734258923,0,0.00033,sector_a
2150.5807445,0.9989861448742786,0,0.00033,sector_a
2150.58213339,0.9985119502181978,0,0.00033,sector_a
2150.58352228,0.9988216159488738,0,0.00033,sector_a
2150.58491117,0.9985827792438253,0,0.00033,sector_a
2150.58630006,0.9986945533093822,0,0.00033,sector_a
2150.58768895,0.9983125809277662,0,0.00033,sector_a
2150.58907783,0.9987913904939815,0,0.00033,sector_a
2150.59046672,0.9982950183085381,0,0.00033,sector_a
2150.59185561,0.9988292338967314,0,0.00033,sector_a
2150.5932445,0.9988280901481523,0,0.00033,sector_a
2150.59463339,0.9989577207392425,0,0.00033,sector_a
2150.59602228,0.9993413810419146,0,0.00033,sector_a
2150.59741117,0.9982549241333678,0,0.00033,sector_a
2150.59880006,0.9983814203246308,0,0.00033,sector_a
2150.60018895,0.9984340795359923,0,0.00033,sector_a
2150.60157783,0.9985520300409281,0,0.00033,sector_a
2150.60296672,0.9989540052110646,0,0.00033,sector_a
2150.60435561,0.9986120472061834,0,0.00033,sector_a
2150.6057445,0.998540258396868,0,0.00033,sector_a
2150.60713339,0.9983862361507195,0,0.00033,sector_a
2150.60852228,0.9985233260357452,0,0.00033,sector_a
2150.60991117,0.9985744826572129,0,0.00033,sector_a
2150.61130006,0.9986655920696565,0,0.00033,sector_a
2150.61268895,0.9982924109971867,0,0.00033,sector_a
2150.61407783,0.998668831850134,0,0.00033,sector_a
2150.61546672,0.9988462058576165,0,0.00033,sector_a
2150.61685561,0.9987828901065491,0,0.00033,sector_a
2150.6182445,0.9983351320501354,0,0.00033,sector_a
2150.61963339,0.9989104946849631,0,0.00033,sector_a
2150.62102228,0.9989036439557003,0,0.00033,sector_a
2150.62241117,0.9987603383136736,0,0.00033,sector_a
2150.62380006,0.9983316911376475,0,0.00033,sector_a
2150.62518895,0.9982609872769517,0,0.00033,sector_a
2150.62657783,0.9986812927047988,0,0.00033,sector_a
2150.62796672,0.9983806750535895,0,0.00033,sector_a
2150.62935561,0.9982919799047887,0,0.00033,sector_a
2150.6307445,0.9989128085326208,0,0.00033,sector_a
2150.63213339,0.998916153373629,0,0.00033,sector_a
2150.63352228,0.9988385645116467,0,0.00033,sector_a
2150.63491117,0.9990229193725642,0,0.00033,sector_a
2150.63630006,0.9989067375477835,0,0.00033,sector_a
2150.63768895,0.9983287165411667,0,0.00033,sector_a
2150.63907783,0.9989705766117447,0,0.00033,sector_a
2150.64046672,0.9986813789828325,0,0.00033,sector_a
2150.64185561,0.998769261604866,0,0.00033,sector_a
2150.6432445,0.999081683078809,0,0.00033,sector_a
2150.64463339,0.9987648092464902,0,0.00033,sector_a
2150.64602228,0.9990791000033651,0,0.00033,sector_a
2150.64741117,0.9986525190029476,0,0.00033,sector_a
2150.64880006,0.9985277949566264,0,0.00033,sector_a
2150.65018895,0.9984345662320677,0,0.00033,sector_a
2150.65157783,0.9985919795284572,0,0.00033,sector_a
2150.65296672,0.9981572180850431,0,0.00033,sector_a
2150.65435561,0.9986078625029947,0,0.00033,sector_a
2150.6557445,0.9985892383142884,0,0.00033,sector_a
2150.65713339,0.9984713168681166,0,0.00033,sector_a
2150.65852228,0.9979940859343287,0,0.00033,sector_a
2150.65991117,0.9980152155589317,0,0.00033,sector_a
2150.66130006,0.9988112516822298,0,0.00033,sector_a
2150.66268895,0.9983435477140699,0,0.00033,sector_a
2150.66407783,0.9989929809585073,0,0.00033,sector_a
2150.66546672,0.9984071095408795,0,0.00033,sector_a
2150.66685561,0.9987053832400495,0,0.00033,sector_a
2150.6682445,0.9981979889769493,0,0.00033,sector_a
2150.66963339,0.9984215891318176,2048,0.00033,sector_a
2150.67102228,0.9985362303658287,0,0.00033,sector_a
2150.67241117,0.9987580271848208,0,0.00033,sector_a
2150.67380006,0.9990641964848369,0,0.00033,sector_a
2150.67518895,0.998860725400909,0,0.00033,sector_a
2150.67657783,0.9981824704872243,0,0.00033,sector_a
2150.67796672,0.9985882282865357,0,0.00033,sector_a
2150.67935561,0.9985371263576709,0,0.00033,sector_a
2150.6807445,0.998403601409042,0,0.00033,sector_a
2150.68213339,0.9987441697294112,0,0.00033,sector_a
2150.68352228,0.9990190891438566,0,0.00033,sector_a
2150.68491117,0.9984471272111547,0,0.00033,sector_a
2150.68630006,0.9988854658023048,0,0.00033,sector_a
2150.68768895,0.9989611767527948,0,0.00033,sector_a
2150.68907783,0.9982704882684018,0,0.00033,sector_a
2150.69046672,0.9990623620820294,0,0.00033,sector_a
2150.69185561,0.9990357713096861,0,0.00033,sector_a
2150.6932445,0.9986438736939424,0,0.00033,sector_a
2150.69463339,0.9990373528282771,0,0.00033,sector_a
2150.69602228,0.9986266880072057,0,0.00033,sector_a
2150.69741117,0.9988767176383585,0,0.00033,sector_a
2150.69880006,0.9987340578762306,0,0.00033,sector_a
2150.70018895,0.998307772977717,0,0.00033,sector_a
2150.70157783,0.9986203670854988,0,0.00033,sector_a
2150.70296672,0.9984976221302749,0,0.00033,sector_a
2150.70435561,0.9984038515113406,0,0.00033,sector_a
2150.7057445,0.9982168564768563,0,0.00033,sector_a
2150.70713339,0.9983188488758215,0,0.00033,sector_a
2150.70852228,0.9981896413343876,0,0.00033,sector_a
2150.70991117,0.9988513053227714,0,0.00033,sector_a
2150.71130006,0.9979813194624833,0,0.00033,sector_a
2150.71268895,0.9985495175839332,0,0.00033,sector_a
2150.71407783,0.998354187293495,0,0.00033,sector_a
2150.71546672,0.9981730631966397,0,0.00033,sector_a
2150.71685561,0.9987239684547057,0,0.00033,sector_a
2150.7182445,0.9982948316447968,0,0.00033,sector_a
2150.71963339,0.9988541968197017,0,0.00033,sector_a
2150.72102228,0.9984634818325646,0,0.00033,sector_a
2150.72241117,0.9986044746303936,0,0.00033,sector_a
2150.72380006,0.9984722538317727,0,0.00033,sector_a
2150.72518895,0.998688409162449,0,0.00033,sector_a
2150.72657783,0.9987669868559296,0,0.00033,sector_a
2150.72796672,0.9983755350929763,0,0.00033,sector_a
2150.72935561,0.9984965326616885,0,0.00033,sector_a
2150.7307445,0.9989892666533243,0,0.00033,sector_a
2150.73213339,0.998333352304563,0,0.00033,sector_a
2150.73352228,0.9989987415334108,0,0.00033,sector_a
2150.73491117,0.9983790927658673,0,0.00033,sector_a
2150.73630006,0.9983306603078979,0,0.00033,sector_a
2150.73768895,0.9980117337981163,0,0.00033,sector_a
2150.73907783,0.9982444097205775,0,0.00033,sector_a
2150.74046672,0.9979914997338268,0,0.00033,sector_a
2150.74185561,0.9983169279054167,0,0.00033,sector_a
2150.7432445,0.9986683367059467,0,0.00033,sector_a
2150.74463339,0.9984550217259816,0,0.00033,sector_a
2150.74602228,0.9983007655433744,0,0.00033,sector_a
2150.74741117,0.9981795543494013,0,0.00033,sector_a
2150.74880006,0.9982721695242457,0,0.00033,sector_a
2150.75018895,0.9980548241646376,0,0.00033,sector_a
2150.75157783,0.998104094347763,0,0.00033,sector_a
2150.75296672,0.9990025630791485,0,0.00033,sector_a
2150.75435561,0.998522134749144,0,0.00033,sector_a
2150.7557445,0.9981956898604016,0,0.00033,sector_a
2150.75713339,0.998637851917792,0,0.00033,sector_a
2150.75852228,0.9988674875866395,0,0.00033,sector_a
2150.75991117,0.9982662278585593,0,0.00033,sector_a
2150.76130006,0.9984120615191119,0,0.00033,sector_a
2150.76268895,0.9980880621150783,0,0.00033,sector_a
2150.76407783,0.9979905195987341,0,0.00033,sector_a
2150.76546672,0.9988211155080525,0,0.00033,sector_a
2150.76685561,0.9993916896290593,0,0.00033,sector_a
2150.7682445,0.9982225762905098,0,0.00033,sector_a
2150.76963339,0.9979720586542316,0,0.00033,sector_a
2150.77102228,0.99882224834188,0,0.00033,sector_a
2150.77241117,0.9987184706639083,0,0.00033,sector_a
2150.77380006,0.9985530516744036,0,0.00033,sector_a
2150.77518895,0.9988296209166919,0,0.00033,sector_a
2150.77657783,0.9983199012356899,0,0.00033,sector_a
2150.77796672,0.9984895963077589,0,0.00033,sector_a
2150.77935561,0.9986309510618571,0,0.00033,sector_a
2150.7807445,0.9983191960250264,0,0.00033,sector_a
2150.78213339,0.9985380487574145,0,0.00033,sector_a
2150.78352228,0.9983352397809416,0,0.00033,sector_a
2150.78491117,0.9985266883330584,0,0.00033,sector_a
2150.78630006,0.9984418967132049,0,0.00033,sector_a
2150.78768895,0.9978396607154141,0,0.00033,sector_a
2150.78907783,0.9984167416198182,0,0.00033,sector_a
2150.79046672,0.99798830052367,0,0.00033,sector_a
2150.79185561,0.9981476053248508,0,0.00033,sector_a
2150.7932445,0.9979174893681108,0,0.00033,sector_a
2150.79463339,0.9986091799749243,0,0.00033,sector_a
2150.79602228,0.9982863925185651,0,0.00033,sector_a
2150.79741117,0.9982674527293861,0,0.00033,sector_a
2150.79880006,0.9987221741522685,0,0.00033,sector_a
2150.80018895,0.9985695372428496,0,0.00033,sector_a
2150.80157783,0.9983076923260239,0,0.00033,sector_a
2150.80296672,0.9977825633262692,0,0.00033,sector_a
2150.80435561,0.9985472488518331,0,0.00033,sector_a
2150.8057445,0.9982857548977597,0,0.00033,sector_a
2150.80713339,0.9982552301398459,0,0.00033,sector_a
2150.80852228,0.9985603925170113,0,0.00033,sector_a
2150.80991117,0.9981754228090455,0,0.00033,sector_a
2150.81130006,0.9983262741268498,0,0.00033,sector_a
2150.81268895,0.9985954251014321,0,0.00033,sector_a
2150.81407783,0.9985042516630963,0,0.00033,sector_a
2150.81546672,0.9981695909152487,0,0.00033,sector_a
2150.81685561,0.9987459299659348,0,0.00033,sector_a
2150.8182445,0.9986580544902358,0,0.00033,sector_a
2150.81963339,0.9988630340734934,0,0.00033,sector_a
2150.82102228,0.9983161147414584,0,0.00033,sector_a
2150.82241117,0.9983889316060943,0,0.00033,sector_a
2150.82380006,0.9986210531971235,0,0.00033,sector_a
2150.82518895,0.9984469181117999,0,0.00033,sector_a
2150.82657783,0.998360049899183,0,0.00033,sector_a
2150.82796672,0.9982901381455981,0,0.00033,sector_a
2150.82935561,0.9982313213408913,0,0.00033,sector_a
2150.8307445,0.9981309850095474,0,0.00033,sector_a
2150.83213339,0.9981303173217789,0,0.00033,sector_a
2150.83352228,0.9984219829923894,0,0.00033,sector_a
2150.83491117,0.9982201870451732,0,0.00033,sector_a
2150.83630006,0.9979077913084337,0,0.00033,sector_a
2150.83768895,0.9983151287608841,0,0.00033,sector_a
2150.83907783,0.9987616135711754,0,0.00033,sector_a
2150.84046672,0.9986756134636204,0,0.00033,sector_a
2150.84185561,0.997729941914366,0,0.00033,sector_a
2150.8432445,0.998052845482461,0,0.00033,sector_a
2150.84463339,0.9985045322392829,0,0.00033,sector_a
2150.84602228,0.9983066874556498,0,0.00033,sector_a
2150.84741117,0.9983015313371153,0,0.00033,sector_a
2150.84880006,0.9982427591486388,0,0.00033,sector_a
2150.85018895,0.9982928302773235,0,0.00033,sector_a
2150.85157783,0.9979892377715127,0,0.00033,sector_a
2150.85296672,0.9986019389263808,0,0.00033,sector_a
2150.85435561,0.9979768722352805,0,0.00033,sector_a
2150.8557445,0.9982258885050358,0,0.00033,sector_a
2150.85713339,0.9986921267492518,0,0.00033,sector_a
2150.85852228,0.9985638748819912,0,0.00033,sector_a
2150.85991117,0.9982558150801163,0,0.00033,sector_a
2150.86130006,0.99825300870336,0,0.00033,sector_a
2150.86268895,0.9980854825923172,0,0.00033,sector_a
2150.86407783,0.9981100053239734,0,0.00033,sector_a
2150.86546672,0.998180878624136,0,0.00033,sector_a
2150.86685561,0.9986181049471963,0,0.00033,sector_a
2150.8682445,0.9981208648268772,0,0.00033,sector_a
2150.86963339,0.9983971308132813,0,0.00033,sector_a
2150.87102228,0.998356655963674,0,0.00033,sector_a
2150.87241117,0.9983472762713154,0,0.00033,sector_a
2150.87380006,0.998153302538614,0,0.00033,sector_a
2150.87518895,0.9984339915612976,0,0.00033,sector_a
2150.87657783,0.9982713044656519,0,0.00033,sector_a
2150.87796672,0.9982513079377905,0,0.00033,sector_a
2150.87935561,0.9980894756577684,0,0.00033,sector_a
2150.8807445,0.9976190316750864,0,0.00033,sector_a
2150.88213339,0.9984197462561667,0,0.00033,sector_a
2150.88352228,0.9984245839480091,0,0.00033,sector_a
2150.88491117,0.9980708204822232,0,0.00033,sector_a
2150.88630006,0.9981590804492422,0,0.00033,sector_a
2150.88768895,0.9982858664153339,0,0.00033,sector_a
2150.88907783,0.9979321803777234,0,0.00033,sector_a
2150.89046672,0.998398006524114,0,0.00033,sector_a
2150.89185561,0.9983966130261769,0,0.00033,sector_a
2150.8932445,0.9984329249440904,0,0.00033,sector_a
2150.89463339,0.9984496149531916,0,0.00033,sector_a
2150.89602228,0.997661037426568,0,0.00033,sector_a
2150.89741117,0.99833295487436,0,0.00033,sector_a
2150.89880006,0.9980623081032298,0,0.00033,sector_a
2150.90018895,0.9984915939613924,0,0.00033,sector_a
2150.90157783,0.9984739731723036,0,0.00033,sector_a
2150.90296672,0.9984037371034619,0,0.00033,sector_a
2150.90435561,0.9981506299684677,0,0.00033,sector_a
2150.9057445,0.998950123019273,0,0.00033,sector_a
2150.90713339,0.9981535768457426,0,0.00033,sector_a
2150.90852228,0.9978752223792381,0,0.00033,sector_a
2150.90991117,0.9984330975924316,0,0.00033,sector_a
2150.91130006,0.9977574999148262,0,0.00033,sector_a
2150.91268895,0.9986924974907343,0,0.00033,sector_a
2150.91407783,0.9984376953856093,0,0.00033,sector_a
2150.91546672,0.9985216966929022,0,0.00033,sector_a
2150.91685561,0.9984409912410921,0,0.00033,sector_a
2150.9182445,0.998259838536312,0,0.00033,sector_a
2150.91963339,0.9977784096265605,0,0.00033,sector_a
2150.92102228,0.9979757838776492,0,0.00033,sector_a
2150.92241117,0.9982965365551308,0,0.00033,sector_a
2150.92380006,0.9980809594688028,0,0.00033,sector_a
2150.92518895,0.9982373579430808,0,0.00033,sector_a
2150.92657783,0.9979416920951911,0,0.00033,sector_a
2150.92796672,0.9979099847483488,0,0.00033,sector_a
2150.92935561,0.9982084492248697,0,0.00033,sector_a
2150.9307445,0.99832842508058,0,0.00033,sector_a
2150.93213339,0.9981209684494655,0,0.00033,sector_a
2150.93352228,0.9978455687062218,0,0.00033,sector_a
2150.93491117,0.9976517607279786,0,0.00033,sector_a
2150.93630006,0.9986720571992286,0,0.00033,sector_a
2150.93768895,0.9977904658676907,0,0.00033,sector_a
2150.93907783,0.9978617068245201,0,0.00033,sector_a
2150.94046672,0.997898382115257,0,0.00033,sector_a
2150.94185561,0.9983455070044821,0,0.00033,sector_a
2150.9432445,0.9978837342934618,0,0.00033,sector_a
2150.94463339,0.9982424798007857,0,0.00033,sector_a
2150.94602228,0.9981692431690575,0,0.00033,sector_a
2150.94741117,0.9977666838319883,0,0.00033,sector_a
2150.94880006,0.9981244834223334,0,0.00033,sector_a
2150.95018895,0.9977376548741431,0,0.00033,sector_a
2150.95157783,0.9980289262530331,0,0.00033,sector_a
2150.95296672,0.9982756722635329,0,0.00033,sector_a
2150.95435561,0.9980012993626474,0,0.00033,sector_a
2150.9557445,0.9978107575617562,0,0.00033,sector_a
2150.95713339,0.9979439872173618,0,0.00033,sector_a
2150.95852228,0.9980049996965042,0,0.00033,sector_a
2150.95991117,0.9981460608691047,0,0.00033,sector_a
2150.96130006,0.9974130078571399,0,0.00033,sector_a
2150.96268895,0.9975340182319117,0,0.00033,sector_a
2150.96407783,0.9981779275216762,0,0.00033,sector_a
2150.96546672,0.9980056115991153,0,0.00033,sector_a
2150.96685561,0.998037553888104,0,0.00033,sector_a
2150.9682445,0.9980900155306834,0,0.00033,sector_a
2150.96963339,0.9979821662620966,0,0.00033,sector_a
2150.97102228,0.997898162781767,0,0.00033,sector_a
2150.97241117,0.9980503990772588,0,0.00033,sector_a
2150.97380006,0.9982013022632726,0,0.00033,sector_a
2150.97518895,0.9981073409655531,0,0.00033,sector_a
2150.97657783,0.998015218969434,0,0.00033,sector_a
2150.97796672,0.997717560713362,0,0.00033,sector_a
2150.97935561,0.9980682655222012,0,0.00033,sector_a
2150.9807445,0.9976791648544152,0,0.00033,sector_a
2150.98213339,0.9978101486050738,0,0.00033,sector_a
2150.98352228,0.998034574495928,0,0.00033,sector_a
2150.98491117,0.9980224711729615,0,0.00033,sector_a
2150.98630006,0.9982896391384376,0,0.00033,sector_a
2150.98768895,0.9982277739727691,0,0.00033,sector_a
2150.98907783,0.9981157302775149,0,0.00033,sector_a
2150.99046672,0.9978877654775052,0,0.00033,sector_a
2150.99185561,0.9979705897079374,0,0.00033,sector_a
2150.9932445,0.9979038496266369,0,0.00033,sector_a
2150.99463339,0.9984479660886999,0,0.00033,sector_a
2150.99602228,0.9980921014408893,0,0.00033,sector_a
2150.99741117,0.9977818395572534,0,0.00033,sector_a
2150.99880006,0.9977247832316823,0,0.00033,sector_a
2151.00018895,0.9982989865593532,0,0.00033,sector_a
2151.00157783,0.9977116651982505,0,0.00033,sector_a
2151.00296672,0.9980509383797156,0,0.00033,sector_a
2151.00435561,0.9979955415010733,0,0.00033,sector_a
2151.0057445,0.9982378899851799,0,0.00033,sector_a
2151.00713339,0.997697768246443,0,0.00033,sector_a
2151.00852228,0.9980648368569459,0,0.00033,sector_a
2151.00991117,0.9979898653342071,0,0.00033,sector_a
2151.01130006,0.9981514250712672,0,0.00033,sector_a
2151.01268895,0.998303744914633,0,0.00033,sector_a
2151.01407783,0.9979530211124552,0,0.00033,sector_a
2151.01546672,0.9978595430711972,0,0.00033,sector_a
2151.01685561,0.9981610488289405,0,0.00033,sector_a
2151.0182445,0.9975256363285805,0,0.00033,sector_a
2151.01963339,0.9979642139797726,0,0.00033,sector_a
2151.02102228,0.99763739599915,0,0.00033,sector_a
2151.02241117,0.9975717221334084,0,0.00033,sector_a
2151.02380006,0.9974656844443174,0,0.00033,sector_a
2151.02518895,0.9974418856365158,0,0.00033,sector_a
2151.02657783,0.9981256718934701,0,0.00033,sector_a
2151.02796672,0.9981344480329293,0,0.00033,sector_a
2151.02935561,0.9979186157064761,0,0.00033,sector_a
2151.0307445,0.9981730630933324,0,0.00033,sector_a
2151.03213339,0.9978920562104033,0,0.00033,sector_a
2151.03352228,0.9977435960098309,0,0.00033,sector_a
2151.03491117,0.9975785846157685,0,0.00033,sector_a
2151.03630006,0.9980865487057616,0,0.00033,sector_a
2151.03768895,0.9980962005308445,0,0.00033,sector_a
2151.03907783,0.9982168033306819,0,0.00033,sector_a
2151.04046672,0.9976436318550581,0,0.00033,sector_a
2151.04185561,0.9977833082294215,0,0.00033,sector_a
2151.0432445,0.997485172928913,0,0.00033,sector_a
2151.04463339,0.9981716869982934,0,0.00033,sector_a
2151.04602228,0.9980478223072846,0,0.00033,sector_a
2151.04741117,0.9979905646199976,0,0.00033,sector_a
2151.04880006,0.9978411465936929,0,0.00033,sector_a
2151.05018895,0.9978016992263092,0,0.00033,sector_a
2151.05157783,0.997738495910473,0,0.00033,sector_a
2151.05296672,0.9981378763719072,0,0.00033,sector_a
2151.05435561,0.9976580854642885,0,0.00033,sector_a
2151.0557445,0.9980754734827685,0,0.00033,sector_a
2151.05713339,0.9979058026786135,0,0.00033,sector_a
2151.05852228,0.9975450715510343,0,0.00033,sector_a
2151.05991117,0.9974197341266077,0,0.00033,sector_a
2151.06130006,0.9976001784638201,0,0.00033,sector_a
2151.06268895,0.9978026435283465,0,0.00033,sector_a
2151.06407783,0.9974524066461534,0,0.00033,sector_a
2151.06546672,0.9979797387282903,0,0.00033,sector_a
2151.06685561,0.9981176564685529,0,0.00033,sector_a
2151.0682445,0.9979499952534813,0,0.00033,sector_a
2151.06963339,0.9973281704608906,0,0.00033,sector_a
2151.07102228,0.9971427554456327,0,0.00033,sector_a
2151.07241117,0.9980298492909616,0,0.00033,sector_a
2151.07380006,0.9981983436349138,0,0.00033,sector_a
2151.07518895,0.9976720418139777,0,0.00033,sector_a
2151.07657783,0.9979236625954022,0,0.00033,sector_a
2151.07796672,0.9977008849119079,0,0.00033,sector_a
2151.07935561,0.997595480739725,0,0.00033,sector_a
2151.0807445,0.99804378347225,0,0.00033,sector_a
2151.08213339,0.9976127252801446,0,0.00033,sector_a
2151.08352228,0.9979974278361559,0,0.00033,sector_a
2151.08491117,0.9982353396617012,0,0.00033,sector_a
2151.08630006,0.9977209983788237,0,0.00033,sector_a
2151.08768895,0.9982703228969033,0,0.00033,sector_a
2151.08907783,0.9973838949575136,0,0.00033,sector_a
2151.09046672,0.997998968449576,0,0.00033,sector_a
2151.09185561,0.9977433744068632,0,0.00033,sector_a
2151.0932445,0.9984492337493795,0,0.00033,sector_a
2151.09463339,0.9977454599027265,0,0.00033,sector_a
2151.09602228,0.9975097453748827,0,0.00033,sector_a
2151.09741117,0.9981780244692873,0,0.00033,sector_a
2151.09880006,0.9972980558713262,0,0.00033,sector_a
2151.10018895,0.9978426842227259,0,0.00033,sector_a
2151.10157783,0.9975040786986278,0,0.00033,sector_a
2151.10296672,0.9980964790190727,0,0.00033,sector_a
2151.10435561,0.9976802983140939,0,0.00033,sector_a
2151.1057445,0.9979440319894485,0,0.00033,sector_a
2151.10713339,0.9976911061007053,0,0.00033,sector_a
2151.10852228,0.9973916236335302,0,0.00033,sector_a
2151.10991117,0.9970954088006966,0,0.00033,sector_a
2151.11130006,0.9981881150633206,0,0.00033,sector_a
2151.11268895,0.997752154508236,0,0.00033,sector_a
2151.11407783,0.9973628055600509,0,0.00033,sector_a
2151.11546672,0.997592750449285,0,0.00033,sector_a
2151.11685561,0.9979513435985082,0,0.00033,sector_a
2151.1182445,0.9972576386904962,0,0.00033,sector_a
2151.11963339,0.9983007602506004,0,0.00033,sector_a
2151.12102228,0.9975957628083433,0,0.00033,sector_a
2151.12241117,0.9975591459177253,0,0.00033,sector_a
2151.12380006,0.9980157114975235,0,0.00033,sector_a
2151.12518895,0.9977124499790965,0,0.00033,sector_a
2151.12657783,0.9973710059448426,0,0.00033,sector_a
2151.12796672,0.9979019698058273,0,0.00033,sector_a
2151.12935561,0.9977682150164703,0,0.00033,sector_a
2151.1307445,0.9979528178394068,0,0.00033,sector_a
2151.13213339,0.9973780868873313,0,0.00033,sector_a
2151.13352228,0.9973171963125214,0,0.00033,sector_a
2151.13491117,0.9978019383629156,0,0.00033,sector_a
2151.13630006,0.9975021629191994,0,0.00033,sector_a
2151.13768895,0.9970186747014496,0,0.00033,sector_a
2151.13907783,0.9974522858822562,0,0.00033,sector_a
2151.14046672,0.99778684859747,0,0.00033,sector_a
2151.14185561,0.9974054879521778,0,0.00033,sector_a
2151.1432445,0.9979609454210169,0,0.00033,sector_a
2151.14463339,0.9974596647799076,0,0.00033,sector_a
2151.14602228,0.9975692383500633,0,0.00033,sector_a
2151.14741117,0.9971391076763597,0,0.00033,sector_a
2151.14880006,0.9973651791884807,0,0.00033,sector_a
2151.15018895,0.9975321338547467,0,0.00033,sector_a
2151.15157783,0.9977419581839094,0,0.00033,sector_a
2151.15296672,0.997629001226676,0,0.00033,sector_a
2151.15435561,0.9978694089283692,0,0.00033,sector_a
2151.1557445,0.9969613366616726,0,0.00033,sector_a
2151.15713339,0.9975719765801263,0,0.00033,sector_a
2151.15852228,0.9975206921314091,0,0.00033,sector_a
2151.15991117,0.9972657017360419,0,0.00033,sector_a
2151.16130006,0.9975418691552302,0,0.00033,sector_a
2151.16268895,0.9973416039241478,0,0.00033,sector_a
2151.16407783,0.9976656878045497,0,0.00033,sector_a
2151.16546672,0.9974455579878895,0,0.00033,sector_a
2151.16685561,0.9976798586258728,0,0.00033,sector_a
2151.1682445,0.9972803516635591,0,0.00033,sector_a
2151.16963339,0.9978856725536799,0,0.00033,sector_a
2151.17102228,0.9976383034545112,0,0.00033,sector_a
2151.17241117,0.9980219749504015,0,0.00033,sector_a
2151.17380006,0.997481927202185,0,0.00033,sector_a
2151.17518895,0.9973754372935569,0,0.00033,sector_a
2151.17657783,0.9975499350729996,0,0.00033,sector_a
2151.17796672,0.997377481137664,0,0.00033,sector_a
2151.17935561,0.9972133389337916,0,0.00033,sector_a
2151.1807445,0.997504712912974,0,0.00033,sector_a
2151.18213339,0.9974783274516252,0,0.00033,sector_a
2151.18352228,0.9973108162555805,0,0.00033,sector_a
2151.18491117,0.997381462716074,0,0.00033,sector_a
2151.18630006,0.9972125706321304,0,0.00033,sector_a
2151.18768895,0.997521772587004,0,0.00033,sector_a
2151.18907783,0.9971011078148565,0,0.00033,sector_a
2151.19046672,0.9979487300932642,0,0.00033,sector_a
2151.19185561,0.9974783965952697,0,0.00033,sector_a
2151.1932445,0.9977303280759187,0,0.00033,sector_a
2151.19463339,0.9971252256864971,0,0.00033,sector_a
2151.19602228,0.9975546854497189,0,0.00033,sector_a
2151.19741117,0.9974170085235956,0,0.00033,sector_a
2151.19880006,0.997725856182782,0,0.00033,sector_a
2151.20018895,0.9976910764732001,0,0.00033,sector_a
2151.20157783,0.9969833730660611,0,0.00033,sector_a
2151.20296672,0.9977609735379681,0,0.00033,sector_a
2151.20435561,0.9970161807930421,0,0.00033,sector_a
2151.2057445,0.997806847509284,0,0.00033,sector_a
2151.20713339,0.9974122014386331,0,0.00033,sector_a
2151.20852228,0.9970875003361988,0,0.00033,sector_a
2151.20991117,0.9976173210491434,0,0.00033,sector_a
2151.21130006,0.9974261580101382,0,0.00033,sector_a
2151.21268895,0.9971331585026977,0,0.00033,sector_a
2151.21407783,0.9971999794379115,0,0.00033,sector_a
2151.21546672,0.9975375365702789,0,0.00033,sector_a
2151.21685561,0.997014805803447,0,0.00033,sector_a
2151.2182445,0.9971536413259109,0,0.00033,sector_a
2151.21963339,0.9979118242301837,0,0.00033,sector_a
2151.22102228,0.9971720376940024,0,0.00033,sector_a
2151.22241117,0.9974877168438855,0,0.00033,sector_a
2151.22380006,0.9975053555251169,0,0.00033,sector_a
2151.22518895,0.9976456920099714,0,0.00033,sector_a
2151.22657783,0.9976189258190263,0,0.00033,sector_a
2151.22796672,0.9966586736334492,0,0.00033,sector_a
2151.22935561,0.9972276434215948,0,0.00033,sector_a
2151.2307445,0.9976926745016653,0,0.00033,sector_a
2151.23213339,0.9971337016979002,0,0.00033,sector_a
2151.23352228,0.9978642440878132,0,0.00033,sector_a
2151.23491117,0.9974180237209814,0,0.00033,sector_a
2151.23630006,0.9970008356886553,0,0.00033,sector_a
2151.23768895,0.9974992090841157,0,0.00033,sector_a
2151.23907783,0.9978833185237852,0,0.00033,sector_a
2151.24046672,0.9971435074839845,0,0.00033,sector_a
2151.24185561,0.9974853347076675,0,0.00033,sector_a
2151.2432445,0.9970755102737072,0,0.00033,sector_a
2151.24463339,0.9971556466234685,0,0.00033,sector_a
2151.24602228,0.997348460987512,0,0.00033,sector_a
2151.24741117,0.9974567732525674,0,0.00033,sector_a
2151.24880006,0.9974075702977385,0,0.00033,sector_a
2151.25018895,0.9973637258878963,0,0.00033,sector_a
2151.25157783,0.9979781749149647,0,0.00033,sector_a
2151.25296672,0.9969911727735286,0,0.00033,sector_a
2151.25435561,0.9967681205779841,0,0.00033,sector_a
2151.2557445,0.9974459259224118,0,0.00033,sector_a
2151.25713339,0.9973370198667392,0,0.00033,sector_a
2151.25852228,0.9968754988299834,0,0.00033,sector_a
2151.25991117,0.9977619121200905,0,0.00033,sector_a
2151.26130006,0.9970743673875418,0,0.00033,sector_a
2151.26268895,0.996870590507596,0,0.00033,sector_a
2151.26407783,0.9973826652853817,0,0.00033,sector_a
2151.26546672,0.9974406456716292,0,0.00033,sector_a
2151.26685561,0.9979198283869684,0,0.00033,sector_a
2151.2682445,0.9968188072974623,0,0.00033,sector_a
2151.26963339,0.996888133644243,0,0.00033,sector_a
2151.27102228,0.9971660292830649,0,0.00033,sector_a
2151.27241117,0.9971157383804181,0,0.00033,sector_a
2151.27380006,0.9972143806658016,0,0.00033,sector_a
2151.27518895,0.997031017122128,0,0.00033,sector_a
2151.27657783,0.9967873008667519,0,0.00033,sector_a
2151.27796672,0.9970965569460848,0,0.00033,sector_a
2151.27935561,0.9974186846668929,0,0.00033,sector_a
2151.2807445,0.9974374015713419,0,0.00033,sector_a
2151.28213339,0.9970250271846112,0,0.00033,sector_a
2151.28352228,0.9973581799873822,0,0.00033,sector_a
2151.28491117,0.9973189200064944,0,0.00033,sector_a
2151.28630006,0.9970587450242538,0,0.00033,sector_a
2151.28768895,0.9970948337633577,0,0.00033,sector_a
2151.28907783,0.9972027860816033,0,0.00033,sector_a
2151.29046672,0.9979754830503321,0,0.00033,sector_a
2151.29185561,0.9972280650644518,4096,0.00033,sector_a
2151.2932445,0.9969262375912042,0,0.00033,sector_a
2151.29463339,0.9971280553012294,0,0.00033,sector_a
2151.29602228,0.9970115661045363,0,0.00033,sector_a
2151.29741117,0.9974866751486405,0,0.00033,sector_a
2151.29880006,0.9965500168769708,0,0.00033,sector_a
2151.30018895,0.9968472093825093,0,0.00033,sector_a
2151.30157783,0.997387013081087,0,0.00033,sector_a
2151.30296672,0.9972664735373287,0,0.00033,sector_a
2151.30435561,0.9971521157632699,0,0.00033,sector_a
2151.3057445,0.9973433880244134,0,0.00033,sector_a
2151.30713339,0.996760098886799,0,0.00033,sector_a
2151.30852228,0.9972346654528418,0,0.00033,sector_a
2151.30991117,0.9968047685151165,0,0.00033,sector_a
2151.31130006,0.9967599305681031,0,0.00033,sector_a
2151.31268895,0.9972598368973945,0,0.00033,sector_a
2151.31407783,0.9968888898694607,0,0.00033,sector_a
2151.31546672,0.9970091750511028,0,0.00033,sector_a
2151.31685561,0.9972831238105351,0,0.00033,sector_a
2151.3182445,0.9968063187358147,0,0.00033,sector_a
2151.31963339,0.9972702057293128,0,0.00033,sector_a
2151.32102228,0.9977291820916003,0,0.00033,sector_a
2151.32241117,0.9970330261365891,0,0.00033,sector_a
2151.32380006,0.99735688529701,0,0.00033,sector_a
2151.32518895,0.9972994454455769,0,0.00033,sector_a
2151.32657783,0.9967183038669812,0,0.00033,sector_a
2151.32796672,0.9966857115620057,0,0.00033,sector_a
2151.32935561,0.9970694655254126,0,0.00033,sector_a
2151.3307445,0.9964602139950853,0,0.00033,sector_a
2151.33213339,0.9970722034790239,0,0.00033,sector_a
2151.33352228,0.9971289134334065,0,0.00033,sector_a
2151.33491117,0.9971841900047208,0,0.00033,sector_a
2151.33630006,0.997174590204468,0,0.00033,sector_a
2151.33768895,0.9974207018407001,0,0.00033,sector_a
2151.33907783,0.9969447078685701,0,0.00033,sector_a
2151.34046672,0.9974172281452324,0,0.00033,sector_a
2151.34185561,0.9971809723989548,0,0.00033,sector_a
2151.3432445,0.9971760462574328,0,0.00033,sector_a
2151.34463339,0.9969784284326154,0,0.00033,sector_a
2151.34602228,0.9972890982951634,0,0.00033,sector_a
2151.34741117,0.9968008460237817,0,0.00033,sector_a
2151.34880006,0.9972153975751131,0,0.00033,sector_a
2151.35018895,0.9973219716910691,0,0.00033,sector_a
2151.35157783,0.9968116629895859,0,0.00033,sector_a
2151.35296672,0.9967271841586658,0,0.00033,sector_a
2151.35435561,0.9967779764771941,0,0.00033,sector_a
2151.3557445,0.9969767256852956,0,0.00033,sector_a
2151.35713339,0.9970867453825115,0,0.00033,sector_a
2151.35852228,0.9972277934561783,0,0.00033,sector_a
2151.35991117,0.9975124061217386,0,0.00033,sector_a
2151.36130006,0.9974309363675183,0,0.00033,sector_a
2151.36268895,0.9970441544229299,0,0.00033,sector_a
2151.36407783,0.9968522564508505,0,0.00033,sector_a
2151.36546672,0.9966160256005216,0,0.00033,sector_a
2151.36685561,0.9971870059995025,0,0.00033,sector_a
2151.3682445,0.997095726555342,0,0.00033,sector_a
2151.36963339,0.996865298053459,0,0.00033,sector_a
2151.37102228,0.9968933251896982,0,0.00033,sector_a
2151.37241117,0.9969024587600416,0,0.00033,sector_a
2151.37380006,0.9962004957505707,0,0.00033,sector_a
2151.37518895,0.996910784245915,0,0.00033,sector_a
2151.37657783,0.9970147619182069,0,0.00033,sector_a
2151.37796672,0.9968827343886839,0,0.00033,sector_a
2151.37935561,0.9966119348903905,0,0.00033,sector_a
2151.3807445,0.9969220240675676,0,0.00033,sector_a
2151.38213339,0.9970403609139734,0,0.00033,sector_a
2151.38352228,0.9974103634445229,0,0.00033,sector_a
2151.38491117,0.9971958899930313,0,0.00033,sector_a
2151.38630006,0.9970592220646656,0,0.00033,sector_a
2151.38768895,0.9968719297117176,0,0.00033,sector_a
2151.38907783,0.9965027671477368,0,0.00033,sector_a
2151.39046672,0.996744572410777,0,0.00033,sector_a
2151.39185561,0.9964855268339645,0,0.00033,sector_a
2151.3932445,0.9968395042127637,0,0.00033,sector_a
2151.39463339,0.9971663969909544,0,0.00033,sector_a
2151.39602228,0.9971568463522322,0,0.00033,sector_a
2151.39741117,0.9971119865789555,0,0.00033,sector_a
2151.39880006,0.9968567355803308,0,0.00033,sector_a
2151.40018895,0.997127412455103,0,0.00033,sector_a
2151.40157783,0.996764636732969,0,0.00033,sector_a
2151.40296672,0.9962819667224571,0,0.00033,sector_a
2151.40435561,0.9968717030771995,0,0.00033,sector_a
2151.4057445,0.9968389573656886,0,0.00033,sector_a
2151.40713339,0.9963295055407656,0,0.00033,sector_a
2151.40852228,0.9966687659806709,0,0.00033,sector_a
2151.40991117,0.996120826665431,0,0.00033,sector_a
2151.41130006,0.9966748115771878,0,0.00033,sector_a
2151.41268895,0.9971486207781727,0,0.00033,sector_a
2151.41407783,0.996617701964178,0,0.00033,sector_a
2151.41546672,0.9971688396843512,0,0.00033,sector_a
2151.41685561,0.9968562855534367,0,0.00033,sector_a
2151.4182445,0.9965770148952376,0,0.00033,sector_a
2151.41963339,0.9962788847968166,0,0.00033,sector_a
2151.42102228,0.9969908611857864,0,0.00033,sector_a
2151.42241117,0.9969621814111884,0,0.00033,sector_a
2151.42380006,0.9963472392978259,0,0.00033,sector_a
2151.42518895,0.9966444402909032,0,0.00033,sector_a
2151.42657783,0.9970735629995598,0,0.00033,sector_a
2151.42796672,0.9965432176611903,0,0.00033,sector_a
2151.42935561,0.9968624484019187,0,0.00033,sector_a
2151.4307445,0.9961925644738807,0,0.00033,sector_a
2151.43213339,0.9964794887813061,0,0.00033,sector_a
2151.43352228,0.9969424246197123,0,0.00033,sector_a
2151.43491117,0.9963963058924068,0,0.00033,sector_a
2151.43630006,0.9963184023686394,0,0.00033,sector_a
2151.43768895,0.9963277819476046,0,0.00033,sector_a
2151.43907783,0.99661080723592,0,0.00033,sector_a
2151.44046672,0.9962662849667676,0,0.00033,sector_a
2151.44185561,0.9966768177661218,0,0.00033,sector_a
2151.4432445,0.9968624685381293,0,0.00033,sector_a
2151.44463339,0.9971340942165913,0,0.00033,sector_a
2151.44602228,0.996581344103764,0,0.00033,sector_a
2151.44741117,0.9971481161196527,0,0.00033,sector_a
2151.44880006,0.9968447327215936,0,0.00033,sector_a
2151.45018895,0.9966181397181166,0,0.00033,sector_a
2151.45157783,0.9968237034548668,0,0.00033,sector_a
2151.45296672,0.9971025679759157,0,0.00033,sector_a
2151.45435561,0.9970912730533414,0,0.00033,sector_a
2151.4557445,0.9968767302005956,0,0.00033,sector_a
2151.45713339,0.9966316914257896,0,0.00033,sector_a
2151.45852228,0.9968893025805621,0,0.00033,sector_a
2151.45991117,0.996709846841832,0,0.00033,sector_a
2151.46130006,0.9966916466545406,0,0.00033,sector_a
2151.46268895,0.9967128912283861,0,0.00033,sector_a
2151.46407783,0.9971492434703105,0,0.00033,sector_a
2151.46546672,0.996289972030855,0,0.00033,sector_a
2151.46685561,0.9966034813290973,0,0.00033,sector_a
2151.4682445,0.9963108537449038,0,0.00033,sector_a
2151.46963339,0.9968613387406329,0,0.00033,sector_a
2151.47102228,0.9969267329826786,0,0.00033,sector_a
2151.47241117,0.9969907516443962,0,0.00033,sector_a
2151.47380006,0.9965014575147019,0,0.00033,sector_a
2151.47518895,0.9966126110699323,0,0.00033,sector_a
2151.47657783,0.9968110304192626,0,0.00033,sector_a
2151.47796672,0.9966403150366783,0,0.00033,sector_a
2151.47935561,0.9966667701191542,0,0.00033,sector_a
2151.4807445,0.9966353349562875,0,0.00033,sector_a
2151.48213339,0.9966518398410377,0,0.00033,sector_a
2151.48352228,0.9965376004479448,0,0.00033,sector_a
2151.48491117,0.996690502214451,0,0.00033,sector_a
2151.48630006,0.9961462387311498,0,0.00033,sector_a
2151.48768895,0.9964371810695427,0,0.00033,sector_a
2151.48907783,0.9961747241229149,0,0.00033,sector_a
2151.49046672,0.996521899863953,0,0.00033,sector_a
2151.49185561,0.9963347905285752,0,0.00033,sector_a
2151.4932445,0.9966895134368068,0,0.00033,sector_a
2151.49463339,0.9968897501951486,0,0.00033,sector_a
2151.49602228,0.9961764648045343,0,0.00033,sector_a
2151.49741117,0.9963024694813439,0,0.00033,sector_a
2151.49880006,0.9966121519449326,0,0.00033,sector_a
2151.50018895,0.9969226295677858,0,0.00033,sector_a
2151.50157783,0.9967286227364605,0,0.00033,sector_a
2151.50296672,0.9966302101102302,0,0.00033,sector_a
2151.50435561,0.9964834863301874,0,0.00033,sector_a
2151.5057445,0.9963699113637753,0,0.00033,sector_a
2151.50713339,0.9965994905568105,0,0.00033,sector_a
2151.50852228,0.9966276549492417,0,0.00033,sector_a
2151.50991117,0.9965264105352573,0,0.00033,sector_a
2151.51130006,0.9963112907534845,0,0.00033,sector_a
2151.51268895,0.9960168030017413,0,0.00033,sector_a
2151.51407783,0.9962257113750396,0,0.00033,sector_a
2151.51546672,0.9963552085272213,0,0.00033,sector_a
2151.51685561,0.996127852748677,0,0.00033,sector_a
2151.5182445,0.9965437669807462,0,0.00033,sector_a
2151.51963339,0.9960442058348677,0,0.00033,sector_a
2151.52102228,0.9963558535741239,0,0.00033,sector_a
2151.52241117,0.9965365935011116,0,0.00033,sector_a
2151.52380006,0.9966630929858521,0,0.00033,sector_a
2151.52518895,0.9964964880169185,0,0.00033,sector_a
2151.52657783,0.9967646138833651,0,0.00033,sector_a
2151.52796672,0.9962501588316569,0,0.00033,sector_a
2151.52935561,0.9961938487225191,0,0.00033,sector_a
2151.5307445,0.9967166993481883,0,0.00033,sector_a
2151.53213339,0.9961547950589694,0,0.00033,sector_a
2151.53352228,0.9963545979862835,2048,0.00033,sector_a
2151.53491117,0.9959036869156581,0,0.00033,sector_a
2151.53630006,0.9967065565811993,0,0.00033,sector_a
2151.53768895,0.9965870822657255,0,0.00033,sector_a
2151.53907783,0.9961667891785033,0,0.00033,sector_a
2151.54046672,0.9958803010911663,0,0.00033,sector_a
2151.54185561,0.9964411084266657,0,0.00033,sector_a
2151.5432445,0.9964416066246201,0,0.00033,sector_a
2151.54463339,0.9966895984291873,0,0.00033,sector_a
2151.54602228,0.99687900974868,0,0.00033,sector_a
2151.54741117,0.9964164806358153,0,0.00033,sector_a
2151.54880006,0.9962834629462245,0,0.00033,sector_a
2151.55018895,0.9962731737908905,0,0.00033,sector_a
2151.55157783,0.996250207357995,0,0.00033,sector_a
2151.55296672,0.9959433738888914,0,0.00033,sector_a
2151.55435561,0.9960716691217275,0,0.00033,sector_a
2151.5557445,0.9962956676905123,0,0.00033,sector_a
2151.55713339,0.9958506709055802,0,0.00033,sector_a
2151.55852228,0.9959391989262032,0,0.00033,sector_a
2151.55991117,0.9966503076454399,0,0.00033,sector_a
2151.56130006,0.996110635177933,0,0.00033,sector_a
2151.56268895,0.9965222316551502,0,0.00033,sector_a
2151.56407783,0.9966014295171356,0,0.00033,sector_a
2151.56546672,0.9962889161160512,0,0.00033,sector_a
2151.56685561,0.9965160177793788,0,0.00033,sector_a
2151.5682445,0.9962258349162293,0,0.00033,sector_a
2151.56963339,0.9960249021935292,0,0.00033,sector_a
2151.57102228,0.9962364091683191,0,0.00033,sector_a
2151.57241117,0.9962820503538489,0,0.00033,sector_a
2151.57380006,0.9962919494715395,0,0.00033,sector_a
2151.57518895,0.9962731596014835,0,0.00033,sector_a
2151.57657783,0.996136380373627,0,0.00033,sector_a
2151.57796672,0.9965431058658788,0,0.00033,sector_a
2151.57935561,0.9961825614094265,0,0.00033,sector_a
2151.5807445,0.9961167013632952,0,0.00033,sector_a
2151.58213339,0.9964908397179754,0,0.00033,sector_a
2151.58352228,0.9959426356327176,0,0.00033,sector_a
2151.58491117,0.9962185125305647,0,0.00033,sector_a
2151.58630006,0.9966307961543468,0,0.00033,sector_a
2151.58768895,0.9962284793375676,0,0.00033,sector_a
2151.58907783,0.9966061612211622,0,0.00033,sector_a
2151.59046672,0.996128795939948,0,0.00033,sector_a
2151.59185561,0.9960530583888674,0,0.00033,sector_a
2151.5932445,0.9961464536700707,0,0.00033,sector_a
2151.59463339,0.9960296552263541,0,0.00033,sector_a
2151.59602228,0.9960818941993843,0,0.00033,sector_a
2151.59741117,0.9960541398162576,0,0.00033,sector_a
2151.59880006,0.9963987390256467,0,0.00033,sector_a
2151.60018895,0.9962808968222638,0,0.00033,sector_a
2151.60157783,0.9961046290320562,0,0.00033,sector_a
2151.60296672,0.9959480181127311,0,0.00033,sector_a
2151.60435561,0.9970569974047969,0,0.00033,sector_a
2151.6057445,0.9960929130042163,0,0.00033,sector_a
2151.60713339,0.9965391589945705,0,0.00033,sector_a
2151.60852228,0.995808125532833,0,0.00033,sector_a
2151.60991117,0.9959267141826907,0,0.00033,sector_a
2151.61130006,0.996475064235607,0,0.00033,sector_a
2151.61268895,0.9958159710616726,0,0.00033,sector_a
2151.61407783,0.9958191702638621,0,0.00033,sector_a
2151.61546672,0.9960992828679881,0,0.00033,sector_a
2151.61685561,0.9959049291857078,0,0.00033,sector_a
2151.6182445,0.9960228933238302,0,0.00033,sector_a
2151.61963339,0.996143703161541,0,0.00033,sector_a
2151.62102228,0.9963399817359755,0,0.00033,sector_a
2151.62241117,0.9961421439375279,0,0.00033,sector_a
2151.62380006,0.9961684547093939,0,0.00033,sector_a
2151.62518895,0.9964533863920637,0,0.00033,sector_a
2151.62657783,0.9964738495464363,0,0.00033,sector_a
2151.62796672,0.9959718046815639,0,0.00033,sector_a
2151.62935561,0.9955447994999568,0,0.00033,sector_a
2151.6307445,0.9957777801921814,0,0.00033,sector_a
2151.63213339,0.9963575295232648,0,0.00033,sector_a
2151.63352228,0.9959170837675131,0,0.00033,sector_a
2151.63491117,0.9958477135371249,0,0.00033,sector_a
2151.63630006,0.9959151209009598,0,0.00033,sector_a
2151.63768895,0.9964846586472795,0,0.00033,sector_a
2151.63907783,0.9960484691365119,0,0.00033,sector_a
2151.64046672,0.9959215125893656,0,0.00033,sector_a
2151.64185561,0.9958256600629505,0,0.00033,sector_a
2151.6432445,0.9957090634403367,0,0.00033,sector_a
2151.64463339,0.996806038120819,0,0.00033,sector_a
2151.64602228,0.9959967533058028,0,0.00033,sector_a
2151.64741117,0.9960452881981798,0,0.00033,sector_a
2151.64880006,0.9959086617936916,0,0.00033,sector_a
2151.65018895,0.9962934163990903,0,0.00033,sector_a
2151.65157783,0.9957049958730142,0,0.00033,sector_a
2151.65296672,0.9954432272288071,0,0.00033,sector_a
2151.65435561,0.9958163137572545,0,0.00033,sector_a
2151.6557445,0.9960679974243424,0,0.00033,sector_a
2151.65713339,0.9966046926842471,0,0.00033,sector_a
2151.65852228,0.9959423287967506,0,0.00033,sector_a
2151.65991117,0.9957164291862916,0,0.00033,sector_a
2151.66130006,0.9958899025576439,0,0.00033,sector_a
2151.66268895,0.9957291396571151,0,0.00033,sector_a
2151.66407783,0.9957229454254203,0,0.00033,sector_a
2151.66546672,0.9959645973955922,0,0.00033,sector_a
2151.66685561,0.9960172608004486,0,0.00033,sector_a
2151.6682445,0.9957436937723567,0,0.00033,sector_a
2151.66963339,0.9962335124869768,0,0.00033,sector_a
2151.67102228,0.9958979743307124,0,0.00033,sector_a
2151.67241117,0.9959466982851045,0,0.00033,sector_a
2151.67380006,0.9957645939777694,0,0.00033,sector_a
2151.67518895,0.9960086025738396,0,0.00033,sector_a
2151.67657783,0.9960154922175025,0,0.00033,sector_a
2151.67796672,0.996081743110694,0,0.00033,sector_a
2151.67935561,0.9956604998075035,0,0.00033,sector_a
2151.6807445,0.9960634448610433,0,0.00033,sector_a
2151.68213339,0.9957204306990074,0,0.00033,sector_a
2151.68352228,0.9959034928454955,0,0.00033,sector_a
2151.68491117,0.9960809025885075,0,0.00033,sector_a
2151.68630006,0.9962929022922353,0,0.00033,sector_a
2151.68768895,0.9957351779245509,0,0.00033,sector_a
2151.68907783,0.9955443386121858,0,0.00033,sector_a
2151.69046672,0.9958913965291791,0,0.00033,sector_a
2151.69185561,0.9961912374416217,0,0.00033,sector_a
2151.6932445,0.9957493632034153,0,0.00033,sector_a
2151.69463339,0.9965216298905829,0,0.00033,sector_a
2151.69602228,0.9953012941147282,0,0.00033,sector_a
2151.69741117,0.9962511183034382,0,0.00033,sector_a
2151.69880006,0.996151332444455,0,0.00033,sector_a
2151.70018895,0.9961309280445186,0,0.00033,sector_a
2151.70157783,0.9955788475959719,0,0.00033,sector_a
2151.70296672,0.9961909295033284,0,0.00033,sector_a
2151.70435561,0.9961328826736823,0,0.00033,sector_a
2151.7057445,0.9961504411288804,0,0.00033,sector_a
2151.70713339,0.9957299000335695,0,0.00033,sector_a
2151.70852228,0.9957202841714492,0,0.00033,sector_a
2151.70991117,0.9961488399762035,0,0.00033,sector_a
2151.71130006,0.995876874320336,0,0.00033,sector_a
2151.71268895,0.9956719997750028,0,0.00033,sector_a
2151.71407783,0.9955339394424016,0,0.00033,sector_a
2151.71546672,0.9958382882192798,0,0.00033,sector_a
2151.71685561,0.9953768537188405,0,0.00033,sector_a
2151.7182445,0.9959166403108478,0,0.00033,sector_a
2151.71963339,0.9957931769234853,0,0.00033,sector_a
2151.72102228,0.9953064712815076,0,0.00033,sector_a
2151.72241117,0.9958670067297136,0,0.00033,sector_a
2151.72380006,0.9960732511427074,0,0.00033,sector_a
2151.72518895,0.9957992873817091,0,0.00033,sector_a
2151.72657783,0.9953494391730378,0,0.00033,sector_a
2151.72796672,0.995548126937057,0,0.00033,sector_a
2151.72935561,0.9959499978797225,0,0.00033,sector_a
2151.7307445,0.995342599766209,0,0.00033,sector_a
2151.73213339,0.9955984123942756,0,0.00033,sector_a
2151.73352228,0.9960215783642546,0,0.00033,sector_a
2151.73491117,0.995613539077157,0,0.00033,sector_a
2151.73630006,0.9955248276886873,0,0.00033,sector_a
2151.73768895,0.9959109745081907,0,0.00033,sector_a
2151.73907783,0.9961328687833351,0,0.00033,sector_a
2151.74046672,0.9957855816400105,0,0.00033,sector_a
2151.74185561,0.99529396727906,0,0.00033,sector_a
2151.7432445,0.9952088513031482,0,0.00033,sector_a
2151.74463339,0.9955874057262274,0,0.00033,sector_a
2151.74602228,0.9951439132076582,0,0.00033,sector_a
2151.74741117,0.9956242841691166,0,0.00033,sector_a
2151.74880006,0.9958996790709224,0,0.00033,sector_a
2151.75018895,0.9948887428918713,0,0.00033,sector_a
2151.75157783,0.9955831308615577,0,0.00033,sector_a
2151.75296672,0.9957196324333287,0,0.00033,sector_a
2151.75435561,0.9954706409799824,0,0.00033,sector_a
2151.7557445,0.995728790262241,0,0.00033,sector_a
2151.75713339,0.9957543104758328,0,0.00033,sector_a
2151.75852228,0.9959046565327538,0,0.00033,sector_a
2151.75991117,0.9963658693710774,0,0.00033,sector_a
2151.76130006,0.9956889607422372,0,0.00033,sector_a
2151.76268895,0.9953396691319804,0,0.00033,sector_a
2151.76407783,0.9952990040509841,0,0.00033,sector_a
2151.76546672,0.9952343576844321,0,0.00033,sector_a
2151.76685561,0.9957791730271918,0,0.00033,sector_a
2151.7682445,0.9956695722593943,0,0.00033,sector_a
2151.76963339,0.995699915298375,0,0.00033,sector_a
2151.77102228,0.995619503681292,0,0.00033,sector_a
2151.77241117,0.9960091570559563,0,0.00033,sector_a
2151.77380006,0.9958625804906154,0,0.00033,sector_a
2151.77518895,0.9958345577892503,0,0.00033,sector_a
2151.77657783,0.9953516087504931,0,0.00033,sector_a
2151.77796672,0.9954474831304655,0,0.00033,sector_a
2151.77935561,0.9951654404936121,0,0.00033,sector_a
2151.7807445,0.9953447724659401,0,0.00033,sector_a
2151.78213339,0.9955487068561252,0,0.00033,sector_a
2151.78352228,0.9951731463094922,0,0.00033,sector_a
2151.78491117,0.9953335977745152,0,0.00033,sector_a
2151.78630006,0.9960790138222751,0,0.00033,sector_a
2151.78768895,0.9954518293613667,0,0.00033,sector_a
2151.78907783,0.9950748050803563,0,0.00033,sector_a
2151.79046672,0.9951417847989055,0,0.00033,sector_a
2151.79185561,0.9954646004877888,0,0.00033,sector_a
2151.7932445,0.9957223600274853,0,0.00033,sector_a
2151.79463339,0.9954544516684872,0,0.00033,sector_a
2151.79602228,0.9957193238915274,0,0.00033,sector_a
2151.79741117,0.9955579337906103,0,0.00033,sector_a
2151.79880006,0.9951500821862707,0,0.00033,sector_a
2151.80018895,0.9957513493234273,0,0.00033,sector_a
2151.80157783,0.9953268634816873,0,0.00033,sector_a
2151.80296672,0.9959821160842157,0,0.00033,sector_a
2151.80435561,0.9952789235015357,0,0.00033,sector_a
2151.8057445,0.9953999189397634,0,0.00033,sector_a
2151.80713339,0.9952816273539457,0,0.00033,sector_a
2151.80852228,0.9953549180872105,0,0.00033,sector_a
2151.80991117,0.9955549571073239,0,0.00033,sector_a
2151.81130006,0.9953679882409537,0,0.00033,sector_a
2151.81268895,0.9957508966192983,0,0.00033,sector_a
2151.81407783,0.9955318119211801,0,0.00033,sector_a
2151.81546672,0.995853745799754,0,0.00033,sector_a
2151.81685561,0.9954219965748905,0,0.00033,sector_a
2151.8182445,0.9957622358189366,0,0.00033,sector_a
2151.81963339,0.9957324432689566,0,0.00033,sector_a
2151.82102228,0.9953476910886605,0,0.00033,sector_a
2151.82241117,0.9961003433754573,0,0.00033,sector_a
2151.82380006,0.9958062615702701,0,0.00033,sector_a
2151.82518895,0.9955283700700233,0,0.00033,sector_a
2151.82657783,0.9953140930103673,0,0.00033,sector_a
2151.82796672,0.9953425329181268,0,0.00033,sector_a
2151.82935561,0.9953126054888201,0,0.00033,sector_a
2151.8307445,0.9954366906148358,0,0.00033,sector_a
2151.83213339,0.9950319960134151,0,0.00033,sector_a
2151.83352228,0.9953629563914864,0,0.00033,sector_a
2151.83491117,0.9951720626159725,0,0.00033,sector_a
2151.83630006,0.9958075301351446,0,0.00033,sector_a
2151.83768895,0.9955494227395806,0,0.00033,sector_a
2151.83907783,0.9957995252720007,0,0.00033,sector_a
2151.84046672,0.9959963101580918,0,0.00033,sector_a
2151.84185561,0.9954542674960238,0,0.00033,sector_a
2151.8432445,0.9958834886402407,0,0.00033,sector_a
2151.84463339,0.9954168222058358,0,0.00033,sector_a
2151.84602228,0.995483813685182,0,0.00033,sector_a
2151.84741117,0.9950341694890369,0,0.00033,sector_a
2151.84880006,0.9953200652694432,0,0.00033,sector_a
2151.85018895,0.995695546896897,0,0.00033,sector_a
2151.85157783,0.9954272927867345,0,0.00033,sector_a
2151.85296672,0.9951764835737176,0,0.00033,sector_a
2151.85435561,0.9952797406736372,0,0.00033,sector_a
2151.8557445,0.9950652560279678,0,0.00033,sector_a
2151.85713339,0.9950787486793142,0,0.00033,sector_a
2151.85852228,0.9948583034580413,0,0.00033,sector_a
2151.85991117,0.9955715439090456,0,0.00033,sector_a
2151.86130006,0.9955624604161003,0,0.00033,sector_a
2151.86268895,0.9952182653371577,0,0.00033,sector_a
2151.86407783,0.994866039529899,0,0.00033,sector_a
2151.86546672,0.9951722661959349,0,0.00033,sector_a
2151.86685561,0.9958012538545713,0,0.00033,sector_a
2151.8682445,0.9948553944889174,0,0.00033,sector_a
2151.86963339,0.9950828898896121,0,0.00033,sector_a
2151.87102228,0.9950874297345804,0,0.00033,sector_a
2151.87241117,0.9954408272057158,0,0.00033,sector_a
2151.87380006,0.9948527954632641,0,0.00033,sector_a
2151.87518895,0.9952801851204104,0,0.00033,sector_a
2151.87657783,0.9949693642801442,0,0.00033,sector_a
2151.87796672,0.9950959736576245,0,0.00033,sector_a
2151.87935561,0.9948491683028222,0,0.00033,sector_a
2151.8807445,0.9953353970889869,0,0.00033,sector_a
2151.88213339,0.9950433958425594,0,0.00033,sector_a
2151.88352228,0.9950107800879779,0,0.00033,sector_a
2151.88491117,0.9954816921665862,0,0.00033,sector_a
2151.88630006,0.9952659258499655,0,0.00033,sector_a
2151.88768895,0.9958288560205953,0,0.00033,sector_a
2151.88907783,0.9952776858529361,0,0.00033,sector_a
2151.89046672,0.9951780837946252,0,0.00033,sector_a
2151.89185561,0.9951850043973772,0,0.00033,sector_a
2151.8932445,0.9959207636532378,0,0.00033,sector_a
2151.89463339,0.995492302545708,0,0.00033,sector_a
2151.89602228,0.9950562689884381,0,0.00033,sector_a
2151.89741117,0.9952215422750754,0,0.00033,sector_a
2151.89880006,0.9949813062600205,0,0.00033,sector_a
2151.90018895,0.9953091493485156,0,0.00033,sector_a
2151.90157783,0.994975933761245,0,0.00033,sector_a
2151.90296672,0.9949556376951368,0,0.00033,sector_a
2151.90435561,0.9952326373602406,0,0.00033,sector_a
2151.9057445,0.9954849378894426,0,0.00033,sector_a
2151.90713339,0.9953393930900408,0,0.00033,sector_a
2151.90852228,0.9953045003050452,0,0.00033,sector_a
2151.90991117,0.9951008588122591,0,0.00033,sector_a
2151.91130006,0.994403791636008,0,0.00033,sector_a
2151.91268895,0.9950320181970391,0,0.00033,sector_a
2151.91407783,0.9950152675277948,0,0.00033,sector_a
2151.91546672,0.9952197434020765,0,0.00033,sector_a
2151.91685561,0.9955587422380078,0,0.00033,sector_a
2151.9182445,0.99527349234709,0,0.00033,sector_a
2151.91963339,0.9945632174319853,0,0.00033,sector_a
2151.92102228,0.9950560668015934,0,0.00033,sector_a
2151.92241117,0.9949781125827957,0,0.00033,sector_a
2151.92380006,0.9952425060032184,0,0.00033,sector_a
2151.92518895,0.9950174379656945,0,0.00033,sector_a
2151.92657783,0.9944903474544935,0,0.00033,sector_a
2151.92796672,0.9947693442334404,0,0.00033,sector_a
2151.92935561,0.994929048796073,0,0.00033,sector_a
2151.9307445,0.9944367039308412,0,0.00033,sector_a
2151.93213339,0.9949744545597391,0,0.00033,sector_a
2151.93352228,0.9949236641731526,0,0.00033,sector_a
2151.93491117,0.9953018106453578,0,0.00033,sector_a
2151.93630006,0.9949611741635395,0,0.00033,sector_a
2151.93768895,0.9948130017659945,0,0.00033,sector_a
2151.93907783,0.9949486252581572,0,0.00033,sector_a
2151.94046672,0.994064187240294,0,0.00033,sector_a
2151.94185561,0.9943288704855123,0,0.00033,sector_a
2151.9432445,0.993779381513421,0,0.00033,sector_a
2151.94463339,0.9934073174092196,0,0.00033,sector_a
2151.94602228,0.9948188938500941,0,0.00033,sector_a
2151.94741117,0.9942490975034196,0,0.00033,sector_a
2151.94880006,0.9940413986953107,0,0.00033,sector_a
2151.95018895,0.9947102401867999,0,0.00033,sector_a
2151.95157783,0.9936972127029138,0,0.00033,sector_a
2151.95296672,0.9937914426860767,0,0.00033,sector_a
2151.95435561,0.9938862660204426,0,0.00033,sector_a
2151.9557445,0.994144239508848,0,0.00033,sector_a
2151.95713339,0.9938708781000081,0,0.00033,sector_a
2151.95852228,0.9942177308613842,0,0.00033,sector_a
2151.95991117,0.9938920972259182,0,0.00033,sector_a
2151.96130006,0.9943549997572882,0,0.00033,sector_a
2151.96268895,0.9941141037942284,0,0.00033,sector_a
2151.96407783,0.9935077591131521,0,0.00033,sector_a
2151.96546672,0.9939636019219394,0,0.00033,sector_a
2151.96685561,0.9936444470300033,0,0.00033,sector_a
2151.9682445,0.9939239354695717,0,0.00033,sector_a
2151.96963339,0.9939580182250388,0,0.00033,sector_a
2151.97102228,0.994589050563187,0,0.00033,sector_a
2151.97241117,0.9938821317789933,0,0.00033,sector_a
2151.97380006,0.9934867100727639,0,0.00033,sector_a
2151.97518895,0.9939696568807851,0,0.00033,sector_a
2151.97657783,0.9936037548073263,0,0.00033,sector_a
2151.97796672,0.9944486534572086,0,0.00033,sector_a
2151.97935561,0.9941261294298658,0,0.00033,sector_a
2151.9807445,0.99436678178311,0,0.00033,sector_a
2151.98213339,0.993802074510853,0,0.00033,sector_a
2151.98352228,0.9936140609093124,0,0.00033,sector_a
2151.98491117,0.9939888689432503,0,0.00033,sector_a
2151.98630006,0.9935103323617726,0,0.00033,sector_a
2151.98768895,0.9936220628627062,0,0.00033,sector_a
2151.98907783,0.9936760813421508,0,0.00033,sector_a
2151.99046672,0.9938460117770489,0,0.00033,sector_a
2151.99185561,0.9934496230218239,0,0.00033,sector_a
2151.9932445,0.9932914988069432,0,0.00033,sector_a
2151.99463339,0.994280417165659,0,0.00033,sector_a
2151.99602228,0.9937146429998222,0,0.00033,sector_a
2151.99741117,0.9938124888401532,0,0.00033,sector_a
2151.99880006,0.9940296738975775,0,0.00033,sector_a
2152.00018895,0.9939809422409491,0,0.00033,sector_a
2152.00157783,0.9936653105919241,0,0.00033,sector_a
2152.00296672,0.9937203001928401,0,0.00033,sector_a
2152.00435561,0.9943024728472136,0,0.00033,sector_a
2152.0057445,0.994197329177447,0,0.00033,sector_a
2152.00713339,0.9940481206270743,0,0.00033,sector_a
2152.00852228,0.9943053145122388,0,0.00033,sector_a
2152.00991117,0.9932902029808913,0,0.00033,sector_a
2152.01130006,0.9938610026400394,0,0.00033,sector_a
2152.01268895,0.9937401180258119,0,0.00033,sector_a
2152.01407783,0.9932672103258146,0,0.00033,sector_a
2152.01546672,0.9939080009040987,0,0.00033,sector_a
2152.01685561,0.9939914640002582,0,0.00033,sector_a
2152.0182445,0.9938774378733511,0,0.00033,sector_a
2152.01963339,0.993283511191868,0,0.00033,sector_a
2152.02102228,0.9937331312179206,0,0.00033,sector_a
2152.02241117,0.9938518213581172,0,0.00033,sector_a
2152.02380006,0.9937186658656151,0,0.00033,sector_a
2152.02518895,0.9938629498967728,0,0.00033,sector_a
2152.02657783,0.9939211498410683,0,0.00033,sector_a
2152.02796672,0.9941799875492886,0,0.00033,sector_a
2152.02935561,0.9938375520915586,0,0.00033,sector_a
2152.0307445,0.9945186443161378,0,0.00033,sector_a
2152.03213339,0.993824914417406,0,0.00033,sector_a
2152.03352228,0.9938404062195371,0,0.00033,sector_a
2152.03491117,0.9939775153322297,0,0.00033,sector_a
2152.03630006,0.9937300813963992,0,0.00033,sector_a
2152.03768895,0.9936543055540662,0,0.00033,sector_a
2152.03907783,0.9940967093946048,0,0.00033,sector_a
2152.04046672,0.9931280019284285,0,0.00033,sector_a
2152.04185561,0.9932289752802944,0,0.00033,sector_a
2152.0432445,0.9943236690686287,0,0.00033,sector_a
2152.04463339,0.9939368784145008,0,0.00033,sector_a
2152.04602228,0.9938771423864075,0,0.00033,sector_a
2152.04741117,0.993805296933661,0,0.00033,sector_a
2152.04880006,0.993795055289019,0,0.00033,sector_a
2152.05018895,0.9934400855027576,0,0.00033,sector_a
2152.05157783,0.9936249522049853,0,0.00033,sector_a
2152.05296672,0.9934094364573942,0,0.00033,sector_a
2152.05435561,0.9940275258848617,0,0.00033,sector_a
2152.0557445,0.9938760318947627,0,0.00033,sector_a
2152.05713339,0.9937587451486769,0,0.00033,sector_a
2152.05852228,0.9937973000538107,0,0.00033,sector_a
2152.05991117,0.9936442731841445,0,0.00033,sector_a
2152.06130006,0.9933491449423466,0,0.00033,sector_a
2152.06268895,0.9950810451233625,0,0.00033,sector_a
2152.06407783,0.9947758569149892,0,0.00033,sector_a
2152.06546672,0.9945366482174061,0,0.00033,sector_a
2152.06685561,0.9947510463634854,0,0.00033,sector_a
2152.0682445,0.9949412506855926,0,0.00033,sector_a
