time_mjd,flux,quality_flag,flux_err,sector
2162.15,1.006888018896907,0,0.00033,sector_c
2162.15138889,1.0058917721070493,0,0.00033,sector_c
2162.15277778,1.0059640449672027,0,0.00033,sector_c
2162.15416667,1.006221185225335,0,0.00033,sector_c
2162.15555556,1.0065463864005504,0,0.00033,sector_c
2162.15694444,1.0058649273622167,0,0.00033,sector_c
2162.15833333,1.0063703053603736,0,0.00033,sector_c
2162.15972222,1.0067294442904382,0,0.00033,sector_c
2162.16111111,1.005774421850042,0,0.00033,sector_c
2162.1625,1.0060732438255777,0,0.00033,sector_c
2162.16388889,1.0065724000950473,0,0.00033,sector_c
2162.16527778,1.0066881433916763,0,0.00033,sector_c
2162.16666667,1.0061813055820785,0,0.00033,sector_c
2162.16805556,1.0066364928085914,0,0.00033,sector_c
2162.16944444,1.00665999608393,0,0.00033,sector_c
2162.17083333,1.0060475635908037,0,0.00033,sector_c
2162.17222222,1.0063954761834268,0,0.00033,sector_c
2162.17361111,1.006275270616565,0,0.00033,sector_c
2162.175,1.0063531093793967,0,0.00033,sector_c
2162.17638889,1.006497141346706,0,0.00033,sector_c
2162.17777778,1.0061502724879767,0,0.00033,sector_c
2162.17916667,1.0059489407486943,0,0.00033,sector_c
2162.18055556,1.0060856127808995,0,0.00033,sector_c
2162.18194444,1.0061108846250928,0,0.00033,sector_c
2162.18333333,1.006411037446682,0,0.00033,sector_c
2162.18472222,1.0067177365095297,0,0.00033,sector_c
2162.18611111,1.006338137205344,0,0.00033,sector_c
2162.1875,1.0062930724180144,0,0.00033,sector_c
2162.18888889,1.006352643676352,0,0.00033,sector_c
2162.19027778,1.0066954924976719,0,0.00033,sector_c
2162.19166667,1.0064646405406374,0,0.00033,sector_c
2162.19305556,1.0065162940508312,0,0.00033,sector_c
2162.19444444,1.0063313951690143,0,0.00033,sector_c
2162.19583333,1.0065043511756906,0,0.00033,sector_c
2162.19722222,1.006418399648031,0,0.00033,sector_c
2162.19861111,1.006833011219212,0,0.00033,sector_c
2162.2,1.0065477241014165,0,0.00033,sector_c
2162.20138889,1.0068612120996736,0,0.00033,sector_c
2162.20277778,1.0066642291042915,0,0.00033,sector_c
2162.20416667,1.006620042083216,0,0.00033,sector_c
2162.20555556,1.0060945044237002,0,0.00033,sector_c
2162.20694444,1.0065057978008387,0,0.00033,sector_c
2162.20833333,1.0063168016160604,0,0.00033,sector_c
2162.20972222,1.0068385754429157,0,0.00033,sector_c
2162.21111111,1.0066689038554497,0,0.00033,sector_c
2162.2125,1.0066882490103861,0,0.00033,sector_c
2162.21388889,1.0065441706718619,0,0.00033,sector_c
2162.21527778,1.0069534332346781,0,0.00033,sector_c
2162.21666667,1.0060621001532346,0,0.00033,sector_c
2162.21805556,1.0067945613823852,0,0.00033,sector_c
2162.21944444,1.0065019609561507,0,0.00033,sector_c
2162.22083333,1.0063412588080651,0,0.00033,sector_c
2162.22222222,1.0064237691129478,0,0.00033,sector_c
2162.22361111,1.0066082789499167,0,0.00033,sector_c
2162.225,1.0067053469079321,0,0.00033,sector_c
2162.22638889,1.0069256006479128,0,0.00033,sector_c
2162.22777778,1.0064572549053092,0,0.00033,sector_c
2162.22916667,1.006441852300374,0,0.00033,sector_c
2162.23055556,1.0069207082798823,0,0.00033,sector_c
2162.23194444,1.0069541262493722,0,0.00033,sector_c
2162.23333333,1.0063831381248955,0,0.00033,sector_c
2162.23472222,1.006472617210574,0,0.00033,sector_c
2162.23611111,1.006751306687029,0,0.00033,sector_c
2162.2375,1.0065926967005174,0,0.00033,sector_c
2162.23888889,1.0068589665866194,0,0.00033,sector_c
2162.24027778,1.0064773209531033,0,0.00033,sector_c
2162.24166667,1.0065094675823714,0,0.00033,sector_c
2162.24305556,1.0075135776877897,0,0.00033,sector_c
2162.24444444,1.0069979908782487,0,0.00033,sector_c
2162.24583333,1.0071370476457437,0,0.00033,sector_c
2162.24722222,1.0068202156110613,0,0.00033,sector_c
2162.24861111,1.0065435045985203,0,0.00033,sector_c
2162.25,1.0070443941270166,0,0.00033,sector_c
2162.25138889,1.0071454390052097,0,0.00033,sector_c
2162.25277778,1.0066851086147501,0,0.00033,sector_c
2162.25416667,1.0066667729199181,0,0.00033,sector_c
2162.25555556,1.006898539330676,0,0.00033,sector_c
2162.25694444,1.0067250735397966,0,0.00033,sector_c
2162.25833333,1.0063453352975016,0,0.00033,sector_c
2162.25972222,1.0069449306550338,0,0.00033,sector_c
2162.26111111,1.0069833453182016,0,0.00033,sector_c
2162.2625,1.0062876197597093,0,0.00033,sector_c
2162.26388889,1.0072584843276862,0,0.00033,sector_c
2162.26527778,1.0064689091378005,0,0.00033,sector_c
2162.26666667,1.0064425919891025,0,0.00033,sector_c
2162.26805556,1.0065341528371965,0,0.00033,sector_c
2162.26944444,1.0067778345538276,0,0.00033,sector_c
2162.27083333,1.0067640004053116,0,0.00033,sector_c
2162.27222222,1.006328718382827,0,0.00033,sector_c
2162.27361111,1.006825165799644,0,0.00033,sector_c
2162.275,1.0069164723517725,0,0.00033,sector_c
2162.27638889,1.0066131601015862,0,0.00033,sector_c
2162.27777778,1.0061731818789796,0,0.00033,sector_c
2162.27916667,1.0064997526769555,0,0.00033,sector_c
2162.28055556,1.0066212563500971,0,0.00033,sector_c
2162.28194444,1.0070199685344448,0,0.00033,sector_c
2162.28333333,1.0066907160119056,0,0.00033,sector_c
2162.28472222,1.0069482513569574,0,0.00033,sector_c
2162.28611111,1.0076078462299083,0,0.00033,sector_c
2162.2875,1.006836712536683,0,0.00033,sector_c
2162.28888889,1.0067868775241329,0,0.00033,sector_c
2162.29027778,1.00709232855954,0,0.00033,sector_c
2162.29166667,1.007193432613144,0,0.00033,sector_c
2162.29305556,1.0072240915959212,0,0.00033,sector_c
2162.29444444,1.0068714363846702,0,0.00033,sector_c
2162.29583333,1.0065189385569109,0,0.00033,sector_c
2162.29722222,1.0063445914672695,0,0.00033,sector_c
2162.29861111,1.006631955214709,0,0.00033,sector_c
2162.3,1.0067808621041348,0,0.00033,sector_c
2162.30138889,1.0065446411081682,0,0.00033,sector_c
2162.30277778,1.0064730190209124,0,0.00033,sector_c
2162.30416667,1.006788168434507,0,0.00033,sector_c
2162.30555556,1.0067593997553321,0,0.00033,sector_c
2162.30694444,1.0067285313243621,0,0.00033,sector_c
2162.30833333,1.0073916127520395,0,0.00033,sector_c
2162.30972222,1.0071566477703648,0,0.00033,sector_c
2162.31111111,1.0065415680433356,0,0.00033,sector_c
2162.3125,1.0071584084892755,0,0.00033,sector_c
2162.31388889,1.0068684139919488,0,0.00033,sector_c
2162.31527778,1.0066898665688244,0,0.00033,sector_c
2162.31666667,1.0067536437328874,0,0.00033,sector_c
2162.31805556,1.0076584660315375,0,0.00033,sector_c
2162.31944444,1.0068887161522722,0,0.00033,sector_c
2162.32083333,1.0066775283846618,0,0.00033,sector_c
2162.32222222,1.0068824293752643,0,0.00033,sector_c
2162.32361111,1.0071375126656814,0,0.00033,sector_c
2162.325,1.0069719011857652,0,0.00033,sector_c
2162.32638889,1.0068801503884108,0,0.00033,sector_c
2162.32777778,1.0066822732789522,0,0.00033,sector_c
2162.32916667,1.0067607271563694,0,0.00033,sector_c
2162.33055556,1.0065681011713823,0,0.00033,sector_c
2162.33194444,1.0069583129532926,0,0.00033,sector_c
2162.33333333,1.0070966092311817,0,0.00033,sector_c
2162.33472222,1.007088194119978,0,0.00033,sector_c
2162.33611111,1.0069491818947627,0,0.00033,sector_c
2162.3375,1.0073408379627087,0,0.00033,sector_c
2162.33888889,1.007092244787814,0,0.00033,sector_c
2162.34027778,1.0071468177983405,0,0.00033,sector_c
2162.34166667,1.00669002797039,0,0.00033,sector_c
2162.34305556,1.0068878633316156,0,0.00033,sector_c
2162.34444444,1.0068708227829246,0,0.00033,sector_c
2162.34583333,1.0072989831963266,0,0.00033,sector_c
2162.34722222,1.006970771771634,0,0.00033,sector_c
2162.34861111,1.0069643077920105,0,0.00033,sector_c
2162.35,1.006949654782004,0,0.00033,sector_c
2162.35138889,1.0074443932285233,0,0.00033,sector_c
2162.35277778,1.0068711120133604,0,0.00033,sector_c
2162.35416667,1.006814453337786,0,0.00033,sector_c
2162.35555556,1.0070979088193095,0,0.00033,sector_c
2162.35694444,1.0070162629730433,0,0.00033,sector_c
2162.35833333,1.0074251236186589,0,0.00033,sector_c
2162.35972222,1.0073664822436812,0,0.00033,sector_c
2162.36111111,1.007139581432511,0,0.00033,sector_c
2162.3625,1.0070167095382674,0,0.00033,sector_c
2162.36388889,1.0070715710499094,0,0.00033,sector_c
2162.36527778,1.0074455894680356,0,0.00033,sector_c
2162.36666667,1.0071906421288548,0,0.00033,sector_c
2162.36805556,1.0072547058442871,0,0.00033,sector_c
2162.36944444,1.0064141100007744,0,0.00033,sector_c
2162.37083333,1.00676287290621,0,0.00033,sector_c
2162.37222222,1.0070383160481848,0,0.00033,sector_c
2162.37361111,1.0072627494075357,0,0.00033,sector_c
2162.375,1.0072705168765355,0,0.00033,sector_c
2162.37638889,1.0071214920524323,0,0.00033,sector_c
2162.37777778,1.0066051101461224,0,0.00033,sector_c
2162.37916667,1.007125190446495,0,0.00033,sector_c
2162.38055556,1.0068745213583803,0,0.00033,sector_c
2162.38194444,1.006497809049557,0,0.00033,sector_c
2162.38333333,1.0068482318387244,0,0.00033,sector_c
2162.38472222,1.0069878467085684,0,0.00033,sector_c
2162.38611111,1.0071563346699686,0,0.00033,sector_c
2162.3875,1.0073219893427339,0,0.00033,sector_c
2162.38888889,1.0071614917793912,0,0.00033,sector_c
2162.39027778,1.0071155176339543,0,0.00033,sector_c
2162.39166667,1.006976160371013,0,0.00033,sector_c
2162.39305556,1.0071161433972275,0,0.00033,sector_c
2162.39444444,1.0068144227069153,0,0.00033,sector_c
2162.39583333,1.0073275002694246,0,0.00033,sector_c
2162.39722222,1.0071352454013174,0,0.00033,sector_c
2162.39861111,1.007426455766293,0,0.00033,sector_c
2162.4,1.0072982502092185,0,0.00033,sector_c
2162.40138889,1.0070396481697463,0,0.00033,sector_c
2162.40277778,1.0071233910333635,0,0.00033,sector_c
2162.40416667,1.0071425556576146,0,0.00033,sector_c
2162.40555556,1.0071673717671974,0,0.00033,sector_c
2162.40694444,1.0064499962227038,0,0.00033,sector_c
2162.40833333,1.006900131938029,0,0.00033,sector_c
2162.40972222,1.0077052351599505,0,0.00033,sector_c
2162.41111111,1.0071982856890753,0,0.00033,sector_c
2162.4125,1.007570842232852,0,0.00033,sector_c
2162.41388889,1.007029250246023,0,0.00033,sector_c
2162.41527778,1.0067519701193757,0,0.00033,sector_c
2162.41666667,1.0070986548663354,0,0.00033,sector_c
2162.41805556,1.0070857757659286,0,0.00033,sector_c
2162.41944444,1.0069711085851287,0,0.00033,sector_c
2162.42083333,1.0075247430167429,0,0.00033,sector_c
2162.42222222,1.0075952929016476,0,0.00033,sector_c
2162.42361111,1.0070065968315614,0,0.00033,sector_c
2162.425,1.0077469593529373,0,0.00033,sector_c
2162.42638889,1.007461450348898,0,0.00033,sector_c
2162.42777778,1.006880501217145,0,0.00033,sector_c
2162.42916667,1.007500677977721,0,0.00033,sector_c
2162.43055556,1.0073191677919267,0,0.00033,sector_c
2162.43194444,1.0072228608916178,0,0.00033,sector_c
2162.43333333,1.0067750201665175,0,0.00033,sector_c
2162.43472222,1.0073446115061375,0,0.00033,sector_c
2162.43611111,1.0070115034249634,0,0.00033,sector_c
2162.4375,1.0077257070360603,0,0.00033,sector_c
2162.43888889,1.0069375792716628,0,0.00033,sector_c
2162.44027778,1.0068138869135417,0,0.00033,sector_c
2162.44166667,1.0073587286653451,0,0.00033,sector_c
2162.44305556,1.006909469451052,0,0.00033,sector_c
2162.44444444,1.0076522524467568,0,0.00033,sector_c
2162.44583333,1.006986814638167,0,0.00033,sector_c
2162.44722222,1.007445028644561,0,0.00033,sector_c
2162.44861111,1.0069689492811138,0,0.00033,sector_c
2162.45,1.0071040304974408,0,0.00033,sector_c
2162.45138889,1.0072916928696747,0,0.00033,sector_c
2162.45277778,1.007057780739657,0,0.00033,sector_c
2162.45416667,1.0074487889775765,0,0.00033,sector_c
2162.45555556,1.007063572639149,0,0.00033,sector_c
2162.45694444,1.0076565727734967,0,0.00033,sector_c
2162.45833333,1.007511821947591,0,0.00033,sector_c
2162.45972222,1.0068159162756152,0,0.00033,sector_c
2162.46111111,1.0078270238555649,0,0.00033,sector_c
2162.4625,1.0073606871458773,0,0.00033,sector_c
2162.46388889,1.007041189881025,0,0.00033,sector_c
2162.46527778,1.0073557250796639,0,0.00033,sector_c
2162.46666667,1.0073113474009558,0,0.00033,sector_c
2162.46805556,1.007507517849058,0,0.00033,sector_c
2162.46944444,1.0075217692560887,0,0.00033,sector_c
2162.47083333,1.0076182826102904,0,0.00033,sector_c
2162.47222222,1.006935591067701,0,0.00033,sector_c
2162.47361111,1.0073639184321326,0,0.00033,sector_c
2162.475,1.0071173902973318,0,0.00033,sector_c
2162.47638889,1.0068573595689085,0,0.00033,sector_c
2162.47777778,1.0070717936331324,0,0.00033,sector_c
2162.47916667,1.0070001895854261,0,0.00033,sector_c
2162.48055556,1.0074033938829323,0,0.00033,sector_c
2162.48194444,1.0072147127868758,0,0.00033,sector_c
2162.48333333,1.007400008178232,0,0.00033,sector_c
2162.48472222,1.007277938670998,0,0.00033,sector_c
2162.48611111,1.0073409685985428,0,0.00033,sector_c
2162.4875,1.007439039432985,0,0.00033,sector_c
2162.48888889,1.0070827196511947,0,0.00033,sector_c
2162.49027778,1.007265618798476,0,0.00033,sector_c
2162.49166667,1.0072637481377125,0,0.00033,sector_c
2162.49305556,1.0071661974907349,0,0.00033,sector_c
2162.49444444,1.0070338173900886,0,0.00033,sector_c
2162.49583333,1.007393919689696,0,0.00033,sector_c
2162.49722222,1.007492544834397,0,0.00033,sector_c
2162.49861111,1.007835531809226,0,0.00033,sector_c
2162.5,1.007376681269811,0,0.00033,sector_c
2162.50138889,1.0073934139711893,0,0.00033,sector_c
2162.50277778,1.0070173979179047,0,0.00033,sector_c
2162.50416667,1.0073073568832729,0,0.00033,sector_c
2162.50555556,1.0076778654751746,0,0.00033,sector_c
2162.50694444,1.007887182891843,0,0.00033,sector_c
2162.50833333,1.007471755927745,0,0.00033,sector_c
2162.50972222,1.0077979741416119,0,0.00033,sector_c
2162.51111111,1.0078088765402446,0,0.00033,sector_c
2162.5125,1.007933953945765,0,0.00033,sector_c
2162.51388889,1.0075587285468566,0,0.00033,sector_c
2162.51527778,1.0071788709224423,0,0.00033,sector_c
2162.51666667,1.0073988991460177,0,0.00033,sector_c
2162.51805556,1.0076930040440588,0,0.00033,sector_c
2162.51944444,1.0071958575830473,0,0.00033,sector_c
2162.52083333,1.007344941612081,0,0.00033,sector_c
2162.52222222,1.0071213055225807,0,0.00033,sector_c
2162.52361111,1.007197426186154,0,0.00033,sector_c
2162.525,1.0069531792035105,0,0.00033,sector_c
2162.52638889,1.0076817623902872,0,0.00033,sector_c
2162.52777778,1.0071689383297269,0,0.00033,sector_c
2162.52916667,1.0073861201799061,0,0.00033,sector_c
2162.53055556,1.0075012650244761,0,0.00033,sector_c
2162.53194444,1.007274703064484,0,0.00033,sector_c
2162.53333333,1.0070542229792245,0,0.00033,sector_c
2162.53472222,1.0071892203669575,0,0.00033,sector_c
2162.53611111,1.0070622121503991,0,0.00033,sector_c
2162.5375,1.0073903470685739,0,0.00033,sector_c
2162.53888889,1.0071853505560922,0,0.00033,sector_c
2162.54027778,1.0076723464127453,0,0.00033,sector_c
2162.54166667,1.0072600931545261,0,0.00033,sector_c
2162.54305556,1.00750596052859,0,0.00033,sector_c
2162.54444444,1.00709992473555,0,0.00033,sector_c
2162.54583333,1.0068607097523217,0,0.00033,sector_c
2162.54722222,1.0072649620907244,0,0.00033,sector_c
2162.54861111,1.0076285951649029,0,0.00033,sector_c
2162.55,1.00763551774088,0,0.00033,sector_c
2162.55138889,1.0076971992458983,0,0.00033,sector_c
2162.55277778,1.0072479988505432,0,0.00033,sector_c
2162.55416667,1.0072629480130524,0,0.00033,sector_c
2162.55555556,1.0073991705888001,0,0.00033,sector_c
2162.55694444,1.0072697645451543,0,0.00033,sector_c
2162.55833333,1.0075164138670267,0,0.00033,sector_c
2162.55972222,1.007599577511625,0,0.00033,sector_c
2162.56111111,1.0076299299759812,0,0.00033,sector_c
2162.5625,1.0071440885290595,0,0.00033,sector_c
2162.56388889,1.0077780389759756,0,0.00033,sector_c
2162.56527778,1.0068339971284483,0,0.00033,sector_c
2162.56666667,1.007273939151926,0,0.00033,sector_c
2162.56805556,1.007213732732388,0,0.00033,sector_c
2162.56944444,1.0073532231740583,0,0.00033,sector_c
2162.57083333,1.0072874191480587,0,0.00033,sector_c
2162.57222222,1.0076793545174514,0,0.00033,sector_c
2162.57361111,1.0071500480602829,0,0.00033,sector_c
2162.575,1.007570847461865,0,0.00033,sector_c
2162.57638889,1.0070490852563891,0,0.00033,sector_c
2162.57777778,1.0073579694585386,0,0.00033,sector_c
2162.57916667,1.0074699258877877,0,0.00033,sector_c
2162.58055556,1.0076388768634235,0,0.00033,sector_c
2162.58194444,1.0070400758372597,0,0.00033,sector_c
2162.58333333,1.0067545208476285,0,0.00033,sector_c
2162.58472222,1.0078440705049823,0,0.00033,sector_c
2162.58611111,1.0071094747288372,0,0.00033,sector_c
2162.5875,1.0072883804752415,0,0.00033,sector_c
2162.58888889,1.0073221209542231,0,0.00033,sector_c
2162.59027778,1.0077616945416004,0,0.00033,sector_c
2162.59166667,1.0075737301872787,0,0.00033,sector_c
2162.59305556,1.0077082561159765,0,0.00033,sector_c
2162.59444444,1.0077441707229002,0,0.00033,sector_c
2162.59583333,1.0075146758461893,0,0.00033,sector_c
2162.59722222,1.0073127502634904,0,0.00033,sector_c
2162.59861111,1.0077511352705122,0,0.00033,sector_c
2162.6,1.007656513214174,0,0.00033,sector_c
2162.60138889,1.007464046603622,0,0.00033,sector_c
2162.60277778,1.0068665574798015,0,0.00033,sector_c
2162.60416667,1.0072123907138026,0,0.00033,sector_c
2162.60555556,1.0075014526271957,0,0.00033,sector_c
2162.60694444,1.007245542486454,0,0.00033,sector_c
2162.60833333,1.0076432456738826,0,0.00033,sector_c
2162.60972222,1.0081210584114046,0,0.00033,sector_c
2162.61111111,1.00740969439425,0,0.00033,sector_c
2162.6125,1.0074841477010088,0,0.00033,sector_c
2162.61388889,1.0076248235026448,0,0.00033,sector_c
2162.61527778,1.0078811582949887,0,0.00033,sector_c
2162.61666667,1.0067870013702653,0,0.00033,sector_c
2162.61805556,1.007243641472456,0,0.00033,sector_c
2162.61944444,1.0077803769364742,0,0.00033,sector_c
2162.62083333,1.0073716198821887,0,0.00033,sector_c
2162.62222222,1.0069002129198092,0,0.00033,sector_c
2162.62361111,1.0075317858208495,0,0.00033,sector_c
2162.625,1.0070122267111465,0,0.00033,sector_c
2162.62638889,1.0076395578867658,0,0.00033,sector_c
2162.62777778,1.0076577568904719,0,0.00033,sector_c
2162.62916667,1.0072770679752172,0,0.00033,sector_c
2162.63055556,1.0070557186131097,0,0.00033,sector_c
2162.63194444,1.007526627951924,0,0.00033,sector_c
2162.63333333,1.0072826691293968,0,0.00033,sector_c
2162.63472222,1.0073004663212382,0,0.00033,sector_c
2162.63611111,1.0072156139860131,0,0.00033,sector_c
2162.6375,1.0072438630450038,0,0.00033,sector_c
2162.63888889,1.0071076234425973,0,0.00033,sector_c
2162.64027778,1.007615823410531,0,0.00033,sector_c
2162.64166667,1.0077009589011987,0,0.00033,sector_c
2162.64305556,1.0071405159313753,0,0.00033,sector_c
2162.64444444,1.0070198696479085,0,0.00033,sector_c
2162.64583333,1.0075924879632185,0,0.00033,sector_c
2162.64722222,1.007741774963507,0,0.00033,sector_c
2162.64861111,1.0075324193213713,0,0.00033,sector_c
2162.65,1.0077009265141936,0,0.00033,sector_c
2162.65138889,1.0076019956537332,0,0.00033,sector_c
2162.65277778,1.0073987883933886,0,0.00033,sector_c
2162.65416667,1.0073044981586228,0,0.00033,sector_c
2162.65555556,1.0071632597971683,0,0.00033,sector_c
2162.65694444,1.0073513558985636,0,0.00033,sector_c
2162.65833333,1.0068805818292939,0,0.00033,sector_c
2162.65972222,1.007787453335459,0,0.00033,sector_c
2162.66111111,1.007059681968246,0,0.00033,sector_c
2162.6625,1.0074489454852795,0,0.00033,sector_c
2162.66388889,1.0074757813401276,0,0.00033,sector_c
2162.66527778,1.0073472727313222,0,0.00033,sector_c
2162.66666667,1.007360621444504,0,0.00033,sector_c
2162.66805556,1.0071492164266946,0,0.00033,sector_c
2162.66944444,1.0072529863319453,0,0.00033,sector_c
2162.67083333,1.0075798804882075,0,0.00033,sector_c
2162.67222222,1.0075633048325399,0,0.00033,sector_c
2162.67361111,1.0069935427319818,4096,0.00033,sector_c
2162.675,1.0073472737296445,0,0.00033,sector_c
2162.67638889,1.0068710516316732,0,0.00033,sector_c
2162.67777778,1.0073392549173332,0,0.00033,sector_c
2162.67916667,1.0073820112852285,0,0.00033,sector_c
2162.68055556,1.00698056684516,0,0.00033,sector_c
2162.68194444,1.007762874021383,0,0.00033,sector_c
2162.68333333,1.0069764343068066,0,0.00033,sector_c
2162.68472222,1.007699095069903,0,0.00033,sector_c
2162.68611111,1.0068913755868238,0,0.00033,sector_c
2162.6875,1.007557100977067,0,0.00033,sector_c
2162.68888889,1.0068167914730706,0,0.00033,sector_c
2162.69027778,1.0072089569325806,0,0.00033,sector_c
2162.69166667,1.0069829644695265,0,0.00033,sector_c
2162.69305556,1.0074330205348259,0,0.00033,sector_c
2162.69444444,1.0071154779036708,0,0.00033,sector_c
2162.69583333,1.0072838414311078,0,0.00033,sector_c
2162.69722222,1.0074058636497747,0,0.00033,sector_c
2162.69861111,1.0070605170604152,0,0.00033,sector_c
2162.7,1.0071703046763747,0,0.00033,sector_c
2162.70138889,1.0074050921755517,0,0.00033,sector_c
2162.70277778,1.0070669182042895,0,0.00033,sector_c
2162.70416667,1.0074426530266438,0,0.00033,sector_c
2162.70555556,1.0068321633513353,0,0.00033,sector_c
2162.70694444,1.0078994476789518,0,0.00033,sector_c
2162.70833333,1.007637758188457,0,0.00033,sector_c
2162.70972222,1.0069159529959428,0,0.00033,sector_c
2162.71111111,1.0071002528224327,0,0.00033,sector_c
2162.7125,1.0072231799576217,0,0.00033,sector_c
2162.71388889,1.007478779110282,0,0.00033,sector_c
2162.71527778,1.007529202278611,0,0.00033,sector_c
2162.71666667,1.007617930555064,0,0.00033,sector_c
2162.71805556,1.0076441949633206,0,0.00033,sector_c
2162.71944444,1.0070029351858287,0,0.00033,sector_c
2162.72083333,1.0073606345130661,0,0.00033,sector_c
2162.72222222,1.0072680906551148,0,0.00033,sector_c
2162.72361111,1.0074809593435001,0,0.00033,sector_c
2162.725,1.0072675878076376,0,0.00033,sector_c
2162.72638889,1.0068086768554985,0,0.00033,sector_c
2162.72777778,1.0071712932235117,0,0.00033,sector_c
2162.72916667,1.0080036605340899,0,0.00033,sector_c
2162.73055556,1.0073098364275321,0,0.00033,sector_c
2162.73194444,1.0076407383284673,0,0.00033,sector_c
2162.73333333,1.0072832790648711,0,0.00033,sector_c
2162.73472222,1.0072216549914188,0,0.00033,sector_c
2162.73611111,1.0073052145203323,0,0.00033,sector_c
2162.7375,1.0072354926158587,0,0.00033,sector_c
2162.73888889,1.0075367237805128,0,0.00033,sector_c
2162.74027778,1.007168306138163,0,0.00033,sector_c
2162.74166667,1.006771400593043,0,0.00033,sector_c
2162.74305556,1.007537211726912,0,0.00033,sector_c
2162.74444444,1.0074388671723415,0,0.00033,sector_c
2162.74583333,1.007171998257086,0,0.00033,sector_c
2162.74722222,1.007244540900392,0,0.00033,sector_c
2162.74861111,1.0074976227322672,0,0.00033,sector_c
2162.75,1.0073893766602244,0,0.00033,sector_c
2162.75138889,1.0070061015018121,0,0.00033,sector_c
2162.75277778,1.0076608892942427,0,0.00033,sector_c
2162.75416667,1.0079929839085489,0,0.00033,sector_c
2162.75555556,1.0072814131620753,0,0.00033,sector_c
2162.75694444,1.0069955167156965,0,0.00033,sector_c
2162.75833333,1.0075715486450714,0,0.00033,sector_c
2162.75972222,1.007662585838568,0,0.00033,sector_c
2162.76111111,1.007020983633934,0,0.00033,sector_c
2162.7625,1.0068460841637379,0,0.00033,sector_c
2162.76388889,1.0068881746051987,0,0.00033,sector_c
2162.76527778,1.0071242589854272,0,0.00033,sector_c
2162.76666667,1.006952617344758,0,0.00033,sector_c
2162.76805556,1.0071273680351733,0,0.00033,sector_c
2162.76944444,1.0071272131343778,0,0.00033,sector_c
2162.77083333,1.006787108235326,0,0.00033,sector_c
2162.77222222,1.0073328953900622,0,0.00033,sector_c
2162.77361111,1.007626904095899,0,0.00033,sector_c
2162.775,1.0066636008044185,0,0.00033,sector_c
2162.77638889,1.0071603175882344,0,0.00033,sector_c
2162.77777778,1.0070959197160019,0,0.00033,sector_c
2162.77916667,1.0070055245994438,0,0.00033,sector_c
2162.78055556,1.007234460575805,0,0.00033,sector_c
2162.78194444,1.0069158844674508,0,0.00033,sector_c
2162.78333333,1.0074350744555602,0,0.00033,sector_c
2162.78472222,1.0071077693949868,0,0.00033,sector_c
2162.78611111,1.0069127155792787,0,0.00033,sector_c
2162.7875,1.007313640539236,0,0.00033,sector_c
2162.78888889,1.007220796976927,0,0.00033,sector_c
2162.79027778,1.007589986450665,0,0.00033,sector_c
2162.79166667,1.007232648791707,0,0.00033,sector_c
2162.79305556,1.0070797345340419,0,0.00033,sector_c
2162.79444444,1.0077164334851998,0,0.00033,sector_c
2162.79583333,1.0072405470276125,0,0.00033,sector_c
2162.79722222,1.0072795296688888,0,0.00033,sector_c
2162.79861111,1.007584372362309,0,0.00033,sector_c
2162.8,1.0070175183947327,0,0.00033,sector_c
2162.80138889,1.0071428871394397,0,0.00033,sector_c
2162.80277778,1.0069521505418528,0,0.00033,sector_c
2162.80416667,1.0077098538710807,0,0.00033,sector_c
2162.80555556,1.0069202265136725,0,0.00033,sector_c
2162.80694444,1.006846296869985,0,0.00033,sector_c
2162.80833333,1.0068359804844689,0,0.00033,sector_c
2162.80972222,1.0076602711851497,0,0.00033,sector_c
2162.81111111,1.0074505372363474,0,0.00033,sector_c
2162.8125,1.0069522116837466,0,0.00033,sector_c
2162.81388889,1.006938030131258,0,0.00033,sector_c
2162.81527778,1.0077948287812748,0,0.00033,sector_c
2162.81666667,1.0069666916550413,0,0.00033,sector_c
2162.81805556,1.007152086919058,0,0.00033,sector_c
2162.81944444,1.0069393640231574,0,0.00033,sector_c
2162.82083333,1.0078344261074905,0,0.00033,sector_c
2162.82222222,1.0069339617293807,0,0.00033,sector_c
2162.82361111,1.0067316224389808,0,0.00033,sector_c
2162.825,1.007180589618071,0,0.00033,sector_c
2162.82638889,1.0072079788214314,0,0.00033,sector_c
2162.82777778,1.0070383764268196,0,0.00033,sector_c
2162.82916667,1.0069186222809487,0,0.00033,sector_c
2162.83055556,1.0066029976445041,0,0.00033,sector_c
2162.83194444,1.0068641956249293,0,0.00033,sector_c
2162.83333333,1.007641753936145,0,0.00033,sector_c
2162.83472222,1.0066485450306313,0,0.00033,sector_c
2162.83611111,1.0074711770753,0,0.00033,sector_c
2162.8375,1.0077551205209498,0,0.00033,sector_c
2162.83888889,1.007485638495417,0,0.00033,sector_c
2162.84027778,1.00721322945569,0,0.00033,sector_c
2162.84166667,1.0074747499738237,0,0.00033,sector_c
2162.84305556,1.0074646383996824,0,0.00033,sector_c
2162.84444444,1.0067325370969735,0,0.00033,sector_c
2162.84583333,1.0072685142328441,0,0.00033,sector_c
2162.84722222,1.0068282422232264,0,0.00033,sector_c
2162.84861111,1.0065217340698611,0,0.00033,sector_c
2162.85,1.007377674155978,0,0.00033,sector_c
2162.85138889,1.0068746508128321,0,0.00033,sector_c
2162.85277778,1.007172748309953,0,0.00033,sector_c
2162.85416667,1.0067301514941154,0,0.00033,sector_c
2162.85555556,1.0073776973256767,0,0.00033,sector_c
2162.85694444,1.0072571336814964,0,0.00033,sector_c
2162.85833333,1.006993944357982,0,0.00033,sector_c
2162.85972222,1.0068228207167995,0,0.00033,sector_c
2162.86111111,1.006873997971291,0,0.00033,sector_c
2162.8625,1.007117087435798,0,0.00033,sector_c
2162.86388889,1.006884687513492,0,0.00033,sector_c
2162.86527778,1.0067780133564117,0,0.00033,sector_c
2162.86666667,1.0072242124342767,0,0.00033,sector_c
2162.86805556,1.0071574568799428,0,0.00033,sector_c
2162.86944444,1.0073422273850103,0,0.00033,sector_c
2162.87083333,1.0072976827097602,0,0.00033,sector_c
2162.87222222,1.0067133532573858,0,0.00033,sector_c
2162.87361111,1.0070776508184496,0,0.00033,sector_c
2162.875,1.006792304124157,0,0.00033,sector_c
2162.87638889,1.0066532449400551,0,0.00033,sector_c
2162.87777778,1.0070721094387396,0,0.00033,sector_c
2162.87916667,1.00695464535849,0,0.00033,sector_c
2162.88055556,1.0071471033907362,0,0.00033,sector_c
2162.88194444,1.006906818353237,0,0.00033,sector_c
2162.88333333,1.007213033788922,0,0.00033,sector_c
2162.88472222,1.006974120745214,0,0.00033,sector_c
2162.88611111,1.0070892897611878,0,0.00033,sector_c
2162.8875,1.007310735172934,0,0.00033,sector_c
2162.88888889,1.007503250128393,0,0.00033,sector_c
2162.89027778,1.0069066862129223,0,0.00033,sector_c
2162.89166667,1.00644315379164,0,0.00033,sector_c
2162.89305556,1.006564797932957,0,0.00033,sector_c
2162.89444444,1.0073469751509911,0,0.00033,sector_c
2162.89583333,1.0074923415733295,0,0.00033,sector_c
2162.89722222,1.0072380679431012,0,0.00033,sector_c
2162.89861111,1.0074153127685532,0,0.00033,sector_c
2162.9,1.0068936436813094,0,0.00033,sector_c
2162.90138889,1.0068384394139858,0,0.00033,sector_c
2162.90277778,1.0073503318756238,0,0.00033,sector_c
2162.90416667,1.0072020851756671,0,0.00033,sector_c
2162.90555556,1.0071381505881796,0,0.00033,sector_c
2162.90694444,1.0071552056637594,0,0.00033,sector_c
2162.90833333,1.006972028995124,0,0.00033,sector_c
2162.90972222,1.0065109772211345,0,0.00033,sector_c
2162.91111111,1.0072911473020898,0,0.00033,sector_c
2162.9125,1.0070427987791584,0,0.00033,sector_c
2162.91388889,1.0067621746393722,0,0.00033,sector_c
2162.91527778,1.0068269046259555,0,0.00033,sector_c
2162.91666667,1.0072020419322445,0,0.00033,sector_c
2162.91805556,1.0067722593619046,0,0.00033,sector_c
2162.91944444,1.0066363455964438,0,0.00033,sector_c
2162.92083333,1.0070587961178914,0,0.00033,sector_c
2162.92222222,1.0071844419662739,0,0.00033,sector_c
2162.92361111,1.0072034674122718,0,0.00033,sector_c
2162.925,1.0071745282643008,0,0.00033,sector_c
2162.92638889,1.0070216551448066,0,0.00033,sector_c
2162.92777778,1.00688244551119,0,0.00033,sector_c
2162.92916667,1.006395938230949,0,0.00033,sector_c
2162.93055556,1.0068858295532048,0,0.00033,sector_c
2162.93194444,1.0067518800630373,0,0.00033,sector_c
2162.93333333,1.0073798274151509,0,0.00033,sector_c
2162.93472222,1.0067754950496473,0,0.00033,sector_c
2162.93611111,1.007002195385799,0,0.00033,sector_c
2162.9375,1.0071324068815724,0,0.00033,sector_c
2162.93888889,1.006589167211208,0,0.00033,sector_c
2162.94027778,1.0065744969863466,0,0.00033,sector_c
2162.94166667,1.0072514725094006,0,0.00033,sector_c
2162.94305556,1.0072300199227233,0,0.00033,sector_c
2162.94444444,1.0064211930539932,0,0.00033,sector_c
2162.94583333,1.006905182450686,0,0.00033,sector_c
2162.94722222,1.0072565556879263,0,0.00033,sector_c
2162.94861111,1.0066518255770978,0,0.00033,sector_c
2162.95,1.0068833460116855,0,0.00033,sector_c
2162.95138889,1.0068947436776778,0,0.00033,sector_c
2162.95277778,1.006762557825903,0,0.00033,sector_c
2162.95416667,1.0067106905642358,0,0.00033,sector_c
2162.95555556,1.0061062144760653,0,0.00033,sector_c
2162.95694444,1.0065282353230802,0,0.00033,sector_c
2162.95833333,1.0067407393615193,0,0.00033,sector_c
2162.95972222,1.0068910101585666,0,0.00033,sector_c
2162.96111111,1.0073273967310348,0,0.00033,sector_c
2162.9625,1.0075149185573764,0,0.00033,sector_c
2162.96388889,1.0072092378938906,0,0.00033,sector_c
2162.96527778,1.00687284646623,0,0.00033,sector_c
2162.96666667,1.0065084329929488,0,0.00033,sector_c
2162.96805556,1.0067568456698346,0,0.00033,sector_c
2162.96944444,1.0071076478985528,0,0.00033,sector_c
2162.97083333,1.0067636185409665,0,0.00033,sector_c
2162.97222222,1.0068700749493562,0,0.00033,sector_c
2162.97361111,1.0071513300344828,0,0.00033,sector_c
2162.975,1.006534393020348,0,0.00033,sector_c
2162.97638889,1.0065906813504808,0,0.00033,sector_c
2162.97777778,1.0072023787777218,0,0.00033,sector_c
2162.97916667,1.0069386079101847,0,0.00033,sector_c
2162.98055556,1.0070461396038766,0,0.00033,sector_c
2162.98194444,1.006852072505932,0,0.00033,sector_c
2162.98333333,1.0064885377584223,0,0.00033,sector_c
2162.98472222,1.0071396985336885,0,0.00033,sector_c
2162.98611111,1.0066535183302092,0,0.00033,sector_c
2162.9875,1.006902250529894,0,0.00033,sector_c
2162.98888889,1.0069204853218223,0,0.00033,sector_c
2162.99027778,1.0068840049632097,0,0.00033,sector_c
2162.99166667,1.0064314615695398,0,0.00033,sector_c
2162.99305556,1.0068842134052673,0,0.00033,sector_c
2162.99444444,1.0063815167154395,0,0.00033,sector_c
2162.99583333,1.0068287196636616,0,0.00033,sector_c
2162.99722222,1.0066205917118027,0,0.00033,sector_c
2162.99861111,1.007150295391561,0,0.00033,sector_c
2163.0,1.006557608160334,0,0.00033,sector_c
2163.00138889,1.006675760457472,0,0.00033,sector_c
2163.00277778,1.0066664290818965,0,0.00033,sector_c
2163.00416667,1.006168141127198,0,0.00033,sector_c
2163.00555556,1.0066345261000962,0,0.00033,sector_c
2163.00694444,1.0066818637458417,0,0.00033,sector_c
2163.00833333,1.0064712220330285,0,0.00033,sector_c
2163.00972222,1.0066391754216093,0,0.00033,sector_c
2163.01111111,1.006755132442178,2048,0.00033,sector_c
2163.0125,1.0067805688026323,0,0.00033,sector_c
2163.01388889,1.006822552743844,0,0.00033,sector_c
2163.01527778,1.0069594459918354,0,0.00033,sector_c
2163.01666667,1.0069783441158864,0,0.00033,sector_c
2163.01805556,1.0065755245120755,0,0.00033,sector_c
2163.01944444,1.006742526464385,0,0.00033,sector_c
2163.02083333,1.0066379174180862,0,0.00033,sector_c
2163.02222222,1.0065116536634686,0,0.00033,sector_c
2163.02361111,1.0064960762107633,0,0.00033,sector_c
2163.025,1.0063297817276216,0,0.00033,sector_c
2163.02638889,1.0066782161662413,0,0.00033,sector_c
2163.02777778,1.0068868957258688,0,0.00033,sector_c
2163.02916667,1.0064977874834014,0,0.00033,sector_c
2163.03055556,1.006476181942027,0,0.00033,sector_c
2163.03194444,1.006350039655366,0,0.00033,sector_c
2163.03333333,1.0062341636884244,0,0.00033,sector_c
2163.03472222,1.006289910164783,0,0.00033,sector_c
2163.03611111,1.0066396399256585,0,0.00033,sector_c
2163.0375,1.0061207613191374,0,0.00033,sector_c
2163.03888889,1.0070254129236773,0,0.00033,sector_c
2163.04027778,1.006797663341203,0,0.00033,sector_c
2163.04166667,1.0065817008666507,0,0.00033,sector_c
2163.04305556,1.006395917770182,0,0.00033,sector_c
2163.04444444,1.0068095608110277,0,0.00033,sector_c
2163.04583333,1.0064609373886952,0,0.00033,sector_c
2163.04722222,1.0070901179598324,0,0.00033,sector_c
2163.04861111,1.006507174484231,0,0.00033,sector_c
2163.05,1.0066670475728345,0,0.00033,sector_c
2163.05138889,1.0063031836177412,0,0.00033,sector_c
2163.05277778,1.0068330396020575,0,0.00033,sector_c
2163.05416667,1.0066643572736482,0,0.00033,sector_c
2163.05555556,1.0066615575145645,0,0.00033,sector_c
2163.05694444,1.0069834788766896,0,0.00033,sector_c
2163.05833333,1.006272848087164,0,0.00033,sector_c
2163.05972222,1.0059970625127717,0,0.00033,sector_c
2163.06111111,1.0059567337398063,0,0.00033,sector_c
2163.0625,1.0063049844253702,0,0.00033,sector_c
2163.06388889,1.006396131631329,0,0.00033,sector_c
2163.06527778,1.0063848629489545,0,0.00033,sector_c
2163.06666667,1.0066183000263773,0,0.00033,sector_c
2163.06805556,1.0067780786402876,0,0.00033,sector_c
2163.06944444,1.0062703344440107,0,0.00033,sector_c
2163.07083333,1.006809935442423,2048,0.00033,sector_c
2163.07222222,1.0063127464657895,0,0.00033,sector_c
2163.07361111,1.0061868687034545,0,0.00033,sector_c
2163.075,1.0066589107614368,0,0.00033,sector_c
2163.07638889,1.0066881908963836,0,0.00033,sector_c
2163.07777778,1.0066333925670496,0,0.00033,sector_c
2163.07916667,1.0061617728177095,0,0.00033,sector_c
2163.08055556,1.006818197546656,0,0.00033,sector_c
2163.08194444,1.006541907996272,0,0.00033,sector_c
2163.08333333,1.006209026827651,0,0.00033,sector_c
2163.08472222,1.0064308827630926,0,0.00033,sector_c
2163.08611111,1.006470183709718,0,0.00033,sector_c
2163.0875,1.0064004856023763,0,0.00033,sector_c
2163.08888889,1.0062446421265112,0,0.00033,sector_c
2163.09027778,1.0068633488793155,0,0.00033,sector_c
2163.09166667,1.0062592901477883,0,0.00033,sector_c
2163.09305556,1.006493721504923,0,0.00033,sector_c
2163.09444444,1.006369830647289,0,0.00033,sector_c
2163.09583333,1.0064511844453445,0,0.00033,sector_c
2163.09722222,1.0059266103806308,0,0.00033,sector_c
2163.09861111,1.0069214237933883,0,0.00033,sector_c
2163.1,1.0067781480789213,0,0.00033,sector_c
2163.10138889,1.0063443741133278,0,0.00033,sector_c
2163.10277778,1.0066683015980857,0,0.00033,sector_c
2163.10416667,1.0063718556849828,0,0.00033,sector_c
2163.10555556,1.0065675570481993,0,0.00033,sector_c
2163.10694444,1.0063106098878039,0,0.00033,sector_c
2163.10833333,1.005904009824175,0,0.00033,sector_c
2163.10972222,1.006161770158118,2048,0.00033,sector_c
2163.11111111,1.0061625592885015,0,0.00033,sector_c
2163.1125,1.0061233224260777,0,0.00033,sector_c
2163.11388889,1.0057516235003483,0,0.00033,sector_c
2163.11527778,1.0062386732397024,0,0.00033,sector_c
2163.11666667,1.0064552093664763,0,0.00033,sector_c
2163.11805556,1.0063952426651963,0,0.00033,sector_c
2163.11944444,1.0060624919288281,0,0.00033,sector_c
2163.12083333,1.0067391558102257,0,0.00033,sector_c
2163.12222222,1.006214979556838,0,0.00033,sector_c
2163.12361111,1.0063687736427895,0,0.00033,sector_c
2163.125,1.0062046051695197,0,0.00033,sector_c
2163.12638889,1.0060330523677414,0,0.00033,sector_c
2163.12777778,1.0062879851027635,0,0.00033,sector_c
2163.12916667,1.005984668083501,0,0.00033,sector_c
2163.13055556,1.0059338533996527,0,0.00033,sector_c
2163.13194444,1.0057148018473756,0,0.00033,sector_c
2163.13333333,1.0062738912009013,0,0.00033,sector_c
2163.13472222,1.0063890085076088,0,0.00033,sector_c
2163.13611111,1.006201934535187,0,0.00033,sector_c
2163.1375,1.0061030576608851,0,0.00033,sector_c
2163.13888889,1.0061450118294901,0,0.00033,sector_c
2163.14027778,1.0064243049555355,0,0.00033,sector_c
2163.14166667,1.0060535220578013,0,0.00033,sector_c
2163.14305556,1.0061707025933455,0,0.00033,sector_c
2163.14444444,1.0062802223523082,0,0.00033,sector_c
2163.14583333,1.0061424881127852,0,0.00033,sector_c
2163.14722222,1.0062593887067126,0,0.00033,sector_c
2163.14861111,1.0063439358635862,0,0.00033,sector_c
2163.15,1.0060809429646516,0,0.00033,sector_c
2163.15138889,1.0066787073300196,0,0.00033,sector_c
2163.15277778,1.0059615622617222,0,0.00033,sector_c
2163.15416667,1.0061432170790698,0,0.00033,sector_c
2163.15555556,1.0062057937349609,0,0.00033,sector_c
2163.15694444,1.0061194667591926,0,0.00033,sector_c
2163.15833333,1.0058152441740267,0,0.00033,sector_c
2163.15972222,1.0061274799483686,0,0.00033,sector_c
2163.16111111,1.0058514719224325,0,0.00033,sector_c
2163.1625,1.0060620820780855,0,0.00033,sector_c
2163.16388889,1.0062454870029465,0,0.00033,sector_c
2163.16527778,1.0063010088372437,0,0.00033,sector_c
2163.16666667,1.006081819031493,0,0.00033,sector_c
2163.16805556,1.0059511973188278,0,0.00033,sector_c
2163.16944444,1.0066627403404944,0,0.00033,sector_c
2163.17083333,1.006040718963394,0,0.00033,sector_c
2163.17222222,1.0065596503806673,0,0.00033,sector_c
2163.17361111,1.0058464143823278,0,0.00033,sector_c
2163.175,1.0061176310688633,0,0.00033,sector_c
2163.17638889,1.0064795786680443,0,0.00033,sector_c
2163.17777778,1.0058013251346378,0,0.00033,sector_c
2163.17916667,1.005709978656348,0,0.00033,sector_c
2163.18055556,1.0062941909864926,0,0.00033,sector_c
2163.18194444,1.0064564129105582,0,0.00033,sector_c
2163.18333333,1.006242487848911,0,0.00033,sector_c
2163.18472222,1.006134702977799,0,0.00033,sector_c
2163.18611111,1.0058633930255048,0,0.00033,sector_c
2163.1875,1.0060977223872218,0,0.00033,sector_c
2163.18888889,1.0062332865220784,0,0.00033,sector_c
2163.19027778,1.0058843900882237,0,0.00033,sector_c
2163.19166667,1.0055382092110874,0,0.00033,sector_c
2163.19305556,1.0062805876328804,0,0.00033,sector_c
2163.19444444,1.0056503617159642,0,0.00033,sector_c
2163.19583333,1.0055973999051981,0,0.00033,sector_c
2163.19722222,1.0058285365256954,0,0.00033,sector_c
2163.19861111,1.0062484227933817,0,0.00033,sector_c
2163.2,1.0055915885460178,0,0.00033,sector_c
2163.20138889,1.0059495731208368,0,0.00033,sector_c
2163.20277778,1.0064398403345562,0,0.00033,sector_c
2163.20416667,1.006036294021194,0,0.00033,sector_c
2163.20555556,1.0058604301189502,0,0.00033,sector_c
2163.20694444,1.0056924145583788,0,0.00033,sector_c
2163.20833333,1.0054819435516187,0,0.00033,sector_c
2163.20972222,1.0062770774747747,0,0.00033,sector_c
2163.21111111,1.0055288336370554,0,0.00033,sector_c
2163.2125,1.0059242609235552,0,0.00033,sector_c
2163.21388889,1.0061470013611191,0,0.00033,sector_c
2163.21527778,1.0057136937415265,0,0.00033,sector_c
2163.21666667,1.0058122660753421,0,0.00033,sector_c
2163.21805556,1.0061405707725732,0,0.00033,sector_c
2163.21944444,1.0058894062935964,0,0.00033,sector_c
2163.22083333,1.0061799382037158,0,0.00033,sector_c
2163.22222222,1.0061514325202714,0,0.00033,sector_c
2163.22361111,1.0062437791330998,0,0.00033,sector_c
2163.225,1.0054437147226578,0,0.00033,sector_c
2163.22638889,1.00590861454549,0,0.00033,sector_c
2163.22777778,1.0058394412774185,0,0.00033,sector_c
2163.22916667,1.0057602507499805,0,0.00033,sector_c
2163.23055556,1.0053416206063295,0,0.00033,sector_c
2163.23194444,1.005756740881796,0,0.00033,sector_c
2163.23333333,1.0061386018466345,0,0.00033,sector_c
2163.23472222,1.0060484238355372,0,0.00033,sector_c
2163.23611111,1.0055879449503307,0,0.00033,sector_c
2163.2375,1.0057439944346265,0,0.00033,sector_c
2163.23888889,1.0057356461531082,0,0.00033,sector_c
2163.24027778,1.0059811683759219,0,0.00033,sector_c
2163.24166667,1.005566996533219,0,0.00033,sector_c
2163.24305556,1.0055717398374555,0,0.00033,sector_c
2163.24444444,1.0053540818235125,0,0.00033,sector_c
2163.24583333,1.0059495330799344,0,0.00033,sector_c
2163.24722222,1.00624224086694,0,0.00033,sector_c
2163.24861111,1.0058310391544916,0,0.00033,sector_c
2163.25,1.005880433471417,0,0.00033,sector_c
2163.25138889,1.0059276725934483,0,0.00033,sector_c
2163.25277778,1.0053948755672135,0,0.00033,sector_c
2163.25416667,1.0058646859450906,0,0.00033,sector_c
2163.25555556,1.0061037265037596,0,0.00033,sector_c
2163.25694444,1.0059666690917357,0,0.00033,sector_c
2163.25833333,1.0056262058762502,0,0.00033,sector_c
2163.25972222,1.0054651167467321,0,0.00033,sector_c
2163.26111111,1.0054821934828846,0,0.00033,sector_c
2163.2625,1.0059810861842773,0,0.00033,sector_c
2163.26388889,1.0054875198549214,0,0.00033,sector_c
2163.26527778,1.00567754968415,0,0.00033,sector_c
2163.26666667,1.0057038298363459,0,0.00033,sector_c
2163.26805556,1.0055547851737612,0,0.00033,sector_c
2163.26944444,1.0053775465225134,0,0.00033,sector_c
2163.27083333,1.00573892119904,0,0.00033,sector_c
2163.27222222,1.0054083343473876,0,0.00033,sector_c
2163.27361111,1.0054915171278676,0,0.00033,sector_c
2163.275,1.0059127083313377,4096,0.00033,sector_c
2163.27638889,1.0057899109107578,0,0.00033,sector_c
2163.27777778,1.0049970060821944,0,0.00033,sector_c
2163.27916667,1.0052771509953984,0,0.00033,sector_c
2163.28055556,1.0057821417275277,0,0.00033,sector_c
2163.28194444,1.0053182387650115,0,0.00033,sector_c
2163.28333333,1.0057793084599953,0,0.00033,sector_c
2163.28472222,1.0058413055242956,0,0.00033,sector_c
2163.28611111,1.0058329047186636,0,0.00033,sector_c
2163.2875,1.0060194972950212,0,0.00033,sector_c
2163.28888889,1.0051844175882307,0,0.00033,sector_c
2163.29027778,1.005287568866852,0,0.00033,sector_c
2163.29166667,1.0053884129674004,0,0.00033,sector_c
2163.29305556,1.0053882580598386,0,0.00033,sector_c
2163.29444444,1.0057686008153006,0,0.00033,sector_c
2163.29583333,1.0056332630929927,0,0.00033,sector_c
2163.29722222,1.0052744594942047,0,0.00033,sector_c
2163.29861111,1.0053697398149752,0,0.00033,sector_c
2163.3,1.0051548505072279,0,0.00033,sector_c
2163.30138889,1.0053812742383104,0,0.00033,sector_c
2163.30277778,1.0051069602386975,0,0.00033,sector_c
2163.30416667,1.0059805305005187,0,0.00033,sector_c
2163.30555556,1.005683014737554,0,0.00033,sector_c
2163.30694444,1.0053593999712507,0,0.00033,sector_c
2163.30833333,1.0054074852794086,0,0.00033,sector_c
2163.30972222,1.0056577736376429,0,0.00033,sector_c
2163.31111111,1.0054316390005618,0,0.00033,sector_c
2163.3125,1.0057724967960735,0,0.00033,sector_c
2163.31388889,1.0054690312275,0,0.00033,sector_c
2163.31527778,1.006045734260884,0,0.00033,sector_c
2163.31666667,1.0055919731273797,0,0.00033,sector_c
2163.31805556,1.005102931157165,0,0.00033,sector_c
2163.31944444,1.0051192021939197,0,0.00033,sector_c
2163.32083333,1.005244643088924,0,0.00033,sector_c
2163.32222222,1.0058647349548617,0,0.00033,sector_c
2163.32361111,1.005288062073905,0,0.00033,sector_c
2163.325,1.0056220025532712,0,0.00033,sector_c
2163.32638889,1.0049709466307601,0,0.00033,sector_c
2163.32777778,1.005499709252888,0,0.00033,sector_c
2163.32916667,1.0050525939727675,0,0.00033,sector_c
2163.33055556,1.0052108805789857,0,0.00033,sector_c
2163.33194444,1.005331316544688,0,0.00033,sector_c
2163.33333333,1.0049455304947503,0,0.00033,sector_c
2163.33472222,1.0059600694382302,0,0.00033,sector_c
2163.33611111,1.0050035790937182,0,0.00033,sector_c
2163.3375,1.0051683457674072,0,0.00033,sector_c
2163.33888889,1.0057630238195232,0,0.00033,sector_c
2163.34027778,1.0055477728199356,0,0.00033,sector_c
2163.34166667,1.0046187176708068,0,0.00033,sector_c
2163.34305556,1.0053914118840612,0,0.00033,sector_c
2163.34444444,1.0055635576815325,0,0.00033,sector_c
2163.34583333,1.0049850614943971,0,0.00033,sector_c
2163.34722222,1.0052579441392517,0,0.00033,sector_c
2163.34861111,1.0050470075942457,0,0.00033,sector_c
2163.35,1.0050375897816586,0,0.00033,sector_c
2163.35138889,1.005709933907483,0,0.00033,sector_c
2163.35277778,1.0055006710646073,0,0.00033,sector_c
2163.35416667,1.0049975666410151,0,0.00033,sector_c
2163.35555556,1.0048804028069525,0,0.00033,sector_c
2163.35694444,1.0054183475884748,0,0.00033,sector_c
2163.35833333,1.0052687983961108,0,0.00033,sector_c
2163.35972222,1.005109650939299,0,0.00033,sector_c
2163.36111111,1.0052582742207372,0,0.00033,sector_c
2163.3625,1.0048265058748589,0,0.00033,sector_c
2163.36388889,1.004972695586295,0,0.00033,sector_c
2163.36527778,1.0049680280690163,0,0.00033,sector_c
2163.36666667,1.0055046511337844,0,0.00033,sector_c
2163.36805556,1.0051524892953325,0,0.00033,sector_c
2163.36944444,1.004874010889835,0,0.00033,sector_c
2163.37083333,1.0049400116310665,0,0.00033,sector_c
2163.37222222,1.0054342996370305,0,0.00033,sector_c
2163.37361111,1.0052291769644324,0,0.00033,sector_c
2163.375,1.004977108260251,0,0.00033,sector_c
2163.37638889,1.0050194724247554,0,0.00033,sector_c
2163.37777778,1.005313895933344,0,0.00033,sector_c
2163.37916667,1.0050208302947439,0,0.00033,sector_c
2163.38055556,1.0050282740088101,0,0.00033,sector_c
2163.38194444,1.0049013879653554,0,0.00033,sector_c
2163.38333333,1.0044127500901296,0,0.00033,sector_c
2163.38472222,1.0052370068508947,0,0.00033,sector_c
2163.38611111,1.005022290803411,0,0.00033,sector_c
2163.3875,1.005286620530312,0,0.00033,sector_c
2163.38888889,1.0059066693118222,0,0.00033,sector_c
2163.39027778,1.0049509158595151,0,0.00033,sector_c
2163.39166667,1.0052004877559928,0,0.00033,sector_c
2163.39305556,1.0049312684497986,0,0.00033,sector_c
2163.39444444,1.0048198532651123,0,0.00033,sector_c
2163.39583333,1.0047945508393714,0,0.00033,sector_c
2163.39722222,1.0049070486642009,0,0.00033,sector_c
2163.39861111,1.005012620512125,0,0.00033,sector_c
2163.4,1.0054727446500795,0,0.00033,sector_c
2163.40138889,1.0050876337647348,0,0.00033,sector_c
2163.40277778,1.0048243898990705,0,0.00033,sector_c
2163.40416667,1.0052427453228447,0,0.00033,sector_c
2163.40555556,1.0047158215924836,0,0.00033,sector_c
2163.40694444,1.0051513441038586,0,0.00033,sector_c
2163.40833333,1.0050140865507202,0,0.00033,sector_c
2163.40972222,1.0047956733662635,0,0.00033,sector_c
2163.41111111,1.0050600894325465,0,0.00033,sector_c
2163.4125,1.0052379509484146,0,0.00033,sector_c
2163.41388889,1.0050979597544454,0,0.00033,sector_c
2163.41527778,1.0043983980421272,0,0.00033,sector_c
2163.41666667,1.0044219851055605,0,0.00033,sector_c
2163.41805556,1.004864931590597,0,0.00033,sector_c
2163.41944444,1.0048066860234675,0,0.00033,sector_c
2163.42083333,1.0044858999175024,0,0.00033,sector_c
2163.42222222,1.005078811645469,0,0.00033,sector_c
2163.42361111,1.0049979126367778,0,0.00033,sector_c
2163.425,1.0051899934808013,0,0.00033,sector_c
2163.42638889,1.0049281353118533,0,0.00033,sector_c
2163.42777778,1.0053167804691858,0,0.00033,sector_c
2163.42916667,1.004656142322274,0,0.00033,sector_c
2163.43055556,1.0047200468055781,0,0.00033,sector_c
2163.43194444,1.005000591759925,0,0.00033,sector_c
2163.43333333,1.0049183666833064,0,0.00033,sector_c
2163.43472222,1.0043868803936682,0,0.00033,sector_c
2163.43611111,1.0045810159616262,0,0.00033,sector_c
2163.4375,1.0049537734276737,0,0.00033,sector_c
2163.43888889,1.004818106653302,0,0.00033,sector_c
2163.44027778,1.004576367056971,0,0.00033,sector_c
2163.44166667,1.0046884712636084,0,0.00033,sector_c
2163.44305556,1.0047193663215492,0,0.00033,sector_c
2163.44444444,1.0046950134713457,0,0.00033,sector_c
2163.44583333,1.0048725024557112,0,0.00033,sector_c
2163.44722222,1.004919031752217,0,0.00033,sector_c
2163.44861111,1.0045178329126012,0,0.00033,sector_c
2163.45,1.005360231841191,0,0.00033,sector_c
2163.45138889,1.0048002754101832,0,0.00033,sector_c
2163.45277778,1.0046749905149772,0,0.00033,sector_c
2163.45416667,1.0052199410650065,0,0.00033,sector_c
2163.45555556,1.004699085786865,0,0.00033,sector_c
2163.45694444,1.0043657093519542,0,0.00033,sector_c
2163.45833333,1.0043189134146953,0,0.00033,sector_c
2163.45972222,1.004510437396729,0,0.00033,sector_c
2163.46111111,1.0044924463784177,0,0.00033,sector_c
2163.4625,1.0041763370915127,0,0.00033,sector_c
2163.46388889,1.004541439336187,0,0.00033,sector_c
2163.46527778,1.004404794492031,0,0.00033,sector_c
2163.46666667,1.0049849562927937,0,0.00033,sector_c
2163.46805556,1.0047478591157535,0,0.00033,sector_c
2163.46944444,1.004387615004135,0,0.00033,sector_c
2163.47083333,1.0048928821448286,0,0.00033,sector_c
2163.47222222,1.0045513828902044,0,0.00033,sector_c
2163.47361111,1.0040482897197636,0,0.00033,sector_c
2163.475,1.0045817231115641,0,0.00033,sector_c
2163.47638889,1.004976840637715,0,0.00033,sector_c
2163.47777778,1.004595050860618,0,0.00033,sector_c
2163.47916667,1.004396788054914,0,0.00033,sector_c
2163.48055556,1.0045803327583598,0,0.00033,sector_c
2163.48194444,1.004391666826807,0,0.00033,sector_c
2163.48333333,1.0047063219177685,0,0.00033,sector_c
2163.48472222,1.0046145782809508,0,0.00033,sector_c
2163.48611111,1.0044422262528516,0,0.00033,sector_c
2163.4875,1.0047487106768558,0,0.00033,sector_c
2163.48888889,1.004982868974567,0,0.00033,sector_c
2163.49027778,1.0046018224710136,0,0.00033,sector_c
2163.49166667,1.0048576559019653,0,0.00033,sector_c
2163.49305556,1.0047251209318369,0,0.00033,sector_c
2163.49444444,1.0044395146084946,0,0.00033,sector_c
2163.49583333,1.0044973753394888,0,0.00033,sector_c
2163.49722222,1.0048842256744523,0,0.00033,sector_c
2163.49861111,1.0045783953091334,0,0.00033,sector_c
2163.5,1.0047284699373285,0,0.00033,sector_c
2163.50138889,1.0040258937119169,0,0.00033,sector_c
2163.50277778,1.004658117508515,0,0.00033,sector_c
2163.50416667,1.0039639731862502,0,0.00033,sector_c
2163.50555556,1.0049746039072538,0,0.00033,sector_c
2163.50694444,1.0045144321682353,0,0.00033,sector_c
2163.50833333,1.0046633628522663,0,0.00033,sector_c
2163.50972222,1.0042288799623804,0,0.00033,sector_c
2163.51111111,1.004387387630568,0,0.00033,sector_c
2163.5125,1.0040982347052358,0,0.00033,sector_c
2163.51388889,1.0041264460692525,0,0.00033,sector_c
2163.51527778,1.004441049240192,0,0.00033,sector_c
2163.51666667,1.0042800671603722,0,0.00033,sector_c
2163.51805556,1.0042845868761785,0,0.00033,sector_c
2163.51944444,1.0043119186201908,0,0.00033,sector_c
2163.52083333,1.0047272193983168,0,0.00033,sector_c
2163.52222222,1.004620555955412,0,0.00033,sector_c
2163.52361111,1.0048578924168305,0,0.00033,sector_c
2163.525,1.004265614461065,2048,0.00033,sector_c
2163.52638889,1.0041644862217074,0,0.00033,sector_c
2163.52777778,1.0043821176650491,0,0.00033,sector_c
2163.52916667,1.0045188616670155,0,0.00033,sector_c
2163.53055556,1.0039174942425602,0,0.00033,sector_c
2163.53194444,1.0044748196289837,0,0.00033,sector_c
2163.53333333,1.0042078040516635,0,0.00033,sector_c
2163.53472222,1.0044134114006487,0,0.00033,sector_c
2163.53611111,1.004361086442791,0,0.00033,sector_c
2163.5375,1.004191231077683,0,0.00033,sector_c
2163.53888889,1.0040441972537097,0,0.00033,sector_c
2163.54027778,1.0041803074658588,0,0.00033,sector_c
2163.54166667,1.0045464719389705,0,0.00033,sector_c
2163.54305556,1.0037630080812063,0,0.00033,sector_c
2163.54444444,1.0042749779636275,0,0.00033,sector_c
2163.54583333,1.0041782463807991,0,0.00033,sector_c
2163.54722222,1.004159165213157,0,0.00033,sector_c
2163.54861111,1.0042591078066512,0,0.00033,sector_c
2163.55,1.0043152148559884,0,0.00033,sector_c
2163.55138889,1.004188841356646,0,0.00033,sector_c
2163.55277778,1.004543817301931,0,0.00033,sector_c
2163.55416667,1.00409277177117,0,0.00033,sector_c
2163.55555556,1.004766291966989,0,0.00033,sector_c
2163.55694444,1.0036361530331368,4096,0.00033,sector_c
2163.55833333,1.004594508852142,0,0.00033,sector_c
2163.55972222,1.004043903483563,0,0.00033,sector_c
2163.56111111,1.0037997574388111,0,0.00033,sector_c
2163.5625,1.0038773040170452,0,0.00033,sector_c
2163.56388889,1.0039787768782078,0,0.00033,sector_c
2163.56527778,1.004153616841761,0,0.00033,sector_c
2163.56666667,1.0040786893289602,0,0.00033,sector_c
2163.56805556,1.0044549389347759,2048,0.00033,sector_c
2163.56944444,1.0040444028577982,0,0.00033,sector_c
2163.57083333,1.0039970207417523,0,0.00033,sector_c
2163.57222222,1.0039738416915172,0,0.00033,sector_c
2163.57361111,1.0042118179810575,0,0.00033,sector_c
2163.575,1.004070342945541,0,0.00033,sector_c
2163.57638889,1.004469624100279,0,0.00033,sector_c
2163.57777778,1.0038847726998574,0,0.00033,sector_c
2163.57916667,1.0039313669975196,0,0.00033,sector_c
2163.58055556,1.0038921634874505,0,0.00033,sector_c
2163.58194444,1.0037957293581041,0,0.00033,sector_c
2163.58333333,1.0038879651369654,0,0.00033,sector_c
2163.58472222,1.0037471696740083,0,0.00033,sector_c
2163.58611111,1.0033724184755919,0,0.00033,sector_c
2163.5875,1.003493247466422,0,0.00033,sector_c
2163.58888889,1.0036436710682084,0,0.00033,sector_c
2163.59027778,1.0032240774951406,0,0.00033,sector_c
2163.59166667,1.0037011095561545,0,0.00033,sector_c
2163.59305556,1.0040898731100538,0,0.00033,sector_c
2163.59444444,1.003986661671273,0,0.00033,sector_c
2163.59583333,1.0034492072703098,0,0.00033,sector_c
2163.59722222,1.003465238435445,0,0.00033,sector_c
2163.59861111,1.0037256311560365,0,0.00033,sector_c
2163.6,1.003647490253225,0,0.00033,sector_c
2163.60138889,1.0040174370846038,0,0.00033,sector_c
2163.60277778,1.003886387509896,0,0.00033,sector_c
2163.60416667,1.0039127363916707,0,0.00033,sector_c
2163.60555556,1.003761420728538,0,0.00033,sector_c
2163.60694444,1.0040860477568239,0,0.00033,sector_c
2163.60833333,1.0038772994042182,0,0.00033,sector_c
2163.60972222,1.0045468383714,0,0.00033,sector_c
2163.61111111,1.004027896290206,0,0.00033,sector_c
2163.6125,1.0038662504596036,0,0.00033,sector_c
2163.61388889,1.0037531686434957,0,0.00033,sector_c
2163.61527778,1.0036466587527435,0,0.00033,sector_c
2163.61666667,1.0035186129148508,0,0.00033,sector_c
2163.61805556,1.0038450064330209,0,0.00033,sector_c
2163.61944444,1.0039328930689824,0,0.00033,sector_c
2163.62083333,1.0042112075096807,0,0.00033,sector_c
2163.62222222,1.0038620057301857,0,0.00033,sector_c
2163.62361111,1.0040271881595166,0,0.00033,sector_c
2163.625,1.0038537687281945,0,0.00033,sector_c
2163.62638889,1.0037010987404522,0,0.00033,sector_c
2163.62777778,1.003903089719957,0,0.00033,sector_c
2163.62916667,1.003910313354273,0,0.00033,sector_c
2163.63055556,1.0036716121263003,0,0.00033,sector_c
2163.63194444,1.0036614019095254,0,0.00033,sector_c
2163.63333333,1.0036884211990802,0,0.00033,sector_c
2163.63472222,1.003146459731943,0,0.00033,sector_c
2163.63611111,1.0037936056792147,0,0.00033,sector_c
2163.6375,1.0033051538833375,0,0.00033,sector_c
2163.63888889,1.0043344388108466,0,0.00033,sector_c
2163.64027778,1.003646218771895,0,0.00033,sector_c
2163.64166667,1.0037594112179506,0,0.00033,sector_c
2163.64305556,1.0037754099023481,0,0.00033,sector_c
2163.64444444,1.0031869182223243,0,0.00033,sector_c
2163.64583333,1.0040889523521659,0,0.00033,sector_c
2163.64722222,1.0034844709256867,0,0.00033,sector_c
2163.64861111,1.0039580514670619,0,0.00033,sector_c
2163.65,1.0040209064595533,0,0.00033,sector_c
2163.65138889,1.00389866365488,0,0.00033,sector_c
2163.65277778,1.0028299582033453,0,0.00033,sector_c
2163.65416667,1.003304667741983,0,0.00033,sector_c
2163.65555556,1.003491052173199,0,0.00033,sector_c
2163.65694444,1.0032552531673795,0,0.00033,sector_c
2163.65833333,1.0035865819861851,0,0.00033,sector_c
2163.65972222,1.0040330400035953,0,0.00033,sector_c
2163.66111111,1.0039332886600743,0,0.00033,sector_c
2163.6625,1.0034620657682018,0,0.00033,sector_c
2163.66388889,1.003260043641468,0,0.00033,sector_c
2163.66527778,1.0037795334633923,0,0.00033,sector_c
2163.66666667,1.0037636583149405,0,0.00033,sector_c
2163.66805556,1.003471051342408,0,0.00033,sector_c
2163.66944444,1.0032970180164624,0,0.00033,sector_c
2163.67083333,1.003973630489122,0,0.00033,sector_c
2163.67222222,1.0040081974090531,0,0.00033,sector_c
2163.67361111,1.0038788643240328,0,0.00033,sector_c
2163.675,1.0037413613944723,0,0.00033,sector_c
2163.67638889,1.0033876984807502,0,0.00033,sector_c
2163.67777778,1.0035756710724393,0,0.00033,sector_c
2163.67916667,1.0031778634128103,0,0.00033,sector_c
2163.68055556,1.0039228074396822,0,0.00033,sector_c
2163.68194444,1.0031644210754056,0,0.00033,sector_c
2163.68333333,1.0032439558449073,0,0.00033,sector_c
2163.68472222,1.00337364710016,0,0.00033,sector_c
2163.68611111,1.0033984832458407,0,0.00033,sector_c
2163.6875,1.0038537832224783,0,0.00033,sector_c
2163.68888889,1.0036652756240625,0,0.00033,sector_c
2163.69027778,1.0032014649404493,0,0.00033,sector_c
2163.69166667,1.003509376114723,0,0.00033,sector_c
2163.69305556,1.0034908334318478,0,0.00033,sector_c
2163.69444444,1.0038273379099774,0,0.00033,sector_c
2163.69583333,1.002931587256765,0,0.00033,sector_c
2163.69722222,1.003228161672809,0,0.00033,sector_c
2163.69861111,1.0030850606678023,0,0.00033,sector_c
2163.7,1.0034257963879134,0,0.00033,sector_c
2163.70138889,1.0036205291571545,0,0.00033,sector_c
2163.70277778,1.0033007153518554,0,0.00033,sector_c
2163.70416667,1.00396975662886,0,0.00033,sector_c
2163.70555556,1.0030698829355322,0,0.00033,sector_c
2163.70694444,1.0033754919559243,0,0.00033,sector_c
2163.70833333,1.0031361406209094,0,0.00033,sector_c
2163.70972222,1.002919427606377,0,0.00033,sector_c
2163.71111111,1.0031866446598612,0,0.00033,sector_c
2163.7125,1.0033163909185725,0,0.00033,sector_c
2163.71388889,1.00309782407355,0,0.00033,sector_c
2163.71527778,1.0030952699109972,0,0.00033,sector_c
2163.71666667,1.0032618326447482,0,0.00033,sector_c
2163.71805556,1.0030761989953234,0,0.00033,sector_c
2163.71944444,1.0035279843189528,0,0.00033,sector_c
2163.72083333,1.0034284581171828,0,0.00033,sector_c
2163.72222222,1.0032658447692322,0,0.00033,sector_c
2163.72361111,1.003532419597659,0,0.00033,sector_c
2163.725,1.002599775147975,0,0.00033,sector_c
2163.72638889,1.0029520863791532,0,0.00033,sector_c
2163.72777778,1.0035811800799916,0,0.00033,sector_c
2163.72916667,1.002955882062856,0,0.00033,sector_c
2163.73055556,1.0034746701183417,0,0.00033,sector_c
2163.73194444,1.0033203429690296,0,0.00033,sector_c
2163.73333333,1.0032208751623601,0,0.00033,sector_c
2163.73472222,1.0031260556763806,0,0.00033,sector_c
2163.73611111,1.0028370594479068,0,0.00033,sector_c
2163.7375,1.0027355190555438,0,0.00033,sector_c
2163.73888889,1.002665214179056,0,0.00033,sector_c
2163.74027778,1.0032712327937707,0,0.00033,sector_c
2163.74166667,1.0031294176071215,0,0.00033,sector_c
2163.74305556,1.00322049363735,0,0.00033,sector_c
2163.74444444,1.002801378206149,0,0.00033,sector_c
2163.74583333,1.0031279288249162,0,0.00033,sector_c
2163.74722222,1.0034173395739339,0,0.00033,sector_c
2163.74861111,1.0028833776079271,0,0.00033,sector_c
2163.75,1.0029506265059278,0,0.00033,sector_c
2163.75138889,1.0029789843516035,0,0.00033,sector_c
2163.75277778,1.0036634044675448,0,0.00033,sector_c
2163.75416667,1.0033907180032196,0,0.00033,sector_c
2163.75555556,1.0036157805737804,0,0.00033,sector_c
2163.75694444,1.0038072412144392,0,0.00033,sector_c
2163.75833333,1.0029781182580633,0,0.00033,sector_c
2163.75972222,1.0031299690410378,0,0.00033,sector_c
2163.76111111,1.0023551270997368,0,0.00033,sector_c
2163.7625,1.003054051967989,0,0.00033,sector_c
2163.76388889,1.002868693324749,0,0.00033,sector_c
2163.76527778,1.0030202433794575,0,0.00033,sector_c
2163.76666667,1.0030326213672827,0,0.00033,sector_c
2163.76805556,1.0023724322714698,0,0.00033,sector_c
2163.76944444,1.0030735926844911,0,0.00033,sector_c
2163.77083333,1.002842819388941,0,0.00033,sector_c
2163.77222222,1.002598196843342,0,0.00033,sector_c
2163.77361111,1.002777999518345,0,0.00033,sector_c
2163.775,1.003169115608543,0,0.00033,sector_c
2163.77638889,1.0027433075707037,0,0.00033,sector_c
2163.77777778,1.0033232501857479,0,0.00033,sector_c
2163.77916667,1.0030627700554466,0,0.00033,sector_c
2163.78055556,1.0028997247954163,0,0.00033,sector_c
2163.78194444,1.0026232437193223,0,0.00033,sector_c
2163.78333333,1.0026367262169489,0,0.00033,sector_c
2163.78472222,1.0031963152657684,0,0.00033,sector_c
2163.78611111,1.0028639708334641,0,0.00033,sector_c
2163.7875,1.0029271958864558,0,0.00033,sector_c
2163.78888889,1.0029264701576743,0,0.00033,sector_c
2163.79027778,1.0030842388103778,0,0.00033,sector_c
2163.79166667,1.0030481054951064,0,0.00033,sector_c
2163.79305556,1.0027256017624275,0,0.00033,sector_c
2163.79444444,1.0029079467521755,0,0.00033,sector_c
2163.79583333,1.002761062646928,0,0.00033,sector_c
2163.79722222,1.0029567873737348,0,0.00033,sector_c
2163.79861111,1.0023655183874984,0,0.00033,sector_c
2163.8,1.0027278968524354,0,0.00033,sector_c
2163.80138889,1.0031548159668313,0,0.00033,sector_c
2163.80277778,1.0024120535732224,0,0.00033,sector_c
2163.80416667,1.0025707205017749,0,0.00033,sector_c
2163.80555556,1.0028176396475397,0,0.00033,sector_c
2163.80694444,1.0023986125172153,0,0.00033,sector_c
2163.80833333,1.0027593442820701,0,0.00033,sector_c
2163.80972222,1.0028171577000773,0,0.00033,sector_c
2163.81111111,1.002942362077601,0,0.00033,sector_c
2163.8125,1.002766861796208,0,0.00033,sector_c
2163.81388889,1.0027922315365188,0,0.00033,sector_c
2163.81527778,1.0025773381811502,0,0.00033,sector_c
2163.81666667,1.0027655127459856,0,0.00033,sector_c
2163.81805556,1.002762534187049,0,0.00033,sector_c
2163.81944444,1.0028152014755196,0,0.00033,sector_c
2163.82083333,1.0028854694901856,0,0.00033,sector_c
2163.82222222,1.0028807829723034,0,0.00033,sector_c
2163.82361111,1.002856374965804,0,0.00033,sector_c
2163.825,1.002728591458131,0,0.00033,sector_c
2163.82638889,1.002670163535739,0,0.00033,sector_c
2163.82777778,1.0024963483517506,0,0.00033,sector_c
2163.82916667,1.0028219030920853,0,0.00033,sector_c
2163.83055556,1.0029776754030322,0,0.00033,sector_c
2163.83194444,1.0024828352802857,0,0.00033,sector_c
2163.83333333,1.0027922341473716,0,0.00033,sector_c
2163.83472222,1.0025702435180046,0,0.00033,sector_c
2163.83611111,1.0025474095463611,0,0.00033,sector_c
2163.8375,1.0023017065960234,0,0.00033,sector_c
2163.83888889,1.002507280958441,0,0.00033,sector_c
2163.84027778,1.002753760257307,0,0.00033,sector_c
2163.84166667,1.0027082868345374,0,0.00033,sector_c
2163.84305556,1.002799497547364,0,0.00033,sector_c
2163.84444444,1.00236117486772,0,0.00033,sector_c
2163.84583333,1.0019157018824951,0,0.00033,sector_c
2163.84722222,1.0027413637104323,0,0.00033,sector_c
2163.84861111,1.002517542669127,0,0.00033,sector_c
2163.85,1.002715712505782,0,0.00033,sector_c
2163.85138889,1.0030422019606229,0,0.00033,sector_c
2163.85277778,1.0028134096612282,0,0.00033,sector_c
2163.85416667,1.001895490655229,0,0.00033,sector_c
2163.85555556,1.0023509834073734,0,0.00033,sector_c
2163.85694444,1.0023892956617773,0,0.00033,sector_c
2163.85833333,1.0029348023721134,0,0.00033,sector_c
2163.85972222,1.0022524776989197,0,0.00033,sector_c
2163.86111111,1.0023652624142556,0,0.00033,sector_c
2163.8625,1.0027650478331316,0,0.00033,sector_c
2163.86388889,1.0019307996097981,0,0.00033,sector_c
2163.86527778,1.0022761319131974,0,0.00033,sector_c
2163.86666667,1.0020306812356172,0,0.00033,sector_c
2163.86805556,1.0021085748825218,0,0.00033,sector_c
2163.86944444,1.0025444766689051,0,0.00033,sector_c
2163.87083333,1.0024160447845931,0,0.00033,sector_c
2163.87222222,1.0023573699425248,0,0.00033,sector_c
2163.87361111,1.0023728448131934,0,0.00033,sector_c
2163.875,1.0022573063861442,0,0.00033,sector_c
2163.87638889,1.0023559174112757,0,0.00033,sector_c
2163.87777778,1.0025148050890016,0,0.00033,sector_c
2163.87916667,1.0021373429586886,0,0.00033,sector_c
2163.88055556,1.0023974807954077,0,0.00033,sector_c
2163.88194444,1.0022175406027596,0,0.00033,sector_c
2163.88333333,1.0026144079007708,0,0.00033,sector_c
2163.88472222,1.0026907396103364,0,0.00033,sector_c
2163.88611111,1.002523793654489,0,0.00033,sector_c
2163.8875,1.0026234595738484,0,0.00033,sector_c
2163.88888889,1.0021870775889796,0,0.00033,sector_c
2163.89027778,1.0022240297601057,0,0.00033,sector_c
2163.89166667,1.002369894625734,0,0.00033,sector_c
2163.89305556,1.0022218105715859,0,0.00033,sector_c
2163.89444444,1.0024696725676223,0,0.00033,sector_c
2163.89583333,1.0022445520981433,0,0.00033,sector_c
2163.89722222,1.001922445305452,0,0.00033,sector_c
2163.89861111,1.001989303131822,0,0.00033,sector_c
2163.9,1.0023477215592,0,0.00033,sector_c
2163.90138889,1.002945666811751,0,0.00033,sector_c
2163.90277778,1.0022927374865604,0,0.00033,sector_c
2163.90416667,1.001808843775959,0,0.00033,sector_c
2163.90555556,1.0023129468371452,0,0.00033,sector_c
2163.90694444,1.0020375425604073,0,0.00033,sector_c
2163.90833333,1.001847970364457,0,0.00033,sector_c
2163.90972222,1.0029754159654969,0,0.00033,sector_c
2163.91111111,1.0029024753780271,0,0.00033,sector_c
2163.9125,1.0021952136650247,0,0.00033,sector_c
2163.91388889,1.0021905199558014,0,0.00033,sector_c
2163.91527778,1.0021127939564884,0,0.00033,sector_c
2163.91666667,1.0024234471610018,0,0.00033,sector_c
2163.91805556,1.0024213233081178,0,0.00033,sector_c
2163.91944444,1.0024860209323732,0,0.00033,sector_c
2163.92083333,1.0018549059271475,0,0.00033,sector_c
2163.92222222,1.0020809234138295,0,0.00033,sector_c
2163.92361111,1.0023838022303946,0,0.00033,sector_c
2163.925,1.0021898375520468,0,0.00033,sector_c
2163.92638889,1.001714592589935,0,0.00033,sector_c
2163.92777778,1.002133838287152,0,0.00033,sector_c
2163.92916667,1.0024138622874146,0,0.00033,sector_c
2163.93055556,1.0015044036845882,0,0.00033,sector_c
2163.93194444,1.0025563209637967,0,0.00033,sector_c
2163.93333333,1.0020605473525235,0,0.00033,sector_c
2163.93472222,1.0025248071798543,0,0.00033,sector_c
2163.93611111,1.002369052240866,0,0.00033,sector_c
2163.9375,1.0021932222068566,0,0.00033,sector_c
2163.93888889,1.0020544055752296,0,0.00033,sector_c
2163.94027778,1.0020239082160822,0,0.00033,sector_c
2163.94166667,1.0018664408454965,0,0.00033,sector_c
2163.94305556,1.0020998820904214,0,0.00033,sector_c
2163.94444444,1.0021470619972537,0,0.00033,sector_c
2163.94583333,1.0016089840141924,0,0.00033,sector_c
2163.94722222,1.0018589151193869,0,0.00033,sector_c
2163.94861111,1.001345387316523,0,0.00033,sector_c
2163.95,1.0015672050297006,0,0.00033,sector_c
2163.95138889,1.0017811026744605,0,0.00033,sector_c
2163.95277778,1.0021371237688435,0,0.00033,sector_c
2163.95416667,1.0019930189301394,0,0.00033,sector_c
2163.95555556,1.0020125611605666,0,0.00033,sector_c
2163.95694444,1.0018428094072978,0,0.00033,sector_c
2163.95833333,1.0016459721523172,0,0.00033,sector_c
2163.95972222,1.0022004512390759,0,0.00033,sector_c
2163.96111111,1.0021536717368202,0,0.00033,sector_c
2163.9625,1.0016124531061352,0,0.00033,sector_c
2163.96388889,1.0018518150149953,0,0.00033,sector_c
2163.96527778,1.002038232309253,0,0.00033,sector_c
2163.96666667,1.0016153507642847,0,0.00033,sector_c
2163.96805556,1.0016850123579433,0,0.00033,sector_c
2163.96944444,1.002036286727918,0,0.00033,sector_c
2163.97083333,1.0019407296659286,0,0.00033,sector_c
2163.97222222,1.0021748312477883,0,0.00033,sector_c
2163.97361111,1.0018096834197698,0,0.00033,sector_c
2163.975,1.0020718457810394,0,0.00033,sector_c
2163.97638889,1.0020333478172823,0,0.00033,sector_c
2163.97777778,1.0024235765013791,0,0.00033,sector_c
2163.97916667,1.0016528586600428,0,0.00033,sector_c
2163.98055556,1.0018510776573184,0,0.00033,sector_c
2163.98194444,1.0015769837689195,0,0.00033,sector_c
2163.98333333,1.002030944083956,0,0.00033,sector_c
2163.98472222,1.0020535327810394,0,0.00033,sector_c
2163.98611111,1.0023203117952668,0,0.00033,sector_c
2163.9875,1.0017828837664793,0,0.00033,sector_c
2163.98888889,1.0020748437164644,0,0.00033,sector_c
2163.99027778,1.0018939276198378,0,0.00033,sector_c
2163.99166667,1.002308500953938,0,0.00033,sector_c
2163.99305556,1.0018326568585325,0,0.00033,sector_c
2163.99444444,1.0017594378778054,0,0.00033,sector_c
2163.99583333,1.0020505929748256,0,0.00033,sector_c
2163.99722222,1.0017769219732366,0,0.00033,sector_c
2163.99861111,1.001596780003577,0,0.00033,sector_c
2164.0,1.0012792987591426,0,0.00033,sector_c
2164.00138889,1.0019173445885274,0,0.00033,sector_c
2164.00277778,1.0021328450499316,0,0.00033,sector_c
2164.00416667,1.0018071585981239,0,0.00033,sector_c
2164.00555556,1.002050940334012,0,0.00033,sector_c
2164.00694444,1.001647609211374,0,0.00033,sector_c
2164.00833333,1.001965121905082,0,0.00033,sector_c
2164.00972222,1.0019896588806063,0,0.00033,sector_c
2164.01111111,1.0016224415397157,0,0.00033,sector_c
2164.0125,1.0013323793339544,0,0.00033,sector_c
2164.01388889,1.0016480139429293,0,0.00033,sector_c
2164.01527778,1.0017224204434934,0,0.00033,sector_c
2164.01666667,1.0019125262512238,0,0.00033,sector_c
2164.01805556,1.0011485830653155,0,0.00033,sector_c
2164.01944444,1.0021130265584872,0,0.00033,sector_c
2164.02083333,1.0018556421164948,0,0.00033,sector_c
2164.02222222,1.0016056894515128,0,0.00033,sector_c
2164.02361111,1.0013675202594676,0,0.00033,sector_c
2164.025,1.0014812886605506,0,0.00033,sector_c
2164.02638889,1.0017754848798524,0,0.00033,sector_c
2164.02777778,1.0017684866828833,0,0.00033,sector_c
2164.02916667,1.0017434356230461,0,0.00033,sector_c
2164.03055556,1.001181652979626,0,0.00033,sector_c
2164.03194444,1.0014939528756652,0,0.00033,sector_c
2164.03333333,1.001609293347691,0,0.00033,sector_c
2164.03472222,1.0015488582596115,0,0.00033,sector_c
2164.03611111,1.001424947121497,0,0.00033,sector_c
2164.0375,1.0016412117010565,0,0.00033,sector_c
2164.03888889,1.0019384223466123,0,0.00033,sector_c
2164.04027778,1.001218495469804,0,0.00033,sector_c
2164.04166667,1.001928099318875,0,0.00033,sector_c
2164.04305556,1.0012965023717306,0,0.00033,sector_c
2164.04444444,1.001294731310278,0,0.00033,sector_c
2164.04583333,1.0012706526580275,0,0.00033,sector_c
2164.04722222,1.0017738131484,0,0.00033,sector_c
2164.04861111,1.0016796919750819,0,0.00033,sector_c
2164.05,1.0018431573028996,0,0.00033,sector_c
2164.05138889,1.0013084873160087,0,0.00033,sector_c
2164.05277778,1.0011891449709645,0,0.00033,sector_c
2164.05416667,1.0021202382686405,0,0.00033,sector_c
2164.05555556,1.0016680784685292,0,0.00033,sector_c
2164.05694444,1.0007993115919467,0,0.00033,sector_c
2164.05833333,1.0012019942174684,0,0.00033,sector_c
2164.05972222,1.0015083774844389,0,0.00033,sector_c
2164.06111111,1.0019008262839313,0,0.00033,sector_c
2164.0625,1.0020161908651883,0,0.00033,sector_c
2164.06388889,1.0011689441817355,0,0.00033,sector_c
2164.06527778,1.0016591544331321,0,0.00033,sector_c
2164.06666667,1.0014029086736218,0,0.00033,sector_c
2164.06805556,1.0013670866122346,0,0.00033,sector_c
2164.06944444,1.001327451453076,0,0.00033,sector_c
2164.07083333,1.001090748465326,0,0.00033,sector_c
2164.07222222,1.001175065291207,0,0.00033,sector_c
2164.07361111,1.001323845196531,0,0.00033,sector_c
2164.075,1.0015485102388162,0,0.00033,sector_c
2164.07638889,1.001016073400517,0,0.00033,sector_c
2164.07777778,1.0018168259342104,0,0.00033,sector_c
2164.07916667,1.0012931600921702,0,0.00033,sector_c
2164.08055556,1.0016198369559923,0,0.00033,sector_c
2164.08194444,1.0011084583002554,0,0.00033,sector_c
2164.08333333,1.001039878603437,0,0.00033,sector_c
2164.08472222,1.0016920110630638,0,0.00033,sector_c
2164.08611111,1.0015283015885361,0,0.00033,sector_c
2164.0875,1.0008015744553334,0,0.00033,sector_c
2164.08888889,1.0014929179519143,0,0.00033,sector_c
2164.09027778,1.0008845190878135,0,0.00033,sector_c
2164.09166667,1.0014675052474398,0,0.00033,sector_c
2164.09305556,1.0015547412490915,0,0.00033,sector_c
2164.09444444,1.0013268718998753,0,0.00033,sector_c
2164.09583333,1.0012257873405732,0,0.00033,sector_c
2164.09722222,1.0012614986210164,0,0.00033,sector_c
2164.09861111,1.0012873089234302,0,0.00033,sector_c
2164.1,1.0010615055128131,0,0.00033,sector_c
2164.10138889,1.0014137466839597,0,0.00033,sector_c
2164.10277778,1.0011133106619405,0,0.00033,sector_c
2164.10416667,1.0007850804277136,0,0.00033,sector_c
2164.10555556,1.0013606635821954,0,0.00033,sector_c
2164.10694444,1.001775789468365,0,0.00033,sector_c
2164.10833333,1.0015636297570285,0,0.00033,sector_c
2164.10972222,1.001205292649986,0,0.00033,sector_c
2164.11111111,1.0010367059083474,0,0.00033,sector_c
2164.1125,1.00109431063029,0,0.00033,sector_c
2164.11388889,1.0016183755144723,0,0.00033,sector_c
2164.11527778,1.001446734140439,0,0.00033,sector_c
2164.11666667,1.0009782055667522,0,0.00033,sector_c
2164.11805556,1.001285086073405,0,0.00033,sector_c
2164.11944444,1.0016401653101008,0,0.00033,sector_c
2164.12083333,1.0012296565602412,0,0.00033,sector_c
2164.12222222,1.0012372458349592,0,0.00033,sector_c
2164.12361111,1.001035646972857,0,0.00033,sector_c
2164.125,1.0007103650359122,0,0.00033,sector_c
2164.12638889,1.001433886964704,0,0.00033,sector_c
2164.12777778,1.0013612242641454,0,0.00033,sector_c
2164.12916667,1.0013786831557097,0,0.00033,sector_c
2164.13055556,1.0015270159684064,0,0.00033,sector_c
2164.13194444,1.0011368139107235,0,0.00033,sector_c
2164.13333333,1.0010373254596339,0,0.00033,sector_c
2164.13472222,1.001272849128326,0,0.00033,sector_c
2164.13611111,1.0007928732708598,0,0.00033,sector_c
2164.1375,1.0005778219807724,0,0.00033,sector_c
2164.13888889,1.0010249137309053,0,0.00033,sector_c
2164.14027778,1.0009407210785717,0,0.00033,sector_c
2164.14166667,1.0008638758956212,0,0.00033,sector_c
2164.14305556,1.0011361380267525,0,0.00033,sector_c
2164.14444444,1.0013086677146557,0,0.00033,sector_c
2164.14583333,1.0009132366527325,0,0.00033,sector_c
2164.14722222,1.0005174430976234,0,0.00033,sector_c
2164.14861111,1.000598008899653,0,0.00033,sector_c
2164.15,1.0008165077740765,0,0.00033,sector_c
2164.15138889,1.0010078122909956,0,0.00033,sector_c
2164.15277778,1.001058573668955,0,0.00033,sector_c
2164.15416667,1.001198276228479,0,0.00033,sector_c
2164.15555556,1.0016335717334874,0,0.00033,sector_c
2164.15694444,1.000762825181034,0,0.00033,sector_c
2164.15833333,1.001332695366249,0,0.00033,sector_c
2164.15972222,1.000983137019212,0,0.00033,sector_c
2164.16111111,1.0010780188890034,0,0.00033,sector_c
2164.1625,1.0009299084900105,0,0.00033,sector_c
2164.16388889,1.0013265936916231,0,0.00033,sector_c
2164.16527778,1.001255279963437,0,0.00033,sector_c
2164.16666667,1.0014338338795932,0,0.00033,sector_c
2164.16805556,1.0015996405350496,0,0.00033,sector_c
2164.16944444,1.0006233887416602,0,0.00033,sector_c
2164.17083333,1.0009690542024814,0,0.00033,sector_c
2164.17222222,1.0012502533058545,0,0.00033,sector_c
2164.17361111,1.0012770837817022,0,0.00033,sector_c
2164.175,1.0011423013999987,0,0.00033,sector_c
2164.17638889,1.0007843046160394,0,0.00033,sector_c
2164.17777778,1.0015592768579893,0,0.00033,sector_c
2164.17916667,1.0007135227974335,0,0.00033,sector_c
2164.18055556,1.001236934124867,0,0.00033,sector_c
2164.18194444,1.000840827660772,0,0.00033,sector_c
2164.18333333,1.0008763185879836,0,0.00033,sector_c
2164.18472222,1.00120081655708,0,0.00033,sector_c
2164.18611111,1.0007064514874913,0,0.00033,sector_c
2164.1875,1.001162043011121,0,0.00033,sector_c
2164.18888889,1.0009589061846094,0,0.00033,sector_c
2164.19027778,1.0006293329547198,0,0.00033,sector_c
2164.19166667,1.0008977699024355,0,0.00033,sector_c
2164.19305556,1.0009796153452881,0,0.00033,sector_c
2164.19444444,1.0010974188622928,0,0.00033,sector_c
2164.19583333,1.0012117554369064,0,0.00033,sector_c
2164.19722222,1.0004984204853786,0,0.00033,sector_c
2164.19861111,1.0006606865170864,0,0.00033,sector_c
2164.2,1.0006644501535633,0,0.00033,sector_c
2164.20138889,1.0004669476539525,0,0.00033,sector_c
2164.20277778,1.0014184939112991,0,0.00033,sector_c
2164.20416667,1.0007244207841623,0,0.00033,sector_c
2164.20555556,1.0007637628539618,0,0.00033,sector_c
2164.20694444,1.0007252299286509,0,0.00033,sector_c
2164.20833333,1.0005846604919018,0,0.00033,sector_c
2164.20972222,1.001088634624673,0,0.00033,sector_c
2164.21111111,1.0008647266908044,0,0.00033,sector_c
2164.2125,1.0006255024497603,0,0.00033,sector_c
2164.21388889,1.0007209124441654,0,0.00033,sector_c
2164.21527778,1.0009185195717523,0,0.00033,sector_c
2164.21666667,1.000884886400992,0,0.00033,sector_c
2164.21805556,1.0010361835683752,0,0.00033,sector_c
2164.21944444,1.0011466095648969,0,0.00033,sector_c
2164.22083333,1.0006391413800255,0,0.00033,sector_c
2164.22222222,1.0004958120510574,0,0.00033,sector_c
2164.22361111,1.000633524299847,0,0.00033,sector_c
2164.225,1.000797894855464,0,0.00033,sector_c
2164.22638889,1.000582231526353,0,0.00033,sector_c
2164.22777778,1.0008370823133317,0,0.00033,sector_c
2164.22916667,1.0003968978521955,0,0.00033,sector_c
2164.23055556,1.000725101564789,4096,0.00033,sector_c
2164.23194444,1.0008230443419366,0,0.00033,sector_c
2164.23333333,1.0004853780518568,0,0.00033,sector_c
2164.23472222,1.0009315930848182,0,0.00033,sector_c
2164.23611111,1.00117619692905,0,0.00033,sector_c
2164.2375,0.9998399957138746,0,0.00033,sector_c
2164.23888889,1.0004754925856207,0,0.00033,sector_c
2164.24027778,1.0006392618257096,0,0.00033,sector_c
2164.24166667,1.0009028744779438,0,0.00033,sector_c
2164.24305556,1.0003957382533226,0,0.00033,sector_c
2164.24444444,1.0007206436220448,0,0.00033,sector_c
2164.24583333,1.0010700498866556,0,0.00033,sector_c
2164.24722222,1.0007465687603303,0,0.00033,sector_c
2164.24861111,1.0005009792768031,0,0.00033,sector_c
2164.25,1.0004871975860392,0,0.00033,sector_c
2164.25138889,1.0007140580695875,0,0.00033,sector_c
2164.25277778,1.0007674383936052,0,0.00033,sector_c
2164.25416667,1.0007411931450731,0,0.00033,sector_c
2164.25555556,1.0006322182048442,2048,0.00033,sector_c
2164.25694444,1.0000122139926304,0,0.00033,sector_c
2164.25833333,1.0003820516295374,0,0.00033,sector_c
2164.25972222,1.000521597066225,0,0.00033,sector_c
2164.26111111,1.0006509405737223,0,0.00033,sector_c
2164.2625,1.0007501116884838,0,0.00033,sector_c
2164.26388889,1.0004145998297977,0,0.00033,sector_c
2164.26527778,1.000784770296226,0,0.00033,sector_c
2164.26666667,1.001021317714596,0,0.00033,sector_c
2164.26805556,1.000717721429342,0,0.00033,sector_c
2164.26944444,1.0007909638943318,0,0.00033,sector_c
2164.27083333,1.0004451404963233,4096,0.00033,sector_c
2164.27222222,1.000276143346343,0,0.00033,sector_c
2164.27361111,1.0006881872442932,0,0.00033,sector_c
2164.275,1.0006537839710414,0,0.00033,sector_c
2164.27638889,1.0008378217023302,0,0.00033,sector_c
2164.27777778,1.0004384146570107,0,0.00033,sector_c
2164.27916667,1.000236883476314,0,0.00033,sector_c
2164.28055556,1.0002346409879475,0,0.00033,sector_c
2164.28194444,1.0005797664197393,0,0.00033,sector_c
2164.28333333,0.999948694309186,0,0.00033,sector_c
2164.28472222,1.0008667071116006,0,0.00033,sector_c
2164.28611111,1.0003720005102037,0,0.00033,sector_c
2164.2875,1.000482062718901,0,0.00033,sector_c
2164.28888889,1.00039998343544,0,0.00033,sector_c
2164.29027778,1.0009132175416764,0,0.00033,sector_c
2164.29166667,1.0000928467965875,0,0.00033,sector_c
2164.29305556,1.0006620693613697,0,0.00033,sector_c
2164.29444444,1.0005731328425391,0,0.00033,sector_c
2164.29583333,1.000782710882977,0,0.00033,sector_c
2164.29722222,1.0006867839481401,0,0.00033,sector_c
2164.29861111,1.0001422958058699,0,0.00033,sector_c
2164.3,0.99997556551225,0,0.00033,sector_c
2164.30138889,0.9998159909657555,0,0.00033,sector_c
2164.30277778,1.0003287612435254,0,0.00033,sector_c
2164.30416667,1.00054710575734,0,0.00033,sector_c
2164.30555556,1.0004492157617855,0,0.00033,sector_c
2164.30694444,1.000285219537768,0,0.00033,sector_c
2164.30833333,1.000535520044434,0,0.00033,sector_c
2164.30972222,0.9999850916302984,0,0.00033,sector_c
2164.31111111,1.0007389839383498,0,0.00033,sector_c
2164.3125,1.0007950869937996,0,0.00033,sector_c
2164.31388889,1.000717426149992,0,0.00033,sector_c
2164.31527778,1.0005731175517443,0,0.00033,sector_c
2164.31666667,1.0008578553780922,0,0.00033,sector_c
2164.31805556,0.9999533252084828,0,0.00033,sector_c
2164.31944444,1.0000552866007304,0,0.00033,sector_c
2164.32083333,1.0003538952434734,0,0.00033,sector_c
2164.32222222,1.0003426706757403,0,0.00033,sector_c
2164.32361111,1.000242331690158,0,0.00033,sector_c
2164.325,1.0004772318720017,0,0.00033,sector_c
2164.32638889,1.0002361883354738,0,0.00033,sector_c
2164.32777778,1.000784267713508,0,0.00033,sector_c
2164.32916667,1.0003354212037883,0,0.00033,sector_c
2164.33055556,0.9996374507135927,0,0.00033,sector_c
2164.33194444,1.0001847936319899,0,0.00033,sector_c
2164.33333333,1.0000961014845702,0,0.00033,sector_c
2164.33472222,0.9998786840773195,0,0.00033,sector_c
2164.33611111,1.00056070390436,0,0.00033,sector_c
2164.3375,1.0000017469930884,0,0.00033,sector_c
2164.33888889,0.9997470948995176,0,0.00033,sector_c
2164.34027778,1.0001541067949908,0,0.00033,sector_c
2164.34166667,1.000786742972279,0,0.00033,sector_c
2164.34305556,1.0002752329694098,0,0.00033,sector_c
2164.34444444,1.0007975889142857,0,0.00033,sector_c
2164.34583333,1.000443683291077,0,0.00033,sector_c
2164.34722222,1.0007757715615133,0,0.00033,sector_c
2164.34861111,1.000439553958943,0,0.00033,sector_c
2164.35,1.0004136356228803,0,0.00033,sector_c
2164.35138889,0.9993878460694424,0,0.00033,sector_c
2164.35277778,0.9998302356351931,0,0.00033,sector_c
2164.35416667,0.9998210439573074,0,0.00033,sector_c
2164.35555556,1.0001263524232318,0,0.00033,sector_c
2164.35694444,1.0004799798390709,0,0.00033,sector_c
2164.35833333,1.000410851055414,0,0.00033,sector_c
2164.35972222,1.0003668473717042,0,0.00033,sector_c
2164.36111111,0.999636773662036,0,0.00033,sector_c
2164.3625,0.9998899026793261,0,0.00033,sector_c
2164.36388889,1.0001194207383308,0,0.00033,sector_c
2164.36527778,1.000314707089781,0,0.00033,sector_c
2164.36666667,1.0002066753066594,0,0.00033,sector_c
2164.36805556,0.999898533683794,0,0.00033,sector_c
2164.36944444,0.9997309424817147,0,0.00033,sector_c
2164.37083333,1.000427257893967,0,0.00033,sector_c
2164.37222222,0.9998551601134124,0,0.00033,sector_c
2164.37361111,1.000087913268197,0,0.00033,sector_c
2164.375,1.0001339690824278,0,0.00033,sector_c
2164.37638889,1.0002594862758707,0,0.00033,sector_c
2164.37777778,0.9999063961950596,0,0.00033,sector_c
2164.37916667,0.9997733373889738,0,0.00033,sector_c
2164.38055556,1.000055880288515,0,0.00033,sector_c
2164.38194444,0.9998561990516982,0,0.00033,sector_c
2164.38333333,1.0001452663988777,0,0.00033,sector_c
2164.38472222,0.9996645489071085,0,0.00033,sector_c
2164.38611111,0.9999788011687469,0,0.00033,sector_c
2164.3875,0.999725595996144,0,0.00033,sector_c
2164.38888889,1.000701993408776,0,0.00033,sector_c
2164.39027778,0.999562112566103,0,0.00033,sector_c
2164.39166667,0.9999239964533783,0,0.00033,sector_c
2164.39305556,0.9999759297584772,0,0.00033,sector_c
2164.39444444,0.9999023955053186,0,0.00033,sector_c
2164.39583333,0.9996921710713799,0,0.00033,sector_c
2164.39722222,0.9997803139614545,0,0.00033,sector_c
2164.39861111,0.99999743710984,0,0.00033,sector_c
2164.4,1.0004730830054878,0,0.00033,sector_c
2164.40138889,1.0004202649885015,0,0.00033,sector_c
2164.40277778,1.0005654647518791,0,0.00033,sector_c
2164.40416667,0.9999021646117402,0,0.00033,sector_c
2164.40555556,1.0001031037528043,0,0.00033,sector_c
2164.40694444,1.000426532436712,0,0.00033,sector_c
2164.40833333,1.0002088638238433,0,0.00033,sector_c
2164.40972222,1.000114289762395,0,0.00033,sector_c
2164.41111111,1.0000758495586524,0,0.00033,sector_c
2164.4125,1.0002869618579913,0,0.00033,sector_c
2164.41388889,0.9998850175788434,0,0.00033,sector_c
2164.41527778,1.0001234053902464,0,0.00033,sector_c
2164.41666667,0.9997964293121999,0,0.00033,sector_c
2164.41805556,0.9954407153806221,0,0.00033,sector_c
2164.41944444,0.9953802888099355,0,0.00033,sector_c
2164.42083333,0.9952074878368343,0,0.00033,sector_c
2164.42222222,0.9948256342991436,0,0.00033,sector_c
2164.42361111,0.9951666024410406,0,0.00033,sector_c
2164.425,0.9956587042186946,0,0.00033,sector_c
2164.42638889,0.9950303142289274,0,0.00033,sector_c
2164.42777778,0.9952757958583397,0,0.00033,sector_c
2164.42916667,0.9946737974663463,0,0.00033,sector_c
2164.43055556,0.9948641269986012,0,0.00033,sector_c
2164.43194444,0.9951524082101789,0,0.00033,sector_c
2164.43333333,0.9954146761955525,0,0.00033,sector_c
2164.43472222,0.9953874899525448,0,0.00033,sector_c
2164.43611111,0.9949741711123296,0,0.00033,sector_c
2164.4375,0.9956839153818415,0,0.00033,sector_c
2164.43888889,0.9943397752939009,0,0.00033,sector_c
2164.44027778,0.994699930815144,0,0.00033,sector_c
2164.44166667,0.9954333267322153,0,0.00033,sector_c
2164.44305556,0.9954910483842176,0,0.00033,sector_c
2164.44444444,0.9956139379790546,0,0.00033,sector_c
2164.44583333,0.9948606630619916,0,0.00033,sector_c
2164.44722222,0.9947019711081966,0,0.00033,sector_c
2164.44861111,0.9946766793755325,0,0.00033,sector_c
2164.45,0.9948175420696544,0,0.00033,sector_c
2164.45138889,0.9952149928589724,0,0.00033,sector_c
2164.45277778,0.9949707987359871,0,0.00033,sector_c
2164.45416667,0.9949664250500168,0,0.00033,sector_c
2164.45555556,0.9952541594374906,0,0.00033,sector_c
2164.45694444,0.9950086961022054,0,0.00033,sector_c
2164.45833333,0.9951153127589297,0,0.00033,sector_c
2164.45972222,0.9954862160321692,0,0.00033,sector_c
2164.46111111,0.9948539074895628,0,0.00033,sector_c
2164.4625,0.995079556235056,0,0.00033,sector_c
2164.46388889,0.9948252101740456,0,0.00033,sector_c
2164.46527778,0.995254740270442,0,0.00033,sector_c
2164.46666667,0.9947010396133135,0,0.00033,sector_c
2164.46805556,0.9947640507719654,0,0.00033,sector_c
2164.46944444,0.9952195041372799,0,0.00033,sector_c
2164.47083333,0.9944405936824161,0,0.00033,sector_c
2164.47222222,0.9955463735609517,0,0.00033,sector_c
2164.47361111,0.995196276576507,0,0.00033,sector_c
2164.475,0.9949606255239728,0,0.00033,sector_c
2164.47638889,0.9949047692084858,0,0.00033,sector_c
2164.47777778,0.9951502747236073,0,0.00033,sector_c
2164.47916667,0.9951159425356775,0,0.00033,sector_c
2164.48055556,0.9947082273756759,0,0.00033,sector_c
2164.48194444,0.9950311106656818,0,0.00033,sector_c
2164.48333333,0.9947380382184039,0,0.00033,sector_c
2164.48472222,0.9948336708837376,0,0.00033,sector_c
2164.48611111,0.9949716095231494,0,0.00033,sector_c
2164.4875,0.9949957600854474,0,0.00033,sector_c
2164.48888889,0.9948825097450303,0,0.00033,sector_c
2164.49027778,0.9949385925410251,0,0.00033,sector_c
2164.49166667,0.9948426914174486,0,0.00033,sector_c
2164.49305556,0.999667068906662,0,0.00033,sector_c
2164.49444444,1.0002016498777555,0,0.00033,sector_c
2164.49583333,1.0001599649235267,0,0.00033,sector_c
2164.49722222,0.9994887848253182,0,0.00033,sector_c
2164.49861111,0.9991167435658656,0,0.00033,sector_c
2164.5,0.9999710755232564,0,0.00033,sector_c
2164.50138889,1.0002680586405304,0,0.00033,sector_c
2164.50277778,0.9996665945221748,0,0.00033,sector_c
2164.50416667,0.9998384093225305,0,0.00033,sector_c
2164.50555556,0.9997330433459203,0,0.00033,sector_c
2164.50694444,0.9998182433419784,0,0.00033,sector_c
2164.50833333,0.9995723430642239,0,0.00033,sector_c
2164.50972222,0.9997096039075863,0,0.00033,sector_c
2164.51111111,0.9996427092514929,0,0.00033,sector_c
2164.5125,0.99962631956615,0,0.00033,sector_c
2164.51388889,0.999751981709007,0,0.00033,sector_c
2164.51527778,0.9993015760989348,0,0.00033,sector_c
2164.51666667,1.0000132144583715,0,0.00033,sector_c
2164.51805556,0.9997196110608839,0,0.00033,sector_c
2164.51944444,0.9997452935662154,0,0.00033,sector_c
2164.52083333,0.9994804569857016,0,0.00033,sector_c
2164.52222222,0.9990989045182262,0,0.00033,sector_c
2164.52361111,0.9996416958404175,0,0.00033,sector_c
2164.525,0.9995339999075399,0,0.00033,sector_c
2164.52638889,0.9989686404638086,0,0.00033,sector_c
2164.52777778,0.999992342400502,0,0.00033,sector_c
2164.52916667,1.0000895345493228,0,0.00033,sector_c
2164.53055556,0.999566936724326,0,0.00033,sector_c
2164.53194444,0.9997829567611002,2048,0.00033,sector_c
2164.53333333,1.0000684536951634,0,0.00033,sector_c
2164.53472222,0.9998177220658561,0,0.00033,sector_c
2164.53611111,0.998813463933542,0,0.00033,sector_c
2164.5375,0.9999832657143148,0,0.00033,sector_c
2164.53888889,0.9990942882987717,0,0.00033,sector_c
2164.54027778,0.9994848259773796,0,0.00033,sector_c
2164.54166667,1.000065138888252,0,0.00033,sector_c
2164.54305556,0.9993745486403721,0,0.00033,sector_c
2164.54444444,0.9991710292940881,0,0.00033,sector_c
2164.54583333,0.999563606850541,0,0.00033,sector_c
2164.54722222,0.9995072727131438,0,0.00033,sector_c
2164.54861111,0.9989734497234325,0,0.00033,sector_c
2164.55,1.0000021210016299,0,0.00033,sector_c
2164.55138889,0.9995659657966052,0,0.00033,sector_c
2164.55277778,0.9995243026610701,0,0.00033,sector_c
2164.55416667,0.9995832680723692,0,0.00033,sector_c
2164.55555556,0.99959273976026,0,0.00033,sector_c
2164.55694444,0.9999410891961966,0,0.00033,sector_c
2164.55833333,0.9994939075670909,0,0.00033,sector_c
2164.55972222,0.999370577017786,0,0.00033,sector_c
2164.56111111,0.9996775813010109,0,0.00033,sector_c
2164.5625,0.999621561587162,0,0.00033,sector_c
2164.56388889,0.9997308115677935,0,0.00033,sector_c
2164.56527778,0.9992840230361701,0,0.00033,sector_c
2164.56666667,0.9996636266534193,0,0.00033,sector_c
2164.56805556,0.9996899219208465,0,0.00033,sector_c
2164.56944444,0.999228834594171,0,0.00033,sector_c
2164.57083333,0.9996682839257796,0,0.00033,sector_c
2164.57222222,0.9995058159784647,0,0.00033,sector_c
2164.57361111,0.9999163276584649,0,0.00033,sector_c
2164.575,0.9999853665237805,0,0.00033,sector_c
2164.57638889,0.999596101042165,0,0.00033,sector_c
2164.57777778,0.9991764241207172,0,0.00033,sector_c
2164.57916667,0.9994841165668401,0,0.00033,sector_c
2164.58055556,0.9992383902264123,0,0.00033,sector_c
2164.58194444,0.999254171716325,0,0.00033,sector_c
2164.58333333,0.9998402960025172,0,0.00033,sector_c
2164.58472222,0.9996372947068423,0,0.00033,sector_c
2164.58611111,0.9993861283732627,0,0.00033,sector_c
2164.5875,0.99916686793263,0,0.00033,sector_c
2164.58888889,0.9995230081721206,0,0.00033,sector_c
2164.59027778,0.9998444692780769,0,0.00033,sector_c
2164.59166667,0.9996259072560961,0,0.00033,sector_c
2164.59305556,0.9995192604189066,0,0.00033,sector_c
2164.59444444,0.9995218287827085,0,0.00033,sector_c
2164.59583333,0.9998352816978826,0,0.00033,sector_c
2164.59722222,0.9996917109450466,0,0.00033,sector_c
2164.59861111,0.9994948922928591,0,0.00033,sector_c
2164.6,0.9988474897478398,0,0.00033,sector_c
2164.60138889,0.9996373394162932,0,0.00033,sector_c
2164.60277778,0.9994904108346513,0,0.00033,sector_c
2164.60416667,0.9994225252972077,0,0.00033,sector_c
2164.60555556,0.9997529944347779,0,0.00033,sector_c
2164.60694444,0.9992023669350404,0,0.00033,sector_c
2164.60833333,0.9995098503537913,0,0.00033,sector_c
2164.60972222,0.99945641294653,0,0.00033,sector_c
2164.61111111,0.9990053480730742,0,0.00033,sector_c
2164.6125,0.9993532632236694,0,0.00033,sector_c
2164.61388889,0.9994447948733498,0,0.00033,sector_c
2164.61527778,0.9997151272101739,0,0.00033,sector_c
2164.61666667,0.9995551467082198,0,0.00033,sector_c
2164.61805556,0.99939301255026,0,0.00033,sector_c
2164.61944444,0.9996093696130346,0,0.00033,sector_c
2164.62083333,0.9987957532176513,0,0.00033,sector_c
2164.62222222,0.9992661138122485,0,0.00033,sector_c
2164.62361111,0.9991626696287663,0,0.00033,sector_c
2164.625,0.999524196510882,0,0.00033,sector_c
2164.62638889,0.9998694321346644,0,0.00033,sector_c
2164.62777778,0.9995774014162314,0,0.00033,sector_c
2164.62916667,0.9996478271247401,0,0.00033,sector_c
2164.63055556,0.9996001662408673,0,0.00033,sector_c
2164.63194444,0.9998209114164445,0,0.00033,sector_c
2164.63333333,0.9990421169441224,0,0.00033,sector_c
2164.63472222,0.999492185632464,0,0.00033,sector_c
2164.63611111,0.9991115075438056,0,0.00033,sector_c
2164.6375,0.9992110032307335,0,0.00033,sector_c
2164.63888889,0.9995470860801402,0,0.00033,sector_c
2164.64027778,0.9995818608975201,0,0.00033,sector_c
2164.64166667,0.9993087460096146,0,0.00033,sector_c
2164.64305556,0.9996461122965038,0,0.00033,sector_c
2164.64444444,0.9993292519635364,0,0.00033,sector_c
2164.64583333,0.999294799685778,0,0.00033,sector_c
2164.64722222,0.9993355024013278,0,0.00033,sector_c
2164.64861111,0.9993434783781847,0,0.00033,sector_c
2164.65,0.9996444750713294,0,0.00033,sector_c
2164.65138889,0.9996156693747907,0,0.00033,sector_c
2164.65277778,0.9992007646379731,0,0.00033,sector_c
2164.65416667,0.9992570817770391,0,0.00033,sector_c
2164.65555556,0.999169912670552,0,0.00033,sector_c
2164.65694444,0.9994543110630606,0,0.00033,sector_c
2164.65833333,0.9993967062527888,0,0.00033,sector_c
2164.65972222,0.9994318036012717,0,0.00033,sector_c
2164.66111111,0.9989823965233039,0,0.00033,sector_c
2164.6625,0.9993678056851437,0,0.00033,sector_c
2164.66388889,0.9991150883319228,0,0.00033,sector_c
2164.66527778,0.9989893178357572,0,0.00033,sector_c
2164.66666667,0.9992895157712859,0,0.00033,sector_c
2164.66805556,0.9991810078427583,0,0.00033,sector_c
2164.66944444,0.9994085606221552,0,0.00033,sector_c
2164.67083333,0.999399475698351,0,0.00033,sector_c
2164.67222222,0.9992561194357974,0,0.00033,sector_c
2164.67361111,0.9994088758995894,0,0.00033,sector_c
2164.675,0.9993406741975961,0,0.00033,sector_c
2164.67638889,0.9992365515398994,0,0.00033,sector_c
2164.67777778,0.9990246138378808,0,0.00033,sector_c
2164.67916667,0.9995223955727702,0,0.00033,sector_c
2164.68055556,0.9995012040523359,0,0.00033,sector_c
2164.68194444,0.999531394843476,0,0.00033,sector_c
2164.68333333,0.9989644531350843,0,0.00033,sector_c
2164.68472222,0.99896111346723,0,0.00033,sector_c
2164.68611111,0.9992898617652601,0,0.00033,sector_c
2164.6875,0.9994694630055261,0,0.00033,sector_c
2164.68888889,0.9992339069068553,0,0.00033,sector_c
2164.69027778,0.9995327936891639,0,0.00033,sector_c
2164.69166667,0.998936342488898,0,0.00033,sector_c
2164.69305556,0.9993736597393952,0,0.00033,sector_c
2164.69444444,0.9986775599809657,0,0.00033,sector_c
2164.69583333,0.9989838621746338,0,0.00033,sector_c
2164.69722222,0.9989082243634119,4096,0.00033,sector_c
2164.69861111,0.9993710077637605,0,0.00033,sector_c
2164.7,0.9990309480444645,0,0.00033,sector_c
2164.70138889,0.9991971311018717,0,0.00033,sector_c
2164.70277778,0.9994349852906426,0,0.00033,sector_c
2164.70416667,0.9990187167361269,0,0.00033,sector_c
2164.70555556,0.9994415812717016,0,0.00033,sector_c
2164.70694444,0.9989186713246619,0,0.00033,sector_c
2164.70833333,0.9995435878658057,0,0.00033,sector_c
2164.70972222,0.9989028114973589,0,0.00033,sector_c
2164.71111111,0.9988412972678794,0,0.00033,sector_c
2164.7125,0.9992847634226947,0,0.00033,sector_c
2164.71388889,0.9995509052533392,0,0.00033,sector_c
2164.71527778,0.9986647197747504,0,0.00033,sector_c
2164.71666667,0.9994347831140937,0,0.00033,sector_c
2164.71805556,0.9994843014461676,0,0.00033,sector_c
2164.71944444,0.999252162149597,0,0.00033,sector_c
2164.72083333,0.9987638023277935,0,0.00033,sector_c
2164.72222222,0.9988606934850325,0,0.00033,sector_c
2164.72361111,0.9992755592824921,0,0.00033,sector_c
2164.725,0.9985207928854338,0,0.00033,sector_c
2164.72638889,0.9994423753892564,0,0.00033,sector_c
2164.72777778,0.9996236352012632,0,0.00033,sector_c
2164.72916667,0.9987608493588768,0,0.00033,sector_c
2164.73055556,0.9987999043276748,0,0.00033,sector_c
2164.73194444,0.9993184103681197,0,0.00033,sector_c
2164.73333333,0.9989222727416651,0,0.00033,sector_c
2164.73472222,0.999303683166038,0,0.00033,sector_c
2164.73611111,0.998985295626536,0,0.00033,sector_c
2164.7375,0.9989658373642504,0,0.00033,sector_c
2164.73888889,0.9990699621464038,0,0.00033,sector_c
2164.74027778,0.9992890109345949,0,0.00033,sector_c
2164.74166667,0.9992711056173695,0,0.00033,sector_c
2164.74305556,0.9990808595929934,0,0.00033,sector_c
2164.74444444,0.999484577302676,0,0.00033,sector_c
2164.74583333,0.9995229259034305,0,0.00033,sector_c
2164.74722222,0.9993115901169587,0,0.00033,sector_c
2164.74861111,0.9986937883768873,0,0.00033,sector_c
2164.75,0.9988983912760717,0,0.00033,sector_c
2164.75138889,0.9990205425068408,0,0.00033,sector_c
2164.75277778,0.9992202612290266,0,0.00033,sector_c
2164.75416667,0.999444477169272,0,0.00033,sector_c
2164.75555556,0.9988989437713212,0,0.00033,sector_c
2164.75694444,0.999417577288693,0,0.00033,sector_c
2164.75833333,0.9987277072062719,0,0.00033,sector_c
2164.75972222,0.9991500682955018,0,0.00033,sector_c
2164.76111111,0.9989346211116988,0,0.00033,sector_c
2164.7625,0.9989813964692349,0,0.00033,sector_c
2164.76388889,0.9993992927555796,0,0.00033,sector_c
2164.76527778,0.9989419590286952,0,0.00033,sector_c
2164.76666667,0.999071656299061,0,0.00033,sector_c
2164.76805556,0.9995290274677044,0,0.00033,sector_c
2164.76944444,0.9991135373558412,0,0.00033,sector_c
2164.77083333,0.9986487973718442,0,0.00033,sector_c
2164.77222222,0.9987299366330564,0,0.00033,sector_c
2164.77361111,0.9988928094022875,0,0.00033,sector_c
2164.775,0.9990941867063536,0,0.00033,sector_c
2164.77638889,0.9991030079643238,0,0.00033,sector_c
2164.77777778,0.998540550327163,0,0.00033,sector_c
2164.77916667,0.9986981300834051,0,0.00033,sector_c
2164.78055556,0.9986518802488488,0,0.00033,sector_c
2164.78194444,0.9990047582029332,0,0.00033,sector_c
2164.78333333,0.9991142330515523,0,0.00033,sector_c
2164.78472222,0.9989454064939689,0,0.00033,sector_c
2164.78611111,0.9991426549541143,0,0.00033,sector_c
2164.7875,0.9989456202486133,0,0.00033,sector_c
2164.78888889,0.9990194059902698,0,0.00033,sector_c
2164.79027778,0.999403733990446,0,0.00033,sector_c
2164.79166667,0.9992108190581782,0,0.00033,sector_c
2164.79305556,0.9988368224216212,0,0.00033,sector_c
2164.79444444,0.9988902614841743,0,0.00033,sector_c
2164.79583333,0.99930342293984,0,0.00033,sector_c
2164.79722222,0.9989703205877717,0,0.00033,sector_c
2164.79861111,0.9987845004378885,0,0.00033,sector_c
2164.8,0.9991002036713807,0,0.00033,sector_c
2164.80138889,0.9986166229929923,0,0.00033,sector_c
2164.80277778,0.9990317962947732,0,0.00033,sector_c
2164.80416667,0.9988267049144786,0,0.00033,sector_c
2164.80555556,0.9990595834825574,0,0.00033,sector_c
2164.80694444,0.9995822150774989,0,0.00033,sector_c
2164.80833333,0.9990296485735185,0,0.00033,sector_c
2164.80972222,0.9986584824393806,0,0.00033,sector_c
2164.81111111,0.9984735523085505,0,0.00033,sector_c
2164.8125,0.9989871586072249,0,0.00033,sector_c
2164.81388889,0.9988687694856562,0,0.00033,sector_c
2164.81527778,0.998563608156769,0,0.00033,sector_c
2164.81666667,0.9987836432553825,0,0.00033,sector_c
2164.81805556,0.9989328652503593,0,0.00033,sector_c
2164.81944444,0.9986145685405509,0,0.00033,sector_c
2164.82083333,0.9988832242101149,0,0.00033,sector_c
2164.82222222,0.9990598801842107,0,0.00033,sector_c
2164.82361111,0.9987219746143139,0,0.00033,sector_c
2164.825,0.9992948725942572,0,0.00033,sector_c
2164.82638889,0.9986685548850532,0,0.00033,sector_c
2164.82777778,0.9985986015057365,0,0.00033,sector_c
2164.82916667,0.9992159826977668,0,0.00033,sector_c
2164.83055556,0.9987874920050364,0,0.00033,sector_c
2164.83194444,0.9987024845206648,0,0.00033,sector_c
2164.83333333,0.9986409482715283,0,0.00033,sector_c
2164.83472222,0.9990215221712385,0,0.00033,sector_c
2164.83611111,0.9987119598975117,0,0.00033,sector_c
2164.8375,0.9987566075436988,0,0.00033,sector_c
2164.83888889,0.9983797206238693,0,0.00033,sector_c
2164.84027778,0.9984947550777231,0,0.00033,sector_c
2164.84166667,0.9987694417700035,0,0.00033,sector_c
2164.84305556,0.9984797152236777,0,0.00033,sector_c
2164.84444444,0.9987389645902379,0,0.00033,sector_c
2164.84583333,0.9991772300459107,0,0.00033,sector_c
2164.84722222,0.9989004522615648,0,0.00033,sector_c
2164.84861111,0.9991706398855127,0,0.00033,sector_c
2164.85,0.9985888175595604,0,0.00033,sector_c
2164.85138889,0.9990296618253539,0,0.00033,sector_c
2164.85277778,0.9987348744074174,0,0.00033,sector_c
2164.85416667,0.999068201860099,0,0.00033,sector_c
2164.85555556,0.9985373603792157,0,0.00033,sector_c
2164.85694444,0.998882421165265,0,0.00033,sector_c
2164.85833333,0.9991175617229694,0,0.00033,sector_c
2164.85972222,0.9988985709784611,0,0.00033,sector_c
2164.86111111,0.9989207698316254,0,0.00033,sector_c
2164.8625,0.9987580101226268,0,0.00033,sector_c
2164.86388889,0.9981640708069222,0,0.00033,sector_c
2164.86527778,0.9985921996210124,0,0.00033,sector_c
2164.86666667,0.9986188398745032,0,0.00033,sector_c
2164.86805556,0.9990877866095564,0,0.00033,sector_c
2164.86944444,0.9988617009763625,0,0.00033,sector_c
2164.87083333,0.998538630999236,0,0.00033,sector_c
2164.87222222,0.9990834314931053,0,0.00033,sector_c
2164.87361111,0.998933299631949,0,0.00033,sector_c
2164.875,0.9983584611212601,0,0.00033,sector_c
2164.87638889,0.999184264190971,0,0.00033,sector_c
2164.87777778,0.9989248823125123,0,0.00033,sector_c
2164.87916667,0.9996022243627607,0,0.00033,sector_c
2164.88055556,0.999106878831023,0,0.00033,sector_c
2164.88194444,0.9983611050949647,0,0.00033,sector_c
2164.88333333,0.9991267778660726,0,0.00033,sector_c
2164.88472222,0.9988621831295202,0,0.00033,sector_c
2164.88611111,0.9986844229160499,0,0.00033,sector_c
2164.8875,0.9988836898270833,0,0.00033,sector_c
2164.88888889,0.9989742249570688,0,0.00033,sector_c
2164.89027778,0.998687944509238,0,0.00033,sector_c
2164.89166667,0.9985224372063358,0,0.00033,sector_c
2164.89305556,0.9989594370732608,0,0.00033,sector_c
2164.89444444,0.9988842838875281,0,0.00033,sector_c
2164.89583333,0.9984427437667289,0,0.00033,sector_c
2164.89722222,0.9991443951328273,0,0.00033,sector_c
2164.89861111,0.9986951653395213,0,0.00033,sector_c
2164.9,0.9993045402217069,0,0.00033,sector_c
2164.90138889,0.9991860257149862,0,0.00033,sector_c
2164.90277778,0.9987225018266737,0,0.00033,sector_c
2164.90416667,0.9989914853997656,0,0.00033,sector_c
2164.90555556,0.9984678952432156,0,0.00033,sector_c
2164.90694444,0.9988091699171052,0,0.00033,sector_c
2164.90833333,0.9982201097972031,0,0.00033,sector_c
2164.90972222,0.9984329966146634,0,0.00033,sector_c
2164.91111111,0.9987297954041564,0,0.00033,sector_c
2164.9125,0.9989205891891657,0,0.00033,sector_c
2164.91388889,0.9989878765337513,0,0.00033,sector_c
2164.91527778,0.9990667264915077,0,0.00033,sector_c
2164.91666667,0.999028472903136,0,0.00033,sector_c
2164.91805556,0.9986024809879415,0,0.00033,sector_c
2164.91944444,0.9987050644186966,0,0.00033,sector_c
2164.92083333,0.998548834480751,0,0.00033,sector_c
2164.92222222,0.9987363994345015,0,0.00033,sector_c
2164.92361111,0.9982168981631595,0,0.00033,sector_c
2164.925,0.9984902906681599,0,0.00033,sector_c
2164.92638889,0.9991211552460305,0,0.00033,sector_c
2164.92777778,0.9987641431214939,0,0.00033,sector_c
2164.92916667,0.9985200956737633,0,0.00033,sector_c
2164.93055556,0.99890521159586,0,0.00033,sector_c
2164.93194444,0.9987878902829795,0,0.00033,sector_c
2164.93333333,0.9986907191851755,0,0.00033,sector_c
2164.93472222,0.9985972195961743,0,0.00033,sector_c
2164.93611111,0.9984103870750957,0,0.00033,sector_c
2164.9375,0.9986890761524273,0,0.00033,sector_c
2164.93888889,0.9987281741243892,0,0.00033,sector_c
2164.94027778,0.9987009949392501,0,0.00033,sector_c
2164.94166667,0.9991150679565606,0,0.00033,sector_c
2164.94305556,0.998694191857598,0,0.00033,sector_c
2164.94444444,0.9987775325329105,0,0.00033,sector_c
2164.94583333,0.9990487042096219,0,0.00033,sector_c
2164.94722222,0.9989240701380765,0,0.00033,sector_c
2164.94861111,0.998100367802674,0,0.00033,sector_c
2164.95,0.998656434464163,0,0.00033,sector_c
2164.95138889,0.9983820781985523,0,0.00033,sector_c
2164.95277778,0.998452212989445,0,0.00033,sector_c
2164.95416667,0.9989429575651468,0,0.00033,sector_c
2164.95555556,0.9991258075338711,0,0.00033,sector_c
2164.95694444,0.9987886028160058,0,0.00033,sector_c
2164.95833333,0.9979974947661217,0,0.00033,sector_c
2164.95972222,0.9985225585002357,0,0.00033,sector_c
2164.96111111,0.9985668754593922,0,0.00033,sector_c
2164.9625,0.9985151734623413,0,0.00033,sector_c
2164.96388889,0.999110845613719,0,0.00033,sector_c
2164.96527778,0.9987857682072231,0,0.00033,sector_c
2164.96666667,0.9988429536861809,0,0.00033,sector_c
2164.96805556,0.998664588627767,0,0.00033,sector_c
2164.96944444,0.9988988696487806,0,0.00033,sector_c
2164.97083333,0.9985943229643971,0,0.00033,sector_c
2164.97222222,0.9982644941231008,0,0.00033,sector_c
2164.97361111,0.9986332393724683,0,0.00033,sector_c
2164.975,0.9984322856110639,0,0.00033,sector_c
2164.97638889,0.9981935346150116,0,0.00033,sector_c
2164.97777778,0.9980674449783666,0,0.00033,sector_c
2164.97916667,0.9984550184352281,0,0.00033,sector_c
2164.98055556,0.9985449514440853,0,0.00033,sector_c
2164.98194444,0.9991383808886705,0,0.00033,sector_c
2164.98333333,0.9984372039885497,0,0.00033,sector_c
2164.98472222,0.9984077890919291,0,0.00033,sector_c
2164.98611111,0.9985870940035075,0,0.00033,sector_c
2164.9875,0.998838104276761,0,0.00033,sector_c
2164.98888889,0.9982448198586759,0,0.00033,sector_c
2164.99027778,0.9985284805028222,0,0.00033,sector_c
2164.99166667,0.9989628988053006,0,0.00033,sector_c
2164.99305556,0.9990663260562558,0,0.00033,sector_c
2164.99444444,0.9983774980394552,0,0.00033,sector_c
2164.99583333,0.9981026530165683,0,0.00033,sector_c
2164.99722222,0.9985489217881706,0,0.00033,sector_c
2164.99861111,0.9985226542217208,0,0.00033,sector_c
2165.0,0.9988919282226877,0,0.00033,sector_c
2165.00138889,0.9988357094042429,0,0.00033,sector_c
2165.00277778,0.9985951840091963,0,0.00033,sector_c
2165.00416667,0.9983357639830717,0,0.00033,sector_c
2165.00555556,0.9986695843554856,0,0.00033,sector_c
2165.00694444,0.9983284403392125,0,0.00033,sector_c
2165.00833333,0.9983016479648584,0,0.00033,sector_c
2165.00972222,0.998554031800041,0,0.00033,sector_c
2165.01111111,0.9991310428358021,0,0.00033,sector_c
2165.0125,0.9990742310040586,0,0.00033,sector_c
2165.01388889,0.9989793357664445,0,0.00033,sector_c
2165.01527778,0.9980989463676474,0,0.00033,sector_c
2165.01666667,0.998734906686052,0,0.00033,sector_c
2165.01805556,0.9983367585268949,0,0.00033,sector_c
2165.01944444,0.9986914093407475,0,0.00033,sector_c
2165.02083333,0.9988049256598655,0,0.00033,sector_c
2165.02222222,0.9987498666026864,0,0.00033,sector_c
2165.02361111,0.9983584634939309,0,0.00033,sector_c
2165.025,0.9982575651278616,0,0.00033,sector_c
2165.02638889,0.9987458423774028,0,0.00033,sector_c
2165.02777778,0.9988997906960708,0,0.00033,sector_c
2165.02916667,0.9983241806679937,0,0.00033,sector_c
2165.03055556,0.9982881445012997,0,0.00033,sector_c
2165.03194444,0.9984981237150079,0,0.00033,sector_c
2165.03333333,0.99837228190185,0,0.00033,sector_c
2165.03472222,0.9988059228873306,0,0.00033,sector_c
2165.03611111,0.9988289590047311,0,0.00033,sector_c
2165.0375,0.9987621562075448,0,0.00033,sector_c
2165.03888889,0.9983502069297835,0,0.00033,sector_c
2165.04027778,0.9982708478766772,0,0.00033,sector_c
2165.04166667,0.9984274358358349,0,0.00033,sector_c
2165.04305556,0.9985553760022554,4096,0.00033,sector_c
2165.04444444,0.9987605398799069,0,0.00033,sector_c
2165.04583333,0.9986366815021318,0,0.00033,sector_c
2165.04722222,0.9984161727432024,0,0.00033,sector_c
2165.04861111,0.9986768169639947,0,0.00033,sector_c
2165.05,0.9987382434556252,0,0.00033,sector_c
2165.05138889,0.9984741929064571,0,0.00033,sector_c
2165.05277778,0.9982306502456585,0,0.00033,sector_c
2165.05416667,0.9986415469254564,0,0.00033,sector_c
2165.05555556,0.9987800109905433,0,0.00033,sector_c
2165.05694444,0.9987003517533605,0,0.00033,sector_c
2165.05833333,0.998208201986489,0,0.00033,sector_c
2165.05972222,0.9986225298011671,0,0.00033,sector_c
2165.06111111,0.9985263900160153,0,0.00033,sector_c
2165.0625,0.998430543008283,0,0.00033,sector_c
2165.06388889,0.9984525188215359,0,0.00033,sector_c
2165.06527778,0.9983392289347842,0,0.00033,sector_c
2165.06666667,0.9983012494465671,0,0.00033,sector_c
2165.06805556,0.9985746985013343,0,0.00033,sector_c
2165.06944444,0.9984842790046436,0,0.00033,sector_c
2165.07083333,0.998518564415159,0,0.00033,sector_c
2165.07222222,0.9981538117588024,0,0.00033,sector_c
2165.07361111,0.9985433888983221,0,0.00033,sector_c
2165.075,0.9989268386186009,0,0.00033,sector_c
2165.07638889,0.9981734255481393,0,0.00033,sector_c
2165.07777778,0.9984995714181556,0,0.00033,sector_c
2165.07916667,0.9975481393377303,0,0.00033,sector_c
2165.08055556,0.997627584698752,0,0.00033,sector_c
2165.08194444,0.9977541567381012,0,0.00033,sector_c
2165.08333333,0.9973761568788949,0,0.00033,sector_c
2165.08472222,0.9977932578058097,0,0.00033,sector_c
2165.08611111,0.9977295507927357,0,0.00033,sector_c
2165.0875,0.9974562098507749,0,0.00033,sector_c
2165.08888889,0.9977189439966744,0,0.00033,sector_c
2165.09027778,0.9978824153991058,0,0.00033,sector_c
2165.09166667,0.997941603845889,0,0.00033,sector_c
2165.09305556,0.9974812119829016,0,0.00033,sector_c
2165.09444444,0.9977740911022447,0,0.00033,sector_c
2165.09583333,0.997534921618456,0,0.00033,sector_c
2165.09722222,0.9973163953330381,0,0.00033,sector_c
2165.09861111,0.9982125178800223,0,0.00033,sector_c
2165.1,0.9978352223091029,0,0.00033,sector_c
2165.10138889,0.9977580328045604,0,0.00033,sector_c
2165.10277778,0.9974608473888976,0,0.00033,sector_c
2165.10416667,0.9975982411013427,0,0.00033,sector_c
2165.10555556,0.9974079324003329,0,0.00033,sector_c
2165.10694444,0.998072632345236,0,0.00033,sector_c
2165.10833333,0.9973763003123504,0,0.00033,sector_c
2165.10972222,0.9975444053655578,0,0.00033,sector_c
2165.11111111,0.997776876289464,0,0.00033,sector_c
2165.1125,0.9974899450766335,0,0.00033,sector_c
2165.11388889,0.9977825977848945,0,0.00033,sector_c
2165.11527778,0.9975958108296291,0,0.00033,sector_c
2165.11666667,0.997496098044849,0,0.00033,sector_c
2165.11805556,0.9975150392867829,0,0.00033,sector_c
2165.11944444,0.996947328276826,0,0.00033,sector_c
2165.12083333,0.9977738739725819,0,0.00033,sector_c
2165.12222222,0.9976747101656712,0,0.00033,sector_c
2165.12361111,0.9976087203887914,0,0.00033,sector_c
2165.125,0.9975498336030707,0,0.00033,sector_c
2165.12638889,0.9972065491061111,0,0.00033,sector_c
2165.12777778,0.9975112783570188,0,0.00033,sector_c
2165.12916667,0.9972276502301304,0,0.00033,sector_c
2165.13055556,0.9973224600842585,0,0.00033,sector_c
2165.13194444,0.9971448590308098,0,0.00033,sector_c
2165.13333333,0.9973706338584937,0,0.00033,sector_c
2165.13472222,0.9977619172073701,0,0.00033,sector_c
2165.13611111,0.9975942296658522,0,0.00033,sector_c
2165.1375,0.9972057354306597,0,0.00033,sector_c
2165.13888889,0.9972163260969633,0,0.00033,sector_c
2165.14027778,0.9977665898357152,0,0.00033,sector_c
2165.14166667,0.9973890075879513,0,0.00033,sector_c
2165.14305556,0.9976979655063622,0,0.00033,sector_c
2165.14444444,0.9979192837365467,0,0.00033,sector_c
2165.14583333,0.9977376302556741,0,0.00033,sector_c
2165.14722222,0.997148106147586,0,0.00033,sector_c
2165.14861111,0.9968078072646451,0,0.00033,sector_c
2165.15,0.9978937444335617,0,0.00033,sector_c
2165.15138889,0.9970554620455967,0,0.00033,sector_c
2165.15277778,0.9970368918122928,0,0.00033,sector_c
2165.15416667,0.9972820161398226,0,0.00033,sector_c
2165.15555556,0.9973344915031048,0,0.00033,sector_c
2165.15694444,0.9975984044174958,0,0.00033,sector_c
2165.15833333,0.997237301099441,0,0.00033,sector_c
2165.15972222,0.9971759707592914,0,0.00033,sector_c
2165.16111111,0.9976602042177048,0,0.00033,sector_c
2165.1625,0.9971510432434199,0,0.00033,sector_c
2165.16388889,0.9981865595139027,0,0.00033,sector_c
2165.16527778,0.997024585912955,0,0.00033,sector_c
2165.16666667,0.9974359853915397,0,0.00033,sector_c
2165.16805556,0.9977439536527363,0,0.00033,sector_c
2165.16944444,0.9974201997735459,0,0.00033,sector_c
2165.17083333,0.9969538292503194,0,0.00033,sector_c
2165.17222222,0.9974003341952056,0,0.00033,sector_c
2165.17361111,0.9977118085922346,4096,0.00033,sector_c
2165.175,0.9972003078401085,0,0.00033,sector_c
2165.17638889,0.9969463686828995,0,0.00033,sector_c
2165.17777778,0.9973879219998941,0,0.00033,sector_c
2165.17916667,0.9967977961085036,0,0.00033,sector_c
2165.18055556,0.9975329979378644,0,0.00033,sector_c
2165.18194444,0.9976026535941505,0,0.00033,sector_c
2165.18333333,0.9974341268499518,0,0.00033,sector_c
2165.18472222,0.9970665014473483,0,0.00033,sector_c
2165.18611111,0.9976972263623021,0,0.00033,sector_c
2165.1875,0.9977732941032504,0,0.00033,sector_c
2165.18888889,0.9977170545099189,0,0.00033,sector_c
2165.19027778,0.9972715628199869,0,0.00033,sector_c
2165.19166667,0.997527063146023,0,0.00033,sector_c
2165.19305556,0.9971844681245651,0,0.00033,sector_c
2165.19444444,0.9977250567064022,0,0.00033,sector_c
2165.19583333,0.997253739034607,0,0.00033,sector_c
2165.19722222,0.9970313499352175,0,0.00033,sector_c
2165.19861111,0.9973102173908777,0,0.00033,sector_c
2165.2,0.9975260635305813,0,0.00033,sector_c
2165.20138889,0.9973384579524923,0,0.00033,sector_c
2165.20277778,0.9982377021573038,0,0.00033,sector_c
2165.20416667,0.998008756784916,0,0.00033,sector_c
2165.20555556,0.998303324896844,0,0.00033,sector_c
2165.20694444,0.9982514363077468,0,0.00033,sector_c
2165.20833333,0.9982946569728123,0,0.00033,sector_c
2165.20972222,0.9982270478162052,0,0.00033,sector_c
2165.21111111,0.9982470966321332,0,0.00033,sector_c
2165.2125,0.9980327673377763,0,0.00033,sector_c
2165.21388889,0.9987765572859921,0,0.00033,sector_c
2165.21527778,0.997801280981306,0,0.00033,sector_c
2165.21666667,0.9983236691309914,0,0.00033,sector_c
2165.21805556,0.9985856849953502,0,0.00033,sector_c
2165.21944444,0.997763004376012,0,0.00033,sector_c
2165.22083333,0.9977752012224717,0,0.00033,sector_c
2165.22222222,0.998455402379712,0,0.00033,sector_c
2165.22361111,0.9989748059064886,0,0.00033,sector_c
2165.225,0.9985492945373372,0,0.00033,sector_c
2165.22638889,0.9981302894260244,0,0.00033,sector_c
2165.22777778,0.9980852734566017,0,0.00033,sector_c
2165.22916667,0.9980713902097128,0,0.00033,sector_c
2165.23055556,0.9978704401239968,0,0.00033,sector_c
2165.23194444,0.9980505434106237,0,0.00033,sector_c
2165.23333333,0.9984801614779194,0,0.00033,sector_c
2165.23472222,0.9981351325826788,0,0.00033,sector_c
2165.23611111,0.9983281109621815,0,0.00033,sector_c
2165.2375,0.9984505473349797,0,0.00033,sector_c
2165.23888889,0.998031812855682,0,0.00033,sector_c
2165.24027778,0.9981098646246833,0,0.00033,sector_c
2165.24166667,0.9982661797450725,0,0.00033,sector_c
2165.24305556,0.997984420443466,0,0.00033,sector_c
2165.24444444,0.9982374567899595,0,0.00033,sector_c
2165.24583333,0.9983884088886603,0,0.00033,sector_c
2165.24722222,0.9982157278504245,0,0.00033,sector_c
2165.24861111,0.9977357204052064,0,0.00033,sector_c
2165.25,0.9982798981833737,0,0.00033,sector_c
2165.25138889,0.9981446174349161,0,0.00033,sector_c
2165.25277778,0.9981896481816678,0,0.00033,sector_c
2165.25416667,0.9978657501938482,0,0.00033,sector_c
2165.25555556,0.9982103759641434,0,0.00033,sector_c
2165.25694444,0.9981593364345205,0,0.00033,sector_c
2165.25833333,0.998025511751882,0,0.00033,sector_c
2165.25972222,0.9979689496785753,0,0.00033,sector_c
2165.26111111,0.9981365884427104,0,0.00033,sector_c
2165.2625,0.9976446595657852,0,0.00033,sector_c
2165.26388889,0.9982458377729173,0,0.00033,sector_c
2165.26527778,0.9980315835474434,0,0.00033,sector_c
2165.26666667,0.9984621678460369,0,0.00033,sector_c
2165.26805556,0.9976527760853109,0,0.00033,sector_c
2165.26944444,0.9980311789287579,0,0.00033,sector_c
2165.27083333,0.9982480180252017,0,0.00033,sector_c
2165.27222222,0.998236282972689,0,0.00033,sector_c
2165.27361111,0.998038681274313,0,0.00033,sector_c
2165.275,0.9984290783139231,0,0.00033,sector_c
2165.27638889,0.9980242709713372,0,0.00033,sector_c
2165.27777778,0.9982972729369375,0,0.00033,sector_c
2165.27916667,0.9981378126239012,0,0.00033,sector_c
2165.28055556,0.9980770598638987,0,0.00033,sector_c
2165.28194444,0.9979299295888198,0,0.00033,sector_c
2165.28333333,0.9979529899596972,0,0.00033,sector_c
2165.28472222,0.9979871389577295,0,0.00033,sector_c
2165.28611111,0.9982324539219563,0,0.00033,sector_c
2165.2875,0.9979720751201903,0,0.00033,sector_c
2165.28888889,0.9978434879329549,0,0.00033,sector_c
2165.29027778,0.9982993710770737,0,0.00033,sector_c
2165.29166667,0.9981692070571759,0,0.00033,sector_c
2165.29305556,0.9982813138923472,0,0.00033,sector_c
2165.29444444,0.9981488946057087,0,0.00033,sector_c
2165.29583333,0.9985912925977039,0,0.00033,sector_c
2165.29722222,0.9983273581958887,0,0.00033,sector_c
2165.29861111,0.9982077940266458,0,0.00033,sector_c
2165.3,0.9982548381598698,0,0.00033,sector_c
2165.30138889,0.9983911790910267,0,0.00033,sector_c
2165.30277778,0.9981582692163757,0,0.00033,sector_c
2165.30416667,0.9983148686829706,0,0.00033,sector_c
2165.30555556,0.9980549928840088,0,0.00033,sector_c
2165.30694444,0.9985432369033331,0,0.00033,sector_c
2165.30833333,0.9980607626416061,0,0.00033,sector_c
2165.30972222,0.9972016275607506,0,0.00033,sector_c
2165.31111111,0.9982854393793681,0,0.00033,sector_c
2165.3125,0.9980087291093153,0,0.00033,sector_c
2165.31388889,0.9980522381351546,0,0.00033,sector_c
2165.31527778,0.9982886453855988,0,0.00033,sector_c
2165.31666667,0.9973226291319144,0,0.00033,sector_c
2165.31805556,0.9975911305840542,0,0.00033,sector_c
2165.31944444,0.9980462042040222,0,0.00033,sector_c
2165.32083333,0.9977162624276815,0,0.00033,sector_c
2165.32222222,0.9982558121344131,0,0.00033,sector_c
2165.32361111,0.9982259230584986,0,0.00033,sector_c
2165.325,0.9979605937780057,0,0.00033,sector_c
2165.32638889,0.9983116785899205,0,0.00033,sector_c
2165.32777778,0.997535995148108,0,0.00033,sector_c
2165.32916667,0.9980491737995983,0,0.00033,sector_c
2165.33055556,0.9983212024010308,0,0.00033,sector_c
2165.33194444,0.9984524744274846,0,0.00033,sector_c
2165.33333333,0.9982261007002003,0,0.00033,sector_c
2165.33472222,0.9984854082142309,0,0.00033,sector_c
2165.33611111,0.9981822308158567,0,0.00033,sector_c
2165.3375,0.998027212811796,0,0.00033,sector_c
2165.33888889,0.9981531659240459,0,0.00033,sector_c
2165.34027778,0.998741957475432,0,0.00033,sector_c
2165.34166667,0.9986685471104915,0,0.00033,sector_c
2165.34305556,0.9981663561965304,0,0.00033,sector_c
2165.34444444,0.9981972352456311,0,0.00033,sector_c
2165.34583333,0.9981997803985656,0,0.00033,sector_c
2165.34722222,0.9976436376063872,0,0.00033,sector_c
2165.34861111,0.9979081641037157,0,0.00033,sector_c
2165.35,0.9980913495703486,0,0.00033,sector_c
2165.35138889,0.9978308767756121,0,0.00033,sector_c
2165.35277778,0.9979836163896982,0,0.00033,sector_c
2165.35416667,0.9977008222716044,0,0.00033,sector_c
2165.35555556,0.9980081838202497,0,0.00033,sector_c
2165.35694444,0.9983053484265719,0,0.00033,sector_c
2165.35833333,0.9980459918815258,0,0.00033,sector_c
2165.35972222,0.9982539009013316,0,0.00033,sector_c
2165.36111111,0.997978106783832,0,0.00033,sector_c
2165.3625,0.9978004772503858,0,0.00033,sector_c
2165.36388889,0.9980552744145521,0,0.00033,sector_c
2165.36527778,0.9975242210706143,0,0.00033,sector_c
2165.36666667,0.9978045798410521,0,0.00033,sector_c
2165.36805556,0.9979192173426423,0,0.00033,sector_c
2165.36944444,0.9978518767484347,0,0.00033,sector_c
2165.37083333,0.9981093706311958,0,0.00033,sector_c
2165.37222222,0.9977879716442503,0,0.00033,sector_c
2165.37361111,0.9982553362973408,0,0.00033,sector_c
2165.375,0.9982269118360767,0,0.00033,sector_c
2165.37638889,0.9980297292275667,0,0.00033,sector_c
2165.37777778,0.9978107358027738,0,0.00033,sector_c
2165.37916667,0.9976757502170313,0,0.00033,sector_c
2165.38055556,0.9981610195729802,0,0.00033,sector_c
2165.38194444,0.9979132156085732,0,0.00033,sector_c
2165.38333333,0.9987357369792955,0,0.00033,sector_c
2165.38472222,0.9982211169524736,0,0.00033,sector_c
2165.38611111,0.9983707678196696,0,0.00033,sector_c
2165.3875,0.9977246505933449,0,0.00033,sector_c
2165.38888889,0.9979565742297535,0,0.00033,sector_c
2165.39027778,0.997836316762701,0,0.00033,sector_c
2165.39166667,0.9973032315851929,0,0.00033,sector_c
2165.39305556,0.9980332714779304,0,0.00033,sector_c
2165.39444444,0.9978482118822442,0,0.00033,sector_c
2165.39583333,0.9978788713267672,0,0.00033,sector_c
2165.39722222,0.998064913275152,0,0.00033,sector_c
2165.39861111,0.9982384824584896,0,0.00033,sector_c
2165.4,0.9981163533624114,0,0.00033,sector_c
2165.40138889,0.9984323307059992,0,0.00033,sector_c
2165.40277778,0.9977660370904889,0,0.00033,sector_c
2165.40416667,0.9981782205268619,0,0.00033,sector_c
2165.40555556,0.9977377352604271,0,0.00033,sector_c
2165.40694444,0.997877046172513,0,0.00033,sector_c
2165.40833333,0.9982466264388293,0,0.00033,sector_c
2165.40972222,0.998083649279126,0,0.00033,sector_c
2165.41111111,0.9980071177138607,0,0.00033,sector_c
2165.4125,0.998000643578592,0,0.00033,sector_c
2165.41388889,0.9981213140306553,0,0.00033,sector_c
2165.41527778,0.9982875875380238,0,0.00033,sector_c
2165.41666667,0.9981038734056021,0,0.00033,sector_c
2165.41805556,0.9978126461425084,0,0.00033,sector_c
2165.41944444,0.9981593050755362,0,0.00033,sector_c
2165.42083333,0.997919674944971,0,0.00033,sector_c
2165.42222222,0.9980005067819671,0,0.00033,sector_c
2165.42361111,0.9979674083602159,0,0.00033,sector_c
2165.425,0.9981848621051138,0,0.00033,sector_c
2165.42638889,0.997983157222086,0,0.00033,sector_c
2165.42777778,0.9978150005545007,0,0.00033,sector_c
2165.42916667,0.99752516184397,0,0.00033,sector_c
2165.43055556,0.9975503671560105,0,0.00033,sector_c
2165.43194444,0.9980088012290959,0,0.00033,sector_c
2165.43333333,0.9977296636052465,0,0.00033,sector_c
2165.43472222,0.9981462771626405,0,0.00033,sector_c
2165.43611111,0.9979164789411402,0,0.00033,sector_c
2165.4375,0.9979786698820502,0,0.00033,sector_c
2165.43888889,0.9978873152735831,0,0.00033,sector_c
2165.44027778,0.9986007283245313,0,0.00033,sector_c
2165.44166667,0.9981613749678911,0,0.00033,sector_c
2165.44305556,0.9980379895747462,0,0.00033,sector_c
2165.44444444,0.9980781876447122,0,0.00033,sector_c
2165.44583333,0.9972277723244704,0,0.00033,sector_c
2165.44722222,0.9976428113483455,0,0.00033,sector_c
2165.44861111,0.9982157369453478,0,0.00033,sector_c
2165.45,0.9982340665273937,0,0.00033,sector_c
2165.45138889,0.9976650901965443,0,0.00033,sector_c
2165.45277778,0.9972974089384558,0,0.00033,sector_c
2165.45416667,0.9975100595749223,0,0.00033,sector_c
2165.45555556,0.9980115690303281,0,0.00033,sector_c
2165.45694444,0.9978100209290346,0,0.00033,sector_c
2165.45833333,0.9981625361863957,0,0.00033,sector_c
2165.45972222,0.9977931854462504,0,0.00033,sector_c
2165.46111111,0.997930149004725,0,0.00033,sector_c
2165.4625,0.9979981760210076,0,0.00033,sector_c
2165.46388889,0.9978171096479296,0,0.00033,sector_c
2165.46527778,0.9977246883458211,0,0.00033,sector_c
2165.46666667,0.9976726701922608,0,0.00033,sector_c
2165.46805556,0.997788462602788,0,0.00033,sector_c
2165.46944444,0.9978488194275218,0,0.00033,sector_c
2165.47083333,0.998111180479944,0,0.00033,sector_c
2165.47222222,0.9978514269050714,0,0.00033,sector_c
2165.47361111,0.9976800843405803,0,0.00033,sector_c
2165.475,0.9975299615520663,0,0.00033,sector_c
2165.47638889,0.9976121593062529,0,0.00033,sector_c
2165.47777778,0.9979346028192466,0,0.00033,sector_c
2165.47916667,0.997853384943693,0,0.00033,sector_c
2165.48055556,0.9981905443097205,0,0.00033,sector_c
2165.48194444,0.9977813476189188,0,0.00033,sector_c
2165.48333333,0.9977003830225964,0,0.00033,sector_c
2165.48472222,0.9982021878192625,0,0.00033,sector_c
2165.48611111,0.9980846202776648,0,0.00033,sector_c
2165.4875,0.9981410003250272,0,0.00033,sector_c
2165.48888889,0.9974670631247601,0,0.00033,sector_c
2165.49027778,0.9977894159102868,0,0.00033,sector_c
2165.49166667,0.9978674472050512,0,0.00033,sector_c
2165.49305556,0.9978572011175466,0,0.00033,sector_c
2165.49444444,0.9971488613749006,0,0.00033,sector_c
2165.49583333,0.9978083548899495,0,0.00033,sector_c
2165.49722222,0.997787129823607,0,0.00033,sector_c
2165.49861111,0.9980943659697158,0,0.00033,sector_c
2165.5,0.9977259699583728,0,0.00033,sector_c
2165.50138889,0.9978036502635516,0,0.00033,sector_c
2165.50277778,0.997735360830607,0,0.00033,sector_c
2165.50416667,0.9974777950426136,0,0.00033,sector_c
2165.50555556,0.9979564397127563,0,0.00033,sector_c
2165.50694444,0.9983016692764376,0,0.00033,sector_c
2165.50833333,0.9975086986332283,0,0.00033,sector_c
2165.50972222,0.9981959041442646,0,0.00033,sector_c
2165.51111111,0.9982420408139853,0,0.00033,sector_c
2165.5125,0.9973858138247729,0,0.00033,sector_c
2165.51388889,0.9974058316889676,0,0.00033,sector_c
2165.51527778,0.9975410479214099,4096,0.00033,sector_c
2165.51666667,0.9974949989013788,0,0.00033,sector_c
2165.51805556,0.9975580880945342,0,0.00033,sector_c
2165.51944444,0.9974652217931497,0,0.00033,sector_c
2165.52083333,0.9976537921029236,0,0.00033,sector_c
2165.52222222,0.9978728528715033,0,0.00033,sector_c
2165.52361111,0.9979676675763338,0,0.00033,sector_c
2165.525,0.9976875701087827,0,0.00033,sector_c
2165.52638889,0.9974656165984884,0,0.00033,sector_c
2165.52777778,0.9978891873463753,0,0.00033,sector_c
2165.52916667,0.9979067261010942,0,0.00033,sector_c
2165.53055556,0.9975138457237419,0,0.00033,sector_c
2165.53194444,0.9978413191043317,0,0.00033,sector_c
2165.53333333,0.997419081333401,0,0.00033,sector_c
2165.53472222,0.9975276992915435,0,0.00033,sector_c
2165.53611111,0.9977494294083885,0,0.00033,sector_c
2165.5375,0.9976489174637093,0,0.00033,sector_c
2165.53888889,0.9980218048250462,0,0.00033,sector_c
2165.54027778,0.9976667782338148,0,0.00033,sector_c
2165.54166667,0.9977768295420999,0,0.00033,sector_c
2165.54305556,0.9980203127538296,0,0.00033,sector_c
2165.54444444,0.9972753718931301,0,0.00033,sector_c
2165.54583333,0.9978815008648253,0,0.00033,sector_c
2165.54722222,0.9980219371507778,0,0.00033,sector_c
2165.54861111,0.9976385924976757,0,0.00033,sector_c
2165.55,0.9979993197570547,0,0.00033,sector_c
2165.55138889,0.9973841486889863,0,0.00033,sector_c
2165.55277778,0.9974435192344786,0,0.00033,sector_c
2165.55416667,0.9973098924106467,0,0.00033,sector_c
2165.55555556,0.9981276704102268,0,0.00033,sector_c
2165.55694444,0.9974396117781523,0,0.00033,sector_c
2165.55833333,0.997822705783182,0,0.00033,sector_c
2165.55972222,0.9972048716346256,0,0.00033,sector_c
2165.56111111,0.9979306447849862,0,0.00033,sector_c
2165.5625,0.9972859283915754,0,0.00033,sector_c
2165.56388889,0.9974598177133177,0,0.00033,sector_c
2165.56527778,0.996939127207318,0,0.00033,sector_c
2165.56666667,0.9972957069671501,0,0.00033,sector_c
2165.56805556,0.9979204930407458,0,0.00033,sector_c
2165.56944444,0.9972603877212296,0,0.00033,sector_c
2165.57083333,0.9980954277735099,0,0.00033,sector_c
2165.57222222,0.9982641981010464,0,0.00033,sector_c
2165.57361111,0.9975912438325136,0,0.00033,sector_c
2165.575,0.9972547041025631,0,0.00033,sector_c
2165.57638889,0.9975325949179414,0,0.00033,sector_c
2165.57777778,0.9977057836765768,0,0.00033,sector_c
2165.57916667,0.9970585040196241,0,0.00033,sector_c
2165.58055556,0.9974458821996322,0,0.00033,sector_c
2165.58194444,0.9976732099882158,0,0.00033,sector_c
2165.58333333,0.997746916948279,0,0.00033,sector_c
2165.58472222,0.9970890292688357,0,0.00033,sector_c
2165.58611111,0.9976066709932979,0,0.00033,sector_c
2165.5875,0.9976492579787648,0,0.00033,sector_c
2165.58888889,0.9979323593790594,0,0.00033,sector_c
2165.59027778,0.9977015132439361,0,0.00033,sector_c
2165.59166667,0.9979151678098998,0,0.00033,sector_c
2165.59305556,0.997770574715976,0,0.00033,sector_c
2165.59444444,0.9973678194926969,0,0.00033,sector_c
2165.59583333,0.9983921951618607,0,0.00033,sector_c
2165.59722222,0.9977956597244453,0,0.00033,sector_c
2165.59861111,0.9976742897933382,0,0.00033,sector_c
2165.6,0.997491269801222,0,0.00033,sector_c
2165.60138889,0.9980429398489523,0,0.00033,sector_c
2165.60277778,0.9976193993484316,0,0.00033,sector_c
2165.60416667,0.9977575011775115,0,0.00033,sector_c
2165.60555556,0.9976523008568854,0,0.00033,sector_c
2165.60694444,0.997548514624355,0,0.00033,sector_c
2165.60833333,0.9971342126156763,0,0.00033,sector_c
2165.60972222,0.9974174777533831,0,0.00033,sector_c
2165.61111111,0.998078161241429,0,0.00033,sector_c
2165.6125,0.9976469505041472,0,0.00033,sector_c
2165.61388889,0.9973783731006877,0,0.00033,sector_c
2165.61527778,0.9973141571914645,0,0.00033,sector_c
2165.61666667,0.9973255704588498,0,0.00033,sector_c
2165.61805556,0.997442561895362,0,0.00033,sector_c
2165.61944444,0.9975145722270619,0,0.00033,sector_c
2165.62083333,0.9979739621424838,0,0.00033,sector_c
2165.62222222,0.9976571984575728,0,0.00033,sector_c
2165.62361111,0.9980376458805954,0,0.00033,sector_c
2165.625,0.9970713529047731,0,0.00033,sector_c
2165.62638889,0.9974945987016197,0,0.00033,sector_c
2165.62777778,0.9969926699662468,0,0.00033,sector_c
2165.62916667,0.9969190458875894,0,0.00033,sector_c
2165.63055556,0.9975990246132111,0,0.00033,sector_c
2165.63194444,0.997018648145795,0,0.00033,sector_c
2165.63333333,0.9975467205601378,0,0.00033,sector_c
2165.63472222,0.9972743047621215,0,0.00033,sector_c
2165.63611111,0.9978533396761609,0,0.00033,sector_c
2165.6375,0.9978642710341157,0,0.00033,sector_c
2165.63888889,0.9970649635852973,0,0.00033,sector_c
2165.64027778,0.997732813353027,0,0.00033,sector_c
2165.64166667,0.997507410664586,0,0.00033,sector_c
2165.64305556,0.9976574303068192,0,0.00033,sector_c
2165.64444444,0.9973557512123454,0,0.00033,sector_c
2165.64583333,0.9978539112788629,0,0.00033,sector_c
2165.64722222,0.9977822461198743,0,0.00033,sector_c
2165.64861111,0.9974824995566464,0,0.00033,sector_c
2165.65,0.9970363736645709,0,0.00033,sector_c
2165.65138889,0.9968029044256235,0,0.00033,sector_c
2165.65277778,0.9977708149538327,0,0.00033,sector_c
2165.65416667,0.9975388005126238,0,0.00033,sector_c
2165.65555556,0.9970683890558032,0,0.00033,sector_c
2165.65694444,0.9972034763059906,0,0.00033,sector_c
2165.65833333,0.9982240919306591,0,0.00033,sector_c
2165.65972222,0.9971547509386361,0,0.00033,sector_c
2165.66111111,0.9975681709018585,0,0.00033,sector_c
2165.6625,0.9978434208875787,0,0.00033,sector_c
2165.66388889,0.9981364061408632,0,0.00033,sector_c
2165.66527778,0.9975572785234842,0,0.00033,sector_c
2165.66666667,0.9976037616901726,0,0.00033,sector_c
2165.66805556,0.9971170277531696,0,0.00033,sector_c
2165.66944444,0.9975888946315393,0,0.00033,sector_c
2165.67083333,0.9974413147297186,0,0.00033,sector_c
2165.67222222,0.9971347863790235,0,0.00033,sector_c
2165.67361111,0.997113472502767,0,0.00033,sector_c
2165.675,0.9978063624601813,0,0.00033,sector_c
2165.67638889,0.9977476554382042,0,0.00033,sector_c
2165.67777778,0.9982096117622631,0,0.00033,sector_c
2165.67916667,0.997336529893303,0,0.00033,sector_c
2165.68055556,0.9968460454161183,0,0.00033,sector_c
2165.68194444,0.9980200014030232,0,0.00033,sector_c
2165.68333333,0.9976096575601902,0,0.00033,sector_c
2165.68472222,0.997922200225445,0,0.00033,sector_c
2165.68611111,0.9972238915242976,0,0.00033,sector_c
2165.6875,0.9973056354238301,0,0.00033,sector_c
2165.68888889,0.9978580038858467,0,0.00033,sector_c
2165.69027778,0.9971868605413583,2048,0.00033,sector_c
2165.69166667,0.9973959250271305,0,0.00033,sector_c
2165.69305556,0.9974074474097486,0,0.00033,sector_c
2165.69444444,0.9976707723917836,0,0.00033,sector_c
2165.69583333,0.9977116186618842,0,0.00033,sector_c
2165.69722222,0.9971807441284382,0,0.00033,sector_c
2165.69861111,0.9976744061471801,0,0.00033,sector_c
2165.7,0.9973362849223253,0,0.00033,sector_c
2165.70138889,0.9973688538542163,0,0.00033,sector_c
2165.70277778,0.9974419971557962,0,0.00033,sector_c
2165.70416667,0.9976678062561037,0,0.00033,sector_c
2165.70555556,0.9973653239535248,0,0.00033,sector_c
2165.70694444,0.9975318608429803,0,0.00033,sector_c
2165.70833333,0.9971676770182327,0,0.00033,sector_c
2165.70972222,0.9969737028784419,0,0.00033,sector_c
2165.71111111,0.9970610716790741,0,0.00033,sector_c
2165.7125,0.9974559296158154,0,0.00033,sector_c
2165.71388889,0.9974041461252652,0,0.00033,sector_c
2165.71527778,0.9974222943449933,0,0.00033,sector_c
2165.71666667,0.9969860463547968,0,0.00033,sector_c
2165.71805556,0.9971478852598911,0,0.00033,sector_c
2165.71944444,0.9973771153452847,0,0.00033,sector_c
2165.72083333,0.9975693473242195,0,0.00033,sector_c
2165.72222222,0.9975089015461618,0,0.00033,sector_c
2165.72361111,0.9972641383786162,0,0.00033,sector_c
2165.725,0.997151024284969,0,0.00033,sector_c
2165.72638889,0.9969151511149084,0,0.00033,sector_c
2165.72777778,0.9971962039143026,0,0.00033,sector_c
2165.72916667,0.997678356692746,0,0.00033,sector_c
2165.73055556,0.99727641174016,0,0.00033,sector_c
2165.73194444,0.9971757054302777,0,0.00033,sector_c
2165.73333333,0.9974126411069488,0,0.00033,sector_c
2165.73472222,0.9981214256494173,0,0.00033,sector_c
2165.73611111,0.9971927557467142,0,0.00033,sector_c
2165.7375,0.9970416155141008,0,0.00033,sector_c
2165.73888889,0.9968276454204604,0,0.00033,sector_c
2165.74027778,0.996730082514732,0,0.00033,sector_c
2165.74166667,0.9974284018336588,0,0.00033,sector_c
2165.74305556,0.997404366076196,0,0.00033,sector_c
2165.74444444,0.9971274482159592,0,0.00033,sector_c
2165.74583333,0.9974157871324454,0,0.00033,sector_c
2165.74722222,0.9974683217893783,0,0.00033,sector_c
2165.74861111,0.9970717913050916,0,0.00033,sector_c
2165.75,0.9973690476557037,0,0.00033,sector_c
2165.75138889,0.9975347019161408,0,0.00033,sector_c
2165.75277778,0.9968567140511148,0,0.00033,sector_c
2165.75416667,0.9972409416482927,0,0.00033,sector_c
2165.75555556,0.9973021084424921,0,0.00033,sector_c
2165.75694444,0.9967534985619632,0,0.00033,sector_c
2165.75833333,0.9979735916346737,0,0.00033,sector_c
2165.75972222,0.9975785491272832,0,0.00033,sector_c
2165.76111111,0.9978189944077167,0,0.00033,sector_c
2165.7625,0.9968440237136477,0,0.00033,sector_c
2165.76388889,0.9972450303851255,0,0.00033,sector_c
2165.76527778,0.9975979800062585,0,0.00033,sector_c
2165.76666667,0.997113984977063,0,0.00033,sector_c
2165.76805556,0.9978583762237377,0,0.00033,sector_c
2165.76944444,0.9969328718977675,0,0.00033,sector_c
2165.77083333,0.997238184741761,0,0.00033,sector_c
2165.77222222,0.9971365669441412,0,0.00033,sector_c
2165.77361111,0.9967607615712866,0,0.00033,sector_c
2165.775,0.9971664773595248,0,0.00033,sector_c
2165.77638889,0.9972324070709468,0,0.00033,sector_c
2165.77777778,0.9969180956903082,0,0.00033,sector_c
2165.77916667,0.9970856140080347,0,0.00033,sector_c
2165.78055556,0.9975003117311697,0,0.00033,sector_c
2165.78194444,0.997469767352076,0,0.00033,sector_c
2165.78333333,0.9973514455655249,0,0.00033,sector_c
2165.78472222,0.9974226754408752,0,0.00033,sector_c
2165.78611111,0.9975883911921442,0,0.00033,sector_c
2165.7875,0.997159656837256,0,0.00033,sector_c
2165.78888889,0.996999946149624,0,0.00033,sector_c
2165.79027778,0.9972332064242716,0,0.00033,sector_c
2165.79166667,0.9972449294757457,0,0.00033,sector_c
2165.79305556,0.9970076321471294,0,0.00033,sector_c
2165.79444444,0.9972624909693728,0,0.00033,sector_c
2165.79583333,0.9972806958984314,0,0.00033,sector_c
2165.79722222,0.997494442316826,0,0.00033,sector_c
2165.79861111,0.9969121332531747,0,0.00033,sector_c
2165.8,0.9975411828480399,0,0.00033,sector_c
2165.80138889,0.9971225060886315,0,0.00033,sector_c
2165.80277778,0.9967694964219901,0,0.00033,sector_c
2165.80416667,0.9974868023304052,0,0.00033,sector_c
2165.80555556,0.9973183703726004,0,0.00033,sector_c
2165.80694444,0.9972013872103053,0,0.00033,sector_c
2165.80833333,0.9968316103119318,0,0.00033,sector_c
2165.80972222,0.9974032591989993,0,0.00033,sector_c
2165.81111111,0.9968555956493995,0,0.00033,sector_c
2165.8125,0.9968408094728325,0,0.00033,sector_c
2165.81388889,0.9971248867614267,0,0.00033,sector_c
2165.81527778,0.9974173410934764,0,0.00033,sector_c
2165.81666667,0.9971493442167999,0,0.00033,sector_c
2165.81805556,0.9971694377737729,0,0.00033,sector_c
2165.81944444,0.9968680936634164,0,0.00033,sector_c
2165.82083333,0.9973962440781136,0,0.00033,sector_c
2165.82222222,0.9970208513905583,0,0.00033,sector_c
2165.82361111,0.9972974850037835,0,0.00033,sector_c
2165.825,0.9979340804232446,0,0.00033,sector_c
2165.82638889,0.9971787791655883,0,0.00033,sector_c
2165.82777778,0.9968138819583997,0,0.00033,sector_c
2165.82916667,0.9966940790552264,0,0.00033,sector_c
2165.83055556,0.9968212853463532,0,0.00033,sector_c
2165.83194444,0.9968099370222974,0,0.00033,sector_c
2165.83333333,0.9971739586116982,0,0.00033,sector_c
2165.83472222,0.9974778479419976,0,0.00033,sector_c
2165.83611111,0.9970942417188415,0,0.00033,sector_c
2165.8375,0.9969993999755304,0,0.00033,sector_c
2165.83888889,0.9972634007221722,0,0.00033,sector_c
2165.84027778,0.996835177440127,0,0.00033,sector_c
2165.84166667,0.9970061646381814,0,0.00033,sector_c
2165.84305556,0.9973363542501038,0,0.00033,sector_c
2165.84444444,0.9974182511398808,0,0.00033,sector_c
2165.84583333,0.9969581579229362,0,0.00033,sector_c
2165.84722222,0.9969538296344085,0,0.00033,sector_c
2165.84861111,0.9969170201967027,0,0.00033,sector_c
2165.85,0.9971397206959185,0,0.00033,sector_c
2165.85138889,0.9974938761012017,0,0.00033,sector_c
2165.85277778,0.9970673996679729,0,0.00033,sector_c
2165.85416667,0.9967092991595844,0,0.00033,sector_c
2165.85555556,0.9973520412947223,0,0.00033,sector_c
2165.85694444,0.9973528182617848,0,0.00033,sector_c
2165.85833333,0.9973688243466381,0,0.00033,sector_c
2165.85972222,0.9972733168005241,0,0.00033,sector_c
2165.86111111,0.9969233910798109,0,0.00033,sector_c
2165.8625,0.9967256055611763,0,0.00033,sector_c
2165.86388889,0.9971814832837237,0,0.00033,sector_c
2165.86527778,0.9969340945515589,0,0.00033,sector_c
2165.86666667,0.9970480621165815,0,0.00033,sector_c
2165.86805556,0.9973886095800814,0,0.00033,sector_c
2165.86944444,0.9964838423298199,0,0.00033,sector_c
2165.87083333,0.99650770910966,0,0.00033,sector_c
2165.87222222,0.9965761224713066,0,0.00033,sector_c
2165.87361111,0.9967901614777317,0,0.00033,sector_c
2165.875,0.9969579290679345,0,0.00033,sector_c
2165.87638889,0.9970765209860284,0,0.00033,sector_c
2165.87777778,0.9967485510376166,0,0.00033,sector_c
2165.87916667,0.9973084399534377,0,0.00033,sector_c
2165.88055556,0.9968860721719964,0,0.00033,sector_c
2165.88194444,0.9971843587956689,0,0.00033,sector_c
2165.88333333,0.9974396243192606,0,0.00033,sector_c
2165.88472222,0.997287564355796,0,0.00033,sector_c
2165.88611111,0.9968729386073998,0,0.00033,sector_c
2165.8875,0.9969379822679068,0,0.00033,sector_c
2165.88888889,0.9970992952517135,0,0.00033,sector_c
2165.89027778,0.9971886335721452,0,0.00033,sector_c
2165.89166667,0.9966103706680608,2048,0.00033,sector_c
2165.89305556,0.9966264715603221,0,0.00033,sector_c
2165.89444444,0.9967711505756043,0,0.00033,sector_c
2165.89583333,0.997247174642177,0,0.00033,sector_c
2165.89722222,0.9969939002464019,0,0.00033,sector_c
2165.89861111,0.9968996189796498,0,0.00033,sector_c
2165.9,0.9965129400363818,0,0.00033,sector_c
2165.90138889,0.996521739650965,0,0.00033,sector_c
2165.90277778,0.9970201053765132,0,0.00033,sector_c
2165.90416667,0.9966025280612422,0,0.00033,sector_c
2165.90555556,0.9971851845316395,0,0.00033,sector_c
2165.90694444,0.9966555093919761,0,0.00033,sector_c
2165.90833333,0.9969516419696589,0,0.00033,sector_c
2165.90972222,0.9971088625822911,0,0.00033,sector_c
2165.91111111,0.9970546304590571,0,0.00033,sector_c
2165.9125,0.9968833820725563,0,0.00033,sector_c
2165.91388889,0.9975083761328757,0,0.00033,sector_c
2165.91527778,0.9968602768496734,0,0.00033,sector_c
2165.91666667,0.9970039399845605,0,0.00033,sector_c
2165.91805556,0.9967807919436731,0,0.00033,sector_c
2165.91944444,0.9971681856936364,0,0.00033,sector_c
2165.92083333,0.9972212101093909,0,0.00033,sector_c
2165.92222222,0.9972117173082848,0,0.00033,sector_c
2165.92361111,0.9969477390792966,0,0.00033,sector_c
2165.925,0.9971345830347158,0,0.00033,sector_c
2165.92638889,0.9965634272357465,0,0.00033,sector_c
2165.92777778,0.9967418849089036,0,0.00033,sector_c
2165.92916667,0.9970397397127473,0,0.00033,sector_c
2165.93055556,0.9962082822435256,0,0.00033,sector_c
2165.93194444,0.9963776170150201,0,0.00033,sector_c
2165.93333333,0.9970387935106632,0,0.00033,sector_c
2165.93472222,0.9968850822213575,0,0.00033,sector_c
2165.93611111,0.9967503280555445,0,0.00033,sector_c
2165.9375,0.9967641394538024,0,0.00033,sector_c
2165.93888889,0.9972516435643253,0,0.00033,sector_c
2165.94027778,0.9969501547790645,0,0.00033,sector_c
2165.94166667,0.9967093057628041,0,0.00033,sector_c
2165.94305556,0.996383557762501,0,0.00033,sector_c
2165.94444444,0.9968408406062912,0,0.00033,sector_c
2165.94583333,0.996471938981142,0,0.00033,sector_c
2165.94722222,0.9967409636391033,0,0.00033,sector_c
2165.94861111,0.9965749262407176,0,0.00033,sector_c
2165.95,0.9971563307203317,0,0.00033,sector_c
2165.95138889,0.9965800372420612,2048,0.00033,sector_c
2165.95277778,0.9967729312014102,0,0.00033,sector_c
2165.95416667,0.9971863281346782,0,0.00033,sector_c
2165.95555556,0.9961300698307245,0,0.00033,sector_c
2165.95694444,0.9966192226160905,0,0.00033,sector_c
2165.95833333,0.9963047252547702,0,0.00033,sector_c
2165.95972222,0.9972232831832304,0,0.00033,sector_c
2165.96111111,0.9968844220723465,0,0.00033,sector_c
2165.9625,0.9967331859282015,0,0.00033,sector_c
2165.96388889,0.9968010734890556,0,0.00033,sector_c
2165.96527778,0.9969734250446634,0,0.00033,sector_c
2165.96666667,0.9969155413285012,0,0.00033,sector_c
2165.96805556,0.9967804089149566,0,0.00033,sector_c
2165.96944444,0.9970184680168528,0,0.00033,sector_c
2165.97083333,0.9968512247912338,0,0.00033,sector_c
2165.97222222,0.9973047124864691,0,0.00033,sector_c
2165.97361111,0.9964175485377331,0,0.00033,sector_c
2165.975,0.9966317219309545,0,0.00033,sector_c
2165.97638889,0.9969471270856457,0,0.00033,sector_c
2165.97777778,0.9969595709587888,0,0.00033,sector_c
2165.97916667,0.9965691127208337,0,0.00033,sector_c
2165.98055556,0.9970968852531367,0,0.00033,sector_c
2165.98194444,0.9969830581926934,0,0.00033,sector_c
2165.98333333,0.9972037150560151,0,0.00033,sector_c
2165.98472222,0.9966258968133027,0,0.00033,sector_c
2165.98611111,0.997052066806578,0,0.00033,sector_c
2165.9875,0.9966731347008947,0,0.00033,sector_c
2165.98888889,0.9967998727907633,0,0.00033,sector_c
2165.99027778,0.9969122986920873,0,0.00033,sector_c
2165.99166667,0.9965622457360487,0,0.00033,sector_c
2165.99305556,0.9965905277226423,0,0.00033,sector_c
2165.99444444,0.9971863806194499,0,0.00033,sector_c
2165.99583333,0.9963935095624629,0,0.00033,sector_c
2165.99722222,0.9968299991515295,0,0.00033,sector_c
2165.99861111,0.9970561517177726,0,0.00033,sector_c
2166.0,0.9970988745677941,0,0.00033,sector_c
2166.00138889,0.9966074596138289,0,0.00033,sector_c
2166.00277778,0.9963603288922229,0,0.00033,sector_c
2166.00416667,0.9969692174285202,0,0.00033,sector_c
2166.00555556,0.9964854203231205,0,0.00033,sector_c
2166.00694444,0.99663922039013,0,0.00033,sector_c
2166.00833333,0.9964224076314201,0,0.00033,sector_c
2166.00972222,0.9962228911814083,0,0.00033,sector_c
2166.01111111,0.9964462331842163,0,0.00033,sector_c
2166.0125,0.9965409051727305,0,0.00033,sector_c
2166.01388889,0.9960993279439853,0,0.00033,sector_c
2166.01527778,0.9970161639350642,0,0.00033,sector_c
2166.01666667,0.9965279458186092,0,0.00033,sector_c
2166.01805556,0.9970699321393413,0,0.00033,sector_c
2166.01944444,0.9969272770342319,0,0.00033,sector_c
2166.02083333,0.9964277152974194,0,0.00033,sector_c
2166.02222222,0.9965774200433608,0,0.00033,sector_c
2166.02361111,0.9964511162146931,0,0.00033,sector_c
2166.025,0.996571253454752,0,0.00033,sector_c
2166.02638889,0.996600475033231,0,0.00033,sector_c
2166.02777778,0.9966811968473117,0,0.00033,sector_c
2166.02916667,0.9966901967589449,0,0.00033,sector_c
2166.03055556,0.9966090831940887,0,0.00033,sector_c
2166.03194444,0.9963800543843156,0,0.00033,sector_c
2166.03333333,0.9961039224727054,0,0.00033,sector_c
2166.03472222,0.9966116705715452,0,0.00033,sector_c
2166.03611111,0.9964858665807945,0,0.00033,sector_c
2166.0375,0.9967308674465207,0,0.00033,sector_c
2166.03888889,0.9963591745834578,0,0.00033,sector_c
2166.04027778,0.9966067694655748,0,0.00033,sector_c
2166.04166667,0.9962509627017345,0,0.00033,sector_c
2166.04305556,0.9966342586569928,0,0.00033,sector_c
2166.04444444,0.9964423459929118,0,0.00033,sector_c
2166.04583333,0.9966363997962705,0,0.00033,sector_c
2166.04722222,0.997258212762443,0,0.00033,sector_c
2166.04861111,0.9967421840611914,0,0.00033,sector_c
2166.05,0.9964728322136867,0,0.00033,sector_c
2166.05138889,0.9965825896416916,0,0.00033,sector_c
2166.05277778,0.9965065961133444,0,0.00033,sector_c
2166.05416667,0.9964823749083542,0,0.00033,sector_c
2166.05555556,0.9965086653021309,0,0.00033,sector_c
2166.05694444,0.996488614942747,0,0.00033,sector_c
2166.05833333,0.9964797929054068,0,0.00033,sector_c
2166.05972222,0.9967644436270807,0,0.00033,sector_c
2166.06111111,0.9967529741589594,0,0.00033,sector_c
2166.0625,0.996966745247162,0,0.00033,sector_c
2166.06388889,0.9966029641139972,0,0.00033,sector_c
2166.06527778,0.9965872144107715,0,0.00033,sector_c
2166.06666667,0.9971389807294568,0,0.00033,sector_c
2166.06805556,0.9960434291322013,2048,0.00033,sector_c
2166.06944444,0.9965082862302843,0,0.00033,sector_c
2166.07083333,0.9965817504787412,0,0.00033,sector_c
2166.07222222,0.9966209441115661,0,0.00033,sector_c
2166.07361111,0.9962540021413367,0,0.00033,sector_c
2166.075,0.9963209817303973,0,0.00033,sector_c
2166.07638889,0.9960140570750179,0,0.00033,sector_c
2166.07777778,0.9962718026230635,0,0.00033,sector_c
2166.07916667,0.9958748911371732,0,0.00033,sector_c
2166.08055556,0.9966354384550813,0,0.00033,sector_c
2166.08194444,0.9963537762143598,0,0.00033,sector_c
2166.08333333,0.9961127213849493,0,0.00033,sector_c
2166.08472222,0.9967960089886163,0,0.00033,sector_c
2166.08611111,0.9963911597018084,0,0.00033,sector_c
2166.0875,0.996109062656219,0,0.00033,sector_c
2166.08888889,0.996515914443494,0,0.00033,sector_c
2166.09027778,0.9962401396264282,0,0.00033,sector_c
2166.09166667,0.9958261388163354,0,0.00033,sector_c
2166.09305556,0.9963912708279722,0,0.00033,sector_c
2166.09444444,0.9967976245375945,0,0.00033,sector_c
2166.09583333,0.9958717734080159,0,0.00033,sector_c
2166.09722222,0.996231416688716,0,0.00033,sector_c
2166.09861111,0.9965507384825317,0,0.00033,sector_c
2166.1,0.9964316411566386,0,0.00033,sector_c
2166.10138889,0.9965991963077034,0,0.00033,sector_c
2166.10277778,0.9962696084655144,0,0.00033,sector_c
2166.10416667,0.9967077648591969,0,0.00033,sector_c
2166.10555556,0.9963354226537972,0,0.00033,sector_c
2166.10694444,0.996302082881407,0,0.00033,sector_c
2166.10833333,0.9964366742157094,0,0.00033,sector_c
2166.10972222,0.9962373895620696,0,0.00033,sector_c
2166.11111111,0.9962240041038477,0,0.00033,sector_c
2166.1125,0.996178098739643,0,0.00033,sector_c
2166.11388889,0.9960707756676574,0,0.00033,sector_c
2166.11527778,0.9960932788682915,0,0.00033,sector_c
2166.11666667,0.9959148204550803,0,0.00033,sector_c
2166.11805556,0.996448097732225,0,0.00033,sector_c
2166.11944444,0.9963734095891311,0,0.00033,sector_c
2166.12083333,0.9957251563740027,0,0.00033,sector_c
2166.12222222,0.9961514478582846,0,0.00033,sector_c
2166.12361111,0.9962843342682955,0,0.00033,sector_c
2166.125,0.9959818689793669,0,0.00033,sector_c
2166.12638889,0.9963800802935743,0,0.00033,sector_c
2166.12777778,0.996092882586823,0,0.00033,sector_c
2166.12916667,0.9962604304985877,0,0.00033,sector_c
2166.13055556,0.9959809661765364,0,0.00033,sector_c
2166.13194444,0.9962986921130201,0,0.00033,sector_c
2166.13333333,0.9962826878696762,0,0.00033,sector_c
2166.13472222,0.9968836878766658,0,0.00033,sector_c
2166.13611111,0.9966752146065884,0,0.00033,sector_c
2166.1375,0.9962738466645462,0,0.00033,sector_c
2166.13888889,0.9962387032156955,0,0.00033,sector_c
2166.14027778,0.9962383559083446,0,0.00033,sector_c
2166.14166667,0.9962870267414912,0,0.00033,sector_c
2166.14305556,0.9955981113705352,0,0.00033,sector_c
2166.14444444,0.9961927880832412,0,0.00033,sector_c
2166.14583333,0.9963769440406498,0,0.00033,sector_c
2166.14722222,0.9962045031453053,0,0.00033,sector_c
2166.14861111,0.9958520553493011,0,0.00033,sector_c
2166.15,0.995755339678873,0,0.00033,sector_c
2166.15138889,0.9956687509014694,0,0.00033,sector_c
2166.15277778,0.9966351117693271,0,0.00033,sector_c
2166.15416667,0.9963786927513149,0,0.00033,sector_c
2166.15555556,0.9965460438180075,0,0.00033,sector_c
2166.15694444,0.9960766895865324,0,0.00033,sector_c
2166.15833333,0.9959486275685732,0,0.00033,sector_c
2166.15972222,0.9957094675248678,0,0.00033,sector_c
2166.16111111,0.9962520170384339,0,0.00033,sector_c
2166.1625,0.9957413521478153,0,0.00033,sector_c
2166.16388889,0.9959130233796499,0,0.00033,sector_c
2166.16527778,0.996466172987293,0,0.00033,sector_c
2166.16666667,0.9965491202893922,0,0.00033,sector_c
2166.16805556,0.9960554620779075,0,0.00033,sector_c
2166.16944444,0.9963684623339041,0,0.00033,sector_c
2166.17083333,0.9961594840954228,0,0.00033,sector_c
2166.17222222,0.9962505429203544,0,0.00033,sector_c
2166.17361111,0.9957412450561667,0,0.00033,sector_c
2166.175,0.9961863709278443,0,0.00033,sector_c
2166.17638889,0.9961704507085002,0,0.00033,sector_c
2166.17777778,0.9962084133915611,0,0.00033,sector_c
2166.17916667,0.9962007620820695,0,0.00033,sector_c
2166.18055556,0.9961228952223974,0,0.00033,sector_c
2166.18194444,0.9962387253010534,0,0.00033,sector_c
2166.18333333,0.9958643161739041,0,0.00033,sector_c
2166.18472222,0.9961754612298568,0,0.00033,sector_c
2166.18611111,0.9958184554409536,0,0.00033,sector_c
2166.1875,0.9960978478219925,0,0.00033,sector_c
2166.18888889,0.9959378306056753,0,0.00033,sector_c
2166.19027778,0.9958581343400342,0,0.00033,sector_c
2166.19166667,0.9958892049912668,0,0.00033,sector_c
2166.19305556,0.9958895426202896,0,0.00033,sector_c
2166.19444444,0.9962688050582893,0,0.00033,sector_c
2166.19583333,0.9958380044714126,0,0.00033,sector_c
2166.19722222,0.996141185088925,0,0.00033,sector_c
2166.19861111,0.9961795175490704,0,0.00033,sector_c
2166.2,0.996644852396095,0,0.00033,sector_c
2166.20138889,0.996296941063493,0,0.00033,sector_c
2166.20277778,0.9957561758701489,0,0.00033,sector_c
2166.20416667,0.9956804542284614,0,0.00033,sector_c
2166.20555556,0.9960328083399019,0,0.00033,sector_c
2166.20694444,0.9961406895390967,0,0.00033,sector_c
2166.20833333,0.9958175316253958,0,0.00033,sector_c
2166.20972222,0.9962664141897738,0,0.00033,sector_c
2166.21111111,0.995455554916067,0,0.00033,sector_c
2166.2125,0.9954105030663419,0,0.00033,sector_c
2166.21388889,0.9957729095109041,0,0.00033,sector_c
2166.21527778,0.9961502778192486,0,0.00033,sector_c
2166.21666667,0.9962306011408373,0,0.00033,sector_c
2166.21805556,0.9959944090729007,0,0.00033,sector_c
2166.21944444,0.9963749534697033,0,0.00033,sector_c
2166.22083333,0.9960983453311096,0,0.00033,sector_c
2166.22222222,0.9959150590612104,0,0.00033,sector_c
2166.22361111,0.9963809022135364,0,0.00033,sector_c
2166.225,0.9960452218873567,0,0.00033,sector_c
2166.22638889,0.9957193945526736,0,0.00033,sector_c
2166.22777778,0.9960301465689936,0,0.00033,sector_c
2166.22916667,0.9956357038647038,0,0.00033,sector_c
2166.23055556,0.9962404871317115,0,0.00033,sector_c
2166.23194444,0.9958597933116625,0,0.00033,sector_c
2166.23333333,0.9954213895059675,0,0.00033,sector_c
2166.23472222,0.996278121800614,0,0.00033,sector_c
2166.23611111,0.996025512563729,0,0.00033,sector_c
2166.2375,0.9957659611735353,0,0.00033,sector_c
2166.23888889,0.9959500554004554,0,0.00033,sector_c
2166.24027778,0.9960901151858405,0,0.00033,sector_c
2166.24166667,0.9958860713938616,0,0.00033,sector_c
2166.24305556,0.9959566184943152,0,0.00033,sector_c
2166.24444444,0.9961878072353891,0,0.00033,sector_c
2166.24583333,0.9957650168314343,0,0.00033,sector_c
2166.24722222,0.9958745555898485,0,0.00033,sector_c
2166.24861111,0.9963785810536272,0,0.00033,sector_c
2166.25,0.9957840698488648,0,0.00033,sector_c
2166.25138889,0.9956709755793424,0,0.00033,sector_c
2166.25277778,0.995883418208064,0,0.00033,sector_c
2166.25416667,0.9961297391105014,0,0.00033,sector_c
2166.25555556,0.9956274385967916,0,0.00033,sector_c
2166.25694444,0.9957798035376892,0,0.00033,sector_c
2166.25833333,0.9956679421600517,0,0.00033,sector_c
2166.25972222,0.9963287765133132,0,0.00033,sector_c
2166.26111111,0.9961794208574599,0,0.00033,sector_c
2166.2625,0.9959227118297469,0,0.00033,sector_c
2166.26388889,0.9961438476114471,0,0.00033,sector_c
2166.26527778,0.9954291033557957,0,0.00033,sector_c
2166.26666667,0.9955964489173483,0,0.00033,sector_c
2166.26805556,0.9958874150910761,0,0.00033,sector_c
2166.26944444,0.9961743762525117,0,0.00033,sector_c
2166.27083333,0.9953791851169423,0,0.00033,sector_c
2166.27222222,0.9958843320904253,0,0.00033,sector_c
2166.27361111,0.9957043214289293,0,0.00033,sector_c
2166.275,0.9956994285968416,0,0.00033,sector_c
2166.27638889,0.9958090340047377,0,0.00033,sector_c
2166.27777778,0.9954637550453452,0,0.00033,sector_c
2166.27916667,0.9961726520955414,0,0.00033,sector_c
2166.28055556,0.9956042332130566,0,0.00033,sector_c
2166.28194444,0.9958562849684173,0,0.00033,sector_c
2166.28333333,0.9954391514882402,0,0.00033,sector_c
2166.28472222,0.995549582677345,0,0.00033,sector_c
2166.28611111,0.9952466231635139,0,0.00033,sector_c
2166.2875,0.9961505555563758,0,0.00033,sector_c
2166.28888889,0.9964791232201704,0,0.00033,sector_c
2166.29027778,0.9957518054673391,0,0.00033,sector_c
2166.29166667,0.9958298439933175,0,0.00033,sector_c
2166.29305556,0.996291226402127,0,0.00033,sector_c
2166.29444444,0.9955366565767377,0,0.00033,sector_c
2166.29583333,0.9957895112677214,0,0.00033,sector_c
2166.29722222,0.9955117674236903,0,0.00033,sector_c
2166.29861111,0.995940978596938,0,0.00033,sector_c
2166.3,0.9958238281439823,0,0.00033,sector_c
2166.30138889,0.9960026873596337,0,0.00033,sector_c
2166.30277778,0.9959810480539523,0,0.00033,sector_c
2166.30416667,0.995389286637393,0,0.00033,sector_c
2166.30555556,0.9955100825128183,0,0.00033,sector_c
2166.30694444,0.9957380292140213,0,0.00033,sector_c
2166.30833333,0.9958393267247827,0,0.00033,sector_c
2166.30972222,0.9956414207164235,0,0.00033,sector_c
2166.31111111,0.9958402321793571,0,0.00033,sector_c
2166.3125,0.995886465654038,0,0.00033,sector_c
2166.31388889,0.9955358667664326,0,0.00033,sector_c
2166.31527778,0.9956608988039242,0,0.00033,sector_c
2166.31666667,0.9955278588829075,0,0.00033,sector_c
2166.31805556,0.9953103169069875,0,0.00033,sector_c
2166.31944444,0.9959312273891694,0,0.00033,sector_c
2166.32083333,0.9961531464928773,0,0.00033,sector_c
2166.32222222,0.995580170156973,0,0.00033,sector_c
2166.32361111,0.9961124702508078,0,0.00033,sector_c
2166.325,0.9960763640940681,0,0.00033,sector_c
2166.32638889,0.9954508555580361,0,0.00033,sector_c
2166.32777778,0.9955182282443872,0,0.00033,sector_c
2166.32916667,0.9954557137893703,0,0.00033,sector_c
2166.33055556,0.9958743165108784,0,0.00033,sector_c
2166.33194444,0.9959737318791017,0,0.00033,sector_c
2166.33333333,0.9954525554312186,0,0.00033,sector_c
2166.33472222,0.9951598354900767,0,0.00033,sector_c
2166.33611111,0.9956034050009547,0,0.00033,sector_c
2166.3375,0.9959387599499018,0,0.00033,sector_c
2166.33888889,0.9956863134116739,0,0.00033,sector_c
2166.34027778,0.9955714074719808,0,0.00033,sector_c
2166.34166667,0.9951024921626151,0,0.00033,sector_c
2166.34305556,0.9957339027302837,0,0.00033,sector_c
2166.34444444,0.995464243110474,0,0.00033,sector_c
2166.34583333,0.9955612105076513,0,0.00033,sector_c
2166.34722222,0.9955810610076704,0,0.00033,sector_c
2166.34861111,0.9954116107436167,0,0.00033,sector_c
2166.35,0.9952692801762866,0,0.00033,sector_c
2166.35138889,0.9955625304374489,0,0.00033,sector_c
2166.35277778,0.9956800355408968,0,0.00033,sector_c
2166.35416667,0.9960035423198703,0,0.00033,sector_c
2166.35555556,0.995437634121038,0,0.00033,sector_c
2166.35694444,0.9952172156555888,0,0.00033,sector_c
2166.35833333,0.9960309352203817,0,0.00033,sector_c
2166.35972222,0.9958001927245245,0,0.00033,sector_c
2166.36111111,0.9952846603456559,0,0.00033,sector_c
2166.3625,0.9954206203994445,0,0.00033,sector_c
2166.36388889,0.995506966748616,0,0.00033,sector_c
2166.36527778,0.9958879025082568,0,0.00033,sector_c
2166.36666667,0.9954759582935234,0,0.00033,sector_c
2166.36805556,0.9958790318360421,0,0.00033,sector_c
2166.36944444,0.9955366561723428,0,0.00033,sector_c
2166.37083333,0.9952572967487429,0,0.00033,sector_c
2166.37222222,0.9955170537008743,0,0.00033,sector_c
2166.37361111,0.9949812401828414,0,0.00033,sector_c
2166.375,0.9952708185811071,0,0.00033,sector_c
2166.37638889,0.9956131901492078,0,0.00033,sector_c
2166.37777778,0.9952098181719493,0,0.00033,sector_c
2166.37916667,0.9953410033267392,0,0.00033,sector_c
2166.38055556,0.9950733649023018,0,0.00033,sector_c
2166.38194444,0.9954275450023279,0,0.00033,sector_c
2166.38333333,0.9949389528801984,0,0.00033,sector_c
2166.38472222,0.9953119800051271,0,0.00033,sector_c
2166.38611111,0.995621083736208,0,0.00033,sector_c
2166.3875,0.995252345312597,0,0.00033,sector_c
2166.38888889,0.9956533145332028,0,0.00033,sector_c
2166.39027778,0.9955075846267885,0,0.00033,sector_c
2166.39166667,0.9955672652304084,0,0.00033,sector_c
2166.39305556,0.9951789086677397,0,0.00033,sector_c
2166.39444444,0.9953599108399608,0,0.00033,sector_c
2166.39583333,0.9950850287547724,0,0.00033,sector_c
2166.39722222,0.9951625688800227,0,0.00033,sector_c
2166.39861111,0.9952229822075713,0,0.00033,sector_c
2166.4,0.9955091855909197,0,0.00033,sector_c
2166.40138889,0.9957925028501807,0,0.00033,sector_c
2166.40277778,0.9949708820471839,0,0.00033,sector_c
2166.40416667,0.9957641194273801,0,0.00033,sector_c
2166.40555556,0.9946896753867364,0,0.00033,sector_c
2166.40694444,0.9947519380347891,0,0.00033,sector_c
2166.40833333,0.9958146467949381,0,0.00033,sector_c
2166.40972222,0.9956680277158056,0,0.00033,sector_c
2166.41111111,0.9953741367401457,0,0.00033,sector_c
2166.4125,0.9953779932679951,0,0.00033,sector_c
2166.41388889,0.9953202439200877,0,0.00033,sector_c
2166.41527778,0.9946887558977053,0,0.00033,sector_c
2166.41666667,0.9954938868017718,0,0.00033,sector_c
2166.41805556,0.9951596596367475,0,0.00033,sector_c
2166.41944444,0.9946891291160682,0,0.00033,sector_c
2166.42083333,0.9954259003267337,0,0.00033,sector_c
2166.42222222,0.9954847256392656,0,0.00033,sector_c
2166.42361111,0.9956508217914057,0,0.00033,sector_c
2166.425,0.995565787507511,0,0.00033,sector_c
2166.42638889,0.995191651481585,0,0.00033,sector_c
2166.42777778,0.9954533813292791,0,0.00033,sector_c
2166.42916667,0.9952471274693313,0,0.00033,sector_c
2166.43055556,0.9952945637634114,0,0.00033,sector_c
2166.43194444,0.9957707946452569,0,0.00033,sector_c
2166.43333333,0.9951530922241811,0,0.00033,sector_c
2166.43472222,0.9945353866546475,0,0.00033,sector_c
2166.43611111,0.9951048425155651,0,0.00033,sector_c
2166.4375,0.994793729622745,0,0.00033,sector_c
2166.43888889,0.9949350056361713,0,0.00033,sector_c
2166.44027778,0.9956208773293566,0,0.00033,sector_c
2166.44166667,0.9953337261839037,0,0.00033,sector_c
2166.44305556,0.994987686961993,0,0.00033,sector_c
2166.44444444,0.9951549390940946,0,0.00033,sector_c
2166.44583333,0.9954792738166182,0,0.00033,sector_c
2166.44722222,0.9952454883285855,0,0.00033,sector_c
2166.44861111,0.9956666552395635,0,0.00033,sector_c
2166.45,0.9948989229370248,0,0.00033,sector_c
2166.45138889,0.9952486318910732,0,0.00033,sector_c
2166.45277778,0.9952050919766494,0,0.00033,sector_c
2166.45416667,0.9949174770647796,0,0.00033,sector_c
2166.45555556,0.9952574624193327,0,0.00033,sector_c
2166.45694444,0.9953517951106016,0,0.00033,sector_c
2166.45833333,0.9954839801315095,0,0.00033,sector_c
2166.45972222,0.9945837675921191,0,0.00033,sector_c
2166.46111111,0.9951822221228107,0,0.00033,sector_c
2166.4625,0.9953101556539267,0,0.00033,sector_c
2166.46388889,0.9954693677979896,0,0.00033,sector_c
2166.46527778,0.9952375785286863,0,0.00033,sector_c
2166.46666667,0.995136535349359,0,0.00033,sector_c
2166.46805556,0.9949253840021778,0,0.00033,sector_c
2166.46944444,0.9955213290389419,0,0.00033,sector_c
2166.47083333,0.9950835492762244,0,0.00033,sector_c
2166.47222222,0.9955307953835641,0,0.00033,sector_c
2166.47361111,0.9951311060558075,0,0.00033,sector_c
2166.475,0.9951789358261055,0,0.00033,sector_c
2166.47638889,0.9948623285563328,0,0.00033,sector_c
2166.47777778,0.9947107081462723,0,0.00033,sector_c
2166.47916667,0.9951596651813238,0,0.00033,sector_c
2166.48055556,0.995022862243938,0,0.00033,sector_c
2166.48194444,0.9954428175018182,0,0.00033,sector_c
2166.48333333,0.9946770106879655,0,0.00033,sector_c
2166.48472222,0.9946863851867019,0,0.00033,sector_c
2166.48611111,0.9953477865919326,0,0.00033,sector_c
2166.4875,0.9947922239452146,0,0.00033,sector_c
2166.48888889,0.99472741820852,0,0.00033,sector_c
2166.49027778,0.9944415192946682,0,0.00033,sector_c
2166.49166667,0.9947631543656195,0,0.00033,sector_c
2166.49305556,0.995179555168071,0,0.00033,sector_c
2166.49444444,0.9952682723547459,0,0.00033,sector_c
2166.49583333,0.9944760518510152,0,0.00033,sector_c
2166.49722222,0.9950911564402793,2048,0.00033,sector_c
2166.49861111,0.994720799726527,0,0.00033,sector_c
2166.5,0.9947841558928574,0,0.00033,sector_c
2166.50138889,0.9951458633854675,0,0.00033,sector_c
2166.50277778,0.9949218757839732,0,0.00033,sector_c
2166.50416667,0.9950457242625683,0,0.00033,sector_c
2166.50555556,0.99513601293917,2048,0.00033,sector_c
2166.50694444,0.9951252169251935,0,0.00033,sector_c
2166.50833333,0.995044543696422,0,0.00033,sector_c
2166.50972222,0.9951897468057017,0,0.00033,sector_c
2166.51111111,0.9947991526050367,0,0.00033,sector_c
2166.5125,0.9946810956711144,0,0.00033,sector_c
2166.51388889,0.994693519751728,0,0.00033,sector_c
2166.51527778,0.9949327876572364,0,0.00033,sector_c
2166.51666667,0.9946984400273553,0,0.00033,sector_c
2166.51805556,0.9949762891061557,0,0.00033,sector_c
2166.51944444,0.9948687649106169,0,0.00033,sector_c
2166.52083333,0.9953326116316171,0,0.00033,sector_c
2166.52222222,0.9946356759664586,0,0.00033,sector_c
2166.52361111,0.9952402073615344,0,0.00033,sector_c
2166.525,0.9950967159736885,0,0.00033,sector_c
2166.52638889,0.9955369207008946,0,0.00033,sector_c
2166.52777778,0.9947149921124904,0,0.00033,sector_c
2166.52916667,0.9950424302597096,0,0.00033,sector_c
2166.53055556,0.9947273904602523,0,0.00033,sector_c
2166.53194444,0.9947718095233886,0,0.00033,sector_c
2166.53333333,0.9949560345150729,0,0.00033,sector_c
2166.53472222,0.9951308146742529,0,0.00033,sector_c
2166.53611111,0.9952748997070228,0,0.00033,sector_c
2166.5375,0.9947627079020753,0,0.00033,sector_c
2166.53888889,0.9946614154833053,0,0.00033,sector_c
2166.54027778,0.9948855644814361,0,0.00033,sector_c
2166.54166667,0.9951598376391441,0,0.00033,sector_c
2166.54305556,0.9950150247887978,0,0.00033,sector_c
2166.54444444,0.9950294721441078,0,0.00033,sector_c
2166.54583333,0.9951006772744183,0,0.00033,sector_c
2166.54722222,0.994843711051395,0,0.00033,sector_c
2166.54861111,0.9949993256433299,0,0.00033,sector_c
2166.55,0.9953978844513093,0,0.00033,sector_c
2166.55138889,0.9949788772410317,0,0.00033,sector_c
2166.55277778,0.9946397562658642,0,0.00033,sector_c
2166.55416667,0.9947067521779389,0,0.00033,sector_c
2166.55555556,0.9947431560673662,0,0.00033,sector_c
2166.55694444,0.994887401095995,0,0.00033,sector_c
2166.55833333,0.9949721194025614,0,0.00033,sector_c
2166.55972222,0.9943648489406505,0,0.00033,sector_c
2166.56111111,0.9945776308501805,0,0.00033,sector_c
2166.5625,0.9946703143889943,0,0.00033,sector_c
2166.56388889,0.9944892172139066,0,0.00033,sector_c
2166.56527778,0.9942053499568901,0,0.00033,sector_c
2166.56666667,0.9944150351656107,0,0.00033,sector_c
2166.56805556,0.9950498709269228,0,0.00033,sector_c
2166.56944444,0.9943822151611996,0,0.00033,sector_c
2166.57083333,0.9951919456412336,0,0.00033,sector_c
2166.57222222,0.9947532985674882,0,0.00033,sector_c
2166.57361111,0.9947757941098114,0,0.00033,sector_c
2166.575,0.9952539871855178,0,0.00033,sector_c
2166.57638889,0.9952734438658587,2048,0.00033,sector_c
2166.57777778,0.9943902497309679,0,0.00033,sector_c
2166.57916667,0.9950029509981742,0,0.00033,sector_c
2166.58055556,0.9948838416196871,0,0.00033,sector_c
2166.58194444,0.9945085773916105,0,0.00033,sector_c
2166.58333333,0.994608850312218,0,0.00033,sector_c
2166.58472222,0.9944380672403547,0,0.00033,sector_c
2166.58611111,0.995159276648622,0,0.00033,sector_c
2166.5875,0.9954268472415536,0,0.00033,sector_c
2166.58888889,0.9942766957998465,0,0.00033,sector_c
2166.59027778,0.9944543505322634,0,0.00033,sector_c
2166.59166667,0.994625818874496,0,0.00033,sector_c
2166.59305556,0.9944021516037921,0,0.00033,sector_c
2166.59444444,0.9949641985413685,0,0.00033,sector_c
2166.59583333,0.9947263887162384,0,0.00033,sector_c
2166.59722222,0.994582799532459,0,0.00033,sector_c
2166.59861111,0.9941798574621588,0,0.00033,sector_c
2166.6,0.9941933318080768,0,0.00033,sector_c
2166.60138889,0.9946423479934583,0,0.00033,sector_c
2166.60277778,0.9940882943934778,0,0.00033,sector_c
2166.60416667,0.9948584579879401,0,0.00033,sector_c
2166.60555556,0.9944924038445235,0,0.00033,sector_c
2166.60694444,0.9949076900203694,0,0.00033,sector_c
2166.60833333,0.9947039058734134,0,0.00033,sector_c
2166.60972222,0.9947783579824789,0,0.00033,sector_c
2166.61111111,0.994720215111304,0,0.00033,sector_c
2166.6125,0.9944136777487758,0,0.00033,sector_c
2166.61388889,0.994425379736942,0,0.00033,sector_c
2166.61527778,0.9944861167918333,0,0.00033,sector_c
2166.61666667,0.9946240156837411,0,0.00033,sector_c
2166.61805556,0.9948049802125104,0,0.00033,sector_c
2166.61944444,0.9945171311586298,0,0.00033,sector_c
2166.62083333,0.9949513107944445,0,0.00033,sector_c
2166.62222222,0.9944490712718778,0,0.00033,sector_c
2166.62361111,0.9942410729738693,0,0.00033,sector_c
2166.625,0.9943512368128321,0,0.00033,sector_c
2166.62638889,0.9943761900082202,0,0.00033,sector_c
2166.62777778,0.9949510124610099,0,0.00033,sector_c
2166.62916667,0.9947828085520746,0,0.00033,sector_c
2166.63055556,0.9946563335042736,0,0.00033,sector_c
2166.63194444,0.9945150208136304,0,0.00033,sector_c
2166.63333333,0.994612412269221,0,0.00033,sector_c
2166.63472222,0.9941853582162814,0,0.00033,sector_c
2166.63611111,0.995213559126871,0,0.00033,sector_c
2166.6375,0.9946802504661949,0,0.00033,sector_c
2166.63888889,0.9948081484594697,0,0.00033,sector_c
2166.64027778,0.994845948021785,0,0.00033,sector_c
2166.64166667,0.9944943988470745,0,0.00033,sector_c
2166.64305556,0.9944637117042406,0,0.00033,sector_c
2166.64444444,0.9942323596114369,0,0.00033,sector_c
2166.64583333,0.9944700271936455,0,0.00033,sector_c
2166.64722222,0.9944362109857109,0,0.00033,sector_c
2166.64861111,0.9939617685754368,0,0.00033,sector_c
2166.65,0.9945463829448586,0,0.00033,sector_c
2166.65138889,0.9941324790430328,0,0.00033,sector_c
2166.65277778,0.9944098535746494,0,0.00033,sector_c
2166.65416667,0.9951007627833973,0,0.00033,sector_c
2166.65555556,0.9949385141575244,0,0.00033,sector_c
2166.65694444,0.9940373736328207,0,0.00033,sector_c
2166.65833333,0.9945000800937741,0,0.00033,sector_c
2166.65972222,0.9945419329118658,0,0.00033,sector_c
2166.66111111,0.9948804848302939,0,0.00033,sector_c
2166.6625,0.9949974834301812,0,0.00033,sector_c
2166.66388889,0.9944376186471513,0,0.00033,sector_c
2166.66527778,0.9942759301025229,0,0.00033,sector_c
2166.66666667,0.9945288916250307,0,0.00033,sector_c
2166.66805556,0.9945557948402711,0,0.00033,sector_c
2166.66944444,0.9939016394165966,0,0.00033,sector_c
2166.67083333,0.9944915164259608,0,0.00033,sector_c
2166.67222222,0.9942875661731528,0,0.00033,sector_c
2166.67361111,0.9948641637972642,0,0.00033,sector_c
2166.675,0.9945663734245932,0,0.00033,sector_c
2166.67638889,0.9944591725552177,0,0.00033,sector_c
2166.67777778,0.9946174154657484,0,0.00033,sector_c
2166.67916667,0.9943344782006593,0,0.00033,sector_c
2166.68055556,0.9944192029755363,0,0.00033,sector_c
2166.68194444,0.9944657707297072,0,0.00033,sector_c
2166.68333333,0.993857001785987,0,0.00033,sector_c
2166.68472222,0.9946059285656244,0,0.00033,sector_c
2166.68611111,0.9946391182638682,0,0.00033,sector_c
2166.6875,0.9945584075879295,0,0.00033,sector_c
2166.68888889,0.9946557078353527,0,0.00033,sector_c
2166.69027778,0.9940141603530546,0,0.00033,sector_c
2166.69166667,0.9943955886898227,0,0.00033,sector_c
2166.69305556,0.9942808198595597,0,0.00033,sector_c
2166.69444444,0.9942617590444229,0,0.00033,sector_c
2166.69583333,0.9939828412226193,0,0.00033,sector_c
2166.69722222,0.9940585177663126,0,0.00033,sector_c
2166.69861111,0.9942773896032676,0,0.00033,sector_c
2166.7,0.9940031756665527,0,0.00033,sector_c
2166.70138889,0.9942003162857072,0,0.00033,sector_c
2166.70277778,0.993967862460972,0,0.00033,sector_c
2166.70416667,0.9944215209432764,0,0.00033,sector_c
2166.70555556,0.9948562945074189,0,0.00033,sector_c
2166.70694444,0.9943957143819323,0,0.00033,sector_c
2166.70833333,0.9942492212481848,0,0.00033,sector_c
2166.70972222,0.9938804506336995,0,0.00033,sector_c
2166.71111111,0.9940634763681212,0,0.00033,sector_c
2166.7125,0.994442717257271,0,0.00033,sector_c
2166.71388889,0.9942998699848367,0,0.00033,sector_c
2166.71527778,0.9941830345864692,0,0.00033,sector_c
2166.71666667,0.9937185244532576,0,0.00033,sector_c
2166.71805556,0.9939222613691011,0,0.00033,sector_c
2166.71944444,0.99433962457156,0,0.00033,sector_c
2166.72083333,0.9939460963607898,0,0.00033,sector_c
2166.72222222,0.9944522600873262,0,0.00033,sector_c
2166.72361111,0.9942472397032386,0,0.00033,sector_c
2166.725,0.9939365929496126,0,0.00033,sector_c
2166.72638889,0.9947221318759304,0,0.00033,sector_c
2166.72777778,0.9934915261987537,0,0.00033,sector_c
2166.72916667,0.9940772742811804,0,0.00033,sector_c
2166.73055556,0.9937739208886945,0,0.00033,sector_c
2166.73194444,0.9940898974397027,0,0.00033,sector_c
2166.73333333,0.9943375243228912,0,0.00033,sector_c
2166.73472222,0.9945579657245335,0,0.00033,sector_c
2166.73611111,0.9942939986384608,0,0.00033,sector_c
2166.7375,0.9941136471913976,0,0.00033,sector_c
2166.73888889,0.994236631752235,0,0.00033,sector_c
2166.74027778,0.9938196416371728,0,0.00033,sector_c
2166.74166667,0.9941237060707465,0,0.00033,sector_c
2166.74305556,0.9943786161634234,0,0.00033,sector_c
2166.74444444,0.9942353339386416,0,0.00033,sector_c
2166.74583333,0.9943424531028398,0,0.00033,sector_c
2166.74722222,0.9940190150932318,0,0.00033,sector_c
2166.74861111,0.9943084103602369,0,0.00033,sector_c
2166.75,0.9940973515757222,0,0.00033,sector_c
2166.75138889,0.9938723676200467,0,0.00033,sector_c
2166.75277778,0.9936834353762395,0,0.00033,sector_c
2166.75416667,0.9934625002183596,0,0.00033,sector_c
2166.75555556,0.9938631576616916,0,0.00033,sector_c
2166.75694444,0.9939736761930762,0,0.00033,sector_c
2166.75833333,0.9941533243606446,0,0.00033,sector_c
2166.75972222,0.9938795150652201,0,0.00033,sector_c
2166.76111111,0.9937620587983865,0,0.00033,sector_c
2166.7625,0.9941945780855471,0,0.00033,sector_c
2166.76388889,0.9942243523736629,0,0.00033,sector_c
2166.76527778,0.9942346529942842,0,0.00033,sector_c
2166.76666667,0.9941973157122856,0,0.00033,sector_c
2166.76805556,0.9939146182162383,0,0.00033,sector_c
2166.76944444,0.9942007360429821,0,0.00033,sector_c
2166.77083333,0.9942133816229207,0,0.00033,sector_c
2166.77222222,0.9943377170682635,0,0.00033,sector_c
2166.77361111,0.9939940677653863,0,0.00033,sector_c
2166.775,0.9937647901946897,0,0.00033,sector_c
2166.77638889,0.9943516359116304,0,0.00033,sector_c
2166.77777778,0.9943227860105828,0,0.00033,sector_c
2166.77916667,0.9939988533832042,0,0.00033,sector_c
2166.78055556,0.9934245227931073,0,0.00033,sector_c
2166.78194444,0.99379754012145,0,0.00033,sector_c
2166.78333333,0.9943156622906348,0,0.00033,sector_c
2166.78472222,0.9938338710148269,0,0.00033,sector_c
2166.78611111,0.9938668046501056,0,0.00033,sector_c
2166.7875,0.9943212297895303,0,0.00033,sector_c
2166.78888889,0.9940475387618835,0,0.00033,sector_c
2166.79027778,0.9940178660131981,0,0.00033,sector_c
2166.79166667,0.9938060442311841,0,0.00033,sector_c
2166.79305556,0.994092456481663,0,0.00033,sector_c
2166.79444444,0.9940490330884069,0,0.00033,sector_c
2166.79583333,0.9941787337624758,0,0.00033,sector_c
2166.79722222,0.9934904138683615,0,0.00033,sector_c
2166.79861111,0.9943285017928588,0,0.00033,sector_c
2166.8,0.9945064283857659,0,0.00033,sector_c
2166.80138889,0.9941273606701242,0,0.00033,sector_c
2166.80277778,0.993874403077183,0,0.00033,sector_c
2166.80416667,0.9943153371362626,0,0.00033,sector_c
2166.80555556,0.9943283060410462,0,0.00033,sector_c
2166.80694444,0.9937701464319251,0,0.00033,sector_c
2166.80833333,0.9939467287257251,0,0.00033,sector_c
2166.80972222,0.9940184534876101,0,0.00033,sector_c
2166.81111111,0.9937038730447606,0,0.00033,sector_c
2166.8125,0.9939174242011267,0,0.00033,sector_c
2166.81388889,0.9942077666593204,0,0.00033,sector_c
2166.81527778,0.9945229486172361,0,0.00033,sector_c
2166.81666667,0.9934324877677078,0,0.00033,sector_c
2166.81805556,0.9941149295096154,0,0.00033,sector_c
2166.81944444,0.9935229539929001,0,0.00033,sector_c
2166.82083333,0.9937594931969783,0,0.00033,sector_c
2166.82222222,0.9941062873752948,0,0.00033,sector_c
2166.82361111,0.9936312201842022,0,0.00033,sector_c
2166.825,0.9940160748012754,0,0.00033,sector_c
2166.82638889,0.9937857297530004,0,0.00033,sector_c
2166.82777778,0.9941077090189855,0,0.00033,sector_c
2166.82916667,0.9935202274859645,0,0.00033,sector_c
2166.83055556,0.9944623817086601,0,0.00033,sector_c
2166.83194444,0.9936299972813244,0,0.00033,sector_c
2166.83333333,0.9937079720657759,0,0.00033,sector_c
2166.83472222,0.9935433824388193,0,0.00033,sector_c
2166.83611111,0.9942506883458813,0,0.00033,sector_c
2166.8375,0.9939971642138303,0,0.00033,sector_c
2166.83888889,0.9938988807249558,0,0.00033,sector_c
2166.84027778,0.9942898586771846,0,0.00033,sector_c
2166.84166667,0.9935397223849859,0,0.00033,sector_c
2166.84305556,0.9936122569423864,0,0.00033,sector_c
2166.84444444,0.9939417572070156,0,0.00033,sector_c
2166.84583333,0.9936330024030483,0,0.00033,sector_c
2166.84722222,0.9937668993080129,0,0.00033,sector_c
2166.84861111,0.9937956629758914,0,0.00033,sector_c
2166.85,0.993767079435277,0,0.00033,sector_c
2166.85138889,0.9939175604596301,0,0.00033,sector_c
2166.85277778,0.9935252112524584,0,0.00033,sector_c
2166.85416667,0.9941292459139167,0,0.00033,sector_c
2166.85555556,0.9938349124712174,0,0.00033,sector_c
2166.85694444,0.9936250422185208,0,0.00033,sector_c
2166.85833333,0.9936712196073753,0,0.00033,sector_c
2166.85972222,0.9938947855579893,0,0.00033,sector_c
2166.86111111,0.9937810132480428,0,0.00033,sector_c
2166.8625,0.9939548075840916,0,0.00033,sector_c
2166.86388889,0.9942098960417972,0,0.00033,sector_c
2166.86527778,0.993800174446586,0,0.00033,sector_c
2166.86666667,0.9933530643481062,0,0.00033,sector_c
2166.86805556,0.993883609094925,0,0.00033,sector_c
2166.86944444,0.99382926584655,0,0.00033,sector_c
2166.87083333,0.9938255405922217,0,0.00033,sector_c
2166.87222222,0.9937334017739933,0,0.00033,sector_c
2166.87361111,0.9933249560481233,0,0.00033,sector_c
2166.875,0.9936996509326834,0,0.00033,sector_c
2166.87638889,0.9938195076362106,0,0.00033,sector_c
2166.87777778,0.9937210797322904,0,0.00033,sector_c
2166.87916667,0.9942017748890151,0,0.00033,sector_c
2166.88055556,0.9942371987209706,0,0.00033,sector_c
2166.88194444,0.9932143265174779,0,0.00033,sector_c
2166.88333333,0.9943017872463573,0,0.00033,sector_c
2166.88472222,0.9934171190199116,0,0.00033,sector_c
2166.88611111,0.9936166149444653,0,0.00033,sector_c
2166.8875,0.9945212729088494,0,0.00033,sector_c
2166.88888889,0.9941877162304144,0,0.00033,sector_c
2166.89027778,0.9940002951337962,0,0.00033,sector_c
2166.89166667,0.9934377370027672,0,0.00033,sector_c
2166.89305556,0.993758722112184,0,0.00033,sector_c
2166.89444444,0.9938696257673314,0,0.00033,sector_c
2166.89583333,0.9934616697168853,0,0.00033,sector_c
2166.89722222,0.9938277892860944,0,0.00033,sector_c
2166.89861111,0.9933389830057182,0,0.00033,sector_c
2166.9,0.9941044348240569,0,0.00033,sector_c
2166.90138889,0.9936913788629276,0,0.00033,sector_c
2166.90277778,0.9934677721319777,0,0.00033,sector_c
2166.90416667,0.9940924391078226,0,0.00033,sector_c
2166.90555556,0.993935133076863,0,0.00033,sector_c
2166.90694444,0.9941065087979822,0,0.00033,sector_c
2166.90833333,0.9933023535640415,0,0.00033,sector_c
2166.90972222,0.9935106794991831,0,0.00033,sector_c
2166.91111111,0.9936515117302255,0,0.00033,sector_c
2166.9125,0.9932173483441255,0,0.00033,sector_c
2166.91388889,0.9937029973075154,0,0.00033,sector_c
2166.91527778,0.9936866604609791,0,0.00033,sector_c
2166.91666667,0.9936020430501239,0,0.00033,sector_c
2166.91805556,0.9936338829731284,0,0.00033,sector_c
2166.91944444,0.9932333220625225,0,0.00033,sector_c
2166.92083333,0.9938195452265081,0,0.00033,sector_c
2166.92222222,0.9940398557631311,0,0.00033,sector_c
2166.92361111,0.9932739269063998,0,0.00033,sector_c
2166.925,0.9933129623065983,0,0.00033,sector_c
2166.92638889,0.9936404368322452,0,0.00033,sector_c
2166.92777778,0.9933059526945874,0,0.00033,sector_c
2166.92916667,0.9933836149712131,0,0.00033,sector_c
2166.93055556,0.9935170892855165,0,0.00033,sector_c
2166.93194444,0.993238329288971,0,0.00033,sector_c
2166.93333333,0.9931507923748382,0,0.00033,sector_c
2166.93472222,0.9938814610043745,0,0.00033,sector_c
2166.93611111,0.9933170615373629,0,0.00033,sector_c
2166.9375,0.9938474367791228,0,0.00033,sector_c
2166.93888889,0.9933746610611148,0,0.00033,sector_c
2166.94027778,0.9937884995634504,0,0.00033,sector_c
2166.94166667,0.9934592299147998,0,0.00033,sector_c
2166.94305556,0.9931659538931593,0,0.00033,sector_c
2166.94444444,0.9937229515697069,0,0.00033,sector_c
2166.94583333,0.9935405609346359,0,0.00033,sector_c
2166.94722222,0.9933793460969069,0,0.00033,sector_c
2166.94861111,0.9941861974849737,0,0.00033,sector_c
2166.95,0.9940666058685246,0,0.00033,sector_c
2166.95138889,0.993246697428147,0,0.00033,sector_c
2166.95277778,0.9935350701199492,0,0.00033,sector_c
2166.95416667,0.9934496881073543,0,0.00033,sector_c
2166.95555556,0.9933198014569835,0,0.00033,sector_c
2166.95694444,0.9936945246722688,0,0.00033,sector_c
2166.95833333,0.9937746967211845,0,0.00033,sector_c
2166.95972222,0.9938544085727585,0,0.00033,sector_c
2166.96111111,0.9932163039893303,0,0.00033,sector_c
2166.9625,0.9936992820851126,0,0.00033,sector_c
2166.96388889,0.9938922077060478,0,0.00033,sector_c
2166.96527778,0.9929602075788138,0,0.00033,sector_c
2166.96666667,0.9934332145024966,0,0.00033,sector_c
2166.96805556,0.9933023441764739,0,0.00033,sector_c
2166.96944444,0.9937264057471207,0,0.00033,sector_c
2166.97083333,0.9931109220017548,0,0.00033,sector_c
2166.97222222,0.9934977591623588,0,0.00033,sector_c
2166.97361111,0.993457538372767,0,0.00033,sector_c
2166.975,0.9932925062267607,0,0.00033,sector_c
2166.97638889,0.9935001613346198,0,0.00033,sector_c
2166.97777778,0.9930596448897167,0,0.00033,sector_c
2166.97916667,0.9931747919650573,0,0.00033,sector_c
2166.98055556,0.9932296873334697,0,0.00033,sector_c
2166.98194444,0.9937131145902458,0,0.00033,sector_c
2166.98333333,0.9938808817071132,0,0.00033,sector_c
2166.98472222,0.9934235893967005,0,0.00033,sector_c
2166.98611111,0.9933667470611113,4096,0.00033,sector_c
2166.9875,0.9930296724704272,0,0.00033,sector_c
2166.98888889,0.9930771555854441,0,0.00033,sector_c
2166.99027778,0.9935196601468459,0,0.00033,sector_c
2166.99166667,0.9937762484167282,0,0.00033,sector_c
2166.99305556,0.9933516692211138,0,0.00033,sector_c
2166.99444444,0.9932638163094296,0,0.00033,sector_c
2166.99583333,0.9932944547495148,0,0.00033,sector_c
2166.99722222,0.9936311665990291,4096,0.00033,sector_c
2166.99861111,0.9938100180994311,0,0.00033,sector_c
2167.0,0.9934495032172332,0,0.00033,sector_c
2167.00138889,0.9933486513402908,0,0.00033,sector_c
2167.00277778,0.9935176225538662,0,0.00033,sector_c
2167.00416667,0.9932851791056541,0,0.00033,sector_c
2167.00555556,0.9934272025968781,0,0.00033,sector_c
2167.00694444,0.9937593497350099,0,0.00033,sector_c
2167.00833333,0.9935720444139637,0,0.00033,sector_c
2167.00972222,0.993002779139246,0,0.00033,sector_c
2167.01111111,0.9939886894106769,0,0.00033,sector_c
2167.0125,0.9942385339514233,0,0.00033,sector_c
2167.01388889,0.9930187575329226,0,0.00033,sector_c
2167.01527778,0.9932985556920446,0,0.00033,sector_c
2167.01666667,0.9935992199923102,0,0.00033,sector_c
2167.01805556,0.9937738405162079,0,0.00033,sector_c
2167.01944444,0.9929024840731485,0,0.00033,sector_c
2167.02083333,0.9938845286400813,0,0.00033,sector_c
2167.02222222,0.9937581782390066,0,0.00033,sector_c
2167.02361111,0.9936025858077278,0,0.00033,sector_c
2167.025,0.9933861765127785,0,0.00033,sector_c
2167.02638889,0.9928727503337151,0,0.00033,sector_c
2167.02777778,0.9934505013177652,0,0.00033,sector_c
2167.02916667,0.993178423769381,0,0.00033,sector_c
2167.03055556,0.99350407663954,0,0.00033,sector_c
2167.03194444,0.9932741383640799,0,0.00033,sector_c
2167.03333333,0.9930477031098566,0,0.00033,sector_c
2167.03472222,0.9939732452838403,2048,0.00033,sector_c
2167.03611111,0.9941168615253357,0,0.00033,sector_c
2167.0375,0.9929603429403194,0,0.00033,sector_c
2167.03888889,0.9934566829958301,0,0.00033,sector_c
2167.04027778,0.9930783732072214,0,0.00033,sector_c
2167.04166667,0.9935892263354869,0,0.00033,sector_c
2167.04305556,0.9931177784631169,0,0.00033,sector_c
2167.04444444,0.9935067186409184,0,0.00033,sector_c
2167.04583333,0.993214649558285,0,0.00033,sector_c
2167.04722222,0.9935518677492786,0,0.00033,sector_c
2167.04861111,0.9928513168784421,0,0.00033,sector_c
2167.05,0.9934894483447253,0,0.00033,sector_c
2167.05138889,0.9934230912784177,0,0.00033,sector_c
2167.05277778,0.9934766007703493,0,0.00033,sector_c
2167.05416667,0.9934039831443943,0,0.00033,sector_c
2167.05555556,0.9937420863432318,0,0.00033,sector_c
2167.05694444,0.9937095443575363,0,0.00033,sector_c
2167.05833333,0.993171304671445,0,0.00033,sector_c
2167.05972222,0.9933520918443545,0,0.00033,sector_c
2167.06111111,0.9931114622890201,0,0.00033,sector_c
2167.0625,0.9931942331677575,0,0.00033,sector_c
2167.06388889,0.9938324853995423,0,0.00033,sector_c
2167.06527778,0.9930528958796192,0,0.00033,sector_c
2167.06666667,0.9935768438203388,0,0.00033,sector_c
2167.06805556,0.9937844951143036,0,0.00033,sector_c
2167.06944444,0.9935293019313821,0,0.00033,sector_c
2167.07083333,0.9936402544959878,0,0.00033,sector_c
2167.07222222,0.9930267557355174,0,0.00033,sector_c
2167.07361111,0.9932063968715449,0,0.00033,sector_c
2167.075,0.9930817913579598,0,0.00033,sector_c
2167.07638889,0.9937184091595397,0,0.00033,sector_c
2167.07777778,0.9932821462218369,0,0.00033,sector_c
2167.07916667,0.993091090914354,0,0.00033,sector_c
2167.08055556,0.9932881230109025,0,0.00033,sector_c
2167.08194444,0.9936247738388743,0,0.00033,sector_c
2167.08333333,0.9929365062277445,0,0.00033,sector_c
2167.08472222,0.993524797933365,0,0.00033,sector_c
2167.08611111,0.9933373034722288,0,0.00033,sector_c
2167.0875,0.9932462782321374,0,0.00033,sector_c
2167.08888889,0.9933954298116711,0,0.00033,sector_c
2167.09027778,0.9930977969604682,0,0.00033,sector_c
2167.09166667,0.9930022457091163,0,0.00033,sector_c
2167.09305556,0.9928784588942982,0,0.00033,sector_c
2167.09444444,0.9933815003987614,0,0.00033,sector_c
2167.09583333,0.9928650402478179,0,0.00033,sector_c
2167.09722222,0.9931104602673843,0,0.00033,sector_c
2167.09861111,0.9930463464060022,0,0.00033,sector_c
2167.1,0.9935319237216618,0,0.00033,sector_c
2167.10138889,0.9925277561040247,0,0.00033,sector_c
2167.10277778,0.9931590503873216,0,0.00033,sector_c
2167.10416667,0.9932625765809564,0,0.00033,sector_c
2167.10555556,0.9933236502404066,0,0.00033,sector_c
2167.10694444,0.9932449861788323,0,0.00033,sector_c
2167.10833333,0.9935062609797982,0,0.00033,sector_c
2167.10972222,0.9932175460159199,0,0.00033,sector_c
2167.11111111,0.9931248736821761,0,0.00033,sector_c
2167.1125,0.9933133596042792,0,0.00033,sector_c
2167.11388889,0.9933400113705086,0,0.00033,sector_c
2167.11527778,0.9933172684920484,0,0.00033,sector_c
2167.11666667,0.993355081003492,0,0.00033,sector_c
2167.11805556,0.9935592797009519,0,0.00033,sector_c
2167.11944444,0.9936359830095746,0,0.00033,sector_c
2167.12083333,0.9929364753420625,0,0.00033,sector_c
2167.12222222,0.9930108036512807,0,0.00033,sector_c
2167.12361111,0.9938219409075576,0,0.00033,sector_c
2167.125,0.9931250595004678,0,0.00033,sector_c
2167.12638889,0.992641965408104,0,0.00033,sector_c
2167.12777778,0.9931861707290413,0,0.00033,sector_c
2167.12916667,0.9933381529865696,0,0.00033,sector_c
2167.13055556,0.9935519076056323,0,0.00033,sector_c
2167.13194444,0.9933360000955717,0,0.00033,sector_c
2167.13333333,0.9933879994148114,0,0.00033,sector_c
2167.13472222,0.9932867214706873,0,0.00033,sector_c
2167.13611111,0.9935268830705909,0,0.00033,sector_c
2167.1375,0.9927754866217955,0,0.00033,sector_c
2167.13888889,0.9932314931013391,0,0.00033,sector_c
2167.14027778,0.99329925477416,0,0.00033,sector_c
2167.14166667,0.993269315170172,0,0.00033,sector_c
2167.14305556,0.9935386009104873,0,0.00033,sector_c
2167.14444444,0.9928621887748632,0,0.00033,sector_c
2167.14583333,0.9935608688620344,0,0.00033,sector_c
2167.14722222,0.993435645818128,0,0.00033,sector_c
2167.14861111,0.9928828001841722,0,0.00033,sector_c
2167.15,0.9931528878854944,0,0.00033,sector_c
2167.15138889,0.9931801072878844,0,0.00033,sector_c
2167.15277778,0.9925893152969626,0,0.00033,sector_c
2167.15416667,0.9931980295400601,0,0.00033,sector_c
2167.15555556,0.993027334168617,0,0.00033,sector_c
2167.15694444,0.9930241622334618,0,0.00033,sector_c
2167.15833333,0.9926463163929187,0,0.00033,sector_c
2167.15972222,0.993270642413967,0,0.00033,sector_c
2167.16111111,0.9935657437418042,0,0.00033,sector_c
2167.1625,0.9935549578254269,0,0.00033,sector_c
2167.16388889,0.9935233666303498,0,0.00033,sector_c
2167.16527778,0.9932984872911563,0,0.00033,sector_c
2167.16666667,0.9934356804184568,0,0.00033,sector_c
2167.16805556,0.9927912897635622,0,0.00033,sector_c
2167.16944444,0.9930319848018402,0,0.00033,sector_c
2167.17083333,0.9931228387240691,0,0.00033,sector_c
2167.17222222,0.9931833766636906,0,0.00033,sector_c
2167.17361111,0.9930210444199027,0,0.00033,sector_c
2167.175,0.9931365729097381,0,0.00033,sector_c
2167.17638889,0.9934067601896803,0,0.00033,sector_c
2167.17777778,0.9928001375755001,0,0.00033,sector_c
2167.17916667,0.9933258145514432,0,0.00033,sector_c
2167.18055556,0.9931427044286746,0,0.00033,sector_c
2167.18194444,0.9932742262059328,0,0.00033,sector_c
2167.18333333,0.9932130066974821,0,0.00033,sector_c
2167.18472222,0.9932446758059686,0,0.00033,sector_c
2167.18611111,0.9930642450164423,0,0.00033,sector_c
2167.1875,0.9934305418456718,0,0.00033,sector_c
2167.18888889,0.9934495455530943,0,0.00033,sector_c
2167.19027778,0.9933420560518788,0,0.00033,sector_c
2167.19166667,0.9929283100272414,0,0.00033,sector_c
2167.19305556,0.9930849417562644,0,0.00033,sector_c
2167.19444444,0.9932100762736306,0,0.00033,sector_c
2167.19583333,0.9936899169777519,0,0.00033,sector_c
2167.19722222,0.9933523728864088,0,0.00033,sector_c
2167.19861111,0.9932913422412187,0,0.00033,sector_c
2167.2,0.9934664221270307,0,0.00033,sector_c
2167.20138889,0.9927839293971573,0,0.00033,sector_c
2167.20277778,0.9933071859587433,0,0.00033,sector_c
2167.20416667,0.9923253850645215,0,0.00033,sector_c
2167.20555556,0.9929948427191417,0,0.00033,sector_c
2167.20694444,0.9931770741695148,0,0.00033,sector_c
2167.20833333,0.9927202394178632,0,0.00033,sector_c
2167.20972222,0.9924753798503463,0,0.00033,sector_c
2167.21111111,0.9927310991311787,0,0.00033,sector_c
2167.2125,0.9932414658832989,0,0.00033,sector_c
2167.21388889,0.9932260913927361,0,0.00033,sector_c
2167.21527778,0.9932155975226568,0,0.00033,sector_c
2167.21666667,0.9930683963623228,0,0.00033,sector_c
2167.21805556,0.9934018335342465,0,0.00033,sector_c
2167.21944444,0.9932651344912827,0,0.00033,sector_c
2167.22083333,0.9929538178368658,0,0.00033,sector_c
2167.22222222,0.9931084872905632,0,0.00033,sector_c
2167.22361111,0.9936555679905339,0,0.00033,sector_c
2167.225,0.9929671989775326,0,0.00033,sector_c
2167.22638889,0.9927810641105017,0,0.00033,sector_c
2167.22777778,0.9927313683181277,0,0.00033,sector_c
2167.22916667,0.9925549262323183,0,0.00033,sector_c
2167.23055556,0.9927361770313355,0,0.00033,sector_c
2167.23194444,0.9934681093423388,0,0.00033,sector_c
2167.23333333,0.9932805480411476,0,0.00033,sector_c
2167.23472222,0.9932473326439114,0,0.00033,sector_c
2167.23611111,0.9933245693624823,0,0.00033,sector_c
2167.2375,0.9929148420377738,0,0.00033,sector_c
2167.23888889,0.9929878190259449,0,0.00033,sector_c
2167.24027778,0.993126393228909,0,0.00033,sector_c
2167.24166667,0.993496193961893,0,0.00033,sector_c
2167.24305556,0.9929663224551672,0,0.00033,sector_c
2167.24444444,0.9927179683148064,0,0.00033,sector_c
2167.24583333,0.9928456005828863,0,0.00033,sector_c
2167.24722222,0.9935025282649957,0,0.00033,sector_c
2167.24861111,0.9930679964681234,0,0.00033,sector_c
2167.25,0.9927425123035614,0,0.00033,sector_c
2167.25138889,0.9931759922340977,0,0.00033,sector_c
2167.25277778,0.9932996699985617,0,0.00033,sector_c
2167.25416667,0.9928698048590349,0,0.00033,sector_c
2167.25555556,0.992908663274077,0,0.00033,sector_c
2167.25694444,0.9928123620268785,0,0.00033,sector_c
2167.25833333,0.9926278253529089,0,0.00033,sector_c
2167.25972222,0.9929720103431423,0,0.00033,sector_c
2167.26111111,0.9932828640676442,0,0.00033,sector_c
2167.2625,0.9932504536519621,0,0.00033,sector_c
2167.26388889,0.9930586127060365,0,0.00033,sector_c
2167.26527778,0.9926869848430891,0,0.00033,sector_c
2167.26666667,0.9931138395774419,0,0.00033,sector_c
2167.26805556,0.9933611564071793,0,0.00033,sector_c
2167.26944444,0.9933796543447106,0,0.00033,sector_c
2167.27083333,0.9929240645161058,0,0.00033,sector_c
2167.27222222,0.992824423959389,0,0.00033,sector_c
2167.27361111,0.9933468029091509,0,0.00033,sector_c
2167.275,0.9931137171125809,0,0.00033,sector_c
2167.27638889,0.9934801048969347,0,0.00033,sector_c
2167.27777778,0.9933337901865007,0,0.00033,sector_c
2167.27916667,0.9933941511886442,0,0.00033,sector_c
2167.28055556,0.9930921839904407,0,0.00033,sector_c
2167.28194444,0.9927459963343467,0,0.00033,sector_c
2167.28333333,0.9932032510020928,0,0.00033,sector_c
2167.28472222,0.9930109657593577,0,0.00033,sector_c
2167.28611111,0.9932566893013626,0,0.00033,sector_c
2167.2875,0.9930316796218509,0,0.00033,sector_c
2167.28888889,0.9932547184058446,0,0.00033,sector_c
2167.29027778,0.9929120045709091,0,0.00033,sector_c
2167.29166667,0.9931063809348557,0,0.00033,sector_c
2167.29305556,0.9933597883624417,0,0.00033,sector_c
2167.29444444,0.9934779924238323,0,0.00033,sector_c
2167.29583333,0.99273445060609,0,0.00033,sector_c
2167.29722222,0.9931646707981276,0,0.00033,sector_c
2167.29861111,0.9931539747076973,0,0.00033,sector_c
2167.3,0.9931385638228845,0,0.00033,sector_c
2167.30138889,0.9930793643392938,0,0.00033,sector_c
2167.30277778,0.9931304055464263,0,0.00033,sector_c
2167.30416667,0.9929615888584159,0,0.00033,sector_c
2167.30555556,0.9932216120932815,0,0.00033,sector_c
2167.30694444,0.993481224076325,0,0.00033,sector_c
2167.30833333,0.992629652399197,0,0.00033,sector_c
2167.30972222,0.9934753571403792,0,0.00033,sector_c
2167.31111111,0.9927191314051972,0,0.00033,sector_c
2167.3125,0.9929727560216121,0,0.00033,sector_c
2167.31388889,0.9928267189217497,0,0.00033,sector_c
2167.31527778,0.9932605560164928,0,0.00033,sector_c
2167.31666667,0.9930099387154063,0,0.00033,sector_c
2167.31805556,0.9932332573072106,0,0.00033,sector_c
2167.31944444,0.9925355605685584,0,0.00033,sector_c
2167.32083333,0.9930673176150271,0,0.00033,sector_c
2167.32222222,0.9933114527236481,0,0.00033,sector_c
2167.32361111,0.9930723662175177,0,0.00033,sector_c
2167.325,0.9927917286753071,0,0.00033,sector_c
2167.32638889,0.9930961998309313,0,0.00033,sector_c
2167.32777778,0.9935247056480448,0,0.00033,sector_c
2167.32916667,0.9933414175022703,0,0.00033,sector_c
2167.33055556,0.9934168703518992,0,0.00033,sector_c
2167.33194444,0.9928286676555585,0,0.00033,sector_c
2167.33333333,0.9930705501502778,0,0.00033,sector_c
2167.33472222,0.992917157637189,0,0.00033,sector_c
2167.33611111,0.9930277669030132,0,0.00033,sector_c
2167.3375,0.9928098474108406,0,0.00033,sector_c
2167.33888889,0.9928828617864117,0,0.00033,sector_c
2167.34027778,0.9934451233677254,0,0.00033,sector_c
2167.34166667,0.9927386127578289,0,0.00033,sector_c
2167.34305556,0.9932660120302526,0,0.00033,sector_c
2167.34444444,0.9930321142321218,0,0.00033,sector_c
2167.34583333,0.9929139687394686,0,0.00033,sector_c
2167.34722222,0.9932770164615711,0,0.00033,sector_c
2167.34861111,0.9931268510537161,0,0.00033,sector_c
2167.35,0.9934485431208598,0,0.00033,sector_c
2167.35138889,0.9936552393673663,0,0.00033,sector_c
2167.35277778,0.9932641371369436,0,0.00033,sector_c
2167.35416667,0.9929779430424054,4096,0.00033,sector_c
2167.35555556,0.9929094111945945,0,0.00033,sector_c
2167.35694444,0.9926202809757482,0,0.00033,sector_c
2167.35833333,0.9930979865229892,0,0.00033,sector_c
2167.35972222,0.9929090321674073,0,0.00033,sector_c
2167.36111111,0.9936835250977551,0,0.00033,sector_c
2167.3625,0.9929251446448556,0,0.00033,sector_c
2167.36388889,0.9929025089962116,0,0.00033,sector_c
2167.36527778,0.9928139799005778,0,0.00033,sector_c
2167.36666667,0.9930506584788403,0,0.00033,sector_c
2167.36805556,0.9929209416681793,0,0.00033,sector_c
2167.36944444,0.9925884668041935,0,0.00033,sector_c
2167.37083333,0.9933891635143787,0,0.00033,sector_c
2167.37222222,0.9932132091211542,0,0.00033,sector_c
2167.37361111,0.9935441324675535,0,0.00033,sector_c
2167.375,0.9932735842966403,0,0.00033,sector_c
2167.37638889,0.9930883769125219,0,0.00033,sector_c
2167.37777778,0.9933509080201154,0,0.00033,sector_c
2167.37916667,0.9930750357113357,0,0.00033,sector_c
2167.38055556,0.9934020586148689,0,0.00033,sector_c
2167.38194444,0.9930886509160847,0,0.00033,sector_c
2167.38333333,0.9931625633696544,0,0.00033,sector_c
2167.38472222,0.992589112566692,0,0.00033,sector_c
2167.38611111,0.992974545244428,0,0.00033,sector_c
2167.3875,0.9931845658382573,0,0.00033,sector_c
2167.38888889,0.9931269745909207,0,0.00033,sector_c
2167.39027778,0.993070068709437,0,0.00033,sector_c
2167.39166667,0.9934154754396561,0,0.00033,sector_c
2167.39305556,0.9934238410456099,0,0.00033,sector_c
2167.39444444,0.992742481276492,0,0.00033,sector_c
2167.39583333,0.9931133851808763,0,0.00033,sector_c
2167.39722222,0.9932280773685431,0,0.00033,sector_c
2167.39861111,0.9936808219115623,0,0.00033,sector_c
2167.4,0.9931811411733865,0,0.00033,sector_c
2167.40138889,0.9929725390342516,0,0.00033,sector_c
2167.40277778,0.9930709476173994,0,0.00033,sector_c
2167.40416667,0.9934394486281686,0,0.00033,sector_c
2167.40555556,0.9924224271894769,0,0.00033,sector_c
2167.40694444,0.9933721148946699,0,0.00033,sector_c
2167.40833333,0.9934255376366876,0,0.00033,sector_c
2167.40972222,0.9930516824831078,0,0.00033,sector_c
2167.41111111,0.9934193846221395,0,0.00033,sector_c
2167.4125,0.9928980044070206,0,0.00033,sector_c
2167.41388889,0.9927991802107223,0,0.00033,sector_c
2167.41527778,0.9926547906879237,0,0.00033,sector_c
2167.41666667,0.993052395704705,0,0.00033,sector_c
2167.41805556,0.9932177529331145,0,0.00033,sector_c
2167.41944444,0.993146244789053,0,0.00033,sector_c
2167.42083333,0.9927242377336167,0,0.00033,sector_c
2167.42222222,0.9931194543326831,0,0.00033,sector_c
2167.42361111,0.9932638448548727,0,0.00033,sector_c
2167.425,0.9932304979807838,0,0.00033,sector_c
2167.42638889,0.9935089251958825,0,0.00033,sector_c
2167.42777778,0.9928162013453722,0,0.00033,sector_c
2167.42916667,0.9932120325525515,0,0.00033,sector_c
2167.43055556,0.993066038324496,0,0.00033,sector_c
2167.43194444,0.9931363060635576,0,0.00033,sector_c
2167.43333333,0.9929558282078189,0,0.00033,sector_c
2167.43472222,0.9931251602285793,0,0.00033,sector_c
2167.43611111,0.9927337288889367,0,0.00033,sector_c
2167.4375,0.992948729749736,0,0.00033,sector_c
2167.43888889,0.993384858860276,0,0.00033,sector_c
2167.44027778,0.9929558689986452,0,0.00033,sector_c
2167.44166667,0.9930312963707899,0,0.00033,sector_c
2167.44305556,0.9932236389927803,0,0.00033,sector_c
2167.44444444,0.993272246000836,0,0.00033,sector_c
2167.44583333,0.9934639136761204,0,0.00033,sector_c
2167.44722222,0.9929042347033428,0,0.00033,sector_c
2167.44861111,0.9930597594303225,0,0.00033,sector_c
2167.45,0.9927715868285201,0,0.00033,sector_c
2167.45138889,0.9932534629443428,0,0.00033,sector_c
2167.45277778,0.9931500283095847,0,0.00033,sector_c
2167.45416667,0.9931831423987285,0,0.00033,sector_c
2167.45555556,0.9928350455860768,0,0.00033,sector_c
2167.45694444,0.9933226761971702,0,0.00033,sector_c
2167.45833333,0.9928059190580991,0,0.00033,sector_c
2167.45972222,0.9927875125361092,0,0.00033,sector_c
2167.46111111,0.9929874514285719,0,0.00033,sector_c
2167.4625,0.992889649142522,0,0.00033,sector_c
2167.46388889,0.9932921223741196,0,0.00033,sector_c
2167.46527778,0.9931718971732866,0,0.00033,sector_c
2167.46666667,0.9929316875124773,0,0.00033,sector_c
2167.46805556,0.9934185800084276,0,0.00033,sector_c
2167.46944444,0.9933245852991722,0,0.00033,sector_c
2167.47083333,0.9930734878508153,0,0.00033,sector_c
2167.47222222,0.992924213136303,0,0.00033,sector_c
2167.47361111,0.9928516332294718,0,0.00033,sector_c
2167.475,0.993218766229978,0,0.00033,sector_c
2167.47638889,0.9931349536081103,0,0.00033,sector_c
2167.47777778,0.9932285417321565,0,0.00033,sector_c
2167.47916667,0.9932497067553678,0,0.00033,sector_c
2167.48055556,0.9932296114261052,0,0.00033,sector_c
2167.48194444,0.9929642031101755,0,0.00033,sector_c
2167.48333333,0.9932482753513925,0,0.00033,sector_c
2167.48472222,0.9931437404689472,0,0.00033,sector_c
2167.48611111,0.9925497928848432,0,0.00033,sector_c
2167.4875,0.9930176080182295,0,0.00033,sector_c
2167.48888889,0.9934699328811195,0,0.00033,sector_c
2167.49027778,0.9932638701560714,0,0.00033,sector_c
2167.49166667,0.9930408948802704,0,0.00033,sector_c
2167.49305556,0.9930197133782226,0,0.00033,sector_c
2167.49444444,0.9932728364932977,0,0.00033,sector_c
2167.49583333,0.9930607401180565,0,0.00033,sector_c
2167.49722222,0.9927446370204482,0,0.00033,sector_c
2167.49861111,0.9928001769016184,0,0.00033,sector_c
2167.5,0.9938227443866785,0,0.00033,sector_c
2167.50138889,0.9930941260409516,0,0.00033,sector_c
2167.50277778,0.9931879605776662,0,0.00033,sector_c
2167.50416667,0.9932303920536882,0,0.00033,sector_c
2167.50555556,0.9932773420800819,0,0.00033,sector_c
2167.50694444,0.9933773660031419,0,0.00033,sector_c
2167.50833333,0.9932108018422952,0,0.00033,sector_c
2167.50972222,0.9930798745979111,0,0.00033,sector_c
2167.51111111,0.9931339297243889,0,0.00033,sector_c
2167.5125,0.9931742685054833,0,0.00033,sector_c
2167.51388889,0.9936506883666524,0,0.00033,sector_c
2167.51527778,0.9936712716819643,0,0.00033,sector_c
2167.51666667,0.993404029938923,0,0.00033,sector_c
2167.51805556,0.9936797535473041,0,0.00033,sector_c
2167.51944444,0.993064446802124,0,0.00033,sector_c
2167.52083333,0.992989950720643,0,0.00033,sector_c
2167.52222222,0.9925905978837127,0,0.00033,sector_c
2167.52361111,0.9934458357534106,0,0.00033,sector_c
2167.525,0.9933321436920765,0,0.00033,sector_c
2167.52638889,0.9928761605521867,0,0.00033,sector_c
2167.52777778,0.9933676424731971,0,0.00033,sector_c
2167.52916667,0.9931373892679485,0,0.00033,sector_c
2167.53055556,0.993285925730381,0,0.00033,sector_c
2167.53194444,0.9935028957456976,0,0.00033,sector_c
2167.53333333,0.9934015113563235,0,0.00033,sector_c
2167.53472222,0.9932151243881807,0,0.00033,sector_c
2167.53611111,0.993117606044751,0,0.00033,sector_c
2167.5375,0.9935089651392459,0,0.00033,sector_c
2167.53888889,0.9929292492865308,0,0.00033,sector_c
2167.54027778,0.9933302118276444,0,0.00033,sector_c
2167.54166667,0.9934965114727744,0,0.00033,sector_c
2167.54305556,0.9936265800747334,0,0.00033,sector_c
2167.54444444,0.9928289264718955,0,0.00033,sector_c
2167.54583333,0.9933946000735152,0,0.00033,sector_c
2167.54722222,0.9931854764435325,0,0.00033,sector_c
2167.54861111,0.9931948899598896,0,0.00033,sector_c
2167.55,0.993506466506661,0,0.00033,sector_c
2167.55138889,0.9933241998521173,0,0.00033,sector_c
2167.55277778,0.9925384979845299,0,0.00033,sector_c
2167.55416667,0.9934600543242474,0,0.00033,sector_c
2167.55555556,0.9929722601191993,0,0.00033,sector_c
2167.55694444,0.9934216107959247,0,0.00033,sector_c
2167.55833333,0.9931151550275671,0,0.00033,sector_c
2167.55972222,0.993076300807012,0,0.00033,sector_c
2167.56111111,0.9932804256659348,0,0.00033,sector_c
2167.5625,0.993428347170381,0,0.00033,sector_c
2167.56388889,0.9930192406459541,0,0.00033,sector_c
2167.56527778,0.9936248611470665,0,0.00033,sector_c
2167.56666667,0.9931297430734594,0,0.00033,sector_c
2167.56805556,0.9934024590152787,0,0.00033,sector_c
2167.56944444,0.9937799831600121,0,0.00033,sector_c
2167.57083333,0.9931916790315922,0,0.00033,sector_c
2167.57222222,0.993372980223085,0,0.00033,sector_c
2167.57361111,0.993491083861156,0,0.00033,sector_c
2167.575,0.9935416654626186,0,0.00033,sector_c
2167.57638889,0.9935818466285579,0,0.00033,sector_c
2167.57777778,0.9933516587381976,0,0.00033,sector_c
2167.57916667,0.9933351688943289,0,0.00033,sector_c
2167.58055556,0.9933778935816688,0,0.00033,sector_c
2167.58194444,0.9931963617328052,0,0.00033,sector_c
2167.58333333,0.992835744688174,0,0.00033,sector_c
2167.58472222,0.9934188048615743,0,0.00033,sector_c
2167.58611111,0.9933415575628071,0,0.00033,sector_c
2167.5875,0.9940619385484045,0,0.00033,sector_c
2167.58888889,0.9932125004528718,0,0.00033,sector_c
2167.59027778,0.9930101742117835,0,0.00033,sector_c
2167.59166667,0.9931715503363364,0,0.00033,sector_c
2167.59305556,0.9931982823892631,0,0.00033,sector_c
2167.59444444,0.9934893005897167,0,0.00033,sector_c
2167.59583333,0.9932203197552137,0,0.00033,sector_c
2167.59722222,0.993507275635729,0,0.00033,sector_c
2167.59861111,0.9931997182851301,0,0.00033,sector_c
2167.6,0.9932189932503162,0,0.00033,sector_c
2167.60138889,0.9934065560170066,0,0.00033,sector_c
2167.60277778,0.993393211975105,0,0.00033,sector_c
2167.60416667,0.9929857006086833,0,0.00033,sector_c
2167.60555556,0.993496707377864,0,0.00033,sector_c
2167.60694444,0.9933155770879664,0,0.00033,sector_c
2167.60833333,0.993905326702771,0,0.00033,sector_c
2167.60972222,0.9933272807271107,0,0.00033,sector_c
2167.61111111,0.9934714735571721,0,0.00033,sector_c
2167.6125,0.9931270272771876,0,0.00033,sector_c
2167.61388889,0.9935376156488384,0,0.00033,sector_c
2167.61527778,0.9932432656721106,0,0.00033,sector_c
2167.61666667,0.9934462962805454,0,0.00033,sector_c
2167.61805556,0.9936363172690359,0,0.00033,sector_c
2167.61944444,0.9930358684666238,0,0.00033,sector_c
2167.62083333,0.9928349713824438,0,0.00033,sector_c
2167.62222222,0.9933361144435127,0,0.00033,sector_c
2167.62361111,0.9934427418858229,0,0.00033,sector_c
2167.625,0.9935636289238561,0,0.00033,sector_c
2167.62638889,0.9937658115075193,0,0.00033,sector_c
2167.62777778,0.9933022398643742,0,0.00033,sector_c
2167.62916667,0.9933309137529832,0,0.00033,sector_c
2167.63055556,0.9931529986606326,0,0.00033,sector_c
2167.63194444,0.993555367774402,0,0.00033,sector_c
2167.63333333,0.9937401292940685,0,0.00033,sector_c
2167.63472222,0.9934200587828997,0,0.00033,sector_c
2167.63611111,0.9936922416795504,0,0.00033,sector_c
2167.6375,0.9933019809399269,0,0.00033,sector_c
2167.63888889,0.9933230429616391,0,0.00033,sector_c
2167.64027778,0.9938153051671941,0,0.00033,sector_c
2167.64166667,0.9937980237890582,0,0.00033,sector_c
2167.64305556,0.9934901188692448,0,0.00033,sector_c
2167.64444444,0.9931858756007534,0,0.00033,sector_c
2167.64583333,0.9935337109039678,0,0.00033,sector_c
2167.64722222,0.9931466295214495,0,0.00033,sector_c
2167.64861111,0.99361757395357,0,0.00033,sector_c
2167.65,0.9933687925616919,0,0.00033,sector_c
2167.65138889,0.993224882422317,0,0.00033,sector_c
2167.65277778,0.9934596884775275,0,0.00033,sector_c
2167.65416667,0.9941652847566645,0,0.00033,sector_c
2167.65555556,0.9936336708515899,0,0.00033,sector_c
2167.65694444,0.993647102580363,0,0.00033,sector_c
2167.65833333,0.9931777339995753,0,0.00033,sector_c
2167.65972222,0.9936831145856013,0,0.00033,sector_c
2167.66111111,0.9930773800850116,0,0.00033,sector_c
2167.6625,0.9933498998791243,0,0.00033,sector_c
2167.66388889,0.9935792788179275,0,0.00033,sector_c
2167.66527778,0.9941075496582701,0,0.00033,sector_c
2167.66666667,0.9933247741551336,0,0.00033,sector_c
2167.66805556,0.9936704747788393,0,0.00033,sector_c
2167.66944444,0.9934551819511598,0,0.00033,sector_c
2167.67083333,0.9930154746843571,0,0.00033,sector_c
2167.67222222,0.9937106665787562,0,0.00033,sector_c
2167.67361111,0.994205734176497,0,0.00033,sector_c
2167.675,0.993762304569545,0,0.00033,sector_c
2167.67638889,0.993333632686184,0,0.00033,sector_c
2167.67777778,0.9935287705237505,0,0.00033,sector_c
2167.67916667,0.9937057507398658,0,0.00033,sector_c
2167.68055556,0.9932887325242958,0,0.00033,sector_c
2167.68194444,0.9936184013492152,0,0.00033,sector_c
2167.68333333,0.9934032038524276,0,0.00033,sector_c
2167.68472222,0.9935784264318779,0,0.00033,sector_c
2167.68611111,0.9934645895408368,0,0.00033,sector_c
2167.6875,0.9936030462975814,0,0.00033,sector_c
2167.68888889,0.99369256190979,0,0.00033,sector_c
2167.69027778,0.9933973503576427,0,0.00033,sector_c
2167.69166667,0.9940257421670652,0,0.00033,sector_c
2167.69305556,0.9933139016589408,0,0.00033,sector_c
2167.69444444,0.9937482855921251,0,0.00033,sector_c
2167.69583333,0.9941555457902269,0,0.00033,sector_c
2167.69722222,0.9940239444805096,0,0.00033,sector_c
2167.69861111,0.9935799637436418,0,0.00033,sector_c
2167.7,0.9937705306490558,0,0.00033,sector_c
2167.70138889,0.9933900474643146,0,0.00033,sector_c
2167.70277778,0.9937480816574388,0,0.00033,sector_c
2167.70416667,0.9933767537474805,0,0.00033,sector_c
2167.70555556,0.9939722602361634,0,0.00033,sector_c
2167.70694444,0.9937504792964226,0,0.00033,sector_c
2167.70833333,0.9934788285845391,0,0.00033,sector_c
2167.70972222,0.9938760061635317,0,0.00033,sector_c
2167.71111111,0.9935099508175032,0,0.00033,sector_c
2167.7125,0.9937343183055737,0,0.00033,sector_c
2167.71388889,0.9934519186542002,0,0.00033,sector_c
2167.71527778,0.9935185722100381,0,0.00033,sector_c
2167.71666667,0.9939284497514913,0,0.00033,sector_c
2167.71805556,0.9942149486681483,0,0.00033,sector_c
2167.71944444,0.9941599205076964,0,0.00033,sector_c
2167.72083333,0.9939964074750604,0,0.00033,sector_c
2167.72222222,0.9937570708754273,0,0.00033,sector_c
2167.72361111,0.9939480661147473,0,0.00033,sector_c
2167.725,0.9936866563015175,0,0.00033,sector_c
2167.72638889,0.9936978773978428,2048,0.00033,sector_c
2167.72777778,0.993662331316638,0,0.00033,sector_c
2167.72916667,0.9939865088863947,0,0.00033,sector_c
2167.73055556,0.9938201633935531,0,0.00033,sector_c
2167.73194444,0.993363135648775,0,0.00033,sector_c
2167.73333333,0.993825676455482,0,0.00033,sector_c
2167.73472222,0.9940949813249293,0,0.00033,sector_c
2167.73611111,0.9939034238050108,0,0.00033,sector_c
2167.7375,0.9935878184331558,0,0.00033,sector_c
2167.73888889,0.9937707990931126,0,0.00033,sector_c
2167.74027778,0.9937682921028291,0,0.00033,sector_c
2167.74166667,0.9940204001583379,0,0.00033,sector_c
2167.74305556,0.9939389510215042,0,0.00033,sector_c
2167.74444444,0.9937066095645986,0,0.00033,sector_c
2167.74583333,0.9940358023152329,0,0.00033,sector_c
2167.74722222,0.9932852591154722,0,0.00033,sector_c
2167.74861111,0.9932824228202278,0,0.00033,sector_c
2167.75,0.9940055575577674,0,0.00033,sector_c
2167.75138889,0.9932760676461766,0,0.00033,sector_c
2167.75277778,0.9942278065906286,0,0.00033,sector_c
2167.75416667,0.9938893553269483,0,0.00033,sector_c
2167.75555556,0.9938562983954431,0,0.00033,sector_c
2167.75694444,0.9941648245370497,0,0.00033,sector_c
2167.75833333,0.9943819413130934,0,0.00033,sector_c
2167.75972222,0.9938580194755082,0,0.00033,sector_c
2167.76111111,0.9939638392007686,0,0.00033,sector_c
2167.7625,0.9935839706308937,0,0.00033,sector_c
2167.76388889,0.9935070551525825,0,0.00033,sector_c
2167.76527778,0.9935037922115391,0,0.00033,sector_c
2167.76666667,0.9942306345880193,0,0.00033,sector_c
2167.76805556,0.993758060315041,0,0.00033,sector_c
2167.76944444,0.9943021109500272,0,0.00033,sector_c
2167.77083333,0.9935629852981291,0,0.00033,sector_c
2167.77222222,0.9936387386290925,0,0.00033,sector_c
2167.77361111,0.9939308126228882,0,0.00033,sector_c
2167.775,0.9941695747614544,0,0.00033,sector_c
2167.77638889,0.993646378814746,0,0.00033,sector_c
2167.77777778,0.9937614060259559,0,0.00033,sector_c
2167.77916667,0.9937034962102559,0,0.00033,sector_c
2167.78055556,0.9944122086469813,0,0.00033,sector_c
2167.78194444,0.9940232519555796,0,0.00033,sector_c
2167.78333333,0.9940445298697909,0,0.00033,sector_c
2167.78472222,0.9937268209804487,0,0.00033,sector_c
2167.78611111,0.9938843039845787,0,0.00033,sector_c
2167.7875,0.9937184432687245,0,0.00033,sector_c
2167.78888889,0.9945650491672621,0,0.00033,sector_c
2167.79027778,0.9938985635625707,0,0.00033,sector_c
2167.79166667,0.9933734875526204,0,0.00033,sector_c
2167.79305556,0.9936080382603276,0,0.00033,sector_c
2167.79444444,0.9933205437139826,0,0.00033,sector_c
2167.79583333,0.9935853619863182,0,0.00033,sector_c
2167.79722222,0.9934563430298364,0,0.00033,sector_c
2167.79861111,0.9942775772780822,0,0.00033,sector_c
2167.8,0.9938882035859328,0,0.00033,sector_c
2167.80138889,0.9936289977539782,0,0.00033,sector_c
2167.80277778,0.9945425087396857,0,0.00033,sector_c
2167.80416667,0.9938554641246137,0,0.00033,sector_c
2167.80555556,0.9944755500323502,0,0.00033,sector_c
2167.80694444,0.9939299024776876,0,0.00033,sector_c
2167.80833333,0.9940193532185227,0,0.00033,sector_c
2167.80972222,0.9941846982913617,0,0.00033,sector_c
2167.81111111,0.9944664563368737,0,0.00033,sector_c
2167.8125,0.9940270063849685,0,0.00033,sector_c
2167.81388889,0.9944792686691878,0,0.00033,sector_c
2167.81527778,0.9938067339466453,0,0.00033,sector_c
2167.81666667,0.9946628953608098,0,0.00033,sector_c
2167.81805556,0.9941629290572459,2048,0.00033,sector_c
2167.81944444,0.9940996081420834,0,0.00033,sector_c
2167.82083333,0.9940160756852489,0,0.00033,sector_c
2167.82222222,0.9941505115396657,0,0.00033,sector_c
2167.82361111,0.9942485121969988,0,0.00033,sector_c
2167.825,0.9941493194939671,0,0.00033,sector_c
2167.82638889,0.9937039888672389,0,0.00033,sector_c
2167.82777778,0.9946407780224614,0,0.00033,sector_c
2167.82916667,0.9939283030158383,0,0.00033,sector_c
2167.83055556,0.9938660497881047,0,0.00033,sector_c
2167.83194444,0.9938376908633044,0,0.00033,sector_c
2167.83333333,0.9943190541968552,0,0.00033,sector_c
2167.83472222,0.993906461416686,0,0.00033,sector_c
2167.83611111,0.9940537141170369,0,0.00033,sector_c
2167.8375,0.9945736635692899,0,0.00033,sector_c
2167.83888889,0.9943907805685234,0,0.00033,sector_c
2167.84027778,0.9941471964324199,0,0.00033,sector_c
2167.84166667,0.9938728012385804,0,0.00033,sector_c
2167.84305556,0.9941406348161137,0,0.00033,sector_c
2167.84444444,0.9943079619476504,0,0.00033,sector_c
2167.84583333,0.9938977463368908,0,0.00033,sector_c
2167.84722222,0.9939759177941886,0,0.00033,sector_c
2167.84861111,0.9943510347326653,0,0.00033,sector_c
2167.85,0.9941104058963597,0,0.00033,sector_c
2167.85138889,0.9946003336715579,0,0.00033,sector_c
2167.85277778,0.9938325622895178,0,0.00033,sector_c
2167.85416667,0.9940607117142073,0,0.00033,sector_c
2167.85555556,0.9939925189021408,0,0.00033,sector_c
2167.85694444,0.994306986260888,0,0.00033,sector_c
2167.85833333,0.9940385068550505,0,0.00033,sector_c
2167.85972222,0.9945014686388874,0,0.00033,sector_c
2167.86111111,0.9947618757641522,0,0.00033,sector_c
2167.8625,0.9942396891420925,0,0.00033,sector_c
2167.86388889,0.994378652905235,0,0.00033,sector_c
2167.86527778,0.9941100189089138,0,0.00033,sector_c
2167.86666667,0.9945816481155777,0,0.00033,sector_c
2167.86805556,0.9940449402792002,0,0.00033,sector_c
2167.86944444,0.9942450696251398,0,0.00033,sector_c
2167.87083333,0.9944157107181721,0,0.00033,sector_c
2167.87222222,0.9940179984845239,0,0.00033,sector_c
2167.87361111,0.9944989699045913,0,0.00033,sector_c
2167.875,0.9942533456057185,0,0.00033,sector_c
2167.87638889,0.9944067192933901,0,0.00033,sector_c
2167.87777778,0.9942208502036599,0,0.00033,sector_c
2167.87916667,0.9939860207718035,0,0.00033,sector_c
2167.88055556,0.9945207805836732,0,0.00033,sector_c
2167.88194444,0.9943923990201146,0,0.00033,sector_c
2167.88333333,0.9943920480117452,0,0.00033,sector_c
2167.88472222,0.9942524111008045,0,0.00033,sector_c
2167.88611111,0.9945109785090706,0,0.00033,sector_c
2167.8875,0.9942497255952517,0,0.00033,sector_c
2167.88888889,0.9944233145081197,0,0.00033,sector_c
2167.89027778,0.994829530944883,0,0.00033,sector_c
2167.89166667,0.9942859968056192,0,0.00033,sector_c
2167.89305556,0.9945174745781391,0,0.00033,sector_c
2167.89444444,0.9942864164480237,0,0.00033,sector_c
2167.89583333,0.9944943109406318,0,0.00033,sector_c
2167.89722222,0.9943543642320167,0,0.00033,sector_c
2167.89861111,0.9946371483803641,0,0.00033,sector_c
2167.9,0.994261326881779,0,0.00033,sector_c
2167.90138889,0.9943341752711322,0,0.00033,sector_c
2167.90277778,0.9948877851289101,0,0.00033,sector_c
2167.90416667,0.9944994021875034,0,0.00033,sector_c
2167.90555556,0.9949466849664701,0,0.00033,sector_c
2167.90694444,0.9944132296465105,0,0.00033,sector_c
2167.90833333,0.9941698111950226,0,0.00033,sector_c
2167.90972222,0.9944616550792639,0,0.00033,sector_c
2167.91111111,0.9945944989837101,0,0.00033,sector_c
2167.9125,0.9944323427948538,0,0.00033,sector_c
2167.91388889,0.9941110373304843,0,0.00033,sector_c
2167.91527778,0.9940345720572321,0,0.00033,sector_c
2167.91666667,0.9949991317103933,0,0.00033,sector_c
2167.91805556,0.9942916375232015,0,0.00033,sector_c
2167.91944444,0.9946545364386582,0,0.00033,sector_c
2167.92083333,0.994790616244411,0,0.00033,sector_c
2167.92222222,0.9947795768359629,0,0.00033,sector_c
2167.92361111,0.9936647473010257,0,0.00033,sector_c
2167.925,0.9941064629243482,0,0.00033,sector_c
2167.92638889,0.994178974220017,0,0.00033,sector_c
2167.92777778,0.994718111313354,0,0.00033,sector_c
2167.92916667,0.9944214717871359,0,0.00033,sector_c
2167.93055556,0.9942104322392403,0,0.00033,sector_c
2167.93194444,0.9947395679088015,0,0.00033,sector_c
2167.93333333,0.9947911567728098,0,0.00033,sector_c
2167.93472222,0.9945999309496042,0,0.00033,sector_c
2167.93611111,0.9942170146787771,0,0.00033,sector_c
2167.9375,0.9946927286915032,0,0.00033,sector_c
2167.93888889,0.9943620320467578,0,0.00033,sector_c
2167.94027778,0.9945738393004502,0,0.00033,sector_c
2167.94166667,0.9946968689925509,0,0.00033,sector_c
2167.94305556,0.9946871210939336,2048,0.00033,sector_c
2167.94444444,0.9945760030123135,0,0.00033,sector_c
2167.94583333,0.9946222058710684,0,0.00033,sector_c
2167.94722222,0.9948352146932027,0,0.00033,sector_c
2167.94861111,0.9946953607569062,0,0.00033,sector_c
2167.95,0.9939749266304071,0,0.00033,sector_c
2167.95138889,0.9944570716602176,0,0.00033,sector_c
2167.95277778,0.9946853209916816,0,0.00033,sector_c
2167.95416667,0.9949791442465945,0,0.00033,sector_c
2167.95555556,0.9945564634438168,0,0.00033,sector_c
2167.95694444,0.9945388559787766,0,0.00033,sector_c
2167.95833333,0.9948385549914726,0,0.00033,sector_c
2167.95972222,0.9944220733729838,0,0.00033,sector_c
2167.96111111,0.9949056291415362,0,0.00033,sector_c
2167.9625,0.9945610336273307,0,0.00033,sector_c
2167.96388889,0.9947966948854994,0,0.00033,sector_c
2167.96527778,0.9948462866710226,0,0.00033,sector_c
2167.96666667,0.9948712400465783,0,0.00033,sector_c
2167.96805556,0.995075542103275,0,0.00033,sector_c
2167.96944444,0.9947153080739638,0,0.00033,sector_c
2167.97083333,0.9945722772571357,0,0.00033,sector_c
2167.97222222,0.9947976353995408,0,0.00033,sector_c
2167.97361111,0.9953918392028024,0,0.00033,sector_c
2167.975,0.995108759195173,0,0.00033,sector_c
2167.97638889,0.9945480287254268,0,0.00033,sector_c
2167.97777778,0.9944815216559092,0,0.00033,sector_c
2167.97916667,0.9947815398906494,0,0.00033,sector_c
2167.98055556,0.9944405041437969,0,0.00033,sector_c
2167.98194444,0.994488291662116,0,0.00033,sector_c
2167.98333333,0.9951658204255592,0,0.00033,sector_c
2167.98472222,0.9951575787724317,0,0.00033,sector_c
2167.98611111,0.995137066114085,0,0.00033,sector_c
2167.9875,0.9953362407144307,0,0.00033,sector_c
2167.98888889,0.9943272202327684,0,0.00033,sector_c
2167.99027778,0.994940070356259,0,0.00033,sector_c
2167.99166667,0.9947274971733906,0,0.00033,sector_c
2167.99305556,0.9952002871884519,0,0.00033,sector_c
2167.99444444,0.9946448124146049,0,0.00033,sector_c
2167.99583333,0.9950496875361983,0,0.00033,sector_c
2167.99722222,0.9951769865802503,0,0.00033,sector_c
2167.99861111,0.9952210608579695,0,0.00033,sector_c
2168.0,0.995398648927417,0,0.00033,sector_c
2168.00138889,0.9953822268613332,0,0.00033,sector_c
2168.00277778,0.995006107295129,0,0.00033,sector_c
2168.00416667,0.9945518430038502,0,0.00033,sector_c
2168.00555556,0.9951046378564765,0,0.00033,sector_c
2168.00694444,0.99541435320808,0,0.00033,sector_c
2168.00833333,0.99533284884654,0,0.00033,sector_c
2168.00972222,0.9944543980225915,0,0.00033,sector_c
2168.01111111,0.9947582533337611,0,0.00033,sector_c
2168.0125,0.9952056533961342,0,0.00033,sector_c
2168.01388889,0.9951918276862545,0,0.00033,sector_c
2168.01527778,0.9950735540359806,0,0.00033,sector_c
2168.01666667,0.9950890063524171,0,0.00033,sector_c
2168.01805556,0.9948414264525185,0,0.00033,sector_c
2168.01944444,0.9952129406811462,0,0.00033,sector_c
2168.02083333,0.995570378201525,0,0.00033,sector_c
2168.02222222,0.9951092423198886,0,0.00033,sector_c
2168.02361111,0.9946256961443861,0,0.00033,sector_c
2168.025,0.994910594753448,0,0.00033,sector_c
2168.02638889,0.9952557931462416,0,0.00033,sector_c
2168.02777778,0.9952727239925317,0,0.00033,sector_c
2168.02916667,0.9949156348750383,0,0.00033,sector_c
2168.03055556,0.9948960487617753,0,0.00033,sector_c
2168.03194444,0.9951926703999273,0,0.00033,sector_c
2168.03333333,0.9952294078204456,0,0.00033,sector_c
2168.03472222,0.9952042904169768,0,0.00033,sector_c
2168.03611111,0.9951648920111058,0,0.00033,sector_c
2168.0375,0.9951694099374685,0,0.00033,sector_c
2168.03888889,0.9949881937715069,0,0.00033,sector_c
2168.04027778,0.9946623231743917,0,0.00033,sector_c
2168.04166667,0.9948532044185489,0,0.00033,sector_c
2168.04305556,0.9950993642196508,0,0.00033,sector_c
2168.04444444,0.9954304793155905,0,0.00033,sector_c
2168.04583333,0.9949753050056421,0,0.00033,sector_c
2168.04722222,0.9958054334143421,0,0.00033,sector_c
2168.04861111,0.9951992192569977,0,0.00033,sector_c
2168.05,0.9950286976565591,0,0.00033,sector_c
2168.05138889,0.995468794168239,0,0.00033,sector_c
2168.05277778,0.9956046649062772,0,0.00033,sector_c
2168.05416667,0.9956928244995673,0,0.00033,sector_c
2168.05555556,0.9955259069621539,0,0.00033,sector_c
2168.05694444,0.995451224350326,0,0.00033,sector_c
2168.05833333,0.9952076963688337,0,0.00033,sector_c
2168.05972222,0.9953638337230423,0,0.00033,sector_c
2168.06111111,0.9954080598383045,0,0.00033,sector_c
2168.0625,0.995134209315623,0,0.00033,sector_c
2168.06388889,0.9954612214439227,0,0.00033,sector_c
2168.06527778,0.9948358632968897,0,0.00033,sector_c
2168.06666667,0.9951656338837834,0,0.00033,sector_c
2168.06805556,0.9952357004573238,0,0.00033,sector_c
2168.06944444,0.9953859467048383,0,0.00033,sector_c
2168.07083333,0.9955058776661861,0,0.00033,sector_c
2168.07222222,0.995493110660138,0,0.00033,sector_c
2168.07361111,0.995479890764525,0,0.00033,sector_c
2168.075,0.995001250419101,0,0.00033,sector_c
2168.07638889,0.9960200881647875,0,0.00033,sector_c
2168.07777778,0.9952842444943264,0,0.00033,sector_c
2168.07916667,0.9957735407641538,0,0.00033,sector_c
2168.08055556,0.9955124253000388,0,0.00033,sector_c
2168.08194444,0.9954904542074371,0,0.00033,sector_c
2168.08333333,0.9953866036833682,0,0.00033,sector_c
2168.08472222,0.9954488313961183,0,0.00033,sector_c
2168.08611111,0.9950266441501212,0,0.00033,sector_c
2168.0875,0.995380743617566,0,0.00033,sector_c
2168.08888889,0.9961042519157277,0,0.00033,sector_c
2168.09027778,0.9956902358988031,0,0.00033,sector_c
2168.09166667,0.9953455506021569,0,0.00033,sector_c
2168.09305556,0.9954032760272865,0,0.00033,sector_c
2168.09444444,0.9953905399980904,0,0.00033,sector_c
2168.09583333,0.9954840131622312,0,0.00033,sector_c
2168.09722222,0.9959075651882109,0,0.00033,sector_c
2168.09861111,0.9956906776453727,0,0.00033,sector_c
2168.1,0.9954101055653376,0,0.00033,sector_c
2168.10138889,0.9949638513339483,0,0.00033,sector_c
2168.10277778,0.9960436937821684,0,0.00033,sector_c
2168.10416667,0.9959001058236896,0,0.00033,sector_c
2168.10555556,0.9955856726162237,0,0.00033,sector_c
2168.10694444,0.9957081988281873,0,0.00033,sector_c
2168.10833333,0.995503907972563,0,0.00033,sector_c
2168.10972222,0.9954374302091017,0,0.00033,sector_c
2168.11111111,0.9963180561516096,0,0.00033,sector_c
2168.1125,0.9949853907883516,0,0.00033,sector_c
2168.11388889,0.9955682453204552,0,0.00033,sector_c
2168.11527778,0.9957791019973226,0,0.00033,sector_c
2168.11666667,0.9958183277097991,0,0.00033,sector_c
2168.11805556,0.995690807451133,0,0.00033,sector_c
2168.11944444,0.9956187384484785,0,0.00033,sector_c
2168.12083333,0.9957879074609779,0,0.00033,sector_c
2168.12222222,0.9954014078710831,0,0.00033,sector_c
2168.12361111,0.9954090558316742,0,0.00033,sector_c
2168.125,0.9958921272719542,0,0.00033,sector_c
2168.12638889,0.9955197635097199,0,0.00033,sector_c
2168.12777778,0.995940440616976,0,0.00033,sector_c
2168.12916667,0.9960690291690321,0,0.00033,sector_c
2168.13055556,0.9961586082833545,0,0.00033,sector_c
2168.13194444,0.996096819462955,0,0.00033,sector_c
2168.13333333,0.995494769990875,0,0.00033,sector_c
2168.13472222,0.9958087159424303,0,0.00033,sector_c
2168.13611111,0.9957964714409794,0,0.00033,sector_c
2168.1375,0.9961051368631305,0,0.00033,sector_c
2168.13888889,0.9957382339886148,0,0.00033,sector_c
2168.14027778,0.9962050088949421,0,0.00033,sector_c
2168.14166667,0.9958836061827567,0,0.00033,sector_c
2168.14305556,0.9962213014269654,0,0.00033,sector_c
2168.14444444,0.9958927703685237,0,0.00033,sector_c
2168.14583333,0.9958988138994294,0,0.00033,sector_c
2168.14722222,0.9955792814214736,0,0.00033,sector_c
2168.14861111,0.9957798005409362,0,0.00033,sector_c
2168.15,0.9963354339810061,0,0.00033,sector_c
2168.15138889,0.9963310745615493,0,0.00033,sector_c
2168.15277778,0.9952606459960529,0,0.00033,sector_c
2168.15416667,0.9965834214775555,0,0.00033,sector_c
2168.15555556,0.9964158450135031,0,0.00033,sector_c
2168.15694444,0.9957427224587662,0,0.00033,sector_c
2168.15833333,0.9961603115050995,0,0.00033,sector_c
2168.15972222,0.9962234257545258,0,0.00033,sector_c
2168.16111111,0.9952702047510854,0,0.00033,sector_c
2168.1625,0.9959358232283095,0,0.00033,sector_c
2168.16388889,0.996028929133584,0,0.00033,sector_c
2168.16527778,0.9959434344116821,0,0.00033,sector_c
2168.16666667,0.9956211985970677,0,0.00033,sector_c
2168.16805556,0.9959800583297458,0,0.00033,sector_c
2168.16944444,0.9961800739553169,0,0.00033,sector_c
2168.17083333,0.996152494924805,0,0.00033,sector_c
2168.17222222,0.9957404175122972,0,0.00033,sector_c
2168.17361111,0.9967036483963588,0,0.00033,sector_c
2168.175,0.9957658215329611,0,0.00033,sector_c
2168.17638889,0.9958980373635729,0,0.00033,sector_c
2168.17777778,0.9962305065358209,0,0.00033,sector_c
2168.17916667,0.9959497752802727,0,0.00033,sector_c
2168.18055556,0.9959427427232657,0,0.00033,sector_c
2168.18194444,0.9959631718421889,0,0.00033,sector_c
2168.18333333,0.9960873344910552,0,0.00033,sector_c
2168.18472222,0.9968009299817997,0,0.00033,sector_c
2168.18611111,0.9960588710233278,0,0.00033,sector_c
2168.1875,0.9959968558999869,4096,0.00033,sector_c
2168.18888889,0.9958372458323318,0,0.00033,sector_c
2168.19027778,0.9962295341439678,0,0.00033,sector_c
2168.19166667,0.9963434080102346,0,0.00033,sector_c
2168.19305556,0.9959536308639468,0,0.00033,sector_c
2168.19444444,0.9960712531176013,0,0.00033,sector_c
2168.19583333,0.9963139487338182,0,0.00033,sector_c
2168.19722222,0.9960520756484922,0,0.00033,sector_c
2168.19861111,0.9960004691469401,0,0.00033,sector_c
2168.2,0.9964388986375343,0,0.00033,sector_c
2168.20138889,0.9966057051616355,0,0.00033,sector_c
2168.20277778,0.9961609749787502,0,0.00033,sector_c
2168.20416667,0.9957007668590684,0,0.00033,sector_c
2168.20555556,0.9964005699891796,0,0.00033,sector_c
2168.20694444,0.9958539430341653,0,0.00033,sector_c
2168.20833333,0.9968178153354531,0,0.00033,sector_c
2168.20972222,0.9963839584341032,0,0.00033,sector_c
2168.21111111,0.9964963636480376,0,0.00033,sector_c
2168.2125,0.9964053082005958,0,0.00033,sector_c
2168.21388889,0.9966170932921624,0,0.00033,sector_c
2168.21527778,0.9965452956866206,0,0.00033,sector_c
2168.21666667,0.9964786294976469,0,0.00033,sector_c
2168.21805556,0.9964300196673227,0,0.00033,sector_c
2168.21944444,0.9959480913043797,0,0.00033,sector_c
2168.22083333,0.9965727390718048,0,0.00033,sector_c
2168.22222222,0.9963179168416028,0,0.00033,sector_c
2168.22361111,0.9964798409051604,0,0.00033,sector_c
2168.225,0.9966830380305676,0,0.00033,sector_c
2168.22638889,0.9961916723715608,0,0.00033,sector_c
2168.22777778,0.9962176553305159,0,0.00033,sector_c
2168.22916667,0.9966753965132932,0,0.00033,sector_c
2168.23055556,0.9962554589082594,0,0.00033,sector_c
2168.23194444,0.9963293097777263,0,0.00033,sector_c
2168.23333333,0.9963523714615584,0,0.00033,sector_c
2168.23472222,0.9966602769778625,0,0.00033,sector_c
2168.23611111,0.9964141326008649,0,0.00033,sector_c
2168.2375,0.9965609442633202,0,0.00033,sector_c
2168.23888889,0.9968948980398189,0,0.00033,sector_c
2168.24027778,0.9966803837800141,0,0.00033,sector_c
2168.24166667,0.9966751024685092,0,0.00033,sector_c
2168.24305556,0.9965323803044931,0,0.00033,sector_c
2168.24444444,0.9964453218025241,0,0.00033,sector_c
2168.24583333,0.9961497624978001,0,0.00033,sector_c
2168.24722222,0.9965186428786104,0,0.00033,sector_c
2168.24861111,0.9968937283922937,0,0.00033,sector_c
2168.25,0.997116310356523,0,0.00033,sector_c
2168.25138889,0.9964487557313582,0,0.00033,sector_c
2168.25277778,0.9966239151890703,0,0.00033,sector_c
2168.25416667,0.9967708356705521,0,0.00033,sector_c
2168.25555556,0.9967246278094011,0,0.00033,sector_c
2168.25694444,0.9965375753823222,0,0.00033,sector_c
2168.25833333,0.9959977460545142,0,0.00033,sector_c
2168.25972222,0.9965403155021522,0,0.00033,sector_c
2168.26111111,0.9964901229168991,0,0.00033,sector_c
2168.2625,0.9965975505975713,0,0.00033,sector_c
2168.26388889,0.9966536905140436,0,0.00033,sector_c
2168.26527778,0.9965114319054694,0,0.00033,sector_c
2168.26666667,0.9967823221327209,0,0.00033,sector_c
2168.26805556,0.9965436924645047,0,0.00033,sector_c
2168.26944444,0.9963440665600081,0,0.00033,sector_c
2168.27083333,0.9968528959103182,0,0.00033,sector_c
2168.27222222,0.9967389095284933,0,0.00033,sector_c
2168.27361111,0.9968842272025864,0,0.00033,sector_c
2168.275,0.9970624085423004,0,0.00033,sector_c
2168.27638889,0.9963695406801073,0,0.00033,sector_c
2168.27777778,0.9967318962172298,0,0.00033,sector_c
2168.27916667,0.9964586792655764,0,0.00033,sector_c
2168.28055556,0.9968816765034989,0,0.00033,sector_c
2168.28194444,0.9964583662546499,0,0.00033,sector_c
2168.28333333,0.9961028960834549,0,0.00033,sector_c
2168.28472222,0.9972127533156272,0,0.00033,sector_c
2168.28611111,0.9965577852360773,0,0.00033,sector_c
2168.2875,0.9967186869500847,0,0.00033,sector_c
2168.28888889,0.9969908284636478,0,0.00033,sector_c
2168.29027778,0.9971447600684088,0,0.00033,sector_c
2168.29166667,0.9969463480387862,0,0.00033,sector_c
2168.29305556,0.9968083108594044,0,0.00033,sector_c
2168.29444444,0.9974665217884215,0,0.00033,sector_c
2168.29583333,0.9968543193899584,0,0.00033,sector_c
2168.29722222,0.9967014439963073,0,0.00033,sector_c
2168.29861111,0.997027109237776,0,0.00033,sector_c
2168.3,0.9967923178485485,0,0.00033,sector_c
2168.30138889,0.9970679101009264,0,0.00033,sector_c
2168.30277778,0.9967353238232973,0,0.00033,sector_c
2168.30416667,0.9971201188439186,0,0.00033,sector_c
2168.30555556,0.9965534677486725,0,0.00033,sector_c
2168.30694444,0.997071959011979,0,0.00033,sector_c
2168.30833333,0.997226808537066,0,0.00033,sector_c
2168.30972222,0.9970988016719893,0,0.00033,sector_c
2168.31111111,0.9970473120152982,0,0.00033,sector_c
2168.3125,0.9976989482810953,0,0.00033,sector_c
2168.31388889,0.9970937380784805,0,0.00033,sector_c
2168.31527778,0.9968744752114684,0,0.00033,sector_c
2168.31666667,0.9971124173345347,0,0.00033,sector_c
2168.31805556,0.9974853666545429,0,0.00033,sector_c
2168.31944444,0.9969897258188206,0,0.00033,sector_c
2168.32083333,0.9966618270000142,0,0.00033,sector_c
2168.32222222,0.9970552745389784,0,0.00033,sector_c
2168.32361111,0.9968046194091149,0,0.00033,sector_c
2168.325,0.9970879891701872,0,0.00033,sector_c
2168.32638889,0.9967283954098963,0,0.00033,sector_c
2168.32777778,0.9976053829514612,0,0.00033,sector_c
2168.32916667,0.9971795987634436,0,0.00033,sector_c
2168.33055556,0.9973819735494369,0,0.00033,sector_c
2168.33194444,0.9972223850422877,0,0.00033,sector_c
2168.33333333,0.997448598685855,0,0.00033,sector_c
2168.33472222,0.9971605959361085,0,0.00033,sector_c
2168.33611111,0.9971262527182165,0,0.00033,sector_c
2168.3375,0.9970018782098057,0,0.00033,sector_c
2168.33888889,0.9970988840477641,0,0.00033,sector_c
2168.34027778,0.997515743216739,0,0.00033,sector_c
2168.34166667,0.9975694772771618,0,0.00033,sector_c
2168.34305556,0.9971523520477628,0,0.00033,sector_c
2168.34444444,0.9968773104482496,0,0.00033,sector_c
2168.34583333,0.9975723599582562,0,0.00033,sector_c
2168.34722222,0.9970827590407408,0,0.00033,sector_c
2168.34861111,0.9971442733986657,0,0.00033,sector_c
2168.35,0.9972791143235081,0,0.00033,sector_c
2168.35138889,0.9976382328943744,0,0.00033,sector_c
2168.35277778,0.9974814396917826,0,0.00033,sector_c
2168.35416667,0.9973131554635066,0,0.00033,sector_c
2168.35555556,0.9969860461871737,0,0.00033,sector_c
2168.35694444,0.9974213619363537,0,0.00033,sector_c
2168.35833333,0.9977467521610882,0,0.00033,sector_c
2168.35972222,0.997481925600524,0,0.00033,sector_c
2168.36111111,0.9976418955679831,0,0.00033,sector_c
2168.3625,0.9974880224721804,0,0.00033,sector_c
2168.36388889,0.9964897703169928,0,0.00033,sector_c
2168.36527778,0.9966128381125956,0,0.00033,sector_c
2168.36666667,0.9965808543844203,0,0.00033,sector_c
2168.36805556,0.9972661081895882,0,0.00033,sector_c
2168.36944444,0.9966664555065967,0,0.00033,sector_c
2168.37083333,0.9965984661090089,0,0.00033,sector_c
2168.37222222,0.9966323699559007,0,0.00033,sector_c
2168.37361111,0.9967121405734151,0,0.00033,sector_c
2168.375,0.9967311194605227,0,0.00033,sector_c
2168.37638889,0.9968999322153923,0,0.00033,sector_c
2168.37777778,0.9969032624728108,0,0.00033,sector_c
2168.37916667,0.9967608285662655,0,0.00033,sector_c
2168.38055556,0.9961436082808874,0,0.00033,sector_c
2168.38194444,0.9969407076673072,0,0.00033,sector_c
2168.38333333,0.9968003233053354,0,0.00033,sector_c
2168.38472222,0.9971319199499974,0,0.00033,sector_c
2168.38611111,0.9960853105363897,0,0.00033,sector_c
2168.3875,0.9969761096547701,0,0.00033,sector_c
2168.38888889,0.9961322279611213,0,0.00033,sector_c
2168.39027778,0.9967926950717796,0,0.00033,sector_c
2168.39166667,0.9966978763290734,0,0.00033,sector_c
2168.39305556,0.9970448469846352,0,0.00033,sector_c
2168.39444444,0.9962328772211743,0,0.00033,sector_c
2168.39583333,0.9970293738738913,0,0.00033,sector_c
2168.39722222,0.9963699613903966,0,0.00033,sector_c
2168.39861111,0.9967105696257826,0,0.00033,sector_c
2168.4,0.9966707010867283,0,0.00033,sector_c
2168.40138889,0.9970188885770142,0,0.00033,sector_c
2168.40277778,0.9967490895275447,0,0.00033,sector_c
2168.40416667,0.996915854329891,0,0.00033,sector_c
2168.40555556,0.9966928312400488,0,0.00033,sector_c
2168.40694444,0.996769328523652,0,0.00033,sector_c
2168.40833333,0.9966945285036445,0,0.00033,sector_c
2168.40972222,0.9970406542087767,0,0.00033,sector_c
2168.41111111,0.9967580464892666,0,0.00033,sector_c
2168.4125,0.9966718985537257,0,0.00033,sector_c
2168.41388889,0.9971496119467685,0,0.00033,sector_c
2168.41527778,0.997090713197324,0,0.00033,sector_c
2168.41666667,0.9974301014919129,0,0.00033,sector_c
2168.41805556,0.9969768255676563,0,0.00033,sector_c
2168.41944444,0.997228096910181,0,0.00033,sector_c
2168.42083333,0.9968476890504491,0,0.00033,sector_c
2168.42222222,0.997310460908264,0,0.00033,sector_c
2168.42361111,0.997459151295222,0,0.00033,sector_c
2168.425,0.9974626159835652,0,0.00033,sector_c
2168.42638889,0.996575221227746,0,0.00033,sector_c
2168.42777778,0.9967484875855257,0,0.00033,sector_c
2168.42916667,0.9965378723822146,0,0.00033,sector_c
2168.43055556,0.9973960876852931,0,0.00033,sector_c
2168.43194444,0.9974604337803542,0,0.00033,sector_c
2168.43333333,0.9970233271363975,0,0.00033,sector_c
2168.43472222,0.9968906577744177,0,0.00033,sector_c
2168.43611111,0.9969714014891483,0,0.00033,sector_c
2168.4375,0.9969009943529104,0,0.00033,sector_c
2168.43888889,0.9970004231971048,0,0.00033,sector_c
2168.44027778,0.9969604576633183,0,0.00033,sector_c
2168.44166667,0.9974016067285678,0,0.00033,sector_c
2168.44305556,0.9977767180611617,0,0.00033,sector_c
2168.44444444,0.9971790840076437,0,0.00033,sector_c
2168.44583333,0.9974589213267891,0,0.00033,sector_c
2168.44722222,0.9976767291298158,0,0.00033,sector_c
2168.44861111,0.9976531710710085,0,0.00033,sector_c
2168.45,0.9972092887134454,0,0.00033,sector_c
2168.45138889,0.9974262680801744,0,0.00033,sector_c
2168.45277778,0.9976652486326679,0,0.00033,sector_c
2168.45416667,0.9976212367331376,0,0.00033,sector_c
2168.45555556,0.997710599774249,0,0.00033,sector_c
2168.45694444,0.9971445220001829,0,0.00033,sector_c
2168.45833333,0.9973441170023527,0,0.00033,sector_c
2168.45972222,0.9976005832942464,0,0.00033,sector_c
2168.46111111,0.9973106597379428,0,0.00033,sector_c
2168.4625,0.9979524199418407,0,0.00033,sector_c
2168.46388889,0.9980883603746387,0,0.00033,sector_c
2168.46527778,0.9971639607334998,0,0.00033,sector_c
2168.46666667,0.9972392225561514,0,0.00033,sector_c
2168.46805556,0.9974016617609387,0,0.00033,sector_c
2168.46944444,0.9975258294302682,0,0.00033,sector_c
2168.47083333,0.9977631221042608,0,0.00033,sector_c
2168.47222222,0.9979850446428664,0,0.00033,sector_c
2168.47361111,0.9972623675088985,0,0.00033,sector_c
2168.475,0.997459836050585,0,0.00033,sector_c
2168.47638889,0.9977231282297594,0,0.00033,sector_c
2168.47777778,0.9973513510783794,0,0.00033,sector_c
2168.47916667,0.9976674309865785,0,0.00033,sector_c
2168.48055556,0.9971371293582214,0,0.00033,sector_c
2168.48194444,0.9976409215081187,0,0.00033,sector_c
2168.48333333,0.9975182298137325,0,0.00033,sector_c
2168.48472222,0.9976901418381949,0,0.00033,sector_c
2168.48611111,0.9972694785576571,0,0.00033,sector_c
2168.4875,0.998285328651191,0,0.00033,sector_c
2168.48888889,0.998362671071881,0,0.00033,sector_c
2168.49027778,0.9981421769925904,0,0.00033,sector_c
2168.49166667,0.9980065340934222,0,0.00033,sector_c
2168.49305556,0.998231622114837,0,0.00033,sector_c
2168.49444444,0.99871662453029,0,0.00033,sector_c
2168.49583333,0.9985092240996045,0,0.00033,sector_c
2168.49722222,0.9986539848101285,0,0.00033,sector_c
2168.49861111,0.9985769971129547,0,0.00033,sector_c
2168.5,0.9990951095670525,0,0.00033,sector_c
2168.50138889,0.9984950180690233,0,0.00033,sector_c
2168.50277778,0.9985958429614764,0,0.00033,sector_c
2168.50416667,0.9988773348529104,0,0.00033,sector_c
2168.50555556,0.9986853005954232,0,0.00033,sector_c
2168.50694444,0.998746120701387,0,0.00033,sector_c
2168.50833333,0.9988254432289081,0,0.00033,sector_c
2168.50972222,0.9984233259973709,0,0.00033,sector_c
2168.51111111,0.9983712053649155,0,0.00033,sector_c
2168.5125,0.9985386500625081,0,0.00033,sector_c
2168.51388889,0.9989867755057518,0,0.00033,sector_c
2168.51527778,0.9994545981935828,0,0.00033,sector_c
2168.51666667,0.9984520513404964,0,0.00033,sector_c
2168.51805556,0.9988693668898763,0,0.00033,sector_c
2168.51944444,0.9981903773327602,0,0.00033,sector_c
2168.52083333,0.9987451498582695,0,0.00033,sector_c
2168.52222222,0.9988949133714647,0,0.00033,sector_c
2168.52361111,0.9988414174106857,0,0.00033,sector_c
2168.525,0.9984633426683082,0,0.00033,sector_c
2168.52638889,0.9987301801332438,0,0.00033,sector_c
2168.52777778,0.9993026676886079,0,0.00033,sector_c
2168.52916667,0.9988998946519768,0,0.00033,sector_c
2168.53055556,0.9986847268499863,0,0.00033,sector_c
2168.53194444,0.9989348091988911,0,0.00033,sector_c
2168.53333333,0.9986693434864352,0,0.00033,sector_c
2168.53472222,0.9987823477013885,0,0.00033,sector_c
2168.53611111,0.9988351008386905,0,0.00033,sector_c
2168.5375,0.998915612480073,0,0.00033,sector_c
2168.53888889,0.9988440291904815,0,0.00033,sector_c
2168.54027778,0.9991091181462588,0,0.00033,sector_c
2168.54166667,0.9985727127011524,0,0.00033,sector_c
2168.54305556,0.9986559794073696,0,0.00033,sector_c
2168.54444444,0.9992454558773259,0,0.00033,sector_c
2168.54583333,0.9988746507287882,0,0.00033,sector_c
2168.54722222,0.998967552521171,0,0.00033,sector_c
2168.54861111,0.9988879781549733,0,0.00033,sector_c
2168.55,0.9988987208287241,0,0.00033,sector_c
2168.55138889,0.9987330582195791,0,0.00033,sector_c
2168.55277778,0.9990833001846448,0,0.00033,sector_c
2168.55416667,0.9990588182123533,0,0.00033,sector_c
2168.55555556,0.9988234455023486,0,0.00033,sector_c
2168.55694444,0.9991101865573022,0,0.00033,sector_c
2168.55833333,0.9994112712319999,0,0.00033,sector_c
2168.55972222,0.9985814586345276,0,0.00033,sector_c
2168.56111111,0.9993993488243492,0,0.00033,sector_c
2168.5625,0.9989737221350714,0,0.00033,sector_c
2168.56388889,0.9990447805530814,0,0.00033,sector_c
2168.56527778,0.9992450849635331,0,0.00033,sector_c
2168.56666667,0.9994008210914017,0,0.00033,sector_c
2168.56805556,0.9992378711328113,0,0.00033,sector_c
2168.56944444,0.9993601740047191,0,0.00033,sector_c
2168.57083333,0.9988470703666075,0,0.00033,sector_c
2168.57222222,0.9988693336860318,0,0.00033,sector_c
2168.57361111,0.998947393689756,0,0.00033,sector_c
2168.575,0.9991513309089878,0,0.00033,sector_c
2168.57638889,0.9989803078640167,0,0.00033,sector_c
2168.57777778,0.9989661571987005,0,0.00033,sector_c
2168.57916667,0.9994918678461687,0,0.00033,sector_c
2168.58055556,0.9992509206340218,0,0.00033,sector_c
2168.58194444,0.9989426452283539,0,0.00033,sector_c
2168.58333333,0.9996758732776714,0,0.00033,sector_c
2168.58472222,0.9996862805687086,0,0.00033,sector_c
2168.58611111,0.9996758732040315,0,0.00033,sector_c
2168.5875,0.9987140539310767,0,0.00033,sector_c
2168.58888889,0.9990182692561489,0,0.00033,sector_c
2168.59027778,0.9990697529061561,0,0.00033,sector_c
2168.59166667,0.9994430303560774,0,0.00033,sector_c
2168.59305556,0.9995645327592483,0,0.00033,sector_c
2168.59444444,0.9995615130268156,0,0.00033,sector_c
2168.59583333,0.999247318639985,0,0.00033,sector_c
2168.59722222,0.999746505704367,0,0.00033,sector_c
2168.59861111,1.000042139369627,0,0.00033,sector_c
2168.6,0.9995024588865413,0,0.00033,sector_c
2168.60138889,0.9997985006765879,0,0.00033,sector_c
2168.60277778,0.9995296511478848,0,0.00033,sector_c
2168.60416667,0.9987871375160903,0,0.00033,sector_c
2168.60555556,0.9993415384423613,0,0.00033,sector_c
2168.60694444,0.9994320192063072,0,0.00033,sector_c
2168.60833333,0.9997040318333277,0,0.00033,sector_c
2168.60972222,0.9997925956129171,0,0.00033,sector_c
2168.61111111,0.9994051592056177,0,0.00033,sector_c
2168.6125,0.9992930989962238,0,0.00033,sector_c
2168.61388889,0.9993388884708451,0,0.00033,sector_c
2168.61527778,0.9995624759829372,0,0.00033,sector_c
2168.61666667,0.999530787340518,0,0.00033,sector_c
2168.61805556,0.9996543088353997,0,0.00033,sector_c
2168.61944444,0.9999231298896275,0,0.00033,sector_c
2168.62083333,0.9993402616135256,0,0.00033,sector_c
2168.62222222,1.000200118972408,0,0.00033,sector_c
2168.62361111,0.9995736665541332,0,0.00033,sector_c
2168.625,1.0000508677262756,0,0.00033,sector_c
2168.62638889,0.9997140781003392,0,0.00033,sector_c
2168.62777778,0.9998822870986179,0,0.00033,sector_c
2168.62916667,0.999528435172536,0,0.00033,sector_c
2168.63055556,0.9999899019008891,0,0.00033,sector_c
2168.63194444,0.99974022162826,0,0.00033,sector_c
2168.63333333,0.9993664645070337,0,0.00033,sector_c
2168.63472222,0.9996938546477349,0,0.00033,sector_c
2168.63611111,0.9995417678735168,0,0.00033,sector_c
2168.6375,0.9999770381629209,0,0.00033,sector_c
2168.63888889,0.9996551815953166,0,0.00033,sector_c
2168.64027778,1.0000600573851113,0,0.00033,sector_c
2168.64166667,1.0000449963220448,0,0.00033,sector_c
2168.64305556,1.0000167773586706,0,0.00033,sector_c
2168.64444444,0.9997080151282522,0,0.00033,sector_c
2168.64583333,1.000191200068559,0,0.00033,sector_c
2168.64722222,0.999859783433968,0,0.00033,sector_c
2168.64861111,0.9998524688952228,0,0.00033,sector_c
2168.65,1.0002086127188017,0,0.00033,sector_c
2168.65138889,0.9997971324403825,0,0.00033,sector_c
2168.65277778,1.0002810997927365,0,0.00033,sector_c
2168.65416667,1.0001851168087637,0,0.00033,sector_c
2168.65555556,1.000142608965475,0,0.00033,sector_c
2168.65694444,0.9999524805736559,0,0.00033,sector_c
2168.65833333,0.9998297937084383,0,0.00033,sector_c
2168.65972222,1.000122606658069,0,0.00033,sector_c
2168.66111111,0.9996902099902839,0,0.00033,sector_c
2168.6625,1.0001067020266052,0,0.00033,sector_c
2168.66388889,0.9997825147106406,4096,0.00033,sector_c
2168.66527778,1.000380390041948,0,0.00033,sector_c
2168.66666667,1.0000930065022737,0,0.00033,sector_c
2168.66805556,1.0003614177095732,0,0.00033,sector_c
2168.66944444,0.9998034012387962,0,0.00033,sector_c
2168.67083333,1.0000972971106938,0,0.00033,sector_c
2168.67222222,0.9999304893599995,0,0.00033,sector_c
2168.67361111,1.0000738804581397,0,0.00033,sector_c
2168.675,0.9998095388265977,0,0.00033,sector_c
2168.67638889,1.0004119806866896,0,0.00033,sector_c
2168.67777778,0.999927580191601,0,0.00033,sector_c
2168.67916667,1.0003012752726135,0,0.00033,sector_c
2168.68055556,1.000338693322218,0,0.00033,sector_c
2168.68194444,1.0005846338262128,0,0.00033,sector_c
2168.68333333,1.000383475079241,0,0.00033,sector_c
2168.68472222,0.9997548081302818,0,0.00033,sector_c
2168.68611111,1.0000143684976757,0,0.00033,sector_c
2168.6875,0.999902447090566,0,0.00033,sector_c
2168.68888889,0.9999005085628717,0,0.00033,sector_c
2168.69027778,0.9999745279267944,0,0.00033,sector_c
2168.69166667,1.0004853707325032,0,0.00033,sector_c
2168.69305556,1.0004812547386899,0,0.00033,sector_c
2168.69444444,1.0003931288961299,0,0.00033,sector_c
2168.69583333,1.0000150996179553,0,0.00033,sector_c
2168.69722222,1.0001852122738926,0,0.00033,sector_c
2168.69861111,1.0005165067344723,0,0.00033,sector_c
2168.7,1.0004339701079623,0,0.00033,sector_c
2168.70138889,1.000047145351506,0,0.00033,sector_c
2168.70277778,1.0004189482759966,0,0.00033,sector_c
2168.70416667,1.00041290253819,0,0.00033,sector_c
2168.70555556,1.000842514886724,0,0.00033,sector_c
2168.70694444,1.000339739258496,0,0.00033,sector_c
2168.70833333,0.9996900818859985,0,0.00033,sector_c
2168.70972222,1.000541745645409,0,0.00033,sector_c
2168.71111111,1.0007713773650038,0,0.00033,sector_c
2168.7125,1.0000215374308634,0,0.00033,sector_c
2168.71388889,1.0007371433271781,0,0.00033,sector_c
2168.71527778,1.000824902516056,0,0.00033,sector_c
2168.71666667,1.0005688196247013,0,0.00033,sector_c
2168.71805556,1.000369553291602,0,0.00033,sector_c
2168.71944444,1.0005515252973431,0,0.00033,sector_c
2168.72083333,1.000463873064917,0,0.00033,sector_c
2168.72222222,1.0006423475351505,0,0.00033,sector_c
2168.72361111,1.0009229353772342,0,0.00033,sector_c
2168.725,1.0006495734128913,0,0.00033,sector_c
2168.72638889,1.0004655495540211,0,0.00033,sector_c
2168.72777778,1.0008178249512913,0,0.00033,sector_c
2168.72916667,1.0005425367285292,0,0.00033,sector_c
2168.73055556,1.0001998847871014,0,0.00033,sector_c
2168.73194444,1.0007305668754045,0,0.00033,sector_c
2168.73333333,1.0011966562450207,0,0.00033,sector_c
2168.73472222,1.0005662781116738,0,0.00033,sector_c
2168.73611111,1.0007492863281628,0,0.00033,sector_c
2168.7375,1.0003037349527568,0,0.00033,sector_c
2168.73888889,1.000681521660751,0,0.00033,sector_c
2168.74027778,1.0006328385458068,0,0.00033,sector_c
2168.74166667,1.000801972316635,0,0.00033,sector_c
2168.74305556,1.0007565397231561,0,0.00033,sector_c
2168.74444444,1.0007128544873944,0,0.00033,sector_c
2168.74583333,1.0010032986358537,0,0.00033,sector_c
2168.74722222,1.0006065351629378,0,0.00033,sector_c
2168.74861111,1.0005065760511203,0,0.00033,sector_c
2168.75,1.0011215736894998,0,0.00033,sector_c
2168.75138889,1.0009912131529126,0,0.00033,sector_c
2168.75277778,1.000577569124228,0,0.00033,sector_c
2168.75416667,1.0005089174193726,0,0.00033,sector_c
2168.75555556,1.0005399571530076,0,0.00033,sector_c
2168.75694444,1.0015047564450101,0,0.00033,sector_c
2168.75833333,1.001088786493458,0,0.00033,sector_c
2168.75972222,1.000976347532264,0,0.00033,sector_c
2168.76111111,1.0011137383143531,0,0.00033,sector_c
2168.7625,1.0010869603701429,0,0.00033,sector_c
2168.76388889,1.0016219080249564,0,0.00033,sector_c
2168.76527778,1.0011213868400668,0,0.00033,sector_c
2168.76666667,1.0011060620423067,0,0.00033,sector_c
2168.76805556,1.0008997370359691,0,0.00033,sector_c
2168.76944444,1.0012493459665113,0,0.00033,sector_c
2168.77083333,1.0011087231998532,0,0.00033,sector_c
2168.77222222,1.001068393013619,0,0.00033,sector_c
2168.77361111,1.0002672555145835,0,0.00033,sector_c
2168.775,1.0009809311569813,0,0.00033,sector_c
2168.77638889,1.000796753655109,0,0.00033,sector_c
2168.77777778,1.0012601967794215,0,0.00033,sector_c
2168.77916667,1.0005081306200339,0,0.00033,sector_c
2168.78055556,1.0009117637193863,0,0.00033,sector_c
2168.78194444,1.0007810353083435,0,0.00033,sector_c
2168.78333333,1.001112526548209,0,0.00033,sector_c
2168.78472222,1.0011679323639553,0,0.00033,sector_c
2168.78611111,1.0012507839315987,0,0.00033,sector_c
2168.7875,1.0009805639702183,0,0.00033,sector_c
2168.78888889,1.001063692880679,0,0.00033,sector_c
2168.79027778,1.0008181388286725,0,0.00033,sector_c
2168.79166667,1.0012318382326797,0,0.00033,sector_c
2168.79305556,1.0010077565258741,0,0.00033,sector_c
2168.79444444,1.0015386035650664,0,0.00033,sector_c
2168.79583333,1.0018136991467748,0,0.00033,sector_c
2168.79722222,1.0007920651968896,0,0.00033,sector_c
2168.79861111,1.0012192949853214,0,0.00033,sector_c
2168.8,1.0009015392674323,0,0.00033,sector_c
2168.80138889,1.0009302667084967,0,0.00033,sector_c
2168.80277778,1.0013229428738852,0,0.00033,sector_c
2168.80416667,1.0014219393610047,0,0.00033,sector_c
2168.80555556,1.001219417383172,0,0.00033,sector_c
2168.80694444,1.001550103226086,0,0.00033,sector_c
2168.80833333,1.0013368006594188,0,0.00033,sector_c
2168.80972222,1.0011800502763084,0,0.00033,sector_c
2168.81111111,1.0018297449465576,0,0.00033,sector_c
2168.8125,1.0015232814040318,0,0.00033,sector_c
2168.81388889,1.0013846194717153,0,0.00033,sector_c
2168.81527778,1.0016096830982457,0,0.00033,sector_c
2168.81666667,1.0016471193700989,0,0.00033,sector_c
2168.81805556,1.0013692531893874,0,0.00033,sector_c
2168.81944444,1.0017257653117604,0,0.00033,sector_c
2168.82083333,1.0009907650995367,0,0.00033,sector_c
2168.82222222,1.0011042313132472,0,0.00033,sector_c
2168.82361111,1.0015064235335613,0,0.00033,sector_c
2168.825,1.0011063590689067,0,0.00033,sector_c
2168.82638889,1.0019225464461288,0,0.00033,sector_c
2168.82777778,1.0014822540608876,0,0.00033,sector_c
2168.82916667,1.001785410539349,0,0.00033,sector_c
2168.83055556,1.0015454756780355,0,0.00033,sector_c
2168.83194444,1.0014021481584072,0,0.00033,sector_c
2168.83333333,1.001481971055116,0,0.00033,sector_c
2168.83472222,1.0018032356354585,0,0.00033,sector_c
2168.83611111,1.0014894369181795,0,0.00033,sector_c
2168.8375,1.0010249009500949,0,0.00033,sector_c
2168.83888889,1.0019869834876116,0,0.00033,sector_c
2168.84027778,1.0015056132901299,0,0.00033,sector_c
2168.84166667,1.0015401652857794,0,0.00033,sector_c
2168.84305556,1.0015728144586886,0,0.00033,sector_c
2168.84444444,1.001365182453396,0,0.00033,sector_c
2168.84583333,1.0009101118346708,0,0.00033,sector_c
2168.84722222,1.0015029228733938,0,0.00033,sector_c
2168.84861111,1.0014874140753274,0,0.00033,sector_c
2168.85,1.0017337705615563,0,0.00033,sector_c
2168.85138889,1.0017379596754346,0,0.00033,sector_c
2168.85277778,1.0015853945069664,0,0.00033,sector_c
2168.85416667,1.0014996983283015,0,0.00033,sector_c
2168.85555556,1.002199786489495,0,0.00033,sector_c
2168.85694444,1.0018658861743894,0,0.00033,sector_c
2168.85833333,1.0017491671900305,0,0.00033,sector_c
2168.85972222,1.001369932783941,0,0.00033,sector_c
2168.86111111,1.0016104038031033,0,0.00033,sector_c
2168.8625,1.0017965259006616,0,0.00033,sector_c
2168.86388889,1.0014938331394665,0,0.00033,sector_c
2168.86527778,1.0015922891513227,0,0.00033,sector_c
2168.86666667,1.0015362311352989,0,0.00033,sector_c
2168.86805556,1.0017639546364436,0,0.00033,sector_c
2168.86944444,1.001936557793753,0,0.00033,sector_c
2168.87083333,1.0018089534923784,0,0.00033,sector_c
2168.87222222,1.0017917418515,0,0.00033,sector_c
2168.87361111,1.001983858203673,0,0.00033,sector_c
2168.875,1.0021267790568231,0,0.00033,sector_c
2168.87638889,1.0010950627389439,0,0.00033,sector_c
2168.87777778,1.0016293359938697,0,0.00033,sector_c
2168.87916667,1.001844490913722,0,0.00033,sector_c
2168.88055556,1.002029271135831,0,0.00033,sector_c
2168.88194444,1.001318816545491,0,0.00033,sector_c
2168.88333333,1.0018421406262743,0,0.00033,sector_c
2168.88472222,1.0023237440181154,0,0.00033,sector_c
2168.88611111,1.0019748647519529,0,0.00033,sector_c
2168.8875,1.002036322960404,0,0.00033,sector_c
2168.88888889,1.0022684040708814,0,0.00033,sector_c
2168.89027778,1.0022080241660272,0,0.00033,sector_c
2168.89166667,1.001834046284408,0,0.00033,sector_c
2168.89305556,1.002099752044385,0,0.00033,sector_c
2168.89444444,1.0018485631458534,0,0.00033,sector_c
2168.89583333,1.0022114906457558,0,0.00033,sector_c
2168.89722222,1.0022827379287857,0,0.00033,sector_c
2168.89861111,1.0023721036681377,0,0.00033,sector_c
2168.9,1.0022184113291408,0,0.00033,sector_c
2168.90138889,1.0013933249456255,0,0.00033,sector_c
2168.90277778,1.0021065752530762,0,0.00033,sector_c
2168.90416667,1.0019118288361677,0,0.00033,sector_c
2168.90555556,1.0023634044742866,0,0.00033,sector_c
2168.90694444,1.0024827680194235,0,0.00033,sector_c
2168.90833333,1.0022681445699542,0,0.00033,sector_c
2168.90972222,1.002056401236106,0,0.00033,sector_c
2168.91111111,1.0023361445168621,0,0.00033,sector_c
2168.9125,1.0024503654570034,0,0.00033,sector_c
2168.91388889,1.0025556763224648,0,0.00033,sector_c
2168.91527778,1.0025356439083166,0,0.00033,sector_c
2168.91666667,1.0021900572685096,0,0.00033,sector_c
2168.91805556,1.002323722100617,0,0.00033,sector_c
2168.91944444,1.002291081341538,0,0.00033,sector_c
2168.92083333,1.0026316893634746,0,0.00033,sector_c
2168.92222222,1.0018911729940423,0,0.00033,sector_c
2168.92361111,1.0018844244704355,0,0.00033,sector_c
2168.925,1.0026358119265852,0,0.00033,sector_c
2168.92638889,1.002647126058993,0,0.00033,sector_c
2168.92777778,1.0025442032911134,0,0.00033,sector_c
2168.92916667,1.0023273718378973,0,0.00033,sector_c
2168.93055556,1.0026480445927242,0,0.00033,sector_c
2168.93194444,1.0023691321564745,0,0.00033,sector_c
2168.93333333,1.002219710250523,0,0.00033,sector_c
2168.93472222,1.0025938437678064,0,0.00033,sector_c
2168.93611111,1.0021084801961069,0,0.00033,sector_c
2168.9375,1.0025287887311303,0,0.00033,sector_c
2168.93888889,1.002377240735703,0,0.00033,sector_c
2168.94027778,1.0024878460343989,0,0.00033,sector_c
2168.94166667,1.0029735918411773,0,0.00033,sector_c
2168.94305556,1.0020954587399693,0,0.00033,sector_c
2168.94444444,1.0025851843838323,0,0.00033,sector_c
2168.94583333,1.0028408152752837,0,0.00033,sector_c
2168.94722222,1.0027643592356315,0,0.00033,sector_c
2168.94861111,1.0026434702847808,0,0.00033,sector_c
2168.95,1.0022927728860285,0,0.00033,sector_c
2168.95138889,1.0029345591046213,0,0.00033,sector_c
2168.95277778,1.0024501647921038,0,0.00033,sector_c
2168.95416667,1.0031280208281845,0,0.00033,sector_c
2168.95555556,1.0025871914529305,0,0.00033,sector_c
2168.95694444,1.0028838156242526,0,0.00033,sector_c
2168.95833333,1.0028644682608823,0,0.00033,sector_c
2168.95972222,1.0024858463523854,0,0.00033,sector_c
2168.96111111,1.002616737783139,0,0.00033,sector_c
2168.9625,1.002969741276877,0,0.00033,sector_c
2168.96388889,1.0025449854943007,0,0.00033,sector_c
2168.96527778,1.0029028601961991,0,0.00033,sector_c
2168.96666667,1.0026137127016554,0,0.00033,sector_c
2168.96805556,1.0028754670549682,0,0.00033,sector_c
2168.96944444,1.0027562294420078,0,0.00033,sector_c
2168.97083333,1.0027902309124204,0,0.00033,sector_c
2168.97222222,1.0030972106608793,0,0.00033,sector_c
2168.97361111,1.002500491419087,0,0.00033,sector_c
2168.975,1.0024865352041592,0,0.00033,sector_c
2168.97638889,1.0022469053295973,0,0.00033,sector_c
2168.97777778,1.0036280177391266,0,0.00033,sector_c
2168.97916667,1.00266881443541,0,0.00033,sector_c
2168.98055556,1.0031184895164713,0,0.00033,sector_c
2168.98194444,1.002720999646106,0,0.00033,sector_c
2168.98333333,1.002686852154235,0,0.00033,sector_c
2168.98472222,1.002611919729179,0,0.00033,sector_c
2168.98611111,1.0034282968843826,0,0.00033,sector_c
2168.9875,1.002633814531745,0,0.00033,sector_c
2168.98888889,1.0025892545357113,0,0.00033,sector_c
2168.99027778,1.0029947976378921,0,0.00033,sector_c
2168.99166667,1.0030600407463386,0,0.00033,sector_c
2168.99305556,1.0030081963649025,0,0.00033,sector_c
2168.99444444,1.0026329690952047,0,0.00033,sector_c
2168.99583333,1.0029523278927908,0,0.00033,sector_c
2168.99722222,1.0031752172677404,0,0.00033,sector_c
2168.99861111,1.002750566343796,0,0.00033,sector_c
2169.0,1.0034100862920678,0,0.00033,sector_c
2169.00138889,1.0028292021598137,0,0.00033,sector_c
2169.00277778,1.0031168821545533,0,0.00033,sector_c
2169.00416667,1.0030525494120346,0,0.00033,sector_c
2169.00555556,1.0029197647415324,0,0.00033,sector_c
2169.00694444,1.0033104349473607,0,0.00033,sector_c
2169.00833333,1.002638890508982,0,0.00033,sector_c
2169.00972222,1.0030229706974803,0,0.00033,sector_c
2169.01111111,1.002716542922049,0,0.00033,sector_c
2169.0125,1.00318758363099,0,0.00033,sector_c
2169.01388889,1.002566403057001,0,0.00033,sector_c
2169.01527778,1.0032721726888871,0,0.00033,sector_c
2169.01666667,1.0029245760056549,0,0.00033,sector_c
2169.01805556,1.003368081821589,0,0.00033,sector_c
2169.01944444,1.0030128858362415,0,0.00033,sector_c
2169.02083333,1.003577497294657,0,0.00033,sector_c
2169.02222222,1.0030823383903804,0,0.00033,sector_c
2169.02361111,1.003060778849211,0,0.00033,sector_c
2169.025,1.00300275466584,0,0.00033,sector_c
2169.02638889,1.0030592398681557,0,0.00033,sector_c
2169.02777778,1.0027818568251599,0,0.00033,sector_c
2169.02916667,1.0032427809825337,0,0.00033,sector_c
2169.03055556,1.0027203563347995,0,0.00033,sector_c
2169.03194444,1.0031886101959329,0,0.00033,sector_c
2169.03333333,1.0030855224791735,0,0.00033,sector_c
2169.03472222,1.0031391276285833,0,0.00033,sector_c
2169.03611111,1.0030153378250422,0,0.00033,sector_c
2169.0375,1.00317536701499,0,0.00033,sector_c
2169.03888889,1.0032359816557088,0,0.00033,sector_c
2169.04027778,1.0033325559880955,0,0.00033,sector_c
2169.04166667,1.003699670407063,0,0.00033,sector_c
2169.04305556,1.0032128686949873,0,0.00033,sector_c
2169.04444444,1.003524090093254,0,0.00033,sector_c
2169.04583333,1.0035739874345946,0,0.00033,sector_c
2169.04722222,1.0035676760012235,0,0.00033,sector_c
2169.04861111,1.00329657887117,0,0.00033,sector_c
2169.05,1.0039254000535347,0,0.00033,sector_c
2169.05138889,1.0029719540743165,0,0.00033,sector_c
2169.05277778,1.0032253583468322,0,0.00033,sector_c
2169.05416667,1.0034859028335492,0,0.00033,sector_c
2169.05555556,1.0032236313420149,0,0.00033,sector_c
2169.05694444,1.0034614675934965,0,0.00033,sector_c
2169.05833333,1.0036118465485044,0,0.00033,sector_c
2169.05972222,1.0034285626617063,0,0.00033,sector_c
2169.06111111,1.0033665563643268,0,0.00033,sector_c
2169.0625,1.0036004249605426,0,0.00033,sector_c
2169.06388889,1.0033765927776657,0,0.00033,sector_c
2169.06527778,1.0033291540287281,0,0.00033,sector_c
2169.06666667,1.003014101255004,0,0.00033,sector_c
2169.06805556,1.0036879880839207,0,0.00033,sector_c
2169.06944444,1.0039935099687671,0,0.00033,sector_c
2169.07083333,1.0032498987033165,0,0.00033,sector_c
2169.07222222,1.0033676484884853,0,0.00033,sector_c
2169.07361111,1.0039158468615612,0,0.00033,sector_c
2169.075,1.0032167534942629,0,0.00033,sector_c
2169.07638889,1.00329752398618,0,0.00033,sector_c
2169.07777778,1.0037216221645575,0,0.00033,sector_c
2169.07916667,1.003604741355203,0,0.00033,sector_c
2169.08055556,1.0037846848907703,0,0.00033,sector_c
2169.08194444,1.0032200680371235,0,0.00033,sector_c
2169.08333333,1.003840085134318,0,0.00033,sector_c
2169.08472222,1.0034506018769445,0,0.00033,sector_c
2169.08611111,1.0039679403215502,0,0.00033,sector_c
2169.0875,1.0038886795587698,0,0.00033,sector_c
2169.08888889,1.003526134596237,0,0.00033,sector_c
2169.09027778,1.003993565894448,0,0.00033,sector_c
2169.09166667,1.003635020250875,0,0.00033,sector_c
2169.09305556,1.003425471308351,0,0.00033,sector_c
2169.09444444,1.003598264039841,0,0.00033,sector_c
2169.09583333,1.0033466656854264,0,0.00033,sector_c
2169.09722222,1.0036732860807451,0,0.00033,sector_c
2169.09861111,1.0034785100832915,0,0.00033,sector_c
2169.1,1.0040851771382835,0,0.00033,sector_c
2169.10138889,1.0034814124821307,0,0.00033,sector_c
2169.10277778,1.0041292724155149,0,0.00033,sector_c
2169.10416667,1.0040014810403213,0,0.00033,sector_c
2169.10555556,1.003346707728152,0,0.00033,sector_c
2169.10694444,1.0037774897857574,0,0.00033,sector_c
2169.10833333,1.003752502145923,0,0.00033,sector_c
2169.10972222,1.0036680318479774,0,0.00033,sector_c
2169.11111111,1.0037943205543662,0,0.00033,sector_c
2169.1125,1.0044219604204412,0,0.00033,sector_c
2169.11388889,1.0038237557082155,0,0.00033,sector_c
2169.11527778,1.0035447118999232,0,0.00033,sector_c
2169.11666667,1.0036357707217003,0,0.00033,sector_c
2169.11805556,1.0037567993931575,0,0.00033,sector_c
2169.11944444,1.0045422963267066,0,0.00033,sector_c
2169.12083333,1.0037825701202323,0,0.00033,sector_c
2169.12222222,1.0043360150900942,0,0.00033,sector_c
2169.12361111,1.0035373383652872,0,0.00033,sector_c
2169.125,1.0038199536804286,0,0.00033,sector_c
2169.12638889,1.0038532961168043,0,0.00033,sector_c
2169.12777778,1.0038511898098457,0,0.00033,sector_c
2169.12916667,1.0040609868778816,0,0.00033,sector_c
2169.13055556,1.0041109903669398,0,0.00033,sector_c
2169.13194444,1.0039591743022533,0,0.00033,sector_c
2169.13333333,1.003642092870507,0,0.00033,sector_c
2169.13472222,1.0040779670563083,0,0.00033,sector_c
2169.13611111,1.0040262324173623,0,0.00033,sector_c
2169.1375,1.004232078241452,0,0.00033,sector_c
2169.13888889,1.0038049290072342,0,0.00033,sector_c
2169.14027778,1.0044247827983301,0,0.00033,sector_c
2169.14166667,1.004167905808141,0,0.00033,sector_c
2169.14305556,1.0037465933203928,0,0.00033,sector_c
2169.14444444,1.0043271879427826,0,0.00033,sector_c
2169.14583333,1.003832049002972,0,0.00033,sector_c
2169.14722222,1.0039233312720075,0,0.00033,sector_c
2169.14861111,1.0040503336657882,0,0.00033,sector_c
2169.15,1.0042214896842263,0,0.00033,sector_c
2169.15138889,1.004798014069524,0,0.00033,sector_c
2169.15277778,1.0040979776939853,0,0.00033,sector_c
2169.15416667,1.0043213436725316,0,0.00033,sector_c
2169.15555556,1.0043131445410516,0,0.00033,sector_c
2169.15694444,1.0041239178306958,0,0.00033,sector_c
2169.15833333,1.0037798559394646,0,0.00033,sector_c
2169.15972222,1.0042267330929298,0,0.00033,sector_c
2169.16111111,1.0036573577365617,0,0.00033,sector_c
2169.1625,1.004341326177518,0,0.00033,sector_c
2169.16388889,1.0038419243514412,0,0.00033,sector_c
2169.16527778,1.004341317965802,0,0.00033,sector_c
2169.16666667,1.004559045976889,0,0.00033,sector_c
2169.16805556,1.0040738407365013,0,0.00033,sector_c
2169.16944444,1.004455706457454,0,0.00033,sector_c
2169.17083333,1.0046232887103088,0,0.00033,sector_c
2169.17222222,1.0040078348523591,0,0.00033,sector_c
2169.17361111,1.0037311650274123,0,0.00033,sector_c
2169.175,1.0041548832662566,0,0.00033,sector_c
2169.17638889,1.0044174887215318,0,0.00033,sector_c
2169.17777778,1.0040624090259997,0,0.00033,sector_c
2169.17916667,1.0043573807454933,0,0.00033,sector_c
2169.18055556,1.0044323170249454,0,0.00033,sector_c
2169.18194444,1.004580701029048,0,0.00033,sector_c
2169.18333333,1.0047174248515707,0,0.00033,sector_c
2169.18472222,1.0045124254365407,0,0.00033,sector_c
2169.18611111,1.0041781019671705,0,0.00033,sector_c
2169.1875,1.0043381753442262,0,0.00033,sector_c
2169.18888889,1.0039820042786576,0,0.00033,sector_c
2169.19027778,1.0046288163152597,0,0.00033,sector_c
2169.19166667,1.0050304494169662,0,0.00033,sector_c
2169.19305556,1.0040857964257226,0,0.00033,sector_c
2169.19444444,1.0046204363674476,0,0.00033,sector_c
2169.19583333,1.00468616754216,0,0.00033,sector_c
2169.19722222,1.0053333182613864,0,0.00033,sector_c
2169.19861111,1.0050774201182775,0,0.00033,sector_c
2169.2,1.004407392322549,0,0.00033,sector_c
2169.20138889,1.0048105752385639,0,0.00033,sector_c
2169.20277778,1.00475495198977,0,0.00033,sector_c
2169.20416667,1.0040573132749695,0,0.00033,sector_c
2169.20555556,1.004601088404834,0,0.00033,sector_c
2169.20694444,1.0044968114069734,0,0.00033,sector_c
2169.20833333,1.0050457177850987,0,0.00033,sector_c
2169.20972222,1.0045239507567585,0,0.00033,sector_c
2169.21111111,1.0047336706222676,0,0.00033,sector_c
2169.2125,1.0050233982257142,0,0.00033,sector_c
2169.21388889,1.0049044177280297,0,0.00033,sector_c
2169.21527778,1.0042801493749844,4096,0.00033,sector_c
2169.21666667,1.0046331908078008,0,0.00033,sector_c
2169.21805556,1.0047523326496157,0,0.00033,sector_c
2169.21944444,1.0048067008283863,0,0.00033,sector_c
2169.22083333,1.004600276634043,0,0.00033,sector_c
2169.22222222,1.004950978948248,0,0.00033,sector_c
2169.22361111,1.004485295788233,0,0.00033,sector_c
2169.225,1.0045789280611261,0,0.00033,sector_c
2169.22638889,1.0051188413490655,0,0.00033,sector_c
2169.22777778,1.004640847584598,0,0.00033,sector_c
2169.22916667,1.0043380667723254,0,0.00033,sector_c
2169.23055556,1.0051367183287532,0,0.00033,sector_c
2169.23194444,1.004385702976625,0,0.00033,sector_c
2169.23333333,1.0045633668342189,0,0.00033,sector_c
2169.23472222,1.0048380867170652,0,0.00033,sector_c
2169.23611111,1.0050032228814794,0,0.00033,sector_c
2169.2375,1.0050039770491968,0,0.00033,sector_c
2169.23888889,1.0050773924726228,0,0.00033,sector_c
2169.24027778,1.0050281847098932,0,0.00033,sector_c
2169.24166667,1.0049845943559859,0,0.00033,sector_c
2169.24305556,1.0048461518356135,0,0.00033,sector_c
2169.24444444,1.0047551584129366,0,0.00033,sector_c
2169.24583333,1.0046937756535468,0,0.00033,sector_c
2169.24722222,1.0054977035372419,0,0.00033,sector_c
2169.24861111,1.0051192477781408,0,0.00033,sector_c
2169.25,1.0049551907483174,0,0.00033,sector_c
2169.25138889,1.0052213409234,0,0.00033,sector_c
2169.25277778,1.005049472792626,0,0.00033,sector_c
2169.25416667,1.005076965250291,0,0.00033,sector_c
2169.25555556,1.0049865395503081,0,0.00033,sector_c
2169.25694444,1.0050949096640882,0,0.00033,sector_c
2169.25833333,1.004989868511825,0,0.00033,sector_c
2169.25972222,1.0045861373089457,0,0.00033,sector_c
2169.26111111,1.0050290766039818,0,0.00033,sector_c
2169.2625,1.0051407346491679,0,0.00033,sector_c
2169.26388889,1.0049878997246107,0,0.00033,sector_c
2169.26527778,1.0049194977839733,0,0.00033,sector_c
2169.26666667,1.0050567066428187,0,0.00033,sector_c
2169.26805556,1.0049923904211682,0,0.00033,sector_c
2169.26944444,1.0047017083361927,0,0.00033,sector_c
2169.27083333,1.0050064915901828,0,0.00033,sector_c
2169.27222222,1.004823224079999,0,0.00033,sector_c
2169.27361111,1.004687915671626,0,0.00033,sector_c
2169.275,1.005164373104896,0,0.00033,sector_c
2169.27638889,1.0051346143456985,0,0.00033,sector_c
2169.27777778,1.0053090745763937,0,0.00033,sector_c
2169.27916667,1.0050001680998344,0,0.00033,sector_c
2169.28055556,1.0052153719474075,0,0.00033,sector_c
2169.28194444,1.0051320908406183,0,0.00033,sector_c
2169.28333333,1.0052659859761808,0,0.00033,sector_c
2169.28472222,1.0048900904335911,0,0.00033,sector_c
2169.28611111,1.0053821535186493,0,0.00033,sector_c
2169.2875,1.0049373019177597,0,0.00033,sector_c
2169.28888889,1.0045826154967292,0,0.00033,sector_c
2169.29027778,1.0051316355164641,0,0.00033,sector_c
2169.29166667,1.004741325081632,0,0.00033,sector_c
2169.29305556,1.0054392020935508,0,0.00033,sector_c
2169.29444444,1.004830422063929,0,0.00033,sector_c
2169.29583333,1.0052066555306283,0,0.00033,sector_c
2169.29722222,1.0047315234624437,0,0.00033,sector_c
2169.29861111,1.005311446989877,0,0.00033,sector_c
2169.3,1.005610584606486,0,0.00033,sector_c
2169.30138889,1.0051268958838016,0,0.00033,sector_c
2169.30277778,1.005563869586912,0,0.00033,sector_c
2169.30416667,1.0051949599829764,0,0.00033,sector_c
2169.30555556,1.0049341044817002,0,0.00033,sector_c
2169.30694444,1.005179846448949,0,0.00033,sector_c
2169.30833333,1.0050403077998802,0,0.00033,sector_c
2169.30972222,1.0054436975859529,0,0.00033,sector_c
2169.31111111,1.0054356143045895,0,0.00033,sector_c
2169.3125,1.0057635363162558,0,0.00033,sector_c
2169.31388889,1.0050789112537415,0,0.00033,sector_c
2169.31527778,1.005276213157479,0,0.00033,sector_c
2169.31666667,1.005153324542398,0,0.00033,sector_c
2169.31805556,1.0051045113938082,0,0.00033,sector_c
2169.31944444,1.005242994237258,0,0.00033,sector_c
2169.32083333,1.0054991383699168,0,0.00033,sector_c
2169.32222222,1.0055374131338382,0,0.00033,sector_c
2169.32361111,1.0056576142362081,0,0.00033,sector_c
2169.325,1.005281391100999,0,0.00033,sector_c
2169.32638889,1.0053386519592045,0,0.00033,sector_c
2169.32777778,1.0052696247768915,0,0.00033,sector_c
2169.32916667,1.0044390351355035,0,0.00033,sector_c
2169.33055556,1.0054113888000087,0,0.00033,sector_c
2169.33194444,1.005426494911626,0,0.00033,sector_c
2169.33333333,1.0052726557730118,4096,0.00033,sector_c
2169.33472222,1.0054807950645543,0,0.00033,sector_c
2169.33611111,1.0057449698218879,0,0.00033,sector_c
2169.3375,1.0051025518449148,0,0.00033,sector_c
2169.33888889,1.0055653683835215,0,0.00033,sector_c
2169.34027778,1.005285261787165,0,0.00033,sector_c
2169.34166667,1.00543030280742,0,0.00033,sector_c
2169.34305556,1.005427593991782,0,0.00033,sector_c
2169.34444444,1.0054194983419207,0,0.00033,sector_c
2169.34583333,1.0059201631649504,0,0.00033,sector_c
2169.34722222,1.0054767697721312,0,0.00033,sector_c
2169.34861111,1.0054464573828539,0,0.00033,sector_c
2169.35,1.0052215611836044,0,0.00033,sector_c
2169.35138889,1.0059890136195302,0,0.00033,sector_c
2169.35277778,1.005673190958111,0,0.00033,sector_c
2169.35416667,1.0055606289315102,0,0.00033,sector_c
2169.35555556,1.0053243125188658,0,0.00033,sector_c
2169.35694444,1.005474314723955,0,0.00033,sector_c
2169.35833333,1.0060382897542584,0,0.00033,sector_c
2169.35972222,1.00534374390105,0,0.00033,sector_c
2169.36111111,1.005317904219117,0,0.00033,sector_c
2169.3625,1.0059924965642046,0,0.00033,sector_c
2169.36388889,1.0053317217396283,0,0.00033,sector_c
2169.36527778,1.0058151180699315,0,0.00033,sector_c
2169.36666667,1.0061695916076625,0,0.00033,sector_c
2169.36805556,1.0052925155935621,0,0.00033,sector_c
2169.36944444,1.0053655571260032,0,0.00033,sector_c
2169.37083333,1.006011486564376,0,0.00033,sector_c
2169.37222222,1.006034186142364,0,0.00033,sector_c
2169.37361111,1.006235776277392,0,0.00033,sector_c
2169.375,1.0057527206057786,0,0.00033,sector_c
2169.37638889,1.0057419983813767,0,0.00033,sector_c
2169.37777778,1.0053749203132702,0,0.00033,sector_c
2169.37916667,1.0056316700239634,0,0.00033,sector_c
2169.38055556,1.005702854287682,0,0.00033,sector_c
2169.38194444,1.005805078890287,0,0.00033,sector_c
2169.38333333,1.0054856494713251,0,0.00033,sector_c
2169.38472222,1.005671703605335,0,0.00033,sector_c
2169.38611111,1.0060250587199155,0,0.00033,sector_c
2169.3875,1.0062000235553648,0,0.00033,sector_c
2169.38888889,1.0059323555624835,0,0.00033,sector_c
2169.39027778,1.006002845810316,0,0.00033,sector_c
2169.39166667,1.0062081130973186,0,0.00033,sector_c
2169.39305556,1.0052356936122118,0,0.00033,sector_c
2169.39444444,1.006332616130955,0,0.00033,sector_c
2169.39583333,1.0057964782987743,0,0.00033,sector_c
2169.39722222,1.0053450023193702,0,0.00033,sector_c
2169.39861111,1.0059103246427374,0,0.00033,sector_c
2169.4,1.0060310275099058,0,0.00033,sector_c
2169.40138889,1.005674026280685,0,0.00033,sector_c
2169.40277778,1.00618358204315,0,0.00033,sector_c
2169.40416667,1.006104861274665,0,0.00033,sector_c
2169.40555556,1.0065121754351325,0,0.00033,sector_c
2169.40694444,1.0058568525625224,0,0.00033,sector_c
2169.40833333,1.005879552566704,0,0.00033,sector_c
2169.40972222,1.005749026256226,0,0.00033,sector_c
2169.41111111,1.005596999175721,0,0.00033,sector_c
2169.4125,1.0060074149256841,0,0.00033,sector_c
2169.41388889,1.0065155185054686,0,0.00033,sector_c
2169.41527778,1.0057409101029813,0,0.00033,sector_c
2169.41666667,1.0056909688577196,0,0.00033,sector_c
2169.41805556,1.0059701601970794,0,0.00033,sector_c
2169.41944444,1.0057429275260559,0,0.00033,sector_c
2169.42083333,1.0060872516914725,0,0.00033,sector_c
2169.42222222,1.0058824633003622,0,0.00033,sector_c
2169.42361111,1.0058179137290675,0,0.00033,sector_c
2169.425,1.0058206579910687,0,0.00033,sector_c
2169.42638889,1.0059910352891168,0,0.00033,sector_c
2169.42777778,1.0063866337425598,0,0.00033,sector_c
2169.42916667,1.005443052646983,0,0.00033,sector_c
2169.43055556,1.0065291205569813,0,0.00033,sector_c
2169.43194444,1.0061107150513493,0,0.00033,sector_c
2169.43333333,1.0064186838639058,0,0.00033,sector_c
2169.43472222,1.0062742895638472,0,0.00033,sector_c
2169.43611111,1.006196717501361,0,0.00033,sector_c
2169.4375,1.0057991082793212,0,0.00033,sector_c
2169.43888889,1.0058036917851572,0,0.00033,sector_c
2169.44027778,1.0062753736837353,0,0.00033,sector_c
2169.44166667,1.006215530550137,0,0.00033,sector_c
2169.44305556,1.006647601098317,0,0.00033,sector_c
2169.44444444,1.0051646424824592,0,0.00033,sector_c
2169.44583333,1.0059062217172354,2048,0.00033,sector_c
2169.44722222,1.0053516975963703,0,0.00033,sector_c
2169.44861111,1.0066507270300413,0,0.00033,sector_c
2169.45,1.005901368189317,0,0.00033,sector_c
2169.45138889,1.0056908679560632,0,0.00033,sector_c
2169.45277778,1.0062976684383853,0,0.00033,sector_c
2169.45416667,1.0063287688518112,0,0.00033,sector_c
2169.45555556,1.0057696651242916,0,0.00033,sector_c
2169.45694444,1.005933400139341,0,0.00033,sector_c
2169.45833333,1.0060809523618492,0,0.00033,sector_c
2169.45972222,1.0065773543351666,0,0.00033,sector_c
2169.46111111,1.0059360681665253,0,0.00033,sector_c
2169.4625,1.006145546479005,0,0.00033,sector_c
2169.46388889,1.0064472053010298,0,0.00033,sector_c
2169.46527778,1.0062098522501741,0,0.00033,sector_c
2169.46666667,1.0060743298070345,0,0.00033,sector_c
2169.46805556,1.0062157650514296,0,0.00033,sector_c
2169.46944444,1.0065684318065384,0,0.00033,sector_c
2169.47083333,1.0062022272741498,0,0.00033,sector_c
2169.47222222,1.006495354290239,0,0.00033,sector_c
2169.47361111,1.0059387016247283,0,0.00033,sector_c
2169.475,1.0061391654303282,0,0.00033,sector_c
2169.47638889,1.0060512286360235,0,0.00033,sector_c
2169.47777778,1.0065278618965714,0,0.00033,sector_c
2169.47916667,1.0059315624766603,0,0.00033,sector_c
2169.48055556,1.0057801456483009,0,0.00033,sector_c
2169.48194444,1.0063846503041067,0,0.00033,sector_c
2169.48333333,1.0065810282140626,0,0.00033,sector_c
2169.48472222,1.0068740644320502,0,0.00033,sector_c
2169.48611111,1.0058202821570683,0,0.00033,sector_c
2169.4875,1.005926889255863,0,0.00033,sector_c
2169.48888889,1.0066583745352196,0,0.00033,sector_c
2169.49027778,1.0064824935629073,0,0.00033,sector_c
2169.49166667,1.0061772149311579,0,0.00033,sector_c
2169.49305556,1.0063942880233097,0,0.00033,sector_c
2169.49444444,1.0066403625345162,0,0.00033,sector_c
2169.49583333,1.006500188480511,0,0.00033,sector_c
2169.49722222,1.0058302209020724,0,0.00033,sector_c
2169.49861111,1.0063366676954246,0,0.00033,sector_c
2169.5,1.0064046043173192,0,0.00033,sector_c
2169.50138889,1.0066747992868461,0,0.00033,sector_c
2169.50277778,1.0067139399385092,0,0.00033,sector_c
2169.50416667,1.0064084144904935,0,0.00033,sector_c
2169.50555556,1.0065326097457812,0,0.00033,sector_c
2169.50694444,1.0062794591707187,0,0.00033,sector_c
2169.50833333,1.006145457568575,0,0.00033,sector_c
2169.50972222,1.0064644231026338,0,0.00033,sector_c
2169.51111111,1.0060012879395952,0,0.00033,sector_c
2169.5125,1.0058258774626794,0,0.00033,sector_c
2169.51388889,1.0060294643245546,0,0.00033,sector_c
2169.51527778,1.0065895556541051,0,0.00033,sector_c
2169.51666667,1.0064546141324129,0,0.00033,sector_c
2169.51805556,1.0064073074079019,0,0.00033,sector_c
2169.51944444,1.0068782680714656,0,0.00033,sector_c
2169.52083333,1.006553053550723,0,0.00033,sector_c
2169.52222222,1.0063640968464278,0,0.00033,sector_c
2169.52361111,1.006804865526166,0,0.00033,sector_c
2169.525,1.0064654663072987,0,0.00033,sector_c
2169.52638889,1.0060149342357374,0,0.00033,sector_c
2169.52777778,1.006302873961155,0,0.00033,sector_c
2169.52916667,1.006329854979746,0,0.00033,sector_c
2169.53055556,1.0065684844980494,0,0.00033,sector_c
2169.53194444,1.0064653466653266,0,0.00033,sector_c
2169.53333333,1.0066494167774964,0,0.00033,sector_c
2169.53472222,1.0065131031612846,0,0.00033,sector_c
2169.53611111,1.0064409543210582,0,0.00033,sector_c
2169.5375,1.006428650816663,0,0.00033,sector_c
2169.53888889,1.0064797191496129,0,0.00033,sector_c
2169.54027778,1.006421881655318,0,0.00033,sector_c
2169.54166667,1.0061327510247124,0,0.00033,sector_c
2169.54305556,1.0063170699806134,0,0.00033,sector_c
2169.54444444,1.0067075447327223,0,0.00033,sector_c
2169.54583333,1.0062422078090576,0,0.00033,sector_c
2169.54722222,1.0069476804203945,0,0.00033,sector_c
2169.54861111,1.006677071188578,0,0.00033,sector_c
2169.55,1.0065297299145555,0,0.00033,sector_c
2169.55138889,1.006139571805917,0,0.00033,sector_c
2169.55277778,1.006538399753731,0,0.00033,sector_c
2169.55416667,1.0065038296981699,0,0.00033,sector_c
2169.55555556,1.0067528248923283,0,0.00033,sector_c
2169.55694444,1.0069438883402004,0,0.00033,sector_c
2169.55833333,1.0069042346687982,0,0.00033,sector_c
2169.55972222,1.0068271173595882,0,0.00033,sector_c
2169.56111111,1.0068862551867548,0,0.00033,sector_c
2169.5625,1.007135720507227,0,0.00033,sector_c
2169.56388889,1.0068428431314573,0,0.00033,sector_c
2169.56527778,1.0068265424580731,0,0.00033,sector_c
2169.56666667,1.0064990599803745,0,0.00033,sector_c
2169.56805556,1.0066916648133397,0,0.00033,sector_c
2169.56944444,1.0068333438536246,0,0.00033,sector_c
2169.57083333,1.0061993327405054,0,0.00033,sector_c
2169.57222222,1.0072259787635514,0,0.00033,sector_c
2169.57361111,1.0066459839200168,0,0.00033,sector_c
2169.575,1.006882854925204,0,0.00033,sector_c
2169.57638889,1.0060745072793142,0,0.00033,sector_c
2169.57777778,1.0067381719934703,0,0.00033,sector_c
2169.57916667,1.006389805051355,0,0.00033,sector_c
2169.58055556,1.0066847678571156,0,0.00033,sector_c
2169.58194444,1.006397580687057,0,0.00033,sector_c
2169.58333333,1.0064180585077884,0,0.00033,sector_c
2169.58472222,1.0062510864165297,0,0.00033,sector_c
2169.58611111,1.007089080830849,0,0.00033,sector_c
2169.5875,1.0065317138106276,0,0.00033,sector_c
2169.58888889,1.0064303581099578,0,0.00033,sector_c
2169.59027778,1.0063160840107055,0,0.00033,sector_c
2169.59166667,1.0067120856643474,0,0.00033,sector_c
2169.59305556,1.0072066628576066,0,0.00033,sector_c
2169.59444444,1.0067396463700218,0,0.00033,sector_c
2169.59583333,1.006516126268859,0,0.00033,sector_c
2169.59722222,1.0067395529444485,0,0.00033,sector_c
2169.59861111,1.0065846757523123,0,0.00033,sector_c
2169.6,1.0067186444322893,0,0.00033,sector_c
2169.60138889,1.0065776528113868,0,0.00033,sector_c
2169.60277778,1.0071985173296412,0,0.00033,sector_c
2169.60416667,1.0074201874887987,0,0.00033,sector_c
2169.60555556,1.0067044824615607,0,0.00033,sector_c
2169.60694444,1.0065494692545789,0,0.00033,sector_c
2169.60833333,1.006883422419802,0,0.00033,sector_c
2169.60972222,1.0068596556036595,0,0.00033,sector_c
2169.61111111,1.0071120728414884,0,0.00033,sector_c
2169.6125,1.0066855786292592,0,0.00033,sector_c
2169.61388889,1.0067934103767466,0,0.00033,sector_c
2169.61527778,1.0068507607242698,0,0.00033,sector_c
2169.61666667,1.0068099893824607,0,0.00033,sector_c
2169.61805556,1.0069738977853355,0,0.00033,sector_c
2169.61944444,1.0070037791189959,0,0.00033,sector_c
2169.62083333,1.0069954931916116,0,0.00033,sector_c
2169.62222222,1.0063707068305565,0,0.00033,sector_c
2169.62361111,1.0070357382847814,0,0.00033,sector_c
2169.625,1.0069433992336587,0,0.00033,sector_c
2169.62638889,1.00635472656899,0,0.00033,sector_c
2169.62777778,1.0069168361065064,0,0.00033,sector_c
2169.62916667,1.0067092894637026,0,0.00033,sector_c
2169.63055556,1.0068716196986518,0,0.00033,sector_c
2169.63194444,1.0065843951263125,0,0.00033,sector_c
2169.63333333,1.0071394225306756,0,0.00033,sector_c
2169.63472222,1.007110405317729,0,0.00033,sector_c
2169.63611111,1.0072114018680516,0,0.00033,sector_c
2169.6375,1.0070747199129266,0,0.00033,sector_c
2169.63888889,1.0070851391404199,0,0.00033,sector_c
2169.64027778,1.007103918398834,0,0.00033,sector_c
2169.64166667,1.007297296945675,0,0.00033,sector_c
2169.64305556,1.006964208029706,0,0.00033,sector_c
2169.64444444,1.007204226925239,0,0.00033,sector_c
2169.64583333,1.0066326618126245,0,0.00033,sector_c
2169.64722222,1.0071908632910203,0,0.00033,sector_c
2169.64861111,1.0069269406951278,0,0.00033,sector_c
2169.65,1.0074347443131542,0,0.00033,sector_c
2169.65138889,1.0071288163223662,0,0.00033,sector_c
2169.65277778,1.0067449092875949,0,0.00033,sector_c
2169.65416667,1.0071184453978097,0,0.00033,sector_c
2169.65555556,1.0068787769906717,0,0.00033,sector_c
2169.65694444,1.0073268698731508,0,0.00033,sector_c
2169.65833333,1.0070242765734674,0,0.00033,sector_c
2169.65972222,1.0069799398130648,0,0.00033,sector_c
2169.66111111,1.0070189480562597,0,0.00033,sector_c
2169.6625,1.0067075028490777,0,0.00033,sector_c
2169.66388889,1.0070573403039451,0,0.00033,sector_c
2169.66527778,1.0069662365556444,0,0.00033,sector_c
2169.66666667,1.0070593740956084,0,0.00033,sector_c
2169.66805556,1.0073491846339775,0,0.00033,sector_c
2169.66944444,1.006711556349773,0,0.00033,sector_c
2169.67083333,1.007025039465992,0,0.00033,sector_c
2169.67222222,1.0074775205268565,0,0.00033,sector_c
2169.67361111,1.0070124349130998,0,0.00033,sector_c
2169.675,1.006960606905365,0,0.00033,sector_c
2169.67638889,1.0071266825115217,0,0.00033,sector_c
2169.67777778,1.0074114940052294,0,0.00033,sector_c
2169.67916667,1.0071003150031874,0,0.00033,sector_c
2169.68055556,1.0074082794869887,0,0.00033,sector_c
2169.68194444,1.0068011440271436,0,0.00033,sector_c
2169.68333333,1.0074722473485103,0,0.00033,sector_c
2169.68472222,1.0070098569380457,0,0.00033,sector_c
2169.68611111,1.0072787439515034,0,0.00033,sector_c
2169.6875,1.0073987358658223,0,0.00033,sector_c
2169.68888889,1.0069259674059892,0,0.00033,sector_c
2169.69027778,1.0076683209252904,0,0.00033,sector_c
2169.69166667,1.0071839546343262,0,0.00033,sector_c
2169.69305556,1.0070070452622626,0,0.00033,sector_c
2169.69444444,1.007594112282243,0,0.00033,sector_c
2169.69583333,1.0073438462553903,0,0.00033,sector_c
2169.69722222,1.007765561793017,0,0.00033,sector_c
2169.69861111,1.0071558796127218,0,0.00033,sector_c
2169.7,1.0067859098840297,0,0.00033,sector_c
2169.70138889,1.0072600864598618,0,0.00033,sector_c
2169.70277778,1.006651775405988,0,0.00033,sector_c
2169.70416667,1.0073925842732703,0,0.00033,sector_c
2169.70555556,1.0071832892626704,0,0.00033,sector_c
2169.70694444,1.0065044387606727,0,0.00033,sector_c
2169.70833333,1.0071269963915055,0,0.00033,sector_c
2169.70972222,1.0069088648156848,0,0.00033,sector_c
2169.71111111,1.0066515603191144,0,0.00033,sector_c
2169.7125,1.0069163957679617,0,0.00033,sector_c
2169.71388889,1.0069395611246026,0,0.00033,sector_c
2169.71527778,1.0072116479198188,0,0.00033,sector_c
2169.71666667,1.0069155514511994,0,0.00033,sector_c
2169.71805556,1.007540621421157,0,0.00033,sector_c
2169.71944444,1.0078141318128955,0,0.00033,sector_c
2169.72083333,1.0073580943006526,0,0.00033,sector_c
2169.72222222,1.0069625222841598,0,0.00033,sector_c
2169.72361111,1.0071995410863694,0,0.00033,sector_c
2169.725,1.0072101829956401,0,0.00033,sector_c
2169.72638889,1.006964666057608,0,0.00033,sector_c
2169.72777778,1.0071364756649988,0,0.00033,sector_c
2169.72916667,1.007581998608743,0,0.00033,sector_c
2169.73055556,1.0069966689759375,0,0.00033,sector_c
2169.73194444,1.0074812562258457,0,0.00033,sector_c
2169.73333333,1.0071643063208255,0,0.00033,sector_c
2169.73472222,1.006954450553292,0,0.00033,sector_c
2169.73611111,1.0071570871316464,0,0.00033,sector_c
2169.7375,1.0074894968657822,0,0.00033,sector_c
2169.73888889,1.0072190073268636,0,0.00033,sector_c
2169.74027778,1.0070814147954592,0,0.00033,sector_c
2169.74166667,1.0071875289459866,4096,0.00033,sector_c
2169.74305556,1.0069690996761886,0,0.00033,sector_c
2169.74444444,1.007313802796984,0,0.00033,sector_c
2169.74583333,1.0075222989448305,0,0.00033,sector_c
2169.74722222,1.0075540087844546,0,0.00033,sector_c
2169.74861111,1.0077802329103318,0,0.00033,sector_c
2169.75,1.007457975417619,0,0.00033,sector_c
2169.75138889,1.0066487881660524,0,0.00033,sector_c
2169.75277778,1.0073881210109004,0,0.00033,sector_c
2169.75416667,1.0068920440879738,0,0.00033,sector_c
2169.75555556,1.0071668783905239,0,0.00033,sector_c
2169.75694444,1.0070835410036343,0,0.00033,sector_c
2169.75833333,1.007431391322987,0,0.00033,sector_c
2169.75972222,1.0072799653331996,0,0.00033,sector_c
2169.76111111,1.0071645028172773,0,0.00033,sector_c
2169.7625,1.0073213159895709,0,0.00033,sector_c
2169.76388889,1.006858898980385,0,0.00033,sector_c
2169.76527778,1.0070305723258917,0,0.00033,sector_c
2169.76666667,1.0074804698463493,0,0.00033,sector_c
2169.76805556,1.007825474998986,0,0.00033,sector_c
2169.76944444,1.0071489244276344,0,0.00033,sector_c
2169.77083333,1.007678743622904,0,0.00033,sector_c
2169.77222222,1.0072558061324455,0,0.00033,sector_c
2169.77361111,1.0076558305746601,0,0.00033,sector_c
2169.775,1.0069870177055307,0,0.00033,sector_c
2169.77638889,1.00739883633881,0,0.00033,sector_c
2169.77777778,1.007659732328599,0,0.00033,sector_c
2169.77916667,1.0070018569419679,0,0.00033,sector_c
2169.78055556,1.0073390608677224,0,0.00033,sector_c
2169.78194444,1.0070733893741024,0,0.00033,sector_c
2169.78333333,1.0072548134112163,0,0.00033,sector_c
2169.78472222,1.0074443954424028,0,0.00033,sector_c
2169.78611111,1.007257110368805,0,0.00033,sector_c
2169.7875,1.0071665560327392,0,0.00033,sector_c
2169.78888889,1.0074015566968033,0,0.00033,sector_c
2169.79027778,1.007144963252881,0,0.00033,sector_c
2169.79166667,1.007253926743148,0,0.00033,sector_c
2169.79305556,1.00714934777653,0,0.00033,sector_c
2169.79444444,1.0074247078450784,0,0.00033,sector_c
2169.79583333,1.007138915144478,0,0.00033,sector_c
2169.79722222,1.00710337999428,0,0.00033,sector_c
2169.79861111,1.0070980929386268,0,0.00033,sector_c
2169.8,1.0070400439358114,0,0.00033,sector_c
2169.80138889,1.0074867830893932,0,0.00033,sector_c
2169.80277778,1.0076459949708834,0,0.00033,sector_c
2169.80416667,1.0073372359300652,0,0.00033,sector_c
2169.80555556,1.0070431888285138,0,0.00033,sector_c
2169.80694444,1.0069393717408044,0,0.00033,sector_c
2169.80833333,1.007257492378529,0,0.00033,sector_c
2169.80972222,1.007272218721773,0,0.00033,sector_c
2169.81111111,1.0073955713098164,0,0.00033,sector_c
2169.8125,1.0073727019064398,0,0.00033,sector_c
2169.81388889,1.0075493373992328,0,0.00033,sector_c
2169.81527778,1.0071721899328316,0,0.00033,sector_c
2169.81666667,1.0079459818321734,0,0.00033,sector_c
2169.81805556,1.0071178610375648,0,0.00033,sector_c
2169.81944444,1.0073162399422309,0,0.00033,sector_c
2169.82083333,1.0073604218625578,0,0.00033,sector_c
2169.82222222,1.0071918992964937,0,0.00033,sector_c
2169.82361111,1.0068158845820707,0,0.00033,sector_c
2169.825,1.0077176486928878,0,0.00033,sector_c
2169.82638889,1.0083849753757272,0,0.00033,sector_c
2169.82777778,1.007739474502903,0,0.00033,sector_c
2169.82916667,1.0069215300007364,0,0.00033,sector_c
2169.83055556,1.0074362490292428,0,0.00033,sector_c
2169.83194444,1.0073626558521023,0,0.00033,sector_c
2169.83333333,1.007770335550756,0,0.00033,sector_c
2169.83472222,1.007474869394905,0,0.00033,sector_c
2169.83611111,1.0073848791716213,0,0.00033,sector_c
2169.8375,1.0072212193845835,0,0.00033,sector_c
2169.83888889,1.0075617479187928,0,0.00033,sector_c
2169.84027778,1.0073471448785665,0,0.00033,sector_c
2169.84166667,1.0075286332849727,0,0.00033,sector_c
2169.84305556,1.0075619531673752,0,0.00033,sector_c
2169.84444444,1.0074649142177274,0,0.00033,sector_c
2169.84583333,1.0074437117285244,0,0.00033,sector_c
2169.84722222,1.007365441943428,0,0.00033,sector_c
2169.84861111,1.007441493106568,0,0.00033,sector_c
2169.85,1.0070820631298294,0,0.00033,sector_c
2169.85138889,1.0068560719036368,0,0.00033,sector_c
2169.85277778,1.0074037116129901,0,0.00033,sector_c
2169.85416667,1.0076569202999328,0,0.00033,sector_c
2169.85555556,1.007344670320187,0,0.00033,sector_c
2169.85694444,1.0072488727901072,0,0.00033,sector_c
2169.85833333,1.0074848329689414,0,0.00033,sector_c
2169.85972222,1.0071813020033265,0,0.00033,sector_c
2169.86111111,1.0071889316592315,0,0.00033,sector_c
2169.8625,1.0073538558136272,0,0.00033,sector_c
2169.86388889,1.0075012418401113,0,0.00033,sector_c
2169.86527778,1.0074696052964216,0,0.00033,sector_c
2169.86666667,1.0078350184943394,0,0.00033,sector_c
2169.86805556,1.0073895456828557,0,0.00033,sector_c
2169.86944444,1.0070681595420947,0,0.00033,sector_c
2169.87083333,1.007194651907447,0,0.00033,sector_c
2169.87222222,1.007302714567629,0,0.00033,sector_c
2169.87361111,1.0074253479833875,0,0.00033,sector_c
2169.875,1.0071442445224088,0,0.00033,sector_c
2169.87638889,1.0076377674886483,0,0.00033,sector_c
2169.87777778,1.007633303300725,0,0.00033,sector_c
2169.87916667,1.0072685730989166,0,0.00033,sector_c
2169.88055556,1.0078195624985664,0,0.00033,sector_c
2169.88194444,1.0074590931745568,0,0.00033,sector_c
2169.88333333,1.0072341088611134,0,0.00033,sector_c
2169.88472222,1.0073504752625462,0,0.00033,sector_c
2169.88611111,1.0073065585961514,0,0.00033,sector_c
2169.8875,1.0077869193239792,0,0.00033,sector_c
2169.88888889,1.0073345643590526,0,0.00033,sector_c
2169.89027778,1.0078505127581519,0,0.00033,sector_c
2169.89166667,1.0076212397396238,0,0.00033,sector_c
2169.89305556,1.0075016398709642,0,0.00033,sector_c
2169.89444444,1.007654771757679,0,0.00033,sector_c
2169.89583333,1.0074577160212823,0,0.00033,sector_c
2169.89722222,1.0074023274912682,0,0.00033,sector_c
2169.89861111,1.00716712030265,0,0.00033,sector_c
