time_mjd,flux,quality_flag,flux_err,sector
2162.15,0.9964579624975356,0,0.00033,sector_c
2162.15138889,0.9964166227177016,0,0.00033,sector_c
2162.15277778,0.9956432592200679,0,0.00033,sector_c
2162.15416667,0.9965546658248117,0,0.00033,sector_c
2162.15555556,0.996487395110903,0,0.00033,sector_c
2162.15694444,0.9962532787081115,0,0.00033,sector_c
2162.15833333,0.99649441701518,0,0.00033,sector_c
2162.15972222,0.9965916003562789,0,0.00033,sector_c
2162.16111111,0.9961577842894117,0,0.00033,sector_c
2162.1625,0.99622929870197,0,0.00033,sector_c
2162.16388889,0.9961371313861129,0,0.00033,sector_c
2162.16527778,0.997057074774189,0,0.00033,sector_c
2162.16666667,0.9964144787223591,0,0.00033,sector_c
2162.16805556,0.9959073359666576,0,0.00033,sector_c
2162.16944444,0.9963399629046459,0,0.00033,sector_c
2162.17083333,0.9963031174153657,0,0.00033,sector_c
2162.17222222,0.9956659153934126,0,0.00033,sector_c
2162.17361111,0.9963629797408321,0,0.00033,sector_c
2162.175,0.99608146861243,0,0.00033,sector_c
2162.17638889,0.9963221771870773,0,0.00033,sector_c
2162.17777778,0.9963095753557569,0,0.00033,sector_c
2162.17916667,0.9965426897151625,0,0.00033,sector_c
2162.18055556,0.9966149261066497,0,0.00033,sector_c
2162.18194444,0.9963267914883799,0,0.00033,sector_c
2162.18333333,0.9962367439135376,0,0.00033,sector_c
2162.18472222,0.9964966477170611,0,0.00033,sector_c
2162.18611111,0.9963202967479663,0,0.00033,sector_c
2162.1875,0.9961444379846951,0,0.00033,sector_c
2162.18888889,0.9963925025204388,0,0.00033,sector_c
2162.19027778,0.9963001149770938,0,0.00033,sector_c
2162.19166667,0.9960635923282896,0,0.00033,sector_c
2162.19305556,0.9964676868994558,0,0.00033,sector_c
2162.19444444,0.9965093507302486,0,0.00033,sector_c
2162.19583333,0.9960775209544779,0,0.00033,sector_c
2162.19722222,0.9961544047056391,0,0.00033,sector_c
2162.19861111,0.995708981683016,0,0.00033,sector_c
2162.2,0.9959605155259708,0,0.00033,sector_c
2162.20138889,0.9963419456317486,0,0.00033,sector_c
2162.20277778,0.995534052948427,0,0.00033,sector_c
2162.20416667,0.9970392212922297,0,0.00033,sector_c
2162.20555556,0.9967200985505235,0,0.00033,sector_c
2162.20694444,0.9964563132329586,0,0.00033,sector_c
2162.20833333,0.9963435540001935,0,0.00033,sector_c
2162.20972222,0.9959840446587502,0,0.00033,sector_c
2162.21111111,0.9960890733283002,0,0.00033,sector_c
2162.2125,0.9964904773797508,0,0.00033,sector_c
2162.21388889,0.9970249311360627,0,0.00033,sector_c
2162.21527778,0.996657520145526,0,0.00033,sector_c
2162.21666667,0.9961266428555784,0,0.00033,sector_c
2162.21805556,0.9960206613025556,0,0.00033,sector_c
2162.21944444,0.9957933211797388,0,0.00033,sector_c
2162.22083333,0.9962166903772032,0,0.00033,sector_c
2162.22222222,0.9959606659183152,0,0.00033,sector_c
2162.22361111,0.9956675644530242,0,0.00033,sector_c
2162.225,0.9965501016320354,0,0.00033,sector_c
2162.22638889,0.9952259465668448,0,0.00033,sector_c
2162.22777778,0.9959676338287392,0,0.00033,sector_c
2162.22916667,0.9963419120978392,0,0.00033,sector_c
2162.23055556,0.996471977875986,0,0.00033,sector_c
2162.23194444,0.9961058780455299,0,0.00033,sector_c
2162.23333333,0.9964323319579632,0,0.00033,sector_c
2162.23472222,0.9962546660846732,0,0.00033,sector_c
2162.23611111,0.9961890460664733,0,0.00033,sector_c
2162.2375,0.9964207408361195,0,0.00033,sector_c
2162.23888889,0.996158836109758,0,0.00033,sector_c
2162.24027778,0.9959641300619266,0,0.00033,sector_c
2162.24166667,0.996291854624348,0,0.00033,sector_c
2162.24305556,0.9962333476358826,0,0.00033,sector_c
2162.24444444,0.9959097849689169,0,0.00033,sector_c
2162.24583333,0.9962198454318277,0,0.00033,sector_c
2162.24722222,0.9963525143066756,0,0.00033,sector_c
2162.24861111,0.9963125357671517,0,0.00033,sector_c
2162.25,0.9964679044757009,0,0.00033,sector_c
2162.25138889,0.9963303706831669,0,0.00033,sector_c
2162.25277778,0.9963355044108555,0,0.00033,sector_c
2162.25416667,0.9962023566624316,0,0.00033,sector_c
2162.25555556,0.9962712629193373,0,0.00033,sector_c
2162.25694444,0.9966466035311167,0,0.00033,sector_c
2162.25833333,0.9962794083573578,0,0.00033,sector_c
2162.25972222,0.9961830439446975,0,0.00033,sector_c
2162.26111111,0.996393932249892,0,0.00033,sector_c
2162.2625,0.9957576836554344,0,0.00033,sector_c
2162.26388889,0.996026449981741,0,0.00033,sector_c
2162.26527778,0.9958035228325077,0,0.00033,sector_c
2162.26666667,0.996146318954149,0,0.00033,sector_c
2162.26805556,0.9961331137459913,0,0.00033,sector_c
2162.26944444,0.9956799017513522,0,0.00033,sector_c
2162.27083333,0.9965448644967547,0,0.00033,sector_c
2162.27222222,0.9958424272726561,0,0.00033,sector_c
2162.27361111,0.995920907144572,0,0.00033,sector_c
2162.275,0.9966879857541306,0,0.00033,sector_c
2162.27638889,0.9962844488326319,0,0.00033,sector_c
2162.27777778,0.99654798700307,0,0.00033,sector_c
2162.27916667,0.9961473341588181,0,0.00033,sector_c
2162.28055556,0.995752490513494,0,0.00033,sector_c
2162.28194444,0.9960417903555081,0,0.00033,sector_c
2162.28333333,0.9955445594572812,0,0.00033,sector_c
2162.28472222,0.9960569125242179,0,0.00033,sector_c
2162.28611111,0.99648930204349,0,0.00033,sector_c
2162.2875,0.9960229522337477,0,0.00033,sector_c
2162.28888889,0.9953344771567969,0,0.00033,sector_c
2162.29027778,0.9960995379342162,0,0.00033,sector_c
2162.29166667,0.9957187869094406,0,0.00033,sector_c
2162.29305556,0.9960939877709682,0,0.00033,sector_c
2162.29444444,0.9956803270443839,0,0.00033,sector_c
2162.29583333,0.9963216725965246,0,0.00033,sector_c
2162.29722222,0.9956912626564494,0,0.00033,sector_c
2162.29861111,0.9957881096995326,0,0.00033,sector_c
2162.3,0.9961257657240931,0,0.00033,sector_c
2162.30138889,0.9961494471356731,0,0.00033,sector_c
2162.30277778,0.9957802230215858,0,0.00033,sector_c
2162.30416667,0.9957755530600825,0,0.00033,sector_c
2162.30555556,0.9962375290334012,0,0.00033,sector_c
2162.30694444,0.995952270215859,0,0.00033,sector_c
2162.30833333,0.995814340852625,0,0.00033,sector_c
2162.30972222,0.9961097917472226,0,0.00033,sector_c
2162.31111111,0.9957557929640615,0,0.00033,sector_c
2162.3125,0.995966168048313,0,0.00033,sector_c
2162.31388889,0.9968212138477976,0,0.00033,sector_c
2162.31527778,0.996512661547675,0,0.00033,sector_c
2162.31666667,0.9959742723907721,0,0.00033,sector_c
2162.31805556,0.9957411531008381,0,0.00033,sector_c
2162.31944444,0.995930040720827,0,0.00033,sector_c
2162.32083333,0.9960621955913204,0,0.00033,sector_c
2162.32222222,0.9959638174144759,0,0.00033,sector_c
2162.32361111,0.9961416287034859,0,0.00033,sector_c
2162.325,0.9958120010698841,0,0.00033,sector_c
2162.32638889,0.9960837734847264,0,0.00033,sector_c
2162.32777778,0.9951278821300458,0,0.00033,sector_c
2162.32916667,0.995866987974729,0,0.00033,sector_c
2162.33055556,0.9960312204385218,0,0.00033,sector_c
2162.33194444,0.9961523023539317,0,0.00033,sector_c
2162.33333333,0.9959092807103729,0,0.00033,sector_c
2162.33472222,0.9959524214429918,0,0.00033,sector_c
2162.33611111,0.9959312845660648,0,0.00033,sector_c
2162.3375,0.9957356803438528,0,0.00033,sector_c
2162.33888889,0.9957636166959211,0,0.00033,sector_c
2162.34027778,0.9957463133283259,0,0.00033,sector_c
2162.34166667,0.9962409883432294,0,0.00033,sector_c
2162.34305556,0.9960050779455857,0,0.00033,sector_c
2162.34444444,0.9958774376185022,0,0.00033,sector_c
2162.34583333,0.9957624383556034,0,0.00033,sector_c
2162.34722222,0.9960071135408705,0,0.00033,sector_c
2162.34861111,0.9953544775781572,0,0.00033,sector_c
2162.35,0.9959061723142677,0,0.00033,sector_c
2162.35138889,0.9962585244225517,0,0.00033,sector_c
2162.35277778,0.9963256187214987,0,0.00033,sector_c
2162.35416667,0.9962187944059488,0,0.00033,sector_c
2162.35555556,0.9960919526332227,0,0.00033,sector_c
2162.35694444,0.9960067568751186,0,0.00033,sector_c
2162.35833333,0.9960548241064068,0,0.00033,sector_c
2162.35972222,0.9958687671648184,0,0.00033,sector_c
2162.36111111,0.99566878657465,0,0.00033,sector_c
2162.3625,0.9957100437738245,0,0.00033,sector_c
2162.36388889,0.996219705362372,0,0.00033,sector_c
2162.36527778,0.9956086533252576,0,0.00033,sector_c
2162.36666667,0.9960621726750739,0,0.00033,sector_c
2162.36805556,0.996227861198761,0,0.00033,sector_c
2162.36944444,0.9957670948155477,0,0.00033,sector_c
2162.37083333,0.9953498287151301,0,0.00033,sector_c
2162.37222222,0.9958151412400233,0,0.00033,sector_c
2162.37361111,0.9961560009649032,0,0.00033,sector_c
2162.375,0.9956722512681576,0,0.00033,sector_c
2162.37638889,0.9957617356322988,0,0.00033,sector_c
2162.37777778,0.9958468136918819,0,0.00033,sector_c
2162.37916667,0.9959701268480128,0,0.00033,sector_c
2162.38055556,0.9961457660513894,0,0.00033,sector_c
2162.38194444,0.9966322728299336,0,0.00033,sector_c
2162.38333333,0.9953317088191261,0,0.00033,sector_c
2162.38472222,0.995603557852186,0,0.00033,sector_c
2162.38611111,0.9961005130012457,0,0.00033,sector_c
2162.3875,0.9957458382024936,0,0.00033,sector_c
2162.38888889,0.995847103814443,0,0.00033,sector_c
2162.39027778,0.9957004384498453,0,0.00033,sector_c
2162.39166667,0.9960270579341614,0,0.00033,sector_c
2162.39305556,0.9961699682436517,0,0.00033,sector_c
2162.39444444,0.9957141416728847,0,0.00033,sector_c
2162.39583333,0.9953038107178839,0,0.00033,sector_c
2162.39722222,0.9956129386880869,0,0.00033,sector_c
2162.39861111,0.9963008477605299,0,0.00033,sector_c
2162.4,0.9955643192966499,0,0.00033,sector_c
2162.40138889,0.9955490957739747,0,0.00033,sector_c
2162.40277778,0.996034517381278,0,0.00033,sector_c
2162.40416667,0.9958999080330013,0,0.00033,sector_c
2162.40555556,0.9953377997952282,0,0.00033,sector_c
2162.40694444,0.995581034014383,0,0.00033,sector_c
2162.40833333,0.9960663088988309,0,0.00033,sector_c
2162.40972222,0.9957059982149119,0,0.00033,sector_c
2162.41111111,0.9959473670944494,0,0.00033,sector_c
2162.4125,0.996034071261328,0,0.00033,sector_c
2162.41388889,0.9953748659858735,0,0.00033,sector_c
2162.41527778,0.9956974786138243,0,0.00033,sector_c
2162.41666667,0.996337117456497,0,0.00033,sector_c
2162.41805556,0.9957055465930194,0,0.00033,sector_c
2162.41944444,0.9957537608422795,0,0.00033,sector_c
2162.42083333,0.99593338739799,0,0.00033,sector_c
2162.42222222,0.9957749459734474,0,0.00033,sector_c
2162.42361111,0.9957848185992108,0,0.00033,sector_c
2162.425,0.9961513214777329,0,0.00033,sector_c
2162.42638889,0.9951922341271168,0,0.00033,sector_c
2162.42777778,0.9950720849173498,0,0.00033,sector_c
2162.42916667,0.9954970722429327,0,0.00033,sector_c
2162.43055556,0.9964917553344586,0,0.00033,sector_c
2162.43194444,0.9959696391547669,0,0.00033,sector_c
2162.43333333,0.9958930765311119,0,0.00033,sector_c
2162.43472222,0.9958895610029933,0,0.00033,sector_c
2162.43611111,0.9965090096896705,0,0.00033,sector_c
2162.4375,0.9953998971721384,0,0.00033,sector_c
2162.43888889,0.9953407268948662,0,0.00033,sector_c
2162.44027778,0.9954995638477188,0,0.00033,sector_c
2162.44166667,0.9951305142949425,0,0.00033,sector_c
2162.44305556,0.9965464369107819,0,0.00033,sector_c
2162.44444444,0.995950577421047,0,0.00033,sector_c
2162.44583333,0.9955344825221839,0,0.00033,sector_c
2162.44722222,0.9959027153272731,0,0.00033,sector_c
2162.44861111,0.99620567842884,0,0.00033,sector_c
2162.45,0.996042765417446,0,0.00033,sector_c
2162.45138889,0.9961746246015826,0,0.00033,sector_c
2162.45277778,0.9960446074948075,0,0.00033,sector_c
2162.45416667,0.9956407721661976,0,0.00033,sector_c
2162.45555556,0.9958816581515255,0,0.00033,sector_c
2162.45694444,0.9961738360929748,0,0.00033,sector_c
2162.45833333,0.9958456395638403,0,0.00033,sector_c
2162.45972222,0.9959310109338583,0,0.00033,sector_c
2162.46111111,0.9951625492489001,0,0.00033,sector_c
2162.4625,0.9953464426652546,0,0.00033,sector_c
2162.46388889,0.9960057784274705,0,0.00033,sector_c
2162.46527778,0.9953795024982547,0,0.00033,sector_c
2162.46666667,0.9959909057124925,0,0.00033,sector_c
2162.46805556,0.9955353762669695,0,0.00033,sector_c
2162.46944444,0.9958015431301356,0,0.00033,sector_c
2162.47083333,0.9957962528555114,0,0.00033,sector_c
2162.47222222,0.9953516456219007,0,0.00033,sector_c
2162.47361111,0.9955126973560159,0,0.00033,sector_c
2162.475,0.9955403618805432,0,0.00033,sector_c
2162.47638889,0.9954086204051652,0,0.00033,sector_c
2162.47777778,0.9958457862663398,0,0.00033,sector_c
2162.47916667,0.9957970895834681,0,0.00033,sector_c
2162.48055556,0.9952303104951312,0,0.00033,sector_c
2162.48194444,0.9953723447373936,0,0.00033,sector_c
2162.48333333,0.9958601650971479,0,0.00033,sector_c
2162.48472222,0.9958962043257465,0,0.00033,sector_c
2162.48611111,0.996060549672404,0,0.00033,sector_c
2162.4875,0.9959292712107654,0,0.00033,sector_c
2162.48888889,0.9953304989008706,0,0.00033,sector_c
2162.49027778,0.9953980225296277,0,0.00033,sector_c
2162.49166667,0.9953524820816086,0,0.00033,sector_c
2162.49305556,0.9959260425668668,0,0.00033,sector_c
2162.49444444,0.9959080168060975,0,0.00033,sector_c
2162.49583333,0.995478111766941,0,0.00033,sector_c
2162.49722222,0.9954358140428469,0,0.00033,sector_c
2162.49861111,0.9963179491894674,0,0.00033,sector_c
2162.5,0.995755397508776,0,0.00033,sector_c
2162.50138889,0.995138046912599,0,0.00033,sector_c
2162.50277778,0.9955301600071182,0,0.00033,sector_c
2162.50416667,0.9954618968159193,0,0.00033,sector_c
2162.50555556,0.9954759495018917,0,0.00033,sector_c
2162.50694444,0.9949382663633288,0,0.00033,sector_c
2162.50833333,0.9954922195850417,0,0.00033,sector_c
2162.50972222,0.9952575932491866,0,0.00033,sector_c
2162.51111111,0.9957027085980293,0,0.00033,sector_c
2162.5125,0.9953856525514087,0,0.00033,sector_c
2162.51388889,0.9952755500084911,0,0.00033,sector_c
2162.51527778,0.9953964493167529,0,0.00033,sector_c
2162.51666667,0.996266393760714,0,0.00033,sector_c
2162.51805556,0.9950846655037162,0,0.00033,sector_c
2162.51944444,0.9952838449697979,0,0.00033,sector_c
2162.52083333,0.9955205018800396,0,0.00033,sector_c
2162.52222222,0.9952864055301481,0,0.00033,sector_c
2162.52361111,0.9954024083847302,0,0.00033,sector_c
2162.525,0.9952165016946336,0,0.00033,sector_c
2162.52638889,0.9952815044588733,0,0.00033,sector_c
2162.52777778,0.9958668905682369,0,0.00033,sector_c
2162.52916667,0.9955232430074041,0,0.00033,sector_c
2162.53055556,0.9953710183782646,0,0.00033,sector_c
2162.53194444,0.9956830377085413,0,0.00033,sector_c
2162.53333333,0.9955144254344154,0,0.00033,sector_c
2162.53472222,0.995536617639875,0,0.00033,sector_c
2162.53611111,0.9954088031693131,0,0.00033,sector_c
2162.5375,0.995365917088981,0,0.00033,sector_c
2162.53888889,0.9957554135515643,0,0.00033,sector_c
2162.54027778,0.9952367107099662,0,0.00033,sector_c
2162.54166667,0.9955056259142421,0,0.00033,sector_c
2162.54305556,0.9958140442700811,0,0.00033,sector_c
2162.54444444,0.9961543804457369,0,0.00033,sector_c
2162.54583333,0.9957083465262482,0,0.00033,sector_c
2162.54722222,0.9953417054434474,0,0.00033,sector_c
2162.54861111,0.9956985659035513,0,0.00033,sector_c
2162.55,0.9948561812592135,0,0.00033,sector_c
2162.55138889,0.9952247854804952,0,0.00033,sector_c
2162.55277778,0.9955960707564087,0,0.00033,sector_c
2162.55416667,0.9954266863388144,0,0.00033,sector_c
2162.55555556,0.9953033197895446,0,0.00033,sector_c
2162.55694444,0.9949976220187865,0,0.00033,sector_c
2162.55833333,0.9957124748792241,0,0.00033,sector_c
2162.55972222,0.9956766261710039,0,0.00033,sector_c
2162.56111111,0.9947346771341649,0,0.00033,sector_c
2162.5625,0.995649877142239,0,0.00033,sector_c
2162.56388889,0.9960320756072895,0,0.00033,sector_c
2162.56527778,0.9952802496820259,0,0.00033,sector_c
2162.56666667,0.9957685609066174,0,0.00033,sector_c
2162.56805556,0.9950555850289224,0,0.00033,sector_c
2162.56944444,0.9949887382467446,0,0.00033,sector_c
2162.57083333,0.9955277404078612,0,0.00033,sector_c
2162.57222222,0.995229832623446,0,0.00033,sector_c
2162.57361111,0.9955276925340888,0,0.00033,sector_c
2162.575,0.995454955316921,0,0.00033,sector_c
2162.57638889,0.9952621922150178,0,0.00033,sector_c
2162.57777778,0.9955349662019283,0,0.00033,sector_c
2162.57916667,0.9951989961093828,0,0.00033,sector_c
2162.58055556,0.9953582156176612,0,0.00033,sector_c
2162.58194444,0.995424275151013,0,0.00033,sector_c
2162.58333333,0.995155028872522,0,0.00033,sector_c
2162.58472222,0.9957116027284387,0,0.00033,sector_c
2162.58611111,0.9955949891314759,0,0.00033,sector_c
2162.5875,0.9951796244759231,0,0.00033,sector_c
2162.58888889,0.9957374270259474,0,0.00033,sector_c
2162.59027778,0.9952231887748754,0,0.00033,sector_c
2162.59166667,0.9951268599823442,0,0.00033,sector_c
2162.59305556,0.9955561854447869,0,0.00033,sector_c
2162.59444444,0.9957172196326068,0,0.00033,sector_c
2162.59583333,0.9949602809252193,0,0.00033,sector_c
2162.59722222,0.9952802120818969,0,0.00033,sector_c
2162.59861111,0.9952369884343134,0,0.00033,sector_c
2162.6,0.9956973849049976,0,0.00033,sector_c
2162.60138889,0.9955890042754799,0,0.00033,sector_c
2162.60277778,0.9952891854173868,0,0.00033,sector_c
2162.60416667,0.9953045546708946,0,0.00033,sector_c
2162.60555556,0.995437794566411,0,0.00033,sector_c
2162.60694444,0.9957315186158567,0,0.00033,sector_c
2162.60833333,0.995375642587603,0,0.00033,sector_c
2162.60972222,0.9951721837393254,0,0.00033,sector_c
2162.61111111,0.9952222208525388,0,0.00033,sector_c
2162.6125,0.9960501396390748,0,0.00033,sector_c
2162.61388889,0.9951481870165261,0,0.00033,sector_c
2162.61527778,0.9951800172437005,0,0.00033,sector_c
2162.61666667,0.9951133950441539,0,0.00033,sector_c
2162.61805556,0.9950778190894257,0,0.00033,sector_c
2162.61944444,0.9954494520555187,0,0.00033,sector_c
2162.62083333,0.9951800957904104,0,0.00033,sector_c
2162.62222222,0.9953672722759248,0,0.00033,sector_c
2162.62361111,0.9952122554236331,0,0.00033,sector_c
2162.625,0.9950735199177105,0,0.00033,sector_c
2162.62638889,0.9948580374468541,0,0.00033,sector_c
2162.62777778,0.9949003372157091,0,0.00033,sector_c
2162.62916667,0.9948057803702437,0,0.00033,sector_c
2162.63055556,0.9952611233974608,0,0.00033,sector_c
2162.63194444,0.9951994426040225,0,0.00033,sector_c
2162.63333333,0.995168861970709,0,0.00033,sector_c
2162.63472222,0.995606759182533,0,0.00033,sector_c
2162.63611111,0.9959808332087355,0,0.00033,sector_c
2162.6375,0.9952109943439709,0,0.00033,sector_c
2162.63888889,0.9951903015167047,0,0.00033,sector_c
2162.64027778,0.9951556084920958,0,0.00033,sector_c
2162.64166667,0.9953045124451034,0,0.00033,sector_c
2162.64305556,0.9954571376452009,0,0.00033,sector_c
2162.64444444,0.9954604633987879,0,0.00033,sector_c
2162.64583333,0.9951076036257339,0,0.00033,sector_c
2162.64722222,0.995548754807803,0,0.00033,sector_c
2162.64861111,0.9954359949178357,0,0.00033,sector_c
2162.65,0.994755379866528,0,0.00033,sector_c
2162.65138889,0.9953488531134361,0,0.00033,sector_c
2162.65277778,0.9952090705283156,0,0.00033,sector_c
2162.65416667,0.9949014960356686,0,0.00033,sector_c
2162.65555556,0.9950543833237889,0,0.00033,sector_c
2162.65694444,0.9952403376988765,0,0.00033,sector_c
2162.65833333,0.9951860282024216,0,0.00033,sector_c
2162.65972222,0.9956104489352003,0,0.00033,sector_c
2162.66111111,0.9955843205134427,0,0.00033,sector_c
2162.6625,0.9952239572221037,0,0.00033,sector_c
2162.66388889,0.9950168669128863,0,0.00033,sector_c
2162.66527778,0.9949003804842732,0,0.00033,sector_c
2162.66666667,0.9950708076038114,0,0.00033,sector_c
2162.66805556,0.9952182293180254,0,0.00033,sector_c
2162.66944444,0.9950422091104045,0,0.00033,sector_c
2162.67083333,0.9954861205442465,0,0.00033,sector_c
2162.67222222,0.9948455422796015,0,0.00033,sector_c
2162.67361111,0.9946268903928127,4096,0.00033,sector_c
2162.675,0.995366169564341,0,0.00033,sector_c
2162.67638889,0.9953298578742633,0,0.00033,sector_c
2162.67777778,0.9953023617564644,0,0.00033,sector_c
2162.67916667,0.9953266933172187,0,0.00033,sector_c
2162.68055556,0.9949282501217827,0,0.00033,sector_c
2162.68194444,0.9955160262941182,0,0.00033,sector_c
2162.68333333,0.9953685164740073,0,0.00033,sector_c
2162.68472222,0.9951399640343593,0,0.00033,sector_c
2162.68611111,0.9957364123078516,0,0.00033,sector_c
2162.6875,0.9951093597468514,0,0.00033,sector_c
2162.68888889,0.9951369808773239,0,0.00033,sector_c
2162.69027778,0.994996210535593,0,0.00033,sector_c
2162.69166667,0.9951315956028463,0,0.00033,sector_c
2162.69305556,0.9953111038083711,0,0.00033,sector_c
2162.69444444,0.9951113968526072,0,0.00033,sector_c
2162.69583333,0.9950073629022574,0,0.00033,sector_c
2162.69722222,0.9951302634830391,0,0.00033,sector_c
2162.69861111,0.9948264252488285,0,0.00033,sector_c
2162.7,0.9949550174926974,0,0.00033,sector_c
2162.70138889,0.9948578217720837,0,0.00033,sector_c
2162.70277778,0.9950537325329226,0,0.00033,sector_c
2162.70416667,0.9949796086911102,0,0.00033,sector_c
2162.70555556,0.9943046658230347,0,0.00033,sector_c
2162.70694444,0.9947985944820813,0,0.00033,sector_c
2162.70833333,0.994816736584293,0,0.00033,sector_c
2162.70972222,0.9947189808122522,0,0.00033,sector_c
2162.71111111,0.9950242398209939,0,0.00033,sector_c
2162.7125,0.9953320133932106,0,0.00033,sector_c
2162.71388889,0.9954698102586466,0,0.00033,sector_c
2162.71527778,0.995169317613044,0,0.00033,sector_c
2162.71666667,0.9948265426552138,0,0.00033,sector_c
2162.71805556,0.9951373863106107,0,0.00033,sector_c
2162.71944444,0.9953181755210815,0,0.00033,sector_c
2162.72083333,0.9959102936135007,0,0.00033,sector_c
2162.72222222,0.9953828474477044,0,0.00033,sector_c
2162.72361111,0.9954851051709441,0,0.00033,sector_c
2162.725,0.9952688630833887,0,0.00033,sector_c
2162.72638889,0.9947982314421546,0,0.00033,sector_c
2162.72777778,0.9952899934468514,0,0.00033,sector_c
2162.72916667,0.9950011056284598,0,0.00033,sector_c
2162.73055556,0.9950973166238827,0,0.00033,sector_c
2162.73194444,0.9952042697012599,0,0.00033,sector_c
2162.73333333,0.9952226850636786,0,0.00033,sector_c
2162.73472222,0.9951969594020144,0,0.00033,sector_c
2162.73611111,0.9954475706181948,0,0.00033,sector_c
2162.7375,0.9947092286778066,0,0.00033,sector_c
2162.73888889,0.9953705517117034,0,0.00033,sector_c
2162.74027778,0.9955984582330611,0,0.00033,sector_c
2162.74166667,0.9950551081314543,0,0.00033,sector_c
2162.74305556,0.9955847800515855,0,0.00033,sector_c
2162.74444444,0.9949621577419882,0,0.00033,sector_c
2162.74583333,0.9945175177644044,0,0.00033,sector_c
2162.74722222,0.9950819454506048,0,0.00033,sector_c
2162.74861111,0.9944689241090944,0,0.00033,sector_c
2162.75,0.9949612141275295,0,0.00033,sector_c
2162.75138889,0.9947028418497772,0,0.00033,sector_c
2162.75277778,0.9952983177206979,0,0.00033,sector_c
2162.75416667,0.9956360764848519,0,0.00033,sector_c
2162.75555556,0.994709597531099,0,0.00033,sector_c
2162.75694444,0.9947601618598875,0,0.00033,sector_c
2162.75833333,0.9950656807512567,0,0.00033,sector_c
2162.75972222,0.9951331937267892,0,0.00033,sector_c
2162.76111111,0.9950040656577125,0,0.00033,sector_c
2162.7625,0.9950373493267484,0,0.00033,sector_c
2162.76388889,0.9949514119955006,0,0.00033,sector_c
2162.76527778,0.9945966819121896,0,0.00033,sector_c
2162.76666667,0.9942440186889306,0,0.00033,sector_c
2162.76805556,0.9950799597829816,0,0.00033,sector_c
2162.76944444,0.9953060187877385,0,0.00033,sector_c
2162.77083333,0.9949449485947057,0,0.00033,sector_c
2162.77222222,0.9952872193843234,0,0.00033,sector_c
2162.77361111,0.9955086425019625,0,0.00033,sector_c
2162.775,0.9950807097768405,0,0.00033,sector_c
2162.77638889,0.9952481616576009,0,0.00033,sector_c
2162.77777778,0.995323097732351,0,0.00033,sector_c
2162.77916667,0.9949076073599504,0,0.00033,sector_c
2162.78055556,0.9951592430799076,0,0.00033,sector_c
2162.78194444,0.9947984935737723,0,0.00033,sector_c
2162.78333333,0.995473754924769,0,0.00033,sector_c
2162.78472222,0.995739022054618,0,0.00033,sector_c
2162.78611111,0.9950610225732124,0,0.00033,sector_c
2162.7875,0.9950688730594386,0,0.00033,sector_c
2162.78888889,0.9942165574308567,0,0.00033,sector_c
2162.79027778,0.9949891356505598,0,0.00033,sector_c
2162.79166667,0.9947363237100872,0,0.00033,sector_c
2162.79305556,0.9948186156408935,0,0.00033,sector_c
2162.79444444,0.9950217378839218,0,0.00033,sector_c
2162.79583333,0.9952824460762961,0,0.00033,sector_c
2162.79722222,0.9954130716341318,0,0.00033,sector_c
2162.79861111,0.9948167781006612,0,0.00033,sector_c
2162.8,0.9948867823371138,0,0.00033,sector_c
2162.80138889,0.9947984791912108,0,0.00033,sector_c
2162.80277778,0.9958952411057223,0,0.00033,sector_c
2162.80416667,0.995018701466452,0,0.00033,sector_c
2162.80555556,0.994934198137697,0,0.00033,sector_c
2162.80694444,0.9952674247048453,0,0.00033,sector_c
2162.80833333,0.9954451331648689,0,0.00033,sector_c
2162.80972222,0.9952526428844902,0,0.00033,sector_c
2162.81111111,0.995422216629045,0,0.00033,sector_c
2162.8125,0.9944910803614903,0,0.00033,sector_c
2162.81388889,0.9950525200562159,0,0.00033,sector_c
2162.81527778,0.9943022167577261,0,0.00033,sector_c
2162.81666667,0.9945646455753585,0,0.00033,sector_c
2162.81805556,0.9951049799863948,0,0.00033,sector_c
2162.81944444,0.9948067681162948,0,0.00033,sector_c
2162.82083333,0.9944802562516134,0,0.00033,sector_c
2162.82222222,0.9952742248848859,0,0.00033,sector_c
2162.82361111,0.9950498293133827,0,0.00033,sector_c
2162.825,0.9945980825398109,0,0.00033,sector_c
2162.82638889,0.9956416235945467,0,0.00033,sector_c
2162.82777778,0.9947100304330642,0,0.00033,sector_c
2162.82916667,0.9945548455868688,0,0.00033,sector_c
2162.83055556,0.9950170668218435,0,0.00033,sector_c
2162.83194444,0.9943425361633493,0,0.00033,sector_c
2162.83333333,0.9948032866789738,0,0.00033,sector_c
2162.83472222,0.9949001128561848,0,0.00033,sector_c
2162.83611111,0.9950296478563718,0,0.00033,sector_c
2162.8375,0.995052387866984,0,0.00033,sector_c
2162.83888889,0.99518445854228,0,0.00033,sector_c
2162.84027778,0.9947042196391684,0,0.00033,sector_c
2162.84166667,0.9950114309688491,0,0.00033,sector_c
2162.84305556,0.9949901969043791,0,0.00033,sector_c
2162.84444444,0.9952803715925712,0,0.00033,sector_c
2162.84583333,0.9945425256773869,0,0.00033,sector_c
2162.84722222,0.9951489443403381,0,0.00033,sector_c
2162.84861111,0.9948079304741608,0,0.00033,sector_c
2162.85,0.9953677337518027,0,0.00033,sector_c
2162.85138889,0.9952312449958393,0,0.00033,sector_c
2162.85277778,0.9949619048114882,0,0.00033,sector_c
2162.85416667,0.9948032552714529,0,0.00033,sector_c
2162.85555556,0.9949335842899056,0,0.00033,sector_c
2162.85694444,0.9946465959642571,0,0.00033,sector_c
2162.85833333,0.9949357203007134,0,0.00033,sector_c
2162.85972222,0.9948228765581484,0,0.00033,sector_c
2162.86111111,0.995275192051026,0,0.00033,sector_c
2162.8625,0.994881965554722,0,0.00033,sector_c
2162.86388889,0.9950198358456906,0,0.00033,sector_c
2162.86527778,0.9941817888276813,0,0.00033,sector_c
2162.86666667,0.995016619469015,0,0.00033,sector_c
2162.86805556,0.9946171067236725,0,0.00033,sector_c
2162.86944444,0.9948784107028973,0,0.00033,sector_c
2162.87083333,0.9944437302323033,0,0.00033,sector_c
2162.87222222,0.9950156574475353,0,0.00033,sector_c
2162.87361111,0.9944806935676918,0,0.00033,sector_c
2162.875,0.9951187498890675,0,0.00033,sector_c
2162.87638889,0.9950591087232057,0,0.00033,sector_c
2162.87777778,0.9950720714888499,0,0.00033,sector_c
2162.87916667,0.994673104483949,0,0.00033,sector_c
2162.88055556,0.9951968515440619,0,0.00033,sector_c
2162.88194444,0.994756776221504,0,0.00033,sector_c
2162.88333333,0.9944233496635415,0,0.00033,sector_c
2162.88472222,0.995533909353466,0,0.00033,sector_c
2162.88611111,0.994884516577577,0,0.00033,sector_c
2162.8875,0.9948245206595469,0,0.00033,sector_c
2162.88888889,0.9946210610774547,0,0.00033,sector_c
2162.89027778,0.994729506567956,0,0.00033,sector_c
2162.89166667,0.9949273233309877,0,0.00033,sector_c
2162.89305556,0.9947008895449357,0,0.00033,sector_c
2162.89444444,0.9944785966802167,0,0.00033,sector_c
2162.89583333,0.9953050354950471,0,0.00033,sector_c
2162.89722222,0.9948202008161549,0,0.00033,sector_c
2162.89861111,0.9943088794812048,0,0.00033,sector_c
2162.9,0.9945208293000075,0,0.00033,sector_c
2162.90138889,0.9944837988845457,0,0.00033,sector_c
2162.90277778,0.9950850663815526,0,0.00033,sector_c
2162.90416667,0.9951862110703031,0,0.00033,sector_c
2162.90555556,0.9948746081687131,0,0.00033,sector_c
2162.90694444,0.9946024515807955,0,0.00033,sector_c
2162.90833333,0.9948857852206084,0,0.00033,sector_c
2162.90972222,0.9946045726694962,0,0.00033,sector_c
2162.91111111,0.9945295158932909,0,0.00033,sector_c
2162.9125,0.9946063674480261,0,0.00033,sector_c
2162.91388889,0.9947965408343241,0,0.00033,sector_c
2162.91527778,0.9948075450923296,0,0.00033,sector_c
2162.91666667,0.9947887458504442,0,0.00033,sector_c
2162.91805556,0.9953076336171583,0,0.00033,sector_c
2162.91944444,0.9946677550079783,0,0.00033,sector_c
2162.92083333,0.994499671039344,0,0.00033,sector_c
2162.92222222,0.9947651694774408,0,0.00033,sector_c
2162.92361111,0.9952040195110998,0,0.00033,sector_c
2162.925,0.9944987995089415,0,0.00033,sector_c
2162.92638889,0.9948465722336237,0,0.00033,sector_c
2162.92777778,0.9948938897662555,0,0.00033,sector_c
2162.92916667,0.9949618416892242,0,0.00033,sector_c
2162.93055556,0.994523317882265,0,0.00033,sector_c
2162.93194444,0.9947522040401268,0,0.00033,sector_c
2162.93333333,0.9942787455931773,0,0.00033,sector_c
2162.93472222,0.9951094909373289,0,0.00033,sector_c
2162.93611111,0.9947432765439831,0,0.00033,sector_c
2162.9375,0.9945712382519407,0,0.00033,sector_c
2162.93888889,0.9948458437083842,0,0.00033,sector_c
2162.94027778,0.9949936523815416,0,0.00033,sector_c
2162.94166667,0.9948241852146962,0,0.00033,sector_c
2162.94305556,0.9943505079806114,0,0.00033,sector_c
2162.94444444,0.9946476043593908,0,0.00033,sector_c
2162.94583333,0.9945751385429366,0,0.00033,sector_c
2162.94722222,0.9952100560663072,0,0.00033,sector_c
2162.94861111,0.9951532227762027,0,0.00033,sector_c
2162.95,0.9948147374433891,0,0.00033,sector_c
2162.95138889,0.9948097113640518,0,0.00033,sector_c
2162.95277778,0.9945483187387398,0,0.00033,sector_c
2162.95416667,0.9940668323867952,0,0.00033,sector_c
2162.95555556,0.9954083258936951,0,0.00033,sector_c
2162.95694444,0.9947126114129909,0,0.00033,sector_c
2162.95833333,0.9947828580063794,0,0.00033,sector_c
2162.95972222,0.9945220197236275,0,0.00033,sector_c
2162.96111111,0.9945633060160985,0,0.00033,sector_c
2162.9625,0.994992395791125,0,0.00033,sector_c
2162.96388889,0.9948741393223615,0,0.00033,sector_c
2162.96527778,0.9942040493837598,0,0.00033,sector_c
2162.96666667,0.9950125118707749,0,0.00033,sector_c
2162.96805556,0.9948294001916101,0,0.00033,sector_c
2162.96944444,0.9951864773025121,0,0.00033,sector_c
2162.97083333,0.9955408406446471,0,0.00033,sector_c
2162.97222222,0.9949630282315474,0,0.00033,sector_c
2162.97361111,0.9945231684997404,0,0.00033,sector_c
2162.975,0.9949188890677207,0,0.00033,sector_c
2162.97638889,0.9944122147450479,0,0.00033,sector_c
2162.97777778,0.9946250093808582,0,0.00033,sector_c
2162.97916667,0.9949445295945542,0,0.00033,sector_c
2162.98055556,0.9948529859641033,0,0.00033,sector_c
2162.98194444,0.9953519356551611,0,0.00033,sector_c
2162.98333333,0.9947282519493854,0,0.00033,sector_c
2162.98472222,0.9953229911394185,0,0.00033,sector_c
2162.98611111,0.9942683319753227,0,0.00033,sector_c
2162.9875,0.9949512058185899,0,0.00033,sector_c
2162.98888889,0.9942021313552462,0,0.00033,sector_c
2162.99027778,0.9946596316427327,0,0.00033,sector_c
2162.99166667,0.9943017429462669,0,0.00033,sector_c
2162.99305556,0.9951496696764349,0,0.00033,sector_c
2162.99444444,0.9949426144343761,0,0.00033,sector_c
2162.99583333,0.9942718765261793,0,0.00033,sector_c
2162.99722222,0.9945468416786649,0,0.00033,sector_c
2162.99861111,0.9949649552643366,0,0.00033,sector_c
2163.0,0.9946129221587013,0,0.00033,sector_c
2163.00138889,0.9946430705815008,0,0.00033,sector_c
2163.00277778,0.9951993706563657,0,0.00033,sector_c
2163.00416667,0.9948283320442691,0,0.00033,sector_c
2163.00555556,0.9946563888194659,0,0.00033,sector_c
2163.00694444,0.9946374127494451,0,0.00033,sector_c
2163.00833333,0.9947178644569478,0,0.00033,sector_c
2163.00972222,0.9949612574269515,0,0.00033,sector_c
2163.01111111,0.9946579540760562,2048,0.00033,sector_c
2163.0125,0.994412387587286,0,0.00033,sector_c
2163.01388889,0.9945826525293487,0,0.00033,sector_c
2163.01527778,0.994881072411898,0,0.00033,sector_c
2163.01666667,0.9949641007197658,0,0.00033,sector_c
2163.01805556,0.994733500057493,0,0.00033,sector_c
2163.01944444,0.994522056753678,0,0.00033,sector_c
2163.02083333,0.99428165946048,0,0.00033,sector_c
2163.02222222,0.995608034036922,0,0.00033,sector_c
2163.02361111,0.9940531143917182,0,0.00033,sector_c
2163.025,0.9942926891806245,0,0.00033,sector_c
2163.02638889,0.9952841485301978,0,0.00033,sector_c
2163.02777778,0.9946964649416246,0,0.00033,sector_c
2163.02916667,0.9946750140055236,0,0.00033,sector_c
2163.03055556,0.9946764492339895,0,0.00033,sector_c
2163.03194444,0.9946967377561392,0,0.00033,sector_c
2163.03333333,0.9944029497792667,0,0.00033,sector_c
2163.03472222,0.9946848542111885,0,0.00033,sector_c
2163.03611111,0.9947253743455129,0,0.00033,sector_c
2163.0375,0.9950722573198842,0,0.00033,sector_c
2163.03888889,0.9952246833063144,0,0.00033,sector_c
2163.04027778,0.9946341741998901,0,0.00033,sector_c
2163.04166667,0.9940893214632637,0,0.00033,sector_c
2163.04305556,0.9941916306819977,0,0.00033,sector_c
2163.04444444,0.994984677644158,0,0.00033,sector_c
2163.04583333,0.9943754622467817,0,0.00033,sector_c
2163.04722222,0.9947715877459573,0,0.00033,sector_c
2163.04861111,0.9938702237931768,0,0.00033,sector_c
2163.05,0.9945948095207913,0,0.00033,sector_c
2163.05138889,0.9946578629072054,0,0.00033,sector_c
2163.05277778,0.994701956317168,0,0.00033,sector_c
2163.05416667,0.9948075772301211,0,0.00033,sector_c
2163.05555556,0.9945562610828343,0,0.00033,sector_c
2163.05694444,0.9945691103476438,0,0.00033,sector_c
2163.05833333,0.9946185199656885,0,0.00033,sector_c
2163.05972222,0.994860794394612,0,0.00033,sector_c
2163.06111111,0.9944209707961305,0,0.00033,sector_c
2163.0625,0.994630297840668,0,0.00033,sector_c
2163.06388889,0.9946776342609943,0,0.00033,sector_c
2163.06527778,0.9941813116509083,0,0.00033,sector_c
2163.06666667,0.9944834855893276,0,0.00033,sector_c
2163.06805556,0.9948354893916538,0,0.00033,sector_c
2163.06944444,0.9950710300131529,0,0.00033,sector_c
2163.07083333,0.9945189833446297,2048,0.00033,sector_c
2163.07222222,0.9947775876059831,0,0.00033,sector_c
2163.07361111,0.9943658466669848,0,0.00033,sector_c
2163.075,0.9947714398063113,0,0.00033,sector_c
2163.07638889,0.9944750841704524,0,0.00033,sector_c
2163.07777778,0.9944153373304561,0,0.00033,sector_c
2163.07916667,0.9948406104141848,0,0.00033,sector_c
2163.08055556,0.9952071000126625,0,0.00033,sector_c
2163.08194444,0.9945019974582308,0,0.00033,sector_c
2163.08333333,0.995051161265743,0,0.00033,sector_c
2163.08472222,0.9946260194397745,0,0.00033,sector_c
2163.08611111,0.994445350275852,0,0.00033,sector_c
2163.0875,0.9947948486779399,0,0.00033,sector_c
2163.08888889,0.9948786211535412,0,0.00033,sector_c
2163.09027778,0.99474284582773,0,0.00033,sector_c
2163.09166667,0.9952439622005407,0,0.00033,sector_c
2163.09305556,0.995256476403755,0,0.00033,sector_c
2163.09444444,0.9952811691402439,0,0.00033,sector_c
2163.09583333,0.9950266347733501,0,0.00033,sector_c
2163.09722222,0.9942957959802985,0,0.00033,sector_c
2163.09861111,0.9946989228241682,0,0.00033,sector_c
2163.1,0.9942859088738657,0,0.00033,sector_c
2163.10138889,0.9951335228454313,0,0.00033,sector_c
2163.10277778,0.9944953521799538,0,0.00033,sector_c
2163.10416667,0.9948331529639903,0,0.00033,sector_c
2163.10555556,0.9942196728274338,0,0.00033,sector_c
2163.10694444,0.9948448671926712,0,0.00033,sector_c
2163.10833333,0.994745974695852,0,0.00033,sector_c
2163.10972222,0.9943479889385451,2048,0.00033,sector_c
2163.11111111,0.9945189415145311,0,0.00033,sector_c
2163.1125,0.9942336931398085,0,0.00033,sector_c
2163.11388889,0.9946147009520062,0,0.00033,sector_c
2163.11527778,0.9939248212541665,0,0.00033,sector_c
2163.11666667,0.994898861672853,0,0.00033,sector_c
2163.11805556,0.9943562172522983,0,0.00033,sector_c
2163.11944444,0.9951836776200366,0,0.00033,sector_c
2163.12083333,0.9945481051605898,0,0.00033,sector_c
2163.12222222,0.9946507168022926,0,0.00033,sector_c
2163.12361111,0.9953162715831404,0,0.00033,sector_c
2163.125,0.994407801865849,0,0.00033,sector_c
2163.12638889,0.9948039893853214,0,0.00033,sector_c
2163.12777778,0.9949509535820059,0,0.00033,sector_c
2163.12916667,0.9947250699074017,0,0.00033,sector_c
2163.13055556,0.994596872717528,0,0.00033,sector_c
2163.13194444,0.9945351340788612,0,0.00033,sector_c
2163.13333333,0.9945034429480661,0,0.00033,sector_c
2163.13472222,0.9948201965975596,0,0.00033,sector_c
2163.13611111,0.9947105732282732,0,0.00033,sector_c
2163.1375,0.9946912623027572,0,0.00033,sector_c
2163.13888889,0.9947125484534987,0,0.00033,sector_c
2163.14027778,0.9951102657792722,0,0.00033,sector_c
2163.14166667,0.9948227162373524,0,0.00033,sector_c
2163.14305556,0.9942469892931445,0,0.00033,sector_c
2163.14444444,0.994887039041796,0,0.00033,sector_c
2163.14583333,0.9949127881537965,0,0.00033,sector_c
2163.14722222,0.9950280303836321,0,0.00033,sector_c
2163.14861111,0.994604309498857,0,0.00033,sector_c
2163.15,0.9944457213285113,0,0.00033,sector_c
2163.15138889,0.9944843083808447,0,0.00033,sector_c
2163.15277778,0.9947165776968514,0,0.00033,sector_c
2163.15416667,0.9942133880366225,0,0.00033,sector_c
2163.15555556,0.9947230408769765,0,0.00033,sector_c
2163.15694444,0.9946477173168788,0,0.00033,sector_c
2163.15833333,0.9942063616764986,0,0.00033,sector_c
2163.15972222,0.9945946344716957,0,0.00033,sector_c
2163.16111111,0.9949077699074751,0,0.00033,sector_c
2163.1625,0.9945224972729154,0,0.00033,sector_c
2163.16388889,0.995404278017966,0,0.00033,sector_c
2163.16527778,0.9939729756702979,0,0.00033,sector_c
2163.16666667,0.9944707558442103,0,0.00033,sector_c
2163.16805556,0.9944766967035087,0,0.00033,sector_c
2163.16944444,0.9947974081571476,0,0.00033,sector_c
2163.17083333,0.9948515623254917,0,0.00033,sector_c
2163.17222222,0.9946694871195749,0,0.00033,sector_c
2163.17361111,0.9947073355164313,0,0.00033,sector_c
2163.175,0.9945088159989339,0,0.00033,sector_c
2163.17638889,0.9953138799807422,0,0.00033,sector_c
2163.17777778,0.9949702133482177,0,0.00033,sector_c
2163.17916667,0.9943419498388263,0,0.00033,sector_c
2163.18055556,0.9944270598975047,0,0.00033,sector_c
2163.18194444,0.9945343693902349,0,0.00033,sector_c
2163.18333333,0.9946584517036567,0,0.00033,sector_c
2163.18472222,0.9944394721833444,0,0.00033,sector_c
2163.18611111,0.9941625950787908,0,0.00033,sector_c
2163.1875,0.9952001001376051,0,0.00033,sector_c
2163.18888889,0.9951790180891826,0,0.00033,sector_c
2163.19027778,0.9944603708885258,0,0.00033,sector_c
2163.19166667,0.9941502072786025,0,0.00033,sector_c
2163.19305556,0.9949784877016261,0,0.00033,sector_c
2163.19444444,0.995201260919037,0,0.00033,sector_c
2163.19583333,0.99446171698549,0,0.00033,sector_c
2163.19722222,0.9942133852066952,0,0.00033,sector_c
2163.19861111,0.9948622658474858,0,0.00033,sector_c
2163.2,0.9950461244894618,0,0.00033,sector_c
2163.20138889,0.9944011437536702,0,0.00033,sector_c
2163.20277778,0.9944896886404557,0,0.00033,sector_c
2163.20416667,0.994589747293516,0,0.00033,sector_c
2163.20555556,0.9947191521183011,0,0.00033,sector_c
2163.20694444,0.9942200404832522,0,0.00033,sector_c
2163.20833333,0.9945506284530194,0,0.00033,sector_c
2163.20972222,0.994389237743161,0,0.00033,sector_c
2163.21111111,0.9950899945593906,0,0.00033,sector_c
2163.2125,0.9947240976470729,0,0.00033,sector_c
2163.21388889,0.9948194912933082,0,0.00033,sector_c
2163.21527778,0.9946431463599268,0,0.00033,sector_c
2163.21666667,0.9951252690575039,0,0.00033,sector_c
2163.21805556,0.9946456280795084,0,0.00033,sector_c
2163.21944444,0.9940587206127803,0,0.00033,sector_c
2163.22083333,0.9948301989210334,0,0.00033,sector_c
2163.22222222,0.9942963862693658,0,0.00033,sector_c
2163.22361111,0.9943749825847392,0,0.00033,sector_c
2163.225,0.9947340106238356,0,0.00033,sector_c
2163.22638889,0.9946785908048544,0,0.00033,sector_c
2163.22777778,0.9946751534037535,0,0.00033,sector_c
2163.22916667,0.9947526168828417,0,0.00033,sector_c
2163.23055556,0.9943276498862911,0,0.00033,sector_c
2163.23194444,0.9948706313967659,0,0.00033,sector_c
2163.23333333,0.9943138205147254,0,0.00033,sector_c
2163.23472222,0.9943129026335884,0,0.00033,sector_c
2163.23611111,0.9943592498725254,0,0.00033,sector_c
2163.2375,0.9946020188705006,0,0.00033,sector_c
2163.23888889,0.9948739829510563,0,0.00033,sector_c
2163.24027778,0.9941906693137721,0,0.00033,sector_c
2163.24166667,0.9946641151929096,0,0.00033,sector_c
2163.24305556,0.9941833035072036,0,0.00033,sector_c
2163.24444444,0.9946691767144994,0,0.00033,sector_c
2163.24583333,0.9951329619325548,0,0.00033,sector_c
2163.24722222,0.9952546844140544,0,0.00033,sector_c
2163.24861111,0.9944875030196609,0,0.00033,sector_c
2163.25,0.9950404949697831,0,0.00033,sector_c
2163.25138889,0.9945385450708462,0,0.00033,sector_c
2163.25277778,0.9947042462445423,0,0.00033,sector_c
2163.25416667,0.9947505091016869,0,0.00033,sector_c
2163.25555556,0.99465002912853,0,0.00033,sector_c
2163.25694444,0.9950566228575232,0,0.00033,sector_c
2163.25833333,0.9950311586985516,0,0.00033,sector_c
2163.25972222,0.9945702866938211,0,0.00033,sector_c
2163.26111111,0.9945615259033763,0,0.00033,sector_c
2163.2625,0.9944376703900575,0,0.00033,sector_c
2163.26388889,0.9946931133265066,0,0.00033,sector_c
2163.26527778,0.9949833357237563,0,0.00033,sector_c
2163.26666667,0.9947333455373997,0,0.00033,sector_c
2163.26805556,0.9947027158119961,0,0.00033,sector_c
2163.26944444,0.9944721311307249,0,0.00033,sector_c
2163.27083333,0.994824765518137,0,0.00033,sector_c
2163.27222222,0.9943743202132138,0,0.00033,sector_c
2163.27361111,0.9946671740054738,0,0.00033,sector_c
2163.275,0.9943668946031544,4096,0.00033,sector_c
2163.27638889,0.994750575497603,0,0.00033,sector_c
2163.27777778,0.9946513344014385,0,0.00033,sector_c
2163.27916667,0.9945486538645116,0,0.00033,sector_c
2163.28055556,0.9948616342428989,0,0.00033,sector_c
2163.28194444,0.9943011315908488,0,0.00033,sector_c
2163.28333333,0.994198381986901,0,0.00033,sector_c
2163.28472222,0.9949754142329185,0,0.00033,sector_c
2163.28611111,0.9946420271980614,0,0.00033,sector_c
2163.2875,0.9944293451691107,0,0.00033,sector_c
2163.28888889,0.9946066715582557,0,0.00033,sector_c
2163.29027778,0.9948579019857559,0,0.00033,sector_c
2163.29166667,0.9950116099854207,0,0.00033,sector_c
2163.29305556,0.9950226063139933,0,0.00033,sector_c
2163.29444444,0.9945059098919157,0,0.00033,sector_c
2163.29583333,0.9950190271208594,0,0.00033,sector_c
2163.29722222,0.9950206957829112,0,0.00033,sector_c
2163.29861111,0.994141136372991,0,0.00033,sector_c
2163.3,0.9946402901004692,0,0.00033,sector_c
2163.30138889,0.9944163235511645,0,0.00033,sector_c
2163.30277778,0.9942577752318695,0,0.00033,sector_c
2163.30416667,0.9942948268401037,0,0.00033,sector_c
2163.30555556,0.9946133924193258,0,0.00033,sector_c
2163.30694444,0.9947589046281016,0,0.00033,sector_c
2163.30833333,0.9951908888924322,0,0.00033,sector_c
2163.30972222,0.9945104693959732,0,0.00033,sector_c
2163.31111111,0.9948012271523156,0,0.00033,sector_c
2163.3125,0.9944887757784803,0,0.00033,sector_c
2163.31388889,0.9947411270651014,0,0.00033,sector_c
2163.31527778,0.9946139389827436,0,0.00033,sector_c
2163.31666667,0.9945323949326176,0,0.00033,sector_c
2163.31805556,0.994592860789708,0,0.00033,sector_c
2163.31944444,0.9946517231647034,0,0.00033,sector_c
2163.32083333,0.9948491573693149,0,0.00033,sector_c
2163.32222222,0.9944405247950687,0,0.00033,sector_c
2163.32361111,0.9947571274704038,0,0.00033,sector_c
2163.325,0.9945877320572664,0,0.00033,sector_c
2163.32638889,0.994572207429714,0,0.00033,sector_c
2163.32777778,0.9944431470235554,0,0.00033,sector_c
2163.32916667,0.9940611304548411,0,0.00033,sector_c
2163.33055556,0.9951996952543533,0,0.00033,sector_c
2163.33194444,0.9947087103664739,0,0.00033,sector_c
2163.33333333,0.9942429090721174,0,0.00033,sector_c
2163.33472222,0.9944710436173413,0,0.00033,sector_c
2163.33611111,0.9947518993163272,0,0.00033,sector_c
2163.3375,0.9954181026311464,0,0.00033,sector_c
2163.33888889,0.9949385830170028,0,0.00033,sector_c
2163.34027778,0.9945777615324495,0,0.00033,sector_c
2163.34166667,0.9945945126868178,0,0.00033,sector_c
2163.34305556,0.9949937821848152,0,0.00033,sector_c
2163.34444444,0.9947825496290048,0,0.00033,sector_c
2163.34583333,0.9944036598306655,0,0.00033,sector_c
2163.34722222,0.9945161980211168,0,0.00033,sector_c
2163.34861111,0.9945317928219463,0,0.00033,sector_c
2163.35,0.9949786998450161,0,0.00033,sector_c
2163.35138889,0.9946700537708194,0,0.00033,sector_c
2163.35277778,0.9944328565785568,0,0.00033,sector_c
2163.35416667,0.9942710386073925,0,0.00033,sector_c
2163.35555556,0.99447166329921,0,0.00033,sector_c
2163.35694444,0.9947645950166087,0,0.00033,sector_c
2163.35833333,0.9951923971469504,0,0.00033,sector_c
2163.35972222,0.9948115419056875,0,0.00033,sector_c
2163.36111111,0.9949727345065794,0,0.00033,sector_c
2163.3625,0.9947168089598764,0,0.00033,sector_c
2163.36388889,0.9950902173179462,0,0.00033,sector_c
2163.36527778,0.9947644668641538,0,0.00033,sector_c
2163.36666667,0.994572490312873,0,0.00033,sector_c
2163.36805556,0.9949464922531132,0,0.00033,sector_c
2163.36944444,0.9944991793584594,0,0.00033,sector_c
2163.37083333,0.9954323044085522,0,0.00033,sector_c
2163.37222222,0.9943012697219722,0,0.00033,sector_c
2163.37361111,0.9947576888420531,0,0.00033,sector_c
2163.375,0.9947991094271803,0,0.00033,sector_c
2163.37638889,0.9944378798616959,0,0.00033,sector_c
2163.37777778,0.994481791409189,0,0.00033,sector_c
2163.37916667,0.9949864540325485,0,0.00033,sector_c
2163.38055556,0.994979631306919,0,0.00033,sector_c
2163.38194444,0.9943536326732497,0,0.00033,sector_c
2163.38333333,0.9948916838391699,0,0.00033,sector_c
2163.38472222,0.9943481474868686,0,0.00033,sector_c
2163.38611111,0.9948674225728132,0,0.00033,sector_c
2163.3875,0.9946939158046203,0,0.00033,sector_c
2163.38888889,0.9945293211456332,0,0.00033,sector_c
2163.39027778,0.9943514698467256,0,0.00033,sector_c
2163.39166667,0.9950009563116338,0,0.00033,sector_c
2163.39305556,0.9948862351291681,0,0.00033,sector_c
2163.39444444,0.9940517870573773,0,0.00033,sector_c
2163.39583333,0.9947229061737006,0,0.00033,sector_c
2163.39722222,0.9943098083877009,0,0.00033,sector_c
2163.39861111,0.994903841341775,0,0.00033,sector_c
2163.4,0.9945471239674147,0,0.00033,sector_c
2163.40138889,0.995245641641131,0,0.00033,sector_c
2163.40277778,0.9948662059745796,0,0.00033,sector_c
2163.40416667,0.9949491030324794,0,0.00033,sector_c
2163.40555556,0.9945090325580125,0,0.00033,sector_c
2163.40694444,0.9946253791592946,0,0.00033,sector_c
2163.40833333,0.994396449915473,0,0.00033,sector_c
2163.40972222,0.9943169276854656,0,0.00033,sector_c
2163.41111111,0.9947646275853602,0,0.00033,sector_c
2163.4125,0.9941580687316088,0,0.00033,sector_c
2163.41388889,0.994974427187076,0,0.00033,sector_c
2163.41527778,0.9947530974613791,0,0.00033,sector_c
2163.41666667,0.9943484891561495,0,0.00033,sector_c
2163.41805556,0.9945502205732173,0,0.00033,sector_c
2163.41944444,0.9946594064649199,0,0.00033,sector_c
2163.42083333,0.9944232658071984,0,0.00033,sector_c
2163.42222222,0.9945826915625684,0,0.00033,sector_c
2163.42361111,0.9947328011044893,0,0.00033,sector_c
2163.425,0.9947596017246816,0,0.00033,sector_c
2163.42638889,0.9949764721852,0,0.00033,sector_c
2163.42777778,0.994654348237116,0,0.00033,sector_c
2163.42916667,0.9949991347397951,0,0.00033,sector_c
2163.43055556,0.9946201153556578,0,0.00033,sector_c
2163.43194444,0.9948153015461402,0,0.00033,sector_c
2163.43333333,0.9947672521031725,0,0.00033,sector_c
2163.43472222,0.9946387663792693,0,0.00033,sector_c
2163.43611111,0.994524230450759,0,0.00033,sector_c
2163.4375,0.9946368937466165,0,0.00033,sector_c
2163.43888889,0.9949372358282973,0,0.00033,sector_c
2163.44027778,0.994567030139492,0,0.00033,sector_c
2163.44166667,0.9949127052128842,0,0.00033,sector_c
2163.44305556,0.9944566999666227,0,0.00033,sector_c
2163.44444444,0.9944319600573281,0,0.00033,sector_c
2163.44583333,0.9948667805225659,0,0.00033,sector_c
2163.44722222,0.9944167827278726,0,0.00033,sector_c
2163.44861111,0.9946665405438455,0,0.00033,sector_c
2163.45,0.9942975709405384,0,0.00033,sector_c
2163.45138889,0.9950758775711057,0,0.00033,sector_c
2163.45277778,0.9942351772566251,0,0.00033,sector_c
2163.45416667,0.9943843658351393,0,0.00033,sector_c
2163.45555556,0.9942370508427639,0,0.00033,sector_c
2163.45694444,0.9950684090601295,0,0.00033,sector_c
2163.45833333,0.994859573551384,0,0.00033,sector_c
2163.45972222,0.9949325550233504,0,0.00033,sector_c
2163.46111111,0.9953626059798267,0,0.00033,sector_c
2163.4625,0.9946560019790592,0,0.00033,sector_c
2163.46388889,0.9946447010537179,0,0.00033,sector_c
2163.46527778,0.9950371493877358,0,0.00033,sector_c
2163.46666667,0.9946700629260373,0,0.00033,sector_c
2163.46805556,0.9947914285012837,0,0.00033,sector_c
2163.46944444,0.9949321500517607,0,0.00033,sector_c
2163.47083333,0.995024958980527,0,0.00033,sector_c
2163.47222222,0.994879628023024,0,0.00033,sector_c
2163.47361111,0.995229798625806,0,0.00033,sector_c
2163.475,0.9947832913498151,0,0.00033,sector_c
2163.47638889,0.9953371589007477,0,0.00033,sector_c
2163.47777778,0.9949636515344589,0,0.00033,sector_c
2163.47916667,0.9944262626004922,0,0.00033,sector_c
2163.48055556,0.9952905705847791,0,0.00033,sector_c
2163.48194444,0.9949758028578504,0,0.00033,sector_c
2163.48333333,0.9946250691907758,0,0.00033,sector_c
2163.48472222,0.9942035986755225,0,0.00033,sector_c
2163.48611111,0.9944937248873879,0,0.00033,sector_c
2163.4875,0.9947621825046127,0,0.00033,sector_c
2163.48888889,0.9947186026803859,0,0.00033,sector_c
2163.49027778,0.9946412517690484,0,0.00033,sector_c
2163.49166667,0.9942171806398444,0,0.00033,sector_c
2163.49305556,0.9947750885285342,0,0.00033,sector_c
2163.49444444,0.9950544962438428,0,0.00033,sector_c
2163.49583333,0.9948028343666809,0,0.00033,sector_c
2163.49722222,0.9948837847212321,0,0.00033,sector_c
2163.49861111,0.9942374252934416,0,0.00033,sector_c
2163.5,0.9950091049431129,0,0.00033,sector_c
2163.50138889,0.9950037891985041,0,0.00033,sector_c
2163.50277778,0.994936317352717,0,0.00033,sector_c
2163.50416667,0.9949759405715292,0,0.00033,sector_c
2163.50555556,0.9951042364051597,0,0.00033,sector_c
2163.50694444,0.9946453477985387,0,0.00033,sector_c
2163.50833333,0.9949041966269928,0,0.00033,sector_c
2163.50972222,0.9951505513259937,0,0.00033,sector_c
2163.51111111,0.9949817725328135,0,0.00033,sector_c
2163.5125,0.9941955133611499,0,0.00033,sector_c
2163.51388889,0.9951295801729921,0,0.00033,sector_c
2163.51527778,0.9944018718960199,0,0.00033,sector_c
2163.51666667,0.9948746206685359,0,0.00033,sector_c
2163.51805556,0.9949935374863,0,0.00033,sector_c
2163.51944444,0.9951303017320102,0,0.00033,sector_c
2163.52083333,0.9945379389470083,0,0.00033,sector_c
2163.52222222,0.994881415681141,0,0.00033,sector_c
2163.52361111,0.99499699468529,0,0.00033,sector_c
2163.525,0.9948494774269449,2048,0.00033,sector_c
2163.52638889,0.9947670031473809,0,0.00033,sector_c
2163.52777778,0.9947425993607746,0,0.00033,sector_c
2163.52916667,0.9950141771042935,0,0.00033,sector_c
2163.53055556,0.9952981693870369,0,0.00033,sector_c
2163.53194444,0.9951411778458258,0,0.00033,sector_c
2163.53333333,0.9948207870476796,0,0.00033,sector_c
2163.53472222,0.9947523500335358,0,0.00033,sector_c
2163.53611111,0.9947802216675614,0,0.00033,sector_c
2163.5375,0.9946794577750088,0,0.00033,sector_c
2163.53888889,0.9950065844498286,0,0.00033,sector_c
2163.54027778,0.9952729019970781,0,0.00033,sector_c
2163.54166667,0.9948570997607178,0,0.00033,sector_c
2163.54305556,0.9949157328104887,0,0.00033,sector_c
2163.54444444,0.9945279535267971,0,0.00033,sector_c
2163.54583333,0.9950815482624551,0,0.00033,sector_c
2163.54722222,0.9949327174995021,0,0.00033,sector_c
2163.54861111,0.9941801710053371,0,0.00033,sector_c
2163.55,0.995135444029277,0,0.00033,sector_c
2163.55138889,0.9953581225291173,0,0.00033,sector_c
2163.55277778,0.9947803976821165,0,0.00033,sector_c
2163.55416667,0.9950524261190211,0,0.00033,sector_c
2163.55555556,0.9951937311853757,0,0.00033,sector_c
2163.55694444,0.9947554082549557,4096,0.00033,sector_c
2163.55833333,0.9944177666386711,0,0.00033,sector_c
2163.55972222,0.9950899404230719,0,0.00033,sector_c
2163.56111111,0.994798830556836,0,0.00033,sector_c
2163.5625,0.9949130351376284,0,0.00033,sector_c
2163.56388889,0.9944233437836179,0,0.00033,sector_c
2163.56527778,0.9953578115370701,0,0.00033,sector_c
2163.56666667,0.9942552435003994,0,0.00033,sector_c
2163.56805556,0.9945129884755874,2048,0.00033,sector_c
2163.56944444,0.9954081038762582,0,0.00033,sector_c
2163.57083333,0.9949055263404754,0,0.00033,sector_c
2163.57222222,0.9952402131595995,0,0.00033,sector_c
2163.57361111,0.9952474071133466,0,0.00033,sector_c
2163.575,0.9951387005764457,0,0.00033,sector_c
2163.57638889,0.9942189960669151,0,0.00033,sector_c
2163.57777778,0.994700245344262,0,0.00033,sector_c
2163.57916667,0.995016591045526,0,0.00033,sector_c
2163.58055556,0.9948587955250314,0,0.00033,sector_c
2163.58194444,0.9949488740888727,0,0.00033,sector_c
2163.58333333,0.9949247485001723,0,0.00033,sector_c
2163.58472222,0.9946417841392202,0,0.00033,sector_c
2163.58611111,0.9952427868129408,0,0.00033,sector_c
2163.5875,0.9946461057060916,0,0.00033,sector_c
2163.58888889,0.9950013068489274,0,0.00033,sector_c
2163.59027778,0.9950333601193515,0,0.00033,sector_c
2163.59166667,0.9950806196905062,0,0.00033,sector_c
2163.59305556,0.9953645012094867,0,0.00033,sector_c
2163.59444444,0.9951082278092596,0,0.00033,sector_c
2163.59583333,0.9952304575216079,0,0.00033,sector_c
2163.59722222,0.9951582011969542,0,0.00033,sector_c
2163.59861111,0.9947563121463817,0,0.00033,sector_c
2163.6,0.9947978663289214,0,0.00033,sector_c
2163.60138889,0.9950303649355987,0,0.00033,sector_c
2163.60277778,0.9954674510827954,0,0.00033,sector_c
2163.60416667,0.9950417799619342,0,0.00033,sector_c
2163.60555556,0.9954016598950194,0,0.00033,sector_c
2163.60694444,0.9943326283429916,0,0.00033,sector_c
2163.60833333,0.9954427410943121,0,0.00033,sector_c
2163.60972222,0.9948394063090205,0,0.00033,sector_c
2163.61111111,0.9952673743133227,0,0.00033,sector_c
2163.6125,0.9954908680158002,0,0.00033,sector_c
2163.61388889,0.9949388472413524,0,0.00033,sector_c
2163.61527778,0.9946796350243168,0,0.00033,sector_c
2163.61666667,0.9955150510221894,0,0.00033,sector_c
2163.61805556,0.9950210529802288,0,0.00033,sector_c
2163.61944444,0.9950376504563223,0,0.00033,sector_c
2163.62083333,0.9956198965387786,0,0.00033,sector_c
2163.62222222,0.9949621795167973,0,0.00033,sector_c
2163.62361111,0.9951868418605847,0,0.00033,sector_c
2163.625,0.9952450655651442,0,0.00033,sector_c
2163.62638889,0.9949874203575336,0,0.00033,sector_c
2163.62777778,0.9946710812477539,0,0.00033,sector_c
2163.62916667,0.9950466203262769,0,0.00033,sector_c
2163.63055556,0.9945866153628924,0,0.00033,sector_c
2163.63194444,0.9947925727104237,0,0.00033,sector_c
2163.63333333,0.9949937026047267,0,0.00033,sector_c
2163.63472222,0.9942123408248651,0,0.00033,sector_c
2163.63611111,0.9947679593589783,0,0.00033,sector_c
2163.6375,0.9949105493948381,0,0.00033,sector_c
2163.63888889,0.9950547963282893,0,0.00033,sector_c
2163.64027778,0.994983665642226,0,0.00033,sector_c
2163.64166667,0.9944855707868828,0,0.00033,sector_c
2163.64305556,0.9944768271486747,0,0.00033,sector_c
2163.64444444,0.9955986336289564,0,0.00033,sector_c
2163.64583333,0.9951884595791818,0,0.00033,sector_c
2163.64722222,0.9952473900316765,0,0.00033,sector_c
2163.64861111,0.9952277611243837,0,0.00033,sector_c
2163.65,0.9949682329579436,0,0.00033,sector_c
2163.65138889,0.9956808378119673,0,0.00033,sector_c
2163.65277778,0.9948654711160648,0,0.00033,sector_c
2163.65416667,0.9952593888680287,0,0.00033,sector_c
2163.65555556,0.9948663249064121,0,0.00033,sector_c
2163.65694444,0.995271196100568,0,0.00033,sector_c
2163.65833333,0.9950693768656023,0,0.00033,sector_c
2163.65972222,0.9953936516140668,0,0.00033,sector_c
2163.66111111,0.9954267938721633,0,0.00033,sector_c
2163.6625,0.9948230876243732,0,0.00033,sector_c
2163.66388889,0.9957407359816177,0,0.00033,sector_c
2163.66527778,0.9953578406704698,0,0.00033,sector_c
2163.66666667,0.9953480333072244,0,0.00033,sector_c
2163.66805556,0.9952983498242103,0,0.00033,sector_c
2163.66944444,0.9953452165198762,0,0.00033,sector_c
2163.67083333,0.9950156516955584,0,0.00033,sector_c
2163.67222222,0.9950248184638814,0,0.00033,sector_c
2163.67361111,0.9956386751279321,0,0.00033,sector_c
2163.675,0.9952145264810992,0,0.00033,sector_c
2163.67638889,0.9949257770979009,0,0.00033,sector_c
2163.67777778,0.9950341508306944,0,0.00033,sector_c
2163.67916667,0.9951112816809331,0,0.00033,sector_c
2163.68055556,0.9950819529459171,0,0.00033,sector_c
2163.68194444,0.995300612773234,0,0.00033,sector_c
2163.68333333,0.9951214886559235,0,0.00033,sector_c
2163.68472222,0.9950499528777187,0,0.00033,sector_c
2163.68611111,0.995337581715738,0,0.00033,sector_c
2163.6875,0.9949395756022489,0,0.00033,sector_c
2163.68888889,0.9950978817331612,0,0.00033,sector_c
2163.69027778,0.9954215515002638,0,0.00033,sector_c
2163.69166667,0.9952812041711433,0,0.00033,sector_c
2163.69305556,0.9958002563362262,0,0.00033,sector_c
2163.69444444,0.994934771108888,0,0.00033,sector_c
2163.69583333,0.9956045078572938,0,0.00033,sector_c
2163.69722222,0.9957665085124223,0,0.00033,sector_c
2163.69861111,0.9955560125417369,0,0.00033,sector_c
2163.7,0.9956912781786211,0,0.00033,sector_c
2163.70138889,0.9955631573401886,0,0.00033,sector_c
2163.70277778,0.9949599277312335,0,0.00033,sector_c
2163.70416667,0.9952429192730482,0,0.00033,sector_c
2163.70555556,0.9948103186112213,0,0.00033,sector_c
2163.70694444,0.9954531514312097,0,0.00033,sector_c
2163.70833333,0.9954042029680267,0,0.00033,sector_c
2163.70972222,0.9952519896954074,0,0.00033,sector_c
2163.71111111,0.9950888219408064,0,0.00033,sector_c
2163.7125,0.994904605195594,0,0.00033,sector_c
2163.71388889,0.9955720051847579,0,0.00033,sector_c
2163.71527778,0.9951868291163907,0,0.00033,sector_c
2163.71666667,0.9951346715062728,0,0.00033,sector_c
2163.71805556,0.9948635261937295,0,0.00033,sector_c
2163.71944444,0.9950807707616848,0,0.00033,sector_c
2163.72083333,0.995285973465859,0,0.00033,sector_c
2163.72222222,0.9953693190362429,0,0.00033,sector_c
2163.72361111,0.9948636249711844,0,0.00033,sector_c
2163.725,0.9950129095679908,0,0.00033,sector_c
2163.72638889,0.995197615059803,0,0.00033,sector_c
2163.72777778,0.995334582042646,0,0.00033,sector_c
2163.72916667,0.9949864802700537,0,0.00033,sector_c
2163.73055556,0.9950123428773304,0,0.00033,sector_c
2163.73194444,0.9953039567382304,0,0.00033,sector_c
2163.73333333,0.9950281897499941,0,0.00033,sector_c
2163.73472222,0.9953898177401752,0,0.00033,sector_c
2163.73611111,0.9947179519084551,0,0.00033,sector_c
2163.7375,0.9952125039314039,0,0.00033,sector_c
2163.73888889,0.9955916893811618,0,0.00033,sector_c
2163.74027778,0.9955394948521876,0,0.00033,sector_c
2163.74166667,0.9952019696072493,0,0.00033,sector_c
2163.74305556,0.9949411021230167,0,0.00033,sector_c
2163.74444444,0.9951413862950987,0,0.00033,sector_c
2163.74583333,0.9957748106228766,0,0.00033,sector_c
2163.74722222,0.9956897926936655,0,0.00033,sector_c
2163.74861111,0.9949361173338096,0,0.00033,sector_c
2163.75,0.9952886460294027,0,0.00033,sector_c
2163.75138889,0.9954583661205471,0,0.00033,sector_c
2163.75277778,0.9953598381374689,0,0.00033,sector_c
2163.75416667,0.9955782147444544,0,0.00033,sector_c
2163.75555556,0.995216115650836,0,0.00033,sector_c
2163.75694444,0.9950220895583924,0,0.00033,sector_c
2163.75833333,0.9948283246047875,0,0.00033,sector_c
2163.75972222,0.9955401044052025,0,0.00033,sector_c
2163.76111111,0.9955498449809013,0,0.00033,sector_c
2163.7625,0.9951323445949984,0,0.00033,sector_c
2163.76388889,0.9957439888784366,0,0.00033,sector_c
2163.76527778,0.9961270487355142,0,0.00033,sector_c
2163.76666667,0.9952903658940181,0,0.00033,sector_c
2163.76805556,0.9953286658986877,0,0.00033,sector_c
2163.76944444,0.9951407917483818,0,0.00033,sector_c
2163.77083333,0.995548180311553,0,0.00033,sector_c
2163.77222222,0.9956054835955453,0,0.00033,sector_c
2163.77361111,0.9953641218797811,0,0.00033,sector_c
2163.775,0.9958277473136552,0,0.00033,sector_c
2163.77638889,0.9959187973314896,0,0.00033,sector_c
2163.77777778,0.9963262403525461,0,0.00033,sector_c
2163.77916667,0.9957810394290744,0,0.00033,sector_c
2163.78055556,0.9951827351289044,0,0.00033,sector_c
2163.78194444,0.9950137685468421,0,0.00033,sector_c
2163.78333333,0.9955011375600304,0,0.00033,sector_c
2163.78472222,0.9955922886700788,0,0.00033,sector_c
2163.78611111,0.9948654874602267,0,0.00033,sector_c
2163.7875,0.9952848613160218,0,0.00033,sector_c
2163.78888889,0.9954244044223771,0,0.00033,sector_c
2163.79027778,0.995557780634866,0,0.00033,sector_c
2163.79166667,0.995486879111109,0,0.00033,sector_c
2163.79305556,0.9957879630544941,0,0.00033,sector_c
2163.79444444,0.9957494602151995,0,0.00033,sector_c
2163.79583333,0.9956963249518035,0,0.00033,sector_c
2163.79722222,0.9955384654647693,0,0.00033,sector_c
2163.79861111,0.9953303113798236,0,0.00033,sector_c
2163.8,0.9950320733584599,0,0.00033,sector_c
2163.80138889,0.9951139092478041,0,0.00033,sector_c
2163.80277778,0.995469777162533,0,0.00033,sector_c
2163.80416667,0.9949898042529736,0,0.00033,sector_c
2163.80555556,0.9959025863074726,0,0.00033,sector_c
2163.80694444,0.9950478179468626,0,0.00033,sector_c
2163.80833333,0.9954411721939113,0,0.00033,sector_c
2163.80972222,0.9959328377909019,0,0.00033,sector_c
2163.81111111,0.9951776943847279,0,0.00033,sector_c
2163.8125,0.9955885187071527,0,0.00033,sector_c
2163.81388889,0.9955340542989207,0,0.00033,sector_c
2163.81527778,0.9951863883654622,0,0.00033,sector_c
2163.81666667,0.9948747281490636,0,0.00033,sector_c
2163.81805556,0.9954267585698241,0,0.00033,sector_c
2163.81944444,0.9955573642560082,0,0.00033,sector_c
2163.82083333,0.995782331572416,0,0.00033,sector_c
2163.82222222,0.9957853861033532,0,0.00033,sector_c
2163.82361111,0.9952639780550305,0,0.00033,sector_c
2163.825,0.9952010182333122,0,0.00033,sector_c
2163.82638889,0.9955550427826686,0,0.00033,sector_c
2163.82777778,0.9956209299083159,0,0.00033,sector_c
2163.82916667,0.995976815080607,0,0.00033,sector_c
2163.83055556,0.9954976307245388,0,0.00033,sector_c
2163.83194444,0.9951374006860715,0,0.00033,sector_c
2163.83333333,0.9958856918439357,0,0.00033,sector_c
2163.83472222,0.9956701697639223,0,0.00033,sector_c
2163.83611111,0.9957336609512345,0,0.00033,sector_c
2163.8375,0.9954995257011474,0,0.00033,sector_c
2163.83888889,0.9959068172461245,0,0.00033,sector_c
2163.84027778,0.9951666072932038,0,0.00033,sector_c
2163.84166667,0.9958243871417932,0,0.00033,sector_c
2163.84305556,0.9957167199161431,0,0.00033,sector_c
2163.84444444,0.9955676027003953,0,0.00033,sector_c
2163.84583333,0.9960286459320724,0,0.00033,sector_c
2163.84722222,0.9954811804251573,0,0.00033,sector_c
2163.84861111,0.9954656281411094,0,0.00033,sector_c
2163.85,0.9953342659138843,0,0.00033,sector_c
2163.85138889,0.9956059111738184,0,0.00033,sector_c
2163.85277778,0.9955087637612896,0,0.00033,sector_c
2163.85416667,0.9956182072317507,0,0.00033,sector_c
2163.85555556,0.9954530865660591,0,0.00033,sector_c
2163.85694444,0.9959920392225032,0,0.00033,sector_c
2163.85833333,0.9956600380727608,0,0.00033,sector_c
2163.85972222,0.9955745104660704,0,0.00033,sector_c
2163.86111111,0.9958826251680697,0,0.00033,sector_c
2163.8625,0.9957323420725442,0,0.00033,sector_c
2163.86388889,0.9959864379197657,0,0.00033,sector_c
2163.86527778,0.9955718091533673,0,0.00033,sector_c
2163.86666667,0.9952838222114805,0,0.00033,sector_c
2163.86805556,0.9953583961600508,0,0.00033,sector_c
2163.86944444,0.9956401122524718,0,0.00033,sector_c
2163.87083333,0.9950118336574079,0,0.00033,sector_c
2163.87222222,0.9951798708101912,0,0.00033,sector_c
2163.87361111,0.9959636563425303,0,0.00033,sector_c
2163.875,0.9957638249657527,0,0.00033,sector_c
2163.87638889,0.9960150248987649,0,0.00033,sector_c
2163.87777778,0.9957606593347901,0,0.00033,sector_c
2163.87916667,0.9961791897910927,0,0.00033,sector_c
2163.88055556,0.995403236950975,0,0.00033,sector_c
2163.88194444,0.9958874165711512,0,0.00033,sector_c
2163.88333333,0.9956226385873838,0,0.00033,sector_c
2163.88472222,0.9955562894433527,0,0.00033,sector_c
2163.88611111,0.9956707299747595,0,0.00033,sector_c
2163.8875,0.9954651819767141,0,0.00033,sector_c
2163.88888889,0.995222562175656,0,0.00033,sector_c
2163.89027778,0.9958829292239992,0,0.00033,sector_c
2163.89166667,0.9957642177194297,0,0.00033,sector_c
2163.89305556,0.995852483044121,0,0.00033,sector_c
2163.89444444,0.9954742350660885,0,0.00033,sector_c
2163.89583333,0.9956492944580331,0,0.00033,sector_c
2163.89722222,0.9955125078734617,0,0.00033,sector_c
2163.89861111,0.9953650760209263,0,0.00033,sector_c
2163.9,0.9957792952583492,0,0.00033,sector_c
2163.90138889,0.9961003139101544,0,0.00033,sector_c
2163.90277778,0.9957761243996617,0,0.00033,sector_c
2163.90416667,0.9955132693686143,0,0.00033,sector_c
2163.90555556,0.9964014120153817,0,0.00033,sector_c
2163.90694444,0.9957568020534249,0,0.00033,sector_c
2163.90833333,0.9962377125635948,0,0.00033,sector_c
2163.90972222,0.9955833568172495,0,0.00033,sector_c
2163.91111111,0.9953193022766369,0,0.00033,sector_c
2163.9125,0.9953775537301917,0,0.00033,sector_c
2163.91388889,0.9954522704570922,0,0.00033,sector_c
2163.91527778,0.9957063474684477,0,0.00033,sector_c
2163.91666667,0.9958618976849464,0,0.00033,sector_c
2163.91805556,0.9957581233674926,0,0.00033,sector_c
2163.91944444,0.9956617469604588,0,0.00033,sector_c
2163.92083333,0.9957224823045332,0,0.00033,sector_c
2163.92222222,0.9967452374908393,0,0.00033,sector_c
2163.92361111,0.9956782770871604,0,0.00033,sector_c
2163.925,0.9963993957271834,0,0.00033,sector_c
2163.92638889,0.9956711169544548,0,0.00033,sector_c
2163.92777778,0.995855405771455,0,0.00033,sector_c
2163.92916667,0.9962361816251556,0,0.00033,sector_c
2163.93055556,0.995866360424585,0,0.00033,sector_c
2163.93194444,0.9959987338214537,0,0.00033,sector_c
2163.93333333,0.996109858195908,0,0.00033,sector_c
2163.93472222,0.996093096802213,0,0.00033,sector_c
2163.93611111,0.9960309081807189,0,0.00033,sector_c
2163.9375,0.9956072927900237,0,0.00033,sector_c
2163.93888889,0.9954959049537419,0,0.00033,sector_c
2163.94027778,0.9956899191408402,0,0.00033,sector_c
2163.94166667,0.9952332695911824,0,0.00033,sector_c
2163.94305556,0.9957165840870893,0,0.00033,sector_c
2163.94444444,0.9953991193576659,0,0.00033,sector_c
2163.94583333,0.9959171425299763,0,0.00033,sector_c
2163.94722222,0.9958307433973341,0,0.00033,sector_c
2163.94861111,0.9961854950975605,0,0.00033,sector_c
2163.95,0.9959110429397915,0,0.00033,sector_c
2163.95138889,0.9953847393859834,0,0.00033,sector_c
2163.95277778,0.9959337048365908,0,0.00033,sector_c
2163.95416667,0.9959860901639032,0,0.00033,sector_c
2163.95555556,0.9956759556957702,0,0.00033,sector_c
2163.95694444,0.9963024824138879,0,0.00033,sector_c
2163.95833333,0.9955709552136063,0,0.00033,sector_c
2163.95972222,0.9960130995146393,0,0.00033,sector_c
2163.96111111,0.9953630804212096,0,0.00033,sector_c
2163.9625,0.9966891069213107,0,0.00033,sector_c
2163.96388889,0.9963063273487972,0,0.00033,sector_c
2163.96527778,0.9957163508954319,0,0.00033,sector_c
2163.96666667,0.9954732839027822,0,0.00033,sector_c
2163.96805556,0.9961643905576617,0,0.00033,sector_c
2163.96944444,0.9965141809836808,0,0.00033,sector_c
2163.97083333,0.9961540200942388,0,0.00033,sector_c
2163.97222222,0.9963173456602468,0,0.00033,sector_c
2163.97361111,0.9962656435495699,0,0.00033,sector_c
2163.975,0.9960036700418475,0,0.00033,sector_c
2163.97638889,0.9954717011061036,0,0.00033,sector_c
2163.97777778,0.9963382202950934,0,0.00033,sector_c
2163.97916667,0.995924239129088,0,0.00033,sector_c
2163.98055556,0.9959775922490237,0,0.00033,sector_c
2163.98194444,0.9963362530597695,0,0.00033,sector_c
2163.98333333,0.9959165940740482,0,0.00033,sector_c
2163.98472222,0.9957868085837231,0,0.00033,sector_c
2163.98611111,0.9958199381983455,0,0.00033,sector_c
2163.9875,0.9965130586626045,0,0.00033,sector_c
2163.98888889,0.9963620485351522,0,0.00033,sector_c
2163.99027778,0.9962416632988577,0,0.00033,sector_c
2163.99166667,0.9958188093046045,0,0.00033,sector_c
2163.99305556,0.9961255003593359,0,0.00033,sector_c
2163.99444444,0.9960193832885607,0,0.00033,sector_c
2163.99583333,0.996097061817306,0,0.00033,sector_c
2163.99722222,0.9962330896930939,0,0.00033,sector_c
2163.99861111,0.9960485120000684,0,0.00033,sector_c
2164.0,0.9962368115430544,0,0.00033,sector_c
2164.00138889,0.9960865857863378,0,0.00033,sector_c
2164.00277778,0.9961815803694039,0,0.00033,sector_c
2164.00416667,0.9957818266486543,0,0.00033,sector_c
2164.00555556,0.995685257476581,0,0.00033,sector_c
2164.00694444,0.9958659870268559,0,0.00033,sector_c
2164.00833333,0.996526898580249,0,0.00033,sector_c
2164.00972222,0.9964714338837275,0,0.00033,sector_c
2164.01111111,0.996383235164994,0,0.00033,sector_c
2164.0125,0.9962349586051502,0,0.00033,sector_c
2164.01388889,0.9960708795681839,0,0.00033,sector_c
2164.01527778,0.9960816887092797,0,0.00033,sector_c
2164.01666667,0.9961833069083698,0,0.00033,sector_c
2164.01805556,0.9966259088311442,0,0.00033,sector_c
2164.01944444,0.996053035079072,0,0.00033,sector_c
2164.02083333,0.9960085227441544,0,0.00033,sector_c
2164.02222222,0.9958147170659966,0,0.00033,sector_c
2164.02361111,0.9966762663207925,0,0.00033,sector_c
2164.025,0.9959083107635422,0,0.00033,sector_c
2164.02638889,0.9964679210192383,0,0.00033,sector_c
2164.02777778,0.9964684595328309,0,0.00033,sector_c
2164.02916667,0.9964144765093044,0,0.00033,sector_c
2164.03055556,0.9959336985383638,0,0.00033,sector_c
2164.03194444,0.9964610136275485,0,0.00033,sector_c
2164.03333333,0.9962414913815892,0,0.00033,sector_c
2164.03472222,0.9961131977306005,0,0.00033,sector_c
2164.03611111,0.996243757948265,0,0.00033,sector_c
2164.0375,0.9957609475954062,0,0.00033,sector_c
2164.03888889,0.9962544683686961,0,0.00033,sector_c
2164.04027778,0.9962650334348877,0,0.00033,sector_c
2164.04166667,0.9959942971595409,0,0.00033,sector_c
2164.04305556,0.9964479689349952,0,0.00033,sector_c
2164.04444444,0.996237012693625,0,0.00033,sector_c
2164.04583333,0.9959980896436565,0,0.00033,sector_c
2164.04722222,0.996115184162487,0,0.00033,sector_c
2164.04861111,0.99631848339417,0,0.00033,sector_c
2164.05,0.9962354840194937,0,0.00033,sector_c
2164.05138889,0.9963846453658187,0,0.00033,sector_c
2164.05277778,0.9957852270724161,0,0.00033,sector_c
2164.05416667,0.996213526384881,0,0.00033,sector_c
2164.05555556,0.9967311920629294,0,0.00033,sector_c
2164.05694444,0.9966418918571551,0,0.00033,sector_c
2164.05833333,0.9962104051429945,0,0.00033,sector_c
2164.05972222,0.996272059074565,0,0.00033,sector_c
2164.06111111,0.9962148383598841,0,0.00033,sector_c
2164.0625,0.9961750233483159,0,0.00033,sector_c
2164.06388889,0.9962594042633981,0,0.00033,sector_c
2164.06527778,0.9963406743587064,0,0.00033,sector_c
2164.06666667,0.9961227067651736,0,0.00033,sector_c
2164.06805556,0.9969176465022469,0,0.00033,sector_c
2164.06944444,0.9965896339689622,0,0.00033,sector_c
2164.07083333,0.9959083074181526,0,0.00033,sector_c
2164.07222222,0.9967816912980443,0,0.00033,sector_c
2164.07361111,0.9959959404307022,0,0.00033,sector_c
2164.075,0.9960612877720841,0,0.00033,sector_c
2164.07638889,0.9964895090682109,0,0.00033,sector_c
2164.07777778,0.9962575701353433,0,0.00033,sector_c
2164.07916667,0.9962207928079501,0,0.00033,sector_c
2164.08055556,0.9964623515476062,0,0.00033,sector_c
2164.08194444,0.9968595788201253,0,0.00033,sector_c
2164.08333333,0.9960888578017013,0,0.00033,sector_c
2164.08472222,0.9966012208201198,0,0.00033,sector_c
2164.08611111,0.9960565803627976,0,0.00033,sector_c
2164.0875,0.9965135668316059,0,0.00033,sector_c
2164.08888889,0.9961995314383122,0,0.00033,sector_c
2164.09027778,0.996666521651074,0,0.00033,sector_c
2164.09166667,0.995743981842219,0,0.00033,sector_c
2164.09305556,0.9967550299729714,0,0.00033,sector_c
2164.09444444,0.9964750658603059,0,0.00033,sector_c
2164.09583333,0.9964823968120063,0,0.00033,sector_c
2164.09722222,0.9968708546777968,0,0.00033,sector_c
2164.09861111,0.9965725949871498,0,0.00033,sector_c
2164.1,0.9965409609651333,0,0.00033,sector_c
2164.10138889,0.9962693900869023,0,0.00033,sector_c
2164.10277778,0.9964582839877008,0,0.00033,sector_c
2164.10416667,0.997208164568756,0,0.00033,sector_c
2164.10555556,0.996579065896475,0,0.00033,sector_c
2164.10694444,0.9965675487142885,0,0.00033,sector_c
2164.10833333,0.9964832929936248,0,0.00033,sector_c
2164.10972222,0.9964877566859959,0,0.00033,sector_c
2164.11111111,0.9971502163007879,0,0.00033,sector_c
2164.1125,0.9968527171856671,0,0.00033,sector_c
2164.11388889,0.9967381237542373,0,0.00033,sector_c
2164.11527778,0.9959317486884911,0,0.00033,sector_c
2164.11666667,0.9967449206048069,0,0.00033,sector_c
2164.11805556,0.9970265286117833,0,0.00033,sector_c
2164.11944444,0.996039383503797,0,0.00033,sector_c
2164.12083333,0.9965516023966189,0,0.00033,sector_c
2164.12222222,0.9964135184748165,0,0.00033,sector_c
2164.12361111,0.9964219604695146,0,0.00033,sector_c
2164.125,0.9972942357653443,0,0.00033,sector_c
2164.12638889,0.9966665025526243,0,0.00033,sector_c
2164.12777778,0.9968481353737372,0,0.00033,sector_c
2164.12916667,0.9961273778821783,0,0.00033,sector_c
2164.13055556,0.9963116001649114,0,0.00033,sector_c
2164.13194444,0.9965279177372416,0,0.00033,sector_c
2164.13333333,0.9961270966964708,0,0.00033,sector_c
2164.13472222,0.9965744668245231,0,0.00033,sector_c
2164.13611111,0.9966453615925764,0,0.00033,sector_c
2164.1375,0.9968828320541195,0,0.00033,sector_c
2164.13888889,0.9968023004798697,0,0.00033,sector_c
2164.14027778,0.997177794411334,0,0.00033,sector_c
2164.14166667,0.9967698839392184,0,0.00033,sector_c
2164.14305556,0.9972806673448814,0,0.00033,sector_c
2164.14444444,0.9967281481191052,0,0.00033,sector_c
2164.14583333,0.9966067666245353,0,0.00033,sector_c
2164.14722222,0.9962925677541722,0,0.00033,sector_c
2164.14861111,0.996988325513927,0,0.00033,sector_c
2164.15,0.9969793698395861,0,0.00033,sector_c
2164.15138889,0.996964337606937,0,0.00033,sector_c
2164.15277778,0.9965400559686526,0,0.00033,sector_c
2164.15416667,0.9963797524001521,0,0.00033,sector_c
2164.15555556,0.9966710051852403,0,0.00033,sector_c
2164.15694444,0.9968184574005319,0,0.00033,sector_c
2164.15833333,0.9964189366999556,0,0.00033,sector_c
2164.15972222,0.9968277602884639,0,0.00033,sector_c
2164.16111111,0.9965774767370017,0,0.00033,sector_c
2164.1625,0.9967567472214075,0,0.00033,sector_c
2164.16388889,0.9966189062117622,0,0.00033,sector_c
2164.16527778,0.9965130512979119,0,0.00033,sector_c
2164.16666667,0.9968698162715226,0,0.00033,sector_c
2164.16805556,0.996856307150525,0,0.00033,sector_c
2164.16944444,0.9972275606470017,0,0.00033,sector_c
2164.17083333,0.9965434217190953,0,0.00033,sector_c
2164.17222222,0.9967457310207791,0,0.00033,sector_c
2164.17361111,0.9968868730714544,0,0.00033,sector_c
2164.175,0.9974089404832603,0,0.00033,sector_c
2164.17638889,0.9963859395587408,0,0.00033,sector_c
2164.17777778,0.9968789659832464,0,0.00033,sector_c
2164.17916667,0.9967806442119002,0,0.00033,sector_c
2164.18055556,0.9966214056407489,0,0.00033,sector_c
2164.18194444,0.9968539730938604,0,0.00033,sector_c
2164.18333333,0.9963326362547154,0,0.00033,sector_c
2164.18472222,0.9965046831366029,0,0.00033,sector_c
2164.18611111,0.996698307332627,0,0.00033,sector_c
2164.1875,0.9971288209374014,0,0.00033,sector_c
2164.18888889,0.9966942049961088,0,0.00033,sector_c
2164.19027778,0.9965825845817942,0,0.00033,sector_c
2164.19166667,0.9968491778341289,0,0.00033,sector_c
2164.19305556,0.9970252123675775,0,0.00033,sector_c
2164.19444444,0.9969197596744043,0,0.00033,sector_c
2164.19583333,0.9969202061137171,0,0.00033,sector_c
2164.19722222,0.9967426297006795,0,0.00033,sector_c
2164.19861111,0.9974677619836325,0,0.00033,sector_c
2164.2,0.9970990606064902,0,0.00033,sector_c
2164.20138889,0.9970735227333993,0,0.00033,sector_c
2164.20277778,0.9967625141515953,0,0.00033,sector_c
2164.20416667,0.9964439891127022,0,0.00033,sector_c
2164.20555556,0.9968833324645274,0,0.00033,sector_c
2164.20694444,0.9969536102754,0,0.00033,sector_c
2164.20833333,0.9969751251189938,0,0.00033,sector_c
2164.20972222,0.996640344494224,0,0.00033,sector_c
2164.21111111,0.9971745643955799,0,0.00033,sector_c
2164.2125,0.9970751634455214,0,0.00033,sector_c
2164.21388889,0.9966400894980422,0,0.00033,sector_c
2164.21527778,0.9969553351115503,0,0.00033,sector_c
2164.21666667,0.996960966289512,0,0.00033,sector_c
2164.21805556,0.9977595899747111,0,0.00033,sector_c
2164.21944444,0.9970350686215566,0,0.00033,sector_c
2164.22083333,0.9970520550209677,0,0.00033,sector_c
2164.22222222,0.9967429936283723,0,0.00033,sector_c
2164.22361111,0.9970741740104592,0,0.00033,sector_c
2164.225,0.9970030454253441,0,0.00033,sector_c
2164.22638889,0.9968902232971162,0,0.00033,sector_c
2164.22777778,0.9963938078129295,0,0.00033,sector_c
2164.22916667,0.9968639301744145,0,0.00033,sector_c
2164.23055556,0.9965328397985935,4096,0.00033,sector_c
2164.23194444,0.997231911679015,0,0.00033,sector_c
2164.23333333,0.9969526870045144,0,0.00033,sector_c
2164.23472222,0.997222033406196,0,0.00033,sector_c
2164.23611111,0.9968049857287393,0,0.00033,sector_c
2164.2375,0.9972919013478658,0,0.00033,sector_c
2164.23888889,0.9970772700958478,0,0.00033,sector_c
2164.24027778,0.9967284150794398,0,0.00033,sector_c
2164.24166667,0.99747697968492,0,0.00033,sector_c
2164.24305556,0.9966987011806918,0,0.00033,sector_c
2164.24444444,0.9972627944114293,0,0.00033,sector_c
2164.24583333,0.9973457656610255,0,0.00033,sector_c
2164.24722222,0.9972399784192088,0,0.00033,sector_c
2164.24861111,0.9968044866607381,0,0.00033,sector_c
2164.25,0.9972660803569657,0,0.00033,sector_c
2164.25138889,0.9973314251765432,0,0.00033,sector_c
2164.25277778,0.9969172177660601,0,0.00033,sector_c
2164.25416667,0.9972869230700458,0,0.00033,sector_c
2164.25555556,0.9971458530070028,2048,0.00033,sector_c
2164.25694444,0.997077094399785,0,0.00033,sector_c
2164.25833333,0.9975556762083009,0,0.00033,sector_c
2164.25972222,0.9971377753285714,0,0.00033,sector_c
2164.26111111,0.9972668714160849,0,0.00033,sector_c
2164.2625,0.9971173506330382,0,0.00033,sector_c
2164.26388889,0.9969680716822037,0,0.00033,sector_c
2164.26527778,0.9974150528581948,0,0.00033,sector_c
2164.26666667,0.9968375871556067,0,0.00033,sector_c
2164.26805556,0.9975700842160131,0,0.00033,sector_c
2164.26944444,0.9968767890744729,0,0.00033,sector_c
2164.27083333,0.9974343738402948,4096,0.00033,sector_c
2164.27222222,0.9972400789046029,0,0.00033,sector_c
2164.27361111,0.9974954314255055,0,0.00033,sector_c
2164.275,0.9969315255980986,0,0.00033,sector_c
2164.27638889,0.9971939819459971,0,0.00033,sector_c
2164.27777778,0.9971215137234647,0,0.00033,sector_c
2164.27916667,0.9968661497388396,0,0.00033,sector_c
2164.28055556,0.9972382352619772,0,0.00033,sector_c
2164.28194444,0.9972129308218675,0,0.00033,sector_c
2164.28333333,0.9974491140575314,0,0.00033,sector_c
2164.28472222,0.9971264599940952,0,0.00033,sector_c
2164.28611111,0.9971797145298826,0,0.00033,sector_c
2164.2875,0.9968086120351545,0,0.00033,sector_c
2164.28888889,0.9974289640803901,0,0.00033,sector_c
2164.29027778,0.9970514313496786,0,0.00033,sector_c
2164.29166667,0.9971928972920778,0,0.00033,sector_c
2164.29305556,0.9973655254936646,0,0.00033,sector_c
2164.29444444,0.9974012024286725,0,0.00033,sector_c
2164.29583333,0.9976048934086943,0,0.00033,sector_c
2164.29722222,0.9968193499110085,0,0.00033,sector_c
2164.29861111,0.9977154565358746,0,0.00033,sector_c
2164.3,0.9979625172950167,0,0.00033,sector_c
2164.30138889,0.9971433902853989,0,0.00033,sector_c
2164.30277778,0.9978636469068962,0,0.00033,sector_c
2164.30416667,0.9973481148801805,0,0.00033,sector_c
2164.30555556,0.9977405377638257,0,0.00033,sector_c
2164.30694444,0.9979878269860368,0,0.00033,sector_c
2164.30833333,0.9971934476794702,0,0.00033,sector_c
2164.30972222,0.9975778478225878,0,0.00033,sector_c
2164.31111111,0.9972903338052753,0,0.00033,sector_c
2164.3125,0.9976426594906924,0,0.00033,sector_c
2164.31388889,0.9971311259015319,0,0.00033,sector_c
2164.31527778,0.9969894941238727,0,0.00033,sector_c
2164.31666667,0.99785715744615,0,0.00033,sector_c
2164.31805556,0.9975045002692756,0,0.00033,sector_c
2164.31944444,0.9975168765201227,0,0.00033,sector_c
2164.32083333,0.9979321371622074,0,0.00033,sector_c
2164.32222222,0.9972565659395732,0,0.00033,sector_c
2164.32361111,0.9976703071242027,0,0.00033,sector_c
2164.325,0.997322416947273,0,0.00033,sector_c
2164.32638889,0.9975694148777814,0,0.00033,sector_c
2164.32777778,0.9974790804454864,0,0.00033,sector_c
2164.32916667,0.9974987304792033,0,0.00033,sector_c
2164.33055556,0.9972967466628848,0,0.00033,sector_c
2164.33194444,0.9971231721968619,0,0.00033,sector_c
2164.33333333,0.9971813634457493,0,0.00033,sector_c
2164.33472222,0.9970986087484076,0,0.00033,sector_c
2164.33611111,0.9972133512840556,0,0.00033,sector_c
2164.3375,0.9977394221538777,0,0.00033,sector_c
2164.33888889,0.9980535690735934,0,0.00033,sector_c
2164.34027778,0.997316668164032,0,0.00033,sector_c
2164.34166667,0.9973627480548547,0,0.00033,sector_c
2164.34305556,0.9975010036251052,0,0.00033,sector_c
2164.34444444,0.9977638828350655,0,0.00033,sector_c
2164.34583333,0.9977710805485259,0,0.00033,sector_c
2164.34722222,0.9976338369608662,0,0.00033,sector_c
2164.34861111,0.9981191563863446,0,0.00033,sector_c
2164.35,0.9974890686776829,0,0.00033,sector_c
2164.35138889,0.9980923098533427,0,0.00033,sector_c
2164.35277778,0.997512609030327,0,0.00033,sector_c
2164.35416667,0.9974220966421209,0,0.00033,sector_c
2164.35555556,0.997005074115971,0,0.00033,sector_c
2164.35694444,0.9971467925416032,0,0.00033,sector_c
2164.35833333,0.9980173886167548,0,0.00033,sector_c
2164.35972222,0.9979577308691365,0,0.00033,sector_c
2164.36111111,0.9978332720161465,0,0.00033,sector_c
2164.3625,0.9977534360823785,0,0.00033,sector_c
2164.36388889,0.9972019459615706,0,0.00033,sector_c
2164.36527778,0.9970367432893037,0,0.00033,sector_c
2164.36666667,0.997625134703799,0,0.00033,sector_c
2164.36805556,0.9978039736017256,0,0.00033,sector_c
2164.36944444,0.9973568394958627,0,0.00033,sector_c
2164.37083333,0.9972681685267124,0,0.00033,sector_c
2164.37222222,0.9980992956160393,0,0.00033,sector_c
2164.37361111,0.9977086095021193,0,0.00033,sector_c
2164.375,0.9971098666998666,0,0.00033,sector_c
2164.37638889,0.9970356959668967,0,0.00033,sector_c
2164.37777778,0.9971856534152541,0,0.00033,sector_c
2164.37916667,0.9972518793551709,0,0.00033,sector_c
2164.38055556,0.9976171495604458,0,0.00033,sector_c
2164.38194444,0.9980549796496211,0,0.00033,sector_c
2164.38333333,0.997388188266414,0,0.00033,sector_c
2164.38472222,0.9976040667022842,0,0.00033,sector_c
2164.38611111,0.9979432371491421,0,0.00033,sector_c
2164.3875,0.99784179536128,0,0.00033,sector_c
2164.38888889,0.9974787198976494,0,0.00033,sector_c
2164.39027778,0.9975700553060961,0,0.00033,sector_c
2164.39166667,0.9975818617811618,0,0.00033,sector_c
2164.39305556,0.9976183605769543,0,0.00033,sector_c
2164.39444444,0.9977704960801091,0,0.00033,sector_c
2164.39583333,0.9976533691947517,0,0.00033,sector_c
2164.39722222,0.9978271243824485,0,0.00033,sector_c
2164.39861111,0.9977544542681075,0,0.00033,sector_c
2164.4,0.9980184130935702,0,0.00033,sector_c
2164.40138889,0.9977480596756386,0,0.00033,sector_c
2164.40277778,0.9977047391053971,0,0.00033,sector_c
2164.40416667,0.9975690278002339,0,0.00033,sector_c
2164.40555556,0.9975281792315129,0,0.00033,sector_c
2164.40694444,0.9986051628879783,0,0.00033,sector_c
2164.40833333,0.9980005862601424,0,0.00033,sector_c
2164.40972222,0.9982501198744587,0,0.00033,sector_c
2164.41111111,0.9980315959773698,0,0.00033,sector_c
2164.4125,0.9978136275775586,0,0.00033,sector_c
2164.41388889,0.9978613220520107,0,0.00033,sector_c
2164.41527778,0.9975045383501377,0,0.00033,sector_c
2164.41666667,0.9979994880267911,0,0.00033,sector_c
2164.41805556,0.9981226036504766,0,0.00033,sector_c
2164.41944444,0.9973085160125441,0,0.00033,sector_c
2164.42083333,0.9980294116572503,0,0.00033,sector_c
2164.42222222,0.9979491838027491,0,0.00033,sector_c
2164.42361111,0.9979643162509672,0,0.00033,sector_c
2164.425,0.9977212132871554,0,0.00033,sector_c
2164.42638889,0.9976143748130128,0,0.00033,sector_c
2164.42777778,0.99763112200675,0,0.00033,sector_c
2164.42916667,0.9981758068396371,0,0.00033,sector_c
2164.43055556,0.9980977719164388,0,0.00033,sector_c
2164.43194444,0.9977467293111668,0,0.00033,sector_c
2164.43333333,0.9979066137300329,0,0.00033,sector_c
2164.43472222,0.9980055061832643,0,0.00033,sector_c
2164.43611111,0.9980483368429993,0,0.00033,sector_c
2164.4375,0.9982273771249744,0,0.00033,sector_c
2164.43888889,0.9984200474165263,0,0.00033,sector_c
2164.44027778,0.9982527488179527,0,0.00033,sector_c
2164.44166667,0.9982793743680223,0,0.00033,sector_c
2164.44305556,0.9982892653746781,0,0.00033,sector_c
2164.44444444,0.9985788916795744,0,0.00033,sector_c
2164.44583333,0.9986643087660361,0,0.00033,sector_c
2164.44722222,0.9984144952391207,0,0.00033,sector_c
2164.44861111,0.9981526791576455,0,0.00033,sector_c
2164.45,0.9973078562636782,0,0.00033,sector_c
2164.45138889,0.9977850234625284,0,0.00033,sector_c
2164.45277778,0.9980780096536791,0,0.00033,sector_c
2164.45416667,0.9983337703615772,0,0.00033,sector_c
2164.45555556,0.9981939666128873,0,0.00033,sector_c
2164.45694444,0.9989343546261179,0,0.00033,sector_c
2164.45833333,0.9980909232241831,0,0.00033,sector_c
2164.45972222,0.9982029511503833,0,0.00033,sector_c
2164.46111111,0.9978271927481908,0,0.00033,sector_c
2164.4625,0.9981052508330551,0,0.00033,sector_c
2164.46388889,0.9985221621362155,0,0.00033,sector_c
2164.46527778,0.9975130595638135,0,0.00033,sector_c
2164.46666667,0.9980170004759583,0,0.00033,sector_c
2164.46805556,0.9977261563338453,0,0.00033,sector_c
2164.46944444,0.9981449911437156,0,0.00033,sector_c
2164.47083333,0.9984260491307653,0,0.00033,sector_c
2164.47222222,0.9984953272406782,0,0.00033,sector_c
2164.47361111,0.9986680595638394,0,0.00033,sector_c
2164.475,0.9976700523140349,0,0.00033,sector_c
2164.47638889,0.9982350451588109,0,0.00033,sector_c
2164.47777778,0.9979462631347494,0,0.00033,sector_c
2164.47916667,0.998453951532412,0,0.00033,sector_c
2164.48055556,0.997713991401703,0,0.00033,sector_c
2164.48194444,0.9985021031443005,0,0.00033,sector_c
2164.48333333,0.9985076296862608,0,0.00033,sector_c
2164.48472222,0.998224040621792,0,0.00033,sector_c
2164.48611111,0.9979203269583948,0,0.00033,sector_c
2164.4875,0.9983834918320692,0,0.00033,sector_c
2164.48888889,0.998594482573707,0,0.00033,sector_c
2164.49027778,0.9979337537364753,0,0.00033,sector_c
2164.49166667,0.9984820191727439,0,0.00033,sector_c
2164.49305556,0.998386258653954,0,0.00033,sector_c
2164.49444444,0.9978642767180133,0,0.00033,sector_c
2164.49583333,0.9981535121147981,0,0.00033,sector_c
2164.49722222,0.9986880335807586,0,0.00033,sector_c
2164.49861111,0.9982425249891167,0,0.00033,sector_c
2164.5,0.998181245301881,0,0.00033,sector_c
2164.50138889,0.9981202520886618,0,0.00033,sector_c
2164.50277778,0.9983926011727273,0,0.00033,sector_c
2164.50416667,0.9982752188506218,0,0.00033,sector_c
2164.50555556,0.9988464128483286,0,0.00033,sector_c
2164.50694444,0.9986926729816867,0,0.00033,sector_c
2164.50833333,0.9980160321920429,0,0.00033,sector_c
2164.50972222,0.998734526720986,0,0.00033,sector_c
2164.51111111,0.9983276272015833,0,0.00033,sector_c
2164.5125,0.9982412626651636,0,0.00033,sector_c
2164.51388889,0.9982323364269257,0,0.00033,sector_c
2164.51527778,0.9978261998044493,0,0.00033,sector_c
2164.51666667,0.9979885184870462,0,0.00033,sector_c
2164.51805556,0.9985408417282714,0,0.00033,sector_c
2164.51944444,0.9987103036502486,0,0.00033,sector_c
2164.52083333,0.9979497289569688,0,0.00033,sector_c
2164.52222222,0.9985684876445523,0,0.00033,sector_c
2164.52361111,0.9982126096748036,0,0.00033,sector_c
2164.525,0.9984659884377031,0,0.00033,sector_c
2164.52638889,0.9986785161014968,0,0.00033,sector_c
2164.52777778,0.99860822608422,0,0.00033,sector_c
2164.52916667,0.9983895733336067,0,0.00033,sector_c
2164.53055556,0.9986422082243153,0,0.00033,sector_c
2164.53194444,0.9993435847492584,2048,0.00033,sector_c
2164.53333333,0.9982974446470249,0,0.00033,sector_c
2164.53472222,0.9985214277822921,0,0.00033,sector_c
2164.53611111,0.9993207428180332,0,0.00033,sector_c
2164.5375,0.9983031102458214,0,0.00033,sector_c
2164.53888889,0.998338419210922,0,0.00033,sector_c
2164.54027778,0.9987750892424591,0,0.00033,sector_c
2164.54166667,0.9986653312497128,0,0.00033,sector_c
2164.54305556,0.998927796540071,0,0.00033,sector_c
2164.54444444,0.9985313954433191,0,0.00033,sector_c
2164.54583333,0.9984032469920953,0,0.00033,sector_c
2164.54722222,0.9986878520333472,0,0.00033,sector_c
2164.54861111,0.9986543595517346,0,0.00033,sector_c
2164.55,0.9982783736864662,0,0.00033,sector_c
2164.55138889,0.998563747426944,0,0.00033,sector_c
2164.55277778,0.9981486567330449,0,0.00033,sector_c
2164.55416667,0.9985516458837961,0,0.00033,sector_c
2164.55555556,0.9987251711093263,0,0.00033,sector_c
2164.55694444,0.9983727628353809,0,0.00033,sector_c
2164.55833333,0.9987683363522231,0,0.00033,sector_c
2164.55972222,0.9987166009309955,0,0.00033,sector_c
2164.56111111,0.9984956865675816,0,0.00033,sector_c
2164.5625,0.9986791748244868,0,0.00033,sector_c
2164.56388889,0.9990631836366508,0,0.00033,sector_c
2164.56527778,0.9988074037203688,0,0.00033,sector_c
2164.56666667,0.9989035082253521,0,0.00033,sector_c
2164.56805556,0.9986298036734282,0,0.00033,sector_c
2164.56944444,0.9984466660731827,0,0.00033,sector_c
2164.57083333,0.9985069329390949,0,0.00033,sector_c
2164.57222222,0.9990871375820972,0,0.00033,sector_c
2164.57361111,0.9987699316051853,0,0.00033,sector_c
2164.575,0.9986539365780251,0,0.00033,sector_c
2164.57638889,0.9990370110024407,0,0.00033,sector_c
2164.57777778,0.9989543390740465,0,0.00033,sector_c
2164.57916667,0.9988712966455106,0,0.00033,sector_c
2164.58055556,0.9989417792881754,0,0.00033,sector_c
2164.58194444,0.9988716238903393,0,0.00033,sector_c
2164.58333333,0.9986044083608122,0,0.00033,sector_c
2164.58472222,0.9987019632493952,0,0.00033,sector_c
2164.58611111,0.9988722954322076,0,0.00033,sector_c
2164.5875,0.9992473736435997,0,0.00033,sector_c
2164.58888889,0.998800436136091,0,0.00033,sector_c
2164.59027778,0.9988396533649289,0,0.00033,sector_c
2164.59166667,0.998958631964817,0,0.00033,sector_c
2164.59305556,0.9989723772502487,0,0.00033,sector_c
2164.59444444,0.9991540601806587,0,0.00033,sector_c
2164.59583333,0.9988016110886582,0,0.00033,sector_c
2164.59722222,0.9989221839235999,0,0.00033,sector_c
2164.59861111,0.999373697716902,0,0.00033,sector_c
2164.6,0.9982625947785702,0,0.00033,sector_c
2164.60138889,0.998308690493573,0,0.00033,sector_c
2164.60277778,0.9991127727429445,0,0.00033,sector_c
2164.60416667,0.9982273348285237,0,0.00033,sector_c
2164.60555556,0.9990514211282652,0,0.00033,sector_c
2164.60694444,0.9991281962133599,0,0.00033,sector_c
2164.60833333,0.9989962737853934,0,0.00033,sector_c
2164.60972222,0.9989382450296171,0,0.00033,sector_c
2164.61111111,0.9991800911938753,0,0.00033,sector_c
2164.6125,0.9994531747534888,0,0.00033,sector_c
2164.61388889,0.9990596163549033,0,0.00033,sector_c
2164.61527778,0.9989467106053321,0,0.00033,sector_c
2164.61666667,0.9986527945409742,0,0.00033,sector_c
2164.61805556,0.9988109332509157,0,0.00033,sector_c
2164.61944444,0.9983323752511565,0,0.00033,sector_c
2164.62083333,0.999429422989638,0,0.00033,sector_c
2164.62222222,0.9989322806154123,0,0.00033,sector_c
2164.62361111,0.9991242823742806,0,0.00033,sector_c
2164.625,0.9988959920337764,0,0.00033,sector_c
2164.62638889,0.9990915694398588,0,0.00033,sector_c
2164.62777778,0.9988548706003493,0,0.00033,sector_c
2164.62916667,0.9992819246036703,0,0.00033,sector_c
2164.63055556,0.9986417577137202,0,0.00033,sector_c
2164.63194444,0.998931839193148,0,0.00033,sector_c
2164.63333333,0.9995636464459066,0,0.00033,sector_c
2164.63472222,0.9996144813400866,0,0.00033,sector_c
2164.63611111,0.9987060711712882,0,0.00033,sector_c
2164.6375,0.9998391178939684,0,0.00033,sector_c
2164.63888889,0.9994458369354844,0,0.00033,sector_c
2164.64027778,0.9989488516828563,0,0.00033,sector_c
2164.64166667,0.9992267243413621,0,0.00033,sector_c
2164.64305556,0.9993199726172147,0,0.00033,sector_c
2164.64444444,0.9992989776827849,0,0.00033,sector_c
2164.64583333,0.9992408260491646,0,0.00033,sector_c
2164.64722222,0.9996636695605116,0,0.00033,sector_c
2164.64861111,0.9988660757441801,0,0.00033,sector_c
2164.65,0.9993226141761499,0,0.00033,sector_c
2164.65138889,0.9991372113844531,0,0.00033,sector_c
2164.65277778,0.9996689508323825,0,0.00033,sector_c
2164.65416667,0.9988933437593099,0,0.00033,sector_c
2164.65555556,0.998941310785248,0,0.00033,sector_c
2164.65694444,0.9992626640259459,0,0.00033,sector_c
2164.65833333,0.9991373505729015,0,0.00033,sector_c
2164.65972222,0.9989843250755832,0,0.00033,sector_c
2164.66111111,0.9988137075622239,0,0.00033,sector_c
2164.6625,0.9996606880226474,0,0.00033,sector_c
2164.66388889,0.9991563037465292,0,0.00033,sector_c
2164.66527778,0.9991603965333975,0,0.00033,sector_c
2164.66666667,0.999790956189507,0,0.00033,sector_c
2164.66805556,0.9992959829128182,0,0.00033,sector_c
2164.66944444,0.9991156258785477,0,0.00033,sector_c
2164.67083333,0.9992192444550795,0,0.00033,sector_c
2164.67222222,0.9988464615885144,0,0.00033,sector_c
2164.67361111,0.9989418810609156,0,0.00033,sector_c
2164.675,0.9992509431312792,0,0.00033,sector_c
2164.67638889,0.9991339742936638,0,0.00033,sector_c
2164.67777778,0.9990297793530518,0,0.00033,sector_c
2164.67916667,0.9989468467418496,0,0.00033,sector_c
2164.68055556,0.9996122052933125,0,0.00033,sector_c
2164.68194444,0.9991485002888252,0,0.00033,sector_c
2164.68333333,0.999685156882112,0,0.00033,sector_c
2164.68472222,0.9987997404387594,0,0.00033,sector_c
2164.68611111,0.999043960142374,0,0.00033,sector_c
2164.6875,0.9995112063106046,0,0.00033,sector_c
2164.68888889,0.999173757997772,0,0.00033,sector_c
2164.69027778,0.9995882858782906,0,0.00033,sector_c
2164.69166667,0.9994394466396526,0,0.00033,sector_c
2164.69305556,0.9993722408056437,0,0.00033,sector_c
2164.69444444,0.999598013829071,0,0.00033,sector_c
2164.69583333,0.9997602190551744,0,0.00033,sector_c
2164.69722222,0.9993695132870162,4096,0.00033,sector_c
2164.69861111,0.9993882351327239,0,0.00033,sector_c
2164.7,0.9993815500145335,0,0.00033,sector_c
2164.70138889,0.999649345745894,0,0.00033,sector_c
2164.70277778,0.9994195747416064,0,0.00033,sector_c
2164.70416667,0.9995004051763761,0,0.00033,sector_c
2164.70555556,0.9988059791432625,0,0.00033,sector_c
2164.70694444,0.9998785056538784,0,0.00033,sector_c
2164.70833333,0.9991178453716206,0,0.00033,sector_c
2164.70972222,0.9998705295680705,0,0.00033,sector_c
2164.71111111,0.9993783307195617,0,0.00033,sector_c
2164.7125,0.9997525411490005,0,0.00033,sector_c
2164.71388889,0.9990174749589408,0,0.00033,sector_c
2164.71527778,0.999807190140646,0,0.00033,sector_c
2164.71666667,0.9997781653530016,0,0.00033,sector_c
2164.71805556,0.99918343959349,0,0.00033,sector_c
2164.71944444,0.9988129175088777,0,0.00033,sector_c
2164.72083333,0.999449854347121,0,0.00033,sector_c
2164.72222222,1.000262443847033,0,0.00033,sector_c
2164.72361111,0.9995604905525669,0,0.00033,sector_c
2164.725,0.9995274517202115,0,0.00033,sector_c
2164.72638889,0.9996323946600427,0,0.00033,sector_c
2164.72777778,1.000017597614446,0,0.00033,sector_c
2164.72916667,0.9997619294615746,0,0.00033,sector_c
2164.73055556,0.99945302468535,0,0.00033,sector_c
2164.73194444,0.9996291717375917,0,0.00033,sector_c
2164.73333333,0.9996262861259293,0,0.00033,sector_c
2164.73472222,0.9993744397552371,0,0.00033,sector_c
2164.73611111,0.9996612826966798,0,0.00033,sector_c
2164.7375,0.9996141448481634,0,0.00033,sector_c
2164.73888889,0.9993501666191891,0,0.00033,sector_c
2164.74027778,0.9995560198110913,0,0.00033,sector_c
2164.74166667,0.9993311727067756,0,0.00033,sector_c
2164.74305556,0.9993798728773612,0,0.00033,sector_c
2164.74444444,1.000473704460361,0,0.00033,sector_c
2164.74583333,0.9995102739027313,0,0.00033,sector_c
2164.74722222,0.9997934674102609,0,0.00033,sector_c
2164.74861111,0.9996097233710729,0,0.00033,sector_c
2164.75,1.0003551793504581,0,0.00033,sector_c
2164.75138889,0.9994438144602816,0,0.00033,sector_c
2164.75277778,0.9998119119127565,0,0.00033,sector_c
2164.75416667,0.9996923851056114,0,0.00033,sector_c
2164.75555556,0.9996549261563179,0,0.00033,sector_c
2164.75694444,0.9993276927680611,0,0.00033,sector_c
2164.75833333,0.9996871770413607,0,0.00033,sector_c
2164.75972222,0.999886768914844,0,0.00033,sector_c
2164.76111111,0.9997526538010566,0,0.00033,sector_c
2164.7625,0.9995991874735667,0,0.00033,sector_c
2164.76388889,0.9993501692227775,0,0.00033,sector_c
2164.76527778,0.9993409679235432,0,0.00033,sector_c
2164.76666667,1.0000522220822237,0,0.00033,sector_c
2164.76805556,0.9990533215648192,0,0.00033,sector_c
2164.76944444,1.0000833539974257,0,0.00033,sector_c
2164.77083333,1.0000614360580022,0,0.00033,sector_c
2164.77222222,1.000309767983252,0,0.00033,sector_c
2164.77361111,1.0000491110687248,0,0.00033,sector_c
2164.775,1.0000721339416616,0,0.00033,sector_c
2164.77638889,1.000529108028054,0,0.00033,sector_c
2164.77777778,0.9998927919810213,0,0.00033,sector_c
2164.77916667,0.9995083929943204,0,0.00033,sector_c
2164.78055556,1.0001272582085483,0,0.00033,sector_c
2164.78194444,1.0000896979046872,0,0.00033,sector_c
2164.78333333,0.9998053614058291,0,0.00033,sector_c
2164.78472222,0.9994318765154661,0,0.00033,sector_c
2164.78611111,0.9994245990968894,0,0.00033,sector_c
2164.7875,0.9999101617405898,0,0.00033,sector_c
2164.78888889,1.000110046239533,0,0.00033,sector_c
2164.79027778,0.9996931445477611,0,0.00033,sector_c
2164.79166667,0.9997776839986182,0,0.00033,sector_c
2164.79305556,1.0004787131362267,0,0.00033,sector_c
2164.79444444,0.9996425100899787,0,0.00033,sector_c
2164.79583333,0.9996832050834854,0,0.00033,sector_c
2164.79722222,0.9999361872830393,0,0.00033,sector_c
2164.79861111,0.9995943405440004,0,0.00033,sector_c
2164.8,0.9999827025956616,0,0.00033,sector_c
2164.80138889,0.9999373180918733,0,0.00033,sector_c
2164.80277778,1.0000707467038092,0,0.00033,sector_c
2164.80416667,1.0000769045428803,0,0.00033,sector_c
2164.80555556,1.000334098218928,0,0.00033,sector_c
2164.80694444,0.9994701564010565,0,0.00033,sector_c
2164.80833333,0.9999912127956958,0,0.00033,sector_c
2164.80972222,1.0000507876862939,0,0.00033,sector_c
2164.81111111,1.0000393577025992,0,0.00033,sector_c
2164.8125,0.9999277564114044,0,0.00033,sector_c
2164.81388889,1.0001445656503338,0,0.00033,sector_c
2164.81527778,0.9999878987254887,0,0.00033,sector_c
2164.81666667,1.0006718391165481,0,0.00033,sector_c
2164.81805556,1.0004335456861713,0,0.00033,sector_c
2164.81944444,0.9997952750316165,0,0.00033,sector_c
2164.82083333,1.0000090555450334,0,0.00033,sector_c
2164.82222222,0.9997936435172444,0,0.00033,sector_c
2164.82361111,0.999818761639341,0,0.00033,sector_c
2164.825,1.0000027831759128,0,0.00033,sector_c
2164.82638889,1.0003450461932297,0,0.00033,sector_c
2164.82777778,1.0002112066469917,0,0.00033,sector_c
2164.82916667,1.0006533794846568,0,0.00033,sector_c
2164.83055556,1.000489367618579,0,0.00033,sector_c
2164.83194444,1.0003603851346172,0,0.00033,sector_c
2164.83333333,1.0006006888652825,0,0.00033,sector_c
2164.83472222,1.0000561174276865,0,0.00033,sector_c
2164.83611111,1.0001528807458118,0,0.00033,sector_c
2164.8375,1.0007608781900215,0,0.00033,sector_c
2164.83888889,1.000033028467929,0,0.00033,sector_c
2164.84027778,1.000042195177922,0,0.00033,sector_c
2164.84166667,1.0003885470716567,0,0.00033,sector_c
2164.84305556,1.0001820161974644,0,0.00033,sector_c
2164.84444444,1.000211000900793,0,0.00033,sector_c
2164.84583333,1.0004845379575429,0,0.00033,sector_c
2164.84722222,0.9999671357972448,0,0.00033,sector_c
2164.84861111,1.0003715748183581,0,0.00033,sector_c
2164.85,1.0000377905429936,0,0.00033,sector_c
2164.85138889,1.0001296431662392,0,0.00033,sector_c
2164.85277778,0.9996788049416516,0,0.00033,sector_c
2164.85416667,0.9998714579374818,0,0.00033,sector_c
2164.85555556,1.0003438493010792,0,0.00033,sector_c
2164.85694444,1.00084562801536,0,0.00033,sector_c
2164.85833333,1.0002258437529223,0,0.00033,sector_c
2164.85972222,1.00014496715856,0,0.00033,sector_c
2164.86111111,1.0009412150095331,0,0.00033,sector_c
2164.8625,1.0002512821417153,0,0.00033,sector_c
2164.86388889,1.0004916438598808,0,0.00033,sector_c
2164.86527778,1.000879308720052,0,0.00033,sector_c
2164.86666667,1.0002890980153072,0,0.00033,sector_c
2164.86805556,1.0005154399440992,0,0.00033,sector_c
2164.86944444,1.0006730391640657,0,0.00033,sector_c
2164.87083333,1.0005266083109372,0,0.00033,sector_c
2164.87222222,1.000476963046893,0,0.00033,sector_c
2164.87361111,1.000546422182077,0,0.00033,sector_c
2164.875,1.0002069500209092,0,0.00033,sector_c
2164.87638889,1.0006744906382026,0,0.00033,sector_c
2164.87777778,1.0000174189116455,0,0.00033,sector_c
2164.87916667,1.0004031403876745,0,0.00033,sector_c
2164.88055556,1.0007122723706423,0,0.00033,sector_c
2164.88194444,1.001009130669491,0,0.00033,sector_c
2164.88333333,1.0003616273640703,0,0.00033,sector_c
2164.88472222,0.999861907410037,0,0.00033,sector_c
2164.88611111,1.0004979421433897,0,0.00033,sector_c
2164.8875,1.00048359870564,0,0.00033,sector_c
2164.88888889,1.000857033583237,0,0.00033,sector_c
2164.89027778,1.0004911708215172,0,0.00033,sector_c
2164.89166667,1.0006262114324294,0,0.00033,sector_c
2164.89305556,1.0005025901959361,0,0.00033,sector_c
2164.89444444,1.0007675550791686,0,0.00033,sector_c
2164.89583333,1.0004950215091128,0,0.00033,sector_c
2164.89722222,1.0003728073279863,0,0.00033,sector_c
2164.89861111,1.0005842785003836,0,0.00033,sector_c
2164.9,1.0001372951483816,0,0.00033,sector_c
2164.90138889,1.0003545442443567,0,0.00033,sector_c
2164.90277778,1.0010505461140131,0,0.00033,sector_c
2164.90416667,1.0008506457346011,0,0.00033,sector_c
2164.90555556,1.0004132800849603,0,0.00033,sector_c
2164.90694444,1.0005187771485735,0,0.00033,sector_c
2164.90833333,1.0005486939484038,0,0.00033,sector_c
2164.90972222,1.0003719324767637,0,0.00033,sector_c
2164.91111111,1.0004437803071915,0,0.00033,sector_c
2164.9125,1.0001159465317422,0,0.00033,sector_c
2164.91388889,1.0004335643029427,0,0.00033,sector_c
2164.91527778,1.0007057471780736,0,0.00033,sector_c
2164.91666667,1.0009011960753142,0,0.00033,sector_c
2164.91805556,1.0011922528853647,0,0.00033,sector_c
2164.91944444,1.0006642906513241,0,0.00033,sector_c
2164.92083333,1.0009987393947,0,0.00033,sector_c
2164.92222222,1.000851572611341,0,0.00033,sector_c
2164.92361111,1.000530168765931,0,0.00033,sector_c
2164.925,1.0004786900568354,0,0.00033,sector_c
2164.92638889,1.0015520505756803,0,0.00033,sector_c
2164.92777778,1.0006094610214318,0,0.00033,sector_c
2164.92916667,1.0003936185333022,0,0.00033,sector_c
2164.93055556,1.0010026863662498,0,0.00033,sector_c
2164.93194444,1.000620619149914,0,0.00033,sector_c
2164.93333333,1.0006999183456258,0,0.00033,sector_c
2164.93472222,1.0011183559680361,0,0.00033,sector_c
2164.93611111,1.0008102792911011,0,0.00033,sector_c
2164.9375,1.0004866724105543,0,0.00033,sector_c
2164.93888889,1.0009662724632835,0,0.00033,sector_c
2164.94027778,1.0000482727480993,0,0.00033,sector_c
2164.94166667,1.0010390349102232,0,0.00033,sector_c
2164.94305556,1.0009569936381337,0,0.00033,sector_c
2164.94444444,1.0013180113295777,0,0.00033,sector_c
2164.94583333,1.0001672924758842,0,0.00033,sector_c
2164.94722222,1.0008386175151416,0,0.00033,sector_c
2164.94861111,1.0010227737253905,0,0.00033,sector_c
2164.95,1.0008536765360032,0,0.00033,sector_c
2164.95138889,1.0007807863514386,0,0.00033,sector_c
2164.95277778,1.000378935792023,0,0.00033,sector_c
2164.95416667,1.0016533991327339,0,0.00033,sector_c
2164.95555556,1.001054578527157,0,0.00033,sector_c
2164.95694444,1.0011589649132517,0,0.00033,sector_c
2164.95833333,1.0011435522453471,0,0.00033,sector_c
2164.95972222,1.000973332978497,0,0.00033,sector_c
2164.96111111,1.0008164356537583,0,0.00033,sector_c
2164.9625,1.0008645395310305,0,0.00033,sector_c
2164.96388889,1.0010990840843335,0,0.00033,sector_c
2164.96527778,1.000650600334011,0,0.00033,sector_c
2164.96666667,1.0010111708313045,0,0.00033,sector_c
2164.96805556,1.0009499437712144,0,0.00033,sector_c
2164.96944444,1.0005641815027788,0,0.00033,sector_c
2164.97083333,1.0010070312245956,0,0.00033,sector_c
2164.97222222,1.0011750259585193,0,0.00033,sector_c
2164.97361111,1.001327962753982,0,0.00033,sector_c
2164.975,1.0009420848635375,0,0.00033,sector_c
2164.97638889,1.0007109200694053,0,0.00033,sector_c
2164.97777778,1.0007213059370947,0,0.00033,sector_c
2164.97916667,1.001640140027735,0,0.00033,sector_c
2164.98055556,1.000932056320881,0,0.00033,sector_c
2164.98194444,1.0014251567849066,0,0.00033,sector_c
2164.98333333,1.0008250975230597,0,0.00033,sector_c
2164.98472222,1.0014768557880356,0,0.00033,sector_c
2164.98611111,1.0006431708111854,0,0.00033,sector_c
2164.9875,1.0014671897000609,0,0.00033,sector_c
2164.98888889,1.0014062619096,0,0.00033,sector_c
2164.99027778,1.0011829840432773,0,0.00033,sector_c
2164.99166667,1.001159041263317,0,0.00033,sector_c
2164.99305556,1.0010586769762988,0,0.00033,sector_c
2164.99444444,1.0011146396891484,0,0.00033,sector_c
2164.99583333,1.0011587793576933,0,0.00033,sector_c
2164.99722222,1.0006550170251522,0,0.00033,sector_c
2164.99861111,1.0011419695593728,0,0.00033,sector_c
2165.0,1.0014679940189386,0,0.00033,sector_c
2165.00138889,1.0008862711191615,0,0.00033,sector_c
2165.00277778,1.0014675110163338,0,0.00033,sector_c
2165.00416667,1.001193676849188,0,0.00033,sector_c
2165.00555556,1.0014514855460501,0,0.00033,sector_c
2165.00694444,1.0012623407282262,0,0.00033,sector_c
2165.00833333,1.0011935970163102,0,0.00033,sector_c
2165.00972222,1.0008506416841896,0,0.00033,sector_c
2165.01111111,1.0013972622522436,0,0.00033,sector_c
2165.0125,1.0013008600028936,0,0.00033,sector_c
2165.01388889,1.0010129799270762,0,0.00033,sector_c
2165.01527778,1.0012333397854027,0,0.00033,sector_c
2165.01666667,1.0012183241328672,0,0.00033,sector_c
2165.01805556,1.000943962845843,0,0.00033,sector_c
2165.01944444,1.0010369670139656,0,0.00033,sector_c
2165.02083333,1.0014517598268662,0,0.00033,sector_c
2165.02222222,1.001278082976728,0,0.00033,sector_c
2165.02361111,1.0010973657343423,0,0.00033,sector_c
2165.025,1.000956680785861,0,0.00033,sector_c
2165.02638889,1.0011921517890965,0,0.00033,sector_c
2165.02777778,1.0012985408837345,0,0.00033,sector_c
2165.02916667,1.001187121345794,0,0.00033,sector_c
2165.03055556,1.0011760226927482,0,0.00033,sector_c
2165.03194444,1.0011860319032766,0,0.00033,sector_c
2165.03333333,1.001595076376075,0,0.00033,sector_c
2165.03472222,1.0015450677763875,0,0.00033,sector_c
2165.03611111,1.0011360794193287,0,0.00033,sector_c
2165.0375,1.0011410198570736,0,0.00033,sector_c
2165.03888889,1.000713125023875,0,0.00033,sector_c
2165.04027778,1.001243712760219,0,0.00033,sector_c
2165.04166667,1.0014479542586685,0,0.00033,sector_c
2165.04305556,1.00168735684331,4096,0.00033,sector_c
2165.04444444,1.0011260583204684,0,0.00033,sector_c
2165.04583333,1.0014891831447617,0,0.00033,sector_c
2165.04722222,1.000981684231123,0,0.00033,sector_c
2165.04861111,1.0010369501776715,0,0.00033,sector_c
2165.05,1.0009274169116942,0,0.00033,sector_c
2165.05138889,1.001325271817102,0,0.00033,sector_c
2165.05277778,1.001238707615211,0,0.00033,sector_c
2165.05416667,1.001968765098467,0,0.00033,sector_c
2165.05555556,1.0015669172941182,0,0.00033,sector_c
2165.05694444,1.0010334728136938,0,0.00033,sector_c
2165.05833333,1.0014713445128454,0,0.00033,sector_c
2165.05972222,1.0006662817975744,0,0.00033,sector_c
2165.06111111,1.0012130335236225,0,0.00033,sector_c
2165.0625,1.0011351249537401,0,0.00033,sector_c
2165.06388889,1.0015187476043175,0,0.00033,sector_c
2165.06527778,1.0016165177892733,0,0.00033,sector_c
2165.06666667,1.0014504048801702,0,0.00033,sector_c
2165.06805556,1.0008536101920786,0,0.00033,sector_c
2165.06944444,1.0011787950188704,0,0.00033,sector_c
2165.07083333,1.00143223154965,0,0.00033,sector_c
2165.07222222,1.0022628858595888,0,0.00033,sector_c
2165.07361111,1.0016497592662381,0,0.00033,sector_c
2165.075,1.0017463305713765,0,0.00033,sector_c
2165.07638889,1.001649644242468,0,0.00033,sector_c
2165.07777778,1.0015387308631987,0,0.00033,sector_c
2165.07916667,1.0020482339677637,0,0.00033,sector_c
2165.08055556,1.0016384775217846,0,0.00033,sector_c
2165.08194444,1.001195448001049,0,0.00033,sector_c
2165.08333333,1.002113829769537,0,0.00033,sector_c
2165.08472222,1.0014726019512719,0,0.00033,sector_c
2165.08611111,1.0015914608116263,0,0.00033,sector_c
2165.0875,1.001522042192591,0,0.00033,sector_c
2165.08888889,1.0015337692292492,0,0.00033,sector_c
2165.09027778,1.001547401762602,0,0.00033,sector_c
2165.09166667,1.0016481508976944,0,0.00033,sector_c
2165.09305556,1.001666483307705,0,0.00033,sector_c
2165.09444444,1.0011075841774708,0,0.00033,sector_c
2165.09583333,1.0010216510543157,0,0.00033,sector_c
2165.09722222,1.0015062833620934,0,0.00033,sector_c
2165.09861111,1.0011545969865943,0,0.00033,sector_c
2165.1,1.0014844056510401,0,0.00033,sector_c
2165.10138889,1.0016641378519489,0,0.00033,sector_c
2165.10277778,1.0018883236687184,0,0.00033,sector_c
2165.10416667,1.001948353732142,0,0.00033,sector_c
2165.10555556,1.0010447879601596,0,0.00033,sector_c
2165.10694444,1.0015196469618854,0,0.00033,sector_c
2165.10833333,1.0013980101281452,0,0.00033,sector_c
2165.10972222,1.0014787857935605,0,0.00033,sector_c
2165.11111111,1.0011619558650442,0,0.00033,sector_c
2165.1125,1.001631276566407,0,0.00033,sector_c
2165.11388889,1.0009086726447212,0,0.00033,sector_c
2165.11527778,1.001494347918609,0,0.00033,sector_c
2165.11666667,1.0012716919425253,0,0.00033,sector_c
2165.11805556,1.0015092136284791,0,0.00033,sector_c
2165.11944444,1.0021004506832243,0,0.00033,sector_c
2165.12083333,1.0019992523889425,0,0.00033,sector_c
2165.12222222,1.0014771897126165,0,0.00033,sector_c
2165.12361111,1.0020765822184852,0,0.00033,sector_c
2165.125,1.001875289272034,0,0.00033,sector_c
2165.12638889,1.0017741677011616,0,0.00033,sector_c
2165.12777778,1.0018061445871818,0,0.00033,sector_c
2165.12916667,1.0015436006591996,0,0.00033,sector_c
2165.13055556,1.0017714872180616,0,0.00033,sector_c
2165.13194444,1.0025702800489462,0,0.00033,sector_c
2165.13333333,1.001962915777636,0,0.00033,sector_c
2165.13472222,1.001693696244323,0,0.00033,sector_c
2165.13611111,1.0019935248700296,0,0.00033,sector_c
2165.1375,1.001217012768988,0,0.00033,sector_c
2165.13888889,1.0020724189857717,0,0.00033,sector_c
2165.14027778,1.001683410907421,0,0.00033,sector_c
2165.14166667,1.0021846725429575,0,0.00033,sector_c
2165.14305556,1.0015909460634236,0,0.00033,sector_c
2165.14444444,1.0020029857493824,0,0.00033,sector_c
2165.14583333,1.0017841979615763,0,0.00033,sector_c
2165.14722222,1.002091784058136,0,0.00033,sector_c
2165.14861111,1.0021643126569664,0,0.00033,sector_c
2165.15,1.0019831271542146,0,0.00033,sector_c
2165.15138889,1.0016982797035014,0,0.00033,sector_c
2165.15277778,1.0023796865486354,0,0.00033,sector_c
2165.15416667,1.0015658299907875,0,0.00033,sector_c
2165.15555556,1.001962497954705,0,0.00033,sector_c
2165.15694444,1.0019136000548265,0,0.00033,sector_c
2165.15833333,1.0020489781582045,0,0.00033,sector_c
2165.15972222,1.0020268068246214,0,0.00033,sector_c
2165.16111111,1.0018705019085405,0,0.00033,sector_c
2165.1625,1.0023746081883194,0,0.00033,sector_c
2165.16388889,1.002278755939888,0,0.00033,sector_c
2165.16527778,1.001835153060449,0,0.00033,sector_c
2165.16666667,1.0017834336562772,0,0.00033,sector_c
2165.16805556,1.0019230251321491,0,0.00033,sector_c
2165.16944444,0.997464830417199,0,0.00033,sector_c
2165.17083333,0.9977484314214319,0,0.00033,sector_c
2165.17222222,0.9971620335595731,0,0.00033,sector_c
2165.17361111,0.9977397858397604,4096,0.00033,sector_c
2165.175,0.9969766627437998,0,0.00033,sector_c
2165.17638889,0.9976472693653263,0,0.00033,sector_c
2165.17777778,0.9974092775506358,0,0.00033,sector_c
2165.17916667,0.9975751854022605,0,0.00033,sector_c
2165.18055556,0.9975069174405944,0,0.00033,sector_c
2165.18194444,0.9976131329148762,0,0.00033,sector_c
2165.18333333,0.9977648112678511,0,0.00033,sector_c
2165.18472222,0.9972661832502083,0,0.00033,sector_c
2165.18611111,0.9973259026218282,0,0.00033,sector_c
2165.1875,0.9978554880168795,0,0.00033,sector_c
2165.18888889,0.997757856150755,0,0.00033,sector_c
2165.19027778,0.9978117309787401,0,0.00033,sector_c
2165.19166667,0.9974058143676195,0,0.00033,sector_c
2165.19305556,0.9975575909449461,0,0.00033,sector_c
2165.19444444,0.9977612281315064,0,0.00033,sector_c
2165.19583333,0.9978529473915837,0,0.00033,sector_c
2165.19722222,0.9976178934905733,0,0.00033,sector_c
2165.19861111,0.9977532613311445,0,0.00033,sector_c
2165.2,0.997696697232156,0,0.00033,sector_c
2165.20138889,0.9981569591404349,0,0.00033,sector_c
2165.20277778,0.9976890926433973,0,0.00033,sector_c
2165.20416667,0.9977348477197555,0,0.00033,sector_c
2165.20555556,0.9975227990543778,0,0.00033,sector_c
2165.20694444,0.9976041973961708,0,0.00033,sector_c
2165.20833333,0.9971119784453465,0,0.00033,sector_c
2165.20972222,0.9977534928010362,0,0.00033,sector_c
2165.21111111,0.9975719676673934,0,0.00033,sector_c
2165.2125,0.9976108184859833,0,0.00033,sector_c
2165.21388889,0.9979919068111974,0,0.00033,sector_c
2165.21527778,0.9976529194114863,0,0.00033,sector_c
2165.21666667,0.9975003446595778,0,0.00033,sector_c
2165.21805556,0.9975187911575216,0,0.00033,sector_c
2165.21944444,0.99746432271107,0,0.00033,sector_c
2165.22083333,0.9981114247238364,0,0.00033,sector_c
2165.22222222,0.9976439607187322,0,0.00033,sector_c
2165.22361111,0.9980422527356317,0,0.00033,sector_c
2165.225,0.9976494040713881,0,0.00033,sector_c
2165.22638889,0.9976047983729204,0,0.00033,sector_c
2165.22777778,0.9976032457585379,0,0.00033,sector_c
2165.22916667,0.997036021882412,0,0.00033,sector_c
2165.23055556,0.9981947692051625,0,0.00033,sector_c
2165.23194444,0.998189183302014,0,0.00033,sector_c
2165.23333333,0.9976367060185481,0,0.00033,sector_c
2165.23472222,0.9980094957901057,0,0.00033,sector_c
2165.23611111,0.9969221280285867,0,0.00033,sector_c
2165.2375,0.9982181301677243,0,0.00033,sector_c
2165.23888889,0.9976018532783035,0,0.00033,sector_c
2165.24027778,0.9980232199078972,0,0.00033,sector_c
2165.24166667,0.9978061292316656,0,0.00033,sector_c
2165.24305556,0.9982746397285486,0,0.00033,sector_c
2165.24444444,0.9977182182430779,0,0.00033,sector_c
2165.24583333,0.9977009317879598,0,0.00033,sector_c
2165.24722222,0.9981702158405659,0,0.00033,sector_c
2165.24861111,0.9980628605598239,0,0.00033,sector_c
2165.25,0.9979350461445325,0,0.00033,sector_c
2165.25138889,0.9983531209214422,0,0.00033,sector_c
2165.25277778,0.997965718319069,0,0.00033,sector_c
2165.25416667,0.9974243584654384,0,0.00033,sector_c
2165.25555556,0.9985838730304877,0,0.00033,sector_c
2165.25694444,0.9983656192757848,0,0.00033,sector_c
2165.25833333,0.9979551398373397,0,0.00033,sector_c
2165.25972222,0.9983583923271636,0,0.00033,sector_c
2165.26111111,0.9980995740040701,0,0.00033,sector_c
2165.2625,0.9980898451609165,0,0.00033,sector_c
2165.26388889,0.9979187562659398,0,0.00033,sector_c
2165.26527778,0.9981688040771757,0,0.00033,sector_c
2165.26666667,0.9983860833664846,0,0.00033,sector_c
2165.26805556,0.9982316276249846,0,0.00033,sector_c
2165.26944444,0.9983960260882763,0,0.00033,sector_c
2165.27083333,0.997485189362294,0,0.00033,sector_c
2165.27222222,0.9982289126452932,0,0.00033,sector_c
2165.27361111,0.9980304548241793,0,0.00033,sector_c
2165.275,0.997303302899751,0,0.00033,sector_c
2165.27638889,0.9981046079292641,0,0.00033,sector_c
2165.27777778,0.9981960326722172,0,0.00033,sector_c
2165.27916667,0.9977364893335048,0,0.00033,sector_c
2165.28055556,0.997837957846623,0,0.00033,sector_c
2165.28194444,0.9976838374928233,0,0.00033,sector_c
2165.28333333,0.9976626710689322,0,0.00033,sector_c
2165.28472222,0.9982638483089893,0,0.00033,sector_c
2165.28611111,0.9978453912547525,0,0.00033,sector_c
2165.2875,0.9984538612815534,0,0.00033,sector_c
2165.28888889,0.9981396131670212,0,0.00033,sector_c
2165.29027778,0.998042966674206,0,0.00033,sector_c
2165.29166667,0.9984548535168946,0,0.00033,sector_c
2165.29305556,0.9981919692509866,0,0.00033,sector_c
2165.29444444,0.9983119812888023,0,0.00033,sector_c
2165.29583333,0.9986380570502853,0,0.00033,sector_c
2165.29722222,0.9985283540572264,0,0.00033,sector_c
2165.29861111,0.9985017966479262,0,0.00033,sector_c
2165.3,0.9983407286565854,0,0.00033,sector_c
2165.30138889,0.9975725470657618,0,0.00033,sector_c
2165.30277778,0.9982313969430552,0,0.00033,sector_c
2165.30416667,0.9984111337785782,0,0.00033,sector_c
2165.30555556,0.9987623899367646,0,0.00033,sector_c
2165.30694444,0.9981335888940016,0,0.00033,sector_c
2165.30833333,0.9977395388303885,0,0.00033,sector_c
2165.30972222,0.9980466460642847,0,0.00033,sector_c
2165.31111111,0.9982623200028519,0,0.00033,sector_c
2165.3125,0.9981167564485637,0,0.00033,sector_c
2165.31388889,0.9979324667919645,0,0.00033,sector_c
2165.31527778,0.9974619946925428,0,0.00033,sector_c
2165.31666667,0.9977441058265192,0,0.00033,sector_c
2165.31805556,0.9983907967178755,0,0.00033,sector_c
2165.31944444,0.9982187891717125,0,0.00033,sector_c
2165.32083333,0.9981442115082745,0,0.00033,sector_c
2165.32222222,0.9983089950403062,0,0.00033,sector_c
2165.32361111,0.9986521433988376,0,0.00033,sector_c
2165.325,0.998359098635811,0,0.00033,sector_c
2165.32638889,0.9981313478789203,0,0.00033,sector_c
2165.32777778,0.9989155645157118,0,0.00033,sector_c
2165.32916667,0.9981632870267724,0,0.00033,sector_c
2165.33055556,0.9985979984669161,0,0.00033,sector_c
2165.33194444,0.9977610040830829,0,0.00033,sector_c
2165.33333333,0.9985742540966437,0,0.00033,sector_c
2165.33472222,0.998177562031544,0,0.00033,sector_c
2165.33611111,0.998893128749895,0,0.00033,sector_c
2165.3375,0.9979139906137866,0,0.00033,sector_c
2165.33888889,0.99867506292171,0,0.00033,sector_c
2165.34027778,0.9983644908575663,0,0.00033,sector_c
2165.34166667,0.9986086580264474,0,0.00033,sector_c
2165.34305556,0.9977923010243364,0,0.00033,sector_c
2165.34444444,1.0031345346676528,0,0.00033,sector_c
2165.34583333,1.002815419920869,0,0.00033,sector_c
2165.34722222,1.0024757548690968,0,0.00033,sector_c
2165.34861111,1.0022553514692276,0,0.00033,sector_c
2165.35,1.0027689433659692,0,0.00033,sector_c
2165.35138889,1.00306909743743,0,0.00033,sector_c
2165.35277778,1.0028044593525174,0,0.00033,sector_c
2165.35416667,1.0031512281505206,0,0.00033,sector_c
2165.35555556,1.0026176340312754,0,0.00033,sector_c
2165.35694444,1.0022725084812136,0,0.00033,sector_c
2165.35833333,1.003158144363211,0,0.00033,sector_c
2165.35972222,1.0027395543411046,0,0.00033,sector_c
2165.36111111,1.0029681951370104,0,0.00033,sector_c
2165.3625,1.0025785365208804,0,0.00033,sector_c
2165.36388889,1.0029048223127721,0,0.00033,sector_c
2165.36527778,1.003365407227935,0,0.00033,sector_c
2165.36666667,1.0028897270106512,0,0.00033,sector_c
2165.36805556,1.0026519913200485,0,0.00033,sector_c
2165.36944444,1.0032312225574342,0,0.00033,sector_c
2165.37083333,1.0027451345753415,0,0.00033,sector_c
2165.37222222,1.0031943662170542,0,0.00033,sector_c
2165.37361111,1.0034974809070725,0,0.00033,sector_c
2165.375,1.002655669335035,0,0.00033,sector_c
2165.37638889,1.0034997951191438,0,0.00033,sector_c
2165.37777778,1.0027267326955407,0,0.00033,sector_c
2165.37916667,1.0031559089074367,0,0.00033,sector_c
2165.38055556,1.0036301261029692,0,0.00033,sector_c
2165.38194444,1.0029075923698267,0,0.00033,sector_c
2165.38333333,1.002843944520912,0,0.00033,sector_c
2165.38472222,1.0028896944619816,0,0.00033,sector_c
2165.38611111,1.003144481607542,0,0.00033,sector_c
2165.3875,1.0027753873055254,0,0.00033,sector_c
2165.38888889,1.0028839935769613,0,0.00033,sector_c
2165.39027778,1.003194995908374,0,0.00033,sector_c
2165.39166667,1.0030397252102443,0,0.00033,sector_c
2165.39305556,1.0030752619628511,0,0.00033,sector_c
2165.39444444,1.0033200100168673,0,0.00033,sector_c
2165.39583333,1.003259832620734,0,0.00033,sector_c
2165.39722222,1.0029808488901817,0,0.00033,sector_c
2165.39861111,1.003280974692104,0,0.00033,sector_c
2165.4,1.003372161861546,0,0.00033,sector_c
2165.40138889,1.0034407775625616,0,0.00033,sector_c
2165.40277778,1.0032178893204786,0,0.00033,sector_c
2165.40416667,1.0034157851274548,0,0.00033,sector_c
2165.40555556,1.0031494477020888,0,0.00033,sector_c
2165.40694444,1.0027133413682123,0,0.00033,sector_c
2165.40833333,1.003552379586808,0,0.00033,sector_c
2165.40972222,1.0033012908353536,0,0.00033,sector_c
2165.41111111,1.0025895931953295,0,0.00033,sector_c
2165.4125,1.0029690391152,0,0.00033,sector_c
2165.41388889,1.0031267094085468,0,0.00033,sector_c
2165.41527778,1.003787463902938,0,0.00033,sector_c
2165.41666667,1.00288578488583,0,0.00033,sector_c
2165.41805556,1.0026033043624123,0,0.00033,sector_c
2165.41944444,1.0034686827901667,0,0.00033,sector_c
2165.42083333,1.003570554392907,0,0.00033,sector_c
2165.42222222,1.0033670155688452,0,0.00033,sector_c
2165.42361111,1.0032029307885186,0,0.00033,sector_c
2165.425,1.0034031320482282,0,0.00033,sector_c
2165.42638889,1.0032857313982633,0,0.00033,sector_c
2165.42777778,1.0035876181629704,0,0.00033,sector_c
2165.42916667,1.0036788391707938,0,0.00033,sector_c
2165.43055556,1.002874205655262,0,0.00033,sector_c
2165.43194444,1.0031972782527876,0,0.00033,sector_c
2165.43333333,1.0035474206416712,0,0.00033,sector_c
2165.43472222,1.0033658078244951,0,0.00033,sector_c
2165.43611111,1.0028366556171409,0,0.00033,sector_c
2165.4375,1.003331608974329,0,0.00033,sector_c
2165.43888889,1.0032519484494828,0,0.00033,sector_c
2165.44027778,1.0034142570788307,0,0.00033,sector_c
2165.44166667,1.003242973335391,0,0.00033,sector_c
2165.44305556,1.0032178084653895,0,0.00033,sector_c
2165.44444444,1.0032553520442413,0,0.00033,sector_c
2165.44583333,1.0034217092886755,0,0.00033,sector_c
2165.44722222,1.0033704117223219,0,0.00033,sector_c
2165.44861111,1.0032129327944366,0,0.00033,sector_c
2165.45,1.0034140261929176,0,0.00033,sector_c
2165.45138889,1.0032532515038455,0,0.00033,sector_c
2165.45277778,1.00286467274955,0,0.00033,sector_c
2165.45416667,1.0029488308148582,0,0.00033,sector_c
2165.45555556,1.0033297669296621,0,0.00033,sector_c
2165.45694444,1.0032102070875657,0,0.00033,sector_c
2165.45833333,1.0037138331880762,0,0.00033,sector_c
2165.45972222,1.003539807868172,0,0.00033,sector_c
2165.46111111,1.0034239615595526,0,0.00033,sector_c
2165.4625,1.0033859500957858,0,0.00033,sector_c
2165.46388889,1.0031266480664383,0,0.00033,sector_c
2165.46527778,1.0034908552906092,0,0.00033,sector_c
2165.46666667,1.0034045983954227,0,0.00033,sector_c
2165.46805556,1.0033545211056665,0,0.00033,sector_c
2165.46944444,1.0036682529425478,0,0.00033,sector_c
2165.47083333,1.0034692007999737,0,0.00033,sector_c
2165.47222222,1.0036039700892305,0,0.00033,sector_c
2165.47361111,1.0034303279064631,0,0.00033,sector_c
2165.475,1.0034821867550825,0,0.00033,sector_c
2165.47638889,1.0033498452153022,0,0.00033,sector_c
2165.47777778,1.0032206621947017,0,0.00033,sector_c
2165.47916667,1.00354034334184,0,0.00033,sector_c
2165.48055556,1.004282969987199,0,0.00033,sector_c
2165.48194444,1.0035884809722293,0,0.00033,sector_c
2165.48333333,1.0035300238276006,0,0.00033,sector_c
2165.48472222,1.0029177343625864,0,0.00033,sector_c
2165.48611111,1.00330409825421,0,0.00033,sector_c
2165.4875,1.003480324246336,0,0.00033,sector_c
2165.48888889,1.0032616452502388,0,0.00033,sector_c
2165.49027778,1.0029363770911643,0,0.00033,sector_c
2165.49166667,1.0032543359420214,0,0.00033,sector_c
2165.49305556,1.0035715147900461,0,0.00033,sector_c
2165.49444444,1.003696993513904,0,0.00033,sector_c
2165.49583333,1.003344343271546,0,0.00033,sector_c
2165.49722222,1.0040839382525482,0,0.00033,sector_c
2165.49861111,1.0037692272077807,0,0.00033,sector_c
2165.5,1.0036860112440478,0,0.00033,sector_c
2165.50138889,1.0035174243757436,0,0.00033,sector_c
2165.50277778,1.0029635968157478,0,0.00033,sector_c
2165.50416667,1.0036363725625428,0,0.00033,sector_c
2165.50555556,1.0036019512325256,0,0.00033,sector_c
2165.50694444,1.003900598989076,0,0.00033,sector_c
2165.50833333,1.0036783735079917,0,0.00033,sector_c
2165.50972222,1.003796970432008,0,0.00033,sector_c
2165.51111111,1.00413120130576,0,0.00033,sector_c
2165.5125,1.0034837594859516,0,0.00033,sector_c
2165.51388889,1.0038398265734074,0,0.00033,sector_c
2165.51527778,1.0033361619635457,4096,0.00033,sector_c
2165.51666667,1.0043402677441369,0,0.00033,sector_c
2165.51805556,1.0037153219378272,0,0.00033,sector_c
2165.51944444,1.003796183600131,0,0.00033,sector_c
2165.52083333,1.0036335119753903,0,0.00033,sector_c
2165.52222222,1.0045536615999229,0,0.00033,sector_c
2165.52361111,1.0038685877041051,0,0.00033,sector_c
2165.525,1.004110799428071,0,0.00033,sector_c
2165.52638889,1.003825791369237,0,0.00033,sector_c
2165.52777778,1.0043024089841897,0,0.00033,sector_c
2165.52916667,1.004045219365447,0,0.00033,sector_c
2165.53055556,1.0035296201903454,0,0.00033,sector_c
2165.53194444,1.0037048199447935,0,0.00033,sector_c
2165.53333333,1.0036152571693844,0,0.00033,sector_c
2165.53472222,1.0035513869417607,0,0.00033,sector_c
2165.53611111,1.003667268422999,0,0.00033,sector_c
2165.5375,1.0033262968766758,0,0.00033,sector_c
2165.53888889,1.0037338345298685,0,0.00033,sector_c
2165.54027778,1.003879255734456,0,0.00033,sector_c
2165.54166667,1.003576374472849,0,0.00033,sector_c
2165.54305556,1.0042285631627375,0,0.00033,sector_c
2165.54444444,1.0037741533666062,0,0.00033,sector_c
2165.54583333,1.0040063471760579,0,0.00033,sector_c
2165.54722222,1.003828252440096,0,0.00033,sector_c
2165.54861111,1.0035832543557228,0,0.00033,sector_c
2165.55,1.0037333026346167,0,0.00033,sector_c
2165.55138889,1.003966982518064,0,0.00033,sector_c
2165.55277778,1.0030773990223967,0,0.00033,sector_c
2165.55416667,1.00335100536427,0,0.00033,sector_c
2165.55555556,1.0036099465372177,0,0.00033,sector_c
2165.55694444,1.0035983982802967,0,0.00033,sector_c
2165.55833333,1.003515543036611,0,0.00033,sector_c
2165.55972222,1.0040757576659414,0,0.00033,sector_c
2165.56111111,1.0040172946561159,0,0.00033,sector_c
2165.5625,1.0040563020406752,0,0.00033,sector_c
2165.56388889,1.004496896041539,0,0.00033,sector_c
2165.56527778,1.0042070538250256,0,0.00033,sector_c
2165.56666667,1.0041455002913697,0,0.00033,sector_c
2165.56805556,1.0037097828914898,0,0.00033,sector_c
2165.56944444,1.0038318981683005,0,0.00033,sector_c
2165.57083333,1.003334841939829,0,0.00033,sector_c
2165.57222222,1.0036998339934264,0,0.00033,sector_c
2165.57361111,1.004345938300146,0,0.00033,sector_c
2165.575,1.003662911093859,0,0.00033,sector_c
2165.57638889,1.0038471663707222,0,0.00033,sector_c
2165.57777778,1.003721835251732,0,0.00033,sector_c
2165.57916667,1.0037253063984628,0,0.00033,sector_c
2165.58055556,1.004168488381492,0,0.00033,sector_c
2165.58194444,1.004231055434573,0,0.00033,sector_c
2165.58333333,1.004043739221419,0,0.00033,sector_c
2165.58472222,1.0043942767976353,0,0.00033,sector_c
2165.58611111,1.0036784285985219,0,0.00033,sector_c
2165.5875,1.003640324584378,0,0.00033,sector_c
2165.58888889,1.0039838106827543,0,0.00033,sector_c
2165.59027778,1.0040938856372161,0,0.00033,sector_c
2165.59166667,1.0040217086291525,0,0.00033,sector_c
2165.59305556,1.0038789759784446,0,0.00033,sector_c
2165.59444444,1.0038621233945728,0,0.00033,sector_c
2165.59583333,1.003831105966795,0,0.00033,sector_c
2165.59722222,1.004507456059423,0,0.00033,sector_c
2165.59861111,1.003985590429282,0,0.00033,sector_c
2165.6,1.003053861036065,0,0.00033,sector_c
2165.60138889,1.004065823376007,0,0.00033,sector_c
2165.60277778,1.0040301414970312,0,0.00033,sector_c
2165.60416667,1.0037256714787826,0,0.00033,sector_c
2165.60555556,1.0035951856447782,0,0.00033,sector_c
2165.60694444,1.0042149704818109,0,0.00033,sector_c
2165.60833333,1.003517840595213,0,0.00033,sector_c
2165.60972222,1.0042478220983868,0,0.00033,sector_c
2165.61111111,1.004070757827907,0,0.00033,sector_c
2165.6125,1.0040174021568162,0,0.00033,sector_c
2165.61388889,1.0039915454551156,0,0.00033,sector_c
2165.61527778,1.0037178359606453,0,0.00033,sector_c
2165.61666667,1.0042720582142666,0,0.00033,sector_c
2165.61805556,1.0041558873164238,0,0.00033,sector_c
2165.61944444,1.003761402090819,0,0.00033,sector_c
2165.62083333,1.0036525720790352,0,0.00033,sector_c
2165.62222222,1.0033266554002085,0,0.00033,sector_c
2165.62361111,1.0040333095355298,0,0.00033,sector_c
2165.625,1.0044391687070227,0,0.00033,sector_c
2165.62638889,1.004034633361571,0,0.00033,sector_c
2165.62777778,1.0036398015254202,0,0.00033,sector_c
2165.62916667,1.0044130733823953,0,0.00033,sector_c
2165.63055556,1.0038907326742557,0,0.00033,sector_c
2165.63194444,1.0043703041299004,0,0.00033,sector_c
2165.63333333,1.0040799525093766,0,0.00033,sector_c
2165.63472222,1.0039638844069885,0,0.00033,sector_c
2165.63611111,1.004370336702084,0,0.00033,sector_c
2165.6375,1.0041962936928637,0,0.00033,sector_c
2165.63888889,1.0043976725633545,0,0.00033,sector_c
2165.64027778,1.0041970729713519,0,0.00033,sector_c
2165.64166667,1.004259742952712,0,0.00033,sector_c
2165.64305556,1.004048203044851,0,0.00033,sector_c
2165.64444444,1.00399926046292,0,0.00033,sector_c
2165.64583333,1.0038242610150225,0,0.00033,sector_c
2165.64722222,1.0044977096130228,0,0.00033,sector_c
2165.64861111,1.0040849785757284,0,0.00033,sector_c
2165.65,1.0035681025161405,0,0.00033,sector_c
2165.65138889,1.00412183420915,0,0.00033,sector_c
2165.65277778,1.0041114338752168,0,0.00033,sector_c
2165.65416667,1.0044792225440682,0,0.00033,sector_c
2165.65555556,1.0043139054899328,0,0.00033,sector_c
2165.65694444,1.0041195121211672,0,0.00033,sector_c
2165.65833333,1.0039644807642698,0,0.00033,sector_c
2165.65972222,1.0041051826986993,0,0.00033,sector_c
2165.66111111,1.0038198213121512,0,0.00033,sector_c
2165.6625,1.004021955211483,0,0.00033,sector_c
2165.66388889,1.003916264705889,0,0.00033,sector_c
2165.66527778,1.0041767565227115,0,0.00033,sector_c
2165.66666667,1.0039553646971089,0,0.00033,sector_c
2165.66805556,1.0040056619210915,0,0.00033,sector_c
2165.66944444,1.0036250218340772,0,0.00033,sector_c
2165.67083333,1.0046282082157243,0,0.00033,sector_c
2165.67222222,1.0042107190441634,0,0.00033,sector_c
2165.67361111,1.0042775055030708,0,0.00033,sector_c
2165.675,1.0046542332164836,0,0.00033,sector_c
2165.67638889,1.0044064627339289,0,0.00033,sector_c
2165.67777778,1.00428060038473,0,0.00033,sector_c
2165.67916667,1.003857497891698,0,0.00033,sector_c
2165.68055556,1.00436297358959,0,0.00033,sector_c
2165.68194444,1.0038025877620231,0,0.00033,sector_c
2165.68333333,1.004653871172908,0,0.00033,sector_c
2165.68472222,1.0044098710603189,0,0.00033,sector_c
2165.68611111,1.0044965323865458,0,0.00033,sector_c
2165.6875,1.0043450613531428,0,0.00033,sector_c
2165.68888889,1.0042405462494033,0,0.00033,sector_c
2165.69027778,1.0042025387841311,2048,0.00033,sector_c
2165.69166667,1.0046374860466116,0,0.00033,sector_c
2165.69305556,1.0042444871286957,0,0.00033,sector_c
2165.69444444,1.0041864948988202,0,0.00033,sector_c
2165.69583333,1.0041305452070988,0,0.00033,sector_c
2165.69722222,1.0044229268364064,0,0.00033,sector_c
2165.69861111,1.0041022274166123,0,0.00033,sector_c
2165.7,1.0041539157744102,0,0.00033,sector_c
2165.70138889,1.0044679744800054,0,0.00033,sector_c
2165.70277778,1.0042373180952786,0,0.00033,sector_c
2165.70416667,1.00407099286221,0,0.00033,sector_c
2165.70555556,1.004502131943607,0,0.00033,sector_c
2165.70694444,1.0044113634250755,0,0.00033,sector_c
2165.70833333,1.004300716901453,0,0.00033,sector_c
2165.70972222,1.0045615204857092,0,0.00033,sector_c
2165.71111111,1.0041836060368845,0,0.00033,sector_c
2165.7125,1.0043103342043493,0,0.00033,sector_c
2165.71388889,1.0042965671818973,0,0.00033,sector_c
2165.71527778,1.0038977202086137,0,0.00033,sector_c
2165.71666667,1.0045319360685951,0,0.00033,sector_c
2165.71805556,1.0043094374280523,0,0.00033,sector_c
2165.71944444,1.0040024624509056,0,0.00033,sector_c
2165.72083333,1.0049086730301595,0,0.00033,sector_c
2165.72222222,1.003951901080841,0,0.00033,sector_c
2165.72361111,1.0042812771519838,0,0.00033,sector_c
2165.725,1.0045225476117954,0,0.00033,sector_c
2165.72638889,1.004403821479492,0,0.00033,sector_c
2165.72777778,1.0040739993202925,0,0.00033,sector_c
2165.72916667,1.0045403984428682,0,0.00033,sector_c
2165.73055556,1.0041404797554294,0,0.00033,sector_c
2165.73194444,1.0046503920587613,0,0.00033,sector_c
2165.73333333,1.0040868634732678,0,0.00033,sector_c
2165.73472222,1.004076687046642,0,0.00033,sector_c
2165.73611111,1.004793665807816,0,0.00033,sector_c
2165.7375,1.0043278501312227,0,0.00033,sector_c
2165.73888889,1.0044466533905716,0,0.00033,sector_c
2165.74027778,1.0052101589327085,0,0.00033,sector_c
2165.74166667,1.0051216800747522,0,0.00033,sector_c
2165.74305556,1.004249224629325,0,0.00033,sector_c
2165.74444444,1.0043032690183142,0,0.00033,sector_c
2165.74583333,1.004744400487841,0,0.00033,sector_c
2165.74722222,1.004189962975933,0,0.00033,sector_c
2165.74861111,1.0046434283148828,0,0.00033,sector_c
2165.75,1.004493580798161,0,0.00033,sector_c
2165.75138889,1.004310235222718,0,0.00033,sector_c
2165.75277778,1.0048659383221317,0,0.00033,sector_c
2165.75416667,1.0042513566334679,0,0.00033,sector_c
2165.75555556,1.004517015793248,0,0.00033,sector_c
2165.75694444,1.004440133374126,0,0.00033,sector_c
2165.75833333,1.0048569621340468,0,0.00033,sector_c
2165.75972222,1.0047435907470272,0,0.00033,sector_c
2165.76111111,1.0045835797764886,0,0.00033,sector_c
2165.7625,1.0044302942916445,0,0.00033,sector_c
2165.76388889,1.0041403147628705,0,0.00033,sector_c
2165.76527778,1.0044830628829238,0,0.00033,sector_c
2165.76666667,1.0046143048785112,0,0.00033,sector_c
2165.76805556,1.0047694705221974,0,0.00033,sector_c
2165.76944444,1.0047655709784231,0,0.00033,sector_c
2165.77083333,1.0045735382228353,0,0.00033,sector_c
2165.77222222,1.004376104248495,0,0.00033,sector_c
2165.77361111,1.0046409035564927,0,0.00033,sector_c
2165.775,1.0047074956534736,0,0.00033,sector_c
2165.77638889,1.0046693999364045,0,0.00033,sector_c
2165.77777778,1.0047111591208961,0,0.00033,sector_c
2165.77916667,1.0044652049041656,0,0.00033,sector_c
2165.78055556,1.0046516830601522,0,0.00033,sector_c
2165.78194444,1.0041723823289888,0,0.00033,sector_c
2165.78333333,1.0042654403075524,0,0.00033,sector_c
2165.78472222,1.004925278328847,0,0.00033,sector_c
2165.78611111,1.0048541552265038,0,0.00033,sector_c
2165.7875,1.0047601180357237,0,0.00033,sector_c
2165.78888889,1.004515549581789,0,0.00033,sector_c
2165.79027778,1.0047808657627226,0,0.00033,sector_c
2165.79166667,1.0038576357789981,0,0.00033,sector_c
2165.79305556,1.0049507126742585,0,0.00033,sector_c
2165.79444444,1.0049964099627426,0,0.00033,sector_c
2165.79583333,1.0046485916806231,0,0.00033,sector_c
2165.79722222,1.0048893011215818,0,0.00033,sector_c
2165.79861111,1.0043509834786466,0,0.00033,sector_c
2165.8,1.0048151075407317,0,0.00033,sector_c
2165.80138889,1.0048740490025256,0,0.00033,sector_c
2165.80277778,1.0043931084351927,0,0.00033,sector_c
2165.80416667,1.0047756065950966,0,0.00033,sector_c
2165.80555556,1.0043144625186304,0,0.00033,sector_c
2165.80694444,1.004328033116981,0,0.00033,sector_c
2165.80833333,1.0045529378416442,0,0.00033,sector_c
2165.80972222,1.0048043265220785,0,0.00033,sector_c
2165.81111111,1.0047349991796293,0,0.00033,sector_c
2165.8125,1.0045606396474216,0,0.00033,sector_c
2165.81388889,1.0048911964980463,0,0.00033,sector_c
2165.81527778,1.004642514878954,0,0.00033,sector_c
2165.81666667,1.0049253975419736,0,0.00033,sector_c
2165.81805556,1.0043903935134912,0,0.00033,sector_c
2165.81944444,1.0048061412760236,0,0.00033,sector_c
2165.82083333,1.0051889527894258,0,0.00033,sector_c
2165.82222222,1.0052201703008998,0,0.00033,sector_c
2165.82361111,1.0044271453713423,0,0.00033,sector_c
2165.825,1.005171947114305,0,0.00033,sector_c
2165.82638889,1.0043532056359814,0,0.00033,sector_c
2165.82777778,1.005098223489878,0,0.00033,sector_c
2165.82916667,1.0044459707145714,0,0.00033,sector_c
2165.83055556,1.0045847736689488,0,0.00033,sector_c
2165.83194444,1.004392311351805,0,0.00033,sector_c
2165.83333333,1.004346921310348,0,0.00033,sector_c
2165.83472222,1.0046506258236836,0,0.00033,sector_c
2165.83611111,1.0048764606180791,0,0.00033,sector_c
2165.8375,1.004994318946637,0,0.00033,sector_c
2165.83888889,1.0042852737976027,0,0.00033,sector_c
2165.84027778,1.0051560507610253,0,0.00033,sector_c
2165.84166667,1.0047238937163463,0,0.00033,sector_c
2165.84305556,1.0050021187129465,0,0.00033,sector_c
2165.84444444,1.004495611071138,0,0.00033,sector_c
2165.84583333,1.0046414293252917,0,0.00033,sector_c
2165.84722222,1.0047856198220206,0,0.00033,sector_c
2165.84861111,1.0041467977800143,0,0.00033,sector_c
2165.85,1.0046359805895757,0,0.00033,sector_c
2165.85138889,1.00454586051785,0,0.00033,sector_c
2165.85277778,1.0048149566184656,0,0.00033,sector_c
2165.85416667,1.005065470957484,0,0.00033,sector_c
2165.85555556,1.004643411053104,0,0.00033,sector_c
2165.85694444,1.0054009138538853,0,0.00033,sector_c
2165.85833333,1.004472383201135,0,0.00033,sector_c
2165.85972222,1.005388542807879,0,0.00033,sector_c
2165.86111111,1.004432102335871,0,0.00033,sector_c
2165.8625,1.0049105925869304,0,0.00033,sector_c
2165.86388889,1.0042674746853848,0,0.00033,sector_c
2165.86527778,1.0046662358135812,0,0.00033,sector_c
2165.86666667,1.004202665013493,0,0.00033,sector_c
2165.86805556,1.0044199716053606,0,0.00033,sector_c
2165.86944444,1.004797968572802,0,0.00033,sector_c
2165.87083333,1.0048483875832002,0,0.00033,sector_c
2165.87222222,1.0048011957956087,0,0.00033,sector_c
2165.87361111,1.0052761140073565,0,0.00033,sector_c
2165.875,1.0047725631521385,0,0.00033,sector_c
2165.87638889,1.0046579719127102,0,0.00033,sector_c
2165.87777778,1.0045621084591652,0,0.00033,sector_c
2165.87916667,1.0053321546868694,0,0.00033,sector_c
2165.88055556,1.0050691806338852,0,0.00033,sector_c
2165.88194444,1.0048665947217204,0,0.00033,sector_c
2165.88333333,1.0049094958352867,0,0.00033,sector_c
2165.88472222,1.004649165999273,0,0.00033,sector_c
2165.88611111,1.0046759396752571,0,0.00033,sector_c
2165.8875,1.0047896974532589,0,0.00033,sector_c
2165.88888889,1.0051537774798587,0,0.00033,sector_c
2165.89027778,1.0049887132022184,0,0.00033,sector_c
2165.89166667,1.004906145847988,2048,0.00033,sector_c
2165.89305556,1.0047528236938992,0,0.00033,sector_c
2165.89444444,1.00481633821737,0,0.00033,sector_c
2165.89583333,1.0045883933246862,0,0.00033,sector_c
2165.89722222,1.0053361000985692,0,0.00033,sector_c
2165.89861111,1.0048584102256162,0,0.00033,sector_c
2165.9,1.0051454793397743,0,0.00033,sector_c
2165.90138889,1.0047143684076232,0,0.00033,sector_c
2165.90277778,1.0045534300101782,0,0.00033,sector_c
2165.90416667,1.0048829917930886,0,0.00033,sector_c
2165.90555556,1.0046797888587526,0,0.00033,sector_c
2165.90694444,1.004614934659982,0,0.00033,sector_c
2165.90833333,1.004596407702343,0,0.00033,sector_c
2165.90972222,1.0048978192753262,0,0.00033,sector_c
2165.91111111,1.0050899150303994,0,0.00033,sector_c
2165.9125,1.0042718272954503,0,0.00033,sector_c
2165.91388889,1.0049319269357433,0,0.00033,sector_c
2165.91527778,1.0048135267378466,0,0.00033,sector_c
2165.91666667,1.005322624221596,0,0.00033,sector_c
2165.91805556,1.0051746140224573,0,0.00033,sector_c
2165.91944444,1.0050812472591082,0,0.00033,sector_c
2165.92083333,1.0048396999736653,0,0.00033,sector_c
2165.92222222,1.0047699741599647,0,0.00033,sector_c
2165.92361111,1.005502005959444,0,0.00033,sector_c
2165.925,1.0057722919007916,0,0.00033,sector_c
2165.92638889,1.0048266791243077,0,0.00033,sector_c
2165.92777778,1.004686710406131,0,0.00033,sector_c
2165.92916667,1.0049677646936206,0,0.00033,sector_c
2165.93055556,1.0045114266600446,0,0.00033,sector_c
2165.93194444,1.005364478761014,0,0.00033,sector_c
2165.93333333,1.0049608624632904,0,0.00033,sector_c
2165.93472222,1.004791014230158,0,0.00033,sector_c
2165.93611111,1.0043280753916224,0,0.00033,sector_c
2165.9375,1.0056810292638156,0,0.00033,sector_c
2165.93888889,1.004655573642157,0,0.00033,sector_c
2165.94027778,1.0047781614797926,0,0.00033,sector_c
2165.94166667,1.0049600899391367,0,0.00033,sector_c
2165.94305556,1.004955968630703,0,0.00033,sector_c
2165.94444444,1.0056529627087183,0,0.00033,sector_c
2165.94583333,1.0047342861171153,0,0.00033,sector_c
2165.94722222,1.0049082916742587,0,0.00033,sector_c
2165.94861111,1.005670597802961,0,0.00033,sector_c
2165.95,1.0049382545285028,0,0.00033,sector_c
2165.95138889,1.004982697269288,2048,0.00033,sector_c
2165.95277778,1.005220548908847,0,0.00033,sector_c
2165.95416667,1.0051976867291577,0,0.00033,sector_c
2165.95555556,1.005132283310231,0,0.00033,sector_c
2165.95694444,1.0050549225813705,0,0.00033,sector_c
2165.95833333,1.0055164703263553,0,0.00033,sector_c
2165.95972222,1.004475185994678,0,0.00033,sector_c
2165.96111111,1.0050452024303849,0,0.00033,sector_c
2165.9625,1.0049132282121158,0,0.00033,sector_c
2165.96388889,1.0050677007444087,0,0.00033,sector_c
2165.96527778,1.0052683023071887,0,0.00033,sector_c
2165.96666667,1.005299869883648,0,0.00033,sector_c
2165.96805556,1.0049693201494627,0,0.00033,sector_c
2165.96944444,1.0052120748112352,0,0.00033,sector_c
2165.97083333,1.0049386654487191,0,0.00033,sector_c
2165.97222222,1.0049818364678096,0,0.00033,sector_c
2165.97361111,1.0050433196901103,0,0.00033,sector_c
2165.975,1.0046720784506356,0,0.00033,sector_c
2165.97638889,1.0051230429529783,0,0.00033,sector_c
2165.97777778,1.0048239150501543,0,0.00033,sector_c
2165.97916667,1.0048614603103085,0,0.00033,sector_c
2165.98055556,1.0054367139105018,0,0.00033,sector_c
2165.98194444,1.0046695495202143,0,0.00033,sector_c
2165.98333333,1.0048498662037506,0,0.00033,sector_c
2165.98472222,1.004929766669201,0,0.00033,sector_c
2165.98611111,1.0051229440612477,0,0.00033,sector_c
2165.9875,1.0047551398634127,0,0.00033,sector_c
2165.98888889,1.0052577994091494,0,0.00033,sector_c
2165.99027778,1.0052978285838332,0,0.00033,sector_c
2165.99166667,1.0051972582511837,0,0.00033,sector_c
2165.99305556,1.0049838692493234,0,0.00033,sector_c
2165.99444444,1.0052408707312355,0,0.00033,sector_c
2165.99583333,1.0046356422309204,0,0.00033,sector_c
2165.99722222,1.0051651917987678,0,0.00033,sector_c
2165.99861111,1.0049821747696919,0,0.00033,sector_c
2166.0,1.00449218727393,0,0.00033,sector_c
2166.00138889,1.004936697964796,0,0.00033,sector_c
2166.00277778,1.0051142293992412,0,0.00033,sector_c
2166.00416667,1.0046931489974087,0,0.00033,sector_c
2166.00555556,1.0049762133053703,0,0.00033,sector_c
2166.00694444,1.0048925502930712,0,0.00033,sector_c
2166.00833333,1.0048339779465287,0,0.00033,sector_c
2166.00972222,1.0051521431385,0,0.00033,sector_c
2166.01111111,1.0052291467489365,0,0.00033,sector_c
2166.0125,1.0046891132257234,0,0.00033,sector_c
2166.01388889,1.005337902768823,0,0.00033,sector_c
2166.01527778,1.0054187463201878,0,0.00033,sector_c
2166.01666667,1.005340875956068,0,0.00033,sector_c
2166.01805556,1.0055042179359743,0,0.00033,sector_c
2166.01944444,1.0049887108085478,0,0.00033,sector_c
2166.02083333,1.0053503105707273,0,0.00033,sector_c
2166.02222222,1.004900070591647,0,0.00033,sector_c
2166.02361111,1.0048714708042574,0,0.00033,sector_c
2166.025,1.00479579080832,0,0.00033,sector_c
2166.02638889,1.0050487556241585,0,0.00033,sector_c
2166.02777778,1.004707164139594,0,0.00033,sector_c
2166.02916667,1.0051727993722872,0,0.00033,sector_c
2166.03055556,1.0052284115213128,0,0.00033,sector_c
2166.03194444,1.0047988806148733,0,0.00033,sector_c
2166.03333333,1.004929577820639,0,0.00033,sector_c
2166.03472222,1.0053953497914414,0,0.00033,sector_c
2166.03611111,1.0050665127297054,0,0.00033,sector_c
2166.0375,1.0054637684264776,0,0.00033,sector_c
2166.03888889,1.0055765246282602,0,0.00033,sector_c
2166.04027778,1.005185701458236,0,0.00033,sector_c
2166.04166667,1.0046089317394538,0,0.00033,sector_c
2166.04305556,1.0052189562758886,0,0.00033,sector_c
2166.04444444,1.0052861745963917,0,0.00033,sector_c
2166.04583333,1.004772334825965,0,0.00033,sector_c
2166.04722222,1.0052066354988989,0,0.00033,sector_c
2166.04861111,1.0053810432613355,0,0.00033,sector_c
2166.05,1.0054869566088278,0,0.00033,sector_c
2166.05138889,1.004631424134165,0,0.00033,sector_c
2166.05277778,1.005018305754678,0,0.00033,sector_c
2166.05416667,1.0051126904218879,0,0.00033,sector_c
2166.05555556,1.005451364115232,0,0.00033,sector_c
2166.05694444,1.0045240087163083,0,0.00033,sector_c
2166.05833333,1.005292952296276,0,0.00033,sector_c
2166.05972222,1.0057298698335897,0,0.00033,sector_c
2166.06111111,1.0046293093667076,0,0.00033,sector_c
2166.0625,1.0049934845400332,0,0.00033,sector_c
2166.06388889,1.005563201198758,0,0.00033,sector_c
2166.06527778,1.0055688598020969,0,0.00033,sector_c
2166.06666667,1.0047433249343192,0,0.00033,sector_c
2166.06805556,1.0051444839279873,2048,0.00033,sector_c
2166.06944444,1.0056287826128278,0,0.00033,sector_c
2166.07083333,1.005166781397937,0,0.00033,sector_c
2166.07222222,1.0056396808817945,0,0.00033,sector_c
2166.07361111,1.0050838669450777,0,0.00033,sector_c
2166.075,1.0051771142358474,0,0.00033,sector_c
2166.07638889,1.0050451209108002,0,0.00033,sector_c
2166.07777778,1.0052366262515837,0,0.00033,sector_c
2166.07916667,1.0049709927348323,0,0.00033,sector_c
2166.08055556,1.0057489451550645,0,0.00033,sector_c
2166.08194444,1.0054151519098065,0,0.00033,sector_c
2166.08333333,1.004681668267886,0,0.00033,sector_c
2166.08472222,1.005594685155404,0,0.00033,sector_c
2166.08611111,1.0052771670332836,0,0.00033,sector_c
2166.0875,1.0055066577026102,0,0.00033,sector_c
2166.08888889,1.0051351190323012,0,0.00033,sector_c
2166.09027778,1.0050352807916894,0,0.00033,sector_c
2166.09166667,1.0054139296019495,0,0.00033,sector_c
2166.09305556,1.0054006083309879,0,0.00033,sector_c
2166.09444444,1.004715634112979,0,0.00033,sector_c
2166.09583333,1.00476767080636,0,0.00033,sector_c
2166.09722222,1.004893522053766,0,0.00033,sector_c
2166.09861111,1.0052862183612297,0,0.00033,sector_c
2166.1,1.0048893651572592,0,0.00033,sector_c
2166.10138889,1.0054229469979672,0,0.00033,sector_c
2166.10277778,1.0056231234988988,0,0.00033,sector_c
2166.10416667,1.0054053180016485,0,0.00033,sector_c
2166.10555556,1.0050881895860166,0,0.00033,sector_c
2166.10694444,1.005174202046173,0,0.00033,sector_c
2166.10833333,1.0054596312001014,0,0.00033,sector_c
2166.10972222,1.005381415675286,0,0.00033,sector_c
2166.11111111,1.0050118016821734,0,0.00033,sector_c
2166.1125,1.0047863265850334,0,0.00033,sector_c
2166.11388889,1.0047759166241668,0,0.00033,sector_c
2166.11527778,1.0050597183475134,0,0.00033,sector_c
2166.11666667,1.0049474464381791,0,0.00033,sector_c
2166.11805556,1.0053689586272965,0,0.00033,sector_c
2166.11944444,1.0050337052722873,0,0.00033,sector_c
2166.12083333,1.0057908972583904,0,0.00033,sector_c
2166.12222222,1.0046990116724586,0,0.00033,sector_c
2166.12361111,1.0047686914236604,0,0.00033,sector_c
2166.125,1.0047972566452685,0,0.00033,sector_c
2166.12638889,1.0053435530391457,0,0.00033,sector_c
2166.12777778,1.005597410551664,0,0.00033,sector_c
2166.12916667,1.005025191355049,0,0.00033,sector_c
2166.13055556,1.0050148422165817,0,0.00033,sector_c
2166.13194444,1.0053539031612626,0,0.00033,sector_c
2166.13333333,1.0055544552204467,0,0.00033,sector_c
2166.13472222,1.0054811336481657,0,0.00033,sector_c
2166.13611111,1.0054152265205738,0,0.00033,sector_c
2166.1375,1.0052653145521044,0,0.00033,sector_c
2166.13888889,1.0051799945666688,0,0.00033,sector_c
2166.14027778,1.004897218602366,0,0.00033,sector_c
2166.14166667,1.0052293345155772,0,0.00033,sector_c
2166.14305556,1.0053333888554412,0,0.00033,sector_c
2166.14444444,1.0046275282175305,0,0.00033,sector_c
2166.14583333,1.005705753365567,0,0.00033,sector_c
2166.14722222,1.005406502944707,0,0.00033,sector_c
2166.14861111,1.005207224591969,0,0.00033,sector_c
2166.15,1.0048444768857598,0,0.00033,sector_c
2166.15138889,1.0050485201052428,0,0.00033,sector_c
2166.15277778,1.0055391014926356,0,0.00033,sector_c
2166.15416667,1.0046008902636403,0,0.00033,sector_c
2166.15555556,1.0052538667455737,0,0.00033,sector_c
2166.15694444,1.0054728732914862,0,0.00033,sector_c
2166.15833333,1.0051686657712766,0,0.00033,sector_c
2166.15972222,1.004649562609863,0,0.00033,sector_c
2166.16111111,1.0048348481971463,0,0.00033,sector_c
2166.1625,1.005249607739594,0,0.00033,sector_c
2166.16388889,1.0053344813657081,0,0.00033,sector_c
2166.16527778,1.005014445663054,0,0.00033,sector_c
2166.16666667,1.0051107708852445,0,0.00033,sector_c
2166.16805556,1.0054032807681712,0,0.00033,sector_c
2166.16944444,1.0054799966037988,0,0.00033,sector_c
2166.17083333,1.0051594101081078,0,0.00033,sector_c
2166.17222222,1.0057624728247603,0,0.00033,sector_c
2166.17361111,1.0048796190925955,0,0.00033,sector_c
2166.175,1.005529869274751,0,0.00033,sector_c
2166.17638889,1.0049010460189465,0,0.00033,sector_c
2166.17777778,1.0051994807824807,0,0.00033,sector_c
2166.17916667,1.0051818788167548,0,0.00033,sector_c
2166.18055556,1.004755369860684,0,0.00033,sector_c
2166.18194444,1.0056884257794418,0,0.00033,sector_c
2166.18333333,1.0055375318704802,0,0.00033,sector_c
2166.18472222,1.0053181457939075,0,0.00033,sector_c
2166.18611111,1.004826176913606,0,0.00033,sector_c
2166.1875,1.0056413501820738,0,0.00033,sector_c
2166.18888889,1.004890548086112,0,0.00033,sector_c
2166.19027778,1.0061527393822995,0,0.00033,sector_c
2166.19166667,1.0055235165263978,0,0.00033,sector_c
2166.19305556,1.005959302854423,0,0.00033,sector_c
2166.19444444,1.0050088870952218,0,0.00033,sector_c
2166.19583333,1.0057915280179965,0,0.00033,sector_c
2166.19722222,1.0060674101546903,0,0.00033,sector_c
2166.19861111,1.0049829519874767,0,0.00033,sector_c
2166.2,1.0050586815886988,0,0.00033,sector_c
2166.20138889,1.0051611003665815,0,0.00033,sector_c
2166.20277778,1.0052932364001186,0,0.00033,sector_c
2166.20416667,1.0050364661883728,0,0.00033,sector_c
2166.20555556,1.006056426283135,0,0.00033,sector_c
2166.20694444,1.0061215548743818,0,0.00033,sector_c
2166.20833333,1.0051050414713125,0,0.00033,sector_c
2166.20972222,1.0051548827106693,0,0.00033,sector_c
2166.21111111,1.0051826764782819,0,0.00033,sector_c
2166.2125,1.0052460086467647,0,0.00033,sector_c
2166.21388889,1.005538049712269,0,0.00033,sector_c
2166.21527778,1.0051189986016673,0,0.00033,sector_c
2166.21666667,1.005723419146108,0,0.00033,sector_c
2166.21805556,1.0053867185309469,0,0.00033,sector_c
2166.21944444,1.0054462601638365,0,0.00033,sector_c
2166.22083333,1.0056930723771613,0,0.00033,sector_c
2166.22222222,1.0057351139546002,0,0.00033,sector_c
2166.22361111,1.0052746957712255,0,0.00033,sector_c
2166.225,1.0058016778240968,0,0.00033,sector_c
2166.22638889,1.005841487565406,0,0.00033,sector_c
2166.22777778,1.005432924687297,0,0.00033,sector_c
2166.22916667,1.0059837624003884,0,0.00033,sector_c
2166.23055556,1.0057444449164084,0,0.00033,sector_c
2166.23194444,1.0056067051850237,0,0.00033,sector_c
2166.23333333,1.0053355762382894,0,0.00033,sector_c
2166.23472222,1.0058010121860603,0,0.00033,sector_c
2166.23611111,1.0055911639544368,0,0.00033,sector_c
2166.2375,1.0052053619001704,0,0.00033,sector_c
2166.23888889,1.0054186729998027,0,0.00033,sector_c
2166.24027778,1.0055454427396282,0,0.00033,sector_c
2166.24166667,1.0052922380038338,0,0.00033,sector_c
2166.24305556,1.0052718742442086,0,0.00033,sector_c
2166.24444444,1.0054199885843103,0,0.00033,sector_c
2166.24583333,1.005936119163518,0,0.00033,sector_c
2166.24722222,1.0051852315188867,0,0.00033,sector_c
2166.24861111,1.005728969665668,0,0.00033,sector_c
2166.25,1.0055670932046046,0,0.00033,sector_c
2166.25138889,1.0052701989083057,0,0.00033,sector_c
2166.25277778,1.005473611844554,0,0.00033,sector_c
2166.25416667,1.005646554085043,0,0.00033,sector_c
2166.25555556,1.0048821320472834,0,0.00033,sector_c
2166.25694444,1.0056409217172448,0,0.00033,sector_c
2166.25833333,1.0056380591659777,0,0.00033,sector_c
2166.25972222,1.0058893257670407,0,0.00033,sector_c
2166.26111111,1.005234261539374,0,0.00033,sector_c
2166.2625,1.0050306579524508,0,0.00033,sector_c
2166.26388889,1.0057694448960124,0,0.00033,sector_c
2166.26527778,1.0052852722984378,0,0.00033,sector_c
2166.26666667,1.0050089170925647,0,0.00033,sector_c
2166.26805556,1.00541918903802,0,0.00033,sector_c
2166.26944444,1.0052326089105124,0,0.00033,sector_c
2166.27083333,1.005164401266643,0,0.00033,sector_c
2166.27222222,1.0056380252394672,0,0.00033,sector_c
2166.27361111,1.0062144167006184,0,0.00033,sector_c
2166.275,1.0053267468305924,0,0.00033,sector_c
2166.27638889,1.0053919546126828,0,0.00033,sector_c
2166.27777778,1.005640120909287,0,0.00033,sector_c
2166.27916667,1.0053176791883294,0,0.00033,sector_c
2166.28055556,1.0052286895784976,0,0.00033,sector_c
2166.28194444,1.0055593545395578,0,0.00033,sector_c
2166.28333333,1.0056292585623128,0,0.00033,sector_c
2166.28472222,1.0052987316259425,0,0.00033,sector_c
2166.28611111,1.005309274763516,0,0.00033,sector_c
2166.2875,1.005105214873127,0,0.00033,sector_c
2166.28888889,1.0054336646757975,0,0.00033,sector_c
2166.29027778,1.004901230091529,0,0.00033,sector_c
2166.29166667,1.0049598225169445,0,0.00033,sector_c
2166.29305556,1.0057183159954566,0,0.00033,sector_c
2166.29444444,1.0050827275212781,0,0.00033,sector_c
2166.29583333,1.0052493393154676,0,0.00033,sector_c
2166.29722222,1.0054318565794622,0,0.00033,sector_c
2166.29861111,1.0057123433441602,0,0.00033,sector_c
2166.3,1.0051573163425473,0,0.00033,sector_c
2166.30138889,1.005566467884239,0,0.00033,sector_c
2166.30277778,1.0054198713437377,0,0.00033,sector_c
2166.30416667,1.005092666307011,0,0.00033,sector_c
2166.30555556,1.0054999124049524,0,0.00033,sector_c
2166.30694444,1.005508259686362,0,0.00033,sector_c
2166.30833333,1.0052992223613875,0,0.00033,sector_c
2166.30972222,1.0052149799677736,0,0.00033,sector_c
2166.31111111,1.0050563801304953,0,0.00033,sector_c
2166.3125,1.0056501377559004,0,0.00033,sector_c
2166.31388889,1.0049768832036419,0,0.00033,sector_c
2166.31527778,1.0055244930397373,0,0.00033,sector_c
2166.31666667,1.0051996987109075,0,0.00033,sector_c
2166.31805556,1.0055843782634413,0,0.00033,sector_c
2166.31944444,1.0053397903243144,0,0.00033,sector_c
2166.32083333,1.0056205337361004,0,0.00033,sector_c
2166.32222222,1.0054672965769806,0,0.00033,sector_c
2166.32361111,1.0056047424187557,0,0.00033,sector_c
2166.325,1.0053184975150256,0,0.00033,sector_c
2166.32638889,1.0058000127704836,0,0.00033,sector_c
2166.32777778,1.0053525190278687,0,0.00033,sector_c
2166.32916667,1.0051777125519206,0,0.00033,sector_c
2166.33055556,1.0055573607406743,0,0.00033,sector_c
2166.33194444,1.0051505913236118,0,0.00033,sector_c
2166.33333333,1.0047224708057632,0,0.00033,sector_c
2166.33472222,1.0052625643228166,0,0.00033,sector_c
2166.33611111,1.0052195675293183,0,0.00033,sector_c
2166.3375,1.0054610340444363,0,0.00033,sector_c
2166.33888889,1.0053210795809315,0,0.00033,sector_c
2166.34027778,1.0058435191082387,0,0.00033,sector_c
2166.34166667,1.0050141065888052,0,0.00033,sector_c
2166.34305556,1.005925573587406,0,0.00033,sector_c
2166.34444444,1.0053753249937898,0,0.00033,sector_c
2166.34583333,1.005534929456514,0,0.00033,sector_c
2166.34722222,1.0055275474739191,0,0.00033,sector_c
2166.34861111,1.0049665629400657,0,0.00033,sector_c
2166.35,1.005387965479284,0,0.00033,sector_c
2166.35138889,1.0049126209020556,0,0.00033,sector_c
2166.35277778,1.0052248431291078,0,0.00033,sector_c
2166.35416667,1.005286857235469,0,0.00033,sector_c
2166.35555556,1.0051412754179994,0,0.00033,sector_c
2166.35694444,1.0053497122692643,0,0.00033,sector_c
2166.35833333,1.0052372900941737,0,0.00033,sector_c
2166.35972222,1.005356790665796,0,0.00033,sector_c
2166.36111111,1.0055965311531259,0,0.00033,sector_c
2166.3625,1.0055021895052578,0,0.00033,sector_c
2166.36388889,1.0051780280566365,0,0.00033,sector_c
2166.36527778,1.0053150312059103,0,0.00033,sector_c
2166.36666667,1.0054507552086034,0,0.00033,sector_c
2166.36805556,1.0049935784940223,0,0.00033,sector_c
2166.36944444,1.005101162649214,0,0.00033,sector_c
2166.37083333,1.005043502599359,0,0.00033,sector_c
2166.37222222,1.005112622691496,0,0.00033,sector_c
2166.37361111,1.005331333029076,0,0.00033,sector_c
2166.375,1.0050522550190906,0,0.00033,sector_c
2166.37638889,1.005547558083987,0,0.00033,sector_c
2166.37777778,1.0052607520939885,0,0.00033,sector_c
2166.37916667,1.0046864509399653,0,0.00033,sector_c
2166.38055556,1.004948269720923,0,0.00033,sector_c
2166.38194444,1.005140592205764,0,0.00033,sector_c
2166.38333333,1.004543992771455,0,0.00033,sector_c
2166.38472222,1.004800114348946,0,0.00033,sector_c
2166.38611111,1.0055137559480691,0,0.00033,sector_c
2166.3875,1.0051794185541805,0,0.00033,sector_c
2166.38888889,1.0051522255798107,0,0.00033,sector_c
2166.39027778,1.005681171598785,0,0.00033,sector_c
2166.39166667,1.0053853474575787,0,0.00033,sector_c
2166.39305556,1.0056066354272937,0,0.00033,sector_c
2166.39444444,1.005142576092369,0,0.00033,sector_c
2166.39583333,1.005576728276788,0,0.00033,sector_c
2166.39722222,1.005291771959071,0,0.00033,sector_c
2166.39861111,1.005023077073609,0,0.00033,sector_c
2166.4,1.0049036393814907,0,0.00033,sector_c
2166.40138889,1.0054154728774036,0,0.00033,sector_c
2166.40277778,1.0052916619172558,0,0.00033,sector_c
2166.40416667,1.0051270677861959,0,0.00033,sector_c
2166.40555556,1.0046545257135449,0,0.00033,sector_c
2166.40694444,1.005576042622761,0,0.00033,sector_c
2166.40833333,1.0060187704746653,0,0.00033,sector_c
2166.40972222,1.00541311606767,0,0.00033,sector_c
2166.41111111,1.004912560063813,0,0.00033,sector_c
2166.4125,1.0050777421247377,0,0.00033,sector_c
2166.41388889,1.005663351580312,0,0.00033,sector_c
2166.41527778,1.0056389513388329,0,0.00033,sector_c
2166.41666667,1.00503879501831,0,0.00033,sector_c
2166.41805556,1.0049557155469775,0,0.00033,sector_c
2166.41944444,1.005457867881073,0,0.00033,sector_c
2166.42083333,1.0053056349500888,0,0.00033,sector_c
2166.42222222,1.0055717200755308,0,0.00033,sector_c
2166.42361111,1.0056204195046798,0,0.00033,sector_c
2166.425,1.0053229607260232,0,0.00033,sector_c
2166.42638889,1.0056874011154484,0,0.00033,sector_c
2166.42777778,1.0055733231693285,0,0.00033,sector_c
2166.42916667,1.0054346832769951,0,0.00033,sector_c
2166.43055556,1.0054262541611347,0,0.00033,sector_c
2166.43194444,1.005277203702673,0,0.00033,sector_c
2166.43333333,1.0052406810164685,0,0.00033,sector_c
2166.43472222,1.005303475193262,0,0.00033,sector_c
2166.43611111,1.0052158961894937,0,0.00033,sector_c
2166.4375,1.0047844769782894,0,0.00033,sector_c
2166.43888889,1.005373572735442,0,0.00033,sector_c
2166.44027778,1.005265909814673,0,0.00033,sector_c
2166.44166667,1.004978416385186,0,0.00033,sector_c
2166.44305556,1.005187732223388,0,0.00033,sector_c
2166.44444444,1.0057542265675605,0,0.00033,sector_c
2166.44583333,1.0050668477759912,0,0.00033,sector_c
2166.44722222,1.0054622860189355,0,0.00033,sector_c
2166.44861111,1.0047620508627375,0,0.00033,sector_c
2166.45,1.0053925868815323,0,0.00033,sector_c
2166.45138889,1.005334990803134,0,0.00033,sector_c
2166.45277778,1.0056286811207658,0,0.00033,sector_c
2166.45416667,1.0054060949894215,0,0.00033,sector_c
2166.45555556,1.0058058186987289,0,0.00033,sector_c
2166.45694444,1.0051838876629675,0,0.00033,sector_c
2166.45833333,1.0053723389406062,0,0.00033,sector_c
2166.45972222,1.0057044707385585,0,0.00033,sector_c
2166.46111111,1.004773126367919,0,0.00033,sector_c
2166.4625,1.00529303149324,0,0.00033,sector_c
2166.46388889,1.0054977352587304,0,0.00033,sector_c
2166.46527778,1.0054158431920253,0,0.00033,sector_c
2166.46666667,1.0051325596956604,0,0.00033,sector_c
2166.46805556,1.0053958704270218,0,0.00033,sector_c
2166.46944444,1.0056000102182856,0,0.00033,sector_c
2166.47083333,1.0049245291802107,0,0.00033,sector_c
2166.47222222,1.0049471541610837,0,0.00033,sector_c
2166.47361111,1.0057037301939438,0,0.00033,sector_c
2166.475,1.006095011688335,0,0.00033,sector_c
2166.47638889,1.0053721516570033,0,0.00033,sector_c
2166.47777778,1.0052148712212907,0,0.00033,sector_c
2166.47916667,1.0047397118976218,0,0.00033,sector_c
2166.48055556,1.0052262051536531,0,0.00033,sector_c
2166.48194444,1.0051656972231815,0,0.00033,sector_c
2166.48333333,1.0054639195119912,0,0.00033,sector_c
2166.48472222,1.0051394963118294,0,0.00033,sector_c
2166.48611111,1.0049692995359572,0,0.00033,sector_c
2166.4875,1.0050139568882293,0,0.00033,sector_c
2166.48888889,1.0051287482225353,0,0.00033,sector_c
2166.49027778,1.005446032105132,0,0.00033,sector_c
2166.49166667,1.0057879442933815,0,0.00033,sector_c
2166.49305556,1.0052449058586332,0,0.00033,sector_c
2166.49444444,1.0050129498611804,0,0.00033,sector_c
2166.49583333,1.0054143823850639,0,0.00033,sector_c
2166.49722222,1.0054919923620362,2048,0.00033,sector_c
2166.49861111,1.005818903991211,0,0.00033,sector_c
2166.5,1.0053825056298682,0,0.00033,sector_c
2166.50138889,1.004881660502577,0,0.00033,sector_c
2166.50277778,1.0053809652314762,0,0.00033,sector_c
2166.50416667,1.0048366524947558,0,0.00033,sector_c
2166.50555556,1.0053580602254726,2048,0.00033,sector_c
2166.50694444,1.0054655660202916,0,0.00033,sector_c
2166.50833333,1.005051741498062,0,0.00033,sector_c
2166.50972222,1.0050912319374816,0,0.00033,sector_c
2166.51111111,1.0054893846074964,0,0.00033,sector_c
2166.5125,1.0055759336052204,0,0.00033,sector_c
2166.51388889,1.0054364976388537,0,0.00033,sector_c
2166.51527778,1.0051336623263518,0,0.00033,sector_c
2166.51666667,1.0053204896821224,0,0.00033,sector_c
2166.51805556,1.0052318257037063,0,0.00033,sector_c
2166.51944444,1.0057909853835765,0,0.00033,sector_c
2166.52083333,1.0049753018506316,0,0.00033,sector_c
2166.52222222,1.0051052383364871,0,0.00033,sector_c
2166.52361111,1.0056338125312079,0,0.00033,sector_c
2166.525,1.0054033346592266,0,0.00033,sector_c
2166.52638889,1.0056553341807097,0,0.00033,sector_c
2166.52777778,1.005833658096326,0,0.00033,sector_c
2166.52916667,1.005399094280695,0,0.00033,sector_c
2166.53055556,1.0052928002807469,0,0.00033,sector_c
2166.53194444,1.0054171059907961,0,0.00033,sector_c
2166.53333333,1.0054430114941182,0,0.00033,sector_c
2166.53472222,1.0050551279851976,0,0.00033,sector_c
2166.53611111,1.0050784727269357,0,0.00033,sector_c
2166.5375,1.005217532915555,0,0.00033,sector_c
2166.53888889,1.0050008437772526,0,0.00033,sector_c
2166.54027778,1.0052842790598349,0,0.00033,sector_c
2166.54166667,1.0049465615520818,0,0.00033,sector_c
2166.54305556,1.0046843732395787,0,0.00033,sector_c
2166.54444444,1.0051665323837022,0,0.00033,sector_c
2166.54583333,1.0056178693079854,0,0.00033,sector_c
2166.54722222,1.0050827620996294,0,0.00033,sector_c
2166.54861111,1.0056499004958994,0,0.00033,sector_c
2166.55,1.0051806367341916,0,0.00033,sector_c
2166.55138889,1.0057387695684255,0,0.00033,sector_c
2166.55277778,1.0050288810678152,0,0.00033,sector_c
2166.55416667,1.0050340302021314,0,0.00033,sector_c
2166.55555556,1.0052064866101114,0,0.00033,sector_c
2166.55694444,1.005126538573436,0,0.00033,sector_c
2166.55833333,1.0049035952010823,0,0.00033,sector_c
2166.55972222,1.0053646176438,0,0.00033,sector_c
2166.56111111,1.005200970282225,0,0.00033,sector_c
2166.5625,1.0050448096288616,0,0.00033,sector_c
2166.56388889,1.0052735312208227,0,0.00033,sector_c
2166.56527778,1.0051705922118217,0,0.00033,sector_c
2166.56666667,1.0056342816600536,0,0.00033,sector_c
2166.56805556,1.0054382743264938,0,0.00033,sector_c
2166.56944444,1.0053145742696674,0,0.00033,sector_c
2166.57083333,1.005552985723168,0,0.00033,sector_c
2166.57222222,1.0050530013797572,0,0.00033,sector_c
2166.57361111,1.0056921380994586,0,0.00033,sector_c
2166.575,1.0047528673791135,0,0.00033,sector_c
2166.57638889,1.0047765930975783,2048,0.00033,sector_c
2166.57777778,1.0052734179255909,0,0.00033,sector_c
2166.57916667,1.0056694987322534,0,0.00033,sector_c
2166.58055556,1.0047160928228287,0,0.00033,sector_c
2166.58194444,1.0050314543509373,0,0.00033,sector_c
2166.58333333,1.0052385367916974,0,0.00033,sector_c
2166.58472222,1.0049194819396567,0,0.00033,sector_c
2166.58611111,1.00531453512059,0,0.00033,sector_c
2166.5875,1.0051844750674248,0,0.00033,sector_c
2166.58888889,1.0052740271502676,0,0.00033,sector_c
2166.59027778,1.0051744115455614,0,0.00033,sector_c
2166.59166667,1.005361043606658,0,0.00033,sector_c
2166.59305556,1.0052764215287542,0,0.00033,sector_c
2166.59444444,1.0049598406391116,0,0.00033,sector_c
2166.59583333,1.0050550889415732,0,0.00033,sector_c
2166.59722222,1.0051386999462588,0,0.00033,sector_c
2166.59861111,1.0050845262449266,0,0.00033,sector_c
2166.6,1.0053880631064904,0,0.00033,sector_c
2166.60138889,1.0049247405937345,0,0.00033,sector_c
2166.60277778,1.0057852068642212,0,0.00033,sector_c
2166.60416667,1.0055291459739633,0,0.00033,sector_c
2166.60555556,1.0051245885324775,0,0.00033,sector_c
2166.60694444,1.005004123663295,0,0.00033,sector_c
2166.60833333,1.0046326893748136,0,0.00033,sector_c
2166.60972222,1.0049333168297658,0,0.00033,sector_c
2166.61111111,1.0053305381636148,0,0.00033,sector_c
2166.6125,1.0053215220412537,0,0.00033,sector_c
2166.61388889,1.0050724405342946,0,0.00033,sector_c
2166.61527778,1.0052912904203106,0,0.00033,sector_c
2166.61666667,1.0048361352889679,0,0.00033,sector_c
2166.61805556,1.0055634689718893,0,0.00033,sector_c
2166.61944444,1.00539601834365,0,0.00033,sector_c
2166.62083333,1.0048635858570643,0,0.00033,sector_c
2166.62222222,1.005233860874316,0,0.00033,sector_c
2166.62361111,1.0052852259499574,0,0.00033,sector_c
2166.625,1.005651330181661,0,0.00033,sector_c
2166.62638889,1.0057029352298112,0,0.00033,sector_c
2166.62777778,1.0049909287516516,0,0.00033,sector_c
2166.62916667,1.0047870482678793,0,0.00033,sector_c
2166.63055556,1.0056073953788904,0,0.00033,sector_c
2166.63194444,1.0056075216853555,0,0.00033,sector_c
2166.63333333,1.005403651598372,0,0.00033,sector_c
2166.63472222,1.0051967082804254,0,0.00033,sector_c
2166.63611111,1.0050487042814766,0,0.00033,sector_c
2166.6375,1.005394001162862,0,0.00033,sector_c
2166.63888889,1.005433721073082,0,0.00033,sector_c
2166.64027778,1.0055366183140235,0,0.00033,sector_c
2166.64166667,1.005018332177039,0,0.00033,sector_c
2166.64305556,1.005248810353293,0,0.00033,sector_c
2166.64444444,1.004973263245163,0,0.00033,sector_c
2166.64583333,1.004880778400283,0,0.00033,sector_c
2166.64722222,1.0048338722959937,0,0.00033,sector_c
2166.64861111,1.0055436946775695,0,0.00033,sector_c
2166.65,1.0051696832915578,0,0.00033,sector_c
2166.65138889,1.0048835403755476,0,0.00033,sector_c
2166.65277778,1.005273871833515,0,0.00033,sector_c
2166.65416667,1.005075931119906,0,0.00033,sector_c
2166.65555556,1.0050340893637837,0,0.00033,sector_c
2166.65694444,1.0046519360750368,0,0.00033,sector_c
2166.65833333,1.0045669009956533,0,0.00033,sector_c
2166.65972222,1.0052561630439327,0,0.00033,sector_c
2166.66111111,1.0057331681340045,0,0.00033,sector_c
2166.6625,1.005124577097942,0,0.00033,sector_c
2166.66388889,1.0049358728141249,0,0.00033,sector_c
2166.66527778,1.0047458813530754,0,0.00033,sector_c
2166.66666667,1.0052190980669988,0,0.00033,sector_c
2166.66805556,1.005657706225712,0,0.00033,sector_c
2166.66944444,1.0049471366168294,0,0.00033,sector_c
2166.67083333,1.005380582273987,0,0.00033,sector_c
2166.67222222,1.0046610488078016,0,0.00033,sector_c
2166.67361111,1.0049606806015763,0,0.00033,sector_c
2166.675,1.0057729188627478,0,0.00033,sector_c
2166.67638889,1.0049712951126832,0,0.00033,sector_c
2166.67777778,1.0043714495149383,0,0.00033,sector_c
2166.67916667,1.0052055351425184,0,0.00033,sector_c
2166.68055556,1.0051407106440566,0,0.00033,sector_c
2166.68194444,1.0049418828918042,0,0.00033,sector_c
2166.68333333,1.0050914808144316,0,0.00033,sector_c
2166.68472222,1.0048431539722251,0,0.00033,sector_c
2166.68611111,1.0050542457190565,0,0.00033,sector_c
2166.6875,1.0053637784933662,0,0.00033,sector_c
2166.68888889,1.0053308300964143,0,0.00033,sector_c
2166.69027778,1.0047173223760653,0,0.00033,sector_c
2166.69166667,1.0049483244839876,0,0.00033,sector_c
2166.69305556,1.004957867885983,0,0.00033,sector_c
2166.69444444,1.0050408094874832,0,0.00033,sector_c
2166.69583333,1.0052156322854762,0,0.00033,sector_c
2166.69722222,1.0053827219175953,0,0.00033,sector_c
2166.69861111,1.005025210415664,0,0.00033,sector_c
2166.7,1.0053095698894003,0,0.00033,sector_c
2166.70138889,1.0048640067989894,0,0.00033,sector_c
2166.70277778,1.0050392966184816,0,0.00033,sector_c
2166.70416667,1.0049959719877453,0,0.00033,sector_c
2166.70555556,1.0051849752723006,0,0.00033,sector_c
2166.70694444,1.004734324325277,0,0.00033,sector_c
2166.70833333,1.005386455006435,0,0.00033,sector_c
2166.70972222,1.0054934192233367,0,0.00033,sector_c
2166.71111111,1.005506274877477,0,0.00033,sector_c
2166.7125,1.005190287558521,0,0.00033,sector_c
2166.71388889,1.0047209260537295,0,0.00033,sector_c
2166.71527778,1.004414291007764,0,0.00033,sector_c
2166.71666667,1.0051160728733677,0,0.00033,sector_c
2166.71805556,1.0050885532999518,0,0.00033,sector_c
2166.71944444,1.0052170327770729,0,0.00033,sector_c
2166.72083333,1.005135603065412,0,0.00033,sector_c
2166.72222222,1.004832314428894,0,0.00033,sector_c
2166.72361111,1.0048788111118572,0,0.00033,sector_c
2166.725,1.0049850152459885,0,0.00033,sector_c
2166.72638889,1.0048316210053978,0,0.00033,sector_c
2166.72777778,1.0049273830148588,0,0.00033,sector_c
2166.72916667,1.0047650621122526,0,0.00033,sector_c
2166.73055556,1.0048516274485215,0,0.00033,sector_c
2166.73194444,1.0052524140369654,0,0.00033,sector_c
2166.73333333,1.0050286255762788,0,0.00033,sector_c
2166.73472222,1.0046640293981688,0,0.00033,sector_c
2166.73611111,1.004807961177188,0,0.00033,sector_c
2166.7375,1.0052740187371034,0,0.00033,sector_c
2166.73888889,1.0054321585941615,0,0.00033,sector_c
2166.74027778,1.0048785209243223,0,0.00033,sector_c
2166.74166667,1.0057744703524711,0,0.00033,sector_c
2166.74305556,1.0054100373343133,0,0.00033,sector_c
2166.74444444,1.0043125898990697,0,0.00033,sector_c
2166.74583333,1.0048101664270352,0,0.00033,sector_c
2166.74722222,1.0050939849208944,0,0.00033,sector_c
2166.74861111,1.0050379718898592,0,0.00033,sector_c
2166.75,1.0048634913434502,0,0.00033,sector_c
2166.75138889,1.0045130366954824,0,0.00033,sector_c
2166.75277778,1.0053145619280421,0,0.00033,sector_c
2166.75416667,1.0049234376092784,0,0.00033,sector_c
2166.75555556,1.0057121764229686,0,0.00033,sector_c
2166.75694444,1.0046017816165527,0,0.00033,sector_c
2166.75833333,1.0051046479435461,0,0.00033,sector_c
2166.75972222,1.0046648902590127,0,0.00033,sector_c
2166.76111111,1.0049703382801154,0,0.00033,sector_c
2166.7625,1.0051714638121487,0,0.00033,sector_c
2166.76388889,1.0053505715629854,0,0.00033,sector_c
2166.76527778,1.0048167061634632,0,0.00033,sector_c
2166.76666667,1.0047072492826679,0,0.00033,sector_c
2166.76805556,1.0045455809948978,0,0.00033,sector_c
2166.76944444,1.0051719466148463,0,0.00033,sector_c
2166.77083333,1.0047205334330391,0,0.00033,sector_c
2166.77222222,1.0055414193752967,0,0.00033,sector_c
2166.77361111,1.0052056478488218,0,0.00033,sector_c
2166.775,1.0050810428059038,0,0.00033,sector_c
2166.77638889,1.0055164899512896,0,0.00033,sector_c
2166.77777778,1.0048083133832224,0,0.00033,sector_c
2166.77916667,1.0053264773269306,0,0.00033,sector_c
2166.78055556,1.0050339828400126,0,0.00033,sector_c
2166.78194444,1.0053585289564848,0,0.00033,sector_c
2166.78333333,1.0051987347993183,0,0.00033,sector_c
2166.78472222,1.004546502675263,0,0.00033,sector_c
2166.78611111,1.0049634747212202,0,0.00033,sector_c
2166.7875,1.0048112274675243,0,0.00033,sector_c
2166.78888889,1.0051646624508404,0,0.00033,sector_c
2166.79027778,1.004793899877001,0,0.00033,sector_c
2166.79166667,1.0049494750341426,0,0.00033,sector_c
2166.79305556,1.0048754118893355,0,0.00033,sector_c
2166.79444444,1.0048163549048539,0,0.00033,sector_c
2166.79583333,1.005093359348351,0,0.00033,sector_c
2166.79722222,1.0046081843032273,0,0.00033,sector_c
2166.79861111,1.0052948278267377,0,0.00033,sector_c
2166.8,1.0047377156961774,0,0.00033,sector_c
2166.80138889,1.004844284350092,0,0.00033,sector_c
2166.80277778,1.0047327765512826,0,0.00033,sector_c
2166.80416667,1.0048299598794246,0,0.00033,sector_c
2166.80555556,1.0047571692374169,0,0.00033,sector_c
2166.80694444,1.0050720596982823,0,0.00033,sector_c
2166.80833333,1.005358182969483,0,0.00033,sector_c
2166.80972222,1.0045488599889567,0,0.00033,sector_c
2166.81111111,1.0055685431361387,0,0.00033,sector_c
2166.8125,1.0045624287895647,0,0.00033,sector_c
2166.81388889,1.0048091998385575,0,0.00033,sector_c
2166.81527778,1.0050177947088237,0,0.00033,sector_c
2166.81666667,1.004877082170864,0,0.00033,sector_c
2166.81805556,1.00462152107589,0,0.00033,sector_c
2166.81944444,1.0047701048106328,0,0.00033,sector_c
2166.82083333,1.0047739173025223,0,0.00033,sector_c
2166.82222222,1.00511084507012,0,0.00033,sector_c
2166.82361111,1.0048619520931328,0,0.00033,sector_c
2166.825,1.004826421748294,0,0.00033,sector_c
2166.82638889,1.004688391920879,0,0.00033,sector_c
2166.82777778,1.0045371420673257,0,0.00033,sector_c
2166.82916667,1.0052947706806756,0,0.00033,sector_c
2166.83055556,1.004935305340099,0,0.00033,sector_c
2166.83194444,1.0048539929809905,0,0.00033,sector_c
2166.83333333,1.0043657578193346,0,0.00033,sector_c
2166.83472222,1.0047435683398125,0,0.00033,sector_c
2166.83611111,1.0048316127224595,0,0.00033,sector_c
2166.8375,1.0043868630575887,0,0.00033,sector_c
2166.83888889,1.0044581462861082,0,0.00033,sector_c
2166.84027778,1.0045402933708911,0,0.00033,sector_c
2166.84166667,1.0051868831284194,0,0.00033,sector_c
2166.84305556,1.0051015864997692,0,0.00033,sector_c
2166.84444444,1.0053209122879094,0,0.00033,sector_c
2166.84583333,1.0053775713953483,0,0.00033,sector_c
2166.84722222,1.0049695843874167,0,0.00033,sector_c
2166.84861111,1.0045096727667684,0,0.00033,sector_c
2166.85,1.0047900117184276,0,0.00033,sector_c
2166.85138889,1.0042398474762608,0,0.00033,sector_c
2166.85277778,1.0046632246982052,0,0.00033,sector_c
2166.85416667,1.0045071403726025,0,0.00033,sector_c
2166.85555556,1.004112908535094,0,0.00033,sector_c
2166.85694444,1.0050369695924843,0,0.00033,sector_c
2166.85833333,1.0052981262568794,0,0.00033,sector_c
2166.85972222,1.0050116826382947,0,0.00033,sector_c
2166.86111111,1.0043034832790168,0,0.00033,sector_c
2166.8625,1.0044356754023431,0,0.00033,sector_c
2166.86388889,1.004943078537864,0,0.00033,sector_c
2166.86527778,1.0046509316816397,0,0.00033,sector_c
2166.86666667,1.0054094918449044,0,0.00033,sector_c
2166.86805556,1.0048301902199852,0,0.00033,sector_c
2166.86944444,1.0046278082576914,0,0.00033,sector_c
2166.87083333,1.0049575911995692,0,0.00033,sector_c
2166.87222222,1.005641157656527,0,0.00033,sector_c
2166.87361111,1.0053164109872696,0,0.00033,sector_c
2166.875,1.004993880039184,0,0.00033,sector_c
2166.87638889,1.0048703360060212,0,0.00033,sector_c
2166.87777778,1.0041797354212798,0,0.00033,sector_c
2166.87916667,1.0052019687295015,0,0.00033,sector_c
2166.88055556,1.004785790434984,0,0.00033,sector_c
2166.88194444,1.0046524162317523,0,0.00033,sector_c
2166.88333333,1.004790383061773,0,0.00033,sector_c
2166.88472222,1.0043164331616397,0,0.00033,sector_c
2166.88611111,1.0048810378690942,0,0.00033,sector_c
2166.8875,1.004336619150244,0,0.00033,sector_c
2166.88888889,1.0042459118725204,0,0.00033,sector_c
2166.89027778,1.0051442059226836,0,0.00033,sector_c
2166.89166667,1.004632965218972,0,0.00033,sector_c
2166.89305556,1.004781463781109,0,0.00033,sector_c
2166.89444444,1.005144153061919,0,0.00033,sector_c
2166.89583333,1.004351855710183,0,0.00033,sector_c
2166.89722222,1.0046829208099506,0,0.00033,sector_c
2166.89861111,1.0044390431594419,0,0.00033,sector_c
2166.9,1.0046545895935195,0,0.00033,sector_c
2166.90138889,1.0050364905807057,0,0.00033,sector_c
2166.90277778,1.0041835456876405,0,0.00033,sector_c
2166.90416667,1.0050006821373758,0,0.00033,sector_c
2166.90555556,1.0045907634146753,0,0.00033,sector_c
2166.90694444,1.0045717814662791,0,0.00033,sector_c
2166.90833333,1.003930208339781,0,0.00033,sector_c
2166.90972222,1.0048928940322632,0,0.00033,sector_c
2166.91111111,1.0048871931692696,0,0.00033,sector_c
2166.9125,1.0045925845078274,0,0.00033,sector_c
2166.91388889,1.0045100877164495,0,0.00033,sector_c
2166.91527778,1.004804065723305,0,0.00033,sector_c
2166.91666667,1.004673957527116,0,0.00033,sector_c
2166.91805556,1.0043558166538222,0,0.00033,sector_c
2166.91944444,1.004222080261745,0,0.00033,sector_c
2166.92083333,1.004683514175282,0,0.00033,sector_c
2166.92222222,1.004664875997123,0,0.00033,sector_c
2166.92361111,1.004927651535335,0,0.00033,sector_c
2166.925,1.005000525861493,0,0.00033,sector_c
2166.92638889,1.0050983926420154,0,0.00033,sector_c
2166.92777778,1.0049914909375695,0,0.00033,sector_c
2166.92916667,1.0041522935839384,0,0.00033,sector_c
2166.93055556,1.0047931752311623,0,0.00033,sector_c
2166.93194444,1.0043287871934818,0,0.00033,sector_c
2166.93333333,1.0047500808343148,0,0.00033,sector_c
2166.93472222,1.0049842764917027,0,0.00033,sector_c
2166.93611111,1.0046139956170825,0,0.00033,sector_c
2166.9375,1.0040558315235883,0,0.00033,sector_c
2166.93888889,1.004897113484224,0,0.00033,sector_c
2166.94027778,1.004688165767938,0,0.00033,sector_c
2166.94166667,1.0046397820891726,0,0.00033,sector_c
2166.94305556,1.0051861752763847,0,0.00033,sector_c
2166.94444444,1.0045360361207696,0,0.00033,sector_c
2166.94583333,1.0043642029828164,0,0.00033,sector_c
2166.94722222,1.0046500840205101,0,0.00033,sector_c
2166.94861111,1.0049378029030192,0,0.00033,sector_c
2166.95,1.0046100699118503,0,0.00033,sector_c
2166.95138889,1.0046040401373586,0,0.00033,sector_c
2166.95277778,1.0047152904809802,0,0.00033,sector_c
2166.95416667,1.0039882585762057,0,0.00033,sector_c
2166.95555556,1.0045053933308803,0,0.00033,sector_c
2166.95694444,1.0047188731728949,0,0.00033,sector_c
2166.95833333,1.0044418176960286,0,0.00033,sector_c
2166.95972222,1.004849001365497,0,0.00033,sector_c
2166.96111111,1.0042962485522624,0,0.00033,sector_c
2166.9625,1.00445484899227,0,0.00033,sector_c
2166.96388889,1.0043783179355026,0,0.00033,sector_c
2166.96527778,1.004641787940491,0,0.00033,sector_c
2166.96666667,1.0046598997916814,0,0.00033,sector_c
2166.96805556,1.0044575002458755,0,0.00033,sector_c
2166.96944444,1.0044157955218593,0,0.00033,sector_c
2166.97083333,1.004211310325029,0,0.00033,sector_c
2166.97222222,1.0045083144012756,0,0.00033,sector_c
2166.97361111,1.0043821003735283,0,0.00033,sector_c
2166.975,1.0048548774324735,0,0.00033,sector_c
2166.97638889,1.004291815479033,0,0.00033,sector_c
2166.97777778,1.0041187997114533,0,0.00033,sector_c
2166.97916667,1.004064863478452,0,0.00033,sector_c
2166.98055556,1.0037974832530643,0,0.00033,sector_c
2166.98194444,1.0041918610524925,0,0.00033,sector_c
2166.98333333,1.004764181910124,0,0.00033,sector_c
2166.98472222,1.0046068294207422,0,0.00033,sector_c
2166.98611111,1.0044215521034383,4096,0.00033,sector_c
2166.9875,1.0043316714582153,0,0.00033,sector_c
2166.98888889,1.0040991053306523,0,0.00033,sector_c
2166.99027778,1.0043932255514594,0,0.00033,sector_c
2166.99166667,1.00432586630577,0,0.00033,sector_c
2166.99305556,1.0051222894162768,0,0.00033,sector_c
2166.99444444,1.004295566952328,0,0.00033,sector_c
2166.99583333,1.0043058402906846,0,0.00033,sector_c
2166.99722222,1.0043263082838667,4096,0.00033,sector_c
2166.99861111,1.0041468635168578,0,0.00033,sector_c
2167.0,1.0042810069161947,0,0.00033,sector_c
2167.00138889,1.0043896605033191,0,0.00033,sector_c
2167.00277778,1.0043414118828264,0,0.00033,sector_c
2167.00416667,1.0043031500380546,0,0.00033,sector_c
2167.00555556,1.0044532083118354,0,0.00033,sector_c
2167.00694444,1.0042126595099143,0,0.00033,sector_c
2167.00833333,1.0055653212216173,0,0.00033,sector_c
2167.00972222,1.0043864252462655,0,0.00033,sector_c
2167.01111111,1.0043037370551762,0,0.00033,sector_c
2167.0125,1.0036065262353264,0,0.00033,sector_c
2167.01388889,1.0046267456018647,0,0.00033,sector_c
2167.01527778,1.0038480046649483,0,0.00033,sector_c
2167.01666667,1.00377714054662,0,0.00033,sector_c
2167.01805556,1.0044209552527814,0,0.00033,sector_c
2167.01944444,1.003408499964496,0,0.00033,sector_c
2167.02083333,1.0042729270717223,0,0.00033,sector_c
2167.02222222,1.0044890401857618,0,0.00033,sector_c
2167.02361111,1.004540358956593,0,0.00033,sector_c
2167.025,1.0040663324828043,0,0.00033,sector_c
2167.02638889,1.0047872676323528,0,0.00033,sector_c
2167.02777778,1.0041150368890417,0,0.00033,sector_c
2167.02916667,1.0042031892374952,0,0.00033,sector_c
2167.03055556,1.004582105957903,0,0.00033,sector_c
2167.03194444,1.0049275781261837,0,0.00033,sector_c
2167.03333333,1.004201552036581,0,0.00033,sector_c
2167.03472222,1.0041581519764113,2048,0.00033,sector_c
2167.03611111,1.0043485679078628,0,0.00033,sector_c
2167.0375,1.0046263659131756,0,0.00033,sector_c
2167.03888889,1.004874140408394,0,0.00033,sector_c
2167.04027778,1.0044179048584154,0,0.00033,sector_c
2167.04166667,1.0045672220164896,0,0.00033,sector_c
2167.04305556,1.004852106751705,0,0.00033,sector_c
2167.04444444,1.003856909146056,0,0.00033,sector_c
2167.04583333,1.0039925455959513,0,0.00033,sector_c
2167.04722222,1.0042204640645849,0,0.00033,sector_c
2167.04861111,1.0042535388659222,0,0.00033,sector_c
2167.05,1.004144404587543,0,0.00033,sector_c
2167.05138889,1.0048076833731492,0,0.00033,sector_c
2167.05277778,1.0040514577598783,0,0.00033,sector_c
2167.05416667,1.0038550933235724,0,0.00033,sector_c
2167.05555556,1.004102726095935,0,0.00033,sector_c
2167.05694444,1.00388904062173,0,0.00033,sector_c
2167.05833333,1.0046466240972176,0,0.00033,sector_c
2167.05972222,1.004079742286175,0,0.00033,sector_c
2167.06111111,1.0043178630094023,0,0.00033,sector_c
2167.0625,1.0047184004452332,0,0.00033,sector_c
2167.06388889,1.004073466110523,0,0.00033,sector_c
2167.06527778,1.004470856741658,0,0.00033,sector_c
2167.06666667,1.0042250905190275,0,0.00033,sector_c
2167.06805556,1.003891472714475,0,0.00033,sector_c
2167.06944444,1.0043338269652529,0,0.00033,sector_c
2167.07083333,1.0043882583610662,0,0.00033,sector_c
2167.07222222,1.0042816405053596,0,0.00033,sector_c
2167.07361111,1.004256398396872,0,0.00033,sector_c
2167.075,1.0041412212120016,0,0.00033,sector_c
2167.07638889,1.0039049107819573,0,0.00033,sector_c
2167.07777778,1.0042463467080203,0,0.00033,sector_c
2167.07916667,1.0044549594715222,0,0.00033,sector_c
2167.08055556,1.00414720914425,0,0.00033,sector_c
2167.08194444,1.0045587171268322,0,0.00033,sector_c
2167.08333333,1.0040218168033677,0,0.00033,sector_c
2167.08472222,1.0036687706445848,0,0.00033,sector_c
2167.08611111,1.0040516707626148,0,0.00033,sector_c
2167.0875,1.004791482590295,0,0.00033,sector_c
2167.08888889,1.003925897804748,0,0.00033,sector_c
2167.09027778,1.0044879796377943,0,0.00033,sector_c
2167.09166667,1.0046347854975823,0,0.00033,sector_c
2167.09305556,1.004413892040975,0,0.00033,sector_c
2167.09444444,1.0040604730551859,0,0.00033,sector_c
2167.09583333,1.00407635297148,0,0.00033,sector_c
2167.09722222,1.0041367907109646,0,0.00033,sector_c
2167.09861111,1.0041200394053227,0,0.00033,sector_c
2167.1,1.0039607112323483,0,0.00033,sector_c
2167.10138889,1.004239852723243,0,0.00033,sector_c
2167.10277778,1.004370162351931,0,0.00033,sector_c
2167.10416667,1.0040440297253708,0,0.00033,sector_c
2167.10555556,1.0041419051984755,0,0.00033,sector_c
2167.10694444,1.0040697721100282,0,0.00033,sector_c
2167.10833333,1.0045920357789218,0,0.00033,sector_c
2167.10972222,1.0044444248708118,0,0.00033,sector_c
2167.11111111,1.003823276920146,0,0.00033,sector_c
2167.1125,1.0041587758111452,0,0.00033,sector_c
2167.11388889,1.0040292250156069,0,0.00033,sector_c
2167.11527778,1.00406497688483,0,0.00033,sector_c
2167.11666667,1.0043588431627042,0,0.00033,sector_c
2167.11805556,1.003900294636405,0,0.00033,sector_c
2167.11944444,1.00411815417501,0,0.00033,sector_c
2167.12083333,1.0041095486240357,0,0.00033,sector_c
2167.12222222,1.0041296417490255,0,0.00033,sector_c
2167.12361111,1.0041238220519835,0,0.00033,sector_c
2167.125,1.0040315939734534,0,0.00033,sector_c
2167.12638889,1.0041631660728287,0,0.00033,sector_c
2167.12777778,1.0039661791309444,0,0.00033,sector_c
2167.12916667,1.0045089984607036,0,0.00033,sector_c
2167.13055556,1.0045118332713912,0,0.00033,sector_c
2167.13194444,1.00385412490867,0,0.00033,sector_c
2167.13333333,1.0037310247949753,0,0.00033,sector_c
2167.13472222,1.0039435667491128,0,0.00033,sector_c
2167.13611111,1.0041306556690417,0,0.00033,sector_c
2167.1375,1.0035496025962902,0,0.00033,sector_c
2167.13888889,1.0045593520095741,0,0.00033,sector_c
2167.14027778,1.0041183597374517,0,0.00033,sector_c
2167.14166667,1.0043231435406863,0,0.00033,sector_c
2167.14305556,1.0039461270459793,0,0.00033,sector_c
2167.14444444,1.0037899164417636,0,0.00033,sector_c
2167.14583333,1.0040282824188431,0,0.00033,sector_c
2167.14722222,1.0040164586789637,0,0.00033,sector_c
2167.14861111,1.0040530710939664,0,0.00033,sector_c
2167.15,1.0042085568339032,0,0.00033,sector_c
2167.15138889,1.0041259013256119,0,0.00033,sector_c
2167.15277778,1.004039231863388,0,0.00033,sector_c
2167.15416667,1.0033379291262878,0,0.00033,sector_c
2167.15555556,1.003677237537568,0,0.00033,sector_c
2167.15694444,1.0041301974355334,0,0.00033,sector_c
2167.15833333,1.0040314833658293,0,0.00033,sector_c
2167.15972222,1.0040710347585544,0,0.00033,sector_c
2167.16111111,1.0041731510891527,0,0.00033,sector_c
2167.1625,1.004337098932521,0,0.00033,sector_c
2167.16388889,1.0041655693583322,0,0.00033,sector_c
2167.16527778,1.0041113024220283,0,0.00033,sector_c
2167.16666667,1.0038917195347592,0,0.00033,sector_c
2167.16805556,1.0043156408970737,0,0.00033,sector_c
2167.16944444,1.0036953712476038,0,0.00033,sector_c
2167.17083333,1.0035863052145364,0,0.00033,sector_c
2167.17222222,1.0041720578141058,0,0.00033,sector_c
2167.17361111,1.0039899738008198,0,0.00033,sector_c
2167.175,1.0038072268245135,0,0.00033,sector_c
2167.17638889,1.0039512737746088,0,0.00033,sector_c
2167.17777778,1.0039505001909614,0,0.00033,sector_c
2167.17916667,1.0039526279282678,0,0.00033,sector_c
2167.18055556,1.0038680852230668,0,0.00033,sector_c
2167.18194444,1.0036904795442123,0,0.00033,sector_c
2167.18333333,1.0035530356070934,0,0.00033,sector_c
2167.18472222,1.0040496029511585,0,0.00033,sector_c
2167.18611111,1.0039233505464498,0,0.00033,sector_c
2167.1875,1.0041900658409502,0,0.00033,sector_c
2167.18888889,1.0039052765771925,0,0.00033,sector_c
2167.19027778,1.0036183871143474,0,0.00033,sector_c
2167.19166667,1.0041018743147037,0,0.00033,sector_c
2167.19305556,1.0042238032917346,0,0.00033,sector_c
2167.19444444,1.0040321239009145,0,0.00033,sector_c
2167.19583333,1.0041116607616305,0,0.00033,sector_c
2167.19722222,1.0033882607965694,0,0.00033,sector_c
2167.19861111,1.0036424718355246,0,0.00033,sector_c
2167.2,1.0043051905023075,0,0.00033,sector_c
2167.20138889,1.0041020396095897,0,0.00033,sector_c
2167.20277778,1.004290831484148,0,0.00033,sector_c
2167.20416667,1.0037939867967782,0,0.00033,sector_c
2167.20555556,1.0038328397971357,0,0.00033,sector_c
2167.20694444,1.0039466296423971,0,0.00033,sector_c
2167.20833333,1.0042668735952776,0,0.00033,sector_c
2167.20972222,1.003795176240739,0,0.00033,sector_c
2167.21111111,1.0039864451377918,0,0.00033,sector_c
2167.2125,1.0041516099291967,0,0.00033,sector_c
2167.21388889,1.0041995182122465,0,0.00033,sector_c
2167.21527778,1.0039524139376985,0,0.00033,sector_c
2167.21666667,1.0038498904740645,0,0.00033,sector_c
2167.21805556,1.0038426142282286,0,0.00033,sector_c
2167.21944444,1.0035302305053133,0,0.00033,sector_c
2167.22083333,1.0039837595560535,0,0.00033,sector_c
2167.22222222,1.0036363655235674,0,0.00033,sector_c
2167.22361111,1.003636939862473,0,0.00033,sector_c
2167.225,1.003925948239413,0,0.00033,sector_c
2167.22638889,1.0041767660894794,0,0.00033,sector_c
2167.22777778,1.0041266536957278,0,0.00033,sector_c
2167.22916667,1.0032492024457331,0,0.00033,sector_c
2167.23055556,1.003367181638145,0,0.00033,sector_c
2167.23194444,1.003764078019418,0,0.00033,sector_c
2167.23333333,1.0042712900828952,0,0.00033,sector_c
2167.23472222,1.0039565621833855,0,0.00033,sector_c
2167.23611111,1.0037437052578226,0,0.00033,sector_c
2167.2375,1.003868542182967,0,0.00033,sector_c
2167.23888889,1.003423454145177,0,0.00033,sector_c
2167.24027778,1.0038960613933026,0,0.00033,sector_c
2167.24166667,1.004142469041585,0,0.00033,sector_c
2167.24305556,1.0037511393838934,0,0.00033,sector_c
2167.24444444,1.0035901906693332,0,0.00033,sector_c
2167.24583333,1.0038618447774676,0,0.00033,sector_c
2167.24722222,1.0041016602743333,0,0.00033,sector_c
2167.24861111,1.0036851750387137,0,0.00033,sector_c
2167.25,1.0039955951922572,0,0.00033,sector_c
2167.25138889,1.0033854232710173,0,0.00033,sector_c
2167.25277778,1.0033505045467128,0,0.00033,sector_c
2167.25416667,1.00344446567499,0,0.00033,sector_c
2167.25555556,1.0038304594889886,0,0.00033,sector_c
2167.25694444,1.0035815996505484,0,0.00033,sector_c
2167.25833333,1.0036094613108686,0,0.00033,sector_c
2167.25972222,1.0039014786431921,0,0.00033,sector_c
2167.26111111,1.0041502905688737,0,0.00033,sector_c
2167.2625,1.0041028955318332,0,0.00033,sector_c
2167.26388889,1.0037458873478902,0,0.00033,sector_c
2167.26527778,1.0037928472894249,0,0.00033,sector_c
2167.26666667,1.00404270848444,0,0.00033,sector_c
2167.26805556,1.0035277984755626,0,0.00033,sector_c
2167.26944444,1.0037849100201242,0,0.00033,sector_c
2167.27083333,1.0037040010163658,0,0.00033,sector_c
2167.27222222,1.0037705070792855,0,0.00033,sector_c
2167.27361111,1.0043868158581943,0,0.00033,sector_c
2167.275,1.0035273763820383,0,0.00033,sector_c
2167.27638889,1.0037950847420611,0,0.00033,sector_c
2167.27777778,1.0038366022725336,0,0.00033,sector_c
2167.27916667,1.0039364700526558,0,0.00033,sector_c
2167.28055556,1.00370367351896,0,0.00033,sector_c
2167.28194444,1.0038180492321036,0,0.00033,sector_c
2167.28333333,1.0040228877147208,0,0.00033,sector_c
2167.28472222,1.0035766613654045,0,0.00033,sector_c
2167.28611111,1.0034714993174945,0,0.00033,sector_c
2167.2875,1.0034790183528266,0,0.00033,sector_c
2167.28888889,1.0038783755840648,0,0.00033,sector_c
2167.29027778,1.0035720026177897,0,0.00033,sector_c
2167.29166667,1.0034493772854705,0,0.00033,sector_c
2167.29305556,1.003250146491377,0,0.00033,sector_c
2167.29444444,1.0032557573736713,0,0.00033,sector_c
2167.29583333,1.0032222755054807,0,0.00033,sector_c
2167.29722222,1.0035124846479502,0,0.00033,sector_c
2167.29861111,1.0033916339558289,0,0.00033,sector_c
2167.3,1.0032200569808394,0,0.00033,sector_c
2167.30138889,1.0032562483739331,0,0.00033,sector_c
2167.30277778,1.0033729298375325,0,0.00033,sector_c
2167.30416667,1.003919259715348,0,0.00033,sector_c
2167.30555556,1.0035219069159496,0,0.00033,sector_c
2167.30694444,1.0037061108810275,0,0.00033,sector_c
2167.30833333,1.003502970245189,0,0.00033,sector_c
2167.30972222,1.0031638531324616,0,0.00033,sector_c
2167.31111111,1.0038299350913846,0,0.00033,sector_c
2167.3125,1.003833676747415,0,0.00033,sector_c
2167.31388889,1.00377667969157,0,0.00033,sector_c
2167.31527778,1.0034292758067445,0,0.00033,sector_c
2167.31666667,1.0035205479444649,0,0.00033,sector_c
2167.31805556,1.0038218761882711,0,0.00033,sector_c
2167.31944444,1.0037480119866404,0,0.00033,sector_c
2167.32083333,1.00367371346496,0,0.00033,sector_c
2167.32222222,1.0037414832777745,0,0.00033,sector_c
2167.32361111,1.0035738486211374,0,0.00033,sector_c
2167.325,1.0037353131592377,0,0.00033,sector_c
2167.32638889,1.0032593068903888,0,0.00033,sector_c
2167.32777778,1.003625797677321,0,0.00033,sector_c
2167.32916667,1.0036838983505274,0,0.00033,sector_c
2167.33055556,1.0036305346108365,0,0.00033,sector_c
2167.33194444,1.0036098480463482,0,0.00033,sector_c
2167.33333333,1.0030826605797638,0,0.00033,sector_c
2167.33472222,1.003093400760479,0,0.00033,sector_c
2167.33611111,1.0035092417611706,0,0.00033,sector_c
2167.3375,1.003688373591632,0,0.00033,sector_c
2167.33888889,1.003673240568124,0,0.00033,sector_c
2167.34027778,1.0032844564220467,0,0.00033,sector_c
2167.34166667,1.0032530372532624,0,0.00033,sector_c
2167.34305556,1.003296334179311,0,0.00033,sector_c
2167.34444444,1.0032998581796146,0,0.00033,sector_c
2167.34583333,1.0035509796005329,0,0.00033,sector_c
2167.34722222,1.0035771366228732,0,0.00033,sector_c
2167.34861111,1.0026251363189036,0,0.00033,sector_c
2167.35,1.0031792303025486,0,0.00033,sector_c
2167.35138889,1.0033254613660079,0,0.00033,sector_c
2167.35277778,1.0031599747777353,0,0.00033,sector_c
2167.35416667,1.0029411888603683,4096,0.00033,sector_c
2167.35555556,1.0029523500359638,0,0.00033,sector_c
2167.35694444,1.0032453358165503,0,0.00033,sector_c
2167.35833333,1.0031332537024402,0,0.00033,sector_c
2167.35972222,1.0033684222100787,0,0.00033,sector_c
2167.36111111,1.0032812058774825,0,0.00033,sector_c
2167.3625,1.0029590712138643,0,0.00033,sector_c
2167.36388889,1.0028940064772451,0,0.00033,sector_c
2167.36527778,1.0032454606670695,0,0.00033,sector_c
2167.36666667,1.00357648891794,0,0.00033,sector_c
2167.36805556,1.0033314579163544,0,0.00033,sector_c
2167.36944444,1.003235775164616,0,0.00033,sector_c
2167.37083333,1.0035342161874103,0,0.00033,sector_c
2167.37222222,1.0033440091248778,0,0.00033,sector_c
2167.37361111,1.0028680151604434,0,0.00033,sector_c
2167.375,1.0037682313685736,0,0.00033,sector_c
2167.37638889,1.0037606217245867,0,0.00033,sector_c
2167.37777778,1.0031195497839909,0,0.00033,sector_c
2167.37916667,1.002880627509944,0,0.00033,sector_c
2167.38055556,1.003438481142064,0,0.00033,sector_c
2167.38194444,1.002929105066067,0,0.00033,sector_c
2167.38333333,1.003059484067691,0,0.00033,sector_c
2167.38472222,1.003623849139915,0,0.00033,sector_c
2167.38611111,1.0037706605035048,0,0.00033,sector_c
2167.3875,1.003301110202063,0,0.00033,sector_c
2167.38888889,1.0035447043956067,0,0.00033,sector_c
2167.39027778,1.0034106620435155,0,0.00033,sector_c
2167.39166667,1.0028711575097455,0,0.00033,sector_c
2167.39305556,1.0029760167512842,0,0.00033,sector_c
2167.39444444,1.0032124671037363,0,0.00033,sector_c
2167.39583333,1.003548046015318,0,0.00033,sector_c
2167.39722222,1.002970166890377,0,0.00033,sector_c
2167.39861111,1.0029024792672023,0,0.00033,sector_c
2167.4,1.0035747364475736,0,0.00033,sector_c
2167.40138889,1.0036342573581338,0,0.00033,sector_c
2167.40277778,1.0030804283750439,0,0.00033,sector_c
2167.40416667,1.0034404607877445,0,0.00033,sector_c
2167.40555556,1.003476097925162,0,0.00033,sector_c
2167.40694444,1.0037849470076192,0,0.00033,sector_c
2167.40833333,1.0035288575294656,0,0.00033,sector_c
2167.40972222,1.0028321828663536,0,0.00033,sector_c
2167.41111111,1.0032790033820145,0,0.00033,sector_c
2167.4125,1.0031723150900511,0,0.00033,sector_c
2167.41388889,1.0035456822182056,0,0.00033,sector_c
2167.41527778,1.0031915764890382,0,0.00033,sector_c
2167.41666667,1.003435065287487,0,0.00033,sector_c
2167.41805556,1.0033300524410405,0,0.00033,sector_c
2167.41944444,1.0032514842354898,0,0.00033,sector_c
2167.42083333,1.0028712460276576,0,0.00033,sector_c
2167.42222222,1.0028655300371938,0,0.00033,sector_c
2167.42361111,1.0028079038944975,0,0.00033,sector_c
2167.425,1.0031815989022792,0,0.00033,sector_c
2167.42638889,1.0031370726280573,0,0.00033,sector_c
2167.42777778,1.0034655599029716,0,0.00033,sector_c
2167.42916667,1.002928245213305,0,0.00033,sector_c
2167.43055556,1.0028497546507376,0,0.00033,sector_c
2167.43194444,1.0036104850492948,0,0.00033,sector_c
2167.43333333,1.003228892632319,0,0.00033,sector_c
2167.43472222,1.0028926516328018,0,0.00033,sector_c
2167.43611111,1.0033500918273017,0,0.00033,sector_c
2167.4375,1.0028957844360404,0,0.00033,sector_c
2167.43888889,1.002686610244491,0,0.00033,sector_c
2167.44027778,1.0029474676265273,0,0.00033,sector_c
2167.44166667,1.0033067071654167,0,0.00033,sector_c
2167.44305556,1.0034430886543866,0,0.00033,sector_c
2167.44444444,1.0031804786914431,0,0.00033,sector_c
2167.44583333,1.0025489916081762,0,0.00033,sector_c
2167.44722222,1.002787415750167,0,0.00033,sector_c
2167.44861111,1.0029371591652296,0,0.00033,sector_c
2167.45,1.0031110204660114,0,0.00033,sector_c
2167.45138889,1.0030277816331707,0,0.00033,sector_c
2167.45277778,1.0028774133416671,0,0.00033,sector_c
2167.45416667,1.0029121702639887,0,0.00033,sector_c
2167.45555556,1.0031522058895304,0,0.00033,sector_c
2167.45694444,1.0033830013107963,0,0.00033,sector_c
2167.45833333,1.0028426965447554,0,0.00033,sector_c
2167.45972222,1.003045974334391,0,0.00033,sector_c
2167.46111111,1.002855379615235,0,0.00033,sector_c
2167.4625,1.0028344708752772,0,0.00033,sector_c
2167.46388889,1.003848624363147,0,0.00033,sector_c
2167.46527778,1.002643270268963,0,0.00033,sector_c
2167.46666667,1.0026710323553696,0,0.00033,sector_c
2167.46805556,1.0026780744824055,0,0.00033,sector_c
2167.46944444,1.002780891390329,0,0.00033,sector_c
2167.47083333,1.0031828468968256,0,0.00033,sector_c
2167.47222222,1.0029110761664866,0,0.00033,sector_c
2167.47361111,1.0032476780898985,0,0.00033,sector_c
2167.475,1.0032177429061613,0,0.00033,sector_c
2167.47638889,1.0029752306119557,0,0.00033,sector_c
2167.47777778,1.0029744189930676,0,0.00033,sector_c
2167.47916667,1.0027299181597067,0,0.00033,sector_c
2167.48055556,1.002965948325619,0,0.00033,sector_c
2167.48194444,1.0033824008441359,0,0.00033,sector_c
2167.48333333,1.003739575050313,0,0.00033,sector_c
2167.48472222,1.0030736816991843,0,0.00033,sector_c
2167.48611111,1.0031541910917379,0,0.00033,sector_c
2167.4875,1.0032148827875937,0,0.00033,sector_c
2167.48888889,1.0029119148579133,0,0.00033,sector_c
2167.49027778,1.0030311433723789,0,0.00033,sector_c
2167.49166667,1.0027767479092937,0,0.00033,sector_c
2167.49305556,1.0031081996393842,0,0.00033,sector_c
2167.49444444,1.0026501935248393,0,0.00033,sector_c
2167.49583333,1.002920849408318,0,0.00033,sector_c
2167.49722222,1.003234157366883,0,0.00033,sector_c
2167.49861111,1.0029527811814039,0,0.00033,sector_c
2167.5,1.0030998762337013,0,0.00033,sector_c
2167.50138889,1.0030153704030584,0,0.00033,sector_c
2167.50277778,1.0031862475296267,0,0.00033,sector_c
2167.50416667,1.00250812017123,0,0.00033,sector_c
2167.50555556,1.0031890527365372,0,0.00033,sector_c
2167.50694444,1.0029174019551157,0,0.00033,sector_c
2167.50833333,1.0024840028669528,0,0.00033,sector_c
2167.50972222,1.0026312501907855,0,0.00033,sector_c
2167.51111111,1.002916797985518,0,0.00033,sector_c
2167.5125,1.0032613975134308,0,0.00033,sector_c
2167.51388889,1.0031986722269195,0,0.00033,sector_c
2167.51527778,1.0028225541521842,0,0.00033,sector_c
2167.51666667,1.0031716317100101,0,0.00033,sector_c
2167.51805556,1.0026021852412614,0,0.00033,sector_c
2167.51944444,1.0026871804473803,0,0.00033,sector_c
2167.52083333,1.0024633312825573,0,0.00033,sector_c
2167.52222222,1.00253502418017,0,0.00033,sector_c
2167.52361111,1.0027916206875638,0,0.00033,sector_c
2167.525,1.0028622443688144,0,0.00033,sector_c
2167.52638889,1.0026321364018183,0,0.00033,sector_c
2167.52777778,1.0030347071701018,0,0.00033,sector_c
2167.52916667,1.0026980635483913,0,0.00033,sector_c
2167.53055556,1.0030248197762779,0,0.00033,sector_c
2167.53194444,1.003192604522493,0,0.00033,sector_c
2167.53333333,1.0023427585032143,0,0.00033,sector_c
2167.53472222,1.0030068210333953,0,0.00033,sector_c
2167.53611111,1.002489511047044,0,0.00033,sector_c
2167.5375,1.002632074201725,0,0.00033,sector_c
2167.53888889,1.0027177177434052,0,0.00033,sector_c
2167.54027778,1.0024406414528186,0,0.00033,sector_c
2167.54166667,1.00276941466734,0,0.00033,sector_c
2167.54305556,1.0024166957448741,0,0.00033,sector_c
2167.54444444,1.0025684179651702,0,0.00033,sector_c
2167.54583333,1.0024062781430594,0,0.00033,sector_c
2167.54722222,1.002556409004789,0,0.00033,sector_c
2167.54861111,1.0031988154675684,0,0.00033,sector_c
2167.55,1.0027052403442718,0,0.00033,sector_c
2167.55138889,1.0032498279177722,0,0.00033,sector_c
2167.55277778,1.0028100393047668,0,0.00033,sector_c
2167.55416667,1.0022157920355408,0,0.00033,sector_c
2167.55555556,1.0028382980336736,0,0.00033,sector_c
2167.55694444,1.002976046197349,0,0.00033,sector_c
2167.55833333,1.0026715047982058,0,0.00033,sector_c
2167.55972222,1.0028732059466259,0,0.00033,sector_c
2167.56111111,1.0023846607806295,0,0.00033,sector_c
2167.5625,1.0031098003518726,0,0.00033,sector_c
2167.56388889,1.0029966418366454,0,0.00033,sector_c
2167.56527778,1.002637684156151,0,0.00033,sector_c
2167.56666667,1.002554765927252,0,0.00033,sector_c
2167.56805556,1.0024791925868952,0,0.00033,sector_c
2167.56944444,1.003070019298539,0,0.00033,sector_c
2167.57083333,1.0023993180723225,0,0.00033,sector_c
2167.57222222,1.002145221587005,0,0.00033,sector_c
2167.57361111,1.0025732038917543,0,0.00033,sector_c
2167.575,1.0028707538154886,0,0.00033,sector_c
2167.57638889,1.0027044718592693,0,0.00033,sector_c
2167.57777778,1.0024394951538314,0,0.00033,sector_c
2167.57916667,1.0033361251471746,0,0.00033,sector_c
2167.58055556,1.002401628723329,0,0.00033,sector_c
2167.58194444,1.002657028381646,0,0.00033,sector_c
2167.58333333,1.0026267113840905,0,0.00033,sector_c
2167.58472222,1.00265575423102,0,0.00033,sector_c
2167.58611111,1.0023060508977,0,0.00033,sector_c
2167.5875,1.0027686396683162,0,0.00033,sector_c
2167.58888889,1.0027212697498804,0,0.00033,sector_c
2167.59027778,1.002763963579406,0,0.00033,sector_c
2167.59166667,1.002443741631187,0,0.00033,sector_c
2167.59305556,1.0026124788103805,0,0.00033,sector_c
2167.59444444,1.0023999663065142,0,0.00033,sector_c
2167.59583333,1.0026688410199112,0,0.00033,sector_c
2167.59722222,1.0025755778550591,0,0.00033,sector_c
2167.59861111,1.0025512544363666,0,0.00033,sector_c
2167.6,1.0026204808975878,0,0.00033,sector_c
2167.60138889,1.0026561803918745,0,0.00033,sector_c
2167.60277778,1.0024474558278988,0,0.00033,sector_c
2167.60416667,1.0024964488670034,0,0.00033,sector_c
2167.60555556,1.0023170151262044,0,0.00033,sector_c
2167.60694444,1.0022469234265035,0,0.00033,sector_c
2167.60833333,1.0023314920688287,0,0.00033,sector_c
2167.60972222,1.0026713918491117,0,0.00033,sector_c
2167.61111111,1.002980750760393,0,0.00033,sector_c
2167.6125,1.0028523735128325,0,0.00033,sector_c
2167.61388889,1.0025974753695335,0,0.00033,sector_c
2167.61527778,1.0025021936363554,0,0.00033,sector_c
2167.61666667,1.002659775820706,0,0.00033,sector_c
2167.61805556,1.0025476575939631,0,0.00033,sector_c
2167.61944444,1.0022241660458342,0,0.00033,sector_c
2167.62083333,1.002309353574829,0,0.00033,sector_c
2167.62222222,1.0023900128501226,0,0.00033,sector_c
2167.62361111,1.0034643262401777,0,0.00033,sector_c
2167.625,1.0025468374622495,0,0.00033,sector_c
2167.62638889,1.0022752355494222,0,0.00033,sector_c
2167.62777778,1.0019797474987329,0,0.00033,sector_c
2167.62916667,1.0025424878971523,0,0.00033,sector_c
2167.63055556,1.0025022983681036,0,0.00033,sector_c
2167.63194444,1.0024706579844755,0,0.00033,sector_c
2167.63333333,1.0030092375562527,0,0.00033,sector_c
2167.63472222,1.0020595775198975,0,0.00033,sector_c
2167.63611111,1.0024648480222442,0,0.00033,sector_c
2167.6375,1.0029590879207735,0,0.00033,sector_c
2167.63888889,1.0018891068790554,0,0.00033,sector_c
2167.64027778,1.002309396869672,0,0.00033,sector_c
2167.64166667,1.002002688399514,0,0.00033,sector_c
2167.64305556,1.0025711280429546,0,0.00033,sector_c
2167.64444444,1.0024818758158593,0,0.00033,sector_c
2167.64583333,1.0027601208218375,0,0.00033,sector_c
2167.64722222,1.0023685993224827,0,0.00033,sector_c
2167.64861111,1.0025710784007873,0,0.00033,sector_c
2167.65,1.0023599530447875,0,0.00033,sector_c
2167.65138889,1.0028275937095479,0,0.00033,sector_c
2167.65277778,1.0025810081313868,0,0.00033,sector_c
2167.65416667,1.0022855356240068,0,0.00033,sector_c
2167.65555556,1.002759380793186,0,0.00033,sector_c
2167.65694444,1.0019512686809897,0,0.00033,sector_c
2167.65833333,1.0019208729021194,0,0.00033,sector_c
2167.65972222,1.0025734952814755,0,0.00033,sector_c
2167.66111111,1.0027113853881726,0,0.00033,sector_c
2167.6625,1.0022177336116271,0,0.00033,sector_c
2167.66388889,1.0022810678561886,0,0.00033,sector_c
2167.66527778,1.0018480332407151,0,0.00033,sector_c
2167.66666667,1.0025425213274433,0,0.00033,sector_c
2167.66805556,1.0031747015954013,0,0.00033,sector_c
2167.66944444,1.0024243417312717,0,0.00033,sector_c
2167.67083333,1.0019905505342142,0,0.00033,sector_c
2167.67222222,1.0021307631068066,0,0.00033,sector_c
2167.67361111,1.0020905453311928,0,0.00033,sector_c
2167.675,1.002342508509214,0,0.00033,sector_c
2167.67638889,1.0024539380570467,0,0.00033,sector_c
2167.67777778,1.002743983940412,0,0.00033,sector_c
2167.67916667,1.0019975675766537,0,0.00033,sector_c
2167.68055556,1.0018271990722993,0,0.00033,sector_c
2167.68194444,1.0024540482640758,0,0.00033,sector_c
2167.68333333,1.0020479431307274,0,0.00033,sector_c
2167.68472222,1.0024015758164666,0,0.00033,sector_c
2167.68611111,1.0024150270990448,0,0.00033,sector_c
2167.6875,1.0025130189948113,0,0.00033,sector_c
2167.68888889,1.0023116748455665,0,0.00033,sector_c
2167.69027778,1.0026449221196563,0,0.00033,sector_c
2167.69166667,1.0023047415009732,0,0.00033,sector_c
2167.69305556,1.0021372548674923,0,0.00033,sector_c
2167.69444444,1.0022498909871023,0,0.00033,sector_c
2167.69583333,1.001853215803123,0,0.00033,sector_c
2167.69722222,1.0027208752346646,0,0.00033,sector_c
2167.69861111,1.0018573758570493,0,0.00033,sector_c
2167.7,1.0021355531645746,0,0.00033,sector_c
2167.70138889,1.0024140277544475,0,0.00033,sector_c
2167.70277778,1.0018166216253588,0,0.00033,sector_c
2167.70416667,1.002647525078356,0,0.00033,sector_c
2167.70555556,1.0020112584932723,0,0.00033,sector_c
2167.70694444,1.002073779676316,0,0.00033,sector_c
2167.70833333,1.0023279448002107,0,0.00033,sector_c
2167.70972222,1.0021772980612609,0,0.00033,sector_c
2167.71111111,1.0018870508717188,0,0.00033,sector_c
2167.7125,1.0022845457684197,0,0.00033,sector_c
2167.71388889,1.0026753758404885,0,0.00033,sector_c
2167.71527778,1.0021678738779303,0,0.00033,sector_c
2167.71666667,1.0014207358266236,0,0.00033,sector_c
2167.71805556,1.002675383477131,0,0.00033,sector_c
2167.71944444,1.0020804132992671,0,0.00033,sector_c
2167.72083333,1.002081151972505,0,0.00033,sector_c
2167.72222222,1.0014218178414784,0,0.00033,sector_c
2167.72361111,1.00204044867068,0,0.00033,sector_c
2167.725,1.001897395017163,0,0.00033,sector_c
2167.72638889,1.0019149594106305,2048,0.00033,sector_c
2167.72777778,1.0017556586638854,0,0.00033,sector_c
2167.72916667,1.0025116367444584,0,0.00033,sector_c
2167.73055556,1.0022183691418922,0,0.00033,sector_c
2167.73194444,1.0021190535484068,0,0.00033,sector_c
2167.73333333,1.0021289332002945,0,0.00033,sector_c
2167.73472222,1.0023558176268719,0,0.00033,sector_c
2167.73611111,1.0020939854841746,0,0.00033,sector_c
2167.7375,1.002519202985762,0,0.00033,sector_c
2167.73888889,1.0017070135659136,0,0.00033,sector_c
2167.74027778,1.0024031869506422,0,0.00033,sector_c
2167.74166667,1.0022380482081528,0,0.00033,sector_c
2167.74305556,1.0017435178692988,0,0.00033,sector_c
2167.74444444,1.002220259333849,0,0.00033,sector_c
2167.74583333,1.0025502543174303,0,0.00033,sector_c
2167.74722222,1.002145343649757,0,0.00033,sector_c
2167.74861111,1.001879491026309,0,0.00033,sector_c
2167.75,1.001903385211022,0,0.00033,sector_c
2167.75138889,1.0022385742991855,0,0.00033,sector_c
2167.75277778,1.0020556071579052,0,0.00033,sector_c
2167.75416667,1.0019974413553585,0,0.00033,sector_c
2167.75555556,1.0021210302470633,0,0.00033,sector_c
2167.75694444,1.00226633170158,0,0.00033,sector_c
2167.75833333,1.0017875892074473,0,0.00033,sector_c
2167.75972222,1.0018075003068796,0,0.00033,sector_c
2167.76111111,1.001978499072535,0,0.00033,sector_c
2167.7625,1.002264014285652,0,0.00033,sector_c
2167.76388889,1.0019616645053708,0,0.00033,sector_c
2167.76527778,1.0021785590460182,0,0.00033,sector_c
2167.76666667,1.0019093747469343,0,0.00033,sector_c
2167.76805556,1.0021345739378438,0,0.00033,sector_c
2167.76944444,1.001737592893684,0,0.00033,sector_c
2167.77083333,1.0019488900894318,0,0.00033,sector_c
2167.77222222,1.0024531962774474,0,0.00033,sector_c
2167.77361111,1.0018418139713452,0,0.00033,sector_c
2167.775,1.001853808248715,0,0.00033,sector_c
2167.77638889,1.0024495194522298,0,0.00033,sector_c
2167.77777778,1.0024159940270032,0,0.00033,sector_c
2167.77916667,1.0020436569474995,0,0.00033,sector_c
2167.78055556,1.0022031949472299,0,0.00033,sector_c
2167.78194444,1.0014735475744356,0,0.00033,sector_c
2167.78333333,1.0022271198510493,0,0.00033,sector_c
2167.78472222,1.0017925964602603,0,0.00033,sector_c
2167.78611111,1.001622090972273,0,0.00033,sector_c
2167.7875,1.0017613814735244,0,0.00033,sector_c
2167.78888889,1.0023443535384773,0,0.00033,sector_c
2167.79027778,1.0019995047566852,0,0.00033,sector_c
2167.79166667,1.0024352800230374,0,0.00033,sector_c
2167.79305556,1.0016763989851438,0,0.00033,sector_c
2167.79444444,1.0014737052269564,0,0.00033,sector_c
2167.79583333,1.002197092743013,0,0.00033,sector_c
2167.79722222,1.00223659866536,0,0.00033,sector_c
2167.79861111,1.002052747094566,0,0.00033,sector_c
2167.8,1.00155555593452,0,0.00033,sector_c
2167.80138889,1.0016984387443575,0,0.00033,sector_c
2167.80277778,1.001669270011422,0,0.00033,sector_c
2167.80416667,1.002059357021784,0,0.00033,sector_c
2167.80555556,1.001539304583386,0,0.00033,sector_c
2167.80694444,1.0020508315979926,0,0.00033,sector_c
2167.80833333,1.0019693801155496,0,0.00033,sector_c
2167.80972222,1.0018838301782584,0,0.00033,sector_c
2167.81111111,1.0019730728365792,0,0.00033,sector_c
2167.8125,1.0015804941905366,0,0.00033,sector_c
2167.81388889,1.0015416283467333,0,0.00033,sector_c
2167.81527778,1.002298113008068,0,0.00033,sector_c
2167.81666667,1.0014088148041576,0,0.00033,sector_c
2167.81805556,1.0020010426832446,2048,0.00033,sector_c
2167.81944444,1.0020275419197149,0,0.00033,sector_c
2167.82083333,1.0016594413426971,0,0.00033,sector_c
2167.82222222,1.0016145674114183,0,0.00033,sector_c
2167.82361111,1.001729344306687,0,0.00033,sector_c
2167.825,1.0015900546829601,0,0.00033,sector_c
2167.82638889,1.0017676237938393,0,0.00033,sector_c
2167.82777778,1.0013181654424863,0,0.00033,sector_c
2167.82916667,1.0017427793488862,0,0.00033,sector_c
2167.83055556,1.0019465406396506,0,0.00033,sector_c
2167.83194444,1.0017019163592324,0,0.00033,sector_c
2167.83333333,1.001324718643778,0,0.00033,sector_c
2167.83472222,1.0015960113800522,0,0.00033,sector_c
2167.83611111,1.0021032231695943,0,0.00033,sector_c
2167.8375,1.00180905921455,0,0.00033,sector_c
2167.83888889,1.0015868890449136,0,0.00033,sector_c
2167.84027778,1.001826847313672,0,0.00033,sector_c
2167.84166667,1.0018320582025169,0,0.00033,sector_c
2167.84305556,1.0016769061788726,0,0.00033,sector_c
2167.84444444,1.0019180148809348,0,0.00033,sector_c
2167.84583333,1.0014219035219167,0,0.00033,sector_c
2167.84722222,1.001541857019964,0,0.00033,sector_c
2167.84861111,1.001823282921028,0,0.00033,sector_c
2167.85,1.001700920464393,0,0.00033,sector_c
2167.85138889,1.001586606638587,0,0.00033,sector_c
2167.85277778,1.0016663591183967,0,0.00033,sector_c
2167.85416667,1.0017456498781294,0,0.00033,sector_c
2167.85555556,1.0015621597175806,0,0.00033,sector_c
2167.85694444,1.0021053460567362,0,0.00033,sector_c
2167.85833333,1.0016851222878638,0,0.00033,sector_c
2167.85972222,1.0017766543729507,0,0.00033,sector_c
2167.86111111,1.0026850548176809,0,0.00033,sector_c
2167.8625,1.0016295853356059,0,0.00033,sector_c
2167.86388889,1.0016441166208379,0,0.00033,sector_c
2167.86527778,1.0012274222100812,0,0.00033,sector_c
2167.86666667,1.0016777821994147,0,0.00033,sector_c
2167.86805556,1.0017790039366077,0,0.00033,sector_c
2167.86944444,1.0017743957140173,0,0.00033,sector_c
2167.87083333,1.001403460777085,0,0.00033,sector_c
2167.87222222,1.0020982713092175,0,0.00033,sector_c
2167.87361111,1.002111109740086,0,0.00033,sector_c
2167.875,1.0016322714567354,0,0.00033,sector_c
2167.87638889,1.0020176221208739,0,0.00033,sector_c
2167.87777778,1.0014704028435748,0,0.00033,sector_c
2167.87916667,1.0017698260326027,0,0.00033,sector_c
2167.88055556,1.0015460668298664,0,0.00033,sector_c
2167.88194444,1.0014452505292069,0,0.00033,sector_c
2167.88333333,1.0018488551396105,0,0.00033,sector_c
2167.88472222,1.0015384614284395,0,0.00033,sector_c
2167.88611111,1.0015106344298246,0,0.00033,sector_c
2167.8875,1.0015311390001862,0,0.00033,sector_c
2167.88888889,1.0015888190756161,0,0.00033,sector_c
2167.89027778,1.0009539684698168,0,0.00033,sector_c
2167.89166667,1.0019577136957911,0,0.00033,sector_c
2167.89305556,1.0018532365397763,0,0.00033,sector_c
2167.89444444,1.0017611193788296,0,0.00033,sector_c
2167.89583333,1.0013109428107851,0,0.00033,sector_c
2167.89722222,1.0012507497633036,0,0.00033,sector_c
2167.89861111,1.0018282481432392,0,0.00033,sector_c
2167.9,1.0013927358647912,0,0.00033,sector_c
2167.90138889,1.0014224905730595,0,0.00033,sector_c
2167.90277778,1.0015916648615786,0,0.00033,sector_c
2167.90416667,1.0013096012836529,0,0.00033,sector_c
2167.90555556,1.001583750559476,0,0.00033,sector_c
2167.90694444,1.001204806378439,0,0.00033,sector_c
2167.90833333,1.0014698687674328,0,0.00033,sector_c
2167.90972222,1.0016978009094233,0,0.00033,sector_c
2167.91111111,1.0017845951868163,0,0.00033,sector_c
2167.9125,1.0012181373630975,0,0.00033,sector_c
2167.91388889,1.001560872568359,0,0.00033,sector_c
2167.91527778,1.0017674123027143,0,0.00033,sector_c
2167.91666667,1.001951300375991,0,0.00033,sector_c
2167.91805556,1.001878457953358,0,0.00033,sector_c
2167.91944444,1.0021541542039845,0,0.00033,sector_c
2167.92083333,1.0016672855752442,0,0.00033,sector_c
2167.92222222,1.0013530452729291,0,0.00033,sector_c
2167.92361111,1.0015088279697744,0,0.00033,sector_c
2167.925,1.0017310285217245,0,0.00033,sector_c
2167.92638889,1.0018446296930164,0,0.00033,sector_c
2167.92777778,1.001819954284282,0,0.00033,sector_c
2167.92916667,1.0012678269428308,0,0.00033,sector_c
2167.93055556,1.0018837522113722,0,0.00033,sector_c
2167.93194444,1.0012693836908164,0,0.00033,sector_c
2167.93333333,1.0015471757571683,0,0.00033,sector_c
2167.93472222,1.0013771599408507,0,0.00033,sector_c
2167.93611111,1.0013594163918045,0,0.00033,sector_c
2167.9375,1.0013687650392789,0,0.00033,sector_c
2167.93888889,1.0012768619726018,0,0.00033,sector_c
2167.94027778,1.001243996048267,0,0.00033,sector_c
2167.94166667,1.001545380287895,0,0.00033,sector_c
2167.94305556,1.0017567072853355,2048,0.00033,sector_c
2167.94444444,1.001168620111455,0,0.00033,sector_c
2167.94583333,1.0011006122012909,0,0.00033,sector_c
2167.94722222,1.00132305725713,0,0.00033,sector_c
2167.94861111,1.0014594441119435,0,0.00033,sector_c
2167.95,1.0018133231814563,0,0.00033,sector_c
2167.95138889,1.0012617754082778,0,0.00033,sector_c
2167.95277778,1.001538336920202,0,0.00033,sector_c
2167.95416667,1.0014935192598458,0,0.00033,sector_c
2167.95555556,1.0010286874506036,0,0.00033,sector_c
2167.95694444,1.0013377485451667,0,0.00033,sector_c
2167.95833333,1.0012876066873528,0,0.00033,sector_c
2167.95972222,1.0015105876457377,0,0.00033,sector_c
2167.96111111,1.0015042244186938,0,0.00033,sector_c
2167.9625,1.0009882680931914,0,0.00033,sector_c
2167.96388889,1.0009753204473117,0,0.00033,sector_c
2167.96527778,1.0012696697967527,0,0.00033,sector_c
2167.96666667,1.0011137642346994,0,0.00033,sector_c
2167.96805556,1.0014663551666896,0,0.00033,sector_c
2167.96944444,1.0017354719995801,0,0.00033,sector_c
2167.97083333,1.0011846762567906,0,0.00033,sector_c
2167.97222222,1.0006612317947894,0,0.00033,sector_c
2167.97361111,1.0010967016043613,0,0.00033,sector_c
2167.975,1.0013937878553798,0,0.00033,sector_c
2167.97638889,1.0016971153842724,0,0.00033,sector_c
2167.97777778,1.0011121523989996,0,0.00033,sector_c
2167.97916667,1.0018972594676177,0,0.00033,sector_c
2167.98055556,1.000855158385158,0,0.00033,sector_c
2167.98194444,1.0009311162652792,0,0.00033,sector_c
2167.98333333,1.0008690696248523,0,0.00033,sector_c
2167.98472222,1.0013765160968289,0,0.00033,sector_c
2167.98611111,1.0018346580850275,0,0.00033,sector_c
2167.9875,1.0013996122374818,0,0.00033,sector_c
2167.98888889,1.0010990187707258,0,0.00033,sector_c
2167.99027778,1.0011238607171289,0,0.00033,sector_c
2167.99166667,1.0013899994138447,0,0.00033,sector_c
2167.99305556,1.0013327792353794,0,0.00033,sector_c
2167.99444444,1.0016810773825309,0,0.00033,sector_c
2167.99583333,1.0006761296451003,0,0.00033,sector_c
2167.99722222,1.0010831957770758,0,0.00033,sector_c
2167.99861111,1.0011457091785398,0,0.00033,sector_c
2168.0,1.0014130231212386,0,0.00033,sector_c
2168.00138889,1.0012865594027465,0,0.00033,sector_c
2168.00277778,1.0019584020271834,0,0.00033,sector_c
2168.00416667,1.0015168087460355,0,0.00033,sector_c
2168.00555556,1.0013609183517882,0,0.00033,sector_c
2168.00694444,1.0012841188240666,0,0.00033,sector_c
2168.00833333,1.000990724622729,0,0.00033,sector_c
2168.00972222,1.0010869432059062,0,0.00033,sector_c
2168.01111111,1.0016615694133433,0,0.00033,sector_c
2168.0125,1.0016893398487314,0,0.00033,sector_c
2168.01388889,1.0011409721540783,0,0.00033,sector_c
2168.01527778,1.0009674472762156,0,0.00033,sector_c
2168.01666667,1.0012762523370706,0,0.00033,sector_c
2168.01805556,1.001212292660895,0,0.00033,sector_c
2168.01944444,1.001088005030097,0,0.00033,sector_c
2168.02083333,1.0013644148691574,0,0.00033,sector_c
2168.02222222,1.0016307417375852,0,0.00033,sector_c
2168.02361111,1.0008932877342618,0,0.00033,sector_c
2168.025,1.0014841775739087,0,0.00033,sector_c
2168.02638889,1.0012277777852778,0,0.00033,sector_c
2168.02777778,1.001362307246766,0,0.00033,sector_c
2168.02916667,1.0012467722931437,0,0.00033,sector_c
2168.03055556,1.000927376726411,0,0.00033,sector_c
2168.03194444,1.0019286955673152,0,0.00033,sector_c
2168.03333333,1.0007634624729336,0,0.00033,sector_c
2168.03472222,1.0011512591687968,0,0.00033,sector_c
2168.03611111,1.001097674731958,0,0.00033,sector_c
2168.0375,1.0012183007411304,0,0.00033,sector_c
2168.03888889,1.0013340695155935,0,0.00033,sector_c
2168.04027778,1.0009728718937925,0,0.00033,sector_c
2168.04166667,1.0010979202505783,0,0.00033,sector_c
2168.04305556,1.0014537976849986,0,0.00033,sector_c
2168.04444444,1.0012744323151175,0,0.00033,sector_c
2168.04583333,1.0011092189958608,0,0.00033,sector_c
2168.04722222,1.0013153242358883,0,0.00033,sector_c
2168.04861111,1.000325852385176,0,0.00033,sector_c
2168.05,1.000744601760166,0,0.00033,sector_c
2168.05138889,1.0009956361823362,0,0.00033,sector_c
2168.05277778,1.0013146301526659,0,0.00033,sector_c
2168.05416667,1.001189512994995,0,0.00033,sector_c
2168.05555556,1.000950158259534,0,0.00033,sector_c
2168.05694444,1.0013036066355627,0,0.00033,sector_c
2168.05833333,1.0010824192636885,0,0.00033,sector_c
2168.05972222,1.0010317997180227,0,0.00033,sector_c
2168.06111111,1.0010126751629689,0,0.00033,sector_c
2168.0625,1.001161505663335,0,0.00033,sector_c
2168.06388889,1.0009855030462624,0,0.00033,sector_c
2168.06527778,1.0008282235054626,0,0.00033,sector_c
2168.06666667,1.0012173876124277,0,0.00033,sector_c
2168.06805556,1.0016928621867978,0,0.00033,sector_c
2168.06944444,1.0011393016289885,0,0.00033,sector_c
2168.07083333,1.0006987286697553,0,0.00033,sector_c
2168.07222222,1.0013035628601108,0,0.00033,sector_c
2168.07361111,1.000951193525614,0,0.00033,sector_c
2168.075,1.0014375257197567,0,0.00033,sector_c
2168.07638889,1.0011312436467315,0,0.00033,sector_c
2168.07777778,1.001077651036934,0,0.00033,sector_c
2168.07916667,1.0010517921377016,0,0.00033,sector_c
2168.08055556,1.0012310428389086,0,0.00033,sector_c
2168.08194444,1.00056668485598,0,0.00033,sector_c
2168.08333333,1.0007806117027,0,0.00033,sector_c
2168.08472222,1.0006730067291094,0,0.00033,sector_c
2168.08611111,1.0016167803018834,0,0.00033,sector_c
2168.0875,1.0011344594597684,0,0.00033,sector_c
2168.08888889,1.0009122510094466,0,0.00033,sector_c
2168.09027778,1.0012699534364526,0,0.00033,sector_c
2168.09166667,1.0006561330994928,0,0.00033,sector_c
2168.09305556,1.0010570119203024,0,0.00033,sector_c
2168.09444444,1.0008000298889856,0,0.00033,sector_c
2168.09583333,1.0008265496092514,0,0.00033,sector_c
2168.09722222,1.0005302452115759,0,0.00033,sector_c
2168.09861111,1.0011736566543672,0,0.00033,sector_c
2168.1,1.0008316297872903,0,0.00033,sector_c
2168.10138889,1.0008116786622465,0,0.00033,sector_c
2168.10277778,1.000536493849937,0,0.00033,sector_c
2168.10416667,1.0013277959885605,0,0.00033,sector_c
2168.10555556,1.0007315814962863,0,0.00033,sector_c
2168.10694444,1.0008748284653126,0,0.00033,sector_c
2168.10833333,1.0013193662853033,0,0.00033,sector_c
2168.10972222,1.00125670427736,0,0.00033,sector_c
2168.11111111,1.0003294420302677,0,0.00033,sector_c
2168.1125,1.0007746602692857,0,0.00033,sector_c
2168.11388889,1.0007889908773846,0,0.00033,sector_c
2168.11527778,1.000792903325018,0,0.00033,sector_c
2168.11666667,1.0007483077381951,0,0.00033,sector_c
2168.11805556,1.0014550442031633,0,0.00033,sector_c
2168.11944444,1.0013812242407407,0,0.00033,sector_c
2168.12083333,1.0015294846815956,0,0.00033,sector_c
2168.12222222,1.0006554209435092,0,0.00033,sector_c
2168.12361111,1.0012420100812653,0,0.00033,sector_c
2168.125,1.001161033300243,0,0.00033,sector_c
2168.12638889,1.000826029314228,0,0.00033,sector_c
2168.12777778,1.0013526328090834,0,0.00033,sector_c
2168.12916667,1.0004462212154472,0,0.00033,sector_c
2168.13055556,1.0008351545255747,0,0.00033,sector_c
2168.13194444,1.0011202150627727,0,0.00033,sector_c
2168.13333333,1.0007071289301768,0,0.00033,sector_c
2168.13472222,1.0010139436258192,0,0.00033,sector_c
2168.13611111,1.0007290333541754,0,0.00033,sector_c
2168.1375,1.0008489943169827,0,0.00033,sector_c
2168.13888889,1.000919262924874,0,0.00033,sector_c
2168.14027778,1.0007175511035333,0,0.00033,sector_c
2168.14166667,1.0007972126807299,0,0.00033,sector_c
2168.14305556,1.001276389620022,0,0.00033,sector_c
2168.14444444,1.0005879092470995,0,0.00033,sector_c
2168.14583333,1.0012841648671873,0,0.00033,sector_c
2168.14722222,1.0009110164938249,0,0.00033,sector_c
2168.14861111,1.0005167130877846,0,0.00033,sector_c
2168.15,1.0008881541049062,0,0.00033,sector_c
2168.15138889,1.0008585826453624,0,0.00033,sector_c
2168.15277778,1.0009625150567802,0,0.00033,sector_c
2168.15416667,1.0009109932636997,0,0.00033,sector_c
2168.15555556,1.0008140111210244,0,0.00033,sector_c
2168.15694444,1.0010685453660084,0,0.00033,sector_c
2168.15833333,1.0004815430119174,0,0.00033,sector_c
2168.15972222,1.0003387731721831,0,0.00033,sector_c
2168.16111111,1.0013644624193605,0,0.00033,sector_c
2168.1625,1.0011941464278944,0,0.00033,sector_c
2168.16388889,1.0008687936740925,0,0.00033,sector_c
2168.16527778,1.00097167039423,0,0.00033,sector_c
2168.16666667,1.0011068360274942,0,0.00033,sector_c
2168.16805556,1.0007107655032517,0,0.00033,sector_c
2168.16944444,1.0006136046892464,0,0.00033,sector_c
2168.17083333,1.0006412578857025,0,0.00033,sector_c
2168.17222222,1.0009358096977699,0,0.00033,sector_c
2168.17361111,1.0004046439142102,0,0.00033,sector_c
2168.175,1.0007805671884882,0,0.00033,sector_c
2168.17638889,1.0010181073073847,0,0.00033,sector_c
2168.17777778,1.0005243863509714,0,0.00033,sector_c
2168.17916667,1.0009780145803466,0,0.00033,sector_c
2168.18055556,1.0007028313177742,0,0.00033,sector_c
2168.18194444,1.000620841603043,0,0.00033,sector_c
2168.18333333,1.000392587917733,0,0.00033,sector_c
2168.18472222,1.0003631179573134,0,0.00033,sector_c
2168.18611111,1.0012537906053358,0,0.00033,sector_c
2168.1875,1.0011081735027523,4096,0.00033,sector_c
2168.18888889,1.0003862137939965,0,0.00033,sector_c
2168.19027778,1.0006259818229324,0,0.00033,sector_c
2168.19166667,1.0007185026930663,0,0.00033,sector_c
2168.19305556,1.0010231901154214,0,0.00033,sector_c
2168.19444444,1.0005059388725492,0,0.00033,sector_c
2168.19583333,1.0007783086513384,0,0.00033,sector_c
2168.19722222,1.0001996835005982,0,0.00033,sector_c
2168.19861111,1.0005638989892247,0,0.00033,sector_c
2168.2,1.0005994148815816,0,0.00033,sector_c
2168.20138889,1.000690690324497,0,0.00033,sector_c
2168.20277778,1.000280016806253,0,0.00033,sector_c
2168.20416667,1.0007947074643904,0,0.00033,sector_c
2168.20555556,1.0005358816402903,0,0.00033,sector_c
2168.20694444,1.0009351621314233,0,0.00033,sector_c
2168.20833333,1.000459195181509,0,0.00033,sector_c
2168.20972222,1.0008600427625627,0,0.00033,sector_c
2168.21111111,1.000926559131654,0,0.00033,sector_c
2168.2125,1.000392810093083,0,0.00033,sector_c
2168.21388889,1.0004219339315366,0,0.00033,sector_c
2168.21527778,1.0004867768858043,0,0.00033,sector_c
2168.21666667,1.000386028674764,0,0.00033,sector_c
2168.21805556,1.0000603093021372,0,0.00033,sector_c
2168.21944444,1.0004384787116034,0,0.00033,sector_c
2168.22083333,1.0006579245932914,0,0.00033,sector_c
2168.22222222,1.0006157434568903,0,0.00033,sector_c
2168.22361111,1.0003652280452984,0,0.00033,sector_c
2168.225,1.0002752537926953,0,0.00033,sector_c
2168.22638889,1.0007200497137199,0,0.00033,sector_c
2168.22777778,1.0005703774659438,0,0.00033,sector_c
2168.22916667,1.0009933101184767,0,0.00033,sector_c
2168.23055556,1.000474203739659,0,0.00033,sector_c
2168.23194444,1.000613271568688,0,0.00033,sector_c
2168.23333333,1.0006754409709582,0,0.00033,sector_c
2168.23472222,1.0007083940640271,0,0.00033,sector_c
2168.23611111,1.0009579028287674,0,0.00033,sector_c
2168.2375,1.0011601571150548,0,0.00033,sector_c
2168.23888889,1.0005113826102137,0,0.00033,sector_c
2168.24027778,1.0007292201972104,0,0.00033,sector_c
2168.24166667,1.0007439972165286,0,0.00033,sector_c
2168.24305556,1.0007597071698182,0,0.00033,sector_c
2168.24444444,1.0006880890292347,0,0.00033,sector_c
2168.24583333,1.0002689603384156,0,0.00033,sector_c
2168.24722222,1.0010398456509728,0,0.00033,sector_c
2168.24861111,1.000642087600062,0,0.00033,sector_c
2168.25,1.0009112572478387,0,0.00033,sector_c
2168.25138889,1.0007447961279132,0,0.00033,sector_c
2168.25277778,1.0006763373652385,0,0.00033,sector_c
2168.25416667,1.0004715502603285,0,0.00033,sector_c
2168.25555556,1.0009231623658392,0,0.00033,sector_c
2168.25694444,1.0009968479939033,0,0.00033,sector_c
2168.25833333,1.0005926003922403,0,0.00033,sector_c
2168.25972222,1.0006222587408427,0,0.00033,sector_c
2168.26111111,1.0011539702869592,0,0.00033,sector_c
2168.2625,1.0006637934987743,0,0.00033,sector_c
2168.26388889,1.0006343213892397,0,0.00033,sector_c
2168.26527778,1.0002917410056908,0,0.00033,sector_c
2168.26666667,1.000548963489015,0,0.00033,sector_c
2168.26805556,1.0003932298363418,0,0.00033,sector_c
2168.26944444,1.0006471110110031,0,0.00033,sector_c
2168.27083333,1.0003177851400642,0,0.00033,sector_c
2168.27222222,1.0004134416655552,0,0.00033,sector_c
2168.27361111,1.0003681041038328,0,0.00033,sector_c
2168.275,1.0008092723298214,0,0.00033,sector_c
2168.27638889,1.0012098651454322,0,0.00033,sector_c
2168.27777778,1.0005352180302112,0,0.00033,sector_c
2168.27916667,1.0001652886460013,0,0.00033,sector_c
2168.28055556,1.0003845716815327,0,0.00033,sector_c
2168.28194444,1.0007917475829013,0,0.00033,sector_c
2168.28333333,1.0003436124211538,0,0.00033,sector_c
2168.28472222,1.0011405789348864,0,0.00033,sector_c
2168.28611111,1.0008117918350907,0,0.00033,sector_c
2168.2875,1.0001743353008172,0,0.00033,sector_c
2168.28888889,1.0005186766238676,0,0.00033,sector_c
2168.29027778,1.000553206304479,0,0.00033,sector_c
2168.29166667,1.0005471756227073,0,0.00033,sector_c
2168.29305556,1.0000225782875167,0,0.00033,sector_c
2168.29444444,1.000485329194168,0,0.00033,sector_c
2168.29583333,1.0005641375460637,0,0.00033,sector_c
2168.29722222,1.0002891193136885,0,0.00033,sector_c
2168.29861111,0.9999899040124977,0,0.00033,sector_c
2168.3,1.000827904846291,0,0.00033,sector_c
2168.30138889,1.0002969807642463,0,0.00033,sector_c
2168.30277778,1.0003124616275874,0,0.00033,sector_c
2168.30416667,1.0006609119640137,0,0.00033,sector_c
2168.30555556,1.0001724594431032,0,0.00033,sector_c
2168.30694444,1.0006010405397856,0,0.00033,sector_c
2168.30833333,1.000947159097209,0,0.00033,sector_c
2168.30972222,1.0004828024638304,0,0.00033,sector_c
2168.31111111,1.0000587757308503,0,0.00033,sector_c
2168.3125,1.000686098689084,0,0.00033,sector_c
2168.31388889,0.9998862771104211,0,0.00033,sector_c
2168.31527778,1.0002194577432424,0,0.00033,sector_c
2168.31666667,0.9999675959870791,0,0.00033,sector_c
2168.31805556,1.000540125431385,0,0.00033,sector_c
2168.31944444,1.000733044343753,0,0.00033,sector_c
2168.32083333,1.0006515213185934,0,0.00033,sector_c
2168.32222222,1.0005245112245253,0,0.00033,sector_c
2168.32361111,1.0005116829575356,0,0.00033,sector_c
2168.325,1.0003185285600524,0,0.00033,sector_c
2168.32638889,1.0004459884700885,0,0.00033,sector_c
2168.32777778,1.000109758553884,0,0.00033,sector_c
2168.32916667,1.0004911827199465,0,0.00033,sector_c
2168.33055556,1.000313012628919,0,0.00033,sector_c
2168.33194444,1.0005581958697083,0,0.00033,sector_c
2168.33333333,1.0006524006777187,0,0.00033,sector_c
2168.33472222,1.0004973507888124,0,0.00033,sector_c
2168.33611111,1.00008636993208,0,0.00033,sector_c
2168.3375,1.0003046644657037,0,0.00033,sector_c
2168.33888889,1.0002223519215823,0,0.00033,sector_c
2168.34027778,1.0005657085337187,0,0.00033,sector_c
2168.34166667,1.0005632947557301,0,0.00033,sector_c
2168.34305556,1.0008303000247398,0,0.00033,sector_c
2168.34444444,1.0009253909354217,0,0.00033,sector_c
2168.34583333,1.0004628274504022,0,0.00033,sector_c
2168.34722222,0.9999636497760144,0,0.00033,sector_c
2168.34861111,1.0004951117812306,0,0.00033,sector_c
2168.35,1.0004800813830996,0,0.00033,sector_c
2168.35138889,1.000194559128979,0,0.00033,sector_c
2168.35277778,1.000466518767952,0,0.00033,sector_c
2168.35416667,1.0002676945528666,0,0.00033,sector_c
2168.35555556,1.0003680086942897,0,0.00033,sector_c
2168.35694444,1.0002919856248578,0,0.00033,sector_c
2168.35833333,1.0005174175161429,0,0.00033,sector_c
2168.35972222,1.0001637343692376,0,0.00033,sector_c
2168.36111111,1.0006482067805156,0,0.00033,sector_c
2168.3625,1.0012696034333755,0,0.00033,sector_c
2168.36388889,1.0001039408981451,0,0.00033,sector_c
2168.36527778,1.0001809592514639,0,0.00033,sector_c
2168.36666667,1.0006388339393424,0,0.00033,sector_c
2168.36805556,1.0001570526711085,0,0.00033,sector_c
2168.36944444,0.9998727669620702,0,0.00033,sector_c
2168.37083333,1.0002701218831163,0,0.00033,sector_c
2168.37222222,1.0001944340523892,0,0.00033,sector_c
2168.37361111,1.0005891141866399,0,0.00033,sector_c
2168.375,0.9993845333825562,0,0.00033,sector_c
2168.37638889,0.99895949025116,0,0.00033,sector_c
2168.37777778,0.9988965823683675,0,0.00033,sector_c
2168.37916667,0.9993448809798035,0,0.00033,sector_c
2168.38055556,0.9996103150059511,0,0.00033,sector_c
2168.38194444,0.9993704811101947,0,0.00033,sector_c
2168.38333333,0.9993062056206397,0,0.00033,sector_c
2168.38472222,0.9999950794246506,0,0.00033,sector_c
2168.38611111,0.9994282888388772,0,0.00033,sector_c
2168.3875,0.9993602491223021,0,0.00033,sector_c
2168.38888889,0.9993463274660259,0,0.00033,sector_c
2168.39027778,0.999996639919495,0,0.00033,sector_c
2168.39166667,0.9992415186550543,0,0.00033,sector_c
2168.39305556,0.9994484194647786,0,0.00033,sector_c
2168.39444444,0.9989681778686766,0,0.00033,sector_c
2168.39583333,0.9987175478205829,0,0.00033,sector_c
2168.39722222,0.9994203547846622,0,0.00033,sector_c
2168.39861111,0.9989149015441158,0,0.00033,sector_c
2168.4,0.9995070261705038,0,0.00033,sector_c
2168.40138889,0.9991182648418151,0,0.00033,sector_c
2168.40277778,0.9995610278035468,0,0.00033,sector_c
2168.40416667,0.9998094330129638,0,0.00033,sector_c
2168.40555556,0.9994555122816096,0,0.00033,sector_c
2168.40694444,0.9996318155887717,0,0.00033,sector_c
2168.40833333,0.9997021586386178,0,0.00033,sector_c
2168.40972222,0.999393625824672,0,0.00033,sector_c
2168.41111111,0.9998750860449401,0,0.00033,sector_c
2168.4125,0.999300760663981,0,0.00033,sector_c
2168.41388889,0.9996175644972801,0,0.00033,sector_c
2168.41527778,0.9991992258540168,0,0.00033,sector_c
2168.41666667,0.9990467816182068,0,0.00033,sector_c
2168.41805556,0.9998753546695858,0,0.00033,sector_c
2168.41944444,0.9991769935361994,0,0.00033,sector_c
2168.42083333,1.0000565692460655,0,0.00033,sector_c
2168.42222222,0.9996514404072825,0,0.00033,sector_c
2168.42361111,0.9996455706867036,0,0.00033,sector_c
2168.425,0.9997136002421144,0,0.00033,sector_c
2168.42638889,0.9991763988953266,0,0.00033,sector_c
2168.42777778,0.999598280313983,0,0.00033,sector_c
2168.42916667,0.9990775904909315,0,0.00033,sector_c
2168.43055556,0.9999582158447109,0,0.00033,sector_c
2168.43194444,0.9989699302728904,0,0.00033,sector_c
2168.43333333,0.9993570039826599,0,0.00033,sector_c
2168.43472222,0.9997796132055852,0,0.00033,sector_c
2168.43611111,0.9992380928318797,0,0.00033,sector_c
2168.4375,0.9991861080279183,0,0.00033,sector_c
2168.43888889,0.9993599005379556,0,0.00033,sector_c
2168.44027778,0.9994209391783104,0,0.00033,sector_c
2168.44166667,0.9990783116797419,0,0.00033,sector_c
2168.44305556,0.9996176777808755,0,0.00033,sector_c
2168.44444444,0.9995771796772388,0,0.00033,sector_c
2168.44583333,0.9996345192858083,0,0.00033,sector_c
2168.44722222,0.9988101982873607,0,0.00033,sector_c
2168.44861111,0.9991701918627504,0,0.00033,sector_c
2168.45,0.999309971920329,0,0.00033,sector_c
2168.45138889,0.9996573270720172,0,0.00033,sector_c
2168.45277778,0.9992903832990582,0,0.00033,sector_c
2168.45416667,0.9992094577340852,0,0.00033,sector_c
2168.45555556,0.9989618718683762,0,0.00033,sector_c
2168.45694444,0.9994657179182043,0,0.00033,sector_c
2168.45833333,0.9992467963296383,0,0.00033,sector_c
2168.45972222,0.9990188156632812,0,0.00033,sector_c
2168.46111111,0.9998075055464338,0,0.00033,sector_c
2168.4625,0.9995364811238265,0,0.00033,sector_c
2168.46388889,0.9992664504304548,0,0.00033,sector_c
2168.46527778,0.9993261476288079,0,0.00033,sector_c
2168.46666667,0.9993289489020886,0,0.00033,sector_c
2168.46805556,0.9995141599463067,0,0.00033,sector_c
2168.46944444,0.9992859285623664,0,0.00033,sector_c
2168.47083333,0.9995004813922438,0,0.00033,sector_c
2168.47222222,0.9995085711304084,0,0.00033,sector_c
2168.47361111,0.9995694297394485,0,0.00033,sector_c
2168.475,0.9989488218127319,0,0.00033,sector_c
2168.47638889,0.9994681041362038,0,0.00033,sector_c
2168.47777778,0.9987896193181947,0,0.00033,sector_c
2168.47916667,0.999430935167507,0,0.00033,sector_c
2168.48055556,0.9992053250879263,0,0.00033,sector_c
2168.48194444,0.9994977520935938,0,0.00033,sector_c
2168.48333333,0.9991507035341773,0,0.00033,sector_c
2168.48472222,0.9990289642569644,0,0.00033,sector_c
2168.48611111,0.9990145361691227,0,0.00033,sector_c
2168.4875,0.999588533907952,0,0.00033,sector_c
2168.48888889,0.9989694090604273,0,0.00033,sector_c
2168.49027778,0.9991569070687786,0,0.00033,sector_c
2168.49166667,0.9993938972368827,0,0.00033,sector_c
2168.49305556,0.999334821710486,0,0.00033,sector_c
2168.49444444,0.9992861926026725,0,0.00033,sector_c
2168.49583333,0.9991271944444118,0,0.00033,sector_c
2168.49722222,0.9990123424461126,0,0.00033,sector_c
2168.49861111,0.9990127623559495,0,0.00033,sector_c
2168.5,0.9990457940800174,0,0.00033,sector_c
2168.50138889,0.9994020524035386,0,0.00033,sector_c
2168.50277778,0.9992883963135301,0,0.00033,sector_c
2168.50416667,0.9989748911587023,0,0.00033,sector_c
2168.50555556,0.9991473474627581,0,0.00033,sector_c
2168.50694444,0.9994211163560432,0,0.00033,sector_c
2168.50833333,0.9987083821337865,0,0.00033,sector_c
2168.50972222,0.9993483653087046,0,0.00033,sector_c
2168.51111111,0.9996633271542233,0,0.00033,sector_c
2168.5125,0.9987097643015989,0,0.00033,sector_c
2168.51388889,0.9993915476648914,0,0.00033,sector_c
2168.51527778,0.9989829399460093,0,0.00033,sector_c
2168.51666667,0.9991103488985478,0,0.00033,sector_c
2168.51805556,0.9993516382582329,0,0.00033,sector_c
2168.51944444,0.9991793351504389,0,0.00033,sector_c
2168.52083333,0.9991141606398457,0,0.00033,sector_c
2168.52222222,0.9989268055493673,0,0.00033,sector_c
2168.52361111,0.9990058057950812,0,0.00033,sector_c
2168.525,0.9992731038092301,0,0.00033,sector_c
2168.52638889,0.9992662113134314,0,0.00033,sector_c
2168.52777778,0.9994457474529058,0,0.00033,sector_c
2168.52916667,0.999011493311573,0,0.00033,sector_c
2168.53055556,0.9993132544945079,0,0.00033,sector_c
2168.53194444,0.9996437840448414,0,0.00033,sector_c
2168.53333333,0.9995270570606978,0,0.00033,sector_c
2168.53472222,0.9992666871865432,0,0.00033,sector_c
2168.53611111,0.9997581527032579,0,0.00033,sector_c
2168.5375,0.9988927792829435,0,0.00033,sector_c
2168.53888889,0.9987179490161431,0,0.00033,sector_c
2168.54027778,0.9995002741900637,0,0.00033,sector_c
2168.54166667,0.9994242817583355,0,0.00033,sector_c
2168.54305556,0.9987734242019041,0,0.00033,sector_c
2168.54444444,0.999297412331988,0,0.00033,sector_c
2168.54583333,0.9988143823743753,0,0.00033,sector_c
2168.54722222,0.999195492399389,0,0.00033,sector_c
2168.54861111,0.9988344264320391,0,0.00033,sector_c
2168.55,0.9999668003679781,0,0.00033,sector_c
2168.55138889,0.9999658798435488,0,0.00033,sector_c
2168.55277778,1.0001891114175234,0,0.00033,sector_c
2168.55416667,1.0002321903919948,0,0.00033,sector_c
2168.55555556,0.9999692829632214,0,0.00033,sector_c
2168.55694444,1.0000411612518225,0,0.00033,sector_c
2168.55833333,0.9998295481456808,0,0.00033,sector_c
2168.55972222,0.9999719946422189,0,0.00033,sector_c
2168.56111111,0.9997612651182469,0,0.00033,sector_c
2168.5625,1.0002381471438186,0,0.00033,sector_c
2168.56388889,1.0000981989113085,0,0.00033,sector_c
2168.56527778,1.0001351216750523,0,0.00033,sector_c
2168.56666667,0.999713370265419,0,0.00033,sector_c
2168.56805556,0.9995279217265062,0,0.00033,sector_c
2168.56944444,0.9996549630211868,0,0.00033,sector_c
2168.57083333,1.000341197427507,0,0.00033,sector_c
2168.57222222,0.9996732568988774,0,0.00033,sector_c
2168.57361111,0.9997443972420534,0,0.00033,sector_c
2168.575,0.9996835836010914,0,0.00033,sector_c
2168.57638889,0.9999161880898998,0,0.00033,sector_c
2168.57777778,1.0003184462930235,0,0.00033,sector_c
2168.57916667,0.9995166890637948,0,0.00033,sector_c
2168.58055556,1.0001388116436298,0,0.00033,sector_c
2168.58194444,1.0000476609397322,0,0.00033,sector_c
2168.58333333,0.999626220086961,0,0.00033,sector_c
2168.58472222,1.0003047874601572,0,0.00033,sector_c
2168.58611111,0.9997838884210611,0,0.00033,sector_c
2168.5875,1.000058135482915,0,0.00033,sector_c
2168.58888889,1.0004240715965924,0,0.00033,sector_c
2168.59027778,0.9998990989752607,0,0.00033,sector_c
2168.59166667,0.9998150453209088,0,0.00033,sector_c
2168.59305556,1.0000209217438438,0,0.00033,sector_c
2168.59444444,0.999735181810325,0,0.00033,sector_c
2168.59583333,0.9999042530865594,0,0.00033,sector_c
2168.59722222,0.9995134761080755,0,0.00033,sector_c
2168.59861111,0.999532610788161,0,0.00033,sector_c
2168.6,0.9999333533403723,0,0.00033,sector_c
2168.60138889,0.9993397051433791,0,0.00033,sector_c
2168.60277778,0.9999745258221019,0,0.00033,sector_c
2168.60416667,1.0003562366959378,0,0.00033,sector_c
2168.60555556,0.9998963052923018,0,0.00033,sector_c
2168.60694444,0.9998757215419893,0,0.00033,sector_c
2168.60833333,0.9997908191717294,0,0.00033,sector_c
2168.60972222,1.000503328777657,0,0.00033,sector_c
2168.61111111,0.9997025463039169,0,0.00033,sector_c
2168.6125,1.000022839142432,0,0.00033,sector_c
2168.61388889,0.9999850453007058,0,0.00033,sector_c
2168.61527778,0.9991918507359303,0,0.00033,sector_c
2168.61666667,0.9998897921285783,0,0.00033,sector_c
2168.61805556,0.9995061877774613,0,0.00033,sector_c
2168.61944444,1.0000126599226704,0,0.00033,sector_c
2168.62083333,0.9998420385583381,0,0.00033,sector_c
2168.62222222,0.9999834205177835,0,0.00033,sector_c
2168.62361111,0.9994567067763463,0,0.00033,sector_c
2168.625,1.000343570506805,0,0.00033,sector_c
2168.62638889,0.9995208736657548,0,0.00033,sector_c
2168.62777778,0.9998153024229662,0,0.00033,sector_c
2168.62916667,1.00003592261818,0,0.00033,sector_c
2168.63055556,0.9995963575412883,0,0.00033,sector_c
2168.63194444,0.9999183994215098,0,0.00033,sector_c
2168.63333333,1.0001718696669704,0,0.00033,sector_c
2168.63472222,0.9998887351266124,0,0.00033,sector_c
2168.63611111,0.9996219919332949,0,0.00033,sector_c
2168.6375,0.999652175971112,0,0.00033,sector_c
2168.63888889,1.000260474327853,0,0.00033,sector_c
2168.64027778,0.999898325193336,0,0.00033,sector_c
2168.64166667,0.9995738560410884,0,0.00033,sector_c
2168.64305556,1.0000919010465203,0,0.00033,sector_c
2168.64444444,0.9994803816050516,0,0.00033,sector_c
2168.64583333,0.9995620236206358,0,0.00033,sector_c
2168.64722222,0.9998654199413567,0,0.00033,sector_c
2168.64861111,0.9992684924254348,0,0.00033,sector_c
2168.65,0.9996914919571752,0,0.00033,sector_c
2168.65138889,1.0002617451525238,0,0.00033,sector_c
2168.65277778,0.9998243771404252,0,0.00033,sector_c
2168.65416667,0.9995713741867105,0,0.00033,sector_c
2168.65555556,1.0001198082604934,0,0.00033,sector_c
2168.65694444,0.9999645960497973,0,0.00033,sector_c
2168.65833333,1.0001351232391125,0,0.00033,sector_c
2168.65972222,1.0001137066761379,0,0.00033,sector_c
2168.66111111,0.9999170829035443,0,0.00033,sector_c
2168.6625,0.999638130117686,0,0.00033,sector_c
2168.66388889,1.0001636655183517,4096,0.00033,sector_c
2168.66527778,0.9999224136598722,0,0.00033,sector_c
2168.66666667,0.9997914641712347,0,0.00033,sector_c
2168.66805556,1.0000978641204645,0,0.00033,sector_c
2168.66944444,0.999919777876908,0,0.00033,sector_c
2168.67083333,1.0001135312277745,0,0.00033,sector_c
2168.67222222,0.9998469845932852,0,0.00033,sector_c
2168.67361111,0.999841219756713,0,0.00033,sector_c
2168.675,0.9995075303491529,0,0.00033,sector_c
2168.67638889,0.9998121993396748,0,0.00033,sector_c
2168.67777778,0.9996341804433775,0,0.00033,sector_c
2168.67916667,0.999816979638482,0,0.00033,sector_c
2168.68055556,1.0002191618971485,0,0.00033,sector_c
2168.68194444,0.9995614880602632,0,0.00033,sector_c
2168.68333333,0.9999582535963372,0,0.00033,sector_c
2168.68472222,0.9996429272592476,0,0.00033,sector_c
2168.68611111,0.9998514640226416,0,0.00033,sector_c
2168.6875,0.9994225546711701,0,0.00033,sector_c
2168.68888889,0.9996740551532669,0,0.00033,sector_c
2168.69027778,0.9999464390675193,0,0.00033,sector_c
2168.69166667,0.9993093741670964,0,0.00033,sector_c
2168.69305556,0.9996814961016602,0,0.00033,sector_c
2168.69444444,0.9997073243934438,0,0.00033,sector_c
2168.69583333,0.9997964405085853,0,0.00033,sector_c
2168.69722222,1.000272298129936,0,0.00033,sector_c
2168.69861111,1.0000887803313803,0,0.00033,sector_c
2168.7,0.999714091605116,0,0.00033,sector_c
2168.70138889,1.0001579934216813,0,0.00033,sector_c
2168.70277778,0.9996944147728,0,0.00033,sector_c
2168.70416667,0.9997864648002419,0,0.00033,sector_c
2168.70555556,1.0001178108138251,0,0.00033,sector_c
2168.70694444,0.9999836185247221,0,0.00033,sector_c
2168.70833333,1.0000976483105835,0,0.00033,sector_c
2168.70972222,0.9998660630916671,0,0.00033,sector_c
2168.71111111,0.9995981630259917,0,0.00033,sector_c
2168.7125,0.9995093728436776,0,0.00033,sector_c
2168.71388889,0.9992824137683491,0,0.00033,sector_c
2168.71527778,0.9997530344590261,0,0.00033,sector_c
2168.71666667,0.9995469039976077,0,0.00033,sector_c
2168.71805556,0.9993593949054875,0,0.00033,sector_c
2168.71944444,0.999848892850426,0,0.00033,sector_c
2168.72083333,1.0001281389889563,0,0.00033,sector_c
2168.72222222,0.9996955654215276,0,0.00033,sector_c
2168.72361111,0.9998175494353958,0,0.00033,sector_c
2168.725,0.9998096125280216,0,0.00033,sector_c
2168.72638889,0.9995905787675593,0,0.00033,sector_c
2168.72777778,0.9998407042143922,0,0.00033,sector_c
2168.72916667,0.999719399248968,0,0.00033,sector_c
2168.73055556,0.9994839106694761,0,0.00033,sector_c
2168.73194444,0.9991519105397384,0,0.00033,sector_c
2168.73333333,0.9997880790163715,0,0.00033,sector_c
2168.73472222,0.9993381558248811,0,0.00033,sector_c
2168.73611111,1.0003292891917992,0,0.00033,sector_c
2168.7375,1.0000177327423858,0,0.00033,sector_c
2168.73888889,0.9995484735631763,0,0.00033,sector_c
2168.74027778,0.9996977348000773,0,0.00033,sector_c
2168.74166667,0.99951521807009,0,0.00033,sector_c
2168.74305556,0.9995713706179394,0,0.00033,sector_c
2168.74444444,1.000027690762662,0,0.00033,sector_c
2168.74583333,0.9993010204107382,0,0.00033,sector_c
2168.74722222,0.9994771363543662,0,0.00033,sector_c
2168.74861111,0.999235931954105,0,0.00033,sector_c
2168.75,1.0000216253637593,0,0.00033,sector_c
2168.75138889,1.0000022284208394,0,0.00033,sector_c
2168.75277778,0.999848001700218,0,0.00033,sector_c
2168.75416667,0.9993847570800325,0,0.00033,sector_c
2168.75555556,0.9994078922957507,0,0.00033,sector_c
2168.75694444,1.0002306628902995,0,0.00033,sector_c
2168.75833333,0.9995313902575119,0,0.00033,sector_c
2168.75972222,0.999591689479925,0,0.00033,sector_c
2168.76111111,0.9996706060302797,0,0.00033,sector_c
2168.7625,0.9994938686171605,0,0.00033,sector_c
2168.76388889,0.9995315662483663,0,0.00033,sector_c
2168.76527778,0.9996734431901679,0,0.00033,sector_c
2168.76666667,0.9996829573970474,0,0.00033,sector_c
2168.76805556,0.999831366490974,0,0.00033,sector_c
2168.76944444,0.9995064120122432,0,0.00033,sector_c
2168.77083333,0.9996497600330622,0,0.00033,sector_c
2168.77222222,0.9996726349142306,0,0.00033,sector_c
2168.77361111,0.9995155610519565,0,0.00033,sector_c
2168.775,0.9996482572610046,0,0.00033,sector_c
2168.77638889,0.9994008688113349,0,0.00033,sector_c
2168.77777778,0.9997064774584286,0,0.00033,sector_c
2168.77916667,1.0002147726101587,0,0.00033,sector_c
2168.78055556,0.9996776288531103,0,0.00033,sector_c
2168.78194444,0.9992305164386928,0,0.00033,sector_c
2168.78333333,0.9993951310984637,0,0.00033,sector_c
2168.78472222,0.9990880545925308,0,0.00033,sector_c
2168.78611111,0.9992515887874059,0,0.00033,sector_c
2168.7875,0.9998284805537407,0,0.00033,sector_c
2168.78888889,0.9996379018305058,0,0.00033,sector_c
2168.79027778,0.9993404566774974,0,0.00033,sector_c
2168.79166667,0.9997757915784329,0,0.00033,sector_c
2168.79305556,0.9994126660409428,0,0.00033,sector_c
2168.79444444,0.9990762657221292,0,0.00033,sector_c
2168.79583333,0.9998852161289817,0,0.00033,sector_c
2168.79722222,0.9993933731726541,0,0.00033,sector_c
2168.79861111,0.9997981221570004,0,0.00033,sector_c
2168.8,0.9995140269719397,0,0.00033,sector_c
2168.80138889,0.9998583841779639,0,0.00033,sector_c
2168.80277778,0.9988723748065653,0,0.00033,sector_c
2168.80416667,0.9996161027476195,0,0.00033,sector_c
2168.80555556,0.999425120320748,0,0.00033,sector_c
2168.80694444,0.9998109036354684,0,0.00033,sector_c
2168.80833333,0.9998255998377119,0,0.00033,sector_c
2168.80972222,0.9997223281578291,0,0.00033,sector_c
2168.81111111,0.9994618901501172,0,0.00033,sector_c
2168.8125,0.999953835202372,0,0.00033,sector_c
2168.81388889,0.9996674593031238,0,0.00033,sector_c
2168.81527778,0.9994749702647251,0,0.00033,sector_c
2168.81666667,0.999622857193857,0,0.00033,sector_c
2168.81805556,0.9997420991681352,0,0.00033,sector_c
2168.81944444,0.9995446000011871,0,0.00033,sector_c
2168.82083333,0.9994332286439696,0,0.00033,sector_c
2168.82222222,0.9993859418754995,0,0.00033,sector_c
2168.82361111,0.9991634962472814,0,0.00033,sector_c
2168.825,0.9997364925402271,0,0.00033,sector_c
2168.82638889,0.9992599033635192,0,0.00033,sector_c
2168.82777778,0.9993674247274315,0,0.00033,sector_c
2168.82916667,0.9996474043006124,0,0.00033,sector_c
2168.83055556,1.0000587138814765,0,0.00033,sector_c
2168.83194444,0.9994048476438535,0,0.00033,sector_c
2168.83333333,0.9995165000377149,0,0.00033,sector_c
2168.83472222,0.9998360427272218,0,0.00033,sector_c
2168.83611111,0.9995523915656612,0,0.00033,sector_c
2168.8375,0.9995722663972076,0,0.00033,sector_c
2168.83888889,0.9994398598821055,0,0.00033,sector_c
2168.84027778,0.9992831749345852,0,0.00033,sector_c
2168.84166667,0.9991987969638192,0,0.00033,sector_c
2168.84305556,0.999342355311542,0,0.00033,sector_c
2168.84444444,0.9991939282299853,0,0.00033,sector_c
2168.84583333,0.9993447294220641,0,0.00033,sector_c
2168.84722222,0.9995766573337468,0,0.00033,sector_c
2168.84861111,0.9988610281333061,0,0.00033,sector_c
2168.85,0.9998092931894746,0,0.00033,sector_c
2168.85138889,0.9995489735307396,0,0.00033,sector_c
2168.85277778,0.9992101763849588,0,0.00033,sector_c
2168.85416667,0.9997041656906718,0,0.00033,sector_c
2168.85555556,0.9997092580879786,0,0.00033,sector_c
2168.85694444,0.9993903462382533,0,0.00033,sector_c
2168.85833333,0.9995813774331188,0,0.00033,sector_c
2168.85972222,0.9994717627515988,0,0.00033,sector_c
2168.86111111,0.9997164215330784,0,0.00033,sector_c
2168.8625,0.9996782191195811,0,0.00033,sector_c
2168.86388889,0.9998147702145354,0,0.00033,sector_c
2168.86527778,0.9996197339319918,0,0.00033,sector_c
2168.86666667,0.9990482859485333,0,0.00033,sector_c
2168.86805556,0.9995373141095223,0,0.00033,sector_c
2168.86944444,0.9992361746586694,0,0.00033,sector_c
2168.87083333,1.0001451798422842,0,0.00033,sector_c
2168.87222222,0.999224905710808,0,0.00033,sector_c
2168.87361111,0.9991409195207643,0,0.00033,sector_c
2168.875,0.9992576649320335,0,0.00033,sector_c
2168.87638889,0.9996503630254299,0,0.00033,sector_c
2168.87777778,0.9991283918386372,0,0.00033,sector_c
2168.87916667,0.9996706138574837,0,0.00033,sector_c
2168.88055556,0.9992723321315176,0,0.00033,sector_c
2168.88194444,0.9997833407768947,0,0.00033,sector_c
2168.88333333,0.9998942835157499,0,0.00033,sector_c
2168.88472222,0.9994550534385465,0,0.00033,sector_c
2168.88611111,0.9994510985134859,0,0.00033,sector_c
2168.8875,0.999620397079442,0,0.00033,sector_c
2168.88888889,0.9994795379121053,0,0.00033,sector_c
2168.89027778,0.999500066771057,0,0.00033,sector_c
2168.89166667,0.9995446789874247,0,0.00033,sector_c
2168.89305556,0.9992995204077717,0,0.00033,sector_c
2168.89444444,0.9999377712790185,0,0.00033,sector_c
2168.89583333,0.9995930910037207,0,0.00033,sector_c
2168.89722222,0.9996698868049825,0,0.00033,sector_c
2168.89861111,0.9997063923824668,0,0.00033,sector_c
2168.9,0.9991121463981834,0,0.00033,sector_c
2168.90138889,0.998662727706664,0,0.00033,sector_c
2168.90277778,0.9996422503225963,0,0.00033,sector_c
2168.90416667,0.9995064111701202,0,0.00033,sector_c
2168.90555556,0.9990055052698185,0,0.00033,sector_c
2168.90694444,0.9988519299701577,0,0.00033,sector_c
2168.90833333,0.9996982883235429,0,0.00033,sector_c
2168.90972222,0.9997403686208578,0,0.00033,sector_c
2168.91111111,0.9993548900739141,0,0.00033,sector_c
2168.9125,0.9997159778811089,0,0.00033,sector_c
2168.91388889,0.9996221228006597,0,0.00033,sector_c
2168.91527778,0.9996126587618168,0,0.00033,sector_c
2168.91666667,0.9997002640069825,0,0.00033,sector_c
2168.91805556,0.9989034904249354,0,0.00033,sector_c
2168.91944444,0.9996474044304031,0,0.00033,sector_c
2168.92083333,0.9993611474010311,0,0.00033,sector_c
2168.92222222,0.9992634563955027,0,0.00033,sector_c
2168.92361111,0.9996396988116216,0,0.00033,sector_c
2168.925,0.9994047052929477,0,0.00033,sector_c
2168.92638889,0.9991879824504801,0,0.00033,sector_c
2168.92777778,0.9992513551926331,0,0.00033,sector_c
2168.92916667,0.9992986642431042,0,0.00033,sector_c
2168.93055556,0.9997030674199526,0,0.00033,sector_c
2168.93194444,0.9994870599031647,0,0.00033,sector_c
2168.93333333,0.999124077053647,0,0.00033,sector_c
2168.93472222,0.9991317447018647,0,0.00033,sector_c
2168.93611111,0.9992603471332945,0,0.00033,sector_c
2168.9375,0.9989419165405683,0,0.00033,sector_c
2168.93888889,0.9995447268294393,0,0.00033,sector_c
2168.94027778,0.9995804096220204,0,0.00033,sector_c
2168.94166667,0.9993841203316561,0,0.00033,sector_c
2168.94305556,0.9993261177249054,0,0.00033,sector_c
2168.94444444,0.9995101989420317,0,0.00033,sector_c
2168.94583333,1.000040542555313,0,0.00033,sector_c
2168.94722222,0.9994499158380903,0,0.00033,sector_c
2168.94861111,0.9995422227224622,0,0.00033,sector_c
2168.95,0.9985526600391783,0,0.00033,sector_c
2168.95138889,0.9995843417495387,0,0.00033,sector_c
2168.95277778,0.999930091652159,0,0.00033,sector_c
2168.95416667,0.9996615681706263,0,0.00033,sector_c
2168.95555556,0.9993925608988383,0,0.00033,sector_c
2168.95694444,0.9992395302781717,0,0.00033,sector_c
2168.95833333,0.9990666593742832,0,0.00033,sector_c
2168.95972222,0.9994726143759426,0,0.00033,sector_c
2168.96111111,0.9996932867713126,0,0.00033,sector_c
2168.9625,0.9993683406207438,0,0.00033,sector_c
2168.96388889,0.9994815205926126,0,0.00033,sector_c
2168.96527778,0.9993553256892524,0,0.00033,sector_c
2168.96666667,0.9988948260932411,0,0.00033,sector_c
2168.96805556,0.9996329260717001,0,0.00033,sector_c
2168.96944444,0.9994208118990446,0,0.00033,sector_c
2168.97083333,0.9989110631570037,0,0.00033,sector_c
2168.97222222,0.9999286846981987,0,0.00033,sector_c
2168.97361111,0.9995431388558313,0,0.00033,sector_c
2168.975,0.9994142399246345,0,0.00033,sector_c
2168.97638889,0.9992831359768443,0,0.00033,sector_c
2168.97777778,0.9996076379990604,0,0.00033,sector_c
2168.97916667,0.9993616964288722,0,0.00033,sector_c
2168.98055556,0.9994253654680223,0,0.00033,sector_c
2168.98194444,0.9988876430117022,0,0.00033,sector_c
2168.98333333,0.9997657161409228,0,0.00033,sector_c
2168.98472222,0.9992934776509389,0,0.00033,sector_c
2168.98611111,0.9992201187100705,0,0.00033,sector_c
2168.9875,0.9992496173713007,0,0.00033,sector_c
2168.98888889,0.9994032070208378,0,0.00033,sector_c
2168.99027778,0.9992440272011494,0,0.00033,sector_c
2168.99166667,0.9989839015489149,0,0.00033,sector_c
2168.99305556,0.9993258228384478,0,0.00033,sector_c
2168.99444444,1.0001189964752752,0,0.00033,sector_c
2168.99583333,0.9989331976982329,0,0.00033,sector_c
2168.99722222,0.9993904036152639,0,0.00033,sector_c
2168.99861111,0.9992986447230469,0,0.00033,sector_c
2169.0,0.9993682483601956,0,0.00033,sector_c
2169.00138889,0.9995276493276921,0,0.00033,sector_c
2169.00277778,0.999522310484695,0,0.00033,sector_c
2169.00416667,0.9990930092613124,0,0.00033,sector_c
2169.00555556,0.999626292638588,0,0.00033,sector_c
2169.00694444,0.9998292700302394,0,0.00033,sector_c
2169.00833333,0.9991320027347663,0,0.00033,sector_c
2169.00972222,0.9995315399152814,0,0.00033,sector_c
2169.01111111,0.9994828959161195,0,0.00033,sector_c
2169.0125,0.9990005719547888,0,0.00033,sector_c
2169.01388889,0.9997308088928216,0,0.00033,sector_c
2169.01527778,0.9993383111338797,0,0.00033,sector_c
2169.01666667,0.9994247573698796,0,0.00033,sector_c
2169.01805556,0.9992777737540585,0,0.00033,sector_c
2169.01944444,0.9994869069507012,0,0.00033,sector_c
2169.02083333,0.9993641857711277,0,0.00033,sector_c
2169.02222222,0.9995008259975842,0,0.00033,sector_c
2169.02361111,0.9996604945091699,0,0.00033,sector_c
2169.025,0.999191526573371,0,0.00033,sector_c
2169.02638889,0.9998642651359712,0,0.00033,sector_c
2169.02777778,0.9996676843217563,0,0.00033,sector_c
2169.02916667,0.999638378668741,0,0.00033,sector_c
2169.03055556,0.9990955477034781,0,0.00033,sector_c
2169.03194444,0.9992952291562787,0,0.00033,sector_c
2169.03333333,0.9998058480082695,0,0.00033,sector_c
2169.03472222,0.9998853029114324,0,0.00033,sector_c
2169.03611111,0.9994174006774446,0,0.00033,sector_c
2169.0375,0.9988823053965934,0,0.00033,sector_c
2169.03888889,0.999193877361171,0,0.00033,sector_c
2169.04027778,0.999099375731599,0,0.00033,sector_c
2169.04166667,0.9992236028198586,0,0.00033,sector_c
2169.04305556,0.9993240289158374,0,0.00033,sector_c
2169.04444444,0.999415057697293,0,0.00033,sector_c
2169.04583333,0.9990306193996795,0,0.00033,sector_c
2169.04722222,0.9990624497748597,0,0.00033,sector_c
2169.04861111,0.9992820405648465,0,0.00033,sector_c
2169.05,0.9992876542970753,0,0.00033,sector_c
2169.05138889,0.9992295053719075,0,0.00033,sector_c
2169.05277778,0.9990716180983515,0,0.00033,sector_c
2169.05416667,0.9992541423767176,0,0.00033,sector_c
2169.05555556,0.9995364313113534,0,0.00033,sector_c
2169.05694444,0.9991237790004996,0,0.00033,sector_c
2169.05833333,0.9994250962529222,0,0.00033,sector_c
2169.05972222,1.00029411987724,0,0.00033,sector_c
2169.06111111,0.9991662297840657,0,0.00033,sector_c
2169.0625,0.9994849982439427,0,0.00033,sector_c
2169.06388889,0.9995787066970342,0,0.00033,sector_c
2169.06527778,0.9986703429860043,0,0.00033,sector_c
2169.06666667,0.9993151972737152,0,0.00033,sector_c
2169.06805556,0.9998485394728833,0,0.00033,sector_c
2169.06944444,0.9991900313654974,0,0.00033,sector_c
2169.07083333,0.9995666440981782,0,0.00033,sector_c
2169.07222222,0.9996224224461929,0,0.00033,sector_c
2169.07361111,0.9994342455843962,0,0.00033,sector_c
2169.075,0.9998053197128959,0,0.00033,sector_c
2169.07638889,0.9991899959840786,0,0.00033,sector_c
2169.07777778,0.9997833132348225,0,0.00033,sector_c
2169.07916667,0.9994472002426912,0,0.00033,sector_c
2169.08055556,0.9997861203835683,0,0.00033,sector_c
2169.08194444,0.9992920966159449,0,0.00033,sector_c
2169.08333333,0.9996938094933255,0,0.00033,sector_c
2169.08472222,0.9995253602367665,0,0.00033,sector_c
2169.08611111,0.9993419856028515,0,0.00033,sector_c
2169.0875,0.9997180710836602,0,0.00033,sector_c
2169.08888889,0.9992006758646247,0,0.00033,sector_c
2169.09027778,0.9998338466169046,0,0.00033,sector_c
2169.09166667,0.9997348280081682,0,0.00033,sector_c
2169.09305556,0.9993117421177407,0,0.00033,sector_c
2169.09444444,0.9989154886206633,0,0.00033,sector_c
2169.09583333,0.9992705796815846,0,0.00033,sector_c
2169.09722222,0.9986461772071061,0,0.00033,sector_c
2169.09861111,0.9995689033613033,0,0.00033,sector_c
2169.1,0.9999253335852226,0,0.00033,sector_c
2169.10138889,0.9992107783835165,0,0.00033,sector_c
2169.10277778,0.9993767703920357,0,0.00033,sector_c
2169.10416667,0.9989048890501386,0,0.00033,sector_c
2169.10555556,0.9989187463606864,0,0.00033,sector_c
2169.10694444,0.9995065660196638,0,0.00033,sector_c
2169.10833333,0.999667372333195,0,0.00033,sector_c
2169.10972222,0.9995951209982312,0,0.00033,sector_c
2169.11111111,0.9987928195550746,0,0.00033,sector_c
2169.1125,0.9987488617592958,0,0.00033,sector_c
2169.11388889,0.9993106809173854,0,0.00033,sector_c
2169.11527778,0.9993593034461794,0,0.00033,sector_c
2169.11666667,0.9986760233432737,0,0.00033,sector_c
2169.11805556,0.9993595003279506,0,0.00033,sector_c
2169.11944444,0.9989785426589092,0,0.00033,sector_c
2169.12083333,0.9995592631563973,0,0.00033,sector_c
2169.12222222,0.9994635276278435,0,0.00033,sector_c
2169.12361111,0.9999021202591071,0,0.00033,sector_c
2169.125,0.9996165722680028,0,0.00033,sector_c
2169.12638889,0.9990455607656851,0,0.00033,sector_c
2169.12777778,0.9993442819211463,0,0.00033,sector_c
2169.12916667,0.9994035169143272,0,0.00033,sector_c
2169.13055556,0.9988709039273568,0,0.00033,sector_c
2169.13194444,0.9988229451629674,0,0.00033,sector_c
2169.13333333,0.9989536742595343,0,0.00033,sector_c
2169.13472222,0.9997248898830473,0,0.00033,sector_c
2169.13611111,0.9991330750521623,0,0.00033,sector_c
2169.1375,0.9989171846524789,0,0.00033,sector_c
2169.13888889,0.9997918033107902,0,0.00033,sector_c
2169.14027778,0.9985932821878677,0,0.00033,sector_c
2169.14166667,0.9990210585932444,0,0.00033,sector_c
2169.14305556,0.9992268434916262,0,0.00033,sector_c
2169.14444444,0.9993898671784878,0,0.00033,sector_c
2169.14583333,0.9991520118966738,0,0.00033,sector_c
2169.14722222,0.9990179115453132,0,0.00033,sector_c
2169.14861111,0.9990037844406329,0,0.00033,sector_c
2169.15,0.99935071328617,0,0.00033,sector_c
2169.15138889,0.9991229481445546,0,0.00033,sector_c
2169.15277778,0.9989532181424775,0,0.00033,sector_c
2169.15416667,0.9995859374526269,0,0.00033,sector_c
2169.15555556,0.9995421579794399,0,0.00033,sector_c
2169.15694444,0.999302021517341,0,0.00033,sector_c
2169.15833333,0.9992259901778541,0,0.00033,sector_c
2169.15972222,0.9990787405908871,0,0.00033,sector_c
2169.16111111,0.9993845214531032,0,0.00033,sector_c
2169.1625,0.9993999253551289,0,0.00033,sector_c
2169.16388889,0.9991319502446945,0,0.00033,sector_c
2169.16527778,0.9992428535241469,0,0.00033,sector_c
2169.16666667,0.9989511946633249,0,0.00033,sector_c
2169.16805556,0.9992442618641801,0,0.00033,sector_c
2169.16944444,0.9991975668311794,0,0.00033,sector_c
2169.17083333,0.9986828744048702,0,0.00033,sector_c
2169.17222222,0.9992251069360325,0,0.00033,sector_c
2169.17361111,0.9990158935191054,0,0.00033,sector_c
2169.175,0.9993437314535317,0,0.00033,sector_c
2169.17638889,0.9988124751121078,0,0.00033,sector_c
2169.17777778,0.9997991436747329,0,0.00033,sector_c
2169.17916667,0.9991835068350852,0,0.00033,sector_c
2169.18055556,0.9997585004934022,0,0.00033,sector_c
2169.18194444,0.9995963391071762,0,0.00033,sector_c
2169.18333333,0.9990534801948152,0,0.00033,sector_c
2169.18472222,0.9992914455454647,0,0.00033,sector_c
2169.18611111,0.9989691336663468,0,0.00033,sector_c
2169.1875,0.9998023920214065,0,0.00033,sector_c
2169.18888889,0.9993539018867383,0,0.00033,sector_c
2169.19027778,0.9993236308017547,0,0.00033,sector_c
2169.19166667,0.9990497426885072,0,0.00033,sector_c
2169.19305556,0.9994044616678203,0,0.00033,sector_c
2169.19444444,0.9990264424313352,0,0.00033,sector_c
2169.19583333,0.9990110801817931,0,0.00033,sector_c
2169.19722222,0.9989769147840057,0,0.00033,sector_c
2169.19861111,0.9993521186255432,0,0.00033,sector_c
2169.2,0.9990464179185603,0,0.00033,sector_c
2169.20138889,0.9991592137701627,0,0.00033,sector_c
2169.20277778,0.9997983016378741,0,0.00033,sector_c
2169.20416667,1.0000507059844206,0,0.00033,sector_c
2169.20555556,0.9995469505237676,0,0.00033,sector_c
2169.20694444,0.9991027234154768,0,0.00033,sector_c
2169.20833333,0.9992814617084229,0,0.00033,sector_c
2169.20972222,0.9993238516440482,0,0.00033,sector_c
2169.21111111,0.9993831343612217,0,0.00033,sector_c
2169.2125,0.9994709985799769,0,0.00033,sector_c
2169.21388889,0.9991131359767542,0,0.00033,sector_c
2169.21527778,0.9996824852204704,4096,0.00033,sector_c
2169.21666667,0.998949162211009,0,0.00033,sector_c
2169.21805556,0.9994679769807325,0,0.00033,sector_c
2169.21944444,0.9993561698559069,0,0.00033,sector_c
2169.22083333,0.999177807523068,0,0.00033,sector_c
2169.22222222,0.9992585642215188,0,0.00033,sector_c
2169.22361111,0.9991216909960511,0,0.00033,sector_c
2169.225,0.9991646406460156,0,0.00033,sector_c
2169.22638889,0.9991410084089353,0,0.00033,sector_c
2169.22777778,0.9992785345059119,0,0.00033,sector_c
2169.22916667,0.9989241127271306,0,0.00033,sector_c
2169.23055556,0.9993705978896457,0,0.00033,sector_c
2169.23194444,0.9988330151106808,0,0.00033,sector_c
2169.23333333,1.0000601010627284,0,0.00033,sector_c
2169.23472222,0.9992408976993812,0,0.00033,sector_c
2169.23611111,0.9990769769105955,0,0.00033,sector_c
2169.2375,0.9987621387051276,0,0.00033,sector_c
2169.23888889,0.9989716200043424,0,0.00033,sector_c
2169.24027778,0.9992300295827481,0,0.00033,sector_c
2169.24166667,0.9994465715646614,0,0.00033,sector_c
2169.24305556,0.9998946088801653,0,0.00033,sector_c
2169.24444444,0.9990043646401875,0,0.00033,sector_c
2169.24583333,0.9996307341447346,0,0.00033,sector_c
2169.24722222,0.999647388402795,0,0.00033,sector_c
2169.24861111,0.9994080206936252,0,0.00033,sector_c
2169.25,0.9986838443257958,0,0.00033,sector_c
2169.25138889,0.9993842889546368,0,0.00033,sector_c
2169.25277778,0.9994923569975347,0,0.00033,sector_c
2169.25416667,0.9994914472392131,0,0.00033,sector_c
2169.25555556,0.9989280585211553,0,0.00033,sector_c
2169.25694444,0.9992744727729459,0,0.00033,sector_c
2169.25833333,0.9988873895332365,0,0.00033,sector_c
2169.25972222,0.9990176573393756,0,0.00033,sector_c
2169.26111111,0.9990886137789813,0,0.00033,sector_c
2169.2625,0.9991823301185012,0,0.00033,sector_c
2169.26388889,0.999502392269872,0,0.00033,sector_c
2169.26527778,0.9990294455927098,0,0.00033,sector_c
2169.26666667,0.9996580464701113,0,0.00033,sector_c
2169.26805556,0.9991465173109007,0,0.00033,sector_c
2169.26944444,0.9993663713522315,0,0.00033,sector_c
2169.27083333,0.9988281519805484,0,0.00033,sector_c
2169.27222222,0.999071296049781,0,0.00033,sector_c
2169.27361111,0.998677140545744,0,0.00033,sector_c
2169.275,0.9991762610017957,0,0.00033,sector_c
2169.27638889,0.9991811133483861,0,0.00033,sector_c
2169.27777778,0.9992645628799857,0,0.00033,sector_c
2169.27916667,0.9990524963259695,0,0.00033,sector_c
2169.28055556,0.9995206803491744,0,0.00033,sector_c
2169.28194444,0.9989429606123555,0,0.00033,sector_c
2169.28333333,0.998878251680114,0,0.00033,sector_c
2169.28472222,0.9990129321505605,0,0.00033,sector_c
2169.28611111,0.9990862239640435,0,0.00033,sector_c
2169.2875,0.99887985806359,0,0.00033,sector_c
2169.28888889,0.9995112790557845,0,0.00033,sector_c
2169.29027778,0.9994306999319964,0,0.00033,sector_c
2169.29166667,0.9994758838863638,0,0.00033,sector_c
2169.29305556,0.9995091825514826,0,0.00033,sector_c
2169.29444444,0.9988199671189106,0,0.00033,sector_c
2169.29583333,0.9995150125270392,0,0.00033,sector_c
2169.29722222,0.999264841307665,0,0.00033,sector_c
2169.29861111,0.9987261351023854,0,0.00033,sector_c
2169.3,0.9989154951456198,0,0.00033,sector_c
2169.30138889,0.998812250069068,0,0.00033,sector_c
2169.30277778,0.9989687933560286,0,0.00033,sector_c
2169.30416667,0.9989777107332284,0,0.00033,sector_c
2169.30555556,0.9988585172184785,0,0.00033,sector_c
2169.30694444,0.9985322802044398,0,0.00033,sector_c
2169.30833333,0.9990502109693368,0,0.00033,sector_c
2169.30972222,0.999070354832131,0,0.00033,sector_c
2169.31111111,0.9994941134143936,0,0.00033,sector_c
2169.3125,0.9982875352883696,0,0.00033,sector_c
2169.31388889,0.9991635365274907,0,0.00033,sector_c
2169.31527778,0.9989066295246014,0,0.00033,sector_c
2169.31666667,0.9990666679338452,0,0.00033,sector_c
2169.31805556,0.9989953795453539,0,0.00033,sector_c
2169.31944444,0.9992863814719607,0,0.00033,sector_c
2169.32083333,0.9993526129807115,0,0.00033,sector_c
2169.32222222,0.9989733282502704,0,0.00033,sector_c
2169.32361111,0.9994311618887416,0,0.00033,sector_c
2169.325,0.9986069102970315,0,0.00033,sector_c
2169.32638889,0.9989022117042964,0,0.00033,sector_c
2169.32777778,0.9989822901305225,0,0.00033,sector_c
2169.32916667,0.9993153189755979,0,0.00033,sector_c
2169.33055556,0.9991026264178456,0,0.00033,sector_c
2169.33194444,0.9989016138405841,0,0.00033,sector_c
2169.33333333,0.9990570427023163,4096,0.00033,sector_c
2169.33472222,0.9990822456507684,0,0.00033,sector_c
2169.33611111,0.9989437875553913,0,0.00033,sector_c
2169.3375,0.9996877485542309,0,0.00033,sector_c
2169.33888889,0.9995687064096413,0,0.00033,sector_c
2169.34027778,0.9990846277861757,0,0.00033,sector_c
2169.34166667,0.9992350138327163,0,0.00033,sector_c
2169.34305556,0.9991684103225663,0,0.00033,sector_c
2169.34444444,0.9996265875723009,0,0.00033,sector_c
2169.34583333,0.9989721855464928,0,0.00033,sector_c
2169.34722222,0.9994451011450202,0,0.00033,sector_c
2169.34861111,0.9990656812074775,0,0.00033,sector_c
2169.35,0.9992701128751013,0,0.00033,sector_c
2169.35138889,0.999087136198244,0,0.00033,sector_c
2169.35277778,0.9991365448969823,0,0.00033,sector_c
2169.35416667,0.9988971429502075,0,0.00033,sector_c
2169.35555556,0.9993243553804257,0,0.00033,sector_c
2169.35694444,0.9990994157824913,0,0.00033,sector_c
2169.35833333,0.999353433694747,0,0.00033,sector_c
2169.35972222,0.9991809157263054,0,0.00033,sector_c
2169.36111111,0.999212167575181,0,0.00033,sector_c
2169.3625,0.9997152307257984,0,0.00033,sector_c
2169.36388889,0.999115869148808,0,0.00033,sector_c
2169.36527778,0.9987019821792789,0,0.00033,sector_c
2169.36666667,0.9992436676473994,0,0.00033,sector_c
2169.36805556,0.9993937335189887,0,0.00033,sector_c
2169.36944444,0.9992597315340436,0,0.00033,sector_c
2169.37083333,0.9986126061356501,0,0.00033,sector_c
2169.37222222,0.9991998064670585,0,0.00033,sector_c
2169.37361111,0.9989758849156395,0,0.00033,sector_c
2169.375,0.999178681644902,0,0.00033,sector_c
2169.37638889,0.99966840510971,0,0.00033,sector_c
2169.37777778,0.9987553834485173,0,0.00033,sector_c
2169.37916667,0.9990628711737704,0,0.00033,sector_c
2169.38055556,0.998926572852824,0,0.00033,sector_c
2169.38194444,0.9988587241287766,0,0.00033,sector_c
2169.38333333,0.9993738612367884,0,0.00033,sector_c
2169.38472222,0.9998250735431673,0,0.00033,sector_c
2169.38611111,0.9987057221647453,0,0.00033,sector_c
2169.3875,0.9992221934890542,0,0.00033,sector_c
2169.38888889,0.9986935951719316,0,0.00033,sector_c
2169.39027778,0.9988855075779008,0,0.00033,sector_c
2169.39166667,0.9988948226046787,0,0.00033,sector_c
2169.39305556,0.9989748976257291,0,0.00033,sector_c
2169.39444444,0.9986799654138271,0,0.00033,sector_c
2169.39583333,0.9996734293096167,0,0.00033,sector_c
2169.39722222,0.9988783349644595,0,0.00033,sector_c
2169.39861111,0.9994049145091316,0,0.00033,sector_c
2169.4,0.9991244200908862,0,0.00033,sector_c
2169.40138889,0.9994948038417326,0,0.00033,sector_c
2169.40277778,0.998968608475032,0,0.00033,sector_c
2169.40416667,0.9993316284852145,0,0.00033,sector_c
2169.40555556,0.9982342947119267,0,0.00033,sector_c
2169.40694444,0.9986496070756042,0,0.00033,sector_c
2169.40833333,0.9986354271013337,0,0.00033,sector_c
2169.40972222,0.9989410183590044,0,0.00033,sector_c
2169.41111111,0.9986716710046059,0,0.00033,sector_c
2169.4125,0.9985294757701165,0,0.00033,sector_c
2169.41388889,0.9994001696415458,0,0.00033,sector_c
2169.41527778,0.9992723188590537,0,0.00033,sector_c
2169.41666667,0.9994670611602073,0,0.00033,sector_c
2169.41805556,0.9987577025010556,0,0.00033,sector_c
2169.41944444,0.9990340646212788,0,0.00033,sector_c
2169.42083333,0.9995619382298423,0,0.00033,sector_c
2169.42222222,0.9991463728996349,0,0.00033,sector_c
2169.42361111,0.9990227145731552,0,0.00033,sector_c
2169.425,0.9988485697436094,0,0.00033,sector_c
2169.42638889,0.9990300075588686,0,0.00033,sector_c
2169.42777778,0.9995187765716527,0,0.00033,sector_c
2169.42916667,0.9987032882329185,0,0.00033,sector_c
2169.43055556,0.99902671028092,0,0.00033,sector_c
2169.43194444,0.9994866877603289,0,0.00033,sector_c
2169.43333333,0.9994289949238587,0,0.00033,sector_c
2169.43472222,0.9986529891993354,0,0.00033,sector_c
2169.43611111,0.9989034076785156,0,0.00033,sector_c
2169.4375,0.9992696738891516,0,0.00033,sector_c
2169.43888889,0.9993639763757677,0,0.00033,sector_c
2169.44027778,0.999507299130125,0,0.00033,sector_c
2169.44166667,0.9988954616983462,0,0.00033,sector_c
2169.44305556,0.9990037184124666,0,0.00033,sector_c
2169.44444444,0.9990805291223704,0,0.00033,sector_c
2169.44583333,0.9994062073755888,2048,0.00033,sector_c
2169.44722222,0.9987619247380111,0,0.00033,sector_c
2169.44861111,0.9989029224182087,0,0.00033,sector_c
2169.45,0.9989200160246757,0,0.00033,sector_c
2169.45138889,0.9992376440768848,0,0.00033,sector_c
2169.45277778,0.9991158256808768,0,0.00033,sector_c
2169.45416667,0.999148927051356,0,0.00033,sector_c
2169.45555556,0.999381592370045,0,0.00033,sector_c
2169.45694444,0.9990443614312011,0,0.00033,sector_c
2169.45833333,0.9992781683664458,0,0.00033,sector_c
2169.45972222,0.9992549020235201,0,0.00033,sector_c
2169.46111111,0.9994830543867318,0,0.00033,sector_c
2169.4625,0.9992363134802656,0,0.00033,sector_c
2169.46388889,0.9990517957992784,0,0.00033,sector_c
2169.46527778,0.9988953158324358,0,0.00033,sector_c
2169.46666667,0.9994065734597611,0,0.00033,sector_c
2169.46805556,0.9992083236008752,0,0.00033,sector_c
2169.46944444,0.9988275444960737,0,0.00033,sector_c
2169.47083333,0.9988915274856017,0,0.00033,sector_c
2169.47222222,0.999398796264891,0,0.00033,sector_c
2169.47361111,0.9990381120828599,0,0.00033,sector_c
2169.475,0.9987575701037924,0,0.00033,sector_c
2169.47638889,0.9992028340130736,0,0.00033,sector_c
2169.47777778,0.999111785478353,0,0.00033,sector_c
2169.47916667,0.9996364732115514,0,0.00033,sector_c
2169.48055556,0.9989781445203734,0,0.00033,sector_c
2169.48194444,0.9987386998946842,0,0.00033,sector_c
2169.48333333,0.9992613388636986,0,0.00033,sector_c
2169.48472222,0.9993376751131389,0,0.00033,sector_c
2169.48611111,0.9987666983199065,0,0.00033,sector_c
2169.4875,0.998969680522756,0,0.00033,sector_c
2169.48888889,0.9985607409901829,0,0.00033,sector_c
2169.49027778,0.9987180249656786,0,0.00033,sector_c
2169.49166667,0.9987387794296252,0,0.00033,sector_c
2169.49305556,0.9996246197820373,0,0.00033,sector_c
2169.49444444,0.9982542145492578,0,0.00033,sector_c
2169.49583333,0.9989980832056979,0,0.00033,sector_c
2169.49722222,0.9991225786881888,0,0.00033,sector_c
2169.49861111,0.9991333630015081,0,0.00033,sector_c
2169.5,0.9987966486589255,0,0.00033,sector_c
2169.50138889,0.9985796899888139,0,0.00033,sector_c
2169.50277778,0.9987619156715059,0,0.00033,sector_c
2169.50416667,0.9989957041922544,0,0.00033,sector_c
2169.50555556,0.9984676882963867,0,0.00033,sector_c
2169.50694444,0.9992168531596513,0,0.00033,sector_c
2169.50833333,0.9993435014615831,0,0.00033,sector_c
2169.50972222,0.9985196158270363,0,0.00033,sector_c
2169.51111111,0.998530621749975,0,0.00033,sector_c
2169.5125,0.9988834690388729,0,0.00033,sector_c
2169.51388889,0.9988271094290655,0,0.00033,sector_c
2169.51527778,0.9989919697177284,0,0.00033,sector_c
2169.51666667,0.9992304960589244,0,0.00033,sector_c
2169.51805556,0.9982412122968922,0,0.00033,sector_c
2169.51944444,0.9990750589484684,0,0.00033,sector_c
2169.52083333,0.998609540021429,0,0.00033,sector_c
2169.52222222,0.999038566525453,0,0.00033,sector_c
2169.52361111,0.9990894238474364,0,0.00033,sector_c
2169.525,0.9992061837328955,0,0.00033,sector_c
2169.52638889,0.9991270922288965,0,0.00033,sector_c
2169.52777778,0.9985694184858993,0,0.00033,sector_c
2169.52916667,0.9987661887036352,0,0.00033,sector_c
2169.53055556,0.9987383798858518,0,0.00033,sector_c
2169.53194444,0.9989961213820712,0,0.00033,sector_c
2169.53333333,0.9988219289140321,0,0.00033,sector_c
2169.53472222,0.9991373110892556,0,0.00033,sector_c
2169.53611111,0.9985681622323054,0,0.00033,sector_c
2169.5375,0.9987693883033826,0,0.00033,sector_c
2169.53888889,0.9988035109810437,0,0.00033,sector_c
2169.54027778,0.998746506127014,0,0.00033,sector_c
2169.54166667,0.9994413558587053,0,0.00033,sector_c
2169.54305556,0.9989108530881876,0,0.00033,sector_c
2169.54444444,0.9992622575842797,0,0.00033,sector_c
2169.54583333,0.9989577334168639,0,0.00033,sector_c
2169.54722222,0.9990848508181077,0,0.00033,sector_c
2169.54861111,0.9992882491614142,0,0.00033,sector_c
2169.55,0.9986831547555964,0,0.00033,sector_c
2169.55138889,0.9987184401522197,0,0.00033,sector_c
2169.55277778,0.9990730208590738,0,0.00033,sector_c
2169.55416667,0.9993393442487266,0,0.00033,sector_c
2169.55555556,0.9990200866203492,0,0.00033,sector_c
2169.55694444,0.9986153469162703,0,0.00033,sector_c
2169.55833333,0.9991415084761476,0,0.00033,sector_c
2169.55972222,0.9988721142317515,0,0.00033,sector_c
2169.56111111,0.9988048983414289,0,0.00033,sector_c
2169.5625,0.9989110036058804,0,0.00033,sector_c
2169.56388889,0.9990867629117394,0,0.00033,sector_c
2169.56527778,0.9993472107927297,0,0.00033,sector_c
2169.56666667,0.9991326350965674,0,0.00033,sector_c
2169.56805556,0.9988840308822534,0,0.00033,sector_c
2169.56944444,0.9992340316373945,0,0.00033,sector_c
2169.57083333,0.9992063397049706,0,0.00033,sector_c
2169.57222222,0.9988247572329164,0,0.00033,sector_c
2169.57361111,0.9991863295456611,0,0.00033,sector_c
2169.575,0.9990961143714336,0,0.00033,sector_c
2169.57638889,0.9990270925694844,0,0.00033,sector_c
2169.57777778,0.9988423839854548,0,0.00033,sector_c
2169.57916667,0.9989464957359903,0,0.00033,sector_c
2169.58055556,0.9986899152290347,0,0.00033,sector_c
2169.58194444,0.9986234509827564,0,0.00033,sector_c
2169.58333333,0.9984577753536147,0,0.00033,sector_c
2169.58472222,0.998945904198532,0,0.00033,sector_c
2169.58611111,0.9988120606080864,0,0.00033,sector_c
2169.5875,0.9991096095564237,0,0.00033,sector_c
2169.58888889,0.9991270437965827,0,0.00033,sector_c
2169.59027778,0.9988520651322672,0,0.00033,sector_c
2169.59166667,0.9978876262732617,0,0.00033,sector_c
2169.59305556,0.9992683192795687,0,0.00033,sector_c
2169.59444444,0.9984923379947184,0,0.00033,sector_c
2169.59583333,0.999306047166313,0,0.00033,sector_c
2169.59722222,0.9988963076197471,0,0.00033,sector_c
2169.59861111,0.9988849155703509,0,0.00033,sector_c
2169.6,0.9989857887239629,0,0.00033,sector_c
2169.60138889,0.9989303272525383,0,0.00033,sector_c
2169.60277778,0.999083176158536,0,0.00033,sector_c
2169.60416667,0.998714027012089,0,0.00033,sector_c
2169.60555556,0.9988848025171237,0,0.00033,sector_c
2169.60694444,0.9985106347571465,0,0.00033,sector_c
2169.60833333,0.9987050640468025,0,0.00033,sector_c
2169.60972222,0.9990882109620718,0,0.00033,sector_c
2169.61111111,0.9989632837796084,0,0.00033,sector_c
2169.6125,0.9986036487842989,0,0.00033,sector_c
2169.61388889,0.999314398004519,0,0.00033,sector_c
2169.61527778,0.9989568430335314,0,0.00033,sector_c
2169.61666667,0.9990302024668122,0,0.00033,sector_c
2169.61805556,0.9986013640426423,0,0.00033,sector_c
2169.61944444,0.9987339632103932,0,0.00033,sector_c
2169.62083333,0.9987817274867417,0,0.00033,sector_c
2169.62222222,0.9988351617549364,0,0.00033,sector_c
2169.62361111,0.9991363268715293,0,0.00033,sector_c
2169.625,0.9987602067333884,0,0.00033,sector_c
2169.62638889,0.9981177586332077,0,0.00033,sector_c
2169.62777778,0.9996335782106416,0,0.00033,sector_c
2169.62916667,0.9990565525583225,0,0.00033,sector_c
2169.63055556,0.9990397866683338,0,0.00033,sector_c
2169.63194444,0.9993414468417164,0,0.00033,sector_c
2169.63333333,0.9988425445315532,0,0.00033,sector_c
2169.63472222,0.9988572497395072,0,0.00033,sector_c
2169.63611111,0.9986679943142893,0,0.00033,sector_c
2169.6375,0.9988887662101781,0,0.00033,sector_c
2169.63888889,0.9987395286095857,0,0.00033,sector_c
2169.64027778,0.9988896282110034,0,0.00033,sector_c
2169.64166667,0.9989695704820832,0,0.00033,sector_c
2169.64305556,0.9984440922626924,0,0.00033,sector_c
2169.64444444,0.9995129816083114,0,0.00033,sector_c
2169.64583333,0.9990487882708354,0,0.00033,sector_c
2169.64722222,0.9984209165406022,0,0.00033,sector_c
2169.64861111,0.9986494846212962,0,0.00033,sector_c
2169.65,0.9987689365910104,0,0.00033,sector_c
2169.65138889,0.9991356769650763,0,0.00033,sector_c
2169.65277778,0.9991276842968723,0,0.00033,sector_c
2169.65416667,0.9995121617468529,0,0.00033,sector_c
2169.65555556,0.9991250831281878,0,0.00033,sector_c
2169.65694444,0.9992738917520528,0,0.00033,sector_c
2169.65833333,0.9990854538391657,0,0.00033,sector_c
2169.65972222,0.9992337133270323,0,0.00033,sector_c
2169.66111111,0.9989992569395786,0,0.00033,sector_c
2169.6625,0.9986588126414114,0,0.00033,sector_c
2169.66388889,0.9995697111728327,0,0.00033,sector_c
2169.66527778,0.9991013725729365,0,0.00033,sector_c
2169.66666667,0.9988963080818615,0,0.00033,sector_c
2169.66805556,0.9983415910099153,0,0.00033,sector_c
2169.66944444,0.9989151421266269,0,0.00033,sector_c
2169.67083333,0.998826899734408,0,0.00033,sector_c
2169.67222222,0.9987319158021976,0,0.00033,sector_c
2169.67361111,0.9986667200648485,0,0.00033,sector_c
2169.675,0.9990210814963667,0,0.00033,sector_c
2169.67638889,0.9992002935681052,0,0.00033,sector_c
2169.67777778,0.9986441576694043,0,0.00033,sector_c
2169.67916667,0.9991161925972389,0,0.00033,sector_c
2169.68055556,0.9986215689841832,0,0.00033,sector_c
2169.68194444,0.9985970961782004,0,0.00033,sector_c
2169.68333333,0.9988465714512361,0,0.00033,sector_c
2169.68472222,0.9988254098439081,0,0.00033,sector_c
2169.68611111,0.9992669114713861,0,0.00033,sector_c
2169.6875,0.9992232968729192,0,0.00033,sector_c
2169.68888889,0.9990332586343752,0,0.00033,sector_c
2169.69027778,0.9992105657907813,0,0.00033,sector_c
2169.69166667,0.9986184506941966,0,0.00033,sector_c
2169.69305556,0.9986178073864819,0,0.00033,sector_c
2169.69444444,0.9987762137602941,0,0.00033,sector_c
2169.69583333,0.9994237176465973,0,0.00033,sector_c
2169.69722222,0.9990496085358048,0,0.00033,sector_c
2169.69861111,0.9986363508053554,0,0.00033,sector_c
2169.7,0.9989656210279002,0,0.00033,sector_c
2169.70138889,0.9981020095767704,0,0.00033,sector_c
2169.70277778,0.9988378137631432,0,0.00033,sector_c
2169.70416667,0.9985601239266794,0,0.00033,sector_c
2169.70555556,0.9989506436548063,0,0.00033,sector_c
2169.70694444,0.9986013165970851,0,0.00033,sector_c
2169.70833333,0.9980309325074762,0,0.00033,sector_c
2169.70972222,0.9989999888535692,0,0.00033,sector_c
2169.71111111,0.9989934873147149,0,0.00033,sector_c
2169.7125,0.9987440477302556,0,0.00033,sector_c
2169.71388889,0.9986754849182262,0,0.00033,sector_c
2169.71527778,0.9989069622380068,0,0.00033,sector_c
2169.71666667,0.9987626958372977,0,0.00033,sector_c
2169.71805556,0.9986435701575754,0,0.00033,sector_c
2169.71944444,0.9989469186742259,0,0.00033,sector_c
2169.72083333,0.9990404566471655,0,0.00033,sector_c
2169.72222222,0.9988085345463378,0,0.00033,sector_c
2169.72361111,0.9988124693093253,0,0.00033,sector_c
2169.725,0.9986881279545244,0,0.00033,sector_c
2169.72638889,0.9990518840594823,0,0.00033,sector_c
2169.72777778,0.9992856523495052,0,0.00033,sector_c
2169.72916667,0.9987945573039622,0,0.00033,sector_c
2169.73055556,0.9988793142730036,0,0.00033,sector_c
2169.73194444,0.9987260501429677,0,0.00033,sector_c
2169.73333333,0.9988919995481562,0,0.00033,sector_c
2169.73472222,0.9984607116509123,0,0.00033,sector_c
2169.73611111,0.9989061022151028,0,0.00033,sector_c
2169.7375,0.9985280154868471,0,0.00033,sector_c
2169.73888889,0.9987732635029938,0,0.00033,sector_c
2169.74027778,0.9988227049928987,0,0.00033,sector_c
2169.74166667,0.9988415817100733,4096,0.00033,sector_c
2169.74305556,0.9988862858617323,0,0.00033,sector_c
2169.74444444,0.9984166231196206,0,0.00033,sector_c
2169.74583333,0.9991517282670797,0,0.00033,sector_c
2169.74722222,0.9993202597881937,0,0.00033,sector_c
2169.74861111,0.9985365698430946,0,0.00033,sector_c
2169.75,0.9991423256371942,0,0.00033,sector_c
2169.75138889,0.9990636330615659,0,0.00033,sector_c
2169.75277778,0.9991551301946316,0,0.00033,sector_c
2169.75416667,0.9992190412470169,0,0.00033,sector_c
2169.75555556,0.9988025321354288,0,0.00033,sector_c
2169.75694444,0.9990399228766713,0,0.00033,sector_c
2169.75833333,0.9990307469807029,0,0.00033,sector_c
2169.75972222,0.9988884078326802,0,0.00033,sector_c
2169.76111111,0.9984761610517658,0,0.00033,sector_c
2169.7625,0.9989330066996328,0,0.00033,sector_c
2169.76388889,0.9989609886070239,0,0.00033,sector_c
2169.76527778,0.9990073771287948,0,0.00033,sector_c
2169.76666667,0.9987833232762238,0,0.00033,sector_c
2169.76805556,0.9986928402173164,0,0.00033,sector_c
2169.76944444,0.998855645637967,0,0.00033,sector_c
2169.77083333,0.9991257299815561,0,0.00033,sector_c
2169.77222222,0.9989907318234285,0,0.00033,sector_c
2169.77361111,0.9989982965389573,0,0.00033,sector_c
2169.775,0.998783101264891,0,0.00033,sector_c
2169.77638889,0.9987964167660854,0,0.00033,sector_c
2169.77777778,0.9988183851691863,0,0.00033,sector_c
2169.77916667,0.9986345534145497,0,0.00033,sector_c
2169.78055556,0.9990035785464959,0,0.00033,sector_c
2169.78194444,0.9983479653686125,0,0.00033,sector_c
2169.78333333,0.9985701524717473,0,0.00033,sector_c
2169.78472222,0.9988268460848387,0,0.00033,sector_c
2169.78611111,0.9991717826937265,0,0.00033,sector_c
2169.7875,0.9987776340311683,0,0.00033,sector_c
2169.78888889,0.9986222819018985,0,0.00033,sector_c
2169.79027778,0.9984126538329583,0,0.00033,sector_c
2169.79166667,0.998825123756172,0,0.00033,sector_c
2169.79305556,0.9990006656161462,0,0.00033,sector_c
2169.79444444,0.9988664092147236,0,0.00033,sector_c
2169.79583333,0.9984980451844818,0,0.00033,sector_c
2169.79722222,0.9990866044578104,0,0.00033,sector_c
2169.79861111,0.9989092102565189,0,0.00033,sector_c
2169.8,0.9990794590590724,0,0.00033,sector_c
2169.80138889,0.9988726657874699,0,0.00033,sector_c
2169.80277778,0.9983657472708346,0,0.00033,sector_c
2169.80416667,0.9986367374529975,0,0.00033,sector_c
2169.80555556,0.9984650186033072,0,0.00033,sector_c
2169.80694444,0.9990565574810961,0,0.00033,sector_c
2169.80833333,0.9990610382975394,0,0.00033,sector_c
2169.80972222,0.9986943651026269,0,0.00033,sector_c
2169.81111111,0.9992709133240324,0,0.00033,sector_c
2169.8125,0.9986387156648852,0,0.00033,sector_c
2169.81388889,0.9986897226075202,0,0.00033,sector_c
2169.81527778,0.9984961236273501,0,0.00033,sector_c
2169.81666667,0.9987345747460833,0,0.00033,sector_c
2169.81805556,0.9985883444347426,0,0.00033,sector_c
2169.81944444,0.9992801793644402,0,0.00033,sector_c
2169.82083333,0.9992593984611078,0,0.00033,sector_c
2169.82222222,0.9991195067157891,0,0.00033,sector_c
2169.82361111,0.9989620626209262,0,0.00033,sector_c
2169.825,0.9986172481280637,0,0.00033,sector_c
2169.82638889,0.9982521491094027,0,0.00033,sector_c
2169.82777778,0.9985195549382714,0,0.00033,sector_c
2169.82916667,0.998783006565569,0,0.00033,sector_c
2169.83055556,0.9986893309895337,0,0.00033,sector_c
2169.83194444,0.9988079503810797,0,0.00033,sector_c
2169.83333333,0.9990224808173007,0,0.00033,sector_c
2169.83472222,0.9988893492625676,0,0.00033,sector_c
2169.83611111,0.9986608145865471,0,0.00033,sector_c
2169.8375,0.9986834223148157,0,0.00033,sector_c
2169.83888889,0.9990917669374512,0,0.00033,sector_c
2169.84027778,0.9988532125586507,0,0.00033,sector_c
2169.84166667,0.9986840992642654,0,0.00033,sector_c
2169.84305556,0.9991058636029443,0,0.00033,sector_c
2169.84444444,0.9984648529699981,0,0.00033,sector_c
2169.84583333,0.9989946386580022,0,0.00033,sector_c
2169.84722222,0.9989154181019286,0,0.00033,sector_c
2169.84861111,0.9988898547423966,0,0.00033,sector_c
2169.85,0.9982254329428859,0,0.00033,sector_c
2169.85138889,0.9982333684909988,0,0.00033,sector_c
2169.85277778,0.9989518616169653,0,0.00033,sector_c
2169.85416667,0.9987869356093503,0,0.00033,sector_c
2169.85555556,0.9984227881261262,0,0.00033,sector_c
2169.85694444,0.9993194236849609,0,0.00033,sector_c
2169.85833333,0.9989620022406249,0,0.00033,sector_c
2169.85972222,0.9982893615336795,0,0.00033,sector_c
2169.86111111,0.9980791040655249,0,0.00033,sector_c
2169.8625,0.9986496993500418,0,0.00033,sector_c
2169.86388889,0.9989104401360881,0,0.00033,sector_c
2169.86527778,0.9985737288116763,0,0.00033,sector_c
2169.86666667,0.9988576717805799,0,0.00033,sector_c
2169.86805556,0.9985682932411463,0,0.00033,sector_c
2169.86944444,0.9986902847192857,0,0.00033,sector_c
2169.87083333,0.9984248259661626,0,0.00033,sector_c
2169.87222222,0.9984522520425795,0,0.00033,sector_c
2169.87361111,0.9986262352890595,0,0.00033,sector_c
2169.875,0.9984387034290878,0,0.00033,sector_c
2169.87638889,0.9993413195548363,0,0.00033,sector_c
2169.87777778,0.9986904219281905,0,0.00033,sector_c
2169.87916667,0.9990018055664727,0,0.00033,sector_c
2169.88055556,0.9989159632319248,0,0.00033,sector_c
2169.88194444,0.99815078676914,0,0.00033,sector_c
2169.88333333,0.9994009248408029,0,0.00033,sector_c
2169.88472222,0.9990218866919639,0,0.00033,sector_c
2169.88611111,0.9985937893886785,0,0.00033,sector_c
2169.8875,0.9985150686787883,0,0.00033,sector_c
2169.88888889,0.9987847506621624,0,0.00033,sector_c
2169.89027778,0.9985144804553352,0,0.00033,sector_c
2169.89166667,0.9991783580573523,0,0.00033,sector_c
2169.89305556,0.9991524738081121,0,0.00033,sector_c
2169.89444444,0.9991821028713542,0,0.00033,sector_c
2169.89583333,0.9984230246057811,0,0.00033,sector_c
2169.89722222,0.9987270683932211,0,0.00033,sector_c
2169.89861111,0.9987257357464768,0,0.00033,sector_c
